ply
format ascii 1.0
element vertex 5000
property float x
property float y
property float z
end_header
-0.659038 0.169896 -0.033237
-0.706840 0.051772 -0.023653
-0.654045 0.006596 -0.028739
-0.486723 0.104016 -0.021667
-0.519144 0.146066 -0.028973
-0.492877 0.229441 -0.030285
-0.714128 0.069047 -0.032266
-0.693062 0.112201 -0.032747
-0.726731 0.103326 -0.033422
-0.525288 0.229362 -0.031138
-0.530696 0.002182 -0.025819
-0.660499 0.270142 -0.031758
-0.576996 0.186367 -0.031468
-0.596278 -0.006017 -0.022556
-0.565436 -0.012035 -0.026393
-0.696090 0.215617 -0.027309
-0.616054 0.243333 -0.033868
-0.667304 0.154352 -0.033081
-0.671167 0.252369 -0.027535
-0.570744 0.223575 -0.024193
-0.477920 0.143537 -0.025455
-0.549059 -0.010315 -0.017998
-0.716304 0.133371 -0.033870
-0.704789 0.185566 -0.034821
-0.637980 0.098739 -0.030971
-0.528728 0.179892 -0.022034
-0.601752 0.239556 -0.033400
-0.674165 0.260567 -0.035816
-0.618148 0.124993 -0.031079
-0.565093 0.013603 -0.027001
-0.648635 0.117496 -0.031703
-0.489153 0.188842 -0.021205
-0.653373 0.128933 -0.024097
-0.710228 0.161425 -0.034384
-0.512667 0.233248 -0.022893
-0.563120 0.081504 -0.020576
-0.566981 0.075940 -0.020544
-0.597177 0.161061 -0.031392
-0.578422 0.087016 -0.029117
-0.535441 0.177636 -0.022157
-0.706782 0.149068 -0.033996
-0.615195 0.243303 -0.025840
-0.730235 0.110004 -0.033675
-0.538211 0.064533 -0.019511
-0.553933 0.199764 -0.023177
-0.484377 0.209753 -0.029587
-0.701252 0.194410 -0.026935
-0.649590 0.048985 -0.030081
-0.691500 0.051083 -0.023232
-0.479772 0.170472 -0.028521
-0.614311 0.164834 -0.031935
-0.698825 0.089234 -0.024342
-0.586954 0.178873 -0.031551
-0.746172 0.082395 -0.033113
-0.493665 0.088541 -0.018913
-0.569657 0.038135 -0.019706
-0.473090 0.196681 -0.020970
-0.521421 0.118598 -0.028373
-0.646513 0.144608 -0.024293
-0.737171 0.123916 -0.029272
-0.513796 0.085169 -0.019363
-0.690690 0.174030 -0.026166
-0.713792 0.071825 -0.024319
-0.704381 0.208129 -0.035352
-0.547505 0.154187 -0.021911
-0.706695 0.117004 -0.033223
-0.725274 0.142485 -0.026320
-0.509723 0.182722 -0.029606
-0.648915 0.259817 -0.027127
-0.648735 0.186579 -0.025361
-0.633970 0.128859 -0.031589
-0.471840 0.224567 -0.029612
-0.509264 0.110143 -0.019844
-0.557737 0.130130 -0.029608
-0.527327 0.076141 -0.019503
-0.535668 0.232889 -0.023491
-0.706490 0.188018 -0.034924
-0.575118 0.134314 -0.030167
-0.654949 0.246266 -0.034965
-0.526569 0.185990 -0.022124
-0.708158 0.071123 -0.032158
-0.484917 0.202777 -0.021428
-0.583158 0.195472 -0.023845
-0.540501 0.237818 -0.031742
-0.586346 0.116231 -0.022024
-0.670643 0.033159 -0.030256
-0.624903 0.124539 -0.031246
-0.588448 0.128106 -0.030370
-0.657517 0.125838 -0.024132
-0.652427 0.143538 -0.032429
-0.564085 0.146425 -0.030167
-0.474923 0.220259 -0.029590
-0.478517 0.141443 -0.021136
-0.529652 0.235752 -0.031406
-0.607558 0.127172 -0.030851
-0.646010 0.232592 -0.034400
-0.620830 0.021503 -0.020656
-0.486261 0.125193 -0.027604
-0.606886 0.235508 -0.033438
-0.542829 0.199745 -0.030888
-0.604172 0.208779 -0.024719
-0.695739 0.202124 -0.026975
-0.686261 0.273709 -0.036451
-0.528467 0.126865 -0.028757
-0.567754 0.016739 -0.019141
-0.577483 0.012599 -0.027303
-0.523959 0.109929 -0.020226
-0.608403 0.143472 -0.031266
-0.689980 0.014539 -0.027270
-0.707258 0.101256 -0.032859
-0.644995 0.019485 -0.029250
-0.488474 0.095452 -0.025781
-0.681742 0.070367 -0.031443
-0.460073 0.225312 -0.021660
-0.646953 0.138020 -0.032152
-0.560148 0.223803 -0.023919
-0.525485 0.075039 -0.027433
-0.565787 -0.008758 -0.018476
-0.577428 0.131049 -0.030150
-0.647043 0.144073 -0.024294
-0.566322 0.153474 -0.022391
-0.521108 0.116321 -0.020305
-0.625714 0.189387 -0.032826
-0.656776 0.106647 -0.031657
-0.748692 0.052070 -0.024764
-0.724525 0.162416 -0.026780
-0.508293 0.050019 -0.026378
-0.583459 0.038264 -0.020073
-0.711693 0.190497 -0.027116
-0.551705 0.018841 -0.018768
-0.671439 0.185571 -0.033941
-0.677261 0.177650 -0.033904
-0.523659 0.014438 -0.025928
-0.731352 0.062798 -0.032570
-0.715380 0.148396 -0.026201
-0.546103 0.055816 -0.019509
-0.643067 0.230875 -0.034282
-0.600621 -0.004956 -0.027492
-0.633770 0.193174 -0.033130
-0.625597 0.194825 -0.024949
-0.720449 0.197892 -0.035530
-0.565737 0.037692 -0.027597
-0.517503 0.183353 -0.029826
-0.672339 0.112180 -0.024195
-0.524233 0.014184 -0.017932
-0.506831 0.047829 -0.026286
-0.636195 0.002689 -0.027340
-0.543212 0.171489 -0.030219
-0.495726 0.129889 -0.019961
-0.470923 0.188588 -0.028723
-0.519635 0.239178 -0.028060
-0.494294 0.227145 -0.022262
-0.733348 0.136305 -0.026385
-0.673208 0.015707 -0.029904
-0.632574 0.065292 -0.022019
-0.615841 0.088114 -0.030131
-0.527159 0.024859 -0.026271
-0.711055 0.111465 -0.025199
-0.589503 0.148347 -0.030884
-0.724124 0.182749 -0.033077
-0.616420 0.243658 -0.025881
-0.620893 0.171576 -0.024266
-0.543426 0.046003 -0.019203
-0.515734 0.129223 -0.028478
-0.559293 0.107894 -0.029115
-0.619136 0.197744 -0.024849
-0.714262 0.157076 -0.026381
-0.556288 0.150421 -0.030058
-0.595342 0.177646 -0.031743
-0.598659 0.241054 -0.025350
-0.624174 0.213148 -0.025352
-0.588770 0.223200 -0.032664
-0.521844 0.214850 -0.022693
-0.541942 0.012839 -0.018366
-0.492384 0.175687 -0.028979
-0.534252 0.105581 -0.028398
-0.662057 0.010549 -0.029486
-0.612562 0.155036 -0.031653
-0.567853 0.123526 -0.029716
-0.692984 0.118578 -0.032899
-0.617355 0.213351 -0.033182
-0.671465 0.075182 -0.023283
-0.645968 0.109155 -0.023427
-0.669822 0.064822 -0.030995
-0.577551 0.033113 -0.027798
-0.701509 0.048759 -0.023440
-0.603236 0.172459 -0.023821
-0.548404 0.208088 -0.031236
-0.617248 0.115158 -0.030818
-0.655402 0.096915 -0.031386
-0.693913 0.054233 -0.023371
-0.604155 0.156353 -0.023458
-0.525553 0.080286 -0.019556
-0.653797 0.006766 -0.021172
-0.548100 0.162816 -0.030140
-0.669097 0.134019 -0.032640
-0.606650 0.258340 -0.028448
-0.639720 0.203493 -0.033535
-0.577814 0.078435 -0.028895
-0.602827 0.089470 -0.029820
-0.550344 0.056090 -0.019628
-0.673354 0.028867 -0.022219
-0.659646 0.180284 -0.033503
-0.677865 0.158530 -0.025455
-0.628016 0.071540 -0.030054
-0.655459 0.142306 -0.032479
-0.516487 -0.016082 -0.025005
-0.582884 0.021098 -0.019645
-0.521207 0.082849 -0.019503
-0.614884 0.100628 -0.030407
-0.603535 0.020955 -0.020187
-0.596169 0.155590 -0.023229
-0.675546 0.188127 -0.026106
-0.682569 0.095312 -0.032065
-0.631807 0.103640 -0.022920
-0.570498 0.226671 -0.024261
-0.506995 0.097005 -0.027473
-0.637321 0.207506 -0.025563
-0.599655 0.118580 -0.030436
-0.598997 0.233961 -0.033193
-0.607312 0.153909 -0.031488
-0.565011 0.054709 -0.019982
-0.723684 0.145465 -0.026350
-0.588263 0.088113 -0.021398
-0.523408 0.004339 -0.025678
-0.631917 0.126648 -0.031482
-0.608045 0.228788 -0.025302
-0.700794 0.228241 -0.027736
-0.738647 0.025585 -0.031868
-0.598755 0.127339 -0.022618
-0.673993 0.198111 -0.034310
-0.566617 0.165702 -0.022693
-0.505929 0.099690 -0.019504
-0.514010 0.189936 -0.029892
-0.652248 0.190661 -0.025552
-0.710642 0.061800 -0.032000
-0.688063 0.126232 -0.024948
-0.531766 0.195971 -0.030506
-0.462906 0.216070 -0.021167
-0.613806 0.137586 -0.031267
-0.670681 0.194893 -0.026140
-0.588246 0.114387 -0.030035
-0.501680 0.201771 -0.029852
-0.538814 0.224302 -0.023368
-0.526037 0.163733 -0.029580
-0.696965 0.110477 -0.032809
-0.719799 0.044362 -0.031822
-0.572089 0.154737 -0.030578
-0.638475 0.116016 -0.023394
-0.525862 0.119925 -0.028522
-0.545935 0.235064 -0.023814
-0.626324 0.251160 -0.026322
-0.590888 0.126704 -0.030400
-0.487793 0.190462 -0.029213
-0.580527 0.112634 -0.021784
-0.511032 0.163369 -0.021170
-0.619374 0.216020 -0.033299
-0.563002 -0.007838 -0.018425
-0.656469 0.160375 -0.032940
-0.574595 0.198302 -0.031692
-0.599784 0.169640 -0.031667
-0.668923 0.225867 -0.026838
-0.522020 0.066979 -0.027148
-0.624978 0.043525 -0.021295
-0.619655 0.172264 -0.024250
-0.577096 0.104598 -0.021500
-0.605553 0.061352 -0.029216
-0.692305 0.144722 -0.025504
-0.505267 0.202755 -0.021965
-0.687271 0.276097 -0.028601
-0.686963 0.122117 -0.032825
-0.521064 0.181542 -0.029877
-0.646887 0.129287 -0.023935
-0.669344 0.066418 -0.031021
-0.527299 0.156513 -0.029439
-0.516717 0.030688 -0.026135
-0.532363 0.011657 -0.026090
-0.518397 0.002732 -0.017502
-0.669641 0.267241 -0.035857
-0.570787 0.179205 -0.031132
-0.528041 0.224614 -0.023091
-0.668639 0.124033 -0.032388
-0.539250 0.030861 -0.026734
-0.557093 0.139382 -0.021808
-0.550123 0.175323 -0.030494
-0.587400 0.061701 -0.028746
-0.734493 0.132675 -0.026328
-0.521400 0.121925 -0.028452
-0.684820 0.147971 -0.033390
-0.665626 0.183928 -0.025743
-0.615707 0.199110 -0.024791
-0.647267 0.122440 -0.023780
-0.471493 0.228044 -0.021682
-0.540343 0.140064 -0.021383
-0.550150 0.126364 -0.021312
-0.663731 0.215829 -0.034465
-0.655492 0.098799 -0.023429
-0.573161 0.205913 -0.031837
-0.674981 0.144537 -0.033048
-0.483174 0.150870 -0.028140
-0.571337 0.107378 -0.029420
-0.685941 0.015067 -0.030224
-0.688501 0.014251 -0.025203
-0.620565 0.132607 -0.031325
-0.721530 0.181737 -0.035170
-0.522917 -0.001068 -0.025535
-0.612420 0.005449 -0.028053
-0.650373 0.245789 -0.034833
-0.590912 0.103204 -0.029836
-0.527451 0.213559 -0.022810
-0.591136 0.056599 -0.020716
-0.604902 0.127704 -0.022789
-0.676800 0.108139 -0.032221
-0.516400 0.008550 -0.017589
-0.639862 0.060676 -0.030105
-0.683328 0.092039 -0.024001
-0.683154 0.212249 -0.034891
-0.584098 0.006402 -0.019324
-0.689199 0.225593 -0.027367
-0.614569 0.206376 -0.032941
-0.608933 0.018290 -0.028270
-0.516110 0.115852 -0.020162
-0.581906 0.172328 -0.031260
-0.755331 0.033249 -0.024487
-0.707286 0.149886 -0.034029
-0.595550 0.254260 -0.025585
-0.660258 0.209472 -0.026215
-0.666256 0.051074 -0.030571
-0.640902 0.215954 -0.025861
-0.549975 0.067682 -0.019897
-0.636745 0.184194 -0.032992
-0.621086 0.077216 -0.022002
-0.561656 0.230791 -0.024127
-0.487654 0.099230 -0.025472
-0.659963 0.154751 -0.024892
-0.594724 0.250587 -0.033480
-0.558512 0.174040 -0.030684
-0.734000 0.122981 -0.034087
-0.585682 0.031134 -0.019960
-0.634500 0.005211 -0.028630
-0.488905 0.232411 -0.027962
-0.661076 0.097373 -0.031547
-0.597711 -0.001479 -0.027499
-0.591403 0.070643 -0.029066
-0.663307 0.202878 -0.034142
-0.653701 0.099443 -0.023397
-0.686161 0.118004 -0.024700
-0.707390 0.020032 -0.030910
-0.531988 0.027301 -0.018452
-0.491558 0.154021 -0.028436
-0.579767 0.131278 -0.030217
-0.588800 0.040713 -0.020273
-0.633865 0.141120 -0.031881
-0.620047 0.037935 -0.029036
-0.599903 0.032818 -0.020376
-0.681603 0.264687 -0.028106
-0.680549 0.192457 -0.034347
-0.562896 0.191305 -0.031215
-0.672177 0.239662 -0.027256
-0.688600 0.200614 -0.026750
-0.548810 0.090416 -0.028418
-0.701825 0.160400 -0.034137
-0.524525 -0.000579 -0.017584
-0.721230 0.067824 -0.024419
-0.669147 0.058352 -0.022817
-0.479099 0.138780 -0.021232
-0.595151 0.098964 -0.029846
-0.731431 0.035022 -0.023899
-0.546770 0.086616 -0.028273
-0.616242 0.100912 -0.022444
-0.524396 0.114591 -0.020350
-0.528243 0.165744 -0.021681
-0.700504 0.201634 -0.027089
-0.621356 0.000363 -0.028167
-0.639701 0.064587 -0.030195
-0.671805 0.202156 -0.034349
-0.630094 0.119523 -0.023257
-0.561012 0.122733 -0.021512
-0.602453 0.245346 -0.025553
-0.556519 0.050053 -0.019646
-0.692092 0.015028 -0.025947
-0.575948 0.029473 -0.019664
-0.629709 0.261354 -0.034662
-0.676461 0.171490 -0.025730
-0.573161 0.119800 -0.029767
-0.660116 0.236842 -0.034875
-0.521288 0.085167 -0.019560
-0.572060 0.249451 -0.024850
-0.552697 0.210468 -0.031407
-0.687758 0.060125 -0.031356
-0.506514 0.188623 -0.029663
-0.585631 0.056929 -0.028584
-0.655087 0.053817 -0.030342
-0.554387 0.106592 -0.028954
-0.496268 0.168800 -0.028916
-0.655225 0.145342 -0.024541
-0.692908 0.254464 -0.036164
-0.601257 0.033676 -0.020432
-0.622259 0.203845 -0.025078
-0.555741 0.113472 -0.021150
-0.622350 0.030704 -0.020917
-0.581394 0.135086 -0.030351
-0.575772 0.046155 -0.020060
-0.560714 0.248280 -0.025189
-0.537500 0.176930 -0.022194
-0.517505 0.043285 -0.026459
-0.617402 0.034964 -0.020889
-0.564881 0.090147 -0.028835
-0.740968 0.068518 -0.024956
-0.699419 0.077479 -0.032080
-0.575992 0.220416 -0.032260
-0.660194 0.089533 -0.031335
-0.497817 0.188145 -0.029422
-0.678748 0.199898 -0.034478
-0.510066 0.127435 -0.028286
-0.650031 0.211291 -0.033994
-0.593404 0.210570 -0.032483
-0.533869 0.203615 -0.030745
-0.645800 0.152141 -0.032461
-0.646852 0.254772 -0.026951
-0.541534 0.225124 -0.023459
-0.627213 0.057781 -0.021697
-0.573474 0.098872 -0.029272
-0.645442 0.055487 -0.022123
-0.708919 0.101208 -0.032902
-0.648275 0.118644 -0.031721
-0.663959 0.201588 -0.034129
-0.711843 0.171953 -0.034679
-0.638376 0.126785 -0.023650
-0.685267 0.198705 -0.034621
-0.592951 0.114728 -0.022162
-0.583922 0.010952 -0.027434
-0.593703 0.027712 -0.028095
-0.712502 0.190525 -0.035143
-0.684908 0.244544 -0.035714
-0.488942 0.120815 -0.019564
-0.603245 0.223166 -0.025040
-0.530092 -0.018517 -0.017300
-0.750853 0.051187 -0.024800
-0.627891 0.072769 -0.030080
-0.703427 0.018599 -0.030771
-0.622303 0.079566 -0.022091
-0.523181 0.116561 -0.028370
-0.712060 0.067066 -0.032164
-0.663796 0.127880 -0.032352
-0.569371 0.187490 -0.031294
-0.501913 0.061745 -0.018486
-0.474351 0.196496 -0.020999
-0.630370 0.162357 -0.024294
-0.552013 -0.005872 -0.018182
-0.682336 0.090457 -0.031942
-0.526666 0.079682 -0.027576
-0.687622 0.114660 -0.032663
-0.648372 0.204533 -0.025783
-0.605974 0.067021 -0.029364
-0.665642 0.193989 -0.033990
-0.501684 0.185608 -0.029463
-0.556216 0.068778 -0.020088
-0.676314 0.184136 -0.026030
-0.606040 0.135030 -0.031000
-0.522586 0.143587 -0.029004
-0.733160 0.142447 -0.027355
-0.705498 0.170708 -0.026477
-0.721879 0.072937 -0.032564
-0.588702 0.123337 -0.030262
-0.575116 -0.008612 -0.026731
-0.589296 0.029582 -0.020018
-0.537135 -0.000275 -0.017924
-0.524526 0.013097 -0.017913
-0.612341 0.201833 -0.032773
-0.678656 0.172798 -0.025819
-0.688323 0.199376 -0.026713
-0.699028 0.122295 -0.033148
-0.574325 0.036154 -0.019781
-0.703771 0.120644 -0.025228
-0.553310 0.146615 -0.029888
-0.492308 0.177979 -0.029032
-0.607765 0.176966 -0.024049
-0.660407 0.112951 -0.023899
-0.719060 0.172683 -0.026882
-0.527221 0.049828 -0.018867
-0.648196 0.060607 -0.030323
-0.527112 0.120336 -0.020560
-0.603076 0.166928 -0.023684
-0.695247 0.141985 -0.033521
-0.733781 0.098709 -0.033497
-0.691286 0.251959 -0.036061
-0.546901 0.069677 -0.019864
-0.736597 0.087385 -0.033299
-0.720651 0.140736 -0.034161
-0.529430 0.224689 -0.023130
-0.476056 0.217383 -0.021546
-0.655674 0.040432 -0.030036
-0.639802 0.058392 -0.030049
-0.730558 0.097765 -0.033390
-0.508640 0.009451 -0.017406
-0.679355 0.129087 -0.032792
-0.579113 0.245681 -0.032950
-0.513490 0.044150 -0.018369
-0.608389 0.179863 -0.032140
-0.674392 0.230179 -0.027086
-0.534788 0.034116 -0.026694
-0.593110 0.209773 -0.032456
-0.705647 0.159391 -0.026209
-0.630408 0.263478 -0.033696
-0.476020 0.176261 -0.020556
-0.697292 0.192152 -0.026776
-0.542236 0.231245 -0.031630
-0.491012 0.185752 -0.029185
-0.578394 0.088309 -0.029148
-0.638891 0.080560 -0.030558
-0.501571 0.056923 -0.018361
-0.524337 0.075144 -0.027405
-0.710808 0.109008 -0.033139
-0.641637 0.143014 -0.024126
-0.546634 0.186548 -0.030672
-0.499812 0.109640 -0.019582
-0.524384 0.134337 -0.028829
-0.650608 0.266049 -0.027321
-0.627342 0.071062 -0.022019
-0.511588 0.125793 -0.020281
-0.579470 0.079318 -0.028960
-0.693764 0.134194 -0.025290
-0.530681 0.241630 -0.027082
-0.474105 0.177864 -0.020544
-0.694478 0.191632 -0.034694
-0.690473 0.106875 -0.032551
-0.543391 0.106532 -0.020657
-0.646672 0.113452 -0.031554
-0.465877 0.226654 -0.021500
-0.604322 0.140292 -0.031082
-0.499188 0.196323 -0.029655
-0.526298 0.198532 -0.030423
-0.670952 0.196425 -0.026184
-0.700648 0.273548 -0.028822
-0.651066 0.076238 -0.022770
-0.674391 0.246404 -0.027476
-0.552713 0.072719 -0.020090
-0.719918 0.031089 -0.023501
-0.554710 0.125782 -0.029424
-0.550280 0.195832 -0.030991
-0.529407 0.235528 -0.023390
-0.647938 0.254191 -0.026966
-0.565531 -0.004675 -0.026573
-0.655985 0.167552 -0.033100
-0.596407 0.003016 -0.019567
-0.685366 0.151179 -0.025476
-0.632781 0.102022 -0.030912
-0.557012 0.029603 -0.027172
-0.564234 0.070541 -0.028347
-0.559391 0.094520 -0.020791
-0.516439 0.021696 -0.017907
-0.518257 0.149390 -0.021024
-0.722142 0.165170 -0.026783
-0.691122 0.205981 -0.034951
-0.692860 0.085333 -0.024091
-0.599621 0.113605 -0.030316
-0.641471 0.166491 -0.024686
-0.720750 0.039691 -0.031735
-0.682115 0.035831 -0.030623
-0.565716 0.009417 -0.026917
-0.497801 0.157587 -0.028687
-0.723936 0.166942 -0.026873
-0.614301 0.018127 -0.020403
-0.608270 0.098625 -0.022179
-0.681048 0.151249 -0.025364
-0.682768 0.219681 -0.035060
-0.661465 0.183714 -0.025628
-0.628967 0.203851 -0.033260
-0.506188 0.015836 -0.018812
-0.567982 0.105951 -0.021292
-0.526018 0.053947 -0.018935
-0.724184 0.129790 -0.025986
-0.547550 0.118934 -0.021065
-0.673821 0.137894 -0.024852
-0.604699 0.017541 -0.020135
-0.596245 0.196745 -0.032226
-0.560074 0.127647 -0.021605
-0.612311 0.164609 -0.023872
-0.693926 0.195703 -0.034778
-0.678361 0.125078 -0.032669
-0.611969 0.088314 -0.030034
-0.699300 0.238557 -0.027945
-0.597927 0.032832 -0.028329
-0.644298 0.115826 -0.031548
-0.640696 0.195596 -0.033371
-0.609995 0.007588 -0.028041
-0.727444 0.154344 -0.026663
-0.696458 0.061855 -0.023622
-0.558568 0.177535 -0.022765
-0.499316 0.065840 -0.026521
-0.643545 0.265196 -0.027114
-0.591431 0.191794 -0.031980
-0.534266 0.140633 -0.021236
-0.624382 0.133949 -0.031458
-0.494044 0.086690 -0.018878
-0.626501 0.107964 -0.030889
-0.620633 0.259200 -0.026366
-0.505690 0.178050 -0.029387
-0.734800 0.103248 -0.025628
-0.699625 0.278732 -0.033401
-0.692077 0.210429 -0.035083
-0.645496 0.038744 -0.029726
-0.665436 0.114258 -0.032068
-0.570350 0.055903 -0.028156
-0.562399 0.027299 -0.027259
-0.546284 -0.014727 -0.017818
-0.622857 0.026671 -0.028839
-0.702347 0.279405 -0.029335
-0.627983 0.105465 -0.022863
-0.492500 0.196026 -0.021466
-0.509256 0.028408 -0.017878
-0.702281 0.080992 -0.024235
-0.641541 0.251029 -0.026721
-0.671060 0.173648 -0.033644
-0.643241 0.206503 -0.025695
-0.697013 0.077060 -0.032007
-0.736589 0.125462 -0.026210
-0.710488 0.076500 -0.024344
-0.620701 0.126474 -0.031181
-0.657448 0.011124 -0.029378
-0.548135 0.184328 -0.022653
-0.703144 0.052578 -0.023575
-0.712819 0.201098 -0.035406
-0.670826 0.220206 -0.034757
-0.647341 0.059907 -0.022279
-0.643938 0.135649 -0.032015
-0.620340 0.181852 -0.024498
-0.587364 0.229062 -0.032768
-0.707528 0.088225 -0.032553
-0.612614 0.110240 -0.022573
-0.556223 0.068695 -0.028091
-0.472965 0.165877 -0.026921
-0.670680 0.113180 -0.024175
-0.562556 0.024332 -0.019187
-0.745052 0.044872 -0.032500
-0.524351 0.029646 -0.018306
-0.584911 0.199068 -0.023977
-0.649076 0.110497 -0.023541
-0.652550 0.084099 -0.031003
-0.657361 0.070137 -0.022789
-0.697974 0.201726 -0.027024
-0.540022 0.028431 -0.026696
-0.586826 0.192285 -0.023865
-0.577856 0.150019 -0.030617
-0.642247 0.010219 -0.028955
-0.497496 0.062228 -0.026386
-0.687945 0.184085 -0.026336
-0.483995 0.183443 -0.020939
-0.532703 0.162690 -0.021725
-0.502244 0.069763 -0.018688
-0.576452 0.082471 -0.020951
-0.523017 0.142663 -0.028993
-0.680866 0.099422 -0.024113
-0.643341 0.200841 -0.033567
-0.639324 0.261970 -0.034930
-0.596940 0.015065 -0.019871
-0.586196 0.253773 -0.031828
-0.571942 0.051538 -0.020088
-0.528178 0.118721 -0.020549
-0.544132 0.231683 -0.031691
-0.585029 0.023240 -0.019753
-0.625611 0.245160 -0.034164
-0.510155 0.032651 -0.018004
-0.684573 0.245433 -0.027722
-0.607759 0.217843 -0.025032
-0.525307 0.053474 -0.018905
-0.683934 0.106577 -0.024366
-0.689876 0.090526 -0.024137
-0.559243 0.185958 -0.022985
-0.581808 0.152723 -0.030786
-0.486001 0.220761 -0.021889
-0.609987 0.227054 -0.033317
-0.613331 -0.002254 -0.022217
-0.565484 0.046254 -0.019791
-0.481014 0.129561 -0.024712
-0.673998 0.105044 -0.032072
-0.740622 0.057173 -0.024674
-0.646823 0.180067 -0.033159
-0.465134 0.225809 -0.029465
-0.627041 0.261303 -0.026585
-0.681333 0.167382 -0.025760
-0.691710 0.098388 -0.032380
-0.493862 0.160304 -0.020643
-0.635510 0.124278 -0.023514
-0.672018 0.137430 -0.024794
-0.726544 0.115431 -0.033708
-0.619780 0.193938 -0.032779
-0.622764 0.168169 -0.032238
-0.635406 0.227034 -0.025982
-0.721617 0.175487 -0.027017
-0.677575 0.095322 -0.023928
-0.547809 0.220218 -0.023507
-0.480876 0.189870 -0.029017
-0.628847 0.058730 -0.029768
-0.640509 0.012972 -0.020970
-0.565031 0.032298 -0.027449
-0.499930 0.225948 -0.022382
-0.592022 0.213924 -0.032527
-0.549594 0.242041 -0.024079
-0.601407 0.123231 -0.030594
-0.500705 0.235026 -0.027118
-0.610142 0.027078 -0.028513
-0.598004 0.175563 -0.023758
-0.498135 0.087207 -0.018999
-0.715167 0.149532 -0.026223
-0.579071 0.230471 -0.032583
-0.723880 0.054422 -0.024166
-0.650733 0.137327 -0.032235
-0.587323 0.032645 -0.028045
-0.587245 0.207477 -0.032246
-0.493271 0.100721 -0.019195
-0.581791 0.206981 -0.032090
-0.586289 0.215123 -0.024400
-0.557699 0.129415 -0.029590
-0.625575 0.039580 -0.029221
-0.565343 0.103812 -0.029176
-0.474341 0.228769 -0.029779
-0.526046 0.034904 -0.026483
-0.614181 0.114691 -0.022721
-0.562404 0.000674 -0.018614
-0.684056 0.144109 -0.033277
-0.715812 0.128915 -0.025744
-0.672988 0.256224 -0.027675
-0.727416 0.112571 -0.025658
-0.635333 0.034710 -0.029361
-0.588124 0.130956 -0.030430
-0.672530 0.154571 -0.025219
-0.563995 0.168382 -0.022688
-0.555744 0.175961 -0.022652
-0.573439 0.098146 -0.029253
-0.592385 0.161903 -0.023281
-0.700369 0.137837 -0.033557
-0.648063 0.136796 -0.032152
-0.604120 0.176889 -0.031956
-0.572478 0.214927 -0.024031
-0.610513 0.195299 -0.032567
-0.602822 0.121526 -0.022586
-0.560414 0.048563 -0.019713
-0.596755 0.167040 -0.031525
-0.684601 0.075700 -0.023642
-0.586165 0.004780 -0.027345
-0.709973 0.144439 -0.033969
-0.590869 0.067820 -0.020979
-0.591908 -0.006937 -0.020227
-0.530495 0.046318 -0.026874
-0.480911 0.222304 -0.029797
-0.671672 0.156812 -0.025251
-0.516304 0.121025 -0.028296
-0.697764 0.146385 -0.025688
-0.684883 0.162500 -0.025736
-0.597468 0.134241 -0.030755
-0.707098 0.163930 -0.034361
-0.476489 0.223504 -0.029709
-0.624896 0.008250 -0.020445
-0.699794 0.160296 -0.034081
-0.505636 0.106987 -0.019672
-0.602953 0.222301 -0.025012
-0.676720 0.166560 -0.033623
-0.517402 0.149000 -0.028998
-0.510897 0.135695 -0.020501
-0.698778 0.249891 -0.028203
-0.577913 0.137998 -0.030330
-0.567427 0.184784 -0.031178
-0.591818 0.050494 -0.020588
-0.583959 0.139121 -0.030516
-0.732135 0.059079 -0.024496
-0.517021 0.152113 -0.029062
-0.477271 0.206414 -0.029319
-0.612754 0.117879 -0.022760
-0.510709 0.020108 -0.017717
-0.666228 0.116573 -0.032145
-0.561718 0.239828 -0.024345
-0.729104 0.126371 -0.034039
-0.753289 0.036577 -0.032518
-0.647435 0.079679 -0.022757
-0.563499 -0.009652 -0.026400
-0.620309 0.261245 -0.034135
-0.636734 0.167552 -0.024587
-0.694884 0.158719 -0.025909
-0.511357 0.206723 -0.022221
-0.519012 0.239058 -0.027144
-0.515382 0.223749 -0.030741
-0.680639 0.124525 -0.024711
-0.725502 0.173608 -0.027075
-0.545806 0.068388 -0.019804
-0.543291 0.022302 -0.026635
-0.607159 0.193640 -0.024434
-0.577652 0.103753 -0.021494
-0.539127 0.156815 -0.021754
-0.585642 0.135943 -0.030484
-0.539580 0.019007 -0.018452
-0.661622 0.128250 -0.024299
-0.634236 0.022565 -0.029040
-0.618987 0.017427 -0.028515
-0.617749 0.157702 -0.023849
-0.746194 0.048536 -0.024614
-0.515767 0.082703 -0.019356
-0.553568 0.232953 -0.023965
-0.585687 0.208307 -0.032225
-0.534457 0.071206 -0.027577
-0.699983 0.066077 -0.031821
-0.573747 0.015920 -0.019280
-0.653813 0.118558 -0.031865
-0.731920 0.126301 -0.034112
-0.584835 0.011572 -0.019468
-0.552171 0.131387 -0.021486
-0.570628 0.188027 -0.023335
-0.620626 0.079455 -0.030049
-0.739274 0.102386 -0.033731
-0.700983 0.222377 -0.027600
-0.599307 0.140004 -0.022937
-0.589602 0.187087 -0.031818
-0.476237 0.151502 -0.023324
-0.529495 0.173239 -0.021894
-0.621099 0.260329 -0.026405
-0.544821 0.218320 -0.023383
-0.491802 0.108588 -0.027351
-0.482852 0.124535 -0.019493
-0.620621 0.233274 -0.033747
-0.718724 0.104698 -0.033244
-0.558560 0.152655 -0.022166
-0.650675 0.029287 -0.021631
-0.521530 0.076641 -0.027367
-0.703379 0.182228 -0.034703
-0.662894 0.052217 -0.022504
-0.680601 0.197451 -0.026463
-0.698551 0.022841 -0.022739
-0.511074 0.082912 -0.027242
-0.525221 0.111046 -0.020286
-0.629594 0.198228 -0.033141
-0.594854 0.203544 -0.032352
-0.683963 0.043655 -0.022854
-0.612135 -0.002475 -0.019882
-0.677453 0.181046 -0.025986
-0.548129 0.150402 -0.029842
-0.477668 0.145075 -0.022740
-0.665231 0.041068 -0.030303
-0.715133 0.064045 -0.024167
-0.501271 0.061067 -0.026458
-0.599429 0.251813 -0.025628
-0.552261 0.017852 -0.026764
-0.577493 -0.005723 -0.018858
-0.638014 0.219312 -0.025865
-0.756517 0.035850 -0.029394
-0.478788 0.227050 -0.029855
-0.476955 0.212859 -0.029466
-0.655826 0.026492 -0.029704
-0.679863 0.246172 -0.027615
-0.597108 0.231575 -0.033086
-0.666572 0.271499 -0.030708
-0.720978 0.176050 -0.035019
-0.523092 0.152722 -0.029237
-0.525133 0.209455 -0.022650
-0.514242 -0.011054 -0.025066
-0.565608 0.249339 -0.026233
-0.554944 0.028778 -0.027098
-0.572769 0.222094 -0.024211
-0.723427 0.147726 -0.034403
-0.660340 0.103681 -0.023674
-0.700676 0.271231 -0.028767
-0.689032 0.033539 -0.030750
-0.529883 0.046761 -0.018864
-0.677932 0.197042 -0.026383
-0.605941 0.188294 -0.032278
-0.611138 0.141318 -0.031286
-0.605320 0.029308 -0.028440
-0.680029 0.038183 -0.030624
-0.504004 0.146900 -0.020589
-0.497940 0.201004 -0.029734
-0.673394 0.253838 -0.035634
-0.712084 0.071188 -0.032263
-0.604471 0.029497 -0.020417
-0.495149 0.065309 -0.024140
-0.697795 0.191619 -0.034782
-0.664856 0.238886 -0.027044
-0.691104 0.264027 -0.036346
-0.593269 0.252202 -0.033480
-0.591304 0.026919 -0.028012
-0.509971 0.116664 -0.020019
-0.599319 0.056529 -0.028936
-0.706245 0.230481 -0.035939
-0.660267 0.188907 -0.033726
-0.567771 0.235286 -0.032401
-0.699727 0.187949 -0.034744
-0.508087 0.009126 -0.017384
-0.571458 0.084183 -0.020860
-0.531046 0.055120 -0.027101
-0.607298 0.184857 -0.024226
-0.552935 0.062385 -0.027853
-0.595667 0.106737 -0.022041
-0.716632 0.051123 -0.023896
-0.552803 0.089803 -0.020503
-0.717021 0.185235 -0.027130
-0.513375 0.174446 -0.021498
-0.598774 0.241002 -0.033356
-0.696405 0.149888 -0.025737
-0.588098 0.159014 -0.023099
-0.688701 0.131628 -0.033099
-0.473786 0.199500 -0.029061
-0.527634 0.141435 -0.029086
-0.661377 0.209815 -0.034258
-0.599421 0.131148 -0.030732
-0.587860 0.236679 -0.024959
-0.738915 0.027850 -0.031929
-0.699968 0.215269 -0.035408
-0.624721 0.007864 -0.028436
-0.733897 0.092411 -0.025344
-0.550105 0.117146 -0.021090
-0.678968 0.223136 -0.027038
-0.565691 0.132444 -0.029874
-0.668697 0.113471 -0.032135
-0.548592 0.236567 -0.031926
-0.496965 0.188849 -0.021411
-0.502295 0.062896 -0.018524
-0.589317 0.055608 -0.028650
-0.593956 0.103777 -0.021925
-0.615905 0.201955 -0.024865
-0.569058 0.016053 -0.027164
-0.498439 0.050500 -0.022998
-0.558976 0.091867 -0.020716
-0.654597 0.268830 -0.032410
-0.595049 0.172873 -0.023615
-0.712747 0.222293 -0.035914
-0.744011 0.029498 -0.024098
-0.634071 0.004736 -0.020602
-0.549686 0.047687 -0.027414
-0.482511 0.165577 -0.028476
-0.499463 0.212463 -0.022045
-0.497140 0.182916 -0.029278
-0.674792 0.158362 -0.025370
-0.664529 0.144243 -0.032765
-0.700113 0.239438 -0.035992
-0.540109 0.083004 -0.020005
-0.635593 0.066513 -0.030133
-0.568424 0.249860 -0.031692
-0.647736 0.182791 -0.025244
-0.598835 0.010791 -0.019818
-0.733264 0.133013 -0.034308
-0.677052 0.159068 -0.033452
-0.689537 0.047940 -0.031110
-0.623220 0.155440 -0.031944
-0.714989 0.099439 -0.025014
-0.665560 0.015264 -0.021686
-0.540531 0.108831 -0.028642
-0.551573 0.076315 -0.020147
-0.684907 0.215754 -0.035022
-0.556038 0.187977 -0.022949
-0.686658 0.040896 -0.030864
-0.661573 0.175698 -0.025438
-0.498710 0.178354 -0.029210
-0.608805 0.119536 -0.022696
-0.639611 0.092122 -0.030855
-0.553643 0.205998 -0.023319
-0.572362 0.091219 -0.021053
-0.597521 0.019855 -0.028007
-0.482961 0.230959 -0.022054
-0.751125 0.060189 -0.030789
-0.516675 -0.015379 -0.025027
-0.499523 0.084883 -0.018979
-0.670467 0.162753 -0.033367
-0.613135 0.096066 -0.030251
-0.564066 0.141549 -0.030050
-0.714989 0.096906 -0.032958
-0.718395 0.028590 -0.023401
-0.725816 0.137224 -0.034213
-0.729139 0.117132 -0.025813
-0.526401 0.024212 -0.026235
-0.697268 0.037756 -0.031069
-0.650671 0.237767 -0.034648
-0.704658 0.150357 -0.033971
-0.715112 0.198344 -0.027395
-0.639539 0.101239 -0.031072
-0.588574 0.177478 -0.031560
-0.601278 0.054766 -0.028945
-0.673019 0.264724 -0.027880
-0.585540 0.032730 -0.028000
-0.489918 0.216429 -0.029894
-0.726900 0.027406 -0.031602
-0.646314 0.197086 -0.025550
-0.586157 0.235275 -0.032886
-0.533742 0.021439 -0.026362
-0.492063 0.229562 -0.030266
-0.551669 0.026744 -0.018957
-0.679620 0.196863 -0.026423
-0.632716 0.213656 -0.033594
-0.569967 0.000987 -0.018821
-0.711309 0.060435 -0.023979
-0.694851 0.024666 -0.030690
-0.523613 0.038111 -0.026496
-0.696174 0.052619 -0.031397
-0.640251 0.209200 -0.025681
-0.588021 0.034169 -0.028100
-0.467831 0.189896 -0.022383
-0.667017 0.138456 -0.032692
-0.519674 -0.010251 -0.025229
-0.616319 0.040047 -0.020983
-0.604250 0.238136 -0.025427
-0.674118 0.150916 -0.025173
-0.482901 0.226716 -0.021951
-0.480116 0.230520 -0.025441
-0.503772 0.225663 -0.030481
-0.524938 0.007993 -0.017801
-0.672321 0.242173 -0.027320
-0.537118 -0.017038 -0.025526
-0.490622 0.171307 -0.028827
-0.628291 0.035075 -0.021179
-0.722226 0.104607 -0.025329
-0.741171 0.106133 -0.026340
-0.722712 0.114880 -0.025589
-0.707051 0.243423 -0.028266
-0.677072 0.011674 -0.028461
-0.540927 0.006012 -0.026181
-0.690141 0.178450 -0.026258
-0.622412 0.018532 -0.020626
-0.483328 0.199211 -0.029306
-0.678599 0.213168 -0.026788
-0.637378 0.147955 -0.024133
-0.503527 0.064211 -0.026593
-0.647270 0.157929 -0.032639
-0.609244 0.009672 -0.028071
-0.640210 0.040798 -0.029636
-0.639967 0.109457 -0.023276
-0.507862 0.099996 -0.027568
-0.486026 0.167780 -0.020616
-0.512694 0.170700 -0.021390
-0.629752 0.157569 -0.024163
-0.713928 0.079690 -0.024511
-0.624682 0.252227 -0.026305
-0.587471 0.045990 -0.028370
-0.595135 0.250436 -0.025482
-0.660903 0.205830 -0.034150
-0.649770 0.233904 -0.034531
-0.554953 0.243924 -0.024265
-0.526534 0.106081 -0.020202
-0.544172 -0.001114 -0.018090
-0.474115 0.173308 -0.020435
-0.589258 0.096162 -0.029623
-0.468730 0.215301 -0.029307
-0.684858 0.260021 -0.028080
-0.587741 -0.007980 -0.027045
-0.543331 0.019413 -0.018561
-0.680876 0.025815 -0.022344
-0.506970 0.159857 -0.020978
-0.570063 0.032399 -0.027584
-0.677467 0.202996 -0.034519
-0.696881 0.187071 -0.034648
-0.520543 0.150459 -0.021110
-0.639263 0.035768 -0.021485
-0.544131 0.027986 -0.018788
-0.526776 0.110025 -0.020303
-0.574395 0.206501 -0.023879
-0.731141 0.114562 -0.025804
-0.621347 0.160811 -0.032024
-0.577911 0.109777 -0.021646
-0.574755 0.197026 -0.031665
-0.708833 0.125991 -0.025490
-0.575850 0.162101 -0.030855
-0.675805 0.198315 -0.026357
-0.527133 0.067582 -0.027297
-0.479109 0.138310 -0.024174
-0.664339 0.150696 -0.024910
-0.612439 0.182062 -0.032300
-0.522529 0.231064 -0.023101
-0.524275 0.154724 -0.029317
-0.514194 0.125932 -0.028358
-0.525661 0.020111 -0.026117
-0.510929 0.044223 -0.018303
-0.590302 0.186291 -0.031818
-0.668950 0.270366 -0.027909
-0.677770 0.180173 -0.025973
-0.647705 0.259996 -0.035104
-0.575691 0.216771 -0.032165
-0.716867 0.057973 -0.024067
-0.537921 0.098356 -0.028321
-0.500440 0.109719 -0.019601
-0.606456 0.099484 -0.030157
-0.727260 0.070628 -0.024645
-0.738348 0.084078 -0.025261
-0.506721 0.130520 -0.028272
-0.594349 0.047044 -0.028577
-0.732851 0.117949 -0.025930
-0.573182 0.114940 -0.021645
-0.539787 0.224352 -0.031400
-0.507548 0.146225 -0.020666
-0.582542 0.155032 -0.022856
-0.507909 0.142794 -0.020593
-0.657286 0.269130 -0.035576
-0.542318 0.119282 -0.020935
-0.517206 0.038491 -0.026336
-0.636198 0.259780 -0.026790
-0.726709 0.044039 -0.031996
-0.670368 0.221199 -0.026764
-0.550052 0.170547 -0.030377
-0.462341 0.214413 -0.025660
-0.607656 0.110934 -0.022459
-0.570444 0.018550 -0.019256
-0.494097 0.150737 -0.028425
-0.564381 0.168506 -0.022701
-0.555296 0.087065 -0.020503
-0.704400 0.220550 -0.027646
-0.569605 0.004529 -0.026902
-0.717542 0.185313 -0.027146
-0.684504 0.242013 -0.027637
-0.569013 0.198916 -0.031559
-0.697605 0.064096 -0.023706
-0.682159 0.206096 -0.026712
-0.710854 0.174682 -0.034719
-0.678415 0.229656 -0.027180
-0.711222 0.241868 -0.030317
-0.631083 0.223201 -0.033781
-0.495981 0.172052 -0.020982
-0.511949 0.159807 -0.029114
-0.679124 0.135022 -0.032928
-0.684679 0.167614 -0.025853
-0.739225 0.088915 -0.025401
-0.687508 0.201590 -0.026745
-0.497406 0.061909 -0.018371
-0.569977 0.149456 -0.022391
-0.560565 0.239037 -0.032301
-0.565665 0.173751 -0.022861
-0.694394 0.197764 -0.034840
-0.553232 0.116513 -0.021157
-0.712800 0.199358 -0.035364
-0.637744 0.132074 -0.031766
-0.698873 0.147543 -0.033750
-0.521743 -0.008923 -0.025315
-0.561266 0.240259 -0.024344
-0.576708 0.005979 -0.019119
-0.549738 0.199539 -0.031066
-0.550904 0.110755 -0.020957
-0.710603 0.071153 -0.032223
-0.538839 0.157368 -0.029764
-0.660852 0.154209 -0.032908
-0.555466 0.113907 -0.029158
-0.553726 0.246689 -0.028050
-0.670325 0.106511 -0.032011
-0.711315 0.095238 -0.024816
-0.504073 0.024478 -0.025652
-0.538744 0.230125 -0.031511
-0.561666 -0.013592 -0.019852
-0.684665 0.055528 -0.023158
-0.576428 0.239487 -0.032730
-0.668066 0.066617 -0.030992
-0.568710 0.080122 -0.028695
-0.568482 0.021619 -0.027283
-0.618250 0.005099 -0.028199
-0.690862 0.112703 -0.032702
-0.606542 0.258262 -0.031447
-0.494326 0.183369 -0.029215
-0.569896 0.071482 -0.020514
-0.654508 0.143841 -0.024486
-0.667025 0.145612 -0.032864
-0.474587 0.186494 -0.020764
-0.686400 0.023018 -0.030428
-0.469065 0.183644 -0.026799
-0.630869 0.073468 -0.022170
-0.578366 0.026870 -0.027670
-0.642338 0.014174 -0.029052
-0.708449 0.141911 -0.025863
-0.724807 0.031347 -0.031641
-0.556622 0.209780 -0.031494
-0.728478 0.113313 -0.025704
-0.488654 0.147322 -0.020194
-0.611871 0.155225 -0.031640
-0.641608 0.065477 -0.030267
-0.650188 0.115458 -0.023689
-0.623178 0.216902 -0.033421
-0.556498 0.120897 -0.021348
-0.527953 0.021937 -0.026221
-0.557311 0.138292 -0.021788
-0.632468 0.252068 -0.034511
-0.549150 0.132397 -0.029436
-0.498569 0.223173 -0.030284
-0.488182 0.194271 -0.029315
-0.495573 0.146946 -0.020367
-0.616134 0.197574 -0.032770
-0.707758 0.067634 -0.024059
-0.693367 0.158380 -0.025861
-0.655243 0.080584 -0.030990
-0.691449 0.105603 -0.032546
-0.742606 0.099387 -0.027830
-0.573372 0.026235 -0.019518
-0.545824 0.162643 -0.022070
-0.496356 0.086804 -0.026947
-0.572377 0.250817 -0.026980
-0.540212 0.093418 -0.028263
-0.598119 0.155362 -0.023275
-0.650909 0.112510 -0.031643
-0.522555 0.093164 -0.027791
-0.626924 0.079017 -0.022200
-0.576835 0.033307 -0.027784
-0.629424 0.158357 -0.024173
-0.654447 0.090769 -0.031213
-0.631344 0.181831 -0.032793
-0.669584 0.161323 -0.025304
-0.473773 0.215931 -0.029456
-0.616919 -0.001358 -0.020003
-0.538344 0.209191 -0.022992
-0.695859 0.170576 -0.026220
-0.556632 0.180271 -0.022779
-0.510323 0.084142 -0.019246
-0.713278 0.082133 -0.032558
-0.553909 0.170569 -0.022474
-0.504324 0.050727 -0.018285
-0.702252 0.107732 -0.032882
-0.608285 0.196058 -0.032527
-0.660403 0.164019 -0.025126
-0.714773 0.225588 -0.031153
-0.709133 0.065367 -0.024040
-0.703627 0.022679 -0.030874
-0.580817 0.167048 -0.031105
-0.677674 0.104799 -0.032164
-0.590543 0.020843 -0.027846
-0.536635 -0.019153 -0.022380
-0.531614 0.231236 -0.023345
-0.644766 0.253871 -0.026874
-0.564577 0.057256 -0.020031
-0.520018 0.065981 -0.027071
-0.641451 0.013367 -0.021005
-0.620280 0.093263 -0.022367
-0.595341 0.246426 -0.025391
-0.627824 0.088436 -0.030455
-0.562493 -0.005185 -0.018475
-0.707257 0.222941 -0.035784
-0.604050 0.078874 -0.029598
-0.557459 0.086160 -0.020539
-0.628619 0.244357 -0.034224
-0.515649 0.035016 -0.018206
-0.629439 0.075622 -0.030189
-0.725822 0.039074 -0.031854
-0.639458 0.172197 -0.024771
-0.512788 0.035002 -0.018130
-0.605710 0.075715 -0.029566
-0.627410 0.221784 -0.033650
-0.528096 0.188283 -0.030224
-0.648372 0.201473 -0.025710
-0.711395 0.201647 -0.027376
-0.526612 -0.009889 -0.017416
-0.757341 0.029348 -0.028921
-0.626206 0.144294 -0.031755
-0.563924 0.159808 -0.022480
-0.718046 0.209347 -0.035742
-0.550455 0.032977 -0.027080
-0.569536 0.066248 -0.020379
-0.553780 0.109601 -0.021005
-0.750795 0.027938 -0.027137
-0.580563 0.172460 -0.031228
-0.604775 0.046862 -0.020842
-0.504705 0.022483 -0.019517
-0.673117 0.133210 -0.024721
-0.658188 0.174780 -0.025327
-0.588555 0.202761 -0.032167
-0.602209 0.057622 -0.021033
-0.675869 0.255795 -0.027741
-0.501797 0.235250 -0.027966
-0.578085 0.198475 -0.031788
-0.547068 0.191386 -0.022794
-0.521576 0.189434 -0.030080
-0.505325 0.068598 -0.026746
-0.579679 0.010791 -0.027318
-0.708190 0.156721 -0.026212
-0.568653 0.173746 -0.022940
-0.630273 0.177074 -0.032651
-0.717871 0.068926 -0.032362
-0.581080 0.120773 -0.029999
-0.654531 0.143624 -0.032486
-0.661538 0.138478 -0.032547
-0.483652 0.223693 -0.021898
-0.592246 0.060403 -0.020837
-0.730220 0.029063 -0.031729
-0.509122 0.236939 -0.023850
-0.559047 0.074624 -0.028308
-0.644869 0.266731 -0.030025
-0.598971 0.091672 -0.029771
-0.696626 0.214369 -0.035298
-0.557147 -0.001457 -0.018424
-0.668453 0.102132 -0.031856
-0.590919 0.003409 -0.027437
-0.590156 0.068293 -0.028977
-0.642169 0.125545 -0.031726
-0.678668 0.022633 -0.030214
-0.564389 -0.007106 -0.018479
-0.511373 0.076195 -0.027088
-0.588767 0.142581 -0.022721
-0.636488 0.026948 -0.029205
-0.571032 0.060064 -0.020269
-0.478209 0.169493 -0.028456
-0.609385 0.098358 -0.030207
-0.619516 0.207925 -0.025103
-0.725228 0.128167 -0.033980
-0.493497 0.072584 -0.025848
-0.655834 0.143129 -0.024504
-0.542715 0.041438 -0.027080
-0.694115 0.101990 -0.024525
-0.618633 0.092544 -0.022306
-0.555566 0.023656 -0.026991
-0.596393 0.200505 -0.032320
-0.554486 0.102221 -0.028851
-0.499584 0.082456 -0.026928
-0.554863 0.009882 -0.026641
-0.633979 0.179417 -0.024800
-0.555491 -0.007897 -0.026231
-0.589055 0.106445 -0.029865
-0.585497 0.012930 -0.019518
-0.549261 0.012589 -0.018554
-0.560827 0.246482 -0.024482
-0.537398 0.048511 -0.019104
-0.545050 0.244820 -0.025681
-0.517827 0.117419 -0.020244
-0.496528 0.118412 -0.019706
-0.502465 0.212571 -0.030132
-0.651419 0.239383 -0.026701
-0.572779 -0.001633 -0.026837
-0.663253 0.180215 -0.033596
-0.589800 0.164692 -0.023280
-0.585084 0.121276 -0.022112
-0.638883 0.253551 -0.026711
-0.603989 0.111946 -0.022386
-0.669353 0.220758 -0.026727
-0.738281 0.118186 -0.033967
-0.714209 0.085315 -0.024654
-0.602977 0.103294 -0.022151
-0.680068 0.020455 -0.022194
-0.673353 0.207126 -0.026505
-0.588733 0.232823 -0.024890
-0.738238 0.112940 -0.025952
-0.631421 0.263793 -0.028647
-0.590783 -0.007206 -0.021371
-0.527368 0.196619 -0.030405
-0.622926 0.016437 -0.020590
-0.697836 0.016315 -0.024784
-0.610374 0.104823 -0.030388
-0.663051 0.166572 -0.033263
-0.539093 0.021401 -0.018497
-0.724213 0.177453 -0.035138
-0.493386 0.171552 -0.028906
-0.550675 0.226039 -0.023723
-0.540719 0.124856 -0.021027
-0.589181 0.169135 -0.023370
-0.651378 0.066105 -0.022534
-0.705514 0.077585 -0.024239
-0.628661 0.240753 -0.026134
-0.593491 0.007329 -0.027599
-0.512536 -0.012837 -0.017304
-0.647835 0.120224 -0.023742
-0.574201 0.182354 -0.031298
-0.600488 0.135101 -0.022850
-0.690076 0.103499 -0.032459
-0.713170 0.232892 -0.031097
-0.663460 0.092587 -0.031495
-0.497779 0.053215 -0.025018
-0.721010 0.096517 -0.025103
-0.520118 0.063029 -0.018997
-0.480498 0.216200 -0.021634
-0.734587 0.039778 -0.024097
-0.532264 0.127628 -0.020871
-0.575724 0.103602 -0.029445
-0.624487 0.142857 -0.031675
-0.586382 0.121946 -0.022162
-0.630340 0.257050 -0.026570
-0.653684 0.254987 -0.035141
-0.690254 0.087641 -0.024078
-0.678399 0.117539 -0.024484
-0.614818 0.187079 -0.032483
-0.590462 0.162051 -0.031239
-0.483052 0.223353 -0.029879
-0.597588 0.201570 -0.024372
-0.658050 0.007583 -0.022968
-0.627167 0.066475 -0.029910
-0.527482 0.011046 -0.025947
-0.526571 0.069062 -0.027318
-0.648970 0.005607 -0.021659
-0.575571 0.113742 -0.029685
-0.554944 0.087196 -0.020497
-0.548120 0.020146 -0.026710
-0.467867 0.190276 -0.028683
-0.726377 0.059753 -0.024360
-0.526640 0.073272 -0.027421
-0.656849 0.007239 -0.027370
-0.706994 0.225438 -0.027832
-0.531632 0.171671 -0.021913
-0.675636 0.211596 -0.034677
-0.587118 0.094493 -0.029527
-0.549106 0.162289 -0.030154
-0.554137 0.178653 -0.030680
-0.562769 0.091070 -0.020797
-0.629074 0.199716 -0.025158
-0.583607 0.051506 -0.028400
-0.740899 0.086510 -0.033392
-0.520463 0.202569 -0.030366
-0.739591 0.061635 -0.032759
-0.551200 0.193035 -0.030948
-0.518467 0.068061 -0.019075
-0.514582 0.222874 -0.030699
-0.489990 0.223533 -0.030066
-0.539210 0.001471 -0.018021
-0.668126 0.153780 -0.033089
-0.592957 0.141284 -0.030806
-0.486859 0.193097 -0.029252
-0.498382 0.186623 -0.029400
-0.541963 0.012925 -0.018369
-0.539074 0.198683 -0.022759
-0.600796 0.192328 -0.024234
-0.586440 0.215393 -0.032415
-0.659418 0.153690 -0.024852
-0.710813 0.176865 -0.034770
-0.662310 0.085682 -0.031299
-0.709638 0.245423 -0.028383
-0.507922 0.100620 -0.027584
-0.574402 0.128161 -0.021995
-0.529492 0.015890 -0.026116
-0.597746 0.199368 -0.032328
-0.678509 0.273730 -0.036247
-0.569351 0.058206 -0.020180
-0.478750 0.182208 -0.028776
-0.488669 0.140052 -0.028024
-0.499700 0.206882 -0.029922
-0.556841 0.025969 -0.027080
-0.475216 0.189911 -0.020863
-0.617588 0.004756 -0.028173
-0.752516 0.035631 -0.024470
-0.622711 0.211160 -0.033270
-0.588470 -0.006752 -0.027128
-0.588426 0.227161 -0.024746
-0.557194 0.210343 -0.031522
-0.553491 0.020102 -0.026851
-0.615256 0.227997 -0.025473
-0.568932 0.249648 -0.032777
-0.510611 0.058444 -0.018636
-0.472988 0.177142 -0.020497
-0.489086 0.092574 -0.026442
-0.628722 0.070115 -0.030038
-0.678223 0.031882 -0.022420
-0.725065 0.178881 -0.030197
-0.596390 0.009655 -0.027732
-0.537396 0.054493 -0.027253
-0.605493 0.108850 -0.022351
-0.611843 0.107991 -0.030503
-0.736880 0.074055 -0.024981
-0.536920 0.038568 -0.026858
-0.488335 0.232308 -0.026698
-0.664576 0.184362 -0.025726
-0.524181 0.085874 -0.027659
-0.660962 0.078352 -0.031087
-0.549972 0.031051 -0.019016
-0.594391 0.255677 -0.026386
-0.520329 0.094495 -0.019759
-0.633064 0.246799 -0.026395
-0.678539 0.209565 -0.034705
-0.672013 0.025435 -0.030106
-0.675822 0.080094 -0.023516
-0.528356 0.171467 -0.021822
-0.727751 0.166044 -0.034443
-0.545095 0.131840 -0.029316
-0.523466 0.230621 -0.023115
-0.562674 -0.001664 -0.026570
-0.555229 -0.004319 -0.018305
-0.713234 0.171000 -0.026688
-0.721472 0.123286 -0.025758
-0.482923 0.121331 -0.021524
-0.600146 0.041771 -0.028603
-0.525628 0.181407 -0.029994
-0.638641 0.114894 -0.023371
-0.691949 0.149149 -0.025601
-0.557552 0.215890 -0.031665
-0.609325 0.110423 -0.030495
-0.623902 0.224025 -0.033611
-0.530782 0.030450 -0.018495
-0.466013 0.204670 -0.020975
-0.656867 0.043631 -0.022139
-0.515101 0.095056 -0.027640
-0.715926 0.131080 -0.025799
-0.548279 0.036885 -0.019112
-0.675526 0.032847 -0.030377
-0.593542 0.149179 -0.031011
-0.521502 0.071866 -0.027251
-0.728311 0.118177 -0.025816
-0.692842 0.269076 -0.036513
-0.517668 0.224434 -0.030818
-0.634036 0.263065 -0.026812
-0.731444 0.083928 -0.033080
-0.503488 0.031329 -0.017796
-0.732696 0.143584 -0.034137
-0.639457 0.224267 -0.026022
-0.534906 0.073846 -0.027653
-0.697546 0.183475 -0.034579
-0.669694 0.141636 -0.024833
-0.727135 0.098901 -0.033327
-0.723733 0.039824 -0.031817
-0.536038 0.184557 -0.030344
-0.576136 0.018963 -0.027421
-0.528691 -0.011850 -0.017423
-0.623073 0.255931 -0.034356
-0.616378 0.255639 -0.026168
-0.642139 0.029435 -0.029414
-0.686681 0.144534 -0.033356
-0.586146 0.242153 -0.033051
-0.663227 0.257458 -0.035453
-0.503721 0.231941 -0.022626
-0.724760 0.180380 -0.029445
-0.611060 0.102984 -0.030362
-0.470374 0.228376 -0.025335
-0.708214 0.255659 -0.029639
-0.509464 0.000231 -0.023630
-0.609918 0.067670 -0.029483
-0.481042 0.173224 -0.028621
-0.559682 -0.006153 -0.018378
-0.590714 0.216571 -0.024551
-0.543268 0.097076 -0.020427
-0.599538 0.235472 -0.033244
-0.681208 0.130154 -0.032866
-0.584699 0.152674 -0.022856
-0.575457 0.226285 -0.032387
-0.702628 0.137471 -0.033607
-0.582421 0.040935 -0.028115
-0.659910 0.105183 -0.031704
-0.751188 0.056863 -0.032951
-0.545196 0.242064 -0.023963
-0.547718 0.178187 -0.030499
-0.641858 0.157592 -0.032488
-0.536002 0.193401 -0.022551
-0.617683 0.092703 -0.022285
-0.636052 0.136671 -0.023827
-0.590238 0.195537 -0.032038
-0.500892 0.191258 -0.029578
-0.689146 0.276407 -0.034301
-0.731535 0.128098 -0.026140
-0.599908 0.113221 -0.030314
-0.715214 0.132244 -0.025809
-0.535683 -0.015201 -0.025532
-0.737776 0.086827 -0.025312
-0.606427 0.198742 -0.024537
-0.490033 0.176718 -0.020937
-0.684385 0.182239 -0.026197
-0.607991 0.147022 -0.031340
-0.572202 0.145364 -0.022351
-0.575808 0.232562 -0.032548
-0.699874 0.062642 -0.023731
-0.513798 0.190674 -0.029904
-0.653705 0.017713 -0.021432
-0.648240 0.198295 -0.025630
-0.622750 0.243142 -0.034040
-0.721935 0.193507 -0.027571
-0.485391 0.146423 -0.028091
-0.749691 0.066787 -0.025145
-0.575638 0.127524 -0.022013
-0.528979 0.022405 -0.026260
-0.633568 0.137715 -0.023786
-0.530538 0.190677 -0.022341
-0.550286 0.181028 -0.022630
-0.587776 0.071844 -0.028999
-0.641175 0.208590 -0.025691
-0.670877 0.220480 -0.026760
-0.597477 0.146186 -0.031043
-0.489012 0.232472 -0.025889
-0.547369 0.106616 -0.028769
-0.552214 0.026622 -0.018969
-0.660098 0.052935 -0.022448
-0.587902 0.018750 -0.027726
-0.609434 0.062630 -0.029349
-0.500452 0.171415 -0.021084
-0.463732 0.208077 -0.025681
-0.741109 0.061815 -0.024799
-0.729457 0.121951 -0.025937
-0.557472 0.046946 -0.027601
-0.587276 0.139422 -0.022606
-0.566934 0.157421 -0.030507
-0.550775 0.139534 -0.029651
-0.588382 0.123318 -0.022248
-0.520735 0.211061 -0.030578
-0.636664 0.061630 -0.030044
-0.659327 0.064543 -0.030712
-0.570303 0.112802 -0.021518
-0.557962 0.159336 -0.022311
-0.512735 0.062035 -0.018779
-0.753213 0.042444 -0.024652
-0.671172 0.228611 -0.026964
-0.511665 0.038964 -0.018196
-0.675198 0.015620 -0.021949
-0.663799 0.085600 -0.023331
-0.655066 0.215370 -0.034225
-0.701709 0.074170 -0.032061
-0.611140 0.207186 -0.024865
-0.589128 0.151823 -0.030958
-0.492174 0.087379 -0.018845
-0.574551 0.074462 -0.028713
-0.737385 0.068963 -0.024872
-0.679468 0.232352 -0.027272
-0.672624 0.137645 -0.024815
-0.545562 0.071278 -0.027872
-0.709833 0.197879 -0.035250
-0.613154 0.171012 -0.024048
-0.617017 0.165944 -0.032033
-0.515819 0.114166 -0.028118
-0.539822 0.128710 -0.021096
-0.671687 0.214082 -0.034633
-0.605493 0.123271 -0.030703
-0.637450 0.037008 -0.029472
-0.695231 0.083644 -0.024113
-0.671745 0.183667 -0.033903
-0.509732 0.068323 -0.026856
-0.724421 0.088885 -0.033014
-0.581757 0.168427 -0.023157
-0.702046 0.076452 -0.032125
-0.671729 0.246645 -0.027412
-0.688933 0.019478 -0.030409
-0.622604 0.261877 -0.027241
-0.627410 0.023542 -0.028884
-0.595740 0.127103 -0.030538
-0.562680 0.100257 -0.029020
-0.510166 0.218282 -0.030472
-0.509287 0.148956 -0.020777
-0.681403 0.216530 -0.034948
-0.471417 0.213985 -0.021342
-0.613191 0.133766 -0.023154
-0.542208 -0.017876 -0.019717
-0.495922 0.149661 -0.020442
-0.574644 0.121261 -0.029841
-0.554863 0.092800 -0.020630
-0.714157 0.111827 -0.025290
-0.537077 -0.019079 -0.023652
-0.513247 0.196981 -0.022036
-0.626811 0.047931 -0.021449
-0.616275 0.022764 -0.028571
-0.509964 0.129667 -0.020332
-0.504563 0.231747 -0.022643
-0.561731 0.022478 -0.019120
-0.590989 0.253290 -0.025441
-0.695159 0.192662 -0.034737
-0.622405 0.097401 -0.030527
-0.734655 0.100113 -0.025549
-0.557034 0.063282 -0.027982
-0.680217 0.171782 -0.033841
-0.709091 0.035331 -0.023317
-0.726662 0.114222 -0.025677
-0.548927 0.023687 -0.018812
-0.616887 0.198167 -0.024799
-0.710374 0.239286 -0.028254
-0.641466 0.004058 -0.020781
-0.648138 0.081105 -0.030815
-0.670561 0.097305 -0.023791
-0.709554 0.044679 -0.023554
-0.520388 0.214587 -0.030653
-0.585302 0.080081 -0.021127
-0.641218 0.168859 -0.024737
-0.639284 0.233833 -0.034253
-0.567291 0.076863 -0.028580
-0.533444 0.055266 -0.019162
-0.651838 0.217990 -0.034203
-0.508838 0.075916 -0.019010
-0.554116 -0.009422 -0.026158
-0.643644 0.033660 -0.021550
-0.511761 0.059146 -0.018683
-0.652559 0.063491 -0.022503
-0.731917 0.037745 -0.031983
-0.664105 0.111189 -0.023954
-0.506071 0.128770 -0.028212
-0.544895 0.057952 -0.027534
-0.520045 0.237140 -0.031186
-0.500388 0.230959 -0.030519
-0.612945 0.246670 -0.025861
-0.745750 0.085125 -0.027523
-0.549883 0.068324 -0.027915
-0.733704 0.048819 -0.032296
-0.715976 0.020246 -0.028352
-0.559075 0.137879 -0.029830
-0.564765 0.149869 -0.022263
-0.621170 0.229818 -0.033678
-0.578041 0.237820 -0.032733
-0.664735 0.098663 -0.031675
-0.480418 0.213163 -0.029564
-0.515431 -0.001186 -0.017330
-0.695863 0.209527 -0.027156
-0.726953 0.077066 -0.032797
-0.717195 0.109664 -0.033323
-0.489910 0.089191 -0.023889
-0.566130 0.156706 -0.022463
-0.464745 0.227152 -0.024458
-0.504267 0.132064 -0.020239
-0.572176 0.199914 -0.023662
-0.582174 0.108828 -0.021736
-0.536294 0.089671 -0.020065
-0.505074 0.020085 -0.024519
-0.601670 0.225053 -0.033049
-0.637021 0.125073 -0.023573
-0.708892 0.083921 -0.024480
-0.656152 0.156574 -0.032840
-0.555075 0.014459 -0.026757
-0.507881 0.106752 -0.019726
-0.469822 0.193051 -0.028801
-0.647015 0.071432 -0.022547
-0.736553 0.095479 -0.025488
-0.567600 0.068645 -0.028390
-0.510115 0.213731 -0.022357
-0.670667 0.156165 -0.033214
-0.498980 0.192848 -0.029566
-0.594471 0.212213 -0.024546
-0.524562 0.179668 -0.029924
-0.619074 0.032988 -0.020886
-0.555342 0.229450 -0.023928
-0.686925 0.208469 -0.026895
-0.639707 0.143650 -0.024091
-0.750290 0.035184 -0.032406
-0.638376 0.056395 -0.029963
-0.488387 0.136169 -0.019919
-0.561895 0.248413 -0.032177
-0.519278 0.015830 -0.017840
-0.726999 0.116610 -0.025744
-0.674058 0.258668 -0.035767
-0.657444 0.033192 -0.029908
-0.502802 0.154015 -0.028733
-0.731956 0.135586 -0.034336
-0.622020 0.019192 -0.020632
-0.541005 0.076794 -0.019879
-0.628305 0.194187 -0.033010
-0.688564 0.034684 -0.030765
-0.710077 0.206686 -0.027463
-0.690320 0.174306 -0.034168
-0.513902 0.046754 -0.026447
-0.684392 0.221251 -0.035140
-0.600494 0.057889 -0.028999
-0.681595 0.274103 -0.036337
-0.634638 0.189500 -0.025059
-0.653224 0.226691 -0.026444
-0.542937 0.088564 -0.028218
-0.655689 0.144391 -0.024530
-0.508366 0.223165 -0.030542
-0.687577 0.091569 -0.024102
-0.519581 0.154967 -0.021193
-0.615732 0.162312 -0.031912
-0.552186 0.019964 -0.018808
-0.545609 0.091042 -0.020343
-0.649143 0.191056 -0.033485
-0.592986 0.126982 -0.022457
-0.520154 0.070461 -0.027182
-0.669916 0.014425 -0.021781
-0.681141 0.124133 -0.032720
-0.560000 0.112548 -0.021240
-0.661511 0.199267 -0.026003
-0.685421 0.081081 -0.023793
-0.532813 0.230041 -0.031353
-0.625514 0.170533 -0.024363
-0.597821 0.256225 -0.025692
-0.551265 0.035786 -0.027169
-0.538006 0.175319 -0.030174
-0.711726 0.192131 -0.035162
-0.657652 0.067489 -0.022733
-0.669892 0.171685 -0.025561
-0.660520 0.235960 -0.034864
-0.486026 0.218992 -0.021847
-0.558419 0.179530 -0.030814
-0.597286 0.212197 -0.024620
-0.496177 0.175007 -0.029063
-0.717256 0.066724 -0.032292
-0.668841 0.058939 -0.022823
-0.649230 0.192884 -0.033531
-0.549822 0.033113 -0.027067
-0.727719 0.086610 -0.025042
-0.575228 0.239193 -0.024687
-0.519877 0.214548 -0.022634
-0.466183 0.202974 -0.020939
-0.568750 0.213301 -0.031898
-0.670681 0.138356 -0.032786
-0.721707 0.180905 -0.035155
-0.543938 0.139480 -0.029469
-0.574719 0.134283 -0.022151
-0.739260 0.065808 -0.032851
-0.730660 0.087813 -0.025148
-0.594639 0.243010 -0.033296
-0.498316 0.107720 -0.019497
-0.568456 0.079266 -0.020663
-0.511061 -0.007228 -0.024957
-0.706376 0.255129 -0.028530
-0.583450 0.135562 -0.030417
-0.735805 0.121720 -0.034104
-0.661754 0.270446 -0.030253
-0.522735 -0.021037 -0.025050
-0.705566 0.186141 -0.034855
-0.578437 0.224686 -0.032428
-0.536049 0.193802 -0.030567
-0.496008 0.076151 -0.018677
-0.649025 0.086060 -0.022952
-0.529977 0.018709 -0.018192
-0.607339 0.244760 -0.025668
-0.474699 0.220876 -0.021594
-0.605118 0.118640 -0.022577
-0.523505 0.060771 -0.019032
-0.555940 0.014823 -0.018784
-0.692314 0.236629 -0.035719
-0.582009 0.030461 -0.019847
-0.729659 0.053991 -0.032314
-0.557737 0.025884 -0.019097
-0.505091 0.100502 -0.027507
-0.643551 0.118316 -0.023583
-0.721892 0.077745 -0.024675
-0.630044 0.191259 -0.032986
-0.623967 0.019642 -0.020694
-0.625355 0.147499 -0.023805
-0.669028 0.071228 -0.031128
-0.731794 0.026632 -0.023707
-0.684268 0.129429 -0.032930
-0.509426 0.001216 -0.018001
-0.486080 0.157220 -0.020364
-0.517831 0.142800 -0.020855
-0.704119 0.032048 -0.023107
-0.672440 0.220471 -0.026801
-0.654925 0.025876 -0.029666
-0.533320 0.242240 -0.025502
-0.736427 0.123784 -0.034170
-0.588155 0.156326 -0.023035
-0.733776 0.083278 -0.025121
-0.606533 0.235110 -0.033419
-0.487873 0.098403 -0.024286
-0.585376 0.029547 -0.027919
-0.461946 0.216204 -0.025698
-0.642407 0.249319 -0.026702
-0.562545 0.188829 -0.023141
-0.747243 0.071644 -0.025197
-0.534617 0.069846 -0.027549
-0.669167 0.057281 -0.030797
-0.667750 0.040661 -0.022355
-0.645293 0.225577 -0.034213
-0.717432 0.096952 -0.025019
-0.509048 0.194661 -0.021870
-0.615598 -0.001744 -0.021635
-0.522457 0.170321 -0.021638
-0.552027 0.055295 -0.019653
-0.656756 0.247277 -0.035037
-0.688719 0.236426 -0.035619
-0.529331 0.057878 -0.019117
-0.727219 0.166895 -0.026958
-0.742528 0.099408 -0.030167
-0.540069 0.130208 -0.021139
-0.641821 0.004676 -0.020805
-0.662638 0.019417 -0.021709
-0.722290 0.090502 -0.032997
-0.625486 0.089065 -0.022403
-0.678668 0.255926 -0.027818
-0.507605 0.236623 -0.022877
-0.566657 0.097976 -0.029070
-0.500590 0.116479 -0.027772
-0.680858 0.057451 -0.023104
-0.567338 0.003124 -0.026808
-0.553567 0.085345 -0.020416
-0.536695 0.016549 -0.026322
-0.666624 0.141025 -0.024738
-0.707811 0.205923 -0.027385
-0.511366 0.074820 -0.027055
-0.689668 0.127254 -0.025015
-0.531006 0.151262 -0.021406
-0.647882 0.089736 -0.023010
-0.562685 0.221628 -0.023933
-0.595495 0.156622 -0.023236
-0.597288 0.085465 -0.029578
-0.567222 0.087896 -0.020838
-0.490602 0.197501 -0.029457
-0.517256 0.178831 -0.029711
-0.678707 0.112203 -0.032369
-0.534896 0.203723 -0.022770
-0.633441 0.257453 -0.026661
-0.619400 0.237444 -0.025810
-0.717972 0.040719 -0.023681
-0.717488 0.126526 -0.025731
-0.646634 0.171653 -0.024947
-0.496955 0.223555 -0.022245
-0.639470 0.219215 -0.025901
-0.656714 0.268220 -0.035539
-0.733485 0.069260 -0.032782
-0.520463 0.008057 -0.025690
-0.662054 0.142007 -0.024641
-0.741169 0.025859 -0.024861
-0.592107 0.137787 -0.030699
-0.619347 0.193030 -0.024741
-0.691294 0.174881 -0.034208
-0.711968 0.171874 -0.026676
-0.507110 0.235989 -0.022812
-0.592182 0.059620 -0.020817
-0.571643 0.094789 -0.029125
-0.650771 0.173197 -0.033098
-0.566857 0.034198 -0.019537
-0.609968 0.180132 -0.032188
-0.569204 0.093916 -0.021035
-0.670569 0.040657 -0.030434
-0.672291 0.085217 -0.023546
-0.511048 0.056248 -0.018595
-0.646321 0.252042 -0.026871
-0.522197 0.017294 -0.017953
-0.675606 0.250006 -0.035600
-0.571386 0.180891 -0.023184
-0.568350 0.213380 -0.023885
-0.591571 0.007823 -0.019555
-0.630831 0.170205 -0.024495
-0.523455 0.056124 -0.018919
-0.731962 0.089095 -0.025213
-0.563550 -0.013175 -0.019733
-0.623345 0.015109 -0.020569
-0.750884 0.044579 -0.032647
-0.615912 0.030585 -0.020745
-0.651867 0.232052 -0.026537
-0.657789 0.050312 -0.022324
-0.717689 0.038863 -0.023629
-0.623340 0.084009 -0.022225
-0.743496 0.084180 -0.025399
-0.522817 0.175804 -0.029785
-0.695753 0.180781 -0.026462
-0.573347 0.145783 -0.030396
-0.607177 0.105720 -0.030326
-0.475247 0.225015 -0.029713
-0.688057 0.227883 -0.035397
-0.694519 0.121217 -0.024998
-0.525232 0.073602 -0.027392
-0.628123 0.200529 -0.033158
-0.585425 0.126144 -0.022238
-0.526322 0.204560 -0.022564
-0.581088 -0.009389 -0.023980
-0.618957 0.079843 -0.022009
-0.729720 0.120727 -0.033920
-0.634503 0.016694 -0.020901
-0.535615 0.242380 -0.031723
-0.465013 0.202081 -0.026822
-0.504825 0.178623 -0.029378
-0.514619 0.197591 -0.022087
-0.576421 0.244087 -0.024836
-0.722844 0.166268 -0.034833
-0.703590 0.198617 -0.027098
-0.693240 0.225394 -0.027468
-0.740811 0.107206 -0.030255
-0.519432 0.011838 -0.025754
-0.514852 0.017077 -0.025759
-0.701213 0.241146 -0.028057
-0.587483 0.165809 -0.031251
-0.688719 0.193248 -0.034581
-0.714875 0.058191 -0.032024
-0.650338 0.232588 -0.026509
-0.719330 0.204467 -0.033779
-0.587570 0.012876 -0.027576
-0.546711 0.121051 -0.029099
-0.687176 0.244348 -0.035769
-0.709788 0.042761 -0.023514
-0.679886 0.201084 -0.034537
-0.696304 0.169124 -0.026196
-0.589769 0.055749 -0.028665
-0.643058 0.182065 -0.033108
-0.513875 0.170700 -0.021421
-0.479911 0.230517 -0.023155
-0.591783 0.075387 -0.021185
-0.624576 0.048285 -0.029404
-0.615661 0.039370 -0.028954
-0.688346 0.187614 -0.034436
-0.600665 0.021342 -0.020120
-0.555566 0.038728 -0.027353
-0.635020 0.125152 -0.023522
-0.682623 0.165228 -0.033747
-0.595514 0.098070 -0.029834
-0.549312 0.188392 -0.022781
-0.664834 0.087868 -0.023413
-0.721984 0.089239 -0.032958
-0.699993 0.160509 -0.026087
-0.663569 0.019025 -0.021724
-0.662814 0.176369 -0.033492
-0.690616 0.161556 -0.033870
-0.689268 0.175868 -0.026173
-0.654942 0.099582 -0.023433
-0.650187 0.030856 -0.021656
-0.558081 0.129120 -0.029593
-0.616886 0.260505 -0.033379
-0.571926 0.243020 -0.024691
-0.607589 0.054051 -0.021089
-0.498647 0.150553 -0.020535
-0.495028 0.229686 -0.030347
-0.680658 0.030055 -0.030445
-0.664834 0.253633 -0.027398
-0.721966 0.022641 -0.023352
-0.735093 0.084993 -0.033202
-0.632947 0.101453 -0.030903
-0.673053 0.064176 -0.031065
-0.747861 0.075666 -0.026485
-0.656396 0.179787 -0.025400
-0.514658 0.174825 -0.021541
-0.513402 0.176264 -0.021542
-0.668329 0.213787 -0.034537
-0.615405 0.031178 -0.028751
-0.526380 -0.005638 -0.025517
-0.637661 0.152773 -0.032261
-0.564880 0.203522 -0.023556
-0.705085 0.201023 -0.027195
-0.553538 0.186685 -0.022852
-0.719665 0.098537 -0.025116
-0.668491 0.017976 -0.029834
-0.637758 0.178037 -0.032871
-0.745576 0.085278 -0.031941
-0.593796 0.105135 -0.029959
-0.727601 0.151690 -0.026603
-0.643402 0.246621 -0.026664
-0.526861 -0.021246 -0.019104
-0.508975 0.011595 -0.025472
-0.645070 0.164107 -0.032729
-0.684410 0.182616 -0.026207
-0.576475 0.166758 -0.022978
-0.528678 0.208366 -0.030722
-0.537550 0.002187 -0.017994
-0.489286 0.224204 -0.030064
-0.586052 0.030976 -0.019966
-0.681550 0.179241 -0.026050
-0.606971 0.084286 -0.029805
-0.553645 0.235275 -0.032028
-0.515415 0.213704 -0.022496
-0.579155 0.117863 -0.021873
-0.677912 0.195521 -0.026346
-0.685052 0.255725 -0.027982
-0.719032 0.083505 -0.024738
-0.521300 0.112648 -0.020221
-0.646776 0.243447 -0.026677
-0.643112 0.077440 -0.022589
-0.647839 0.040670 -0.029835
-0.543569 0.214036 -0.031252
-0.601979 0.141614 -0.031052
-0.664221 0.099168 -0.023668
-0.510788 0.092320 -0.027460
-0.518825 0.141638 -0.020853
-0.546756 0.188964 -0.030733
-0.652802 0.043079 -0.022018
-0.648460 0.267058 -0.035294
-0.671028 0.131826 -0.024633
-0.668666 0.068923 -0.031063
-0.637104 0.166997 -0.032588
-0.561040 0.007831 -0.026755
-0.658175 0.009518 -0.021353
-0.551656 -0.000803 -0.026300
-0.559177 0.231714 -0.024083
-0.754662 0.044844 -0.025577
-0.658496 0.183295 -0.025540
-0.698714 0.036882 -0.023081
-0.515300 0.194742 -0.030042
-0.568357 0.163946 -0.022696
-0.585381 0.014272 -0.019547
-0.671059 0.102598 -0.031936
-0.523371 0.226223 -0.023007
-0.569046 0.064609 -0.020326
-0.605566 0.045946 -0.020841
-0.498094 0.177583 -0.021170
-0.692457 0.221356 -0.027351
-0.733935 0.099734 -0.033526
-0.545969 0.100744 -0.020586
-0.643312 0.004269 -0.026698
-0.707353 0.111844 -0.025111
-0.506523 0.232790 -0.022720
-0.713750 0.142116 -0.026007
-0.512776 0.038457 -0.026218
-0.723212 0.186957 -0.032683
-0.648472 0.127227 -0.031932
-0.539345 0.105044 -0.028520
-0.608745 0.254913 -0.033954
-0.504659 0.172540 -0.021222
-0.519582 0.231016 -0.023022
-0.610136 -0.002978 -0.023298
-0.630072 0.226086 -0.025818
-0.730941 0.062123 -0.032543
-0.550305 0.116837 -0.021087
-0.573238 0.016228 -0.019274
-0.563502 0.165356 -0.022602
-0.667289 0.022676 -0.021910
-0.690175 0.215988 -0.035167
-0.592752 0.110476 -0.022054
-0.514925 0.227934 -0.030830
-0.669655 0.093209 -0.023668
-0.695176 0.242395 -0.035933
-0.566503 0.042918 -0.019738
-0.519382 0.111152 -0.020135
-0.610656 0.005274 -0.028003
-0.503836 0.052823 -0.018322
-0.516906 0.037941 -0.018309
-0.651918 0.248709 -0.034944
-0.467876 0.206994 -0.029085
-0.647566 0.223182 -0.026210
-0.632115 0.020429 -0.020928
-0.623858 0.176102 -0.024453
-0.701893 0.087241 -0.024375
-0.712637 0.063489 -0.032093
-0.721502 0.051087 -0.032029
-0.519164 0.203827 -0.022357
-0.508771 0.004298 -0.017295
-0.663307 0.262376 -0.035573
-0.528875 0.241166 -0.030692
-0.593137 0.130672 -0.022550
-0.658002 0.230764 -0.026668
-0.700694 0.264726 -0.028611
-0.636869 0.204349 -0.033480
-0.538842 0.132122 -0.021152
-0.694789 0.227237 -0.035559
-0.687983 0.157493 -0.025697
-0.730026 0.156093 -0.031668
-0.630280 0.210989 -0.033466
-0.633746 0.031229 -0.021231
-0.714449 0.042178 -0.023623
-0.619990 0.117934 -0.030957
-0.628277 0.051147 -0.021565
-0.538189 0.175672 -0.030187
-0.687812 0.218643 -0.027163
-0.521241 -0.022447 -0.017076
-0.499006 0.186564 -0.021410
-0.550675 0.203674 -0.031190
-0.698504 0.069774 -0.023866
-0.557973 0.247678 -0.025093
-0.580179 0.154919 -0.022791
-0.547719 0.044865 -0.019289
-0.544022 0.172838 -0.022268
-0.610818 0.061633 -0.021357
-0.667276 0.149179 -0.032956
-0.527129 0.237946 -0.031393
-0.675291 0.268740 -0.028037
-0.592348 0.108570 -0.030003
-0.617002 0.082821 -0.030034
-0.565076 0.037796 -0.019577
-0.527073 0.098126 -0.028030
-0.568563 0.158403 -0.022568
-0.665825 0.190455 -0.033910
-0.616696 0.089875 -0.022191
-0.558039 0.159932 -0.022327
-0.620412 0.014482 -0.020476
-0.588045 0.038074 -0.028195
-0.480459 0.184609 -0.020874
-0.659801 0.245486 -0.035074
-0.539760 -0.015211 -0.017635
-0.703078 0.223753 -0.035694
-0.585148 0.041579 -0.020197
-0.548345 0.128013 -0.021304
-0.527936 0.106449 -0.028253
-0.514740 0.217516 -0.022570
-0.663333 0.089026 -0.023401
-0.673448 0.011466 -0.029808
-0.621200 0.229778 -0.025673
-0.596390 0.003460 -0.019578
-0.520640 0.040649 -0.018473
-0.515679 0.185989 -0.021836
-0.694745 0.160718 -0.033958
-0.568579 0.167068 -0.022777
-0.594998 0.003256 -0.027541
-0.660394 0.101669 -0.031632
-0.543370 0.133909 -0.029320
-0.656146 0.048009 -0.030230
-0.566704 0.210593 -0.023774
-0.567088 0.004074 -0.026824
-0.493788 0.179301 -0.029103
-0.506405 0.014256 -0.022904
-0.691371 0.014914 -0.023520
-0.578893 0.124598 -0.030033
-0.665810 0.204140 -0.034239
-0.730157 0.155639 -0.030654
-0.611573 0.058314 -0.029302
-0.619599 0.054415 -0.021415
-0.620357 0.107124 -0.022702
-0.516171 0.099635 -0.019773
-0.717379 0.081503 -0.032651
-0.533953 0.196452 -0.030575
-0.520340 0.116256 -0.028288
-0.535447 0.225505 -0.023308
-0.576794 0.135881 -0.030249
-0.708238 0.048880 -0.023620
-0.621987 0.069272 -0.029840
-0.561780 0.014495 -0.018930
-0.723512 0.069228 -0.032518
-0.647111 0.224842 -0.026238
-0.615128 -0.001823 -0.020257
-0.743647 0.094367 -0.029792
-0.469294 0.190694 -0.020726
-0.702710 0.032500 -0.023081
-0.618902 0.126329 -0.031131
-0.488698 0.167620 -0.020683
-0.737085 0.026380 -0.031846
-0.693211 0.121403 -0.032973
-0.725495 0.177335 -0.027347
-0.666838 0.247522 -0.027304
-0.709675 0.181465 -0.034851
-0.615035 0.257233 -0.034176
-0.633332 0.167954 -0.032512
-0.531006 0.202539 -0.022639
-0.696681 0.081525 -0.032105
-0.500476 0.048994 -0.026147
-0.755339 0.041505 -0.027343
-0.606098 0.172048 -0.031892
-0.640358 0.205528 -0.025596
-0.508659 0.052631 -0.026450
-0.658786 0.041861 -0.022147
-0.512718 0.015329 -0.025660
-0.605029 0.182819 -0.032123
-0.604214 0.031281 -0.028458
-0.684936 0.080571 -0.023768
-0.687324 0.267108 -0.028315
-0.627382 0.068074 -0.029954
-0.497634 0.205321 -0.021825
-0.542054 0.202890 -0.030944
-0.579140 0.030787 -0.027784
-0.533602 -0.000556 -0.017824
-0.632494 0.194952 -0.033139
-0.497494 0.111399 -0.019563
-0.637061 0.030113 -0.021291
-0.711761 0.040093 -0.031507
-0.659509 0.221821 -0.034498
-0.713338 0.163282 -0.026505
-0.578799 0.228704 -0.024529
-0.553814 0.146125 -0.029889
-0.569408 0.206403 -0.023745
-0.644047 0.207652 -0.025744
-0.693316 0.198517 -0.034829
-0.725310 0.106568 -0.033463
-0.611882 0.070737 -0.029609
-0.581950 -0.009211 -0.024645
-0.518074 0.146756 -0.028961
-0.615797 0.155374 -0.023742
-0.677033 0.161495 -0.033510
-0.680740 0.165378 -0.033701
-0.636758 0.130183 -0.023689
-0.538238 0.116482 -0.028766
-0.551978 0.084839 -0.028367
-0.617555 0.136690 -0.031344
-0.616304 0.025194 -0.020625
-0.674320 0.227109 -0.027010
-0.667722 0.053123 -0.022653
-0.641648 0.134025 -0.031916
-0.582419 -0.000723 -0.019108
-0.686120 0.254938 -0.027991
-0.745402 0.083597 -0.033441
-0.619913 0.077892 -0.029993
-0.559256 0.107940 -0.021110
-0.570096 0.008340 -0.019001
-0.571216 0.152461 -0.022496
-0.698483 0.234542 -0.027827
-0.657000 0.030803 -0.029839
-0.603334 0.142372 -0.023100
-0.589319 0.245278 -0.025205
-0.609909 0.242226 -0.025675
-0.505973 0.173454 -0.021279
-0.535307 0.179645 -0.022202
-0.483269 0.206882 -0.021484
-0.712624 0.222962 -0.035926
-0.614489 0.246726 -0.025904
-0.486935 0.232035 -0.024764
-0.534781 0.062700 -0.019376
-0.681499 0.046421 -0.022856
-0.662417 0.200012 -0.034050
-0.542547 0.117622 -0.028907
-0.739784 0.040905 -0.032266
-0.697638 0.181074 -0.026519
-0.532437 0.115236 -0.020577
-0.555442 0.079036 -0.020314
-0.592889 0.202274 -0.024265
-0.525358 0.048873 -0.018795
-0.668883 0.059589 -0.030845
-0.652285 0.022837 -0.021518
-0.747184 0.078367 -0.029122
-0.750217 0.039305 -0.032503
-0.701097 0.209764 -0.027300
-0.586610 0.158490 -0.023047
-0.532538 0.019318 -0.026279
-0.678530 0.062910 -0.023174
-0.679782 0.248961 -0.035685
-0.501135 0.169309 -0.021052
-0.564713 0.005305 -0.018786
-0.673292 0.258285 -0.035738
-0.658244 0.078301 -0.031014
-0.694124 0.064560 -0.023625
-0.645049 0.089442 -0.030934
-0.481401 0.171635 -0.020587
-0.606367 0.054540 -0.029074
-0.596686 0.169079 -0.023567
-0.653611 0.118019 -0.023841
-0.487054 0.199806 -0.029418
-0.689910 0.065348 -0.031538
-0.713940 0.167212 -0.026616
-0.544879 0.202441 -0.023002
-0.540947 0.243820 -0.030993
-0.636982 0.186050 -0.033043
-0.674767 0.098100 -0.023921
-0.498529 0.051243 -0.018144
-0.580131 0.114623 -0.029826
-0.659387 0.016900 -0.021563
-0.645878 0.172644 -0.032956
-0.727284 0.168519 -0.032028
-0.652458 0.042352 -0.029997
-0.547696 0.112679 -0.028924
-0.693344 0.234771 -0.035702
-0.493631 0.143223 -0.028232
-0.672062 0.196361 -0.034217
-0.508553 0.080422 -0.019110
-0.526128 0.017295 -0.018056
-0.714088 0.033432 -0.031408
-0.718362 0.144249 -0.034185
-0.574991 0.146656 -0.022456
-0.634483 0.249615 -0.034506
-0.705487 0.037168 -0.031271
-0.735632 0.069913 -0.032854
-0.602922 0.055608 -0.021004
-0.563477 0.218145 -0.031876
-0.642227 0.154310 -0.024414
-0.523132 0.162197 -0.021461
-0.608380 0.199801 -0.024614
-0.530112 0.204056 -0.022652
-0.560024 0.102712 -0.021004
-0.523781 -0.018617 -0.025136
-0.561308 0.085939 -0.028640
-0.710712 0.032559 -0.023293
-0.745372 0.026741 -0.027286
-0.635159 0.251691 -0.026568
-0.567814 0.172061 -0.030882
-0.566415 0.057796 -0.028098
-0.708213 0.208778 -0.035469
-0.590443 0.196112 -0.024052
-0.650443 0.238555 -0.034661
-0.712926 0.173566 -0.026742
-0.738151 0.098596 -0.033610
-0.500110 0.156289 -0.028717
-0.577402 0.225241 -0.024409
-0.512212 0.153335 -0.020960
-0.538205 0.023061 -0.018514
-0.576490 0.137511 -0.022275
-0.744694 0.076254 -0.033245
-0.689961 0.276673 -0.029567
-0.743246 0.026277 -0.027048
-0.535008 0.099074 -0.020257
-0.716774 0.105745 -0.025213
-0.717981 0.052264 -0.023959
-0.599512 0.206527 -0.024542
-0.690304 0.142570 -0.033405
-0.656842 0.062297 -0.030592
-0.669701 0.211179 -0.026506
-0.553478 0.139658 -0.029725
-0.508202 0.189264 -0.029723
-0.684151 0.104365 -0.032324
-0.653063 0.032711 -0.021776
-0.600172 0.156307 -0.023352
-0.687206 0.217579 -0.027121
-0.603018 0.252139 -0.033736
-0.591401 0.037333 -0.020260
-0.489070 0.139593 -0.028024
-0.529952 0.163182 -0.021665
-0.561716 0.147297 -0.022121
-0.622126 0.080949 -0.022119
-0.550882 0.029164 -0.027000
-0.590244 0.195785 -0.024039
-0.642344 0.145858 -0.024213
-0.706922 0.065891 -0.023995
-0.488432 0.153197 -0.020329
-0.746548 0.079583 -0.025369
-0.617937 0.099878 -0.022464
-0.600221 0.210056 -0.032651
-0.667992 0.146615 -0.032913
-0.531171 -0.010727 -0.025521
-0.565469 0.093577 -0.028933
-0.555515 0.033734 -0.019227
-0.548495 0.076086 -0.028065
-0.652865 0.196802 -0.025716
-0.694656 0.233890 -0.035715
-0.641004 0.025260 -0.021279
-0.538596 0.134673 -0.029212
-0.549415 0.182391 -0.030645
-0.604157 0.188189 -0.024224
-0.535107 0.205741 -0.022824
-0.515932 0.145407 -0.020867
-0.595265 0.150083 -0.031078
-0.538764 0.125904 -0.029006
-0.503845 0.054043 -0.026357
-0.662435 0.210612 -0.034305
-0.482460 0.123350 -0.022151
-0.518350 -0.003559 -0.017350
-0.599594 0.127887 -0.030659
-0.740392 0.068248 -0.024934
-0.690488 0.269339 -0.028452
-0.656628 0.226001 -0.034522
-0.706239 0.028425 -0.023076
-0.673649 0.247785 -0.035495
-0.745917 0.045946 -0.024544
-0.645816 0.197576 -0.025548
-0.622568 0.109395 -0.022815
-0.505883 0.080258 -0.027041
-0.515275 0.061652 -0.026842
-0.686323 0.142068 -0.033288
-0.566674 0.066179 -0.028306
-0.534705 0.203137 -0.022751
-0.522168 0.226388 -0.030984
-0.534706 0.061681 -0.027355
-0.628893 0.134507 -0.031591
-0.654179 0.146230 -0.024535
-0.497770 0.125693 -0.027919
-0.588544 0.225466 -0.032713
-0.568053 0.128579 -0.021838
-0.492669 0.159698 -0.020597
-0.567353 0.041416 -0.019724
-0.544973 0.037768 -0.019046
-0.647271 0.225521 -0.026259
-0.634880 0.174661 -0.024709
-0.500428 0.225813 -0.030397
-0.557011 0.093303 -0.028704
-0.500112 0.093023 -0.019191
-0.618448 0.096515 -0.022397
-0.588411 0.207179 -0.032270
-0.654739 0.128752 -0.024129
-0.706838 0.180721 -0.034758
-0.531897 0.121176 -0.020706
-0.472374 0.173761 -0.020400
-0.643835 0.034979 -0.021587
-0.691464 0.029141 -0.030708
-0.484096 0.176912 -0.028790
-0.596175 0.095584 -0.021787
-0.548698 0.107605 -0.028828
-0.538569 0.072203 -0.019705
-0.608552 0.117245 -0.030639
-0.598842 0.148933 -0.023140
-0.703219 0.231989 -0.027890
-0.705124 0.248977 -0.028349
-0.520396 -0.022714 -0.021509
-0.757794 0.030059 -0.029251
-0.518141 0.063153 -0.018948
-0.687290 0.260363 -0.028152
-0.694905 0.153359 -0.033786
-0.565102 0.243496 -0.024523
-0.615484 0.181531 -0.024362
-0.716199 0.166195 -0.026651
-0.732245 0.088055 -0.033201
-0.694519 0.272611 -0.028637
-0.616374 0.089085 -0.030168
-0.629883 0.130832 -0.031528
-0.699938 0.037307 -0.031128
-0.476788 0.229823 -0.023455
-0.496942 0.199747 -0.029678
-0.707734 0.109994 -0.033082
-0.593632 0.013493 -0.027751
-0.619477 0.214268 -0.033260
-0.706850 0.207239 -0.027391
-0.671113 0.056935 -0.030840
-0.552181 0.111888 -0.029023
-0.532895 0.050852 -0.027047
-0.554002 0.111911 -0.029072
-0.589327 0.146913 -0.022840
-0.716282 0.104033 -0.025159
-0.706486 0.046740 -0.031528
-0.567355 0.219069 -0.032000
-0.607343 0.009786 -0.020019
-0.489608 0.148187 -0.020240
-0.737498 0.095144 -0.025505
-0.624302 0.009637 -0.020462
-0.515879 0.075317 -0.027186
-0.647666 0.145944 -0.032361
-0.742426 0.048655 -0.032522
-0.503952 0.114309 -0.027809
-0.696049 0.233148 -0.027729
-0.684685 0.177591 -0.034099
-0.587150 0.241164 -0.033054
-0.601141 0.233322 -0.033234
-0.639425 0.041560 -0.029634
-0.557269 0.214214 -0.031617
-0.473805 0.198689 -0.021037
-0.617713 0.163018 -0.023976
-0.475507 0.229436 -0.029221
-0.602586 0.019785 -0.028139
-0.464388 0.219147 -0.029285
-0.551610 0.244801 -0.024198
-0.551882 0.231107 -0.031881
-0.559291 0.151683 -0.030167
-0.510312 0.120567 -0.028127
-0.549286 0.055569 -0.019588
-0.535045 0.223714 -0.031259
-0.644254 0.051876 -0.030009
-0.600211 0.244758 -0.033485
-0.601551 0.030013 -0.020352
-0.577060 0.160135 -0.030839
-0.634046 0.175580 -0.024709
-0.685287 0.162516 -0.025747
-0.525224 -0.021575 -0.017364
-0.596632 0.131327 -0.030663
-0.724671 0.022115 -0.030908
-0.562780 0.108276 -0.029216
-0.518001 -0.007684 -0.017241
-0.520669 0.130133 -0.028630
-0.620535 0.151454 -0.023773
-0.592953 0.070944 -0.029114
-0.585329 0.144477 -0.022676
-0.607256 0.211329 -0.024862
-0.672239 0.140667 -0.032882
-0.564287 0.096288 -0.028967
-0.687153 0.055782 -0.023230
-0.643300 0.098294 -0.023095
-0.745125 0.034476 -0.024247
-0.691693 0.045283 -0.023097
-0.737674 0.116173 -0.026015
-0.560490 0.188748 -0.031090
-0.555557 0.140804 -0.029807
-0.691531 0.240345 -0.035788
-0.620090 0.196913 -0.032859
-0.709394 0.241486 -0.028282
-0.649452 0.069026 -0.022554
-0.556854 0.155113 -0.022180
-0.523197 0.119640 -0.028445
-0.503127 0.029132 -0.023228
-0.507373 0.231025 -0.030705
-0.527508 0.141138 -0.021070
-0.680498 0.170364 -0.033814
-0.542859 0.051619 -0.019323
-0.696356 0.264221 -0.028484
-0.549171 0.113601 0.009187
-0.603589 0.209679 0.003443
-0.564470 0.125497 0.057733
-0.592046 0.175327 -0.002703
-0.593056 0.166486 0.032445
-0.588776 0.162966 0.019502
-0.602349 0.178911 0.079552
-0.623612 0.229343 0.053391
-0.610243 0.209339 0.042856
-0.641022 0.262598 -0.009144
-0.548062 0.097772 0.001607
-0.537349 0.087915 0.026412
-0.645506 0.260548 0.036569
-0.526297 0.062664 0.046624
-0.628939 0.244081 -0.018610
-0.616707 0.211520 0.019074
-0.539320 0.084642 -0.005119
-0.549465 0.095899 0.069632
-0.621314 0.220373 0.016201
-0.575027 0.121555 0.077821
-0.594226 0.196940 -0.008152
-0.603447 0.189931 0.068159
-0.528637 0.077790 0.009891
-0.549934 0.102134 0.051636
-0.569433 0.125245 0.033389
-0.539630 0.104060 -0.014042
-0.566079 0.130993 -0.004980
-0.558753 0.115743 0.057215
-0.584598 0.166697 0.036817
-0.630180 0.235898 0.015688
-0.552273 0.103855 0.005646
-0.563620 0.120317 0.070035
-0.536186 0.079434 -0.005868
-0.549965 0.077992 0.079954
-0.534971 0.053947 0.071724
-0.519662 0.051846 0.044349
-0.519864 0.065245 0.001044
-0.518017 0.048716 0.045275
-0.538570 0.100828 -0.009414
-0.593051 0.189218 0.010713
-0.569881 0.138649 -0.008510
-0.585943 0.154994 0.029656
-0.650437 0.256901 0.078210
-0.567870 0.141775 0.023278
-0.538158 0.072804 0.027481
-0.596278 0.175523 0.020993
-0.538575 0.080126 0.005581
-0.568072 0.127201 0.019074
-0.533288 0.064081 0.028411
-0.520664 0.056348 0.035177
-0.567724 0.115378 0.056302
-0.629411 0.241020 0.047999
-0.530713 0.084715 -0.001148
-0.564363 0.108466 0.059903
-0.626670 0.242922 0.025918
-0.593752 0.166983 0.034799
-0.639231 0.258610 -0.007607
-0.618654 0.209616 0.079380
-0.550383 0.096074 0.074327
-0.549036 0.098667 0.057972
-0.564262 0.105165 0.070280
-0.579960 0.169165 0.001940
-0.563829 0.134975 0.022593
-0.521319 0.045864 0.019999
-0.554787 0.129534 -0.011377
-0.546812 0.084209 0.039422
-0.595822 0.181795 0.051293
-0.588188 0.160676 0.077452
-0.610408 0.204905 0.058518
-0.625065 0.239508 0.028016
-0.564943 0.118769 0.029052
-0.626426 0.220113 0.046473
-0.585492 0.146369 0.055686
-0.615332 0.212873 0.006669
-0.641524 0.262588 0.014996
-0.549473 0.085747 0.049626
-0.522142 0.043467 0.069525
-0.635162 0.255811 0.032008
-0.530390 0.063507 0.067375
-0.515550 0.061116 -0.010070
-0.555254 0.106503 0.014008
-0.570436 0.142236 0.036513
-0.571346 0.114976 0.078480
-0.530275 0.050117 0.080773
-0.518290 0.057598 -0.017227
-0.526957 0.050813 0.036015
-0.522081 0.044155 0.030058
-0.586680 0.165917 -0.002351
-0.637467 0.254839 0.048495
-0.559872 0.136699 -0.005892
-0.628072 0.229224 0.025708
-0.630106 0.217227 0.077225
-0.556351 0.116709 0.040189
-0.545330 0.069761 0.078847
-0.635988 0.263480 0.011309
-0.602843 0.208571 0.002826
-0.517572 0.045538 0.021409
-0.610613 0.189976 0.055506
-0.554512 0.117709 0.026287
-0.602594 0.191476 0.004390
-0.569155 0.112438 0.079640
-0.585804 0.156483 0.023914
-0.522226 0.046364 0.023561
-0.534048 0.057763 0.053749
-0.551340 0.108147 -0.013966
-0.547554 0.093953 0.065090
-0.571424 0.137023 0.005763
-0.603544 0.210126 0.001698
-0.631044 0.224770 0.057589
-0.626551 0.227575 0.076163
-0.614054 0.203259 0.031223
-0.565543 0.124402 0.067541
-0.591424 0.191392 -0.005866
-0.572832 0.123039 0.060271
-0.546657 0.073413 0.074360
-0.597365 0.189177 -0.018063
-0.561699 0.121662 0.054522
-0.578609 0.147020 0.067661
-0.522998 0.058592 -0.012578
-0.561123 0.114070 0.076399
-0.585878 0.141623 0.073656
-0.532678 0.068158 0.011368
-0.586293 0.172073 0.028727
-0.549037 0.107732 0.027898
-0.634469 0.260157 0.013595
-0.570813 0.117289 0.079737
-0.626717 0.229238 0.017866
-0.648123 0.258318 0.044521
-0.635360 0.230401 0.063731
-0.589924 0.185446 0.005239
-0.577259 0.156259 0.029232
-0.586081 0.169277 0.036789
-0.623855 0.208078 0.071620
-0.515251 0.046555 -0.006048
-0.622040 0.222334 0.013871
-0.595392 0.168135 0.040416
-0.532424 0.078446 -0.017759
-0.593352 0.184841 0.026971
-0.536409 0.074383 0.012179
-0.525229 0.050752 0.080011
-0.626751 0.216604 0.078746
-0.619928 0.233475 0.018483
-0.606234 0.199015 0.054049
-0.591828 0.172676 0.004836
-0.553167 0.110147 0.043646
-0.631081 0.240781 0.058401
-0.579017 0.128022 0.079319
-0.556291 0.133012 -0.014262
-0.634228 0.230195 0.057905
-0.625771 0.228733 0.014096
-0.644504 0.261051 0.030311
-0.527874 0.061605 0.005475
-0.566810 0.121626 0.030310
-0.574052 0.142349 0.056942
-0.625421 0.215333 0.056557
-0.621707 0.229949 -0.013319
-0.581419 0.140618 0.051338
-0.615584 0.232951 -0.004778
-0.588069 0.167712 0.053417
-0.575078 0.139792 0.017594
-0.562061 0.112218 0.034210
-0.525373 0.048038 0.036110
-0.646545 0.260012 0.041883
-0.618118 0.218642 0.057293
-0.539687 0.088797 0.036940
-0.588191 0.166906 0.056795
-0.599322 0.164340 0.075622
-0.629133 0.233628 0.070932
-0.626067 0.219866 0.045228
-0.537801 0.072606 0.079822
-0.616095 0.196362 0.078847
-0.516374 0.047051 0.041345
-0.530486 0.052642 0.050250
-0.586865 0.150465 0.049996
-0.603183 0.178284 0.051556
-0.622878 0.230015 0.046935
-0.610804 0.204242 0.009262
-0.533141 0.078924 -0.017824
-0.546133 0.083651 0.037368
-0.581311 0.160659 -0.015796
-0.559771 0.112921 0.072434
-0.517883 0.045936 -0.000011
-0.626182 0.246054 0.012715
-0.546251 0.094202 0.056770
-0.603732 0.192947 0.059793
-0.637708 0.258377 -0.015599
-0.616490 0.200633 0.053950
-0.623680 0.224382 0.016508
-0.556222 0.109021 0.064959
-0.580393 0.169574 0.003079
-0.620152 0.217278 0.019787
-0.560555 0.136262 -0.000514
-0.634909 0.258208 0.022597
-0.600161 0.210200 -0.018010
-0.608003 0.199364 0.009336
-0.593161 0.170961 0.018201
-0.588457 0.174683 0.032519
-0.525508 0.043894 0.050640
-0.598630 0.167308 0.079286
-0.594479 0.168203 0.034937
-0.627639 0.213712 0.074697
-0.548223 0.097409 0.057471
-0.572865 0.120584 0.068610
-0.577659 0.153366 0.041134
-0.528912 0.046513 0.061531
-0.638754 0.264130 0.010730
-0.551483 0.114360 0.019976
-0.607471 0.209358 0.026846
-0.518067 0.057765 0.015530
-0.547424 0.099343 -0.007277
-0.555722 0.108342 0.010598
-0.572541 0.132689 0.080304
-0.595594 0.185815 0.036636
-0.601249 0.208763 -0.006983
-0.623688 0.247404 -0.006113
-0.580497 0.169777 -0.018213
-0.621283 0.220765 0.068453
-0.631528 0.243382 0.052345
-0.552419 0.101577 0.014048
-0.574456 0.153317 0.022867
-0.606837 0.180530 0.065131
-0.562060 0.114500 0.080364
-0.588290 0.152159 0.052573
-0.617713 0.225285 -0.019574
-0.531991 0.083863 0.009035
-0.570011 0.151369 0.003755
-0.578205 0.149949 0.001878
-0.583764 0.154862 0.017559
-0.577477 0.167160 -0.005689
-0.634352 0.234238 0.045203
-0.633401 0.249495 0.042837
-0.526112 0.049759 0.034650
-0.623020 0.227514 0.056049
-0.591734 0.194718 -0.015118
-0.548796 0.077169 0.074203
-0.557483 0.111172 0.065078
-0.633872 0.261587 0.005414
-0.542889 0.093205 0.040736
-0.519870 0.062685 0.009574
-0.555256 0.112437 -0.005674
-0.626368 0.234865 -0.002813
-0.552166 0.120701 0.002858
-0.604678 0.193086 0.064773
-0.589944 0.150921 0.066197
-0.518657 0.061858 -0.016994
-0.521452 0.061724 0.021872
-0.648087 0.258426 0.043956
-0.584718 0.163399 0.048455
-0.618327 0.228890 -0.019418
-0.579839 0.158517 0.036584
-0.519484 0.057849 -0.017372
-0.590398 0.149092 0.074876
-0.564721 0.127643 -0.001678
-0.633909 0.239380 0.025590
-0.627059 0.250331 0.003567
-0.614831 0.204864 0.030368
-0.550197 0.119227 -0.003576
-0.612071 0.206256 0.009868
-0.537302 0.082417 0.044390
-0.617958 0.216058 0.064947
-0.588539 0.188757 -0.013716
-0.564672 0.130550 0.042130
-0.641392 0.254110 0.019757
-0.525546 0.059289 0.053507
-0.621048 0.219324 0.018149
-0.520270 0.052629 -0.008487
-0.584445 0.156721 0.015308
-0.611498 0.190484 0.079080
-0.525304 0.051402 0.024547
-0.630368 0.250623 0.021638
-0.582303 0.162127 0.038777
-0.607791 0.206240 -0.014702
-0.525253 0.060759 -0.006799
-0.630946 0.229280 0.042058
-0.589081 0.173664 -0.014250
-0.609836 0.190053 0.050779
-0.547551 0.100341 -0.009863
-0.529047 0.076993 -0.017398
-0.541943 0.106109 -0.007536
-0.631817 0.239774 0.065978
-0.521352 0.051880 0.000222
-0.562014 0.115430 0.023276
-0.569203 0.155009 -0.012973
-0.584313 0.149282 0.039235
-0.596238 0.184061 -0.007573
-0.632587 0.245173 0.052490
-0.595511 0.190297 0.021283
-0.595108 0.184486 -0.015483
-0.554523 0.088708 0.068859
-0.566973 0.113040 0.079975
-0.522176 0.043297 0.056578
-0.590159 0.176848 0.035128
-0.583911 0.158560 0.006132
-0.519813 0.057223 0.027372
-0.523133 0.053793 0.057858
-0.628956 0.215366 0.076786
-0.579481 0.166490 0.008065
-0.535297 0.074864 0.004184
-0.603629 0.174614 0.066308
-0.593053 0.191785 0.002203
-0.641724 0.261568 0.050651
-0.570312 0.135710 0.057458
-0.565715 0.140279 0.015843
-0.517396 0.046631 0.048615
-0.605814 0.207936 0.022028
-0.620158 0.234970 0.014840
-0.568521 0.121241 0.041432
-0.623958 0.230999 0.049887
-0.610795 0.207118 -0.000333
-0.615818 0.223666 0.027382
-0.514471 0.048377 0.025995
-0.630217 0.261510 -0.015362
-0.613693 0.188778 0.077203
-0.610158 0.206030 -0.000390
-0.575882 0.145037 0.058548
-0.580106 0.135782 0.059831
-0.628663 0.240322 -0.007718
-0.585299 0.165686 0.044204
-0.573394 0.118393 0.078922
-0.636079 0.228276 0.074923
-0.563055 0.119249 0.016594
-0.568653 0.123300 0.035357
-0.632861 0.242735 0.008424
-0.614287 0.189824 0.077151
-0.638114 0.253788 0.055704
-0.612909 0.217404 0.031425
-0.540478 0.083412 0.005627
-0.574899 0.130719 0.046674
-0.553092 0.091942 0.049895
-0.618144 0.215599 0.013805
-0.579105 0.149013 0.010161
-0.602744 0.193270 0.053036
-0.549496 0.103156 -0.008012
-0.523702 0.042694 0.044230
-0.540311 0.062955 0.072556
-0.525274 0.053072 0.072574
-0.552188 0.081535 0.079228
-0.638766 0.248905 0.075658
-0.559243 0.100894 0.080217
-0.581609 0.142173 0.047272
-0.637883 0.233900 0.066640
-0.571400 0.147128 0.025821
-0.524244 0.053006 0.013127
-0.552763 0.124932 -0.007745
-0.578233 0.134801 0.052309
-0.538058 0.101316 -0.017005
-0.606398 0.185355 0.046593
-0.527628 0.069055 0.033073
-0.607952 0.218357 -0.000254
-0.636380 0.250657 0.002382
-0.636318 0.251421 -0.000509
-0.589425 0.169739 0.054492
-0.567183 0.124370 0.077090
-0.533441 0.064990 0.026273
-0.591656 0.174101 0.052854
-0.550331 0.088035 0.046973
-0.584746 0.165488 -0.012055
-0.635460 0.253984 0.039784
-0.575667 0.160443 0.006188
-0.527956 0.047029 0.054322
-0.645384 0.260911 0.061971
-0.596533 0.160774 0.071405
-0.580066 0.145868 0.079865
-0.576753 0.163682 0.001688
-0.522606 0.058105 0.040517
-0.572544 0.127285 0.044520
-0.584477 0.165164 -0.012525
-0.534937 0.076638 -0.003773
-0.554244 0.102070 0.076644
-0.565603 0.136593 0.027432
-0.636805 0.253937 -0.006056
-0.628146 0.237762 0.051539
-0.560136 0.115574 0.012000
-0.594537 0.180133 0.049414
-0.634412 0.253905 0.034016
-0.565585 0.117129 0.038188
-0.622745 0.221918 0.073042
-0.618757 0.227605 0.031223
-0.618883 0.224154 -0.010336
-0.593374 0.174192 0.008701
-0.568723 0.115206 0.079882
-0.593676 0.182908 0.035252
-0.605082 0.213059 0.000815
-0.581718 0.172743 0.000183
-0.559947 0.123714 -0.016107
-0.546683 0.096917 -0.003494
-0.562316 0.125752 -0.009241
-0.616409 0.227506 0.018044
-0.517859 0.045511 0.033414
-0.551549 0.117253 0.010753
-0.621670 0.242425 -0.001199
-0.583432 0.173380 0.007928
-0.517810 0.056240 0.019111
-0.562263 0.119329 0.011774
-0.590955 0.156839 0.079632
-0.530332 0.065649 0.059931
-0.613171 0.196193 0.049594
-0.610923 0.204904 0.007749
-0.587556 0.182363 0.001844
-0.527004 0.061132 0.002041
-0.538762 0.067062 0.050011
-0.605547 0.203045 -0.017013
-0.604083 0.194733 0.055889
-0.535921 0.094286 -0.017182
-0.553445 0.113184 0.035165
-0.555264 0.131444 -0.014968
-0.584173 0.143076 0.059023
-0.526661 0.054887 0.074528
-0.634372 0.242725 0.070892
-0.544053 0.071267 0.066500
-0.644465 0.251545 0.045951
-0.555469 0.126839 0.001493
-0.596053 0.171335 0.033599
-0.621681 0.243708 -0.005396
-0.595977 0.182617 -0.004279
-0.572272 0.157841 -0.004716
-0.603962 0.186361 0.029235
-0.638732 0.251627 0.066430
-0.563680 0.131805 0.032254
-0.568869 0.116371 0.059597
-0.534954 0.073838 0.005616
-0.545923 0.107785 0.009802
-0.550056 0.120244 -0.007761
-0.641389 0.255834 0.014023
-0.531794 0.077846 0.027869
-0.595055 0.161141 0.061684
-0.535531 0.077409 -0.002917
-0.515125 0.057661 -0.001050
-0.558596 0.124104 0.028561
-0.599814 0.188267 -0.000957
-0.589725 0.168461 0.060459
-0.625107 0.227630 0.013939
-0.526126 0.065478 0.036301
-0.587950 0.152022 0.051068
-0.612592 0.214944 0.037770
-0.632589 0.242380 0.008035
-0.549711 0.100911 0.000672
-0.613603 0.198605 0.079334
-0.611719 0.210916 -0.007623
-0.538465 0.101046 -0.010744
-0.567418 0.142627 0.017847
-0.545813 0.087361 0.076953
-0.534544 0.065435 0.031144
-0.549868 0.092950 0.080960
-0.518414 0.045195 0.033603
-0.597185 0.198066 0.005138
-0.550901 0.097766 0.071693
-0.617641 0.220644 -0.005830
-0.577042 0.149945 -0.004799
-0.620454 0.210400 0.044352
-0.605363 0.203165 0.035264
-0.593415 0.185489 0.025181
-0.593202 0.194067 -0.004512
-0.516845 0.047522 -0.011246
-0.616773 0.229337 -0.019177
-0.598624 0.206139 -0.018257
-0.586767 0.166670 -0.004350
-0.512780 0.050084 0.010598
-0.631261 0.264140 -0.018079
-0.565527 0.119159 0.031117
-0.612364 0.214435 0.038148
-0.527944 0.055539 0.026007
-0.618213 0.216837 0.010093
-0.541046 0.070641 0.051277
-0.549686 0.097196 0.012859
-0.594509 0.187790 0.023838
-0.593563 0.186156 0.023822
-0.604695 0.182786 0.045317
-0.553154 0.086628 0.067886
-0.584787 0.145842 0.053376
-0.549627 0.077953 0.079998
-0.559951 0.096664 0.073685
-0.586803 0.185502 -0.012905
-0.580858 0.153740 0.058300
-0.525545 0.063955 -0.015723
-0.637234 0.255589 0.044663
-0.550349 0.107444 -0.017336
-0.520455 0.043963 0.021337
-0.637394 0.250926 0.007324
-0.545606 0.083136 0.036044
-0.569817 0.147865 0.014269
-0.622394 0.213873 0.043983
-0.618726 0.207490 0.044062
-0.567232 0.143534 0.013766
-0.549155 0.080170 0.066310
-0.591876 0.162148 0.040054
-0.578299 0.162044 0.016014
-0.536287 0.068203 0.081159
-0.619115 0.221362 0.000264
-0.638188 0.251899 0.062395
-0.534987 0.094634 -0.009478
-0.541605 0.099995 0.010813
-0.617116 0.235342 -0.003896
-0.599391 0.164000 0.078963
-0.576167 0.144908 0.006886
-0.617043 0.208411 0.031322
-0.644211 0.249663 0.050734
-0.593700 0.186066 0.024907
-0.606996 0.206346 0.034107
-0.646429 0.249951 0.062540
-0.610752 0.190181 0.055630
-0.611240 0.202245 0.018396
-0.634045 0.249895 -0.008523
-0.608428 0.196089 0.076382
-0.608164 0.207961 -0.018270
-0.513974 0.048656 0.022212
-0.550849 0.079674 0.077703
-0.588918 0.146693 0.074320
-0.544468 0.092745 -0.002393
-0.609448 0.191738 0.042955
-0.624231 0.224635 0.018838
-0.594579 0.187880 0.023944
-0.531031 0.083418 0.004984
-0.645041 0.246418 0.066278
-0.572134 0.144900 0.037441
-0.643021 0.257025 0.073190
-0.649276 0.258269 0.051317
-0.539914 0.074870 0.081109
-0.559997 0.115745 0.010626
-0.607561 0.188059 0.079453
-0.547540 0.106373 -0.017954
-0.646941 0.254737 0.049603
-0.554839 0.101937 0.026772
-0.605990 0.199085 0.052415
-0.556986 0.112994 0.056169
-0.613439 0.216438 -0.016052
-0.616014 0.233002 -0.002472
-0.571947 0.136077 0.011909
-0.593005 0.194049 -0.005583
-0.514504 0.048190 0.026806
-0.552912 0.118395 0.014804
-0.633111 0.257038 0.016129
-0.559485 0.116878 0.057657
-0.625392 0.237139 -0.015977
-0.539747 0.095393 0.015395
-0.550289 0.078820 0.077314
-0.625562 0.236186 0.041896
-0.518300 0.047983 -0.004403
-0.601704 0.170680 0.068288
-0.570128 0.130393 0.074041
-0.599070 0.166918 0.065612
-0.517827 0.046057 -0.000729
-0.528854 0.057025 0.026316
-0.573696 0.146433 0.041340
-0.525879 0.050264 0.031638
-0.558934 0.133644 -0.001155
-0.551400 0.082486 0.071538
-0.603101 0.179432 0.079485
-0.547934 0.105495 0.028971
-0.622700 0.227037 0.055793
-0.565184 0.143553 0.001923
-0.520130 0.068371 -0.007800
-0.642875 0.262026 0.033623
-0.614340 0.215166 0.047088
-0.619732 0.199078 0.077770
-0.609454 0.191550 0.043617
-0.627282 0.220242 0.050973
-0.565076 0.105766 0.079750
-0.584574 0.167093 -0.018373
-0.648221 0.249324 0.074931
-0.580811 0.140201 0.049225
-0.634314 0.261443 0.008438
-0.521860 0.057036 0.039774
-0.571584 0.128823 0.033896
-0.556274 0.126871 0.006021
-0.614736 0.206662 0.077588
-0.586144 0.180807 -0.001115
-0.513977 0.047172 -0.016028
-0.618568 0.219868 0.055810
-0.638428 0.258384 -0.011477
-0.626812 0.226307 0.079382
-0.605514 0.182417 0.051256
-0.643078 0.261779 0.022342
-0.560838 0.129074 0.024968
-0.577646 0.155482 0.034036
-0.603995 0.187423 0.079641
-0.567695 0.128092 0.067684
-0.619291 0.220497 0.057881
-0.522345 0.045709 0.080152
-0.518251 0.055187 0.025144
-0.642457 0.247347 0.048333
-0.517710 0.047618 -0.006584
-0.609439 0.186039 0.079064
-0.608413 0.223492 -0.014640
-0.522218 0.052966 0.001606
-0.528827 0.057340 0.025113
-0.606576 0.218400 -0.008316
-0.591911 0.155727 0.061566
-0.537081 0.055496 0.078722
-0.556344 0.103890 0.028952
-0.646151 0.249864 0.061233
-0.530858 0.056289 0.040289
-0.624106 0.248203 -0.006358
-0.623705 0.219276 0.033599
-0.562055 0.128845 0.032730
-0.629447 0.237818 0.005099
-0.626327 0.242918 0.023962
-0.609423 0.222585 -0.005821
-0.568490 0.145752 0.013643
-0.565624 0.133721 0.037084
-0.616694 0.219473 0.046339
-0.620812 0.203491 0.069337
-0.544138 0.085379 0.073892
-0.538409 0.083027 0.048733
-0.627216 0.213260 0.078461
-0.630022 0.247073 0.031431
-0.521039 0.047742 0.012156
-0.622171 0.221398 0.071464
-0.619472 0.231302 0.023067
-0.587825 0.182060 0.004397
-0.613505 0.217026 0.036116
-0.584230 0.143706 0.057264
-0.561352 0.118041 0.064540
-0.578524 0.161242 0.019972
-0.566651 0.142690 0.013228
-0.608968 0.216294 0.012440
-0.605990 0.183737 0.049613
-0.542301 0.083818 0.014763
-0.629702 0.246411 0.031787
-0.546913 0.075509 0.068877
-0.520480 0.048927 0.058740
-0.529466 0.046634 0.064322
-0.577609 0.133510 0.053003
-0.549350 0.120330 -0.012113
-0.544575 0.095666 -0.011470
-0.536884 0.084461 0.035201
-0.581306 0.149444 0.075132
-0.609525 0.215542 0.018136
-0.607491 0.181033 0.078996
-0.617641 0.219224 -0.001121
-0.590970 0.149831 0.079164
-0.514175 0.049892 0.019265
-0.614991 0.221366 0.030260
-0.589489 0.175566 0.035523
-0.540144 0.104561 -0.012749
-0.586901 0.161810 0.066287
-0.566924 0.143349 0.012610
-0.620695 0.232788 0.025171
-0.597574 0.183238 0.002847
-0.536108 0.083726 0.033177
-0.589046 0.153462 0.052595
-0.613065 0.224891 -0.018970
-0.581384 0.161396 0.035915
-0.632730 0.253236 0.026560
-0.608909 0.190091 0.045325
-0.519184 0.045717 0.008206
-0.554296 0.105422 0.065820
-0.534093 0.059877 0.046992
-0.623044 0.210870 0.078868
-0.520368 0.059720 0.022283
-0.535641 0.053829 0.075971
-0.519359 0.044712 0.012545
-0.542159 0.076009 0.039863
-0.515455 0.046701 0.016773
-0.585039 0.155625 0.022365
-0.644789 0.251489 0.048003
-0.624824 0.213864 0.057996
-0.536081 0.057154 0.067467
-0.617475 0.214319 0.014199
-0.539787 0.077658 0.020747
-0.576281 0.150867 -0.012239
-0.553912 0.129245 -0.017300
-0.573155 0.145531 0.041224
-0.639611 0.263837 0.028005
-0.532582 0.079728 0.026156
-0.524825 0.059049 -0.003584
-0.537984 0.076973 0.012640
-0.562034 0.124237 0.047903
-0.622210 0.241916 0.003594
-0.568134 0.125470 0.078909
-0.611827 0.211960 0.043272
-0.632150 0.241649 0.007938
-0.533664 0.073079 0.054450
-0.590296 0.164013 0.024773
-0.554121 0.128873 -0.013009
-0.531635 0.056624 0.043646
-0.628150 0.247254 0.020055
-0.545328 0.085527 0.026510
-0.538863 0.080171 0.007091
-0.549710 0.115611 -0.017635
-0.579707 0.156621 -0.011619
-0.513993 0.047403 0.004741
-0.594234 0.175623 0.062634
-0.594235 0.197649 -0.010454
-0.636591 0.258710 0.030604
-0.601348 0.180139 0.034844
-0.620688 0.242293 -0.006411
-0.583049 0.178807 -0.012285
-0.622220 0.224264 0.062235
-0.575626 0.125050 0.069671
-0.641848 0.255123 0.019024
-0.551722 0.086686 0.059454
-0.522466 0.066316 0.012462
-0.606374 0.183786 0.051659
-0.580529 0.164751 0.019866
-0.530793 0.089082 -0.015177
-0.525741 0.075494 0.000849
-0.547623 0.079868 0.058498
-0.585282 0.168326 -0.018389
-0.528434 0.040708 0.078046
-0.554590 0.107147 0.008056
-0.521444 0.055196 -0.010249
-0.590363 0.150554 0.069824
-0.576401 0.124777 0.075039
-0.640452 0.262930 -0.008782
-0.631100 0.234403 0.025944
-0.610704 0.212164 -0.017605
-0.544953 0.107508 0.005140
-0.541786 0.097820 0.019072
-0.526758 0.062588 0.049529
-0.591923 0.161125 0.079785
-0.590650 0.163507 0.028492
-0.644039 0.251910 0.042287
-0.587843 0.154315 0.042847
-0.566097 0.109820 0.065392
-0.578595 0.139476 0.038879
-0.517495 0.046196 -0.003105
-0.586885 0.152425 0.079890
-0.556449 0.114898 -0.006976
-0.627078 0.230302 0.016410
-0.609092 0.199000 0.070542
-0.514958 0.046815 0.001891
-0.533122 0.059532 0.081012
-0.525837 0.060798 0.050171
-0.604614 0.216190 -0.012267
-0.592006 0.194849 -0.018109
-0.617909 0.195902 0.077817
-0.645126 0.255617 0.036241
-0.620869 0.245473 -0.015923
-0.576669 0.152495 -0.015410
-0.595507 0.199728 -0.010034
-0.634937 0.257732 0.024337
-0.576310 0.123545 0.078601
-0.575097 0.159610 0.005669
-0.549880 0.103400 0.047126
-0.560663 0.136831 -0.001783
-0.639695 0.238232 0.062686
-0.589821 0.164679 0.073566
-0.529703 0.077819 0.015929
-0.614751 0.206494 0.024497
-0.611602 0.206370 0.006791
-0.590489 0.166963 0.069828
-0.545512 0.100437 0.031823
-0.601771 0.180189 0.037113
-0.553621 0.115416 0.028770
-0.641090 0.239984 0.064898
-0.576208 0.152707 0.034970
-0.589697 0.191148 -0.014990
-0.602352 0.182301 0.033448
-0.588247 0.178852 0.017473
-0.620476 0.244458 -0.014817
-0.607733 0.206123 -0.014653
-0.567122 0.121277 0.033265
-0.561327 0.132593 0.016101
-0.594374 0.200002 -0.017460
-0.532782 0.080299 0.025412
-0.543958 0.067892 0.077151
-0.596854 0.164438 0.061094
-0.579348 0.147278 0.017321
-0.577545 0.147888 0.004921
-0.550276 0.109658 -0.018107
-0.548701 0.085453 0.046165
-0.584502 0.161743 -0.001033
-0.586115 0.153679 0.080078
-0.574267 0.140320 0.011176
-0.633445 0.265538 -0.010157
-0.613576 0.221296 0.022349
-0.514606 0.046866 -0.011208
-0.573751 0.142627 0.000552
-0.514493 0.046945 -0.010001
-0.551542 0.121845 -0.004528
-0.631935 0.238176 0.018225
-0.593401 0.176394 0.001550
-0.595472 0.175373 0.016855
-0.557665 0.109741 0.017135
-0.612356 0.212903 0.043182
-0.647337 0.254485 0.052717
-0.588733 0.177279 0.025493
-0.542452 0.085040 0.065317
-0.613241 0.213806 0.045279
-0.590443 0.167087 0.015416
-0.510778 0.049393 0.001377
-0.638740 0.233284 0.073617
-0.542849 0.086986 0.061143
-0.610788 0.221165 0.006744
-0.639700 0.246007 0.036914
-0.647370 0.259773 0.062276
-0.525766 0.042798 0.055759
-0.613214 0.209211 0.060374
-0.583209 0.164622 -0.018029
-0.592638 0.186499 0.017364
-0.544569 0.089789 0.007997
-0.568363 0.126295 0.077490
-0.622296 0.233918 0.030632
-0.600147 0.185834 0.062774
-0.634913 0.232756 0.053352
-0.536690 0.079122 0.051802
-0.517617 0.056714 0.016427
-0.517661 0.052689 0.030036
-0.547077 0.076118 0.067800
-0.583854 0.156907 0.065025
-0.606980 0.187568 0.042592
-0.552331 0.123059 -0.004015
-0.568172 0.114551 0.061631
-0.642156 0.246096 0.050752
-0.597648 0.187831 0.041765
-0.618353 0.200596 0.064796
-0.523317 0.042883 0.077521
-0.552697 0.098039 0.027386
-0.548078 0.074475 0.079012
-0.613291 0.217721 0.032570
-0.617094 0.221706 -0.012502
-0.635741 0.252052 -0.005923
-0.551249 0.094286 0.080862
-0.540193 0.078835 0.019179
-0.632981 0.240215 0.071215
-0.630125 0.233754 0.022486
-0.538773 0.081634 0.055452
-0.585169 0.165700 0.043411
-0.594187 0.177689 0.055507
-0.531693 0.049792 0.080559
-0.638516 0.255585 0.052055
-0.534768 0.080376 -0.017152
-0.625529 0.227956 0.015284
-0.562583 0.109018 0.047830
-0.553459 0.087624 0.066332
-0.538464 0.079268 0.007789
-0.598122 0.164396 0.068533
-0.528869 0.051617 0.044350
-0.593188 0.189678 0.009974
-0.587150 0.162584 0.011413
-0.566083 0.129745 -0.000817
-0.624597 0.250693 -0.011800
-0.647731 0.253697 0.057601
-0.585843 0.174899 0.016758
-0.573863 0.145182 -0.007281
-0.635488 0.265880 -0.000320
-0.567206 0.127371 0.067258
-0.537241 0.068840 0.035363
-0.537740 0.066476 0.046075
-0.636338 0.243534 0.025777
-0.588563 0.147498 0.069608
-0.604677 0.208638 0.013159
-0.570537 0.152395 0.003381
-0.547123 0.112672 0.000491
-0.581485 0.137489 0.062099
-0.597397 0.179201 0.068962
-0.574423 0.122230 0.072110
-0.643408 0.242491 0.069920
-0.636979 0.242186 0.033943
-0.535296 0.066654 0.031427
-0.581231 0.158673 -0.009661
-0.604636 0.200410 -0.013507
-0.631806 0.249869 0.032413
-0.577190 0.144588 0.067564
-0.610219 0.203262 0.009151
-0.590120 0.167320 0.012786
-0.561247 0.109953 0.080546
-0.591058 0.166400 0.021237
-0.522027 0.054882 0.047881
-0.525426 0.074174 -0.017094
-0.624648 0.235110 0.040212
-0.537377 0.077495 0.061155
-0.588567 0.188354 -0.012217
-0.520020 0.070689 -0.016126
-0.525465 0.051141 0.080079
-0.638108 0.264396 0.001565
-0.624018 0.217157 0.042427
-0.532453 0.086824 0.001868
-0.517287 0.045531 0.006655
-0.579602 0.131194 0.072157
-0.587952 0.160829 0.075590
-0.633242 0.253725 0.027880
-0.593928 0.155617 0.073535
-0.624093 0.225447 0.069087
-0.593392 0.169007 0.026009
-0.632703 0.238313 0.022189
-0.559993 0.132109 0.010033
-0.555100 0.109764 0.056039
-0.633370 0.239417 0.076100
-0.616927 0.219868 -0.007363
-0.630878 0.246215 0.039199
-0.583418 0.162045 -0.008271
-0.566698 0.147410 -0.002166
-0.608278 0.193294 0.079703
-0.532332 0.060622 0.034388
-0.576011 0.166978 -0.013519
-0.552260 0.100842 0.069309
-0.586122 0.158839 0.017930
-0.531303 0.071820 -0.008695
-0.549950 0.116644 0.003578
-0.625382 0.210699 0.071711
-0.605195 0.202078 0.037906
-0.609445 0.200802 0.012858
-0.641469 0.262770 0.028070
-0.527893 0.058618 0.069232
-0.569618 0.156661 -0.016067
-0.564253 0.146427 -0.012972
-0.581869 0.156162 0.056079
-0.599504 0.202839 0.002636
-0.517719 0.059057 0.009241
-0.560463 0.128543 -0.018235
-0.523994 0.043593 0.042926
-0.519457 0.056437 0.027933
-0.523708 0.042528 0.066232
-0.588554 0.161208 0.024061
-0.550306 0.094256 0.079919
-0.630688 0.233181 0.027630
-0.599593 0.186316 0.004249
-0.587996 0.179933 0.012442
-0.567327 0.122195 0.031400
-0.564912 0.116286 0.037114
-0.581338 0.152013 0.066792
-0.642531 0.257169 0.016158
-0.608197 0.191530 0.036453
-0.612206 0.188947 0.068088
-0.589483 0.190712 -0.014771
-0.598643 0.181698 0.067842
-0.519697 0.059352 -0.017301
-0.622491 0.222668 0.015358
-0.587910 0.161497 0.019391
-0.540736 0.081110 0.014750
-0.557410 0.115948 -0.004932
-0.530197 0.044506 0.075585
-0.519209 0.065344 -0.003050
-0.621811 0.231686 -0.018483
-0.578179 0.147316 0.010469
-0.604155 0.195320 0.054352
-0.526178 0.077269 -0.002529
-0.605269 0.218853 -0.017342
-0.538749 0.075064 0.023381
-0.546825 0.112324 -0.000066
-0.592234 0.168530 0.074668
-0.615120 0.219365 0.037645
-0.561280 0.118394 0.009221
-0.614685 0.195913 0.059233
-0.535678 0.096472 -0.017004
-0.552711 0.118189 0.014334
-0.556628 0.117811 -0.015611
-0.577680 0.131129 0.061319
-0.572520 0.157516 -0.002205
-0.553252 0.087845 0.064413
-0.628671 0.216073 0.072801
-0.643540 0.261469 0.018503
-0.519358 0.049481 -0.003286
-0.580443 0.157181 0.044493
-0.626242 0.248742 0.004143
-0.567930 0.129202 0.065349
-0.522232 0.062817 0.022730
-0.610803 0.185307 0.072092
-0.635867 0.256121 0.035031
-0.636569 0.265298 0.003069
-0.634430 0.243130 0.016142
-0.564802 0.130147 0.044214
-0.632678 0.245339 0.052465
-0.596556 0.174548 0.079566
-0.562797 0.139486 0.001689
-0.625834 0.224192 0.029532
-0.626156 0.249511 0.001096
-0.537039 0.097632 -0.007618
-0.599827 0.202964 0.004080
-0.633080 0.257256 -0.019535
-0.623755 0.233139 -0.012121
-0.516877 0.048979 0.037842
-0.554332 0.091292 0.059183
-0.567296 0.136377 0.037888
-0.614730 0.198521 0.050839
-0.611262 0.187308 0.068092
-0.569444 0.143775 -0.018441
-0.525140 0.041940 0.055006
-0.544998 0.084718 0.081036
-0.601773 0.206593 0.003235
-0.605036 0.189586 0.024715
-0.635017 0.239233 0.032448
-0.634897 0.264218 0.002577
-0.595214 0.185223 0.036417
-0.592878 0.187610 0.015051
-0.601450 0.184780 0.020031
-0.627754 0.246092 0.021637
-0.570813 0.156784 -0.009597
-0.580926 0.173209 -0.005924
-0.563357 0.119253 0.072051
-0.561022 0.105174 0.051606
-0.639847 0.251395 0.073613
-0.553673 0.099784 0.027210
-0.517890 0.050033 -0.013561
-0.614607 0.227511 0.007657
-0.515005 0.047095 0.028549
-0.580671 0.160702 0.034121
-0.530300 0.057873 0.031820
-0.600317 0.182656 0.020562
-0.633018 0.243301 0.007449
-0.562538 0.125801 0.045610
-0.525757 0.049435 0.033684
-0.557829 0.126799 0.015209
-0.614523 0.196266 0.057128
-0.551563 0.081911 0.074387
-0.637548 0.247371 0.020004
-0.584647 0.164876 0.043141
-0.567375 0.151109 -0.010546
-0.638254 0.257857 -0.010727
-0.599117 0.170075 0.079404
-0.622007 0.221671 0.015881
-0.599651 0.200183 0.012294
-0.574192 0.153818 0.019685
-0.640965 0.252985 0.021039
-0.569300 0.133923 0.003829
-0.586776 0.171641 0.032941
-0.619659 0.232268 -0.019374
-0.623050 0.208735 0.064809
-0.573759 0.137351 0.071842
-0.556513 0.120805 0.027529
-0.551752 0.116553 0.014242
-0.633210 0.230441 0.051232
-0.536888 0.096038 -0.003197
-0.582499 0.152909 0.016763
-0.528831 0.070105 -0.017229
-0.554739 0.103308 0.021648
-0.600031 0.199761 0.015887
-0.508904 0.051090 -0.015038
-0.534025 0.059906 0.046507
-0.525139 0.051286 0.023988
-0.514454 0.047181 0.008481
-0.612592 0.188577 0.071535
-0.588168 0.168389 -0.001997
-0.567478 0.109277 0.075137
-0.608015 0.211354 0.023348
-0.609260 0.185197 0.063579
-0.610021 0.209630 0.040610
-0.591102 0.160941 0.039607
-0.609738 0.196510 0.028788
-0.649487 0.253857 0.067172
-0.530757 0.061446 0.076327
-0.543946 0.106933 0.001257
-0.617100 0.223522 0.035239
-0.637234 0.246513 0.074783
-0.530507 0.070476 0.044922
-0.565734 0.120126 0.029097
-0.578308 0.155777 0.036863
-0.515706 0.047102 0.037330
-0.549959 0.100842 0.056069
-0.604697 0.201402 0.037288
-0.546125 0.115561 -0.014843
-0.514139 0.047792 0.026024
-0.592572 0.168933 0.075278
-0.620159 0.221592 0.059246
-0.517720 0.050272 0.038402
-0.566841 0.116831 0.046400
-0.541142 0.081737 0.015003
-0.570773 0.153704 0.000393
-0.640104 0.263239 0.000730
-0.628895 0.240183 -0.005924
-0.559684 0.122842 0.039012
-0.603781 0.192384 0.061945
-0.525670 0.052335 0.077292
-0.561609 0.105343 0.054424
-0.542096 0.073626 0.047410
-0.570884 0.154684 -0.002222
-0.544224 0.085203 0.021237
-0.565499 0.143543 0.003771
-0.613634 0.205462 0.075233
-0.554053 0.093064 0.051697
-0.536559 0.083439 -0.017012
-0.544341 0.103944 0.013448
-0.643480 0.248525 0.050306
-0.548453 0.105707 0.031260
-0.526034 0.042352 0.058785
-0.558807 0.096888 0.066361
-0.606880 0.208036 0.027831
-0.581770 0.170545 0.007776
-0.628908 0.231638 0.076240
-0.590005 0.164318 0.022089
-0.642234 0.260792 0.002424
-0.520331 0.044232 0.045622
-0.637053 0.262023 0.022266
-0.635612 0.253801 -0.012472
-0.608552 0.179956 0.076901
-0.589976 0.156408 0.079736
-0.576198 0.128388 0.061885
-0.629392 0.243798 0.038671
-0.646987 0.259843 0.049232
-0.614582 0.208704 0.016191
-0.597637 0.185406 -0.003986
-0.579571 0.149022 0.012815
-0.540218 0.098187 0.008832
-0.625946 0.236241 -0.009813
-0.623169 0.239672 0.016562
-0.634456 0.247042 0.057046
-0.567970 0.110399 0.074243
-0.537019 0.080718 -0.005338
-0.635219 0.252455 0.043470
-0.585310 0.140982 0.072521
-0.568016 0.152967 -0.013023
-0.640080 0.261790 0.040459
-0.584175 0.160116 0.056227
-0.530098 0.053037 0.046707
-0.548662 0.092675 0.075710
-0.620976 0.221119 0.011780
-0.552472 0.103741 0.060904
-0.599899 0.173989 0.046917
-0.649030 0.258010 0.050763
-0.570091 0.133798 0.062529
-0.533717 0.087729 -0.017318
-0.565671 0.127123 0.005511
-0.527146 0.066106 -0.013647
-0.610539 0.211969 -0.017908
-0.567400 0.147534 0.001461
-0.537620 0.073843 0.020939
-0.574863 0.140642 0.067273
-0.526836 0.040864 0.077859
-0.546121 0.097206 -0.007683
-0.591372 0.159233 0.046830
-0.595292 0.173883 0.020759
-0.585698 0.185066 -0.017813
-0.549386 0.119261 -0.008354
-0.609704 0.213474 0.026034
-0.584515 0.163291 -0.006094
-0.537143 0.078843 0.001603
-0.514787 0.049389 0.024455
-0.589247 0.169981 -0.001068
-0.564010 0.115678 0.033939
-0.590433 0.181542 -0.018779
-0.589046 0.158890 0.034581
-0.549473 0.099926 0.056311
-0.561819 0.103211 0.062708
-0.544841 0.080481 0.040453
-0.607658 0.185969 0.051801
-0.539669 0.098983 -0.017378
-0.586078 0.183578 -0.010691
-0.548386 0.078414 0.080196
-0.516511 0.047548 -0.013254
-0.595661 0.191403 0.018476
-0.643245 0.247122 0.053611
-0.632623 0.250505 -0.018729
-0.650860 0.254507 0.072919
-0.557458 0.115766 -0.004051
-0.554049 0.095259 0.044390
-0.613856 0.213983 -0.005502
-0.643798 0.244524 0.065416
-0.595763 0.173642 0.078005
-0.563135 0.117884 0.021586
-0.601033 0.191089 0.050429
-0.570441 0.142097 -0.016734
-0.532062 0.049659 0.069218
-0.623979 0.249989 -0.013020
-0.615517 0.193589 0.071734
-0.561306 0.132902 0.014958
-0.546422 0.077887 0.080428
-0.535467 0.054768 0.071855
-0.618231 0.213801 0.074006
-0.645764 0.260559 0.050429
-0.586847 0.157817 0.025491
-0.535645 0.058957 0.058977
-0.635446 0.245292 0.068551
-0.628898 0.241167 -0.009171
-0.518622 0.068177 -0.015829
-0.551740 0.090114 0.048181
-0.639005 0.249830 0.073967
-0.590367 0.192556 -0.015806
-0.548469 0.084898 0.046667
-0.596578 0.184358 -0.006602
-0.647722 0.259502 0.056343
-0.641543 0.258236 0.006937
-0.584372 0.149319 0.039451
-0.622891 0.234915 -0.019636
-0.561794 0.111074 0.036469
-0.576906 0.131355 0.056111
-0.602516 0.179374 0.044103
-0.620336 0.219310 0.067837
-0.537816 0.074652 0.073119
-0.587455 0.163400 0.010459
-0.534353 0.068469 0.073712
-0.645467 0.260476 0.028369
-0.538396 0.084859 -0.011154
-0.612695 0.206552 0.066214
-0.600884 0.176936 0.079619
-0.596647 0.195677 0.009971
-0.534598 0.087218 0.012896
-0.580264 0.134514 0.064949
-0.589739 0.156645 0.046019
-0.541008 0.075483 0.034987
-0.581788 0.147767 0.029739
-0.638792 0.258628 0.043542
-0.627445 0.232904 0.063622
-0.537168 0.068139 0.037264
-0.553630 0.097542 0.034404
-0.596120 0.183049 0.048842
-0.592701 0.173534 0.007012
-0.575399 0.126625 0.063136
-0.614500 0.214665 0.049671
-0.612277 0.203335 0.020744
-0.553523 0.127355 -0.011417
-0.623102 0.228049 0.054747
-0.605317 0.216230 -0.008359
-0.523677 0.049503 0.075227
-0.528202 0.072025 0.026521
-0.637276 0.251841 0.003608
-0.576035 0.164130 -0.003936
-0.633156 0.251713 -0.019673
-0.595168 0.175227 0.069325
-0.611526 0.214177 0.034178
-0.517658 0.057629 0.013628
-0.610436 0.211081 0.038180
-0.555005 0.118366 0.026942
-0.545484 0.112666 -0.017258
-0.544532 0.088579 0.011803
-0.622559 0.242372 0.004093
-0.635495 0.235007 0.049224
-0.613808 0.196995 0.050595
-0.593870 0.172452 0.017332
-0.643619 0.245894 0.059840
-0.546624 0.089591 0.020480
-0.551120 0.110205 0.031672
-0.593456 0.190213 0.009740
-0.569521 0.152013 -0.001202
-0.525550 0.077902 -0.008244
-0.537954 0.091257 0.018801
-0.529283 0.069749 -0.013445
-0.605489 0.178548 0.063953
-0.539536 0.074697 0.029129
-0.639837 0.253508 0.012809
-0.528969 0.071165 0.033786
-0.618157 0.216674 0.064047
-0.574952 0.142316 0.008495
-0.626596 0.251487 -0.002934
-0.599491 0.181943 0.071911
-0.594773 0.155873 0.077548
-0.590010 0.187816 -0.002130
-0.574123 0.144263 0.050998
-0.584648 0.168373 -0.018869
-0.533130 0.070562 0.005991
-0.636460 0.251944 -0.001429
-0.526650 0.072242 -0.017388
-0.569946 0.147276 -0.018277
-0.523230 0.042620 0.050364
-0.531575 0.057174 0.041475
-0.536610 0.089826 0.015819
-0.551784 0.109318 -0.015300
-0.543545 0.096363 -0.018077
-0.535976 0.056454 0.069189
-0.614023 0.217587 -0.016501
-0.527719 0.083189 -0.013311
-0.550726 0.118362 0.002334
-0.574911 0.130262 0.048259
-0.647057 0.259735 0.043427
-0.620048 0.218457 0.015273
-0.630624 0.226152 0.050589
-0.587591 0.167233 0.052260
-0.635732 0.233718 0.078665
-0.541143 0.103073 -0.017306
-0.549865 0.098862 0.008365
-0.609600 0.221258 -0.000399
-0.560293 0.125034 0.035236
-0.629947 0.253976 0.008087
-0.604221 0.176035 0.064991
-0.626220 0.237284 0.042041
-0.530043 0.084625 -0.004703
-0.613483 0.211235 0.001465
-0.554361 0.088414 0.068902
-0.617058 0.238068 -0.013280
-0.601457 0.198860 -0.019124
-0.628016 0.241476 0.038462
-0.604433 0.183624 0.079582
-0.613292 0.193345 0.059740
-0.585058 0.151056 0.037636
-0.537913 0.095796 0.003506
-0.561338 0.134907 -0.017931
-0.640062 0.263572 0.027460
-0.642035 0.259792 0.058339
-0.640625 0.262544 0.041092
-0.520711 0.043829 0.029665
-0.566419 0.125220 0.069874
-0.586267 0.162293 0.061033
-0.564048 0.136753 0.017953
-0.618713 0.214836 0.019608
-0.592877 0.159326 0.055175
-0.641758 0.242196 0.061405
-0.519225 0.063680 0.002565
-0.566280 0.126535 0.010971
-0.527140 0.078752 -0.001919
-0.617850 0.207760 0.038127
-0.578472 0.150893 0.000280
-0.568359 0.151827 -0.007269
-0.569947 0.152716 -0.017916
-0.542799 0.084843 0.067970
-0.559847 0.110696 0.080255
-0.612536 0.216150 0.033443
-0.582446 0.169205 0.016111
-0.593393 0.180957 -0.013641
-0.614844 0.213769 0.054626
-0.525708 0.074024 0.005536
-0.562813 0.129789 -0.018470
-0.513669 0.049826 0.016569
-0.520954 0.053416 0.046575
-0.522263 0.043267 0.058321
-0.596026 0.172853 0.028405
-0.610748 0.188422 0.061438
-0.532202 0.091512 -0.015140
-0.624408 0.214944 0.052014
-0.572520 0.135292 0.071549
-0.514030 0.052436 0.009990
-0.611252 0.214268 0.032303
-0.587028 0.167971 -0.007164
-0.610367 0.196538 0.079635
-0.515177 0.046665 -0.000214
-0.584550 0.163980 -0.008180
-0.645466 0.245102 0.078101
-0.609170 0.181564 0.075124
-0.579086 0.133003 0.063186
-0.516397 0.046010 0.003822
-0.635236 0.242360 0.023334
-0.527387 0.061413 0.003315
-0.621516 0.234877 0.022963
-0.574334 0.163392 -0.011274
-0.574100 0.136122 0.024146
-0.550258 0.111893 0.021110
-0.555327 0.116689 0.034361
-0.525375 0.054722 0.013939
-0.614232 0.209189 0.012568
-0.573152 0.138532 0.064431
-0.579207 0.136965 0.050735
-0.570309 0.140177 -0.011120
-0.625827 0.247005 0.007519
-0.516315 0.046428 0.035990
-0.520866 0.054584 0.042195
-0.616917 0.196274 0.070878
-0.580229 0.162130 0.026833
-0.518823 0.051982 -0.014663
-0.624456 0.217522 0.043741
-0.543156 0.099209 0.022343
-0.529358 0.069078 -0.010787
-0.632360 0.236707 0.025551
-0.632053 0.243416 0.001516
-0.594477 0.173096 0.072420
-0.536982 0.062724 0.054170
-0.610057 0.185742 0.066359
-0.604699 0.216696 -0.018380
-0.592866 0.175601 0.001102
-0.554321 0.096666 0.080603
-0.528774 0.065682 0.050864
-0.598862 0.188809 -0.008234
-0.608523 0.196732 0.021063
-0.534480 0.051923 0.075618
-0.635349 0.251605 -0.006695
-0.641838 0.243901 0.056207
-0.619953 0.202207 0.068658
-0.615218 0.195768 0.062782
-0.573941 0.142171 0.003160
-0.569584 0.137150 -0.005248
-0.527821 0.063924 -0.002527
-0.591527 0.152463 0.079264
-0.576075 0.123053 0.078883
-0.594390 0.177328 0.004144
-0.573005 0.132745 0.029054
-0.572221 0.153864 0.008192
-0.588272 0.164157 0.012649
-0.595167 0.197793 -0.005570
-0.624858 0.214911 0.054717
-0.607573 0.178568 0.075876
-0.521491 0.072254 -0.012851
-0.569798 0.129328 0.021942
-0.554029 0.129095 -0.014279
-0.545261 0.086694 0.075990
-0.587990 0.161169 0.074680
-0.596273 0.167982 0.045993
-0.533821 0.074089 0.052000
-0.636851 0.252523 0.052633
-0.595181 0.195560 0.001921
-0.569831 0.137331 -0.004428
-0.574448 0.128546 0.051294
-0.591017 0.159225 0.044810
-0.627943 0.251033 0.006328
-0.521201 0.055672 -0.013227
-0.561642 0.116562 0.017380
-0.556432 0.111188 0.058976
-0.616192 0.209136 0.077757
-0.573493 0.163587 -0.016756
-0.625512 0.250789 -0.018938
-0.589871 0.150449 0.067343
-0.544334 0.086051 0.019054
-0.515040 0.046836 0.007772
-0.592957 0.172718 0.011192
-0.586667 0.165353 -0.000555
-0.580959 0.145265 0.033267
-0.575773 0.129921 0.054352
-0.626822 0.228894 0.019613
-0.572562 0.139312 0.004715
-0.585704 0.161277 0.007431
-0.604904 0.215414 -0.008024
-0.645387 0.255826 0.037048
-0.624655 0.225117 0.073417
-0.619124 0.205014 0.054569
-0.531007 0.068036 0.002162
-0.549199 0.093187 0.077100
-0.586561 0.154572 0.080077
-0.529369 0.054361 0.038120
-0.610115 0.197134 0.028884
-0.582716 0.167055 0.024800
-0.631100 0.228943 0.044064
-0.624941 0.248946 -0.004021
-0.615486 0.209499 0.072490
-0.640463 0.243051 0.051114
-0.608491 0.209281 0.032968
-0.612878 0.220407 0.021286
-0.609683 0.206798 0.048065
-0.632149 0.242397 0.059187
-0.588083 0.168464 0.051003
-0.640257 0.263353 0.018222
-0.565440 0.140211 0.014489
-0.639127 0.255525 0.002034
-0.619806 0.241782 -0.009788
-0.562115 0.106455 0.053647
-0.609581 0.216675 0.014701
-0.631272 0.246295 -0.012530
-0.609736 0.195280 0.032858
-0.548961 0.081776 0.059864
-0.567904 0.120932 0.038909
-0.569764 0.135172 0.056088
-0.639161 0.261450 -0.017435
-0.606689 0.199652 0.000816
-0.544696 0.101091 0.024961
-0.553714 0.111367 0.042743
-0.527536 0.059612 0.010148
-0.529011 0.077308 -0.017372
-0.590422 0.192021 -0.013719
-0.537974 0.083973 -0.010644
-0.596994 0.204087 -0.015944
-0.553491 0.100184 0.078573
-0.540216 0.088358 0.041441
-0.541822 0.097969 0.018782
-0.541110 0.066989 0.063762
-0.572886 0.144580 0.042830
-0.575030 0.149180 0.039900
-0.513593 0.059572 -0.016208
-0.584326 0.165728 -0.015267
-0.632115 0.241058 0.009695
-0.631699 0.230863 0.041139
-0.589982 0.147700 0.077104
-0.560242 0.099451 0.079986
-0.647800 0.251003 0.066938
-0.618998 0.234068 0.011162
-0.513173 0.049609 0.014437
-0.640225 0.243666 0.078716
-0.635510 0.245065 0.015932
-0.558174 0.107258 0.028307
-0.556971 0.113943 0.052935
-0.623995 0.243078 0.010010
-0.535263 0.057197 0.062618
-0.583048 0.141334 0.058336
-0.623097 0.234274 -0.019676
-0.571351 0.144883 0.032989
-0.580904 0.137865 0.057511
-0.560918 0.123874 0.042684
-0.642571 0.244010 0.060061
-0.537743 0.063905 0.080676
-0.610002 0.214644 0.023864
-0.553066 0.111884 0.037299
-0.618493 0.214111 0.020747
-0.606470 0.201557 0.046972
-0.594091 0.159354 0.079373
-0.574193 0.149367 0.034466
-0.639791 0.233764 0.078066
-0.575418 0.148021 -0.007759
-0.573245 0.130844 0.080307
-0.581288 0.160594 -0.015710
-0.540476 0.099702 0.005287
-0.528127 0.054996 0.028869
-0.557069 0.126961 0.010297
-0.527424 0.059862 0.062408
-0.571769 0.138938 0.055125
-0.605482 0.204906 0.030174
-0.563388 0.126280 -0.004827
-0.627550 0.214390 0.078491
-0.563682 0.127260 -0.006383
-0.555451 0.088624 0.074480
-0.523506 0.065044 0.022669
-0.551196 0.081911 0.072274
-0.535681 0.083451 0.031633
-0.633337 0.265720 -0.011378
-0.572775 0.146494 0.035837
-0.641154 0.251163 0.028168
-0.633783 0.233508 0.044349
-0.615255 0.226917 0.013357
-0.579871 0.149716 0.012235
-0.535838 0.070199 0.022778
-0.578240 0.167881 -0.003696
-0.524777 0.062170 -0.014217
-0.524444 0.042179 0.072697
-0.578821 0.156642 0.036944
-0.630360 0.244885 0.040635
-0.571065 0.153339 -0.018026
-0.539943 0.086050 -0.006209
-0.619202 0.201895 0.065370
-0.551562 0.084214 0.066735
-0.552748 0.082430 0.079483
-0.613266 0.219568 0.026299
-0.560098 0.099607 0.064767
-0.639017 0.253823 0.060784
-0.543089 0.078726 0.036197
-0.613606 0.193798 0.079014
-0.528059 0.064309 0.051303
-0.625218 0.223103 0.029602
-0.539822 0.068935 0.049894
-0.604705 0.186350 0.033548
-0.630649 0.258429 -0.019127
-0.629206 0.219942 0.063039
-0.633433 0.243753 0.008334
-0.544891 0.071591 0.070246
-0.613983 0.226563 0.007210
-0.576648 0.141519 0.074633
-0.584364 0.140723 0.067930
-0.640329 0.261984 -0.012488
-0.524375 0.071162 0.007365
-0.534050 0.082597 0.025079
-0.587442 0.153942 0.041775
-0.544364 0.099217 0.029267
-0.590447 0.189218 -0.004268
-0.598821 0.180273 0.073599
-0.637518 0.234171 0.078453
-0.531783 0.062114 0.080017
-0.546311 0.098048 -0.009384
-0.533568 0.063071 0.033372
-0.570651 0.128935 0.028154
-0.569923 0.124985 0.037074
-0.638138 0.258457 -0.013390
-0.638086 0.246132 0.079170
-0.583464 0.154461 0.017165
-0.549849 0.099524 0.006075
-0.600648 0.194716 -0.017559
-0.535211 0.074819 0.003838
-0.561899 0.108602 0.045276
-0.642348 0.249951 0.039062
-0.543134 0.084235 0.071913
-0.521594 0.050406 0.006509
-0.532162 0.078751 0.026984
-0.568831 0.128280 0.019856
-0.642055 0.260384 0.056489
-0.575149 0.142547 0.008859
-0.568390 0.139835 0.032710
-0.572769 0.128405 0.042095
-0.553575 0.093349 0.048002
-0.574733 0.158660 0.006728
-0.577809 0.128296 0.071462
-0.598304 0.185385 -0.000080
-0.521214 0.066418 0.004922
-0.629955 0.235990 0.014088
-0.629651 0.223339 0.054328
-0.596619 0.197528 0.003665
-0.537537 0.057227 0.075603
-0.597214 0.187776 -0.014284
-0.549112 0.098932 0.003795
-0.525432 0.062861 -0.012742
-0.578239 0.159385 0.024499
-0.590359 0.188152 -0.001237
-0.529365 0.075722 0.020941
-0.601352 0.201559 0.017520
-0.577894 0.162774 0.011262
-0.643643 0.249260 0.048810
-0.633788 0.237730 0.030369
-0.603881 0.173223 0.072370
-0.533815 0.051147 0.074365
-0.561340 0.123022 0.047939
-0.580297 0.136120 0.059808
-0.522213 0.058614 -0.017170
-0.583141 0.156766 0.061388
-0.629581 0.233271 0.074694
-0.544288 0.109344 -0.004776
-0.594103 0.175044 0.063806
-0.636116 0.256389 -0.018159
-0.584403 0.154624 0.022029
-0.568270 0.151465 -0.006581
-0.553539 0.104416 0.064803
-0.587068 0.158237 0.079104
-0.602778 0.173857 0.063922
-0.541591 0.089519 -0.008237
-0.577040 0.158836 -0.018471
-0.639672 0.251219 0.019455
-0.581404 0.159998 -0.013061
-0.559896 0.117673 0.003651
-0.599867 0.206993 -0.009059
-0.595384 0.174737 0.018460
-0.550944 0.123186 -0.012417
-0.603499 0.183390 0.036431
-0.625162 0.249112 -0.003303
-0.533204 0.073926 -0.004745
-0.592745 0.161289 0.047904
-0.622841 0.216556 0.037652
-0.529695 0.067888 0.048841
-0.632140 0.224038 0.066326
-0.532718 0.067272 0.014542
-0.535779 0.081794 -0.016045
-0.618027 0.224613 -0.016785
-0.580943 0.154874 0.001287
-0.581936 0.151978 0.070350
-0.551407 0.109345 -0.017558
-0.551307 0.104626 -0.002472
-0.606334 0.194749 0.068785
-0.528496 0.061085 0.010782
-0.580313 0.143027 0.036978
-0.538383 0.078603 0.063268
-0.615255 0.194819 0.066143
-0.548712 0.094639 0.015741
-0.616588 0.228521 0.015705
-0.524400 0.060904 0.041555
-0.570633 0.132898 0.068635
-0.527585 0.064436 0.048156
-0.571100 0.149210 0.017190
-0.600803 0.182242 0.078463
-0.581348 0.140504 0.051305
-0.608149 0.200741 0.005604
-0.633656 0.234361 0.040792
-0.594917 0.177139 0.061537
-0.515573 0.046508 0.005891
-0.648084 0.259419 0.067184
-0.552465 0.108774 -0.009572
-0.613898 0.210127 0.061272
-0.613524 0.232696 -0.015781
-0.538536 0.084979 -0.010748
-0.578090 0.143026 0.077930
-0.533735 0.051132 0.073953
-0.567437 0.148647 -0.002019
-0.539972 0.080525 0.066033
-0.572015 0.141835 0.046928
-0.553999 0.104302 0.014093
-0.638431 0.263542 -0.019843
-0.592215 0.166397 0.027902
-0.564472 0.117499 0.030551
-0.516606 0.045874 0.002458
-0.530483 0.058071 0.032219
-0.526746 0.075449 0.006782
-0.589107 0.165959 0.065210
-0.609564 0.214485 0.021871
-0.577935 0.163125 0.010333
-0.571195 0.125118 0.043948
-0.555710 0.130682 -0.009871
-0.615317 0.225294 0.019098
-0.580263 0.153723 0.001194
-0.571948 0.157428 -0.005207
-0.646594 0.248835 0.067195
-0.593600 0.176808 0.055058
-0.597365 0.182520 0.004027
-0.638729 0.259254 -0.012636
-0.548242 0.118637 -0.012868
-0.562548 0.133210 0.021079
-0.588435 0.155782 0.041384
-0.598175 0.190736 -0.018580
-0.543319 0.094592 -0.015130
-0.636350 0.237995 0.044228
-0.610406 0.189611 0.055527
-0.607377 0.188676 0.041203
-0.585557 0.149258 0.079860
-0.599610 0.183953 0.012192
-0.537793 0.077910 0.008439
-0.619586 0.235988 0.008171
-0.635315 0.245682 0.066501
-0.557109 0.095118 0.062463
-0.639505 0.249200 0.078931
-0.527064 0.055451 0.021242
-0.513137 0.053650 0.000824
-0.521929 0.043705 0.079575
-0.561599 0.125403 0.041526
-0.582993 0.169715 -0.018556
-0.638953 0.258306 0.045537
-0.616074 0.224855 0.024912
-0.556697 0.113969 -0.002467
-0.557725 0.094041 0.069584
-0.568933 0.127655 0.076253
-0.589209 0.156464 0.043574
-0.537163 0.081300 -0.006437
-0.547398 0.118192 -0.016248
-0.624399 0.221344 0.030730
-0.583141 0.139581 0.064685
-0.576823 0.124508 0.078356
-0.530314 0.051602 0.080866
-0.567275 0.134637 -0.010194
-0.545578 0.113070 -0.009722
-0.575244 0.155273 0.020908
-0.630620 0.259016 -0.019084
-0.605804 0.202164 0.041125
-0.581128 0.160532 -0.016427
-0.553276 0.093145 0.046958
-0.574203 0.164562 -0.015908
-0.573473 0.139127 0.010566
-0.617496 0.238233 -0.011301
-0.564413 0.129310 -0.008980
-0.578835 0.148103 0.065367
-0.633420 0.247030 0.051121
-0.605396 0.192090 0.072208
-0.621456 0.233334 0.027741
-0.597050 0.171794 0.037812
-0.577720 0.133639 0.053216
-0.585452 0.154093 0.029823
-0.636018 0.258422 0.028265
-0.556336 0.104325 0.027460
-0.646489 0.259105 0.032508
-0.626477 0.242164 0.027324
-0.628611 0.238433 0.051985
-0.522293 0.069360 -0.016989
-0.592568 0.196645 -0.016713
-0.626981 0.240034 -0.016444
-0.637994 0.231940 0.078240
-0.583003 0.151279 0.078808
-0.577022 0.152238 -0.012522
-0.624594 0.235279 -0.014398
-0.589290 0.171380 0.048271
-0.525667 0.042257 0.056987
-0.616708 0.201468 0.052439
-0.623749 0.233370 -0.012923
-0.527775 0.083657 -0.014542
-0.588790 0.185949 -0.002951
-0.607146 0.214719 0.007183
-0.534234 0.072260 0.006711
-0.599384 0.188216 0.050475
-0.570929 0.126055 0.039311
-0.549868 0.103305 0.047373
-0.603917 0.173216 0.072599
-0.527967 0.043809 0.065072
-0.525868 0.065619 0.034348
-0.590235 0.151436 0.066158
-0.629435 0.227857 0.038086
-0.616093 0.233741 -0.004468
-0.548587 0.079916 0.063881
-0.607467 0.217035 0.001343
-0.556872 0.118911 0.035878
-0.597311 0.166776 0.055966
-0.644868 0.260966 0.041058
-0.581704 0.135158 0.079446
-0.551557 0.085311 0.063067
-0.578671 0.130955 0.067597
-0.592660 0.157458 0.060129
-0.548123 0.102943 0.038533
-0.567863 0.150141 -0.004527
-0.583511 0.156370 0.064835
-0.536669 0.078817 -0.001040
-0.584886 0.159659 0.008097
-0.603129 0.198276 -0.015096
-0.559100 0.124819 0.029090
-0.572856 0.137773 0.065246
-0.541495 0.090824 0.040614
-0.565071 0.143156 0.002591
-0.543673 0.090830 -0.000614
-0.584184 0.164338 0.042263
-0.581188 0.141796 0.046098
-0.532650 0.058635 0.042811
-0.598427 0.182906 0.062594
-0.529455 0.065102 0.002965
-0.596608 0.177105 0.017641
-0.596479 0.173838 0.027743
-0.566915 0.124297 0.075785
-0.601470 0.179374 0.038084
-0.572126 0.146233 0.032969
-0.583938 0.158749 0.059400
-0.557274 0.090394 0.079093
-0.631377 0.245197 0.045452
-0.630132 0.261655 -0.018843
-0.607534 0.195205 0.020436
-0.516444 0.045945 0.000451
-0.586883 0.162488 0.063935
-0.625009 0.225874 0.019200
-0.579499 0.162159 0.022541
-0.532352 0.073601 0.045168
-0.576135 0.148063 -0.003771
-0.618363 0.219981 0.054254
-0.576419 0.140859 0.021768
-0.597146 0.180623 0.062800
-0.572991 0.145149 0.041541
-0.561953 0.117433 0.070017
-0.584965 0.161490 0.056207
-0.529878 0.067362 -0.002096
-0.546354 0.093952 0.058190
-0.633085 0.247290 -0.005400
-0.581538 0.157110 0.051028
-0.563545 0.138373 0.009683
-0.527733 0.062393 0.055787
-0.610786 0.196811 0.079596
-0.627254 0.212724 0.075764
-0.524627 0.056015 0.059080
-0.548967 0.119269 -0.010792
-0.592750 0.180006 -0.014184
-0.628158 0.248330 0.016533
-0.525855 0.061853 -0.006962
-0.594599 0.182189 0.042944
-0.542172 0.081167 0.076555
-0.637405 0.264735 -0.004036
-0.619967 0.228382 -0.018128
-0.520953 0.043955 0.052630
-0.578055 0.158337 -0.018642
-0.556963 0.114358 -0.002226
-0.541443 0.070263 0.054813
-0.523785 0.060401 0.039680
-0.555085 0.125534 0.003612
-0.597586 0.178112 0.019927
-0.577663 0.153769 0.039818
-0.523430 0.042838 0.079228
-0.634909 0.252366 -0.011751
-0.609466 0.207414 -0.008966
-0.573081 0.123819 0.059116
-0.534756 0.065970 0.030589
-0.540457 0.076415 0.028723
-0.573773 0.136896 0.073435
-0.632584 0.233404 0.037794
-0.527217 0.068307 0.033189
-0.587686 0.143535 0.077719
-0.521774 0.043322 0.038665
-0.556327 0.117805 -0.017326
-0.615252 0.192232 0.074713
-0.637463 0.240512 0.042283
-0.536210 0.073547 0.013805
-0.629488 0.220608 0.062448
-0.578686 0.149491 0.006162
-0.522162 0.043201 0.047508
-0.527508 0.070179 0.028652
-0.618186 0.234339 0.005592
-0.590369 0.156906 0.048779
-0.566052 0.128864 0.001929
-0.623752 0.229227 0.054580
-0.601370 0.206822 -0.018584
-0.547933 0.106262 0.026423
-0.603741 0.178636 0.079345
-0.570501 0.115757 0.071022
-0.522686 0.056003 0.047952
-0.612177 0.227613 -0.006662
-0.606870 0.195483 0.015692
-0.549220 0.100374 0.053371
-0.560597 0.118993 0.003305
-0.619750 0.199887 0.075187
-0.595068 0.173784 0.073539
-0.535230 0.070155 0.073163
-0.514424 0.047304 0.017650
-0.614408 0.220335 0.030330
-0.626305 0.249395 -0.019138
-0.545176 0.091709 0.005122
-0.573976 0.145424 -0.007436
-0.550084 0.095409 0.074816
-0.523552 0.059603 0.040990
-0.616631 0.225209 -0.019432
-0.530671 0.063706 0.014595
-0.588862 0.164889 0.013612
-0.635990 0.242147 0.079189
-0.536367 0.058623 0.064237
-0.627578 0.254473 -0.007190
-0.534740 0.071445 0.012325
-0.584517 0.139242 0.073727
-0.550529 0.085920 0.055131
-0.561653 0.110216 0.038507
-0.517340 0.065087 -0.012952
-0.638503 0.246343 0.028917
-0.572063 0.133000 0.076524
-0.612378 0.202506 0.077817
-0.574297 0.123718 0.066448
-0.565883 0.126587 0.008514
-0.613541 0.201588 0.033818
-0.543553 0.084495 0.073460
-0.579838 0.158796 0.035650
-0.601078 0.186571 0.065682
-0.543096 0.085022 0.069083
-0.525086 0.068771 0.019391
-0.621914 0.209436 0.078926
-0.523239 0.044530 0.081356
-0.539305 0.092646 0.021968
-0.605850 0.184111 0.047566
-0.583992 0.146835 0.079911
-0.554922 0.109441 0.056084
-0.640223 0.261213 -0.010538
-0.548187 0.093070 0.017927
-0.551933 0.112139 0.029933
-0.531932 0.087206 -0.002402
-0.549451 0.100930 -0.000882
-0.610222 0.227435 -0.017323
-0.530309 0.066991 0.001612
-0.618958 0.217104 0.067233
-0.594543 0.168502 0.034310
-0.551387 0.119233 0.003247
-0.580938 0.154398 0.002837
-0.555456 0.093321 0.058915
-0.590657 0.155850 0.053939
-0.591265 0.189500 -0.000497
-0.538126 0.070044 0.081031
-0.551953 0.124939 -0.012433
-0.565710 0.125876 0.063615
-0.628787 0.254722 -0.001058
-0.629000 0.254032 0.002458
-0.605766 0.193243 0.016776
-0.595552 0.193415 -0.018685
-0.641082 0.240728 0.062387
-0.553956 0.112885 0.039096
-0.613868 0.194779 0.058294
-0.612932 0.214769 0.040306
-0.568042 0.138007 0.036774
-0.600952 0.185249 0.015612
-0.593207 0.156672 0.065885
-0.629663 0.224889 0.049252
-0.571923 0.148997 0.022627
-0.534035 0.067058 0.076562
-0.634863 0.227870 0.069275
-0.522336 0.043009 0.039548
-0.530101 0.079121 0.013895
-0.565495 0.146760 -0.006929
-0.511595 0.055414 -0.013907
-0.594665 0.174189 0.016144
-0.525760 0.042512 0.056677
-0.572662 0.144172 0.042898
-0.563975 0.127145 0.049421
-0.572841 0.138795 0.008035
-0.521354 0.055404 -0.011457
-0.590065 0.169330 0.059537
-0.574618 0.140309 0.013228
-0.586669 0.159599 0.018552
-0.646851 0.247326 0.073682
-0.594398 0.169934 0.028727
-0.530709 0.078642 -0.017514
-0.526877 0.053403 0.080696
-0.539731 0.104739 -0.015717
-0.583305 0.149064 0.080152
-0.579361 0.158065 0.035330
-0.571039 0.159222 -0.017632
-0.579364 0.153662 -0.003777
-0.574780 0.162940 -0.007202
-0.633999 0.241939 0.017612
-0.604540 0.192205 0.013170
-0.559334 0.098897 0.062726
-0.607740 0.203166 0.048939
-0.635023 0.265295 -0.019264
-0.556189 0.123218 0.017652
-0.622570 0.247626 -0.013278
-0.585934 0.173236 0.022804
-0.545285 0.074228 0.063761
-0.537467 0.069169 0.035569
-0.575035 0.156726 0.014884
-0.574360 0.139045 0.015942
-0.616973 0.201892 0.052558
-0.511298 0.050334 0.001242
-0.614808 0.214339 0.052526
-0.531123 0.088668 -0.011910
-0.568685 0.154170 -0.017648
-0.566558 0.134719 0.039142
-0.528504 0.051390 0.043005
-0.537238 0.100657 -0.016513
-0.537025 0.082295 -0.010535
-0.555336 0.123895 -0.017848
-0.535180 0.068627 0.024208
-0.532781 0.072871 0.050056
-0.558513 0.114287 0.006925
-0.524704 0.062003 0.039652
-0.556132 0.103149 0.030196
-0.570404 0.133284 0.012300
-0.617447 0.217924 0.055816
-0.564889 0.127219 0.054433
-0.640929 0.259405 -0.000476
-0.554555 0.126773 -0.003547
-0.516079 0.051090 -0.017359
-0.578783 0.147609 0.066708
-0.551402 0.107789 0.041317
-0.547667 0.094058 0.065392
-0.598062 0.168250 0.055396
-0.587684 0.156070 0.080024
-0.624680 0.248909 -0.005400
-0.520266 0.053221 0.043262
-0.521210 0.066574 0.004380
-0.551096 0.099391 0.013687
-0.550846 0.113157 0.020299
-0.612542 0.212747 0.044773
-0.634119 0.231745 0.078753
-0.621071 0.241202 -0.000585
-0.619706 0.213541 0.029621
-0.587780 0.166606 0.055426
-0.546582 0.088636 0.023408
-0.614312 0.225438 0.012837
-0.567592 0.127837 0.014199
-0.544472 0.078057 0.046375
-0.580053 0.164969 0.016401
-0.565645 0.128784 -0.000145
-0.566822 0.115340 0.051237
-0.564145 0.127489 -0.004477
-0.566230 0.135760 -0.018537
-0.619647 0.221005 0.004507
-0.641944 0.239097 0.078180
-0.541614 0.098810 0.014798
-0.621335 0.214394 0.036163
-0.545908 0.111352 -0.017403
-0.600456 0.208443 -0.010481
-0.563035 0.130722 0.032142
-0.581127 0.170307 -0.018264
-0.601697 0.191781 0.051955
-0.532964 0.057439 0.048592
-0.585209 0.162433 0.000748
-0.566406 0.149068 -0.009348
-0.551038 0.097663 0.019089
-0.525653 0.074096 0.004982
-0.612630 0.227821 -0.018716
-0.639149 0.263989 0.018145
-0.630553 0.241018 0.054583
-0.557052 0.111762 0.060640
-0.534554 0.084189 0.022696
-0.621982 0.229269 0.044253
-0.528696 0.066507 0.047674
-0.559130 0.099022 0.061141
-0.548978 0.115130 0.003006
-0.631818 0.236602 0.022777
-0.540240 0.061067 0.078409
-0.552859 0.123556 -0.002630
-0.581627 0.139077 0.057646
-0.608798 0.185870 0.058689
-0.592792 0.171811 0.013255
-0.519821 0.055950 0.031645
-0.564120 0.125635 0.001531
-0.643329 0.260719 0.008972
-0.642680 0.256035 0.074519
-0.534003 0.067633 0.074474
-0.523830 0.053689 0.062216
-0.533663 0.067535 0.072841
-0.516404 0.048100 0.038037
-0.583932 0.166252 0.034464
-0.536522 0.055328 0.076065
-0.617677 0.212047 0.022903
-0.526889 0.072869 0.016166
-0.523014 0.042836 0.058325
-0.519430 0.044716 0.042703
-0.534139 0.076058 0.047293
-0.633079 0.262180 -0.001115
-0.552041 0.091466 0.045429
-0.602029 0.171742 0.066628
-0.637215 0.231457 0.070905
-0.546727 0.090206 0.019033
-0.627798 0.239970 0.042208
-0.536641 0.090648 0.013272
-0.627389 0.215228 0.068224
-0.640983 0.258970 0.055010
-0.571551 0.138524 0.055248
-0.526088 0.058212 0.060198
-0.564101 0.140004 0.007471
-0.543089 0.102983 0.009434
-0.607415 0.219992 -0.008772
-0.541869 0.080878 0.075774
-0.630520 0.230999 0.033900
-0.605073 0.177963 0.063497
-0.637849 0.236507 0.057792
-0.605642 0.190471 0.025263
-0.580850 0.154898 0.000674
-0.561051 0.114026 0.022400
-0.586294 0.167464 0.044030
-0.544758 0.112952 -0.014048
-0.557343 0.129565 0.003230
-0.641176 0.261246 0.048572
-0.591821 0.150697 0.077739
-0.622270 0.214321 0.041787
-0.536351 0.088725 0.017986
-0.523167 0.043684 0.037869
-0.530218 0.060492 0.076391
-0.547449 0.093928 0.064572
-0.592544 0.156439 0.079390
-0.585844 0.143340 0.067765
-0.559065 0.105749 0.080563
-0.634073 0.260029 0.011741
-0.556969 0.114157 0.052209
-0.563871 0.139736 0.007035
-0.579174 0.141358 0.035967
-0.537347 0.079386 0.000971
-0.598938 0.180491 0.019807
-0.637638 0.263120 0.021995
-0.604196 0.196123 -0.001815
-0.512106 0.052279 -0.000565
-0.531554 0.069934 -0.000992
-0.571202 0.154182 0.001276
-0.628427 0.244127 0.032028
-0.620452 0.221197 0.008505
-0.636566 0.263947 0.013081
-0.569508 0.155215 -0.011901
-0.620964 0.214529 0.033579
-0.634479 0.241098 0.023169
-0.569450 0.135264 0.053976
-0.598395 0.198677 0.010072
-0.629133 0.244712 0.034151
-0.572380 0.142013 -0.005297
-0.595992 0.184639 -0.010905
-0.532509 0.072433 0.049945
-0.574407 0.135083 0.029361
-0.535386 0.081578 -0.017589
-0.538553 0.077098 0.069242
-0.609518 0.183558 0.078889
-0.634282 0.228161 0.064967
-0.529978 0.063774 0.010386
-0.589776 0.181245 0.018333
-0.560003 0.123747 -0.015894
-0.585054 0.170944 0.025348
-0.639962 0.245611 0.039738
-0.617105 0.203514 0.047930
-0.598643 0.204226 -0.006920
-0.585173 0.164700 -0.006986
-0.610248 0.199560 0.021603
-0.620580 0.201398 0.074951
-0.604360 0.195824 0.053858
-0.617644 0.205834 0.043330
-0.522659 0.046051 0.080824
-0.535941 0.069118 0.080694
-0.543906 0.082332 0.028931
-0.606383 0.193099 0.074541
-0.535430 0.057509 0.062547
-0.579676 0.150750 0.007684
-0.613389 0.228735 -0.003415
-0.581101 0.163003 0.028957
-0.626749 0.221468 0.079069
-0.642807 0.256883 0.018696
-0.591781 0.171533 0.008358
-0.639176 0.236180 0.066512
-0.602668 0.204089 0.016695
-0.639775 0.260926 0.041574
-0.598351 0.167319 0.060148
-0.540469 0.091459 0.032601
-0.603171 0.191437 0.007842
-0.632517 0.248615 -0.013069
-0.640025 0.254268 0.065106
-0.574944 0.136100 0.080425
-0.540263 0.101848 -0.003058
-0.583890 0.138912 0.071218
-0.562991 0.124815 -0.002244
-0.626584 0.225109 0.030801
-0.605787 0.175230 0.076676
-0.562987 0.123860 0.000904
-0.628496 0.249063 0.016045
-0.573776 0.123927 0.062754
-0.560127 0.121478 -0.007651
-0.628068 0.234448 0.008350
-0.531801 0.073512 0.042288
-0.617301 0.238932 -0.014745
-0.554866 0.108807 0.057864
-0.628966 0.226564 0.039682
-0.542964 0.108338 -0.009059
-0.530856 0.055014 0.044509
-0.620335 0.223340 0.054455
-0.636364 0.244807 0.075438
-0.568710 0.138213 -0.013801
-0.579852 0.165004 -0.018443
-0.633278 0.237858 0.027012
-0.626998 0.224255 0.036021
-0.590822 0.190587 -0.006656
-0.535097 0.061973 0.045813
-0.615550 0.209077 0.020524
-0.633288 0.257896 0.014301
-0.551167 0.100095 0.065497
-0.622195 0.224813 0.006533
-0.588268 0.145598 0.074215
-0.606152 0.193593 0.017834
-0.587369 0.156809 0.031836
-0.529441 0.058941 0.077072
-0.569063 0.137489 0.044364
-0.560025 0.121739 -0.009099
-0.581550 0.176164 -0.012134
-0.544876 0.100458 0.028092
-0.537612 0.079733 0.055078
-0.558519 0.115092 0.004291
-0.594384 0.192920 0.006100
-0.557359 0.118495 -0.013677
-0.639446 0.239117 0.078520
-0.628589 0.254326 -0.000882
-0.600904 0.169523 0.079125
-0.616496 0.197886 0.063102
-0.576540 0.157337 0.021515
-0.590712 0.179680 0.028907
-0.537406 0.080247 0.052189
-0.533603 0.064976 0.080990
-0.568779 0.122933 0.037304
-0.570404 0.121936 0.049962
-0.636986 0.239274 0.043645
-0.572325 0.140452 -0.000435
-0.592637 0.176520 -0.003267
-0.577108 0.137615 0.036498
-0.585427 0.162417 0.002051
-0.532088 0.067436 0.010372
-0.571189 0.158233 -0.012247
-0.569922 0.112980 0.076908
-0.610800 0.213284 0.032968
-0.538668 0.076705 0.071206
-0.629169 0.240479 0.048407
-0.530259 0.077608 0.019828
-0.528253 0.076773 0.011053
-0.632737 0.222131 0.076091
-0.544178 0.094533 0.043742
-0.545197 0.104961 0.015000
-0.612861 0.227554 -0.002530
-0.591355 0.179112 0.034492
-0.617410 0.212001 0.075258
-0.562244 0.142495 -0.017550
-0.623951 0.233045 0.043053
-0.606490 0.194208 0.017737
-0.554664 0.085756 0.079469
-0.613905 0.229408 -0.018784
-0.568464 0.131452 0.007216
-0.546300 0.088270 0.076737
-0.645554 0.249492 0.059031
-0.587448 0.162778 0.066219
-0.578313 0.150061 0.002130
-0.638738 0.250986 0.068594
-0.610273 0.192651 0.079390
-0.521664 0.047770 0.069394
-0.577682 0.142614 0.076951
-0.535005 0.054768 0.080441
-0.550518 0.085996 0.054814
-0.620549 0.204495 0.064490
-0.547608 0.100982 0.042079
-0.609358 0.211534 0.030479
-0.527480 0.056569 0.073658
-0.602150 0.185706 0.020983
-0.620153 0.224945 0.048083
-0.596989 0.195799 0.011529
-0.558002 0.103408 0.040090
-0.545269 0.071033 0.074277
-0.592368 0.156118 0.079392
-0.529303 0.069831 -0.013600
-0.611358 0.210461 -0.008191
-0.636779 0.264988 -0.013329
-0.544744 0.087742 0.069534
-0.577855 0.159107 0.023211
-0.626380 0.237675 -0.012073
-0.539549 0.102621 -0.009731
-0.551674 0.107116 0.045114
-0.546313 0.108572 0.009438
-0.633754 0.252527 0.034801
-0.602793 0.202608 -0.019056
-0.618923 0.232694 0.015293
-0.567096 0.118894 0.041022
-0.626203 0.215617 0.060111
-0.572022 0.146664 0.030944
-0.606200 0.184634 0.047846
-0.560223 0.122158 0.044381
-0.567700 0.116683 0.051835
-0.589874 0.155449 0.050764
-0.524028 0.048482 0.080631
-0.517736 0.064075 -0.016722
-0.594139 0.186161 0.027121
-0.542556 0.091827 0.043394
-0.568351 0.134245 -0.002698
-0.546475 0.096872 0.049197
-0.602581 0.200905 0.026759
-0.553652 0.096545 0.037841
-0.582577 0.152945 0.070829
-0.592087 0.174337 0.000816
-0.602502 0.187146 0.071967
-0.554685 0.117142 0.029165
-0.524209 0.075895 -0.016815
-0.558585 0.133260 -0.017667
-0.636047 0.255023 0.039709
-0.549346 0.096851 0.065784
-0.599734 0.170293 0.058236
-0.560844 0.100940 0.064636
-0.606970 0.176837 0.078149
-0.580295 0.164590 0.019052
-0.577436 0.130510 0.061962
-0.595401 0.182067 -0.005775
-0.550579 0.098743 0.066601
-0.627728 0.227658 0.028926
-0.554594 0.122121 0.012116
-0.585365 0.165334 0.045754
-0.569075 0.124403 0.034127
-0.586137 0.157477 0.022532
-0.612738 0.216561 0.033243
-0.571624 0.144703 -0.018576
-0.553692 0.102961 0.016776
-0.527820 0.062117 0.003467
-0.567663 0.149630 -0.003978
-0.574011 0.120909 0.074122
-0.566063 0.120410 0.030050
-0.637179 0.252176 0.001936
-0.635415 0.244883 0.015990
-0.615910 0.232952 -0.002905
-0.632609 0.235825 0.029908
-0.524481 0.044786 0.041774
-0.598395 0.166375 0.079256
-0.608864 0.221273 -0.018641
-0.622326 0.221287 0.018987
-0.557190 0.115159 0.050157
-0.541309 0.075083 0.038048
-0.541682 0.101794 0.005286
-0.521314 0.069050 -0.003239
-0.584783 0.142221 0.065377
-0.616444 0.207585 0.030618
-0.526227 0.056705 0.065999
-0.620022 0.217670 0.017738
-0.597278 0.165896 0.058693
-0.517792 0.064343 -0.007882
-0.579955 0.159128 0.035221
-0.572793 0.131414 0.032252
-0.585360 0.179086 -0.018255
-0.609583 0.202254 0.008836
-0.626132 0.228866 0.069472
-0.533353 0.051396 0.070881
-0.559953 0.118349 0.001734
-0.514608 0.060497 -0.013440
-0.529796 0.042392 0.080297
-0.612200 0.193871 0.051710
-0.566861 0.127043 0.066363
-0.620490 0.215413 0.027919
-0.576108 0.156495 0.021828
-0.534939 0.089261 0.008081
-0.642348 0.246254 0.051331
-0.585125 0.170051 0.028717
-0.541639 0.081885 0.071107
-0.627611 0.233732 0.061835
-0.554638 0.087387 0.073903
-0.535430 0.084519 0.026646
-0.537459 0.062627 0.057234
-0.644511 0.245077 0.078229
-0.572962 0.153069 0.015094
-0.629540 0.248757 0.023065
-0.557881 0.109182 0.020234
-0.545468 0.102610 0.024360
-0.608656 0.208554 0.036331
-0.614731 0.206812 0.023328
-0.512435 0.048371 -0.017046
-0.551221 0.090035 0.045459
-0.613732 0.199983 0.040244
-0.550858 0.118492 0.002665
-0.573266 0.151838 0.020925
-0.625327 0.230761 0.058555
-0.582488 0.152338 0.018594
-0.632970 0.224699 0.068905
-0.532599 0.068666 0.009231
-0.527250 0.077797 -0.017101
-0.557996 0.124894 0.022487
-0.609006 0.211904 0.027226
-0.601066 0.205055 0.004271
-0.624839 0.236135 0.037908
-0.578778 0.171600 -0.012941
-0.565412 0.123285 0.016763
-0.577798 0.148436 0.058292
-0.539270 0.077313 0.072650
-0.543380 0.085738 0.068339
-0.529825 0.068673 0.046983
-0.583395 0.155264 0.014098
-0.645078 0.252275 0.047057
-0.543708 0.108285 -0.004600
-0.557677 0.118658 0.041345
-0.538296 0.101871 -0.017000
-0.514139 0.054476 0.003848
-0.634722 0.230633 0.059293
-0.544367 0.094570 0.044707
-0.554456 0.113077 0.041337
-0.619934 0.228941 0.033561
-0.551160 0.096469 0.023752
-0.573807 0.147997 -0.016950
-0.565118 0.141489 0.008390
-0.582610 0.138184 0.066266
-0.586068 0.169581 -0.018029
-0.541540 0.096494 -0.017797
-0.611539 0.208798 0.052110
-0.623448 0.220114 0.029335
-0.622419 0.221121 0.073811
-0.630339 0.242107 0.049733
-0.578637 0.128114 0.076827
-0.553454 0.100829 0.022485
-0.539692 0.079710 0.067121
-0.538491 0.059699 0.072888
-0.537052 0.070829 0.027674
-0.571101 0.144105 0.034135
-0.628837 0.230737 0.025088
-0.641087 0.250127 0.031226
-0.551924 0.115051 0.020214
-0.618046 0.214304 0.017538
-0.622960 0.235269 0.029972
-0.533648 0.054483 0.062333
-0.639771 0.250162 0.023533
-0.551467 0.112663 -0.018069
-0.634587 0.243589 0.015523
-0.588866 0.156634 0.041033
-0.548376 0.109803 0.017223
-0.628271 0.223209 0.046818
-0.612099 0.230786 -0.017644
-0.631498 0.236511 0.074973
-0.629183 0.238823 0.000246
-0.621163 0.204526 0.078702
-0.599427 0.181896 0.017960
-0.523809 0.048343 0.079837
-0.605213 0.175759 0.071617
-0.588077 0.186604 -0.009229
-0.640933 0.240216 0.063226
-0.558364 0.121987 0.034254
-0.602832 0.205125 0.014197
-0.559854 0.103068 0.080278
-0.581091 0.152569 0.063526
-0.579788 0.152829 0.055164
-0.584783 0.182685 -0.015181
-0.603340 0.207361 -0.018815
-0.601325 0.209164 -0.007875
-0.563225 0.104786 0.065575
-0.597064 0.181261 0.006470
-0.590912 0.162710 0.080027
-0.600066 0.195060 0.031688
-0.595210 0.198892 -0.008972
-0.641369 0.240381 0.078343
-0.523638 0.070548 0.005159
-0.526553 0.065191 -0.014021
-0.571745 0.156033 -0.001743
-0.554611 0.124208 0.005288
-0.624939 0.237099 0.035284
-0.594656 0.182741 -0.012291
-0.622154 0.219251 0.078495
-0.562473 0.105588 0.058585
-0.568781 0.130572 0.011962
-0.560002 0.118710 0.054554
-0.627408 0.223253 0.041703
-0.608451 0.187366 0.051731
-0.544922 0.084387 0.081062
-0.608052 0.203881 0.048364
-0.557637 0.126624 -0.017979
-0.581746 0.158129 0.048842
-0.570858 0.116117 0.071884
-0.619372 0.226358 -0.014836
-0.549118 0.107043 -0.018124
-0.544240 0.095224 0.041803
-0.557477 0.104571 0.033214
-0.579793 0.162813 0.022063
-0.581381 0.169105 0.010320
-0.634311 0.265890 -0.006342
-0.571643 0.144645 -0.018271
-0.639427 0.263762 0.030158
-0.528272 0.084800 -0.015477
-0.612359 0.215531 0.034478
-0.574093 0.124832 0.061578
-0.553945 0.099491 0.029748
-0.625859 0.245756 0.011846
-0.595209 0.183926 0.040690
-0.548394 0.085611 0.043873
-0.532875 0.073985 0.046901
-0.574440 0.145990 -0.006644
-0.636280 0.246609 0.068977
-0.602979 0.209459 0.000665
-0.621196 0.228006 -0.009815
-0.570258 0.140340 -0.011956
-0.531896 0.051677 0.061563
-0.570823 0.135109 0.008654
-0.607014 0.202705 -0.007446
-0.547890 0.075886 0.073247
-0.609285 0.206064 0.048209
-0.555999 0.105368 0.075800
-0.603167 0.176239 0.058250
-0.527083 0.067038 -0.017102
-0.578703 0.135912 0.079903
-0.526552 0.047856 0.043495
-0.613268 0.212017 -0.002364
-0.561860 0.115844 0.021019
-0.583714 0.144985 0.050051
-0.520361 0.056177 0.034002
-0.632477 0.259561 0.004113
-0.566712 0.111943 0.061879
-0.525802 0.044889 0.049030
-0.591079 0.151820 0.069743
-0.600130 0.195302 0.031251
-0.560580 0.127080 0.030105
-0.611534 0.218977 0.018299
-0.556976 0.111284 0.061786
-0.568267 0.134204 -0.003050
-0.601176 0.192301 0.047229
-0.597787 0.195999 0.015458
-0.601375 0.204880 0.006628
-0.641213 0.239596 0.066895
-0.607201 0.202628 0.047624
-0.644411 0.252678 0.041880
-0.528584 0.049400 0.080955
-0.546719 0.072620 0.080038
-0.512377 0.055323 -0.009107
-0.536064 0.065181 0.040728
-0.603181 0.197962 -0.013754
-0.606209 0.196556 0.062070
-0.563331 0.122106 0.062439
-0.592268 0.161702 0.043791
-0.562259 0.115846 0.023308
-0.549355 0.082855 0.058548
-0.527400 0.048374 0.081047
-0.635494 0.259741 0.020875
-0.630058 0.229609 0.035860
-0.525383 0.053147 0.072949
-0.628562 0.259047 -0.016710
-0.602259 0.185867 0.074814
-0.532139 0.081022 0.019316
-0.584560 0.172383 0.017730
-0.556950 0.104532 0.030309
-0.583607 0.152192 0.025514
-0.620030 0.214995 0.026660
-0.587851 0.182095 -0.018393
-0.561053 0.141181 -0.013974
-0.606937 0.198790 0.005110
-0.566962 0.142096 0.016987
-0.566243 0.113543 0.053874
-0.621903 0.239014 0.011459
-0.626258 0.212673 0.070196
-0.542280 0.084162 0.067241
-0.637948 0.263107 0.023820
-0.569597 0.148935 0.009454
-0.524633 0.052900 0.015716
-0.625082 0.235150 -0.011161
-0.557529 0.110844 0.012695
-0.527408 0.077431 0.004009
-0.549058 0.112558 0.012003
-0.527678 0.054302 0.028581
-0.603765 0.213810 -0.009253
-0.568748 0.147805 0.008316
-0.603559 0.181286 0.043761
-0.610588 0.199993 0.075857
-0.558846 0.101102 0.052603
-0.569819 0.148563 -0.018174
