ply
format ascii 1.0
element vertex 5000
property float x
property float y
property float z
end_header
-0.433213 0.048870 -0.086411
-0.506224 -0.055596 -0.095706
-0.572628 -0.036426 -0.086924
-0.583096 0.157035 -0.087737
-0.529873 0.152802 -0.083042
-0.474506 0.220456 -0.082305
-0.487396 -0.052464 -0.087869
-0.462835 -0.011199 -0.087306
-0.451798 -0.044219 -0.088134
-0.456798 0.193308 -0.083092
-0.643946 0.064297 -0.083495
-0.348706 0.102698 -0.090248
-0.464421 0.126506 -0.084399
-0.615066 0.005102 -0.089886
-0.636792 0.027454 -0.084356
-0.375008 0.043177 -0.095249
-0.395330 0.125058 -0.085279
-0.441688 0.033440 -0.086630
-0.357920 0.084159 -0.094599
-0.437088 0.152362 -0.092195
-0.554708 0.185962 -0.084410
-0.644708 0.042331 -0.091949
-0.432374 -0.019035 -0.087845
-0.395010 0.019196 -0.087503
-0.504308 0.027489 -0.085985
-0.496685 0.163562 -0.091227
-0.406335 0.134949 -0.084936
-0.349041 0.085905 -0.086670
-0.493214 0.058460 -0.085472
-0.615525 0.041789 -0.084317
-0.482769 0.028856 -0.086221
-0.510898 0.201562 -0.090256
-0.470974 0.031400 -0.094315
-0.412229 0.001419 -0.087664
-0.460843 0.206232 -0.090774
-0.560159 0.080887 -0.092180
-0.562699 0.074609 -0.092281
-0.474531 0.095762 -0.084919
-0.546780 0.070871 -0.084553
-0.494892 0.156712 -0.091393
-0.424460 -0.002470 -0.087595
-0.396201 0.125999 -0.093251
-0.444288 -0.043490 -0.088211
-0.588022 0.092418 -0.091596
-0.466233 0.153372 -0.091816
-0.495644 0.216776 -0.082122
-0.389923 0.027240 -0.095399
-0.539577 -0.009485 -0.086326
-0.515213 -0.043145 -0.095334
-0.531041 0.199102 -0.082057
-0.461977 0.083500 -0.085331
-0.479270 -0.028364 -0.095466
-0.465232 0.114072 -0.084650
-0.458668 -0.071937 -0.088950
-0.592360 0.142827 -0.090485
-0.592867 0.051655 -0.092391
-0.513147 0.219291 -0.089856
-0.551611 0.135847 -0.083131
-0.461619 0.045727 -0.094130
-0.429073 -0.041520 -0.093277
-0.584142 0.124144 -0.090978
-0.412770 0.024904 -0.095167
-0.485630 -0.050421 -0.095851
-0.376353 0.031901 -0.087466
-0.507898 0.133773 -0.091714
-0.451340 -0.019968 -0.087631
-0.420203 -0.021303 -0.096045
-0.504364 0.180768 -0.082770
-0.363890 0.106849 -0.094050
-0.425277 0.066868 -0.094133
-0.481302 0.047347 -0.085851
-0.490121 0.235378 -0.081800
-0.565728 0.141619 -0.090838
-0.522045 0.111795 -0.083999
-0.584277 0.107880 -0.091318
-0.448529 0.186800 -0.091332
-0.392026 0.019118 -0.087541
-0.509012 0.099553 -0.084416
-0.371546 0.094139 -0.086220
-0.492766 0.168709 -0.091168
-0.488933 -0.046333 -0.087722
-0.501560 0.212741 -0.090136
-0.453798 0.126581 -0.092530
-0.441379 0.185220 -0.083451
-0.518361 0.080493 -0.092703
-0.541276 -0.035763 -0.086856
-0.489890 0.052562 -0.085636
-0.506896 0.085003 -0.084747
-0.471292 0.026238 -0.094419
-0.458896 0.039955 -0.086282
-0.504927 0.115416 -0.084133
-0.492036 0.230440 -0.081880
-0.556334 0.184443 -0.088705
-0.449058 0.193161 -0.083190
-0.497198 0.068510 -0.085212
-0.387891 0.094121 -0.086019
-0.578723 -0.000255 -0.093653
-0.565374 0.168863 -0.082269
-0.406906 0.128437 -0.085066
-0.471963 0.162410 -0.083553
-0.431138 0.116299 -0.093025
-0.386491 0.036077 -0.095256
-0.331409 0.082991 -0.086948
-0.540828 0.134484 -0.083292
-0.611816 0.041521 -0.092370
-0.609570 0.030878 -0.084619
-0.557849 0.129212 -0.091195
-0.483094 0.076735 -0.085213
-0.546396 -0.062047 -0.090392
-0.464210 -0.029068 -0.087664
-0.566784 -0.021807 -0.086250
-0.589103 0.150750 -0.083522
-0.504052 -0.024656 -0.087081
-0.496310 0.245856 -0.089161
-0.466515 0.041510 -0.086156
-0.442708 0.161348 -0.091938
-0.585834 0.108578 -0.083281
-0.634232 0.029195 -0.092353
-0.510477 0.095832 -0.084476
-0.461776 0.044990 -0.094143
-0.498176 0.117646 -0.092172
-0.554063 0.135100 -0.091118
-0.435177 0.087419 -0.085578
-0.487383 0.016103 -0.086432
-0.483023 -0.090433 -0.096722
-0.403934 -0.009755 -0.096003
-0.616200 0.109245 -0.082894
-0.585191 0.040183 -0.092726
-0.387472 0.016364 -0.095657
-0.618858 0.056095 -0.091978
-0.413295 0.047089 -0.086693
-0.416731 0.037880 -0.086844
-0.637548 0.076898 -0.083310
-0.483180 -0.070292 -0.088295
-0.420682 -0.009791 -0.095797
-0.590989 0.081041 -0.091798
-0.390942 0.095641 -0.085950
-0.611572 0.001908 -0.085202
-0.427590 0.082757 -0.085769
-0.431066 0.090735 -0.093562
-0.376107 0.012854 -0.087869
-0.595013 0.054452 -0.084304
-0.499570 0.174607 -0.082958
-0.474593 0.006359 -0.094796
-0.637821 0.076517 -0.091317
-0.618833 0.109268 -0.082861
-0.585725 -0.023614 -0.087329
-0.495399 0.146606 -0.083596
-0.556628 0.163760 -0.090486
-0.520733 0.216429 -0.081821
-0.451832 0.203509 -0.086103
-0.476025 0.218252 -0.090335
-0.420947 -0.031442 -0.096248
-0.554474 -0.047472 -0.086940
-0.535638 0.013919 -0.093886
-0.525340 0.040181 -0.085460
-0.626908 0.079681 -0.083382
-0.453959 -0.026410 -0.095737
-0.489379 0.095213 -0.084748
-0.386866 0.001549 -0.090158
-0.395233 0.125170 -0.093280
-0.453101 0.081929 -0.093475
-0.600668 0.077902 -0.091745
-0.545838 0.146424 -0.082980
-0.539799 0.098309 -0.084063
-0.432166 0.097738 -0.093401
-0.414031 -0.004099 -0.095760
-0.505859 0.124126 -0.083939
-0.461659 0.106384 -0.084855
-0.407152 0.138595 -0.092852
-0.416513 0.101966 -0.093505
-0.427141 0.136843 -0.084641
-0.471206 0.188475 -0.091018
-0.629235 0.060970 -0.091748
-0.519760 0.191413 -0.082357
-0.555467 0.117983 -0.083458
-0.564906 -0.040972 -0.086675
-0.471136 0.079594 -0.085300
-0.522024 0.099717 -0.084252
-0.457542 -0.007640 -0.087297
-0.419707 0.107541 -0.085347
-0.506034 -0.013184 -0.094819
-0.491586 0.026755 -0.094159
-0.515229 -0.017726 -0.086799
-0.592366 0.042062 -0.084596
-0.511669 -0.052789 -0.095580
-0.462046 0.097180 -0.093046
-0.461924 0.162319 -0.083679
-0.501938 0.053823 -0.085462
-0.496281 0.011919 -0.086410
-0.511254 -0.043437 -0.095389
-0.475020 0.087585 -0.093087
-0.581780 0.111635 -0.091270
-0.572976 -0.035900 -0.094472
-0.499977 0.137766 -0.083725
-0.457720 0.020798 -0.086698
-0.388188 0.141311 -0.090557
-0.415691 0.083436 -0.085902
-0.554294 0.066677 -0.084548
-0.531343 0.051806 -0.085142
-0.588433 0.077644 -0.091901
-0.543755 -0.040144 -0.094920
-0.424187 0.054054 -0.086413
-0.432775 0.027136 -0.094874
-0.532534 0.020917 -0.085775
-0.458264 0.036744 -0.086357
-0.667022 0.066171 -0.083172
-0.599871 0.031258 -0.092733
-0.582020 0.116675 -0.091161
-0.515394 0.047838 -0.085422
-0.588666 0.013909 -0.093234
-0.480037 0.093846 -0.092894
-0.409279 0.045294 -0.094783
-0.482724 -0.011678 -0.087072
-0.503967 0.035575 -0.093822
-0.434632 0.154264 -0.092186
-0.577592 0.136078 -0.082806
-0.414024 0.087880 -0.093831
-0.508722 0.070411 -0.085030
-0.412527 0.134187 -0.084876
-0.474958 0.083367 -0.085174
-0.581545 0.064622 -0.092258
-0.418581 -0.018341 -0.096003
-0.540841 0.063482 -0.092783
-0.646137 0.071573 -0.083316
-0.484277 0.047852 -0.085804
-0.412270 0.124025 -0.093095
-0.361864 0.046161 -0.095348
-0.510320 -0.096784 -0.088517
-0.502260 0.076202 -0.092991
-0.401400 0.051825 -0.086740
-0.487781 0.124100 -0.092164
-0.576304 0.138680 -0.090770
-0.495976 0.181135 -0.082865
-0.419935 0.066166 -0.094214
-0.495373 -0.053519 -0.087793
-0.454211 0.000909 -0.095161
-0.481189 0.169593 -0.083289
-0.502507 0.238432 -0.089586
-0.485056 0.068992 -0.085351
-0.406285 0.053070 -0.094656
-0.518488 0.077655 -0.084758
-0.492834 0.197932 -0.082552
-0.453989 0.179463 -0.091419
-0.511309 0.156719 -0.083189
-0.462138 -0.015407 -0.087403
-0.504943 -0.070733 -0.088037
-0.493582 0.113277 -0.084318
-0.489954 0.036780 -0.093969
-0.548065 0.132859 -0.083237
-0.441079 0.179405 -0.091579
-0.383524 0.120998 -0.093512
-0.506732 0.082194 -0.084808
-0.509914 0.203349 -0.082228
-0.524562 0.083388 -0.092566
-0.520217 0.169307 -0.090817
-0.416366 0.107315 -0.085393
-0.634989 0.032028 -0.092284
-0.442590 0.045801 -0.086360
-0.455751 0.135053 -0.084326
-0.465922 0.098283 -0.084972
-0.381328 0.071513 -0.094577
-0.594479 0.107059 -0.083207
-0.558018 0.008344 -0.093728
-0.453204 0.083342 -0.093444
-0.533169 0.081853 -0.092492
-0.553379 0.034119 -0.085242
-0.436411 0.007493 -0.095242
-0.490419 0.195711 -0.090630
-0.329228 0.083692 -0.094891
-0.457882 -0.000665 -0.087146
-0.499133 0.170636 -0.083047
-0.474235 0.037018 -0.094157
-0.514156 -0.016452 -0.086785
-0.516659 0.151707 -0.083228
-0.627757 0.091608 -0.083122
-0.635102 0.068095 -0.083524
-0.650605 0.075123 -0.091189
-0.345936 0.093346 -0.086552
-0.473820 0.127773 -0.084257
-0.459637 0.188643 -0.091157
-0.466328 0.015709 -0.086699
-0.615255 0.072858 -0.083669
-0.515030 0.117643 -0.091965
-0.488401 0.142928 -0.083760
-0.563041 0.049492 -0.084801
-0.423357 -0.034389 -0.096280
-0.548838 0.137688 -0.083126
-0.437422 0.015295 -0.087063
-0.418233 0.051289 -0.094547
-0.432903 0.101354 -0.093316
-0.479756 0.032948 -0.094175
-0.487777 0.237812 -0.089780
-0.523645 0.132023 -0.091557
-0.529732 0.116315 -0.091812
-0.392201 0.070115 -0.086470
-0.495030 0.013115 -0.094403
-0.450168 0.140424 -0.084282
-0.445692 0.021641 -0.086828
-0.545579 0.185515 -0.082163
-0.533627 0.087955 -0.084356
-0.548026 -0.058471 -0.087249
-0.547543 -0.060908 -0.092374
-0.485516 0.060611 -0.085521
-0.389033 0.003098 -0.087914
-0.650931 0.069021 -0.083310
-0.596395 -0.002257 -0.085476
-0.374455 0.097704 -0.086110
-0.526384 0.069297 -0.084836
-0.469212 0.183079 -0.091156
-0.565637 0.043810 -0.092890
-0.498584 0.071261 -0.093140
-0.475153 0.000174 -0.086916
-0.646832 0.079981 -0.091133
-0.535128 0.005057 -0.086076
-0.485421 -0.013868 -0.095087
-0.384545 0.051911 -0.086946
-0.611503 0.022189 -0.092780
-0.370438 0.054407 -0.095069
-0.427072 0.106049 -0.085287
-0.587561 0.007695 -0.085376
-0.557196 0.139021 -0.090998
-0.473477 0.114707 -0.084535
-0.495132 -0.106298 -0.096905
-0.423499 -0.002444 -0.087606
-0.397806 0.148432 -0.092761
-0.399800 0.069775 -0.094386
-0.528690 -0.022277 -0.086728
-0.404990 0.089514 -0.093908
-0.578935 0.084305 -0.091878
-0.433474 0.075349 -0.085852
-0.531959 0.030061 -0.093593
-0.436033 0.163916 -0.091966
-0.586409 0.153518 -0.083876
-0.445754 0.040036 -0.094444
-0.400958 0.146871 -0.084753
-0.484874 0.135208 -0.083965
-0.431364 -0.039528 -0.088287
-0.589938 0.034417 -0.092788
-0.584485 -0.020853 -0.086012
-0.474307 0.225474 -0.084491
-0.492785 0.007425 -0.086547
-0.610258 0.006248 -0.085127
-0.553363 0.051044 -0.084887
-0.403271 0.063374 -0.086475
-0.495473 0.014966 -0.094358
-0.462139 -0.002008 -0.095124
-0.532109 -0.073687 -0.087764
-0.622591 0.077220 -0.091489
-0.538344 0.180231 -0.082363
-0.509002 0.094001 -0.084532
-0.580212 0.037058 -0.092853
-0.471099 0.054153 -0.085834
-0.565026 0.009166 -0.085622
-0.580730 0.023447 -0.093132
-0.341889 0.082181 -0.094838
-0.402536 0.043245 -0.086906
-0.468022 0.141003 -0.084051
-0.368000 0.076351 -0.094639
-0.391670 0.041220 -0.095085
-0.560174 0.097498 -0.083829
-0.417695 0.007885 -0.087461
-0.650015 0.068184 -0.091341
-0.484900 -0.058833 -0.096036
-0.521389 -0.020468 -0.094783
-0.558236 0.182493 -0.088578
-0.527608 0.063428 -0.084944
-0.506756 -0.085339 -0.096323
-0.564473 0.097122 -0.083784
-0.514786 0.047096 -0.093447
-0.553708 0.131401 -0.091200
-0.508791 0.156214 -0.091233
-0.384288 0.031823 -0.095372
-0.595750 -0.012518 -0.085699
-0.531944 0.007334 -0.086067
-0.399215 0.055871 -0.086682
-0.491615 0.045711 -0.093761
-0.526813 0.105242 -0.092080
-0.401480 0.137774 -0.092939
-0.590099 0.069172 -0.092058
-0.544893 -0.063504 -0.091831
-0.596667 0.041647 -0.092554
-0.372762 0.123514 -0.085589
-0.422699 0.035412 -0.094825
-0.522230 0.093236 -0.084386
-0.376599 0.084654 -0.086357
-0.580035 0.117877 -0.091160
-0.414712 0.165441 -0.092196
-0.457578 0.160034 -0.083780
-0.509323 -0.035300 -0.087240
-0.501186 0.186685 -0.082685
-0.568005 0.048356 -0.084764
-0.532520 -0.011434 -0.086454
-0.543580 0.101698 -0.083945
-0.523393 0.184390 -0.082460
-0.456227 0.038843 -0.094340
-0.343869 0.066887 -0.087132
-0.579270 0.022785 -0.093164
-0.425347 0.098469 -0.093470
-0.537454 0.104575 -0.091963
-0.570190 0.003517 -0.093679
-0.504924 0.094727 -0.084567
-0.582802 0.050935 -0.092530
-0.421883 0.174268 -0.091257
-0.494354 0.154603 -0.091444
-0.616783 0.097852 -0.083126
-0.569338 0.009989 -0.093554
-0.551586 0.083911 -0.084220
-0.473495 -0.074960 -0.096514
-0.488407 -0.035542 -0.087502
-0.436478 0.146004 -0.084334
-0.499830 0.003867 -0.086535
-0.506356 0.193696 -0.082474
-0.397297 0.048828 -0.086854
-0.550443 0.150184 -0.082844
-0.403512 0.079086 -0.086143
-0.435169 0.126047 -0.084768
-0.473638 0.172023 -0.083331
-0.455331 0.050212 -0.086111
-0.369243 0.105810 -0.094006
-0.451811 0.177639 -0.091484
-0.544863 0.014288 -0.093765
-0.539572 0.081506 -0.084418
-0.536786 -0.002214 -0.094210
-0.463340 -0.030484 -0.087704
-0.482005 0.029786 -0.086211
-0.403994 0.062121 -0.086492
-0.402534 0.005838 -0.087691
-0.480996 0.042765 -0.093953
-0.394721 0.042722 -0.087013
-0.515997 0.074146 -0.092865
-0.607417 0.024591 -0.084777
-0.588028 0.025595 -0.084995
-0.386631 0.015464 -0.087684
-0.356558 0.068141 -0.086950
-0.567941 0.164461 -0.090332
-0.419607 0.124958 -0.092985
-0.661974 0.053698 -0.091498
-0.482577 -0.092723 -0.096775
-0.531573 0.021694 -0.085771
-0.535482 -0.071159 -0.087670
-0.529325 0.030331 -0.093620
-0.552350 0.133258 -0.083176
-0.490188 -0.051819 -0.087821
-0.465764 0.021868 -0.086577
-0.467664 0.133498 -0.084212
-0.610261 0.121245 -0.090718
-0.512610 0.218135 -0.089887
-0.455619 0.068952 -0.093716
-0.639370 0.042295 -0.092015
-0.486914 -0.014144 -0.087072
-0.581301 0.110135 -0.083305
-0.463761 -0.005302 -0.087171
-0.410452 0.077009 -0.094103
-0.548404 0.036873 -0.085245
-0.409430 0.056550 -0.086542
-0.506358 0.189072 -0.082571
-0.574595 0.079686 -0.092028
-0.412197 0.042464 -0.094806
-0.491455 0.074086 -0.085166
-0.530060 0.148565 -0.083129
-0.415871 -0.027944 -0.095410
-0.407429 0.010700 -0.095531
-0.479890 -0.056814 -0.088053
-0.510748 0.082178 -0.084759
-0.628619 0.021235 -0.084587
-0.589255 0.030544 -0.092878
-0.642846 0.057804 -0.091647
-0.638571 0.075677 -0.091325
-0.432096 0.105423 -0.085239
-0.420400 0.034293 -0.094876
-0.392858 0.040773 -0.095079
-0.451118 -0.010657 -0.087439
-0.591966 0.046665 -0.092507
-0.450272 -0.015289 -0.095549
-0.510677 0.124531 -0.083871
-0.517884 0.192733 -0.082353
-0.455790 0.095862 -0.093150
-0.480491 0.016760 -0.094505
-0.398340 0.000440 -0.095858
-0.606354 0.093550 -0.091347
-0.530616 -0.001951 -0.086278
-0.547411 0.132278 -0.091259
-0.466762 0.094282 -0.093048
-0.436713 0.003295 -0.087323
-0.451796 -0.052644 -0.088311
-0.346855 0.066871 -0.087096
-0.578951 0.087969 -0.091801
-0.459728 -0.061205 -0.088393
-0.423826 -0.018634 -0.087942
-0.458812 0.187522 -0.091191
-0.494197 0.228154 -0.089904
-0.543399 -0.019260 -0.086484
-0.537073 0.003856 -0.086077
-0.454354 -0.050467 -0.088234
-0.650333 0.086963 -0.090944
-0.456221 0.009517 -0.086953
-0.413624 0.157238 -0.084379
-0.618636 0.101922 -0.091020
-0.452648 0.096689 -0.085169
-0.374721 0.069302 -0.094704
-0.614978 0.078374 -0.083556
-0.435997 0.125856 -0.084762
-0.416819 0.004374 -0.095548
-0.370649 0.124125 -0.086637
-0.528629 0.205651 -0.089952
-0.393985 0.029314 -0.095306
-0.445929 0.180167 -0.083501
-0.512090 0.198076 -0.082312
-0.545713 0.071603 -0.084550
-0.519022 0.016764 -0.086029
-0.614483 0.118889 -0.090715
-0.586376 0.109596 -0.083253
-0.455776 -0.027789 -0.087741
-0.465627 0.048930 -0.094013
-0.480921 0.151996 -0.083662
-0.571332 0.149247 -0.090609
-0.536814 0.141993 -0.083184
-0.357747 0.108848 -0.094084
-0.533679 0.021457 -0.093752
-0.551357 0.148251 -0.090876
-0.552648 0.065776 -0.084587
-0.444421 0.000504 -0.095290
-0.443785 0.195655 -0.087695
-0.528337 0.208131 -0.089903
-0.395588 0.031144 -0.087245
-0.468713 -0.011953 -0.087250
-0.550034 0.111100 -0.091671
-0.487230 0.028282 -0.086178
-0.492020 0.241748 -0.089645
-0.487994 0.078406 -0.085118
-0.498760 0.197031 -0.082498
-0.482045 0.175570 -0.083153
-0.404854 0.053683 -0.094661
-0.324029 0.071110 -0.095290
-0.516336 0.004453 -0.094322
-0.361144 0.078194 -0.094685
-0.573219 0.084776 -0.091938
-0.516361 -0.077866 -0.096048
-0.527343 0.111944 -0.083930
-0.471152 0.154034 -0.083739
-0.449755 0.193482 -0.091177
-0.369134 0.104583 -0.094033
-0.630580 0.031408 -0.084349
-0.436849 0.050139 -0.086340
-0.607587 0.010039 -0.093083
-0.434813 0.016835 -0.095065
-0.504412 0.033635 -0.085855
-0.606567 0.057315 -0.084101
-0.568347 0.073709 -0.084228
-0.551313 0.091138 -0.092074
-0.635809 0.087152 -0.091118
-0.527953 0.155604 -0.091010
-0.402937 -0.006253 -0.095942
-0.385420 0.041813 -0.087147
-0.485805 -0.025514 -0.095326
-0.512904 0.067714 -0.085035
-0.446071 0.061934 -0.093981
-0.508331 -0.074087 -0.088065
-0.532749 -0.043893 -0.087132
-0.618686 0.038975 -0.084337
-0.531936 0.176964 -0.082510
-0.400470 -0.006782 -0.095983
-0.585128 0.003356 -0.093499
-0.521072 0.052510 -0.093256
-0.437122 0.020485 -0.094960
-0.378538 0.056306 -0.086927
-0.420693 0.054651 -0.094446
-0.421289 0.092624 -0.085640
-0.646273 0.092474 -0.089561
-0.537035 0.090217 -0.092269
-0.603567 0.096813 -0.091312
-0.431424 -0.027349 -0.096033
-0.537375 0.114418 -0.091757
-0.452261 0.019210 -0.094801
-0.590884 0.011065 -0.093267
-0.445181 0.116095 -0.084854
-0.523216 0.108719 -0.092051
-0.463637 0.085289 -0.093275
-0.392484 0.033836 -0.087227
-0.460122 0.008151 -0.086934
-0.527297 0.043528 -0.085366
-0.354050 0.053063 -0.095299
-0.581427 0.024868 -0.085091
-0.486544 0.031568 -0.086118
-0.421765 0.078292 -0.085935
-0.595934 0.000943 -0.085414
-0.409089 -0.016620 -0.096083
-0.503480 -0.041388 -0.095442
-0.482293 0.137316 -0.091955
-0.607883 0.125422 -0.082657
-0.362333 0.114288 -0.093913
-0.451964 0.117408 -0.084743
-0.526502 0.137418 -0.091409
-0.482300 0.058155 -0.085612
-0.593701 0.141495 -0.090497
-0.502884 0.042143 -0.085695
-0.379916 0.130163 -0.093364
-0.510486 0.181580 -0.082677
-0.447813 -0.050771 -0.096323
-0.320042 0.074672 -0.090784
-0.381175 0.043452 -0.087165
-0.550393 -0.011673 -0.086239
-0.476265 0.013032 -0.086633
-0.577244 0.060573 -0.084394
-0.605541 0.051548 -0.084235
-0.649923 0.042234 -0.091887
-0.572911 0.000644 -0.085704
-0.318181 0.072889 -0.094997
-0.504537 0.039773 -0.093727
-0.503051 0.202699 -0.090328
-0.634131 0.096836 -0.090936
-0.484271 -0.035772 -0.095560
-0.375288 0.108200 -0.093882
-0.423481 0.040873 -0.086698
-0.411617 0.082380 -0.093976
-0.490077 -0.033759 -0.087444
-0.428243 -0.040094 -0.096340
-0.483530 -0.045096 -0.095765
-0.490574 0.057136 -0.085532
-0.566952 -0.036803 -0.086562
-0.482330 0.149763 -0.091693
-0.507577 -0.052063 -0.095615
-0.377609 0.020992 -0.087679
-0.384647 0.066581 -0.086637
-0.532045 -0.001380 -0.094251
-0.470153 0.042732 -0.086085
-0.444805 0.088023 -0.093450
-0.423007 0.141231 -0.084600
-0.474967 -0.036434 -0.087686
-0.508970 0.055242 -0.093348
-0.574286 0.079396 -0.084035
-0.538681 0.202316 -0.083205
-0.474666 0.008294 -0.094754
-0.608313 0.050029 -0.092235
-0.490668 -0.091572 -0.088649
-0.624817 0.084892 -0.091301
-0.449828 0.127085 -0.092569
-0.488759 0.024891 -0.094233
-0.508569 0.007281 -0.086356
-0.517990 -0.004154 -0.094482
-0.385599 0.033990 -0.095311
-0.616865 0.070881 -0.083690
-0.454454 0.121767 -0.092623
-0.494367 0.105868 -0.084463
-0.576045 -0.024587 -0.086194
-0.611904 0.124965 -0.082617
-0.405862 0.032710 -0.095089
-0.518245 0.202917 -0.090137
-0.508901 0.150812 -0.091345
-0.603369 0.125362 -0.090716
-0.552039 0.070267 -0.092503
-0.530597 0.147699 -0.083141
-0.480593 -0.007763 -0.095018
-0.415925 0.078955 -0.085993
-0.366973 0.115811 -0.085822
-0.597211 0.016196 -0.093081
-0.403039 0.155794 -0.086043
-0.580398 0.057088 -0.092430
-0.548177 0.130501 -0.091287
-0.444522 0.178821 -0.083547
-0.596902 0.030637 -0.092782
-0.388561 0.118067 -0.085509
-0.630088 0.098409 -0.090953
-0.356372 0.069147 -0.094933
-0.421585 0.118266 -0.093101
-0.604353 0.097149 -0.091296
-0.472923 -0.006408 -0.095084
-0.483096 -0.020173 -0.095247
-0.474875 0.141367 -0.091961
-0.489937 0.104045 -0.084556
-0.485916 0.221689 -0.090141
-0.412280 0.121211 -0.085151
-0.602607 -0.007071 -0.091174
-0.588362 0.059594 -0.092280
-0.564729 0.175731 -0.084990
-0.479279 0.000822 -0.086852
-0.483178 -0.080888 -0.096520
-0.431401 0.064658 -0.086102
-0.492761 0.241667 -0.081635
-0.374642 0.125956 -0.093517
-0.423465 0.029086 -0.094948
-0.475137 -0.017638 -0.087290
-0.532197 0.181986 -0.090404
-0.484666 0.043787 -0.093887
-0.453638 0.020464 -0.094758
-0.441771 -0.037429 -0.088115
-0.434623 0.094875 -0.085429
-0.454551 0.078259 -0.085532
-0.398732 0.100182 -0.093761
-0.394591 -0.000161 -0.095916
-0.485829 -0.007258 -0.094943
-0.452474 0.169703 -0.091642
-0.514203 0.208809 -0.082061
-0.542798 0.013202 -0.085811
-0.575070 -0.021386 -0.094142
-0.599915 0.052086 -0.084293
-0.473936 0.212882 -0.090473
-0.433121 0.129040 -0.084731
-0.433234 0.180169 -0.091660
-0.503869 0.071494 -0.085067
-0.465704 0.217074 -0.085990
-0.579544 0.011500 -0.085395
-0.462317 0.103255 -0.092915
-0.591024 0.138357 -0.090596
-0.419849 -0.008990 -0.095791
-0.426375 0.148938 -0.084397
-0.494662 -0.068394 -0.096116
-0.465023 0.037969 -0.086248
-0.587399 0.033633 -0.084834
-0.441135 0.129502 -0.084623
-0.582383 0.149830 -0.090461
-0.444541 0.133792 -0.084491
-0.435636 0.134731 -0.092583
-0.522663 0.111435 -0.083999
-0.560618 0.005444 -0.085754
-0.539897 0.091014 -0.084215
-0.485234 0.235589 -0.081856
-0.619113 0.086117 -0.083343
-0.504385 0.056371 -0.093380
-0.628194 0.037192 -0.092260
-0.441073 0.013817 -0.087049
-0.436748 -0.020826 -0.095831
-0.353695 0.084749 -0.094639
-0.444061 -0.039486 -0.096133
-0.559342 -0.005384 -0.085997
-0.504689 0.086836 -0.084736
-0.439014 0.029428 -0.094750
-0.486977 0.127761 -0.092098
-0.485159 0.138815 -0.091888
-0.540199 0.081138 -0.084418
-0.476830 0.100470 -0.092795
-0.437375 -0.003262 -0.087453
-0.466931 0.039910 -0.086184
-0.457478 0.098629 -0.085069
-0.443374 0.146174 -0.092248
-0.438566 0.103371 -0.085202
-0.504895 0.069616 -0.093096
-0.589210 0.065099 -0.092154
-0.469759 0.099392 -0.084902
-0.498397 -0.023886 -0.095137
-0.611352 0.019333 -0.084839
-0.426584 -0.007676 -0.087678
-0.556393 0.050182 -0.092871
-0.618336 0.008318 -0.091969
-0.607122 0.088650 -0.083437
-0.487041 0.226552 -0.082023
-0.437608 0.031374 -0.094726
-0.552386 0.141456 -0.083003
-0.432026 0.003840 -0.095372
-0.425604 0.023442 -0.095040
-0.496816 0.080822 -0.084958
-0.411850 0.005410 -0.087585
-0.488462 0.230908 -0.081914
-0.587583 -0.010917 -0.093768
-0.418896 0.009526 -0.087412
-0.570359 0.142923 -0.090754
-0.420490 0.124728 -0.092979
-0.426308 0.032255 -0.086844
-0.528373 0.155867 -0.082997
-0.543450 0.154255 -0.090847
-0.344852 0.059710 -0.095273
-0.504396 0.099233 -0.084479
-0.470994 0.133640 -0.084169
-0.570372 0.039894 -0.092914
-0.500140 0.094793 -0.084625
-0.486237 -0.072746 -0.096311
-0.525977 0.157891 -0.082984
-0.502335 0.220889 -0.081953
-0.502500 0.059311 -0.093342
-0.640280 0.091073 -0.090981
-0.473893 0.013638 -0.086649
-0.428436 0.168816 -0.091957
-0.431212 -0.033575 -0.088164
-0.493092 -0.103005 -0.088859
-0.515449 0.009376 -0.094230
-0.635860 0.030380 -0.084306
-0.378020 0.131324 -0.085637
-0.447781 0.066477 -0.093865
-0.423283 0.013008 -0.095287
-0.483758 0.192792 -0.090773
-0.452317 0.203991 -0.086983
-0.466928 0.198517 -0.082858
-0.459710 0.006183 -0.094982
-0.394033 -0.004439 -0.096013
-0.580631 0.088178 -0.091776
-0.620201 0.064789 -0.083777
-0.442169 0.105506 -0.093115
-0.533571 0.080925 -0.092507
-0.510294 0.142220 -0.091508
-0.501876 0.091644 -0.084669
-0.625368 0.066326 -0.091684
-0.467022 0.024128 -0.094516
-0.570107 -0.011122 -0.085985
-0.582769 -0.001186 -0.085621
-0.466436 0.076956 -0.093416
-0.487351 -0.090280 -0.096665
-0.585124 0.121144 -0.091029
-0.438659 0.171865 -0.091767
-0.441295 0.131260 -0.084584
-0.584121 0.098975 -0.083504
-0.497638 -0.042262 -0.087529
-0.609215 0.036061 -0.092517
-0.479040 0.025107 -0.086345
-0.429727 -0.035969 -0.088233
-0.606772 0.024406 -0.092791
-0.524420 0.117378 -0.091855
-0.466900 0.132979 -0.092235
-0.529963 0.031434 -0.085586
-0.445706 -0.055224 -0.088440
-0.366667 0.042790 -0.095359
-0.491359 0.082681 -0.092989
-0.456906 0.116358 -0.084704
-0.549072 0.191802 -0.086634
-0.501832 0.159274 -0.091254
-0.378716 0.130392 -0.093374
-0.455702 0.171162 -0.091572
-0.576231 0.155131 -0.082423
-0.568168 0.171593 -0.090180
-0.401244 0.115727 -0.085402
-0.455042 -0.036771 -0.087938
-0.503118 0.123689 -0.091984
-0.555842 -0.020948 -0.094369
-0.586662 0.112763 -0.083184
-0.398576 0.018546 -0.087473
-0.529952 -0.018601 -0.094638
-0.398703 0.046176 -0.094894
-0.534980 -0.064517 -0.095539
-0.587149 0.124944 -0.082922
-0.556221 0.128769 -0.091225
-0.425651 0.089018 -0.085662
-0.440254 0.120985 -0.084812
-0.525563 -0.040913 -0.095160
-0.603555 -0.006123 -0.093439
-0.414158 0.039818 -0.094837
-0.510349 0.130939 -0.083741
-0.553688 0.187097 -0.087143
-0.537625 -0.026903 -0.086715
-0.491406 -0.055806 -0.095892
-0.610805 0.121172 -0.082710
-0.397726 0.143847 -0.092858
-0.619006 0.054849 -0.084000
-0.625272 0.021069 -0.092634
-0.403764 0.093769 -0.093834
-0.492080 -0.106008 -0.092125
-0.484234 0.230929 -0.081966
-0.497114 0.224685 -0.081938
-0.554981 -0.027026 -0.086505
-0.358337 0.073491 -0.094818
-0.415560 0.134460 -0.084833
-0.344298 0.098400 -0.091635
-0.394095 0.000443 -0.087908
-0.522138 0.153148 -0.083130
-0.473917 0.182768 -0.091105
-0.664045 0.070804 -0.083112
-0.418271 0.170729 -0.090486
-0.608392 0.058592 -0.084052
-0.437217 0.149857 -0.092246
-0.416455 -0.017125 -0.088001
-0.488286 0.011736 -0.094514
-0.325953 0.069818 -0.095293
-0.530874 -0.050934 -0.087302
-0.607461 0.089644 -0.091415
-0.400510 0.048184 -0.094830
-0.446936 0.103355 -0.085100
-0.483396 0.073268 -0.085282
-0.580322 0.016755 -0.085275
-0.531924 -0.040859 -0.087078
-0.537853 0.166159 -0.090667
-0.495527 0.200639 -0.082462
-0.355094 0.082862 -0.086659
-0.486726 -0.049580 -0.087817
-0.581004 0.017807 -0.093247
-0.610718 0.128683 -0.084811
-0.393780 0.028362 -0.087326
-0.372664 0.082048 -0.094462
-0.336855 0.073636 -0.087077
-0.400404 0.148973 -0.084715
-0.590007 0.027167 -0.084937
-0.559883 0.144600 -0.090848
-0.560834 0.036690 -0.085096
-0.356626 0.042591 -0.087485
-0.416630 0.058260 -0.086418
-0.428544 0.161027 -0.084116
-0.395791 0.024735 -0.087377
-0.650908 0.087248 -0.090931
-0.553345 0.075381 -0.092380
-0.599453 0.093013 -0.083440
-0.449443 0.100576 -0.093129
-0.581370 0.078689 -0.083963
-0.521195 0.067496 -0.092940
-0.501397 -0.064141 -0.095944
-0.558872 0.094062 -0.091920
-0.388954 0.009024 -0.095793
-0.509662 0.173417 -0.090861
-0.406758 0.138231 -0.084862
-0.429839 0.006896 -0.095335
-0.481598 0.102471 -0.092694
-0.448970 0.003093 -0.087177
-0.510031 0.220015 -0.081877
-0.529092 0.143164 -0.083254
-0.398525 0.068789 -0.086420
-0.498333 0.077493 -0.085010
-0.416735 0.145229 -0.092595
-0.508278 -0.095767 -0.088520
-0.372798 0.039505 -0.087350
-0.587627 -0.011221 -0.085772
-0.457378 -0.055954 -0.096314
-0.537470 0.111301 -0.091822
-0.378105 0.061616 -0.094824
-0.515746 0.106412 -0.084189
-0.475135 0.009873 -0.086713
-0.437989 0.177768 -0.083649
-0.506608 0.195033 -0.090445
-0.609088 0.121556 -0.090726
-0.567088 0.044549 -0.084855
-0.524610 0.067304 -0.092902
-0.430413 0.102748 -0.093318
-0.611300 0.039816 -0.084410
-0.621347 0.117843 -0.085780
-0.553760 0.090030 -0.092067
-0.353001 0.106890 -0.089268
-0.466188 0.104253 -0.092846
-0.359911 0.032666 -0.087652
-0.504479 -0.098887 -0.096635
-0.585493 -0.020515 -0.093995
-0.595451 0.073351 -0.083902
-0.533635 0.194129 -0.082130
-0.485477 0.205884 -0.090478
-0.511103 0.191397 -0.082464
-0.434601 0.029613 -0.094800
-0.451670 0.030221 -0.086575
-0.352492 0.052627 -0.087325
-0.571523 0.100952 -0.091620
-0.532585 0.011826 -0.085965
-0.416039 0.168499 -0.085189
-0.428995 0.065626 -0.094114
-0.599749 0.012270 -0.093132
-0.423373 -0.033415 -0.088257
-0.432396 0.027872 -0.086861
-0.518545 -0.043465 -0.087297
-0.464954 0.070903 -0.085558
-0.461865 -0.036290 -0.095847
-0.559414 -0.041080 -0.094747
-0.549304 0.114513 -0.083606
-0.570834 0.087699 -0.091906
-0.380651 0.052366 -0.086984
-0.474943 0.145153 -0.091881
-0.526018 -0.044916 -0.087236
-0.427342 0.050168 -0.094458
-0.514059 0.187584 -0.082508
-0.503279 0.063522 -0.093244
-0.508951 0.022499 -0.086032
-0.461175 0.157032 -0.091801
-0.546962 0.078481 -0.092393
-0.592509 0.018097 -0.085097
-0.479049 0.229819 -0.090055
-0.474624 -0.088190 -0.091015
-0.666330 0.066400 -0.083176
-0.592209 0.135923 -0.090632
-0.432922 0.035398 -0.086697
-0.520171 0.046801 -0.085385
-0.509018 0.112760 -0.084139
-0.463610 -0.037917 -0.087857
-0.519286 -0.077962 -0.096014
-0.423934 -0.024878 -0.088071
-0.439299 -0.038428 -0.096169
-0.627865 0.079960 -0.083365
-0.522828 -0.055510 -0.087497
-0.381004 0.093059 -0.086126
-0.424546 0.000012 -0.087542
-0.379031 0.017805 -0.095731
-0.501361 0.027555 -0.086020
-0.465511 0.111953 -0.084691
-0.561234 0.034085 -0.085146
-0.346565 0.089381 -0.094630
-0.588305 0.035171 -0.084790
-0.487018 0.215801 -0.082249
-0.515239 -0.085963 -0.088229
-0.417812 0.074650 -0.094062
-0.418470 0.145645 -0.084563
-0.626160 0.072301 -0.083546
-0.474852 0.221203 -0.082285
-0.612265 0.060456 -0.091968
-0.399734 0.046673 -0.094871
-0.411028 0.094862 -0.085719
-0.623784 0.031039 -0.092443
-0.496524 -0.054586 -0.095804
-0.535107 -0.060662 -0.087454
-0.617763 0.089908 -0.083280
-0.510989 -0.046451 -0.087453
-0.410999 0.086358 -0.093900
-0.585740 0.033885 -0.084849
-0.521629 0.219919 -0.088024
-0.455148 0.024969 -0.086642
-0.660395 0.066702 -0.083242
-0.565678 0.013680 -0.093522
-0.406528 0.132321 -0.092992
-0.441201 0.026097 -0.094792
-0.482633 0.227545 -0.090059
-0.480813 0.231855 -0.086519
-0.471693 0.209275 -0.082574
-0.642615 0.072535 -0.091341
-0.365820 0.077607 -0.094640
-0.656508 0.048394 -0.083674
-0.524392 0.190486 -0.082320
-0.563273 0.000944 -0.093818
-0.453573 -0.039510 -0.096016
-0.441883 -0.054532 -0.096001
-0.444709 -0.034288 -0.096016
-0.345727 0.049248 -0.095481
-0.555798 -0.052870 -0.088484
-0.635130 0.057839 -0.083739
-0.409373 0.027785 -0.095149
-0.580341 -0.003206 -0.093695
-0.505041 0.211877 -0.082109
-0.386649 0.056463 -0.094827
-0.463828 0.055200 -0.093904
-0.606937 0.121008 -0.082761
-0.449681 0.052154 -0.086139
-0.594602 0.002713 -0.085394
-0.551573 -0.006127 -0.086108
-0.494625 0.031938 -0.094013
-0.574613 0.136991 -0.082824
-0.530239 0.192636 -0.090205
-0.513170 0.171934 -0.090849
-0.459964 0.066845 -0.093707
-0.478974 -0.046225 -0.095844
-0.383532 0.122956 -0.093471
-0.576150 0.040822 -0.084821
-0.401233 0.146684 -0.092755
-0.402119 0.067001 -0.086413
-0.384731 0.091696 -0.086109
-0.428719 0.176719 -0.091788
-0.559657 0.124950 -0.091262
-0.639689 0.051460 -0.091819
-0.532145 0.205626 -0.089909
-0.533184 0.066821 -0.084805
-0.499582 0.232902 -0.081735
-0.344008 0.076902 -0.094923
-0.621168 0.011024 -0.084927
-0.622972 0.063412 -0.091774
-0.542184 -0.048106 -0.095106
-0.525383 0.170779 -0.090723
-0.597070 0.047933 -0.084415
-0.395407 0.051596 -0.086819
-0.398087 0.026634 -0.087309
-0.525805 0.154278 -0.091064
-0.556677 -0.007852 -0.094084
-0.615359 0.067441 -0.091783
-0.556223 0.126909 -0.091264
-0.449374 0.139953 -0.092304
-0.440352 -0.041511 -0.096221
-0.461486 0.075412 -0.085506
-0.528388 0.084010 -0.092506
-0.456731 0.134221 -0.084332
-0.443022 -0.016592 -0.095665
-0.485357 0.114167 -0.084400
-0.400611 0.050660 -0.094777
-0.591171 0.103114 -0.083330
-0.558486 0.182139 -0.085630
-0.446749 0.034155 -0.094555
-0.448588 0.094507 -0.085265
-0.457262 0.196787 -0.091016
-0.519814 0.153255 -0.083157
-0.549436 0.145909 -0.082946
-0.631703 0.078332 -0.083351
-0.619980 0.104104 -0.090958
-0.457188 0.115337 -0.084722
-0.344075 0.095874 -0.094524
-0.414715 0.039075 -0.094846
-0.364029 0.107721 -0.086028
-0.439694 0.144258 -0.084331
-0.495537 -0.060583 -0.095942
-0.559502 0.110956 -0.083556
-0.570922 0.148765 -0.090625
-0.520973 0.054259 -0.085218
-0.479247 -0.062340 -0.096179
-0.461910 -0.064243 -0.096432
-0.549696 0.154673 -0.082759
-0.571496 0.035648 -0.084987
-0.436580 -0.041086 -0.096258
-0.526661 0.090794 -0.092385
-0.453039 0.178438 -0.083450
-0.536474 0.162826 -0.090753
-0.487978 0.104935 -0.092564
-0.539148 0.160643 -0.090766
-0.351131 0.104713 -0.086249
-0.539953 0.118984 -0.091630
-0.620959 0.095475 -0.083124
-0.370895 0.117464 -0.093741
-0.501424 -0.076688 -0.088205
-0.384442 0.067747 -0.094617
-0.492436 0.140370 -0.083764
-0.503991 0.237861 -0.085034
-0.511108 0.059769 -0.093227
-0.608825 0.040265 -0.092434
-0.539700 0.176308 -0.082429
-0.486661 0.127506 -0.092107
-0.559797 0.090477 -0.091984
-0.366322 0.038931 -0.095444
-0.620644 0.033044 -0.084437
-0.388603 0.008631 -0.095806
-0.359272 0.067330 -0.094936
-0.458298 0.140058 -0.084190
-0.500975 -0.041119 -0.095467
-0.390615 0.049611 -0.094922
-0.400792 0.008160 -0.087663
-0.372953 0.065651 -0.094803
-0.344649 0.044848 -0.093610
-0.403936 0.101458 -0.085668
-0.521204 0.186651 -0.090442
-0.522320 0.166349 -0.082851
-0.451382 0.012962 -0.086940
-0.421436 0.026416 -0.095029
-0.457381 -0.062326 -0.096448
-0.391452 0.042667 -0.095057
-0.612595 0.125104 -0.090608
-0.499534 0.112388 -0.092265
-0.429356 0.169109 -0.083937
-0.481568 0.129307 -0.092132
-0.390503 0.034573 -0.087236
-0.536286 0.108340 -0.091898
-0.379075 0.020054 -0.087681
-0.476542 0.045953 -0.085939
-0.430074 0.003308 -0.087405
-0.658149 0.065699 -0.083291
-0.428324 0.169431 -0.091945
-0.615910 0.028137 -0.092601
-0.468347 0.156519 -0.083721
-0.542380 0.107132 -0.091849
-0.487566 -0.048361 -0.087781
-0.509615 0.142525 -0.083507
-0.445346 0.038757 -0.086474
-0.536865 0.104805 -0.083963
-0.426903 0.179148 -0.088010
-0.480067 0.004698 -0.086761
-0.467396 -0.035520 -0.095762
-0.639888 0.098778 -0.082822
-0.448781 0.182473 -0.083418
-0.640462 0.029944 -0.090661
-0.515242 -0.034993 -0.095163
-0.420280 0.156090 -0.084322
-0.514690 -0.015274 -0.086754
-0.557875 0.075216 -0.084325
-0.606958 0.043349 -0.084389
-0.593490 -0.007325 -0.085618
-0.463622 -0.009084 -0.087252
-0.388173 0.141269 -0.087556
-0.512267 0.193998 -0.082395
-0.564830 0.069728 -0.092357
-0.457876 0.038620 -0.094325
-0.449154 0.028884 -0.086634
-0.520851 0.212457 -0.089905
-0.541121 -0.054498 -0.087251
-0.525972 0.215327 -0.083535
-0.529731 0.019826 -0.093835
-0.597144 0.037959 -0.084623
-0.572686 -0.022495 -0.086192
-0.429910 -0.007548 -0.095637
-0.513089 -0.082053 -0.088174
-0.456002 0.156374 -0.083876
-0.442858 -0.039969 -0.096157
-0.545918 0.179228 -0.090293
-0.471357 0.080276 -0.085283
-0.530154 0.006227 -0.086113
-0.483998 0.026679 -0.094254
-0.413542 0.104617 -0.085484
-0.530826 0.108011 -0.091972
-0.628918 0.077416 -0.083405
-0.515822 0.116863 -0.091971
-0.379019 0.116118 -0.085667
-0.524856 0.120218 -0.083787
-0.476630 0.212261 -0.082451
-0.506513 0.205110 -0.082233
-0.542438 0.173235 -0.090462
-0.433580 0.099917 -0.085336
-0.492447 -0.047672 -0.095709
-0.424399 0.014090 -0.095251
-0.510034 0.003103 -0.086426
-0.469241 -0.013465 -0.087275
-0.446666 -0.059477 -0.094432
-0.600788 0.042027 -0.092495
-0.501744 0.139813 -0.091663
-0.591962 0.139385 -0.082560
-0.413298 0.165862 -0.090117
-0.562378 0.106334 -0.083617
-0.479159 0.092090 -0.092942
-0.485694 0.024222 -0.086282
-0.572273 0.120961 -0.083189
-0.527251 0.026166 -0.093733
-0.592596 0.042767 -0.084578
-0.459485 0.067552 -0.093698
-0.501947 0.009350 -0.086394
-0.438413 0.078570 -0.085724
-0.434979 0.035592 -0.094670
-0.496288 0.229030 -0.081857
-0.599999 -0.009511 -0.093586
-0.466894 0.171575 -0.091426
-0.412826 0.018688 -0.095297
-0.481066 0.140434 -0.091905
-0.586906 0.126485 -0.090895
-0.476911 -0.044582 -0.087833
-0.490678 0.137395 -0.091850
-0.618159 0.113191 -0.090789
-0.461536 -0.021333 -0.087535
-0.439153 0.105650 -0.085147
-0.437758 0.044747 -0.094444
-0.356272 0.032924 -0.092583
-0.493590 -0.050064 -0.095745
-0.531958 -0.069090 -0.087670
-0.478493 0.112724 -0.084515
-0.477469 -0.002386 -0.086941
-0.595510 0.024474 -0.084926
-0.658687 0.047731 -0.086743
-0.452136 0.189284 -0.091236
-0.371141 0.107061 -0.093957
-0.579653 0.066381 -0.092245
-0.596412 0.108187 -0.083160
-0.574222 -0.021957 -0.094164
-0.518973 0.039528 -0.093554
-0.404476 0.144314 -0.092765
-0.518500 0.030336 -0.085750
-0.633048 0.033907 -0.092269
-0.362380 0.037613 -0.087518
-0.539539 0.044977 -0.085185
-0.559367 0.088172 -0.092037
-0.387583 0.115111 -0.085583
-0.625096 0.095111 -0.091083
-0.528338 0.021964 -0.085805
-0.506066 -0.078667 -0.088189
-0.442400 0.066744 -0.093925
-0.626676 0.097496 -0.091014
-0.541272 0.041858 -0.085229
-0.407136 0.103754 -0.085581
-0.489635 0.168450 -0.083209
-0.413013 0.075332 -0.094107
-0.378305 0.022723 -0.095637
-0.656662 0.061336 -0.091403
-0.497085 -0.110250 -0.092491
-0.472643 0.062298 -0.085644
-0.494191 0.123123 -0.092106
-0.367839 0.021141 -0.087796
-0.607339 0.064647 -0.083938
-0.569407 0.067161 -0.092354
-0.541769 0.104094 -0.091920
-0.501928 -0.105501 -0.093908
-0.474103 0.115902 -0.084502
-0.566305 0.027068 -0.093233
-0.641496 0.097339 -0.088935
-0.456568 0.017232 -0.094789
-0.429967 0.052496 -0.094377
-0.444363 0.125823 -0.084660
-0.558709 0.035111 -0.093158
-0.352474 0.082103 -0.094709
-0.464880 0.216261 -0.085204
-0.453691 0.132230 -0.084411
-0.477009 0.154523 -0.091659
-0.492247 0.174533 -0.083050
-0.602279 0.121909 -0.082800
-0.609879 0.028051 -0.084674
-0.417658 0.000784 -0.095613
-0.479933 0.126806 -0.092204
-0.442981 0.076859 -0.085704
-0.485445 -0.055660 -0.087960
-0.517073 0.087147 -0.084577
-0.457670 0.038243 -0.086333
-0.458134 0.029563 -0.086509
-0.484751 0.225260 -0.090080
-0.561845 0.044966 -0.092913
-0.512031 -0.087830 -0.088308
-0.459653 0.211190 -0.089723
-0.567776 0.080284 -0.084097
-0.360191 0.113937 -0.091109
-0.531615 0.056238 -0.085046
-0.375383 0.041807 -0.087270
-0.632860 0.040422 -0.092135
-0.484758 0.003864 -0.086721
-0.609892 0.014606 -0.084956
-0.556013 0.050799 -0.084860
-0.479579 0.038674 -0.086054
-0.545683 -0.048242 -0.087064
-0.633616 0.031269 -0.092317
-0.592605 0.121013 -0.082937
-0.494983 0.092907 -0.092730
-0.565204 -0.010604 -0.086034
-0.573762 0.062521 -0.092398
-0.532717 0.199873 -0.082020
-0.520309 0.051193 -0.085291
-0.423438 0.103000 -0.093398
-0.431835 -0.029349 -0.088068
-0.605463 0.134005 -0.083188
-0.457744 0.037120 -0.094358
-0.604504 0.075756 -0.083740
-0.471178 -0.017436 -0.095337
-0.520477 0.040512 -0.093515
-0.612337 0.055265 -0.084073
-0.441953 0.118032 -0.084853
-0.547182 0.099220 -0.083953
-0.593831 0.134303 -0.082644
-0.624249 0.048306 -0.084073
-0.439363 0.075282 -0.093784
-0.638782 0.038038 -0.084109
-0.524690 0.072626 -0.084787
-0.605273 0.024597 -0.092806
-0.625431 0.054713 -0.091926
-0.423356 0.173208 -0.091927
-0.601876 0.084318 -0.091595
-0.433322 0.185442 -0.089894
-0.554943 0.138445 -0.091037
-0.565793 0.156800 -0.090519
-0.483366 0.203194 -0.082558
-0.379617 0.093558 -0.094135
-0.624060 0.027013 -0.084522
-0.422266 0.051000 -0.086501
-0.475913 0.104159 -0.092729
-0.514832 0.084313 -0.092666
-0.374635 0.111805 -0.093814
-0.512272 0.063390 -0.093136
-0.385368 0.068354 -0.094593
-0.433035 -0.045732 -0.088514
-0.474113 -0.043378 -0.095845
-0.520068 0.059495 -0.093122
-0.547113 -0.050367 -0.095093
-0.394582 0.057539 -0.094707
-0.419484 0.142385 -0.092621
-0.437818 -0.048334 -0.096395
-0.370068 0.123602 -0.091737
-0.619122 0.009076 -0.090763
-0.483058 0.173626 -0.083182
-0.581812 -0.004783 -0.093710
-0.540730 -0.067562 -0.093312
-0.514357 0.053908 -0.085307
-0.433794 0.043693 -0.086512
-0.623632 0.068044 -0.091669
-0.391147 -0.001493 -0.087984
-0.522671 0.188309 -0.082386
-0.446032 0.170496 -0.091705
-0.536165 0.123376 -0.091584
-0.472534 0.107112 -0.092708
-0.524646 -0.001360 -0.094342
-0.485350 -0.040342 -0.095643
-0.390951 0.113341 -0.093581
-0.605202 0.014603 -0.085014
-0.666833 0.071483 -0.090735
-0.481299 0.031259 -0.094191
-0.469313 0.126645 -0.084336
-0.494815 0.079006 -0.093024
-0.471755 -0.013470 -0.087244
-0.351048 0.038273 -0.092725
-0.495483 0.002809 -0.086611
-0.619345 0.119825 -0.083793
-0.461009 -0.042927 -0.095996
-0.599203 0.106724 -0.091158
-0.492751 0.223792 -0.090013
-0.501044 -0.085373 -0.096394
-0.538483 0.131965 -0.091376
-0.534379 0.082216 -0.084467
-0.474789 0.062948 -0.085604
-0.513559 0.083595 -0.092697
-0.376392 0.120866 -0.093602
-0.364942 0.099975 -0.086179
-0.485303 -0.022070 -0.095260
-0.466784 0.004227 -0.094936
-0.443084 0.095266 -0.085317
-0.477385 0.101921 -0.084755
-0.484990 0.225337 -0.082074
-0.440782 0.117855 -0.092874
-0.569881 -0.039058 -0.092912
-0.537238 0.018851 -0.085761
-0.638290 0.071842 -0.083407
-0.590240 0.104395 -0.083315
-0.576563 -0.032517 -0.093714
-0.525978 0.087900 -0.084451
-0.559880 0.090843 -0.091975
-0.619357 0.059570 -0.083897
-0.520997 0.219910 -0.081744
-0.488832 -0.067561 -0.096171
-0.586679 0.106644 -0.083312
-0.570621 -0.038375 -0.088448
-0.360809 0.039440 -0.095502
-0.501973 0.156629 -0.091308
-0.389215 0.057840 -0.086764
-0.535754 0.067696 -0.084755
-0.499866 0.136635 -0.083751
-0.483413 0.141396 -0.083853
-0.552347 0.086422 -0.092160
-0.425066 0.090508 -0.093640
-0.573653 0.047077 -0.084721
-0.458101 -0.065282 -0.088498
-0.481866 0.182662 -0.083007
-0.479635 -0.077819 -0.088496
-0.472988 0.151732 -0.083765
-0.595897 0.110862 -0.091112
-0.468099 0.198706 -0.082840
-0.481034 0.219633 -0.082242
-0.640247 0.057026 -0.091696
-0.441716 0.032438 -0.086651
-0.493396 0.088454 -0.084841
-0.508221 0.205574 -0.082202
-0.507319 0.192390 -0.082490
-0.629152 0.061000 -0.091749
-0.475286 0.165207 -0.091456
-0.446756 0.110108 -0.092963
-0.434952 0.134514 -0.084594
-0.446941 0.039911 -0.094432
-0.398988 0.009391 -0.087660
-0.501892 -0.000014 -0.086591
-0.342635 0.048180 -0.095542
-0.574058 0.137284 -0.082824
-0.514927 0.097018 -0.092398
-0.633135 0.072815 -0.083450
-0.442163 0.116277 -0.084887
-0.335643 0.089486 -0.086759
-0.576239 0.062909 -0.092359
-0.521780 0.206388 -0.082018
-0.551618 0.174993 -0.082310
-0.489643 0.202389 -0.082497
-0.609702 0.055467 -0.084102
-0.517647 0.213803 -0.089916
-0.594140 -0.006959 -0.085602
-0.494683 -0.102638 -0.096834
-0.418603 0.101861 -0.085479
-0.619739 0.011086 -0.084909
-0.424390 0.139540 -0.092620
-0.455217 0.156204 -0.083889
-0.616448 0.055053 -0.084027
-0.408977 0.117561 -0.093271
-0.415887 0.167926 -0.084127
-0.608253 0.112163 -0.090933
-0.529554 0.208669 -0.089877
-0.591142 0.148640 -0.082828
-0.533340 0.019545 -0.085794
-0.538562 -0.042564 -0.095035
-0.389719 -0.001275 -0.092993
-0.601665 0.013453 -0.085081
-0.596495 0.087359 -0.083595
-0.514038 0.060436 -0.093176
-0.510900 0.054416 -0.085339
-0.471103 -0.068508 -0.096409
-0.610083 0.079030 -0.083603
-0.474764 0.225932 -0.085721
-0.418445 0.052405 -0.094521
-0.577481 0.115606 -0.083237
-0.508766 -0.002903 -0.086567
-0.609591 0.064235 -0.091921
-0.397218 0.150154 -0.091935
-0.572755 0.123791 -0.091126
-0.383477 0.112971 -0.093681
-0.389323 0.054299 -0.086837
-0.546988 -0.041142 -0.086899
-0.499533 -0.014136 -0.094919
-0.503940 0.159257 -0.091228
-0.398778 -0.010688 -0.088597
-0.527547 0.123304 -0.083690
-0.457119 0.195761 -0.091039
-0.629627 0.035447 -0.084276
-0.636307 0.040457 -0.092091
-0.402943 0.004391 -0.095718
-0.438354 -0.028644 -0.095975
-0.570712 0.169715 -0.088083
-0.572730 0.027911 -0.085134
-0.496742 0.166746 -0.083158
-0.490802 0.036027 -0.093974
-0.432901 0.010218 -0.095228
-0.450379 0.158944 -0.083891
-0.510245 0.057854 -0.085275
-0.407185 0.107915 -0.085493
-0.620617 0.079954 -0.091456
-0.510343 0.229587 -0.089675
-0.540442 -0.018266 -0.094502
-0.574778 0.128231 -0.083005
-0.434873 -0.019736 -0.095831
-0.605638 0.068848 -0.091873
-0.538859 -0.040018 -0.086975
-0.486468 0.092291 -0.084845
-0.590674 0.110171 -0.083189
-0.438879 -0.037163 -0.096148
-0.331678 0.074949 -0.087113
-0.465101 0.196980 -0.082913
-0.369332 0.121072 -0.093685
-0.465446 -0.058790 -0.088272
-0.634850 0.103261 -0.090792
-0.414857 -0.027134 -0.088641
-0.398827 0.095278 -0.093863
-0.581665 0.100046 -0.083512
-0.400732 0.024107 -0.087330
-0.451394 0.024711 -0.094696
-0.455280 -0.046982 -0.088149
-0.506583 -0.076509 -0.088137
-0.488398 0.159767 -0.083407
-0.604983 0.035492 -0.084578
-0.657163 0.058523 -0.091456
-0.380939 0.126092 -0.085435
-0.385230 0.131770 -0.093265
-0.560023 -0.013967 -0.086169
-0.439278 0.011855 -0.087112
-0.412720 0.149423 -0.084554
-0.357640 0.093349 -0.086408
-0.466843 0.212997 -0.090558
-0.388669 -0.000174 -0.093763
-0.515519 0.052327 -0.085326
-0.487941 0.238821 -0.086083
-0.334801 0.054949 -0.094449
-0.657296 0.081031 -0.084561
-0.545697 0.033931 -0.085340
-0.528041 0.199548 -0.082085
-0.635399 0.035728 -0.092202
-0.431997 0.131823 -0.092689
-0.558015 0.106022 -0.091680
-0.410967 0.134563 -0.084888
-0.454313 0.008553 -0.086997
-0.488768 0.101840 -0.092619
-0.431861 0.149667 -0.084314
-0.436443 -0.005351 -0.087508
-0.583149 0.042276 -0.084705
-0.486889 0.012680 -0.086509
-0.477269 -0.090132 -0.088784
-0.435627 0.183859 -0.091553
-0.487323 0.146508 -0.083698
-0.452931 0.056495 -0.086008
-0.481392 0.164882 -0.091388
-0.520866 0.041394 -0.093492
-0.473998 0.050125 -0.093885
-0.449486 0.120456 -0.084710
-0.502064 0.192830 -0.082545
-0.327677 0.082125 -0.089302
-0.428809 -0.034423 -0.096214
-0.513068 0.067263 -0.085043
-0.434290 -0.018503 -0.095813
-0.655757 0.050600 -0.083637
-0.459923 -0.062258 -0.096415
-0.438301 0.108914 -0.093092
-0.520561 0.194182 -0.090292
-0.409358 0.034675 -0.095004
-0.480349 0.079025 -0.085199
-0.501738 0.108285 -0.092324
-0.426415 0.152813 -0.084315
-0.500948 -0.043814 -0.095524
-0.495475 0.181717 -0.082859
-0.563865 -0.029823 -0.094456
-0.415744 0.073701 -0.094107
-0.391819 0.119354 -0.085442
-0.379331 0.009445 -0.095791
-0.548085 0.181225 -0.082222
-0.470159 -0.083203 -0.096728
-0.514783 0.095636 -0.092429
-0.627964 0.076814 -0.083429
-0.474486 0.052774 -0.093824
-0.486667 0.167958 -0.091258
-0.483913 0.146156 -0.091750
-0.554347 0.054735 -0.084798
-0.411004 0.085251 -0.093924
-0.384765 0.066927 -0.094631
-0.486814 0.087360 -0.084944
-0.474294 0.225480 -0.086567
-0.547408 0.107580 -0.083775
-0.612068 0.059933 -0.091981
-0.530885 -0.015869 -0.094569
-0.598709 0.025535 -0.084864
-0.550181 0.031574 -0.085335
-0.519286 0.182563 -0.090551
-0.508524 0.233222 -0.084938
-0.479027 -0.078751 -0.096526
-0.435092 -0.036054 -0.096171
-0.591801 0.066434 -0.084092
-0.498444 0.092423 -0.092698
-0.494163 0.119059 -0.084189
-0.517992 0.122771 -0.083818
-0.511314 0.082673 -0.092744
-0.474610 0.187087 -0.083003
-0.536084 0.008254 -0.085997
-0.521218 -0.009102 -0.086544
-0.530029 0.092030 -0.092317
-0.497856 0.127850 -0.091962
-0.604083 0.112354 -0.090980
-0.488600 -0.099488 -0.096843
-0.377799 0.071136 -0.094628
-0.623977 0.100606 -0.090982
-0.553831 -0.048945 -0.094981
-0.501519 -0.001065 -0.094620
-0.397337 0.077110 -0.086260
-0.489920 -0.039270 -0.087562
-0.428650 0.109599 -0.093196
-0.486677 0.097431 -0.084735
-0.594150 0.143436 -0.090451
-0.559409 0.067230 -0.084474
-0.475087 -0.071719 -0.096427
-0.370119 0.066248 -0.094825
-0.453127 0.020075 -0.094772
-0.577971 0.089727 -0.083773
-0.381939 0.021726 -0.087611
-0.457817 0.088092 -0.093288
-0.459565 0.081845 -0.085395
-0.558392 0.138103 -0.083000
-0.533432 0.126238 -0.091558
-0.389300 0.062505 -0.086665
-0.501595 0.068100 -0.085166
-0.556258 -0.005896 -0.086046
-0.485918 -0.028422 -0.095386
-0.414721 0.045790 -0.086703
-0.600093 0.118072 -0.082907
-0.465150 -0.050201 -0.088095
-0.477199 0.112933 -0.092529
-0.487825 -0.038302 -0.087567
-0.362401 0.080552 -0.094620
-0.542694 -0.058555 -0.087317
-0.376560 0.129958 -0.092651
-0.573033 -0.004878 -0.085818
-0.503736 0.078355 -0.084925
-0.544333 0.091292 -0.084154
-0.474363 0.199883 -0.082738
-0.533235 0.162868 -0.090792
-0.381923 0.055722 -0.086898
-0.499584 0.230172 -0.089795
-0.488966 0.067651 -0.093334
-0.654695 0.043854 -0.089713
-0.539975 0.174431 -0.090467
-0.520195 0.092796 -0.084420
-0.555235 0.093981 -0.091966
-0.451955 -0.028806 -0.095812
-0.658323 0.047365 -0.085497
-0.490874 0.185873 -0.090831
-0.553326 0.009226 -0.093767
-0.579790 0.004007 -0.085549
-0.549005 0.151732 -0.090832
-0.466543 0.212186 -0.090579
-0.610317 0.049703 -0.092217
-0.401119 0.151714 -0.092651
-0.394353 0.031138 -0.087261
-0.513969 0.039781 -0.085608
-0.450517 -0.052367 -0.096323
-0.578371 0.075752 -0.084062
-0.420020 0.032192 -0.086923
-0.518748 -0.066488 -0.095780
-0.443093 -0.037952 -0.096112
-0.616327 0.061074 -0.091905
-0.433045 0.099850 -0.093346
-0.347368 0.044202 -0.095567
-0.582004 -0.027070 -0.094175
-0.513495 0.009331 -0.086252
-0.488015 -0.000306 -0.094770
-0.510671 -0.061752 -0.095780
-0.471850 0.189309 -0.082991
-0.549185 0.061556 -0.092721
-0.444228 0.063443 -0.093972
-0.390542 0.100426 -0.085855
-0.561381 0.074616 -0.084294
-0.598391 0.091326 -0.091491
-0.396915 0.081246 -0.086178
-0.594604 0.123220 -0.090869
-0.640813 0.038353 -0.084078
-0.556038 -0.012671 -0.094193
-0.607035 0.111586 -0.090960
-0.526185 -0.003780 -0.094374
-0.503835 -0.084493 -0.088339
-0.479938 0.012702 -0.094597
-0.551516 0.154257 -0.082746
-0.589489 0.082983 -0.083773
-0.453164 0.201956 -0.082955
-0.469117 0.215007 -0.082485
-0.394618 0.129725 -0.093192
-0.456880 -0.069920 -0.094572
-0.578074 0.084496 -0.083882
-0.493588 -0.079919 -0.088369
-0.527352 -0.080667 -0.090758
-0.514826 0.114922 -0.084022
-0.502047 0.116973 -0.092138
-0.403835 0.113374 -0.085420
-0.420791 0.153826 -0.084363
-0.489700 0.005072 -0.086634
-0.494961 0.221955 -0.082022
-0.655510 0.075456 -0.091121
-0.380228 0.040030 -0.095250
-0.473652 -0.058795 -0.088171
-0.451724 -0.032771 -0.087895
-0.593639 0.146172 -0.085342
-0.495576 0.119578 -0.092163
-0.492085 0.242878 -0.086646
-0.550123 0.157810 -0.090691
-0.456103 0.138199 -0.092258
-0.526844 0.079925 -0.092610
-0.568036 0.107796 -0.091519
-0.643065 0.095566 -0.083904
-0.418516 0.127070 -0.084952
-0.483172 0.042959 -0.093923
-0.478195 -0.039695 -0.095717
-0.445944 0.043983 -0.086357
-0.620302 0.050637 -0.084072
-0.569324 0.140917 -0.090809
-0.517602 0.219796 -0.081789
-0.522580 0.005207 -0.094230
-0.453353 -0.056494 -0.096375
-0.568089 0.069855 -0.084312
-0.478574 0.197670 -0.090735
-0.438327 0.031621 -0.086710
-0.501782 0.195300 -0.082497
-0.433584 0.126294 -0.092785
-0.498782 0.166685 -0.083134
-0.570075 0.007508 -0.093597
-0.440618 0.168462 -0.091814
-0.386015 0.046925 -0.095035
-0.466153 0.050893 -0.093966
-0.495903 -0.101261 -0.088788
-0.539526 0.003954 -0.086045
-0.555397 0.173339 -0.090300
-0.420799 0.173146 -0.084342
-0.639161 0.081563 -0.091194
-0.440910 -0.036925 -0.096118
-0.350689 0.084954 -0.086669
-0.548487 -0.024707 -0.086536
-0.532183 0.170825 -0.082636
-0.421937 -0.030910 -0.088223
-0.580003 -0.002516 -0.093685
-0.576229 0.096800 -0.091649
-0.429739 0.087882 -0.085636
-0.530172 -0.049914 -0.087290
-0.374811 0.026586 -0.095599
-0.412368 0.025127 -0.087165
-0.615856 0.102765 -0.083034
-0.376333 0.055809 -0.086965
-0.559050 0.036452 -0.085123
-0.333638 0.087109 -0.086834
-0.430564 0.080257 -0.093788
-0.389248 0.085094 -0.094194
-0.564945 0.101395 -0.083689
-0.456768 0.037934 -0.094353
-0.471264 0.204064 -0.082688
-0.483484 -0.017679 -0.095190
-0.522560 0.157553 -0.091035
-0.463309 0.080930 -0.085368
-0.617654 0.056308 -0.091988
-0.561781 0.100757 -0.091744
-0.420932 0.068740 -0.086145
-0.505723 0.080831 -0.092851
-0.592589 0.110528 -0.083157
-0.557727 -0.045182 -0.094854
-0.459388 0.005309 -0.087002
-0.535891 0.100507 -0.092067
-0.407653 0.063135 -0.094428
-0.493443 -0.021623 -0.095151
-0.452103 0.187387 -0.083274
-0.451440 0.077493 -0.093589
-0.394916 0.147610 -0.092814
-0.604544 0.065509 -0.083954
-0.495049 0.153058 -0.083465
-0.385712 0.016993 -0.087664
-0.520047 -0.005849 -0.094493
-0.426139 0.041013 -0.094665
-0.377116 0.083832 -0.086368
-0.487382 0.220699 -0.090144
-0.480330 0.138295 -0.083956
-0.432054 0.123931 -0.092853
-0.518250 0.187868 -0.082450
-0.487624 -0.056352 -0.087948
-0.521065 -0.019891 -0.094774
-0.419355 0.069669 -0.086145
-0.607573 0.065251 -0.083923
-0.465620 -0.053967 -0.096171
-0.421559 0.157171 -0.092286
-0.472538 0.189955 -0.090971
-0.511669 0.228516 -0.089681
-0.446405 0.148161 -0.084166
-0.453222 0.021850 -0.086731
-0.389633 0.002494 -0.087919
-0.521788 0.128459 -0.083652
-0.509631 0.100108 -0.092399
-0.476325 -0.075256 -0.088483
-0.463001 -0.055767 -0.096241
-0.407345 0.142790 -0.084760
-0.573760 0.149446 -0.090575
-0.559106 0.075198 -0.092313
-0.662594 0.075564 -0.083147
-0.336302 0.056227 -0.095451
-0.503398 0.093269 -0.084617
-0.431430 -0.041728 -0.088333
-0.347836 0.101861 -0.091821
-0.667742 0.058231 -0.083330
-0.394103 0.018862 -0.087521
-0.431565 0.146299 -0.084388
-0.480655 0.164823 -0.083396
-0.601443 0.134077 -0.090557
-0.509236 0.011543 -0.094261
-0.630885 0.074193 -0.091451
-0.399290 0.133367 -0.093059
-0.492018 0.231203 -0.089866
-0.506051 0.066114 -0.093156
-0.599235 0.102654 -0.091243
-0.619898 0.050351 -0.092086
-0.359120 0.057610 -0.087139
-0.592515 0.037120 -0.092700
-0.491478 -0.073702 -0.088264
-0.609656 0.054910 -0.092116
-0.575709 0.139586 -0.082756
-0.485245 0.033796 -0.094089
-0.476234 -0.053952 -0.096040
-0.431236 0.084824 -0.085681
-0.578560 -0.003898 -0.093732
-0.470803 0.065004 -0.093613
-0.510304 -0.013552 -0.086772
-0.513577 -0.090241 -0.096342
-0.453241 0.005596 -0.087072
-0.656757 0.081771 -0.090202
-0.539047 0.186804 -0.090219
-0.533701 0.152350 -0.091007
-0.524222 -0.064129 -0.095663
-0.383915 0.065615 -0.094668
-0.555991 -0.026610 -0.086483
-0.441905 0.193832 -0.089419
-0.429361 -0.041117 -0.088345
-0.483816 0.100951 -0.092699
-0.465087 -0.060857 -0.096322
-0.407433 0.128515 -0.085058
-0.587035 0.152916 -0.085052
-0.591059 0.033565 -0.084790
-0.502708 0.239173 -0.085017
-0.376245 0.106539 -0.093905
-0.470661 0.140178 -0.092038
-0.467437 -0.078495 -0.096663
-0.585172 0.098096 -0.083509
-0.521899 -0.021311 -0.086792
-0.536959 -0.028994 -0.094770
-0.394155 0.090876 -0.086010
-0.462607 -0.039696 -0.095909
-0.495118 0.188113 -0.090732
-0.600967 -0.008668 -0.091881
-0.508134 0.163562 -0.091087
-0.588176 0.075802 -0.091942
-0.369709 0.093182 -0.086263
-0.361261 0.060505 -0.087052
-0.598460 0.096197 -0.091388
-0.398709 -0.009554 -0.096063
-0.446582 -0.059469 -0.092095
-0.532043 0.126852 -0.091562
-0.581292 -0.027030 -0.094183
-0.557541 -0.036361 -0.094671
-0.464965 -0.047532 -0.088042
-0.519631 0.032874 -0.093686
-0.350830 0.079835 -0.094777
-0.460792 0.212312 -0.090611
-0.544060 0.086716 -0.084254
-0.564807 0.152106 -0.082627
-0.515720 -0.030756 -0.095068
-0.623063 0.034170 -0.084384
-0.562184 0.090980 -0.091944
-0.628633 0.067152 -0.083624
-0.453589 0.026944 -0.094622
-0.376692 0.028063 -0.095545
-0.593760 0.120266 -0.082939
-0.452475 0.000127 -0.095198
-0.519395 0.145969 -0.091317
-0.506787 0.014513 -0.094229
-0.443137 0.158035 -0.092002
-0.479544 0.094974 -0.092877
-0.537732 0.054244 -0.085012
-0.552560 0.080959 -0.092272
-0.502483 0.204856 -0.082288
-0.503489 0.172336 -0.082957
-0.470706 0.000807 -0.086958
-0.473360 0.171462 -0.091349
-0.374354 0.118495 -0.093677
-0.398799 0.119272 -0.093360
-0.509369 -0.070962 -0.095989
-0.437828 -0.023537 -0.095875
-0.438920 0.060445 -0.094100
-0.477571 0.214059 -0.090404
-0.403047 0.092499 -0.093869
-0.352206 0.104693 -0.086237
-0.476603 -0.068535 -0.088339
-0.644641 0.076074 -0.083240
-0.455273 0.031304 -0.094510
-0.509040 -0.098531 -0.095647
-0.496788 0.087248 -0.084824
-0.435996 0.094978 -0.093412
-0.411353 0.024627 -0.087188
-0.402906 0.005929 -0.095686
-0.461596 0.212380 -0.090635
-0.562536 0.044591 -0.092912
-0.543993 0.080800 -0.084379
-0.434985 0.057593 -0.086206
-0.597698 0.051839 -0.092328
-0.451558 0.095516 -0.085207
-0.546436 0.082600 -0.092313
-0.535042 -0.031593 -0.086846
-0.497183 -0.008377 -0.094827
-0.609851 0.110593 -0.090946
-0.371820 0.104758 -0.093996
-0.636335 0.079924 -0.091263
-0.357088 0.078913 -0.086717
-0.472456 0.128435 -0.092262
-0.446932 0.148777 -0.092149
-0.606216 0.016718 -0.092959
-0.448798 0.072867 -0.093718
-0.603151 0.100150 -0.091248
-0.461214 -0.056153 -0.096271
-0.639088 0.028603 -0.090884
-0.582693 -0.005861 -0.093722
-0.487714 -0.096610 -0.088791
-0.573819 0.008835 -0.093523
-0.385506 0.089165 -0.094155
-0.534345 -0.015376 -0.094516
-0.511077 -0.071742 -0.095985
-0.525038 0.031898 -0.093640
-0.459002 -0.068492 -0.096557
-0.502973 0.166026 -0.083096
-0.404345 0.024370 -0.095282
-0.500385 0.107318 -0.084359
-0.515359 0.057074 -0.085228
-0.487878 0.232775 -0.081882
-0.368773 0.056377 -0.087046
-0.454867 -0.007238 -0.095323
-0.587175 0.108003 -0.083277
-0.424532 0.091510 -0.085623
-0.510571 0.086695 -0.092668
-0.477362 0.179091 -0.091139
-0.626130 0.015901 -0.087618
-0.530928 0.033281 -0.093538
-0.435598 -0.037183 -0.088186
-0.575249 -0.014324 -0.093991
-0.440241 0.191806 -0.083327
-0.512780 0.228827 -0.083728
-0.510480 0.182617 -0.082656
-0.489611 0.185059 -0.090864
-0.416810 0.158854 -0.092309
-0.401258 -0.006477 -0.087965
-0.385121 0.027589 -0.095451
-0.368389 0.050918 -0.095168
-0.441000 -0.053760 -0.092098
-0.642042 0.079007 -0.083210
-0.640170 0.085708 -0.083093
-0.350834 0.052882 -0.095342
-0.475874 0.106470 -0.084678
-0.397394 0.036845 -0.087104
-0.496071 -0.059037 -0.087900
-0.385896 0.090738 -0.094117
-0.371306 0.017449 -0.089710
-0.603807 0.022594 -0.084863
-0.535688 0.116041 -0.083742
-0.355478 0.066137 -0.087005
-0.512149 -0.062999 -0.095788
-0.395681 0.048525 -0.086880
-0.413797 0.017521 -0.095309
-0.566723 0.044248 -0.084865
-0.431793 0.068902 -0.086008
-0.512523 0.170946 -0.090878
-0.481036 0.232093 -0.088792
-0.549560 0.053564 -0.092884
-0.553881 0.011050 -0.085720
-0.566231 0.013620 -0.085514
-0.402314 0.034069 -0.087101
-0.589916 0.016521 -0.093164
-0.599724 0.063525 -0.084055
-0.484203 0.044676 -0.093874
-0.424186 0.026589 -0.086989
-0.528157 0.062635 -0.084954
-0.478284 0.151006 -0.091717
-0.499054 -0.000687 -0.094643
-0.466191 -0.047968 -0.088036
-0.418983 0.009715 -0.095409
-0.557358 -0.037354 -0.094694
-0.425726 0.049259 -0.086495
-0.422875 0.017892 -0.087188
-0.412012 0.027100 -0.095131
-0.494676 0.014004 -0.094388
-0.554796 -0.019680 -0.094355
-0.522701 0.110954 -0.084008
-0.380547 0.133800 -0.086202
-0.420167 0.162029 -0.092201
-0.558747 0.028655 -0.093293
-0.537734 0.172642 -0.090532
-0.473122 0.218792 -0.082357
-0.538381 -0.045839 -0.087103
-0.360335 0.090147 -0.094444
-0.522307 -0.084208 -0.096108
-0.462555 -0.061258 -0.088359
-0.504797 0.033184 -0.085859
-0.513998 -0.020783 -0.086878
-0.463678 -0.076842 -0.095499
-0.426760 0.056739 -0.094328
-0.508641 0.172552 -0.090892
-0.508126 0.174391 -0.090860
-0.391388 0.065151 -0.086584
-0.573227 0.009346 -0.085517
-0.652857 0.063621 -0.083400
-0.459265 0.057364 -0.085912
-0.457085 0.146278 -0.092077
-0.382287 0.027657 -0.095484
-0.477395 0.146536 -0.091822
-0.460056 -0.040695 -0.095961
-0.555161 -0.042284 -0.086822
-0.438070 0.071127 -0.085884
-0.456640 -0.069822 -0.090155
-0.523187 0.067943 -0.084904
-0.411224 -0.018205 -0.096090
-0.377956 0.104228 -0.093932
-0.665938 0.054846 -0.089471
-0.647980 0.087620 -0.082956
-0.445717 0.057379 -0.086079
-0.409029 0.034861 -0.095004
-0.481492 0.116435 -0.092403
-0.472510 0.178968 -0.083199
-0.640558 0.058807 -0.091654
-0.480858 0.220590 -0.082224
-0.589868 0.034021 -0.092798
-0.413422 0.035404 -0.094939
-0.533408 0.045500 -0.085249
-0.436299 0.172835 -0.083773
-0.475691 0.193224 -0.090864
-0.520939 0.087400 -0.092526
-0.401794 0.047367 -0.094831
-0.347497 0.074386 -0.094933
-0.472983 -0.048403 -0.095964
-0.557031 0.132926 -0.091128
-0.378762 0.099667 -0.094018
-0.519693 0.011764 -0.094128
-0.547496 -0.012577 -0.086294
-0.459598 0.169622 -0.083554
-0.488172 0.081090 -0.085059
-0.489934 0.006017 -0.094614
-0.579432 0.130339 -0.082904
-0.534128 0.150881 -0.091033
-0.478832 0.153218 -0.083662
-0.543134 -0.015168 -0.094404
-0.357705 0.110958 -0.086038
-0.458871 0.018220 -0.094740
-0.512432 -0.014512 -0.086766
-0.447668 0.065625 -0.085882
-0.622577 0.042016 -0.084225
-0.568272 -0.038053 -0.094575
-0.634949 0.045132 -0.084008
-0.436620 0.166495 -0.091905
-0.485758 -0.099409 -0.096048
-0.422672 0.056905 -0.094374
-0.523141 -0.056959 -0.095526
-0.491248 0.182690 -0.082891
-0.488296 0.121683 -0.092209
-0.604214 0.025428 -0.092801
-0.482938 0.001940 -0.086783
-0.460851 0.193430 -0.091042
-0.571048 0.066672 -0.092344
-0.566638 0.025905 -0.093254
-0.515417 0.187915 -0.090486
-0.372197 0.049360 -0.095153
-0.450854 -0.052212 -0.088314
-0.553464 0.105772 -0.091741
-0.580541 -0.028674 -0.088366
-0.455672 -0.023107 -0.095646
-0.464595 0.211119 -0.090625
-0.426831 -0.011869 -0.095765
-0.623417 0.099160 -0.083017
-0.383867 0.004631 -0.090602
-0.474715 0.034324 -0.086205
-0.553124 0.113429 -0.083582
-0.389648 0.137516 -0.085088
-0.516037 0.179661 -0.090652
-0.458918 0.199225 -0.090944
-0.604909 -0.004831 -0.089916
-0.402452 0.104123 -0.093633
-0.483970 -0.070317 -0.088286
-0.537619 0.110965 -0.091827
-0.609237 0.036656 -0.092504
-0.489780 0.126516 -0.092089
-0.552263 -0.038464 -0.094780
-0.377566 0.048088 -0.087112
-0.519664 0.071982 -0.092865
-0.463676 0.201192 -0.082842
-0.491940 -0.001792 -0.094753
-0.352725 0.058377 -0.087202
-0.590594 0.056913 -0.092309
-0.559335 0.133710 -0.091083
-0.597508 -0.000878 -0.085433
-0.616672 0.114748 -0.090775
-0.621959 0.095663 -0.091110
-0.371164 0.098012 -0.086144
-0.507001 0.229064 -0.081725
-0.395287 0.087902 -0.094061
-0.573432 -0.010280 -0.093929
-0.447687 0.081929 -0.093542
-0.479255 -0.032023 -0.095543
-0.492865 -0.054262 -0.087840
-0.498382 -0.068471 -0.088070
-0.481901 0.184676 -0.090967
-0.654573 0.084030 -0.090944
-0.353481 0.095977 -0.086404
-0.444992 0.196802 -0.083988
-0.502552 0.082727 -0.092850
-0.383220 0.083330 -0.094306
-0.331386 0.066237 -0.095302
-0.416540 0.086289 -0.085831
-0.531115 0.128927 -0.091530
-0.365622 0.050394 -0.087210
-0.428094 0.018107 -0.095121
-0.405980 -0.017966 -0.091257
-0.414596 0.095438 -0.085663
-0.563500 -0.005726 -0.093955
-0.510080 -0.067217 -0.095902
-0.498111 0.053052 -0.085525
-0.549831 0.009762 -0.093799
-0.494653 0.153099 -0.083469
-0.377015 0.051758 -0.095044
-0.670111 0.058943 -0.091184
-0.507401 0.192075 -0.090498
-0.464373 0.158002 -0.083739
-0.495731 -0.038760 -0.095482
-0.423890 0.176231 -0.091199
-0.489368 0.106850 -0.092507
-0.599266 0.073689 -0.091850
-0.494201 0.146907 -0.091607
-0.550631 0.030109 -0.093362
-0.446032 0.030628 -0.086636
-0.448606 0.196472 -0.083126
-0.341959 0.089681 -0.094680
-0.521106 0.071036 -0.084865
-0.529133 0.036309 -0.085494
-0.595663 0.055300 -0.092280
-0.565643 0.119902 -0.083292
-0.492822 0.118473 -0.092220
-0.412286 0.054461 -0.086551
-0.523773 0.040669 -0.093471
-0.497315 0.128112 -0.091963
-0.584827 -0.003752 -0.093652
-0.582459 0.036005 -0.084845
-0.519208 0.206513 -0.090050
-0.369538 0.089654 -0.086339
-0.653905 0.047425 -0.091729
-0.363992 0.041552 -0.087416
-0.581489 0.040587 -0.092763
-0.529342 0.118728 -0.091766
-0.558205 0.123741 -0.083303
-0.472872 0.195877 -0.090843
-0.498907 0.001202 -0.094605
-0.557891 -0.049996 -0.086950
-0.404227 0.113566 -0.093413
-0.607224 0.010297 -0.093082
-0.617645 0.094024 -0.091198
-0.498739 0.177816 -0.090903
-0.421312 0.013980 -0.087289
-0.485563 0.123208 -0.092210
-0.607783 0.011111 -0.085055
-0.489564 0.010350 -0.086525
-0.526760 0.125881 -0.083645
-0.536799 -0.015502 -0.086487
-0.450167 0.148626 -0.092113
-0.622404 0.034900 -0.084377
-0.515966 0.192219 -0.082387
-0.647283 0.091303 -0.085451
-0.545497 -0.062892 -0.094215
-0.515072 0.091072 -0.084519
-0.400843 0.061972 -0.086534
-0.406335 -0.018295 -0.092265
-0.552619 0.027420 -0.085392
-0.551855 0.018810 -0.093584
-0.507331 0.047060 -0.093539
-0.570734 0.130085 -0.091019
-0.475189 -0.048357 -0.087933
-0.479587 0.168028 -0.083342
-0.554163 0.135467 -0.083107
-0.454830 0.182938 -0.091336
-0.506781 0.099009 -0.084455
-0.507878 -0.058350 -0.095743
-0.537738 0.024716 -0.085632
-0.616970 0.045288 -0.092228
-0.482098 -0.060211 -0.088097
-0.394148 0.089193 -0.094048
-0.601355 -0.008277 -0.093231
-0.450200 -0.063160 -0.092411
-0.520239 0.219185 -0.089771
-0.524617 -0.062703 -0.095629
-0.491682 0.058561 -0.085488
-0.528908 0.190314 -0.090270
-0.510512 -0.095042 -0.088478
-0.455054 -0.006280 -0.087299
-0.390909 -0.002397 -0.095826
-0.364350 0.085123 -0.094500
-0.395762 0.012863 -0.087627
-0.384257 0.133527 -0.085238
-0.448935 0.069303 -0.085789
-0.476484 0.174067 -0.091256
-0.486522 -0.031035 -0.087431
-0.621344 0.115221 -0.082705
-0.488095 -0.101860 -0.094242
-0.460445 0.094321 -0.085123
-0.414014 0.084256 -0.093907
-0.613813 0.110371 -0.082900
-0.540870 -0.020841 -0.094551
-0.642803 0.086536 -0.083043
-0.452018 0.101118 -0.085084
-0.579277 0.018761 -0.085246
-0.494137 -0.021497 -0.095139
-0.336725 0.078724 -0.094974
-0.535782 0.019548 -0.085764
-0.492457 0.203499 -0.090442
-0.469757 0.164781 -0.083531
-0.593441 0.039459 -0.084637
-0.645019 0.060605 -0.091562
-0.426802 0.084798 -0.085736
-0.571131 0.152149 -0.090551
-0.562616 -0.009109 -0.094037
-0.512924 -0.066350 -0.087846
-0.389501 0.076930 -0.086360
-0.409345 0.000075 -0.095730
-0.428378 0.148436 -0.092385
-0.510811 0.123841 -0.083884
-0.452191 0.144070 -0.092183
-0.410213 0.082335 -0.093994
-0.390464 0.035888 -0.087209
-0.449865 -0.041254 -0.088096
-0.542053 0.033969 -0.085385
-0.625478 0.015258 -0.087002
-0.529883 0.154075 -0.083016
-0.469454 0.077313 -0.093371
-0.430375 0.029217 -0.086858
-0.425092 0.028246 -0.086943
-0.479040 0.045980 -0.093910
-0.544159 0.120623 -0.083542
-0.563104 0.091793 -0.083913
-0.483751 0.065365 -0.085443
-0.578116 0.005553 -0.093539
-0.377329 0.067680 -0.094706
-0.526546 -0.022142 -0.094754
-0.472768 0.043756 -0.086032
-0.618387 0.019689 -0.092747
-0.347570 0.073062 -0.094959
-0.458070 -0.070644 -0.088611
-0.531662 0.031174 -0.085571
-0.540156 0.098604 -0.092055
-0.617560 0.034960 -0.092437
-0.496340 0.112999 -0.092292
-0.357858 0.051547 -0.095284
-0.550729 -0.025645 -0.086528
-0.487169 0.080611 -0.093084
-0.408739 0.148721 -0.092620
-0.400001 0.129830 -0.093124
-0.514552 0.179063 -0.090683
-0.493284 0.157925 -0.091387
-0.499028 0.216368 -0.090091
-0.359419 0.033136 -0.087648
-0.393724 0.128466 -0.093230
-0.475848 0.227009 -0.087575
-0.591437 0.094281 -0.091515
-0.524599 -0.037336 -0.095097
-0.406158 0.062547 -0.086457
-0.540842 0.117644 -0.083645
-0.496877 -0.089340 -0.088526
-0.403066 0.022954 -0.095327
-0.548758 0.125031 -0.091395
-0.566435 0.085955 -0.091997
-0.442769 0.122170 -0.092759
-0.608175 0.094585 -0.091302
-0.520123 -0.019809 -0.086782
-0.560356 -0.025828 -0.094416
-0.461667 -0.074873 -0.092894
-0.492494 -0.098942 -0.088781
-0.377160 0.035783 -0.095377
-0.482852 0.103429 -0.092659
-0.628596 0.072146 -0.083519
-0.512429 -0.025818 -0.095005
-0.355673 0.074848 -0.086820
-0.520674 0.180838 -0.090570
-0.623052 0.037799 -0.092310
-0.351429 0.085385 -0.086651
-0.510299 -0.000658 -0.086501
-0.502496 -0.037954 -0.095382
-0.508212 0.016482 -0.086167
-0.529549 0.198616 -0.090088
-0.558632 0.029705 -0.085270
-0.468466 0.100805 -0.092891
-0.479977 0.025221 -0.094334
-0.502500 0.209087 -0.082199
-0.503772 -0.034237 -0.087286
-0.405726 0.001725 -0.095740
-0.468958 0.162411 -0.091593
-0.436155 0.188163 -0.084358
-0.431790 0.076167 -0.085856
-0.485044 -0.003387 -0.094871
-0.620905 0.118320 -0.090648
-0.522740 0.084570 -0.084561
-0.561429 -0.035021 -0.094595
-0.438130 0.061382 -0.086088
-0.397078 -0.008868 -0.091041
-0.543555 -0.015518 -0.086404
-0.542155 0.110629 -0.083776
-0.360109 0.055731 -0.087166
-0.546243 0.172580 -0.082426
-0.403924 0.052481 -0.086695
-0.590990 0.125926 -0.090857
-0.634179 0.076637 -0.091359
-0.517222 -0.071946 -0.087911
-0.422142 -0.014795 -0.087882
-0.499127 0.106661 -0.092391
-0.379968 0.113089 -0.085719
-0.518812 -0.062706 -0.087698
-0.474879 -0.069972 -0.088390
-0.560003 0.033411 -0.093178
-0.445243 0.155225 -0.084033
-0.455850 0.054627 -0.094014
-0.514562 0.158546 -0.091113
-0.436343 0.107860 -0.093138
-0.475704 0.175646 -0.091232
-0.544110 0.095097 -0.092080
-0.665143 0.058682 -0.083352
-0.557067 0.084593 -0.084138
-0.520179 -0.069362 -0.095823
-0.505889 -0.101632 -0.093458
-0.378234 0.113900 -0.093726
-0.481429 0.126346 -0.084193
-0.577817 0.064901 -0.084296
-0.373707 0.029053 -0.087558
-0.449267 0.120840 -0.092707
-0.380470 0.093682 -0.086120
-0.400964 0.006055 -0.095708
-0.449494 -0.056361 -0.088417
-0.531756 0.174322 -0.082568
-0.432043 0.147707 -0.092355
-0.527967 0.162821 -0.090858
-0.622730 0.069697 -0.091645
-0.505959 0.100396 -0.092438
-0.464602 -0.074076 -0.088603
-0.327230 0.081731 -0.094076
-0.507452 -0.100103 -0.093578
-0.560873 0.114024 -0.091477
-0.455610 -0.034328 -0.095882
-0.499703 -0.064643 -0.095976
-0.435578 0.118962 -0.092914
-0.438934 0.007749 -0.087203
-0.524460 -0.008255 -0.086486
-0.393193 0.062814 -0.094613
-0.516406 0.120578 -0.083884
-0.499724 0.185624 -0.082725
-0.474280 -0.008041 -0.087099
-0.551667 -0.021069 -0.094423
-0.477242 0.090891 -0.092990
-0.378237 0.051681 -0.095030
-0.395110 0.140786 -0.084952
-0.581614 0.033031 -0.092920
-0.551783 0.174406 -0.082320
-0.509997 0.153382 -0.091277
-0.505871 0.118113 -0.092067
-0.528265 0.031237 -0.093614
-0.610296 0.062201 -0.083953
-0.449650 0.120826 -0.092702
-0.462859 0.049898 -0.094027
-0.494364 -0.047928 -0.095691
-0.541123 0.182633 -0.090281
-0.461175 -0.073563 -0.096637
-0.514722 0.045112 -0.093489
-0.431861 0.120065 -0.084935
-0.447785 0.028625 -0.086656
-0.654488 0.056826 -0.083522
-0.548393 0.085299 -0.084230
-0.604305 0.061070 -0.092053
-0.572339 0.089909 -0.083839
-0.414457 0.069015 -0.094221
-0.360127 0.054150 -0.087199
-0.564515 -0.015067 -0.094139
-0.528740 0.130292 -0.083528
-0.482874 0.147392 -0.083734
-0.448376 0.105029 -0.093049
-0.471556 0.172392 -0.091351
-0.532561 0.155366 -0.090958
-0.484766 0.091345 -0.084886
-0.535986 0.125346 -0.083543
-0.615272 0.115171 -0.082781
-0.397277 0.068341 -0.086445
-0.569249 0.171191 -0.087479
-0.655895 0.071714 -0.091195
-0.500967 0.075562 -0.085018
-0.474037 -0.074627 -0.096501
-0.333123 0.077300 -0.095048
-0.387584 0.081630 -0.086285
-0.526091 -0.067887 -0.095719
-0.360020 0.079333 -0.086672
-0.489670 -0.091468 -0.096662
-0.417675 0.075334 -0.094049
-0.504218 0.046455 -0.093590
-0.592216 0.127832 -0.082799
-0.602636 0.109781 -0.083050
-0.441538 0.010803 -0.087107
-0.570660 0.069278 -0.084292
-0.473955 0.171301 -0.091345
-0.460998 0.194288 -0.083020
-0.591955 0.093547 -0.083521
-0.479360 0.054687 -0.085721
-0.456057 0.040204 -0.094314
-0.558644 0.159513 -0.082548
-0.425369 0.138274 -0.084633
-0.518060 0.102557 -0.092244
-0.533359 0.182652 -0.090376
-0.591386 0.055379 -0.092331
-0.606712 0.072096 -0.091792
-0.393492 0.089431 -0.094051
-0.442849 0.071922 -0.093811
-0.473401 0.212154 -0.082493
-0.553261 0.092223 -0.084025
-0.585074 0.139890 -0.090637
-0.517256 0.042842 -0.093506
-0.440746 0.128364 -0.084651
-0.470377 0.030158 -0.094348
-0.397941 0.014828 -0.087559
-0.544083 0.128737 -0.091375
-0.532721 0.207330 -0.089866
-0.554829 -0.012109 -0.094196
-0.533220 -0.055377 -0.087367
-0.523281 0.199015 -0.082154
-0.530249 0.060959 -0.092966
-0.545851 0.107011 -0.083806
-0.581407 0.096322 -0.091595
-0.504960 0.062239 -0.085248
-0.484142 0.087962 -0.092967
-0.357397 0.046187 -0.095402
-0.342136 0.053902 -0.095428
-0.670590 0.059371 -0.086709
-0.496228 -0.110248 -0.092201
-0.600183 0.108446 -0.091110
-0.342388 0.075056 -0.094981
-0.427383 0.009814 -0.087302
-0.423512 0.167997 -0.092035
-0.447737 0.091908 -0.093332
-0.405338 -0.000722 -0.095796
-0.461554 -0.057198 -0.088286
-0.328174 0.075722 -0.095142
-0.524236 0.040267 -0.085472
-0.481892 0.051845 -0.085750
-0.521739 -0.057989 -0.087563
-0.483310 0.234312 -0.088318
-0.497126 0.200786 -0.082439
-0.456636 -0.024677 -0.087665
-0.599966 0.017863 -0.085010
-0.417776 0.106270 -0.085397
-0.376118 0.029588 -0.095520
-0.521121 -0.023127 -0.086839
-0.540357 0.106445 -0.083886
-0.602011 0.089127 -0.083490
-0.539339 0.104935 -0.083930
-0.491051 0.094812 -0.092738
-0.457312 -0.034855 -0.095872
-0.510254 -0.058296 -0.087710
-0.442342 0.152488 -0.084126
-0.595924 0.004604 -0.093340
-0.544671 0.178904 -0.090315
-0.453116 -0.057467 -0.096398
-0.586748 -0.009660 -0.093752
-0.590869 0.116764 -0.083048
-0.459493 0.045255 -0.086163
-0.488942 -0.087302 -0.088581
-0.564780 0.148106 -0.082712
-0.360360 0.052818 -0.095227
-0.412709 0.031639 -0.087024
-0.412997 0.148042 -0.084580
-0.411886 0.132044 -0.084929
-0.551366 -0.005053 -0.086088
-0.451936 0.158263 -0.083887
-0.511076 0.219793 -0.089871
-0.462007 0.079900 -0.093408
-0.484065 0.234998 -0.082487
-0.589791 0.013822 -0.085220
-0.498745 0.238640 -0.081625
-0.429818 0.179995 -0.091705
-0.440754 0.172025 -0.083736
-0.503155 0.122306 -0.084011
-0.556055 0.146216 -0.082859
-0.589450 0.078244 -0.091875
-0.456174 0.182053 -0.083336
-0.540084 -0.003438 -0.086193
-0.402826 0.139088 -0.084893
-0.582173 0.020532 -0.093175
-0.486338 0.112078 -0.084432
-0.442537 0.073124 -0.093790
-0.425369 0.023114 -0.095050
-0.667190 0.056085 -0.091118
-0.499713 0.079924 -0.084942
-0.520913 -0.086982 -0.088689
-0.537567 0.095603 -0.084147
-0.659539 0.069746 -0.091191
-0.542371 0.142796 -0.083099
-0.470136 0.071202 -0.093491
-0.552261 0.049912 -0.084925
-0.495282 0.096821 -0.092644
-0.427313 0.115118 -0.093097
-0.450434 0.021814 -0.086766
-0.546773 0.087773 -0.084198
-0.513664 -0.036935 -0.095223
-0.502138 0.023035 -0.094107
-0.499702 -0.097091 -0.096656
-0.519961 -0.046485 -0.095346
-0.435422 -0.046092 -0.096377
-0.471481 0.141614 -0.083995
-0.514308 0.119467 -0.083933
-0.356439 0.060301 -0.087116
-0.431964 0.096246 -0.085433
-0.346063 0.046227 -0.095541
-0.523257 0.001852 -0.094292
-0.501997 0.126463 -0.091940
-0.549764 0.134932 -0.083173
-0.636630 0.102195 -0.085300
-0.465231 0.209202 -0.082655
-0.529785 0.143346 -0.091244
-0.421053 0.031180 -0.086931
-0.596279 0.081455 -0.091724
-0.334188 0.069589 -0.095197
-0.543132 0.118546 -0.010083
-0.474232 -0.047795 -0.034377
-0.527269 0.099774 -0.035582
-0.497514 0.031007 0.003797
-0.525623 0.076211 -0.017294
-0.480074 -0.010899 0.000856
-0.478742 -0.019126 -0.081074
-0.487517 -0.019277 -0.087473
-0.468494 -0.060831 -0.023138
-0.544448 0.119131 -0.051754
-0.521341 0.083057 -0.076766
-0.504777 0.026128 -0.020688
-0.519968 0.079331 -0.083935
-0.510958 0.061514 -0.023183
-0.518206 0.078171 -0.034296
-0.469780 -0.040793 -0.084736
-0.521512 0.086197 -0.032401
-0.488954 0.009411 -0.014348
-0.491810 -0.009191 -0.090477
-0.510202 0.060693 -0.007110
-0.554277 0.146101 0.004418
-0.557287 0.151162 -0.030393
-0.497425 0.026833 -0.060572
-0.498743 0.010627 -0.037972
-0.481871 -0.011401 -0.077204
-0.505699 0.025053 -0.074020
-0.542440 0.135420 -0.046172
-0.556977 0.152019 -0.004382
-0.483815 -0.026529 -0.061401
-0.502265 0.017143 -0.069045
-0.549552 0.129224 -0.086172
-0.536604 0.124456 0.002551
-0.515701 0.050622 -0.047364
-0.523853 0.093133 -0.010685
-0.534631 0.093241 -0.090778
-0.513749 0.068777 -0.013650
-0.520076 0.079957 -0.077954
-0.530545 0.107965 -0.029851
-0.528873 0.079674 -0.087393
-0.498617 0.011029 -0.026531
-0.514894 0.072664 0.005009
-0.531816 0.110049 -0.045414
-0.510293 0.058199 -0.051181
-0.553861 0.141088 -0.060883
-0.490731 0.014656 0.001781
-0.464987 -0.048128 -0.017580
-0.523143 0.071616 0.004464
-0.472541 -0.034470 -0.089348
-0.501278 0.014247 -0.077713
-0.503712 0.041480 0.006897
-0.513310 0.043318 -0.073107
-0.492234 0.018425 0.004618
-0.514062 0.048784 -0.013503
-0.544925 0.141593 -0.042479
-0.524716 0.093228 -0.042682
-0.546754 0.147039 -0.025081
-0.514706 0.071306 -0.009752
-0.481406 -0.012744 -0.080939
-0.531034 0.089823 -0.006457
-0.513444 0.048356 0.003559
-0.481821 -0.008574 -0.029315
-0.530227 0.087656 -0.010279
-0.555162 0.154289 0.006384
-0.488334 0.004335 -0.072772
-0.520907 0.081103 -0.091638
-0.519271 0.059064 -0.048998
-0.466355 -0.045743 -0.032006
-0.555472 0.148513 -0.002847
-0.558873 0.170512 -0.026947
-0.523202 0.067779 -0.060185
-0.513729 0.044814 -0.065079
-0.511508 0.060333 -0.063743
-0.493818 -0.003558 -0.077030
-0.516315 0.053378 -0.026455
-0.485957 -0.019051 -0.023133
-0.510762 0.057633 -0.078604
-0.531837 0.088950 -0.051872
-0.499635 0.011830 -0.053134
-0.545419 0.140053 -0.086723
-0.560848 0.160054 -0.092610
-0.489746 -0.010646 -0.033866
-0.520747 0.082267 -0.066503
-0.543505 0.114477 -0.090691
-0.467395 -0.045081 -0.061694
-0.464942 -0.061300 -0.047714
-0.471627 -0.051952 -0.000664
-0.518595 0.080627 -0.009484
-0.516815 0.053693 -0.040756
-0.494538 0.001969 -0.015188
-0.563884 0.168274 -0.008789
-0.505365 0.027282 -0.024777
-0.472945 -0.051566 -0.045632
-0.498786 0.033686 -0.002144
-0.535820 0.097707 -0.064436
-0.534895 0.095916 -0.057554
-0.551019 0.133660 -0.071124
-0.536806 0.119170 -0.091217
-0.528615 0.084779 0.005602
-0.503155 0.039923 -0.070660
-0.474956 -0.048818 -0.079174
-0.495213 -0.000494 -0.081468
-0.556634 0.170063 -0.035041
-0.511706 0.040328 -0.059307
-0.528347 0.101598 -0.047836
-0.544801 0.140611 -0.053605
-0.551076 0.137884 -0.004663
-0.472227 -0.052742 -0.036820
-0.460680 -0.058061 -0.011508
-0.529841 0.104136 -0.064723
-0.551625 0.156457 0.006284
-0.542883 0.138907 -0.006707
-0.505686 0.025166 -0.071669
-0.519904 0.079728 -0.074989
-0.475191 -0.026774 -0.067291
-0.470165 -0.058179 -0.045013
-0.530394 0.088988 0.004848
-0.465711 -0.052743 -0.091604
-0.542357 0.132751 -0.086336
-0.515692 0.069263 -0.081311
-0.488484 -0.016758 -0.084168
-0.533121 0.110338 -0.091451
-0.522334 0.064559 -0.078762
-0.523649 0.090491 -0.045680
-0.542524 0.138020 -0.007173
-0.527991 0.078364 -0.074388
-0.559355 0.170307 -0.027528
-0.491460 -0.004822 -0.005888
-0.543855 0.140927 -0.011701
-0.478411 -0.016701 -0.028775
-0.464204 -0.050348 -0.023195
-0.495552 0.001200 -0.067138
-0.506022 0.026473 -0.063492
-0.555652 0.166490 -0.054958
-0.475973 -0.025740 -0.080889
-0.492927 -0.005492 -0.073820
-0.543639 0.115289 -0.082737
-0.549377 0.153455 -0.022792
-0.483871 -0.027068 -0.072322
-0.480935 -0.031944 -0.037418
-0.487366 0.002468 -0.065459
-0.561632 0.158386 -0.081935
-0.538449 0.108280 0.005166
-0.528661 0.099839 -0.088669
-0.534611 0.119095 -0.007056
-0.562922 0.166587 0.001218
-0.562636 0.168934 -0.027847
-0.510579 0.038182 -0.050370
-0.479997 -0.016392 -0.085454
-0.550029 0.151636 -0.077686
-0.460930 -0.059152 -0.038991
-0.556620 0.148901 -0.041185
-0.483506 -0.004838 -0.034089
-0.532957 0.092331 -0.040497
-0.500625 0.034550 -0.059619
-0.531545 0.090218 -0.019929
-0.504440 0.022878 -0.060415
-0.549315 0.132753 -0.019580
-0.496087 0.003739 -0.046662
-0.480755 -0.035208 -0.083462
-0.563328 0.166871 -0.009969
-0.473525 -0.048427 -0.017172
-0.517666 0.066560 0.006833
-0.468842 -0.041297 -0.056427
-0.499181 0.033784 -0.015902
-0.558011 0.170958 -0.010799
-0.516748 0.054011 -0.032977
-0.525861 0.072273 -0.090572
-0.480479 -0.031335 -0.009770
-0.485239 -0.019196 0.002424
-0.517510 0.073220 -0.087673
-0.506084 0.025211 -0.086416
-0.479358 -0.036259 -0.046212
-0.462185 -0.058024 -0.069446
-0.475895 -0.042975 -0.020697
-0.538469 0.108339 0.005368
-0.509616 0.049693 -0.092126
-0.510607 0.058560 -0.057517
-0.499271 0.033690 -0.020917
-0.559824 0.157446 -0.026909
-0.564396 0.164927 -0.083088
-0.473858 -0.025956 -0.002167
-0.543066 0.136721 -0.049354
-0.477880 -0.019774 -0.058073
-0.495249 0.004284 -0.091793
-0.487881 -0.015955 -0.047633
-0.475932 -0.025182 -0.070230
-0.538018 0.126984 -0.011349
-0.540494 0.108751 -0.066683
-0.499794 0.036010 -0.003573
-0.463269 -0.060520 -0.032453
-0.542882 0.113484 -0.082612
-0.517618 0.078632 -0.003910
-0.470247 -0.060165 -0.080500
-0.547545 0.127481 -0.036456
-0.533271 0.091003 -0.074259
-0.471314 -0.055645 -0.048512
-0.477590 -0.040930 -0.053371
-0.557824 0.169545 -0.089740
-0.494031 0.021969 -0.007684
-0.475647 -0.039513 -0.091586
-0.488326 -0.016721 -0.077398
-0.527083 0.096394 -0.083314
-0.527425 0.077185 -0.071525
-0.500616 0.016171 -0.020729
-0.496969 0.006276 -0.039706
-0.474942 -0.046633 -0.043128
-0.489571 0.007293 -0.072792
-0.555916 0.147882 -0.030379
-0.542665 0.114549 -0.092352
-0.547017 0.125645 -0.045762
-0.509909 0.041085 -0.092003
-0.462270 -0.060203 -0.051465
-0.496649 0.023214 -0.089229
-0.553544 0.143828 -0.004042
-0.512455 0.066494 -0.000424
-0.494884 -0.001737 -0.088875
-0.545253 0.144380 -0.009937
-0.513156 0.068195 -0.000058
-0.467075 -0.047300 -0.085298
-0.523283 0.089502 -0.047541
-0.554110 0.165823 -0.005806
-0.476871 -0.043414 -0.065830
-0.464863 -0.051810 -0.072596
-0.484584 -0.000923 -0.012373
-0.468128 -0.062431 -0.034929
-0.518835 0.076500 -0.085896
-0.555360 0.144146 -0.069509
-0.483428 -0.026892 -0.052235
-0.465231 -0.051323 -0.078983
-0.532514 0.111573 -0.047762
-0.484730 -0.000711 -0.014610
-0.520017 0.079515 -0.082879
-0.526086 0.094516 -0.075027
-0.511862 0.064581 -0.008457
-0.512565 0.043868 -0.035170
-0.516674 0.072151 -0.072563
-0.539079 0.125971 -0.069043
-0.461262 -0.056851 -0.014489
-0.506408 0.034756 -0.091986
-0.539076 0.127273 -0.047762
-0.473910 -0.030686 -0.081047
-0.471090 -0.056916 -0.060454
-0.511875 0.061143 -0.064847
-0.507305 0.050425 -0.061347
-0.508286 0.035450 -0.005609
-0.564724 0.167500 -0.054042
-0.555881 0.165160 -0.085450
-0.477356 -0.042082 -0.063011
-0.489592 -0.014178 -0.085308
-0.527831 0.082544 -0.000243
-0.496497 0.027991 -0.005666
-0.490935 -0.006070 -0.005756
-0.530220 0.105052 -0.064560
-0.473057 -0.031784 -0.065740
-0.551372 0.156743 -0.046925
-0.464402 -0.050401 -0.031767
-0.521025 0.061662 -0.074969
-0.511755 0.041587 -0.040763
-0.487877 0.004071 -0.059272
-0.501037 0.017428 -0.016664
-0.523702 0.089888 -0.057570
-0.481247 -0.034060 -0.083935
-0.516854 0.076650 -0.006453
-0.497471 0.023220 -0.092007
-0.472076 -0.031464 -0.022400
-0.480534 -0.011043 -0.019385
-0.496537 0.007393 -0.004748
-0.491539 -0.009155 -0.079357
-0.530277 0.106079 -0.050096
-0.464583 -0.050917 -0.047178
-0.530519 0.099121 0.006645
-0.515202 0.059846 -0.092153
-0.517096 0.051488 -0.092001
-0.483897 -0.004497 -0.043748
-0.475293 -0.045643 -0.040679
-0.514319 0.066438 -0.073839
-0.539938 0.127903 -0.071032
-0.536226 0.099044 -0.058488
-0.475576 -0.022340 -0.010207
-0.536350 0.103081 0.002288
-0.520528 0.061657 -0.055714
-0.522401 0.086377 -0.064042
-0.519193 0.056521 -0.087299
-0.474669 -0.048886 -0.069134
-0.523815 0.093100 -0.009758
-0.485656 -0.022543 -0.068201
-0.541182 0.109680 -0.078332
-0.556556 0.168285 -0.060922
-0.472726 -0.033979 -0.088542
-0.472483 -0.051820 -0.031777
-0.550986 0.155708 -0.048721
-0.551837 0.148748 -0.092636
-0.536335 0.098942 -0.064377
-0.495900 0.004724 -0.023383
-0.517055 0.075763 -0.028663
-0.524844 0.074511 -0.014623
-0.507447 0.052468 -0.033655
-0.544630 0.118237 -0.073342
-0.521305 0.086407 -0.020921
-0.549128 0.151136 -0.050805
-0.555627 0.145084 -0.064632
-0.465657 -0.048816 -0.054825
-0.524795 0.093752 -0.037243
-0.530577 0.108874 -0.016330
-0.553795 0.141078 -0.058501
-0.539469 0.107367 -0.049301
-0.509167 0.037069 -0.013554
-0.522140 0.066585 -0.038298
-0.497685 0.010366 -0.001080
-0.487081 0.002465 -0.054433
-0.486698 0.003810 -0.017675
-0.490110 -0.008985 -0.021046
-0.554489 0.142762 -0.058113
-0.480486 -0.010972 -0.016350
-0.500900 0.034771 -0.066695
-0.491281 -0.005022 -0.002165
-0.481076 -0.034259 -0.080510
-0.517665 0.056208 -0.032938
-0.529959 0.086457 -0.019380
-0.492295 0.017736 -0.008976
-0.490755 0.003178 -0.091868
-0.507602 0.028622 -0.090004
-0.505024 0.047325 -0.023033
-0.499175 0.017662 0.007132
-0.507084 0.036871 -0.092002
-0.556039 0.146545 -0.056905
-0.462692 -0.060262 -0.029372
-0.532781 0.091704 -0.043810
-0.486143 -0.010484 0.007256
-0.543750 0.118178 -0.040075
-0.513344 0.053391 0.006927
-0.512204 0.048899 0.006965
-0.499185 0.013435 -0.009523
-0.464857 -0.061032 -0.003819
-0.497539 0.027173 -0.059526
-0.461867 -0.056893 -0.038725
-0.531118 0.089216 -0.019591
-0.469515 -0.038867 -0.043104
-0.497389 0.025769 -0.076505
-0.526375 0.096908 -0.047379
-0.540477 0.133786 0.003634
-0.498330 0.032393 -0.005418
-0.512005 0.064482 -0.015655
-0.540529 0.130615 -0.049958
-0.536443 0.099524 -0.059126
-0.518303 0.078737 -0.028839
-0.488299 -0.014393 -0.038499
-0.512498 0.065344 -0.020780
-0.547146 0.146833 -0.043670
-0.505476 0.045346 -0.072761
-0.540750 0.109321 -0.067385
-0.470635 -0.036427 -0.047000
-0.474430 -0.048627 -0.055615
-0.513557 0.053195 0.006934
-0.481778 -0.028301 -0.010978
-0.493017 -0.004813 -0.066253
-0.532741 0.115022 -0.000538
-0.479680 -0.034831 -0.035552
-0.509223 0.059166 0.006125
-0.549046 0.131643 -0.027171
-0.506214 0.051083 -0.008231
-0.473660 -0.030360 -0.066031
-0.559165 0.154988 -0.041219
-0.547832 0.148126 -0.049308
-0.529148 0.083360 -0.038171
-0.499551 0.013212 -0.027378
-0.507226 0.030740 -0.040955
-0.539765 0.129018 -0.046184
-0.486719 -0.009678 -0.091773
-0.490040 0.008362 -0.073631
-0.470219 -0.058972 -0.060006
-0.465417 -0.048145 -0.034554
-0.485233 -0.024279 -0.079986
-0.531412 0.106506 -0.087292
-0.557333 0.162944 -0.092720
-0.516342 0.075647 -0.002812
-0.552674 0.160996 -0.028452
-0.516666 0.076094 -0.008163
-0.545759 0.146327 0.002049
-0.491210 0.013101 -0.042091
-0.471397 -0.036967 -0.085403
-0.462825 -0.060344 -0.034380
-0.500371 0.015300 -0.025339
-0.471912 -0.032856 -0.038632
-0.530877 0.087633 -0.035941
-0.470607 -0.053323 0.007531
-0.477241 -0.018817 -0.017668
-0.507477 0.052742 -0.030383
-0.471759 -0.056628 -0.081783
-0.552659 0.158424 -0.069635
-0.466467 -0.047474 -0.064497
-0.544485 0.132358 0.006470
-0.477397 -0.039664 -0.025301
-0.510043 0.055963 -0.077801
-0.536816 0.102625 -0.023246
-0.527250 0.075785 -0.087476
-0.462718 -0.060445 -0.061724
-0.512256 0.041033 -0.069261
-0.476116 -0.041396 -0.003651
-0.467396 -0.046735 -0.088619
-0.499025 0.032776 -0.026215
-0.522030 0.089691 0.004260
-0.475433 -0.023695 -0.026676
-0.546187 0.126332 -0.002306
-0.465033 -0.050903 -0.064462
-0.557767 0.150307 -0.062924
-0.520413 0.082107 -0.056128
-0.494261 0.021920 -0.017432
-0.468133 -0.043552 -0.065530
-0.514793 0.048455 -0.047275
-0.496965 0.003098 -0.091204
-0.522224 0.067672 -0.023888
-0.543980 0.137519 -0.071942
-0.508536 0.057541 0.006462
-0.530820 0.110468 0.000125
-0.473838 -0.046814 -0.003142
-0.548160 0.149368 -0.041886
-0.496946 0.029631 0.003532
-0.474644 -0.037135 0.007390
-0.492898 0.019888 0.002570
-0.513845 0.043810 -0.085919
-0.482563 -0.026503 -0.012299
-0.559131 0.152553 -0.079475
-0.527798 0.089436 -0.092306
-0.548679 0.148029 -0.083823
-0.499275 0.034505 -0.007844
-0.539329 0.106221 -0.062510
-0.497803 0.027168 -0.069857
-0.525681 0.089417 0.006681
-0.466280 -0.048592 -0.075379
-0.523741 0.089972 -0.057715
-0.507418 0.028820 -0.079606
-0.562241 0.163052 -0.029757
-0.555623 0.144768 -0.069596
-0.474983 -0.047054 -0.051531
-0.536490 0.123947 -0.001285
-0.518929 0.056983 -0.069509
-0.521493 0.088541 0.006460
-0.530666 0.106828 -0.053039
-0.546408 0.126230 -0.012547
-0.486677 0.002730 -0.034401
-0.516806 0.051057 -0.083273
-0.521602 0.064675 -0.048429
-0.549663 0.151662 -0.063066
-0.522858 0.090071 -0.021765
-0.480158 -0.011554 -0.013047
-0.505463 0.025804 -0.052613
-0.549152 0.152362 -0.031800
-0.499195 0.029804 -0.081133
-0.543002 0.139331 -0.004463
-0.486972 0.000139 -0.087989
-0.527205 0.101782 -0.000473
-0.548633 0.128189 -0.067261
-0.523758 0.093790 0.003696
-0.464738 -0.061004 -0.007854
-0.521128 0.064142 -0.038668
-0.532253 0.109213 -0.075970
-0.472677 -0.052082 -0.043581
-0.527848 0.077926 -0.075965
-0.525770 0.072529 -0.082858
-0.523872 0.071127 -0.031841
-0.516511 0.072221 -0.065088
-0.547994 0.151360 -0.003048
-0.498933 0.023743 -0.091985
-0.556695 0.147847 -0.061232
-0.556506 0.151314 0.002442
-0.514838 0.047561 -0.063539
-0.541319 0.113319 -0.024527
-0.522820 0.087164 -0.067516
-0.545441 0.143865 -0.025621
-0.532814 0.114660 -0.009283
-0.562162 0.162057 -0.042855
-0.558885 0.170463 -0.035183
-0.513732 0.043444 -0.087465
-0.484310 -0.023340 -0.028807
-0.555294 0.143639 -0.075170
-0.564564 0.167817 -0.086352
-0.474645 -0.025845 -0.030976
-0.550793 0.134260 -0.052584
-0.467997 -0.043793 -0.064166
-0.491551 -0.009521 -0.085767
-0.467356 -0.041390 -0.000194
-0.549290 0.151957 -0.043749
-0.529983 0.103555 -0.079662
-0.483974 -0.023894 -0.024767
-0.489767 0.007020 -0.084830
-0.562600 0.166235 -0.092659
-0.530050 0.083308 -0.074078
-0.495191 0.022137 -0.050060
-0.513502 0.044097 -0.067921
-0.467894 -0.044117 -0.065420
-0.545680 0.143784 -0.036210
-0.475446 -0.026085 -0.066000
-0.553300 0.160885 -0.054581
-0.463825 -0.053212 -0.055019
-0.482861 -0.004631 -0.005643
-0.489897 -0.012897 -0.076350
-0.507617 0.030512 -0.059879
-0.519422 0.081790 -0.022754
-0.534159 0.099437 0.006714
-0.524022 0.091983 -0.035934
-0.487162 0.002429 0.007100
-0.483339 -0.005235 -0.034042
-0.464095 -0.050491 -0.021273
-0.544897 0.143086 -0.017100
-0.563773 0.163934 -0.075027
-0.482149 -0.006964 -0.015883
-0.515937 0.074865 0.000231
-0.534584 0.115026 -0.072131
-0.544566 0.141029 -0.037688
-0.546490 0.145232 -0.044189
-0.470538 -0.037364 -0.058481
-0.497250 0.006166 -0.052446
-0.536306 0.120578 -0.048878
-0.552818 0.158466 -0.075176
-0.552524 0.158057 -0.070371
-0.511055 0.057503 -0.092140
-0.521771 0.085996 -0.045720
-0.485296 -0.024086 -0.079301
-0.554347 0.163071 -0.059775
-0.509634 0.059625 -0.002397
-0.551724 0.138111 -0.026195
-0.554723 0.144088 -0.045637
-0.554008 0.160653 -0.085905
-0.520846 0.062613 -0.052541
-0.541815 0.114154 -0.030235
-0.480806 -0.009455 -0.004154
-0.502054 0.037178 -0.072465
-0.479533 -0.037595 -0.074740
-0.503691 0.020881 -0.063746
-0.518248 0.059886 0.004167
-0.524363 0.090334 -0.076036
-0.528989 0.083761 -0.025494
-0.467589 -0.062560 -0.076427
-0.488571 -0.014379 -0.048846
-0.520400 0.083583 -0.031655
-0.535208 0.119252 0.006464
-0.465423 -0.061427 -0.033674
-0.461894 -0.058912 -0.072560
-0.474445 -0.049872 -0.076426
-0.522904 0.070362 -0.006608
-0.513277 0.044589 -0.051151
-0.553634 0.161903 -0.051009
-0.493197 -0.005682 -0.087387
-0.467575 -0.062527 -0.071361
-0.546032 0.123044 -0.049722
-0.501354 0.013646 -0.090437
-0.489140 0.006073 -0.075831
-0.507469 0.029727 -0.066864
-0.497116 0.007175 -0.030825
-0.474853 -0.044648 -0.007408
-0.553398 0.141308 -0.039304
-0.496740 0.023801 0.006999
-0.532943 0.108373 0.006567
-0.564802 0.167898 -0.050607
-0.557777 0.151656 -0.041419
-0.529158 0.106631 0.002385
-0.553551 0.140014 -0.066311
-0.562448 0.168747 -0.077840
-0.474562 -0.026506 -0.038479
-0.487018 0.005191 -0.007665
-0.531011 0.085423 -0.077091
-0.466042 -0.047952 -0.055742
-0.484080 -0.001293 0.001214
-0.490931 -0.002111 0.007237
-0.519514 0.058067 -0.074623
-0.542463 0.134920 -0.055180
-0.516255 0.073878 -0.028173
-0.488302 0.005442 -0.053500
-0.488959 0.003106 -0.091903
-0.555630 0.149010 -0.000928
-0.532680 0.110497 -0.071731
-0.486740 0.001020 -0.064641
-0.507667 0.036545 -0.091986
-0.520043 0.085032 0.005797
-0.548188 0.125938 -0.086528
-0.530994 0.088065 -0.033485
-0.488068 0.004080 -0.066548
-0.490270 0.013105 -0.005497
-0.539542 0.123025 -0.092530
-0.552535 0.140408 -0.020379
-0.493104 -0.000133 0.006416
-0.525995 0.073341 -0.078396
-0.550219 0.132074 -0.065799
-0.474324 -0.047535 -0.033731
-0.544348 0.129012 0.006513
-0.472806 -0.030064 -0.028019
-0.513764 0.043721 -0.084222
-0.522689 0.089790 -0.019767
-0.559900 0.156358 -0.047523
-0.520732 0.064402 -0.019020
-0.520688 0.061536 -0.063914
-0.526861 0.095746 -0.085202
-0.470256 -0.056390 -0.019492
-0.530396 0.087326 -0.022230
-0.466281 -0.061606 0.000243
-0.488725 0.004882 -0.079042
-0.527052 0.079124 -0.025494
-0.535851 0.098605 -0.051045
-0.491799 0.011923 -0.084181
-0.482693 -0.028819 -0.055013
-0.464047 -0.053649 -0.070742
-0.532678 0.093842 -0.005072
-0.497211 0.025215 -0.078564
-0.503866 0.022578 -0.042949
-0.472077 -0.031218 -0.018414
-0.490923 -0.006496 -0.012197
-0.536067 0.119557 -0.056164
-0.555996 0.156879 -0.092664
-0.540628 0.108905 -0.069400
-0.492120 0.015169 -0.043868
-0.477659 -0.021426 -0.076326
-0.490926 -0.009644 -0.063488
-0.514475 0.049562 -0.016927
-0.525274 0.072218 -0.068608
-0.478351 -0.015645 -0.009273
-0.483085 -0.029337 -0.078630
-0.507714 0.032605 -0.029632
-0.542679 0.116480 -0.026032
-0.471294 -0.054532 -0.029638
-0.474319 -0.047932 -0.039980
-0.507684 0.054048 -0.017217
-0.460919 -0.056844 -0.001051
-0.497850 0.027279 -0.069867
-0.490919 -0.007123 -0.022242
-0.560128 0.156509 -0.053962
-0.511708 0.063079 -0.026878
-0.558227 0.165156 0.006297
-0.467353 -0.045824 -0.072140
-0.478398 -0.016213 -0.020359
-0.520940 0.065963 -0.001748
-0.560731 0.169634 -0.045924
-0.556785 0.171560 0.006108
-0.530309 0.105943 -0.053548
-0.519759 0.061097 -0.034901
-0.548186 0.126817 -0.072179
-0.540822 0.117720 -0.092432
-0.553298 0.143354 -0.002183
-0.562890 0.161848 -0.074563
-0.531165 0.085178 -0.087057
-0.511838 0.042954 -0.021798
-0.541613 0.113863 -0.027133
-0.545796 0.128482 -0.092479
-0.480478 -0.011445 -0.023747
-0.497983 0.006653 -0.073005
-0.508372 0.031536 -0.072568
-0.477665 -0.038816 -0.021975
-0.545506 0.141163 -0.072075
-0.482816 -0.023883 0.007372
-0.493864 -0.001023 -0.037606
-0.524736 0.091759 -0.067349
-0.520398 0.083738 -0.029019
-0.491865 -0.005928 -0.039622
-0.471198 -0.055784 -0.046269
-0.506002 0.046138 -0.080368
-0.497988 0.008533 -0.042683
-0.498619 0.028457 -0.080623
-0.498115 0.008686 -0.045129
-0.493930 0.001073 -0.006100
-0.461910 -0.055807 -0.022723
-0.526681 0.100374 -0.002970
-0.498406 0.007848 -0.070032
-0.540483 0.128442 -0.083484
-0.495559 0.003742 -0.026063
-0.515362 0.052752 0.000449
-0.529308 0.106032 -0.013177
-0.512278 0.060748 -0.086935
-0.486443 -0.018859 -0.038944
-0.481599 -0.029609 -0.025279
-0.467661 -0.045170 -0.073480
-0.494668 0.019084 -0.079329
-0.545992 0.146990 0.003750
-0.538030 0.124535 -0.051602
-0.506180 0.048544 -0.048164
-0.472429 -0.029208 0.000562
-0.469613 -0.056918 -0.003059
-0.505810 0.048256 -0.038472
-0.506066 0.050850 -0.006236
-0.555345 0.153018 0.006405
-0.525483 0.077234 0.004761
-0.468865 -0.060486 -0.091435
-0.529883 0.089482 0.006764
-0.503425 0.041545 -0.054780
-0.483632 -0.023081 0.001768
-0.465333 -0.050373 -0.067500
-0.493251 -0.004603 -0.071971
-0.474894 -0.025485 -0.034775
-0.556245 0.146279 -0.069227
-0.506926 0.048041 -0.085348
-0.472163 -0.051681 -0.017090
-0.515600 0.049941 -0.054501
-0.510328 0.036853 -0.062223
-0.555802 0.164832 -0.087707
-0.473602 -0.029071 -0.042848
-0.549918 0.133800 -0.026045
-0.517782 0.057094 -0.023104
-0.497393 0.007069 -0.043329
-0.508953 0.054727 -0.055499
-0.521689 0.063974 -0.063187
-0.497540 0.007097 -0.048586
-0.477095 -0.023585 -0.089501
-0.492384 -0.005953 -0.060197
-0.521383 0.061653 -0.089026
-0.563958 0.168168 -0.068007
-0.563790 0.168391 -0.039225
-0.562152 0.160770 -0.063397
-0.555231 0.165088 -0.061347
-0.549308 0.154597 -0.001556
-0.555778 0.170272 0.001614
-0.546969 0.127428 -0.014927
-0.524518 0.072730 -0.030900
-0.508925 0.053006 -0.082386
-0.464753 -0.052963 -0.087061
-0.549936 0.130862 -0.074466
-0.473672 -0.050056 -0.049367
-0.475081 -0.022569 0.005329
-0.478734 -0.019882 -0.091793
-0.513468 0.063864 0.006786
-0.486714 0.004668 -0.004339
-0.490531 0.014293 0.003673
-0.481018 -0.010031 -0.021767
-0.516102 0.073822 -0.023149
-0.547484 0.145927 -0.071519
-0.488888 0.008040 -0.034056
-0.534262 0.116295 -0.039008
-0.480594 -0.010868 -0.018852
-0.543617 0.135798 -0.085803
-0.507610 0.053274 -0.026883
-0.536502 0.097835 -0.088872
-0.506545 0.031613 -0.000293
-0.534214 0.116206 -0.038572
-0.536081 0.114677 0.006544
-0.555335 0.167274 -0.029872
-0.547359 0.147937 -0.034007
-0.530194 0.086230 -0.032184
-0.491115 -0.008715 -0.055721
-0.549773 0.151807 -0.064973
-0.534154 0.115168 -0.053126
-0.498123 0.009184 -0.037318
-0.513105 0.045365 -0.031867
-0.550871 0.135608 -0.033681
-0.549897 0.149250 -0.092681
-0.463063 -0.053556 -0.030995
-0.475890 -0.043602 -0.030695
-0.512723 0.067244 0.001318
-0.503351 0.020227 -0.061144
-0.501068 0.035748 -0.057337
-0.534342 0.118546 -0.005521
-0.484983 -0.002558 -0.054452
-0.483013 -0.030055 -0.087516
-0.489273 -0.014190 -0.073103
-0.476819 -0.023654 -0.079899
-0.513629 0.069638 0.005029
-0.483999 -0.027470 -0.083847
-0.563431 0.166454 -0.020745
-0.478309 -0.038585 -0.043232
-0.532112 0.090171 -0.042736
-0.474936 -0.043846 0.002408
-0.468541 -0.043387 -0.078693
-0.541099 0.110455 -0.062534
-0.514913 0.068533 -0.062860
-0.544607 0.117824 -0.079181
-0.559872 0.162955 -0.092669
-0.518220 0.071841 0.006772
-0.496172 0.004030 -0.045238
-0.550612 0.134051 -0.048929
-0.528672 0.105150 -0.002788
-0.471246 -0.057497 -0.075949
-0.519551 0.059147 -0.058534
-0.530450 0.088651 -0.002797
-0.515016 0.047553 -0.070616
-0.562473 0.161626 -0.061954
-0.551629 0.157235 -0.048920
-0.526222 0.096915 -0.041358
-0.474075 -0.051079 -0.081654
-0.510063 0.039903 -0.002354
-0.518863 0.061443 0.005560
-0.544010 0.139702 -0.037626
-0.535384 0.118626 -0.044730
-0.462096 -0.057929 -0.064435
-0.465297 -0.061224 -0.005374
-0.511886 0.040008 -0.071540
-0.465611 -0.051041 -0.089164
-0.520705 0.083559 -0.043905
-0.501993 0.019499 -0.020189
-0.540684 0.132495 -0.025411
-0.503179 0.021804 -0.028833
-0.531215 0.106407 -0.081215
-0.496079 0.021714 -0.091465
-0.483101 -0.004189 -0.007789
-0.488227 0.005054 -0.056915
-0.471562 -0.031581 -0.004291
-0.543120 0.114953 -0.068004
-0.512948 0.065826 -0.030445
-0.516978 0.053147 -0.055977
-0.473018 -0.028659 -0.013422
-0.528777 0.104650 -0.014990
-0.465061 -0.051061 -0.068113
-0.512588 0.043442 -0.042995
-0.509261 0.058489 -0.006327
-0.533515 0.115207 -0.027639
-0.523655 0.093251 -0.001097
-0.487832 -0.017939 -0.077988
-0.535971 0.096587 -0.088533
-0.506407 0.051777 -0.004451
-0.471663 -0.053736 -0.031044
-0.563026 0.168915 -0.000728
-0.481655 -0.027632 0.004661
-0.538967 0.129414 -0.008728
-0.501862 0.036314 -0.079036
-0.506572 0.050804 -0.026657
-0.516171 0.052250 -0.039186
-0.479852 -0.018179 -0.091794
-0.468065 -0.059198 -0.091469
-0.465230 -0.050075 -0.058659
-0.519967 0.061176 -0.041736
-0.557637 0.170864 -0.058012
-0.478410 -0.039925 -0.068959
-0.498039 0.030477 -0.025245
-0.503282 0.023727 -0.091898
-0.474432 -0.031343 -0.091722
-0.505662 0.034866 0.007026
-0.522730 0.066238 -0.066894
-0.556383 0.145575 -0.086041
-0.528509 0.079152 -0.081713
-0.546265 0.125973 -0.011194
-0.548242 0.151953 -0.003065
-0.529641 0.107734 0.001551
-0.558932 0.151453 -0.089632
-0.484035 -0.025516 -0.053501
-0.528822 0.105691 0.000196
-0.531360 0.090308 -0.011251
-0.483764 -0.003327 -0.019561
-0.500908 0.014938 -0.052103
-0.534247 0.116184 -0.040215
-0.517772 0.077204 -0.033110
-0.557239 0.152763 -0.002501
-0.537608 0.124580 -0.034467
-0.495313 0.025566 0.000929
-0.491720 0.017185 0.004451
-0.508039 0.030330 -0.079226
-0.524719 0.090417 -0.088517
-0.480417 -0.010706 -0.009353
-0.526469 0.076121 -0.051646
-0.535292 0.117245 -0.063626
-0.556619 0.148693 -0.044523
-0.551481 0.133545 -0.090972
-0.511665 0.041674 -0.035871
-0.505866 0.046792 -0.064432
-0.475119 -0.044509 -0.015471
-0.549859 0.129609 -0.091822
-0.545929 0.124061 -0.029206
-0.543441 0.138884 -0.028767
-0.548645 0.147815 -0.086007
-0.542863 0.117686 -0.013594
-0.492348 0.015026 0.007031
-0.468360 -0.044060 -0.082608
-0.476693 -0.020328 0.007201
-0.543821 0.119419 -0.022686
-0.519340 0.060133 -0.034275
-0.501885 0.016104 -0.071160
-0.470769 -0.036775 -0.057900
-0.525449 0.076450 -0.006643
-0.557574 0.149244 -0.072706
-0.543249 0.136543 -0.059382
-0.523451 0.072265 0.003046
-0.489208 0.006042 -0.078988
-0.510447 0.058835 -0.046841
-0.516840 0.076452 -0.009105
-0.480284 -0.031422 -0.003638
-0.508056 0.052156 -0.062440
-0.473936 -0.046657 -0.004391
-0.533008 0.112052 -0.059197
-0.480587 -0.035001 -0.073568
-0.481563 -0.010167 -0.045145
-0.507081 0.029462 -0.056071
-0.493432 -0.003431 -0.059931
-0.521360 0.085977 -0.030039
-0.542489 0.112056 -0.090573
-0.474108 -0.028900 -0.059716
-0.487545 -0.015735 -0.030987
-0.543808 0.135933 -0.091035
-0.467474 -0.041767 -0.010905
-0.518662 0.081547 0.002872
-0.543498 0.140747 -0.000706
-0.534597 0.095737 -0.048896
-0.545955 0.125454 -0.007587
-0.525380 0.083709 0.006753
-0.470045 -0.037133 -0.035565
-0.550911 0.156437 -0.033977
-0.511060 0.042166 -0.004344
-0.532558 0.093934 0.001080
-0.548944 0.127882 -0.084347
-0.477699 -0.038412 -0.016714
-0.467380 -0.042908 -0.025784
-0.480064 -0.036457 -0.076914
-0.519423 0.081119 -0.033694
-0.519588 0.079405 -0.067980
-0.556483 0.146284 -0.078412
-0.523590 0.069643 -0.045005
-0.513073 0.047643 0.006423
-0.553062 0.162275 -0.022738
-0.544219 0.130563 -0.092539
-0.471124 -0.057159 -0.065715
-0.507797 0.034399 -0.003676
-0.560664 0.160765 -0.005603
-0.485949 0.001936 -0.018989
-0.546216 0.144193 -0.050414
-0.512803 0.065192 -0.035145
-0.556015 0.165405 -0.086703
-0.520542 0.060839 -0.069552
-0.517367 0.057939 0.006771
-0.470202 -0.039279 -0.076548
-0.462836 -0.056153 -0.064350
-0.564336 0.166426 -0.056419
-0.521153 0.084249 -0.050103
-0.475196 -0.045496 -0.034521
-0.482036 -0.010771 -0.073382
-0.550639 0.152891 -0.081045
-0.497581 0.019781 0.007071
-0.483297 -0.007211 -0.064563
-0.468069 -0.042673 -0.048753
-0.558060 0.152673 -0.035901
-0.486022 -0.020435 -0.048162
-0.541327 0.132856 -0.044557
-0.538919 0.103496 -0.090862
-0.507710 0.030965 -0.056134
-0.509723 0.038264 -0.015763
-0.482910 -0.017612 0.007289
-0.542478 0.132750 -0.091037
-0.462878 -0.054329 -0.036345
-0.488046 0.003439 -0.076099
-0.479901 -0.013686 -0.037716
-0.554081 0.165247 -0.014065
-0.557793 0.148804 -0.092517
-0.528436 0.100806 0.006581
-0.545644 0.140767 -0.083837
-0.485433 -0.019155 -0.004459
-0.542809 0.117012 -0.022428
-0.523798 0.091147 -0.040828
-0.507105 0.032022 -0.015431
-0.528617 0.081230 -0.052146
-0.538501 0.122102 -0.092538
-0.558020 0.151103 -0.059835
-0.495822 0.003123 -0.046345
-0.509006 0.034808 -0.044058
-0.546963 0.146184 -0.047091
-0.518843 0.081679 -0.002043
-0.486060 0.000097 -0.053215
-0.498492 0.009400 -0.048188
-0.511972 0.061475 -0.063237
-0.472274 -0.053586 -0.052394
-0.475544 -0.047596 -0.082188
-0.525080 0.093087 -0.059151
-0.549125 0.154321 0.001105
-0.532559 0.111017 -0.058545
-0.511430 0.055137 0.006865
-0.561994 0.161871 -0.039374
-0.469934 -0.055650 0.005068
-0.470617 -0.059173 -0.078742
-0.533538 0.113038 -0.063787
-0.464956 -0.047566 -0.007229
-0.543891 0.139622 -0.034283
-0.503992 0.045525 -0.012135
-0.536932 0.100094 -0.068884
-0.472554 -0.051363 -0.027150
-0.550592 0.137209 0.003185
-0.493418 -0.001037 -0.020492
-0.506921 0.031949 -0.009444
-0.524744 0.093633 -0.037232
-0.528114 0.103899 -0.001382
-0.541438 0.113374 -0.028281
-0.487855 0.003596 -0.066121
-0.523178 0.090600 -0.025610
-0.468442 -0.062007 -0.040223
-0.483135 -0.004019 -0.006376
-0.507019 0.053320 -0.003182
-0.540642 0.129451 -0.073251
-0.498731 0.007786 -0.083687
-0.480507 -0.010824 -0.014750
-0.528329 0.104602 0.001647
-0.483244 -0.002953 0.006724
-0.529414 0.107356 0.004238
-0.501548 0.017612 -0.033520
-0.547807 0.125293 -0.082190
-0.522787 0.089401 -0.029901
-0.516562 0.051647 -0.064189
-0.509741 0.046548 0.006948
-0.501770 0.018411 -0.029199
-0.472568 -0.033371 -0.072492
-0.495911 0.026831 -0.001767
-0.565217 0.167615 -0.071332
-0.516426 0.058846 -0.092115
-0.543607 0.116124 -0.067897
-0.535526 0.112520 -0.092467
-0.463829 -0.058007 -0.091570
-0.465419 -0.048587 -0.041844
-0.516701 0.075678 -0.016280
-0.552606 0.159605 0.006260
-0.536765 0.124154 -0.008609
-0.499349 0.010953 -0.056238
-0.518551 0.066734 0.006849
-0.533295 0.092332 -0.053630
-0.468829 -0.043457 -0.091053
-0.530982 0.109157 -0.027462
-0.502763 0.041531 -0.029274
-0.488004 -0.016121 -0.055129
-0.461598 -0.059737 -0.016594
-0.487498 -0.015220 -0.020817
-0.523820 0.081023 -0.092270
-0.556174 0.169632 -0.024176
-0.482686 -0.027778 -0.037806
-0.483831 -0.002210 -0.004014
-0.468731 -0.038290 -0.003268
-0.542598 0.138223 -0.006742
-0.468865 -0.062975 -0.072410
-0.530926 0.104267 -0.092446
-0.494624 0.018484 -0.087366
-0.561976 0.162321 -0.031348
-0.525108 0.072961 -0.050085
-0.476652 -0.019583 -0.007233
-0.490710 0.012089 -0.039122
-0.465899 -0.045067 -0.003286
-0.493457 0.017215 -0.062613
-0.535139 0.121085 0.004735
-0.510773 0.040090 -0.091972
-0.500229 0.015301 -0.091844
-0.502277 0.039088 -0.050114
-0.496128 0.003403 -0.053722
-0.472228 -0.054464 -0.064845
-0.474790 -0.023761 -0.002727
-0.527603 0.098733 -0.065502
-0.532142 0.088080 -0.077875
-0.544483 0.140436 -0.044084
-0.519736 0.080304 -0.059096
-0.493456 -0.005083 -0.087744
-0.483445 -0.024757 -0.018201
-0.516140 0.074953 -0.006254
-0.543928 0.141174 -0.010497
-0.552914 0.160715 0.006251
-0.563739 0.167562 -0.014731
-0.492476 -0.005421 -0.055131
-0.514733 0.071260 -0.011552
-0.478464 -0.016111 -0.021249
-0.544380 0.140431 -0.040170
-0.497468 0.030312 -0.005714
-0.555639 0.164534 -0.086238
-0.547566 0.129503 -0.004413
-0.519121 0.078910 -0.057859
-0.463834 -0.049984 -0.002886
-0.476979 -0.039094 0.000192
-0.520021 0.078997 -0.091416
-0.469875 -0.061675 -0.090542
-0.563075 0.164058 -0.045866
-0.542125 0.134821 -0.043649
-0.523333 0.071079 -0.011644
-0.498242 0.022311 0.007050
-0.467552 -0.044275 0.007346
-0.508230 0.055558 -0.013896
-0.476644 -0.041702 -0.029141
-0.540174 0.112198 0.001773
-0.513082 0.067702 -0.005194
-0.538583 0.127374 -0.026955
-0.512434 0.065069 -0.022766
-0.496301 0.002114 -0.081407
-0.483057 -0.008722 -0.079774
-0.535737 0.120072 -0.034964
-0.505930 0.025885 -0.069480
-0.544456 0.138686 -0.071488
-0.506303 0.047584 -0.068571
-0.509042 0.054321 -0.065559
-0.474569 -0.032961 0.007331
-0.495887 0.025308 -0.025583
-0.516308 0.075651 -0.001416
-0.529135 0.084430 -0.020261
-0.505171 0.025784 -0.041597
-0.561112 0.169284 -0.081914
-0.515155 0.050887 -0.021827
-0.522552 0.087247 -0.055744
-0.510252 0.040440 -0.000950
-0.529459 0.083334 -0.050674
-0.470010 -0.038041 -0.048965
-0.464625 -0.061227 -0.058832
-0.527091 0.100623 -0.014871
-0.513668 0.047723 -0.015437
-0.502509 0.038007 -0.076677
-0.540886 0.110079 -0.060336
-0.471057 -0.054214 -0.015258
-0.533338 0.115789 -0.011299
-0.550603 0.152842 -0.080431
-0.470924 -0.037962 -0.083209
-0.489373 0.010028 -0.020621
-0.488643 -0.014893 -0.060019
-0.471159 -0.033127 -0.013747
-0.495739 0.022137 -0.071349
-0.478809 -0.014540 -0.009132
-0.511353 0.062310 -0.025591
-0.483947 -0.024569 -0.034656
-0.515864 0.071450 -0.052436
-0.534515 0.094856 -0.060049
-0.540272 0.107635 -0.076196
-0.472928 -0.049757 -0.015571
-0.544010 0.120587 -0.011051
-0.491193 0.014738 -0.014854
-0.492266 0.015869 -0.038176
-0.497558 0.029148 -0.028148
-0.551114 0.135260 -0.048796
-0.553399 0.140918 -0.045706
-0.547171 0.146277 -0.053683
-0.528464 0.099477 -0.086894
-0.471725 -0.056340 -0.075779
-0.537714 0.104881 -0.021474
-0.546698 0.127254 -0.007198
-0.530534 0.107490 -0.037138
-0.503153 0.023488 -0.000450
-0.481269 -0.032163 -0.053965
-0.491184 -0.007853 -0.044402
-0.560673 0.155745 -0.087572
-0.540025 0.132813 0.005392
-0.538677 0.126156 -0.050405
-0.538710 0.106927 -0.026960
-0.498779 0.030778 -0.049134
-0.507905 0.053057 -0.041891
-0.463056 -0.060641 -0.071996
-0.523030 0.087979 -0.062448
-0.492884 0.017186 -0.040808
-0.517244 0.054382 -0.046264
-0.512017 0.042347 -0.038617
-0.521200 0.076789 -0.092265
-0.522695 0.085842 -0.084165
-0.491249 -0.008461 -0.056815
-0.562460 0.160018 -0.087599
-0.519711 0.078655 -0.084945
-0.494597 0.022404 -0.022614
-0.485337 0.000657 -0.015980
-0.468983 -0.040631 -0.051126
-0.531089 0.111182 0.001279
-0.560286 0.159002 -0.019582
-0.502384 0.019443 -0.036262
-0.547412 0.127048 -0.038322
-0.516515 0.074834 -0.022775
-0.537059 0.125225 -0.002630
-0.475638 -0.026307 -0.077096
-0.510948 0.057710 -0.084593
-0.528476 0.084245 0.002345
-0.475235 -0.024357 -0.029727
-0.537645 0.104393 -0.026707
-0.544701 0.140501 -0.051491
-0.526206 0.092130 0.006655
-0.514267 0.046919 -0.051776
-0.530542 0.109301 -0.008001
-0.491251 -0.006999 -0.033132
-0.545955 0.126184 0.004284
-0.481254 -0.011680 -0.057734
-0.554458 0.143010 -0.052867
-0.506028 0.045976 -0.084000
-0.466326 -0.044417 -0.009317
-0.502437 0.017398 -0.071593
-0.478181 -0.018430 -0.047929
-0.518711 0.080800 -0.011203
-0.549745 0.133325 -0.027006
-0.506429 0.049870 -0.036314
-0.526125 0.090544 0.006675
-0.544225 0.120805 -0.015865
-0.505388 0.023481 -0.087478
-0.533266 0.091236 -0.070309
-0.497414 0.004197 -0.090828
-0.477541 -0.042243 -0.072844
-0.512392 0.040010 -0.091192
-0.486897 -0.016839 -0.023746
-0.505250 0.049313 0.000489
-0.483746 -0.028507 -0.090852
-0.485359 -0.020620 -0.025421
-0.472946 -0.053887 -0.083407
-0.534985 0.098098 -0.025614
-0.475430 -0.026135 -0.066200
-0.516223 0.074857 -0.011037
-0.509885 0.059254 -0.018178
-0.544370 0.137395 -0.089109
-0.470147 -0.056345 -0.014510
-0.487852 -0.015305 -0.035967
-0.557584 0.150164 -0.058141
-0.537516 0.105628 -0.001634
-0.526300 0.077485 -0.022889
-0.492931 -0.005021 -0.066324
-0.560113 0.169937 -0.037619
-0.476155 -0.044040 -0.048128
-0.473881 -0.048043 -0.024793
-0.564484 0.167960 -0.037218
-0.522168 0.067575 -0.023295
-0.473236 -0.028251 -0.015293
-0.544296 0.116605 -0.086891
-0.469947 -0.034863 0.005140
-0.499510 0.010472 -0.070334
-0.548578 0.148625 -0.070224
-0.558995 0.152812 -0.070000
-0.546723 0.122644 -0.083112
-0.474580 -0.047493 -0.042994
-0.507239 0.030886 -0.039095
-0.520559 0.064526 -0.010294
-0.510514 0.039099 -0.032963
-0.485341 -0.001594 -0.052731
-0.499216 0.035189 0.005560
-0.524766 0.074229 -0.016188
-0.491654 -0.007718 -0.060481
-0.536616 0.100150 -0.055681
-0.561889 0.159327 -0.092579
-0.560180 0.156961 -0.048644
-0.471481 -0.054977 -0.044150
-0.480318 -0.035259 -0.067320
-0.473115 -0.052101 -0.060955
-0.520957 0.086039 -0.013369
-0.508458 0.057372 0.006727
-0.525551 0.095552 -0.037391
-0.548129 0.129457 -0.027042
-0.508960 0.036491 -0.014914
-0.500988 0.034985 -0.066638
-0.477413 -0.022499 -0.084237
-0.540610 0.128909 -0.080816
-0.553222 0.159928 -0.067083
-0.477159 -0.020266 -0.038051
-0.484084 -0.026480 -0.071050
-0.516095 0.072421 -0.045644
-0.504948 0.026318 -0.024256
-0.513001 0.044959 -0.034415
-0.470722 -0.036852 -0.057307
-0.469648 -0.038589 -0.043764
-0.514450 0.053636 -0.092083
-0.504817 0.047339 -0.014734
-0.470834 -0.037649 0.007321
-0.481614 -0.010764 -0.056850
-0.532987 0.115367 -0.004512
-0.538046 0.102470 -0.073587
-0.490021 -0.013266 -0.087174
-0.509726 0.034225 -0.081526
-0.541911 0.134494 -0.040652
-0.557592 0.152020 -0.028299
-0.508923 0.054394 -0.059756
-0.561864 0.164144 0.002627
-0.519160 0.058001 -0.061932
-0.543973 0.140870 -0.017220
-0.487450 0.003846 -0.046323
-0.489570 0.009104 -0.043312
-0.563094 0.164233 -0.043763
-0.500129 0.031701 -0.086611
-0.508668 0.056853 -0.009863
-0.519567 0.058683 -0.092050
-0.559770 0.159145 0.002819
-0.487636 -0.018301 -0.076262
-0.472207 -0.034121 -0.070659
-0.555531 0.168519 -0.017245
-0.525697 0.092908 -0.086043
-0.553089 0.158277 -0.088760
-0.514835 0.069521 -0.043768
-0.510990 0.062083 -0.015181
-0.531398 0.109645 -0.035728
-0.483134 -0.007246 -0.058789
-0.471015 -0.036526 -0.063413
-0.536239 0.103013 0.005507
-0.467941 -0.040238 -0.004207
-0.527617 0.098029 -0.077489
-0.553004 0.137722 -0.082286
-0.528606 0.100225 -0.080261
-0.502996 0.044245 0.005756
-0.519908 0.084029 -0.005270
-0.493387 -0.002983 -0.050934
-0.526156 0.074883 -0.059586
-0.511612 0.062891 -0.026211
-0.472903 -0.031249 -0.051054
-0.513625 0.047610 -0.015614
-0.500910 0.014613 -0.057473
-0.479521 -0.015695 -0.055609
-0.467455 -0.045937 -0.077912
-0.528958 0.082545 -0.044018
-0.498526 0.031542 -0.026865
-0.554626 0.153269 -0.092642
-0.493727 0.019001 -0.044080
-0.477733 -0.040027 -0.044273
-0.496056 0.026325 -0.015623
-0.485333 -0.014728 -0.091731
-0.534108 0.097217 -0.005845
-0.543650 0.116398 -0.065136
-0.481795 -0.009489 -0.043139
-0.548456 0.148102 -0.073970
-0.497381 0.008766 -0.015287
-0.487661 0.004549 -0.043112
-0.502020 0.018063 -0.044543
-0.537652 0.102559 -0.056811
-0.498308 0.006491 -0.088287
-0.505027 0.025693 -0.037476
-0.531821 0.110944 -0.031029
-0.499078 0.013943 0.002897
-0.543023 0.134689 -0.080716
-0.525699 0.088685 0.006692
-0.518495 0.057356 -0.046551
-0.504164 0.024278 -0.026922
-0.533501 0.090658 -0.088837
-0.553401 0.138306 -0.088215
-0.478623 -0.018259 -0.062347
-0.521936 0.063644 -0.078174
-0.515186 0.067828 -0.084956
-0.485649 -0.002776 -0.083922
-0.527470 0.077995 -0.060109
-0.548652 0.152734 -0.006295
-0.507366 0.041161 0.006974
-0.479406 -0.037200 -0.063376
-0.521886 0.064088 -0.069002
-0.480846 -0.032259 -0.039082
-0.546273 0.145418 -0.032711
-0.544306 0.141862 -0.014038
-0.472390 -0.029424 0.007240
-0.505179 0.045702 -0.055420
-0.517879 0.053121 -0.091428
-0.475167 -0.026899 -0.068381
-0.541355 0.123368 0.006531
-0.507733 0.050297 -0.080064
-0.545825 0.124532 -0.017495
-0.562849 0.168939 -0.010108
-0.513775 0.065033 -0.075533
-0.536535 0.123525 -0.009860
-0.469905 -0.056301 -0.004382
-0.512428 0.044512 -0.019395
-0.483792 -0.004267 -0.035934
-0.518403 0.054967 -0.081833
-0.535410 0.100091 -0.009729
-0.557158 0.152563 -0.002598
-0.471294 -0.055712 -0.048832
-0.518077 0.076195 -0.061370
-0.545923 0.146376 -0.003511
-0.470437 -0.056886 -0.034570
-0.545187 0.121309 -0.045085
-0.519297 0.061164 -0.015869
-0.521753 0.064328 -0.059921
-0.519610 0.080868 -0.045037
-0.491396 0.001007 0.007204
-0.560174 0.154590 -0.086954
-0.527012 0.078543 -0.033396
-0.544070 0.121796 0.006264
-0.557306 0.149849 -0.052487
-0.474482 -0.029337 -0.081368
-0.533726 0.113813 -0.058491
-0.564452 0.166657 -0.057137
-0.464696 -0.055766 0.007446
-0.482011 -0.007608 -0.020972
-0.534018 0.116853 -0.020417
-0.473204 -0.030524 -0.050964
-0.556179 0.165825 -0.086235
-0.487052 -0.018458 -0.056084
-0.489045 0.007436 -0.049998
-0.556852 0.148143 -0.062532
-0.466553 -0.043000 0.004876
-0.538076 0.122617 -0.084579
-0.491491 0.015485 -0.014294
-0.524145 0.068102 -0.091622
-0.562895 0.168779 -0.036590
-0.500197 0.011576 -0.079089
-0.478321 -0.040923 -0.081700
-0.547609 0.145042 -0.090771
-0.469114 -0.059766 -0.091440
-0.472749 -0.049692 -0.007557
-0.464438 -0.061013 -0.033292
-0.480159 -0.012830 -0.033854
-0.517086 0.072458 -0.083591
-0.518349 0.076482 -0.067296
-0.499952 0.012464 -0.055137
-0.554712 0.145625 -0.020231
-0.492868 -0.002271 -0.019167
-0.481810 -0.028894 -0.021859
-0.553794 0.140017 -0.075692
-0.519028 0.061322 -0.002823
-0.549789 0.134566 -0.008542
-0.488530 -0.013937 -0.040091
-0.478403 -0.017856 -0.047261
-0.551807 0.155836 -0.078572
-0.529591 0.107915 0.006449
-0.537951 0.102604 -0.067708
-0.556777 0.171503 -0.005307
-0.473688 -0.029109 -0.046787
-0.480994 -0.029480 0.000360
-0.547942 0.150431 -0.016142
-0.499769 0.011833 -0.058271
-0.537084 0.104675 -0.000333
-0.520005 0.058972 -0.079033
-0.535019 0.096556 -0.051994
-0.547829 0.147666 -0.056677
-0.470073 -0.037169 -0.037228
-0.497173 0.004301 -0.079761
-0.478220 -0.037515 -0.022402
-0.484235 -0.007752 0.007180
-0.500811 0.012776 -0.083467
-0.519121 0.058226 -0.056779
-0.535947 0.119486 -0.052642
-0.517243 0.077809 -0.002698
-0.498799 0.028479 -0.087273
-0.515776 0.072509 -0.031804
-0.525017 0.093016 -0.057868
-0.527762 0.097476 -0.092100
-0.530142 0.105060 -0.061403
-0.509253 0.035573 -0.041232
-0.509284 0.037659 -0.008539
-0.561483 0.169175 -0.073235
-0.482218 -0.006809 -0.016049
-0.482323 -0.009160 -0.058349
-0.489550 -0.013958 -0.080092
-0.525140 0.095740 -0.018381
-0.482747 -0.028319 -0.048948
-0.461905 -0.057123 -0.043912
-0.468769 -0.061629 -0.046815
-0.554341 0.141366 -0.075048
-0.506484 0.027494 -0.064871
-0.556876 0.152274 0.003680
-0.525137 0.092024 -0.078644
-0.490796 -0.010321 -0.069430
-0.502117 0.038161 -0.058927
-0.503909 0.025603 0.004540
-0.529769 0.096008 0.006673
-0.555525 0.146996 -0.029572
-0.532050 0.089959 -0.043764
-0.478882 -0.016734 -0.047623
-0.562454 0.163943 -0.023586
-0.503560 0.042446 -0.045377
-0.535991 0.119614 -0.052299
-0.493260 -0.003988 -0.062334
-0.540910 0.111243 -0.042374
-0.524836 0.071589 -0.061801
-0.526324 0.075306 -0.059258
-0.481384 -0.029524 -0.015538
-0.491549 0.013917 -0.042002
-0.525220 0.093350 -0.060312
-0.480129 -0.015618 -0.078004
-0.535139 0.117471 -0.053981
-0.496635 0.004621 -0.053640
-0.539571 0.109654 -0.016102
-0.472004 -0.055096 -0.066427
-0.544064 0.140461 -0.027402
-0.492717 0.015578 -0.060469
-0.558030 0.152464 -0.038119
-0.539112 0.130637 0.005507
-0.548532 0.129097 -0.048541
-0.460169 -0.058147 0.006937
-0.520238 0.063874 -0.092108
-0.541360 0.130380 -0.086083
-0.511422 0.058921 -0.083366
-0.534802 0.117930 -0.033433
-0.500210 0.032066 -0.083853
-0.464886 -0.052520 -0.085036
-0.506965 0.053304 -0.001339
-0.521243 0.086040 -0.024481
-0.544916 0.123087 -0.005635
-0.551248 0.157016 -0.037682
-0.485287 -0.000153 -0.027198
-0.547730 0.126010 -0.067559
-0.480256 -0.031743 -0.007747
-0.484667 -0.005245 -0.085849
-0.525189 0.072280 -0.064300
-0.546025 0.143388 -0.056077
-0.485128 -0.020181 -0.009281
-0.554141 0.143825 -0.027303
-0.554610 0.162526 -0.078847
-0.502992 0.018244 -0.079394
-0.480261 -0.016044 -0.090048
-0.536919 0.121584 -0.056342
-0.525912 0.096845 -0.030411
-0.500763 0.012703 -0.082784
-0.517893 0.075479 -0.065862
-0.511840 0.061389 0.006787
-0.524497 0.072597 -0.032246
-0.558075 0.153774 -0.018582
-0.533921 0.113461 -0.071813
-0.553697 0.160669 -0.073523
-0.551009 0.158706 -0.000906
-0.485202 -0.015049 0.007299
-0.491027 0.011307 -0.064157
-0.493406 0.015541 -0.087858
-0.505802 0.029376 -0.007742
-0.480459 -0.011101 -0.017411
-0.507147 0.031175 -0.030815
-0.552883 0.140230 -0.092498
-0.517879 0.078078 -0.023084
-0.539017 0.106246 -0.092311
-0.539363 0.126667 -0.068767
-0.538040 0.104973 -0.032650
-0.490145 -0.009541 -0.031423
-0.538852 0.124548 -0.083361
-0.504138 0.021549 -0.070247
-0.547192 0.145981 -0.059303
-0.476186 -0.042152 -0.018663
-0.520679 0.084776 -0.023093
-0.515050 0.068498 -0.068779
-0.531284 0.111878 0.005018
-0.485184 0.000247 -0.016696
-0.500955 0.036410 -0.042204
-0.479608 -0.032883 -0.001070
-0.509838 0.034409 -0.082886
-0.475674 -0.043711 -0.024082
-0.548781 0.148919 -0.073354
-0.514678 0.070050 -0.029075
-0.496081 0.022697 -0.075574
-0.548196 0.147198 -0.078552
-0.539761 0.129922 -0.031337
-0.481856 -0.008538 -0.030077
-0.491321 0.013695 -0.036784
-0.466027 -0.050013 -0.088645
-0.500929 0.012674 -0.089739
-0.505743 0.029429 -0.004595
-0.535770 0.117707 -0.074700
-0.480911 -0.010594 -0.026727
-0.533914 0.097059 -0.000827
-0.529883 0.108124 -0.001513
-0.510508 0.056234 -0.091502
-0.535663 0.097131 -0.067670
-0.530914 0.107792 -0.047021
-0.538157 0.120516 0.006506
-0.474715 -0.027632 -0.062712
-0.517767 0.065704 0.006847
-0.538494 0.128470 -0.005670
-0.532290 0.110449 -0.057334
-0.483062 -0.003970 -0.002737
-0.487938 0.004420 -0.055976
-0.521045 0.082689 -0.071252
-0.467648 -0.050137 0.007428
-0.500778 0.038330 -0.004128
-0.478576 -0.017817 -0.053344
-0.502357 0.041455 -0.014751
-0.485858 0.002924 0.000600
-0.523240 0.089010 -0.053849
-0.500873 0.017807 -0.004102
-0.472921 -0.031745 -0.059816
-0.508644 0.035686 -0.015701
-0.504882 0.025762 -0.030708
-0.541303 0.134837 -0.011414
-0.530463 0.109528 -0.001263
-0.472405 -0.029392 -0.001481
-0.492457 0.013400 -0.085728
-0.499854 0.013169 -0.039891
-0.509138 0.053836 -0.077167
-0.504614 0.046214 -0.025164
-0.550004 0.152624 -0.060682
-0.490642 -0.011417 -0.081277
-0.527582 0.098729 -0.064728
-0.489372 -0.009750 -0.004770
-0.554888 0.168126 0.001352
-0.503810 0.042061 -0.061376
-0.489687 0.011306 -0.012067
-0.509153 0.056637 -0.032232
-0.513793 0.044680 -0.069771
-0.543839 0.116381 -0.072739
-0.530556 0.108802 -0.016690
-0.515319 0.050469 -0.034993
-0.502138 0.017197 -0.063221
-0.506366 0.030362 -0.013672
-0.505373 0.024417 -0.071648
-0.506567 0.051242 -0.019390
-0.555954 0.145966 -0.063000
-0.512904 0.067544 -0.000851
-0.469558 -0.059154 -0.037284
-0.534590 0.114100 -0.087426
-0.525947 0.086844 0.006722
-0.560290 0.169649 -0.078006
-0.531660 0.109516 -0.047992
-0.471118 -0.035660 -0.053321
-0.483146 -0.006014 -0.039216
-0.489805 -0.013016 -0.074687
-0.475093 -0.022979 -0.001792
-0.485190 -0.024522 -0.082261
-0.474491 -0.047493 -0.039537
-0.557585 0.154005 0.004222
-0.557207 0.150476 -0.038436
-0.526590 0.076285 -0.053713
-0.500515 0.016098 -0.017983
-0.550008 0.154055 -0.037574
-0.473833 -0.049088 -0.039874
-0.492152 0.014833 -0.050612
-0.551935 0.160107 -0.014151
-0.555556 0.147855 -0.016841
-0.489613 -0.010143 -0.020524
-0.504817 0.043224 -0.081634
-0.562815 0.162105 -0.067471
-0.463278 -0.054169 -0.049286
-0.479194 -0.034192 -0.091588
-0.497620 0.007794 -0.040387
-0.557042 0.149867 -0.041892
-0.475745 -0.022940 -0.026506
-0.507178 0.049927 -0.064528
-0.495242 0.023811 -0.024823
-0.461046 -0.056176 0.004861
-0.481494 -0.011960 -0.071627
-0.518684 0.058673 -0.032505
-0.483320 -0.003102 0.001354
-0.561938 0.159428 -0.076887
-0.504944 0.028211 0.006671
-0.561863 0.160788 -0.051876
-0.546608 0.123397 -0.092394
-0.487150 -0.016430 -0.026955
-0.531335 0.111911 0.003558
-0.540534 0.132691 -0.016404
-0.514338 0.068203 -0.045909
-0.541645 0.109937 -0.092164
-0.505066 0.024011 -0.066312
-0.467324 -0.046162 -0.076511
-0.523517 0.067278 -0.080569
-0.542851 0.115329 -0.051422
-0.461677 -0.055865 -0.014610
-0.562154 0.160067 -0.074910
-0.476894 -0.040776 -0.023838
-0.511259 0.037904 -0.081361
-0.531891 0.110325 -0.043810
-0.555561 0.146947 -0.031802
-0.495125 0.020826 -0.068770
-0.541801 0.135095 -0.026583
-0.504025 0.029470 -0.091962
-0.537653 0.123866 -0.047809
-0.505337 0.049454 -0.000602
-0.507732 0.034202 -0.004365
-0.542237 0.132097 -0.092273
-0.485431 -0.003495 -0.087125
-0.475662 -0.042599 -0.005562
-0.503318 0.021269 -0.042918
-0.507600 0.032331 -0.029638
-0.519597 0.078052 -0.090312
-0.563509 0.168205 0.004693
-0.560756 0.169627 -0.045298
-0.479823 -0.015475 -0.063749
-0.492823 0.005858 -0.091863
-0.525094 0.070881 -0.083356
-0.555678 0.147775 -0.022887
-0.529125 0.085849 0.003187
-0.474416 -0.049299 -0.065979
-0.559697 0.156078 -0.044220
-0.489318 0.010007 -0.018815
-0.462195 -0.060211 -0.058930
-0.494436 -0.002698 -0.087086
-0.522666 0.087394 -0.057805
-0.461499 -0.059730 -0.023098
-0.461546 -0.059896 -0.050603
-0.529302 0.085711 -0.005945
-0.463386 -0.056293 -0.088009
-0.520271 0.061927 -0.041361
-0.538317 0.106540 -0.017985
-0.488048 0.006921 -0.019597
-0.553128 0.140138 -0.047809
-0.467933 -0.043572 -0.058065
-0.479336 -0.037361 -0.091542
-0.505060 0.025415 -0.043270
-0.536710 0.122106 -0.039743
-0.561921 0.162806 -0.021339
-0.516954 0.052135 -0.071495
-0.492167 -0.003970 -0.019522
-0.503443 0.043490 -0.023887
-0.481101 -0.034377 -0.083415
-0.521720 0.068216 -0.092137
-0.483203 -0.024209 0.000118
-0.534267 0.095300 -0.043174
-0.489269 0.007259 -0.061590
-0.560248 0.157602 -0.040855
-0.539460 0.127968 -0.051398
-0.484943 -0.001942 -0.042914
-0.548227 0.147273 -0.078552
-0.545811 0.122727 -0.046271
-0.553047 0.141429 -0.023679
-0.503806 0.041118 -0.076571
-0.506936 0.032096 -0.007652
-0.498178 0.010072 -0.025018
-0.518524 0.057106 -0.051739
-0.515766 0.070206 -0.068871
-0.543240 0.139843 -0.005385
-0.508336 0.035139 -0.012622
-0.477169 -0.044279 -0.091445
-0.464002 -0.061065 -0.077381
-0.499241 0.013011 -0.018598
-0.498707 0.032483 -0.018626
-0.489984 0.011797 -0.015624
-0.518458 0.057039 -0.050273
-0.502439 0.017594 -0.068453
-0.540062 0.132810 0.003877
-0.546442 0.143224 -0.074956
-0.512221 0.040052 -0.083844
-0.537474 0.124686 -0.027528
-0.508509 0.031532 -0.077965
-0.545753 0.143257 -0.047631
-0.510450 0.036180 -0.077915
-0.523153 0.067920 -0.056014
-0.560205 0.159533 -0.007780
-0.461149 -0.059674 -0.040042
-0.467520 -0.042362 -0.022334
-0.539313 0.107569 -0.039960
-0.531397 0.111671 -0.002742
-0.511377 0.049902 0.006935
-0.562135 0.169226 -0.012217
-0.499925 0.015302 -0.007986
-0.468156 -0.061586 -0.022282
-0.516454 0.076396 0.004997
-0.520258 0.060330 -0.066797
-0.554426 0.142187 -0.065016
-0.477075 -0.020020 -0.030772
-0.518853 0.060253 -0.013388
-0.550532 0.153151 -0.072671
-0.559623 0.169949 -0.073898
-0.519490 0.082195 -0.018823
-0.460610 -0.058370 -0.013811
-0.553762 0.161569 -0.061453
-0.485858 -0.021810 -0.064152
-0.515665 0.053045 -0.006586
-0.496747 0.023609 -0.086649
-0.515225 0.061610 -0.092177
-0.523653 0.089648 -0.059559
-0.524643 0.071836 -0.050307
-0.476800 -0.023441 -0.075706
-0.466027 -0.046422 -0.030286
-0.498991 0.029989 -0.070183
-0.555766 0.144999 -0.071415
-0.518856 0.062779 -0.092120
-0.529136 0.106021 -0.006630
-0.460249 -0.058016 0.005985
-0.507315 0.051225 -0.048739
-0.465693 -0.061450 -0.016671
-0.531753 0.091608 -0.005420
-0.527199 0.076886 -0.067595
-0.562223 0.159349 -0.089285
-0.489964 -0.012642 -0.074788
-0.525279 0.097343 0.002272
-0.539430 0.106218 -0.066468
-0.477167 -0.044243 -0.090783
-0.467417 -0.046399 -0.083960
-0.538732 0.128112 -0.020777
-0.478782 -0.039682 -0.079448
-0.555529 0.164967 -0.074936
-0.532271 0.092986 -0.003157
-0.557635 0.171010 -0.030515
-0.476802 -0.041359 -0.029713
-0.555586 0.169080 -0.010272
-0.476901 -0.043687 -0.071436
-0.555632 0.148898 -0.002836
-0.512747 0.062766 -0.072380
-0.487479 -0.019198 -0.084714
-0.480169 -0.015431 -0.076522
-0.473069 -0.053628 -0.083991
-0.495320 0.000458 -0.070167
-0.516766 0.075323 -0.024574
-0.541855 0.135513 -0.021883
-0.507851 0.050731 -0.077611
-0.538195 0.106407 -0.015365
-0.477228 -0.020056 -0.037297
-0.548023 0.138271 0.006460
-0.469267 -0.036476 0.005395
-0.518268 0.058019 -0.026962
-0.505195 0.044817 -0.070455
-0.466667 -0.048448 -0.088098
-0.479492 -0.036695 -0.058518
-0.564664 0.166585 -0.066573
-0.557527 0.150082 -0.057264
-0.502396 0.017639 -0.066066
-0.537638 0.105362 -0.010717
-0.532147 0.092697 -0.003049
-0.499821 0.012866 -0.043524
-0.508491 0.051965 -0.082445
-0.479431 -0.035701 -0.039985
-0.504182 0.022680 -0.053592
-0.472072 -0.055957 -0.083060
-0.529592 0.086633 -0.002217
-0.488378 -0.013396 -0.025374
-0.506049 0.051302 0.001761
-0.539473 0.120231 -0.092493
-0.509840 0.060070 -0.003157
-0.527561 0.098813 -0.062576
-0.525030 0.073251 -0.042324
-0.515182 0.050110 -0.035484
-0.467951 -0.050760 0.007442
-0.535162 0.120985 0.002224
-0.556478 0.146456 -0.075423
-0.501800 0.040221 -0.013144
-0.496682 0.024916 -0.062858
-0.555122 0.147058 -0.012898
-0.533606 0.115506 -0.026308
-0.461326 -0.057697 -0.030731
-0.464838 -0.047184 0.003560
-0.470670 -0.038294 -0.078715
-0.529899 0.082106 -0.087749
-0.517192 0.055331 -0.028799
-0.469924 -0.034974 0.004224
-0.518571 0.081360 0.003339
-0.556219 0.170836 -0.006355
-0.526594 0.073998 -0.091017
-0.559791 0.158342 -0.011071
-0.547509 0.149486 -0.014654
-0.507299 0.030726 -0.044023
-0.486723 0.003601 -0.022038
-0.477326 -0.042283 -0.065095
-0.511213 0.038883 -0.063634
-0.471373 -0.057070 -0.073974
-0.552491 0.156873 -0.088321
-0.467433 -0.046416 -0.084866
-0.556682 0.148303 -0.053338
-0.476121 -0.023068 -0.043200
-0.474371 -0.025913 -0.021429
-0.529317 0.101704 -0.083844
-0.500737 0.017738 0.000059
-0.545685 0.141007 -0.081546
-0.498139 0.031187 -0.017594
-0.546217 0.145107 -0.035605
-0.469523 -0.059926 -0.048436
-0.492513 0.016279 -0.041137
-0.511692 0.062745 -0.031693
-0.506924 0.053453 0.002694
-0.471950 -0.031601 -0.019707
-0.477707 -0.022094 -0.089066
-0.494254 0.002342 0.001917
-0.559550 0.154226 -0.068605
-0.530497 0.083637 -0.086130
-0.543478 0.114444 -0.090190
-0.490012 0.006554 0.007100
-0.535044 0.094293 -0.089751
-0.531148 0.087227 -0.053080
-0.560445 0.156647 -0.064037
-0.520689 0.082705 -0.057147
-0.491994 0.016638 -0.015086
-0.512941 0.067238 -0.007230
-0.483026 -0.025966 -0.021561
-0.504532 0.021476 -0.086763
-0.511874 0.060360 -0.077547
-0.473256 -0.047645 0.005992
-0.486828 0.001492 -0.060387
-0.541765 0.131814 -0.078526
-0.489155 -0.013086 -0.050560
-0.467103 -0.043596 -0.026204
-0.546022 0.123033 -0.049540
-0.547999 0.150594 -0.015716
-0.547806 0.145873 -0.084919
-0.506377 0.048878 -0.050402
-0.485084 0.000927 -0.001778
-0.466440 -0.045108 -0.024988
-0.546725 0.147004 -0.024510
-0.540725 0.130255 -0.063423
-0.471221 -0.049368 -0.091540
-0.504385 0.044155 -0.049709
-0.480259 -0.012255 -0.028383
-0.527122 0.077450 -0.055443
-0.558117 0.150044 -0.080843
-0.484849 -0.021612 -0.021667
-0.529045 0.085077 -0.006243
-0.509739 0.035993 -0.053304
-0.484417 -0.002002 -0.023409
-0.495696 0.020923 -0.089413
-0.501671 0.016894 -0.049989
-0.472532 -0.033712 -0.076649
-0.503204 0.021367 -0.036903
-0.527122 0.097337 -0.069470
-0.541242 0.132194 -0.052011
-0.477982 -0.038597 -0.030722
-0.494319 -0.003130 -0.089567
-0.482032 -0.028444 -0.023176
-0.460843 -0.058222 -0.020507
-0.528701 0.100895 -0.073038
-0.555321 0.143585 -0.077085
-0.529971 0.103073 -0.087038
-0.519183 0.057501 -0.070970
-0.553723 0.162824 -0.039507
-0.474303 -0.031072 0.007300
-0.537792 0.104399 -0.032336
-0.502664 0.017689 -0.075690
-0.552722 0.158513 -0.070679
-0.538120 0.123995 -0.063859
-0.538933 0.124180 -0.092496
-0.465889 -0.049903 -0.081494
-0.492189 0.018156 0.002005
-0.495250 0.003870 -0.011958
-0.532907 0.115496 0.000705
-0.520260 0.064091 -0.005723
-0.537336 0.121649 -0.071508
-0.541089 0.113908 -0.006016
-0.461429 -0.056501 0.007390
-0.524698 0.095429 -0.006216
-0.537597 0.124516 -0.035074
-0.498796 0.033558 -0.004605
-0.463837 -0.061001 -0.078409
-0.479503 -0.013291 -0.015828
-0.492570 0.014189 -0.077318
-0.494226 -0.002278 -0.072087
-0.522424 0.090637 0.004308
-0.496741 0.005511 -0.043299
-0.531145 0.090455 -0.092253
-0.551246 0.138739 0.002628
-0.496768 0.004328 -0.063552
-0.536109 0.109131 -0.092409
-0.488466 -0.013194 -0.025521
-0.501198 0.034092 -0.089334
-0.515550 0.049415 -0.061100
-0.489562 -0.007815 0.007288
-0.495243 0.002453 -0.034737
-0.486707 -0.020590 -0.077336
-0.530280 0.084161 -0.069176
-0.521074 0.068048 -0.092148
-0.510920 0.042213 0.001882
-0.528333 0.078457 -0.086178
-0.480718 -0.032215 -0.033361
-0.543752 0.117083 -0.057952
-0.513216 0.042031 -0.090377
-0.472661 -0.029831 -0.018579
-0.553913 0.164310 -0.022758
-0.501292 0.014123 -0.080299
-0.503539 0.040166 -0.081641
-0.509647 0.037719 -0.021653
-0.557680 0.152053 -0.031176
-0.553872 0.164828 -0.012749
-0.471560 -0.057025 -0.080495
-0.503236 0.025691 -0.091926
-0.537314 0.104328 -0.014896
-0.549255 0.132011 -0.029296
-0.560857 0.157773 -0.061761
-0.564494 0.166534 -0.060804
-0.470141 -0.059347 -0.063071
-0.564028 0.166889 -0.036913
-0.488749 -0.013259 -0.037577
-0.475142 -0.022752 -0.000005
-0.515768 0.068873 -0.090581
-0.468334 -0.061086 -0.021057
-0.516194 0.073841 0.006704
-0.533104 0.091079 -0.066550
-0.508514 0.036232 -0.001761
-0.483364 -0.005175 -0.034060
-0.479828 -0.033433 -0.018552
-0.499207 0.032988 -0.029847
-0.483376 -0.026186 -0.038766
-0.558939 0.153068 -0.063642
-0.517842 0.077262 -0.034899
-0.505293 0.047683 -0.027658
-0.564073 0.168076 -0.019339
-0.466333 -0.061684 -0.010411
-0.499551 0.035027 -0.010106
-0.506899 0.051228 -0.032482
-0.558389 0.170619 -0.044967
-0.536509 0.100613 -0.043996
-0.495592 0.002324 -0.050419
-0.473259 -0.029106 -0.030067
-0.471752 -0.055103 -0.056715
-0.514768 0.051476 0.002786
-0.466652 -0.043578 -0.008384
-0.561657 0.160948 -0.041268
-0.514500 0.046761 -0.063413
-0.474181 -0.029167 -0.066923
-0.548414 0.128463 -0.054283
-0.491016 0.013739 -0.024216
-0.512041 0.044558 -0.003591
-0.465464 -0.061356 -0.017167
-0.552386 0.140523 -0.012729
-0.547253 0.145397 -0.071178
-0.494088 -0.000225 -0.033365
-0.475847 -0.044098 -0.037097
-0.527780 0.082307 -0.002098
-0.509638 0.034724 -0.069979
-0.504280 0.026586 0.006106
-0.466306 -0.061680 -0.011720
-0.477687 -0.039921 -0.040749
-0.502138 0.019042 -0.033232
-0.542507 0.137089 -0.021666
-0.461048 -0.059468 -0.009185
-0.467760 -0.044268 -0.062671
-0.514593 0.070631 -0.016326
-0.564403 0.168164 -0.033740
-0.542534 0.115241 -0.040522
-0.468713 -0.038178 -0.000725
-0.474260 -0.027395 -0.041157
-0.477901 -0.038630 -0.028120
-0.549029 0.151999 -0.032928
-0.538381 0.124802 -0.060911
-0.506034 0.047899 -0.052978
-0.545532 0.120931 -0.064626
-0.526484 0.099741 -0.005615
-0.550493 0.152218 -0.086306
-0.527217 0.076962 -0.067065
-0.481572 -0.010333 -0.048226
-0.546033 0.146700 -0.002549
-0.499307 0.031313 -0.060949
-0.467783 -0.062447 -0.039865
-0.546516 0.148343 0.005376
-0.551298 0.143922 -0.092580
-0.465236 -0.060360 -0.091510
-0.487795 0.003800 -0.060495
-0.482621 -0.006545 -0.027420
-0.504544 0.045480 -0.034342
-0.549028 0.131828 -0.023448
-0.541381 0.120734 -0.092462
-0.510100 0.059889 -0.016222
-0.475942 -0.044298 -0.044063
-0.548745 0.129468 -0.050839
-0.539481 0.106738 -0.060020
-0.486803 -0.020074 -0.072669
-0.502704 0.020643 -0.029210
-0.524987 0.071041 -0.076598
-0.544527 0.127665 -0.092494
-0.546222 0.143669 -0.059160
-0.553378 0.159400 -0.081738
-0.495133 0.019813 -0.085555
-0.544815 0.140739 -0.052097
-0.472491 -0.032196 -0.050406
-0.549687 0.135009 0.002616
-0.490351 -0.007292 -0.091733
-0.524063 0.069365 -0.067891
-0.511739 0.061228 0.006788
-0.554556 0.143176 -0.053998
-0.534113 0.102746 -0.092361
-0.552501 0.135976 -0.091097
-0.521409 0.062755 -0.072133
-0.542982 0.139040 -0.008428
-0.473649 -0.031694 -0.087290
-0.561342 0.162773 0.000659
-0.471685 -0.056556 -0.077751
-0.549643 0.152259 -0.052568
-0.547389 0.150150 0.000810
-0.552409 0.158624 -0.056671
-0.535320 0.118010 -0.052286
-0.555388 0.143274 -0.084756
-0.563036 0.168815 -0.018680
-0.487736 0.007001 -0.006175
-0.481786 -0.028340 -0.011934
-0.502408 0.016887 -0.078779
-0.498368 0.012187 0.001963
-0.511570 0.059551 -0.078882
-0.544284 0.140747 -0.031270
-0.531884 0.091048 -0.019632
-0.536674 0.099737 -0.064639
-0.521779 0.072106 -0.092189
-0.465186 -0.061407 -0.048619
-0.511216 0.058008 -0.090194
-0.491650 0.016767 0.000351
-0.564358 0.164256 -0.092510
-0.556954 0.147324 -0.079827
-0.492642 -0.003690 -0.033443
-0.557241 0.152544 -0.006141
-0.473552 -0.049196 -0.030710
-0.522108 0.065142 -0.060500
-0.468675 -0.038232 -0.000136
-0.509616 0.055332 -0.071452
-0.533845 0.094735 -0.035952
-0.518958 0.077694 -0.071287
-0.475088 -0.048404 -0.077591
-0.508750 0.033910 -0.048694
-0.482411 -0.029776 -0.059562
-0.474727 -0.045481 -0.016020
-0.531221 0.086754 -0.063614
-0.477975 -0.024237 0.007280
-0.542513 0.116023 -0.027012
-0.513290 0.064182 -0.070460
-0.509221 0.054023 -0.077370
-0.547864 0.146696 -0.073824
-0.541749 0.111176 -0.076085
-0.493104 0.018901 -0.021508
-0.518753 0.081650 0.001010
-0.496764 0.006642 -0.025786
-0.532099 0.088004 -0.077433
-0.527410 0.076258 -0.086030
-0.478164 -0.019517 -0.064941
-0.473382 -0.026557 0.006599
-0.476559 -0.023180 -0.062096
-0.523980 0.072968 -0.006099
-0.519760 0.079289 -0.076545
-0.480214 -0.011677 -0.017235
-0.553583 0.143599 -0.009276
-0.466215 -0.047762 0.007367
-0.542565 0.127295 0.006501
-0.475258 -0.025442 -0.048244
-0.475256 -0.024423 -0.031595
-0.543582 0.119651 -0.009588
-0.473095 -0.048344 0.000911
-0.548109 0.129634 -0.023377
-0.560013 0.157406 -0.034913
-0.464293 -0.061240 -0.087539
-0.517269 0.075496 -0.041305
-0.538120 0.101604 -0.090535
-0.480475 -0.011018 -0.016660
-0.555251 0.163430 0.006261
-0.551332 0.135810 -0.048358
-0.497385 0.006744 -0.048296
-0.478693 -0.015166 -0.014797
-0.507249 0.031598 -0.027902
-0.489816 0.007849 -0.073267
-0.530279 0.082974 -0.088434
-0.478513 -0.028165 0.007345
-0.482300 -0.031534 -0.083834
-0.473482 -0.028592 -0.030366
-0.505289 0.049248 -0.002080
-0.542834 0.118075 -0.006110
-0.496829 0.004178 -0.068370
-0.472630 -0.039708 -0.091644
-0.508249 0.054370 -0.033952
-0.499850 0.024212 -0.091973
-0.511780 0.041923 -0.036292
-0.525974 0.076631 -0.024113
-0.537353 0.123124 -0.048197
-0.502622 0.040663 -0.037900
-0.478473 -0.037962 -0.039484
-0.542588 0.117796 -0.001091
-0.492009 0.013844 -0.061081
-0.472264 -0.032294 -0.043167
-0.498457 0.008049 -0.068761
-0.466474 -0.061694 -0.001144
-0.529475 0.082501 -0.064829
-0.543349 0.135474 -0.080652
-0.525616 0.097233 -0.012614
-0.548340 0.127039 -0.074571
-0.485940 -0.010031 0.007246
-0.510485 0.059699 0.006783
-0.543955 0.136551 -0.086687
-0.481244 -0.033073 -0.067767
-0.475918 -0.045728 -0.066375
-0.497479 0.026745 -0.064125
-0.538351 0.105630 -0.034091
-0.546241 0.121697 -0.079750
-0.531045 0.084774 -0.088952
-0.529722 0.081803 -0.085816
-0.538354 0.125795 -0.043715
-0.501084 0.035571 -0.060860
-0.490079 -0.007175 0.007289
-0.468780 -0.038758 -0.012784
-0.548647 0.149641 -0.056372
-0.523298 0.089965 -0.040589
-0.538929 0.106005 -0.050465
-0.552975 0.156744 0.006307
-0.532919 0.112064 -0.055538
-0.494775 0.019709 -0.073339
-0.509267 0.052291 -0.092169
-0.548429 0.148364 -0.068661
-0.485549 -0.020950 -0.038166
-0.516688 0.053156 -0.044554
-0.559839 0.157525 -0.026192
-0.481908 -0.009367 -0.045575
-0.542733 0.134351 -0.074930
-0.508542 0.054799 -0.038341
-0.548938 0.149629 -0.067912
-0.496083 0.002271 -0.070348
-0.522096 0.073382 -0.092200
-0.528230 0.078872 -0.075421
-0.476163 -0.025831 -0.089745
-0.496053 0.004067 -0.039998
-0.524978 0.093204 -0.053275
-0.549356 0.140048 0.006463
-0.467841 -0.062570 -0.058499
-0.474140 -0.051456 -0.090329
-0.557122 0.171302 -0.015910
-0.467772 -0.041659 -0.020732
-0.493573 -0.003317 -0.063574
-0.472791 -0.053228 -0.066660
-0.463300 -0.056668 -0.090774
-0.463038 -0.060587 -0.063204
-0.513429 0.065771 -0.050061
-0.499493 0.014538 -0.003600
-0.474855 -0.028325 -0.079431
-0.471031 -0.056329 -0.048632
-0.501951 0.017801 -0.046139
-0.505727 0.026502 -0.051543
-0.478442 -0.018576 -0.060457
-0.511785 0.043259 -0.014765
-0.523393 0.070218 -0.028002
-0.505463 0.028939 -0.091926
-0.528079 0.080548 -0.042287
-0.534663 0.107082 0.006619
-0.532887 0.113199 -0.035841
-0.476865 -0.041506 -0.034557
-0.489187 0.010473 -0.006148
-0.549196 0.129742 -0.063892
-0.540379 0.109262 -0.053917
-0.556500 0.149836 -0.021311
-0.557759 0.154270 0.001756
-0.499432 0.015025 0.006693
-0.545818 0.142918 -0.055645
-0.543536 0.139953 -0.015127
-0.503442 0.043871 -0.017659
-0.509365 0.059205 0.001249
-0.512891 0.066266 -0.021074
-0.509757 0.057164 -0.047180
-0.495076 0.022871 -0.033656
-0.492692 0.013851 -0.087556
-0.562105 0.162309 -0.036566
-0.463631 -0.054363 -0.066201
-0.469634 -0.047219 0.007428
-0.497632 0.005710 -0.074721
-0.543252 0.116362 -0.050247
-0.541931 0.135570 -0.023942
-0.563037 0.166511 -0.004507
-0.526175 0.076380 -0.036000
-0.493456 -0.004958 -0.085695
-0.470760 -0.040241 -0.091674
-0.480135 -0.027293 0.007365
-0.499192 0.013523 -0.008373
-0.547612 0.149153 -0.024094
-0.466863 -0.045002 -0.039719
-0.499106 0.029456 -0.083328
-0.563322 0.168630 -0.031071
-0.534367 0.096797 -0.022720
-0.499183 0.011759 -0.036693
-0.531895 0.087882 -0.071495
-0.473470 -0.028725 -0.032089
-0.472862 -0.047605 0.007497
-0.533413 0.095261 -0.010602
-0.552317 0.158983 -0.047287
-0.519474 0.061650 -0.014832
-0.499752 0.034762 -0.022226
-0.481224 -0.030074 -0.018254
-0.524420 0.069388 -0.081400
-0.478360 -0.017400 -0.038163
-0.503663 0.028861 0.007068
-0.467421 -0.045107 -0.063103
-0.548055 0.152020 0.005286
-0.519882 0.079524 -0.077472
-0.492541 0.014906 -0.064519
-0.491481 -0.009102 -0.076248
-0.497824 0.008694 -0.033667
-0.491526 -0.005692 -0.022601
-0.496251 0.026016 -0.028200
-0.548623 0.130101 -0.035767
-0.473021 -0.031294 -0.056366
-0.525034 0.073001 -0.046569
-0.493132 0.011686 -0.091937
-0.524532 0.093021 -0.038918
-0.522997 0.070262 -0.011861
-0.483953 -0.002273 -0.009804
-0.505009 0.027903 -0.000848
-0.485779 -0.017973 0.001307
-0.492806 0.016606 -0.047184
-0.546052 0.147042 0.002279
-0.510826 0.062919 0.004825
-0.463925 -0.053923 -0.070467
-0.540866 0.110021 -0.060498
-0.508208 0.033202 -0.039135
-0.538146 0.123372 -0.075005
-0.462490 -0.060506 -0.091251
-0.477183 -0.039058 -0.007150
-0.522724 0.066708 -0.059024
-0.560949 0.158735 -0.049698
-0.520091 0.085155 0.005936
-0.474160 -0.028475 -0.054846
-0.527802 0.079438 -0.049580
-0.528636 0.100713 -0.073477
-0.511431 0.040069 -0.052865
-0.543818 0.137356 -0.068278
-0.484514 -0.021225 -0.002363
-0.491334 0.014607 -0.022456
-0.538811 0.104427 -0.071528
-0.461463 -0.059899 -0.057694
-0.486656 0.004728 -0.001133
-0.493917 0.018461 -0.060254
-0.489892 -0.012883 -0.075919
-0.522273 0.064839 -0.071832
-0.476990 -0.019155 -0.013426
-0.541515 0.110501 -0.077933
-0.521828 0.068130 -0.001080
-0.504996 0.024051 -0.062973
-0.512368 0.064745 -0.025464
-0.531970 0.109780 -0.055759
-0.483517 -0.023882 -0.006779
-0.508077 0.033897 -0.022754
-0.463275 -0.054852 -0.060297
-0.511103 0.037179 -0.087051
-0.461454 -0.059123 -0.058885
-0.493645 -0.003102 -0.091724
-0.485891 -0.019635 -0.030082
-0.532105 0.108366 -0.084016
-0.556907 0.160302 0.006337
-0.469531 -0.037863 -0.027433
-0.531828 0.107682 -0.084331
-0.540385 0.129270 -0.066210
-0.481407 -0.011406 -0.059221
-0.554316 0.145426 -0.008083
-0.547632 0.147521 -0.051396
-0.542321 0.122667 0.006560
-0.501875 0.037959 -0.052818
-0.492756 0.018313 -0.017498
-0.477905 -0.042206 -0.086403
-0.556529 0.166270 -0.092611
-0.511925 0.042627 -0.030485
-0.496750 0.007142 -0.017104
-0.496218 0.004703 -0.036092
-0.544397 0.140951 -0.032393
-0.480234 -0.033683 -0.038410
-0.507148 0.032607 -0.007562
-0.489332 -0.012759 -0.052133
-0.541472 0.135409 -0.008711
-0.533506 0.112014 -0.079194
-0.548966 0.127804 -0.086446
-0.502440 0.019666 -0.034837
-0.549385 0.133332 -0.012896
-0.500087 0.036835 -0.001561
-0.523534 0.090538 -0.040469
-0.491730 -0.006752 -0.047757
-0.492560 0.018560 -0.005896
-0.516884 0.053483 -0.046866
-0.534575 0.117085 -0.038310
-0.542837 0.123564 0.006558
-0.462734 -0.053584 -0.018617
-0.534203 0.116721 -0.029769
-0.529950 0.084619 -0.048885
-0.561613 0.169205 -0.057354
-0.469627 -0.057771 -0.017439
-0.527463 0.077514 -0.067667
-0.545877 0.146561 0.001242
-0.535433 0.119538 -0.031808
-0.513637 0.064887 -0.072526
-0.519195 0.077435 -0.084702
-0.494787 -0.001631 -0.083395
-0.486017 -0.000288 -0.057795
-0.547944 0.148484 -0.047877
-0.478860 -0.013477 0.006148
-0.520189 0.063313 -0.015614
-0.555140 0.144903 -0.048639
-0.523475 0.071683 -0.007340
-0.463620 -0.053742 -0.055669
-0.551073 0.159284 0.005978
-0.476212 -0.022272 -0.033804
-0.540055 0.130191 -0.038423
-0.480000 -0.034736 -0.046434
-0.513710 0.065343 -0.067950
-0.464126 -0.061036 -0.062217
-0.545280 0.121791 -0.040860
-0.555643 0.144405 -0.076274
-0.492802 0.017423 -0.033791
-0.563211 0.162842 -0.070910
-0.555365 0.165106 -0.066278
-0.560783 0.168305 0.006305
-0.494643 -0.001610 -0.077438
-0.551062 0.156411 -0.040286
-0.544473 0.140552 -0.041796
-0.480445 -0.010141 -0.001256
-0.505164 0.023590 -0.076973
-0.546969 0.136861 -0.092571
-0.469266 -0.058888 -0.021567
-0.496638 0.025018 -0.059473
-0.512559 0.041029 -0.081092
-0.525985 0.098914 0.000364
-0.477274 -0.040149 -0.028401
-0.500050 0.033108 -0.060665
-0.501103 0.019000 0.006341
-0.498043 0.008050 -0.052648
-0.534829 0.116602 -0.056055
-0.467993 -0.039809 0.000764
-0.493411 -0.002389 -0.042206
-0.475797 -0.026780 -0.090967
-0.465209 -0.049945 -0.055722
-0.541003 0.110814 -0.052964
-0.477198 -0.042717 -0.067189
-0.545145 0.143381 -0.021984
-0.523197 0.068119 -0.054481
-0.469647 -0.038161 -0.036785
-0.500687 0.012127 -0.089205
-0.554483 0.142385 -0.064013
-0.558102 0.152950 -0.033015
-0.558576 0.152080 -0.065580
-0.493414 0.020736 -0.003717
-0.479012 -0.039848 -0.091126
-0.525595 0.094734 -0.052393
-0.469937 -0.035691 0.007276
-0.548671 0.130420 -0.032457
-0.518769 0.061246 0.006014
-0.502429 0.020262 -0.024706
-0.545776 0.122341 -0.051226
-0.468726 -0.042491 -0.071361
-0.555773 0.166441 -0.060446
-0.543932 0.132051 0.006464
-0.500707 0.037416 -0.016227
-0.534074 0.095978 -0.024662
-0.563473 0.163122 -0.076563
-0.481398 -0.009742 -0.031830
-0.479127 -0.035762 -0.091568
-0.515768 0.048885 -0.078210
-0.545007 0.118481 -0.084030
-0.535698 0.121907 -0.003635
-0.506879 0.046074 0.006898
-0.476357 -0.041465 -0.014152
-0.516096 0.051923 -0.041574
-0.504453 0.044100 -0.053221
-0.467302 -0.062172 -0.026052
-0.533023 0.092616 -0.038405
-0.531770 0.090446 -0.024980
-0.495540 0.000243 -0.082207
-0.524753 0.074531 -0.010760
-0.511279 0.059893 -0.062007
-0.501031 0.014111 -0.070321
-0.495710 0.001803 -0.063477
-0.523547 0.068215 -0.066539
-0.499725 0.011860 -0.056125
-0.559405 0.170311 -0.022990
-0.499738 0.034420 -0.027223
-0.555884 0.170285 -0.002279
-0.512650 0.061460 0.006803
-0.497765 0.008101 -0.041023
-0.484522 -0.005190 -0.079344
-0.466604 -0.044747 -0.025489
-0.510331 0.042583 -0.092015
-0.514973 0.070817 -0.028073
-0.491112 0.015263 -0.003150
-0.541019 0.132320 -0.041292
-0.466772 -0.061800 0.002354
-0.483274 -0.003925 0.007109
-0.527047 0.075345 -0.086727
-0.521906 0.063501 -0.079338
-0.507544 0.054447 -0.005295
-0.506880 0.031792 -0.010410
-0.486637 -0.019457 -0.056206
-0.484081 -0.027584 -0.088884
-0.523109 0.088157 -0.062619
-0.490844 0.010563 -0.069138
-0.469905 -0.035922 -0.010401
-0.482479 -0.026527 -0.009409
-0.513792 0.065740 -0.064673
-0.517396 0.073321 -0.081624
-0.508440 0.035824 -0.005528
-0.521033 0.065682 -0.009924
-0.541348 0.113525 -0.092364
-0.463307 -0.055528 -0.072528
-0.469638 -0.061334 -0.075795
-0.552886 0.140101 -0.039023
-0.508429 0.046093 -0.092101
-0.511884 0.043877 -0.008550
-0.472487 -0.053227 -0.054831
-0.491962 0.014105 -0.055035
-0.557359 0.150141 -0.049792
-0.472199 -0.051436 -0.014513
-0.514180 0.067061 -0.058312
-0.516412 0.070343 0.006756
-0.529876 0.087858 0.006627
-0.550660 0.155059 -0.046604
-0.525750 0.075648 -0.031401
-0.482663 -0.005637 -0.014288
-0.498045 0.031274 -0.012514
-0.526478 0.074831 -0.072970
-0.537218 0.101953 -0.092288
-0.539868 0.130757 -0.021932
-0.544857 0.118222 -0.082403
-0.545468 0.120100 -0.075644
-0.536341 0.110797 -0.092427
-0.475449 -0.046603 -0.062356
-0.557809 0.150345 -0.063951
-0.552753 0.158675 -0.069225
-0.556479 0.169673 -0.035365
-0.546305 0.145449 -0.033455
-0.470664 -0.059679 -0.088787
-0.467382 -0.044220 -0.047170
-0.500228 0.037440 0.002793
-0.531987 0.088436 -0.066057
-0.523478 0.091514 -0.022430
-0.520039 0.061394 -0.040972
-0.489596 -0.012567 -0.059295
-0.560219 0.169838 -0.047943
-0.533993 0.095900 -0.022758
-0.472510 -0.030249 -0.019535
-0.559051 0.151870 -0.087469
-0.521426 0.065362 -0.092104
-0.493345 0.018296 -0.040674
-0.477130 -0.017565 0.006965
-0.522366 0.064307 -0.084111
-0.545179 0.122063 -0.032499
-0.527435 0.081376 -0.003815
-0.497410 0.027459 -0.049832
-0.519115 0.078435 -0.065340
-0.477536 -0.021121 -0.066581
-0.473318 -0.027534 -0.006808
-0.516468 0.054433 -0.015261
-0.537106 0.124625 -0.014198
-0.518653 0.058781 -0.029534
-0.529184 0.105142 -0.022822
-0.497009 0.024416 -0.083724
-0.487248 0.003553 -0.043237
-0.535070 0.099696 -0.002932
-0.492277 0.013726 -0.073448
-0.486647 0.001932 -0.046203
-0.511632 0.057332 0.006839
-0.496225 0.024590 -0.050369
-0.490058 -0.008680 -0.014042
-0.541629 0.111210 -0.070851
-0.515290 0.073300 -0.000058
-0.543488 0.115333 -0.076131
-0.467537 -0.046543 -0.090957
-0.484410 -0.004517 -0.064010
-0.514271 0.045742 -0.071097
-0.500904 0.038828 -0.000914
-0.522979 0.070005 -0.015335
-0.532565 0.103251 -0.092399
-0.550518 0.134937 -0.030869
-0.557419 0.169476 -0.075131
-0.505110 0.026547 -0.026819
-0.551749 0.156576 -0.064297
-0.524643 0.093778 -0.030935
-0.467254 -0.041593 0.000500
-0.491842 -0.004082 -0.091747
-0.472514 -0.052589 -0.045519
-0.558268 0.152307 -0.049901
-0.470677 -0.037007 -0.058078
-0.509989 0.039607 -0.004282
-0.479513 -0.013292 -0.016212
-0.502285 0.019435 -0.032570
-0.525493 0.077356 0.006362
-0.531848 0.088290 -0.063032
-0.542179 0.133053 -0.074490
-0.550614 0.135194 -0.092475
-0.488451 -0.006865 -0.091777
-0.524522 0.072782 -0.030212
-0.524759 0.069815 -0.087655
-0.537127 0.103675 -0.018247
-0.488541 0.007188 -0.034423
-0.532031 0.113706 0.005701
-0.494142 -0.000236 -0.035634
