ply
format ascii 1.0
element vertex 5000
property float x
property float y
property float z
end_header
-0.505660 0.122423 -0.059390
-0.627375 0.160075 -0.049489
-0.668069 0.104163 -0.057973
-0.557557 -0.054973 -0.057538
-0.518170 -0.018963 -0.062495
-0.432936 -0.038377 -0.063667
-0.610633 0.169150 -0.057429
-0.565915 0.151655 -0.058210
-0.577470 0.184497 -0.057365
-0.435621 -0.006074 -0.062910
-0.662546 -0.019132 -0.061262
-0.405887 0.131820 -0.056105
-0.482642 0.041979 -0.061415
-0.676056 0.045333 -0.054887
-0.679513 0.014344 -0.060356
-0.463163 0.162664 -0.050838
-0.428990 0.085539 -0.060885
-0.521821 0.129401 -0.059093
-0.424519 0.140804 -0.051666
-0.445151 0.038361 -0.053816
-0.517408 -0.060383 -0.061074
-0.676587 -0.002249 -0.052756
-0.546679 0.176543 -0.057809
-0.493716 0.169303 -0.058428
-0.574908 0.095654 -0.059405
-0.485323 -0.007070 -0.054504
-0.431605 0.070975 -0.061194
-0.416481 0.144865 -0.059645
-0.547139 0.078016 -0.060044
-0.653925 0.016084 -0.060536
-0.557065 0.107798 -0.059282
-0.473218 -0.045793 -0.055488
-0.546149 0.113042 -0.051254
-0.518221 0.172764 -0.058139
-0.430837 -0.018748 -0.055237
-0.586177 0.019223 -0.053043
-0.592035 0.022620 -0.052915
-0.509494 0.060041 -0.060775
-0.581807 0.035332 -0.060716
-0.488112 -0.000562 -0.054333
-0.530263 0.168325 -0.058137
-0.429056 0.084273 -0.052911
-0.571094 0.188532 -0.057327
-0.601095 -0.006985 -0.053510
-0.467538 0.019669 -0.054049
-0.451881 -0.048449 -0.063733
-0.484720 0.166087 -0.050575
-0.625444 0.103187 -0.058801
-0.626828 0.144727 -0.049843
-0.490672 -0.056229 -0.063578
-0.507110 0.077427 -0.060400
-0.589382 0.155127 -0.049927
-0.490915 0.051296 -0.061133
-0.599905 0.202161 -0.056452
-0.573578 -0.049441 -0.054711
-0.629940 0.022218 -0.052599
-0.464111 -0.061169 -0.055915
-0.545737 -0.018924 -0.062258
-0.529970 0.107477 -0.051519
-0.557848 0.196325 -0.052345
-0.578558 -0.029647 -0.054218
-0.504190 0.153904 -0.050685
-0.607942 0.168633 -0.049461
-0.471189 0.170728 -0.058588
-0.512459 0.009560 -0.053894
-0.562223 0.165635 -0.057924
-0.538420 0.185816 -0.049667
-0.480867 -0.025378 -0.062961
-0.415304 0.119227 -0.052235
-0.488305 0.113100 -0.051748
-0.544556 0.094102 -0.059700
-0.436103 -0.059743 -0.064125
-0.553296 -0.032137 -0.054491
-0.537160 0.018213 -0.061488
-0.588647 -0.016892 -0.053842
-0.433045 0.004151 -0.054697
-0.491408 0.171197 -0.058404
-0.534387 0.035879 -0.061110
-0.429192 0.124549 -0.059997
-0.479070 -0.008727 -0.054596
-0.608083 0.163367 -0.057582
-0.458985 -0.048885 -0.055680
-0.474167 0.048453 -0.053338
-0.428413 0.009777 -0.062612
-0.553423 0.045196 -0.052733
-0.642915 0.122888 -0.058203
-0.548135 0.084713 -0.059883
-0.541648 0.048663 -0.060758
-0.549568 0.116922 -0.051137
-0.531407 0.113693 -0.059368
-0.521425 0.025865 -0.061449
-0.440646 -0.057020 -0.064024
-0.519600 -0.060177 -0.056768
-0.429601 -0.001206 -0.062851
-0.544115 0.067637 -0.060305
-0.442107 0.114528 -0.060114
-0.650637 0.071879 -0.051294
-0.536336 -0.053437 -0.063123
-0.436053 0.075765 -0.061047
-0.466558 0.009006 -0.062302
-0.462590 0.070481 -0.052937
-0.476586 0.161218 -0.050756
-0.404351 0.157991 -0.059450
-0.538062 -0.011229 -0.062149
-0.651119 0.018584 -0.052501
-0.655922 0.028353 -0.060240
-0.554690 -0.017506 -0.054147
-0.527932 0.069803 -0.060395
-0.663074 0.140497 -0.054583
-0.577968 0.164917 -0.057805
-0.654485 0.096210 -0.058710
-0.566180 -0.053705 -0.061708
-0.606712 0.136973 -0.058194
-0.434516 -0.071803 -0.056756
-0.536467 0.107788 -0.059459
-0.444072 0.027816 -0.054065
-0.589491 -0.018410 -0.061872
-0.676380 0.014552 -0.052376
-0.537827 0.037917 -0.061035
-0.530546 0.107962 -0.051503
-0.514684 0.028260 -0.053450
-0.548088 -0.019829 -0.054256
-0.483548 0.090788 -0.060299
-0.568535 0.115033 -0.059019
-0.630443 0.201818 -0.048515
-0.518488 0.186688 -0.049818
-0.613053 -0.037580 -0.062105
-0.630922 0.035986 -0.052278
-0.489461 0.176177 -0.050305
-0.647733 0.002756 -0.052889
-0.491030 0.136058 -0.059206
-0.499395 0.141218 -0.059017
-0.649761 -0.025152 -0.061508
-0.618247 0.185812 -0.056985
-0.531731 0.176434 -0.049937
-0.610420 0.000174 -0.053268
-0.443582 0.111455 -0.060171
-0.675285 0.049992 -0.059582
-0.480421 0.099126 -0.060136
-0.478224 0.090705 -0.052344
-0.482686 0.185914 -0.058145
-0.629961 0.018681 -0.060682
-0.480864 -0.017571 -0.062783
-0.564376 0.130588 -0.050699
-0.650167 -0.025007 -0.053499
-0.615118 -0.039214 -0.062125
-0.670539 0.086010 -0.057530
-0.494759 0.007093 -0.062104
-0.532521 -0.044028 -0.054939
-0.471900 -0.063578 -0.063906
-0.425421 -0.011073 -0.059947
-0.435444 -0.037558 -0.055624
-0.545230 0.193363 -0.049437
-0.660520 0.124028 -0.058027
-0.607925 0.087141 -0.051313
-0.583720 0.072722 -0.059850
-0.639653 -0.020816 -0.061496
-0.568202 0.169123 -0.049791
-0.521553 0.051358 -0.060869
-0.498108 0.188236 -0.055775
-0.428801 0.085522 -0.052885
-0.501024 0.084128 -0.052298
-0.619988 -0.003291 -0.053264
-0.534688 -0.023730 -0.062462
-0.559454 0.017959 -0.061303
-0.474794 0.084502 -0.052514
-0.522987 0.176025 -0.050022
-0.516814 0.018417 -0.061658
-0.492812 0.059558 -0.060929
-0.429969 0.067606 -0.053282
-0.459842 0.090774 -0.052500
-0.446868 0.056706 -0.061387
-0.449918 -0.011094 -0.054899
-0.652932 -0.007463 -0.053077
-0.486487 -0.043233 -0.063318
-0.559747 -0.007190 -0.061872
-0.664766 0.112493 -0.058252
-0.516738 0.074888 -0.060375
-0.544558 0.027761 -0.061208
-0.559552 0.152095 -0.058254
-0.458985 0.084402 -0.060654
-0.601192 0.126712 -0.050472
-0.565271 0.104054 -0.051294
-0.611282 0.124641 -0.058435
-0.635476 0.030087 -0.060376
-0.629950 0.154516 -0.049594
-0.498724 0.066598 -0.052716
-0.458689 0.015241 -0.062228
-0.556872 0.076320 -0.059999
-0.578127 0.112873 -0.058986
-0.623882 0.147388 -0.049808
-0.514855 0.066206 -0.052586
-0.584372 -0.018324 -0.053911
-0.667980 0.103545 -0.050426
-0.503799 0.011261 -0.061932
-0.542237 0.129538 -0.058915
-0.413345 0.077102 -0.055680
-0.470611 0.105895 -0.060066
-0.590313 0.034030 -0.060673
-0.581322 0.059860 -0.060163
-0.610487 0.004424 -0.053170
-0.647518 0.124835 -0.050117
-0.495352 0.123873 -0.059446
-0.518611 0.139861 -0.050881
-0.601223 0.083512 -0.059455
-0.532879 0.116616 -0.059289
-0.679612 -0.034779 -0.061471
-0.647989 0.034019 -0.052177
-0.581467 -0.022448 -0.054030
-0.571168 0.072784 -0.059957
-0.649792 0.054594 -0.051694
-0.514973 0.058184 -0.052768
-0.488917 0.139952 -0.051133
-0.581909 0.139823 -0.058341
-0.569631 0.089491 -0.051588
-0.442044 0.038367 -0.053843
-0.566105 -0.035058 -0.062450
-0.466524 0.103421 -0.052155
-0.552045 0.059061 -0.060432
-0.436962 0.067775 -0.061221
-0.517439 0.069563 -0.060490
-0.613043 0.018933 -0.052819
-0.535321 0.184474 -0.049724
-0.581610 0.044823 -0.052500
-0.659809 -0.026222 -0.061446
-0.546596 0.091877 -0.059733
-0.442953 0.075966 -0.052981
-0.450955 0.168378 -0.050813
-0.655934 0.190062 -0.056566
-0.543347 0.058468 -0.052518
-0.478733 0.139622 -0.059230
-0.502516 0.029547 -0.053525
-0.563448 -0.036310 -0.054499
-0.474020 -0.020518 -0.062909
-0.484518 0.116934 -0.051694
-0.617577 0.165086 -0.057462
-0.551631 0.147403 -0.050426
-0.469431 -0.002328 -0.062535
-0.443963 -0.069747 -0.056283
-0.534235 0.074711 -0.060229
-0.481781 0.135652 -0.051292
-0.555308 0.047347 -0.060670
-0.461229 -0.031848 -0.063276
-0.441858 0.006590 -0.054566
-0.501110 -0.010658 -0.062453
-0.567948 0.155406 -0.058107
-0.635698 0.172799 -0.057131
-0.513782 0.034518 -0.061318
-0.557830 0.097143 -0.051515
-0.544772 -0.014389 -0.062163
-0.431702 0.014563 -0.054472
-0.422119 0.096004 -0.052704
-0.543242 0.050981 -0.060691
-0.471388 -0.046610 -0.063524
-0.556541 0.039103 -0.052845
-0.500373 -0.026052 -0.054807
-0.456487 0.086631 -0.060625
-0.675239 0.011851 -0.052447
-0.514946 0.119090 -0.059386
-0.470551 0.040554 -0.061551
-0.501151 0.063336 -0.060771
-0.450759 0.136415 -0.051541
-0.597248 -0.022518 -0.061898
-0.629015 0.077802 -0.051345
-0.500239 0.082950 -0.052331
-0.564278 0.035031 -0.052871
-0.609575 0.060293 -0.059911
-0.533539 0.153134 -0.050451
-0.460643 -0.028601 -0.055205
-0.402156 0.158787 -0.051520
-0.555539 0.146381 -0.058418
-0.482956 -0.014168 -0.062688
-0.545275 0.106605 -0.051408
-0.609653 0.124294 -0.058457
-0.508411 -0.009986 -0.062375
-0.633003 -0.030752 -0.061779
-0.653233 -0.016701 -0.061286
-0.661115 -0.031755 -0.053559
-0.409463 0.140898 -0.059795
-0.489283 0.035208 -0.061512
-0.440682 -0.004124 -0.054820
-0.552156 0.128270 -0.058859
-0.634642 -0.008276 -0.061254
-0.527991 0.017915 -0.053571
-0.491492 0.014293 -0.061968
-0.607767 0.042226 -0.060337
-0.548941 0.194210 -0.049386
-0.542418 -0.018675 -0.062281
-0.529591 0.146343 -0.058642
-0.492306 0.129722 -0.051337
-0.473157 0.081195 -0.052603
-0.552132 0.106429 -0.051353
-0.432716 -0.060214 -0.056163
-0.525965 0.001274 -0.053966
-0.540411 0.009937 -0.053646
-0.460244 0.130832 -0.059588
-0.576362 0.112708 -0.051003
-0.462848 0.039742 -0.061636
-0.532224 0.136257 -0.058848
-0.510488 -0.054429 -0.063367
-0.560937 0.029923 -0.061018
-0.662182 0.136669 -0.057725
-0.663269 0.138896 -0.052598
-0.539742 0.081044 -0.060038
-0.498879 0.185680 -0.058011
-0.665160 -0.027150 -0.061422
-0.665860 0.062598 -0.059377
-0.429301 0.119949 -0.060101
-0.566672 0.049097 -0.060533
-0.451656 -0.005610 -0.054760
-0.613260 0.045128 -0.052222
-0.543477 0.064625 -0.052377
-0.568658 0.135115 -0.058562
-0.655154 -0.033274 -0.053644
-0.613006 0.094439 -0.059106
-0.585339 0.139906 -0.050308
-0.465375 0.149903 -0.059111
-0.662739 0.034037 -0.052050
-0.452663 0.156604 -0.051065
-0.465715 0.081058 -0.060672
-0.652777 0.060166 -0.059544
-0.548154 -0.024848 -0.054370
-0.497034 0.045733 -0.061207
-0.649740 0.206908 -0.048234
-0.529488 0.168895 -0.058130
-0.416554 0.065579 -0.053443
-0.466408 0.126446 -0.051633
-0.624702 0.119969 -0.058426
-0.458390 0.107678 -0.052128
-0.598901 0.004997 -0.053257
-0.489613 0.101362 -0.060006
-0.595113 0.076658 -0.051661
-0.437226 0.029887 -0.054077
-0.562352 -0.054236 -0.061374
-0.520939 0.121709 -0.051273
-0.420043 0.064865 -0.061432
-0.493446 0.022552 -0.061764
-0.558460 0.193339 -0.057327
-0.638209 0.037624 -0.052179
-0.667872 0.084590 -0.058860
-0.429686 -0.042212 -0.061493
-0.578126 0.118566 -0.058857
-0.671584 0.047374 -0.059673
-0.599174 0.046942 -0.060304
-0.473121 0.129357 -0.059512
-0.575576 0.110974 -0.051049
-0.559681 0.144839 -0.050416
-0.658956 0.158453 -0.057258
-0.637713 -0.016211 -0.053406
-0.508021 -0.045816 -0.063192
-0.537787 0.040267 -0.060982
-0.628909 0.041510 -0.052170
-0.532325 0.094994 -0.059785
-0.634086 0.072840 -0.059416
-0.637673 0.051936 -0.051858
-0.413077 0.152207 -0.051505
-0.484896 0.145698 -0.059039
-0.476586 0.028324 -0.061777
-0.437268 0.140779 -0.051557
-0.477518 0.153979 -0.050912
-0.576036 0.006090 -0.061430
-0.518567 0.164304 -0.058328
-0.664908 -0.025916 -0.053393
-0.612528 0.175722 -0.049261
-0.617784 0.123035 -0.050413
-0.522300 -0.059805 -0.056881
-0.571240 0.052978 -0.060406
-0.646051 0.183227 -0.048803
-0.579660 0.003748 -0.061452
-0.571100 0.073754 -0.051933
-0.550078 -0.016692 -0.054168
-0.499390 -0.008702 -0.054421
-0.477458 0.165928 -0.050641
-0.671649 0.071094 -0.059134
-0.609095 0.094596 -0.059136
-0.474524 0.137770 -0.059308
-0.553659 0.089073 -0.051734
-0.544904 0.020470 -0.053368
-0.425996 0.071737 -0.053222
-0.617002 0.010089 -0.052986
-0.662774 0.142571 -0.053149
-0.639082 0.027785 -0.052395
-0.412122 0.100615 -0.060687
-0.505578 0.139513 -0.051000
-0.548699 0.032750 -0.061059
-0.439003 0.128934 -0.059814
-0.579162 -0.022179 -0.054043
-0.419459 0.041773 -0.053959
-0.456661 0.019713 -0.062144
-0.617407 0.142139 -0.057985
-0.474727 -0.028098 -0.063075
-0.612382 0.040075 -0.060347
-0.621069 0.109058 -0.058705
-0.560358 0.012963 -0.061408
-0.493666 -0.039920 -0.063181
-0.529938 0.116221 -0.051321
-0.424072 0.163054 -0.059166
-0.636927 0.053356 -0.051832
-0.468963 0.088111 -0.052482
-0.553713 0.014464 -0.053429
-0.641586 0.074140 -0.051320
-0.534122 0.042199 -0.060969
-0.622436 0.028965 -0.052510
-0.419705 0.030402 -0.054881
-0.488981 0.001433 -0.054280
-0.620507 -0.028944 -0.061845
-0.636941 0.069554 -0.051464
-0.577596 0.022088 -0.061053
-0.613424 0.195454 -0.048805
-0.601043 0.155172 -0.057829
-0.448616 0.043743 -0.061667
-0.585872 0.117050 -0.058825
-0.474504 -0.036806 -0.063275
-0.477333 0.144508 -0.059131
-0.536015 -0.029525 -0.062582
-0.463666 0.116806 -0.059878
-0.459832 0.060300 -0.061194
-0.461979 0.000389 -0.062537
-0.522296 0.107785 -0.059580
-0.420167 0.116761 -0.052249
-0.441258 0.009368 -0.054508
-0.614982 0.081187 -0.051388
-0.569588 0.031363 -0.060911
-0.618734 0.099173 -0.050947
-0.578150 0.166569 -0.057766
-0.555891 0.107533 -0.059298
-0.474460 0.129902 -0.059488
-0.507855 0.175228 -0.058172
-0.547085 0.097918 -0.051590
-0.479048 0.150909 -0.058971
-0.555453 0.051658 -0.052569
-0.658082 0.034638 -0.060078
-0.642159 0.045749 -0.059963
-0.489392 0.177393 -0.058281
-0.433319 0.154274 -0.059287
-0.541022 -0.051527 -0.055037
-0.448172 0.070725 -0.053055
-0.683240 -0.021823 -0.053143
-0.631496 0.203901 -0.048458
-0.599987 0.083488 -0.059466
-0.660067 0.154386 -0.057341
-0.592868 0.078062 -0.051648
-0.547910 -0.017335 -0.062203
-0.612440 0.166928 -0.057464
-0.547931 0.123754 -0.058998
-0.480910 0.034469 -0.061601
-0.600956 -0.043395 -0.054339
-0.464397 -0.059927 -0.055885
-0.510977 0.092826 -0.052015
-0.672395 0.001056 -0.052716
-0.586731 0.139197 -0.058314
-0.584957 -0.016856 -0.061875
-0.563026 0.146432 -0.058353
-0.470377 0.114197 -0.051877
-0.603956 0.061173 -0.059939
-0.482171 0.130963 -0.059398
-0.477344 -0.033157 -0.063168
-0.598310 0.011308 -0.053118
-0.492958 0.140394 -0.051088
-0.536159 0.066762 -0.060394
-0.520918 -0.015733 -0.062398
-0.539081 0.193717 -0.050309
-0.508691 0.168395 -0.050317
-0.607377 0.177193 -0.057274
-0.546422 0.048529 -0.060720
-0.676878 0.024271 -0.060153
-0.640047 0.041100 -0.052084
-0.665619 -0.013320 -0.053101
-0.651274 -0.024804 -0.053485
-0.470065 0.078468 -0.060694
-0.504450 0.141808 -0.050958
-0.478730 0.153602 -0.050910
-0.556332 0.158421 -0.058138
-0.632291 0.026710 -0.052477
-0.558465 0.162609 -0.050022
-0.520370 0.015139 -0.061702
-0.484196 -0.043123 -0.063335
-0.494595 0.071479 -0.052640
-0.562648 0.118757 -0.050983
-0.507814 0.182075 -0.050014
-0.614871 -0.019135 -0.053668
-0.613746 0.102741 -0.058911
-0.544569 -0.013518 -0.054143
-0.504226 0.065990 -0.052682
-0.536397 0.156251 -0.058358
-0.582640 0.191149 -0.057169
-0.426438 0.161233 -0.059187
-0.596665 0.002095 -0.053342
-0.594156 0.193037 -0.057027
-0.539685 0.181474 -0.057757
-0.440719 -0.002733 -0.054788
-0.443711 -0.056531 -0.055985
-0.634461 0.108557 -0.058601
-0.615279 0.094193 -0.059092
-0.583323 0.187860 -0.057238
-0.653632 -0.040935 -0.053831
-0.547978 0.139363 -0.058643
-0.423679 0.048906 -0.061763
-0.619428 -0.033283 -0.053951
-0.491650 0.072744 -0.060639
-0.446901 0.142217 -0.051442
-0.631037 -0.012459 -0.061380
-0.460603 0.059942 -0.061196
-0.519987 0.167625 -0.050238
-0.410074 0.101430 -0.059651
-0.484705 -0.059907 -0.055710
-0.486653 0.161956 -0.050653
-0.435106 0.010972 -0.062527
-0.476342 -0.043784 -0.063418
-0.580515 0.035409 -0.060726
-0.593105 0.095086 -0.059262
-0.605735 -0.044127 -0.054314
-0.589294 -0.019546 -0.061899
-0.570525 0.169086 -0.057774
-0.531167 0.102487 -0.051622
-0.480021 0.011727 -0.062125
-0.553037 -0.041599 -0.054708
-0.530284 -0.014692 -0.062294
-0.409227 0.121421 -0.052237
-0.601752 0.082395 -0.051474
-0.537880 -0.028549 -0.054542
-0.589566 0.035752 -0.060640
-0.544152 0.153733 -0.050347
-0.423883 0.000068 -0.058379
-0.482953 -0.061685 -0.055765
-0.486839 0.159516 -0.058709
-0.571018 0.148642 -0.058234
-0.559639 0.001589 -0.053671
-0.560938 0.105513 -0.059301
-0.433649 -0.065926 -0.056284
-0.530775 0.065476 -0.060469
-0.466461 -0.034775 -0.063298
-0.466439 -0.007572 -0.062680
-0.480275 0.136046 -0.051296
-0.405774 0.171912 -0.051120
-0.598498 0.106464 -0.050955
-0.430725 0.143533 -0.051550
-0.594099 0.008135 -0.053227
-0.649047 0.171431 -0.049046
-0.541252 0.014844 -0.061529
-0.471059 0.016115 -0.062102
-0.429910 -0.001876 -0.054861
-0.420835 0.117797 -0.052220
-0.672182 0.015036 -0.060403
-0.507751 0.119190 -0.059446
-0.667104 0.046032 -0.051740
-0.526543 0.146741 -0.050656
-0.571217 0.090738 -0.059548
-0.637324 0.009328 -0.060831
-0.597091 0.019852 -0.060937
-0.572902 0.016563 -0.053217
-0.642051 -0.032167 -0.053731
-0.514891 -0.019985 -0.054544
-0.515551 0.184536 -0.049892
-0.472264 0.157337 -0.058883
-0.592792 0.148864 -0.050040
-0.557002 0.058623 -0.060400
-0.507748 0.104228 -0.051783
-0.640432 0.173367 -0.057078
-0.641173 0.134541 -0.057954
-0.658148 0.016365 -0.060493
-0.504968 -0.039303 -0.063071
-0.513929 0.186469 -0.049862
-0.653477 0.065096 -0.051424
-0.572739 0.065621 -0.052104
-0.526126 0.142442 -0.050758
-0.457934 0.150122 -0.059170
-0.492185 0.125558 -0.051432
-0.469390 0.095205 -0.060319
-0.647052 -0.042794 -0.055246
-0.562196 0.026056 -0.053093
-0.610668 -0.019999 -0.053724
-0.550988 0.183699 -0.049607
-0.547609 0.006742 -0.053657
-0.538859 0.134153 -0.050837
-0.653289 0.055477 -0.051644
-0.473844 0.062009 -0.061036
-0.539930 0.019934 -0.053423
-0.507280 0.075007 -0.052451
-0.482736 0.159297 -0.058749
-0.551896 0.138046 -0.058639
-0.583210 0.068879 -0.059942
-0.440551 0.167727 -0.050917
-0.637395 0.050375 -0.059898
-0.558380 0.103340 -0.059372
-0.478563 0.106226 -0.059990
-0.663532 0.060355 -0.059447
-0.526771 0.188943 -0.049696
-0.616488 0.150544 -0.049799
-0.490072 0.022484 -0.053792
-0.596558 -0.045243 -0.062421
-0.409509 0.114311 -0.052396
-0.478393 0.056809 -0.061115
-0.524909 -0.004738 -0.054112
-0.538711 0.084958 -0.059958
-0.575454 -0.049213 -0.054689
-0.564788 0.084960 -0.059735
-0.413645 0.090984 -0.052891
-0.485201 -0.029778 -0.063024
-0.578303 0.192127 -0.049182
-0.400465 0.171541 -0.055654
-0.467906 0.158649 -0.058891
-0.635325 0.098274 -0.058828
-0.561643 0.124283 -0.058868
-0.612176 0.024759 -0.060696
-0.640054 0.014510 -0.060690
-0.680763 -0.005374 -0.052791
-0.645541 0.074726 -0.059275
-0.400067 0.174097 -0.051446
-0.567504 0.085827 -0.051689
-0.466326 -0.041873 -0.055458
-0.634782 -0.038782 -0.053944
-0.597877 0.157903 -0.049792
-0.423472 0.111163 -0.052348
-0.502886 0.134712 -0.059135
-0.468000 0.109242 -0.052010
-0.601267 0.152739 -0.057882
-0.556300 0.195714 -0.049289
-0.603015 0.165719 -0.049570
-0.545868 0.080682 -0.059994
-0.663822 0.107946 -0.058364
-0.482461 0.012636 -0.054081
-0.626274 0.156455 -0.049581
-0.478877 0.178568 -0.058344
-0.456450 0.138260 -0.059452
-0.614480 0.101424 -0.050932
-0.538589 0.104590 -0.059513
-0.490735 0.084411 -0.052379
-0.440911 0.055781 -0.061459
-0.590981 0.164128 -0.057712
-0.561509 0.070894 -0.052080
-0.598287 0.011716 -0.061112
-0.494723 -0.063454 -0.062398
-0.563246 0.129015 -0.050745
-0.643131 0.014018 -0.052673
-0.637220 0.198013 -0.056545
-0.634761 -0.023635 -0.053600
-0.470723 0.050492 -0.053322
-0.564184 0.107262 -0.051231
-0.590675 0.108989 -0.058967
-0.605087 0.112243 -0.050767
-0.477163 0.163414 -0.050701
-0.637126 -0.007704 -0.061220
-0.477639 0.051850 -0.053231
-0.518950 0.039884 -0.061152
-0.663502 0.092719 -0.058712
-0.600013 -0.047351 -0.062439
-0.493944 0.151984 -0.050817
-0.478186 -0.051373 -0.055572
-0.502793 -0.004505 -0.054296
-0.592988 -0.042414 -0.054385
-0.586285 0.032592 -0.052738
-0.521874 -0.015379 -0.062382
-0.577781 0.138052 -0.050415
-0.473546 0.109289 -0.059964
-0.412280 0.110249 -0.060467
-0.655134 0.047542 -0.051808
-0.416201 0.056546 -0.060150
-0.616762 0.025584 -0.052636
-0.546265 -0.012586 -0.054107
-0.434821 0.012898 -0.062486
-0.646026 0.036331 -0.052141
-0.427937 0.095214 -0.060675
-0.630624 -0.037541 -0.053951
-0.432511 0.153605 -0.051306
-0.453841 0.074793 -0.052914
-0.611082 -0.020746 -0.053737
-0.570894 0.141692 -0.050391
-0.587374 0.146311 -0.050145
-0.481729 0.023841 -0.053833
-0.516571 0.044043 -0.061078
-0.441143 -0.046344 -0.055775
-0.444731 0.078170 -0.060918
-0.673688 0.062593 -0.053636
-0.621511 0.018717 -0.052751
-0.531597 -0.058459 -0.060421
-0.571517 0.132070 -0.058607
-0.624707 0.194188 -0.048737
-0.494538 0.111073 -0.059743
-0.434327 -0.066327 -0.064290
-0.412064 0.097543 -0.052755
-0.510065 0.144037 -0.050859
-0.579578 0.149185 -0.058149
-0.502048 -0.043416 -0.055187
-0.549354 0.094858 -0.051640
-0.539177 0.132319 -0.050876
-0.565387 0.185293 -0.057450
-0.478534 0.085242 -0.060467
-0.504465 0.086124 -0.060225
-0.446901 0.103099 -0.052331
-0.505223 0.184851 -0.049973
-0.581604 0.134439 -0.050464
-0.446653 0.015225 -0.054329
-0.471422 -0.053553 -0.063682
-0.614061 0.083300 -0.059350
-0.660724 0.090802 -0.050777
-0.635282 0.017540 -0.060662
-0.437092 -0.032037 -0.055485
-0.456378 0.059195 -0.061249
-0.425041 0.018776 -0.054434
-0.547550 0.061186 -0.060423
-0.428044 -0.030298 -0.060020
-0.644113 0.062084 -0.059575
-0.495209 0.061635 -0.052859
-0.575267 -0.045093 -0.054597
-0.530581 0.176314 -0.049950
-0.438839 0.047629 -0.061662
-0.626103 0.177275 -0.049109
-0.537462 0.111500 -0.059366
-0.636729 0.039790 -0.060144
-0.462421 0.053910 -0.061317
-0.561403 -0.048844 -0.054801
-0.462476 0.048433 -0.061441
-0.454827 0.053170 -0.053397
-0.537870 0.018118 -0.061484
-0.632890 0.078484 -0.059298
-0.564010 0.023658 -0.061134
-0.432116 -0.056909 -0.064095
-0.629549 -0.021110 -0.061590
-0.557197 0.072818 -0.052073
-0.666705 0.011946 -0.052518
-0.533380 0.145268 -0.058634
-0.551187 0.175283 -0.049797
-0.420821 0.142932 -0.051649
-0.568414 0.185522 -0.049416
-0.638530 0.087815 -0.059038
-0.538780 0.048571 -0.060784
-0.522129 0.134221 -0.050979
-0.499634 0.027151 -0.053604
-0.491414 0.019541 -0.053847
-0.570310 0.031269 -0.060907
-0.508375 0.054924 -0.052898
-0.540945 0.161021 -0.058211
-0.537777 0.108795 -0.059425
-0.494273 0.068247 -0.060719
-0.453912 0.039386 -0.053718
-0.476433 0.076114 -0.060693
-0.549469 0.062050 -0.052384
-0.618801 0.013850 -0.052885
-0.503499 0.060105 -0.060825
-0.601732 0.139848 -0.050169
-0.664415 0.036373 -0.059985
-0.535135 0.171131 -0.058031
-0.602051 0.045774 -0.052303
-0.676652 0.040790 -0.052795
-0.618528 -0.015749 -0.061562
-0.439089 -0.050884 -0.063898
-0.519826 0.133548 -0.051014
-0.542906 -0.023828 -0.062394
-0.532319 0.158710 -0.050335
-0.515218 0.147179 -0.050744
-0.536256 0.058153 -0.060588
-0.515472 0.169847 -0.058229
-0.437537 -0.055196 -0.064010
-0.664176 0.074855 -0.051110
-0.518508 0.162271 -0.058375
-0.556150 -0.036009 -0.054555
-0.449010 0.070364 -0.053056
-0.510407 0.139779 -0.058955
-0.515105 -0.020461 -0.062556
-0.527952 -0.028434 -0.054624
-0.429209 0.168127 -0.051005
-0.530939 0.038965 -0.061070
-0.483452 0.032312 -0.061628
-0.619401 0.045313 -0.052165
-0.530305 0.045083 -0.060936
-0.622123 0.185883 -0.048948
-0.511970 -0.020588 -0.062585
-0.454638 -0.055803 -0.063877
-0.553904 0.071654 -0.052128
-0.643173 -0.038008 -0.053854
-0.559399 0.125261 -0.058865
-0.428221 0.030683 -0.054136
-0.554686 0.188733 -0.057464
-0.646152 0.205550 -0.056298
-0.594777 0.103123 -0.051063
-0.676981 0.012606 -0.060417
-0.411478 0.091221 -0.060630
-0.506310 0.099592 -0.051901
-0.519791 0.156841 -0.050485
-0.457177 -0.022207 -0.055089
-0.425503 -0.011750 -0.059066
-0.440420 -0.016405 -0.063104
-0.552736 0.139864 -0.050588
-0.507409 0.188571 -0.049870
-0.597862 0.000899 -0.053359
-0.643499 -0.004943 -0.061103
-0.477923 0.072229 -0.052766
-0.565165 0.035516 -0.052852
-0.509167 0.001422 -0.054107
-0.533608 0.046503 -0.060876
-0.646592 -0.009317 -0.053173
-0.547493 0.121210 -0.051057
-0.650550 0.085736 -0.058982
-0.654446 0.070118 -0.059304
-0.514603 0.079867 -0.052278
-0.633765 0.199041 -0.048549
-0.581175 -0.027882 -0.054156
-0.434420 0.022000 -0.054280
-0.461468 0.052424 -0.061359
-0.594033 -0.009778 -0.061636
-0.612456 0.154809 -0.057739
-0.652417 0.024491 -0.052355
-0.556422 0.113047 -0.059168
-0.554982 0.191535 -0.057397
-0.657643 0.035191 -0.052067
-0.535565 0.012360 -0.053632
-0.480582 0.035358 -0.053581
-0.592738 0.076789 -0.059681
-0.579416 0.196924 -0.057066
-0.456817 0.168090 -0.050769
-0.530765 0.060047 -0.052590
-0.482939 0.054603 -0.061126
-0.509362 -0.061530 -0.058892
-0.492018 -0.006846 -0.054442
-0.412557 0.091540 -0.052887
-0.448305 0.012092 -0.054386
-0.553336 -0.049263 -0.062882
-0.536823 -0.057297 -0.055204
-0.439385 0.089275 -0.060711
-0.575459 0.176626 -0.057561
-0.514876 0.020456 -0.053626
-0.645276 0.102261 -0.050649
-0.587576 -0.022222 -0.061975
-0.496930 0.167626 -0.058438
-0.623398 0.116304 -0.050518
-0.480028 0.145748 -0.051078
-0.655551 0.149463 -0.049489
-0.580484 -0.032136 -0.062261
-0.553678 -0.016157 -0.054125
-0.475047 0.095374 -0.060267
-0.466953 0.061174 -0.061114
-0.633628 0.136611 -0.049969
-0.673842 0.061266 -0.051368
-0.496130 0.141279 -0.051041
-0.516177 0.010282 -0.061848
-0.515891 -0.060649 -0.058349
-0.634594 0.118135 -0.058383
-0.615806 0.169338 -0.049378
-0.601474 -0.043683 -0.062343
-0.419305 0.069248 -0.053336
-0.648657 0.003637 -0.060864
-0.674295 0.026467 -0.052123
-0.454809 0.105072 -0.052218
-0.647179 0.208546 -0.053030
-0.434186 -0.052616 -0.063980
-0.448187 -0.055595 -0.063927
-0.648371 0.107577 -0.058505
-0.431396 0.148969 -0.051421
-0.439188 0.065698 -0.061249
-0.405039 0.137921 -0.054731
-0.504505 0.184667 -0.057986
-0.511851 -0.014487 -0.062448
-0.455561 -0.008253 -0.054786
-0.674418 -0.036609 -0.061557
-0.419031 0.035412 -0.055663
-0.637980 0.007199 -0.060874
-0.446790 0.040259 -0.053759
-0.532940 0.184808 -0.057739
-0.571885 0.117936 -0.050922
-0.408086 0.171751 -0.051103
-0.644015 0.141250 -0.057777
-0.618142 -0.016730 -0.053585
-0.480222 0.143054 -0.051137
-0.483049 0.070988 -0.060753
-0.530300 0.072355 -0.060317
-0.641502 0.057458 -0.059702
-0.638661 0.132652 -0.058018
-0.516227 -0.034395 -0.054860
-0.461693 -0.035639 -0.063358
-0.423127 0.143551 -0.059618
-0.608333 0.167286 -0.057491
-0.641351 0.056220 -0.051729
-0.596782 -0.049555 -0.060259
-0.487119 0.162822 -0.058631
-0.437453 0.133418 -0.051723
-0.414393 0.162032 -0.059273
-0.418316 0.063546 -0.061476
-0.642757 0.043293 -0.060013
-0.546851 -0.030902 -0.054518
-0.613882 0.053687 -0.060024
-0.449055 0.174401 -0.058694
-0.486805 0.125192 -0.059489
-0.433131 0.036755 -0.061958
-0.490933 0.164450 -0.058562
-0.653911 -0.041513 -0.053842
-0.584177 0.027752 -0.052866
-0.609796 -0.014484 -0.061608
-0.486691 0.071654 -0.052704
-0.604313 0.007925 -0.061146
-0.563638 0.053716 -0.052452
-0.628809 0.169783 -0.049256
-0.577074 0.009613 -0.053339
-0.495136 0.181062 -0.050146
-0.489518 -0.022817 -0.054826
-0.429925 0.068125 -0.061273
-0.528717 0.157640 -0.050390
-0.510911 0.050417 -0.052979
-0.546197 0.148886 -0.058442
-0.461251 -0.059838 -0.063912
-0.523469 -0.010876 -0.062266
-0.466050 0.127997 -0.059603
-0.539497 0.059849 -0.060522
-0.433462 0.056487 -0.053505
-0.653697 0.190513 -0.056575
-0.463716 0.166908 -0.058739
-0.664441 0.075057 -0.059106
-0.589035 0.190346 -0.049130
-0.549597 0.009144 -0.053585
-0.454290 0.146206 -0.051288
-0.535492 0.026331 -0.061318
-0.562690 0.127470 -0.058787
-0.430311 0.017740 -0.062414
-0.473839 -0.038005 -0.055306
-0.599839 -0.042920 -0.054337
-0.613995 0.043643 -0.060252
-0.566451 0.051771 -0.052472
-0.470336 0.081623 -0.052618
-0.651801 0.020235 -0.060460
-0.611822 -0.047523 -0.059212
-0.575513 0.015934 -0.053209
-0.406710 0.125874 -0.057073
-0.497653 0.058471 -0.052910
-0.457741 0.180218 -0.058488
-0.652570 0.195319 -0.048473
-0.668417 0.083716 -0.050873
-0.618706 0.003493 -0.061124
-0.495772 -0.053896 -0.063481
-0.450498 -0.033597 -0.055405
-0.479663 -0.037906 -0.063256
-0.518532 0.136784 -0.050951
-0.531676 0.125814 -0.059090
-0.439631 0.169016 -0.058898
-0.582832 -0.003593 -0.053590
-0.606844 0.090657 -0.059245
-0.418667 0.038535 -0.060966
-0.492002 0.111797 -0.051746
-0.659548 0.049083 -0.051735
-0.548399 0.193420 -0.057411
-0.517904 0.139501 -0.058897
-0.629698 0.142923 -0.057862
-0.517192 0.085544 -0.060129
-0.580507 0.172069 -0.049619
-0.660453 0.115961 -0.050208
-0.557011 -0.000668 -0.061747
-0.590423 0.007292 -0.053277
-0.462021 0.151935 -0.059094
-0.479459 0.020810 -0.053921
-0.636489 0.139481 -0.057882
-0.500185 0.125015 -0.051376
-0.484336 -0.036710 -0.063189
-0.551934 0.067852 -0.052231
-0.581635 0.096742 -0.059323
-0.461299 0.019886 -0.054098
-0.577235 0.029225 -0.052892
-0.650299 0.048917 -0.059821
-0.430731 -0.048545 -0.055914
-0.622467 0.205196 -0.054269
-0.678926 -0.034535 -0.061471
-0.577695 -0.043899 -0.054549
-0.513700 0.133237 -0.059076
-0.575575 0.070670 -0.059967
-0.526285 0.025449 -0.061417
-0.582927 0.172271 -0.057596
-0.651415 0.169711 -0.049064
-0.543602 0.186337 -0.057613
-0.564006 0.187611 -0.049407
-0.640237 -0.021624 -0.061510
-0.640473 0.149802 -0.057613
-0.437322 0.119595 -0.060040
-0.528808 0.166313 -0.058195
-0.481913 0.180222 -0.050278
-0.572540 0.097410 -0.059385
-0.492435 0.052798 -0.061085
-0.615796 0.055497 -0.059967
-0.412349 0.143653 -0.051705
-0.636500 0.038020 -0.060187
-0.445670 -0.042383 -0.063649
-0.653174 0.178500 -0.056852
-0.477635 0.111540 -0.051875
-0.434620 0.055082 -0.061529
-0.643593 -0.014532 -0.061320
-0.432750 -0.039178 -0.063687
-0.639851 0.003361 -0.052943
-0.480536 0.144723 -0.051097
-0.459916 0.099738 -0.060298
-0.667001 0.019510 -0.052343
-0.619098 0.165233 -0.049443
-0.653328 0.146330 -0.057582
-0.626157 -0.023275 -0.061668
-0.625566 0.149919 -0.057738
-0.465071 0.106480 -0.052098
-0.635265 0.040609 -0.060138
-0.470431 -0.066875 -0.057706
-0.537646 0.127824 -0.058993
-0.674055 -0.031129 -0.061436
-0.631786 0.068887 -0.051523
-0.433328 0.072943 -0.053132
-0.525901 0.135507 -0.050917
-0.434957 -0.048951 -0.055887
-0.430894 -0.051240 -0.059446
-0.437578 -0.027823 -0.063387
-0.656395 -0.024808 -0.053441
-0.434777 0.141126 -0.051570
-0.682224 -0.014291 -0.060983
-0.490712 -0.045345 -0.063330
-0.637705 0.080418 -0.051211
-0.575938 0.179702 -0.049484
-0.575933 0.198736 -0.049525
-0.565735 0.181021 -0.049542
-0.436322 0.175848 -0.050768
-0.664871 0.127478 -0.056463
-0.659551 -0.008622 -0.061049
-0.499739 0.153716 -0.050728
-0.653726 0.073214 -0.051237
-0.462307 -0.050351 -0.063687
-0.464198 0.145029 -0.051230
-0.525899 0.098643 -0.051755
-0.598521 -0.041178 -0.062311
-0.516644 0.109721 -0.059585
-0.661394 0.059776 -0.059479
-0.632852 0.093171 -0.058965
-0.564489 0.098097 -0.051436
-0.563193 -0.033950 -0.062450
-0.493965 -0.050621 -0.055420
-0.493198 -0.023800 -0.054817
-0.515701 0.091822 -0.051997
-0.600112 0.169408 -0.049511
-0.420923 0.094454 -0.052750
-0.623436 0.041021 -0.060230
-0.420332 0.064855 -0.053427
-0.469985 0.127201 -0.059587
-0.441101 0.118383 -0.060035
-0.423594 0.024272 -0.054321
-0.558734 -0.015252 -0.054061
-0.667021 -0.006374 -0.052931
-0.487496 -0.062045 -0.055735
-0.573560 0.046877 -0.060525
-0.445091 -0.063596 -0.064136
-0.417990 0.155073 -0.051397
-0.677264 0.036905 -0.059828
-0.646489 -0.005545 -0.053088
-0.651165 0.132084 -0.049921
-0.503548 -0.030387 -0.054878
-0.635586 0.022564 -0.060546
-0.474142 0.143483 -0.059182
-0.491580 0.161542 -0.058622
-0.514009 -0.017619 -0.054498
-0.637897 0.091411 -0.050959
-0.638006 -0.004052 -0.053127
-0.554821 -0.014689 -0.054082
-0.462467 0.040613 -0.053617
-0.566729 0.189397 -0.049343
-0.511687 0.084113 -0.060209
-0.559179 0.036263 -0.052887
-0.471836 0.040610 -0.061539
-0.553542 0.168088 -0.049940
-0.506743 0.038866 -0.061279
-0.478781 0.141038 -0.051195
-0.597058 -0.017373 -0.061783
-0.522730 -0.059683 -0.059827
-0.525334 0.125741 -0.051144
-0.489785 0.076960 -0.060559
-0.433808 -0.009094 -0.054992
-0.509951 -0.013145 -0.062434
-0.537844 -0.025532 -0.062476
-0.644267 -0.022695 -0.061499
-0.619150 -0.035830 -0.054011
-0.483788 0.055237 -0.061104
-0.406398 0.140056 -0.051838
-0.497026 0.141524 -0.051028
-0.414922 0.118443 -0.060258
-0.452226 0.043147 -0.061649
-0.621999 0.170573 -0.049297
-0.567245 -0.004120 -0.061738
-0.553009 -0.040967 -0.054694
-0.571631 0.064290 -0.060146
-0.610218 0.181961 -0.049139
-0.597701 0.194106 -0.048970
-0.532670 -0.032610 -0.062681
-0.622938 0.047963 -0.060077
-0.563490 0.191378 -0.049326
-0.553652 0.031969 -0.053032
-0.441781 0.007972 -0.062538
-0.517185 -0.030917 -0.054773
-0.514435 0.044555 -0.053082
-0.520635 -0.030836 -0.054742
-0.406586 0.128735 -0.060096
-0.546842 0.001555 -0.053781
-0.625263 -0.029631 -0.061820
-0.414318 0.106547 -0.052531
-0.636575 0.179660 -0.056968
-0.455529 0.137476 -0.051476
-0.496248 0.013835 -0.061938
-0.445509 -0.070213 -0.060826
-0.560418 0.066009 -0.052200
-0.649529 0.021412 -0.052450
-0.511499 -0.043552 -0.063111
-0.499541 0.027546 -0.053596
-0.580005 0.011875 -0.053262
-0.458913 0.171348 -0.050677
-0.663334 0.019845 -0.060370
-0.495100 0.181587 -0.050134
-0.435916 0.153258 -0.051285
-0.469490 0.035040 -0.061686
-0.614346 0.151869 -0.049787
-0.471534 0.148003 -0.051099
-0.505054 0.174465 -0.058213
-0.447746 0.146184 -0.051344
-0.438182 0.179980 -0.052636
-0.450269 0.098886 -0.060400
-0.490507 -0.040350 -0.055216
-0.503892 -0.025020 -0.062755
-0.542043 0.139614 -0.058688
-0.510103 0.147390 -0.050783
-0.592948 0.195374 -0.048982
-0.476457 0.152970 -0.050944
-0.600430 -0.047874 -0.054445
-0.518984 0.031577 -0.053338
-0.428811 0.029876 -0.062152
-0.494415 0.029251 -0.053601
-0.480719 0.159931 -0.058752
-0.550480 0.012209 -0.053508
-0.480610 0.178408 -0.058333
-0.541655 0.098125 -0.059634
-0.531148 0.160317 -0.058311
-0.672897 -0.028958 -0.061396
-0.427755 0.030267 -0.054149
-0.662566 0.026636 -0.052220
-0.467319 0.015877 -0.062140
-0.556033 0.009421 -0.053524
-0.608249 0.165807 -0.057525
-0.508486 0.001587 -0.062111
-0.521445 0.122958 -0.059243
-0.553151 0.014633 -0.061432
-0.420689 0.023464 -0.058114
-0.569760 0.128527 -0.058702
-0.584400 0.168065 -0.049676
-0.638177 -0.043860 -0.062033
-0.435942 0.007401 -0.062601
-0.680847 0.010133 -0.054038
-0.621848 0.138275 -0.050032
-0.429638 0.045726 -0.061784
-0.609351 0.123036 -0.058488
-0.587898 0.025091 -0.060897
-0.646206 0.020112 -0.060510
-0.666677 0.068382 -0.059238
-0.565238 0.149503 -0.058264
-0.413375 0.077141 -0.058681
-0.478985 -0.040673 -0.063324
-0.596714 0.025164 -0.052817
-0.531378 0.115384 -0.051327
-0.530512 0.128414 -0.059041
-0.474388 -0.060504 -0.055812
-0.654292 0.137772 -0.057768
-0.476702 -0.065922 -0.062162
-0.599636 0.086105 -0.051408
-0.641766 0.030392 -0.060315
-0.659566 0.093130 -0.058737
-0.537639 0.168999 -0.050056
-0.649076 0.176734 -0.056927
-0.457663 0.023570 -0.062048
-0.567761 0.186642 -0.049397
-0.514572 -0.049663 -0.055221
-0.516494 0.074214 -0.060393
-0.608361 0.096569 -0.059098
-0.559328 0.108773 -0.051238
-0.455913 0.090494 -0.060542
-0.546372 0.015821 -0.053461
-0.642630 -0.020262 -0.061458
-0.529095 0.018044 -0.053559
-0.421601 0.102611 -0.060561
-0.534210 0.009838 -0.061704
-0.439642 -0.033211 -0.063492
-0.467622 -0.045913 -0.063541
-0.515504 -0.042796 -0.055057
-0.474617 0.081903 -0.060577
-0.611635 0.162278 -0.049574
-0.520007 0.155301 -0.050518
-0.594395 0.111388 -0.058881
-0.572363 0.149511 -0.058203
-0.582752 0.199701 -0.051059
-0.642103 0.024955 -0.052433
-0.503895 0.008571 -0.053990
-0.575419 -0.046491 -0.062630
-0.418095 0.042306 -0.056047
-0.572352 -0.002238 -0.061651
-0.515358 0.060110 -0.052721
-0.562219 0.109660 -0.059196
-0.571185 -0.019859 -0.062061
-0.593787 0.082623 -0.051537
-0.635225 0.029389 -0.060394
-0.514889 0.091558 -0.052010
-0.584178 0.111422 -0.058967
-0.491535 0.095786 -0.060116
-0.515161 0.131832 -0.051093
-0.444868 -0.058517 -0.064022
-0.673114 0.066123 -0.051232
-0.456887 0.004894 -0.054476
-0.508049 0.158776 -0.050541
-0.487189 0.020776 -0.053856
-0.579303 -0.033193 -0.054292
-0.597517 0.169366 -0.057537
-0.496642 0.017274 -0.053854
-0.612134 -0.041887 -0.054209
-0.571110 0.160453 -0.057965
-0.475497 0.073955 -0.060750
-0.511735 0.122899 -0.051325
-0.454683 0.182255 -0.053576
-0.614006 0.163464 -0.049527
-0.656015 0.154916 -0.057363
-0.502210 0.044219 -0.061197
-0.572057 0.135715 -0.058519
-0.648754 0.042041 -0.059990
-0.684334 -0.015101 -0.057902
-0.434367 -0.000024 -0.054781
-0.420898 0.114608 -0.052292
-0.610470 0.018706 -0.052846
-0.598082 -0.024595 -0.061938
-0.660406 0.091773 -0.050758
-0.579050 0.077157 -0.051787
-0.424346 0.064735 -0.053395
-0.584363 0.084693 -0.059573
-0.672553 0.011559 -0.052476
-0.456653 0.174798 -0.058620
-0.591984 0.060218 -0.060064
-0.581080 0.013959 -0.053206
-0.428979 0.098148 -0.060599
-0.628708 -0.031873 -0.053839
-0.597268 0.085262 -0.059449
-0.641454 0.178373 -0.056955
-0.501898 0.102685 -0.051869
-0.628492 -0.034726 -0.053906
-0.595267 0.061616 -0.060004
-0.451386 0.095109 -0.060476
-0.476800 -0.006611 -0.062569
-0.473428 0.113948 -0.051857
-0.478321 0.176786 -0.050387
-0.674358 -0.024591 -0.053282
-0.653732 0.208823 -0.052629
-0.528544 0.087616 -0.059985
-0.508176 0.026383 -0.053548
-0.471073 0.184449 -0.058277
-0.633433 0.003066 -0.061007
-0.601903 0.024380 -0.052791
-0.557415 0.012194 -0.053449
-0.654632 0.202103 -0.051198
-0.496794 0.044405 -0.061239
-0.624063 0.057934 -0.051838
-0.640297 -0.043703 -0.055909
-0.543473 0.133071 -0.050822
-0.500828 0.121565 -0.051449
-0.467228 0.054832 -0.061255
-0.613130 0.056249 -0.051970
-0.421481 0.145770 -0.051579
-0.427897 -0.029151 -0.060808
-0.470658 0.044047 -0.061471
-0.475339 0.012145 -0.054153
-0.475129 -0.013017 -0.062729
-0.594291 -0.039029 -0.062299
-0.657901 0.030395 -0.060176
-0.522853 0.169943 -0.050161
-0.494660 0.032229 -0.053531
-0.496191 0.094332 -0.060110
-0.611054 0.172871 -0.057341
-0.548365 0.040723 -0.060881
-0.531490 0.115797 -0.059319
-0.537184 0.122364 -0.059121
-0.438031 -0.048447 -0.055850
-0.609557 0.046544 -0.052221
-0.651788 0.181944 -0.056786
-0.426860 -0.021933 -0.056304
-0.592603 0.015012 -0.061086
-0.408048 0.115899 -0.055210
-0.578817 0.056194 -0.060268
-0.464343 0.163504 -0.058811
-0.668406 0.006532 -0.052626
-0.573975 0.126306 -0.058717
-0.666164 0.041000 -0.059865
-0.601416 0.045509 -0.060317
-0.548520 0.102006 -0.059487
-0.654054 0.130033 -0.057946
-0.674621 0.013293 -0.052419
-0.587204 -0.032383 -0.062209
-0.527349 0.049749 -0.052853
-0.646361 0.088337 -0.058959
-0.608189 0.025369 -0.052714
-0.491523 -0.057867 -0.063608
-0.572988 0.067118 -0.060070
-0.464674 0.085707 -0.052573
-0.552584 0.185015 -0.057566
-0.589376 -0.050531 -0.061921
-0.532194 0.116649 -0.051292
-0.624376 -0.003963 -0.061244
-0.576286 0.151468 -0.050123
-0.579634 0.075457 -0.051821
-0.643137 0.007403 -0.060825
-0.470107 0.062462 -0.061057
-0.564723 0.012707 -0.061377
-0.580014 -0.043627 -0.062526
-0.656812 0.005584 -0.060749
-0.494259 0.097810 -0.052045
-0.674587 0.004766 -0.060616
-0.563291 0.047510 -0.060598
-0.656342 0.035961 -0.052061
-0.653769 -0.000189 -0.052904
-0.421516 0.030335 -0.054201
-0.617003 -0.009097 -0.053422
-0.421882 0.014557 -0.056211
-0.546730 -0.023010 -0.054340
-0.544028 -0.044161 -0.054844
-0.450526 -0.030189 -0.063330
-0.435877 0.120064 -0.052040
-0.669733 0.022508 -0.060254
-0.495711 0.127463 -0.059361
-0.505388 0.052575 -0.052977
-0.548292 0.044347 -0.052796
-0.420744 0.108718 -0.052427
-0.559114 0.062435 -0.052293
-0.455888 0.136429 -0.051496
-0.563586 0.197211 -0.057078
-0.594526 0.170145 -0.049542
-0.567659 0.060723 -0.052258
-0.656444 0.130844 -0.049904
-0.469800 0.139309 -0.051312
-0.437378 0.057044 -0.053459
-0.568917 0.196340 -0.049166
-0.409908 0.102207 -0.054554
-0.676813 0.039707 -0.053998
-0.468431 -0.006660 -0.062642
-0.655855 0.073556 -0.051211
-0.661971 0.148332 -0.051680
-0.566623 0.068629 -0.060090
-0.509296 0.126154 -0.059274
-0.644167 -0.009608 -0.053201
-0.503366 0.188006 -0.057920
-0.490690 -0.042571 -0.063267
-0.441080 0.018555 -0.054301
-0.541156 0.000414 -0.053856
-0.500908 0.052318 -0.053021
-0.608626 0.105951 -0.050880
-0.601534 0.160849 -0.049693
-0.432682 0.097489 -0.052580
-0.662464 0.043882 -0.059831
-0.676161 -0.038845 -0.053921
-0.554387 0.106814 -0.051325
-0.486419 0.038866 -0.061454
-0.535748 0.060825 -0.052530
-0.574351 0.147972 -0.058221
-0.447275 0.181241 -0.053473
-0.583089 0.120554 -0.058769
-0.609036 -0.047860 -0.061214
-0.583905 0.177833 -0.049458
-0.601140 -0.025143 -0.053922
-0.445248 -0.052200 -0.055873
-0.641563 0.186760 -0.048761
-0.537713 -0.007790 -0.054072
-0.565054 0.033990 -0.060890
-0.529839 0.085786 -0.060015
-0.547728 0.045696 -0.052771
-0.416569 0.100486 -0.052650
-0.420397 0.123996 -0.060085
-0.590281 0.146453 -0.050117
-0.559521 0.137065 -0.050594
-0.484973 0.079739 -0.060537
-0.507967 0.053427 -0.060938
-0.438216 -0.048665 -0.063855
-0.469248 0.063332 -0.053042
-0.667484 0.107936 -0.051995
-0.606205 0.082255 -0.059441
-0.653450 -0.021616 -0.061396
-0.595537 -0.017813 -0.061806
-0.668738 0.098671 -0.051173
-0.554933 0.034661 -0.060962
-0.579845 0.011535 -0.053272
-0.646037 -0.000305 -0.060976
-0.469971 -0.066488 -0.063988
-0.620989 0.180198 -0.049087
-0.591345 -0.017402 -0.061833
-0.667673 0.106936 -0.056456
-0.454248 0.174330 -0.050649
-0.493753 -0.004844 -0.054381
-0.465421 0.142355 -0.059282
-0.575051 0.044608 -0.060564
-0.504405 0.012222 -0.061905
-0.488495 0.018565 -0.061897
-0.576613 0.019650 -0.053115
-0.473628 0.094568 -0.052295
-0.617625 0.037617 -0.060358
-0.595375 0.197254 -0.056921
-0.461944 -0.013060 -0.062843
-0.620069 0.193930 -0.056785
-0.473921 0.016806 -0.062062
-0.595990 -0.026380 -0.053995
-0.441228 -0.017273 -0.063116
-0.438594 -0.041734 -0.063695
-0.664045 -0.011111 -0.053064
-0.522458 0.130174 -0.059070
-0.528872 0.054228 -0.060741
-0.468685 -0.047327 -0.063564
-0.476066 -0.036367 -0.063252
-0.652848 -0.007436 -0.053077
-0.467421 0.004769 -0.054389
-0.478719 0.065780 -0.052906
-0.454464 0.053750 -0.061389
-0.521953 0.121079 -0.051279
-0.502875 0.174600 -0.058229
-0.589882 0.118847 -0.058750
-0.434537 0.178589 -0.050721
-0.562575 -0.033841 -0.062453
-0.540569 0.034259 -0.053092
-0.648783 -0.019219 -0.061382
-0.471350 0.063719 -0.061018
-0.403706 0.150265 -0.059631
-0.609906 0.023542 -0.052741
-0.478890 -0.056295 -0.063680
-0.521715 -0.049831 -0.063166
-0.455975 -0.033407 -0.063357
-0.640933 0.008862 -0.060811
-0.471032 -0.059600 -0.055820
-0.666966 0.067694 -0.059251
-0.647139 0.204295 -0.048315
-0.461600 0.089562 -0.060514
-0.676098 0.037734 -0.059854
-0.442997 0.056278 -0.053428
-0.457147 0.024186 -0.062038
-0.646513 0.005047 -0.060850
-0.444321 0.083091 -0.052807
-0.418905 0.039079 -0.062027
-0.604946 -0.034993 -0.054114
-0.483583 -0.062857 -0.055787
-0.569089 -0.053293 -0.062387
-0.602701 0.084100 -0.059429
-0.644904 0.129933 -0.050024
-0.502077 0.188717 -0.052919
-0.660378 0.046961 -0.059779
-0.610932 -0.008205 -0.061456
-0.562322 0.063683 -0.052237
-0.563583 0.070350 -0.060077
-0.607575 0.191829 -0.048938
-0.626771 -0.009973 -0.061360
-0.429759 -0.042852 -0.060262
-0.491789 0.128711 -0.051364
-0.578584 -0.018830 -0.061975
-0.597081 0.116908 -0.058732
-0.635420 0.002020 -0.053011
-0.415037 0.064579 -0.054276
-0.569786 -0.022378 -0.054128
-0.427008 0.102369 -0.052518
-0.467680 0.145084 -0.059201
-0.650725 0.123627 -0.058120
-0.596644 0.131455 -0.050403
-0.493692 -0.008126 -0.054457
-0.515031 0.190580 -0.057247
-0.534440 0.005750 -0.061794
-0.434325 -0.008196 -0.054967
-0.668951 0.012433 -0.060490
-0.671105 0.004388 -0.052652
-0.509023 0.176131 -0.050139
-0.557254 0.180468 -0.049627
-0.539995 -0.057379 -0.057284
-0.628661 0.053314 -0.059906
-0.483457 -0.009630 -0.062581
-0.558961 0.097217 -0.051504
-0.529096 0.153138 -0.050489
-0.451646 0.024993 -0.062067
-0.560955 0.068038 -0.060152
-0.448870 0.091794 -0.060573
-0.634477 -0.017158 -0.053455
-0.455578 -0.067575 -0.056134
-0.631473 0.109599 -0.050601
-0.568700 -0.027136 -0.062248
-0.549038 0.175572 -0.049809
-0.629468 0.000806 -0.053090
-0.643619 0.127731 -0.058087
-0.521048 0.055452 -0.060780
-0.592334 -0.022639 -0.061943
-0.562898 0.186870 -0.049433
-0.409499 0.164175 -0.059266
-0.439921 -0.014071 -0.063055
-0.410870 0.104659 -0.052604
-0.597188 0.187620 -0.057125
-0.631406 -0.044294 -0.054098
-0.537820 0.193691 -0.057085
-0.449986 0.106912 -0.052217
-0.591437 -0.009116 -0.061644
-0.495218 0.161913 -0.058583
-0.534797 0.130344 -0.050958
-0.581914 0.184540 -0.057325
-0.640538 0.176352 -0.057009
-0.481154 0.001003 -0.062359
-0.649469 0.027527 -0.060314
-0.676480 -0.022678 -0.053221
-0.416994 0.093558 -0.060806
-0.416853 0.086453 -0.052966
-0.644336 0.094172 -0.058844
-0.533167 0.147919 -0.058575
-0.427762 0.055629 -0.061575
-0.418700 0.133710 -0.059879
-0.431422 -0.027772 -0.055437
-0.500569 0.188495 -0.052157
-0.568511 0.069164 -0.060062
-0.432246 -0.061116 -0.059861
-0.424203 0.178054 -0.051869
-0.662805 -0.040536 -0.060165
-0.603626 0.065158 -0.059852
-0.488030 -0.054739 -0.063566
-0.673292 0.008678 -0.052536
-0.453739 0.057699 -0.053303
-0.569056 0.000698 -0.053610
-0.435499 0.068436 -0.061218
-0.547064 0.141296 -0.058607
-0.516958 0.046513 -0.053016
-0.442722 0.043686 -0.061719
-0.541491 0.163242 -0.058156
-0.628069 0.035577 -0.060314
-0.570246 0.118038 -0.058936
-0.625759 0.205103 -0.056483
-0.424664 0.014394 -0.054536
-0.488443 0.012129 -0.062044
-0.516545 0.104298 -0.059709
-0.472440 0.001277 -0.054425
-0.579400 0.074523 -0.051844
-0.537042 0.096405 -0.051710
-0.474565 0.055924 -0.061168
-0.471648 -0.033488 -0.063224
-0.401924 0.160969 -0.057114
-0.553266 0.190889 -0.049424
-0.557408 0.058878 -0.060391
-0.547821 0.174957 -0.049833
-0.680277 -0.015572 -0.061029
-0.594914 0.193760 -0.049002
-0.472777 0.071913 -0.052817
-0.485376 -0.045900 -0.055386
-0.495498 0.148285 -0.050887
-0.524360 0.069680 -0.060428
-0.523242 0.033463 -0.053258
-0.436492 0.044545 -0.061752
-0.615978 0.154013 -0.049725
-0.473267 -0.020670 -0.062919
-0.657058 0.104341 -0.050501
-0.476585 0.113558 -0.051838
-0.429719 0.092198 -0.060728
-0.487282 0.186637 -0.050198
-0.515100 -0.052581 -0.063285
-0.615850 0.204009 -0.048590
-0.541304 0.035439 -0.053059
-0.642246 -0.019202 -0.061437
-0.535801 0.094014 -0.051775
-0.474716 -0.004390 -0.054534
-0.485924 0.014511 -0.054009
-0.597684 0.043424 -0.060396
-0.465753 0.107351 -0.052072
-0.456288 0.137926 -0.051459
-0.524348 0.059132 -0.060668
-0.429661 -0.042206 -0.059417
-0.559770 0.005969 -0.061572
-0.640016 0.003895 -0.052929
-0.622457 0.113575 -0.050588
-0.650628 0.039239 -0.060038
-0.608612 0.064266 -0.059829
-0.491501 -0.035945 -0.055107
-0.451936 -0.069333 -0.060888
-0.620118 0.195051 -0.048757
-0.559227 0.188319 -0.049432
-0.620070 0.011194 -0.060937
-0.530377 0.048007 -0.052867
-0.510692 0.029597 -0.061456
-0.527225 0.012038 -0.061713
-0.546522 0.047801 -0.052733
-0.453500 -0.012099 -0.062894
-0.611798 0.091329 -0.059187
-0.610716 0.114157 -0.058678
-0.555552 0.028925 -0.053085
-0.508168 0.020402 -0.053684
-0.601537 -0.032583 -0.054088
-0.640403 0.205543 -0.048345
-0.448205 0.138879 -0.051506
-0.624452 -0.035523 -0.053958
-0.660873 0.125597 -0.049986
-0.590189 0.119917 -0.050720
-0.460005 0.122157 -0.059788
-0.604526 0.157186 -0.057753
-0.464738 0.077297 -0.052764
-0.518057 0.051266 -0.060901
-0.574617 -0.051021 -0.054738
-0.594011 0.030454 -0.060723
-0.612691 0.191919 -0.048892
-0.445142 0.147453 -0.051338
-0.539012 0.132940 -0.050863
-0.594855 0.001298 -0.061378
-0.481845 0.175330 -0.058392
-0.500964 0.076367 -0.052475
-0.506222 0.080215 -0.060344
-0.549706 -0.024869 -0.062359
-0.537242 -0.000167 -0.053902
-0.462625 0.138621 -0.059391
-0.547838 0.065261 -0.060328
-0.636409 0.090112 -0.059004
-0.594666 0.151091 -0.049974
-0.492953 0.136208 -0.059186
-0.594920 -0.034659 -0.062194
-0.591682 0.181021 -0.057322
-0.501017 0.044860 -0.053190
-0.602278 0.157708 -0.057761
-0.430270 0.140900 -0.051614
-0.658024 0.140009 -0.057685
-0.411125 0.093205 -0.053621
-0.649027 0.079010 -0.059148
-0.543233 0.055851 -0.060581
-0.567340 0.020715 -0.061172
-0.445451 -0.022049 -0.063189
-0.514602 -0.028962 -0.054751
-0.460965 0.148505 -0.059181
-0.446725 -0.061431 -0.056070
-0.538100 0.073380 -0.052224
-0.683547 -0.009586 -0.054944
-0.512825 -0.042228 -0.055067
-0.547362 0.034347 -0.061034
-0.574252 0.011910 -0.053311
-0.568090 0.172245 -0.049721
-0.684279 -0.014590 -0.059149
-0.467041 -0.021115 -0.054980
-0.624770 0.079987 -0.051331
-0.648907 0.067848 -0.059403
-0.533887 -0.029853 -0.054606
-0.431683 -0.026948 -0.055416
-0.644913 0.013045 -0.052680
-0.417154 0.060955 -0.053543
-0.485867 0.160279 -0.058700
-0.574989 0.080019 -0.059760
-0.581417 0.191727 -0.049164
-0.603749 0.012084 -0.061057
-0.505482 0.143689 -0.058909
-0.643947 0.160983 -0.049327
-0.566708 0.184905 -0.049445
-0.642678 0.000380 -0.052986
-0.474192 0.082294 -0.052569
-0.440715 0.178824 -0.050663
-0.669687 0.091032 -0.050695
-0.593305 0.104347 -0.059050
-0.579063 0.127608 -0.050641
-0.634664 0.162204 -0.049379
-0.449957 -0.012159 -0.062925
-0.589380 0.041220 -0.052515
-0.505367 0.104169 -0.051805
-0.440329 0.107924 -0.060280
-0.591034 0.023412 -0.060908
-0.609950 -0.012489 -0.053559
-0.457133 0.119151 -0.059880
-0.587384 -0.035341 -0.054272
-0.675997 0.003271 -0.060638
-0.640351 0.095607 -0.050843
-0.604338 -0.033789 -0.054091
-0.611327 0.106917 -0.050835
-0.643269 0.184341 -0.056804
-0.564702 0.122300 -0.050885
-0.534362 -0.033400 -0.062685
-0.608087 -0.000449 -0.061304
-0.427444 -0.010669 -0.063084
-0.432026 -0.030766 -0.063502
-0.425519 0.082304 -0.052986
-0.597225 0.201673 -0.050844
-0.598147 0.005365 -0.061257
-0.632373 0.187022 -0.056837
-0.659471 0.166887 -0.054273
-0.529543 0.020177 -0.061509
-0.518153 0.026415 -0.053462
-0.442875 0.089541 -0.060675
-0.431430 0.047199 -0.061736
-0.577135 0.122318 -0.058780
-0.448162 -0.052118 -0.063849
-0.664782 -0.035029 -0.053602
-0.469216 0.161943 -0.050802
-0.603669 0.182586 -0.057183
-0.570385 0.175505 -0.057630
-0.572561 -0.052873 -0.059855
-0.511445 0.028331 -0.053476
-0.433022 -0.066862 -0.059286
-0.531039 -0.035338 -0.054755
-0.468856 0.037866 -0.053624
-0.560469 0.040436 -0.052781
-0.575878 -0.006855 -0.053723
-0.642651 -0.043273 -0.060927
-0.446058 0.069716 -0.061099
-0.548683 0.096428 -0.051610
-0.595488 0.164730 -0.049657
-0.518709 0.118465 -0.059368
-0.652266 0.006167 -0.060775
-0.556565 -0.033790 -0.054501
-0.467362 -0.064314 -0.063961
-0.602964 0.102035 -0.051017
-0.586189 0.193243 -0.049089
-0.599252 0.023052 -0.060846
-0.450090 -0.022876 -0.055165
-0.520284 0.132900 -0.059027
-0.469909 -0.035264 -0.063279
-0.458386 0.061089 -0.053187
-0.485105 -0.010834 -0.062594
-0.639046 0.071060 -0.051412
-0.438055 0.023484 -0.054215
-0.469552 0.152947 -0.051004
-0.530378 0.100615 -0.051672
-0.647300 0.202447 -0.056358
-0.617155 0.092610 -0.059112
-0.525670 -0.050834 -0.055153
-0.419576 0.031944 -0.061799
-0.648128 -0.029814 -0.053626
-0.564355 0.185435 -0.049453
-0.418365 0.144605 -0.059634
-0.641821 0.109734 -0.058512
-0.508931 -0.034608 -0.062930
-0.545728 0.192324 -0.057459
-0.653036 0.072877 -0.051251
-0.589095 -0.003204 -0.053527
-0.478972 0.093760 -0.060270
-0.642836 0.140876 -0.057795
-0.473191 0.175881 -0.050452
-0.503778 0.153964 -0.058690
-0.616759 -0.032253 -0.061952
-0.456499 0.151867 -0.059143
-0.612619 0.054969 -0.060006
-0.403583 0.153372 -0.059562
-0.484259 0.099285 -0.052097
-0.448676 0.120832 -0.051912
-0.577411 0.000085 -0.061555
-0.530924 0.116606 -0.051304
-0.440438 -0.023446 -0.063263
-0.586150 0.144104 -0.050206
-0.509437 -0.018212 -0.054551
-0.509739 0.078639 -0.060350
-0.646651 0.003327 -0.052885
-0.575261 0.002542 -0.053515
-0.483769 0.114278 -0.059763
-0.543239 0.052688 -0.052650
-0.593626 -0.024096 -0.061965
-0.661639 0.120234 -0.050101
-0.553061 0.140741 -0.058568
-0.554977 0.018634 -0.053323
-0.476683 0.126866 -0.051535
-0.596433 0.141104 -0.050186
-0.435548 0.001482 -0.062739
-0.502436 0.088650 -0.052183
-0.414777 0.068003 -0.053403
-0.630697 0.004101 -0.061007
-0.490522 0.002214 -0.062251
-0.487729 0.176750 -0.058310
-0.607751 0.112318 -0.050743
-0.504855 0.132981 -0.051155
-0.439916 0.129266 -0.059798
-0.442908 -0.046462 -0.055763
-0.487965 0.022905 -0.061803
-0.458628 0.063894 -0.053121
-0.487470 -0.039508 -0.063225
-0.613199 0.172080 -0.057340
-0.617175 0.122778 -0.050424
-0.481953 0.114513 -0.059773
-0.633247 0.002446 -0.061023
-0.594321 0.183717 -0.049235
-0.429941 0.044098 -0.053816
-0.450061 -0.013079 -0.054943
-0.457282 -0.067543 -0.056119
-0.455128 0.035945 -0.061788
-0.538040 0.131469 -0.058907
-0.499723 0.185789 -0.058001
-0.526729 0.005217 -0.061873
-0.534491 0.035071 -0.053125
-0.615882 0.193939 -0.056821
-0.593359 0.186746 -0.049175
-0.427590 0.064166 -0.061383
-0.554831 -0.043247 -0.054731
-0.588838 0.024361 -0.052903
-0.670350 -0.039475 -0.061540
-0.424598 0.176126 -0.050862
-0.533812 0.044286 -0.060924
-0.559862 0.195036 -0.057276
-0.405706 0.133018 -0.054535
-0.685054 -0.028953 -0.061292
-0.493205 0.170123 -0.058413
-0.444556 0.046526 -0.061638
-0.471938 0.001765 -0.062421
-0.586118 -0.048111 -0.054573
-0.588542 0.105226 -0.051068
-0.646117 -0.018914 -0.053395
-0.426972 0.076560 -0.053104
-0.440120 -0.057601 -0.056040
-0.552531 0.064104 -0.052311
-0.603663 -0.021950 -0.053828
-0.652079 0.006652 -0.052763
-0.441805 0.161014 -0.059061
-0.638584 0.033908 -0.052260
-0.626891 0.183410 -0.056966
-0.641196 0.009341 -0.052796
-0.562466 -0.036672 -0.062518
-0.555944 0.102389 -0.051412
-0.602691 0.177188 -0.049312
-0.482030 0.095256 -0.060210
-0.652745 0.074854 -0.051208
-0.525387 0.086621 -0.052032
-0.604832 0.124369 -0.058496
-0.654445 0.182909 -0.048739
-0.548032 0.144287 -0.058530
-0.661895 -0.040782 -0.054529
-0.504498 -0.051425 -0.055348
-0.521426 -0.020945 -0.054510
-0.646820 0.155761 -0.049421
-0.456422 0.139482 -0.051422
-0.648912 0.106628 -0.058521
-0.423509 0.002664 -0.056660
-0.557854 0.195823 -0.057275
-0.513595 0.050256 -0.052960
-0.598130 0.189483 -0.049072
-0.436422 0.075380 -0.061052
-0.563210 -0.054144 -0.060193
-0.639660 0.037597 -0.060169
-0.443692 -0.070461 -0.060853
-0.425247 0.111887 -0.052316
-0.479132 0.027366 -0.053775
-0.610812 0.201964 -0.048680
-0.595403 -0.009729 -0.061624
-0.618747 0.123376 -0.058399
-0.635309 0.120206 -0.050327
-0.449043 0.113244 -0.060084
-0.583184 0.174302 -0.049545
-0.469017 -0.025489 -0.055062
-0.673370 0.064861 -0.052934
-0.494361 -0.014099 -0.054587
-0.611415 0.006037 -0.053126
-0.428330 0.126432 -0.059962
-0.441718 0.157414 -0.059143
-0.607015 -0.016377 -0.053673
-0.514240 0.189738 -0.049785
-0.582694 0.199743 -0.053397
-0.535768 0.000200 -0.053907
-0.669100 0.091437 -0.050691
-0.656078 0.113385 -0.050304
-0.589898 0.179028 -0.057382
-0.583654 0.082006 -0.051638
-0.421576 0.148570 -0.051514
-0.427066 -0.023517 -0.055413
-0.569934 0.024494 -0.061064
-0.546175 -0.039861 -0.062730
-0.619624 0.134636 -0.050134
-0.664553 0.017470 -0.060413
-0.581581 0.010012 -0.053291
-0.648705 -0.011985 -0.061218
-0.535160 0.127233 -0.051026
-0.473769 0.173561 -0.050499
-0.588574 -0.032502 -0.062200
-0.550742 0.149086 -0.050396
-0.514049 -0.007125 -0.054259
-0.584786 0.104386 -0.051120
-0.446444 0.030168 -0.053991
-0.513891 0.057596 -0.052790
-0.584870 0.054012 -0.060266
-0.580134 0.023832 -0.052990
-0.464596 -0.043238 -0.063506
-0.485352 -0.018185 -0.062759
-0.564759 0.137346 -0.058545
-0.462060 0.001014 -0.054520
-0.416416 0.103610 -0.052580
-0.435236 0.087989 -0.052774
-0.639289 0.170274 -0.049156
-0.553704 0.176759 -0.049742
-0.503017 0.109794 -0.051697
-0.439239 -0.035197 -0.055538
-0.455023 0.106515 -0.052183
-0.407447 0.128091 -0.060103
-0.611977 0.188463 -0.056979
-0.655866 -0.028856 -0.061540
-0.533813 0.122757 -0.051139
-0.655957 0.192238 -0.049439
-0.532290 0.053097 -0.060737
-0.479511 0.084329 -0.052477
-0.503284 0.154982 -0.058671
-0.508049 0.174939 -0.050174
-0.427658 -0.024064 -0.055385
-0.610332 0.046416 -0.052218
-0.573512 0.029206 -0.060927
-0.501704 0.114450 -0.059605
-0.633641 0.019107 -0.052638
-0.491510 0.074340 -0.060604
-0.574292 0.026296 -0.052984
-0.635434 0.123423 -0.058255
-0.591254 0.128351 -0.050520
-0.607171 -0.034735 -0.054089
-0.422847 0.116009 -0.052243
-0.646902 -0.026785 -0.053567
-0.427125 0.145444 -0.059540
-0.487757 0.035534 -0.053515
-0.455123 0.035146 -0.053804
-0.661922 0.041601 -0.051885
-0.503190 0.093924 -0.052057
-0.608292 -0.022377 -0.053798
-0.592185 0.188148 -0.049153
-0.680585 0.012036 -0.053818
-0.657213 0.073867 -0.051192
-0.637981 0.203803 -0.056407
-0.641187 0.067714 -0.051469
-0.443222 0.119915 -0.051980
-0.624886 0.111060 -0.050624
-0.641117 0.169841 -0.049150
-0.588522 0.079457 -0.051654
-0.598013 0.199247 -0.048851
-0.488817 -0.012887 -0.062609
-0.497866 0.159498 -0.050612
-0.522810 0.035046 -0.061228
-0.565471 0.065515 -0.060171
-0.435931 -0.056310 -0.064049
-0.450182 0.156060 -0.059101
-0.557150 0.153431 -0.050242
-0.590903 -0.018779 -0.061868
-0.472634 0.094093 -0.060317
-0.543467 0.045083 -0.052821
-0.460537 -0.007466 -0.054726
-0.678172 0.030013 -0.057123
-0.592323 0.074749 -0.051728
-0.560363 0.188889 -0.057411
-0.656531 0.085118 -0.050943
-0.423473 0.005277 -0.062756
-0.458000 -0.068479 -0.062067
-0.484560 -0.030593 -0.063048
-0.466543 -0.019697 -0.054952
-0.425158 0.045685 -0.053821
-0.514407 0.185733 -0.057877
-0.480714 0.168759 -0.050549
-0.453187 0.160616 -0.050970
-0.574783 0.198663 -0.053435
-0.652014 -0.029576 -0.061589
-0.646422 -0.033716 -0.061731
-0.438124 0.169844 -0.050889
-0.503981 0.050763 -0.061033
-0.484765 0.153907 -0.058854
-0.621515 0.169013 -0.057339
-0.442565 0.118434 -0.052019
-0.476066 0.185237 -0.056338
-0.656457 0.038430 -0.060006
-0.545325 0.006485 -0.061684
-0.433696 0.156518 -0.059232
-0.636596 0.162281 -0.049360
-0.476243 0.145739 -0.059113
-0.509532 0.159101 -0.050521
-0.613891 0.044104 -0.060242
-0.492243 0.107482 -0.059845
-0.493293 -0.022623 -0.054789
-0.430911 -0.051562 -0.057173
-0.594581 0.047299 -0.052333
-0.624131 0.078195 -0.059380
-0.632302 0.068584 -0.059528
-0.490352 0.153078 -0.058825
-0.649176 0.051764 -0.051763
-0.628110 0.008627 -0.060926
-0.548443 0.094441 -0.051657
-0.512210 0.145555 -0.058809
-0.572161 0.053268 -0.060392
-0.478504 0.014139 -0.054081
-0.588011 0.121133 -0.050711
-0.591133 0.178620 -0.057381
-0.518417 0.162080 -0.050378
-0.656543 0.114281 -0.050280
-0.499511 0.126714 -0.059345
-0.516513 0.153225 -0.058597
-0.502243 0.152636 -0.050731
-0.575537 0.112223 -0.051021
-0.643672 0.101902 -0.050671
-0.538195 0.018474 -0.061473
-0.411949 0.087716 -0.060058
-0.425860 0.041118 -0.053919
-0.617123 0.061322 -0.051821
-0.512154 -0.039439 -0.055010
-0.432865 -0.036213 -0.063618
-0.646814 0.132619 -0.057949
-0.422749 0.134594 -0.051822
-0.657633 0.172787 -0.048941
-0.596420 0.191343 -0.057047
-0.571797 0.090857 -0.059541
-0.612186 0.127810 -0.058355
-0.606836 0.202966 -0.049866
-0.495692 0.120185 -0.051524
-0.489243 -0.021507 -0.054799
-0.487708 -0.022643 -0.054838
-0.462649 0.135250 -0.059467
-0.640449 0.067663 -0.059479
-0.669995 -0.024069 -0.061310
-0.521012 0.099724 -0.059774
-0.464672 0.030886 -0.053819
-0.478436 0.170445 -0.050530
-0.480546 0.018213 -0.053971
-0.581783 0.176656 -0.049503
-0.657878 0.119510 -0.058152
-0.495832 0.101872 -0.059941
-0.597000 0.201738 -0.055262
-0.564979 0.052129 -0.060479
-0.529430 0.188883 -0.049674
-0.428017 0.112660 -0.052275
-0.685675 -0.025165 -0.055153
-0.651414 -0.040020 -0.061832
-0.510308 0.108030 -0.059677
-0.495124 0.148341 -0.050889
-0.502256 0.039460 -0.053302
-0.456825 -0.004401 -0.062690
-0.663198 -0.012707 -0.053108
-0.437868 -0.042381 -0.063716
-0.638396 0.037979 -0.052169
-0.498259 0.145215 -0.050933
-0.586824 0.063569 -0.060032
-0.432005 0.022673 -0.062288
-0.450543 -0.017595 -0.055041
-0.551218 0.038160 -0.052912
-0.481736 0.142911 -0.051127
-0.422289 0.154918 -0.051364
-0.596719 0.174805 -0.049417
-0.551765 -0.019936 -0.054227
-0.431452 0.115766 -0.052175
-0.596661 0.098632 -0.051149
-0.633593 0.100766 -0.058786
-0.452370 0.010904 -0.062381
-0.529268 0.063248 -0.060532
-0.576696 0.121439 -0.050801
-0.571080 -0.031657 -0.062330
-0.522665 -0.020048 -0.054479
-0.477622 0.012045 -0.062138
-0.631697 0.105501 -0.050692
-0.407942 0.119769 -0.060288
-0.544684 0.130877 -0.050861
-0.607101 0.123821 -0.058489
-0.506786 0.100323 -0.059883
-0.659354 0.011575 -0.060592
-0.665588 0.108132 -0.050342
-0.667207 0.001520 -0.060753
-0.436107 0.027491 -0.054141
-0.638116 0.207224 -0.049154
-0.492364 0.122564 -0.051499
-0.641566 0.150765 -0.049579
-0.469333 -0.018843 -0.062911
-0.504407 0.031139 -0.053473
-0.654995 0.035955 -0.052073
-0.573720 0.128942 -0.058659
-0.438702 -0.008648 -0.054940
-0.603498 0.023759 -0.052791
-0.625040 0.058648 -0.051814
-0.485162 -0.037795 -0.055204
-0.457149 0.159509 -0.050961
-0.581631 0.191386 -0.057172
-0.565617 0.003689 -0.053572
-0.669548 0.093188 -0.056509
-0.567526 0.165464 -0.049880
-0.430800 -0.024910 -0.055377
-0.537861 0.174299 -0.049933
-0.624941 -0.034049 -0.061923
-0.493845 0.187645 -0.055353
-0.547350 0.108426 -0.059351
-0.560691 -0.002157 -0.061749
-0.416857 0.079194 -0.061133
-0.490718 -0.031660 -0.055017
-0.433619 -0.012036 -0.055060
-0.674137 0.059409 -0.054887
-0.447418 0.097704 -0.052449
-0.618886 0.185347 -0.056990
-0.549922 0.009318 -0.053578
-0.652069 0.024008 -0.052369
-0.502611 0.026413 -0.053595
-0.653203 0.118286 -0.050217
-0.462211 0.157205 -0.058972
-0.559676 0.051115 -0.052545
-0.436211 -0.016521 -0.063142
-0.583073 0.126372 -0.050635
-0.436287 0.164334 -0.059033
-0.624918 0.019462 -0.052705
-0.553103 -0.021969 -0.054262
-0.665892 0.060826 -0.059417
-0.610005 -0.042202 -0.054234
-0.625893 -0.030382 -0.053829
-0.426514 0.121726 -0.060084
-0.453304 -0.065121 -0.064100
-0.451719 0.114907 -0.052021
-0.652615 0.083041 -0.051023
-0.496751 0.087452 -0.052259
-0.591616 0.158024 -0.049842
-0.616054 0.167212 -0.057427
-0.629130 0.175042 -0.057137
-0.460692 -0.014661 -0.054888
-0.658780 -0.041223 -0.053803
-0.413804 0.134189 -0.059910
-0.424152 -0.001583 -0.062082
-0.539572 0.053138 -0.052671
-0.444999 0.125926 -0.051828
-0.414573 0.171241 -0.051059
-0.469529 0.103122 -0.060138
-0.533762 -0.000868 -0.053948
-0.451367 0.162718 -0.058940
-0.520459 0.149862 -0.050638
-0.525170 0.191907 -0.054535
-0.462379 0.097093 -0.060337
-0.641979 0.085543 -0.051058
-0.637552 0.166880 -0.049248
-0.554324 0.079279 -0.059953
-0.621681 0.081709 -0.051319
-0.490185 0.002426 -0.062249
-0.459481 0.154658 -0.051051
-0.686445 -0.030959 -0.053428
-0.476281 -0.036157 -0.055243
-0.463271 0.017146 -0.062145
-0.608758 0.153227 -0.049804
-0.420085 0.027620 -0.054933
-0.514357 0.042190 -0.053136
-0.621467 0.000896 -0.053157
-0.493585 0.007602 -0.054100
-0.609824 0.065157 -0.051796
-0.526976 0.128953 -0.059059
-0.427211 -0.003542 -0.062925
-0.408529 0.146244 -0.051679
-0.561438 0.050965 -0.060536
-0.589090 0.073450 -0.059788
-0.629910 0.017624 -0.052704
-0.566602 -0.014953 -0.061989
-0.509950 0.030894 -0.053431
-0.485708 0.130858 -0.059370
-0.582140 0.073310 -0.051848
-0.507580 0.020527 -0.053687
-0.657603 0.070892 -0.051257
-0.631374 0.040951 -0.060164
-0.476739 -0.054804 -0.055662
-0.430360 0.129322 -0.059879
-0.680721 -0.011917 -0.052940
-0.455507 0.170698 -0.058723
-0.627752 0.037940 -0.052261
-0.538622 0.008272 -0.053699
-0.558373 -0.013416 -0.062025
-0.446689 -0.017959 -0.055083
-0.586736 0.119731 -0.050754
-0.664767 0.123922 -0.057993
-0.443023 0.089160 -0.052680
-0.666659 0.046051 -0.051743
-0.623494 -0.026440 -0.053760
-0.478195 -0.019583 -0.054850
-0.517681 0.157272 -0.058495
-0.501312 0.031613 -0.053488
-0.666645 0.045054 -0.059768
-0.573788 0.118235 -0.058902
-0.532237 0.004199 -0.061849
-0.626944 0.109643 -0.058641
-0.457769 0.033279 -0.053824
-0.663585 0.017299 -0.060425
-0.482997 -0.041540 -0.063310
-0.648589 -0.042496 -0.059349
-0.662862 0.141721 -0.050763
-0.544377 0.038853 -0.060957
-0.472064 0.131955 -0.059462
-0.525646 0.191951 -0.053524
-0.613087 0.066048 -0.059750
-0.617725 0.073324 -0.051543
-0.565237 0.078360 -0.051878
-0.564327 -0.026105 -0.054260
-0.598475 0.173403 -0.057437
-0.469128 -0.000109 -0.062487
-0.547985 -0.020191 -0.062268
-0.440388 0.003331 -0.054653
-0.532959 0.037678 -0.061082
-0.630371 0.161233 -0.049437
-0.602999 0.077318 -0.059581
-0.652875 0.012446 -0.052625
-0.611206 0.178519 -0.057211
-0.450028 0.114589 -0.052043
-0.673429 0.064316 -0.051582
-0.587814 0.200435 -0.053054
-0.469775 -0.065439 -0.055964
-0.646256 0.154393 -0.049457
-0.545868 0.078877 -0.060035
-0.494340 -0.047971 -0.055356
-0.655015 0.188569 -0.056607
-0.556753 0.152550 -0.058268
-0.503690 0.188876 -0.050078
-0.429002 0.136095 -0.051734
-0.498197 0.173840 -0.058286
-0.415050 0.085652 -0.061002
-0.505529 0.096641 -0.059977
-0.462928 -0.002960 -0.054603
-0.596789 0.152772 -0.057920
-0.613446 -0.045455 -0.062281
-0.641475 0.207722 -0.050943
-0.499258 0.069826 -0.060640
-0.468740 0.106288 -0.052071
-0.610478 -0.037003 -0.062114
-0.633392 0.111368 -0.050544
-0.647993 -0.035986 -0.061770
-0.488434 0.069634 -0.060737
-0.639446 0.056516 -0.059741
-0.596902 0.140578 -0.050193
-0.411123 0.158107 -0.051387
-0.604627 0.082599 -0.059447
-0.457471 -0.036001 -0.055400
-0.463361 0.008489 -0.062341
-0.637922 0.031482 -0.060323
-0.665615 -0.016865 -0.053182
-0.478546 0.097999 -0.060178
-0.551097 -0.043767 -0.054774
-0.643357 0.088757 -0.050973
-0.639308 0.164439 -0.057290
-0.453930 0.127110 -0.059727
-0.516726 0.175607 -0.050085
-0.440685 0.046807 -0.053663
-0.520898 0.015602 -0.061687
-0.462163 0.035633 -0.053733
-0.466919 0.110138 -0.051999
-0.479881 0.158917 -0.058782
-0.574124 0.183343 -0.057419
-0.600726 0.067364 -0.059826
-0.678055 0.030920 -0.057741
-0.517396 -0.019974 -0.062525
-0.516767 0.077733 -0.052308
-0.515482 0.139680 -0.058914
-0.511909 0.143690 -0.058854
-0.543567 0.096581 -0.051650
-0.549199 -0.002332 -0.061852
-0.581850 0.008795 -0.061319
-0.535430 0.078376 -0.060136
-0.646593 0.067666 -0.051424
-0.449955 0.141896 -0.051423
-0.622883 0.121189 -0.050411
-0.540024 0.102176 -0.059556
-0.669706 0.031784 -0.052041
-0.423160 0.155918 -0.051334
-0.598641 0.201506 -0.056797
-0.594239 0.075951 -0.059687
-0.559512 0.017518 -0.053310
-0.659680 0.020236 -0.052390
-0.516087 0.033056 -0.053329
-0.444488 0.166586 -0.050909
-0.644167 0.109097 -0.058506
-0.528727 0.064253 -0.052512
-0.425007 0.058639 -0.053528
-0.429705 0.078916 -0.053027
-0.489912 -0.030276 -0.054992
-0.486098 -0.000532 -0.054349
-0.454760 -0.050194 -0.055746
-0.457063 0.180149 -0.058495
-0.425587 0.083847 -0.052951
-0.429944 -0.044365 -0.058405
-0.602647 -0.010553 -0.053578
-0.630672 0.134379 -0.050045
-0.475907 0.128238 -0.059513
-0.548410 0.002056 -0.061759
-0.640752 0.192439 -0.056642
-0.497725 0.161401 -0.050570
-0.550081 -0.008624 -0.053985
-0.588021 0.011370 -0.053205
-0.468168 0.058705 -0.053157
-0.615674 -0.021070 -0.053705
-0.616424 0.123280 -0.058422
-0.651836 0.103342 -0.050569
-0.604054 0.202642 -0.052486
-0.643186 0.202710 -0.056388
-0.469400 0.167179 -0.050682
-0.511314 0.048891 -0.053010
-0.645610 -0.015904 -0.061334
-0.613995 0.132759 -0.050225
-0.428503 0.149522 -0.059436
-0.493656 -0.035435 -0.055077
-0.662273 0.014624 -0.052495
-0.418685 0.143810 -0.059650
-0.596913 0.114194 -0.058795
-0.613603 0.148437 -0.049872
-0.584745 0.101945 -0.059178
-0.489750 -0.054918 -0.055553
-0.616431 0.060552 -0.059847
-0.501567 0.059795 -0.052846
-0.557049 0.112393 -0.051175
-0.462013 -0.046588 -0.063604
-0.612372 0.144708 -0.057969
-0.512856 0.176526 -0.050097
-0.464141 0.010861 -0.054278
-0.422478 0.010663 -0.061738
-0.487781 0.101750 -0.060013
-0.578609 0.131865 -0.050548
-0.611154 -0.047621 -0.054347
-0.554420 0.039278 -0.060861
-0.658325 0.109940 -0.050363
-0.501862 0.109528 -0.059716
-0.512559 0.190190 -0.054816
-0.632288 0.105507 -0.058689
-0.553751 0.006787 -0.061605
-0.443740 0.161889 -0.059024
-0.518953 -0.044626 -0.063072
-0.480323 0.137555 -0.059264
-0.582870 -0.035259 -0.054309
-0.647218 -0.022866 -0.053476
-0.646136 0.166218 -0.057191
-0.535998 0.179477 -0.057834
-0.522177 0.036348 -0.053202
-0.424209 0.104419 -0.060497
-0.641720 0.157948 -0.057417
-0.611498 0.190656 -0.056933
-0.615195 0.056796 -0.051940
-0.449874 0.031082 -0.061944
-0.519953 0.103993 -0.051684
-0.502515 -0.014086 -0.054516
-0.471879 0.073947 -0.052779
-0.461343 -0.003728 -0.054634
-0.564785 0.017860 -0.053257
-0.682726 -0.027714 -0.061284
-0.581504 0.018185 -0.061109
-0.646841 0.162374 -0.049270
-0.655385 0.196616 -0.051636
-0.422300 0.104855 -0.052501
-0.496167 0.031663 -0.061534
-0.609972 0.020990 -0.060801
-0.470849 0.174600 -0.058503
-0.474114 0.055766 -0.053173
-0.436518 0.119431 -0.060051
-0.506439 0.176032 -0.050163
-0.583104 0.195496 -0.057066
-0.506447 -0.037107 -0.063008
-0.444025 0.045132 -0.053672
-0.510472 -0.025691 -0.054712
-0.642440 -0.010359 -0.053233
-0.531416 0.037099 -0.053106
-0.605905 0.200205 -0.056764
-0.401787 0.161561 -0.052341
-0.655679 0.194450 -0.051512
-0.566401 -0.007373 -0.053816
-0.574364 0.174360 -0.049619
-0.627780 0.171220 -0.049233
-0.464460 0.065653 -0.053031
-0.535417 0.151372 -0.058478
-0.612756 0.111497 -0.058721
-0.465465 0.135997 -0.051424
-0.527318 0.014742 -0.061651
-0.474223 -0.026363 -0.063040
-0.573011 0.142136 -0.058365
-0.642055 0.104920 -0.050617
-0.514581 0.062233 -0.052679
-0.460493 0.153967 -0.051058
-0.419162 0.073259 -0.061249
-0.632489 0.043828 -0.052087
-0.522205 -0.049468 -0.063154
-0.502080 -0.007207 -0.054364
-0.520471 0.023167 -0.053516
-0.591475 0.077997 -0.051662
-0.637269 0.003181 -0.060972
-0.474425 0.055542 -0.053175
-0.528388 0.103422 -0.051625
-0.613305 0.161303 -0.049582
-0.508697 -0.049407 -0.055266
-0.602841 0.201915 -0.048749
-0.572267 0.075359 -0.051886
-0.460892 0.067053 -0.061032
-0.529590 0.129458 -0.059025
-0.675454 -0.019707 -0.061164
-0.574224 0.022953 -0.061063
-0.633191 0.007763 -0.052900
-0.590297 0.004613 -0.061342
-0.478445 0.118047 -0.051721
-0.444724 0.163126 -0.058988
-0.648513 0.092293 -0.050848
-0.531092 -0.000498 -0.061965
-0.484389 0.014162 -0.062032
-0.483116 0.068794 -0.052800
-0.460066 0.001387 -0.054529
-0.518675 -0.022626 -0.054572
-0.520285 0.057243 -0.060746
-0.539848 -0.001042 -0.061902
-0.608683 -0.041687 -0.062236
-0.465340 0.129116 -0.059584
-0.537938 -0.057647 -0.057899
-0.667383 -0.032312 -0.053518
-0.542762 0.059756 -0.060496
-0.613647 0.194858 -0.048817
-0.409154 0.161442 -0.051328
-0.449532 0.124577 -0.059822
-0.650602 0.157579 -0.049347
-0.429182 0.143313 -0.059571
-0.636325 0.198555 -0.048538
-0.477107 0.111084 -0.051890
-0.563151 0.080748 -0.051842
-0.582711 -0.037527 -0.062364
-0.602017 -0.029675 -0.062020
-0.535597 0.147363 -0.058567
-0.601635 0.021929 -0.060851
-0.462629 0.000776 -0.054520
-0.438335 -0.009426 -0.062963
-0.603550 -0.010303 -0.061567
-0.538518 0.089500 -0.059857
-0.528970 0.115251 -0.051351
-0.536762 -0.041924 -0.062858
-0.444591 0.056665 -0.061408
-0.539642 0.027964 -0.053243
-0.502556 -0.044655 -0.055211
-0.626485 0.020187 -0.052675
-0.628322 -0.002418 -0.053173
-0.449364 0.114803 -0.052043
-0.499074 0.098321 -0.051992
-0.437160 -0.031144 -0.063466
-0.573817 0.014499 -0.061258
-0.569628 -0.042650 -0.054590
-0.575661 0.075595 -0.051852
-0.462812 0.055047 -0.061288
-0.546440 0.114390 -0.051221
-0.498711 0.170951 -0.058347
-0.544116 -0.008680 -0.054037
-0.486905 -0.063745 -0.055778
-0.639051 0.095905 -0.050847
-0.648595 0.143317 -0.057691
-0.484600 -0.051396 -0.063520
-0.574798 0.053317 -0.052365
-0.558891 0.007374 -0.061548
-0.593477 -0.006006 -0.053553
-0.554092 0.067822 -0.060216
-0.521825 0.060308 -0.052661
-0.447413 0.171099 -0.050781
-0.430631 0.174378 -0.050850
-0.686584 -0.031596 -0.057901
-0.653056 0.209347 -0.052924
-0.600856 -0.027104 -0.053969
-0.417845 0.157525 -0.051343
-0.525030 0.156834 -0.058442
-0.424837 0.034353 -0.054082
-0.490665 0.079544 -0.052491
-0.514052 0.178696 -0.050037
-0.593138 0.188753 -0.057134
-0.406216 0.165726 -0.051256
-0.582795 0.073332 -0.059845
-0.542261 0.090189 -0.059809
-0.641135 0.152428 -0.057548
-0.431346 -0.054711 -0.057639
-0.462866 -0.036736 -0.063373
-0.569295 0.166101 -0.057853
-0.656329 0.044523 -0.059869
-0.458241 0.086591 -0.060611
-0.472381 0.172709 -0.050531
-0.619248 0.125287 -0.058352
-0.554901 0.011194 -0.061495
-0.614200 -0.012987 -0.061537
-0.555024 0.013011 -0.061453
-0.523074 0.050659 -0.052869
-0.576032 0.173731 -0.049619
-0.632257 0.159720 -0.057458
-0.449264 0.035024 -0.061859
-0.661234 0.057482 -0.051530
-0.513786 -0.048642 -0.055205
-0.586599 0.194157 -0.049064
-0.662746 0.074376 -0.051133
-0.588441 -0.027963 -0.062098
-0.528625 0.109143 -0.059495
-0.633237 0.195702 -0.056632
-0.548608 -0.036686 -0.062637
-0.445682 0.164046 -0.050956
-0.500050 0.148614 -0.058843
-0.428828 0.056550 -0.061545
-0.437771 0.069860 -0.061166
-0.632030 0.092451 -0.058988
-0.453294 0.024575 -0.062062
-0.462168 -0.060294 -0.055912
-0.509300 0.080263 -0.052315
-0.431552 -0.055723 -0.063468
-0.650777 0.053960 -0.059702
-0.440908 -0.067612 -0.064263
-0.422451 0.021011 -0.054405
-0.436019 0.020577 -0.062301
-0.515797 0.021513 -0.061596
-0.542881 -0.029838 -0.062531
-0.610922 0.003327 -0.053192
-0.442036 0.003193 -0.062644
-0.622133 0.098103 -0.058945
-0.426295 0.069862 -0.061265
-0.640602 0.053352 -0.051801
-0.508800 0.039912 -0.061238
-0.498090 0.097565 -0.052018
-0.515234 0.147582 -0.050734
-0.685893 -0.026910 -0.053502
-0.539095 0.057083 -0.060588
-0.658276 0.175822 -0.056361
-0.559353 0.021466 -0.061224
-0.671467 -0.032996 -0.053498
-0.534177 -0.018737 -0.062353
-0.521057 0.082138 -0.052171
-0.598998 0.048512 -0.060270
-0.525181 0.046476 -0.052946
-0.460295 0.073762 -0.052882
-0.535861 0.133209 -0.058886
-0.571426 0.021995 -0.061108
-0.621794 0.140776 -0.049976
-0.575885 0.100513 -0.051284
-0.647697 0.196834 -0.048480
-0.632626 0.144448 -0.049799
-0.565649 0.196040 -0.049201
-0.478942 0.025718 -0.061816
-0.526344 0.016907 -0.061610
-0.438037 0.160535 -0.059104
-0.475594 0.085793 -0.060480
-0.438442 0.178027 -0.050701
-0.605559 0.104269 -0.050944
-0.512288 0.018955 -0.053682
-0.544841 -0.017069 -0.062224
-0.633494 -0.044553 -0.059578
-0.432522 -0.023798 -0.063339
-0.523861 -0.011434 -0.054273
-0.506919 0.143853 -0.058893
-0.614342 -0.003401 -0.053315
-0.414728 0.166876 -0.051157
-0.552940 0.113540 0.024353
-0.481410 0.029229 0.025069
-0.542441 0.101899 -0.025513
-0.510368 0.050895 0.031635
-0.515796 0.057809 -0.003541
-0.518855 0.061218 0.009773
-0.502933 0.051370 -0.051005
-0.465067 0.010727 -0.026632
-0.480350 0.028566 -0.014884
-0.445355 -0.025433 0.033564
-0.568118 0.118960 0.031388
-0.571540 0.135698 0.008250
-0.444603 -0.022628 -0.012322
-0.589716 0.157400 -0.010905
-0.459574 -0.009152 0.044110
-0.482624 0.018550 0.007625
-0.578144 0.130665 0.038907
-0.564140 0.127626 -0.036005
-0.476112 0.010839 0.010067
-0.547824 0.096196 -0.047170
-0.491306 0.040709 0.037506
-0.493995 0.045009 -0.039512
-0.579649 0.145000 0.025544
-0.560085 0.122584 -0.018087
-0.546550 0.094035 -0.002304
-0.560836 0.122493 0.048418
-0.543538 0.089919 0.036301
-0.549740 0.110486 -0.024468
-0.512384 0.066196 -0.006492
-0.464539 -0.002795 0.009763
-0.563442 0.113514 0.026969
-0.545898 0.106153 -0.037713
-0.582056 0.135260 0.039944
-0.580171 0.134719 -0.046967
-0.598496 0.155771 -0.037390
-0.597867 0.166965 -0.008022
-0.589308 0.156242 0.035183
-0.600173 0.169693 -0.008795
-0.563094 0.125221 0.043897
-0.496442 0.047036 0.018784
-0.537941 0.083276 0.039474
-0.524468 0.067978 -0.000101
-0.445870 -0.020250 -0.054326
-0.531438 0.088431 0.008564
-0.585894 0.140275 0.006476
-0.509432 0.050145 0.007592
-0.581158 0.134373 0.028296
-0.545568 0.092666 0.012109
-0.592375 0.147920 0.005997
-0.594812 0.163231 0.001040
-0.553152 0.102150 -0.025017
-0.456529 0.000594 -0.021784
-0.574847 0.139182 0.036371
-0.558192 0.108138 -0.028302
-0.455845 -0.000540 0.000508
-0.515347 0.057314 -0.005954
-0.448362 -0.022190 0.032179
-0.479560 0.025664 -0.052244
-0.563852 0.127357 -0.040777
-0.562462 0.125477 -0.024328
-0.560310 0.110786 -0.038649
-0.511703 0.064876 0.028748
-0.536537 0.094425 0.009620
-0.606254 0.164138 0.015496
-0.541731 0.100036 0.044361
-0.576982 0.129959 -0.006241
-0.500631 0.052572 -0.021975
-0.515523 0.070497 -0.047381
-0.483138 0.032082 -0.030531
-0.458324 0.002410 -0.001439
-0.551529 0.099834 0.002439
-0.475297 0.010329 -0.020619
-0.530039 0.074925 -0.026041
-0.482028 0.017663 0.020134
-0.443330 -0.022586 0.009674
-0.575494 0.128358 -0.016671
-0.604261 0.170986 -0.033579
-0.446021 -0.012017 -0.006354
-0.588395 0.156153 -0.031995
-0.592761 0.160143 0.046674
-0.561187 0.110983 0.018347
-0.530653 0.087703 -0.004882
-0.552713 0.101962 -0.047487
-0.599701 0.162689 -0.045714
-0.597628 0.157823 0.053157
-0.602026 0.159397 -0.001010
-0.607194 0.165394 0.005386
-0.517381 0.059157 0.031779
-0.446197 -0.011565 -0.023022
-0.536200 0.093605 0.038417
-0.469188 0.002827 -0.000045
-0.476426 0.012116 -0.051652
-0.549587 0.110052 -0.007253
-0.586454 0.141697 -0.045455
-0.440986 -0.018253 0.014231
-0.482258 0.030218 0.025754
-0.605184 0.167924 0.014692
-0.497493 0.036599 -0.028177
-0.549303 0.109512 0.006792
-0.498076 0.036526 0.023582
-0.554260 0.105028 -0.048380
-0.523547 0.066809 0.005643
-0.605762 0.163611 0.011858
-0.596246 0.152855 -0.019364
-0.560893 0.110220 0.046630
-0.565743 0.129447 -0.031296
-0.538679 0.084357 0.025086
-0.481135 0.028878 0.026815
-0.471449 0.005964 -0.032140
-0.465627 0.011725 -0.049632
-0.488386 0.025515 -0.004257
-0.542932 0.102623 -0.035401
-0.495371 0.045529 0.035482
-0.547301 0.095319 -0.029450
-0.583877 0.138597 -0.041098
-0.500541 0.039095 0.046475
-0.545411 0.105349 -0.022052
-0.526044 0.082739 -0.036725
-0.597838 0.153744 0.047857
-0.550349 0.111489 -0.043835
-0.532983 0.078658 -0.044012
-0.589899 0.144751 0.023064
-0.508639 0.061667 0.001427
-0.556697 0.118243 0.005690
-0.443390 -0.015388 0.012088
-0.550251 0.101837 -0.048551
-0.469438 0.003006 0.007907
-0.446842 -0.023205 -0.020671
-0.467041 0.000865 -0.038669
-0.499440 0.050485 0.024537
-0.520428 0.075555 0.001756
-0.510459 0.063929 -0.006600
-0.483443 0.020295 -0.045482
-0.605961 0.165967 0.042185
-0.474726 0.009172 0.012327
-0.514299 0.056165 -0.011712
-0.582815 0.137465 0.052236
-0.499167 0.050487 0.002528
-0.585226 0.139261 0.021911
-0.597495 0.167056 -0.044130
-0.475754 0.015656 -0.052641
-0.463146 0.007946 0.008550
-0.487684 0.037368 -0.025686
-0.512095 0.053041 0.024130
-0.554370 0.115736 -0.010410
-0.456361 0.000550 -0.032321
-0.542946 0.090475 -0.049032
-0.539231 0.097050 0.047102
-0.467389 0.001188 -0.032749
-0.469941 0.003541 0.011757
-0.444368 -0.022728 -0.005970
-0.594987 0.150655 0.029389
-0.549355 0.097292 0.001010
-0.529888 0.087106 -0.025606
-0.478528 0.014285 -0.030592
-0.469947 0.003141 0.039496
-0.534477 0.080086 -0.021325
-0.464312 0.008973 0.032169
-0.511072 0.064899 -0.023380
-0.536218 0.081634 0.012940
-0.556248 0.105467 -0.002445
-0.604094 0.161833 -0.000958
-0.444968 -0.022681 -0.017751
-0.472925 0.020038 -0.030020
-0.570531 0.134665 -0.002473
-0.511561 0.065524 -0.026764
-0.515959 0.058642 -0.047214
-0.461283 0.006532 -0.044649
-0.475522 0.010577 -0.019343
-0.581188 0.147852 -0.045101
-0.491195 0.032515 -0.051827
-0.601547 0.171253 -0.004720
-0.600186 0.157442 -0.015543
-0.527171 0.071463 -0.020488
-0.506352 0.046972 -0.023550
-0.464780 0.010293 -0.020120
-0.488385 0.025187 0.017963
-0.582612 0.136626 0.052205
-0.577467 0.130500 -0.004127
-0.521753 0.064106 0.045693
-0.551339 0.112595 -0.039752
-0.606867 0.164561 0.035786
-0.453948 -0.002971 0.013731
-0.565835 0.129431 -0.022872
-0.492022 0.042562 -0.031189
-0.448802 -0.021791 0.040297
-0.489589 0.027269 -0.027166
-0.473109 0.007307 0.009543
-0.554500 0.116206 -0.031964
-0.511361 0.064490 0.027571
-0.478302 0.013472 0.006595
-0.536347 0.093858 0.032986
-0.444546 -0.013894 0.003063
-0.481737 0.029294 0.046798
-0.492024 0.029473 0.018147
-0.512930 0.054222 0.010667
-0.506565 0.059280 -0.002558
-0.606703 0.165122 -0.015474
-0.512609 0.058770 -0.050602
-0.514432 0.056239 -0.006159
-0.479134 0.015267 -0.048902
-0.563418 0.126595 -0.023753
-0.548856 0.097274 -0.037776
-0.522191 0.077808 -0.010160
-0.604385 0.162554 -0.026658
-0.441350 -0.021126 0.014385
-0.552014 0.112610 0.013372
-0.480870 0.028940 0.001352
-0.594409 0.162464 0.020890
-0.567242 0.117795 0.040314
-0.559928 0.109449 0.021707
-0.536320 0.095027 -0.048786
-0.498118 0.049395 -0.007324
-0.482441 0.030288 0.035691
-0.453568 -0.003698 0.032754
-0.513146 0.061404 0.048564
-0.470968 0.017899 -0.041451
-0.454622 -0.001588 -0.026318
-0.564863 0.115312 0.018568
-0.522837 0.078297 0.008367
-0.504223 0.044667 -0.037436
-0.549896 0.111014 -0.047879
-0.525820 0.069911 -0.023192
-0.473564 0.007595 0.046122
-0.575144 0.139683 0.026089
-0.524928 0.080475 0.027853
-0.529160 0.073090 0.028338
-0.524969 0.068389 0.012174
-0.513455 0.066825 0.036591
-0.464795 -0.002056 -0.020082
-0.450375 -0.006729 -0.017000
-0.602858 0.160356 0.000431
-0.466343 0.012269 -0.029230
-0.493197 0.042832 0.044688
-0.581078 0.135299 -0.041140
-0.552890 0.114312 -0.032199
-0.442595 -0.016446 0.020310
-0.567114 0.130699 -0.006558
-0.590935 0.158285 0.026669
-0.557413 0.106246 0.037992
-0.465927 -0.001436 0.028580
-0.547850 0.107453 0.030394
-0.491753 0.042319 -0.036247
-0.526290 0.070667 -0.036942
-0.593730 0.156052 0.053035
-0.591243 0.158830 0.014248
-0.446781 -0.023286 -0.020104
-0.514458 0.068811 -0.018118
-0.470372 0.005810 0.046011
-0.518498 0.073392 -0.005820
-0.597802 0.156607 0.053119
-0.527366 0.072063 -0.045647
-0.545929 0.092783 0.033132
-0.461610 -0.006097 -0.000466
-0.451060 -0.006507 0.022781
-0.487216 0.024125 -0.003475
-0.549166 0.108906 0.036998
-0.486861 0.023402 0.017241
-0.575045 0.140091 -0.009690
-0.474599 0.022122 -0.037644
-0.497600 0.048038 0.043583
-0.539190 0.097839 -0.009957
-0.450809 -0.018902 0.004667
-0.592006 0.160199 -0.017705
-0.476830 0.011713 0.008148
-0.602153 0.158885 0.044025
-0.523657 0.066810 0.014358
-0.495160 0.038835 -0.051551
-0.601968 0.159158 0.010590
-0.450239 -0.007205 0.004439
-0.515730 0.070165 -0.008236
-0.487692 0.024015 0.042160
-0.596028 0.151698 0.041881
-0.468601 0.002379 -0.016629
-0.511994 0.052638 0.043433
-0.497592 0.036646 -0.023388
-0.566583 0.116981 0.042883
-0.583022 0.141150 0.052363
-0.559090 0.120533 0.041711
-0.456860 0.001251 -0.039952
-0.602422 0.159331 0.035233
-0.554214 0.102910 0.008474
-0.522768 0.077683 0.044625
-0.528412 0.072765 -0.009512
-0.504011 0.043336 0.036109
-0.453279 -0.003166 -0.026559
-0.495284 0.045830 0.008007
-0.503956 0.043155 0.044108
-0.572643 0.125287 -0.036333
-0.552938 0.106895 -0.048338
-0.605612 0.169237 -0.020821
-0.504862 0.057314 -0.005318
-0.522590 0.065417 0.023566
-0.594419 0.162652 0.008909
-0.595963 0.164923 -0.021826
-0.477830 0.013762 -0.051109
-0.513496 0.067078 0.022678
-0.585133 0.139032 0.029993
-0.508600 0.049839 -0.038315
-0.494809 0.044988 0.027278
-0.441102 -0.017533 -0.025567
-0.534827 0.092929 -0.025776
-0.532803 0.089928 0.016184
-0.601618 0.171444 -0.012071
-0.482092 0.030308 0.006314
-0.462151 0.006720 0.012165
-0.549271 0.097359 -0.010248
-0.463947 0.009356 -0.023166
-0.486557 0.022893 0.027540
-0.470171 0.016351 0.000047
-0.601068 0.170461 0.010776
-0.443346 -0.015872 0.041384
-0.497664 0.037123 -0.050117
-0.487371 0.023850 0.027656
-0.527828 0.084704 -0.027378
-0.537803 0.084129 -0.029681
-0.462017 -0.006113 0.033264
-0.512892 0.066904 -0.013929
-0.550148 0.098949 -0.048118
-0.468255 0.002460 -0.049905
-0.551586 0.099716 0.015047
-0.547937 0.095698 -0.004197
-0.459678 -0.008628 0.016765
-0.496884 0.036204 -0.050120
-0.446742 -0.010817 -0.030277
-0.474711 0.021756 -0.003720
-0.578703 0.131483 0.028075
-0.542021 0.088900 -0.016068
-0.570860 0.122906 -0.017273
-0.479755 0.015093 0.012752
-0.529582 0.073710 0.019988
-0.492007 0.042443 -0.024353
-0.564420 0.114461 0.040857
-0.607812 0.166333 -0.008909
-0.591744 0.147833 -0.038713
-0.596011 0.165199 -0.036712
-0.577652 0.131339 -0.046468
-0.449721 -0.007011 -0.050254
-0.561741 0.118278 -0.047815
-0.533451 0.078818 -0.017284
-0.464332 -0.002282 -0.041804
-0.527358 0.083665 0.005701
-0.601151 0.158027 0.022086
-0.545046 0.103993 0.040922
-0.538786 0.085175 -0.022000
-0.563158 0.124488 0.051485
-0.501239 0.040878 -0.018892
-0.585397 0.152113 0.002498
-0.475055 0.021691 0.028356
-0.453965 -0.015444 0.022472
-0.453492 -0.016044 0.025362
-0.509523 0.063090 -0.024579
-0.542638 0.102419 -0.045083
-0.591767 0.147173 0.008117
-0.506322 0.059297 -0.023150
-0.573875 0.126412 -0.014102
-0.518025 0.059771 0.041642
-0.447126 -0.010601 -0.014143
-0.518073 0.072440 0.024904
-0.604240 0.162277 -0.019374
-0.441905 -0.019156 -0.037343
-0.518761 0.061879 -0.042748
-0.526497 0.083454 -0.049041
-0.515805 0.069702 0.029295
-0.593323 0.161557 -0.004469
-0.544656 0.091971 -0.013702
-0.518282 0.060067 0.042136
-0.584074 0.137667 0.037968
-0.559299 0.122030 -0.043445
-0.535168 0.092885 0.004628
-0.451798 -0.018121 0.030855
-0.458844 0.003371 -0.025201
-0.554483 0.103059 0.019902
-0.501934 0.054079 -0.019981
-0.447377 -0.010391 -0.008288
-0.552449 0.101053 -0.006739
-0.469954 0.016773 -0.046166
-0.467103 0.012795 -0.004057
-0.474173 0.008162 0.036778
-0.510835 0.051614 0.020130
-0.551496 0.104514 -0.048442
-0.500334 0.051985 -0.005766
-0.478975 0.026322 0.027554
-0.509091 0.061775 0.030340
-0.549343 0.096589 0.047974
-0.568926 0.119835 0.036607
-0.547593 0.094630 0.040902
-0.467616 0.013203 0.009314
-0.604210 0.169313 0.002804
-0.550161 0.110292 0.022571
-0.457120 0.000558 0.028035
-0.508358 0.061026 0.022451
-0.595429 0.163718 0.017340
-0.551687 0.099763 0.019931
-0.519847 0.069540 -0.050124
-0.587044 0.154451 -0.024559
-0.493048 0.031278 -0.022512
-0.487941 0.024642 0.019462
-0.501854 0.053278 0.028144
-0.595455 0.151154 0.032897
-0.589429 0.144773 -0.016067
-0.490153 0.026879 0.044673
-0.490819 0.041087 -0.027324
-0.569060 0.128861 0.051726
-0.552385 0.113273 -0.001970
-0.540425 0.098445 0.047901
-0.532385 0.077737 -0.029250
-0.594591 0.163555 -0.038790
-0.454494 -0.001463 -0.045092
-0.585741 0.140674 -0.033013
-0.451850 -0.017286 -0.021762
-0.543314 0.102092 0.031452
-0.512138 0.053518 -0.004969
-0.456302 -0.000467 0.032223
-0.504979 0.044525 0.032845
-0.520378 0.074992 0.036100
-0.501067 0.040417 -0.001342
-0.447997 -0.009179 -0.041041
-0.538582 0.096976 -0.000008
-0.552301 0.101197 -0.028412
-0.585851 0.139900 0.028596
-0.557261 0.118637 0.024039
-0.548546 0.108114 0.041188
-0.449713 -0.020278 0.010391
-0.579008 0.144513 0.007308
-0.518811 0.061794 -0.032909
-0.583470 0.136969 0.037059
-0.595040 0.162960 0.037710
-0.544454 0.103835 0.004147
-0.500650 0.039478 0.029176
-0.510278 0.064068 -0.030562
-0.470769 0.004515 0.011976
-0.587959 0.155178 -0.000585
-0.525973 0.070068 -0.021658
-0.476336 0.023764 -0.010024
-0.459956 -0.008306 0.017178
-0.565806 0.116223 0.032169
-0.488217 0.034128 -0.051821
-0.483965 0.019732 0.034731
-0.562976 0.125061 0.045234
-0.530983 0.087815 0.014026
-0.570269 0.134952 -0.042977
-0.591273 0.146663 0.003153
-0.566008 0.129817 -0.047359
-0.604674 0.168932 0.002516
-0.490023 0.039395 0.023967
-0.562677 0.125934 -0.038195
-0.476644 0.011138 0.032396
-0.529385 0.073257 0.035110
-0.482618 0.018919 -0.017951
-0.485212 0.034178 -0.006855
-0.498743 0.049961 0.004310
-0.493330 0.043146 0.033967
-0.606057 0.163442 0.047095
-0.469413 0.007133 0.046040
-0.485059 0.032081 0.047129
-0.516885 0.058544 0.033766
-0.600307 0.169336 0.026300
-0.441473 -0.018117 0.043999
-0.551169 0.099441 0.000323
-0.476703 0.024202 -0.010380
-0.598831 0.155486 0.008889
-0.478955 0.014096 0.016450
-0.586715 0.141596 -0.017541
-0.568173 0.119191 0.020007
-0.497070 0.047971 0.005549
-0.498290 0.049408 0.005653
-0.503200 0.043168 -0.017461
-0.574228 0.127138 -0.035236
-0.530509 0.075444 -0.023670
-0.580091 0.135052 -0.046957
-0.566542 0.118175 -0.041650
-0.500003 0.050879 0.042934
-0.521340 0.077061 -0.027589
-0.593940 0.149107 0.050762
-0.445765 -0.012131 -0.019176
-0.561529 0.110919 0.050085
-0.607628 0.165776 0.014241
-0.453600 -0.015800 0.017445
-0.577895 0.130984 -0.002758
-0.527193 0.083298 0.017377
-0.480038 0.015875 -0.017762
-0.484800 0.021483 -0.017502
-0.530442 0.087117 0.018117
-0.579101 0.132853 -0.033294
-0.518781 0.061436 -0.011026
-0.516550 0.070792 0.014853
-0.584694 0.150952 -0.046349
-0.475905 0.010358 0.026177
-0.447928 -0.009320 -0.036962
-0.567720 0.130666 0.044291
-0.563042 0.125459 0.023428
-0.462497 0.006850 0.031147
-0.515997 0.059153 -0.050534
-0.532756 0.077399 0.023528
-0.484537 0.020984 -0.004632
-0.453096 -0.015749 -0.026512
-0.498321 0.049461 0.004557
-0.482876 0.031411 -0.005851
-0.452487 -0.016290 -0.038501
-0.497336 0.036416 -0.028314
-0.489571 0.026719 0.008806
-0.454898 -0.014508 0.033571
-0.489124 0.039396 -0.048180
-0.486526 0.022589 0.045687
-0.600987 0.170308 0.014597
-0.579092 0.133012 -0.044822
-0.529175 0.074185 -0.044956
-0.572004 0.123476 0.035712
-0.496595 0.035356 -0.015542
-0.472842 0.007028 0.007166
-0.497000 0.047890 0.005437
-0.575611 0.140173 0.030221
-0.455000 -0.013276 -0.042103
-0.528634 0.085339 -0.005966
-0.443742 -0.014089 -0.048183
-0.446652 -0.023328 -0.027560
-0.579649 0.145289 -0.046620
-0.554401 0.102941 0.021286
-0.496091 0.043376 -0.051384
-0.561656 0.113812 0.051102
-0.449346 -0.020181 -0.025634
-0.564170 0.114685 0.005646
-0.487686 0.037347 -0.024033
-0.551827 0.112928 -0.023262
-0.480124 0.015084 0.042986
-0.464197 0.008872 0.029827
-0.539180 0.085038 0.018903
-0.493379 0.043187 0.035054
-0.601181 0.170606 0.009963
-0.549174 0.109189 0.018401
-0.445634 -0.012709 0.009685
-0.548878 0.109478 -0.024977
-0.464669 -0.003113 0.041809
-0.566325 0.129393 0.019025
-0.579742 0.133772 -0.044383
-0.460341 0.004991 -0.015338
-0.605486 0.162870 0.040131
-0.511471 0.053249 -0.040114
-0.538243 0.097199 -0.042312
-0.514368 0.056620 -0.037199
-0.606801 0.164473 0.036508
-0.597711 0.154173 0.008497
-0.527359 0.083897 -0.010001
-0.602581 0.159986 0.003459
-0.538322 0.096174 0.033776
-0.577198 0.130691 -0.038720
-0.502701 0.050484 -0.051039
-0.558331 0.120182 0.004720
-0.466708 0.012694 -0.028945
-0.530823 0.087389 0.030127
-0.587270 0.153711 0.043986
-0.442608 -0.021094 -0.008938
-0.475859 0.023341 -0.019485
-0.489956 0.028055 -0.051240
-0.496714 0.035505 -0.016203
-0.475050 0.010106 -0.025190
-0.559154 0.111122 -0.048097
-0.517037 0.058514 0.047965
-0.452542 -0.016041 -0.051033
-0.534858 0.080503 -0.019160
-0.442603 -0.016393 0.017250
-0.594146 0.162514 -0.003659
-0.543863 0.090878 -0.003009
-0.543140 0.101953 0.026858
-0.481191 0.030073 -0.049965
-0.503115 0.054718 0.031227
-0.605867 0.165571 0.052258
-0.472059 0.018996 -0.028581
-0.448659 -0.021898 0.036116
-0.466611 0.012359 -0.052898
-0.503277 0.043347 -0.023465
-0.443937 -0.022745 0.002147
-0.540863 0.099555 0.007526
-0.520848 0.076121 -0.003075
-0.495485 0.046934 -0.051023
-0.540173 0.099377 -0.035742
-0.471520 0.018392 -0.030715
-0.601255 0.171485 -0.044005
-0.596014 0.164496 0.011277
-0.454905 -0.013655 -0.023954
-0.605831 0.163244 0.042363
-0.498648 0.042271 -0.051380
-0.471702 0.017528 0.042673
-0.601565 0.158343 0.033772
-0.597517 0.153925 0.009700
-0.475292 0.021849 0.036530
-0.522857 0.066556 -0.032501
-0.597106 0.154239 -0.044570
-0.562640 0.112915 0.003331
-0.452596 -0.016181 -0.037170
-0.597795 0.154479 -0.005635
-0.452979 -0.004394 0.032960
-0.476351 0.011379 -0.007518
-0.540776 0.099567 -0.000334
-0.463459 -0.004225 0.020398
-0.455914 -0.000488 0.002492
-0.472085 0.018111 0.033778
-0.528791 0.085171 0.018124
-0.536991 0.095175 -0.005009
-0.472670 0.019574 -0.018955
-0.486943 0.024382 -0.042922
-0.571850 0.136768 -0.039767
-0.574445 0.139450 -0.014126
-0.479074 0.016331 -0.052565
-0.452563 -0.004323 -0.005304
-0.605114 0.162678 0.023350
-0.470395 0.017269 -0.044538
-0.464615 0.009744 0.004017
-0.501996 0.053482 0.025571
-0.474837 0.021974 -0.008457
-0.531974 0.077226 -0.027499
-0.547780 0.108287 -0.032020
-0.517017 0.071401 0.010882
-0.531090 0.087872 0.018708
-0.476172 0.023195 0.015593
-0.502347 0.042227 -0.021868
-0.578096 0.130903 0.018788
-0.453046 -0.003749 -0.005630
-0.582495 0.136888 -0.035650
-0.599566 0.169179 -0.022462
-0.604202 0.162380 -0.029495
-0.539727 0.086293 -0.022636
-0.548627 0.108145 0.045597
-0.570126 0.121129 0.044762
-0.573826 0.138520 -0.000479
-0.523986 0.080427 -0.044431
-0.476544 0.023717 0.009857
-0.502704 0.045789 -0.051197
-0.477547 0.012271 0.027696
-0.526472 0.071866 -0.049939
-0.600162 0.169294 0.017521
-0.471792 0.018302 -0.002749
-0.505806 0.058431 -0.005651
-0.560419 0.122020 0.047081
-0.515049 0.069772 -0.036119
-0.530619 0.087308 0.019300
-0.463435 0.008386 0.001804
-0.504278 0.043806 0.025585
-0.574442 0.139215 0.001613
-0.524846 0.068765 -0.023283
-0.472333 0.012132 0.046254
-0.516371 0.070877 -0.005294
-0.448125 -0.009621 -0.000692
-0.497746 0.036746 -0.017858
-0.606757 0.164554 0.027464
-0.557158 0.119348 -0.032646
-0.594893 0.151162 -0.012624
-0.479891 0.021084 -0.052392
-0.592725 0.160582 0.013938
-0.598442 0.155771 -0.041691
-0.607362 0.165332 0.023118
-0.583089 0.137156 -0.006252
-0.603810 0.168857 0.019649
-0.524240 0.067601 0.007260
-0.451824 -0.017287 -0.023840
-0.479577 0.015541 -0.031973
-0.596244 0.153056 -0.033243
-0.480697 0.016209 0.012419
-0.582495 0.136173 0.013047
-0.528945 0.072627 0.042606
-0.542252 0.100136 0.050332
-0.528037 0.084693 -0.009835
-0.440335 -0.019453 -0.002804
-0.577660 0.142900 0.008945
-0.597198 0.153123 0.038712
-0.583276 0.136972 0.021305
-0.543710 0.103247 -0.015476
-0.457341 0.000889 0.023201
-0.541756 0.101407 -0.046987
-0.478380 0.026253 -0.015445
-0.460504 -0.007661 0.017316
-0.581681 0.148055 -0.019395
-0.517898 0.060169 0.004371
-0.542279 0.100657 0.046051
-0.597433 0.154103 -0.009058
-0.452807 -0.004205 0.006223
-0.576429 0.129116 0.006784
-0.581074 0.134297 0.026762
-0.553679 0.108671 0.050802
-0.524629 0.067554 0.041672
-0.603762 0.168325 0.031778
-0.504860 0.057720 -0.033149
-0.490854 0.040142 0.039803
-0.443904 -0.014531 -0.005084
-0.505524 0.045749 -0.006700
-0.457393 0.000802 0.033328
-0.504980 0.056748 0.042661
-0.468563 0.014975 -0.035330
-0.545487 0.093322 -0.039090
-0.450077 -0.019775 0.005356
-0.574465 0.127293 -0.026688
-0.588128 0.155023 0.023547
-0.502241 0.042133 -0.023946
-0.514401 0.068320 0.010802
-0.572055 0.135686 0.050365
-0.581664 0.147239 0.034836
-0.579587 0.133310 -0.025355
-0.516117 0.057431 0.047915
-0.608168 0.167254 -0.043098
-0.560905 0.110562 0.024350
-0.600296 0.156672 0.045676
-0.526443 0.070901 -0.040601
-0.545512 0.093432 -0.044519
-0.444821 -0.024967 0.033312
-0.465314 -0.001731 -0.000559
-0.483366 0.018879 0.044789
-0.557623 0.118994 0.028781
-0.564390 0.127170 0.015167
-0.589676 0.157396 -0.013846
-0.516133 0.067192 -0.050262
-0.518152 0.060524 0.000627
-0.451700 -0.017518 -0.018065
-0.524535 0.068254 -0.013443
-0.556999 0.106814 -0.033940
-0.535744 0.081393 -0.008629
-0.606776 0.164409 0.038910
-0.522612 0.074872 -0.049900
-0.555620 0.104115 0.039182
-0.468692 0.002106 0.009328
-0.487145 0.036979 -0.042412
-0.604894 0.167239 0.034412
-0.591791 0.156848 -0.046037
-0.590991 0.158954 -0.014402
-0.477073 0.023889 0.040655
-0.493437 0.042124 0.047600
-0.492325 0.030846 -0.051119
-0.449134 -0.020629 -0.012131
-0.455336 -0.001762 0.042805
-0.527835 0.071273 0.045736
-0.489288 0.038304 0.039266
-0.444843 -0.013519 0.001323
-0.546312 0.094427 -0.048066
-0.518712 0.073184 0.025474
-0.559290 0.121582 -0.013580
-0.535965 0.093389 0.034243
-0.461230 -0.005993 -0.038025
-0.512665 0.067073 -0.043653
-0.579426 0.144828 0.019419
-0.486196 0.022836 0.002392
-0.486878 0.023377 0.020355
-0.511085 0.065157 -0.039984
-0.562012 0.124559 0.002097
-0.505412 0.045650 -0.009003
-0.550932 0.111467 0.004397
-0.459849 -0.007587 -0.040362
-0.522888 0.078538 -0.003875
-0.495858 0.045967 0.044749
-0.503957 0.043883 -0.005399
-0.503954 0.055983 0.012480
-0.456056 -0.000897 0.041737
-0.487777 0.024116 0.042116
-0.549516 0.097526 -0.001968
-0.538532 0.096677 0.016332
-0.489331 0.038245 0.046782
-0.577258 0.142416 0.009670
-0.587905 0.143381 -0.043635
-0.516370 0.058910 -0.032486
-0.530639 0.075061 0.012819
-0.530596 0.074827 0.025362
-0.559498 0.110123 0.050944
-0.575829 0.128701 -0.013145
-0.520453 0.062794 0.030664
-0.521161 0.075183 -0.049913
-0.536038 0.081327 0.019421
-0.440165 -0.019539 0.035891
-0.472108 0.018556 0.005278
-0.605924 0.165752 0.047391
-0.534669 0.079558 0.030073
-0.605702 0.165996 0.046221
-0.547243 0.106628 0.037823
-0.462754 -0.004859 0.007068
-0.509429 0.049853 0.027264
-0.509682 0.050377 0.011798
-0.558666 0.108060 0.015004
-0.477679 0.025426 -0.015404
-0.449430 -0.020036 -0.028779
-0.504862 0.057170 0.004430
-0.572389 0.137276 -0.031052
-0.476935 0.024581 -0.017579
-0.515915 0.057695 0.013698
-0.601131 0.170169 0.035688
-0.464560 -0.001910 -0.048848
-0.571076 0.135667 -0.026923
-0.472726 0.019052 0.021111
-0.456286 -0.012198 -0.012302
-0.443607 -0.020570 -0.038007
-0.607350 0.165960 -0.020607
-0.479862 0.028251 -0.032643
-0.518869 0.060677 0.047747
-0.498250 0.049265 0.012183
-0.573864 0.125820 0.025332
-0.541187 0.100717 -0.045591
-0.462410 0.007260 -0.003794
-0.497233 0.048742 -0.033834
-0.465630 -0.000951 -0.028268
-0.577257 0.142807 -0.017031
-0.595164 0.163366 0.020036
-0.597715 0.166572 0.006448
-0.582076 0.136378 -0.034590
-0.518751 0.074113 -0.034579
-0.499720 0.039030 -0.014952
-0.546319 0.105548 0.037239
-0.553592 0.102748 -0.030377
-0.455758 -0.012614 -0.026340
-0.496442 0.047498 -0.012634
-0.489255 0.027037 -0.038164
-0.604471 0.171190 -0.041676
-0.567059 0.118096 0.005230
-0.582929 0.137550 -0.045873
-0.474436 0.021449 -0.004898
-0.476073 0.010367 0.039106
-0.453201 -0.016467 0.030820
-0.565223 0.128061 -0.047430
-0.581669 0.135176 0.014575
-0.456356 0.000735 -0.045287
-0.465913 -0.001076 0.002982
-0.575261 0.140510 -0.020866
-0.512908 0.066911 -0.013126
-0.503555 0.056078 -0.026030
-0.600498 0.161454 -0.045743
-0.445522 -0.012307 -0.026673
-0.581729 0.134707 0.051338
-0.470482 0.004196 0.010594
-0.558182 0.107947 -0.016087
-0.573536 0.126301 -0.033713
-0.581725 0.135073 0.026103
-0.516154 0.058766 -0.040028
-0.601147 0.158486 -0.009505
-0.496123 0.046650 0.019510
-0.519410 0.061751 0.017997
-0.544331 0.090915 0.032146
-0.451302 -0.006450 0.038346
-0.449856 -0.019462 -0.033690
-0.506929 0.059475 0.013415
-0.533024 0.077504 0.037881
-0.439628 -0.020207 0.025874
-0.540725 0.100020 -0.035272
-0.588591 0.143567 -0.001307
-0.589998 0.145384 -0.012044
-0.458503 -0.009753 -0.000876
-0.528732 0.073593 -0.040220
-0.481863 0.029907 0.015271
-0.524174 0.079582 0.028178
-0.553923 0.114568 0.033222
-0.536453 0.082573 -0.032072
-0.501978 0.054421 -0.039757
-0.547511 0.095742 -0.041413
-0.457810 -0.009912 -0.045588
-0.459237 -0.008767 -0.009086
-0.590354 0.145585 0.002801
-0.523032 0.065703 0.039577
-0.492004 0.029111 0.041258
-0.450443 -0.006804 -0.006449
-0.527862 0.084879 -0.036498
-0.489120 0.026051 0.018127
-0.515828 0.057554 0.016352
-0.553876 0.113354 -0.048106
-0.516234 0.058157 0.007831
-0.595483 0.164209 -0.011766
-0.584434 0.145524 0.052533
-0.461201 0.005979 -0.013573
-0.578160 0.144010 -0.026430
-0.497851 0.048355 0.042084
-0.585816 0.151876 0.052306
-0.597203 0.166713 -0.044221
-0.441721 -0.021873 0.023538
-0.477638 0.013026 -0.016358
-0.573173 0.137255 0.033200
-0.606441 0.166168 0.029290
-0.540818 0.087862 -0.041938
-0.515471 0.070408 -0.045501
-0.447716 -0.010083 -0.002056
-0.522540 0.066361 -0.044634
-0.467452 0.013768 -0.042342
-0.514128 0.055749 0.002852
-0.462520 -0.005076 0.003041
-0.539095 0.097251 0.022511
-0.554243 0.115770 -0.022958
-0.456789 0.001318 -0.050198
-0.477274 0.011857 0.033992
-0.452945 -0.003758 -0.013136
-0.520468 0.062705 0.037988
-0.528080 0.084099 0.034069
-0.491394 0.040948 -0.051541
-0.594758 0.150815 0.000119
-0.513852 0.067176 0.044542
-0.560460 0.123289 -0.035941
-0.521988 0.064884 0.011586
-0.587834 0.142022 0.043216
-0.550856 0.111002 0.029880
-0.481483 0.017989 -0.045713
-0.485935 0.035069 -0.009478
-0.490833 0.028123 0.014499
-0.441948 -0.020804 -0.003206
-0.591983 0.160405 -0.033618
-0.521638 0.076306 0.047674
-0.529174 0.085227 0.045080
-0.519606 0.074986 -0.025465
-0.486543 0.035260 0.026251
-0.593654 0.161482 0.027199
-0.545177 0.094161 0.050178
-0.607185 0.165574 -0.007634
-0.594987 0.163329 0.008382
-0.605964 0.169401 -0.030618
-0.520016 0.062653 0.005243
-0.565023 0.128819 -0.046351
-0.466169 -0.000698 -0.002204
-0.501933 0.041066 0.024000
-0.503315 0.055156 0.017524
-0.548894 0.096765 -0.000125
-0.553114 0.101820 -0.005605
-0.522345 0.078371 -0.036110
-0.448645 -0.021503 0.008154
-0.496968 0.035698 -0.008937
-0.497841 0.037196 -0.040883
-0.496176 0.046345 0.044550
-0.500151 0.052253 -0.038753
-0.596456 0.155903 0.053074
-0.474427 0.008842 0.010800
-0.519955 0.062512 0.009963
-0.580118 0.133284 0.018945
-0.554768 0.103142 0.037053
-0.605415 0.163975 -0.040804
-0.589371 0.156256 0.039329
-0.468823 0.001741 0.044641
-0.530839 0.075195 0.019766
-0.490432 0.040608 -0.025797
-0.580452 0.145761 0.038167
-0.475254 0.021671 0.045660
-0.584344 0.138388 0.010514
-0.554202 0.114888 0.033805
-0.509754 0.063661 -0.044975
-0.473040 0.019881 -0.010132
-0.552470 0.100647 0.022570
-0.492936 0.031290 -0.032273
-0.566912 0.128362 0.051675
-0.549343 0.109381 0.018889
-0.553733 0.101765 0.047784
-0.541228 0.088183 -0.030942
-0.520538 0.075217 0.033570
-0.573435 0.126154 -0.031779
-0.477435 0.013238 -0.047105
-0.444731 -0.023595 0.005848
-0.604330 0.161526 0.038919
-0.519231 0.074373 -0.013770
-0.452227 -0.005124 0.022282
-0.539422 0.098457 -0.033434
-0.590398 0.157848 0.013320
-0.500425 0.040298 -0.044749
-0.445689 -0.012364 -0.009436
-0.440224 -0.020546 0.022336
-0.459125 -0.009163 0.008917
-0.539421 0.098143 -0.012050
-0.453157 -0.003311 -0.026544
-0.505098 0.058253 -0.050263
-0.533867 0.090970 0.030581
-0.472816 0.007157 -0.003655
-0.451754 -0.005726 0.025331
-0.565421 0.127986 0.042245
-0.486401 0.035115 0.024780
-0.448672 -0.017646 0.044875
-0.467526 0.000308 0.038112
-0.600225 0.169643 -0.001270
-0.571036 0.123251 -0.026658
-0.534981 0.092820 -0.005966
-0.491269 0.029202 -0.023899
-0.499064 0.038637 -0.040799
-0.533890 0.080562 0.049540
-0.608016 0.166733 -0.019797
-0.572106 0.137176 -0.046976
-0.483720 0.031946 0.025444
-0.498810 0.037693 0.003071
-0.461491 -0.006136 -0.007413
-0.440726 -0.018689 0.023047
-0.498567 0.049921 -0.007071
-0.497497 0.048344 0.014471
-0.502553 0.042031 0.008076
-0.453622 -0.003222 0.004680
-0.521330 0.076041 0.041106
-0.508946 0.061513 0.036507
-0.546625 0.107039 -0.039701
-0.560926 0.111234 -0.019712
-0.447931 -0.009150 -0.048312
-0.565763 0.116566 0.005316
-0.604260 0.161291 0.049310
-0.467958 0.013451 0.019847
-0.602216 0.170754 0.008121
-0.516949 0.071531 -0.003439
-0.596895 0.153293 0.002869
-0.504122 0.043885 0.007651
-0.459288 -0.009101 0.017724
-0.542618 0.101928 -0.013234
-0.603132 0.160665 0.001428
-0.542887 0.101793 0.017544
-0.492743 0.031031 -0.030157
-0.577532 0.131126 -0.041579
-0.455831 -0.012985 0.004775
-0.513532 0.067642 -0.012808
-0.525598 0.081052 0.042371
-0.449028 -0.021452 0.035383
-0.510163 0.057385 -0.050687
-0.475153 0.009706 0.010323
-0.488203 0.037359 0.016598
-0.522568 0.077933 0.011568
-0.451606 -0.017945 0.003427
-0.541058 0.087129 0.027212
-0.508822 0.061944 -0.002823
-0.467641 0.003419 0.045887
-0.483179 0.019883 -0.038609
-0.533123 0.091137 -0.040452
-0.546951 0.106761 0.005368
-0.550568 0.110822 0.019069
-0.467428 0.001135 -0.025995
-0.566463 0.129280 0.037847
-0.526454 0.070125 0.013085
-0.589399 0.143737 0.051962
-0.563318 0.113605 0.010769
-0.488399 0.037643 0.012976
-0.600411 0.169077 0.052246
-0.594888 0.151148 -0.012134
-0.602074 0.159275 0.011162
-0.603782 0.168486 0.028007
-0.498003 0.037438 -0.044359
-0.515523 0.056976 0.031287
-0.557079 0.107053 -0.043795
-0.479496 0.027271 0.004793
-0.500791 0.040603 -0.036111
-0.480208 0.028365 -0.012622
-0.519696 0.062508 -0.010509
-0.493505 0.031507 -0.001428
-0.449417 -0.019836 -0.043406
-0.589635 0.157746 -0.040964
-0.558181 0.119594 0.032750
-0.470017 0.016286 -0.007914
-0.451536 -0.004887 -0.049240
-0.583941 0.150575 -0.009594
-0.550515 0.098640 0.002321
-0.520533 0.075793 -0.005958
-0.601642 0.171305 -0.000651
-0.560901 0.123612 -0.022514
-0.486461 0.035679 -0.008815
-0.552277 0.112403 0.048619
-0.601504 0.170974 0.010778
-0.509432 0.063292 -0.045616
-0.470657 0.017397 -0.032157
-0.599240 0.168493 -0.001907
-0.552398 0.101114 -0.015053
-0.579641 0.132727 0.018655
-0.523296 0.078504 0.031139
-0.443547 -0.023446 0.023997
-0.462061 -0.006034 0.031452
-0.545048 0.104690 -0.006385
-0.492371 0.043004 -0.033341
-0.596404 0.165731 -0.041457
-0.560706 0.111017 -0.022579
-0.584616 0.139067 -0.013779
-0.522652 0.077706 0.033739
-0.576847 0.129529 0.012149
-0.530769 0.087354 0.028254
-0.482165 0.031185 -0.047513
-0.569963 0.121876 -0.019161
-0.579438 0.132012 0.051033
-0.560007 0.121925 0.020545
-0.453960 -0.014738 -0.026017
-0.558097 0.119941 0.002388
-0.607583 0.166279 -0.023652
-0.566620 0.118157 -0.034235
-0.481824 0.030078 0.000423
-0.510479 0.063521 0.022756
-0.462591 0.008151 -0.049926
-0.517760 0.059967 0.007077
-0.446398 -0.024354 0.021890
-0.605120 0.169129 -0.009682
-0.441708 -0.017240 0.003196
-0.452114 -0.017844 0.037369
-0.504259 0.044885 -0.049342
-0.519917 0.070612 -0.050087
-0.543255 0.090579 -0.031371
-0.454767 -0.001620 -0.012472
-0.444603 -0.022026 -0.025077
-0.484822 0.021096 0.010699
-0.502887 0.042067 0.032400
-0.529487 0.073638 0.017296
-0.564458 0.127098 0.025533
-0.465133 -0.002475 0.035606
-0.458583 0.002545 0.010169
-0.451732 -0.004920 -0.031280
-0.556271 0.106090 -0.042947
-0.581080 0.134119 0.039338
-0.448145 -0.009347 -0.017800
-0.533499 0.079250 -0.042827
-0.524294 0.079480 0.044784
-0.441276 -0.017479 -0.015242
-0.516649 0.071507 -0.025826
-0.600009 0.157181 -0.011971
-0.566344 0.130312 -0.041998
-0.475702 0.010291 0.014512
-0.558576 0.120945 -0.027571
-0.509713 0.050861 -0.018616
-0.446864 -0.023087 -0.026986
-0.536085 0.094487 -0.030817
-0.574493 0.133139 0.051957
-0.546078 0.093065 0.025868
-0.592265 0.147165 0.048542
-0.483522 0.019057 0.045106
-0.527867 0.083901 0.030384
-0.585336 0.139521 0.013055
-0.530818 0.088355 -0.035993
-0.607506 0.168659 -0.042652
-0.568850 0.119683 0.040839
-0.520731 0.063833 -0.017743
-0.510664 0.051591 0.007917
-0.500492 0.051382 0.047934
-0.549299 0.108993 0.041842
-0.477824 0.025342 0.001956
-0.519466 0.061557 0.035713
-0.582249 0.135598 0.032399
-0.600364 0.169609 0.012284
-0.514304 0.055554 0.030261
-0.553674 0.102432 -0.002353
-0.505464 0.048058 0.047992
-0.521395 0.064434 -0.005303
-0.561577 0.124411 -0.022710
-0.562021 0.112689 -0.030866
-0.579731 0.133210 -0.007088
-0.500607 0.040212 -0.024207
-0.565918 0.123741 0.051504
-0.501365 0.052515 0.040791
-0.579226 0.136075 -0.046937
-0.606105 0.163468 0.049130
-0.494552 0.044926 0.010795
-0.454896 -0.013586 -0.029295
-0.454782 -0.014795 0.043889
-0.448740 -0.020548 -0.049268
-0.554874 0.103281 0.036170
-0.568568 0.120125 -0.011866
-0.481605 0.016985 0.032418
-0.456442 -0.011590 -0.041128
-0.505826 0.059086 -0.048632
-0.552439 0.100794 0.010057
-0.493721 0.044423 -0.021593
-0.535641 0.080445 0.047631
-0.601781 0.159602 -0.034621
-0.451868 -0.005802 0.039621
-0.494255 0.033028 -0.044827
-0.538339 0.096434 0.017474
-0.579047 0.138113 -0.046871
-0.597879 0.155046 -0.037567
-0.475981 0.023885 -0.046712
-0.443415 -0.020972 -0.026034
-0.522499 0.065598 0.003973
-0.595181 0.151678 -0.024729
-0.452655 -0.003662 -0.042854
-0.461435 -0.006820 0.034693
-0.587682 0.154077 0.052139
-0.572282 0.124555 -0.015438
-0.449088 -0.007783 -0.048588
-0.494834 0.044749 0.045501
-0.576226 0.129176 -0.013625
-0.503756 0.043052 0.035109
-0.444519 -0.021618 -0.032222
-0.448156 -0.022216 0.017449
-0.528378 0.072728 -0.009732
-0.466257 -0.000528 0.045732
-0.557026 0.106417 -0.004675
-0.541232 0.088111 -0.025673
-0.505787 0.046196 -0.016049
-0.472074 0.019193 -0.040749
-0.579884 0.146217 -0.038412
-0.518832 0.061057 0.018920
-0.584480 0.151637 -0.038685
-0.445406 -0.023692 -0.004231
-0.578183 0.130621 0.045017
-0.481652 0.030447 -0.038424
-0.504293 0.053418 -0.050915
-0.491645 0.041377 0.019193
-0.572510 0.136639 0.021995
-0.538580 0.085119 -0.034804
-0.522690 0.066128 -0.016783
-0.583644 0.137737 -0.001279
-0.529860 0.074328 0.000200
-0.443534 -0.014775 -0.018200
-0.462067 0.007347 -0.037197
-0.589050 0.144137 -0.003198
-0.567197 0.118362 -0.001861
-0.499776 0.051529 -0.019556
-0.511383 0.052234 0.021877
-0.544529 0.092097 -0.032546
-0.476147 0.023719 -0.022078
-0.488679 0.025704 0.006367
-0.543359 0.101952 0.044517
-0.465987 0.011830 -0.027938
-0.476913 0.023758 0.036690
-0.598587 0.168271 -0.039213
-0.583398 0.149662 0.008985
-0.453041 -0.016514 0.021165
-0.515658 0.069445 0.034974
-0.453912 -0.015834 0.044782
-0.504932 0.057905 -0.039913
-0.477028 0.024525 -0.006341
-0.594574 0.162631 0.022826
-0.479206 0.027149 -0.010234
-0.548791 0.108919 0.006093
-0.555001 0.113660 0.050990
-0.574640 0.126791 0.021537
-0.456984 0.000476 0.022671
-0.464087 -0.002830 -0.024201
-0.492417 0.030549 -0.023570
-0.511846 0.052933 0.011469
-0.455606 -0.012658 -0.035546
-0.573596 0.125690 0.012683
-0.554725 0.115976 0.001730
-0.495731 0.046186 0.019718
-0.524612 0.080029 0.032847
-0.580170 0.145344 0.043929
-0.569299 0.132946 0.015791
-0.589539 0.143958 0.048143
-0.505742 0.046438 -0.036136
-0.584426 0.138571 0.004704
-0.451490 -0.018204 0.011745
-0.583798 0.150241 0.001663
-0.474169 0.021602 -0.036765
-0.534637 0.079638 0.022033
-0.450413 -0.007365 0.029313
-0.499833 0.051939 -0.042893
-0.522216 0.066038 -0.048718
-0.497916 0.048581 0.031884
-0.528658 0.085569 -0.019680
-0.515905 0.057939 0.048492
-0.588284 0.142770 0.028390
-0.453132 -0.016482 0.026268
-0.586682 0.145009 0.052551
-0.530757 0.078917 0.049435
-0.607166 0.167638 -0.014887
-0.597095 0.153672 -0.006885
-0.570466 0.134276 0.018892
-0.560062 0.109223 0.047920
-0.569732 0.120941 0.051471
-0.596709 0.153629 -0.034953
-0.479281 0.014085 0.043381
-0.576392 0.140820 0.048787
-0.549614 0.109522 0.031049
-0.542310 0.089263 -0.017651
-0.445257 -0.022851 -0.019366
-0.477573 0.012545 0.011111
-0.470651 0.004921 -0.025114
-0.511469 0.065348 -0.022182
-0.462690 0.001428 -0.053328
-0.562564 0.120978 0.051358
-0.567079 0.117837 0.024476
-0.472895 0.019145 0.028350
-0.543537 0.102855 -0.002673
-0.448188 -0.009821 0.018003
-0.507583 0.048621 -0.037055
-0.459517 0.004023 -0.015543
-0.575033 0.139348 0.039981
-0.483424 0.019230 0.025498
-0.572861 0.125544 -0.036361
-0.460775 0.004682 0.040519
-0.492912 0.031826 0.047246
-0.456507 0.000426 -0.012136
-0.499200 0.047822 -0.051184
-0.494837 0.033535 -0.032650
-0.527141 0.071245 -0.007984
-0.566420 0.129329 0.031062
-0.539467 0.091206 0.049987
-0.440784 -0.019856 -0.002348
-0.442172 -0.016158 -0.033269
-0.440692 -0.018157 -0.015924
-0.607080 0.166725 0.005980
-0.542244 0.101847 -0.037810
-0.514864 0.069476 -0.030816
-0.535365 0.092976 0.014232
-0.480131 0.015623 0.006907
-0.520383 0.063548 -0.026212
-0.458314 -0.009445 -0.036937
-0.590426 0.157581 0.033724
-0.546334 0.093448 0.020362
-0.579324 0.144442 0.037469
-0.484796 0.021391 -0.011498
-0.528508 0.072299 0.029908
-0.524953 0.080341 0.039009
-0.525619 0.077100 0.049291
-0.572448 0.137385 -0.033733
-0.552739 0.114360 -0.047566
-0.475579 0.022809 -0.005699
-0.511201 0.064496 0.014374
-0.506530 0.046213 0.042428
-0.476651 0.024385 -0.027056
-0.582605 0.148417 0.030160
-0.544811 0.091518 0.050083
-0.600301 0.169417 0.020259
-0.596621 0.165530 -0.010363
-0.605510 0.169405 -0.022555
-0.511178 0.052311 0.000218
-0.498455 0.037820 -0.034111
-0.570240 0.133549 0.050199
-0.478970 0.014737 -0.025964
-0.534669 0.092953 -0.040045
-0.598572 0.167284 0.026791
-0.477023 0.024491 -0.004444
-0.516008 0.057469 0.036550
-0.489051 0.037886 -0.051681
-0.605300 0.166798 0.036448
-0.519021 0.061002 0.037793
-0.455299 -0.011598 -0.053884
-0.503118 0.043515 -0.047625
-0.539766 0.086490 -0.032936
-0.605953 0.166443 0.032246
-0.459461 -0.008662 0.001664
-0.595203 0.150877 0.031590
-0.461950 0.006604 0.003932
-0.516453 0.070273 0.042455
-0.538739 0.084701 0.006491
-0.553817 0.114751 0.012352
-0.549795 0.110212 -0.001341
-0.599843 0.156499 0.021171
-0.484582 0.020758 0.014347
-0.532488 0.090279 -0.032999
-0.537223 0.083311 -0.020520
-0.536887 0.081996 0.042040
-0.453411 -0.003680 0.018950
-0.602600 0.170786 0.000547
-0.595895 0.164611 -0.005983
-0.492279 0.030688 -0.044102
-0.516125 0.070453 0.003877
-0.602842 0.159605 0.050324
-0.477322 0.012674 -0.017710
-0.563245 0.125870 0.011776
-0.589951 0.144483 0.045483
-0.463607 -0.003746 -0.000283
-0.459399 -0.009058 0.023735
-0.506420 0.059703 -0.042938
-0.592529 0.148485 -0.020055
-0.500291 0.040056 -0.038959
-0.477184 0.022798 0.046691
-0.510037 0.050561 0.027761
-0.564036 0.124355 -0.047574
-0.587322 0.154644 -0.015365
-0.500488 0.039179 0.036526
-0.493597 0.031500 0.006394
-0.599877 0.157456 -0.041232
-0.453560 -0.016056 0.031627
-0.457214 -0.010818 -0.031756
-0.487924 0.025527 -0.042165
-0.492926 0.031330 -0.035864
-0.534923 0.079895 0.027452
-0.538951 0.084514 0.036246
-0.593523 0.148812 0.037380
-0.524178 0.070459 -0.050024
-0.546670 0.094853 -0.048326
-0.508646 0.048969 0.024585
-0.541097 0.087549 0.001693
-0.522917 0.078174 0.023221
-0.518194 0.060338 0.016659
-0.490583 0.039896 0.034842
-0.478905 0.014701 -0.028703
-0.505330 0.046130 -0.048228
-0.584540 0.150421 0.048902
-0.543884 0.090727 0.009087
-0.542156 0.100493 0.047327
-0.570799 0.135562 -0.041964
-0.515248 0.070131 -0.044596
-0.514228 0.056164 -0.017359
-0.581008 0.147227 -0.016964
-0.447788 -0.009630 -0.027096
-0.492001 0.041676 0.027363
-0.538789 0.084335 0.035404
-0.543490 0.090698 -0.020639
-0.520804 0.063889 -0.015695
-0.450444 -0.007191 0.019944
-0.600039 0.156326 0.048671
-0.553566 0.102058 0.014392
-0.553082 0.114447 -0.026012
-0.479339 0.027894 -0.050268
-0.516490 0.070235 0.048005
-0.452167 -0.008313 0.045244
-0.526604 0.071054 -0.038079
-0.576286 0.128836 0.014318
-0.604366 0.167962 0.028598
-0.511852 0.052849 0.017682
-0.517741 0.059609 0.029987
-0.531610 0.076441 -0.003246
-0.542361 0.089414 -0.023813
-0.469637 0.003266 0.006154
-0.537005 0.082371 0.026027
-0.520519 0.062998 0.022104
-0.477511 0.024467 0.036393
-0.448952 -0.020832 -0.012960
-0.467554 0.013953 -0.046716
-0.486298 0.023404 -0.028026
-0.590297 0.145084 0.032407
-0.565915 0.129828 -0.043435
-0.520472 0.074462 -0.049948
-0.599307 0.156226 -0.003332
-0.493036 0.030956 -0.001559
-0.512517 0.066174 0.005676
-0.468785 0.002626 -0.018645
-0.452346 -0.005105 0.030550
-0.479243 0.027704 -0.044945
-0.458019 -0.009947 -0.026546
-0.480723 0.028858 -0.004853
-0.472807 0.019364 0.006403
-0.482073 0.030673 -0.020031
-0.455129 -0.000889 -0.033204
-0.510591 0.064296 -0.020973
-0.441896 -0.021228 0.006724
-0.532899 0.090021 0.017561
-0.450343 -0.019714 0.022565
-0.457887 0.001333 0.036780
-0.559902 0.110058 -0.021850
-0.475812 0.022805 0.013280
-0.457719 -0.011246 0.037827
-0.494288 0.032489 -0.005491
-0.578117 0.131599 -0.026843
-0.549586 0.097693 -0.007673
-0.535274 0.093435 -0.024359
-0.446569 -0.024447 0.041995
-0.492092 0.029428 0.026772
-0.561753 0.124151 0.009022
-0.553489 0.114685 -0.009559
-0.596319 0.152293 0.024756
-0.582711 0.141080 0.052356
-0.495163 0.045168 0.043413
-0.578827 0.131387 0.044546
-0.486231 0.034617 0.045027
-0.560643 0.123641 -0.045301
-0.570708 0.134942 -0.007015
-0.564289 0.127046 0.015454
-0.589025 0.144501 -0.030009
-0.528693 0.085489 -0.011413
-0.525357 0.081518 -0.008686
-0.594118 0.161650 0.052981
-0.517952 0.059638 0.044887
-0.460887 -0.007185 0.015566
-0.467450 0.001010 -0.015781
-0.528331 0.073232 -0.047832
-0.563450 0.117813 -0.047803
-0.451556 -0.017322 -0.043016
-0.462947 0.007603 0.015944
-0.600534 0.169660 0.022432
-0.454845 -0.006151 -0.053709
-0.457688 -0.010858 0.009027
-0.560147 0.109970 0.003806
-0.551226 0.112173 -0.020032
-0.456260 -0.000288 0.016633
-0.596373 0.153137 -0.028328
-0.533709 0.079286 -0.028460
-0.466931 -0.000505 0.045713
-0.528794 0.085463 -0.001450
-0.536326 0.082355 -0.027439
-0.544155 0.103693 -0.010164
-0.457005 -0.011007 -0.035671
-0.589256 0.151007 -0.046274
-0.477023 0.024367 0.004095
-0.553284 0.114363 -0.004065
-0.480634 0.016232 0.005790
-0.486022 0.035306 -0.018644
-0.518555 0.065728 -0.050273
-0.525398 0.081486 -0.003185
-0.464053 -0.002440 -0.053385
-0.530920 0.075019 0.038214
-0.538286 0.095006 -0.048973
-0.521799 0.064162 0.045609
-0.563445 0.125852 0.029048
-0.599141 0.155894 0.006015
-0.542930 0.101770 0.022517
-0.591281 0.159478 -0.026763
-0.532495 0.090149 -0.023582
-0.484082 0.032772 -0.001786
-0.547051 0.094058 0.036397
-0.478122 0.015638 -0.052604
-0.546372 0.093235 0.037923
-0.572518 0.125223 -0.042029
-0.588738 0.155892 0.013263
-0.577603 0.131178 -0.039435
-0.574698 0.139494 0.003193
-0.440070 -0.019669 0.037119
-0.527497 0.083978 -0.004424
-0.452728 -0.016517 -0.003706
-0.465368 -0.001393 -0.019177
-0.468212 0.013835 0.014097
-0.528988 0.073042 0.017847
-0.587995 0.142679 0.011384
-0.512850 0.066143 0.034531
-0.595222 0.150639 0.049329
-0.605947 0.169723 -0.037126
-0.519885 0.075030 -0.006086
-0.453890 -0.002624 -0.014522
-0.525416 0.075832 0.049245
-0.577129 0.129454 0.039938
-0.488266 0.025881 -0.038815
-0.576068 0.129288 -0.033941
-0.576975 0.130546 -0.046774
-0.473266 0.019979 0.001363
-0.564643 0.115806 -0.032763
-0.446546 -0.010972 -0.035431
-0.581183 0.134857 -0.002679
-0.492758 0.035730 -0.051694
-0.588332 0.155840 -0.015737
-0.473627 0.008112 -0.003669
-0.588035 0.143129 -0.016048
-0.500931 0.040322 -0.005716
-0.446725 -0.015732 0.044908
-0.474872 0.010076 -0.037410
-0.458920 -0.009521 0.016802
-0.585374 0.140298 -0.036830
-0.468681 0.014296 0.020351
-0.529918 0.087404 -0.043503
-0.533845 0.079588 -0.038157
-0.446006 -0.025037 0.036949
-0.584681 0.150888 0.028458
-0.575554 0.140404 0.009885
-0.524849 0.068607 -0.012335
-0.563008 0.125693 0.004754
-0.496941 0.047402 0.033977
-0.501023 0.053365 -0.044516
-0.462880 -0.000415 -0.053387
-0.589013 0.157069 -0.044741
-0.568279 0.118985 0.042520
-0.592963 0.148686 0.001019
-0.543970 0.090920 0.002808
-0.546622 0.094174 -0.006028
-0.448668 -0.021915 0.038051
-0.451777 -0.004947 -0.053717
-0.525282 0.068751 0.012595
-0.566661 0.117310 0.026764
-0.496389 0.034214 0.045670
-0.585178 0.139080 0.030347
-0.558578 0.108375 -0.013475
-0.453270 -0.015717 -0.014690
-0.572770 0.137823 -0.037699
-0.603313 0.160474 0.028936
-0.578362 0.143739 0.008157
-0.544736 0.091698 0.011258
-0.441791 -0.016634 -0.031424
-0.534452 0.079426 0.021652
-0.532573 0.089907 -0.000898
-0.543901 0.091046 -0.011302
-0.569873 0.121716 -0.015428
-0.519386 0.073994 0.024451
-0.543004 0.090426 -0.041079
-0.502772 0.041990 0.028439
-0.588303 0.155117 0.031188
-0.464524 -0.002837 0.011380
-0.472627 0.007302 -0.028757
-0.490474 0.039904 0.025490
-0.595918 0.152793 -0.041498
-0.501461 0.040235 0.042718
-0.567179 0.117886 0.029107
-0.594657 0.149995 0.047797
-0.518253 0.072923 0.006390
-0.497636 0.048265 0.030960
-0.580824 0.146548 0.014447
-0.487002 0.036023 0.011225
-0.516163 0.070267 0.019634
-0.453461 -0.015347 -0.024539
-0.462683 -0.004763 -0.005224
-0.509436 0.050913 -0.044389
-0.600498 0.158168 -0.039919
-0.544615 0.104314 -0.015448
-0.537552 0.083833 -0.029676
-0.597975 0.153836 0.052513
-0.518978 0.074325 -0.030882
-0.461424 0.006754 -0.048445
-0.556583 0.117623 0.038740
-0.505253 0.058200 -0.034306
-0.450371 -0.019981 0.042999
-0.524998 0.068490 0.007654
-0.525200 0.080642 0.038330
-0.557943 0.120257 -0.031562
-0.517289 0.072600 -0.048927
-0.509245 0.050562 -0.035855
-0.574607 0.126453 0.041810
-0.522287 0.068334 0.048943
-0.452977 -0.016354 0.005127
-0.522156 0.064622 0.042954
-0.553194 0.101417 0.028257
-0.483832 0.031894 0.037891
-0.510103 0.050897 0.010204
-0.546505 0.105642 0.045753
-0.503045 0.042853 -0.008482
-0.452198 -0.005268 0.029813
-0.586130 0.140074 0.039098
-0.519160 0.061999 -0.018942
-0.478246 0.013670 -0.011484
-0.585742 0.152754 -0.013431
-0.471705 0.006395 -0.040962
-0.590455 0.145453 0.019893
-0.580634 0.133434 0.050140
-0.474046 0.007916 0.043294
-0.525503 0.068776 0.028676
-0.522253 0.078315 -0.039716
-0.560118 0.109254 0.050208
-0.563137 0.113034 0.035160
-0.490377 0.040758 -0.040403
-0.595199 0.150983 0.024034
-0.533157 0.078318 -0.006890
-0.577263 0.142984 -0.028632
-0.493523 0.032083 -0.039222
-0.569985 0.121368 0.017221
-0.466936 0.012368 0.011632
-0.591199 0.159071 -0.005670
-0.536553 0.095129 -0.036963
-0.588342 0.155805 -0.012552
-0.526092 0.082045 0.014343
-0.499391 0.051516 -0.049553
-0.534562 0.080186 -0.021286
-0.491120 0.028353 0.021859
-0.464850 -0.002056 -0.015615
-0.503764 0.056414 -0.032116
-0.605023 0.167321 0.030356
-0.443729 -0.020439 -0.042976
-0.560278 0.109561 0.042141
-0.479148 0.027425 -0.033602
-0.464869 0.009466 0.043341
-0.578079 0.130505 0.044598
-0.528683 0.085999 -0.046927
-0.600523 0.158191 -0.039502
-0.527151 0.083008 0.033854
-0.575736 0.141227 -0.031538
-0.530605 0.087802 -0.015424
-0.562827 0.112915 0.018378
-0.444582 -0.024816 0.044568
-0.516014 0.057997 0.001071
-0.552427 0.100913 0.000985
-0.606275 0.166108 0.033552
-0.596734 0.153110 0.002454
-0.581500 0.147134 0.028822
-0.511988 0.066152 -0.035247
-0.477208 0.024555 0.006125
-0.515932 0.069981 0.020557
-0.546293 0.093890 -0.013007
-0.540824 0.098991 0.042772
-0.469232 0.015121 0.008362
-0.526365 0.069790 0.028831
-0.520703 0.075367 0.036620
-0.453165 -0.015422 -0.043161
-0.504228 0.056863 -0.025528
-0.504774 0.044408 0.024427
-0.448049 -0.022634 0.037245
-0.549916 0.109651 0.046453
-0.537905 0.096014 0.011250
-0.523489 0.066999 -0.012036
-0.499394 0.037737 0.046917
-0.571050 0.122162 0.048531
-0.462023 -0.005334 -0.019293
-0.497764 0.036919 -0.028179
-0.498940 0.038090 -0.013603
-0.525144 0.077188 -0.049782
-0.503433 0.042950 0.016070
-0.582717 0.136251 0.025516
-0.461613 0.005988 0.018875
-0.452433 -0.003955 -0.040796
-0.568071 0.119808 -0.030188
-0.449392 -0.007351 -0.053589
-0.599056 0.155680 0.013726
-0.597971 0.166440 0.036023
-0.603050 0.172481 -0.043449
-0.543052 0.102377 -0.009072
-0.514066 0.059059 0.048500
-0.443708 -0.014540 -0.020206
-0.469366 0.015366 0.002489
-0.556163 0.104821 0.034659
-0.568637 0.120581 -0.037352
-0.540213 0.099551 -0.044409
-0.522907 0.066347 -0.014294
-0.580682 0.133634 0.040422
-0.550361 0.110125 0.049904
-0.474902 0.009631 -0.004719
-0.534806 0.080672 -0.034806
-0.545602 0.093587 -0.047869
-0.598313 0.162157 -0.045755
-0.540992 0.086843 0.041395
-0.553966 0.114468 0.043558
-0.521441 0.076625 0.010250
-0.446160 -0.015901 0.044893
-0.485764 0.034915 -0.012746
-0.521870 0.064234 0.046340
-0.570060 0.121921 -0.014358
-0.515734 0.069358 0.047093
-0.536949 0.082391 0.020103
-0.460586 0.004490 0.038503
-0.544928 0.091496 0.040448
-0.525312 0.081843 -0.034456
-0.451939 -0.004765 -0.025270
-0.492248 0.043012 -0.043734
-0.462942 0.007844 -0.000831
-0.511655 0.053012 -0.009265
-0.539623 0.086174 -0.022858
-0.525134 0.068765 -0.000222
-0.444197 -0.014221 -0.002697
-0.562365 0.112569 0.004821
-0.446655 -0.023604 -0.008530
-0.456364 0.000092 -0.000878
-0.458328 0.002771 -0.025689
-0.587900 0.150102 0.052742
-0.491812 0.041177 0.046203
-0.462523 -0.005647 0.042129
-0.465151 -0.000122 -0.053341
-0.522493 0.078724 -0.048257
-0.527931 0.071429 0.042821
-0.466004 -0.001517 0.040307
-0.508506 0.061800 -0.018356
-0.607713 0.166406 -0.021823
-0.489016 0.026573 -0.025678
-0.467380 0.000124 0.038913
-0.576083 0.140439 0.050011
-0.499338 0.050243 0.032816
-0.477523 0.024708 0.021008
-0.586993 0.141260 0.027569
-0.495864 0.046947 -0.021488
-0.545749 0.093180 -0.008353
-0.559353 0.121659 -0.013826
-0.509434 0.050914 -0.044621
-0.606286 0.164845 -0.030106
-0.587919 0.155102 0.001388
-0.525907 0.070215 -0.036930
-0.469795 0.003727 -0.012526
-0.463711 0.008271 0.031812
-0.579371 0.133136 -0.030817
-0.475989 0.022814 0.026807
-0.548086 0.108222 -0.002997
-0.514795 0.056980 -0.027410
-0.443589 -0.021564 -0.016632
-0.537133 0.085548 -0.049309
-0.575371 0.128413 -0.030279
-0.541148 0.088183 -0.037301
-0.521613 0.065069 -0.031136
-0.559918 0.122193 -0.004841
-0.526120 0.081756 0.036318
-0.519158 0.074589 -0.034357
-0.582356 0.135685 0.035080
-0.521704 0.064403 0.021515
-0.493650 0.031025 0.042983
-0.543902 0.103194 0.003572
-0.533027 0.090926 -0.033785
-0.568895 0.132794 -0.006307
-0.531097 0.087722 0.029471
-0.573374 0.125115 0.034009
-0.513963 0.068136 -0.011889
-0.533772 0.079178 -0.016074
-0.595960 0.152355 -0.008318
-0.499424 0.051319 -0.033495
-0.592461 0.147643 0.031748
-0.508362 0.048835 0.010908
-0.510464 0.051461 0.000837
-0.542736 0.102515 -0.043756
-0.505987 0.046343 -0.009945
-0.527788 0.084277 -0.001501
-0.517564 0.072631 -0.028972
-0.571043 0.123555 -0.046802
-0.453496 -0.003016 -0.019423
-0.443499 -0.016320 0.044836
-0.494758 0.032858 0.007111
-0.606338 0.165959 0.035561
-0.514622 0.069234 -0.033770
-0.471905 0.005930 0.006733
-0.516247 0.070532 0.008228
-0.581600 0.147822 -0.010010
-0.530756 0.074885 0.034168
-0.472026 0.018934 -0.027009
-0.535283 0.080595 0.008650
-0.501122 0.053321 -0.033583
-0.528311 0.085020 -0.010137
-0.548052 0.108688 -0.037541
-0.515624 0.070300 -0.025879
-0.590942 0.145780 0.036761
-0.565974 0.129616 -0.024298
-0.456738 -0.012294 0.030543
-0.519066 0.074276 -0.020394
-0.534431 0.091753 0.022532
-0.589613 0.157415 -0.020183
-0.488938 0.037397 -0.051699
-0.479836 0.016110 -0.049931
-0.594264 0.162941 -0.023183
-0.549375 0.109045 0.044313
-0.507257 0.047061 0.043029
-0.452121 -0.005065 0.009738
-0.595216 0.150740 0.041989
-0.500614 0.052428 -0.013529
-0.574906 0.140406 -0.042243
-0.441679 -0.022105 0.029188
-0.471277 0.004636 0.044456
-0.604948 0.169607 -0.016705
-0.523109 0.067538 0.048930
-0.555865 0.104474 0.034393
-0.586880 0.141842 -0.021107
-0.591636 0.159558 -0.003742
-0.544217 0.103187 0.029372
-0.507535 0.047895 0.008537
-0.521934 0.077485 -0.008848
-0.604395 0.171335 -0.043379
-0.453161 -0.016601 0.036714
-0.486624 0.022843 0.036280
-0.546758 0.094662 -0.028320
-0.590892 0.146206 0.003688
-0.583157 0.137071 0.005024
-0.533409 0.091497 -0.042043
-0.465664 -0.001142 -0.012524
-0.585951 0.152768 0.002420
-0.531420 0.076879 -0.048235
-0.607089 0.167146 -0.003087
-0.553795 0.101812 0.049524
-0.495168 0.034148 -0.047775
-0.460209 -0.007499 -0.017454
-0.585795 0.139955 0.020306
-0.474394 0.009504 -0.036847
-0.529358 0.073388 0.024018
-0.606526 0.168039 -0.011876
-0.584705 0.151233 0.006922
-0.462930 0.007501 0.021578
-0.522403 0.065831 -0.019597
-0.544897 0.091622 0.029408
-0.465113 0.010799 -0.027831
-0.485362 0.029250 0.047038
-0.557844 0.119570 0.007264
-0.503673 0.050143 -0.051035
-0.552379 0.101458 -0.039966
-0.594644 0.163222 -0.011898
-0.468359 0.013711 0.034363
-0.494708 0.032729 0.011908
-0.561341 0.124089 -0.019752
-0.552221 0.100265 0.028537
-0.489438 0.027407 -0.048663
-0.505869 0.059071 -0.044110
-0.583239 0.150169 -0.038218
-0.602821 0.169729 0.018973
-0.472560 0.019207 -0.002765
-0.453757 -0.008599 0.045260
-0.572527 0.124203 0.028146
-0.532848 0.077294 0.038025
-0.564332 0.127930 -0.041237
-0.592189 0.160228 -0.005028
-0.473263 0.008646 0.046152
-0.593115 0.148586 0.020028
-0.517616 0.059671 0.015644
-0.454818 -0.001630 -0.053557
-0.595254 0.151843 -0.030046
-0.448327 -0.009885 0.033471
-0.587414 0.141839 0.021919
-0.534757 0.080749 -0.043958
-0.575182 0.128072 -0.022263
-0.557599 0.107122 -0.006696
-0.589893 0.156723 0.049385
-0.456302 -0.012298 -0.004209
-0.536214 0.094847 -0.044969
-0.484286 0.033720 -0.049976
-0.546589 0.094572 -0.035751
-0.546378 0.093463 0.022851
-0.489547 0.026921 -0.006800
-0.572525 0.137557 -0.039281
-0.518320 0.073169 -0.004888
-0.496585 0.048023 -0.036821
-0.572277 0.137200 -0.034871
-0.586065 0.152696 0.016389
-0.480856 0.022634 -0.052325
-0.602550 0.171224 -0.045382
-0.568156 0.131647 0.012506
-0.502135 0.041947 -0.019813
-0.526892 0.079480 -0.049677
-0.554482 0.116053 -0.022986
-0.446516 -0.024407 0.035013
-0.571084 0.122695 0.015087
-0.553340 0.114319 0.003392
-0.573029 0.137023 0.037510
-0.565844 0.116244 0.033744
-0.468848 0.014128 0.045185
-0.591096 0.146015 0.033020
-0.473742 0.021147 -0.040018
-0.514229 0.055991 -0.005539
-0.548933 0.108734 0.030077
-0.525807 0.069156 0.027130
-0.569530 0.121474 -0.026495
-0.523019 0.066633 -0.024773
-0.496605 0.047062 0.030138
-0.583590 0.148594 -0.046446
-0.545196 0.104101 0.045676
-0.541963 0.101423 -0.031498
-0.447936 -0.010254 0.027239
-0.448334 -0.009733 0.023709
-0.496344 0.034671 0.010927
-0.496016 0.039241 0.047545
-0.459377 -0.008179 -0.037854
-0.552477 0.113440 -0.005941
-0.493814 0.032309 -0.031260
-0.476382 0.023856 -0.012586
-0.533801 0.091415 -0.004922
-0.502351 0.041727 0.012533
-0.522008 0.065620 -0.036931
-0.471639 0.006063 -0.023691
-0.526069 0.082100 0.008840
-0.585438 0.152807 -0.041500
-0.468746 0.002955 -0.044156
-0.607489 0.166852 -0.004060
-0.578522 0.143732 0.021412
-0.528724 0.084787 0.038934
-0.597145 0.165249 0.050869
-0.510590 0.051436 0.012582
-0.607534 0.166190 -0.021522
-0.528995 0.085847 -0.011460
-0.541488 0.100654 -0.017170
-0.537281 0.082744 0.022688
-0.600181 0.156519 0.046890
-0.509661 0.063327 -0.029673
-0.535977 0.081286 0.017340
-0.521400 0.064201 0.010915
-0.454075 -0.014254 -0.049660
-0.513346 0.054869 0.000047
-0.582038 0.139025 0.052276
-0.595493 0.164709 -0.044966
-0.560385 0.121936 0.050080
-0.524550 0.079388 -0.049718
-0.518877 0.073819 -0.004524
-0.519850 0.073893 0.049091
-0.526576 0.069964 0.033876
-0.516655 0.070571 0.038351
-0.459965 -0.008152 0.007490
-0.497240 0.035672 0.014639
-0.565241 0.116480 -0.030656
-0.484755 0.033844 -0.020725
-0.441749 -0.022171 0.044612
-0.545479 0.104880 0.015257
-0.453641 -0.003718 0.040009
-0.507969 0.060789 0.007372
-0.583622 0.138139 -0.030393
-0.588338 0.143273 -0.001534
-0.520558 0.075495 0.016282
-0.536830 0.082331 0.014655
-0.488696 0.026197 -0.025821
-0.600433 0.169344 0.035775
-0.476296 0.023936 -0.024956
-0.572255 0.135970 0.047075
-0.523809 0.077811 0.049286
-0.536177 0.094247 -0.007149
-0.601362 0.158719 -0.008129
-0.563459 0.125544 0.051105
-0.580076 0.132860 0.044525
-0.547797 0.100572 0.050435
-0.589121 0.144026 0.010017
-0.581982 0.148344 -0.014928
-0.555612 0.104313 0.025117
-0.590442 0.158151 -0.003799
-0.563152 0.113536 0.002108
-0.541252 0.087484 0.018655
-0.473510 0.020705 -0.028483
-0.541266 0.100467 -0.022258
-0.447530 -0.023063 0.024905
-0.543532 0.102273 0.036567
-0.603012 0.162091 0.053387
-0.525636 0.082245 -0.035790
-0.556207 0.117865 -0.007922
-0.565655 0.129347 -0.031608
-0.513714 0.055698 -0.026910
-0.519445 0.072897 -0.050018
-0.452420 -0.005039 0.031950
-0.596877 0.165782 -0.006993
-0.588205 0.154993 0.031729
-0.566506 0.117241 0.019051
-0.552901 0.113659 0.013107
-0.477743 0.025524 -0.017009
-0.463997 0.003617 -0.053234
-0.458013 0.001619 0.027478
-0.480764 0.016517 -0.003179
-0.511831 0.065821 -0.025359
-0.574211 0.126458 0.009765
-0.469333 0.015148 0.014704
-0.545255 0.092225 0.017019
-0.581343 0.135196 -0.012965
-0.514354 0.068213 0.014306
-0.545027 0.091743 0.031515
-0.553349 0.102307 -0.019879
-0.546138 0.092987 0.035978
-0.540351 0.086284 0.049836
-0.476029 0.010568 0.021893
-0.459755 -0.006255 -0.053633
-0.563794 0.126404 0.019450
-0.479910 0.015608 -0.009859
-0.556389 0.113696 0.051014
-0.482797 0.030655 0.039256
-0.539394 0.097931 0.000162
-0.512863 0.060629 0.048533
-0.493154 0.043778 -0.023178
-0.596660 0.153266 -0.014117
-0.519878 0.062144 0.028820
-0.527082 0.082817 0.041264
-0.567616 0.118628 0.013665
-0.582570 0.148367 0.030718
-0.469414 0.011566 0.046189
-0.440937 -0.020428 0.007002
-0.456312 0.000435 -0.028461
-0.552598 0.113902 -0.027730
-0.574445 0.139063 0.012218
-0.465426 0.011014 -0.017361
-0.586812 0.153996 -0.012173
-0.565201 0.116409 -0.029054
-0.552005 0.112347 0.030540
-0.463778 -0.003587 0.002535
-0.592958 0.149350 -0.044549
-0.545902 0.105077 0.035808
-0.535416 0.081286 -0.027640
-0.500451 0.040130 -0.031187
-0.512461 0.053596 0.015637
-0.595227 0.163666 0.004643
-0.547321 0.094470 0.029984
-0.446235 -0.024449 0.015253
-0.444437 -0.013250 -0.049478
-0.585079 0.152354 -0.039413
-0.595896 0.164908 -0.026240
-0.585206 0.152479 -0.037752
-0.600874 0.170411 -0.001422
-0.512794 0.066644 -0.004081
-0.597320 0.154451 -0.041867
-0.482103 0.017994 0.003713
-0.583113 0.149173 0.019442
-0.606165 0.168856 -0.022696
-0.604632 0.169400 -0.006640
-0.579695 0.145611 -0.012296
-0.442371 -0.016808 0.026899
-0.571365 0.123434 -0.012718
-0.510733 0.052355 -0.038487
-0.466014 -0.000238 -0.046000
-0.573185 0.125185 0.014118
-0.457506 0.001658 -0.015856
-0.569938 0.133616 0.021431
-0.478218 0.014092 -0.042418
-0.442896 -0.015355 -0.029849
-0.532800 0.090510 -0.023686
-0.592587 0.160982 -0.024434
-0.533287 0.090374 0.024690
-0.560858 0.122867 0.024668
-0.474118 0.020461 0.036908
-0.575147 0.140679 -0.041436
-0.467589 0.001067 -0.008447
-0.506194 0.046963 -0.035643
-0.462681 -0.004357 -0.032970
-0.498131 0.036902 0.002467
-0.525505 0.068769 0.029296
-0.555292 0.104165 0.009437
-0.511570 0.065345 -0.013847
-0.554199 0.114677 0.047952
-0.541221 0.099653 0.029545
-0.441412 -0.017199 -0.023441
-0.526073 0.070582 -0.048635
-0.479777 0.015535 -0.015558
-0.571216 0.135191 0.016752
-0.607286 0.165618 -0.002510
-0.590345 0.158583 -0.040978
-0.565779 0.129481 -0.030770
-0.520774 0.068168 -0.050155
-0.531897 0.077292 -0.038129
-0.557095 0.116826 -0.047938
-0.443548 -0.015231 0.013976
-0.551090 0.112002 -0.019307
-0.533502 0.090620 0.025145
-0.534437 0.079810 -0.005776
-0.581864 0.135136 0.033011
-0.505763 0.045806 0.008531
-0.440899 -0.018198 0.003412
-0.494814 0.032593 0.029628
-0.599041 0.167679 0.037504
-0.588985 0.143492 0.035505
-0.522910 0.078063 0.030218
-0.454742 -0.001748 -0.005752
-0.475753 0.010302 0.017829
-0.440578 -0.018707 0.012408
-0.522579 0.077476 0.043526
-0.479894 0.015551 -0.007245
-0.460409 -0.007548 0.001899
-0.535276 0.093407 -0.022221
-0.489402 0.038738 0.018931
-0.454235 -0.002314 -0.007937
-0.535323 0.080241 0.036037
-0.503690 0.042909 0.039458
-0.582313 0.148732 -0.014792
-0.539341 0.085486 0.001257
-0.580846 0.133662 0.051717
-0.578187 0.144162 -0.034611
-0.501019 0.043023 -0.051316
-0.468672 0.002804 -0.039802
-0.593204 0.148629 0.024293
-0.502140 0.053859 0.011480
-0.549312 0.096555 0.047756
-0.509596 0.062742 0.004914
-0.456487 -0.011919 -0.015144
-0.487639 0.024884 -0.021214
-0.485826 0.034274 0.035869
-0.518443 0.060340 0.036544
-0.491468 0.029001 0.005696
-0.488318 0.026085 -0.048505
-0.490072 0.040178 -0.025323
-0.486060 0.022957 -0.016672
-0.600978 0.171169 -0.044705
-0.583762 0.150896 -0.045801
-0.578733 0.131865 0.004499
-0.491417 0.042069 -0.046154
-0.596143 0.152864 -0.028273
-0.528368 0.072244 0.022408
-0.467414 0.012646 0.031011
-0.515403 0.069634 0.001676
-0.471160 0.014034 -0.052769
-0.448774 -0.021314 0.005595
-0.512831 0.053959 0.020619
-0.462635 -0.004282 -0.041796
-0.485141 0.033819 0.011926
-0.441884 -0.016746 -0.016327
-0.514251 0.056401 -0.031680
-0.568688 0.132431 0.001785
-0.497990 0.036477 0.020084
-0.456005 -0.013272 0.038250
-0.446069 -0.011469 -0.039838
-0.533908 0.091641 -0.049156
-0.562122 0.124170 0.037396
-0.535088 0.081101 -0.041396
-0.548059 0.095283 0.033855
-0.472089 0.006320 -0.004991
-0.507795 0.049044 -0.048862
-0.548667 0.096046 0.030713
-0.451591 -0.005696 0.010195
-0.546556 0.094478 -0.032015
-0.550730 0.098348 0.039516
-0.465866 -0.001341 0.017281
-0.581762 0.147970 -0.007084
-0.460179 0.003959 0.041958
-0.554896 0.116567 -0.024758
-0.470708 0.004825 -0.014075
-0.557476 0.118611 0.043137
-0.598606 0.155497 -0.009847
-0.469512 0.015977 -0.027392
-0.452788 -0.003404 -0.049813
-0.538443 0.083788 0.044863
-0.517432 0.063609 0.048707
-0.462699 -0.004794 -0.001826
-0.472553 0.006943 -0.010239
-0.495999 0.046256 0.036326
-0.593368 0.149348 -0.011539
-0.484400 0.020662 0.006284
-0.445055 -0.013419 0.011493
-0.561145 0.124038 -0.032036
-0.473119 0.007171 0.019637
-0.529996 0.075150 -0.044791
-0.496048 0.034338 0.009836
-0.523040 0.066329 -0.002408
-0.591480 0.159930 -0.041585
-0.533935 0.091685 -0.012592
-0.550584 0.098154 0.040971
-0.506948 0.059068 0.042649
-0.562120 0.124631 0.005880
-0.576692 0.142191 -0.020386
-0.555099 0.103670 0.027745
-0.493832 0.043895 0.023265
-0.553158 0.101117 0.045787
-0.458874 -0.003894 -0.053568
-0.448226 -0.009910 0.027081
-0.511302 0.055875 -0.050720
-0.491334 0.029461 -0.036301
-0.519880 0.074796 0.009524
-0.502955 0.054976 0.000840
-0.576405 0.141809 -0.017484
-0.586845 0.154530 -0.045880
-0.548146 0.095973 -0.006152
-0.548468 0.096540 -0.018936
-0.461087 -0.006445 -0.018770
-0.536326 0.081494 0.031189
-0.509496 0.049859 0.032143
-0.537212 0.083087 -0.006115
-0.519846 0.062126 0.027500
-0.590471 0.145410 0.024113
-0.520337 0.074831 0.043717
-0.554255 0.103755 -0.045788
-0.477735 0.025340 -0.005066
-0.578415 0.144459 -0.036581
-0.456920 0.001059 -0.022170
-0.579453 0.144918 0.015476
-0.580369 0.145865 0.024419
-0.472803 0.007833 -0.050763
-0.566022 0.129458 -0.009677
-0.559196 0.120993 0.018917
-0.468266 0.013662 0.030176
-0.503193 0.055339 -0.004794
-0.477283 0.025437 -0.047886
-0.532613 0.087814 0.049763
-0.462647 0.007724 -0.016345
-0.495592 0.033800 0.009901
-0.574493 0.127623 -0.046937
-0.468356 0.009828 0.046113
-0.542789 0.089218 0.023909
-0.569597 0.134158 -0.042805
-0.452947 -0.015801 -0.034918
-0.514329 0.068924 -0.036102
-0.529067 0.072985 0.028077
-0.448403 -0.008668 -0.043201
-0.492691 0.039273 -0.051576
-0.600075 0.169936 -0.033205
-0.529023 0.086386 -0.045913
-0.596942 0.156653 -0.045961
-0.575135 0.128013 -0.021946
-0.486355 0.023618 -0.038060
-0.561264 0.123830 -0.008333
-0.479124 0.026939 -0.002448
-0.593365 0.162098 -0.037997
-0.501830 0.041194 0.007061
-0.468526 0.014721 -0.021014
-0.491502 0.041232 0.017607
-0.562628 0.113067 -0.007939
-0.585657 0.140691 -0.040888
-0.521016 0.068441 -0.050142
-0.589483 0.143890 0.048297
-0.484323 0.020146 0.035332
-0.442081 -0.022884 0.038464
-0.570232 0.134798 -0.035473
-0.518503 0.073199 0.007711
-0.464138 -0.003680 0.037821
-0.561767 0.123652 0.044123
-0.556583 0.118364 -0.011737
-0.556686 0.117955 0.024366
-0.448379 -0.009199 -0.009011
-0.489833 0.029309 0.047112
-0.463835 0.008710 0.011828
-0.551037 0.099432 -0.009708
-0.478199 0.013949 -0.034211
-0.527533 0.083947 0.000530
-0.501736 0.041482 -0.020124
-0.545379 0.105160 -0.011794
-0.552327 0.101112 -0.020556
-0.523424 0.067063 -0.021532
-0.599169 0.169036 -0.044639
-0.591318 0.156186 0.053001
-0.498177 0.049324 0.002307
-0.568054 0.131845 -0.009180
-0.541035 0.087005 0.033815
-0.564094 0.127269 -0.015333
-0.487183 0.036373 0.001890
-0.567826 0.119154 -0.005293
-0.521515 0.077454 -0.040254
-0.510990 0.051679 0.028119
-0.495947 0.047364 -0.043226
-0.549631 0.109940 0.003904
-0.582388 0.146103 0.052519
-0.540073 0.094366 0.050103
-0.446352 -0.011513 -0.014122
-0.563557 0.126883 -0.032154
-0.512095 0.053833 -0.029899
-0.563653 0.114638 -0.032701
-0.506546 0.047596 -0.050442
-0.514549 0.068481 0.011637
-0.541668 0.088711 -0.031562
-0.505439 0.045045 0.034391
-0.562117 0.125200 -0.033083
-0.470250 0.004125 -0.003225
-0.546482 0.105980 0.020930
-0.513103 0.067175 -0.015483
-0.547155 0.094758 -0.003009
-0.522852 0.065969 0.006991
-0.475280 0.022453 -0.005518
-0.533758 0.078200 0.049361
-0.563739 0.114028 0.015728
-0.594672 0.150254 0.031398
-0.526484 0.082192 0.035788
-0.548430 0.096854 -0.043384
-0.550271 0.098367 0.001339
-0.452846 -0.016768 0.022843
-0.457822 -0.010700 0.008978
-0.464248 0.008926 0.030269
-0.464120 -0.003077 -0.004656
-0.606333 0.164554 -0.006530
-0.513409 0.059305 -0.050571
-0.474299 0.017322 0.046460
-0.475336 0.009968 0.007193
-0.550411 0.111171 -0.017280
-0.583841 0.138014 -0.004362
-0.561884 0.124013 0.028938
-0.586611 0.153003 0.039324
-0.532812 0.078335 -0.035648
-0.485177 0.021728 -0.003873
-0.593518 0.162165 -0.030237
-0.478078 0.013177 0.008653
-0.515361 0.057687 -0.030128
-0.590279 0.157253 0.044283
-0.518087 0.072887 -0.004470
-0.541983 0.088641 -0.001480
-0.506032 0.053686 0.048191
-0.489882 0.026945 0.018500
-0.464886 0.010753 -0.042915
-0.600428 0.158034 -0.036400
-0.552753 0.100869 0.030165
-0.593335 0.160769 0.050125
-0.606836 0.165719 -0.045471
-0.494712 0.033268 -0.024535
-0.540999 0.100330 -0.034347
-0.479424 0.014913 -0.001552
-0.520499 0.075528 0.009253
-0.571146 0.134961 0.026770
-0.455621 -0.012767 -0.026936
-0.510150 0.063445 0.001545
-0.574551 0.139908 -0.036756
-0.461509 0.006663 -0.035428
-0.573461 0.126325 -0.041379
-0.574067 0.138677 0.008193
-0.592499 0.148495 -0.023157
-0.454992 -0.010685 -0.053859
-0.523281 0.078704 0.016263
-0.451585 -0.005599 0.003091
-0.558980 0.108476 0.011891
-0.560639 0.122831 0.009550
-0.481154 0.029416 -0.008225
-0.485997 0.022585 0.003560
-0.604322 0.166453 0.053555
-0.572432 0.124691 -0.012673
-0.490531 0.028175 -0.013231
-0.549506 0.109400 0.030708
-0.524005 0.079644 0.010415
-0.463836 0.009354 -0.031944
-0.526819 0.070582 0.011259
-0.471125 0.005751 -0.043612
-0.589591 0.144357 0.025204
-0.581642 0.142586 0.052389
-0.544067 0.103290 0.010264
-0.478956 0.026693 0.000831
-0.484834 0.033273 0.024475
-0.460512 0.005134 -0.011291
-0.510382 0.063099 0.043710
-0.548568 0.096164 0.014661
-0.525299 0.081723 -0.027299
-0.577913 0.143889 -0.038078
-0.571768 0.136589 -0.034154
-0.585218 0.152109 -0.011588
-0.524784 0.068120 0.015663
-0.451269 -0.017955 -0.022922
-0.557368 0.118549 0.038619
-0.548093 0.108311 -0.008529
-0.562716 0.124078 0.051464
-0.597254 0.165641 0.032912
-0.467016 0.000769 -0.034180
-0.565962 0.129401 -0.010658
-0.552259 0.113216 -0.008224
-0.466027 0.011563 -0.006499
-0.568353 0.119565 0.008999
-0.531244 0.075265 0.047536
-0.532148 0.089046 0.023678
-0.535796 0.081861 -0.036335
-0.515168 0.056319 0.047483
-0.568916 0.122798 0.051521
-0.480446 0.028817 -0.024240
-0.475867 0.010746 -0.003238
-0.470523 0.017455 -0.046903
-0.455661 -0.000404 -0.023600
-0.542961 0.090455 -0.046510
-0.565140 0.115763 0.010052
-0.576308 0.141917 -0.032598
-0.594163 0.150686 -0.038877
-0.587362 0.142006 0.006385
-0.529337 0.086119 -0.002570
-0.468078 0.001512 0.000503
-0.453400 -0.015681 -0.006752
-0.551490 0.111996 0.013093
-0.480597 0.016140 0.009035
-0.461423 0.006088 -0.003196
-0.598409 0.155529 -0.027895
-0.453630 -0.015524 0.001048
-0.557070 0.107990 0.050833
-0.458804 -0.009551 0.009520
-0.522864 0.066259 -0.011726
-0.555507 0.116682 0.016406
-0.472974 0.007600 -0.021134
-0.466357 0.011190 0.045332
-0.458996 0.003899 -0.048901
-0.462871 -0.004989 0.025267
-0.485233 0.024985 -0.052175
-0.504776 0.044617 0.010330
-0.599299 0.169178 -0.043826
-0.507568 0.048702 -0.043760
-0.499058 0.049821 0.039148
-0.459731 -0.007750 -0.038679
-0.545844 0.105558 -0.001515
-0.484451 0.032969 0.014404
-0.559899 0.116974 -0.047888
-0.522040 0.077963 -0.032827
-0.522124 0.077938 -0.024360
-0.502181 0.053410 0.045392
-0.485532 0.027203 0.046972
-0.482172 0.029957 0.036574
-0.560750 0.111235 -0.033858
-0.505632 0.045455 0.022016
-0.514287 0.067620 -0.050277
-0.491382 0.041390 -0.002799
-0.489876 0.039013 0.038233
-0.458343 -0.006139 -0.053652
-0.585212 0.151481 0.030728
-0.592961 0.147979 0.048970
-0.521629 0.076510 0.033181
-0.545152 0.104311 0.027743
-0.459880 0.004350 -0.008681
-0.505153 0.044612 0.040964
-0.471763 0.018985 -0.051554
-0.560385 0.110700 -0.026812
-0.543288 0.089876 0.019143
-0.547614 0.107943 -0.021927
-0.473111 0.007685 -0.015948
-0.499567 0.038985 -0.024210
-0.572389 0.137364 -0.047003
-0.484241 0.033230 -0.020179
-0.546014 0.097480 0.050303
-0.518378 0.073433 -0.018232
-0.552081 0.101120 -0.040859
-0.472678 0.006335 0.041225
-0.561568 0.112093 0.051043
-0.565571 0.128897 -0.007747
-0.561990 0.112213 -0.001028
-0.515775 0.069969 0.008678
-0.511469 0.064725 0.020253
-0.439775 -0.019942 0.032003
-0.533791 0.078243 0.049055
-0.440147 -0.018961 -0.004900
-0.575261 0.139457 0.050898
-0.476007 0.023328 -0.006716
-0.545920 0.093712 -0.030870
-0.565897 0.116762 0.002758
-0.454199 -0.002688 0.014628
-0.499393 0.050957 -0.011336
-0.575787 0.128618 -0.010830
-0.581256 0.147443 -0.011788
-0.532399 0.076778 0.037192
-0.451658 -0.004830 -0.043357
-0.481667 0.029490 0.027898
-0.471280 0.004763 0.036045
-0.536794 0.081874 0.042879
-0.600529 0.158014 -0.026965
-0.540011 0.085969 0.022256
-0.490088 0.026945 0.034989
-0.582068 0.136450 -0.040102
-0.482617 0.031315 -0.020139
-0.556865 0.119152 -0.042765
-0.507655 0.048606 -0.030230
-0.591684 0.146431 0.051996
-0.535384 0.088141 -0.049250
-0.603983 0.161813 -0.008438
-0.482968 0.018637 0.029340
-0.553981 0.102601 0.010741
-0.531259 0.076278 -0.020252
-0.594979 0.163410 0.002241
-0.444151 -0.014633 0.021737
-0.555530 0.105033 -0.030490
-0.606014 0.164287 -0.013893
-0.525501 0.069790 -0.040586
-0.491216 0.041188 -0.002368
-0.542181 0.101182 0.002422
-0.473974 0.020693 0.009509
-0.552916 0.114294 -0.028867
-0.541077 0.087050 0.034174
-0.492923 0.043436 -0.018413
-0.491222 0.040960 0.013611
-0.484886 0.033369 0.022094
-0.460072 -0.007294 -0.042366
-0.485201 0.034349 -0.019363
-0.451141 -0.018183 -0.017693
-0.599795 0.164531 -0.045651
-0.584124 0.139589 -0.046740
-0.597053 0.165211 0.046006
-0.591143 0.146652 -0.006553
-0.493839 0.031268 0.041639
-0.489253 0.039334 -0.033690
-0.544816 0.104766 -0.030105
-0.518989 0.061737 -0.014792
-0.553903 0.102543 0.008419
-0.577355 0.130683 -0.025565
-0.600355 0.165996 -0.045593
-0.443459 -0.015200 0.004727
-0.468562 0.002241 -0.010361
-0.595943 0.165124 -0.037096
-0.445229 -0.013674 0.042882
-0.496807 0.048419 -0.046046
-0.576922 0.141930 0.015813
-0.508775 0.061663 0.012563
-0.562115 0.112318 0.001921
-0.526697 0.070541 0.004249
-0.479778 0.015311 -0.000253
-0.504049 0.050321 0.048046
-0.533124 0.089862 0.046376
-0.492593 0.030081 0.022464
-0.531408 0.088303 0.014927
-0.554603 0.103823 -0.022457
-0.459245 0.003248 0.015379
-0.480059 0.016290 -0.044282
-0.572981 0.138001 -0.032956
-0.440848 -0.018230 0.001562
-0.526554 0.082475 0.022203
-0.601144 0.158057 0.019466
-0.465993 -0.001483 0.037031
-0.557990 0.107199 0.019448
-0.580113 0.145460 0.031528
-0.553624 0.114388 0.021553
-0.599668 0.156511 0.006345
-0.478749 0.025907 0.037725
-0.527436 0.083496 0.023418
-0.504371 0.044524 -0.015804
-0.486227 0.035977 -0.047854
-0.563933 0.114789 -0.020506
-0.529497 0.078609 0.049404
