ply
format ascii 1.0
element vertex 5000
property float x
property float y
property float z
end_header
-0.598321 0.170552 -0.046528
-0.427032 0.086877 -0.050137
-0.582277 0.102910 -0.056252
-0.497198 0.195319 -0.054945
-0.555023 0.146615 -0.047505
-0.453128 0.182408 -0.055674
-0.467960 -0.029177 -0.060425
-0.472928 -0.045918 -0.052761
-0.409814 0.114095 -0.049675
-0.610977 0.063547 -0.048880
-0.576247 -0.005054 -0.058809
-0.502319 0.131496 -0.048369
-0.574323 -0.023954 -0.059265
-0.537687 0.129884 -0.056064
-0.558749 0.103454 -0.056469
-0.445792 -0.041354 -0.060923
-0.566806 0.109350 -0.056254
-0.479287 0.145933 -0.056263
-0.484607 -0.052350 -0.052796
-0.532166 0.171083 -0.055165
-0.623671 0.211336 -0.045337
-0.639145 0.122530 -0.047241
-0.511306 0.029378 -0.058647
-0.490693 0.085103 -0.049556
-0.475123 -0.018247 -0.060102
-0.516562 -0.005687 -0.051404
-0.623544 0.080249 -0.056374
-0.632555 0.189478 -0.045756
-0.457628 0.020152 -0.051382
-0.506648 0.006086 -0.051228
-0.631732 -0.023607 -0.050694
-0.597725 0.204053 -0.053762
-0.536275 0.066076 -0.049551
-0.567972 0.166039 -0.054932
-0.594491 -0.040040 -0.051438
-0.542720 0.155309 -0.055426
-0.573267 -0.008504 -0.058918
-0.589402 0.118683 -0.055818
-0.578971 -0.033074 -0.051428
-0.487821 0.114554 -0.048903
-0.541500 0.203753 -0.054318
-0.596130 0.078958 -0.056671
-0.542215 0.057515 -0.057694
-0.637149 0.042892 -0.049102
-0.480253 0.188049 -0.055279
-0.418543 0.130277 -0.057218
-0.543817 0.201939 -0.046334
-0.453901 -0.052398 -0.061099
-0.451482 0.161930 -0.056164
-0.514129 0.148655 -0.047857
-0.535877 -0.001008 -0.051107
-0.483474 0.195819 -0.055068
-0.524529 0.152855 -0.047658
-0.629094 0.090528 -0.056082
-0.577311 0.083830 -0.056742
-0.629909 0.135932 -0.055023
-0.544306 0.165648 -0.055172
-0.474762 -0.028017 -0.060331
-0.566486 0.176204 -0.046708
-0.519146 0.196645 -0.046698
-0.464329 0.105174 -0.057352
-0.612782 0.125375 -0.047432
-0.561724 0.193056 -0.046365
-0.490711 -0.004848 -0.059639
-0.578446 -0.043521 -0.059677
-0.434675 0.084855 -0.058112
-0.425265 0.093512 -0.058003
-0.628354 0.192977 -0.045716
-0.406831 0.126643 -0.052650
-0.558367 0.035322 -0.050047
-0.535163 0.019813 -0.050632
-0.548129 0.025507 -0.058376
-0.486762 -0.017077 -0.051958
-0.533193 0.120159 -0.048330
-0.454597 0.119443 -0.049114
-0.549525 -0.013025 -0.059254
-0.578661 0.059388 -0.049292
-0.496359 0.046294 -0.050399
-0.640216 -0.023361 -0.058608
-0.648264 0.210524 -0.046736
-0.466704 0.092936 -0.049609
-0.572437 0.021217 -0.058238
-0.617229 -0.037104 -0.051148
-0.434544 0.017309 -0.059675
-0.523861 0.067030 -0.049650
-0.412844 0.172980 -0.048283
-0.554219 0.167529 -0.055031
-0.537659 0.083450 -0.049136
-0.474835 0.142545 -0.048382
-0.651252 0.180231 -0.045787
-0.504736 0.121137 -0.048585
-0.426239 0.057476 -0.050825
-0.501784 0.180393 -0.055246
-0.591674 0.028221 -0.049886
-0.587768 0.045677 -0.049520
-0.632142 0.015629 -0.049782
-0.619128 -0.037577 -0.059143
-0.557598 0.206545 -0.046093
-0.528248 0.005126 -0.059042
-0.438867 -0.028367 -0.052687
-0.491329 -0.028090 -0.052169
-0.657464 0.113278 -0.055278
-0.528689 0.034072 -0.050366
-0.587770 0.071654 -0.056922
-0.631253 0.061812 -0.056725
-0.617485 0.186952 -0.045962
-0.422434 0.079969 -0.050342
-0.406144 0.144612 -0.057008
-0.595365 0.028585 -0.057844
-0.423208 -0.026551 -0.060291
-0.615888 0.182109 -0.054092
-0.516004 0.000368 -0.051269
-0.572165 -0.000915 -0.058753
-0.455783 0.005264 -0.059747
-0.418972 0.058220 -0.050879
-0.562327 0.205147 -0.046079
-0.673599 -0.026566 -0.057665
-0.632277 -0.023299 -0.058684
-0.562774 -0.018497 -0.059251
-0.474674 -0.037106 -0.052540
-0.609728 -0.039307 -0.059274
-0.560278 -0.012827 -0.051142
-0.575242 0.075775 -0.056949
-0.615072 0.180798 -0.054130
-0.573813 0.000176 -0.050709
-0.408552 0.110431 -0.052451
-0.514578 0.011680 -0.051021
-0.619495 0.169534 -0.054348
-0.455462 0.105525 -0.057430
-0.417784 0.115565 -0.057566
-0.489007 0.008950 -0.051334
-0.515045 0.021549 -0.050789
-0.659383 0.061641 -0.056454
-0.460817 -0.029548 -0.060503
-0.483763 -0.009075 -0.051803
-0.615803 -0.016560 -0.050686
-0.636126 0.142632 -0.054807
-0.660659 0.003399 -0.049786
-0.444901 0.081088 -0.050096
-0.486599 0.013706 -0.059250
-0.661767 -0.008996 -0.050062
-0.582915 0.208427 -0.045802
-0.597672 -0.033499 -0.059258
-0.594752 0.178681 -0.054378
-0.646554 0.205731 -0.045243
-0.427738 0.195926 -0.050369
-0.523808 0.056764 -0.049888
-0.472155 -0.040085 -0.060636
-0.650023 0.001341 -0.057940
-0.412907 0.073850 -0.058579
-0.639837 0.094508 -0.047882
-0.469712 0.093385 -0.057572
-0.579001 0.089051 -0.048602
-0.519302 0.032812 -0.058489
-0.570798 0.141633 -0.047466
-0.510303 0.028995 -0.050663
-0.616291 0.147964 -0.046875
-0.485818 0.061892 -0.050141
-0.454693 -0.037647 -0.052747
-0.650088 0.177020 -0.045873
-0.421388 0.131009 -0.049171
-0.422250 -0.017919 -0.057026
-0.437080 0.031326 -0.059326
-0.505861 0.145051 -0.056024
-0.404869 0.145266 -0.054129
-0.535755 0.103480 -0.048691
-0.571955 -0.042189 -0.051707
-0.437572 0.152213 -0.048522
-0.447064 0.185098 -0.047669
-0.568851 -0.034338 -0.059559
-0.520310 -0.037521 -0.052104
-0.442814 0.057940 -0.050652
-0.422908 -0.004267 -0.060288
-0.428250 0.122648 -0.049297
-0.582920 0.208953 -0.045790
-0.661499 0.086862 -0.054166
-0.544431 0.041279 -0.058048
-0.507208 0.132154 -0.056309
-0.644875 0.132283 -0.046959
-0.669112 -0.011123 -0.050040
-0.437860 0.172717 -0.056048
-0.625856 0.072240 -0.056536
-0.460626 0.029846 -0.059131
-0.562178 -0.047100 -0.057601
-0.464988 0.056882 -0.050460
-0.458338 -0.002085 -0.059892
-0.604448 0.168656 -0.054515
-0.604161 0.023859 -0.049865
-0.504687 0.177019 -0.055296
-0.557105 0.118238 -0.048141
-0.613832 -0.016471 -0.050703
-0.550472 0.181596 -0.054743
-0.427087 -0.033224 -0.052915
-0.615511 0.103924 -0.047902
-0.587324 0.002123 -0.050532
-0.422698 0.049552 -0.051043
-0.599942 -0.018811 -0.050893
-0.672700 -0.027346 -0.058383
-0.490824 0.164662 -0.055717
-0.551533 -0.048197 -0.059266
-0.472759 -0.019702 -0.052156
-0.592433 -0.020179 -0.059001
-0.571722 0.007384 -0.050563
-0.491658 0.130120 -0.048505
-0.486530 0.080090 -0.049713
-0.430803 0.064540 -0.050617
-0.493888 -0.004521 -0.059601
-0.635625 0.122146 -0.047284
-0.643488 -0.038542 -0.052767
-0.616230 0.079775 -0.048453
-0.537820 -0.049754 -0.054941
-0.504564 0.160748 -0.047671
-0.515699 -0.044724 -0.060318
-0.623677 0.189307 -0.045847
-0.536455 0.189004 -0.054708
-0.459541 0.192034 -0.055389
-0.622688 0.174508 -0.054201
-0.538173 0.190163 -0.054665
-0.438979 -0.043632 -0.061042
-0.574719 0.070867 -0.057067
-0.644480 0.187862 -0.053680
-0.440807 0.006613 -0.051859
-0.430478 -0.011566 -0.060383
-0.467640 0.149686 -0.056290
-0.411503 0.083590 -0.050365
-0.571854 -0.029355 -0.059414
-0.642916 0.021118 -0.049550
-0.454593 0.043658 -0.050868
-0.432844 -0.027918 -0.060738
-0.598441 0.073117 -0.056784
-0.468513 0.143965 -0.056414
-0.574215 -0.021217 -0.059203
-0.588028 0.000877 -0.058557
-0.536723 0.168118 -0.055189
-0.525515 0.096550 -0.048951
-0.563344 0.004352 -0.058717
-0.620017 0.020271 -0.057796
-0.408301 0.137107 -0.057160
-0.639451 -0.038909 -0.055619
-0.615270 0.075124 -0.056573
-0.455561 -0.030586 -0.060578
-0.424782 0.018704 -0.051736
-0.549316 0.022773 -0.058428
-0.536817 0.030399 -0.058374
-0.507958 0.171435 -0.047390
-0.663484 0.063846 -0.048360
-0.666761 -0.016884 -0.058199
-0.441422 0.014029 -0.051682
-0.477769 -0.039703 -0.052570
-0.556889 0.191240 -0.046454
-0.496697 0.170617 -0.055522
-0.463495 0.165754 -0.047956
-0.596300 0.029119 -0.057822
-0.449966 0.008609 -0.059726
-0.646618 0.081038 -0.056130
-0.420202 0.093531 -0.058052
-0.556078 -0.003448 -0.050966
-0.524684 0.081886 -0.049299
-0.486531 0.029809 -0.058879
-0.562644 0.041781 -0.049856
-0.578028 0.045145 -0.057630
-0.456060 -0.038717 -0.052759
-0.549081 0.174808 -0.054913
-0.672121 -0.013285 -0.052275
-0.437797 0.120019 -0.057268
-0.458816 0.130377 -0.056823
-0.477635 0.170065 -0.047718
-0.481435 -0.023771 -0.052165
-0.593226 0.066419 -0.056990
-0.424098 0.053865 -0.058932
-0.420842 -0.004574 -0.057852
-0.556931 0.209626 -0.047312
-0.550046 -0.048512 -0.052173
-0.472865 0.068608 -0.058114
-0.431157 0.070960 -0.050465
-0.557588 0.000343 -0.058866
-0.622662 0.015408 -0.057882
-0.591390 0.043677 -0.049531
-0.444057 0.152518 -0.056455
-0.578172 0.200368 -0.046035
-0.550514 0.046028 -0.049876
-0.576133 0.028065 -0.058044
-0.554126 -0.035789 -0.051733
-0.435895 -0.002575 -0.052120
-0.567669 0.168418 -0.054879
-0.463863 0.003187 -0.051713
-0.608520 -0.005958 -0.050512
-0.663030 0.046544 -0.056768
-0.454195 -0.050265 -0.061047
-0.421967 0.093045 -0.050044
-0.646027 0.076292 -0.056246
-0.572257 0.211334 -0.050695
-0.511490 0.132463 -0.056260
-0.480154 0.121837 -0.048809
-0.554543 0.117622 -0.056183
-0.552430 0.153262 -0.047376
-0.531013 0.101818 -0.056778
-0.616251 0.007959 -0.050115
-0.563717 0.138875 -0.055602
-0.641728 0.070353 -0.056425
-0.642514 0.033768 -0.049261
-0.428557 0.034482 -0.059337
-0.576302 0.097873 -0.056427
-0.586474 0.153545 -0.055040
-0.636451 0.049014 -0.048968
-0.597660 0.068347 -0.048899
-0.511987 0.151227 -0.047818
-0.550768 0.091414 -0.048823
-0.479763 0.179871 -0.047470
-0.640205 0.030638 -0.057359
-0.474243 0.136669 -0.056526
-0.464785 0.126093 -0.048861
-0.638143 0.050224 -0.048923
-0.458016 0.138185 -0.056650
-0.521582 0.014657 -0.058887
-0.463582 0.175116 -0.047739
-0.454859 -0.029940 -0.052568
-0.538098 0.103861 -0.048659
-0.566608 0.142565 -0.047485
-0.486660 0.160801 -0.055847
-0.578437 0.211883 -0.045770
-0.525002 -0.046305 -0.052261
-0.522434 0.128458 -0.056246
-0.421791 -0.013794 -0.055263
-0.532900 -0.050255 -0.055982
-0.641849 0.053813 -0.048804
-0.562951 0.136834 -0.047654
-0.579285 0.080457 -0.048798
-0.472947 0.020811 -0.051217
-0.477421 0.065381 -0.058145
-0.420038 0.002793 -0.056127
-0.418225 0.019788 -0.055604
-0.485489 0.158567 -0.047907
-0.534826 0.177774 -0.046981
-0.511367 0.032108 -0.058583
-0.415252 0.074821 -0.058533
-0.569626 0.142375 -0.047460
-0.435839 0.065871 -0.058539
-0.514764 -0.011703 -0.059563
-0.582611 0.072229 -0.056959
-0.607415 0.208026 -0.053575
-0.501344 0.171816 -0.055449
-0.538695 0.149607 -0.055598
-0.619486 0.069906 -0.056652
-0.592089 0.042098 -0.049561
-0.557781 0.117550 -0.056153
-0.464025 0.080553 -0.049922
-0.541099 0.136548 -0.055876
-0.635055 0.088136 -0.056079
-0.534668 0.000419 -0.059088
-0.604975 0.022128 -0.049897
-0.439579 0.056172 -0.058727
-0.432271 0.032197 -0.051351
-0.419127 0.011343 -0.055935
-0.505246 -0.015433 -0.051740
-0.482307 0.010456 -0.051365
-0.588505 0.194909 -0.054063
-0.441267 0.085514 -0.050029
-0.526709 0.204898 -0.054436
-0.617293 0.128315 -0.047320
-0.522189 0.166973 -0.055357
-0.451576 0.008044 -0.059723
-0.646372 0.095197 -0.047802
-0.638068 0.073815 -0.056381
-0.568713 0.093882 -0.048591
-0.490405 0.112656 -0.048922
-0.513113 0.080006 -0.049455
-0.616684 0.079402 -0.056460
-0.623061 -0.040617 -0.057374
-0.495276 -0.006541 -0.059634
-0.422450 0.019592 -0.051738
-0.423425 0.086658 -0.058180
-0.465405 -0.027319 -0.052404
-0.604421 -0.029110 -0.059090
-0.648164 0.211959 -0.051064
-0.546956 0.184038 -0.054720
-0.645843 0.129051 -0.055027
-0.548979 0.170343 -0.055017
-0.621315 0.205555 -0.053496
-0.491251 0.075114 -0.057784
-0.450086 -0.042582 -0.060909
-0.550537 0.134391 -0.047831
-0.492055 0.118162 -0.048778
-0.440990 0.078132 -0.058205
-0.572650 0.100159 -0.048407
-0.426589 -0.059099 -0.053815
-0.449987 0.133795 -0.056830
-0.530363 0.110261 -0.056589
-0.431249 -0.036069 -0.052940
-0.654975 0.022897 -0.057393
-0.432788 0.009799 -0.059866
-0.497195 0.161126 -0.047734
-0.433128 0.111239 -0.049514
-0.547503 -0.011175 -0.059231
-0.585055 0.134695 -0.047487
-0.538698 0.195740 -0.054530
-0.479777 0.149646 -0.048170
-0.532317 0.008584 -0.050920
-0.425021 0.166652 -0.048311
-0.440543 -0.052092 -0.061222
-0.507757 0.118422 -0.056621
-0.574835 0.120122 -0.055927
-0.447359 0.110026 -0.057405
-0.604422 0.191532 -0.045983
-0.429103 0.009451 -0.059910
-0.647620 0.038827 -0.049094
-0.569271 0.047858 -0.057653
-0.493585 0.139606 -0.056270
-0.437290 0.007646 -0.059872
-0.533926 0.066029 -0.049575
-0.469896 0.199124 -0.055124
-0.547774 0.128582 -0.047993
-0.633232 0.014297 -0.057805
-0.524871 0.205554 -0.054438
-0.583433 0.196031 -0.054087
-0.419066 0.167269 -0.048355
-0.637257 0.093045 -0.055944
-0.495800 0.194462 -0.054979
-0.443086 0.028233 -0.051337
-0.485633 0.190745 -0.055164
-0.540103 -0.033867 -0.051826
-0.443481 0.146331 -0.048601
-0.654805 -0.003418 -0.050001
-0.656746 0.131295 -0.051739
-0.647928 -0.014892 -0.058336
-0.504308 0.165850 -0.055558
-0.600244 0.034257 -0.049663
-0.514345 0.005559 -0.059168
-0.431576 0.105895 -0.049653
-0.434731 -0.018308 -0.060498
-0.578160 0.044782 -0.057637
-0.522213 -0.019561 -0.051670
-0.651707 0.125682 -0.047045
-0.643608 0.020974 -0.049546
-0.432778 0.042892 -0.051098
-0.598288 0.194131 -0.053986
-0.549486 0.009983 -0.050720
-0.558100 0.209509 -0.054022
-0.594878 0.058953 -0.057146
-0.607269 0.165204 -0.046565
-0.590086 0.025301 -0.057971
-0.547108 -0.026143 -0.051579
-0.439356 0.083796 -0.058090
-0.645830 0.038911 -0.057112
-0.567888 0.137176 -0.055600
-0.456439 0.146598 -0.056471
-0.511187 0.049418 -0.050182
-0.637555 0.119346 -0.055332
-0.520425 -0.023080 -0.059771
-0.615695 0.187929 -0.053959
-0.490607 -0.044487 -0.060558
-0.574294 0.193386 -0.054237
-0.625163 0.024855 -0.049637
-0.564525 0.203078 -0.054108
-0.519169 0.165631 -0.047415
-0.548256 0.090149 -0.048877
-0.604054 0.000330 -0.058413
-0.425094 0.062680 -0.050716
-0.573798 -0.003932 -0.050804
-0.570003 -0.022334 -0.051267
-0.553773 0.108584 -0.048397
-0.561260 0.023569 -0.058293
-0.628181 0.193102 -0.053717
-0.664542 0.058290 -0.054643
-0.644494 0.042858 -0.049031
-0.629829 0.206925 -0.045379
-0.537663 0.024121 -0.050508
-0.596888 0.132769 -0.047416
-0.577979 0.019240 -0.058230
-0.626663 0.134139 -0.055096
-0.590642 0.172392 -0.054563
-0.654421 0.091898 -0.047800
-0.406263 0.131911 -0.052034
-0.540157 -0.037888 -0.051918
-0.451637 0.104316 -0.049493
-0.644007 0.006506 -0.049877
-0.599575 0.214296 -0.052998
-0.446295 0.098701 -0.057678
-0.522540 0.102483 -0.056846
-0.436638 0.011120 -0.059798
-0.482893 -0.040289 -0.052533
-0.420747 0.175814 -0.056143
-0.640570 0.088589 -0.056014
-0.599055 -0.009880 -0.058698
-0.544072 -0.006178 -0.051147
-0.497070 -0.035489 -0.060286
-0.655436 0.143298 -0.048919
-0.579023 0.001605 -0.050625
-0.503238 0.055789 -0.058114
-0.535215 0.012418 -0.050803
-0.436653 0.007856 -0.059874
-0.629633 0.106919 -0.055697
-0.456149 0.008670 -0.059664
-0.653267 0.061896 -0.056508
-0.423901 0.033421 -0.059407
-0.510835 0.008224 -0.059141
-0.476556 -0.016521 -0.052045
-0.518331 0.031349 -0.050530
-0.559297 0.133578 -0.055767
-0.565118 0.132974 -0.047722
-0.574028 0.101009 -0.056377
-0.471430 0.150717 -0.048226
-0.469273 0.093453 -0.057575
-0.417076 0.120485 -0.057459
-0.623368 0.155934 -0.054624
-0.665720 0.009466 -0.049597
-0.462178 0.139896 -0.056570
-0.545239 0.191755 -0.054559
-0.609177 0.010940 -0.058117
-0.627107 0.102768 -0.055818
-0.633489 0.086599 -0.056130
-0.612845 -0.016651 -0.058720
-0.490089 0.047340 -0.050436
-0.608416 0.071402 -0.056726
-0.656619 0.008662 -0.057707
-0.654794 0.020957 -0.057440
-0.553293 -0.047827 -0.060023
-0.570435 0.075098 -0.057011
-0.465414 -0.025535 -0.052363
-0.657110 0.048826 -0.056773
-0.529661 0.183058 -0.054912
-0.623944 0.131649 -0.047178
-0.635963 0.082454 -0.048199
-0.662061 -0.018627 -0.058285
-0.550623 0.054306 -0.049683
-0.599430 0.118208 -0.047728
-0.456122 0.169717 -0.055939
-0.525827 0.000136 -0.059181
-0.449617 -0.015539 -0.052286
-0.509125 0.020181 -0.050878
-0.531329 0.199680 -0.046509
-0.583836 -0.002251 -0.058670
-0.565483 0.126509 -0.047868
-0.459515 -0.012070 -0.052109
-0.467028 0.053967 -0.050508
-0.563788 0.110933 -0.056247
-0.594031 0.187440 -0.046179
-0.467270 0.092957 -0.049603
-0.422855 -0.012382 -0.060476
-0.436944 -0.021440 -0.052546
-0.545669 0.173328 -0.046978
-0.530901 0.055575 -0.049847
-0.653328 0.071203 -0.056292
-0.487475 -0.043961 -0.052573
-0.430133 -0.009091 -0.052327
-0.614585 0.069269 -0.048713
-0.509074 -0.049330 -0.052487
-0.493458 -0.012487 -0.059789
-0.519507 0.013298 -0.050936
-0.484929 0.103029 -0.049198
-0.422620 0.156583 -0.048567
-0.631155 0.098372 -0.047877
-0.496625 0.134335 -0.048359
-0.424338 -0.037341 -0.058879
-0.662920 0.072723 -0.048161
-0.642857 0.094260 -0.047858
-0.578667 0.201349 -0.054010
-0.637564 0.028808 -0.049424
-0.512918 0.205069 -0.053366
-0.447753 0.079337 -0.058111
-0.472835 0.162566 -0.055941
-0.582159 -0.005866 -0.050767
-0.429748 0.032235 -0.059377
-0.463321 0.184554 -0.055525
-0.445793 0.006668 -0.051809
-0.552124 -0.003018 -0.050995
-0.625608 0.057039 -0.056890
-0.641483 0.110057 -0.055509
-0.486335 0.044816 -0.058533
-0.667037 0.035020 -0.056399
-0.628332 0.197971 -0.045601
-0.604207 0.011387 -0.058155
-0.484811 0.015624 -0.059223
-0.662865 0.073671 -0.051181
-0.554530 0.207357 -0.054107
-0.589812 0.198016 -0.053978
-0.572404 0.106524 -0.048263
-0.488641 0.011113 -0.059290
-0.527185 0.029750 -0.058483
-0.616241 0.216020 -0.050667
-0.624727 0.146890 -0.046818
-0.466345 0.197791 -0.047187
-0.569585 -0.010763 -0.051004
-0.628905 0.029109 -0.049502
-0.427124 0.088571 -0.050097
-0.530473 0.161430 -0.047402
-0.440920 0.105761 -0.057567
-0.497364 0.183327 -0.055221
-0.567010 0.142273 -0.055491
-0.649660 0.079174 -0.048141
-0.542863 0.140671 -0.047761
-0.552751 0.024943 -0.050342
-0.592284 -0.025113 -0.059116
-0.413522 0.124030 -0.049409
-0.642520 0.128350 -0.047073
-0.594283 0.194556 -0.046012
-0.493108 -0.020889 -0.059987
-0.560513 0.125917 -0.047930
-0.588771 0.062748 -0.049115
-0.502138 -0.033195 -0.060184
-0.453329 0.036275 -0.051051
-0.427971 -0.007037 -0.060303
-0.570394 0.180275 -0.046576
-0.514765 -0.017064 -0.059687
-0.504940 0.073841 -0.049678
-0.436910 0.130295 -0.057038
-0.528863 0.011427 -0.050888
-0.609424 0.052547 -0.057152
-0.648816 0.205712 -0.050095
-0.605110 0.016896 -0.050017
-0.493981 0.070810 -0.057857
-0.464124 -0.017270 -0.060187
-0.476330 0.016944 -0.051273
-0.526353 0.144154 -0.047842
-0.565556 0.014244 -0.050464
-0.509582 -0.004143 -0.059439
-0.459592 -0.024480 -0.052395
-0.511844 0.109342 -0.048789
-0.600710 0.129305 -0.047459
-0.527444 -0.042057 -0.052139
-0.428503 0.072462 -0.050456
-0.527962 0.144260 -0.055826
-0.404429 0.171639 -0.056399
-0.514467 0.005547 -0.059167
-0.553530 0.013503 -0.050599
-0.651681 0.062648 -0.048503
-0.540431 0.120588 -0.056252
-0.400348 0.187523 -0.051728
-0.436763 -0.009630 -0.060277
-0.453555 0.127214 -0.056947
-0.570882 0.096585 -0.048507
-0.412232 0.075599 -0.050638
-0.401630 0.175933 -0.055783
-0.594076 0.057531 -0.057187
-0.649660 0.100035 -0.047658
-0.625112 0.012042 -0.049934
-0.653360 0.162949 -0.049933
-0.622632 0.194022 -0.045748
-0.663351 0.010390 -0.049598
-0.584774 -0.031509 -0.051335
-0.520675 0.130793 -0.048206
-0.598223 0.126141 -0.047557
-0.502742 0.203880 -0.048627
-0.459644 0.119116 -0.057075
-0.496546 -0.005428 -0.051593
-0.523092 -0.001127 -0.051235
-0.433076 0.119894 -0.049314
-0.637177 0.014420 -0.057763
-0.453543 -0.016411 -0.052267
-0.597912 0.025262 -0.049893
-0.582856 0.020254 -0.058159
-0.563194 0.117727 -0.056096
-0.473423 0.078748 -0.049872
-0.421901 0.055298 -0.050918
-0.537713 -0.019027 -0.059508
-0.489808 0.072730 -0.049851
-0.518835 -0.021942 -0.059760
-0.490678 0.066463 -0.049988
-0.471251 0.165783 -0.047880
-0.411797 0.116081 -0.057613
-0.573506 0.186789 -0.054397
-0.496969 0.002364 -0.051409
-0.626835 -0.016521 -0.058580
-0.479875 0.114825 -0.048974
-0.524755 0.189215 -0.046815
-0.582517 0.161283 -0.054900
-0.555269 -0.034035 -0.059684
-0.459367 0.078839 -0.050007
-0.443899 0.112580 -0.049377
-0.437851 -0.012990 -0.060344
-0.508414 -0.019813 -0.059813
-0.621534 0.210012 -0.053391
-0.613443 0.064905 -0.056827
-0.530996 0.064035 -0.057652
-0.433587 0.179314 -0.055937
-0.408212 0.166191 -0.048486
-0.527889 0.088902 -0.057108
-0.521364 0.172070 -0.055247
-0.581177 0.193990 -0.046153
-0.565139 0.108452 -0.048289
-0.429321 -0.061316 -0.054954
-0.552313 0.120459 -0.048136
-0.525403 0.046140 -0.058121
-0.443089 0.182916 -0.047758
-0.623262 -0.029922 -0.058925
-0.484182 -0.004208 -0.051686
-0.447778 0.088984 -0.057888
-0.645121 0.022114 -0.049505
-0.541190 -0.031582 -0.059765
-0.417876 0.130804 -0.049210
-0.537605 0.047649 -0.049964
-0.525805 0.026134 -0.050577
-0.667061 -0.022726 -0.058331
-0.446265 0.067781 -0.058393
-0.619279 0.131484 -0.047227
-0.536209 0.129243 -0.048090
-0.488425 0.070883 -0.049907
-0.539740 0.045976 -0.057985
-0.555155 0.027123 -0.050268
-0.489973 0.057378 -0.050205
-0.465613 -0.051402 -0.060962
-0.479337 0.025873 -0.051037
-0.560126 -0.039573 -0.051762
-0.545655 0.208531 -0.052174
-0.487337 0.202281 -0.050562
-0.658972 0.038948 -0.048981
-0.659725 0.045045 -0.056835
-0.631220 0.197348 -0.053590
-0.647107 0.207498 -0.053200
-0.609240 0.159240 -0.046683
-0.555220 0.111207 -0.048322
-0.545657 -0.023336 -0.059531
-0.433418 -0.048884 -0.061218
-0.630109 0.006682 -0.050009
-0.428935 0.048070 -0.051016
-0.439327 0.192411 -0.055578
-0.646415 0.219139 -0.046305
-0.539553 0.139552 -0.047819
-0.471314 0.171046 -0.055760
-0.479318 0.192863 -0.055177
-0.460588 0.124385 -0.056944
-0.550870 0.131544 -0.055897
-0.642123 0.016458 -0.057668
-0.483507 0.095114 -0.057397
-0.600975 0.096216 -0.056225
-0.458850 0.131769 -0.056790
-0.635389 -0.021540 -0.058613
-0.529923 0.119323 -0.056384
-0.598865 -0.034555 -0.051268
-0.502310 0.184607 -0.047141
-0.600754 0.097324 -0.056201
-0.422006 -0.015435 -0.058620
-0.652983 0.126206 -0.055023
-0.633449 0.113109 -0.055517
-0.570061 0.109632 -0.048214
-0.475084 0.037023 -0.050821
-0.646537 0.034030 -0.057218
-0.603843 0.059793 -0.057039
-0.606810 0.037591 -0.049521
-0.526166 0.105229 -0.048744
-0.623422 0.112093 -0.047636
-0.633661 0.217904 -0.051918
-0.416597 0.095113 -0.058051
-0.430464 0.096875 -0.049872
-0.536756 0.193576 -0.054599
-0.507672 0.026785 -0.050740
-0.519928 0.038829 -0.058344
-0.626625 0.157973 -0.054545
-0.478035 0.041348 -0.058695
-0.426433 0.185371 -0.055867
-0.410959 0.146027 -0.056928
-0.462768 -0.026737 -0.060419
-0.538251 0.203418 -0.054357
-0.463099 -0.037647 -0.052665
-0.652751 0.149276 -0.046489
-0.576657 -0.018825 -0.051121
-0.453658 0.070162 -0.058266
-0.420645 0.181908 -0.048001
-0.441267 -0.026157 -0.060615
-0.604789 0.034736 -0.049607
-0.556664 0.028824 -0.058216
-0.617494 -0.007098 -0.050451
-0.648034 0.212911 -0.048703
-0.426875 -0.061293 -0.058148
-0.485719 0.065590 -0.050056
-0.626155 0.072711 -0.048520
-0.578573 0.187868 -0.054323
-0.428633 -0.021187 -0.052621
-0.548638 0.038463 -0.050069
-0.594904 0.124471 -0.047628
-0.539697 0.005934 -0.050909
-0.572599 0.131792 -0.055679
-0.647721 0.075976 -0.056236
-0.580880 0.087702 -0.056618
-0.661493 -0.023162 -0.050393
-0.511792 0.180370 -0.047146
-0.532596 0.203456 -0.046409
-0.625666 0.102757 -0.055832
-0.605126 0.081809 -0.056517
-0.421563 0.008624 -0.060003
-0.545043 0.174790 -0.046951
-0.464989 0.146959 -0.056379
-0.436085 -0.054044 -0.061311
-0.567298 0.079451 -0.056941
-0.495068 0.131933 -0.048430
-0.614415 0.133225 -0.055237
-0.500035 0.110014 -0.048889
-0.602560 -0.013505 -0.058747
-0.514736 -0.050663 -0.060465
-0.462815 0.161049 -0.056074
-0.486905 0.035992 -0.058732
-0.432444 0.166539 -0.056244
-0.611190 0.021256 -0.049856
-0.544405 0.111775 -0.056417
-0.541467 0.044266 -0.050005
-0.507748 -0.018795 -0.059796
-0.581559 0.156447 -0.055021
-0.429987 0.000048 -0.060119
-0.527318 0.076386 -0.049400
-0.529578 0.172812 -0.055150
-0.596527 0.125294 -0.055595
-0.565330 0.190692 -0.054387
-0.471624 -0.021375 -0.052206
-0.597429 -0.033842 -0.051266
-0.521842 0.176777 -0.055134
-0.419701 0.094684 -0.050028
-0.423982 -0.034641 -0.053254
-0.437376 0.189769 -0.047655
-0.606296 0.175703 -0.054334
-0.526799 -0.016859 -0.059565
-0.527210 0.119590 -0.056404
-0.535659 0.087300 -0.049066
-0.669550 0.011457 -0.057112
-0.430205 -0.061195 -0.056178
-0.428315 0.024469 -0.059571
-0.545963 0.081888 -0.049091
-0.400001 0.190677 -0.050741
-0.445451 -0.000983 -0.051990
-0.505014 0.120620 -0.056597
-0.585760 -0.044608 -0.056640
-0.632422 0.217633 -0.045633
-0.422011 -0.015792 -0.055895
-0.558652 0.017886 -0.050448
-0.649221 -0.021183 -0.050467
-0.576772 -0.018546 -0.051113
-0.606603 0.168648 -0.046491
-0.628822 0.193133 -0.053710
-0.580090 0.199346 -0.054043
-0.656558 -0.029658 -0.050591
-0.456434 0.040581 -0.050921
-0.578292 0.195603 -0.054147
-0.568390 0.163945 -0.046973
-0.467138 0.130911 -0.056729
-0.499393 0.049341 -0.050299
-0.601205 0.093101 -0.056294
-0.557371 0.106379 -0.056415
-0.632810 0.194406 -0.045640
-0.608545 0.108944 -0.055856
-0.492193 0.187253 -0.055181
-0.482193 0.195234 -0.055094
-0.523721 -0.018391 -0.051628
-0.587528 -0.034311 -0.059376
-0.456282 0.156197 -0.056250
-0.564844 0.058331 -0.049451
-0.609101 0.033076 -0.057606
-0.640578 0.085904 -0.048074
-0.637749 -0.035389 -0.050908
-0.633792 0.076690 -0.048353
-0.533814 0.022008 -0.058597
-0.425096 0.135880 -0.049022
-0.633776 -0.038078 -0.051009
-0.609753 0.122118 -0.047537
-0.622232 0.125419 -0.055341
-0.648329 -0.020531 -0.058463
-0.649420 0.162827 -0.046208
-0.484667 0.154536 -0.048009
-0.441676 -0.036305 -0.060846
-0.443654 0.176085 -0.047911
-0.602895 0.138279 -0.047230
-0.542692 0.100925 -0.048682
-0.506144 0.000520 -0.051362
-0.442352 0.028119 -0.059349
-0.552205 0.174016 -0.046898
-0.649304 0.013553 -0.049662
-0.628561 0.046449 -0.057107
-0.564769 0.102894 -0.048421
-0.494335 -0.020603 -0.059969
-0.541645 0.068749 -0.057439
-0.549635 0.167970 -0.055066
-0.435708 0.167960 -0.048176
-0.538988 0.027811 -0.058412
-0.471384 -0.039614 -0.052630
-0.602256 0.043795 -0.057425
-0.452059 -0.012196 -0.052184
-0.467192 0.064293 -0.058270
-0.516107 0.041000 -0.050328
-0.481963 0.026878 -0.050988
-0.565888 0.115391 -0.056124
-0.614599 -0.037109 -0.051173
-0.451318 0.024458 -0.059346
-0.460419 0.099685 -0.049514
-0.637044 -0.034967 -0.058907
-0.423435 0.148243 -0.056755
-0.551639 0.199397 -0.054319
-0.616129 0.197765 -0.053727
-0.585076 0.067902 -0.049032
-0.641637 0.170576 -0.046105
-0.409864 0.098103 -0.052590
-0.435520 0.085466 -0.058089
-0.642551 0.114272 -0.055401
-0.514792 0.175544 -0.047229
-0.568717 0.196094 -0.046226
-0.629766 -0.019088 -0.050608
-0.431991 0.133466 -0.049011
-0.525404 -0.032630 -0.059943
-0.451464 -0.020980 -0.052393
-0.561736 0.105379 -0.056396
-0.569796 0.017055 -0.058360
-0.647779 -0.001487 -0.050025
-0.555982 0.074569 -0.049162
-0.533070 0.072000 -0.049445
-0.645565 0.143898 -0.054686
-0.666299 0.041577 -0.053086
-0.426041 0.005153 -0.052037
-0.506273 0.176268 -0.047295
-0.642283 0.187459 -0.045708
-0.472614 0.133052 -0.056626
-0.634172 0.070471 -0.056496
-0.545082 0.099614 -0.056692
-0.667385 -0.020071 -0.058266
-0.553632 0.010365 -0.050671
-0.541899 0.084421 -0.049072
-0.445051 -0.020120 -0.060439
-0.423443 0.009068 -0.059974
-0.565284 0.116556 -0.056103
-0.569828 0.063613 -0.057283
-0.429538 0.086801 -0.050114
-0.474695 -0.008346 -0.059877
-0.652337 -0.007130 -0.058114
-0.501164 0.059931 -0.050036
-0.475965 0.014771 -0.059330
-0.583380 -0.025855 -0.059220
-0.642354 0.108568 -0.047532
-0.460339 0.054951 -0.050550
-0.620329 0.084071 -0.056317
-0.605508 -0.038947 -0.051305
-0.517736 0.041031 -0.050312
-0.580019 0.066864 -0.049106
-0.464405 0.027439 -0.051147
-0.633633 -0.035379 -0.058950
-0.417313 0.081264 -0.058364
-0.490711 -0.013512 -0.059840
-0.461275 0.082935 -0.057896
-0.646247 0.166566 -0.054155
-0.654511 -0.037408 -0.050889
-0.577532 0.157767 -0.047027
-0.640148 -0.015854 -0.058435
-0.449095 0.167417 -0.048058
-0.600240 0.138635 -0.047248
-0.574544 0.088327 -0.056665
-0.507119 0.145759 -0.047993
-0.570465 0.057697 -0.049411
-0.634961 0.218022 -0.051003
-0.647582 0.046864 -0.048909
-0.485067 0.062627 -0.050131
-0.647908 0.070655 -0.048355
-0.635347 0.079264 -0.056281
-0.583132 0.112160 -0.056030
-0.480523 0.044868 -0.058589
-0.492326 0.058695 -0.050151
-0.549207 0.026954 -0.058332
-0.426026 0.039841 -0.051235
-0.666118 -0.018776 -0.050246
-0.581913 0.041491 -0.057677
-0.630156 0.204151 -0.053443
-0.600958 0.045337 -0.057402
-0.535839 0.091333 -0.048971
-0.522232 0.067719 -0.057653
-0.407225 0.187237 -0.048009
-0.427642 -0.028579 -0.052802
-0.604637 0.032127 -0.057671
-0.416158 0.156947 -0.056625
-0.624616 0.111337 -0.055644
-0.517359 0.156233 -0.055653
-0.595516 0.017096 -0.050106
-0.421121 0.104994 -0.049775
-0.614496 0.207031 -0.045526
-0.473144 0.128531 -0.048723
-0.505312 0.161135 -0.047654
-0.576170 0.097886 -0.056428
-0.576826 0.191321 -0.054260
-0.598030 0.123131 -0.047628
-0.487999 0.012150 -0.059273
-0.569565 0.127362 -0.055811
-0.413486 0.070041 -0.050659
-0.462590 0.164701 -0.055992
-0.523129 0.180235 -0.055041
-0.624962 0.009904 -0.057987
-0.500844 -0.032733 -0.052183
-0.457713 0.142315 -0.056557
-0.576705 0.199193 -0.054079
-0.459950 0.198503 -0.055235
-0.578910 0.206203 -0.053896
-0.496894 0.097436 -0.049210
-0.626369 -0.013878 -0.050521
-0.569519 0.116184 -0.056070
-0.542230 0.022972 -0.050490
-0.447957 0.060587 -0.050541
-0.496503 0.108640 -0.048955
-0.450214 -0.008945 -0.060130
-0.494327 0.180487 -0.055317
-0.668600 0.019430 -0.049338
-0.666831 -0.036017 -0.054450
-0.612414 0.021679 -0.049835
-0.669897 0.007862 -0.054251
-0.674201 -0.032255 -0.057496
-0.425056 0.067869 -0.058598
-0.550877 0.149433 -0.055483
-0.423902 -0.033053 -0.060540
-0.600623 0.175336 -0.054398
-0.656050 0.045088 -0.048867
-0.477945 0.086446 -0.049650
-0.582792 0.055303 -0.049346
-0.444760 -0.057929 -0.061316
-0.589990 0.124975 -0.055667
-0.518025 0.111680 -0.056677
-0.466974 0.037599 -0.050887
-0.591890 0.169135 -0.046624
-0.458034 0.125885 -0.048932
-0.657759 0.121841 -0.052374
-0.653866 0.141144 -0.054669
-0.449478 0.080623 -0.050062
-0.463848 0.171002 -0.055834
-0.424958 0.168311 -0.056276
-0.615165 0.181931 -0.054103
-0.421739 -0.012794 -0.052494
-0.655159 0.146518 -0.054239
-0.510091 -0.040543 -0.060276
-0.651383 0.121500 -0.047145
-0.561006 0.061937 -0.049405
-0.446154 0.160513 -0.056249
-0.489309 0.082612 -0.057630
-0.417698 0.167400 -0.056368
-0.501585 0.022903 -0.058891
-0.593482 0.209235 -0.053683
-0.537230 -0.049843 -0.053767
-0.510553 -0.052675 -0.054259
-0.521422 0.057815 -0.057890
-0.642607 0.035197 -0.049227
-0.428679 0.007732 -0.051952
-0.440374 0.171557 -0.056050
-0.589799 0.025893 -0.057961
-0.585235 -0.007543 -0.050776
-0.628317 0.086256 -0.056188
-0.568195 0.039999 -0.057845
-0.488220 -0.044801 -0.052586
-0.447057 0.131388 -0.048912
-0.547206 0.175103 -0.054925
-0.619413 0.172659 -0.054276
-0.401046 0.181340 -0.055055
-0.473021 -0.001673 -0.059739
-0.478444 0.038959 -0.050743
-0.544776 0.161019 -0.055274
-0.453922 0.124938 -0.056996
-0.627182 0.096314 -0.055966
-0.499198 0.170788 -0.055493
-0.666317 -0.018989 -0.058252
-0.608429 0.186524 -0.046060
-0.566344 0.042999 -0.057794
-0.412312 0.167800 -0.056411
-0.426379 0.176821 -0.048062
-0.576124 -0.043219 -0.059693
-0.428368 -0.059222 -0.053504
-0.657435 0.084416 -0.047944
-0.622173 0.086657 -0.056239
-0.547891 0.160478 -0.047254
-0.502489 0.071836 -0.049748
-0.421005 0.147822 -0.048786
-0.528622 0.152989 -0.055618
-0.432052 0.101110 -0.049759
-0.588094 0.200209 -0.045942
-0.539127 0.176901 -0.054962
-0.609371 0.128604 -0.055393
-0.541377 0.131409 -0.055992
-0.494106 -0.027599 -0.052130
-0.478737 -0.024508 -0.060211
-0.603856 0.107092 -0.055945
-0.516144 0.006086 -0.051136
-0.634353 0.015613 -0.057763
-0.535857 0.011472 -0.058821
-0.542209 0.020073 -0.058560
-0.441178 0.082065 -0.050110
-0.499570 0.119093 -0.056686
-0.546557 0.187626 -0.054641
-0.564690 0.140041 -0.047563
-0.507986 0.077724 -0.049558
-0.475496 0.201098 -0.054150
-0.529187 0.131734 -0.048101
-0.574670 0.049501 -0.057562
-0.544820 0.065324 -0.049485
-0.572295 0.061749 -0.049300
-0.438416 0.050917 -0.058860
-0.494101 0.082696 -0.049579
-0.577208 0.156239 -0.055068
-0.523951 0.147750 -0.047782
-0.527932 -0.010580 -0.059409
-0.603751 0.040338 -0.049488
-0.414632 0.135188 -0.049140
-0.592434 0.167354 -0.054662
-0.652108 -0.005559 -0.058080
-0.448385 -0.037069 -0.060798
-0.481759 0.129892 -0.056610
-0.469702 0.025190 -0.051147
-0.433517 0.142043 -0.056800
-0.509383 0.001083 -0.059320
-0.452108 0.156277 -0.056289
-0.539235 0.123798 -0.056189
-0.452009 0.089127 -0.049841
-0.556782 0.055984 -0.057587
-0.587351 0.039131 -0.049676
-0.605710 -0.000729 -0.050419
-0.419500 0.134952 -0.049098
-0.600788 0.168326 -0.046556
-0.485143 0.145312 -0.056220
-0.493088 0.085527 -0.057525
-0.504427 0.112991 -0.056779
-0.627413 0.073207 -0.048496
-0.632585 0.081872 -0.048245
-0.637349 0.062337 -0.056653
-0.596771 -0.028983 -0.059162
-0.641761 -0.031219 -0.050772
-0.586962 0.139536 -0.047357
-0.606822 0.179079 -0.046248
-0.590997 0.099898 -0.056237
-0.493646 0.183165 -0.047259
-0.609697 -0.007984 -0.050547
-0.472740 0.066220 -0.050168
-0.660564 -0.023818 -0.050417
-0.605864 0.212420 -0.053488
-0.614835 0.068189 -0.056738
-0.590738 0.125701 -0.047640
-0.512232 0.059271 -0.057946
-0.534023 0.080732 -0.057237
-0.454559 0.142347 -0.048585
-0.577390 0.032367 -0.057932
-0.495259 0.078932 -0.057657
-0.539988 0.069383 -0.049438
-0.524880 0.087497 -0.049167
-0.587937 0.212956 -0.048508
-0.581368 -0.023713 -0.059191
-0.475672 0.034243 -0.050879
-0.665152 -0.023342 -0.050361
-0.573889 -0.026636 -0.059331
-0.495600 0.126350 -0.056557
-0.470374 0.140619 -0.056473
-0.436263 0.045032 -0.059017
-0.583865 0.199088 -0.054012
-0.474812 0.011252 -0.059422
-0.499649 0.090623 -0.049341
-0.615586 0.099074 -0.048013
-0.551847 0.132634 -0.055862
-0.600045 0.190837 -0.054045
-0.459114 -0.019873 -0.060296
-0.551337 -0.028405 -0.059592
-0.577822 0.117660 -0.047952
-0.447530 0.102101 -0.057587
-0.587950 0.126027 -0.047660
-0.630526 0.067232 -0.056606
-0.426070 -0.053665 -0.058677
-0.533580 0.054267 -0.049851
-0.584528 0.175001 -0.054563
-0.470402 0.095288 -0.049519
-0.602361 0.208448 -0.045612
-0.469204 0.031750 -0.059003
-0.532463 0.104153 -0.056710
-0.538588 -0.028382 -0.059716
-0.420135 0.151984 -0.056701
-0.507656 -0.000427 -0.051369
-0.459138 0.056083 -0.058538
-0.605336 0.113679 -0.055778
-0.619048 0.128953 -0.047288
-0.528996 0.094656 -0.056964
-0.424411 -0.038096 -0.058285
-0.602411 0.155984 -0.046825
-0.518762 -0.040470 -0.052187
-0.586433 0.012303 -0.050305
-0.499058 -0.051542 -0.052636
-0.444087 -0.011260 -0.052241
-0.537551 -0.047903 -0.052176
-0.457145 0.118150 -0.049119
-0.517774 0.189156 -0.054887
-0.464010 -0.055781 -0.053076
-0.453575 0.113364 -0.049265
-0.434656 -0.039892 -0.052995
-0.580886 0.128032 -0.047682
-0.456153 0.008149 -0.059676
-0.548483 0.162801 -0.055197
-0.533819 0.142457 -0.055811
-0.638056 -0.029834 -0.058779
-0.412132 0.136838 -0.049127
-0.462317 0.086941 -0.049791
-0.646086 0.051098 -0.048825
-0.582035 0.190614 -0.046223
-0.634901 0.116570 -0.047420
-0.482104 0.010247 -0.051372
-0.410583 0.091210 -0.051455
-0.435026 0.052023 -0.050865
-0.423999 0.111475 -0.049597
-0.659122 0.107136 -0.047402
-0.547499 0.130091 -0.047961
-0.439189 0.138694 -0.056822
-0.618413 -0.027066 -0.050904
-0.426203 0.190355 -0.055754
-0.499869 0.001922 -0.051391
-0.644641 0.020131 -0.057558
-0.652347 0.020962 -0.049461
-0.623796 -0.016586 -0.050609
-0.567663 -0.029723 -0.051461
-0.631732 0.064484 -0.048656
-0.540477 0.163112 -0.047265
-0.519766 0.101610 -0.048890
-0.478571 0.045894 -0.058584
-0.501172 0.200383 -0.054789
-0.552579 0.149206 -0.047469
-0.477526 0.024919 -0.051077
-0.591765 0.051031 -0.049357
-0.648602 0.207169 -0.045286
-0.650630 0.076369 -0.048196
-0.422155 0.060848 -0.050787
-0.449979 0.003826 -0.051834
-0.430089 0.018031 -0.051700
-0.561143 0.158237 -0.055179
-0.524613 0.206214 -0.054426
-0.578274 0.097723 -0.056411
-0.614912 0.128368 -0.047342
-0.511760 0.147658 -0.047903
-0.521794 0.014829 -0.058881
-0.465257 -0.037737 -0.060649
-0.626565 -0.009607 -0.058423
-0.655851 0.029646 -0.057229
-0.454318 0.081231 -0.058004
-0.460466 -0.004637 -0.051927
-0.555862 0.073560 -0.057189
-0.503552 0.122353 -0.048569
-0.526466 0.098628 -0.048894
-0.442098 0.029632 -0.059317
-0.574684 -0.022299 -0.059223
-0.655531 -0.037214 -0.054766
-0.520054 0.149786 -0.055776
-0.429916 0.133559 -0.049029
-0.469930 0.034140 -0.058940
-0.590023 0.184743 -0.054284
-0.599420 0.005315 -0.050340
-0.479285 -0.044383 -0.052663
-0.528560 -0.023804 -0.051706
-0.620957 0.094315 -0.056073
-0.639460 0.128021 -0.047110
-0.540612 0.034994 -0.058230
-0.643529 0.209038 -0.045196
-0.548390 0.029585 -0.050277
-0.621027 0.155344 -0.054661
-0.482552 0.063056 -0.058148
-0.487319 0.071465 -0.057907
-0.657016 0.089841 -0.047822
-0.524041 -0.036915 -0.060056
-0.528845 0.163517 -0.055372
-0.660127 0.099080 -0.048180
-0.638115 0.208893 -0.045253
-0.470738 -0.016985 -0.052113
-0.448880 -0.004330 -0.060036
-0.650672 0.158812 -0.054291
-0.589485 -0.027636 -0.059202
-0.660338 -0.026268 -0.058478
-0.552212 0.078010 -0.057122
-0.535986 0.150520 -0.055603
-0.592900 0.103797 -0.056128
-0.474261 0.029606 -0.059003
-0.444210 0.013982 -0.059658
-0.587561 0.139589 -0.047350
-0.423140 0.165651 -0.056355
-0.592505 -0.005000 -0.058649
-0.639719 -0.012536 -0.050360
-0.595659 -0.011845 -0.058776
-0.510822 0.202043 -0.054657
-0.556650 0.178791 -0.054747
-0.479845 0.050056 -0.050473
-0.565808 0.037769 -0.049918
-0.540037 0.122279 -0.056217
-0.446299 0.046417 -0.058887
-0.523880 0.147281 -0.047794
-0.500595 0.035500 -0.050607
-0.464287 0.036699 -0.058936
-0.438309 -0.024476 -0.060605
-0.569527 0.078752 -0.048933
-0.506623 0.116596 -0.056675
-0.663440 0.068402 -0.052449
-0.629759 0.047820 -0.057063
-0.577914 -0.020284 -0.051142
-0.497785 0.144817 -0.056108
-0.477446 -0.056146 -0.056823
-0.610641 0.135747 -0.047213
-0.611911 0.028811 -0.049675
-0.467339 0.069534 -0.058147
-0.645162 0.010438 -0.057777
-0.482149 0.143159 -0.048297
-0.482378 0.071396 -0.057957
-0.500560 0.069167 -0.049828
-0.594673 0.048435 -0.049389
-0.500784 -0.044719 -0.052461
-0.506699 0.088301 -0.049326
-0.592936 0.116037 -0.055845
-0.482449 0.190546 -0.047197
-0.632732 -0.008610 -0.058340
-0.440267 0.106131 -0.049562
-0.543258 0.069026 -0.049415
-0.502135 0.115242 -0.048747
-0.591162 -0.035383 -0.051362
-0.642057 -0.027697 -0.050687
-0.463484 0.019057 -0.059352
-0.559128 -0.011431 -0.051121
-0.562288 -0.028046 -0.059477
-0.486308 -0.034407 -0.060366
-0.569295 0.036822 -0.049905
-0.630591 0.184934 -0.053883
-0.424214 -0.036449 -0.056559
-0.446760 0.013715 -0.051637
-0.484858 0.142137 -0.056296
-0.445043 0.076773 -0.050195
-0.630374 0.116118 -0.055477
-0.621172 0.163646 -0.054467
-0.432134 0.189705 -0.047708
-0.530044 0.045025 -0.058102
-0.523500 0.204714 -0.054471
-0.455964 0.002446 -0.059810
-0.506770 0.152361 -0.047843
-0.542084 -0.017714 -0.059435
-0.606877 0.152272 -0.046868
-0.402424 0.193203 -0.049246
-0.556571 -0.004190 -0.058981
-0.600311 0.172041 -0.054477
-0.409255 0.162869 -0.048552
-0.521651 0.137169 -0.048049
-0.470856 0.088716 -0.057669
-0.550882 -0.021942 -0.051445
-0.578437 0.169107 -0.046756
-0.632623 0.194134 -0.045648
-0.574596 -0.038068 -0.051586
-0.564447 0.033632 -0.058029
-0.622973 0.191275 -0.053811
-0.417343 0.085222 -0.050270
-0.611386 0.080962 -0.048473
-0.538483 0.148356 -0.047626
-0.554591 0.035560 -0.050078
-0.564742 0.076199 -0.057042
-0.426325 -0.056413 -0.055617
-0.659147 -0.022378 -0.050398
-0.562172 0.105536 -0.048385
-0.597086 0.212976 -0.045559
-0.644116 0.065586 -0.048509
-0.457100 -0.031238 -0.060578
-0.603939 0.045835 -0.057361
-0.663475 0.055785 -0.048547
-0.415513 0.089363 -0.050192
-0.462956 0.126737 -0.056866
-0.596207 0.144061 -0.055164
-0.447051 0.046740 -0.058872
-0.667700 -0.018817 -0.058234
-0.464744 0.034846 -0.050972
-0.487461 0.054070 -0.058308
-0.559582 0.132098 -0.055799
-0.417557 0.188636 -0.055878
-0.620907 -0.020079 -0.058720
-0.551548 0.035130 -0.058120
-0.567788 -0.045421 -0.051823
-0.452423 0.198565 -0.050774
-0.503580 -0.020435 -0.051872
-0.448059 -0.033849 -0.052724
-0.646732 -0.033126 -0.058770
-0.475290 -0.056286 -0.060876
-0.417256 0.155555 -0.048644
-0.435421 0.090629 -0.049968
-0.461078 0.092966 -0.057666
-0.566856 -0.023948 -0.059338
-0.566465 0.018438 -0.058361
-0.497617 0.041229 -0.050504
-0.630276 0.147936 -0.046739
-0.471439 0.131778 -0.048664
-0.443678 0.121460 -0.049174
-0.640275 0.004702 -0.049955
-0.534886 0.181900 -0.046885
-0.615048 0.176561 -0.046226
-0.591990 0.010260 -0.050298
-0.459560 0.057874 -0.058493
-0.654781 -0.000399 -0.057934
-0.578870 0.211957 -0.053763
-0.522845 0.142281 -0.055922
-0.400757 0.184049 -0.054937
-0.447361 0.057654 -0.058617
-0.475627 -0.020068 -0.052136
-0.630965 0.159335 -0.054471
-0.497845 0.033094 -0.050690
-0.580638 0.193836 -0.046162
-0.554367 -0.014235 -0.051232
-0.586848 0.060046 -0.049197
-0.639703 0.054819 -0.056804
-0.435962 0.081187 -0.058184
-0.495975 -0.023089 -0.052008
-0.434594 0.118964 -0.049321
-0.465171 0.110559 -0.049217
-0.506129 -0.031531 -0.052104
-0.547144 0.042855 -0.049982
-0.608332 0.061590 -0.056954
-0.549240 0.184606 -0.054685
-0.520778 -0.039027 -0.060137
-0.551962 0.109135 -0.056404
-0.581467 0.044778 -0.057605
-0.596130 -0.042618 -0.059484
-0.595397 0.037233 -0.057644
-0.518373 0.079912 -0.049406
-0.511172 0.164188 -0.047527
-0.472068 0.200719 -0.053491
-0.462392 0.139489 -0.056577
-0.472082 0.030493 -0.059004
-0.426876 0.165890 -0.056313
-0.572987 0.146595 -0.055332
-0.452115 0.051922 -0.050701
-0.416504 0.061463 -0.058830
-0.415794 0.053150 -0.051027
-0.641535 0.006530 -0.049901
-0.516538 0.018135 -0.050853
-0.630501 0.210229 -0.045296
-0.586401 -0.008737 -0.058795
-0.477320 0.001589 -0.051619
-0.522973 0.035052 -0.058401
-0.494474 0.196258 -0.046948
-0.419462 0.008370 -0.057465
-0.634443 0.124106 -0.047250
-0.577401 0.080353 -0.048819
-0.604986 0.005367 -0.058287
-0.650880 0.141654 -0.046683
-0.523655 0.070418 -0.057577
-0.608370 0.062487 -0.056933
-0.482059 0.020633 -0.051132
-0.599814 0.086642 -0.048455
-0.562917 0.031655 -0.050087
-0.566167 0.038666 -0.049893
-0.515559 -0.015631 -0.051644
-0.492100 0.075445 -0.057768
-0.582530 0.038540 -0.057739
-0.470834 -0.020840 -0.060204
-0.606558 0.057891 -0.057057
-0.488778 0.044073 -0.050524
-0.590527 0.153951 -0.046988
-0.619417 -0.032348 -0.051016
-0.623529 0.129127 -0.055243
-0.499211 0.028203 -0.058792
-0.509432 0.063225 -0.057882
-0.603498 0.212437 -0.053511
-0.507995 0.090495 -0.057265
-0.400726 0.192000 -0.055964
-0.624025 -0.040571 -0.054778
-0.629663 -0.022952 -0.058701
-0.552281 -0.025099 -0.059507
-0.601119 0.110751 -0.055887
-0.523635 -0.029781 -0.059895
-0.433308 -0.043623 -0.061097
-0.522581 0.184967 -0.054937
-0.643662 0.123803 -0.055169
-0.601904 0.182563 -0.046215
-0.644242 0.104824 -0.055603
-0.472745 0.111689 -0.057119
-0.622914 0.023811 -0.049683
-0.436551 0.157360 -0.048413
-0.484218 -0.039674 -0.060509
-0.564379 0.025322 -0.050220
-0.634943 0.055816 -0.056827
-0.449387 0.154895 -0.048345
-0.630388 0.129532 -0.047164
-0.662031 -0.000253 -0.057860
-0.459495 0.167099 -0.055966
-0.473855 -0.051845 -0.060891
-0.611648 0.052348 -0.057135
-0.577645 0.115823 -0.055999
-0.505854 -0.029785 -0.052066
-0.564976 0.021996 -0.058293
-0.534814 0.156656 -0.047470
-0.555466 0.107731 -0.048400
-0.638536 0.153212 -0.046537
-0.607407 0.011555 -0.058120
-0.658504 0.013192 -0.057583
-0.635437 0.199544 -0.053498
-0.424174 -0.010195 -0.052410
-0.495698 0.018180 -0.059058
-0.507079 -0.042183 -0.060343
-0.502062 0.165180 -0.047593
-0.458184 0.135441 -0.056712
-0.510653 0.106118 -0.048875
-0.650578 0.188769 -0.046917
-0.555413 0.132254 -0.055836
-0.608462 -0.042283 -0.052358
-0.620683 0.021070 -0.057771
-0.590287 0.110830 -0.047988
-0.467184 0.099356 -0.049456
-0.622625 -0.016702 -0.058625
-0.511717 0.003561 -0.051237
-0.638654 0.047856 -0.056975
-0.511516 -0.030103 -0.052018
-0.562596 0.133086 -0.055746
-0.558336 0.013608 -0.058552
-0.583531 0.208785 -0.053791
-0.470142 0.138728 -0.056519
-0.516268 0.077800 -0.057478
-0.433401 0.174372 -0.048051
-0.529150 -0.027274 -0.051780
-0.428438 0.113855 -0.049499
-0.645860 0.012124 -0.057732
-0.548538 0.115833 -0.056283
-0.511202 -0.009702 -0.059552
-0.645516 -0.001451 -0.058049
-0.613368 0.117670 -0.055607
-0.464588 0.103221 -0.057394
-0.490355 0.088827 -0.057476
-0.437038 -0.052579 -0.061268
-0.507831 -0.047662 -0.052460
-0.501212 0.173273 -0.047414
-0.612792 0.004679 -0.058227
-0.461417 0.111566 -0.057232
-0.597876 0.134138 -0.047375
-0.581393 0.191522 -0.054211
-0.551749 -0.046350 -0.060003
-0.591990 0.019838 -0.050077
-0.594174 0.074540 -0.056792
-0.446096 0.141933 -0.048677
-0.453541 0.016920 -0.059499
-0.466748 0.083967 -0.049816
-0.604402 0.183440 -0.054173
-0.599999 0.048377 -0.057341
-0.461592 0.174060 -0.055785
-0.485954 0.038325 -0.058687
-0.574261 0.009067 -0.058502
-0.423655 0.072468 -0.050503
-0.507335 0.175889 -0.055296
-0.461358 0.042248 -0.058837
-0.513751 0.148989 -0.055856
-0.468018 0.183515 -0.055503
-0.576012 0.054595 -0.057431
-0.488612 0.173055 -0.047542
-0.448297 0.023837 -0.059390
-0.511124 0.145534 -0.047959
-0.504819 0.105701 -0.048942
-0.612885 0.169492 -0.054413
-0.582826 0.192346 -0.054178
-0.433980 0.174039 -0.056055
-0.504168 -0.036983 -0.060251
-0.493971 0.080495 -0.049631
-0.545041 -0.009818 -0.059224
-0.521858 0.122840 -0.056381
-0.646173 0.045161 -0.056964
-0.479564 -0.028994 -0.052304
-0.589571 0.027881 -0.057917
-0.459266 0.167818 -0.047950
-0.644882 0.206551 -0.053243
-0.527861 0.029256 -0.058488
-0.480659 0.152036 -0.056108
-0.535072 0.106008 -0.056642
-0.536373 0.007738 -0.050900
-0.614088 0.009270 -0.050105
-0.586501 0.152609 -0.055061
-0.639874 0.087138 -0.048052
-0.505024 0.021060 -0.050898
-0.504832 0.150066 -0.047915
-0.515196 0.000327 -0.051278
-0.525581 0.138320 -0.055987
-0.642988 0.038075 -0.049157
-0.537703 0.188040 -0.054718
-0.415695 0.077958 -0.050454
-0.612600 -0.028483 -0.058996
-0.467899 0.107418 -0.049263
-0.440705 0.197393 -0.054257
-0.596303 0.072265 -0.056824
-0.442225 0.040026 -0.059075
-0.469931 0.080060 -0.057878
-0.475948 -0.012265 -0.051953
-0.440943 0.174059 -0.055987
-0.465801 -0.033195 -0.052536
-0.428846 0.073657 -0.050425
-0.638852 0.201958 -0.045406
-0.640732 0.101775 -0.047705
-0.565616 0.053039 -0.049566
-0.490787 0.137167 -0.048351
-0.641037 0.104726 -0.055636
-0.427233 0.072587 -0.050465
-0.642255 0.044597 -0.057016
-0.640761 0.165689 -0.054229
-0.631688 0.156930 -0.046518
-0.463392 0.127287 -0.048847
-0.534954 -0.022652 -0.059619
-0.661579 0.028647 -0.049193
-0.421221 0.048031 -0.059095
-0.457298 -0.058329 -0.055225
-0.488353 0.078535 -0.049731
-0.641077 0.092816 -0.047909
-0.448119 0.110557 -0.057386
-0.537201 0.022162 -0.058561
-0.497746 0.120855 -0.056663
-0.403438 0.186915 -0.056055
-0.472914 -0.003987 -0.059793
-0.641351 0.096411 -0.047823
-0.461341 0.184684 -0.055542
-0.661427 0.004110 -0.049762
-0.514131 0.048300 -0.050179
-0.655665 0.068553 -0.048328
-0.652519 0.170479 -0.046618
-0.458510 0.109957 -0.049295
-0.583988 0.205037 -0.053873
-0.612026 0.156395 -0.054724
-0.551417 0.072339 -0.057261
-0.612788 -0.041469 -0.051292
-0.513220 0.013987 -0.050981
-0.437663 -0.020905 -0.060529
-0.563714 -0.017121 -0.051208
-0.606806 0.063915 -0.048912
-0.409393 0.136920 -0.057154
-0.661541 0.009273 -0.049642
-0.431513 0.114856 -0.049446
-0.532456 -0.022909 -0.051647
-0.595962 0.083114 -0.056577
-0.489412 0.044746 -0.058505
-0.507233 0.007543 -0.059191
-0.617540 0.130546 -0.055269
-0.638638 -0.038991 -0.055815
-0.611631 0.074569 -0.056621
-0.518241 0.186369 -0.054947
-0.506262 0.174473 -0.047337
-0.633290 -0.038639 -0.059029
-0.486462 -0.042731 -0.060557
-0.424284 0.161588 -0.048435
-0.503527 0.073751 -0.049693
-0.511551 0.109292 -0.048793
-0.574792 -0.040504 -0.059643
-0.647286 0.214866 -0.045025
-0.412367 0.074332 -0.050676
-0.466872 0.015809 -0.059394
-0.650776 -0.037682 -0.056501
-0.524254 0.183558 -0.054953
-0.633348 0.141384 -0.046861
-0.559442 0.200478 -0.046216
-0.434543 0.005478 -0.051947
-0.648406 0.087627 -0.047958
-0.481215 0.134530 -0.056508
-0.485079 0.166519 -0.047727
-0.490587 -0.042808 -0.052516
-0.575423 0.044222 -0.057677
-0.574789 0.175333 -0.046647
-0.504168 0.185367 -0.047105
-0.561930 0.176994 -0.046735
-0.430123 -0.051746 -0.061316
-0.546659 0.082947 -0.049059
-0.649956 0.150514 -0.046488
-0.478133 0.132126 -0.056594
-0.632356 0.076367 -0.048375
-0.435114 0.026826 -0.059450
-0.475252 -0.056308 -0.060089
-0.637074 0.059010 -0.048730
-0.607416 0.095071 -0.056188
-0.649013 0.147282 -0.046572
-0.544862 0.004262 -0.050897
-0.469720 0.130649 -0.048707
-0.518570 0.125773 -0.056346
-0.455571 -0.037420 -0.052734
-0.638100 -0.039078 -0.054459
-0.442356 0.178532 -0.047867
-0.582956 0.082550 -0.048714
-0.490618 0.024260 -0.058967
-0.649069 0.096468 -0.047747
-0.617064 0.065870 -0.056769
-0.475363 0.071076 -0.058033
-0.645596 -0.001442 -0.058048
-0.613249 0.078096 -0.048521
-0.626775 0.138538 -0.046991
-0.531236 -0.009912 -0.059361
-0.504952 0.165759 -0.047551
-0.486358 0.118320 -0.048830
-0.544488 0.055662 -0.049712
-0.560193 0.013591 -0.058534
-0.616510 0.185624 -0.054004
-0.509649 0.153375 -0.047792
-0.447274 -0.059319 -0.053321
-0.444111 0.112033 -0.049388
-0.563345 0.036956 -0.049960
-0.505253 0.137887 -0.056195
-0.482212 0.142959 -0.056303
-0.543993 0.059420 -0.049630
-0.506960 0.007667 -0.051189
-0.606298 0.208528 -0.053574
-0.640218 0.007282 -0.057899
-0.535476 -0.029016 -0.051759
-0.606656 0.126788 -0.055462
-0.524645 -0.014996 -0.051540
-0.632365 0.077502 -0.056351
-0.529614 -0.014274 -0.051475
-0.557313 0.046059 -0.049809
-0.641591 0.181706 -0.045848
-0.529918 0.194571 -0.046641
-0.426096 0.118797 -0.057410
-0.595179 0.092377 -0.048367
-0.585550 0.188817 -0.054233
-0.422059 -0.016189 -0.056419
-0.419870 0.003976 -0.052689
-0.487047 0.162754 -0.047795
-0.408758 0.116197 -0.049637
-0.545504 0.204200 -0.054268
-0.552290 0.017379 -0.050521
-0.639519 0.032413 -0.049322
-0.452481 0.099969 -0.057588
-0.536790 0.154614 -0.047498
-0.650199 0.014422 -0.057636
-0.600196 0.214331 -0.051619
-0.558596 0.143729 -0.055539
-0.406477 0.138653 -0.057142
-0.655983 0.044323 -0.056888
-0.463481 0.013684 -0.051474
-0.527100 0.171174 -0.047209
-0.515377 -0.038046 -0.060167
-0.660066 0.100243 -0.053292
-0.578345 0.040003 -0.057746
-0.559864 0.061224 -0.049433
-0.461785 -0.015936 -0.060178
-0.424040 0.097845 -0.057915
-0.517462 0.005083 -0.059148
-0.644381 0.016328 -0.049646
-0.659769 0.102700 -0.050337
-0.580616 0.178105 -0.054529
-0.401142 0.189569 -0.056017
-0.534036 0.062900 -0.057649
-0.525573 0.143329 -0.047868
-0.568100 0.179095 -0.046626
-0.570267 0.017445 -0.050344
-0.664921 -0.027759 -0.050466
-0.476378 -0.012475 -0.051953
-0.568744 0.199873 -0.054141
-0.601383 0.024086 -0.049887
-0.447123 -0.057615 -0.053283
-0.439559 -0.040077 -0.060954
-0.608379 0.144573 -0.055034
-0.448739 -0.027904 -0.052580
-0.663518 0.010111 -0.057606
-0.568923 0.185086 -0.046479
-0.402032 0.171801 -0.052785
-0.432584 0.099685 -0.049786
-0.649261 0.176801 -0.053889
-0.442133 -0.007828 -0.052180
-0.628763 0.193052 -0.045710
-0.553231 0.003624 -0.058833
-0.472216 -0.038819 -0.052603
-0.470606 -0.017008 -0.060117
-0.435101 -0.041359 -0.053025
-0.489086 0.001073 -0.051516
-0.552891 0.128074 -0.055957
-0.616632 0.142678 -0.054997
-0.541841 -0.011356 -0.059291
-0.586834 0.155429 -0.046990
-0.454325 0.083197 -0.057958
-0.412654 0.072422 -0.057523
-0.424401 0.190805 -0.055761
-0.538315 0.119448 -0.048297
-0.533436 0.006276 -0.058965
-0.438557 -0.050973 -0.061216
-0.445899 0.026261 -0.051355
-0.666122 0.031527 -0.049082
-0.645744 0.053342 -0.048777
-0.506319 0.013806 -0.051053
-0.584372 0.167239 -0.046741
-0.568583 0.185327 -0.046477
-0.494696 0.071122 -0.049841
-0.544559 -0.023619 -0.059548
-0.441615 0.074012 -0.050292
-0.508122 0.046503 -0.050279
-0.432337 -0.039264 -0.053003
-0.561843 0.186690 -0.046511
-0.461306 0.114406 -0.049165
-0.519540 0.192679 -0.054788
-0.653186 0.164829 -0.052106
-0.530358 0.181160 -0.054949
-0.589040 0.033422 -0.057794
-0.559076 0.081918 -0.048962
-0.532297 0.096539 -0.048885
-0.424965 0.055878 -0.050874
-0.594099 0.202770 -0.053827
-0.647100 0.006216 -0.049854
-0.511964 0.152963 -0.055781
-0.509910 0.023258 -0.058802
-0.629695 0.166961 -0.046305
-0.596463 0.128752 -0.055516
-0.412083 0.095261 -0.058091
-0.413452 0.184721 -0.056008
-0.446732 -0.025565 -0.060548
-0.546018 0.197139 -0.054426
-0.535964 0.114384 -0.048437
-0.426348 0.187988 -0.055807
-0.551304 0.200572 -0.054295
-0.650012 0.187091 -0.053643
-0.573933 -0.043111 -0.051709
-0.641264 0.173099 -0.046050
-0.629522 0.163038 -0.054400
-0.513983 0.072121 -0.049629
-0.475279 0.125430 -0.056776
-0.441808 0.008646 -0.051802
-0.528388 0.022769 -0.050630
-0.428520 -0.016058 -0.052504
-0.658707 -0.025320 -0.058472
-0.439803 -0.042407 -0.061006
-0.642705 0.063202 -0.048578
-0.587896 -0.003584 -0.058661
-0.443466 0.123226 -0.057138
-0.598278 -0.020862 -0.058959
-0.487336 0.183740 -0.047307
-0.639744 -0.009937 -0.058302
-0.503565 0.140373 -0.056154
-0.630876 0.108640 -0.055645
-0.418087 0.049201 -0.051096
-0.494382 0.077969 -0.057688
-0.541463 0.108174 -0.056529
-0.521576 0.195350 -0.054707
-0.436873 0.126923 -0.057117
-0.467086 -0.050094 -0.060917
-0.470296 0.186548 -0.047408
-0.653460 0.024729 -0.049363
-0.582854 -0.029323 -0.051303
-0.617048 -0.035819 -0.051120
-0.479809 0.118188 -0.048897
-0.595322 -0.037268 -0.051365
-0.577163 0.056064 -0.049384
-0.654737 0.036776 -0.049072
-0.570207 0.045314 -0.057703
-0.487247 0.144959 -0.056208
-0.539218 0.171609 -0.055084
-0.446731 0.122599 -0.049118
-0.516407 -0.038890 -0.052174
-0.552143 -0.009961 -0.059158
-0.415540 0.190632 -0.047849
-0.484089 0.026615 -0.058976
-0.629018 -0.003350 -0.058254
-0.468908 0.049728 -0.050587
-0.525811 -0.033348 -0.059956
-0.614520 0.069735 -0.048702
-0.631017 0.160451 -0.054445
-0.645934 -0.017984 -0.058427
-0.532000 0.058325 -0.057775
-0.466564 0.177149 -0.055665
-0.423919 0.111627 -0.057597
-0.629707 0.137393 -0.054991
-0.622987 0.035260 -0.057420
-0.440401 -0.060092 -0.056934
-0.526737 0.059503 -0.057799
-0.460114 0.107099 -0.057348
-0.567364 0.048744 -0.049649
-0.602654 0.184265 -0.054171
-0.451429 0.122883 -0.049066
-0.600202 0.121098 -0.047654
-0.522308 0.048944 -0.050084
-0.469669 0.121192 -0.056929
-0.513296 -0.045491 -0.060359
-0.500879 0.055024 -0.050153
-0.451048 -0.019670 -0.060370
-0.501896 0.089222 -0.049351
-0.589447 0.015517 -0.058204
-0.621771 0.064832 -0.056748
-0.435836 0.097444 -0.049806
-0.490841 -0.049237 -0.052663
-0.444541 0.118133 -0.049243
-0.408568 0.121466 -0.057519
-0.594291 0.006802 -0.058358
-0.644502 0.001579 -0.049986
-0.600668 -0.028894 -0.059122
-0.550463 0.006294 -0.050796
-0.650995 0.100878 -0.055628
-0.439499 0.113238 -0.049405
-0.589580 0.111564 -0.047978
-0.509151 -0.010920 -0.051597
-0.655371 0.020225 -0.057451
-0.616403 0.033341 -0.057528
-0.624867 -0.040223 -0.059148
-0.435091 -0.034189 -0.060861
-0.483940 0.189071 -0.055219
-0.475940 0.151087 -0.048174
-0.588655 0.198165 -0.053986
-0.579115 0.095432 -0.048454
-0.616096 0.013386 -0.057993
-0.592175 0.180413 -0.046360
-0.404332 0.176061 -0.048295
-0.569143 0.177816 -0.054648
-0.608652 0.107376 -0.055891
-0.502357 0.174054 -0.055387
-0.440870 0.118153 -0.049278
-0.455379 0.139228 -0.056651
-0.502586 -0.015269 -0.059765
-0.486708 -0.004211 -0.051661
-0.560968 0.204247 -0.054116
-0.486747 0.070761 -0.049926
-0.658400 -0.036938 -0.053438
-0.616296 0.205796 -0.045537
-0.491325 0.018565 -0.051089
-0.654427 0.153055 -0.051188
-0.461565 0.114055 -0.049171
-0.527389 -0.043605 -0.060178
-0.538946 0.030626 -0.050345
-0.469709 0.003248 -0.051655
-0.593975 0.028677 -0.049853
-0.468594 -0.020038 -0.052204
-0.578522 0.014312 -0.050336
-0.654136 -0.037373 -0.054276
-0.513045 0.191551 -0.046875
-0.577316 -0.030108 -0.051376
-0.443439 0.091479 -0.049870
-0.610571 0.047359 -0.049259
-0.539482 -0.045549 -0.052102
-0.438445 0.130048 -0.057029
-0.647751 0.144107 -0.054660
-0.506659 -0.023219 -0.051906
-0.531679 -0.023061 -0.059661
-0.515022 0.130498 -0.048268
-0.640326 0.120631 -0.047273
-0.645417 0.169893 -0.054086
-0.430452 -0.032810 -0.052872
-0.612294 -0.041789 -0.056258
-0.584470 0.156370 -0.046992
-0.618301 0.122902 -0.047435
-0.568075 0.130862 -0.055744
-0.664402 0.046346 -0.048756
-0.422932 0.011669 -0.051917
-0.657885 0.107783 -0.047399
-0.464975 0.083067 -0.049854
-0.440670 0.178680 -0.055882
-0.565031 -0.042368 -0.059782
-0.499691 -0.052451 -0.052651
-0.545188 0.183069 -0.046758
-0.585180 0.021941 -0.050095
-0.507686 0.181423 -0.047162
-0.469342 0.093416 -0.057575
-0.437859 0.129378 -0.049048
-0.509034 0.109116 -0.056824
-0.577114 -0.005009 -0.050797
-0.650787 0.037334 -0.049098
-0.557950 0.101789 -0.056516
-0.524153 0.116618 -0.056503
-0.654085 0.153094 -0.046388
-0.565156 0.163765 -0.047009
-0.505520 0.160106 -0.055679
-0.529346 0.104674 -0.056728
-0.403721 0.155763 -0.051467
-0.588888 0.081117 -0.048689
-0.485386 0.052056 -0.050373
-0.442538 0.100620 -0.057670
-0.425647 0.028542 -0.051500
-0.522713 0.195056 -0.046700
-0.420765 0.154490 -0.056636
-0.652774 0.095834 -0.047725
-0.536769 0.024342 -0.050512
-0.453112 0.005903 -0.059758
-0.520196 0.106732 -0.056770
-0.486774 0.121129 -0.056764
-0.517138 0.177786 -0.047154
-0.516474 0.141088 -0.048009
-0.622642 0.166561 -0.046383
-0.641457 0.017268 -0.057656
-0.477730 0.095555 -0.049441
-0.431779 0.080361 -0.050241
-0.557171 0.186443 -0.046562
-0.525762 0.005932 -0.051045
-0.495075 0.200408 -0.046846
-0.560453 0.159866 -0.047145
-0.437312 0.071511 -0.050392
-0.498344 0.098359 -0.049175
-0.618258 0.143437 -0.054963
-0.608976 0.184959 -0.046091
-0.435697 0.014900 -0.059720
-0.545480 0.148670 -0.055553
-0.500038 0.203551 -0.046795
-0.603565 0.091912 -0.048296
-0.424343 0.174861 -0.056130
-0.447574 0.072339 -0.058275
-0.435049 0.104126 -0.049659
-0.637491 0.116400 -0.055401
-0.616416 0.041020 -0.057351
-0.531694 0.051582 -0.057934
-0.535391 0.135348 -0.055960
-0.573591 0.179912 -0.054556
-0.653135 -0.020735 -0.058421
-0.570196 0.018816 -0.050313
-0.467902 0.056355 -0.058446
-0.623042 0.193790 -0.053752
-0.516216 0.028981 -0.058608
-0.528351 0.083198 -0.049232
-0.622515 0.214363 -0.053281
-0.661617 0.085410 -0.051221
-0.428083 -0.061372 -0.058367
-0.486594 0.026631 -0.058951
-0.465957 0.110304 -0.057217
-0.523721 0.099162 -0.056911
-0.616417 0.137907 -0.047107
-0.653041 0.166014 -0.050513
-0.533935 0.147564 -0.055691
-0.433576 0.062435 -0.050638
-0.621793 0.067219 -0.048690
-0.600079 0.040722 -0.049515
-0.467800 -0.007978 -0.051933
-0.498899 0.108898 -0.048926
-0.566601 -0.006436 -0.050933
-0.652213 0.173754 -0.050113
-0.636135 0.047929 -0.056998
-0.659515 -0.008081 -0.058066
-0.510992 -0.035719 -0.060156
-0.630955 0.065705 -0.056638
-0.445098 0.047959 -0.058863
-0.612302 0.205289 -0.045588
-0.551406 -0.048236 -0.058135
-0.562291 0.015724 -0.050462
-0.534521 0.157644 -0.047450
-0.637399 0.060852 -0.048684
-0.655143 0.146260 -0.050716
-0.640392 -0.035402 -0.050882
-0.490465 0.150894 -0.056039
-0.616528 0.177703 -0.054188
-0.456282 -0.046756 -0.060945
-0.433431 -0.045834 -0.061147
-0.646518 -0.030925 -0.050719
-0.643439 0.065965 -0.056510
-0.625770 0.202862 -0.053515
-0.651447 0.056235 -0.056657
-0.606646 0.062314 -0.056953
-0.604242 0.194702 -0.053914
-0.424399 0.195554 -0.049670
-0.474344 0.166627 -0.055832
-0.441407 0.147035 -0.048605
-0.456674 0.165217 -0.056038
-0.480837 0.187922 -0.047274
-0.551661 -0.013496 -0.059244
-0.624952 0.119223 -0.055458
-0.571602 0.142503 -0.047438
-0.593909 0.027958 -0.049870
-0.658722 0.112628 -0.051019
-0.416046 0.048681 -0.051128
-0.553273 -0.042762 -0.059906
-0.482928 0.184644 -0.055332
-0.671113 -0.035420 -0.050582
-0.649301 -0.004991 -0.050091
-0.474039 0.094912 -0.049492
-0.633626 0.185025 -0.045849
-0.424472 0.096122 -0.049948
-0.555631 0.034175 -0.050100
-0.424115 0.176367 -0.056098
-0.544994 0.005058 -0.058880
-0.580265 0.101036 -0.048313
-0.568917 0.008338 -0.058571
-0.653797 -0.021057 -0.050419
-0.518745 0.060524 -0.049851
-0.453617 0.024463 -0.051321
-0.424213 0.134344 -0.049066
-0.579695 0.028935 -0.049986
-0.449693 0.090151 -0.049840
-0.600503 0.126729 -0.047521
-0.554195 0.008737 -0.058705
-0.545300 -0.010317 -0.059233
-0.643613 0.010634 -0.057788
-0.609474 0.000009 -0.050365
-0.491526 0.128746 -0.056541
-0.552287 0.194624 -0.054423
-0.482903 0.115908 -0.048920
-0.585025 -0.006416 -0.050752
-0.574916 -0.030008 -0.051397
-0.462884 0.012230 -0.059516
-0.434686 0.195165 -0.055559
-0.458135 0.019072 -0.059404
-0.548315 0.174969 -0.046914
-0.572144 -0.004969 -0.058847
-0.533342 0.002932 -0.059043
-0.624943 0.175827 -0.046146
-0.417689 0.143852 -0.048910
-0.498068 0.155647 -0.047852
-0.451712 0.054378 -0.058650
-0.447998 0.097292 -0.057694
-0.599362 0.171968 -0.046485
-0.416257 0.177488 -0.048146
-0.614043 0.137809 -0.047132
-0.647143 0.111712 -0.047413
-0.419018 0.106299 -0.049766
-0.557906 0.085102 -0.056902
-0.572964 0.206981 -0.053936
-0.458057 0.137381 -0.056668
-0.462574 0.191235 -0.047375
-0.627875 0.074404 -0.048464
-0.632113 0.037727 -0.049271
-0.453072 0.141638 -0.056618
-0.510264 0.113658 -0.048704
-0.494621 -0.005669 -0.059620
-0.582809 -0.035327 -0.051443
-0.453132 0.025778 -0.051295
-0.458739 -0.038133 -0.052719
-0.443175 0.099918 -0.057680
-0.518446 0.182547 -0.055033
-0.596670 0.180702 -0.046310
-0.492555 0.006166 -0.051364
-0.449789 -0.059040 -0.059246
-0.533137 0.101299 -0.056769
-0.665960 0.044331 -0.049248
-0.523754 0.093417 -0.049041
-0.557442 0.129146 -0.047885
-0.610948 0.073475 -0.056653
-0.519585 0.089403 -0.057177
-0.439046 0.075011 -0.050294
-0.594921 0.193564 -0.046029
-0.497530 0.026410 -0.058850
-0.442903 0.066549 -0.058455
-0.496817 0.005655 -0.051334
-0.596704 0.191197 -0.046066
-0.575488 0.025270 -0.050112
-0.633555 -0.008345 -0.058325
-0.572923 0.161607 -0.054986
-0.626040 0.005924 -0.050066
-0.472055 0.032376 -0.050958
-0.530724 0.175473 -0.047075
-0.636451 -0.023716 -0.058653
-0.643546 -0.005190 -0.050152
-0.438484 0.004919 -0.051921
-0.512236 0.020236 -0.058849
-0.591406 0.107211 -0.048061
-0.621810 -0.008066 -0.050431
-0.584888 -0.036430 -0.051448
-0.580798 -0.028750 -0.051310
-0.612517 0.085335 -0.056364
-0.520755 0.029752 -0.058546
-0.477507 0.004890 -0.051541
-0.427202 0.143799 -0.056821
-0.641732 0.055856 -0.056760
-0.573209 0.088790 -0.056668
-0.596535 0.065182 -0.048983
-0.471210 0.184899 -0.047438
-0.601212 0.053200 -0.057217
-0.507355 -0.004341 -0.059465
-0.636242 0.218106 -0.048608
-0.643910 0.024114 -0.057473
-0.456901 0.080572 -0.049991
-0.418440 0.071655 -0.058575
-0.644753 0.134138 -0.046917
-0.468173 0.063289 -0.058283
-0.630699 0.006216 -0.058016
-0.534865 0.090074 -0.057012
-0.645050 0.026200 -0.057414
-0.491082 0.000840 -0.051502
-0.658583 0.113956 -0.051189
-0.514947 0.161826 -0.055547
-0.463276 -0.052316 -0.061006
-0.608724 0.032127 -0.049629
-0.580342 0.056604 -0.057342
-0.552413 0.176233 -0.046845
-0.476310 0.029230 -0.050989
-0.439260 -0.057369 -0.053354
-0.401234 0.179453 -0.054037
-0.426388 0.123003 -0.057310
-0.483136 0.017532 -0.051193
-0.430527 0.003228 -0.052038
-0.430519 -0.058899 -0.061478
-0.477123 0.139242 -0.048436
-0.550009 0.061359 -0.057529
-0.527071 0.034575 -0.050370
-0.457625 -0.026130 -0.060455
-0.421999 0.049157 -0.051059
-0.500740 0.065033 -0.049922
-0.511627 0.052257 -0.050112
-0.462598 0.023873 -0.059250
-0.518972 0.148904 -0.047804
-0.551690 0.118333 -0.048192
-0.525018 -0.051128 -0.054514
-0.566887 0.082946 -0.048862
-0.494589 0.132940 -0.048411
-0.596743 0.103960 -0.056087
-0.433825 0.087220 -0.050063
-0.478058 0.167139 -0.055784
-0.625855 0.033712 -0.049425
-0.601023 0.056729 -0.049135
-0.635102 0.145699 -0.046744
-0.645304 0.202977 -0.045319
-0.482513 0.200439 -0.046968
-0.634315 0.056866 -0.056809
-0.619440 0.160606 -0.054555
-0.586762 0.070597 -0.056956
-0.528158 0.192372 -0.054711
-0.542172 0.135912 -0.055880
-0.539951 0.067665 -0.057481
-0.499288 0.098037 -0.057176
-0.505179 -0.041622 -0.060349
-0.652876 0.108090 -0.047440
-0.425895 0.004540 -0.060055
-0.429478 0.050332 -0.050958
-0.496030 -0.009958 -0.051703
-0.607574 0.067065 -0.048832
-0.617287 0.137393 -0.055113
-0.648126 0.191008 -0.045569
-0.560605 0.098568 -0.048562
-0.487764 -0.039522 -0.052468
-0.631009 0.217475 -0.045297
-0.458484 -0.010999 -0.052094
-0.485253 0.161533 -0.047841
-0.631890 0.138737 -0.054939
-0.428285 0.073786 -0.058430
-0.520685 -0.028763 -0.059900
-0.456678 0.199008 -0.050277
-0.578655 0.135303 -0.047536
-0.491536 0.088534 -0.049469
-0.583180 0.008828 -0.050418
-0.443530 0.095472 -0.057779
-0.429830 -0.045417 -0.053170
-0.573511 0.166247 -0.046870
-0.649122 0.080396 -0.056120
-0.538705 0.151083 -0.047561
-0.508735 0.128927 -0.056369
-0.441372 0.130572 -0.048986
-0.566216 -0.018987 -0.051227
-0.580571 0.001886 -0.058606
-0.421092 -0.007198 -0.055503
-0.434923 0.013685 -0.059756
-0.626483 0.214601 -0.053237
-0.572663 -0.007322 -0.058896
-0.499660 0.017710 -0.059030
-0.480595 -0.015775 -0.051989
-0.487378 0.095918 -0.049338
-0.555783 0.015344 -0.050534
-0.501085 0.112458 -0.056824
-0.618121 0.106030 -0.047828
-0.447785 0.032760 -0.059189
-0.560033 0.070979 -0.049206
-0.612170 0.215499 -0.046727
-0.576002 0.093475 -0.056532
-0.547078 0.159818 -0.047277
-0.465451 0.156115 -0.056162
-0.498495 0.182707 -0.047222
-0.448697 0.182385 -0.047716
-0.496479 0.062472 -0.058026
-0.622015 0.206238 -0.053474
-0.531108 0.202035 -0.054459
-0.427599 -0.006365 -0.060291
-0.514553 0.122548 -0.056459
-0.634015 0.067311 -0.048568
-0.618952 0.004621 -0.058168
-0.402958 0.170020 -0.048448
-0.428538 0.157959 -0.048478
-0.556883 0.038169 -0.049996
-0.652836 0.073888 -0.048232
-0.554622 0.207730 -0.054097
-0.450368 0.037025 -0.059065
-0.567803 0.064062 -0.049290
-0.594223 0.005652 -0.058386
-0.526551 0.050594 -0.050004
-0.632000 0.023691 -0.057599
-0.446271 0.172539 -0.047967
-0.487197 0.125760 -0.056652
-0.600924 0.010854 -0.050197
-0.485621 0.191201 -0.047151
-0.470452 0.179292 -0.055577
-0.502239 0.029125 -0.058741
-0.476446 -0.015413 -0.052021
-0.558578 0.005018 -0.050746
-0.448400 0.144652 -0.056594
-0.609284 -0.004827 -0.050478
-0.541681 0.187248 -0.046695
-0.512299 0.022573 -0.050792
-0.541809 0.124436 -0.056150
-0.598827 0.052340 -0.057261
-0.498854 -0.011245 -0.051705
-0.593479 0.063527 -0.049051
-0.423667 0.019649 -0.059728
-0.533321 -0.037624 -0.051979
-0.418682 0.022731 -0.059705
-0.512442 -0.052381 -0.058447
-0.455977 0.101511 -0.049516
-0.605468 -0.020453 -0.058880
-0.411110 0.086996 -0.057961
-0.432391 0.106270 -0.057638
-0.604827 -0.021351 -0.058907
-0.622736 0.027972 -0.057591
-0.469927 0.027964 -0.059083
-0.626556 0.179127 -0.046054
-0.638023 0.068371 -0.056507
-0.411880 0.079625 -0.056833
-0.520993 0.050722 -0.058058
-0.489738 0.138975 -0.056322
-0.448041 -0.046099 -0.053008
-0.670018 -0.035144 -0.058589
-0.522832 0.108429 -0.048703
-0.480933 0.138283 -0.048421
-0.483800 0.089176 -0.049529
-0.625494 0.116364 -0.055519
-0.443323 0.078317 -0.050176
-0.554064 0.057667 -0.049572
-0.469713 0.045727 -0.050672
-0.612718 0.176511 -0.054252
-0.607987 -0.007596 -0.058558
-0.630288 -0.024494 -0.050728
-0.499476 0.094314 -0.049257
-0.614982 0.165214 -0.046489
-0.504991 0.182295 -0.055171
-0.573788 0.089172 -0.056653
-0.474889 0.057738 -0.050344
-0.486653 0.168821 -0.055661
-0.539197 0.067722 -0.049485
-0.601621 0.098112 -0.056174
-0.411327 0.084816 -0.056751
-0.412995 0.126915 -0.057350
-0.598764 0.120012 -0.055696
-0.573156 0.066512 -0.049181
-0.558934 0.209890 -0.049609
-0.411449 0.129130 -0.049312
-0.496119 0.139679 -0.056243
-0.621798 0.203513 -0.053539
-0.602373 0.115133 -0.055773
-0.555547 0.003518 -0.058813
-0.572512 -0.026168 -0.059334
-0.490666 -0.033185 -0.052293
-0.481433 0.033049 -0.058853
-0.638039 0.077538 -0.056295
-0.448837 0.195676 -0.055409
-0.540713 0.149285 -0.047583
-0.637703 0.074843 -0.048358
-0.590337 0.105121 -0.048120
-0.423521 0.031682 -0.059451
-0.634069 0.217308 -0.053100
-0.450942 0.091889 -0.057790
-0.615701 0.099494 -0.056005
-0.444510 0.057564 -0.050644
-0.554714 0.015336 -0.058547
-0.483588 0.101318 -0.049250
-0.610684 0.091881 -0.048228
-0.645147 0.003766 -0.049929
-0.493487 0.096993 -0.057256
-0.663362 0.019905 -0.049378
-0.661168 0.032375 -0.057114
-0.408490 0.111611 -0.057701
-0.434034 0.159580 -0.056389
-0.644345 0.098055 -0.055758
-0.627781 0.092151 -0.056057
-0.494611 0.000285 -0.059483
-0.515847 -0.013462 -0.051591
-0.569329 0.211011 -0.050225
-0.411444 0.118378 -0.049560
-0.509043 0.031969 -0.058609
-0.535728 -0.021819 -0.051590
-0.570978 0.195171 -0.054228
-0.433502 0.103212 -0.049696
-0.518058 0.029940 -0.058568
-0.486875 0.200043 -0.046934
-0.492168 0.047060 -0.050422
-0.606225 0.052451 -0.057186
-0.422165 0.178478 -0.056068
-0.477963 0.072559 -0.049971
-0.462611 -0.055577 -0.061087
-0.427606 0.032033 -0.059403
-0.602412 0.059374 -0.049060
-0.441947 0.003211 -0.051927
-0.625094 0.143422 -0.054897
-0.557084 0.050022 -0.049719
-0.434771 0.082199 -0.058172
-0.507090 -0.046359 -0.052437
-0.639443 0.035014 -0.049262
-0.641818 0.116021 -0.047365
-0.570596 0.141141 -0.055482
-0.488357 0.174697 -0.055509
-0.451932 -0.057934 -0.053244
-0.581728 0.059066 -0.057272
-0.425995 0.184080 -0.047898
-0.617508 0.114576 -0.047636
-0.546919 0.088656 -0.048925
-0.497191 0.120424 -0.048676
-0.614265 0.065313 -0.048807
-0.640399 -0.019246 -0.058511
-0.660915 0.047533 -0.056765
-0.418109 0.021202 -0.058420
-0.509848 0.144680 -0.055993
-0.578338 0.130208 -0.047657
-0.606941 0.173411 -0.054380
-0.463804 0.098562 -0.057510
-0.455833 -0.058496 -0.054699
-0.543317 -0.013410 -0.051321
-0.619598 -0.019475 -0.050717
-0.596779 0.187832 -0.054146
-0.523438 0.112622 -0.048600
-0.427979 0.139659 -0.048907
-0.535998 0.081120 -0.049206
-0.527692 0.050471 -0.057999
-0.552269 0.121678 -0.048109
-0.578702 0.094462 -0.048480
-0.572500 0.128683 -0.047749
-0.492332 -0.029894 -0.052201
-0.551336 0.163193 -0.047157
-0.547157 0.029912 -0.058284
-0.503766 0.002421 -0.051341
-0.488597 0.018435 -0.051119
-0.560668 0.019051 -0.050401
-0.497255 0.038613 -0.050568
-0.409071 0.105581 -0.052772
-0.509811 0.116042 -0.056656
-0.648244 0.197494 -0.053420
-0.537629 0.133793 -0.047971
-0.488866 0.076941 -0.049763
-0.482398 -0.022951 -0.060139
-0.522928 -0.034949 -0.060021
-0.629526 -0.039970 -0.055461
-0.549070 0.118507 -0.056216
-0.482327 0.175456 -0.055550
-0.618811 0.092395 -0.056139
-0.616814 0.202407 -0.045611
-0.460288 0.186086 -0.047517
-0.574139 -0.031916 -0.051448
-0.559310 -0.014441 -0.051189
-0.524947 0.174948 -0.055146
-0.505423 0.158632 -0.047711
-0.463709 0.034404 -0.050993
-0.464431 -0.050606 -0.052952
-0.577630 0.031950 -0.057939
-0.496338 0.005287 -0.059350
-0.429555 0.150284 -0.056648
-0.442622 0.153754 -0.048437
-0.554194 0.023808 -0.058357
-0.567213 -0.018782 -0.059215
-0.508335 0.171693 -0.047381
-0.541610 0.164210 -0.047229
-0.653737 0.159166 -0.047912
-0.426473 -0.011867 -0.060429
-0.424476 -0.021282 -0.052664
-0.629781 0.098940 -0.047878
-0.586143 0.212741 -0.047409
-0.567172 0.071651 -0.049120
-0.592021 -0.033352 -0.051307
-0.496064 0.041978 -0.058504
-0.643651 0.072550 -0.048353
-0.492330 -0.042565 -0.052494
-0.553774 0.040322 -0.057979
-0.547331 0.133412 -0.047885
-0.560602 0.209574 -0.045994
-0.644720 0.081648 -0.056134
-0.558492 0.110295 -0.048311
-0.463140 0.144164 -0.056461
-0.502193 0.153438 -0.055865
-0.569617 0.003371 -0.050676
-0.635071 -0.039427 -0.053309
-0.611547 0.141943 -0.055063
-0.618850 -0.015326 -0.050628
-0.618912 0.002280 -0.050220
-0.561617 0.210166 -0.049170
-0.436386 0.015134 -0.051705
-0.565101 0.136344 -0.055647
-0.655125 0.023981 -0.057367
-0.657140 0.112396 -0.055302
-0.630623 0.114210 -0.055519
-0.430001 -0.054457 -0.053378
-0.431274 0.054741 -0.058841
-0.504383 0.193560 -0.054916
-0.582204 0.022872 -0.050102
-0.569627 0.135651 -0.055618
-0.545976 0.083879 -0.049045
-0.471986 0.027348 -0.051075
-0.410206 0.094662 -0.050653
-0.577706 0.135089 -0.047550
-0.438272 0.127537 -0.057089
-0.656380 -0.024047 -0.050463
-0.564389 -0.046958 -0.053355
-0.496411 0.079418 -0.057634
-0.444218 0.197255 -0.055418
-0.561552 -0.026605 -0.051448
-0.608562 0.113401 -0.047750
-0.556669 0.181913 -0.046672
-0.508876 0.057055 -0.058030
-0.567994 0.023716 -0.058224
-0.461638 0.007811 -0.059631
-0.437509 0.160588 -0.056332
-0.531093 0.149058 -0.047682
-0.602743 0.161033 -0.054708
-0.539874 0.112936 -0.048432
-0.584348 0.136384 -0.055458
-0.515397 -0.030426 -0.059990
-0.481348 0.070948 -0.057977
-0.576051 0.186523 -0.046376
-0.500973 -0.005385 -0.059552
-0.480465 0.063121 -0.058167
-0.535683 0.112573 -0.048481
-0.505956 0.055310 -0.058099
-0.463089 0.144128 -0.048460
-0.607999 0.013461 -0.050068
-0.543645 0.190815 -0.054596
-0.613943 0.000420 -0.050312
-0.441425 -0.058077 -0.061352
-0.478694 0.016537 -0.059262
-0.537894 0.004468 -0.050961
-0.506941 0.184212 -0.055107
-0.608857 0.105339 -0.047934
-0.667024 0.034689 -0.052504
-0.621890 0.119233 -0.047485
-0.668408 0.010185 -0.057556
-0.504538 0.115796 -0.048711
-0.651453 0.036377 -0.057116
-0.574509 0.114085 -0.056070
-0.420329 0.177574 -0.056107
-0.489641 -0.054892 -0.054776
-0.425109 0.057635 -0.050832
-0.646004 0.072546 -0.048330
-0.442155 0.027632 -0.059362
-0.512031 0.175378 -0.047259
-0.455489 0.138242 -0.056673
-0.498575 0.100109 -0.049132
-0.549422 0.207550 -0.046150
-0.581174 0.030627 -0.049933
-0.629181 0.007180 -0.058009
-0.651179 0.183152 -0.047192
-0.485823 -0.055252 -0.056877
-0.555077 0.112982 -0.048282
-0.568479 -0.035007 -0.051575
-0.584737 0.147674 -0.047190
-0.482699 0.094063 -0.057429
-0.585294 0.210775 -0.053727
-0.478373 0.089724 -0.049570
-0.528005 0.069569 0.021003
-0.557633 0.114513 0.021202
-0.564108 0.121970 0.051742
-0.578702 0.137890 0.012722
-0.579131 0.126081 -0.025797
-0.540781 0.084034 0.050983
-0.465963 0.012430 0.013258
-0.463418 -0.002195 0.034848
-0.558662 0.115461 -0.002685
-0.518692 0.071274 0.033099
-0.569297 0.115562 0.025778
-0.590917 0.151181 -0.024045
-0.455654 -0.011210 -0.010896
-0.518706 0.059383 0.040778
-0.480539 0.016479 -0.011408
-0.500802 0.050823 -0.032837
-0.610242 0.163881 -0.035538
-0.540572 0.087122 -0.046541
-0.467442 0.014214 0.030111
-0.515851 0.068192 0.042844
-0.451101 -0.016405 -0.026552
-0.558360 0.114850 -0.036276
-0.506089 0.057181 0.024870
-0.566469 0.111876 -0.039715
-0.479043 0.015311 0.049093
-0.547282 0.091069 0.026732
-0.600558 0.149914 -0.027370
-0.471639 0.006294 -0.045685
-0.458281 0.003457 -0.038360
-0.447616 -0.020205 -0.016967
-0.469965 0.009520 -0.050161
-0.546345 0.089495 -0.037937
-0.603203 0.156298 -0.043323
-0.544483 0.087418 -0.038595
-0.484072 0.032623 0.018114
-0.517745 0.058274 0.035846
-0.456427 -0.010015 0.029884
-0.508893 0.047809 -0.038805
-0.529879 0.071139 -0.041765
-0.519438 0.071831 -0.000191
-0.493225 0.035405 -0.048962
-0.516422 0.056267 -0.029174
-0.440484 -0.015781 0.030786
-0.575996 0.122701 -0.012667
-0.607364 0.165438 -0.013342
-0.546491 0.089917 -0.006282
-0.538697 0.080914 -0.046473
-0.542482 0.097252 -0.027360
-0.553333 0.097560 -0.002772
-0.546771 0.090412 0.015935
-0.518025 0.070044 -0.026175
-0.536229 0.090217 -0.036688
-0.504482 0.047695 -0.048386
-0.487186 0.023695 -0.033491
-0.587993 0.136387 0.028101
-0.458145 0.003285 -0.040884
-0.527298 0.068716 0.012830
-0.606183 0.166861 -0.021162
-0.450727 -0.004794 -0.019363
-0.502885 0.053141 -0.032861
-0.529696 0.071562 0.034502
-0.557587 0.109684 -0.045584
-0.474835 0.022107 -0.010653
-0.599019 0.160205 -0.023327
-0.602770 0.152511 -0.011022
-0.467694 0.013847 -0.048738
-0.450149 -0.004917 0.043851
-0.502065 0.040220 -0.037576
-0.580672 0.128396 0.047126
-0.592018 0.148504 0.055263
-0.442672 -0.022754 -0.015968
-0.579755 0.126642 -0.042109
-0.595570 0.147261 0.055332
-0.596792 0.145997 0.005968
-0.525230 0.066408 0.012108
-0.589421 0.137655 -0.010957
-0.585165 0.144632 -0.042134
-0.517448 0.057662 0.001612
-0.446608 -0.009172 0.005648
-0.521597 0.074017 -0.026534
-0.469505 0.015945 -0.038682
-0.537406 0.091734 -0.011474
-0.461050 -0.005221 -0.012905
-0.545674 0.090717 0.052736
-0.523657 0.064298 -0.031688
-0.571364 0.129529 -0.011011
-0.556502 0.101203 0.011290
-0.478159 0.025902 0.001014
-0.530003 0.083299 -0.035403
-0.507581 0.046987 0.038956
-0.597684 0.158784 -0.015347
-0.484058 0.020102 -0.047117
-0.550657 0.106327 -0.030203
-0.586885 0.135213 0.035312
-0.493334 0.030760 -0.006392
-0.475983 0.023350 -0.014966
-0.589526 0.137575 -0.034928
-0.461209 -0.005014 -0.009121
-0.520499 0.064567 -0.047581
-0.574839 0.121441 -0.009275
-0.529164 0.070817 0.015975
-0.585308 0.145510 0.045317
-0.516408 0.068775 0.038316
-0.511526 0.063096 0.008349
-0.559969 0.116801 -0.016610
-0.487618 0.036079 -0.041519
-0.461856 0.007526 -0.027387
-0.581527 0.141146 0.026334
-0.516163 0.056008 -0.025633
-0.544130 0.090529 0.052690
-0.474445 0.009399 -0.047658
-0.514371 0.066116 -0.009343
-0.548271 0.091782 -0.020486
-0.549550 0.105292 -0.006258
-0.452400 -0.002634 0.016811
-0.609440 0.159678 -0.042057
-0.475991 0.011163 -0.042415
-0.447571 -0.020341 -0.027444
-0.570465 0.129020 0.048896
-0.533994 0.075862 -0.024219
-0.572210 0.130473 -0.010757
-0.569730 0.127462 -0.041196
-0.589575 0.137977 0.007380
-0.480070 0.026525 -0.049514
-0.532398 0.074324 0.004697
-0.596464 0.157523 -0.003626
-0.588511 0.137037 0.037139
-0.602532 0.152232 -0.012594
-0.610134 0.160545 -0.030566
-0.446542 -0.009577 -0.034721
-0.477460 0.016124 -0.049813
-0.452924 -0.014465 -0.037150
-0.455420 0.000222 -0.044537
-0.475422 0.022449 -0.048629
-0.508745 0.048270 0.037361
-0.569230 0.127475 0.028108
-0.567455 0.125517 0.030180
-0.502577 0.053065 -0.000484
-0.601823 0.163819 0.036926
-0.551805 0.107877 0.003004
-0.524569 0.065511 -0.007609
-0.572792 0.119633 0.047912
-0.509261 0.058483 0.051041
-0.493053 0.042256 -0.025953
-0.454933 -0.011776 0.017858
-0.498320 0.035989 -0.045259
-0.473706 0.008815 -0.018711
-0.495038 0.044824 0.017804
-0.488860 0.038003 0.024345
-0.578947 0.126019 -0.008446
-0.508929 0.060361 0.027218
-0.563359 0.117310 0.053800
-0.467444 0.001593 -0.049552
-0.587867 0.147921 -0.007760
-0.606307 0.165659 0.002355
-0.447811 -0.007517 0.044119
-0.509633 0.060916 -0.000534
-0.489717 0.036982 0.050038
-0.459478 -0.006984 -0.014451
-0.563746 0.109377 0.024887
-0.490672 0.027470 -0.046278
-0.439147 -0.020851 0.011313
-0.515554 0.055505 -0.004270
-0.610417 0.160930 -0.021949
-0.602989 0.164900 0.010508
-0.532099 0.084665 -0.046825
-0.511150 0.062815 0.025179
-0.482206 0.030576 0.021653
-0.447487 -0.008647 -0.049496
-0.523180 0.064126 0.012099
-0.523397 0.063922 -0.042242
-0.541953 0.096973 0.010336
-0.568513 0.114774 0.036155
-0.527964 0.069628 0.033716
-0.438030 -0.020251 0.019997
-0.457080 -0.009710 -0.021407
-0.512968 0.064961 0.040087
-0.546092 0.101328 -0.020298
-0.487153 0.035822 -0.009968
-0.554883 0.099105 -0.024745
-0.567086 0.125112 0.030814
-0.520707 0.073027 -0.026547
-0.585363 0.133580 0.042778
-0.458687 0.004352 0.015541
-0.450092 -0.017367 -0.006854
-0.510568 0.061584 -0.045914
-0.609698 0.160390 0.009669
-0.606720 0.157422 0.051783
-0.500214 0.050337 -0.012351
-0.450096 -0.005118 0.026595
-0.608689 0.164815 -0.042987
-0.566677 0.124844 0.053673
-0.515493 0.066485 -0.047675
-0.589068 0.137033 -0.038772
-0.461809 0.005453 -0.050472
-0.465477 0.011699 -0.009846
-0.539607 0.081968 -0.041533
-0.594720 0.143991 0.042564
-0.582282 0.142171 0.048964
-0.583263 0.131013 0.014731
-0.450035 -0.017277 0.011847
-0.515991 0.067631 -0.044500
-0.555126 0.099448 -0.015956
-0.521984 0.074489 -0.021443
-0.515657 0.067319 -0.037234
-0.459877 0.005870 0.039186
-0.560733 0.117889 0.012189
-0.566929 0.112752 0.004624
-0.446502 -0.021000 0.037146
-0.563396 0.108810 0.003436
-0.476739 0.024311 -0.000377
-0.554046 0.110664 0.038564
-0.477569 0.025336 0.011941
-0.489142 0.038260 0.017461
-0.523245 0.064315 0.026326
-0.591076 0.151532 -0.003030
-0.598551 0.160025 0.018203
-0.581274 0.140797 0.018157
-0.464171 -0.001616 0.003173
-0.518787 0.070798 -0.037689
-0.539120 0.093666 -0.008547
-0.538659 0.081251 -0.000192
-0.532519 0.086420 0.003726
-0.577493 0.136767 0.039833
-0.535547 0.089758 -0.000082
-0.530486 0.072520 0.044020
-0.582828 0.130378 -0.003651
-0.442327 -0.013902 0.009900
-0.554287 0.098870 0.027398
-0.572262 0.118343 -0.037190
-0.449165 -0.006128 0.029760
-0.486130 0.034739 -0.003174
-0.480153 0.028088 -0.003067
-0.490102 0.035349 -0.049048
-0.471341 0.018296 -0.001252
-0.555509 0.099919 -0.010508
-0.527030 0.080343 0.007456
-0.461626 0.007196 -0.036435
-0.501179 0.051666 0.050672
-0.472625 0.017085 -0.049923
-0.579597 0.137768 0.054690
-0.590336 0.138561 -0.024644
-0.443704 -0.020100 0.047536
-0.471646 0.018621 0.049144
-0.603871 0.165476 -0.038877
-0.586523 0.146774 0.034629
-0.477867 0.025911 0.041677
-0.582024 0.129553 0.004813
-0.521540 0.065162 0.051520
-0.482203 0.018101 -0.039363
-0.568394 0.114612 0.032476
-0.450899 -0.015385 -0.051226
-0.517342 0.057673 0.017454
-0.558665 0.103815 0.036195
-0.581980 0.129502 0.004608
-0.496552 0.034577 0.022380
-0.492573 0.041559 -0.045738
-0.583636 0.131604 0.036188
-0.445426 -0.022598 -0.011486
-0.558413 0.115403 0.023919
-0.546244 0.102009 0.042060
-0.569838 0.116300 0.042340
-0.610907 0.163581 -0.041961
-0.581375 0.140546 -0.026070
-0.542450 0.097717 0.033555
-0.593038 0.141718 -0.006380
-0.606715 0.167166 -0.038050
-0.522163 0.063301 0.049446
-0.545480 0.089076 0.028262
-0.555266 0.100064 0.040001
-0.574410 0.133113 0.012635
-0.487804 0.036434 -0.023573
-0.505527 0.056481 0.015875
-0.610105 0.160429 -0.040671
-0.555466 0.111659 -0.032546
-0.479707 0.015287 -0.043856
-0.450899 -0.004111 0.040451
-0.479308 0.027468 0.035913
-0.442732 -0.023987 0.009476
-0.462328 -0.003644 0.006007
-0.490532 0.039941 0.033766
-0.559680 0.116175 -0.045385
-0.604083 0.160349 -0.043210
-0.465614 0.011649 -0.034517
-0.478459 0.026545 0.038594
-0.521589 0.062207 -0.006023
-0.561875 0.106952 -0.016854
-0.462026 0.008329 0.047421
-0.533611 0.075696 0.007351
-0.520048 0.060361 -0.021932
-0.539999 0.094780 0.008078
-0.464813 0.011319 0.033716
-0.574249 0.132992 0.019768
-0.590956 0.151875 0.055105
-0.472853 0.008088 0.008250
-0.470078 0.005280 0.042426
-0.456514 0.001497 -0.037595
-0.465645 -0.000359 -0.043424
-0.446961 -0.020658 -0.051448
-0.518608 0.058690 -0.030411
-0.523423 0.064478 0.021906
-0.495589 0.033581 0.031621
-0.516428 0.056366 -0.017904
-0.547621 0.103285 0.010772
-0.483608 0.032252 0.035827
-0.549865 0.093663 -0.007457
-0.458561 0.004235 0.018430
-0.536568 0.078699 -0.027719
-0.559842 0.116913 0.014090
-0.439508 -0.018585 0.047455
-0.527772 0.068798 -0.041398
-0.604261 0.165721 0.040683
-0.459964 -0.006026 0.036366
-0.527369 0.069021 0.040479
-0.540701 0.095504 0.000997
-0.480372 0.028547 0.023166
-0.501176 0.039948 0.049705
-0.574211 0.120553 -0.032323
-0.470622 0.017254 -0.030717
-0.604063 0.153909 -0.015921
-0.549583 0.093064 -0.042160
-0.573668 0.120050 -0.019889
-0.460560 -0.005774 -0.013741
-0.515317 0.055321 0.005437
-0.593158 0.141906 0.000217
-0.454004 -0.012912 0.005451
-0.475390 0.011228 0.046824
-0.583139 0.130889 0.016427
-0.570109 0.128464 0.029422
-0.497758 0.047555 -0.018273
-0.455570 -0.010917 0.036094
-0.451821 -0.003346 0.008606
-0.530501 0.072582 0.049638
-0.542578 0.085557 -0.007044
-0.483098 0.031370 -0.002506
-0.477448 0.013426 0.035705
-0.547911 0.091558 0.000971
-0.546177 0.101994 0.049258
-0.456675 -0.010243 -0.031413
-0.600769 0.150525 0.018331
-0.490536 0.040063 0.048031
-0.475074 0.010545 0.006568
-0.470025 0.004575 -0.036109
-0.474636 0.022095 0.014778
-0.490814 0.040303 0.039666
-0.549905 0.105732 -0.000654
-0.458351 -0.008152 -0.003985
-0.550414 0.094443 0.013014
-0.543609 0.098469 -0.031986
-0.471499 0.018867 0.046829
-0.568532 0.118648 -0.045090
-0.512553 0.064196 0.003168
-0.487620 0.024572 0.014455
-0.458136 -0.007209 0.048210
-0.577918 0.125212 0.032644
-0.581973 0.129764 0.037401
-0.552771 0.097172 0.025931
-0.603467 0.157524 -0.043288
-0.489542 0.026726 0.016311
-0.489011 0.026205 0.024806
-0.482167 0.018147 -0.028897
-0.557792 0.114575 0.007282
-0.543485 0.098867 0.033316
-0.602852 0.152420 -0.033105
-0.496718 0.034694 0.014121
-0.594762 0.143565 -0.015157
-0.561866 0.119444 0.048089
-0.453623 -0.013406 -0.003070
-0.453287 -0.013884 -0.015758
-0.470951 0.018005 0.016170
-0.493525 0.042911 -0.010110
-0.585141 0.133373 0.047710
-0.494579 0.032475 0.033643
-0.548374 0.092045 -0.002410
-0.533190 0.086892 -0.029849
-0.591035 0.139307 -0.028447
-0.511452 0.052948 -0.048082
-0.458086 -0.008061 0.042892
-0.589049 0.144735 0.055100
-0.563490 0.109103 0.026348
-0.609280 0.159785 -0.007356
-0.526409 0.079641 0.006267
-0.520721 0.065854 -0.047547
-0.552429 0.097001 0.051434
-0.462138 -0.004019 -0.013852
-0.577116 0.135775 -0.029888
-0.490960 0.028262 0.011108
-0.583735 0.143283 -0.012621
-0.533958 0.088010 0.002376
-0.488227 0.025272 0.017440
-0.457393 0.002808 0.002932
-0.542145 0.084808 -0.039528
-0.449353 -0.006088 0.009149
-0.452459 -0.014000 -0.051153
-0.517695 0.069940 0.005875
-0.501013 0.051241 -0.010563
-0.526451 0.079532 -0.012766
-0.484823 0.021029 -0.037843
-0.609971 0.160735 0.014650
-0.514954 0.065538 -0.047710
-0.546520 0.090368 0.044662
-0.492015 0.041377 0.007618
-0.557975 0.102455 -0.035903
-0.528450 0.081813 -0.005975
-0.608331 0.165726 -0.038311
-0.464337 0.010314 -0.024065
-0.502936 0.053719 0.030707
-0.450553 -0.016927 -0.015712
-0.608145 0.158500 -0.009957
-0.499264 0.037445 0.004067
-0.475065 0.022094 -0.043442
-0.473801 0.009323 0.030197
-0.559993 0.104826 -0.020617
-0.532942 0.074735 -0.018991
-0.462103 0.007976 -0.005914
-0.555885 0.112800 0.049447
-0.555041 0.099662 0.021622
-0.582454 0.142085 0.015058
-0.584878 0.132569 -0.014551
-0.488660 0.025476 -0.016343
-0.525131 0.066455 0.031251
-0.479365 0.015399 0.016073
-0.464245 0.010790 0.046338
-0.541121 0.083618 -0.045710
-0.476207 0.023695 -0.003251
-0.497235 0.035523 0.044876
-0.570313 0.116717 0.028773
-0.543470 0.086343 -0.032109
-0.443858 -0.024248 -0.000053
-0.485395 0.034271 0.039388
-0.531199 0.084677 -0.029612
-0.558242 0.114997 -0.002346
-0.552848 0.096867 -0.021563
-0.577344 0.124310 -0.044727
-0.560392 0.117492 0.010061
-0.572470 0.119212 0.040376
-0.565809 0.111675 0.025268
-0.592384 0.140999 -0.005277
-0.507963 0.047096 0.000446
-0.525068 0.078322 0.027285
-0.565715 0.123465 0.016085
-0.597759 0.158653 -0.041502
-0.569394 0.127808 0.046400
-0.553076 0.097172 -0.015275
-0.602467 0.164146 -0.010512
-0.515010 0.054574 -0.043855
-0.547210 0.090631 -0.016866
-0.571682 0.118332 0.039984
-0.567565 0.125447 0.006683
-0.479791 0.027580 -0.015879
-0.562044 0.107254 -0.002976
-0.445482 -0.010209 0.031983
-0.599950 0.149113 -0.042512
-0.575272 0.122233 0.028406
-0.568133 0.114029 -0.003100
-0.600626 0.162502 0.038735
-0.509246 0.060243 -0.030012
-0.594828 0.155769 0.004500
-0.494135 0.043734 0.007421
-0.507063 0.046199 0.013095
-0.539150 0.081899 0.012098
-0.507017 0.057998 -0.001401
-0.552144 0.108523 0.035743
-0.492294 0.029652 -0.000254
-0.518431 0.070657 -0.006676
-0.455222 -0.011804 -0.024635
-0.506213 0.056937 -0.021616
-0.489143 0.038282 0.020104
-0.485275 0.033901 0.010736
-0.469020 0.003784 0.003568
-0.461087 -0.005293 -0.026611
-0.599453 0.160878 -0.000174
-0.462767 0.008838 0.008920
-0.487331 0.023988 -0.017614
-0.497754 0.047370 -0.040236
-0.476080 0.023783 0.024629
-0.438693 -0.021256 0.028827
-0.483439 0.019792 -0.001116
-0.571085 0.117571 0.028146
-0.500150 0.047644 0.050555
-0.450787 -0.016431 0.012806
-0.601901 0.163855 0.030624
-0.596041 0.156752 -0.040176
-0.486468 0.035158 0.002024
-0.542976 0.085965 -0.011300
-0.545015 0.088491 0.020086
-0.559925 0.117223 0.040630
-0.440205 -0.016145 0.024298
-0.528649 0.070386 0.033219
-0.529139 0.070877 0.026544
-0.485519 0.033687 -0.048404
-0.491860 0.029103 -0.008381
-0.463923 -0.002231 -0.038016
-0.591530 0.152311 0.030338
-0.560348 0.117182 -0.021658
-0.594482 0.155529 0.022152
-0.533166 0.087410 0.036567
-0.538348 0.081123 0.026276
-0.553372 0.109710 0.013707
-0.473247 0.008439 -0.002423
-0.482033 0.017829 -0.049488
-0.487061 0.035427 -0.045426
-0.517428 0.057320 -0.037209
-0.472202 0.019257 -0.000901
-0.550526 0.106223 -0.025191
-0.543581 0.098362 -0.041175
-0.599859 0.161022 -0.037477
-0.578133 0.124840 -0.041642
-0.590795 0.151564 0.038944
-0.554189 0.098572 0.004274
-0.448167 -0.007555 -0.008736
-0.580808 0.140321 0.023396
-0.610513 0.162501 -0.011008
-0.531971 0.073916 0.012825
-0.477821 0.013658 0.013427
-0.499411 0.037604 0.003511
-0.514024 0.066128 0.039052
-0.587805 0.147631 -0.034697
-0.515204 0.054921 -0.027989
-0.437291 -0.020297 0.035312
-0.515094 0.054675 -0.042988
-0.440874 -0.015849 -0.030271
-0.529179 0.082749 0.009228
-0.554797 0.099474 0.031838
-0.501763 0.052252 0.011021
-0.513628 0.053099 -0.036270
-0.564540 0.110022 -0.004095
-0.576266 0.134681 -0.044528
-0.470489 0.005036 -0.042908
-0.511509 0.050816 -0.027096
-0.545331 0.100401 -0.030039
-0.532406 0.074300 0.000760
-0.518245 0.058822 0.035021
-0.545298 0.100941 0.040192
-0.465719 0.012170 0.014701
-0.496800 0.046578 -0.007380
-0.482230 0.030254 -0.020773
-0.590130 0.138958 0.051623
-0.578351 0.137679 0.034532
-0.559978 0.116874 -0.009012
-0.503563 0.042059 -0.016670
-0.540699 0.095463 -0.003651
-0.599852 0.150868 -0.043533
-0.545495 0.100749 -0.009895
-0.514538 0.066082 -0.036100
-0.537302 0.091923 0.025631
-0.460075 -0.006270 -0.008419
-0.467853 0.014203 -0.026932
-0.517893 0.070348 0.028655
-0.531779 0.073471 -0.015373
-0.533434 0.087027 -0.046417
-0.569983 0.116177 0.007783
-0.492112 0.029447 -0.000550
-0.494169 0.031414 -0.039881
-0.478529 0.014342 0.000605
-0.504431 0.042935 -0.027502
-0.522954 0.063419 -0.043316
-0.561435 0.106957 0.043433
-0.443701 -0.012845 -0.047689
-0.450482 -0.016003 0.047810
-0.480337 0.028193 -0.015200
-0.468276 0.014540 -0.043311
-0.568714 0.114975 0.033398
-0.544601 0.099840 0.000643
-0.597593 0.146671 -0.020493
-0.459435 -0.006704 0.025377
-0.445365 -0.015976 0.047671
-0.470914 0.005785 -0.009326
-0.521862 0.074941 0.050079
-0.550307 0.106230 0.005316
-0.523599 0.070630 0.051696
-0.544155 0.099753 0.050388
-0.458235 0.004008 0.034880
-0.592453 0.153404 0.038397
-0.440355 -0.020145 -0.027361
-0.483604 0.019789 -0.023791
-0.553213 0.097570 0.014565
-0.528657 0.069806 -0.038546
-0.474556 0.021488 -0.048214
-0.541780 0.084539 -0.022855
-0.440649 -0.016248 -0.048508
-0.562636 0.108019 0.010017
-0.577461 0.136654 0.030302
-0.522659 0.063471 0.002809
-0.467003 0.001538 0.003451
-0.596244 0.145645 0.037349
-0.504366 0.054951 -0.013112
-0.473286 0.020582 0.013537
-0.439573 -0.017003 0.005382
-0.580853 0.140542 0.044179
-0.573254 0.119750 -0.000421
-0.480058 0.016011 -0.003207
-0.505070 0.043658 -0.026131
-0.455202 0.000695 0.042525
-0.529902 0.083241 -0.028713
-0.495123 0.044632 -0.017160
-0.480902 0.028983 0.004470
-0.448874 -0.006822 -0.015318
-0.579614 0.139170 0.044909
-0.556242 0.111179 -0.045588
-0.519022 0.059562 0.019843
-0.509224 0.060370 -0.011617
-0.442660 -0.014001 -0.047385
-0.520351 0.060672 -0.025077
-0.473520 0.008450 -0.037982
-0.518676 0.070603 -0.046440
-0.573605 0.120162 0.002273
-0.484695 0.020839 -0.043724
-0.492521 0.041999 0.014800
-0.585694 0.133540 -0.007014
-0.593531 0.154635 0.042300
-0.598420 0.147865 0.012840
-0.533856 0.077764 0.052131
-0.563671 0.115763 0.053775
-0.560556 0.117988 0.048188
-0.599717 0.161284 0.013603
-0.486157 0.023116 0.035384
-0.588652 0.137040 0.018328
-0.542691 0.097934 0.027402
-0.545423 0.100517 -0.028469
-0.568463 0.114707 0.034697
-0.478994 0.027157 0.040663
-0.592180 0.152682 -0.012456
-0.489469 0.038860 0.046112
-0.562811 0.120154 0.006432
-0.463315 0.009478 0.012593
-0.445035 -0.023056 -0.014310
-0.542763 0.085905 0.010285
-0.494413 0.032093 0.009787
-0.519012 0.059396 0.000778
-0.446142 -0.010145 -0.049676
-0.472641 0.019909 0.019025
-0.535617 0.089818 -0.002283
-0.470400 0.017354 0.011529
-0.473914 0.020817 -0.042880
-0.569281 0.127013 -0.035136
-0.462248 -0.004165 -0.046572
-0.558351 0.102973 -0.023699
-0.456322 -0.010057 0.038963
-0.443214 -0.013198 -0.024725
-0.580586 0.139930 0.005780
-0.597878 0.146954 -0.024568
-0.471672 0.018831 0.019018
-0.481882 0.017815 -0.030690
-0.543895 0.099009 -0.004957
-0.554130 0.098436 -0.004304
-0.471962 0.018859 -0.016873
-0.579007 0.126146 -0.001079
-0.575347 0.121952 -0.015857
-0.440416 -0.020995 -0.010202
-0.459963 0.006035 0.047630
-0.526092 0.079358 0.014651
-0.561301 0.118708 0.035023
-0.444765 -0.011441 -0.020805
-0.439346 -0.017208 0.011250
-0.488620 0.037306 -0.028011
-0.602624 0.164746 0.041244
-0.549507 0.093222 -0.012638
-0.483705 0.020324 0.027621
-0.559408 0.116486 0.020869
-0.559515 0.104697 0.028365
-0.563546 0.109653 0.053637
-0.598396 0.160006 0.037021
-0.556091 0.108004 0.053399
-0.546084 0.101600 0.013800
-0.608359 0.162675 0.026990
-0.591037 0.139813 0.032873
-0.589732 0.149728 -0.040509
-0.602368 0.152498 0.041951
-0.532014 0.074089 0.028026
-0.554680 0.110727 -0.039628
-0.440224 -0.016044 0.033943
-0.548209 0.104185 0.040613
-0.510860 0.055507 0.051019
-0.503051 0.053502 -0.011349
-0.498019 0.035991 -0.004255
-0.526080 0.067392 0.016701
-0.588843 0.137367 0.032267
-0.561041 0.117783 -0.042466
-0.584126 0.143945 0.014974
-0.498658 0.049100 0.047856
-0.580092 0.127473 0.013370
-0.506922 0.045773 -0.019705
-0.576326 0.122989 -0.022252
-0.540085 0.083246 0.049388
-0.545979 0.089560 0.019596
-0.562103 0.107326 -0.002206
-0.599147 0.148705 0.016676
-0.559613 0.116315 -0.027531
-0.491130 0.028324 -0.004354
-0.477736 0.013439 -0.001879
-0.534922 0.089442 0.046017
-0.597759 0.146859 -0.020190
-0.517007 0.069494 0.044704
-0.529318 0.070909 0.006157
-0.528243 0.069589 -0.008912
-0.498199 0.036099 -0.015485
-0.441203 -0.015379 -0.017700
-0.526636 0.080209 0.044486
-0.453191 -0.001917 -0.003002
-0.579419 0.138631 0.005812
-0.588995 0.149042 -0.024055
-0.509728 0.049243 0.022580
-0.531591 0.073012 -0.045682
-0.530139 0.077110 -0.047044
-0.502511 0.040912 -0.013887
-0.543486 0.098595 0.000074
-0.579601 0.126639 -0.021596
-0.447947 -0.019355 0.041675
-0.453540 -0.013322 0.018430
-0.442396 -0.013759 0.017845
-0.480264 0.016120 -0.017853
-0.593884 0.143065 0.043040
-0.570564 0.128928 0.024225
-0.516451 0.068164 -0.041829
-0.471550 0.006675 0.012768
-0.561079 0.108362 -0.045518
-0.519199 0.071930 0.044162
-0.574639 0.133449 0.022480
-0.570989 0.129483 0.034247
-0.497583 0.047401 -0.013294
-0.524469 0.065423 -0.004685
-0.586680 0.145904 -0.043999
-0.605734 0.166729 -0.009622
-0.537113 0.079714 0.021987
-0.603953 0.154032 0.013883
-0.499215 0.037483 0.015389
-0.594130 0.154711 -0.029659
-0.585910 0.146087 0.034083
-0.496889 0.046634 -0.012620
-0.437380 -0.019319 0.020596
-0.587662 0.135464 -0.039307
-0.546364 0.090047 0.026643
-0.533964 0.075849 -0.021926
-0.608302 0.158844 0.010517
-0.454557 -0.012200 0.017281
-0.545990 0.101670 0.035108
-0.602526 0.152557 0.027739
-0.538475 0.092828 -0.023056
-0.513766 0.053215 -0.040844
-0.569879 0.127835 -0.016027
-0.461674 0.007164 -0.046772
-0.491873 0.029528 0.041629
-0.560091 0.108332 0.053514
-0.469998 0.009103 -0.050170
-0.577142 0.136069 0.002374
-0.594796 0.153309 0.055444
-0.464128 0.010051 -0.027752
-0.524915 0.065594 -0.044230
-0.493497 0.031210 0.026334
-0.464692 0.010967 0.007337
-0.596121 0.145047 -0.018817
-0.476248 0.011631 -0.020299
-0.503825 0.042169 -0.038814
-0.576584 0.135574 0.017691
-0.447625 -0.007949 0.016708
-0.458246 -0.008612 -0.045854
-0.603153 0.153456 0.052133
-0.528601 0.082160 0.015967
-0.548120 0.103263 -0.045982
-0.584173 0.143743 -0.015908
-0.515074 0.055154 0.018031
-0.556909 0.101949 0.047025
-0.513420 0.065466 0.040237
-0.511032 0.055475 0.051022
-0.553291 0.097398 -0.017003
-0.560531 0.117241 -0.039260
-0.574812 0.121807 0.038967
-0.438841 -0.022110 0.044407
-0.539877 0.094364 -0.026106
-0.481103 0.029018 -0.018572
-0.501304 0.051455 -0.024004
-0.536869 0.079152 -0.013250
-0.488005 0.024578 -0.036935
-0.501352 0.039723 -0.001443
-0.504016 0.054408 -0.031755
-0.599727 0.161475 0.035537
-0.442393 -0.022172 -0.023124
-0.522384 0.075278 0.020265
-0.515198 0.055131 -0.001587
-0.473977 0.016200 -0.049906
-0.487482 0.036415 0.017639
-0.579335 0.138837 0.042130
-0.586733 0.147044 0.039163
-0.598452 0.147875 0.009720
-0.545658 0.101424 0.050172
-0.606466 0.164781 0.018255
-0.443967 -0.024090 -0.012222
-0.465950 0.000723 0.046994
-0.493763 0.043579 0.038869
-0.530427 0.083746 -0.038306
-0.455488 -0.011195 0.013413
-0.487347 0.031306 0.049849
-0.499500 0.049394 -0.030311
-0.512689 0.064187 -0.016327
-0.514901 0.066515 -0.032668
-0.489173 0.026567 0.046847
-0.503544 0.047164 0.050637
-0.489797 0.039044 0.024222
-0.536982 0.079814 0.052003
-0.442522 -0.022747 -0.013200
-0.565143 0.110915 0.022895
-0.511587 0.057998 -0.047967
-0.508037 0.051975 0.050864
-0.505795 0.056962 0.038071
-0.557127 0.113548 -0.027749
-0.478744 0.014806 0.028095
-0.506407 0.045572 0.025731
-0.468039 0.014654 0.002729
-0.514887 0.066981 0.025951
-0.443999 -0.023725 0.044573
-0.605233 0.166975 -0.040906
-0.447668 -0.007973 0.007941
-0.497624 0.035193 -0.047898
-0.472750 0.007965 0.007284
-0.574537 0.121387 0.025073
-0.593231 0.141775 -0.025453
-0.517041 0.068804 -0.043920
-0.577354 0.136664 0.046141
-0.566734 0.112754 0.031204
-0.498127 0.036554 0.049648
-0.503930 0.042278 -0.039681
-0.541822 0.085126 0.042998
-0.459265 -0.006977 0.015242
-0.502508 0.041389 0.044696
-0.584966 0.144802 0.005639
-0.511305 0.050420 -0.047699
-0.485733 0.022660 0.037396
-0.581213 0.128783 0.020917
-0.487094 0.023943 0.009139
-0.492917 0.030055 -0.035603
-0.491729 0.033327 0.050012
-0.513069 0.052629 -0.017650
-0.453782 -0.003366 -0.050883
-0.567714 0.113432 -0.018959
-0.563183 0.120212 -0.036797
-0.594026 0.154503 -0.040803
-0.448312 -0.007311 0.001310
-0.540010 0.094513 -0.025961
-0.485482 0.022291 0.026420
-0.577205 0.136042 -0.009479
-0.559629 0.116619 0.007307
-0.579072 0.126168 -0.007302
-0.583152 0.131078 0.037738
-0.461717 -0.004718 -0.041928
-0.583227 0.143165 0.041899
-0.456666 0.002120 0.017676
-0.559754 0.104628 -0.012337
-0.513190 0.064634 -0.029744
-0.502940 0.053165 -0.037398
-0.546757 0.093988 0.052838
-0.530894 0.072353 -0.031536
-0.565309 0.122804 -0.009441
-0.563848 0.121354 0.012082
-0.476875 0.024201 -0.032175
-0.475210 0.010978 0.040831
-0.557991 0.102706 -0.007478
-0.493543 0.031369 0.039515
-0.544431 0.087384 -0.035629
-0.548983 0.104337 -0.045640
-0.463771 0.007272 -0.050379
-0.590680 0.139091 -0.006799
-0.467199 0.001869 0.017251
-0.606515 0.165325 0.005555
-0.547840 0.091265 -0.025072
-0.505300 0.056308 0.025625
-0.515207 0.063609 0.051314
-0.467099 0.013475 -0.013464
-0.594848 0.144075 0.035302
-0.537009 0.091339 -0.005731
-0.454736 -0.012188 -0.005608
-0.594393 0.143613 0.040777
-0.513864 0.066014 0.046851
-0.568294 0.113926 -0.037409
-0.460031 -0.005953 0.036109
-0.490251 0.038977 -0.045545
-0.442048 -0.021166 -0.038143
-0.540620 0.095455 0.006062
-0.561714 0.107076 0.020062
-0.530325 0.083738 -0.025534
-0.443342 -0.013113 -0.031604
-0.479284 0.015553 0.045825
-0.578884 0.131830 0.054541
-0.531292 0.075745 -0.047043
-0.536688 0.079364 0.036991
-0.473371 0.016807 0.049151
-0.563512 0.121095 0.026015
-0.532203 0.086229 0.023205
-0.494699 0.032346 0.001788
-0.575650 0.122160 -0.031564
-0.607258 0.166575 -0.035835
-0.498034 0.036071 0.003410
-0.492458 0.031202 0.049985
-0.474868 0.010469 0.025238
-0.496828 0.036588 0.050222
-0.504205 0.054649 -0.028132
-0.529782 0.083768 0.051587
-0.514377 0.054297 0.008127
-0.525777 0.067250 0.040581
-0.548735 0.092308 -0.019201
-0.473805 0.021308 0.031585
-0.487688 0.036173 -0.039556
-0.474739 0.021907 -0.022016
-0.502020 0.052141 -0.037378
-0.584020 0.143766 0.007557
-0.498236 0.048651 0.050421
-0.590793 0.149339 0.055248
-0.502717 0.053211 -0.001525
-0.606973 0.162850 0.050062
-0.465498 0.012155 0.042804
-0.603171 0.164881 -0.016501
-0.451540 -0.003370 0.043841
-0.501540 0.040070 0.015262
-0.593066 0.153416 -0.043171
-0.568723 0.114371 -0.041411
-0.502580 0.041419 0.038583
-0.580187 0.136214 0.054672
-0.526257 0.079653 0.051967
-0.545663 0.089328 0.034107
-0.488374 0.025400 0.013074
-0.499535 0.049407 -0.033541
-0.441889 -0.014681 -0.025742
-0.607280 0.166740 -0.039817
-0.560712 0.105882 0.010610
-0.584300 0.132336 0.035254
-0.580404 0.127679 -0.003786
-0.569771 0.127540 -0.037375
-0.505981 0.056944 0.010632
-0.462657 -0.003335 -0.001044
-0.534267 0.082552 -0.046813
-0.459844 -0.006319 0.016957
-0.517436 0.069832 0.027754
-0.463380 0.009759 0.038044
-0.542552 0.092430 -0.046371
-0.554904 0.111290 -0.001460
-0.456180 -0.010668 -0.016143
-0.510405 0.061960 0.021948
-0.533663 0.087807 0.017476
-0.486469 0.022810 -0.044053
-0.588300 0.148463 -0.000442
-0.532478 0.086130 -0.026017
-0.558076 0.114707 -0.015114
-0.444137 -0.024053 -0.016329
-0.578335 0.137780 0.049057
-0.533961 0.087917 -0.009376
-0.512710 0.064353 0.001089
-0.548491 0.091934 -0.031854
-0.606619 0.163613 0.040495
-0.556795 0.113761 0.043213
-0.449577 -0.009875 -0.051141
-0.581314 0.138340 0.054749
-0.567809 0.125775 0.013647
-0.529991 0.071919 0.038083
-0.556464 0.113440 0.048921
-0.472383 0.007292 -0.024921
-0.534745 0.077292 0.048124
-0.485064 0.021347 -0.031868
-0.576234 0.134628 0.054530
-0.530384 0.071853 -0.023299
-0.470220 0.004748 -0.041541
-0.569122 0.127453 0.039957
-0.450419 -0.004928 0.006035
-0.587989 0.148380 0.031531
-0.446569 -0.021078 0.018731
-0.461075 -0.004786 0.036721
-0.569835 0.115661 -0.035069
-0.467865 0.002174 -0.035862
-0.479407 0.027317 0.004212
-0.517998 0.058185 -0.009214
-0.473329 0.020505 -0.001661
-0.555520 0.099731 -0.034908
-0.549985 0.106236 0.049886
-0.581741 0.129022 -0.021488
-0.547132 0.102640 -0.001469
-0.475523 0.023112 0.018496
-0.482264 0.018673 0.021887
-0.447439 -0.009992 0.047859
-0.601703 0.151616 0.024618
-0.507518 0.046589 -0.001024
-0.437058 -0.020436 0.042850
-0.573488 0.131747 -0.028654
-0.477749 0.024150 0.049431
-0.563100 0.108313 -0.017090
-0.446382 -0.021598 -0.019343
-0.462992 0.009151 0.016540
-0.446514 -0.009037 0.034759
-0.594391 0.143544 0.032609
-0.459453 -0.006715 0.021672
-0.519752 0.060530 0.038666
-0.474622 0.009731 -0.031340
-0.528410 0.069583 -0.032229
-0.593262 0.154372 0.046656
-0.485967 0.034634 0.006286
-0.550570 0.094922 0.050304
-0.562917 0.119931 -0.034997
-0.481722 0.030232 0.045416
-0.542458 0.085273 -0.025298
-0.491044 0.040200 -0.004066
-0.524231 0.066785 -0.047431
-0.500245 0.038625 0.014913
-0.559321 0.104053 -0.023648
-0.601617 0.151150 -0.020355
-0.574885 0.121899 0.040293
-0.498849 0.048945 0.003043
-0.514844 0.055016 0.032356
-0.602922 0.152958 0.022959
-0.441452 -0.015061 -0.012814
-0.470797 0.005335 -0.048335
-0.507029 0.057947 -0.009205
-0.489989 0.039222 0.019883
-0.508314 0.059385 -0.008197
-0.510665 0.049745 -0.043037
-0.607485 0.158206 0.043576
-0.453050 -0.014175 -0.018932
-0.488410 0.037372 0.008596
-0.526624 0.079665 -0.019993
-0.479512 0.027702 0.036749
-0.581813 0.129480 0.024478
-0.527539 0.068523 -0.043291
-0.537140 0.079661 0.011957
-0.445416 -0.010248 0.036174
-0.542305 0.097014 -0.032398
-0.556451 0.100921 -0.016093
-0.574779 0.133505 0.010471
-0.480561 0.016393 -0.024968
-0.502546 0.041359 0.035994
-0.445837 -0.009790 0.034820
-0.521468 0.073796 -0.035915
-0.514849 0.056126 -0.047920
-0.470258 0.005446 0.038371
-0.526521 0.079358 -0.043415
-0.446093 -0.021879 -0.014372
-0.593945 0.142513 -0.032494
-0.533959 0.087978 -0.001720
-0.533243 0.075592 0.044602
-0.589537 0.150199 0.043310
-0.544752 0.099894 -0.013392
-0.546319 0.089591 -0.022675
-0.513571 0.065095 -0.025252
-0.554935 0.099083 -0.034479
-0.591153 0.140045 0.045398
-0.562282 0.119570 0.007039
-0.536713 0.090703 -0.043172
-0.570683 0.116537 -0.043177
-0.571714 0.118395 0.043294
-0.464360 -0.001698 -0.032459
-0.573632 0.131974 -0.020610
-0.463144 0.000433 0.048514
-0.602737 0.164302 -0.028230
-0.461508 0.007108 -0.031069
-0.552608 0.109174 0.052109
-0.437648 -0.019359 0.008145
-0.498582 0.040604 -0.048702
-0.566082 0.123974 0.028342
-0.447091 -0.020794 -0.017509
-0.524689 0.065652 -0.006611
-0.498615 0.048389 -0.032876
-0.462029 -0.004107 -0.009811
-0.605811 0.156010 0.003018
-0.466716 0.001126 -0.007712
-0.540695 0.095454 -0.004206
-0.512601 0.064510 0.034874
-0.447973 -0.007996 -0.036139
-0.445605 -0.010051 0.034558
-0.544499 0.088027 0.033499
-0.508940 0.047951 -0.027813
-0.471123 0.006270 0.021365
-0.464225 0.010058 -0.040011
-0.604292 0.154155 -0.017037
-0.450977 -0.004674 -0.038642
-0.479326 0.015540 0.038535
-0.473426 0.009028 0.045167
-0.488119 0.036857 -0.014688
-0.602227 0.152169 0.021098
-0.519572 0.072139 0.019285
-0.469020 0.003632 -0.014849
-0.584207 0.144204 0.035658
-0.570380 0.116509 -0.005529
-0.452236 -0.002888 0.008197
-0.500396 0.038568 -0.012664
-0.557812 0.114213 -0.039540
-0.484674 0.032821 -0.039361
-0.565313 0.111351 0.052996
-0.444229 -0.023507 0.039866
-0.547840 0.103272 -0.020455
-0.512163 0.060920 0.051173
-0.604157 0.165902 -0.025823
-0.609322 0.160195 0.036756
-0.517833 0.069960 -0.010407
-0.555801 0.112011 -0.035158
-0.588243 0.136130 -0.037029
-0.546965 0.102432 -0.004221
-0.461258 -0.004673 0.025633
-0.565909 0.111293 -0.034868
-0.525566 0.078423 -0.027894
-0.588000 0.147965 -0.020336
-0.583708 0.143069 -0.035029
-0.479598 0.027150 0.049548
-0.480556 0.016914 0.039126
-0.489525 0.026521 -0.006343
-0.588832 0.137333 0.029658
-0.556450 0.100911 -0.017288
-0.594505 0.143580 0.021529
-0.564664 0.109867 -0.039754
-0.549127 0.104598 -0.033375
-0.557276 0.113741 -0.024327
-0.540343 0.084877 -0.046597
-0.511777 0.051747 0.049952
-0.526958 0.080326 0.015180
-0.599865 0.161170 -0.020382
-0.466557 0.001249 0.028822
-0.480089 0.028104 0.007698
-0.576579 0.135415 -0.000929
-0.549896 0.094068 0.037711
-0.577458 0.136839 0.053217
-0.562654 0.107931 -0.003071
-0.520203 0.072507 -0.021589
-0.550425 0.094568 0.026937
-0.449407 -0.005908 0.023769
-0.514450 0.063362 0.051288
-0.446073 -0.021952 -0.020598
-0.581094 0.128867 0.047344
-0.497491 0.047741 0.040423
-0.486225 0.022531 -0.044986
-0.445286 -0.022287 0.045328
-0.509751 0.061381 0.040143
-0.500814 0.039141 0.000503
-0.482980 0.030976 -0.034430
-0.557676 0.102405 -0.001487
-0.584156 0.143986 0.015900
-0.521599 0.062502 0.028534
-0.519911 0.072374 0.001770
-0.486099 0.035059 0.040041
-0.519068 0.059220 -0.028197
-0.557461 0.114402 0.031077
-0.527178 0.080684 0.029062
-0.485397 0.029680 -0.049300
-0.587989 0.142994 0.055033
-0.535926 0.078536 0.039426
-0.442649 -0.020709 0.047494
-0.545471 0.089208 0.045580
-0.533106 0.074763 -0.037724
-0.507452 0.058814 0.038930
-0.583907 0.143381 -0.024020
-0.591560 0.151258 0.055311
-0.483039 0.031104 -0.026815
-0.501405 0.039787 -0.000889
-0.532833 0.075123 0.043014
-0.511236 0.062700 -0.000461
-0.548454 0.092386 0.028253
-0.439438 -0.017520 -0.039272
-0.485714 0.022257 -0.009215
-0.581407 0.128639 -0.022799
-0.525923 0.078834 -0.026169
-0.477396 0.024703 -0.041660
-0.533346 0.087017 -0.035675
-0.461830 -0.003856 0.047662
-0.573190 0.131648 -0.000387
-0.490596 0.028161 0.048174
-0.603343 0.165466 0.031466
-0.439034 -0.020477 0.005421
-0.598875 0.148591 0.039535
-0.490759 0.040222 0.037173
-0.591813 0.140802 0.048024
-0.537527 0.092237 0.033376
-0.489473 0.026451 -0.007953
-0.597399 0.146433 -0.023124
-0.590535 0.151149 0.023783
-0.556426 0.101091 0.007916
-0.572356 0.131037 0.038156
-0.505851 0.056510 -0.024614
-0.452929 -0.014329 -0.021337
-0.493889 0.031702 0.033225
-0.587748 0.141389 -0.044069
-0.537915 0.080294 -0.015953
-0.567070 0.124832 -0.000965
-0.562997 0.107989 -0.042581
-0.524845 0.077638 -0.025665
-0.444472 -0.011474 0.014749
-0.499643 0.049617 -0.022616
-0.486528 0.025818 -0.049354
-0.544518 0.087995 0.026976
-0.567596 0.113342 -0.013923
-0.577040 0.123659 -0.037446
-0.570704 0.116711 -0.024819
-0.514964 0.067236 0.046568
-0.454653 -0.000447 -0.022165
-0.491238 0.028471 -0.001044
-0.453421 -0.013647 -0.004939
-0.543574 0.098859 0.020311
-0.559623 0.104933 0.042520
-0.471477 0.006319 -0.020639
-0.594998 0.148277 -0.043721
-0.570618 0.116518 -0.036688
-0.611233 0.161685 -0.040615
-0.481055 0.027120 -0.049474
-0.528233 0.081501 -0.014512
-0.440729 -0.015620 0.017161
-0.538547 0.092781 -0.038648
-0.556215 0.100741 -0.005984
-0.457674 0.003052 -0.005430
-0.526325 0.079601 0.012813
-0.527875 0.069351 0.011996
-0.539317 0.081841 -0.017598
-0.453747 -0.001635 -0.043998
-0.489274 0.033285 0.049945
-0.472441 0.007307 -0.030853
-0.595761 0.156869 0.011925
-0.442275 -0.024968 0.039524
-0.485426 0.033918 -0.007661
-0.451341 -0.004152 -0.024478
-0.498288 0.048246 -0.005967
-0.543881 0.099006 -0.003342
-0.494351 0.044027 0.013778
-0.553908 0.110234 0.004959
-0.530208 0.083445 -0.045348
-0.467182 0.002014 0.037104
-0.602336 0.164146 0.007090
-0.536460 0.078667 -0.016996
-0.483507 0.019584 -0.035490
-0.599160 0.160307 -0.029964
-0.528301 0.082080 0.046769
-0.610439 0.160883 -0.030616
-0.547134 0.090938 0.030772
-0.588167 0.148295 -0.002900
-0.487548 0.023970 -0.049107
-0.594448 0.145977 0.055273
-0.564828 0.122488 0.017414
-0.586954 0.135270 0.032908
-0.471331 0.006524 0.024192
-0.518642 0.070739 -0.025236
-0.515916 0.068195 0.034298
-0.471516 0.018706 0.025035
-0.572375 0.130649 -0.011574
-0.527701 0.080734 -0.035780
-0.439169 -0.021343 0.021504
-0.563404 0.108600 -0.023306
-0.466328 0.012612 -0.014059
-0.586813 0.146973 0.019597
-0.561559 0.118595 -0.013772
-0.601101 0.150887 0.017488
-0.438322 -0.018325 0.013986
-0.535593 0.090089 0.033920
-0.492839 0.030283 0.002644
-0.587839 0.136269 0.034616
-0.607307 0.163411 0.031488
-0.494663 0.044125 -0.016523
-0.549867 0.093814 0.010661
-0.536756 0.079025 -0.013468
-0.439239 -0.021107 0.015044
-0.589791 0.149968 -0.019308
-0.496115 0.033627 -0.034155
-0.444587 -0.023261 0.021435
-0.519624 0.059712 -0.043540
-0.503578 0.041968 -0.029814
-0.450873 -0.004372 0.012227
-0.471455 0.018052 -0.046363
-0.497919 0.035590 -0.039443
-0.557062 0.101357 -0.045755
-0.451826 -0.003669 -0.031333
-0.594829 0.143860 0.011717
-0.600986 0.162750 0.020097
-0.520542 0.065682 0.051505
-0.475401 0.010607 -0.030213
-0.563572 0.120579 -0.044833
-0.588378 0.148506 -0.005783
-0.573374 0.128578 0.054320
-0.603351 0.165607 0.047432
-0.526351 0.067747 0.023240
-0.537367 0.079502 -0.038117
-0.603372 0.164978 -0.031823
-0.465824 -0.000131 -0.039941
-0.608919 0.159785 0.041521
-0.611030 0.161539 -0.030942
-0.466533 0.012665 -0.035361
-0.597203 0.158372 -0.000313
-0.477520 0.025534 0.042668
-0.531005 0.084787 0.009994
-0.516881 0.066904 -0.047628
-0.599719 0.148929 -0.033618
-0.443578 -0.012568 0.002738
-0.536877 0.091425 0.022551
-0.462106 0.007128 0.048633
-0.460046 -0.006584 -0.042733
-0.500814 0.039492 0.043249
-0.563926 0.109188 -0.022427
-0.460705 0.006588 0.014388
-0.472662 0.007698 -0.013323
-0.518378 0.070312 -0.041518
-0.521173 0.074030 0.032583
-0.560738 0.118161 0.044598
-0.574189 0.129301 0.054358
-0.482605 0.018485 -0.047183
-0.449792 -0.005593 0.010015
-0.495964 0.033888 0.018102
-0.478428 0.026569 0.045723
-0.571857 0.130296 0.015564
-0.531852 0.073674 -0.000369
-0.472817 0.007760 -0.026787
-0.594926 0.156140 0.036380
-0.489291 0.026088 -0.027317
-0.503333 0.053882 -0.003447
-0.571096 0.129729 0.049739
-0.469834 0.004975 0.038319
-0.568653 0.126310 -0.035589
-0.525206 0.078611 0.043765
-0.510041 0.049221 -0.022370
-0.441512 -0.020931 -0.032812
-0.550200 0.106269 0.024678
-0.520829 0.069412 0.051594
-0.584311 0.132096 0.004614
-0.582709 0.142675 0.052386
-0.508047 0.059175 0.002349
-0.587734 0.148245 0.049652
-0.451670 -0.015625 -0.008594
-0.548467 0.104080 -0.006971
-0.508901 0.047910 -0.027476
-0.491097 0.028293 -0.003644
-0.450595 -0.004889 -0.013106
-0.588577 0.148663 -0.013733
-0.581975 0.129518 0.007190
-0.477973 0.013740 0.002724
-0.516166 0.068207 0.001997
-0.511631 0.063296 0.018421
-0.505709 0.056385 -0.020482
-0.489327 0.037945 -0.045873
-0.442536 -0.019297 -0.051539
-0.466779 0.010312 -0.050230
-0.535285 0.077772 0.033300
-0.604889 0.155114 0.018874
-0.551000 0.094622 -0.044373
-0.457839 0.003141 -0.016924
-0.541177 0.083971 -0.010271
-0.500116 0.050666 0.041026
-0.463117 0.008744 -0.049969
-0.568758 0.126792 0.008852
-0.481661 0.017447 -0.045624
-0.592453 0.152911 -0.021602
-0.586728 0.137191 0.054871
-0.484100 0.020851 0.038289
-0.519843 0.059952 -0.044005
-0.590768 0.139432 0.022839
-0.452168 -0.003076 -0.005468
-0.461543 -0.004357 0.025461
-0.516781 0.057090 0.022376
-0.451464 -0.003631 0.022305
-0.446092 -0.021654 0.013199
-0.576878 0.124147 0.043909
-0.481341 0.017354 -0.013600
-0.498578 0.048314 -0.036934
-0.599450 0.161246 0.045083
-0.505677 0.044351 -0.023983
-0.443427 -0.022917 -0.027091
-0.493920 0.031606 0.017270
-0.607224 0.166929 -0.042815
-0.536152 0.090606 0.021122
-0.550908 0.107217 0.044169
-0.533072 0.086889 -0.014134
-0.473120 0.007940 -0.045816
-0.514378 0.054380 0.017960
-0.602952 0.153179 0.045731
-0.509150 0.048769 0.043249
-0.505298 0.055885 -0.025738
-0.610835 0.163105 -0.030273
-0.500996 0.044318 -0.048555
-0.572391 0.118502 -0.035506
-0.539835 0.094909 0.045946
-0.539133 0.093523 -0.027592
-0.445320 -0.010298 0.042982
-0.486872 0.035211 -0.046264
-0.547181 0.096105 0.052896
-0.591056 0.139798 0.028359
-0.493735 0.042890 -0.041192
-0.606023 0.156453 0.028198
-0.528234 0.081817 0.023869
-0.543097 0.086509 0.038472
-0.551993 0.107845 -0.026395
-0.528026 0.069353 -0.008149
-0.570027 0.128194 0.007648
-0.594628 0.143785 -0.043830
-0.546222 0.101843 0.024737
-0.486556 0.023540 0.033005
-0.475573 0.010982 -0.007752
-0.451511 -0.015910 -0.021675
-0.453913 -0.013325 -0.032410
-0.500288 0.050859 0.041159
-0.474340 0.021831 0.022783
-0.507085 0.046285 0.020629
-0.573091 0.119836 0.032118
-0.608468 0.158809 -0.016211
-0.510106 0.061646 0.024200
-0.564268 0.110040 0.034996
-0.535897 0.090538 0.047312
-0.488825 0.037361 -0.048929
-0.536959 0.079604 0.029484
-0.550361 0.105885 -0.043964
-0.529346 0.076881 0.051990
-0.601525 0.163172 -0.001615
-0.541502 0.084738 0.039073
-0.486547 0.035030 -0.024163
-0.602843 0.164792 0.017133
-0.527301 0.080862 0.033941
-0.466778 0.013066 -0.019797
-0.522046 0.074768 0.004057
-0.483332 0.031720 0.008379
-0.581046 0.128168 -0.031245
-0.440109 -0.016288 0.019727
-0.610163 0.162204 0.002184
-0.566770 0.124758 0.030482
-0.585000 0.144668 -0.015304
-0.452914 -0.014183 -0.001519
-0.524297 0.065480 0.025570
-0.441772 -0.014910 -0.037712
-0.448684 -0.018713 0.020001
-0.520354 0.060754 -0.015718
-0.568593 0.114719 -0.045175
-0.527665 0.069054 0.004341
-0.557315 0.113777 -0.025226
-0.514488 0.062201 0.051264
-0.561626 0.106440 -0.045300
-0.500104 0.038092 -0.030972
-0.521205 0.062051 0.027058
-0.578854 0.125706 -0.034001
-0.560487 0.117484 -0.003750
-0.505936 0.044480 -0.043355
-0.464406 0.010630 0.005095
-0.495275 0.032670 -0.036775
-0.499314 0.049564 0.015466
-0.543005 0.086401 0.037839
-0.540696 0.095764 0.033427
-0.595362 0.144388 0.003844
-0.458899 0.004456 -0.000404
-0.531576 0.073189 -0.022158
-0.453333 -0.002046 -0.037816
-0.473026 0.007937 -0.033592
-0.609507 0.164460 -0.033791
-0.494408 0.044057 0.009802
-0.579411 0.126780 0.021394
-0.499752 0.037611 -0.041853
-0.579972 0.139638 0.053454
-0.514917 0.066623 -0.021676
-0.509252 0.060782 0.034696
-0.601342 0.151513 0.055582
-0.462794 -0.003190 -0.001831
-0.463298 -0.002577 0.004482
-0.481977 0.029946 -0.023912
-0.558943 0.115842 0.005541
-0.493772 0.043142 -0.015460
-0.580363 0.139732 0.012010
-0.519991 0.060703 0.027306
-0.611466 0.161948 -0.040178
-0.505962 0.057125 0.035225
-0.510253 0.061285 -0.039544
-0.534328 0.088638 0.028650
-0.510314 0.061646 -0.003928
-0.536005 0.090631 0.044152
-0.574854 0.133468 -0.004272
-0.522347 0.062924 -0.021425
-0.596718 0.146164 0.036249
-0.537784 0.092402 0.018717
-0.516119 0.068512 0.045479
-0.475983 0.011340 -0.019784
-0.523996 0.077017 0.013750
-0.470445 0.017168 -0.017089
-0.581882 0.141318 -0.000794
-0.506778 0.058150 0.049484
-0.529199 0.071105 0.046198
-0.605350 0.167108 -0.040654
-0.494589 0.031898 -0.037913
-0.503250 0.045909 -0.048459
-0.477363 0.024842 -0.020238
-0.534496 0.076363 -0.031297
-0.497555 0.036784 0.050246
-0.466976 0.001240 -0.029177
-0.446250 -0.021684 -0.011886
-0.484795 0.021594 0.034663
-0.444342 -0.023712 -0.000211
-0.527840 0.069399 0.022584
-0.528353 0.082070 0.038485
-0.523994 0.076848 -0.006617
-0.468258 0.002867 -0.004801
-0.598164 0.159364 -0.009773
-0.504297 0.054778 -0.024806
-0.460299 -0.005966 -0.001746
-0.581236 0.128525 -0.013524
-0.536271 0.090979 0.050374
-0.458664 -0.003081 -0.050745
-0.553701 0.110045 0.010042
-0.491333 0.033745 0.050011
-0.453584 -0.013685 -0.031809
-0.597344 0.158669 0.016772
-0.552967 0.097142 -0.004186
-0.533311 0.075566 0.032208
-0.587417 0.135179 -0.040927
-0.495386 0.037026 0.050193
-0.586941 0.146803 -0.018397
-0.609376 0.160535 0.053442
-0.525706 0.078752 -0.006752
-0.596095 0.154318 -0.043559
-0.514345 0.054522 0.039880
-0.576214 0.135320 0.036990
-0.562952 0.108101 -0.022849
-0.529291 0.071035 0.025123
-0.513905 0.058969 0.051177
-0.460187 0.005951 0.007129
-0.586057 0.133682 -0.038846
-0.602500 0.164267 -0.000391
-0.506746 0.053794 -0.048191
-0.586690 0.134884 0.021703
-0.567605 0.125084 -0.042867
-0.465737 0.000422 0.039181
-0.551530 0.095414 -0.019859
-0.437544 -0.019943 0.022787
-0.475009 0.022442 0.006528
-0.524228 0.077380 0.026512
-0.491908 0.036649 0.050090
-0.558890 0.115993 0.031112
-0.481786 0.029787 -0.017495
-0.559966 0.104719 -0.030013
-0.555128 0.111232 -0.038811
-0.533850 0.086759 -0.046732
-0.469731 0.004175 -0.045120
-0.556863 0.113275 -0.025117
-0.594667 0.143715 0.016139
-0.450721 -0.016282 0.039951
-0.490499 0.039808 0.022057
-0.441469 -0.021615 -0.017227
-0.540877 0.095747 0.006748
-0.441697 -0.024440 0.039331
-0.567428 0.113220 -0.005999
-0.523452 0.076589 0.035268
-0.500403 0.050708 0.007113
-0.587038 0.146899 -0.019789
-0.458602 0.003801 -0.039970
-0.570955 0.129144 -0.002427
-0.598436 0.159521 -0.027497
-0.545439 0.088515 -0.034572
-0.512622 0.061547 0.051199
-0.520693 0.073435 0.025068
-0.463980 -0.002252 -0.048427
-0.482809 0.018725 -0.045506
-0.508964 0.047882 -0.039572
-0.513420 0.053420 0.030881
-0.482652 0.018775 -0.018241
-0.550494 0.106816 0.051319
-0.494074 0.031892 0.031082
-0.588063 0.148160 -0.005248
-0.590365 0.138616 -0.021909
-0.560131 0.116807 -0.037903
-0.517682 0.057865 -0.005300
-0.534919 0.089443 0.046586
-0.524190 0.065241 0.011005
-0.459050 0.004647 0.002254
-0.507725 0.046442 -0.046903
-0.579802 0.131648 -0.044499
-0.494052 0.031404 -0.025195
-0.502570 0.044914 0.050561
-0.556758 0.101490 0.011588
-0.535660 0.078067 0.018450
-0.502169 0.052884 0.032845
-0.468349 0.014696 -0.034158
-0.547614 0.102878 -0.037813
-0.578881 0.126446 0.052368
-0.445158 -0.010769 0.007688
-0.489620 0.026679 -0.000038
-0.548200 0.103554 -0.034898
-0.468571 0.006127 0.048787
-0.585416 0.133454 0.020180
-0.491636 0.028870 -0.006440
-0.539377 0.093875 -0.017824
-0.470045 0.016828 -0.004408
-0.474489 0.009825 -0.001790
-0.479246 0.026960 -0.017390
-0.468268 0.011138 -0.050172
-0.601773 0.163538 0.009448
-0.490644 0.038671 -0.048960
-0.441871 -0.014441 0.005994
-0.472494 0.019789 0.024237
-0.473960 0.009542 0.035416
-0.501409 0.051456 -0.038024
-0.578798 0.125841 -0.010021
-0.544350 0.087410 -0.021587
-0.466529 0.000722 -0.031694
-0.576443 0.135455 0.022266
-0.489288 0.038381 0.012423
-0.535521 0.077557 -0.024906
-0.517786 0.058318 0.035763
-0.496838 0.034418 -0.035851
-0.469057 0.015823 0.007226
-0.590768 0.151655 0.053680
-0.518069 0.070135 -0.021078
-0.582496 0.141686 -0.039127
-0.505061 0.055610 -0.027095
-0.520165 0.060699 0.003352
-0.450139 -0.017034 0.027292
-0.486679 0.035459 0.010150
-0.485811 0.022158 -0.034351
-0.475540 0.010903 -0.013075
-0.504761 0.043681 0.018484
-0.446656 -0.008923 0.029528
-0.591451 0.152332 0.043679
-0.535247 0.080642 -0.046828
-0.609344 0.159760 -0.019148
-0.510870 0.052058 0.050943
-0.569698 0.115910 0.013970
-0.533318 0.075469 0.019415
-0.518995 0.059342 -0.003289
-0.446661 -0.021126 0.000417
-0.560836 0.106049 0.014031
-0.605717 0.164227 0.044715
-0.609584 0.162985 -0.003445
-0.564324 0.109455 -0.043767
-0.561804 0.106806 -0.025012
-0.478062 0.013791 -0.003138
-0.491924 0.040890 -0.039209
-0.470723 0.017247 -0.045190
-0.584772 0.132225 -0.042196
-0.512141 0.063837 0.015258
-0.489287 0.026224 -0.010226
-0.443343 -0.012794 0.007087
-0.579414 0.126831 0.027051
-0.521362 0.062191 0.022702
-0.583114 0.130762 0.004356
-0.482126 0.018635 0.035960
-0.455535 -0.011304 -0.006179
-0.486564 0.023644 0.044609
-0.459057 -0.006990 0.041852
-0.566598 0.111989 -0.043390
-0.602476 0.164093 -0.018203
-0.594966 0.156093 0.025335
-0.529504 0.083141 0.012990
-0.476847 0.012193 -0.033100
-0.589875 0.137950 -0.036562
-0.549897 0.093539 -0.026935
-0.561136 0.106006 -0.031757
-0.474250 0.009333 -0.029412
-0.598718 0.159741 -0.038952
-0.590475 0.150966 0.009531
-0.578856 0.125895 -0.011284
-0.582653 0.142343 0.019497
-0.449092 -0.006757 -0.036898
-0.490143 0.039512 0.034272
-0.587805 0.147933 0.055136
-0.479191 0.026651 -0.047560
-0.585044 0.133071 0.024021
-0.610658 0.161178 -0.024599
-0.598673 0.148483 0.053748
-0.485283 0.033669 -0.018721
-0.505427 0.044298 0.003398
-0.611277 0.161996 -0.014908
-0.570154 0.116421 0.014332
-0.465413 -0.000350 -0.010876
-0.562725 0.120060 0.006619
-0.527859 0.069338 0.012637
-0.554873 0.099474 0.021450
-0.603527 0.160350 -0.043225
-0.550431 0.106000 -0.039367
-0.605952 0.166211 -0.002653
-0.572214 0.118276 -0.038891
-0.487823 0.025044 0.044409
-0.437840 -0.019147 -0.000152
-0.608815 0.159175 -0.018671
-0.573479 0.119876 -0.015545
-0.526942 0.080358 0.021286
-0.552639 0.109176 0.048073
-0.550657 0.106727 0.018436
-0.456366 0.001828 0.022777
-0.457861 0.002938 -0.044745
-0.487333 0.036288 0.022456
-0.440234 -0.016286 0.003163
-0.609444 0.162201 0.016184
-0.598770 0.148167 0.002121
-0.566773 0.124747 0.028859
-0.584607 0.132434 0.005715
-0.530504 0.083771 -0.045784
-0.502078 0.052604 0.011153
-0.452572 -0.014703 -0.018553
-0.519045 0.071473 0.009482
-0.525688 0.078471 -0.038515
-0.545535 0.098593 0.052906
-0.454761 -0.011842 0.033231
-0.501685 0.052098 0.002806
-0.496518 0.034375 0.002262
-0.586509 0.134453 -0.006264
-0.547529 0.102945 -0.018192
-0.548981 0.104455 -0.031006
-0.595880 0.157063 0.019575
-0.448797 -0.018478 0.033308
-0.544116 0.099653 0.043490
-0.540655 0.095521 0.009408
-0.600960 0.150259 -0.039783
-0.575139 0.121579 -0.032998
-0.462405 0.007965 -0.048333
-0.596256 0.145396 0.005494
-0.563198 0.120499 -0.004006
-0.610508 0.163304 -0.028240
-0.446902 -0.021030 -0.020591
-0.441451 -0.019166 0.047495
-0.575119 0.122041 0.025908
-0.448061 -0.019969 -0.048429
-0.499256 0.049164 -0.025378
-0.462393 0.008201 -0.017937
-0.488806 0.037717 -0.003110
-0.528960 0.082057 -0.045291
-0.579690 0.126937 0.002604
-0.452346 -0.014886 -0.010285
-0.540933 0.095575 -0.021788
-0.540835 0.084053 0.045997
-0.571791 0.118170 0.005473
-0.519001 0.059182 -0.023578
-0.582619 0.130524 0.042461
-0.569543 0.127763 0.020657
-0.519620 0.060200 0.016323
-0.480742 0.016961 0.019776
-0.573935 0.120667 0.018911
-0.582026 0.141617 0.016171
-0.557492 0.114278 0.011689
-0.585805 0.133945 0.027342
-0.578020 0.125247 0.023160
-0.545810 0.101307 0.015248
-0.525117 0.078435 0.034439
-0.459344 0.005314 0.043686
-0.469927 0.005104 0.041400
-0.587617 0.147679 -0.003323
-0.451498 -0.003795 -0.002248
-0.452035 -0.014837 0.037936
-0.549729 0.105505 -0.004603
-0.497698 0.047721 0.010006
-0.496342 0.034286 0.015374
-0.442864 -0.025065 0.035269
-0.446854 -0.020624 0.035232
-0.548194 0.095423 0.052908
-0.526816 0.067763 -0.037772
-0.445002 -0.011162 -0.018984
-0.460112 0.005507 -0.036898
-0.455586 -0.011164 0.004046
-0.549969 0.105608 -0.024474
-0.587313 0.135768 0.044785
-0.492348 0.029621 -0.011349
-0.570809 0.117366 0.040538
-0.582096 0.141201 -0.043941
-0.548487 0.092220 0.003651
-0.538668 0.093609 0.045812
-0.547087 0.102599 -0.000333
-0.552791 0.108825 -0.015197
-0.538138 0.092491 -0.018505
-0.492178 0.041368 -0.015519
-0.476089 0.023196 0.049365
-0.497508 0.035115 -0.041717
-0.527860 0.069254 0.002237
-0.507687 0.058482 -0.033224
-0.539221 0.093735 -0.013849
-0.559300 0.104049 -0.021267
-0.510124 0.061508 0.004950
-0.448495 -0.006890 0.027771
-0.510747 0.061851 -0.037589
-0.575243 0.122313 0.042149
-0.510371 0.050008 0.028712
-0.597362 0.146673 0.010966
-0.563331 0.120931 0.030538
-0.580296 0.127647 0.006943
-0.537844 0.092688 0.045396
-0.601753 0.151389 -0.009732
-0.554071 0.110080 -0.035919
-0.599502 0.161035 0.012354
-0.464690 0.010790 -0.013899
-0.478418 0.026146 -0.004338
-0.508932 0.048260 0.010846
-0.494250 0.043839 0.004646
-0.546762 0.090343 0.008810
-0.437782 -0.019233 0.002853
-0.498682 0.048914 0.021952
-0.468263 0.009932 -0.050199
-0.487304 0.023757 -0.041943
-0.459393 0.005384 0.045597
-0.513352 0.065363 0.036982
-0.548325 0.104174 0.023593
-0.457329 0.002736 0.002861
-0.559565 0.104856 0.041047
-0.593660 0.154405 -0.003172
-0.562916 0.108646 0.048334
-0.572071 0.130172 -0.028570
-0.448294 -0.019108 0.024714
-0.465359 -0.000560 -0.029221
-0.498805 0.036677 -0.027155
-0.519795 0.059883 -0.045925
-0.602278 0.164348 0.039563
-0.573878 0.125296 -0.044799
-0.528659 0.070543 0.050915
-0.561956 0.119312 0.019724
-0.526106 0.079300 0.005718
-0.445299 -0.022890 -0.029846
-0.578093 0.137296 0.022959
-0.482822 0.018894 -0.026733
-0.495501 0.045062 -0.015984
-0.608893 0.165149 -0.036756
-0.587190 0.135616 0.043039
-0.565208 0.122760 -0.001073
-0.581702 0.129199 0.005426
-0.474299 0.009888 0.031539
-0.488832 0.025659 -0.017351
-0.572374 0.130859 0.014098
-0.562130 0.107698 0.039576
-0.481069 0.016977 -0.022746
-0.541731 0.084683 0.001309
-0.527949 0.081072 -0.028248
-0.599102 0.160874 0.046868
-0.578505 0.137545 -0.002557
-0.539805 0.082224 -0.037017
-0.537673 0.079860 -0.035963
-0.446273 -0.019340 -0.051438
-0.551517 0.107944 0.050130
-0.484018 0.032590 0.021364
-0.474462 0.022024 0.029759
-0.560892 0.118287 0.039133
-0.572723 0.131048 -0.010099
-0.520257 0.072779 0.004283
-0.455679 -0.010904 0.022959
-0.579171 0.126198 -0.016959
-0.584488 0.144221 -0.000499
-0.458636 -0.006497 0.048240
-0.562233 0.107724 0.028623
-0.534825 0.077191 0.024880
-0.495150 0.044750 -0.006387
-0.508181 0.047555 0.026809
-0.607245 0.157995 0.050342
-0.604490 0.164930 0.053323
-0.597637 0.158643 -0.026195
-0.520646 0.061436 0.027962
-0.592399 0.153276 0.030149
-0.527577 0.080853 -0.004515
-0.558260 0.114831 -0.024925
-0.559692 0.116404 -0.027465
-0.463142 -0.002454 0.040584
-0.610245 0.161735 0.010709
-0.558728 0.103742 0.018745
-0.603128 0.153387 0.047244
-0.523611 0.076129 -0.042188
-0.475966 0.011824 0.041389
-0.565621 0.111480 0.026910
-0.545707 0.089252 0.018808
-0.568989 0.114777 -0.027924
-0.500450 0.047547 0.050561
-0.465359 0.011279 -0.044998
-0.600213 0.157926 0.055692
-0.479468 0.027654 0.036868
-0.581148 0.140328 -0.021874
-0.566850 0.112832 0.024989
-0.500732 0.051143 0.015620
-0.593035 0.141873 0.012935
-0.457114 -0.009572 -0.009291
-0.609466 0.162791 0.003027
-0.458652 0.004334 0.018093
-0.587072 0.147330 0.027930
-0.547122 0.103031 0.047468
-0.560332 0.117520 0.021586
-0.453269 -0.013413 0.044115
-0.515960 0.068308 0.042040
-0.447253 -0.020254 0.026310
-0.512994 0.052424 -0.032651
-0.553027 0.107277 0.053300
-0.570593 0.129023 0.031801
-0.482333 0.030142 -0.048276
-0.547672 0.103235 -0.002193
-0.577081 0.133098 -0.044541
-0.447361 -0.008102 0.033803
-0.531217 0.078934 -0.046975
-0.550063 0.105987 0.008874
-0.608155 0.163709 0.008642
-0.609319 0.163051 0.000261
-0.521017 0.073615 0.003092
-0.499213 0.037715 0.043844
-0.510830 0.062167 0.051164
-0.574906 0.121923 0.040254
-0.591686 0.140235 -0.003728
-0.447692 -0.007871 0.017133
-0.524148 0.076974 -0.012117
-0.593748 0.154606 0.009210
-0.494803 0.032098 -0.042526
-0.494721 0.032709 0.042997
-0.469600 0.004318 -0.009812
-0.581459 0.128725 -0.019347
-0.581950 0.141190 -0.025458
-0.508997 0.060057 -0.019029
-0.573146 0.119918 0.034662
-0.558232 0.114943 -0.007502
-0.600460 0.150242 0.025736
-0.515566 0.055779 0.027400
-0.462222 0.007744 -0.050309
-0.595245 0.144534 0.037482
-0.460987 -0.005131 0.006636
-0.487767 0.036262 -0.039471
-0.487478 0.036551 0.034869
-0.522363 0.063309 0.023274
-0.597250 0.158570 0.017376
-0.456432 -0.010223 0.003808
-0.490316 0.027323 -0.015839
-0.472000 0.007277 0.025232
-0.563787 0.109234 0.002010
-0.584755 0.132475 -0.009488
-0.543972 0.087431 0.032278
-0.505484 0.044584 0.030546
-0.479189 0.014829 -0.029500
-0.489653 0.026868 0.018440
-0.583824 0.131705 0.023023
-0.445411 -0.022570 -0.006053
-0.507501 0.046350 -0.027807
-0.524484 0.065814 0.040821
-0.529740 0.071394 0.008044
-0.546856 0.102605 0.031682
-0.480883 0.028666 -0.031561
-0.529933 0.074755 -0.047102
-0.501562 0.052042 0.012504
-0.447797 -0.019583 0.034246
-0.493836 0.031468 0.011808
-0.495762 0.045421 -0.007658
-0.532675 0.074577 -0.002120
-0.446720 -0.009021 0.008813
-0.599086 0.148686 0.022541
-0.453637 -0.001766 -0.044941
-0.606806 0.156978 -0.013921
-0.510584 0.049861 -0.018008
-0.541988 0.084624 -0.040686
-0.564990 0.110722 0.020131
-0.479309 0.026919 -0.031114
-0.559969 0.104826 -0.017412
-0.544608 0.099653 -0.023185
-0.492185 0.041740 0.028818
-0.578067 0.136983 -0.011628
-0.566227 0.111819 -0.013935
-0.559196 0.116396 0.038727
-0.594151 0.143357 0.042457
-0.577486 0.136632 0.024328
-0.553285 0.109153 -0.042242
-0.508187 0.059453 0.017224
-0.481446 0.021131 0.049465
-0.481715 0.029517 -0.040635
-0.500999 0.051413 0.012244
-0.475948 0.011324 -0.017117
-0.531816 0.085280 -0.039826
-0.547447 0.091247 0.026047
-0.584167 0.143893 0.003037
-0.520387 0.072973 0.010397
-0.450136 -0.017492 -0.028074
-0.555882 0.107487 -0.045679
-0.534677 0.076995 0.021109
-0.529592 0.083217 0.010262
-0.504392 0.043203 0.010385
-0.478220 0.014127 0.016377
-0.440787 -0.016067 -0.045169
-0.445499 -0.010422 0.003704
-0.505960 0.045232 0.044884
-0.587176 0.147549 0.040590
-0.592521 0.153539 0.045658
-0.608970 0.159835 0.040628
-0.475591 0.023187 0.018289
-0.481590 0.029596 -0.014215
-0.472141 0.012207 0.049017
-0.548702 0.104477 0.009388
-0.578525 0.125561 -0.007175
-0.456841 -0.009712 0.010695
-0.602367 0.164557 0.053023
-0.501470 0.040959 0.050444
-0.600006 0.161948 0.055204
-0.581591 0.128937 -0.011533
-0.528339 0.081526 -0.025877
-0.468890 0.003496 -0.013681
-0.608239 0.163524 0.010992
-0.561793 0.106818 -0.022060
-0.490767 0.039795 -0.015809
-0.587602 0.147917 0.027660
-0.446146 -0.021514 0.022963
-0.490326 0.039532 0.011859
-0.461998 -0.004050 0.001228
-0.564398 0.121635 -0.028248
-0.494714 0.032312 -0.004451
-0.538818 0.093508 0.013198
-0.526347 0.067930 0.046032
-0.568226 0.116306 0.053910
-0.605387 0.167035 -0.009489
-0.602546 0.164690 0.044975
-0.580616 0.140364 0.054662
-0.506405 0.045770 0.050119
-0.592195 0.152526 -0.033552
-0.567286 0.125237 0.018947
-0.602173 0.163804 -0.012379
-0.591920 0.140335 -0.023193
-0.591729 0.140183 -0.016005
-0.540463 0.095559 0.040018
-0.523301 0.076272 0.017204
-0.555613 0.112484 0.047958
-0.543266 0.086135 -0.029874
-0.579771 0.139252 0.033694
-0.505210 0.044291 0.031917
-0.562821 0.120142 0.003658
-0.470772 0.005412 -0.035441
-0.498463 0.036890 0.044937
-0.524304 0.065104 -0.021078
-0.547898 0.091738 0.024610
-0.457172 -0.009786 -0.043135
-0.567469 0.125638 0.043042
-0.465767 0.012443 0.041350
-0.533396 0.087232 -0.016273
-0.484509 0.033353 0.047793
-0.601083 0.162420 -0.033187
-0.555761 0.112322 0.008138
-0.522229 0.063061 0.011203
-0.542955 0.092506 0.052702
-0.585154 0.133338 0.041568
-0.582330 0.129894 0.004801
-0.587646 0.136095 0.039542
-0.531023 0.073066 0.037834
-0.563270 0.108517 -0.015249
-0.476198 0.017145 -0.049825
-0.509605 0.060556 -0.040544
-0.580739 0.140066 0.001731
-0.550224 0.093758 -0.044437
-0.481565 0.017482 -0.028224
-0.554771 0.098888 -0.036072
-0.545894 0.089312 0.000867
-0.512852 0.056780 -0.047960
-0.493050 0.030378 -0.014465
-0.586908 0.146678 -0.029187
-0.524835 0.066116 0.030065
-0.590238 0.151038 0.050386
-0.467995 0.002396 -0.026391
-0.457542 0.003189 0.029184
-0.555632 0.111888 -0.027199
-0.607498 0.164691 0.000181
-0.512232 0.063504 -0.037541
-0.605713 0.155648 -0.027665
-0.474370 0.009359 -0.042370
-0.470130 0.016866 -0.011310
-0.580947 0.128529 0.026207
-0.519529 0.059755 -0.025356
-0.491050 0.040365 0.015254
-0.556286 0.113251 0.050081
-0.602261 0.151992 -0.005083
-0.591508 0.142400 0.055115
-0.514683 0.054577 0.000673
-0.607540 0.158222 0.038063
-0.563463 0.120900 0.008948
-0.502298 0.052750 -0.000972
-0.491977 0.041192 -0.009700
-0.502997 0.053225 -0.037882
-0.441085 -0.015727 -0.043969
-0.489465 0.038211 -0.032144
-0.609436 0.164870 -0.041265
-0.575921 0.123142 0.051177
-0.603961 0.165697 -0.024178
-0.437239 -0.019367 0.033812
-0.470535 0.017081 -0.039992
-0.566087 0.111461 -0.038534
-0.492565 0.041849 -0.009444
-0.438927 -0.021138 0.021773
-0.494563 0.031992 -0.022843
-0.517707 0.070292 0.046953
-0.487758 0.024948 0.041515
-0.510323 0.061588 -0.012131
-0.533550 0.075750 0.022232
-0.483949 0.020509 0.017120
-0.606956 0.157223 -0.004315
-0.440657 -0.022752 0.023052
-0.564847 0.110031 -0.044620
-0.469446 0.015929 -0.032684
-0.521284 0.072150 -0.047393
-0.453763 -0.013190 0.004214
-0.474648 0.009801 -0.026264
-0.505365 0.056403 0.028270
-0.611566 0.162260 -0.026208
-0.519140 0.071787 0.034830
-0.526618 0.067988 0.016471
-0.466770 0.013412 0.023432
-0.593616 0.154473 0.011010
-0.585688 0.145788 0.027735
-0.485075 0.033838 0.030167
-0.549835 0.094112 0.051260
-0.571068 0.129693 0.049053
-0.458439 0.004342 0.048065
-0.609195 0.164125 -0.020519
-0.607019 0.164497 0.013640
-0.530982 0.072750 0.004879
-0.497642 0.035339 -0.032578
-0.603441 0.165138 -0.021734
-0.516291 0.056122 -0.028918
-0.586033 0.133727 -0.030129
-0.598064 0.147670 0.037285
-0.518324 0.070562 -0.003697
-0.445501 -0.022504 -0.010282
-0.479089 0.026941 0.001541
-0.463833 -0.002157 -0.016840
-0.587032 0.147082 0.003217
-0.555205 0.099530 -0.016676
-0.509375 0.048495 -0.020607
-0.452277 -0.015149 -0.032844
-0.472516 0.007388 -0.031230
-0.488168 0.030385 -0.049209
-0.505648 0.049420 -0.048317
-0.471091 0.018106 0.009390
-0.583666 0.131446 0.012778
-0.573196 0.131536 -0.014832
-0.448582 -0.006661 0.043807
-0.469850 0.016260 -0.047178
-0.484357 0.021191 0.044948
-0.525616 0.066377 -0.043931
-0.461307 -0.004545 0.034594
-0.572589 0.119333 0.038933
-0.518048 0.058472 0.019073
-0.526541 0.079801 0.007786
-0.521493 0.074000 -0.014413
-0.504737 0.055360 -0.013563
-0.497234 0.047111 -0.001339
-0.599432 0.149296 0.049954
-0.567979 0.114233 0.042670
-0.517618 0.058108 0.032872
-0.573312 0.131800 0.001493
-0.590684 0.140033 -0.044020
-0.575209 0.133772 -0.015269
-0.466785 0.008591 -0.050268
-0.467853 0.014587 0.019709
-0.588968 0.137269 0.003525
-0.527129 0.080376 -0.001744
-0.568474 0.114545 0.013493
-0.598071 0.147680 0.037596
-0.576979 0.123751 -0.017956
-0.546043 0.089795 0.039468
-0.580122 0.127422 -0.044583
-0.517274 0.057773 0.038770
-0.541620 0.096166 -0.042754
-0.571171 0.129487 0.009982
-0.503230 0.053792 -0.000302
-0.506126 0.057367 0.042532
-0.461936 0.007529 -0.037773
-0.494117 0.031298 -0.046933
-0.582258 0.141729 -0.001648
-0.503978 0.054612 -0.001827
-0.568539 0.126563 0.010690
-0.562793 0.120488 0.049517
-0.437615 -0.020525 0.033955
-0.571420 0.129627 -0.006581
-0.561625 0.118710 -0.008753
-0.479523 0.027779 0.044582
-0.518361 0.058284 -0.046330
-0.465118 0.011107 -0.033344
-0.529145 0.082413 -0.026904
-0.562729 0.108383 0.041765
-0.485236 0.021681 -0.014478
-0.590740 0.139421 0.025335
-0.511916 0.051585 0.011356
-0.605685 0.156161 0.038570
-0.594914 0.147120 -0.043749
-0.572398 0.118883 0.009931
-0.570062 0.128462 0.035486
-0.534332 0.076346 -0.011126
-0.523095 0.063906 -0.003245
-0.540565 0.095380 0.052700
-0.552890 0.097474 0.046675
-0.580250 0.139748 0.029137
-0.437419 -0.019295 0.018300
-0.452371 -0.015117 -0.041754
-0.562838 0.120343 0.053853
-0.475342 0.017567 0.049222
-0.437795 -0.018967 0.007248
-0.542829 0.097695 -0.020514
-0.489219 0.038453 0.030532
-0.478149 0.025112 0.049463
-0.514493 0.066389 0.007238
-0.502485 0.052665 -0.036568
-0.563867 0.121013 -0.032008
-0.558243 0.103116 0.008328
-0.583550 0.131480 0.032716
-0.507294 0.058205 -0.013779
-0.530172 0.071737 -0.008649
-0.438386 -0.021512 0.040321
-0.442721 -0.013275 0.032795
-0.579612 0.126738 -0.011117
-0.543290 0.086045 -0.044011
-0.473972 0.021134 -0.012213
-0.457542 0.002757 -0.023481
-0.495340 0.033054 0.001140
-0.509914 0.061517 0.034557
-0.536208 0.078174 -0.042738
-0.464365 0.010294 -0.030333
-0.564223 0.121402 -0.032823
-0.536317 0.078902 0.031091
-0.527287 0.069169 -0.047296
-0.570537 0.116592 -0.016743
-0.557768 0.102927 0.049657
-0.529629 0.083350 0.021392
-0.592717 0.153098 -0.034614
-0.494975 0.044395 -0.026005
-0.470839 0.017370 -0.045943
-0.506525 0.045561 0.008462
-0.454578 -0.000578 -0.027887
-0.505415 0.044632 0.045739
-0.579686 0.126647 -0.032194
-0.465559 -0.000099 -0.000135
-0.537866 0.080505 0.016377
-0.456126 -0.010521 0.009061
-0.552931 0.109002 -0.012541
-0.604067 0.166070 0.006930
-0.557701 0.114846 0.052556
-0.563581 0.121290 0.040421
-0.469122 0.016059 0.027142
-0.527805 0.081118 -0.003043
-0.565188 0.110748 -0.003584
-0.461483 0.007395 0.007265
-0.458229 0.004051 0.040938
-0.517124 0.069581 0.039439
-0.570447 0.128741 0.017374
-0.462994 0.009234 0.026428
-0.599228 0.160667 0.004788
-0.495747 0.033357 -0.017176
-0.478048 0.014200 0.048620
-0.603755 0.165465 -0.024500
-0.562050 0.118974 -0.034079
-0.603976 0.154156 0.025912
-0.587849 0.136135 0.016845
-0.539668 0.094606 0.031633
-0.542475 0.085684 0.022461
-0.498643 0.036932 0.025690
-0.543268 0.086191 -0.023239
-0.519282 0.071655 -0.000417
-0.511443 0.062739 -0.023833
-0.571408 0.117565 -0.016332
-0.441474 -0.021032 -0.029911
-0.604347 0.166243 -0.010114
-0.463074 -0.002525 0.041156
-0.550619 0.106251 -0.034349
-0.479056 0.015203 0.034192
-0.470400 0.017445 0.022603
-0.557021 0.113492 -0.020192
-0.532226 0.074264 0.020603
-0.532035 0.085490 -0.043918
-0.500101 0.050440 0.015540
-0.576134 0.122966 0.000900
-0.470960 0.006278 0.044543
-0.508887 0.060024 -0.008134
-0.576344 0.123510 0.038680
-0.510564 0.061759 -0.024068
-0.459421 0.005174 0.016142
-0.512513 0.051946 -0.025569
-0.489443 0.026361 -0.014752
-0.498006 0.036284 0.033154
-0.522162 0.063078 0.022354
-0.575961 0.134752 0.002123
-0.555411 0.111934 0.008323
-0.529370 0.082801 -0.010196
-0.552029 0.108202 0.012207
-0.596808 0.158391 0.055443
-0.497517 0.035667 0.024328
-0.523491 0.076522 0.021793
-0.464633 0.010572 -0.032730
-0.533855 0.075568 -0.041270
-0.446134 -0.021526 0.023048
-0.470759 0.005773 0.010219
-0.593276 0.141805 -0.028056
-0.550638 0.106485 -0.008474
-0.485403 0.034090 0.016417
-0.468267 0.015208 0.039251
-0.476776 0.024351 -0.000550
-0.578201 0.124994 -0.032242
-0.575835 0.122881 0.031092
-0.558225 0.115320 0.039232
-0.506660 0.045781 0.016779
-0.542918 0.086249 0.031089
-0.521625 0.062668 0.045093
-0.492591 0.042106 0.018318
-0.448806 -0.006741 0.003836
-0.477030 0.012289 -0.046104
-0.573961 0.132779 0.032892
-0.475988 0.011163 -0.042129
-0.515020 0.055190 0.029606
-0.475394 0.010534 -0.038050
-0.590294 0.138833 0.014171
-0.608980 0.159843 0.040388
-0.465964 0.000180 -0.021008
-0.578231 0.137078 -0.022276
-0.483038 0.031376 0.006404
-0.589372 0.149808 0.017988
-0.541746 0.096644 -0.001672
-0.549605 0.093525 0.010895
-0.512114 0.063567 -0.013938
-0.533640 0.087289 -0.042353
-0.484261 0.032519 -0.020094
-0.469315 0.015783 -0.032681
-0.481557 0.017510 -0.023898
-0.531227 0.072963 -0.002363
-0.603625 0.165389 -0.016159
-0.533437 0.075236 -0.025118
-0.551907 0.107613 -0.042860
-0.549510 0.105450 0.018354
-0.455036 -0.011693 0.013970
-0.518961 0.059389 0.007035
-0.586553 0.134335 -0.026635
-0.522713 0.063235 -0.033114
-0.552515 0.097006 0.040552
-0.515563 0.055312 -0.029043
-0.542973 0.098387 0.044189
-0.482181 0.018418 0.002190
-0.483962 0.021734 -0.049513
-0.583472 0.130954 -0.020772
-0.499062 0.048763 -0.047861
-0.491059 0.039876 -0.045557
-0.456514 -0.009961 0.024619
-0.574949 0.133790 0.021986
-0.452086 -0.002864 0.031374
-0.590503 0.151084 0.020124
-0.541943 0.096646 -0.028125
-0.448738 -0.019174 -0.043352
-0.530409 0.071841 -0.028215
-0.485496 0.034114 0.006671
-0.521460 0.061853 -0.031707
-0.509088 0.048655 0.037741
-0.488012 0.037231 0.045251
-0.550045 0.102581 -0.045945
-0.553595 0.110205 0.043798
-0.450511 -0.004632 0.029517
-0.460245 -0.006346 -0.040810
-0.593082 0.153563 -0.027515
-0.545685 0.089282 0.025487
-0.553755 0.110240 0.026407
-0.484946 0.033567 0.014551
-0.526913 0.068547 0.044495
-0.507632 0.058657 -0.004443
-0.540799 0.083638 0.000376
-0.538342 0.093053 0.022280
-0.555137 0.111730 0.020595
-0.505803 0.056848 0.023076
-0.533952 0.087947 -0.004512
-0.457284 0.002261 -0.048889
-0.515611 0.067943 0.044926
-0.516515 0.068384 -0.023825
-0.512108 0.051643 -0.007531
-0.564153 0.111406 0.053692
-0.596915 0.146190 0.012794
-0.438939 -0.017402 0.042619
-0.501622 0.051881 -0.015070
-0.445413 -0.022720 -0.024643
-0.443564 -0.012308 0.036285
-0.449589 -0.017635 0.028663
-0.524828 0.075075 0.051827
-0.584000 0.131999 0.035006
-0.443552 -0.024366 0.027113
-0.608324 0.164012 -0.001185
-0.567271 0.125183 0.014490
-0.568874 0.114680 -0.024279
-0.481608 0.029405 -0.039877
-0.483914 0.020522 0.023425
-0.550850 0.095073 0.030696
-0.562951 0.120164 -0.011329
-0.582011 0.129413 -0.010498
-0.599318 0.149003 0.029681
-0.459430 0.004783 -0.032632
-0.488376 0.037672 0.049674
-0.543516 0.086358 -0.036510
-0.606367 0.156745 0.017236
-0.475716 0.011250 0.005366
-0.566769 0.112945 0.049774
-0.492125 0.029116 -0.042681
-0.562918 0.108552 0.036637
-0.564110 0.121526 -0.002616
-0.439809 -0.019714 -0.026074
-0.495067 0.044606 -0.012728
-0.564312 0.121458 -0.038195
-0.515424 0.055215 -0.021984
-0.465078 0.011084 -0.030642
-0.493333 0.042525 -0.031147
-0.466345 0.012663 -0.010119
-0.507906 0.046714 -0.038268
-0.487455 0.035932 -0.037329
-0.554119 0.098426 -0.003975
-0.571199 0.117822 0.043314
-0.489584 0.038298 -0.037720
-0.493136 0.042609 0.005890
-0.456410 0.001594 -0.011672
-0.534355 0.076321 -0.017318
-0.597192 0.146230 -0.019873
-0.515710 0.056813 -0.047882
-0.558029 0.114904 0.015154
-0.440471 -0.022028 0.011033
-0.459746 0.005351 -0.006218
-0.567113 0.112728 -0.023303
-0.540058 0.095180 0.048716
-0.480451 0.016268 -0.025109
-0.545123 0.088609 0.019740
-0.504534 0.043200 -0.009387
-0.440552 -0.019204 -0.051498
-0.516234 0.068483 0.026314
-0.552621 0.108753 -0.000977
-0.553085 0.097400 0.011225
-0.470083 0.017191 0.034568
-0.603681 0.165781 0.023913
-0.539786 0.094245 -0.028273
-0.581929 0.141584 0.025243
-0.599816 0.149627 0.038205
-0.515067 0.055171 0.021056
-0.458176 -0.007919 0.048124
-0.497348 0.034953 -0.039786
-0.561699 0.118692 -0.020909
-0.482035 0.018597 0.043715
-0.600463 0.161846 -0.019063
-0.546749 0.102485 0.031547
-0.597571 0.146596 -0.026747
-0.450014 -0.005778 -0.042600
-0.544178 0.099467 0.012461
-0.477154 0.024476 -0.036420
-0.544983 0.088288 -0.000502
-0.549104 0.093010 0.016127
-0.521242 0.061524 -0.042191
-0.500841 0.051352 0.026359
-0.495975 0.044390 -0.048690
-0.522462 0.063404 0.021379
-0.542922 0.097902 -0.007888
-0.474565 0.021855 -0.004803
-0.567562 0.113695 0.033699
-0.448050 -0.019291 0.035543
-0.596342 0.151909 0.055455
-0.510677 0.050210 0.011830
-0.608228 0.163423 0.013383
-0.480033 0.027836 -0.017531
-0.500769 0.039150 0.007627
-0.562380 0.117807 -0.045276
-0.538665 0.080909 -0.042742
-0.563322 0.120946 0.033636
-0.444021 -0.023984 -0.015567
-0.437813 -0.018781 0.027439
-0.527742 0.069205 0.012309
-0.566593 0.118423 -0.045148
-0.599307 0.160634 -0.010045
-0.459187 -0.006918 0.032947
-0.486343 0.023192 0.019459
-0.478889 0.014898 0.019687
-0.486591 0.035656 0.046048
-0.551558 0.095755 0.017843
-0.529263 0.083035 0.032635
-0.443269 -0.024694 0.025574
-0.522433 0.075219 0.006487
-0.437962 -0.018551 0.035217
-0.555149 0.111735 0.019577
-0.575714 0.134284 -0.021446
-0.581561 0.129428 0.052341
-0.536948 0.079056 -0.035677
-0.578954 0.138379 0.038013
-0.462505 0.008179 -0.035806
-0.503620 0.041860 -0.048520
-0.579336 0.126762 0.029325
-0.509844 0.048928 -0.031420
-0.564068 0.109932 0.048936
-0.506666 0.046014 0.044426
-0.597314 0.146563 0.004110
-0.473787 0.008833 -0.027568
-0.491584 0.041192 0.043461
-0.594019 0.154499 -0.040513
-0.605501 0.155300 -0.041486
-0.602108 0.163836 0.000330
-0.533135 0.075159 0.006592
-0.443271 -0.021671 -0.050944
-0.553098 0.097515 0.023438
-0.610882 0.161316 -0.038011
-0.561490 0.118494 -0.016737
-0.449799 -0.010396 -0.051146
-0.475793 0.011451 0.019477
-0.599121 0.148593 0.006361
-0.523533 0.076604 0.026161
-0.515153 0.055433 0.041280
-0.454045 -0.000604 0.041068
-0.553754 0.097706 -0.042048
-0.525935 0.079481 0.050943
-0.540914 0.083930 0.020311
-0.500644 0.050751 -0.020257
-0.522025 0.075026 0.038365
-0.558645 0.115777 0.037933
-0.464675 0.010627 -0.031721
-0.506161 0.044939 -0.018009
-0.497154 0.034975 -0.010788
-0.512015 0.063469 -0.012425
-0.468869 0.005846 0.048788
-0.452124 -0.015424 -0.045633
-0.572263 0.118541 -0.013319
-0.541586 0.096284 -0.023881
-0.470449 0.005522 0.021689
-0.526656 0.079853 -0.001445
-0.565469 0.110906 -0.022298
-0.454041 -0.001104 -0.019203
-0.448189 -0.019726 -0.036306
-0.475325 0.018675 0.049245
-0.524347 0.077102 -0.023459
-0.444911 -0.010772 0.040683
-0.542382 0.097391 0.002980
-0.561222 0.106425 0.007517
-0.554768 0.099335 0.018832
-0.459989 -0.006351 -0.006542
-0.494710 0.044275 -0.004634
-0.470490 0.017339 -0.002349
-0.482422 0.025314 0.049584
-0.586441 0.146191 -0.025122
-0.508034 0.047518 0.042260
-0.482254 0.018561 0.009706
-0.535383 0.077934 0.039752
