ply
format ascii 1.0
element vertex 5000
property float x
property float y
property float z
end_header
-0.495701 -0.052905 -0.092535
-0.418969 0.121640 -0.093130
-0.527092 0.009296 -0.083986
-0.402462 -0.006333 -0.085635
-0.478104 -0.006657 -0.092657
-0.377155 0.031993 -0.085875
-0.525119 0.184020 -0.083613
-0.539766 0.193425 -0.091402
-0.388247 0.111973 -0.093549
-0.574467 0.020650 -0.091348
-0.592211 0.095654 -0.082946
-0.447631 0.038933 -0.092948
-0.602947 0.111332 -0.082771
-0.475630 0.017494 -0.084634
-0.508778 0.024077 -0.084189
-0.516058 0.207640 -0.083676
-0.511121 0.014370 -0.084181
-0.420681 0.042957 -0.085287
-0.552836 0.190795 -0.091239
-0.444809 -0.010408 -0.085096
-0.488716 -0.100429 -0.092734
-0.557880 -0.042594 -0.091707
-0.520396 0.111300 -0.083840
-0.468716 0.081877 -0.092577
-0.523528 0.171046 -0.083663
-0.547097 0.134513 -0.091442
-0.573231 -0.000050 -0.083410
-0.509615 -0.089473 -0.092439
-0.485418 0.152843 -0.092198
-0.531925 0.131925 -0.091644
-0.646595 0.073813 -0.090293
-0.473568 -0.077935 -0.084878
-0.515803 0.066969 -0.092001
-0.475402 -0.029682 -0.084744
-0.628776 0.110418 -0.090440
-0.463054 -0.005177 -0.084848
-0.592164 0.100213 -0.082936
-0.522345 -0.007354 -0.084086
-0.612429 0.115122 -0.090641
-0.447504 0.061238 -0.092898
-0.430838 -0.041390 -0.085348
-0.553136 0.018643 -0.083628
-0.525823 0.069844 -0.083864
-0.607786 0.019522 -0.090919
-0.394220 0.010164 -0.085704
-0.384417 0.094149 -0.085639
-0.433821 -0.041675 -0.093311
-0.529381 0.210838 -0.083496
-0.389123 0.048697 -0.085682
-0.445567 0.018199 -0.093022
-0.558821 0.118464 -0.091327
-0.391661 0.002149 -0.085755
-0.450794 0.008273 -0.092977
-0.570830 -0.011486 -0.083468
-0.535622 0.027077 -0.083835
-0.542130 -0.046692 -0.083919
-0.457587 -0.014098 -0.084939
-0.529562 0.178741 -0.083567
-0.467747 -0.036659 -0.092860
-0.418405 -0.021696 -0.093465
-0.435583 0.083749 -0.085001
-0.535917 -0.027740 -0.091957
-0.453229 -0.046456 -0.093070
-0.526776 0.150743 -0.083667
-0.618731 0.123614 -0.082539
-0.426066 0.118422 -0.085044
-0.413292 0.117888 -0.085211
-0.504148 -0.089431 -0.092509
-0.377849 0.104386 -0.090467
-0.552529 0.076190 -0.091505
-0.544831 0.103022 -0.091543
-0.551008 0.090472 -0.083491
-0.531702 0.162461 -0.091577
-0.478523 0.027651 -0.092574
-0.418982 0.078963 -0.093227
-0.576958 0.119001 -0.083090
-0.552481 0.044701 -0.091577
-0.498105 0.107860 -0.092137
-0.652869 0.068318 -0.082223
-0.508007 -0.115658 -0.090900
-0.445344 0.091389 -0.092857
-0.572336 0.078048 -0.083243
-0.644239 0.093489 -0.090278
-0.469587 0.170098 -0.084363
-0.505710 0.074258 -0.092115
-0.352533 0.065040 -0.094119
-0.463941 -0.021937 -0.084875
-0.505640 0.052804 -0.092165
-0.419514 0.048246 -0.093290
-0.529860 -0.094485 -0.092188
-0.456167 0.045285 -0.092823
-0.437351 0.144610 -0.092839
-0.415603 0.002105 -0.085446
-0.582543 0.060101 -0.091153
-0.568288 0.049290 -0.091362
-0.621570 0.043580 -0.090686
-0.645951 0.092797 -0.082257
-0.441368 -0.054093 -0.093241
-0.548992 0.118880 -0.083452
-0.502429 0.202019 -0.091866
-0.542301 0.167923 -0.091428
-0.577797 -0.047186 -0.083459
-0.530679 0.096313 -0.091742
-0.551470 0.029621 -0.083624
-0.591023 0.009053 -0.083159
-0.499741 -0.077809 -0.092540
-0.419920 0.129887 -0.093099
-0.365694 0.091209 -0.085888
-0.585082 0.057612 -0.083125
-0.489260 0.210909 -0.084525
-0.501605 -0.072906 -0.084504
-0.542761 0.130249 -0.091508
-0.586421 0.095128 -0.083022
-0.493580 0.165580 -0.084063
-0.431322 0.148735 -0.092908
-0.445881 -0.056080 -0.093187
-0.680429 0.049190 -0.082601
-0.646769 0.073399 -0.082291
-0.590606 0.114624 -0.082923
-0.535408 0.185567 -0.091476
-0.639892 0.100190 -0.082318
-0.585083 0.111731 -0.091002
-0.539245 0.034565 -0.083771
-0.501829 -0.071377 -0.084498
-0.587019 0.093057 -0.091020
-0.389635 0.115645 -0.090845
-0.534367 0.122530 -0.091634
-0.512480 -0.065631 -0.084347
-0.428587 0.089209 -0.085079
-0.393339 0.105876 -0.085497
-0.516608 0.141132 -0.091821
-0.528350 0.114690 -0.091730
-0.612609 -0.008986 -0.082921
-0.519905 0.188917 -0.083669
-0.524245 0.158286 -0.091683
-0.629883 0.078719 -0.090498
-0.542550 -0.055825 -0.083935
-0.651238 0.034502 -0.090322
-0.436350 0.114521 -0.092921
-0.511655 0.139228 -0.083889
-0.660090 0.043253 -0.090188
-0.459480 -0.071883 -0.093048
-0.626937 0.103541 -0.082479
-0.487683 -0.056636 -0.084647
-0.509806 -0.110928 -0.092485
-0.349070 0.037954 -0.091464
-0.512298 0.082133 -0.092012
-0.535365 0.189642 -0.083467
-0.644405 0.043117 -0.082390
-0.416555 0.140888 -0.085116
-0.576505 -0.021638 -0.091418
-0.447306 0.089276 -0.084836
-0.533584 0.021824 -0.091874
-0.524283 0.103512 -0.083807
-0.493365 -0.013040 -0.092474
-0.519921 0.112066 -0.091845
-0.524008 -0.047259 -0.092156
-0.479984 0.102754 -0.092383
-0.520504 0.198885 -0.091639
-0.531045 -0.091282 -0.092166
-0.386161 0.091579 -0.093623
-0.482971 0.204868 -0.087694
-0.462471 0.157754 -0.084483
-0.441538 0.026465 -0.085054
-0.364314 0.091469 -0.088781
-0.491250 0.038736 -0.092384
-0.612960 0.126616 -0.090607
-0.384822 0.064930 -0.093701
-0.370831 0.033681 -0.093954
-0.605476 0.122797 -0.082712
-0.570517 0.156408 -0.091089
-0.449705 0.133549 -0.092705
-0.474638 0.194093 -0.084243
-0.396798 0.093533 -0.093481
-0.459144 -0.072288 -0.093053
-0.597946 -0.029652 -0.084842
-0.538000 0.080814 -0.083682
-0.450895 0.035446 -0.084913
-0.555956 -0.053745 -0.091757
-0.667070 0.040134 -0.090105
-0.371757 0.049256 -0.085905
-0.580169 0.004574 -0.083310
-0.481403 0.143676 -0.084271
-0.608635 0.136805 -0.084957
-0.467316 0.120035 -0.092508
-0.500277 0.169543 -0.083967
-0.501560 -0.055241 -0.084464
-0.594893 0.055367 -0.091004
-0.419997 0.002806 -0.085387
-0.498019 0.013674 -0.092353
-0.628321 0.079923 -0.090515
-0.451995 -0.030261 -0.085049
-0.496571 0.213338 -0.091916
-0.551853 -0.013118 -0.091718
-0.596076 0.082844 -0.090926
-0.439764 0.152949 -0.092789
-0.619228 0.090683 -0.090608
-0.680242 0.050381 -0.081910
-0.417394 0.021200 -0.085379
-0.601209 0.144551 -0.083500
-0.522707 0.173510 -0.091668
-0.614335 0.096751 -0.082657
-0.580768 0.088902 -0.091110
-0.440381 0.046870 -0.093023
-0.468775 0.088395 -0.092561
-0.436274 0.136266 -0.092872
-0.528990 0.148442 -0.083644
-0.555441 -0.040027 -0.091733
-0.665204 0.077667 -0.088201
-0.567997 0.004863 -0.091468
-0.591770 0.154500 -0.088093
-0.430455 0.015141 -0.093224
-0.571605 0.165061 -0.083054
-0.502947 -0.083608 -0.092512
-0.436510 -0.026865 -0.085241
-0.375835 0.020498 -0.085918
-0.511705 -0.071492 -0.084370
-0.437074 -0.028860 -0.085239
-0.512328 0.213780 -0.083710
-0.542015 0.038653 -0.083726
-0.519719 -0.095767 -0.084322
-0.481320 0.174049 -0.092203
-0.485130 0.194779 -0.084106
-0.409365 0.047612 -0.085422
-0.409236 0.134182 -0.093227
-0.604550 0.117052 -0.082737
-0.626250 0.032428 -0.090651
-0.467921 0.136850 -0.092461
-0.497496 0.205740 -0.083920
-0.558672 0.021611 -0.083549
-0.413727 0.051418 -0.085357
-0.601097 0.109311 -0.082800
-0.597375 0.083514 -0.082907
-0.450203 -0.011086 -0.085028
-0.487909 0.050643 -0.092400
-0.576285 0.096804 -0.083150
-0.609272 0.048039 -0.082834
-0.372187 0.095547 -0.085794
-0.662344 0.080615 -0.085428
-0.570224 0.009208 -0.083428
-0.516562 0.193106 -0.083702
-0.461278 0.175165 -0.092460
-0.553680 0.091794 -0.083454
-0.539213 0.094042 -0.083636
-0.426144 0.004786 -0.093304
-0.614360 -0.013492 -0.090909
-0.668952 0.046226 -0.082066
-0.477000 0.167988 -0.092273
-0.539448 0.185552 -0.091424
-0.450711 -0.041946 -0.093093
-0.418032 0.012858 -0.085390
-0.395868 0.037844 -0.093620
-0.585451 0.056600 -0.083123
-0.486979 0.166783 -0.084146
-0.590337 -0.015556 -0.083224
-0.409414 0.121144 -0.085254
-0.575819 0.107281 -0.091132
-0.496744 0.062379 -0.092258
-0.501203 0.126972 -0.084052
-0.551624 0.068493 -0.091534
-0.561151 0.056161 -0.083438
-0.522238 0.198820 -0.091617
-0.455317 -0.024179 -0.084992
-0.670752 0.039889 -0.087844
-0.405741 0.089548 -0.085374
-0.415099 0.068060 -0.085302
-0.403879 0.025417 -0.093545
-0.531958 0.171015 -0.091554
-0.559016 0.030096 -0.083525
-0.438005 0.148924 -0.084820
-0.473272 0.195609 -0.086720
-0.438862 -0.055987 -0.091995
-0.600316 0.145599 -0.090622
-0.465715 0.106164 -0.084559
-0.432398 0.131134 -0.092934
-0.574480 0.103583 -0.083157
-0.614432 0.050045 -0.082763
-0.572344 0.048478 -0.091312
-0.389533 0.060682 -0.085649
-0.461064 -0.062664 -0.093006
-0.539620 0.073084 -0.091679
-0.570736 0.070431 -0.083282
-0.595215 0.133243 -0.090822
-0.483503 0.184239 -0.092151
-0.473635 -0.031303 -0.084771
-0.501134 0.161774 -0.091974
-0.617476 0.075325 -0.090666
-0.625142 0.000190 -0.082738
-0.528228 0.209019 -0.083515
-0.411119 0.120201 -0.093235
-0.592950 -0.011549 -0.083181
-0.449440 -0.067114 -0.088312
-0.453965 0.032444 -0.084880
-0.436948 0.060628 -0.093036
-0.496418 0.015973 -0.084368
-0.471832 -0.010058 -0.092746
-0.488660 0.043241 -0.084406
-0.614391 0.059702 -0.090742
-0.489696 -0.006186 -0.084506
-0.593504 -0.004236 -0.083158
-0.617774 0.023025 -0.090782
-0.453926 0.160848 -0.084587
-0.525783 0.017002 -0.083986
-0.497596 -0.032090 -0.084463
-0.603300 0.015298 -0.090987
-0.561200 0.025586 -0.091508
-0.442271 0.017619 -0.093066
-0.510505 0.038255 -0.092135
-0.399171 0.016553 -0.093626
-0.617989 0.027082 -0.082769
-0.422813 0.053290 -0.085235
-0.422466 0.067304 -0.093209
-0.603810 0.013280 -0.090985
-0.409446 0.062613 -0.085387
-0.537747 0.115906 -0.083605
-0.389889 0.030637 -0.093714
-0.515653 0.192892 -0.091715
-0.492793 0.036931 -0.092368
-0.489565 -0.011045 -0.092519
-0.416708 0.026838 -0.085375
-0.453830 -0.071631 -0.093117
-0.579771 0.160086 -0.090960
-0.464907 0.028435 -0.084747
-0.479966 0.201978 -0.089411
-0.588332 0.158083 -0.087148
-0.604322 0.008145 -0.090990
-0.490473 -0.004306 -0.092492
-0.539351 0.028204 -0.091785
-0.496687 0.142446 -0.092076
-0.471277 0.105687 -0.084488
-0.467909 0.190467 -0.088364
-0.455550 0.178654 -0.088697
-0.417301 0.029127 -0.093363
-0.442563 -0.017410 -0.093142
-0.518680 0.109175 -0.083867
-0.417718 0.138632 -0.085106
-0.491991 -0.012850 -0.092492
-0.439214 0.132170 -0.084843
-0.549566 0.140443 -0.083396
-0.547160 0.032514 -0.083673
-0.478400 -0.087228 -0.084837
-0.420805 0.008941 -0.085363
-0.463662 0.001778 -0.084824
-0.576812 0.010471 -0.083340
-0.573898 0.049233 -0.091290
-0.498936 0.013936 -0.084340
-0.451296 0.102577 -0.092755
-0.473932 0.010200 -0.084672
-0.576925 -0.013509 -0.083393
-0.556933 0.118329 -0.083351
-0.596632 0.056163 -0.090980
-0.448334 0.137163 -0.084713
-0.458281 0.160021 -0.092533
-0.461692 0.184525 -0.088461
-0.544752 0.149266 -0.091438
-0.510520 0.144309 -0.091893
-0.472434 -0.064995 -0.084863
-0.430717 0.113488 -0.092996
-0.418806 -0.032711 -0.085484
-0.537462 -0.032899 -0.091949
-0.439847 -0.000825 -0.085139
-0.488573 0.166174 -0.084126
-0.581049 -0.026385 -0.091370
-0.588474 -0.004517 -0.083223
-0.522610 0.024778 -0.092010
-0.450703 0.061018 -0.092857
-0.489124 0.071290 -0.092337
-0.568541 0.005027 -0.083459
-0.650926 0.092540 -0.083993
-0.531355 0.149088 -0.083612
-0.458923 0.175992 -0.092488
-0.416313 0.124312 -0.085157
-0.522012 0.184079 -0.091653
-0.629255 0.095830 -0.082466
-0.506981 -0.116595 -0.086556
-0.447734 -0.029855 -0.085103
-0.558739 -0.051727 -0.083716
-0.458123 -0.020702 -0.084947
-0.490607 -0.094319 -0.084695
-0.475550 0.089320 -0.084470
-0.520130 0.205804 -0.083627
-0.482574 0.005578 -0.092572
-0.448407 0.055747 -0.092899
-0.435229 0.119478 -0.084923
-0.521563 0.017442 -0.092040
-0.512900 0.233430 -0.091362
-0.406151 0.071152 -0.085410
-0.482711 0.037212 -0.084497
-0.501586 0.212823 -0.091852
-0.634264 0.023454 -0.082567
-0.473096 0.176969 -0.084302
-0.424585 0.019612 -0.093290
-0.407890 0.099096 -0.093325
-0.574219 0.118894 -0.083126
-0.508730 -0.016949 -0.092285
-0.433873 -0.033459 -0.085290
-0.418701 0.039631 -0.093321
-0.549909 0.113438 -0.091454
-0.365916 0.062008 -0.093953
-0.518986 0.219231 -0.083611
-0.460183 0.045580 -0.084769
-0.510295 0.000956 -0.084223
-0.419495 0.091004 -0.085192
-0.486811 -0.072870 -0.092696
-0.470508 0.179615 -0.084329
-0.618405 0.015864 -0.090790
-0.552715 0.059745 -0.083539
-0.435683 0.038553 -0.085103
-0.477924 0.175705 -0.084242
-0.514040 0.068521 -0.092021
-0.379162 0.008394 -0.085903
-0.484216 0.011800 -0.092536
-0.623219 0.044067 -0.082663
-0.416979 -0.032025 -0.085506
-0.467837 -0.062576 -0.084917
-0.360971 0.065383 -0.094009
-0.575437 -0.018681 -0.083424
-0.401948 -0.004775 -0.085638
-0.469097 0.156064 -0.092402
-0.396587 0.004630 -0.085686
-0.583268 0.140832 -0.090959
-0.393132 0.065605 -0.093592
-0.651172 0.043489 -0.090303
-0.565631 -0.060552 -0.086775
-0.653288 0.056868 -0.082244
-0.426921 0.011582 -0.085278
-0.585188 0.049954 -0.091142
-0.538098 0.127529 -0.083574
-0.410156 0.104180 -0.093284
-0.492731 0.197182 -0.084002
-0.561487 0.056353 -0.083433
-0.560371 0.141461 -0.091254
-0.565435 -0.053115 -0.091633
-0.626872 0.032091 -0.090643
-0.451761 0.151525 -0.092637
-0.480405 -0.070720 -0.084773
-0.562113 0.101279 -0.091323
-0.439793 -0.056508 -0.085267
-0.565099 0.034731 -0.083436
-0.505986 -0.054600 -0.092406
-0.583173 0.063530 -0.083136
-0.583628 0.130409 -0.090978
-0.430324 0.116207 -0.084994
-0.616941 0.017129 -0.082805
-0.493977 -0.007582 -0.084453
-0.402809 0.057206 -0.085485
-0.507408 0.095896 -0.092044
-0.558679 -0.038962 -0.083688
-0.561235 0.145476 -0.083233
-0.497700 -0.077225 -0.084564
-0.552295 0.181087 -0.083267
-0.462569 -0.054653 -0.084967
-0.610283 0.041040 -0.090838
-0.448851 -0.055746 -0.085148
-0.438451 0.001978 -0.093151
-0.509404 0.040843 -0.092144
-0.609962 0.073580 -0.082767
-0.433115 0.141374 -0.092901
-0.589660 0.096205 -0.090978
-0.598647 0.112711 -0.090824
-0.501710 0.023199 -0.092284
-0.562285 0.083471 -0.083361
-0.503891 -0.089242 -0.084512
-0.618721 -0.009798 -0.084682
-0.613415 0.014804 -0.090857
-0.496267 -0.101038 -0.092638
-0.543957 0.098117 -0.091566
-0.519008 -0.023121 -0.092166
-0.577845 0.075979 -0.083177
-0.540811 -0.043225 -0.083929
-0.488607 -0.049177 -0.084618
-0.589325 -0.029064 -0.091269
-0.374016 0.100718 -0.091024
-0.585905 0.143869 -0.090918
-0.426492 0.092429 -0.093099
-0.636520 0.042885 -0.090494
-0.468369 -0.086964 -0.085474
-0.425996 0.100341 -0.085087
-0.481762 0.048206 -0.084484
-0.475183 0.173473 -0.084283
-0.543739 0.182689 -0.091375
-0.356693 0.057945 -0.086081
-0.580844 -0.017417 -0.083352
-0.612739 0.084607 -0.082706
-0.568416 0.117120 -0.091206
-0.551419 0.170039 -0.083304
-0.556893 -0.068929 -0.089462
-0.590073 0.088600 -0.090990
-0.497180 0.096338 -0.084174
-0.549646 0.108638 -0.091468
-0.477302 0.175956 -0.084250
-0.560656 -0.024353 -0.083629
-0.491660 0.162742 -0.084094
-0.607775 -0.005230 -0.082975
-0.451057 0.164666 -0.084615
-0.533698 0.127760 -0.083630
-0.523552 0.168628 -0.091669
-0.524530 0.105083 -0.091801
-0.489743 0.000714 -0.084489
-0.494620 -0.002757 -0.092435
-0.522021 0.016076 -0.084036
-0.411637 0.044204 -0.093402
-0.446927 0.089508 -0.084841
-0.389621 0.102575 -0.085552
-0.524220 -0.057744 -0.084177
-0.651184 0.026599 -0.090341
-0.411518 0.058618 -0.085369
-0.441440 -0.034641 -0.085195
-0.607022 0.062168 -0.082831
-0.561408 -0.019551 -0.083608
-0.576723 -0.011324 -0.083391
-0.627641 0.080872 -0.082521
-0.492642 0.111111 -0.092200
-0.567395 0.016479 -0.083448
-0.644712 0.033265 -0.082409
-0.635379 0.025053 -0.082549
-0.602309 0.143149 -0.082707
-0.536012 0.038187 -0.083805
-0.520867 0.182710 -0.091671
-0.619149 0.002271 -0.082811
-0.435164 -0.017936 -0.085238
-0.540386 -0.039741 -0.091927
-0.581332 -0.009929 -0.091329
-0.666490 0.050594 -0.082088
-0.534357 0.066691 -0.091762
-0.530352 -0.013641 -0.091997
-0.387636 0.039752 -0.085722
-0.550367 0.124255 -0.083422
-0.502351 0.185278 -0.091905
-0.524714 0.119560 -0.091766
-0.425746 -0.031883 -0.093393
-0.596194 0.088610 -0.082911
-0.499074 0.001945 -0.092366
-0.507667 0.176236 -0.091857
-0.470757 0.120944 -0.092461
-0.507796 0.015110 -0.084223
-0.481520 -0.063033 -0.092742
-0.445762 0.091007 -0.092853
-0.479838 0.200326 -0.084161
-0.496487 0.197971 -0.091952
-0.453712 -0.021018 -0.093006
-0.518482 0.078460 -0.091940
-0.601811 -0.012378 -0.083069
-0.549609 0.182534 -0.091300
-0.483312 0.192938 -0.092134
-0.573526 0.013949 -0.091375
-0.569564 0.172684 -0.091064
-0.533806 0.154804 -0.083567
-0.537085 0.118111 -0.091609
-0.452739 0.071909 -0.092806
-0.370585 0.071249 -0.093871
-0.567382 -0.018981 -0.091530
-0.441451 0.040443 -0.093024
-0.497099 0.218385 -0.086057
-0.608196 -0.019908 -0.091004
-0.578971 -0.023399 -0.091390
-0.460765 -0.063559 -0.085011
-0.617198 0.030011 -0.090773
-0.408173 -0.023960 -0.086802
-0.439614 0.114190 -0.084879
-0.405014 0.034420 -0.085509
-0.597292 0.092282 -0.090889
-0.456287 0.161796 -0.084554
-0.383551 0.023770 -0.085811
-0.485090 0.170787 -0.092162
-0.572523 0.109505 -0.091170
-0.589795 0.016345 -0.083158
-0.567677 -0.034404 -0.083561
-0.491362 0.115637 -0.084206
-0.635647 0.006391 -0.083184
-0.500906 -0.093232 -0.092560
-0.602939 0.065036 -0.082877
-0.509051 0.138918 -0.083924
-0.607525 -0.020531 -0.087972
-0.438458 -0.052559 -0.085275
-0.471425 -0.068213 -0.084884
-0.517264 0.012739 -0.092106
-0.514888 0.139890 -0.083846
-0.532279 0.100759 -0.083710
-0.479990 -0.099091 -0.087480
-0.531142 -0.051887 -0.092074
-0.377355 0.011533 -0.093920
-0.590855 0.104143 -0.090945
-0.610393 0.035374 -0.090849
-0.417945 0.120288 -0.093146
-0.449795 -0.002115 -0.093013
-0.417333 0.098421 -0.085203
-0.410333 0.002718 -0.085513
-0.490016 -0.010909 -0.084512
-0.593907 -0.016271 -0.091180
-0.472659 0.005738 -0.092700
-0.554945 0.087744 -0.091447
-0.617408 0.100616 -0.082609
-0.384662 0.101989 -0.093619
-0.556698 -0.049219 -0.091737
-0.477116 -0.068631 -0.092812
-0.538965 0.161447 -0.083485
-0.495663 0.005607 -0.092402
-0.558029 0.035604 -0.091526
-0.553806 0.165014 -0.083285
-0.471724 0.143306 -0.092397
-0.480292 0.192939 -0.084172
-0.468102 -0.042293 -0.092868
-0.553029 0.144538 -0.083341
-0.486866 0.081277 -0.092343
-0.398428 0.082271 -0.085485
-0.545436 0.113497 -0.091511
-0.580341 0.030229 -0.083249
-0.511519 -0.112269 -0.087594
-0.600115 0.060072 -0.090926
-0.480413 0.090844 -0.084404
-0.514501 0.177404 -0.083765
-0.501767 0.143214 -0.092009
-0.457806 0.013742 -0.092874
-0.571630 0.087645 -0.091231
-0.540728 0.138016 -0.083516
-0.515741 0.185664 -0.091731
-0.469210 0.049702 -0.092644
-0.524162 -0.022944 -0.092098
-0.578893 0.155264 -0.090983
-0.429401 0.131701 -0.092972
-0.458922 0.012795 -0.084861
-0.346931 0.071673 -0.086176
-0.538199 0.127460 -0.083572
-0.562927 0.095979 -0.091325
-0.606122 -0.004954 -0.090997
-0.483728 0.022822 -0.084517
-0.333581 0.062082 -0.090713
-0.488678 0.189241 -0.084072
-0.413125 0.073874 -0.085314
-0.522521 0.021313 -0.092019
-0.414953 0.139817 -0.093045
-0.342024 0.070189 -0.086787
-0.565405 0.036335 -0.083429
-0.580435 -0.032204 -0.091391
-0.618520 0.050860 -0.090709
-0.542610 -0.082566 -0.088230
-0.499105 -0.086534 -0.092568
-0.648779 0.027423 -0.090370
-0.615848 0.110178 -0.090608
-0.462099 0.027614 -0.092786
-0.524306 -0.018921 -0.092087
-0.401199 -0.016585 -0.091740
-0.423003 0.076126 -0.085181
-0.531649 0.147244 -0.091613
-0.549138 0.126813 -0.091433
-0.402261 0.092519 -0.093412
-0.626150 0.041425 -0.082631
-0.505911 0.183409 -0.091863
-0.589217 0.058331 -0.091071
-0.580913 0.072054 -0.083146
-0.502954 0.010305 -0.084296
-0.459636 0.097886 -0.092658
-0.435445 0.149075 -0.092854
-0.571816 0.131215 -0.083129
-0.476031 0.091900 -0.092459
-0.559286 0.145635 -0.083258
-0.480743 0.096124 -0.092388
-0.401771 0.032811 -0.093555
-0.388434 0.109349 -0.085552
-0.466227 -0.049106 -0.084907
-0.526940 0.141020 -0.091688
-0.638237 0.071737 -0.082405
-0.441263 0.066163 -0.092968
-0.427486 -0.019643 -0.093342
-0.489578 -0.035444 -0.084574
-0.594911 0.131339 -0.082830
-0.448846 0.106895 -0.092777
-0.415248 0.091114 -0.093248
-0.491679 0.191104 -0.084029
-0.549956 0.150739 -0.083367
-0.487896 -0.097865 -0.084738
-0.575428 0.018194 -0.083340
-0.513047 0.072111 -0.084024
-0.364234 0.046977 -0.086008
-0.353381 0.073217 -0.094089
-0.494616 0.055124 -0.084302
-0.435925 -0.004185 -0.085197
-0.467477 -0.059734 -0.092916
-0.510473 0.015959 -0.092187
-0.516411 0.233382 -0.090202
-0.492926 0.015072 -0.092416
-0.520334 0.089392 -0.083891
-0.369206 0.037915 -0.093965
-0.644164 0.084280 -0.082300
-0.521422 0.154298 -0.091729
-0.433403 0.106805 -0.084976
-0.627291 0.030243 -0.090642
-0.582579 0.138559 -0.082973
-0.383611 0.094004 -0.093650
-0.528718 0.080184 -0.091804
-0.533604 0.104239 -0.091686
-0.672954 0.050494 -0.082004
-0.445941 0.123978 -0.084775
-0.536932 -0.036602 -0.091964
-0.474960 0.018764 -0.092640
-0.476168 0.094203 -0.092452
-0.531385 0.080257 -0.083768
-0.555372 0.084527 -0.091449
-0.486071 0.103518 -0.092303
-0.537679 0.202512 -0.083408
-0.498297 0.134452 -0.092074
-0.602239 0.132258 -0.090733
-0.430935 -0.047767 -0.087353
-0.390461 -0.005375 -0.090106
-0.626994 0.008440 -0.090696
-0.623587 0.003469 -0.082751
-0.503469 -0.094448 -0.084529
-0.509043 -0.112462 -0.084498
-0.511343 -0.051317 -0.092329
-0.501121 0.020262 -0.092298
-0.580663 0.129374 -0.083018
-0.511475 0.221384 -0.083704
-0.625795 0.051727 -0.090612
-0.445484 0.150052 -0.092722
-0.360159 0.033267 -0.086092
-0.501033 -0.121050 -0.091252
-0.470855 0.008731 -0.092716
-0.398376 0.028925 -0.085607
-0.390397 0.007091 -0.085761
-0.420321 0.071492 -0.085226
-0.484623 0.007711 -0.084540
-0.628611 0.036673 -0.082610
-0.456721 0.079046 -0.084738
-0.545690 0.002332 -0.083761
-0.414226 0.066975 -0.085315
-0.648008 0.070045 -0.082282
-0.476523 0.030575 -0.084592
-0.628573 0.103403 -0.090458
-0.413326 -0.001627 -0.093484
-0.544805 0.001628 -0.083774
-0.481171 0.203164 -0.086073
-0.566027 -0.054166 -0.083627
-0.559572 -0.031546 -0.083659
-0.513468 0.011878 -0.092157
-0.487849 0.128683 -0.092222
-0.620632 0.020401 -0.082750
-0.571400 0.028299 -0.083369
-0.588047 0.043167 -0.091121
-0.482801 0.043593 -0.092482
-0.552617 -0.024467 -0.091734
-0.492065 -0.111751 -0.085888
-0.405641 0.122264 -0.085300
-0.415132 0.111788 -0.093202
-0.433788 -0.030552 -0.085285
-0.519340 0.115454 -0.091845
-0.520875 0.098512 -0.083863
-0.525390 -0.061405 -0.084170
-0.487265 0.123646 -0.084240
-0.354862 0.046972 -0.086129
-0.368456 0.087017 -0.085862
-0.519579 0.185511 -0.083681
-0.428574 -0.039035 -0.085372
-0.526921 0.193457 -0.091568
-0.550996 -0.071811 -0.091863
-0.601460 0.105733 -0.090804
-0.450047 0.117384 -0.084736
-0.352723 0.053182 -0.094144
-0.502790 0.198955 -0.083867
-0.588348 0.046653 -0.091109
-0.555383 0.082426 -0.083453
-0.625064 0.070400 -0.090579
-0.506279 -0.117290 -0.088906
-0.514511 0.235013 -0.087054
-0.477521 0.099994 -0.092421
-0.580136 0.003848 -0.091313
-0.469398 -0.053202 -0.084876
-0.489979 0.203146 -0.092024
-0.543073 0.080075 -0.091618
-0.522852 -0.015502 -0.092098
-0.557255 0.110695 -0.091365
-0.501051 -0.006513 -0.084359
-0.594448 -0.012402 -0.083164
-0.535847 0.021814 -0.083844
-0.669029 0.054250 -0.090047
-0.423301 -0.004515 -0.093362
-0.424275 -0.035586 -0.093420
-0.560315 -0.018612 -0.083620
-0.558162 0.010655 -0.083581
-0.465286 0.185116 -0.084384
-0.452290 -0.021730 -0.093026
-0.409103 0.051408 -0.085417
-0.516843 0.223602 -0.083629
-0.530806 0.036888 -0.083875
-0.441814 0.043283 -0.093013
-0.532050 -0.034616 -0.084022
-0.459761 0.056817 -0.092750
-0.617757 0.085113 -0.082639
-0.574705 0.170219 -0.083002
-0.398344 0.042050 -0.085578
-0.497496 0.122008 -0.084112
-0.371612 0.057473 -0.085889
-0.601940 0.052815 -0.090919
-0.492454 0.026986 -0.084394
-0.533852 0.080274 -0.091737
-0.548790 0.150392 -0.083383
-0.491970 -0.031132 -0.084533
-0.477255 0.186225 -0.084227
-0.502307 0.064880 -0.092181
-0.441717 -0.010057 -0.085135
-0.523516 -0.017004 -0.084093
-0.457464 -0.046806 -0.085016
-0.522921 0.175522 -0.091661
-0.627017 0.103787 -0.090478
-0.433251 -0.008088 -0.085241
-0.408331 0.120413 -0.093270
-0.495115 0.216432 -0.091651
-0.360419 0.036372 -0.094082
-0.498420 -0.061817 -0.084520
-0.562083 0.136609 -0.083242
-0.474279 0.032123 -0.084618
-0.501626 0.051155 -0.092221
-0.652781 0.022769 -0.082733
-0.517001 0.232746 -0.088961
-0.460208 0.168653 -0.084488
-0.512988 0.048634 -0.092080
-0.331285 0.059878 -0.091665
-0.489770 0.176851 -0.092087
-0.456669 0.045673 -0.084815
-0.625033 0.119655 -0.085457
-0.491328 -0.110880 -0.092197
-0.481420 0.203374 -0.088801
-0.564007 0.089323 -0.091326
-0.658381 0.060665 -0.090170
-0.601368 0.105446 -0.090806
-0.503254 -0.056800 -0.092446
-0.504360 -0.089679 -0.084507
-0.463144 -0.062949 -0.084979
-0.669456 0.062400 -0.090023
-0.471313 0.138011 -0.092415
-0.464189 -0.058929 -0.084956
-0.477117 -0.028526 -0.092720
-0.421107 0.062277 -0.085237
-0.498453 0.103573 -0.092142
-0.547877 0.004563 -0.083728
-0.505838 0.022733 -0.084231
-0.506627 -0.093401 -0.092486
-0.543250 -0.012279 -0.083826
-0.403850 0.003060 -0.085596
-0.391062 0.003424 -0.085760
-0.560767 0.139593 -0.091253
-0.619717 0.110713 -0.082556
-0.396490 0.049975 -0.085584
-0.542615 0.054432 -0.091683
-0.592668 0.045310 -0.083055
-0.582627 -0.015545 -0.091325
-0.658797 0.078926 -0.090123
-0.583397 -0.004124 -0.091289
-0.542339 0.102391 -0.083576
-0.385846 0.085463 -0.093641
-0.657501 0.083545 -0.090129
-0.535708 -0.023295 -0.091950
-0.543059 -0.033703 -0.083878
-0.657236 0.060917 -0.082184
-0.539701 -0.080009 -0.092028
-0.419277 0.032737 -0.093329
-0.509656 0.206442 -0.083761
-0.374049 0.042768 -0.093891
-0.520035 -0.031209 -0.092171
-0.498196 0.036206 -0.092299
-0.535135 0.136502 -0.091592
-0.468567 0.156799 -0.084407
-0.458258 -0.025765 -0.092958
-0.636013 0.034080 -0.090520
-0.598889 0.022527 -0.083027
-0.513780 0.020443 -0.092134
-0.539718 0.160436 -0.083477
-0.518132 0.061632 -0.083983
-0.460156 -0.019313 -0.084918
-0.373230 0.054106 -0.093876
-0.542541 0.094616 -0.083591
-0.534516 0.189608 -0.091479
-0.580520 0.041543 -0.083221
-0.502057 0.181147 -0.091918
-0.464170 0.113125 -0.084563
-0.516600 0.099149 -0.091917
-0.499653 0.131988 -0.092062
-0.506520 0.010349 -0.084250
-0.642235 0.095192 -0.090300
-0.477776 0.153804 -0.084294
-0.436187 0.090294 -0.092978
-0.657943 0.079232 -0.082133
-0.376550 0.077267 -0.085779
-0.441391 -0.044611 -0.085219
-0.491679 -0.085019 -0.084660
-0.551881 0.034053 -0.091609
-0.528755 -0.080901 -0.092171
-0.398599 0.124211 -0.090843
-0.426317 0.117409 -0.085044
-0.565770 -0.038314 -0.083594
-0.428708 -0.002766 -0.093288
-0.456605 -0.053293 -0.093042
-0.642176 0.071631 -0.090355
-0.392668 0.082853 -0.093559
-0.571203 0.149555 -0.083095
-0.507275 0.188241 -0.091835
-0.509815 0.020677 -0.084184
-0.573007 0.082933 -0.083224
-0.644561 0.046553 -0.090381
-0.525363 0.047753 -0.091921
-0.509530 0.064514 -0.092088
-0.548939 -0.062888 -0.083868
-0.630867 0.001790 -0.086424
-0.470990 0.184701 -0.092312
-0.421737 0.002182 -0.093367
-0.518345 -0.094214 -0.092337
-0.423905 0.057105 -0.085213
-0.587660 0.000554 -0.083222
-0.500824 0.035837 -0.084266
-0.671487 0.048257 -0.082028
-0.565032 0.098310 -0.091292
-0.508250 0.049324 -0.092139
-0.501780 0.191900 -0.083897
-0.466434 0.183563 -0.084373
-0.505307 0.009849 -0.084267
-0.542966 0.047352 -0.083694
-0.420931 0.120080 -0.093108
-0.516808 0.163759 -0.083766
-0.651642 0.048092 -0.082285
-0.492966 0.094340 -0.092234
-0.502849 0.145283 -0.083989
-0.611089 0.106934 -0.082676
-0.569347 -0.034003 -0.091539
-0.465015 0.124513 -0.092527
-0.568308 -0.000893 -0.083476
-0.636481 0.102468 -0.090358
-0.517823 0.098072 -0.091904
-0.548690 0.038113 -0.091641
-0.485886 0.142900 -0.092215
-0.655605 0.081750 -0.082157
-0.415130 0.132379 -0.085154
-0.532371 0.157361 -0.083580
-0.447614 0.102708 -0.084801
-0.534821 -0.080642 -0.084092
-0.672898 0.069643 -0.089864
-0.488087 -0.029712 -0.092581
-0.647970 0.062629 -0.082300
-0.383800 0.045874 -0.093758
-0.517778 -0.029767 -0.092197
-0.530606 0.025429 -0.083904
-0.442085 0.024940 -0.093051
-0.547316 0.051285 -0.091629
-0.492985 -0.112700 -0.086778
-0.613186 0.009750 -0.090871
-0.478936 0.102678 -0.092397
-0.598071 -0.008633 -0.091109
-0.582878 -0.006921 -0.083301
-0.521771 0.001679 -0.084072
-0.486892 0.119351 -0.084255
-0.487017 0.100993 -0.092296
-0.550897 0.088671 -0.083497
-0.448576 0.158217 -0.092663
-0.669726 0.047913 -0.090052
-0.566478 0.056443 -0.083369
-0.498264 -0.098956 -0.084607
-0.578533 0.041204 -0.083247
-0.499160 0.047959 -0.092260
-0.503977 0.074958 -0.084135
-0.339036 0.057780 -0.094310
-0.493996 0.209431 -0.091958
-0.589874 0.048917 -0.083083
-0.365373 0.075319 -0.085929
-0.553973 -0.024487 -0.083715
-0.443095 0.010499 -0.085071
-0.592661 0.066115 -0.091008
-0.402756 0.111621 -0.093362
-0.484492 -0.091215 -0.092768
-0.427273 0.060042 -0.093163
-0.430776 0.014362 -0.093222
-0.525674 0.017078 -0.083987
-0.465835 -0.054711 -0.084925
-0.526103 -0.016497 -0.092059
-0.513728 0.139512 -0.083862
-0.501596 -0.001170 -0.084340
-0.419500 0.143250 -0.093073
-0.395813 0.039406 -0.085617
-0.432000 -0.011561 -0.085265
-0.619742 0.052763 -0.082688
-0.552563 0.165323 -0.091301
-0.406547 0.059654 -0.085431
-0.460659 -0.060646 -0.085006
-0.371970 0.015293 -0.085980
-0.457815 -0.067424 -0.085058
-0.465486 0.068452 -0.092649
-0.636218 0.069846 -0.090436
-0.508779 0.007398 -0.084228
-0.548185 0.096044 -0.091516
-0.451922 0.128206 -0.092688
-0.457952 0.060147 -0.092766
-0.498504 0.180029 -0.083966
-0.409849 0.006850 -0.085509
-0.646948 0.017128 -0.090418
-0.681384 0.060704 -0.086062
-0.602602 0.051701 -0.090913
-0.655384 0.025227 -0.085633
-0.684565 0.053139 -0.082833
-0.429692 0.137609 -0.084954
-0.473075 -0.005957 -0.084720
-0.493988 0.215429 -0.084348
-0.494326 -0.057873 -0.084564
-0.620797 0.005637 -0.090782
-0.458116 0.089085 -0.092697
-0.558273 0.045151 -0.091501
-0.525974 0.220966 -0.083517
-0.518731 -0.012539 -0.084144
-0.472376 0.044097 -0.084615
-0.481286 0.133481 -0.092296
-0.491707 -0.047669 -0.092575
-0.417446 0.071822 -0.093263
-0.572507 -0.053976 -0.086246
-0.557055 -0.066146 -0.083771
-0.440144 0.111920 -0.092878
-0.392705 0.033781 -0.085670
-0.364752 0.060955 -0.085969
-0.501169 -0.072302 -0.084508
-0.479296 0.201188 -0.092167
-0.554572 -0.071092 -0.084106
-0.564623 0.165489 -0.083144
-0.567888 -0.049712 -0.091594
-0.537356 0.054156 -0.091752
-0.385971 0.053221 -0.085712
-0.469224 0.084848 -0.084563
-0.359799 0.066340 -0.086021
-0.517156 0.122524 -0.083856
-0.466982 -0.079152 -0.084966
-0.591383 0.154924 -0.089279
-0.572845 0.174321 -0.089309
-0.509755 0.083045 -0.084042
-0.616923 0.021875 -0.090795
-0.471338 0.181027 -0.092316
-0.374426 0.048518 -0.085873
-0.582571 0.063263 -0.083145
-0.600723 0.091576 -0.090846
-0.572996 -0.007721 -0.083431
-0.556968 0.066442 -0.083469
-0.550720 0.182695 -0.091285
-0.405512 0.074709 -0.093411
-0.453695 -0.023192 -0.085010
-0.510399 -0.067965 -0.084379
-0.338090 0.066423 -0.087455
-0.511220 0.159744 -0.083848
-0.489164 0.125034 -0.092213
-0.460936 -0.010866 -0.084889
-0.414875 0.075375 -0.085288
-0.565633 -0.014670 -0.083542
-0.419831 0.011112 -0.085370
-0.669973 0.048120 -0.082048
-0.493104 -0.071633 -0.092612
-0.553618 0.065347 -0.083515
-0.355428 0.069514 -0.086071
-0.360385 0.053364 -0.094044
-0.616764 0.124883 -0.082561
-0.514339 0.232368 -0.091642
-0.596457 -0.025296 -0.091168
-0.568046 -0.004059 -0.083487
-0.463707 -0.012638 -0.092857
-0.486289 0.084392 -0.092343
-0.375010 0.078984 -0.093796
-0.453789 0.005702 -0.084943
-0.413610 0.107527 -0.093231
-0.468741 -0.068951 -0.092921
-0.446366 -0.019347 -0.085097
-0.531184 -0.027829 -0.084018
-0.477463 0.013946 -0.084618
-0.544104 0.165754 -0.091409
-0.530331 0.173494 -0.083569
-0.540866 -0.007836 -0.083847
-0.539175 0.125792 -0.091564
-0.623224 0.042338 -0.082666
-0.550703 0.109118 -0.083453
-0.549998 0.098446 -0.083486
-0.432877 0.116180 -0.092962
-0.453499 0.050355 -0.084845
-0.445113 -0.032338 -0.085142
-0.489730 -0.007878 -0.092510
-0.486684 0.076344 -0.092357
-0.382166 0.003251 -0.086750
-0.467990 0.021398 -0.092724
-0.555776 0.055003 -0.083510
-0.522812 0.062024 -0.091922
-0.546096 0.047008 -0.091655
-0.450839 0.141928 -0.084670
-0.472872 0.081515 -0.092524
-0.488783 -0.028163 -0.084568
-0.453650 0.012547 -0.092930
-0.558894 0.131080 -0.083296
-0.583938 0.043045 -0.091174
-0.378304 0.092750 -0.093722
-0.493229 -0.046487 -0.084552
-0.650451 0.047040 -0.082303
-0.515271 0.202692 -0.083697
-0.432928 0.053612 -0.085104
-0.491382 0.141197 -0.092148
-0.388251 0.075491 -0.085632
-0.537201 0.134153 -0.083570
-0.393252 0.052611 -0.085620
-0.480742 0.021142 -0.084559
-0.436584 0.103790 -0.092942
-0.537933 0.061605 -0.083726
-0.572197 0.054559 -0.091300
-0.611955 0.073146 -0.090743
-0.382172 0.089786 -0.093679
-0.499023 -0.052798 -0.092492
-0.425553 0.039648 -0.085231
-0.470227 0.080180 -0.084560
-0.461148 0.051879 -0.084742
-0.580776 0.002656 -0.091307
-0.579129 -0.007303 -0.091351
-0.595338 0.004715 -0.083113
-0.623333 0.100673 -0.082532
-0.659167 0.073149 -0.090131
-0.507060 -0.021878 -0.092317
-0.496685 -0.064909 -0.092550
-0.535694 0.005964 -0.083882
-0.407643 0.005071 -0.093543
-0.619683 0.076112 -0.090636
-0.467205 0.107896 -0.092537
-0.668743 0.055351 -0.090048
-0.474378 -0.089582 -0.084894
-0.574371 0.014786 -0.083362
-0.518877 -0.013751 -0.092146
-0.501798 0.087869 -0.084134
-0.504575 0.057403 -0.084168
-0.404162 0.061493 -0.093459
-0.568917 0.066333 -0.083315
-0.476143 0.083815 -0.084475
-0.516501 0.062045 -0.092003
-0.493270 0.057968 -0.092313
-0.460374 -0.078524 -0.090192
-0.608170 0.106597 -0.082714
-0.490094 0.130426 -0.092189
-0.671939 0.052024 -0.090014
-0.604348 0.113660 -0.082748
-0.445782 0.047377 -0.084952
-0.417308 0.052771 -0.085308
-0.452997 0.147813 -0.084629
-0.466193 -0.065190 -0.084945
-0.504241 0.148715 -0.083963
-0.471989 0.071877 -0.092557
-0.555042 -0.009462 -0.091668
-0.484665 0.006247 -0.084542
-0.483874 -0.069339 -0.084725
-0.512357 0.182628 -0.083781
-0.588273 0.129578 -0.082919
-0.514209 0.000734 -0.092173
-0.424743 0.096947 -0.085111
-0.516537 -0.012198 -0.092173
-0.586967 0.005383 -0.083220
-0.508967 0.229722 -0.086440
-0.521371 0.077730 -0.091905
-0.482254 -0.047221 -0.084696
-0.446648 0.087204 -0.092850
-0.474313 -0.084459 -0.092884
-0.486722 0.136681 -0.084218
-0.488259 0.040521 -0.084417
-0.578525 0.137795 -0.083027
-0.371615 0.076540 -0.085845
-0.536901 0.136248 -0.091570
-0.463323 0.124598 -0.084548
-0.537741 -0.013824 -0.083901
-0.538389 -0.034519 -0.091941
-0.491745 0.050015 -0.084351
-0.497646 0.218901 -0.086659
-0.508232 -0.044420 -0.092354
-0.571239 0.159659 -0.091072
-0.588822 0.075643 -0.091036
-0.563347 0.180843 -0.091126
-0.495366 0.185582 -0.091995
-0.590384 0.153201 -0.090839
-0.421763 0.078305 -0.093193
-0.422151 -0.014916 -0.085400
-0.539328 0.206719 -0.091377
-0.422128 0.084266 -0.093174
-0.506656 0.213542 -0.091785
-0.509849 -0.009167 -0.092252
-0.492000 0.163137 -0.084089
-0.462615 -0.014621 -0.084875
-0.464558 0.010389 -0.084793
-0.655400 0.074657 -0.082176
-0.375329 0.093105 -0.093760
-0.445866 0.098801 -0.092834
-0.609309 0.007482 -0.090927
-0.470312 -0.057709 -0.092875
-0.558490 -0.035301 -0.091682
-0.510501 0.144599 -0.091892
-0.403606 0.128983 -0.092054
-0.447581 0.143099 -0.092710
-0.400769 0.104812 -0.093404
-0.583073 -0.043740 -0.091383
-0.483031 0.010825 -0.092554
-0.394744 0.074384 -0.085551
-0.638661 0.085058 -0.090370
-0.351468 0.043314 -0.086182
-0.529439 0.139484 -0.091659
-0.628161 0.032241 -0.082626
-0.633551 0.026456 -0.090570
-0.636002 0.073576 -0.090430
-0.601633 0.119866 -0.090769
-0.589707 0.006529 -0.091183
-0.456346 -0.009861 -0.092946
-0.480251 0.050491 -0.092499
-0.484739 0.119828 -0.084282
-0.402225 -0.012768 -0.085653
-0.474565 -0.007056 -0.092704
-0.497531 0.136350 -0.092079
-0.567882 0.042619 -0.091383
-0.510441 -0.113348 -0.092387
-0.596458 -0.014755 -0.091144
-0.432055 0.144672 -0.092908
-0.490121 0.170253 -0.092098
-0.465763 0.172251 -0.092408
-0.475227 -0.019312 -0.084723
-0.416355 -0.032362 -0.085515
-0.527386 0.015843 -0.083967
-0.535610 -0.031401 -0.091970
-0.444402 0.020491 -0.093032
-0.537799 0.115637 -0.083605
-0.528583 0.192305 -0.083549
-0.633565 0.066630 -0.082477
-0.630574 0.017733 -0.082627
-0.443403 0.108503 -0.084843
-0.503593 0.169944 -0.091924
-0.525879 0.048775 -0.083912
-0.454477 0.045120 -0.092845
-0.487293 0.048441 -0.092413
-0.467396 0.155807 -0.084424
-0.602154 0.109834 -0.082785
-0.673530 0.068921 -0.085966
-0.449316 0.013682 -0.084983
-0.391024 0.084123 -0.093577
-0.485733 0.134387 -0.084236
-0.480158 -0.058211 -0.084748
-0.603249 0.072592 -0.090857
-0.543628 0.188147 -0.091364
-0.567957 0.140602 -0.091158
-0.562172 -0.009123 -0.083574
-0.554575 -0.046992 -0.091760
-0.539143 0.088081 -0.083650
-0.505361 -0.111500 -0.092544
-0.548617 0.087016 -0.091531
-0.522813 -0.055782 -0.084190
-0.476695 0.104148 -0.084422
-0.474904 0.094647 -0.084467
-0.592634 -0.029170 -0.091226
-0.572930 0.153708 -0.083063
-0.447160 -0.002484 -0.085048
-0.589040 -0.038222 -0.090692
-0.501321 -0.107893 -0.092588
-0.519410 0.172741 -0.091713
-0.494506 0.177366 -0.084024
-0.543206 -0.077578 -0.083976
-0.616900 0.104351 -0.082607
-0.670109 0.057542 -0.082025
-0.520219 0.047734 -0.083987
-0.461005 0.002831 -0.084856
-0.534629 0.001757 -0.083906
-0.491968 0.135053 -0.084153
-0.479115 0.166396 -0.084248
-0.507483 -0.022306 -0.092313
-0.365082 0.064161 -0.085958
-0.604587 0.085111 -0.082810
-0.645544 0.060198 -0.090337
-0.611416 0.088302 -0.082714
-0.408521 -0.020269 -0.085588
-0.458523 -0.032109 -0.084968
-0.483068 0.115652 -0.092314
-0.556630 0.069514 -0.091467
-0.482336 0.021785 -0.084537
-0.459764 0.140273 -0.084558
-0.453899 0.012951 -0.092926
-0.508309 0.113368 -0.091992
-0.479772 0.136078 -0.084309
-0.499445 0.199582 -0.083909
-0.533003 0.035809 -0.091850
-0.460496 0.047708 -0.084760
-0.611361 -0.016853 -0.086763
-0.598918 0.020704 -0.083030
-0.603363 0.106036 -0.090779
-0.435523 0.031861 -0.085120
-0.549800 0.198403 -0.087392
-0.527584 -0.034279 -0.092080
-0.597612 0.046578 -0.090989
-0.460898 0.109026 -0.084615
-0.634818 0.039309 -0.082523
-0.424701 0.043053 -0.093235
-0.471177 0.097891 -0.084508
-0.486540 0.087676 -0.092333
-0.571778 0.042723 -0.091332
-0.560258 0.174517 -0.091180
-0.478871 0.069097 -0.092474
-0.526752 -0.007615 -0.084029
-0.394328 0.006665 -0.093711
-0.637630 0.061886 -0.082435
-0.416639 0.098387 -0.093213
-0.519229 0.060205 -0.091972
-0.457988 0.051467 -0.092785
-0.623227 0.109011 -0.090515
-0.657119 0.070268 -0.090165
-0.490552 0.150071 -0.084137
-0.583303 0.111408 -0.091026
-0.596402 0.122231 -0.082831
-0.542503 0.176164 -0.083405
-0.559904 0.067985 -0.091428
-0.511006 -0.084560 -0.084409
-0.496442 0.217733 -0.088367
-0.481278 0.164780 -0.092225
-0.427386 0.042257 -0.085201
-0.439245 0.117725 -0.092876
-0.555282 -0.031858 -0.083715
-0.517563 -0.062216 -0.084273
-0.356459 0.039805 -0.094126
-0.524597 0.087246 -0.083840
-0.416475 -0.030497 -0.085509
-0.495538 0.167615 -0.084033
-0.437555 0.020122 -0.093121
-0.574305 0.127389 -0.083105
-0.514038 -0.044469 -0.092279
-0.331511 0.056352 -0.093082
-0.576631 0.107702 -0.083120
-0.496215 -0.055154 -0.084533
-0.356322 0.075080 -0.094047
-0.458728 0.022114 -0.092842
-0.451195 0.092104 -0.084779
-0.583796 0.124761 -0.090989
-0.481455 -0.038958 -0.092688
-0.506660 -0.093073 -0.092485
-0.612315 0.121762 -0.090627
-0.558219 0.073726 -0.083436
-0.501095 -0.084482 -0.084537
-0.412641 0.129163 -0.093194
-0.563532 0.007084 -0.091520
-0.464352 0.002697 -0.092814
-0.549493 0.078446 -0.091539
-0.530955 0.041024 -0.083864
-0.510953 0.231589 -0.089530
-0.666731 0.055167 -0.090075
-0.510091 0.020103 -0.092182
-0.467361 -0.084511 -0.092974
-0.598449 -0.002311 -0.091090
-0.518158 0.192609 -0.083683
-0.580488 0.038898 -0.083227
-0.619559 -0.007329 -0.090828
-0.408570 0.127183 -0.093252
-0.420610 0.068166 -0.085230
-0.511152 -0.031132 -0.084285
-0.460129 0.139541 -0.084555
-0.670917 0.047096 -0.082038
-0.481361 0.137023 -0.092287
-0.486246 0.107841 -0.084290
-0.490916 0.001661 -0.084472
-0.345977 0.050211 -0.086237
-0.636008 0.078283 -0.082419
-0.547404 0.080914 -0.083560
-0.611865 0.131775 -0.090610
-0.366208 0.020009 -0.090576
-0.546710 0.154163 -0.091402
-0.512986 0.200269 -0.091733
-0.664151 0.071569 -0.082070
-0.548222 0.199990 -0.083381
-0.367154 0.075500 -0.093906
-0.422951 0.113356 -0.093097
-0.440985 0.095174 -0.084905
-0.597242 0.116150 -0.082834
-0.569572 0.084028 -0.083266
-0.502336 0.110916 -0.092075
-0.534702 -0.056271 -0.092038
-0.423875 0.058663 -0.093210
-0.409344 0.084475 -0.093339
-0.634835 0.046672 -0.090507
-0.439944 -0.020600 -0.093183
-0.504591 -0.068299 -0.092455
-0.594383 0.073614 -0.090969
-0.462489 0.122957 -0.084563
-0.649160 0.041373 -0.082333
-0.454069 -0.071793 -0.085117
-0.456294 0.017611 -0.084884
-0.336119 0.064539 -0.087543
-0.453318 0.131005 -0.084663
-0.525133 0.171938 -0.091641
-0.527823 -0.065249 -0.084147
-0.507764 0.116982 -0.091991
-0.467165 -0.059268 -0.092919
-0.581479 0.116625 -0.091038
-0.558306 0.038909 -0.091515
-0.601990 0.008937 -0.083018
-0.429418 0.120392 -0.084997
-0.542618 0.161103 -0.091439
-0.404021 0.092248 -0.093390
-0.432792 0.078919 -0.093048
-0.555822 0.160992 -0.091268
-0.539096 0.077685 -0.091675
-0.573667 0.024028 -0.083350
-0.449111 -0.031765 -0.085089
-0.571802 0.157429 -0.083069
-0.499927 0.024122 -0.084304
-0.564014 0.054220 -0.083406
-0.631648 0.111502 -0.082399
-0.579522 0.050985 -0.083212
-0.493200 0.067963 -0.092292
-0.433278 0.008245 -0.093204
-0.379798 0.005740 -0.087475
-0.411944 0.058791 -0.085364
-0.489731 0.135783 -0.084181
-0.367780 0.061565 -0.085929
-0.491788 -0.018070 -0.084506
-0.460692 0.132138 -0.092566
-0.427300 0.148026 -0.084961
-0.432170 0.154660 -0.092883
-0.634617 0.044463 -0.090515
-0.531694 0.116334 -0.091683
-0.494646 -0.103995 -0.092666
-0.602341 0.091908 -0.082823
-0.512439 0.154303 -0.091845
-0.525639 0.099430 -0.083799
-0.399819 -0.005465 -0.093668
-0.463860 0.186612 -0.086964
-0.553272 -0.040761 -0.091762
-0.537980 0.029501 -0.091800
-0.607421 0.069131 -0.082810
-0.554489 -0.064780 -0.091802
-0.503321 0.071977 -0.084151
-0.573117 0.023318 -0.083358
-0.503759 0.136696 -0.091998
-0.551030 0.010220 -0.091675
-0.558371 0.076051 -0.091429
-0.556324 0.068597 -0.091473
-0.552754 0.142757 -0.091350
-0.475984 0.088518 -0.084467
-0.568854 0.058298 -0.083334
-0.521928 0.175796 -0.083673
-0.574702 0.027998 -0.083327
-0.493751 0.114453 -0.092178
-0.500472 -0.035192 -0.092433
-0.642839 0.088443 -0.090308
-0.541654 -0.037373 -0.083904
-0.511921 0.120009 -0.083930
-0.497108 0.086658 -0.084198
-0.472561 -0.088067 -0.084915
-0.478399 0.066757 -0.084485
-0.330955 0.058513 -0.086412
-0.651647 0.091826 -0.086571
-0.644548 0.074822 -0.082316
-0.586858 0.126443 -0.082945
-0.536412 -0.008863 -0.083907
-0.568013 0.148521 -0.083138
-0.507993 0.217436 -0.083758
-0.428525 -0.014821 -0.085317
-0.560463 -0.046310 -0.083681
-0.490680 -0.064393 -0.092627
-0.573162 -0.032189 -0.083485
-0.437801 0.073337 -0.084996
-0.609241 0.043291 -0.090846
-0.380719 0.061658 -0.093762
-0.544309 0.181537 -0.083370
-0.563577 0.079944 -0.091353
-0.597712 0.011249 -0.083068
-0.392111 0.055250 -0.093629
-0.546673 -0.042286 -0.091851
-0.654601 0.036579 -0.082273
-0.391902 0.039573 -0.085667
-0.544258 0.197527 -0.083334
-0.582168 0.028944 -0.083228
-0.515217 0.002425 -0.084156
-0.554485 0.159836 -0.091288
-0.566137 0.082273 -0.083314
-0.456192 -0.001273 -0.092929
-0.503554 0.022757 -0.092261
-0.537600 -0.065636 -0.092022
-0.605273 0.062841 -0.082852
-0.643226 0.028587 -0.082439
-0.505271 -0.098849 -0.084516
-0.479475 0.197630 -0.092173
-0.515712 0.129933 -0.083858
-0.563382 0.168688 -0.083152
-0.425683 0.013371 -0.093290
-0.411346 0.064601 -0.085358
-0.470383 0.052934 -0.092621
-0.523825 -0.100544 -0.090960
-0.487633 0.004234 -0.084509
-0.640885 0.103129 -0.089295
-0.609265 0.046999 -0.082836
-0.528136 -0.002100 -0.091999
-0.441564 0.086175 -0.092918
-0.635140 0.074595 -0.082438
-0.537426 0.130579 -0.091576
-0.605686 0.014932 -0.082956
-0.559013 0.156422 -0.091238
-0.492579 -0.001040 -0.084457
-0.566484 0.092968 -0.083285
-0.459676 -0.072381 -0.085045
-0.418352 0.054366 -0.085291
-0.492914 0.071110 -0.084287
-0.367328 0.050699 -0.093960
-0.570648 0.142871 -0.091118
-0.402621 0.100128 -0.093390
-0.634262 0.037570 -0.082534
-0.492988 0.021218 -0.084400
-0.545554 0.141215 -0.083446
-0.642767 0.048161 -0.082400
-0.541296 -0.022059 -0.083874
-0.437042 0.085074 -0.084979
-0.466010 0.079425 -0.084617
-0.516624 0.221868 -0.083636
-0.567539 0.172213 -0.091091
-0.419807 0.007740 -0.093379
-0.613825 0.064615 -0.082737
-0.429232 0.080748 -0.085090
-0.518877 -0.024805 -0.092171
-0.469191 -0.057814 -0.084889
-0.600176 0.143018 -0.082735
-0.588198 0.066299 -0.091066
-0.554496 0.023281 -0.083600
-0.397968 0.067276 -0.093526
-0.484342 0.158125 -0.084199
-0.451170 0.098211 -0.092766
-0.491977 -0.066503 -0.084614
-0.575839 0.039501 -0.083286
-0.389008 0.032902 -0.085720
-0.495263 0.120841 -0.084143
-0.581575 0.086150 -0.083105
-0.425696 0.134828 -0.093012
-0.422749 0.001960 -0.085354
-0.473952 0.133731 -0.084390
-0.445019 0.018362 -0.085028
-0.387808 0.021529 -0.085761
-0.553510 0.050245 -0.083551
-0.410328 0.016044 -0.093483
-0.475871 0.156229 -0.084313
-0.445288 0.022524 -0.093016
-0.466199 0.057021 -0.092666
-0.507461 -0.061329 -0.084402
-0.469754 -0.059369 -0.084885
-0.367941 0.050753 -0.085951
-0.557803 0.166596 -0.083229
-0.474194 0.083280 -0.092503
-0.571463 0.119448 -0.083160
-0.468095 0.033098 -0.084695
-0.613166 0.012134 -0.082866
-0.533903 0.176212 -0.091517
-0.581113 0.061892 -0.083167
-0.391307 0.038999 -0.093677
-0.507956 -0.110301 -0.084507
-0.533113 0.100700 -0.083699
-0.417788 0.037409 -0.085337
-0.489053 0.037420 -0.084414
-0.553552 0.111464 -0.091411
-0.611893 0.060098 -0.090773
-0.498221 -0.031392 -0.084453
-0.581293 -0.016033 -0.091343
-0.521015 0.121536 -0.091809
-0.437557 0.023126 -0.093114
-0.542171 0.130803 -0.091514
-0.460940 0.018870 -0.084821
-0.615354 0.019430 -0.090821
-0.438086 -0.026936 -0.085221
-0.416074 0.135776 -0.093135
-0.635094 0.090068 -0.082404
-0.436903 0.079556 -0.092994
-0.358000 0.028545 -0.087322
-0.557590 0.023643 -0.083559
-0.460781 0.147786 -0.084528
-0.456079 0.099313 -0.084700
-0.520338 0.165770 -0.091717
-0.373244 0.046240 -0.085893
-0.526109 0.188311 -0.091591
-0.428892 0.130567 -0.092981
-0.506363 -0.103072 -0.092512
-0.572495 -0.027766 -0.091484
-0.546622 0.057975 -0.091623
-0.435165 0.042050 -0.093102
-0.570779 -0.030044 -0.083511
-0.428351 0.132426 -0.092984
-0.610540 0.015095 -0.082893
-0.531199 -0.076429 -0.084129
-0.529972 -0.064052 -0.092117
-0.420631 0.067291 -0.093232
-0.572051 0.135765 -0.083115
-0.635636 0.014623 -0.090570
-0.439576 0.155239 -0.084786
-0.535837 0.213044 -0.089384
-0.471171 0.088406 -0.092530
-0.578544 -0.021146 -0.091390
-0.419732 0.090107 -0.085191
-0.544826 0.100086 -0.083549
-0.450969 0.050188 -0.084878
-0.336309 0.060645 -0.086338
-0.512633 0.161581 -0.083825
-0.576432 -0.024069 -0.091424
-0.381956 0.024949 -0.085829
-0.651366 0.033462 -0.090323
-0.510377 0.094849 -0.092008
-0.605350 -0.012037 -0.091023
-0.537122 -0.087842 -0.091462
-0.428096 0.083681 -0.093098
-0.462445 -0.069813 -0.085004
-0.515263 -0.050770 -0.084277
-0.523274 0.052578 -0.083937
-0.643668 0.099692 -0.090271
-0.531841 0.121645 -0.091669
-0.496646 0.197272 -0.083951
-0.590479 0.112792 -0.090930
-0.571045 0.023064 -0.091387
-0.373141 0.094985 -0.085783
-0.648119 0.029446 -0.090374
-0.404322 0.097376 -0.093375
-0.570353 0.137402 -0.091134
-0.550324 0.015577 -0.083671
-0.493757 0.113702 -0.084179
-0.531388 0.130607 -0.083653
-0.536166 -0.034589 -0.083969
-0.661776 0.081207 -0.085248
-0.567805 0.011983 -0.083453
-0.424307 -0.013089 -0.085368
-0.422888 0.003561 -0.093349
-0.657449 0.084462 -0.082127
-0.547997 0.182423 -0.083320
-0.368623 0.066352 -0.093908
-0.485845 0.082258 -0.092354
-0.469019 0.049930 -0.092646
-0.613993 0.123669 -0.082600
-0.504465 -0.118378 -0.092571
-0.415874 0.140697 -0.093020
-0.495237 0.150363 -0.084076
-0.670193 0.072386 -0.084324
-0.430713 -0.014825 -0.085289
-0.541279 -0.053250 -0.091946
-0.446694 -0.050650 -0.093165
-0.477270 0.178962 -0.092244
-0.587491 -0.021917 -0.091276
-0.429517 0.050420 -0.085155
-0.411852 0.023318 -0.093446
-0.551239 0.179643 -0.091285
-0.559759 0.058549 -0.083451
-0.474649 -0.041358 -0.092781
-0.414253 -0.003407 -0.093476
-0.463759 -0.034320 -0.092906
-0.510807 0.225698 -0.083703
-0.512835 0.047375 -0.092084
-0.548062 -0.070951 -0.091899
-0.428717 0.054248 -0.085157
-0.582509 -0.002951 -0.091298
-0.463876 0.162461 -0.084454
-0.548211 0.200014 -0.084168
-0.597320 0.007260 -0.091083
-0.551346 -0.000954 -0.083696
-0.549429 -0.067873 -0.091874
-0.562278 0.108636 -0.091304
-0.423291 0.060636 -0.093213
-0.463690 0.032981 -0.084753
-0.521027 0.198146 -0.091634
-0.661429 0.081592 -0.086614
-0.371478 0.041738 -0.093927
-0.540802 0.024235 -0.091775
-0.507907 0.128571 -0.083962
-0.582287 -0.029098 -0.091360
-0.577570 0.015118 -0.083320
-0.466028 0.102666 -0.084563
-0.642822 0.048101 -0.082400
-0.566806 0.008071 -0.091476
-0.538098 -0.046831 -0.091973
-0.560985 0.128437 -0.083275
-0.427515 0.011062 -0.093272
-0.443955 0.059306 -0.092949
-0.528798 0.069618 -0.091827
-0.567913 0.091782 -0.083269
-0.499811 -0.075992 -0.084534
-0.439099 0.017488 -0.093107
-0.528835 0.220230 -0.091482
-0.415762 0.091395 -0.093240
-0.555274 0.071726 -0.091479
-0.445701 0.032331 -0.084987
-0.424835 0.043338 -0.085232
-0.525993 0.067067 -0.091869
-0.531143 0.130516 -0.091657
-0.477223 -0.086890 -0.084851
-0.633082 0.044912 -0.082533
-0.576603 0.140116 -0.091047
-0.530283 -0.024688 -0.084023
-0.559280 0.136402 -0.091280
-0.581740 -0.003649 -0.083308
-0.562607 0.132642 -0.091245
-0.544791 0.068669 -0.091622
-0.521532 -0.089372 -0.092284
-0.427969 -0.027070 -0.093353
-0.397597 0.098038 -0.085460
-0.543787 0.008834 -0.091772
-0.474112 -0.058433 -0.084827
-0.481711 0.203658 -0.088282
-0.467035 0.189598 -0.091788
-0.415787 0.024923 -0.093392
-0.386084 0.111050 -0.093580
-0.433606 -0.044317 -0.085319
-0.559478 0.093819 -0.091375
-0.616363 0.025995 -0.090793
-0.429900 0.095377 -0.085048
-0.459019 -0.000989 -0.092892
-0.636091 0.033012 -0.082521
-0.468827 -0.087422 -0.086841
-0.482652 -0.006586 -0.084598
-0.369796 0.095544 -0.085825
-0.621197 0.006437 -0.082775
-0.494063 0.154003 -0.092084
-0.440927 -0.007379 -0.093140
-0.567046 0.160168 -0.083124
-0.588214 -0.038960 -0.085567
-0.564715 0.059884 -0.083384
-0.536945 0.055439 -0.091754
-0.511853 0.177895 -0.083798
-0.409558 0.115370 -0.085265
-0.540786 0.125879 -0.083543
-0.630462 0.035141 -0.090590
-0.586416 -0.040707 -0.088495
-0.477263 -0.047065 -0.084760
-0.332843 0.060101 -0.086384
-0.516101 0.071015 -0.083987
-0.457743 0.014875 -0.092872
-0.467112 -0.039911 -0.092876
-0.573160 0.082157 -0.091224
-0.674615 0.055547 -0.089972
-0.520803 0.165653 -0.091711
-0.454142 -0.056023 -0.085080
-0.592626 0.056987 -0.091030
-0.527619 0.219026 -0.091501
-0.510476 0.210690 -0.083741
-0.520114 -0.039385 -0.084188
-0.509666 0.195290 -0.091787
-0.649043 0.027702 -0.082366
-0.463872 -0.045018 -0.092929
-0.345016 0.073018 -0.089830
-0.414937 0.108272 -0.093212
-0.530512 -0.090406 -0.084170
-0.491658 0.184222 -0.092046
-0.504412 -0.089753 -0.092507
-0.569035 0.103891 -0.083227
-0.534638 0.188463 -0.091480
-0.519280 0.173017 -0.083713
-0.507944 0.214375 -0.091766
-0.521755 0.147097 -0.091741
-0.488406 0.009056 -0.084487
-0.527638 -0.043268 -0.084099
-0.570014 0.122690 -0.083172
-0.496698 -0.033935 -0.092479
-0.442139 0.106996 -0.084863
-0.417289 0.142118 -0.086195
-0.349801 0.044134 -0.086201
-0.482893 0.024886 -0.092523
-0.552210 0.114651 -0.083420
-0.516747 0.219660 -0.083639
-0.472519 0.155753 -0.092359
-0.637245 0.009490 -0.090561
-0.607599 0.005989 -0.090952
-0.526688 0.126241 -0.091725
-0.487191 -0.041365 -0.092619
-0.463456 -0.044982 -0.092935
-0.480801 0.089971 -0.092402
-0.580008 0.130301 -0.083025
-0.438410 0.122048 -0.092877
-0.506950 0.100103 -0.092040
-0.504480 0.214560 -0.091811
-0.457430 -0.041670 -0.093005
-0.427357 0.078477 -0.093120
-0.421224 -0.018748 -0.085421
-0.541251 -0.083842 -0.086036
-0.436921 -0.016936 -0.085213
-0.577130 0.058003 -0.083227
-0.522979 0.040141 -0.091970
-0.493093 0.046270 -0.092342
-0.437410 0.146653 -0.092834
-0.471628 -0.074613 -0.084896
-0.639068 0.041108 -0.090465
-0.441089 0.016481 -0.085083
-0.523282 0.116875 -0.083790
-0.521973 -0.070427 -0.092235
-0.521233 -0.019605 -0.084128
-0.402098 0.125066 -0.085340
-0.345371 0.055852 -0.086232
-0.506580 0.194973 -0.083827
-0.438558 -0.039256 -0.085243
-0.484368 0.030273 -0.092492
-0.353107 0.045028 -0.086157
-0.440376 -0.045292 -0.085233
-0.524440 -0.098751 -0.084267
-0.615065 0.126042 -0.090581
-0.526841 -0.082587 -0.092200
-0.524330 -0.067145 -0.084197
-0.494881 0.076750 -0.092250
-0.430862 0.061205 -0.085113
-0.480771 0.171850 -0.092215
-0.537749 0.105141 -0.091630
-0.486580 0.199301 -0.092077
-0.668252 0.057872 -0.082048
-0.512166 0.212313 -0.083716
-0.598911 0.000421 -0.091078
-0.600155 0.087006 -0.082863
-0.407999 0.083437 -0.085358
-0.619239 0.093498 -0.082601
-0.402455 0.008707 -0.093601
-0.643840 0.058371 -0.082363
-0.442807 0.031522 -0.085026
-0.560494 -0.026471 -0.083636
-0.436471 0.156195 -0.092824
-0.476096 0.085117 -0.084473
-0.492533 0.031637 -0.084382
-0.421053 -0.022102 -0.085430
-0.400577 0.084871 -0.085451
-0.537959 0.200562 -0.083409
-0.387632 0.017568 -0.093773
-0.631968 0.022860 -0.090598
-0.612972 0.109749 -0.090646
-0.643272 0.092625 -0.090293
-0.439041 0.063637 -0.093002
-0.627620 0.107764 -0.090461
-0.553484 0.048207 -0.091556
-0.625163 0.012834 -0.090709
-0.555072 0.061084 -0.083506
-0.427387 0.038559 -0.085210
-0.449853 -0.015364 -0.085042
-0.410939 0.081633 -0.093325
-0.568420 0.159974 -0.091108
-0.576977 0.114970 -0.083099
-0.343191 0.049816 -0.094275
-0.501402 0.130989 -0.084041
-0.631398 0.060267 -0.082520
-0.474930 0.122968 -0.092402
-0.571978 0.149840 -0.083084
-0.573176 0.013635 -0.091380
-0.527142 -0.066135 -0.084158
-0.653762 0.060518 -0.082230
-0.517501 0.075824 -0.083958
-0.390809 0.027331 -0.085709
-0.400566 0.104921 -0.085405
-0.541032 -0.047677 -0.083936
-0.601859 0.034672 -0.082960
-0.524068 0.225336 -0.088006
-0.512722 0.078323 -0.084014
-0.431123 0.085001 -0.085055
-0.550731 0.060126 -0.091565
-0.490110 -0.066004 -0.084637
-0.414343 0.078382 -0.093288
-0.529075 -0.016347 -0.092020
-0.516203 0.089075 -0.091946
-0.429316 0.068066 -0.085117
-0.570265 0.167199 -0.083067
-0.495917 0.098272 -0.092187
-0.506068 0.187683 -0.083851
-0.474609 0.071495 -0.092524
-0.589003 0.071415 -0.083043
-0.581833 0.012870 -0.083269
-0.418867 0.107883 -0.093162
-0.555585 0.184391 -0.091218
-0.412152 0.086459 -0.093298
-0.382492 0.107321 -0.085634
-0.598330 0.074942 -0.082914
-0.640079 0.046328 -0.090440
-0.626250 0.098089 -0.082500
-0.565241 0.103466 -0.091278
-0.580866 -0.033536 -0.083388
-0.411463 0.093454 -0.093291
-0.527123 -0.002204 -0.092013
-0.544818 0.143297 -0.091451
-0.636292 0.025239 -0.082536
-0.598072 0.040391 -0.082996
-0.652041 0.091111 -0.082182
-0.503261 0.209079 -0.083838
-0.396376 0.007002 -0.085683
-0.414841 0.041007 -0.093367
-0.470445 -0.067579 -0.084895
-0.529551 0.016877 -0.091938
-0.610725 0.055830 -0.082797
-0.484642 -0.056467 -0.092687
-0.344045 0.068184 -0.094222
-0.468691 -0.039434 -0.084853
-0.544344 -0.011150 -0.083810
-0.420133 0.006576 -0.085377
-0.409336 0.088814 -0.093329
-0.406759 0.063519 -0.085420
-0.542572 0.151033 -0.083462
-0.523352 0.152669 -0.091708
-0.445381 -0.054342 -0.085189
-0.474965 0.095380 -0.092465
-0.675548 0.066828 -0.087238
-0.486664 -0.091435 -0.092740
-0.512169 0.132290 -0.091899
-0.549808 -0.075675 -0.087085
-0.427781 0.078577 -0.093114
-0.579807 0.156656 -0.082967
-0.540735 0.092320 -0.091621
-0.505557 0.157951 -0.091926
-0.584005 0.058265 -0.091138
-0.519745 0.176458 -0.091700
-0.581485 0.079218 -0.091123
-0.672571 0.069932 -0.086484
-0.417037 -0.013864 -0.093464
-0.609250 0.113925 -0.090684
-0.428524 0.107529 -0.093038
-0.584611 0.033277 -0.091188
-0.590338 0.150156 -0.090846
-0.399759 0.081469 -0.085469
-0.550473 -0.064460 -0.083852
-0.550858 0.154301 -0.091348
-0.569814 0.138193 -0.083139
-0.457974 0.031491 -0.092831
-0.560009 -0.041907 -0.091678
-0.532038 -0.082648 -0.084132
-0.498873 0.210848 -0.091892
-0.643470 0.100362 -0.085320
-0.494286 -0.033127 -0.092508
-0.541726 -0.029415 -0.091886
-0.498198 -0.002881 -0.084388
-0.626362 -0.000718 -0.090725
-0.464408 0.181732 -0.092404
-0.581711 -0.043435 -0.091400
-0.450397 0.100044 -0.092772
-0.370052 0.042886 -0.085942
-0.607745 0.131397 -0.082663
-0.564416 0.181129 -0.091111
-0.447055 -0.028147 -0.093108
-0.581641 0.069091 -0.091144
-0.419486 -0.002667 -0.093407
-0.447004 0.089492 -0.084840
-0.399788 0.082186 -0.093468
-0.467167 0.051864 -0.084665
-0.592887 0.094885 -0.090940
-0.621787 0.014959 -0.090748
-0.509243 0.025865 -0.084179
-0.473865 0.036368 -0.084613
-0.549548 -0.075589 -0.091890
-0.474765 -0.026300 -0.092746
-0.431555 0.015187 -0.085209
-0.485543 0.042136 -0.084449
-0.356672 0.084141 -0.091326
-0.546257 0.021498 -0.091711
-0.486006 0.110546 -0.092287
-0.421888 0.101302 -0.085138
-0.455584 0.167091 -0.092552
-0.422155 -0.022786 -0.093418
-0.370477 0.074219 -0.085865
-0.585525 -0.031007 -0.091323
-0.543131 0.098526 -0.091575
-0.491128 0.166817 -0.084092
-0.477228 0.046475 -0.084547
-0.442416 0.057066 -0.084973
-0.429051 -0.005995 -0.093291
-0.452244 0.022464 -0.092926
-0.516846 -0.065565 -0.092291
-0.627579 0.036485 -0.082623
-0.452070 0.082267 -0.092791
-0.426802 0.123552 -0.093024
-0.454023 -0.038463 -0.093042
-0.546618 0.119697 -0.091482
-0.397598 -0.009022 -0.093705
-0.473692 -0.020285 -0.092746
-0.436740 0.126738 -0.092888
-0.465997 0.066811 -0.092646
-0.528389 -0.044898 -0.084093
-0.494532 -0.070791 -0.092591
-0.472023 0.171194 -0.084329
-0.469448 -0.001889 -0.084758
-0.399357 -0.014627 -0.093625
-0.550490 0.003773 -0.091697
-0.360053 0.056349 -0.086041
-0.443996 0.119650 -0.084810
-0.413951 0.103287 -0.093237
-0.560533 -0.036670 -0.083658
-0.593123 0.034517 -0.083074
-0.521622 0.081172 -0.083893
-0.470349 0.014804 -0.084708
-0.470733 -0.043907 -0.084837
-0.661037 0.057969 -0.082141
-0.572219 0.081156 -0.091239
-0.469839 0.118729 -0.084477
-0.499524 -0.086448 -0.084562
-0.524401 0.108431 -0.083795
-0.498696 0.059009 -0.092241
-0.485835 -0.101821 -0.084774
-0.598990 -0.028685 -0.087803
-0.515484 0.234299 -0.086814
-0.503304 0.129359 -0.084020
-0.433513 0.078780 -0.085039
-0.484808 0.049980 -0.084441
-0.530598 -0.039658 -0.092053
-0.540383 -0.084687 -0.087616
-0.461348 0.006413 -0.084844
-0.439749 0.136083 -0.092828
-0.580352 0.010860 -0.091294
-0.580887 0.045123 -0.091209
-0.511350 0.167759 -0.091829
-0.459614 0.058403 -0.092748
-0.585783 0.102766 -0.091014
-0.534755 -0.090069 -0.087930
-0.603716 0.016503 -0.082978
-0.657735 0.044182 -0.082215
-0.562196 0.161222 -0.083185
-0.588281 0.006272 -0.083201
-0.457850 0.139871 -0.084584
-0.483942 -0.088467 -0.092769
-0.601143 0.144638 -0.084634
-0.568181 0.088624 -0.091274
-0.455329 -0.001838 -0.092941
-0.596379 0.005643 -0.091098
-0.554746 -0.070962 -0.087633
-0.660823 0.077228 -0.090101
-0.426011 0.031947 -0.085243
-0.504939 -0.069953 -0.084454
-0.527556 0.204990 -0.083533
-0.509515 0.219045 -0.083734
-0.662609 0.069852 -0.090094
-0.597644 -0.001991 -0.083099
-0.495748 -0.095139 -0.084631
-0.610041 0.000270 -0.082933
-0.571913 0.024563 -0.083371
-0.484582 -0.075002 -0.084729
-0.346765 0.040378 -0.092228
-0.403543 0.030343 -0.085537
-0.391094 0.066407 -0.093617
-0.390964 0.042833 -0.085672
-0.394792 0.009710 -0.093698
-0.578893 0.117981 -0.083067
-0.549137 -0.030728 -0.083792
-0.493416 -0.014224 -0.092477
-0.584419 0.058857 -0.091132
-0.579200 -0.047595 -0.087702
-0.435249 0.157910 -0.092836
-0.599023 0.139293 -0.082758
-0.398462 0.011037 -0.085647
-0.684289 0.057400 -0.089842
-0.647986 0.048246 -0.090333
-0.449667 0.085142 -0.092816
-0.513308 -0.086762 -0.092385
-0.411045 0.116233 -0.093245
-0.551182 0.078832 -0.091516
-0.358907 0.055346 -0.086058
-0.561821 0.108116 -0.083311
-0.526809 0.011853 -0.091985
-0.577966 0.090159 -0.083143
-0.661794 0.057613 -0.090133
-0.506005 0.082532 -0.092092
-0.479572 0.152141 -0.092276
-0.386163 0.087206 -0.093633
-0.572937 0.067292 -0.091261
-0.434155 0.104503 -0.092972
-0.525668 -0.020843 -0.092074
-0.566469 0.099363 -0.083271
-0.571983 0.119662 -0.083153
-0.633509 0.040159 -0.082538
-0.614352 0.070151 -0.090718
-0.441124 0.048178 -0.085010
-0.444968 -0.041384 -0.085165
-0.442875 0.063380 -0.092953
-0.599836 0.090850 -0.090859
-0.607353 0.115399 -0.090706
-0.494503 0.155673 -0.084074
-0.354837 0.034161 -0.086159
-0.486459 0.153514 -0.084183
-0.454673 -0.023980 -0.093000
-0.589024 0.098239 -0.082981
-0.554298 0.117266 -0.083387
-0.512619 -0.074129 -0.092365
-0.375043 0.084158 -0.093784
-0.428790 0.023233 -0.093227
-0.458755 0.130696 -0.084593
-0.428206 0.100318 -0.085058
-0.495582 -0.054659 -0.092541
-0.352228 0.059392 -0.094136
-0.528850 -0.038051 -0.092072
-0.570972 -0.039497 -0.091530
-0.400309 0.111983 -0.093393
-0.519986 0.038639 -0.084011
-0.452774 -0.064178 -0.085116
-0.409996 0.063201 -0.085379
-0.378710 0.018976 -0.093885
-0.580355 0.001443 -0.091315
-0.607277 0.026721 -0.090909
-0.403441 0.063169 -0.085464
-0.465217 0.047426 -0.092701
-0.530291 0.148846 -0.083626
-0.616814 0.114364 -0.090585
-0.478352 0.151451 -0.092293
-0.523906 0.196643 -0.091600
-0.422828 0.101427 -0.085125
-0.426932 -0.010302 -0.085327
-0.487886 -0.059591 -0.092652
-0.521115 0.140967 -0.091763
-0.530543 0.218522 -0.085510
-0.490617 0.042265 -0.084383
-0.628849 -0.000176 -0.090232
-0.488587 0.054173 -0.092383
-0.491233 0.005124 -0.092461
-0.567989 0.013260 -0.083448
-0.487953 0.060105 -0.084377
-0.435804 0.122944 -0.092909
-0.478244 -0.068286 -0.092796
-0.511796 0.122465 -0.083926
-0.444170 0.127090 -0.084790
-0.524699 0.138604 -0.091722
-0.481135 -0.067629 -0.092758
-0.572092 0.072808 -0.091259
-0.638087 0.061152 -0.082431
-0.482045 -0.029495 -0.084658
-0.623179 0.054933 -0.090639
-0.488538 0.134189 -0.092201
-0.440917 -0.013002 -0.093153
-0.650225 0.071021 -0.082251
-0.643721 0.052115 -0.090379
-0.480640 0.176843 -0.092205
-0.527010 0.117681 -0.083740
-0.531328 -0.000059 -0.091953
-0.628984 0.068351 -0.090533
-0.619113 0.113863 -0.090557
-0.611031 0.110639 -0.090669
-0.561528 0.003187 -0.083554
-0.527368 0.104911 -0.083764
-0.510451 0.151660 -0.091877
-0.382296 0.078228 -0.085703
-0.602869 0.006834 -0.083011
-0.529287 0.025938 -0.083920
-0.562386 0.028730 -0.091486
-0.389394 0.018238 -0.093749
-0.573650 0.035034 -0.083325
-0.539155 0.139606 -0.083532
-0.493922 -0.113642 -0.089148
-0.625031 0.029671 -0.082672
-0.445844 0.107165 -0.092815
-0.422196 0.138990 -0.085048
-0.554665 -0.055083 -0.091777
-0.465567 0.113258 -0.084545
-0.626504 0.051875 -0.082602
-0.499185 0.049723 -0.084255
-0.624554 0.027342 -0.082683
-0.523430 0.145986 -0.091722
-0.578235 -0.048515 -0.087518
-0.437642 0.007784 -0.085147
-0.536485 0.204719 -0.083418
-0.593038 0.046104 -0.091049
-0.555519 0.045914 -0.083535
-0.456985 -0.027593 -0.092979
-0.493818 0.133843 -0.092133
-0.521458 0.223918 -0.091569
-0.339458 0.067720 -0.088494
-0.395104 0.094637 -0.085500
-0.506584 0.138369 -0.091957
-0.475657 0.183274 -0.092255
-0.515728 0.230905 -0.083627
-0.423394 0.049292 -0.093238
-0.529290 0.061875 -0.083838
-0.529119 0.096974 -0.091760
-0.515261 0.188369 -0.083730
-0.439486 0.153702 -0.092791
-0.489348 0.090718 -0.092289
-0.505910 0.093443 -0.092069
-0.486765 0.146965 -0.084194
-0.449103 0.014881 -0.092984
-0.493824 0.017098 -0.092400
-0.582887 0.163806 -0.088771
-0.528279 0.034311 -0.091914
-0.440798 0.042824 -0.093027
-0.537457 -0.000849 -0.083875
-0.423934 0.116992 -0.093076
-0.406048 0.027553 -0.085511
-0.605092 0.033828 -0.090921
-0.571270 0.032287 -0.091363
-0.539832 -0.057679 -0.091975
-0.510630 -0.108017 -0.092468
-0.387988 -0.000932 -0.093811
-0.596554 0.010853 -0.083084
-0.518204 -0.058776 -0.084257
-0.551383 0.031079 -0.083622
-0.428001 -0.024080 -0.085345
-0.475161 0.009993 -0.084657
-0.517539 0.063554 -0.083986
-0.466882 0.066621 -0.084635
-0.561570 0.169486 -0.083174
-0.577688 -0.040434 -0.091446
-0.471231 0.185438 -0.084307
-0.444437 0.147974 -0.092740
-0.534181 0.151037 -0.091571
-0.569597 0.020161 -0.091412
-0.531551 -0.039655 -0.084040
-0.520514 -0.100698 -0.092323
-0.513394 0.026436 -0.092125
-0.546962 0.178957 -0.091342
-0.490353 -0.109854 -0.092561
-0.506188 0.176084 -0.091876
-0.415205 0.027014 -0.093395
-0.541832 -0.050114 -0.083931
-0.428336 0.131004 -0.084986
-0.565104 0.149649 -0.083173
-0.369172 0.016914 -0.090990
-0.503452 -0.013280 -0.092344
-0.467144 0.078712 -0.092604
-0.588583 0.080399 -0.091029
-0.425970 0.104594 -0.085077
-0.506540 0.220879 -0.091769
-0.479541 -0.033592 -0.092700
-0.592664 -0.016683 -0.083197
-0.462761 0.000471 -0.092840
-0.454145 0.036925 -0.084867
-0.401699 0.079004 -0.093451
-0.593594 0.112601 -0.090890
-0.591030 0.087560 -0.082980
-0.475171 0.197399 -0.089098
-0.472217 0.172622 -0.084323
-0.488711 -0.104565 -0.084743
-0.590939 0.099700 -0.082953
-0.519040 0.127734 -0.083820
-0.526153 0.165450 -0.091642
-0.459201 0.075758 -0.092714
-0.563458 0.093118 -0.091325
-0.458941 0.054445 -0.084765
-0.552485 -0.016413 -0.091717
-0.469717 0.149745 -0.084408
-0.530775 0.047879 -0.091851
-0.477240 -0.096151 -0.091499
-0.528394 0.020556 -0.083944
-0.463513 -0.011609 -0.092858
-0.403542 0.044116 -0.085506
-0.411640 0.002289 -0.093497
-0.373831 0.034698 -0.093913
-0.487704 0.095599 -0.084299
-0.490701 -0.095292 -0.084696
-0.424013 -0.033365 -0.085418
-0.479573 0.192666 -0.084182
-0.462707 0.038039 -0.084754
-0.589624 0.002895 -0.091192
-0.618566 0.060681 -0.082685
-0.346897 0.073686 -0.094172
-0.374215 0.066377 -0.093835
-0.549558 0.074973 -0.091546
-0.599745 -0.014285 -0.091100
-0.438287 -0.052903 -0.085278
-0.468935 0.144819 -0.084429
-0.541173 0.048143 -0.091716
-0.599020 0.075865 -0.082903
-0.518377 0.085074 -0.091927
-0.616211 0.037687 -0.082768
-0.378337 0.043786 -0.093834
-0.439748 0.053255 -0.085016
-0.600820 0.067390 -0.090900
-0.396327 0.004116 -0.093691
-0.392393 0.023183 -0.085698
-0.513637 0.117349 -0.083913
-0.522752 0.167853 -0.091681
-0.572260 0.099199 -0.091197
-0.397928 0.063885 -0.085533
-0.617329 0.073968 -0.090671
-0.441678 -0.029073 -0.093180
-0.525593 0.115682 -0.091763
-0.482296 0.018993 -0.084544
-0.572384 0.037231 -0.083336
-0.537168 0.150197 -0.091535
-0.561121 0.031967 -0.091495
-0.459772 0.175337 -0.084478
-0.580517 0.148082 -0.090978
-0.453976 0.176202 -0.084551
-0.574074 0.172968 -0.085084
-0.431617 0.091768 -0.093034
-0.624464 0.088541 -0.082545
-0.406695 0.132001 -0.085595
-0.410493 0.103541 -0.085280
-0.624554 0.089641 -0.082541
-0.606374 0.040401 -0.082889
-0.489719 0.139106 -0.084173
-0.511720 -0.077691 -0.092385
-0.591955 -0.000330 -0.083169
-0.412050 0.137105 -0.086805
-0.514008 0.088740 -0.083974
-0.433154 0.041520 -0.085128
-0.520884 0.209638 -0.091609
-0.683231 0.058070 -0.081854
-0.478188 0.043302 -0.092542
-0.426922 0.047563 -0.093196
-0.460823 0.083219 -0.092676
-0.551397 -0.028894 -0.083759
-0.436934 0.117657 -0.092906
-0.534814 0.061901 -0.091767
-0.478128 0.125503 -0.092355
-0.502800 -0.066582 -0.084474
-0.618083 0.077094 -0.082654
-0.646066 0.075423 -0.090296
-0.469473 0.069169 -0.092596
-0.511868 -0.059589 -0.092341
-0.416822 -0.001419 -0.085438
-0.529483 0.025272 -0.083919
-0.474323 0.112986 -0.092433
-0.411524 0.020717 -0.085456
-0.516971 0.063824 -0.091993
-0.544958 0.000467 -0.083775
-0.408275 0.133498 -0.086830
-0.382353 0.100300 -0.085652
-0.528635 -0.014415 -0.084020
-0.543677 0.042815 -0.091696
-0.440208 -0.057433 -0.089659
-0.379786 0.099433 -0.093688
-0.437570 0.036861 -0.085082
-0.492295 -0.093071 -0.084671
-0.534541 -0.013020 -0.083941
-0.570871 0.102476 -0.083207
-0.602994 0.114192 -0.082764
-0.545085 0.172243 -0.091382
-0.495219 0.127790 -0.084128
-0.586048 -0.007342 -0.083261
-0.365310 0.024630 -0.086045
-0.465456 0.000548 -0.092805
-0.587575 -0.005240 -0.091237
-0.531861 0.002227 -0.091941
-0.451890 0.166239 -0.084601
-0.492754 -0.111533 -0.084707
-0.433943 0.102543 -0.084979
-0.554815 -0.009684 -0.083671
-0.451242 0.132741 -0.092687
-0.562604 0.093987 -0.083333
-0.452820 0.074081 -0.092800
-0.555945 -0.000802 -0.091637
-0.639160 0.044240 -0.090456
-0.463127 0.071165 -0.084673
-0.642642 0.020149 -0.090466
-0.632872 0.012214 -0.082610
-0.388798 0.114898 -0.085582
-0.377320 0.061761 -0.085805
-0.577612 -0.027086 -0.083415
-0.568779 -0.011878 -0.083495
-0.526439 0.144304 -0.083686
-0.551572 0.140914 -0.091369
-0.447416 -0.064988 -0.088839
-0.386725 0.107649 -0.093579
-0.516995 0.110782 -0.083885
-0.572148 0.134456 -0.091118
-0.458885 -0.053874 -0.085013
-0.413360 0.104985 -0.093240
-0.525188 0.106509 -0.083789
-0.391574 -0.003448 -0.093770
-0.494410 0.109982 -0.092180
-0.577961 0.032368 -0.083275
-0.356055 0.054993 -0.086096
-0.467098 0.099681 -0.092557
-0.538084 0.207639 -0.083391
-0.454782 0.163333 -0.084570
-0.570622 0.029370 -0.091378
-0.484387 0.175911 -0.092159
-0.533617 -0.049303 -0.084036
-0.542057 0.065790 -0.091664
-0.427855 0.120389 -0.085017
-0.566132 0.171697 -0.091110
-0.614625 0.024058 -0.090820
-0.564124 -0.039349 -0.091619
-0.493485 -0.012360 -0.084471
-0.409030 0.015128 -0.085501
-0.531497 0.216164 -0.091457
-0.554987 0.043138 -0.083548
-0.355405 0.048067 -0.094121
-0.546498 -0.022543 -0.091808
-0.509347 0.042847 -0.092140
-0.450867 0.050702 -0.092879
-0.575837 0.017178 -0.091338
-0.650352 0.065057 -0.082263
-0.622889 0.000800 -0.082766
-0.454533 0.177711 -0.085866
-0.444822 0.024174 -0.085017
-0.506500 -0.009183 -0.092296
-0.500392 -0.060483 -0.084491
-0.439453 0.089139 -0.084938
-0.534830 0.214106 -0.089939
-0.572511 0.123131 -0.091139
-0.634663 0.078494 -0.090436
-0.483321 -0.064934 -0.084722
-0.475944 0.039709 -0.092579
-0.385606 0.080715 -0.093655
-0.505876 0.055657 -0.092156
-0.519285 0.084605 -0.083915
-0.492106 0.014169 -0.092429
-0.529862 0.017884 -0.091931
-0.503027 -0.004248 -0.092329
-0.544232 0.168653 -0.091401
-0.464584 -0.016937 -0.092856
-0.547421 0.087736 -0.083544
-0.532092 0.136586 -0.091631
-0.510170 0.134152 -0.091921
-0.564794 0.087131 -0.091321
-0.503748 0.113148 -0.092052
-0.393162 0.119018 -0.090578
-0.463287 0.046072 -0.084728
-0.516372 -0.105555 -0.084387
-0.473106 0.014372 -0.092674
-0.472593 0.089292 -0.092510
-0.532121 0.169940 -0.083554
-0.570811 0.152926 -0.083092
-0.655454 0.087830 -0.085780
-0.491668 0.018831 -0.084423
-0.403936 0.018443 -0.085559
-0.561774 -0.006270 -0.083573
-0.489248 -0.089181 -0.092702
-0.380289 0.024386 -0.093853
-0.607992 0.117359 -0.090693
-0.585386 0.113589 -0.090994
-0.436802 -0.008698 -0.085196
-0.432477 0.016202 -0.093196
-0.480857 0.138030 -0.092291
-0.536307 0.202494 -0.091426
-0.569369 0.066496 -0.083308
-0.524527 0.139368 -0.083722
-0.379904 0.071755 -0.085749
-0.387682 0.060491 -0.093674
-0.556735 0.087852 -0.083423
-0.594179 0.111973 -0.082883
-0.426266 0.004345 -0.093303
-0.456501 -0.011431 -0.092948
-0.545352 -0.079966 -0.090293
-0.482267 0.197595 -0.084136
-0.486866 0.205904 -0.092058
-0.565966 -0.018527 -0.091547
-0.459150 -0.077225 -0.091327
-0.535791 0.042754 -0.091798
-0.622572 0.106905 -0.090528
-0.500623 0.111520 -0.084095
-0.593596 -0.007330 -0.091164
-0.552413 0.178333 -0.091273
-0.545750 0.075510 -0.083593
-0.480758 0.008397 -0.092589
-0.441705 -0.058347 -0.093247
-0.588494 -0.014796 -0.083246
-0.504208 0.018845 -0.092261
-0.409496 0.054737 -0.085404
-0.433321 0.022429 -0.085170
-0.581752 0.093327 -0.091087
-0.659348 0.083788 -0.087823
-0.524231 -0.039423 -0.084135
-0.631413 0.075808 -0.090485
-0.620090 0.062321 -0.090662
-0.442080 -0.059386 -0.090045
-0.472442 0.170396 -0.092326
-0.492387 -0.005146 -0.084468
-0.633679 0.022529 -0.082576
-0.578119 -0.046303 -0.083453
-0.556703 -0.030562 -0.083694
-0.512508 0.227674 -0.091677
-0.442918 0.143620 -0.084769
-0.409083 -0.009630 -0.085557
-0.578767 0.070302 -0.091179
-0.496290 -0.007541 -0.084423
-0.511712 0.047105 -0.092100
-0.491732 0.138074 -0.092150
-0.401093 0.126574 -0.092818
-0.502865 -0.012503 -0.092350
-0.401249 0.083498 -0.085446
-0.665697 0.058228 -0.090081
-0.610255 0.135176 -0.089160
-0.476709 0.082700 -0.084471
-0.360765 0.026408 -0.086100
-0.594953 0.121431 -0.090852
-0.540427 -0.015868 -0.091872
-0.456566 -0.034679 -0.093000
-0.500668 0.091729 -0.084140
-0.567330 0.079010 -0.083306
-0.496405 0.159853 -0.084039
-0.379322 0.058747 -0.085786
-0.458257 0.006934 -0.092883
-0.505180 -0.048317 -0.084401
-0.488289 0.028853 -0.092444
-0.507055 -0.017609 -0.084307
-0.562141 0.154335 -0.083201
-0.470679 0.098899 -0.084512
-0.468386 -0.050719 -0.092884
-0.534957 0.144525 -0.083575
-0.475060 0.105447 -0.084440
-0.485324 0.031837 -0.092476
-0.499565 0.094949 -0.084147
-0.409525 0.054623 -0.093405
-0.604539 0.060830 -0.090867
-0.440830 -0.032893 -0.085199
-0.617498 0.066951 -0.090685
-0.523524 0.223233 -0.083544
-0.503791 0.142171 -0.083984
-0.556825 0.112979 -0.091365
-0.417073 -0.004143 -0.085441
-0.545859 -0.009901 -0.091788
-0.635872 0.006567 -0.087082
-0.546836 -0.028932 -0.091819
-0.652729 0.024487 -0.082325
-0.459465 0.049492 -0.092770
-0.622870 0.015432 -0.082732
-0.513945 0.005778 -0.084164
-0.355237 0.056870 -0.086102
-0.558310 0.189527 -0.089201
-0.436386 0.145218 -0.092850
-0.595396 -0.008847 -0.091144
-0.468731 0.157298 -0.084403
-0.426707 -0.000856 -0.093309
-0.407480 0.064201 -0.085409
-0.465043 0.065325 -0.092662
-0.434477 -0.049580 -0.093320
-0.572973 0.065044 -0.091266
-0.624722 0.052119 -0.082625
-0.527910 -0.096638 -0.090747
-0.555617 0.192313 -0.087174
-0.499866 0.018998 -0.092317
-0.605667 0.123375 -0.090709
-0.500105 -0.026657 -0.092418
-0.456783 0.080371 -0.084734
-0.459737 -0.075039 -0.085051
-0.456327 0.086305 -0.092727
-0.487652 0.051605 -0.033888
-0.637954 0.045024 -0.069451
-0.595860 0.042127 -0.041536
-0.449553 0.045726 -0.043553
-0.438985 0.050451 -0.076047
-0.589677 0.044985 -0.061226
-0.497633 0.040814 -0.015872
-0.560097 0.045864 -0.004211
-0.563638 0.036282 0.006106
-0.437410 0.052792 -0.034224
-0.568618 0.037666 -0.004741
-0.629238 0.045230 -0.069509
-0.564202 0.053292 -0.058694
-0.456189 0.041685 -0.015368
-0.475120 0.049206 -0.072968
-0.403455 0.055510 -0.048330
-0.542112 0.044352 -0.048816
-0.447641 0.050607 -0.078599
-0.617434 0.035430 0.003430
-0.567966 0.053942 -0.064022
-0.553201 0.048959 -0.025495
-0.509208 0.047985 -0.011207
-0.396820 0.053457 -0.076213
-0.518678 0.035993 0.015593
-0.416404 0.049446 -0.065047
-0.472679 0.049855 -0.018747
-0.412725 0.059098 -0.075849
-0.628045 0.053994 -0.074278
-0.644632 0.037299 -0.014581
-0.501359 0.055373 -0.081999
-0.539835 0.049534 -0.027462
-0.518737 0.042347 -0.030450
-0.601244 0.050411 -0.043915
-0.558261 0.048212 -0.079439
-0.459077 0.050880 -0.082457
-0.488247 0.047202 -0.060607
-0.484696 0.051417 -0.032038
-0.402859 0.052914 -0.029427
-0.645821 0.045751 -0.076009
-0.608433 0.042769 0.010268
-0.498260 0.057312 -0.081801
-0.575154 0.035992 0.016927
-0.596358 0.050606 -0.044526
-0.395817 0.047526 -0.030544
-0.524791 0.047278 -0.067167
-0.519718 0.043971 0.016144
-0.590092 0.053654 -0.065576
-0.521283 0.038676 0.016102
-0.472830 0.050346 -0.022324
-0.565710 0.043429 0.012510
-0.558817 0.041108 -0.028061
-0.602460 0.047292 -0.021518
-0.499747 0.053503 -0.049625
-0.483634 0.049444 -0.076094
-0.645256 0.038577 -0.006044
-0.483827 0.046954 0.000441
-0.521036 0.037182 0.015891
-0.489207 0.044939 -0.044369
-0.613915 0.044142 -0.000582
-0.637941 0.040321 0.018913
-0.587444 0.040170 0.017774
-0.446706 0.050952 -0.080940
-0.523520 0.042560 -0.032782
-0.513669 0.050310 -0.028781
-0.635164 0.033726 0.012862
-0.396818 0.054169 -0.075165
-0.489116 0.047755 -0.064758
-0.471555 0.052668 -0.038939
-0.472632 0.057585 -0.074741
-0.618628 0.045037 -0.066366
-0.644884 0.045134 -0.012864
-0.475453 0.040924 -0.013022
-0.569984 0.051916 -0.080954
-0.485055 0.057124 -0.073439
-0.612585 0.048901 -0.080425
-0.426027 0.038809 0.010429
-0.574970 0.036616 0.001823
-0.643790 0.038612 -0.023952
-0.549658 0.045832 -0.002262
-0.631273 0.052413 -0.063356
-0.459782 0.050765 -0.023217
-0.422924 0.050610 -0.016034
-0.559872 0.043798 0.010799
-0.428131 0.057833 -0.069215
-0.621349 0.052225 -0.060362
-0.600739 0.040056 -0.027340
-0.533502 0.042253 -0.032197
-0.419165 0.044576 -0.030223
-0.417188 0.054740 -0.083951
-0.568514 0.037235 -0.001596
-0.605758 0.052400 -0.059067
-0.540576 0.046322 -0.062840
-0.515231 0.054609 -0.060185
-0.524600 0.050061 -0.028775
-0.511967 0.046393 -0.000127
-0.523941 0.039500 0.016275
-0.465008 0.056649 -0.066706
-0.560582 0.035850 0.009740
-0.529865 0.042686 -0.034735
-0.453484 0.058746 -0.082596
-0.574632 0.046098 -0.066812
-0.634935 0.034004 0.010883
-0.509560 0.048573 -0.015520
-0.500403 0.036734 0.013233
-0.429584 0.049485 -0.067498
-0.590238 0.046324 -0.012499
-0.520941 0.046877 -0.063628
-0.450281 0.040285 -0.004255
-0.440178 0.041718 -0.012969
-0.489591 0.048700 -0.013157
-0.438792 0.042625 -0.019318
-0.568774 0.035540 0.010635
-0.620854 0.046181 -0.016499
-0.634508 0.044421 -0.005989
-0.487689 0.050956 -0.029192
-0.517729 0.037466 0.005082
-0.563756 0.044918 0.002044
-0.485936 0.045778 0.008614
-0.636456 0.039464 -0.028924
-0.511326 0.054209 -0.056648
-0.504410 0.047380 -0.006034
-0.473921 0.051426 -0.030328
-0.443413 0.045881 0.014856
-0.454749 0.045277 0.015536
-0.395708 0.049141 -0.022559
-0.506636 0.044476 -0.043879
-0.446723 0.044242 -0.032334
-0.504126 0.041740 -0.023650
-0.573540 0.052722 -0.056105
-0.505698 0.046341 -0.057240
-0.545585 0.040035 -0.018111
-0.416804 0.044023 -0.025827
-0.580244 0.040721 -0.028780
-0.506903 0.049116 -0.019023
-0.476106 0.047695 -0.003660
-0.536793 0.051239 -0.039314
-0.623324 0.036712 -0.006827
-0.591127 0.044130 0.003255
-0.401447 0.049899 -0.007346
-0.557159 0.043931 0.010282
-0.596972 0.050624 -0.044756
-0.488387 0.044372 -0.040126
-0.603859 0.050671 -0.046233
-0.591645 0.037726 -0.008962
-0.531902 0.054060 -0.058949
-0.564579 0.049608 -0.032069
-0.627884 0.039576 -0.028324
-0.445919 0.051211 -0.024170
-0.428731 0.042873 -0.019459
-0.623646 0.051535 -0.055740
-0.502381 0.052211 -0.040701
-0.629188 0.035711 -0.000539
-0.489596 0.040360 -0.011258
-0.632396 0.042360 0.009289
-0.554403 0.045362 0.000363
-0.588393 0.048088 -0.024971
-0.628178 0.049665 -0.079974
-0.508552 0.045209 -0.049509
-0.623982 0.049201 -0.038888
-0.580707 0.051482 -0.048296
-0.617531 0.046903 -0.021181
-0.467016 0.048309 -0.006615
-0.641273 0.046713 -0.023711
-0.400530 0.058996 -0.073102
-0.437724 0.045974 -0.043401
-0.594474 0.045955 -0.069042
-0.437938 0.047909 -0.057457
-0.561326 0.035041 0.015475
-0.607908 0.050484 -0.045539
-0.493263 0.038169 0.004012
-0.635415 0.036550 -0.007639
-0.646634 0.050984 -0.063023
-0.644537 0.052028 -0.062752
-0.617662 0.051596 -0.055202
-0.596618 0.048483 -0.029186
-0.417571 0.047878 -0.053879
-0.631958 0.035897 -0.002342
-0.573395 0.042111 -0.037730
-0.456506 0.040395 -0.006074
-0.433026 0.040764 -0.004883
-0.597675 0.045669 -0.067494
-0.645883 0.044369 -0.031744
-0.420063 0.053294 -0.035005
-0.448429 0.053267 -0.039474
-0.423591 0.054264 -0.042617
-0.574190 0.045750 -0.064224
-0.551998 0.052480 -0.050806
-0.471833 0.046526 0.005513
-0.589840 0.037811 -0.009280
-0.491478 0.055647 -0.063799
-0.405129 0.049396 -0.004308
-0.429223 0.049913 -0.070539
-0.576321 0.041316 -0.032452
-0.588751 0.046339 -0.012365
-0.468279 0.045286 0.015082
-0.602059 0.043129 -0.049813
-0.407391 0.051466 -0.019676
-0.438697 0.050981 -0.079834
-0.549807 0.054902 -0.067994
-0.468119 0.047819 -0.003246
-0.638760 0.042537 -0.051563
-0.422150 0.040037 0.002171
-0.585072 0.043164 -0.047279
-0.439175 0.038415 0.011125
-0.600650 0.047574 -0.023264
-0.430727 0.046134 0.015115
-0.558722 0.046168 -0.064704
-0.528396 0.036875 0.007609
-0.621254 0.043533 -0.055898
-0.464879 0.040747 -0.009998
-0.642741 0.044517 -0.066566
-0.486884 0.051381 -0.032134
-0.505798 0.044773 -0.045899
-0.558364 0.049995 -0.033847
-0.543658 0.038830 -0.009068
-0.561072 0.049819 -0.033024
-0.630272 0.046921 -0.023406
-0.586939 0.053372 -0.080378
-0.541795 0.054907 -0.066715
-0.426836 0.049337 -0.065977
-0.567102 0.043201 -0.044587
-0.645610 0.045030 -0.016237
-0.616473 0.036480 -0.004015
-0.447753 0.046045 -0.045568
-0.460838 0.042494 -0.021988
-0.644067 0.044651 -0.067752
-0.500394 0.055550 -0.064561
-0.644086 0.042229 0.008312
-0.545635 0.053120 -0.054399
-0.457070 0.038172 0.009942
-0.558332 0.047754 -0.076135
-0.402547 0.051851 -0.080194
-0.571538 0.048242 -0.023317
-0.528783 0.048994 -0.080259
-0.459542 0.043641 0.015417
-0.565445 0.055801 -0.080520
-0.516189 0.041535 -0.024147
-0.636435 0.036169 -0.005050
-0.454913 0.042304 -0.019637
-0.523107 0.055720 -0.069531
-0.623992 0.041412 0.017542
-0.516641 0.057423 -0.080799
-0.646714 0.051245 -0.066933
-0.557895 0.043951 0.010011
-0.620858 0.035738 0.000636
-0.564121 0.046581 -0.068584
-0.524099 0.050952 -0.035151
-0.564913 0.035661 0.010394
-0.607051 0.040998 -0.035196
-0.518378 0.044055 0.015760
-0.514630 0.043318 0.016593
-0.413113 0.048153 -0.055139
-0.430580 0.040212 0.014304
-0.498886 0.056302 -0.069759
-0.519532 0.038608 -0.003488
-0.457158 0.054038 -0.046501
-0.438566 0.047312 -0.053230
-0.437231 0.055256 -0.052043
-0.518863 0.051193 -0.082186
-0.452950 0.056450 -0.063283
-0.540372 0.045036 -0.053488
-0.573951 0.047122 -0.015600
-0.403199 0.050078 -0.008938
-0.395124 0.044010 0.001789
-0.396802 0.054113 -0.074368
-0.430885 0.050021 -0.013077
-0.564934 0.042846 0.016864
-0.512113 0.049196 -0.020457
-0.478770 0.046464 0.004823
-0.515686 0.051429 -0.037222
-0.572322 0.054568 -0.080537
-0.516610 0.050287 -0.029102
-0.495380 0.053658 -0.050028
-0.465063 0.058119 -0.077363
-0.589185 0.045191 -0.004113
-0.453985 0.046650 -0.050974
-0.425382 0.050961 -0.077501
-0.584139 0.048784 -0.029316
-0.399723 0.053190 -0.030907
-0.570462 0.052452 -0.053639
-0.472767 0.047419 -0.059632
-0.600125 0.049681 -0.038442
-0.547004 0.041887 -0.031763
-0.491131 0.057296 -0.075691
-0.471416 0.049288 -0.014433
-0.582650 0.050912 -0.044487
-0.556669 0.041841 -0.033023
-0.621696 0.048309 -0.080304
-0.493138 0.057478 -0.077337
-0.620218 0.050753 -0.049517
-0.444058 0.051060 -0.081292
-0.576426 0.044499 -0.055527
-0.439602 0.041825 -0.013655
-0.584695 0.042510 0.016047
-0.627628 0.044213 -0.003352
-0.484742 0.044809 0.015826
-0.583053 0.047380 -0.018964
-0.636613 0.051049 -0.054355
-0.456939 0.058622 -0.082536
-0.399859 0.057296 -0.060678
-0.526214 0.054160 -0.058734
-0.588877 0.046045 -0.010252
-0.545591 0.050302 -0.033974
-0.439762 0.038590 0.009759
-0.412686 0.038731 0.013186
-0.514400 0.053711 -0.053542
-0.448801 0.052130 -0.031300
-0.615966 0.043503 0.003706
-0.452597 0.038863 0.005673
-0.625600 0.053232 -0.068362
-0.540721 0.047068 -0.009743
-0.549763 0.043769 -0.045855
-0.571459 0.037875 -0.006717
-0.425814 0.049592 -0.067656
-0.608840 0.040810 -0.034134
-0.440889 0.047752 0.001716
-0.457290 0.053510 -0.042691
-0.635524 0.051391 -0.079574
-0.601227 0.045452 -0.007990
-0.441011 0.058341 -0.075014
-0.430843 0.050254 -0.073275
-0.438257 0.042706 -0.019810
-0.613234 0.051877 -0.056507
-0.492462 0.047679 -0.064758
-0.607325 0.045921 -0.012386
-0.539071 0.044144 0.011715
-0.500007 0.042440 -0.028041
-0.612520 0.037672 -0.012000
-0.463945 0.041047 -0.012020
-0.565265 0.040810 0.017370
-0.413628 0.041247 -0.005191
-0.594003 0.042222 -0.041924
-0.596990 0.044285 -0.057356
-0.529176 0.053551 -0.054816
-0.553564 0.048832 -0.024635
-0.623801 0.036037 -0.002015
-0.407066 0.054361 -0.040603
-0.616506 0.040532 0.018467
-0.524143 0.036441 0.011450
-0.595321 0.043850 0.004591
-0.493360 0.042240 0.015974
-0.468084 0.052076 -0.034081
-0.443086 0.055144 -0.052196
-0.436526 0.049978 -0.013687
-0.402126 0.050835 -0.072767
-0.517618 0.054114 -0.056988
-0.582027 0.054280 -0.068782
-0.635182 0.048353 -0.034587
-0.637302 0.034243 0.008764
-0.407198 0.044402 -0.026989
-0.464239 0.039268 0.000819
-0.455014 0.041945 -0.017054
-0.515331 0.050673 -0.031684
-0.411393 0.054668 -0.043535
-0.487820 0.052460 -0.040107
-0.622386 0.037403 -0.011676
-0.417260 0.046828 -0.046220
-0.560603 0.056313 -0.079991
-0.561308 0.047500 -0.016258
-0.503176 0.054343 -0.056273
-0.502449 0.040828 -0.016763
-0.516732 0.049219 -0.079907
-0.450614 0.049337 -0.069886
-0.441494 0.039743 0.001119
-0.469629 0.048968 -0.070337
-0.548856 0.049642 -0.081735
-0.465514 0.042036 -0.019439
-0.476856 0.048501 -0.068144
-0.472488 0.045799 -0.047850
-0.465087 0.044330 -0.035990
-0.610364 0.035557 0.003675
-0.563948 0.049128 -0.028490
-0.428861 0.051082 -0.078949
-0.514505 0.049561 -0.023495
-0.525659 0.057057 -0.079636
-0.493710 0.047388 -0.062850
-0.435759 0.056587 -0.061446
-0.516132 0.042668 -0.032347
-0.529937 0.053804 -0.056772
-0.460852 0.047428 0.000787
-0.431979 0.051127 -0.079788
-0.544209 0.043854 -0.045554
-0.621511 0.042777 -0.050468
-0.484875 0.039710 -0.005776
-0.401253 0.053467 -0.084479
-0.424353 0.049389 -0.007420
-0.537730 0.052040 -0.045273
-0.533082 0.050443 -0.032940
-0.466490 0.039125 0.001484
-0.645263 0.043211 -0.000134
-0.623409 0.040405 0.018603
-0.601728 0.044127 -0.056993
-0.424312 0.047635 0.005290
-0.599445 0.046746 -0.075594
-0.529875 0.044782 -0.049924
-0.567111 0.054642 -0.068956
-0.544801 0.043671 0.014197
-0.602334 0.053181 -0.080063
-0.435500 0.045963 -0.042959
-0.409932 0.060095 -0.083375
-0.547596 0.042377 -0.035408
-0.568774 0.055988 -0.078980
-0.549800 0.042974 -0.040098
-0.503524 0.042131 -0.026382
-0.396751 0.039618 0.009381
-0.555667 0.052074 -0.048468
-0.440118 0.044636 -0.034100
-0.633629 0.046092 -0.017953
-0.426913 0.039973 0.001852
-0.546968 0.052038 -0.046779
-0.512072 0.047177 -0.005819
-0.563289 0.037881 -0.005420
-0.454997 0.055361 -0.055726
-0.535957 0.047409 -0.011432
-0.396848 0.056030 -0.074229
-0.431648 0.038602 0.011003
-0.414865 0.051290 -0.019636
-0.510095 0.037112 0.008898
-0.641626 0.034442 0.006613
-0.505590 0.047170 -0.063224
-0.634664 0.042090 -0.047652
-0.585753 0.040441 -0.027657
-0.603277 0.049302 -0.036215
-0.566228 0.034790 0.016489
-0.467665 0.055151 -0.056292
-0.438079 0.050712 -0.019265
-0.516771 0.048474 -0.015990
-0.565840 0.044761 -0.055686
-0.435930 0.047303 0.005789
-0.466086 0.044921 -0.040436
-0.430451 0.051199 -0.080056
-0.615198 0.053746 -0.070373
-0.575285 0.045011 -0.059050
-0.558283 0.053510 -0.059305
-0.569287 0.043511 -0.047191
-0.452923 0.045877 0.013320
-0.464036 0.050758 -0.082389
-0.492499 0.051676 -0.082704
-0.581897 0.050793 -0.043504
-0.495928 0.052871 -0.044420
-0.633551 0.041863 -0.045820
-0.519128 0.037388 0.005412
-0.399253 0.058037 -0.065946
-0.625355 0.054169 -0.075108
-0.604334 0.042806 -0.047851
-0.403477 0.048795 -0.058207
-0.526526 0.040700 -0.019800
-0.602073 0.045033 -0.005088
-0.554941 0.054423 -0.065367
-0.548135 0.054169 -0.062411
-0.539774 0.051589 -0.042338
-0.410313 0.046065 -0.039551
-0.642414 0.040400 -0.036680
-0.645925 0.046764 -0.030763
-0.637731 0.035559 -0.000840
-0.478874 0.058015 -0.078880
-0.519336 0.044572 -0.046664
-0.515896 0.057363 -0.080247
-0.516902 0.046116 0.001068
-0.498604 0.039281 -0.004925
-0.438849 0.039305 0.004731
-0.591090 0.048343 -0.027267
-0.410302 0.042075 0.014111
-0.509216 0.053940 -0.054348
-0.506630 0.039782 -0.009874
-0.410286 0.056816 -0.058913
-0.646392 0.046334 -0.056344
-0.509875 0.053543 -0.082062
-0.606253 0.042352 0.013646
-0.396437 0.055414 -0.053091
-0.482140 0.056586 -0.069068
-0.537629 0.049062 -0.023684
-0.576192 0.054081 -0.066381
-0.456005 0.047861 -0.060080
-0.557627 0.050011 -0.033844
-0.579075 0.046879 -0.073207
-0.557720 0.043422 0.013877
-0.611074 0.049303 -0.037506
-0.455131 0.050805 -0.081266
-0.477129 0.040766 -0.012153
-0.494604 0.052017 -0.082610
-0.610953 0.054247 -0.079726
-0.598363 0.054860 -0.075677
-0.506963 0.053017 -0.047291
-0.607724 0.046832 -0.077573
-0.593761 0.046228 -0.070900
-0.520357 0.043583 -0.039670
-0.487337 0.049582 -0.019175
-0.396298 0.050030 -0.052900
-0.412304 0.050990 -0.075558
-0.563121 0.055067 -0.071376
-0.453895 0.051861 -0.030192
-0.433801 0.048260 -0.000793
-0.476425 0.043550 -0.032207
-0.417601 0.050800 -0.016531
-0.521981 0.045817 0.002403
-0.541161 0.045902 -0.001368
-0.494622 0.051964 -0.037631
-0.440742 0.056030 -0.058232
-0.632939 0.044311 -0.004936
-0.513609 0.049149 -0.078880
-0.529148 0.045013 -0.051477
-0.432240 0.046071 0.015147
-0.601331 0.047081 -0.078325
-0.490793 0.057459 -0.076816
-0.642054 0.037151 -0.013088
-0.618062 0.045812 -0.071885
-0.564740 0.043868 0.009489
-0.422043 0.056808 -0.060788
-0.624508 0.037047 -0.009444
-0.544063 0.045098 0.003982
-0.585873 0.036412 0.001512
-0.556365 0.047342 -0.072825
-0.579131 0.047969 -0.081108
-0.459030 0.055643 -0.058431
-0.603582 0.034394 0.013213
-0.600171 0.051423 -0.051072
-0.643063 0.047617 -0.030553
-0.423255 0.043809 -0.025340
-0.603024 0.049348 -0.036510
-0.431571 0.039749 0.014262
-0.518605 0.045787 0.003176
-0.426962 0.048552 -0.060309
-0.519661 0.057084 -0.078843
-0.638230 0.053473 -0.072184
-0.424947 0.050915 -0.018578
-0.632131 0.037075 -0.010902
-0.541071 0.037953 0.016441
-0.438359 0.049696 -0.070469
-0.487548 0.048631 -0.070843
-0.597089 0.042120 0.016832
-0.622883 0.046821 -0.021468
-0.451170 0.038420 0.014514
-0.477616 0.050347 -0.023122
-0.396593 0.047987 0.007301
-0.646832 0.050725 -0.073942
-0.532702 0.036101 0.016001
-0.412577 0.049163 -0.003847
-0.623864 0.042573 -0.049373
-0.512910 0.038632 -0.002573
-0.556381 0.042607 -0.038520
-0.635517 0.053276 -0.079315
-0.558702 0.044832 -0.055023
-0.645180 0.042593 0.003465
-0.645630 0.041237 -0.022466
-0.469155 0.053078 -0.041515
-0.499407 0.057018 -0.075036
-0.605937 0.045741 -0.069378
-0.541073 0.047753 -0.073290
-0.505764 0.042902 -0.032336
-0.407599 0.046427 -0.041730
-0.538795 0.056691 -0.079140
-0.528646 0.044366 0.011814
-0.500023 0.051004 -0.031563
-0.430126 0.059463 -0.083014
-0.466801 0.045729 -0.046412
-0.538951 0.049010 -0.082041
-0.482563 0.057634 -0.076730
-0.528048 0.051235 -0.037847
-0.637299 0.046034 -0.076658
-0.509152 0.036942 0.010283
-0.536790 0.046107 -0.060659
-0.444086 0.050537 -0.018986
-0.507232 0.049889 -0.024675
-0.492627 0.043244 -0.032653
-0.408496 0.049604 -0.006373
-0.516606 0.051503 -0.082193
-0.637448 0.033704 0.012644
-0.626339 0.040601 0.018695
-0.580981 0.035483 0.009040
-0.504129 0.046148 0.002943
-0.486036 0.057026 -0.072897
-0.531568 0.041177 -0.024080
-0.528770 0.035737 0.015792
-0.549568 0.051261 -0.041575
-0.645693 0.039649 -0.027995
-0.601617 0.034059 0.015963
-0.538307 0.039941 -0.016234
-0.426824 0.046777 -0.047424
-0.601677 0.040423 -0.030148
-0.549281 0.049520 -0.028917
-0.396434 0.049690 -0.060642
-0.453839 0.048098 -0.002921
-0.513392 0.053094 -0.048903
-0.436141 0.039143 0.014280
-0.538565 0.040421 0.016725
-0.615188 0.050357 -0.045816
-0.490737 0.037129 0.011957
-0.504788 0.045154 0.010030
-0.480040 0.047334 -0.001693
-0.444791 0.047188 0.005166
-0.512118 0.038122 0.001248
-0.435367 0.047383 0.005298
-0.455281 0.049183 -0.011013
-0.523847 0.047677 -0.011381
-0.478344 0.057597 -0.075762
-0.446050 0.047825 0.000343
-0.473881 0.047450 -0.060042
-0.584032 0.047329 -0.077283
-0.408100 0.044059 -0.024658
-0.459134 0.045834 -0.045910
-0.586267 0.051483 -0.049221
-0.639996 0.051625 -0.059081
-0.643484 0.046212 -0.078964
-0.467690 0.047383 -0.058536
-0.603965 0.052493 -0.059449
-0.582662 0.036219 0.017124
-0.433358 0.047810 0.002539
-0.505811 0.047757 -0.008998
-0.560619 0.053196 -0.080985
-0.435237 0.046745 -0.048581
-0.600154 0.044971 -0.004329
-0.620549 0.039060 -0.023381
-0.508317 0.048485 -0.073200
-0.499184 0.046258 -0.055564
-0.496561 0.046963 -0.001721
-0.466797 0.045425 -0.044207
-0.439678 0.044574 -0.033578
-0.462184 0.045354 0.015592
-0.467118 0.044633 -0.038520
-0.621173 0.052744 -0.064094
-0.590705 0.049420 -0.035007
-0.583046 0.038723 -0.014768
-0.483311 0.049047 -0.073162
-0.480267 0.046717 -0.055778
-0.409510 0.050859 -0.015627
-0.451932 0.041747 -0.015116
-0.539622 0.046648 -0.006520
-0.549090 0.043778 -0.045808
-0.547874 0.038753 -0.009202
-0.632607 0.034494 0.007718
-0.431302 0.041818 -0.012240
-0.607368 0.053384 -0.066460
-0.559542 0.035600 0.011723
-0.457706 0.038998 0.003849
-0.562962 0.053771 -0.061962
-0.593920 0.038853 -0.017496
-0.463864 0.037548 0.013344
-0.572965 0.042341 -0.039324
-0.585744 0.047649 -0.021359
-0.602614 0.038467 0.017875
-0.622663 0.045632 -0.012815
-0.616663 0.048002 -0.080458
-0.411298 0.049807 -0.008300
-0.628314 0.052056 -0.060284
-0.396762 0.055042 -0.071002
-0.513456 0.053137 -0.082038
-0.465796 0.045121 -0.041837
-0.636415 0.041285 -0.042105
-0.462127 0.053331 -0.042195
-0.600339 0.047391 -0.021888
-0.592246 0.038176 -0.012319
-0.546863 0.039169 -0.012052
-0.624518 0.040755 -0.036307
-0.639284 0.040585 -0.037509
-0.614764 0.052279 -0.059674
-0.582309 0.039941 -0.023473
-0.613154 0.033763 0.017462
-0.423980 0.051388 -0.080367
-0.438233 0.048575 -0.003809
-0.604744 0.048017 -0.027145
-0.419024 0.054286 -0.042025
-0.404233 0.054519 -0.041279
-0.567269 0.039170 -0.015409
-0.427278 0.047992 -0.056301
-0.528812 0.039366 -0.010506
-0.555728 0.041647 0.017274
-0.645399 0.039949 -0.011815
-0.641381 0.044429 -0.007177
-0.403159 0.056595 -0.056142
-0.616447 0.048500 -0.032569
-0.492212 0.055211 -0.060757
-0.441987 0.053514 -0.083570
-0.602292 0.048679 -0.031540
-0.536695 0.046702 -0.006429
-0.616998 0.044514 -0.003788
-0.465924 0.048654 -0.067458
-0.396383 0.053243 -0.053098
-0.412012 0.045328 -0.034495
-0.535047 0.040633 -0.020712
-0.499105 0.052284 -0.040692
-0.495355 0.048165 -0.068753
-0.424650 0.054141 -0.041898
-0.504360 0.045278 -0.049319
-0.635263 0.050516 -0.050273
-0.622783 0.047392 -0.025583
-0.601876 0.039918 -0.026524
-0.504007 0.038348 0.000949
-0.641558 0.043877 -0.003207
-0.557363 0.038475 -0.008747
-0.554591 0.048897 -0.025277
-0.414763 0.050266 -0.012201
-0.509193 0.054515 -0.058509
-0.587089 0.048886 -0.030542
-0.627470 0.037899 -0.016103
-0.566206 0.036604 0.016813
-0.582519 0.049480 -0.034093
-0.552671 0.051050 -0.040561
-0.481793 0.047522 -0.003342
-0.601188 0.036869 -0.004324
-0.426706 0.043742 -0.025423
-0.439094 0.052948 -0.035632
-0.619876 0.046485 -0.018540
-0.630956 0.048214 -0.032888
-0.444216 0.039187 0.004699
-0.562252 0.044670 -0.054432
-0.477159 0.043750 -0.033773
-0.621621 0.038861 -0.022114
-0.485916 0.045476 0.010806
-0.478776 0.037081 0.014941
-0.464385 0.057881 -0.075528
-0.488148 0.036986 0.013421
-0.427540 0.053270 -0.036062
-0.555005 0.045773 -0.002714
-0.449207 0.059142 -0.082163
-0.644924 0.042548 0.005863
-0.631766 0.046473 -0.020405
-0.632620 0.051787 -0.059044
-0.402197 0.044927 -0.029971
-0.396098 0.052018 -0.021824
-0.586936 0.052419 -0.056114
-0.545427 0.052370 -0.081435
-0.645652 0.047597 -0.030835
-0.402503 0.050289 -0.068871
-0.553801 0.047739 -0.016759
-0.572493 0.038344 -0.010289
-0.529412 0.041159 -0.023596
-0.561710 0.044719 -0.054697
-0.444649 0.056010 -0.058729
-0.457935 0.053193 -0.040506
-0.423111 0.059091 -0.077506
-0.588547 0.046437 -0.071560
-0.565810 0.043009 0.015539
-0.425194 0.051827 -0.083748
-0.449035 0.042681 -0.021403
-0.566732 0.037798 -0.005382
-0.452986 0.041542 -0.013805
-0.623391 0.044025 -0.001293
-0.469265 0.046231 -0.050449
-0.577411 0.054780 -0.071649
-0.518522 0.040314 -0.015683
-0.486370 0.057628 -0.077313
-0.474923 0.058488 -0.081658
-0.513987 0.046164 -0.057317
-0.619299 0.051387 -0.053955
-0.504368 0.038929 -0.003325
-0.417605 0.054612 -0.044150
-0.560257 0.044524 0.005473
-0.416333 0.048689 -0.059554
-0.492139 0.042730 -0.028848
-0.546679 0.052334 -0.048877
-0.584366 0.040036 -0.024501
-0.522648 0.046887 -0.005464
-0.512902 0.044361 0.014445
-0.538978 0.038691 -0.007288
-0.473526 0.047179 0.000504
-0.512262 0.047515 -0.008303
-0.572133 0.047928 -0.021140
-0.584535 0.039028 -0.017221
-0.628690 0.053007 -0.067235
-0.446794 0.050726 -0.079322
-0.530039 0.053195 -0.052379
-0.489910 0.039239 -0.003191
-0.426631 0.040749 -0.003723
-0.471469 0.045808 0.010776
-0.416620 0.058082 -0.069131
-0.487236 0.043369 -0.032669
-0.508645 0.040999 -0.019026
-0.567411 0.048960 -0.027841
-0.456515 0.057946 -0.074704
-0.512686 0.045183 0.008521
-0.463871 0.055374 -0.057283
-0.554893 0.042406 -0.036824
-0.481600 0.041972 -0.021625
-0.504883 0.049218 -0.077945
-0.533213 0.053966 -0.058480
-0.608001 0.047489 -0.023857
-0.567526 0.037252 -0.001556
-0.524373 0.041719 0.016589
-0.582358 0.047798 -0.080404
-0.462150 0.050002 -0.018077
-0.575384 0.045734 -0.005780
-0.552339 0.045450 -0.058457
-0.431578 0.046779 -0.048222
-0.407602 0.042228 -0.011313
-0.483693 0.046667 0.002540
-0.411738 0.046600 -0.043666
-0.643559 0.051988 -0.062298
-0.521298 0.055276 -0.066016
-0.623566 0.043819 -0.058349
-0.630584 0.036321 -0.005188
-0.644979 0.039846 0.010547
-0.631487 0.047658 -0.028942
-0.598415 0.045341 -0.006718
-0.642184 0.050678 -0.079524
-0.625482 0.049244 -0.039448
-0.415541 0.043841 -0.024300
-0.484270 0.042012 -0.022353
-0.494502 0.045906 -0.052245
-0.526106 0.045287 -0.052959
-0.488136 0.057691 -0.078054
-0.565979 0.043416 0.012557
-0.604506 0.053727 -0.068478
-0.522632 0.044004 0.015432
-0.543251 0.053588 -0.057397
-0.607167 0.042463 -0.045831
-0.405274 0.039663 0.007656
-0.434064 0.046991 0.008352
-0.545857 0.045871 -0.060441
-0.607575 0.036066 0.000445
-0.611048 0.051535 -0.080096
-0.631549 0.045433 -0.012833
-0.473567 0.048604 -0.009830
-0.455857 0.042137 0.015129
-0.594503 0.034479 0.014094
-0.527271 0.055931 -0.071744
-0.512455 0.045294 0.007754
-0.402097 0.050980 -0.073813
-0.511186 0.036702 0.011690
-0.616181 0.043191 0.005937
-0.534300 0.047357 -0.069305
-0.412688 0.054263 -0.040812
-0.512195 0.049760 -0.024558
-0.610226 0.044284 -0.059526
-0.586651 0.045503 -0.064481
-0.408870 0.050163 -0.069002
-0.644010 0.043753 -0.061238
-0.586107 0.041030 -0.031987
-0.620231 0.042803 -0.050440
-0.402807 0.046066 -0.038329
-0.540297 0.055727 -0.072405
-0.544798 0.035814 0.012596
-0.461618 0.042313 -0.020811
-0.576735 0.047269 -0.017123
-0.592400 0.045485 -0.006775
-0.544547 0.036663 0.006487
-0.425121 0.039066 0.014025
-0.587985 0.036505 0.000486
-0.646563 0.048561 -0.062513
-0.572183 0.038105 0.017151
-0.615832 0.046754 -0.019823
-0.608655 0.037606 -0.010885
-0.443604 0.050551 -0.019009
-0.420952 0.043365 -0.021742
-0.461476 0.050804 -0.082297
-0.497689 0.039614 -0.007190
-0.604479 0.047396 -0.022603
-0.441763 0.049642 -0.012121
-0.606389 0.043992 -0.056781
-0.506505 0.039010 -0.004260
-0.473095 0.046524 -0.053200
-0.600055 0.045889 -0.069484
-0.424143 0.044224 -0.028487
-0.460509 0.051380 -0.027792
-0.405926 0.053019 -0.030689
-0.475294 0.039503 -0.002696
-0.469390 0.046434 0.006583
-0.564844 0.044060 -0.050444
-0.426826 0.048125 0.001327
-0.499253 0.043980 -0.039072
-0.456620 0.046243 0.010067
-0.479238 0.047381 -0.001901
-0.514734 0.043478 -0.037985
-0.396152 0.050197 -0.044854
-0.395244 0.045879 -0.002114
-0.619998 0.053669 -0.070606
-0.538585 0.047544 -0.071362
-0.406916 0.054878 -0.044319
-0.447477 0.048002 -0.059699
-0.416901 0.054544 -0.043543
-0.583623 0.051402 -0.048197
-0.409475 0.048052 -0.053811
-0.443028 0.040601 -0.005348
-0.496791 0.045453 0.009184
-0.522155 0.043189 -0.037107
-0.517489 0.046525 -0.060511
-0.591566 0.045602 -0.066006
-0.436094 0.053637 -0.040132
-0.518449 0.044173 -0.043627
-0.643117 0.049674 -0.045463
-0.579486 0.045528 -0.063482
-0.452694 0.057502 -0.070860
-0.541083 0.049218 -0.025380
-0.580911 0.041240 0.017776
-0.496721 0.057256 -0.076315
-0.537689 0.035995 0.012454
-0.401882 0.048607 0.001942
-0.535069 0.046417 -0.062619
-0.574055 0.047343 -0.017214
-0.463342 0.051596 -0.029823
-0.557228 0.042937 -0.041049
-0.600093 0.049461 -0.036842
-0.589692 0.036957 -0.003066
-0.583302 0.051729 -0.050512
-0.533140 0.049271 -0.024456
-0.410763 0.047594 0.007816
-0.516347 0.040485 -0.016563
-0.449547 0.050815 -0.080417
-0.572761 0.050642 -0.040908
-0.473954 0.045928 0.009497
-0.436265 0.046174 -0.044611
-0.632982 0.046478 -0.020644
-0.455097 0.046727 0.006805
-0.475213 0.045597 0.011690
-0.503903 0.039360 -0.006371
-0.451709 0.043387 -0.026960
-0.542434 0.056099 -0.075455
-0.479755 0.057274 -0.073654
-0.410992 0.051787 -0.022598
-0.580074 0.049933 -0.036968
-0.480009 0.040787 0.015478
-0.581372 0.046630 -0.071779
-0.595110 0.053205 -0.063153
-0.418396 0.044420 0.014613
-0.509324 0.045492 0.006840
-0.606692 0.047540 -0.024016
-0.416764 0.041350 -0.006452
-0.457306 0.048861 -0.067539
-0.515659 0.046916 -0.063045
-0.552528 0.038577 -0.008694
-0.610817 0.054307 -0.073719
-0.395350 0.046326 -0.007193
-0.504531 0.055969 -0.068280
-0.411413 0.058606 -0.083547
-0.644807 0.037885 0.017073
-0.515509 0.047719 -0.068835
-0.503280 0.041914 -0.024772
-0.475669 0.047865 -0.063343
-0.604733 0.045577 -0.009468
-0.546624 0.035555 0.014173
-0.401103 0.039093 0.012471
-0.537109 0.037256 0.003416
-0.493482 0.043638 -0.035650
-0.402647 0.058622 -0.070743
-0.577017 0.043186 0.012415
-0.450693 0.045165 -0.039676
-0.419655 0.047050 -0.048228
-0.452375 0.037689 0.014440
-0.454757 0.043931 -0.031401
-0.637261 0.044054 -0.003786
-0.563509 0.043869 -0.048838
-0.436520 0.041522 -0.010947
-0.637018 0.044181 -0.063183
-0.615389 0.046614 -0.077256
-0.409443 0.050495 -0.071503
-0.406229 0.051577 -0.078815
-0.414416 0.058454 -0.071459
-0.513090 0.057407 -0.080101
-0.496478 0.044924 -0.045460
-0.619067 0.033499 0.017151
-0.488520 0.051952 -0.036545
-0.414986 0.047380 0.008677
-0.632379 0.046142 -0.076630
-0.481513 0.045918 0.008325
-0.612410 0.040568 -0.032963
-0.614191 0.043585 0.003406
-0.464824 0.053207 -0.041738
-0.421600 0.048358 0.000501
-0.399966 0.047577 0.009716
-0.409379 0.057898 -0.066608
-0.493892 0.048970 -0.074347
-0.479024 0.046547 -0.054343
-0.462826 0.052338 -0.035117
-0.491677 0.054004 -0.082402
-0.539283 0.042050 -0.031677
-0.640772 0.049940 -0.047004
-0.494535 0.043642 -0.035848
-0.506385 0.046045 0.003317
-0.562252 0.044468 -0.052968
-0.550697 0.035722 0.016348
-0.553482 0.047556 -0.015380
-0.600794 0.043622 -0.053180
-0.538822 0.049506 -0.027094
-0.534217 0.050796 -0.035683
-0.448340 0.049920 -0.015216
-0.552615 0.052795 -0.053191
-0.499008 0.048984 -0.075285
-0.551635 0.043538 -0.044489
-0.607098 0.033980 0.015640
-0.543909 0.052672 -0.050868
-0.587215 0.049015 -0.031497
-0.469338 0.040709 -0.010455
-0.438411 0.044177 -0.030496
-0.473722 0.052317 -0.036752
-0.477879 0.037168 0.013793
-0.558537 0.036094 0.008311
-0.586319 0.038602 -0.014433
-0.433526 0.052375 -0.030561
-0.478454 0.039344 -0.002069
-0.415732 0.054325 -0.041765
-0.414601 0.051353 -0.020045
-0.555441 0.041429 -0.029835
-0.405829 0.038957 0.012678
-0.591398 0.043265 0.009473
-0.572591 0.044056 0.006836
-0.526351 0.052081 -0.043695
-0.584349 0.044889 -0.059655
-0.573435 0.051688 -0.048595
-0.463611 0.054133 -0.048244
-0.538369 0.049798 -0.029136
-0.549141 0.045320 0.001532
-0.632363 0.054062 -0.075486
-0.402157 0.052734 -0.028005
-0.468253 0.053275 -0.042792
-0.602086 0.054158 -0.071197
-0.603332 0.047605 -0.023931
-0.566437 0.039612 -0.018479
-0.468948 0.048546 -0.067171
-0.627082 0.044031 -0.060467
-0.563878 0.041289 -0.030205
-0.620068 0.037807 -0.014222
-0.626068 0.041336 -0.040778
-0.478165 0.049935 -0.020229
-0.575912 0.047067 -0.074047
-0.636025 0.033403 0.017919
-0.414553 0.058157 -0.083539
-0.636267 0.043896 -0.060999
-0.580883 0.044120 -0.053515
-0.433958 0.046291 0.013440
-0.602434 0.042275 0.014831
-0.599493 0.043988 -0.055616
-0.440184 0.058459 -0.082930
-0.589331 0.049711 -0.036885
-0.614952 0.051648 -0.079994
-0.577802 0.046267 -0.010037
-0.501979 0.047343 -0.005365
-0.571479 0.045409 -0.061308
-0.444017 0.043159 -0.024043
-0.415923 0.041337 -0.006221
-0.477985 0.039458 -0.002814
-0.450414 0.042332 -0.019103
-0.501605 0.037164 0.009921
-0.524848 0.040103 -0.015199
-0.563447 0.038940 -0.013121
-0.625341 0.043829 -0.000194
-0.564384 0.046112 -0.006708
-0.534309 0.040861 -0.022246
-0.568186 0.043460 -0.046643
-0.597592 0.050917 -0.046984
-0.525454 0.052739 -0.048319
-0.504244 0.039248 0.015803
-0.470963 0.045486 0.013192
-0.582860 0.046850 -0.073614
-0.524953 0.046284 -0.059994
-0.449465 0.040667 -0.006888
-0.528494 0.044700 0.009424
-0.483649 0.047829 -0.064391
-0.450080 0.049692 -0.013850
-0.550157 0.047421 -0.072375
-0.611932 0.039450 -0.024784
-0.477382 0.048805 -0.070432
-0.541962 0.037118 0.016346
-0.554740 0.043105 0.016665
-0.634378 0.045613 -0.073130
-0.598656 0.043794 -0.054076
-0.423181 0.056503 -0.058771
-0.469406 0.044740 -0.039671
-0.574872 0.034736 0.015458
-0.574012 0.055195 -0.074100
-0.628970 0.048973 -0.038055
-0.416622 0.048883 -0.061008
-0.456415 0.044008 -0.032232
-0.637333 0.036431 -0.007092
-0.582494 0.044156 0.004480
-0.604141 0.043430 -0.052340
-0.395695 0.047659 -0.023851
-0.395873 0.039702 0.008923
-0.505523 0.049633 -0.022538
-0.568768 0.052091 -0.050743
-0.581168 0.047682 -0.079365
-0.504722 0.039865 -0.010165
-0.597539 0.042976 0.010555
-0.578824 0.042317 -0.040112
-0.447491 0.049134 -0.009378
-0.494003 0.039877 -0.008486
-0.486935 0.057793 -0.078599
-0.490974 0.050206 -0.024299
-0.575989 0.051060 -0.044466
-0.596024 0.052879 -0.060936
-0.490431 0.053346 -0.046956
-0.524943 0.044216 -0.045008
-0.419495 0.040448 -0.000367
-0.541385 0.044466 -0.049522
-0.398170 0.059763 -0.078274
-0.548162 0.040446 -0.021517
-0.613144 0.048424 -0.031481
-0.576764 0.034578 0.016290
-0.556203 0.036815 0.003468
-0.539157 0.048876 -0.022587
-0.516211 0.037783 0.003035
-0.502664 0.055197 -0.062374
-0.414809 0.053367 -0.034673
-0.426172 0.046991 -0.048873
-0.424270 0.050693 -0.016854
-0.476049 0.055726 -0.061830
-0.585606 0.049326 -0.080964
-0.472906 0.058568 -0.081908
-0.583439 0.046609 -0.071965
-0.560157 0.040651 -0.024973
-0.470926 0.055357 -0.058318
-0.592630 0.047446 -0.021018
-0.596329 0.054053 -0.069497
-0.447345 0.046626 0.008813
-0.469150 0.056637 -0.067299
-0.424122 0.046361 -0.043969
-0.559574 0.044716 0.004196
-0.457872 0.045326 0.015612
-0.523421 0.048119 -0.073038
-0.638314 0.036238 0.018360
-0.549101 0.046179 -0.063206
-0.477132 0.038976 0.000817
-0.442851 0.046479 0.010621
-0.532765 0.043283 -0.039536
-0.626896 0.046173 -0.075956
-0.444073 0.056341 -0.061030
-0.417868 0.041929 -0.010831
-0.610256 0.044261 -0.059363
-0.496114 0.055786 -0.065565
-0.526638 0.055085 -0.065511
-0.420741 0.040109 0.001885
-0.641827 0.037127 -0.012871
-0.638502 0.045792 -0.016578
-0.617927 0.039346 -0.025021
-0.524471 0.042640 -0.033515
-0.628450 0.042579 0.008347
-0.643342 0.045580 -0.015838
-0.500474 0.055320 -0.062907
-0.468144 0.051219 -0.027883
-0.401383 0.048920 -0.058771
-0.534527 0.042742 -0.035908
-0.617432 0.046031 -0.014849
-0.624443 0.046113 -0.016590
-0.442281 0.049672 -0.070942
-0.601139 0.044130 -0.056920
-0.426340 0.046713 0.011638
-0.555094 0.035886 0.016468
-0.448207 0.053813 -0.043395
-0.506259 0.052649 -0.044513
-0.479109 0.057642 -0.076215
-0.414909 0.050600 -0.014639
-0.588056 0.036613 0.017298
-0.590765 0.036323 0.001348
-0.562636 0.042437 -0.038323
-0.550856 0.047566 -0.073541
-0.406788 0.049807 -0.007560
-0.519116 0.048247 -0.014730
-0.551449 0.049443 -0.028715
-0.641889 0.039543 -0.030384
-0.428739 0.049487 -0.008852
-0.600497 0.047695 -0.024116
-0.441681 0.048332 -0.061135
-0.617075 0.044370 -0.002752
-0.539665 0.055648 -0.071726
-0.448237 0.047340 -0.055027
-0.491313 0.044118 -0.038766
-0.592777 0.046843 -0.016675
-0.634755 0.047494 -0.028293
-0.480292 0.049265 -0.015721
-0.559241 0.054767 -0.068570
-0.436853 0.052169 -0.029617
-0.414810 0.056278 -0.055764
-0.434442 0.045641 -0.040452
-0.600404 0.055057 -0.077438
-0.481854 0.043518 -0.032863
-0.510970 0.039390 -0.007751
-0.399841 0.048580 -0.056054
-0.555966 0.046540 -0.066947
-0.452148 0.042444 -0.020196
-0.421088 0.038841 0.011014
-0.645495 0.049608 -0.045375
-0.538612 0.054255 -0.061462
-0.455170 0.045832 -0.045244
-0.522773 0.046741 -0.004426
-0.551178 0.036466 0.006823
-0.435030 0.054273 -0.044562
-0.543258 0.043817 0.013390
-0.399206 0.044789 -0.028482
-0.413017 0.044681 -0.029972
-0.487984 0.045843 0.007802
-0.398656 0.047726 0.008851
-0.539737 0.047006 -0.009136
-0.431266 0.047595 0.004435
-0.456497 0.052533 -0.035483
-0.644210 0.053302 -0.071925
-0.397821 0.059631 -0.077258
-0.487266 0.058187 -0.081504
-0.605727 0.041477 -0.038454
-0.630892 0.035402 0.001419
-0.502411 0.045607 0.007139
-0.527919 0.056086 -0.081312
-0.496170 0.043055 -0.031865
-0.592907 0.044098 0.003192
-0.611504 0.052373 -0.059816
-0.601011 0.049652 -0.038379
-0.452159 0.042211 -0.018512
-0.534818 0.056582 -0.077699
-0.395441 0.047104 -0.011006
-0.466427 0.044304 0.015661
-0.619567 0.053950 -0.072567
-0.395895 0.046503 -0.036142
-0.406030 0.053647 -0.035258
-0.525370 0.046418 -0.061032
-0.582311 0.046212 -0.010384
-0.529737 0.040692 -0.020268
-0.504201 0.038293 0.001312
-0.645706 0.045989 -0.020087
-0.517361 0.046114 0.001006
-0.413239 0.051303 -0.019457
-0.585840 0.036545 0.000551
-0.395487 0.045164 -0.016083
-0.473077 0.046679 -0.054326
-0.415222 0.044662 -0.030200
-0.615568 0.045580 -0.069792
-0.492427 0.049687 -0.020778
-0.560773 0.046469 -0.008705
-0.401970 0.050347 -0.069202
-0.457954 0.045821 -0.045621
-0.519551 0.044697 -0.047609
-0.512437 0.042441 -0.030096
-0.554795 0.036220 0.008008
-0.396580 0.056406 -0.059376
-0.526067 0.048717 -0.019281
-0.413102 0.041288 -0.005407
-0.592139 0.047656 -0.022457
-0.520315 0.044963 0.008863
-0.395512 0.043703 -0.019401
-0.640999 0.052507 -0.065638
-0.631546 0.051465 -0.056537
-0.565296 0.036360 0.016759
-0.553175 0.043238 -0.042564
-0.558252 0.042026 -0.034620
-0.541717 0.044817 -0.052119
-0.463365 0.042893 -0.025296
-0.423746 0.057487 -0.065990
-0.571750 0.039721 -0.020145
-0.576911 0.050383 -0.039715
-0.638699 0.046233 -0.019807
-0.434237 0.044317 -0.030827
-0.398569 0.055471 -0.084263
-0.608099 0.042129 -0.043561
-0.397719 0.047480 0.010789
-0.423046 0.051230 -0.079064
-0.534041 0.036539 0.009116
-0.480635 0.052640 -0.040230
-0.493477 0.043499 -0.034638
-0.645042 0.037823 0.004387
-0.644485 0.043428 -0.000434
-0.609649 0.050578 -0.046505
-0.397872 0.047953 0.007337
-0.506642 0.055512 -0.065311
-0.399595 0.041515 -0.004829
-0.421357 0.052230 -0.027514
-0.439016 0.052932 -0.035501
-0.424111 0.051350 -0.080114
-0.474759 0.057384 -0.073633
-0.505899 0.056114 -0.069553
-0.410921 0.042134 -0.011171
-0.646016 0.048003 -0.033965
-0.511753 0.041875 -0.025883
-0.614961 0.039595 -0.026332
-0.516168 0.051550 -0.038174
-0.586160 0.035035 0.011436
-0.619336 0.054827 -0.078883
-0.638057 0.046109 -0.077323
-0.606226 0.038790 -0.019066
-0.418546 0.047090 0.010192
-0.398714 0.046599 -0.041513
-0.417032 0.052385 -0.027920
-0.478348 0.047700 -0.004068
-0.546946 0.050646 -0.036690
-0.571408 0.038259 -0.009496
-0.534603 0.053254 -0.053552
-0.428981 0.055181 -0.050142
-0.435629 0.042868 -0.020552
-0.592842 0.043873 0.004833
-0.402598 0.055846 -0.050625
-0.582992 0.046237 -0.069200
-0.523134 0.054204 -0.058551
-0.637494 0.043311 0.001558
-0.587816 0.053218 -0.062047
-0.578942 0.044499 -0.055943
-0.447894 0.055558 -0.055989
-0.645702 0.047844 -0.032628
-0.592816 0.043091 0.010498
-0.557658 0.050399 -0.036660
-0.550292 0.039060 -0.011823
-0.477009 0.054311 -0.051738
-0.630746 0.052972 -0.067322
-0.436846 0.038958 0.007569
-0.627371 0.050932 -0.051986
-0.409131 0.048783 -0.000525
-0.396845 0.056612 -0.073304
-0.575330 0.047960 -0.021901
-0.444224 0.050345 -0.017615
-0.616215 0.042905 -0.050518
-0.611515 0.042662 0.010534
-0.607254 0.036124 0.000082
-0.488244 0.042878 -0.029283
-0.638774 0.049532 -0.043717
-0.403403 0.044335 -0.025883
-0.452215 0.055414 -0.055655
-0.592931 0.043272 -0.049347
-0.630940 0.045165 -0.010796
-0.526314 0.044142 -0.044702
-0.464311 0.053111 -0.040955
-0.640776 0.033369 0.014526
-0.540893 0.039510 -0.013540
-0.497753 0.037900 0.005223
-0.428771 0.038642 0.014048
-0.545732 0.042226 -0.034012
-0.524927 0.046039 -0.058215
-0.580465 0.040193 -0.024998
-0.593952 0.035737 0.005072
-0.546586 0.048280 -0.019486
-0.601942 0.047543 -0.023253
-0.588669 0.038658 -0.015221
-0.452004 0.052552 -0.034883
-0.626788 0.034798 0.006475
-0.645680 0.041151 -0.025215
-0.637104 0.033683 0.012852
-0.486382 0.050106 -0.081339
-0.483838 0.043673 0.015960
-0.641377 0.036693 -0.009657
-0.546848 0.047822 -0.016214
-0.494340 0.057341 -0.076539
-0.492015 0.054767 -0.057512
-0.639447 0.043500 -0.000128
-0.644928 0.045056 -0.012307
-0.480292 0.049236 -0.074034
-0.485683 0.037307 0.011504
-0.512976 0.057036 -0.081513
-0.516910 0.037024 0.008413
-0.457044 0.043422 -0.028090
-0.630002 0.042298 0.010131
-0.538182 0.046995 -0.067323
-0.470703 0.049388 -0.073556
-0.455593 0.050807 -0.022834
-0.492201 0.053326 -0.047104
-0.432796 0.048518 -0.061019
-0.634996 0.044108 -0.062328
-0.479902 0.058118 -0.079793
-0.499160 0.049739 -0.080780
-0.608915 0.033929 0.017391
-0.564518 0.036044 0.007685
-0.583895 0.054967 -0.074073
-0.635461 0.046188 -0.018945
-0.495042 0.043971 -0.038314
-0.595243 0.035079 0.009627
-0.554246 0.054287 -0.064271
-0.463048 0.046510 0.007076
-0.636962 0.043566 -0.000201
-0.608453 0.053899 -0.070371
-0.558454 0.046223 -0.006535
-0.552767 0.047882 -0.017625
-0.521860 0.051306 -0.037348
-0.450459 0.056891 -0.082918
-0.584088 0.043224 0.010971
-0.504495 0.049707 -0.081428
-0.556040 0.040804 -0.025404
-0.455048 0.037873 0.014524
-0.609649 0.038177 -0.015186
-0.514545 0.049260 -0.021318
-0.461235 0.051429 -0.028264
-0.634585 0.042220 -0.048580
-0.455011 0.052618 -0.035860
-0.610063 0.036937 -0.006272
-0.572695 0.047424 -0.017581
-0.587269 0.043763 -0.051976
-0.428276 0.051170 -0.079495
-0.435761 0.050512 -0.017434
-0.470514 0.045463 -0.045094
-0.422581 0.055265 -0.049703
-0.559240 0.046615 -0.068030
-0.552677 0.051241 -0.041939
-0.563580 0.045616 -0.061508
-0.400472 0.047919 0.007158
-0.412490 0.052081 -0.083494
-0.397023 0.045740 -0.035016
-0.472344 0.044879 -0.041163
-0.490003 0.049866 -0.080199
-0.604765 0.044772 -0.003639
-0.451463 0.046997 -0.053070
-0.468720 0.045153 -0.042552
-0.458689 0.050136 -0.076999
-0.508061 0.045884 -0.054318
-0.502307 0.044766 -0.045270
-0.634761 0.043713 -0.059424
-0.424712 0.051717 -0.024347
-0.558532 0.045418 -0.059239
-0.627624 0.039589 -0.028372
-0.534488 0.053139 -0.052702
-0.402539 0.039399 0.010019
-0.460159 0.049207 -0.011992
-0.590850 0.035300 0.008743
-0.420441 0.047210 0.009005
-0.545096 0.038114 -0.004117
-0.408178 0.055362 -0.048034
-0.529071 0.039813 -0.013786
-0.416633 0.052559 -0.029115
-0.470507 0.047996 -0.004921
-0.514567 0.046131 0.001347
-0.620089 0.035789 0.000394
-0.410836 0.055292 -0.047964
-0.556735 0.054248 -0.064393
-0.420808 0.043984 -0.026199
-0.482003 0.044618 -0.040859
-0.443859 0.040386 -0.003925
-0.638140 0.037840 0.018576
-0.646318 0.045848 -0.076795
-0.424429 0.053879 -0.039963
-0.610626 0.044022 -0.057696
-0.535405 0.042046 -0.031010
-0.635831 0.042085 -0.047807
-0.510755 0.053105 -0.048549
-0.633645 0.047248 -0.026327
-0.621244 0.048284 -0.080318
-0.531745 0.046758 -0.006019
-0.507664 0.038099 0.002152
-0.618227 0.040220 -0.031404
-0.457762 0.043766 0.015395
-0.541910 0.047490 -0.071520
-0.593679 0.039980 -0.025622
-0.569325 0.040774 -0.027369
-0.599709 0.044881 -0.062122
-0.410209 0.059071 -0.075238
-0.574798 0.045333 -0.002780
-0.570998 0.052105 -0.051212
-0.476450 0.048639 -0.010555
-0.623986 0.036196 -0.003196
-0.465461 0.046587 0.006114
-0.550840 0.050851 -0.038814
-0.439811 0.047861 -0.057419
-0.642365 0.046046 -0.077578
-0.609838 0.033725 0.017036
-0.484030 0.049614 -0.077390
-0.441137 0.041885 -0.014340
-0.594123 0.047624 -0.022558
-0.459277 0.039228 0.001929
-0.487302 0.045511 -0.048197
-0.470168 0.053683 -0.046064
-0.492017 0.049050 -0.074618
-0.515688 0.036477 0.012578
-0.592522 0.049823 -0.038224
-0.553324 0.045898 -0.061859
-0.531573 0.049090 -0.022890
-0.486090 0.053642 -0.048390
-0.516303 0.044795 -0.047784
-0.430762 0.047787 0.003132
-0.400232 0.042362 -0.011071
-0.606920 0.052327 -0.058729
-0.429418 0.047122 -0.050351
-0.409850 0.048389 0.002211
-0.442747 0.039807 0.000450
-0.484914 0.045579 0.010222
-0.490106 0.051565 -0.034002
-0.493470 0.048945 -0.015574
-0.496883 0.049641 -0.021173
-0.586627 0.044408 -0.056546
-0.559971 0.052629 -0.081078
-0.472731 0.053141 -0.042556
-0.636325 0.045428 -0.013587
-0.579798 0.052748 -0.057322
-0.624600 0.037888 -0.015550
-0.423159 0.046386 0.014531
-0.461063 0.057524 -0.072392
-0.501838 0.039975 -0.010483
-0.624278 0.054281 -0.075738
-0.608603 0.045709 -0.069586
-0.471803 0.053579 -0.045580
-0.430273 0.052303 -0.029508
-0.403565 0.048430 -0.055580
-0.537075 0.047215 -0.010208
-0.545431 0.038694 -0.008370
-0.399773 0.045342 0.014327
-0.395996 0.046763 -0.041174
-0.550434 0.053137 -0.055308
-0.520014 0.042223 -0.029760
-0.585185 0.038023 -0.010046
-0.596195 0.038004 -0.011724
-0.599753 0.044397 -0.000098
-0.483638 0.051495 -0.032427
-0.512886 0.055307 -0.064853
-0.542283 0.053813 -0.058864
-0.572548 0.038593 -0.012097
-0.619130 0.041915 0.014695
-0.572590 0.050132 -0.037184
-0.645903 0.045237 -0.031671
-0.607818 0.044614 -0.061524
-0.548061 0.040895 -0.024751
-0.612853 0.050650 -0.047558
-0.614993 0.048159 -0.029865
-0.601370 0.050231 -0.042634
-0.497747 0.051040 -0.031453
-0.479829 0.053995 -0.049911
-0.554537 0.044815 -0.054219
-0.634998 0.049016 -0.039364
-0.532899 0.052759 -0.049686
-0.604581 0.037726 -0.011084
-0.474215 0.050054 -0.020437
-0.629042 0.046369 -0.019202
-0.572390 0.054990 -0.072346
-0.599134 0.037198 0.017624
-0.508109 0.056636 -0.073702
-0.593007 0.046849 -0.075275
-0.489599 0.052477 -0.040520
-0.447059 0.040649 -0.006362
-0.446834 0.048257 -0.061439
-0.553435 0.055690 -0.074302
-0.644867 0.052055 -0.062998
-0.510203 0.038676 -0.002446
-0.549999 0.051365 -0.081472
-0.520805 0.036439 0.012014
-0.646041 0.047832 -0.035507
-0.595066 0.043008 0.010730
-0.467670 0.055970 -0.082663
-0.599323 0.049139 -0.034386
-0.593734 0.048469 -0.028615
-0.453968 0.044147 -0.032837
-0.533812 0.046536 -0.063275
-0.451653 0.049437 -0.012262
-0.404346 0.041167 -0.003087
-0.509175 0.054962 -0.061748
-0.513398 0.050024 -0.026666
-0.542962 0.039242 -0.011938
-0.582614 0.034873 0.013197
-0.558933 0.045986 -0.004897
-0.598242 0.051131 -0.048638
-0.582944 0.042826 -0.044475
-0.580789 0.047733 -0.079675
-0.445082 0.053911 -0.043593
-0.538396 0.042767 -0.036723
-0.397362 0.048351 -0.053985
-0.550259 0.038486 -0.007662
-0.473442 0.046576 -0.053635
-0.558003 0.038655 -0.010158
-0.432923 0.047510 -0.053738
-0.486248 0.053070 -0.044268
-0.515310 0.041755 -0.025595
-0.437357 0.042149 -0.015634
-0.609190 0.036847 -0.005480
-0.552324 0.040546 -0.022927
-0.466606 0.052821 -0.039235
-0.504928 0.054854 -0.060262
-0.431896 0.050737 -0.018427
-0.471156 0.055927 -0.062482
-0.557025 0.035271 0.014519
-0.547486 0.047940 -0.017173
-0.637983 0.039883 -0.032207
-0.431786 0.052837 -0.033626
-0.490708 0.048711 -0.071941
-0.545204 0.051415 -0.041976
-0.543072 0.055587 -0.081045
-0.498565 0.040832 -0.016155
-0.491997 0.044612 -0.042463
-0.516524 0.049427 -0.081376
-0.476917 0.037767 0.014994
-0.553497 0.049635 -0.030445
-0.416194 0.054364 -0.042126
-0.491776 0.050722 -0.028167
-0.520556 0.040626 -0.018276
-0.605049 0.042096 0.015701
-0.490406 0.047874 -0.007305
-0.473300 0.050965 -0.026890
-0.584784 0.042206 -0.040285
-0.534284 0.046702 -0.006035
-0.526800 0.045707 -0.056115
-0.565947 0.043935 0.008805
-0.617285 0.039076 0.018284
-0.411206 0.048164 0.003614
-0.573437 0.055481 -0.080387
-0.581268 0.041987 -0.038123
-0.537596 0.051732 -0.081697
-0.446860 0.038519 0.014432
-0.643725 0.049924 -0.047377
-0.570070 0.045943 -0.006417
-0.530953 0.050113 -0.030197
-0.408154 0.059205 -0.075872
-0.523366 0.042474 0.016671
-0.493361 0.054207 -0.053675
-0.434725 0.049154 -0.007428
-0.464783 0.058514 -0.080175
-0.553085 0.048598 -0.081387
-0.470864 0.045900 -0.048314
-0.444420 0.040556 -0.005251
-0.520225 0.047154 -0.006999
-0.496623 0.038614 0.015547
-0.406590 0.048640 -0.057593
-0.492795 0.047864 -0.007630
-0.472657 0.038882 0.002236
-0.397152 0.039575 0.013476
-0.612319 0.040111 -0.029636
-0.571991 0.054933 -0.071863
-0.606614 0.042013 -0.042480
-0.549055 0.040103 0.016914
-0.591750 0.035774 0.005166
-0.561564 0.053406 -0.059088
-0.588860 0.039955 -0.024651
-0.568424 0.044165 0.006729
-0.583599 0.051852 -0.051453
-0.628590 0.046446 -0.019687
-0.631628 0.039180 -0.026067
-0.546093 0.053069 -0.054103
-0.413792 0.047532 0.007769
-0.455111 0.049043 -0.009974
-0.618547 0.034925 0.006909
-0.582878 0.047218 -0.076286
-0.520304 0.043581 -0.039649
-0.604006 0.052040 -0.056169
-0.532309 0.048293 -0.017234
-0.457712 0.050748 -0.022751
-0.636554 0.036275 -0.005835
-0.489990 0.053930 -0.051114
-0.575145 0.047156 -0.074563
-0.462876 0.042790 -0.024469
-0.519783 0.051749 -0.040212
-0.601331 0.035214 0.017400
-0.601964 0.038829 0.017911
-0.426509 0.047259 -0.050864
-0.409333 0.044604 -0.028804
-0.568303 0.047418 -0.016813
-0.492047 0.057031 -0.073919
-0.516453 0.041211 -0.021843
-0.423325 0.056850 -0.083525
-0.434531 0.057943 -0.071066
-0.400885 0.054479 -0.040436
-0.439798 0.042403 -0.017871
-0.638225 0.046438 -0.021216
-0.396598 0.056032 -0.060875
-0.451601 0.052568 -0.034934
-0.536183 0.045148 0.004913
-0.431363 0.058289 -0.073053
-0.544153 0.056610 -0.080880
-0.545808 0.045356 -0.056699
-0.453672 0.055604 -0.057266
-0.420194 0.048669 -0.060046
-0.419217 0.059547 -0.080168
-0.597376 0.036279 0.000583
-0.436015 0.043204 -0.023056
-0.484146 0.042814 0.015849
-0.491672 0.054492 -0.055462
-0.597352 0.046497 -0.014919
-0.479448 0.056322 -0.066708
-0.643062 0.041329 0.015002
-0.607164 0.034485 0.011965
-0.590920 0.048007 -0.024799
-0.422888 0.049622 -0.067392
-0.562808 0.052440 -0.052295
-0.594056 0.048981 -0.032374
-0.540728 0.036813 0.006028
-0.627926 0.039256 -0.026008
-0.443139 0.057764 -0.071189
-0.627748 0.042939 0.005859
-0.512347 0.048217 -0.013405
-0.430425 0.046762 0.010610
-0.599053 0.049072 -0.033856
-0.539799 0.044630 0.008071
-0.593973 0.053422 -0.064535
-0.589832 0.047269 -0.019275
-0.585908 0.040635 -0.029095
-0.411304 0.048448 0.001541
-0.473504 0.047535 -0.002071
-0.422571 0.051822 -0.024758
-0.458953 0.051270 -0.026739
-0.542105 0.036226 0.010056
-0.507174 0.037893 0.003718
-0.488719 0.057597 -0.077468
-0.624643 0.053551 -0.070512
-0.535181 0.037462 0.002241
-0.502722 0.050961 -0.031698
-0.469022 0.043067 -0.027490
-0.592765 0.042025 -0.040289
-0.517908 0.049023 -0.078675
-0.582051 0.044848 -0.058980
-0.526686 0.049233 -0.081643
-0.448766 0.047960 -0.001081
-0.553603 0.051263 -0.042250
-0.512487 0.040143 -0.013454
-0.459088 0.046100 0.010693
-0.570123 0.043893 0.008420
-0.642676 0.039915 0.018962
-0.476920 0.040933 -0.013328
-0.566141 0.035896 0.008494
-0.463518 0.051528 -0.029361
-0.556704 0.052208 -0.049610
-0.571397 0.047850 -0.020454
-0.449253 0.039324 0.002881
-0.433638 0.038256 0.013187
-0.491534 0.047457 -0.004470
-0.498498 0.044880 -0.045472
-0.461840 0.051829 -0.031261
-0.412789 0.047643 0.007127
-0.539630 0.045659 -0.057882
-0.492111 0.049543 -0.019683
-0.561851 0.047859 -0.018946
-0.458456 0.043126 -0.026177
-0.589000 0.047168 -0.076929
-0.407333 0.046391 -0.041424
-0.611319 0.052477 -0.060540
-0.530017 0.053350 -0.053495
-0.406323 0.039634 0.007695
-0.394925 0.040519 0.007700
-0.554823 0.047624 -0.074612
-0.599148 0.044139 0.001866
-0.584553 0.054653 -0.071904
-0.514347 0.049545 -0.081877
-0.535190 0.041789 -0.029111
-0.593999 0.053714 -0.066655
-0.553833 0.047168 -0.071144
-0.533353 0.055193 -0.067396
-0.472707 0.040836 -0.011932
-0.521926 0.037325 0.005412
-0.490761 0.046519 0.002453
-0.407176 0.047434 -0.048953
-0.454884 0.051738 -0.029463
-0.480482 0.049615 -0.018291
-0.565267 0.044443 0.005240
-0.399592 0.046261 -0.039207
-0.628710 0.044262 -0.062404
-0.585427 0.044539 -0.057293
-0.633472 0.045197 -0.069964
-0.545368 0.037640 -0.000727
-0.402712 0.046711 -0.042986
-0.562132 0.049137 -0.028253
-0.438490 0.054551 -0.047146
-0.473813 0.049852 -0.077430
-0.398415 0.040992 -0.000847
-0.418512 0.057899 -0.068116
-0.546451 0.040264 0.016878
-0.503533 0.057583 -0.079804
-0.644512 0.051382 -0.058068
-0.551432 0.048906 -0.024818
-0.543084 0.049007 -0.024177
-0.633543 0.043812 -0.059941
-0.520224 0.040925 0.016388
-0.464544 0.056580 -0.066125
-0.612450 0.049083 -0.036136
-0.544420 0.054984 -0.067705
-0.425214 0.050333 -0.014399
-0.415205 0.051914 -0.024208
-0.401427 0.048721 0.001191
-0.607106 0.042790 -0.048192
-0.591650 0.044827 -0.001884
-0.523450 0.036293 0.012640
-0.402536 0.052667 -0.084560
-0.595091 0.046832 -0.016975
-0.502598 0.057606 -0.079822
-0.621300 0.051021 -0.051630
-0.568127 0.048286 -0.023076
-0.412898 0.057514 -0.064400
-0.550199 0.043307 -0.042576
-0.503753 0.053763 -0.082167
-0.586124 0.044858 -0.059723
-0.606647 0.037880 -0.012545
-0.460087 0.048739 -0.067114
-0.582590 0.050758 -0.043362
-0.601369 0.046045 -0.012304
-0.578641 0.035217 0.011358
-0.461932 0.047925 -0.002997
-0.644457 0.042304 -0.050813
-0.444841 0.038879 0.006833
-0.495008 0.041296 -0.018931
-0.485665 0.055269 -0.060100
-0.548447 0.042586 -0.037065
-0.469245 0.037301 0.014251
-0.584616 0.052411 -0.055672
-0.634530 0.044761 -0.066979
-0.587223 0.039516 0.017679
-0.627087 0.054504 -0.077819
-0.633730 0.052740 -0.066133
-0.491448 0.055351 -0.082221
-0.440455 0.052237 -0.030702
-0.442050 0.058843 -0.078820
-0.606951 0.054372 -0.073553
-0.520309 0.046567 -0.002756
-0.647002 0.053868 -0.078823
-0.565388 0.055645 -0.080543
-0.466068 0.048121 -0.063621
-0.458451 0.039775 -0.001899
-0.504605 0.055693 -0.066292
-0.448813 0.058061 -0.074269
-0.439758 0.055315 -0.052884
-0.507475 0.037427 0.007047
-0.472599 0.056112 -0.064060
-0.584815 0.036714 -0.000504
-0.416174 0.040391 0.000586
-0.568824 0.049298 -0.030524
-0.641269 0.042163 0.009254
-0.484920 0.049082 -0.073677
-0.531054 0.041386 -0.025513
-0.491290 0.049018 -0.015739
-0.585290 0.045397 -0.004964
-0.406211 0.051466 -0.019484
-0.645242 0.039939 -0.003412
-0.488643 0.049473 -0.018606
-0.599278 0.050388 -0.043428
-0.610857 0.047180 -0.022088
-0.626569 0.035751 -0.000398
-0.519249 0.039401 -0.009187
-0.444664 0.050498 -0.018797
-0.645821 0.044435 -0.028365
-0.422270 0.047250 -0.050105
-0.483497 0.042188 -0.023503
-0.456980 0.039082 0.003364
-0.456220 0.052094 -0.083450
-0.442771 0.042481 -0.018924
-0.418697 0.048380 -0.057704
-0.645161 0.040688 0.001910
-0.505755 0.057539 -0.079853
-0.573882 0.040174 -0.023774
-0.491496 0.045396 -0.048057
-0.550198 0.037915 -0.003514
-0.440643 0.048273 -0.060539
-0.457282 0.039343 0.001420
-0.403679 0.047404 -0.048162
-0.504926 0.057442 -0.079017
-0.442589 0.047153 -0.052741
-0.635457 0.041842 -0.045984
-0.515833 0.046900 -0.062958
-0.415408 0.041611 -0.008123
-0.523817 0.036433 0.011563
-0.513522 0.039790 -0.011063
-0.438980 0.040098 -0.001035
-0.455075 0.058263 -0.082627
-0.496559 0.044583 0.015520
-0.408601 0.043093 0.014213
-0.416022 0.050040 -0.069293
-0.598675 0.038730 -0.017392
-0.526704 0.054095 -0.058346
-0.431331 0.059164 -0.079388
-0.481376 0.044886 -0.042696
-0.404033 0.050771 -0.014093
-0.590355 0.049783 -0.037576
-0.588189 0.047171 -0.018297
-0.595177 0.049502 -0.036331
-0.449889 0.053460 -0.041118
-0.643958 0.041369 -0.043954
-0.483469 0.043949 -0.036254
-0.624649 0.046311 -0.076587
-0.413964 0.040527 -0.000036
-0.544390 0.048676 -0.080519
-0.614571 0.039605 0.018297
-0.603574 0.046638 -0.075484
-0.575194 0.052738 -0.056491
-0.502567 0.039474 -0.006978
-0.599535 0.046403 -0.073121
-0.560469 0.045518 -0.001760
-0.601476 0.041797 -0.040067
-0.596944 0.050683 -0.045181
-0.566395 0.054552 -0.068186
-0.441395 0.051620 -0.026384
-0.615922 0.043730 0.002070
-0.578221 0.039234 -0.017681
-0.566379 0.047142 -0.073021
-0.644841 0.035209 0.011617
-0.505504 0.036785 0.012024
-0.493225 0.044912 -0.044834
-0.589162 0.051836 -0.080540
-0.644966 0.040123 0.011595
-0.532772 0.037350 0.003445
-0.598665 0.053819 -0.068181
-0.644459 0.054088 -0.077658
-0.475387 0.046794 0.002983
-0.620383 0.042071 0.013358
-0.432638 0.053011 -0.035022
-0.454363 0.042503 -0.020994
-0.442887 0.051230 -0.023806
-0.532175 0.040308 -0.017889
-0.448779 0.055789 -0.057806
-0.610914 0.043372 -0.053030
-0.519152 0.049065 -0.079185
-0.575196 0.046763 -0.013202
-0.627080 0.039686 -0.028989
-0.478929 0.055002 -0.057063
-0.474812 0.053914 -0.082788
-0.599558 0.044719 -0.060926
-0.525767 0.042770 -0.034668
-0.535686 0.043946 -0.044822
-0.634851 0.047425 -0.027810
-0.521535 0.046075 0.000605
-0.622520 0.035775 0.000098
-0.409313 0.047000 0.012357
-0.432770 0.046250 -0.044583
-0.580992 0.039661 -0.021230
-0.547971 0.037905 -0.003076
-0.524615 0.056559 -0.075854
-0.402498 0.056555 -0.055746
-0.597106 0.052697 -0.080245
-0.539547 0.044225 -0.047476
-0.599923 0.045810 -0.068890
-0.587099 0.041139 -0.032937
-0.437139 0.048218 -0.059561
-0.573273 0.053953 -0.064975
-0.440721 0.039929 -0.000097
-0.579697 0.046673 -0.013292
-0.590144 0.048843 -0.030729
-0.536289 0.038313 -0.004107
-0.399109 0.054256 -0.038530
-0.503169 0.051458 -0.035375
-0.572453 0.045577 -0.004163
-0.499684 0.049823 -0.081480
-0.450764 0.043334 -0.026423
-0.451983 0.039693 -0.000241
-0.605093 0.035550 0.017529
-0.571372 0.045785 -0.064010
-0.456307 0.058591 -0.079344
-0.527385 0.044981 0.007570
-0.644868 0.037707 0.013597
-0.556176 0.039872 -0.018674
-0.410796 0.054769 -0.044169
-0.396628 0.052043 -0.067852
-0.540545 0.038304 -0.004747
-0.418038 0.047166 -0.048797
-0.480404 0.053093 -0.043474
-0.627236 0.050181 -0.046527
-0.532473 0.050091 -0.030289
-0.611354 0.052045 -0.057420
-0.477220 0.038958 0.000933
-0.585617 0.042150 -0.040019
-0.472501 0.049779 -0.018164
-0.522895 0.056548 -0.075496
-0.574353 0.035201 0.012178
-0.477905 0.056763 -0.069653
-0.417541 0.050730 -0.074542
-0.499894 0.037806 0.005547
-0.627324 0.036498 -0.005932
-0.454448 0.043820 -0.030544
-0.493354 0.045667 -0.050327
-0.438050 0.040476 -0.003621
-0.560417 0.048502 -0.081635
-0.559591 0.040977 -0.027243
-0.506289 0.048818 -0.016760
-0.616700 0.043071 -0.051807
-0.605991 0.035509 0.004740
-0.595039 0.035678 0.005316
-0.616479 0.039863 -0.028529
-0.645155 0.040211 0.001605
-0.415697 0.041233 -0.005429
-0.610621 0.040175 -0.029824
-0.594083 0.043549 0.006978
-0.506311 0.044285 -0.042447
-0.641185 0.045211 -0.071337
-0.639062 0.049370 -0.042593
-0.585482 0.048963 -0.030836
-0.622733 0.052690 -0.063962
-0.643033 0.052876 -0.068647
-0.601815 0.038935 -0.019388
-0.546757 0.050002 -0.031995
-0.415985 0.046807 -0.045860
-0.467808 0.043705 -0.031910
-0.485507 0.047894 -0.065167
-0.519363 0.056062 -0.081505
-0.492041 0.051267 -0.032158
-0.477147 0.044217 -0.037153
-0.430336 0.046345 0.013646
-0.646744 0.047146 -0.074075
-0.489328 0.049992 -0.022472
-0.586105 0.050440 -0.041634
-0.442575 0.045700 -0.042211
-0.395053 0.045573 0.007688
-0.416280 0.043217 -0.019903
-0.525810 0.037429 0.004019
-0.485266 0.038077 0.005990
-0.583324 0.047398 -0.077662
-0.440306 0.051085 -0.080853
-0.577829 0.036604 0.001441
-0.423445 0.038556 0.012686
-0.455060 0.045401 0.015560
-0.637108 0.041322 -0.042488
-0.602832 0.047267 -0.079922
-0.535426 0.049538 -0.026767
-0.540547 0.046808 -0.066355
-0.520252 0.038026 0.000605
-0.556131 0.048023 -0.019194
-0.396675 0.053595 -0.033343
-0.616446 0.047539 -0.025607
-0.501140 0.046064 0.004037
-0.630053 0.045833 -0.074011
-0.514839 0.047452 -0.066788
-0.471685 0.043325 -0.029796
-0.625802 0.041410 -0.041268
-0.435741 0.059274 -0.080905
-0.606502 0.039430 -0.023749
-0.479364 0.044104 -0.036704
-0.568623 0.038991 -0.014337
-0.469419 0.051239 -0.028233
-0.406647 0.041757 -0.007741
-0.569686 0.054862 -0.070970
-0.435665 0.048601 -0.003573
-0.396521 0.049916 -0.064987
-0.444972 0.039749 0.000503
-0.612347 0.039144 0.018184
-0.578930 0.034888 0.013689
-0.516387 0.049337 -0.080701
-0.571844 0.055435 -0.075481
-0.576343 0.053146 -0.059632
-0.634914 0.039905 -0.031859
-0.619261 0.036701 0.018001
-0.431206 0.056802 -0.062253
-0.476119 0.055075 -0.057130
-0.562051 0.042773 -0.040658
-0.490722 0.053352 -0.047044
-0.640379 0.037668 -0.016554
-0.445792 0.054723 -0.049589
-0.526713 0.045321 -0.053307
-0.445250 0.057048 -0.066342
-0.490661 0.050717 -0.027945
-0.524198 0.056953 -0.078640
-0.494525 0.054482 -0.055859
-0.468285 0.043917 -0.033522
-0.565588 0.047058 -0.072283
-0.410053 0.049083 -0.061377
-0.569617 0.040078 0.017366
-0.539258 0.043798 0.014187
-0.531908 0.045780 -0.057483
-0.638896 0.046128 -0.077603
-0.397072 0.058207 -0.083291
-0.549004 0.038541 -0.007852
-0.516796 0.042562 -0.031687
-0.551844 0.047160 -0.012238
-0.515763 0.041651 -0.024920
-0.600452 0.042706 -0.046488
-0.566326 0.047713 -0.077149
-0.645498 0.045896 -0.018483
-0.407401 0.052575 -0.027716
-0.408125 0.047427 0.009459
-0.499282 0.043662 0.016301
-0.530265 0.044091 0.013542
-0.474402 0.052347 -0.037079
-0.460718 0.049679 -0.015501
-0.577834 0.040835 -0.029212
-0.473599 0.051558 -0.083138
-0.583503 0.038095 -0.010291
-0.396003 0.047058 -0.041158
-0.574777 0.042898 0.014869
-0.413144 0.057311 -0.062971
-0.472293 0.046134 -0.050243
-0.517598 0.036503 0.012081
-0.429247 0.055863 -0.055128
-0.525920 0.057107 -0.081216
-0.601176 0.046103 -0.071220
-0.450151 0.058709 -0.079188
-0.580528 0.044950 -0.000948
-0.561649 0.043547 -0.046201
-0.626647 0.043264 0.003683
-0.561857 0.038617 0.016993
-0.646248 0.045734 -0.049451
-0.541889 0.050001 -0.031186
-0.591731 0.046304 -0.012597
-0.441162 0.047418 -0.054428
-0.465736 0.054966 -0.082844
-0.571403 0.051115 -0.044109
-0.525232 0.045570 -0.054870
-0.435190 0.040175 -0.000974
-0.504400 0.039795 -0.009603
-0.556503 0.048582 -0.023307
-0.530794 0.046664 -0.005184
-0.473541 0.056800 -0.069201
-0.491285 0.045230 -0.046821
-0.503618 0.040624 -0.015482
-0.471300 0.037967 0.009084
-0.581085 0.044280 0.003814
-0.566334 0.052205 -0.051170
-0.632100 0.045427 -0.012884
-0.589669 0.046587 -0.072831
-0.537189 0.055100 -0.067352
-0.638675 0.045918 -0.017522
-0.505078 0.041636 -0.023048
-0.496461 0.054513 -0.056399
-0.562918 0.034907 0.016186
-0.406822 0.041218 0.013916
-0.624598 0.050656 -0.079917
-0.460006 0.040889 -0.010228
-0.572155 0.042938 -0.043518
-0.437959 0.053436 -0.038982
-0.431245 0.052179 -0.028771
-0.489946 0.047380 -0.062175
-0.623901 0.042788 -0.050939
-0.478804 0.042956 -0.028295
-0.528156 0.055858 -0.081338
-0.410572 0.039382 0.008824
-0.557343 0.042891 -0.040737
-0.413442 0.041686 -0.008345
-0.641015 0.045750 -0.016691
-0.517820 0.046939 -0.005040
-0.396370 0.053277 -0.052363
-0.570799 0.044491 0.003978
-0.645753 0.044810 -0.069178
-0.476050 0.051282 -0.029640
-0.635706 0.051585 -0.058086
-0.484734 0.045002 0.014430
-0.419736 0.056719 -0.059764
-0.516871 0.056965 -0.081436
-0.482195 0.044988 0.014950
-0.447247 0.048015 -0.059756
-0.563857 0.049213 -0.029085
-0.549968 0.041009 0.017059
-0.594933 0.044454 0.000282
-0.424395 0.058385 -0.072599
-0.423500 0.055028 -0.048138
-0.448411 0.055666 -0.056851
-0.577669 0.044680 0.001478
-0.608457 0.049219 -0.080472
-0.642423 0.045890 -0.076460
-0.461890 0.054379 -0.049745
-0.458902 0.041249 0.015074
-0.604278 0.039816 -0.026178
-0.457061 0.053863 -0.045215
-0.575382 0.035129 0.012531
-0.633659 0.043149 -0.055159
-0.645170 0.040238 0.000849
-0.489820 0.043393 -0.033270
-0.519033 0.045349 -0.052246
-0.494522 0.044661 -0.043227
-0.541892 0.044796 0.006526
-0.566562 0.044224 -0.051909
-0.488923 0.056842 -0.072032
-0.531089 0.048946 -0.021763
-0.553213 0.048270 -0.079029
-0.493063 0.043159 -0.032108
-0.579187 0.044619 0.001675
-0.608627 0.035630 0.003435
-0.454500 0.054691 -0.083131
-0.456932 0.048888 -0.009148
-0.429591 0.046456 0.012963
-0.644567 0.049518 -0.044574
-0.523297 0.041256 -0.023298
-0.519000 0.055961 -0.081527
-0.612929 0.051410 -0.053077
-0.623757 0.047369 -0.025578
-0.450001 0.040831 -0.008162
-0.569308 0.044873 0.001460
-0.557281 0.046092 -0.005397
-0.571383 0.046496 -0.010642
-0.510428 0.045418 -0.051333
-0.466281 0.047986 -0.004150
-0.572303 0.040803 -0.028071
-0.400807 0.058934 -0.072700
-0.492512 0.040009 -0.009198
-0.542995 0.052594 -0.050152
-0.644703 0.041566 0.013019
-0.632540 0.054430 -0.078178
-0.440048 0.058921 -0.079057
-0.569205 0.038111 -0.008056
-0.510060 0.051535 -0.037066
-0.413298 0.050252 -0.011854
-0.449872 0.051496 -0.026884
-0.416698 0.056885 -0.060466
-0.632977 0.046241 -0.018923
-0.525334 0.043940 -0.043071
-0.531789 0.047496 -0.011377
-0.599596 0.046881 -0.018073
-0.631581 0.054398 -0.077792
-0.445265 0.037871 0.014064
-0.619709 0.035753 0.017881
-0.531527 0.052967 -0.050968
-0.559427 0.055708 -0.075417
-0.518852 0.045941 0.002021
-0.519857 0.039517 -0.010128
-0.521333 0.050358 -0.030390
-0.409766 0.042780 -0.015665
-0.478845 0.048699 -0.069908
-0.526534 0.040763 -0.020255
-0.447297 0.048740 -0.006492
-0.597430 0.046231 -0.013007
-0.559079 0.044944 0.002625
-0.568477 0.053467 -0.060670
-0.614104 0.043171 -0.052102
-0.509235 0.053142 -0.048571
-0.630600 0.034715 0.006446
-0.634311 0.045465 -0.013520
-0.572273 0.037570 -0.004643
-0.604970 0.048859 -0.033288
-0.428958 0.051139 -0.020854
-0.451530 0.044950 -0.038253
-0.630904 0.051561 -0.057127
-0.628407 0.046230 -0.076613
-0.419449 0.048736 -0.001885
-0.456658 0.044697 0.015499
-0.637530 0.051237 -0.055867
-0.620128 0.051879 -0.057660
-0.477409 0.039752 0.015278
-0.418436 0.048838 -0.060980
-0.580974 0.051698 -0.049904
-0.410069 0.049570 -0.064903
-0.547935 0.053718 -0.059105
-0.584661 0.044655 -0.058011
-0.640968 0.046279 -0.020512
-0.630944 0.034411 0.008590
-0.607800 0.044554 -0.002562
-0.616764 0.045179 -0.008564
-0.513284 0.038017 0.001818
-0.609123 0.046982 -0.020373
-0.630975 0.044488 -0.005898
-0.432017 0.053994 -0.042047
-0.564192 0.039093 -0.014346
-0.454165 0.052467 -0.034622
-0.454119 0.038254 0.009830
-0.472646 0.058252 -0.079574
-0.591439 0.047033 -0.076357
-0.510292 0.046904 -0.003552
-0.415527 0.048805 -0.060262
-0.463231 0.040491 0.015066
-0.579887 0.044171 0.004802
-0.416007 0.051444 -0.079460
-0.423794 0.051811 -0.024877
-0.567074 0.036291 0.005478
-0.411962 0.051775 -0.022673
-0.488031 0.055966 -0.065543
-0.582011 0.047767 -0.021597
-0.431218 0.053300 -0.036885
-0.443118 0.047051 0.006431
-0.434076 0.048627 -0.062024
-0.454976 0.040557 -0.006992
-0.618445 0.035159 0.005232
-0.443561 0.041560 0.014777
-0.476162 0.047899 -0.063672
-0.476245 0.056212 -0.065390
-0.534509 0.047129 -0.067683
-0.505037 0.055340 -0.063801
-0.419958 0.039509 0.006359
-0.549000 0.039189 -0.012546
-0.628007 0.043571 0.001235
-0.476497 0.048857 -0.070664
-0.551255 0.039444 0.016872
-0.492617 0.043761 -0.036397
-0.430035 0.053021 -0.083902
-0.556477 0.055065 -0.070271
-0.405713 0.040823 -0.000823
-0.643279 0.042116 -0.049256
-0.447249 0.051539 -0.026762
-0.606236 0.051364 -0.051640
-0.416341 0.049263 -0.005193
-0.492623 0.048751 -0.014029
-0.606964 0.046924 -0.078120
-0.541677 0.038221 -0.004328
-0.530759 0.037250 0.004500
-0.560612 0.038732 -0.011141
-0.470515 0.045226 -0.043372
-0.478653 0.054217 -0.051329
-0.552623 0.052012 -0.047519
-0.608341 0.042955 -0.049588
-0.543870 0.036130 0.010458
-0.508202 0.037683 0.005070
-0.574360 0.043148 0.013121
-0.458162 0.047594 0.000025
-0.609777 0.042984 -0.050032
-0.625421 0.047986 -0.030321
-0.554013 0.040779 -0.024891
-0.644268 0.052752 -0.067954
-0.644031 0.039201 -0.028258
-0.544050 0.036310 0.009125
-0.525479 0.054387 -0.060263
-0.425488 0.054052 -0.041389
-0.634103 0.039348 -0.027696
-0.614359 0.044991 -0.006805
-0.548831 0.047544 -0.014529
-0.457308 0.054417 -0.049268
-0.572608 0.046994 -0.072975
-0.631832 0.051400 -0.056111
-0.395176 0.042034 -0.003663
-0.496502 0.050286 -0.025787
-0.645102 0.044276 -0.006683
-0.431699 0.043390 -0.023688
-0.541845 0.036681 0.006802
-0.562644 0.054839 -0.069646
-0.489199 0.051241 -0.082836
-0.575585 0.036638 0.001561
-0.423593 0.051416 -0.080504
-0.614955 0.039873 -0.028351
-0.548546 0.046000 -0.003293
-0.521002 0.055659 -0.068743
-0.525621 0.036704 0.009303
-0.544698 0.041140 0.016960
-0.569549 0.045787 -0.005206
-0.397335 0.051096 -0.073868
-0.587338 0.049188 -0.032766
-0.463325 0.038174 0.008900
-0.427485 0.044304 0.014798
-0.555064 0.035627 0.016431
-0.612189 0.043735 0.002649
-0.572280 0.048766 -0.081336
-0.447648 0.055829 -0.057907
-0.539063 0.036461 0.008855
-0.543724 0.037821 -0.001766
-0.420126 0.044390 -0.029029
-0.478362 0.048916 -0.071402
-0.490920 0.042841 -0.029453
-0.455251 0.045301 -0.041408
-0.412338 0.038973 0.011493
-0.609696 0.053747 -0.069472
-0.602582 0.044689 -0.061204
-0.397424 0.046975 0.014498
-0.623602 0.036374 -0.004419
-0.485576 0.055604 -0.082317
-0.510248 0.051687 -0.038196
-0.507428 0.055766 -0.067283
-0.643530 0.037914 -0.018853
-0.598825 0.054245 -0.071291
-0.556144 0.042522 -0.037866
-0.433669 0.056118 -0.057702
-0.502384 0.039876 -0.009855
-0.444263 0.039742 0.014543
-0.396466 0.046656 -0.041560
-0.597400 0.042572 -0.045017
-0.430847 0.042007 -0.013529
-0.517833 0.036600 0.011339
-0.552724 0.049402 -0.028625
-0.588141 0.050213 -0.080786
-0.639647 0.040292 -0.035446
-0.537994 0.054450 -0.081314
-0.559199 0.046021 -0.005197
-0.543321 0.035431 0.015613
-0.518874 0.045592 -0.053979
-0.646189 0.052536 -0.066701
-0.432689 0.038711 0.010042
-0.645630 0.039994 -0.024118
-0.592051 0.044402 -0.057395
-0.609272 0.044633 -0.061898
-0.646308 0.044604 -0.054212
-0.613444 0.034619 0.009964
-0.470231 0.058533 -0.081216
-0.396650 0.052963 -0.067772
-0.510346 0.045150 0.009144
-0.451204 0.051900 -0.030028
-0.491218 0.048536 -0.012237
-0.466541 0.048926 -0.069528
-0.411839 0.044892 -0.031309
-0.567892 0.047678 -0.018635
-0.467028 0.044374 -0.036626
-0.486866 0.045021 -0.044579
-0.497513 0.050521 -0.027657
-0.515470 0.045963 0.002417
-0.517783 0.051794 -0.040212
-0.550430 0.035212 0.016033
-0.557149 0.046938 -0.011504
-0.589624 0.040320 -0.027422
-0.446056 0.056488 -0.062424
-0.455166 0.045193 0.015534
-0.520372 0.048352 -0.015700
-0.629916 0.036511 -0.006453
-0.466653 0.040912 -0.011486
-0.602656 0.045665 -0.068286
-0.443692 0.051373 -0.024972
-0.626636 0.050946 -0.051967
-0.410885 0.059224 -0.076460
-0.506412 0.051065 -0.033060
-0.635569 0.037101 -0.011656
-0.409897 0.052117 -0.024808
-0.397995 0.051996 -0.080496
-0.407442 0.048978 -0.001660
-0.416107 0.058036 -0.068709
-0.619989 0.034502 0.017715
-0.635810 0.041598 -0.044274
-0.444307 0.047646 -0.056599
-0.466134 0.038059 0.014796
-0.545653 0.047133 -0.011028
-0.630811 0.045069 -0.068600
-0.452325 0.050864 -0.081230
-0.421487 0.056481 -0.058331
-0.531902 0.050410 -0.032507
-0.541875 0.043332 -0.041391
-0.545369 0.049798 -0.030289
-0.617512 0.045155 -0.008512
-0.571312 0.051574 -0.047416
-0.482851 0.047243 -0.001492
-0.449780 0.050740 -0.021393
-0.472275 0.047668 -0.002833
-0.597603 0.042144 0.016571
-0.422932 0.050440 -0.073324
-0.606467 0.038058 -0.013800
-0.492653 0.047967 -0.008351
-0.544485 0.047591 -0.014150
-0.612865 0.038958 -0.021374
-0.629592 0.042927 0.005639
-0.421386 0.048379 -0.058136
-0.453877 0.045896 0.013030
-0.538462 0.049244 -0.025139
-0.537903 0.049850 -0.029437
-0.644569 0.043875 -0.003691
-0.426967 0.053529 -0.037843
-0.614077 0.051849 -0.079986
-0.573214 0.051040 -0.043861
-0.419376 0.050943 -0.017860
-0.487694 0.058152 -0.081320
-0.625414 0.037208 -0.010762
-0.613974 0.042306 0.012709
-0.510997 0.046315 0.000596
-0.397651 0.048775 -0.057104
-0.582773 0.042743 -0.043848
-0.614991 0.045807 -0.071346
-0.524273 0.047043 -0.006856
-0.589848 0.052568 -0.057667
-0.639669 0.038404 0.018688
-0.556926 0.046782 -0.010335
-0.430601 0.059326 -0.080438
-0.639513 0.038559 -0.022864
-0.549674 0.054017 -0.061559
-0.503085 0.043644 -0.037274
-0.574456 0.045800 -0.064629
-0.617396 0.050007 -0.043647
-0.515554 0.047257 -0.006976
-0.432598 0.044152 -0.029359
-0.461959 0.047368 -0.057489
-0.586734 0.043156 0.011034
-0.579529 0.042835 -0.043984
-0.506651 0.041512 -0.022409
-0.526872 0.052962 -0.050168
-0.486517 0.046112 -0.052428
-0.418918 0.052058 -0.025866
-0.528560 0.055658 -0.081357
-0.532973 0.047303 -0.010170
-0.550344 0.050237 -0.034282
-0.545537 0.044684 0.006739
-0.554273 0.047920 -0.076668
-0.515728 0.052782 -0.047028
-0.579779 0.041691 -0.035737
-0.477727 0.057452 -0.082236
-0.490748 0.054851 -0.057914
-0.502871 0.044785 0.013021
-0.445673 0.049818 -0.014032
-0.437243 0.043477 -0.025230
-0.628127 0.044747 -0.007301
-0.572719 0.048060 -0.080717
-0.431301 0.047379 0.005996
-0.427427 0.044787 -0.033109
-0.527207 0.041838 -0.028153
-0.432158 0.049587 -0.068658
-0.566843 0.049950 -0.081294
-0.472738 0.050250 -0.080137
-0.409236 0.040558 0.000521
-0.476149 0.046481 0.005127
-0.645577 0.040095 -0.021145
-0.473726 0.054049 -0.049299
-0.518625 0.048518 -0.075136
-0.635990 0.041125 0.017645
-0.461227 0.040345 -0.006487
-0.470193 0.045129 0.015858
-0.560669 0.046065 -0.005759
-0.607637 0.047132 -0.021211
-0.395702 0.050673 -0.020156
-0.419491 0.045067 -0.033830
-0.582495 0.043204 -0.047139
-0.536240 0.044178 0.011930
-0.516213 0.052163 -0.042626
-0.614878 0.035264 0.005053
-0.534586 0.048079 -0.016059
-0.415101 0.047775 0.005796
-0.552246 0.046205 -0.005390
-0.491474 0.046634 -0.057021
-0.500380 0.047931 -0.067886
-0.499926 0.050655 -0.029025
-0.410246 0.058254 -0.069329
-0.406783 0.044743 -0.029394
-0.409124 0.046555 -0.042904
-0.410073 0.038748 0.013496
-0.532000 0.037144 0.005068
-0.403886 0.056479 -0.055419
-0.485868 0.042677 -0.027432
-0.583969 0.041976 -0.038488
-0.425337 0.041281 0.014335
-0.452794 0.046468 0.009066
-0.480743 0.044728 -0.041446
-0.519989 0.043033 -0.035623
-0.613735 0.042029 0.014755
-0.604686 0.048533 -0.030879
-0.469839 0.051644 -0.031241
-0.485567 0.047399 -0.003073
-0.534076 0.055766 -0.071668
-0.594457 0.046015 -0.069475
-0.502980 0.042829 -0.031350
-0.536468 0.054963 -0.066241
-0.413520 0.049123 -0.003715
-0.601140 0.045576 -0.008868
-0.572233 0.046452 -0.068988
-0.422222 0.051513 -0.022456
-0.500009 0.046998 -0.061065
-0.610525 0.053097 -0.064905
-0.419789 0.049138 -0.063377
-0.504427 0.054773 -0.082013
-0.600995 0.042098 -0.042171
-0.474235 0.048291 -0.066196
-0.627362 0.043446 -0.056275
-0.551186 0.056014 -0.076274
-0.557407 0.044626 -0.053315
-0.610620 0.042204 0.013997
-0.641264 0.040381 -0.036352
-0.483009 0.055601 -0.062072
-0.500793 0.037986 0.015553
-0.633451 0.051310 -0.055728
-0.556714 0.045153 0.001502
-0.552711 0.052243 -0.049207
-0.623644 0.047397 -0.025768
-0.635527 0.047666 -0.029669
-0.645334 0.043977 -0.063075
-0.475545 0.038569 0.004026
-0.405529 0.044319 -0.026116
-0.589109 0.050056 -0.039349
-0.452458 0.055980 -0.059791
-0.613121 0.034247 0.017528
-0.419479 0.042773 -0.017210
