ply
format ascii 1.0
element vertex 10000
property float x
property float y
property float z
end_header
-0.558075 0.048295 -0.091630
-0.485252 -0.056596 -0.086628
-0.418928 -0.037338 -0.095810
-0.407860 0.155980 -0.089235
-0.461160 0.152030 -0.093260
-0.516325 0.219818 -0.091100
-0.504185 -0.053176 -0.094083
-0.528626 -0.011850 -0.093016
-0.539750 -0.044851 -0.093034
-0.534102 0.192705 -0.090879
-0.347363 0.063257 -0.097221
-0.642351 0.102198 -0.084885
-0.526664 0.125874 -0.091731
-0.376324 0.003970 -0.092214
-0.354615 0.026424 -0.097382
-0.616159 0.042484 -0.082102
-0.595738 0.124579 -0.089863
-0.549644 0.032843 -0.092009
-0.633130 0.083510 -0.081241
-0.553800 0.151550 -0.082740
-0.436206 0.185068 -0.091250
-0.346542 0.041041 -0.089456
-0.559099 -0.019621 -0.092262
-0.596348 0.018700 -0.090875
-0.487059 0.026752 -0.093773
-0.494189 0.162620 -0.084255
-0.584710 0.134448 -0.090068
-0.642121 0.085522 -0.088980
-0.498066 0.057753 -0.093172
-0.375837 0.040809 -0.096664
-0.508589 0.028167 -0.093173
-0.479877 0.200595 -0.084276
-0.520254 0.030492 -0.084829
-0.579183 0.000882 -0.091516
-0.529905 0.205376 -0.082867
-0.430960 0.079791 -0.086781
-0.428439 0.073506 -0.086911
-0.516641 0.095103 -0.092303
-0.444482 0.070048 -0.094511
-0.496001 0.155773 -0.084272
-0.566966 -0.003035 -0.091887
-0.594746 0.125273 -0.081880
-0.547255 -0.044106 -0.092822
-0.403074 0.091262 -0.087429
-0.524660 0.152496 -0.083524
-0.495204 0.216091 -0.091711
-0.601292 0.026511 -0.082662
-0.451902 -0.010305 -0.095090
-0.476232 -0.044163 -0.086753
-0.459865 0.198336 -0.092846
-0.529225 0.082867 -0.092079
-0.512124 -0.029300 -0.085631
-0.525887 0.113436 -0.091873
-0.532953 -0.072599 -0.093169
-0.398600 0.141670 -0.087061
-0.398342 0.050481 -0.087954
-0.477580 0.218323 -0.084166
-0.439475 0.135024 -0.094016
-0.529568 0.044842 -0.084436
-0.562387 -0.042253 -0.087472
-0.406867 0.123002 -0.087017
-0.578458 0.024124 -0.083306
-0.505826 -0.051375 -0.086017
-0.614965 0.031448 -0.090245
-0.483061 0.132802 -0.084848
-0.540142 -0.020595 -0.092787
-0.571154 -0.022108 -0.083954
-0.486585 0.180057 -0.092296
-0.627100 0.106191 -0.081185
-0.565840 0.066067 -0.083242
-0.510005 0.046665 -0.092954
-0.500674 0.234708 -0.091381
-0.425227 0.140521 -0.086347
-0.469098 0.111034 -0.093443
-0.406776 0.106735 -0.087178
-0.542267 0.185968 -0.082719
-0.599331 0.018628 -0.090795
-0.482160 0.098818 -0.093206
-0.619600 0.093707 -0.089514
-0.498094 0.167777 -0.084099
-0.502632 -0.047048 -0.094066
-0.489182 0.211797 -0.083914
-0.537165 0.125728 -0.083443
-0.549539 0.184649 -0.090537
-0.472747 0.079489 -0.085647
-0.450276 -0.036592 -0.095390
-0.501405 0.051862 -0.093138
-0.484315 0.084270 -0.093288
-0.519951 0.025329 -0.084888
-0.532424 0.039321 -0.092415
-0.486201 0.114692 -0.092942
-0.498773 0.229765 -0.091481
-0.434522 0.183415 -0.087028
-0.541840 0.192574 -0.090670
-0.494055 0.067796 -0.093183
-0.603259 0.093653 -0.089959
-0.412624 -0.001406 -0.088069
-0.425626 0.168016 -0.094073
-0.584157 0.127933 -0.090146
-0.519026 0.161768 -0.091590
-0.559846 0.115494 -0.082925
-0.604699 0.035357 -0.082483
-0.659755 0.082646 -0.088528
-0.450258 0.133684 -0.093736
-0.379427 0.040304 -0.088568
-0.381819 0.029910 -0.096607
-0.433138 0.128129 -0.086252
-0.508133 0.076054 -0.092720
-0.445184 -0.062985 -0.092737
-0.527301 -0.029726 -0.093226
-0.424736 -0.022690 -0.095950
-0.401936 0.149811 -0.093729
-0.487458 -0.025401 -0.094268
-0.494344 0.244939 -0.083796
-0.524803 0.040859 -0.092608
-0.548156 0.160525 -0.082806
-0.405336 0.107675 -0.095211
-0.357051 0.027926 -0.089297
-0.480706 0.095093 -0.093282
-0.529412 0.044105 -0.084448
-0.492824 0.116693 -0.084738
-0.436907 0.134026 -0.086092
-0.556006 0.086846 -0.091312
-0.504011 0.015401 -0.093421
-0.508541 -0.091387 -0.086332
-0.587386 -0.010521 -0.083400
-0.374978 0.108275 -0.096032
-0.406047 0.039025 -0.087856
-0.603772 0.015638 -0.082700
-0.372346 0.054865 -0.088619
-0.577992 0.046557 -0.091104
-0.574582 0.037339 -0.091287
-0.353724 0.075875 -0.096925
-0.508448 -0.070998 -0.094140
-0.570644 -0.010594 -0.083856
-0.400140 0.079876 -0.087620
-0.600205 0.095167 -0.090027
-0.379897 0.000930 -0.096941
-0.563604 0.082200 -0.091150
-0.559988 0.089926 -0.083170
-0.615263 0.012399 -0.090422
-0.396308 0.053519 -0.095983
-0.491394 0.173906 -0.092225
-0.516705 0.005439 -0.085169
-0.353333 0.075248 -0.088939
-0.372345 0.108292 -0.096104
-0.405787 -0.024578 -0.095210
-0.495640 0.145909 -0.092381
-0.434264 0.162686 -0.085886
-0.470123 0.215688 -0.092398
-0.538992 0.202822 -0.087484
-0.514694 0.217365 -0.083165
-0.570438 -0.032249 -0.084072
-0.437114 -0.048332 -0.095862
-0.455657 0.012866 -0.086759
-0.465999 0.039400 -0.094223
-0.364353 0.078682 -0.096609
-0.537422 -0.027290 -0.084923
-0.501799 0.094521 -0.092713
-0.604505 0.001000 -0.088640
-0.595716 0.124445 -0.081862
-0.537984 0.081070 -0.083855
-0.390471 0.076716 -0.087913
-0.445217 0.145616 -0.093757
-0.451386 0.097506 -0.094056
-0.558869 0.096927 -0.083132
-0.577277 -0.004886 -0.083620
-0.485245 0.123403 -0.092883
-0.529480 0.105755 -0.091850
-0.583764 0.137847 -0.082057
-0.574506 0.101191 -0.082665
-0.563905 0.136296 -0.090616
-0.519593 0.187593 -0.083321
-0.361959 0.059718 -0.088855
-0.471164 0.190670 -0.092613
-0.435668 0.117148 -0.094293
-0.426667 -0.041855 -0.096083
-0.520079 0.078939 -0.092367
-0.469152 0.098953 -0.093559
-0.533908 -0.008279 -0.092837
-0.571416 0.107005 -0.090696
-0.485327 -0.014177 -0.086214
-0.499661 0.025801 -0.085435
-0.476266 -0.018495 -0.094506
-0.398988 0.041133 -0.096031
-0.479801 -0.053800 -0.086750
-0.529000 0.096303 -0.083952
-0.529062 0.161699 -0.091318
-0.489357 0.053096 -0.093454
-0.495127 0.011197 -0.093704
-0.480191 -0.044446 -0.086648
-0.516056 0.086679 -0.084398
-0.409261 0.110497 -0.087074
-0.418466 -0.037044 -0.088257
-0.491088 0.137058 -0.092591
-0.533652 0.020163 -0.092568
-0.602751 0.140681 -0.083984
-0.575497 0.082905 -0.090819
-0.436981 0.065837 -0.094756
-0.459966 0.051014 -0.094274
-0.402704 0.076485 -0.087583
-0.447690 -0.041224 -0.087502
-0.567084 0.053499 -0.091334
-0.558454 0.026312 -0.083830
-0.458860 0.020117 -0.094605
-0.533064 0.036111 -0.092429
-0.324288 0.065082 -0.097832
-0.391396 0.030065 -0.088342
-0.409008 0.115536 -0.087032
-0.475921 0.047081 -0.093878
-0.402645 0.012738 -0.088204
-0.511023 0.092929 -0.084474
-0.581893 0.044526 -0.083015
-0.508745 -0.012373 -0.093562
-0.487259 0.034595 -0.085688
-0.556250 0.153458 -0.082654
-0.413501 0.135197 -0.094722
-0.577032 0.087108 -0.082733
-0.482530 0.069672 -0.093479
-0.578521 0.133672 -0.090244
-0.516248 0.082705 -0.092434
-0.409625 0.063476 -0.087521
-0.572767 -0.019141 -0.083882
-0.450321 0.062425 -0.086423
-0.345152 0.070531 -0.097211
-0.507029 0.047163 -0.093031
-0.578688 0.123263 -0.082337
-0.629292 0.045498 -0.081715
-0.481388 -0.097555 -0.095135
-0.488855 0.075233 -0.085249
-0.589870 0.051320 -0.090735
-0.503198 0.123171 -0.084393
-0.414662 0.137558 -0.086664
-0.494969 0.180443 -0.092064
-0.571183 0.065377 -0.083104
-0.496213 -0.054250 -0.094310
-0.537095 0.000034 -0.084667
-0.509783 0.168932 -0.091772
-0.488165 0.237490 -0.083692
-0.506192 0.068305 -0.092848
-0.584865 0.052309 -0.082858
-0.472747 0.076895 -0.093675
-0.498065 0.197250 -0.091816
-0.536829 0.178618 -0.082939
-0.479708 0.155989 -0.092717
-0.529335 -0.016058 -0.093038
-0.486693 -0.071487 -0.094737
-0.497548 0.112579 -0.092653
-0.501265 0.035832 -0.085294
-0.443028 0.132044 -0.093948
-0.549736 0.178589 -0.082588
-0.607433 0.120299 -0.081583
-0.484487 0.081462 -0.093311
-0.480975 0.202630 -0.092229
-0.466540 0.082371 -0.085788
-0.470649 0.168314 -0.084841
-0.574757 0.106787 -0.090607
-0.356287 0.030758 -0.089291
-0.548710 0.045204 -0.091915
-0.535308 0.134443 -0.091413
-0.525240 0.097644 -0.092044
-0.609763 0.070811 -0.082000
-0.396698 0.106137 -0.095461
-0.433299 0.007241 -0.087423
-0.537876 0.082482 -0.083844
-0.457939 0.080817 -0.086037
-0.437986 0.033275 -0.095045
-0.554872 0.006658 -0.084118
-0.500366 0.194788 -0.083774
-0.661816 0.083109 -0.080535
-0.533548 -0.001304 -0.092780
-0.491842 0.169935 -0.092251
-0.516979 0.036104 -0.084864
-0.477335 -0.017218 -0.094465
-0.474373 0.150964 -0.092911
-0.363472 0.090609 -0.096517
-0.356193 0.067076 -0.096944
-0.340557 0.073825 -0.089301
-0.645204 0.092970 -0.088824
-0.517265 0.127121 -0.091975
-0.531158 0.187787 -0.083004
-0.525060 0.015055 -0.092852
-0.376022 0.071884 -0.096357
-0.475975 0.116653 -0.085198
-0.502647 0.142246 -0.092226
-0.428283 0.048629 -0.095160
-0.568037 -0.035202 -0.084167
-0.442242 0.136871 -0.093923
-0.553959 0.014704 -0.092068
-0.572925 0.050501 -0.083201
-0.558122 0.100542 -0.083118
-0.511470 0.032021 -0.085053
-0.502892 0.236902 -0.083296
-0.467323 0.131017 -0.085294
-0.461281 0.115292 -0.085611
-0.599017 0.069634 -0.090308
-0.496256 0.012151 -0.085661
-0.540874 0.139826 -0.091209
-0.545675 0.021033 -0.092232
-0.445369 0.184714 -0.093373
-0.457584 0.087163 -0.093988
-0.443589 -0.059319 -0.095792
-0.444004 -0.061910 -0.090738
-0.505755 0.059922 -0.092941
-0.602367 0.002612 -0.090868
-0.340366 0.067968 -0.097366
-0.395082 -0.003202 -0.096568
-0.616682 0.097266 -0.089558
-0.464876 0.068519 -0.093971
-0.521601 0.182201 -0.083318
-0.425585 0.042696 -0.087288
-0.492543 0.070300 -0.085197
-0.516280 -0.000502 -0.093242
-0.344316 0.078693 -0.089151
-0.456310 0.004248 -0.094828
-0.505935 -0.014815 -0.085659
-0.606720 0.051443 -0.090275
-0.379792 0.020969 -0.088746
-0.620697 0.053726 -0.081869
-0.564058 0.105496 -0.090911
-0.403886 0.006771 -0.096231
-0.433764 0.137942 -0.086140
-0.517643 0.114053 -0.092092
-0.496479 -0.107282 -0.086815
-0.567927 -0.003007 -0.091860
-0.593080 0.147706 -0.081708
-0.591302 0.069031 -0.082520
-0.462821 -0.023076 -0.094917
-0.586059 0.088762 -0.082471
-0.412180 0.083168 -0.087260
-0.557742 0.074777 -0.091382
-0.459291 0.029019 -0.086503
-0.554823 0.163108 -0.082599
-0.404616 0.152574 -0.093251
-0.545443 0.039186 -0.084059
-0.590052 0.146384 -0.089806
-0.506194 0.134533 -0.092204
-0.560165 -0.040114 -0.092432
-0.401318 0.033247 -0.088041
-0.407039 -0.021775 -0.096423
-0.516477 0.224767 -0.088759
-0.498634 0.006711 -0.093652
-0.381199 0.005273 -0.096863
-0.437955 0.050203 -0.094882
-0.587968 0.062867 -0.090674
-0.495808 0.014002 -0.085655
-0.529178 -0.002902 -0.084911
-0.459544 -0.074502 -0.095506
-0.368557 0.075985 -0.088517
-0.452616 0.179445 -0.093227
-0.482185 0.093265 -0.093259
-0.411033 0.035910 -0.087750
-0.520186 0.053494 -0.092611
-0.426409 0.008292 -0.095603
-0.410553 0.022296 -0.087896
-0.649162 0.081568 -0.080823
-0.588758 0.042736 -0.090848
-0.523025 0.140366 -0.091689
-0.623075 0.075679 -0.081591
-0.599508 0.040489 -0.082574
-0.431019 0.096650 -0.094619
-0.573701 0.007336 -0.091602
-0.341165 0.066887 -0.089351
-0.506579 -0.059787 -0.086079
-0.469996 -0.021496 -0.086703
-0.432627 0.181464 -0.087243
-0.463669 0.062646 -0.094061
-0.484802 -0.086345 -0.086930
-0.426722 0.096265 -0.094740
-0.476413 0.046095 -0.085871
-0.437272 0.130328 -0.086118
-0.482107 0.155244 -0.084656
-0.606913 0.031108 -0.082464
-0.395754 -0.013463 -0.096649
-0.459487 0.006533 -0.094720
-0.592044 0.055371 -0.090636
-0.499580 0.044760 -0.085253
-0.464230 0.104223 -0.085638
-0.589437 0.137039 -0.081910
-0.401062 0.068008 -0.087710
-0.446669 -0.064481 -0.091321
-0.394571 0.040464 -0.088154
-0.618304 0.123084 -0.089263
-0.568503 0.034612 -0.083476
-0.468963 0.092471 -0.093627
-0.614574 0.084209 -0.089743
-0.410989 0.116744 -0.086966
-0.576133 0.164681 -0.082004
-0.533413 0.159423 -0.091222
-0.482217 -0.036058 -0.094515
-0.489745 0.185982 -0.092152
-0.423324 0.047482 -0.095306
-0.458963 -0.012239 -0.094916
-0.447597 0.100888 -0.094127
-0.467551 0.183638 -0.092779
-0.534977 0.037970 -0.084356
-0.647343 0.066512 -0.089022
-0.412014 0.021636 -0.087862
-0.565684 0.097674 -0.082940
-0.453594 0.103533 -0.085934
-0.421144 0.002385 -0.087801
-0.486260 0.094000 -0.093141
-0.408406 0.049784 -0.087687
-0.568950 0.173514 -0.082780
-0.496545 0.153665 -0.084278
-0.374426 0.096879 -0.096158
-0.421978 0.008860 -0.087715
-0.439641 0.083080 -0.094516
-0.518025 -0.075891 -0.085924
-0.503129 -0.036254 -0.093947
-0.554545 0.145437 -0.090782
-0.491601 0.003136 -0.093878
-0.484558 0.192983 -0.092226
-0.593980 0.048331 -0.090652
-0.440603 0.149366 -0.093846
-0.587685 0.078581 -0.090529
-0.555909 0.125480 -0.090939
-0.517325 0.171379 -0.091543
-0.535960 0.049587 -0.092219
-0.621751 0.105140 -0.081341
-0.539012 0.176799 -0.082897
-0.446434 0.013214 -0.087007
-0.451659 0.080701 -0.094212
-0.454554 -0.003273 -0.086946
-0.528174 -0.031139 -0.093216
-0.509349 0.029099 -0.093143
-0.587249 0.061613 -0.090706
-0.588863 0.005322 -0.091209
-0.510204 0.041837 -0.084993
-0.596572 0.042230 -0.090641
-0.475128 0.073146 -0.085643
-0.383989 0.023626 -0.096609
-0.403369 0.024673 -0.096071
-0.604735 0.014985 -0.090683
-0.634655 0.067738 -0.089356
-0.422952 0.163362 -0.086187
-0.571350 0.124180 -0.082528
-0.329250 0.052372 -0.089817
-0.508994 -0.093677 -0.086342
-0.459818 0.020897 -0.094571
-0.456165 -0.071981 -0.095573
-0.461923 0.029294 -0.086429
-0.438742 0.132434 -0.094061
-0.501393 -0.052538 -0.094153
-0.525607 0.021215 -0.092777
-0.523403 0.132860 -0.091752
-0.380763 0.120045 -0.087757
-0.478120 0.217167 -0.084162
-0.535502 0.068085 -0.084049
-0.351878 0.041017 -0.089311
-0.504562 -0.014849 -0.093700
-0.409864 0.109242 -0.095073
-0.527684 -0.005954 -0.092984
-0.580634 0.076243 -0.082741
-0.442952 0.036041 -0.094883
-0.581830 0.056028 -0.090908
-0.484569 0.188358 -0.092270
-0.416532 0.078558 -0.087186
-0.578983 0.041689 -0.083121
-0.499782 0.073385 -0.092973
-0.460985 0.147792 -0.093306
-0.575515 -0.028715 -0.084727
-0.583836 0.009930 -0.083298
-0.511701 -0.057511 -0.093920
-0.480472 0.081436 -0.093421
-0.362803 0.020222 -0.097219
-0.402010 0.029375 -0.088059
-0.348362 0.056521 -0.089256
-0.352586 0.074406 -0.088967
-0.559038 0.104859 -0.091054
-0.570805 0.033498 -0.083424
-0.598321 0.040040 -0.082611
-0.540338 -0.011282 -0.092692
-0.399257 0.045493 -0.087978
-0.541078 -0.016159 -0.084716
-0.480427 0.123797 -0.093010
-0.473036 0.191994 -0.092549
-0.535257 0.094999 -0.083794
-0.510780 0.015829 -0.085230
-0.592951 -0.000312 -0.083149
-0.384744 0.092354 -0.087917
-0.460839 -0.002750 -0.094773
-0.443565 0.131219 -0.085938
-0.524293 0.093395 -0.084108
-0.554700 0.002704 -0.092165
-0.539775 -0.053278 -0.093115
-0.644358 0.066489 -0.089104
-0.412155 0.086833 -0.087225
-0.531869 -0.061858 -0.093414
-0.567643 -0.019201 -0.092025
-0.531986 0.186668 -0.082992
-0.496501 0.227229 -0.083564
-0.448108 -0.020091 -0.095288
-0.454369 0.003043 -0.094893
-0.537212 -0.051106 -0.093164
-0.340796 0.085669 -0.089179
-0.535181 0.008884 -0.092636
-0.577362 0.156724 -0.090051
-0.372443 0.100700 -0.088171
-0.538515 0.096078 -0.091698
-0.616375 0.068614 -0.081842
-0.376284 0.077401 -0.096296
-0.555081 0.125287 -0.090963
-0.574467 0.003582 -0.083615
-0.620399 0.123668 -0.088165
-0.462140 0.204646 -0.084719
-0.597226 0.028576 -0.082752
-0.545004 0.179586 -0.090710
-0.478814 0.197351 -0.092339
-0.445546 0.070783 -0.094475
-0.472380 0.015993 -0.094277
-0.376549 0.117679 -0.087895
-0.404792 0.108691 -0.095216
-0.535729 -0.028428 -0.092984
-0.525552 0.048038 -0.084514
-0.510100 0.151332 -0.091935
-0.419604 0.148138 -0.086426
-0.454250 0.141204 -0.093554
-0.633236 0.108204 -0.080998
-0.457595 0.020409 -0.086633
-0.439576 0.147186 -0.085892
-0.438630 0.064939 -0.094720
-0.546884 -0.000350 -0.084404
-0.547038 0.194943 -0.086013
-0.462425 0.207126 -0.084687
-0.595737 0.030648 -0.090776
-0.522752 -0.012617 -0.093183
-0.440999 0.110031 -0.086214
-0.504131 0.027583 -0.093300
-0.498639 0.240830 -0.083374
-0.503230 0.077714 -0.092837
-0.492143 0.196335 -0.091986
-0.508912 0.174908 -0.091738
-0.586293 0.052926 -0.082813
-0.667047 0.070534 -0.080444
-0.474979 0.003441 -0.086325
-0.629924 0.077538 -0.081386
-0.417894 0.083652 -0.087099
-0.475179 -0.078893 -0.087119
-0.463801 0.111170 -0.093586
-0.519860 0.153393 -0.091649
-0.541024 0.192649 -0.082688
-0.621864 0.103913 -0.081349
-0.360815 0.030392 -0.097174
-0.554437 0.049556 -0.091717
-0.383741 0.008826 -0.088756
-0.556444 0.016005 -0.083985
-0.486939 0.032899 -0.093716
-0.384750 0.056357 -0.096270
-0.422913 0.072838 -0.095071
-0.439776 0.090063 -0.086441
-0.355316 0.085889 -0.088781
-0.462952 0.154592 -0.085183
-0.588374 -0.007016 -0.083339
-0.605873 0.041341 -0.090396
-0.505583 -0.026464 -0.085782
-0.478356 0.066965 -0.093619
-0.545066 0.061087 -0.083856
-0.483315 -0.074850 -0.094862
-0.458823 -0.044705 -0.095236
-0.372685 0.037987 -0.096777
-0.459031 0.176191 -0.093084
-0.590842 -0.007540 -0.083277
-0.406211 0.002191 -0.088209
-0.470113 0.051496 -0.085990
-0.554126 0.019650 -0.084012
-0.612714 0.055852 -0.090069
-0.570456 0.053859 -0.083235
-0.569876 0.092082 -0.090883
-0.344860 0.091230 -0.090331
-0.454052 0.089173 -0.086061
-0.387522 0.095624 -0.087810
-0.559953 -0.028178 -0.084318
-0.453646 0.113378 -0.085837
-0.538994 0.018342 -0.084437
-0.400435 0.009889 -0.088292
-0.545927 0.115504 -0.091308
-0.467816 0.107709 -0.085507
-0.527441 0.084407 -0.084110
-0.598833 0.033348 -0.090665
-0.531285 0.007509 -0.092755
-0.464034 0.042743 -0.094244
-0.637084 0.052418 -0.081435
-0.409970 0.023961 -0.095899
-0.504807 0.030871 -0.093249
-0.569439 0.077747 -0.091034
-0.395534 -0.000001 -0.096524
-0.582252 -0.017399 -0.083607
-0.487957 -0.042380 -0.086417
-0.508649 0.136401 -0.084116
-0.383248 0.124473 -0.095649
-0.628636 0.113635 -0.081071
-0.539142 0.116802 -0.091480
-0.464453 0.136405 -0.085319
-0.508977 0.057472 -0.092877
-0.397263 0.140335 -0.087110
-0.488443 0.041412 -0.093592
-0.611015 0.129474 -0.081396
-0.480462 0.180856 -0.092455
-0.543633 -0.051641 -0.084991
-0.671089 0.074243 -0.084779
-0.610112 0.042990 -0.090265
-0.441095 -0.012518 -0.095406
-0.515134 0.012355 -0.093148
-0.414055 0.059681 -0.095440
-0.385791 0.050591 -0.096298
-0.341329 0.040933 -0.089599
-0.418551 -0.000249 -0.095900
-0.672894 0.072337 -0.080594
-0.486678 0.038793 -0.085663
-0.487718 0.201750 -0.084051
-0.356967 0.095579 -0.088642
-0.507144 -0.036720 -0.085839
-0.615702 0.107517 -0.081482
-0.567826 0.040317 -0.091442
-0.579454 0.081612 -0.082721
-0.501454 -0.034475 -0.093976
-0.563168 -0.040919 -0.084355
-0.507911 -0.046044 -0.085909
-0.500708 0.056435 -0.093113
-0.424610 -0.037689 -0.096099
-0.508578 0.148851 -0.083997
-0.483890 -0.053065 -0.086631
-0.613739 0.020534 -0.090384
-0.606578 0.066115 -0.090136
-0.459290 -0.002428 -0.086809
-0.521162 0.042073 -0.092695
-0.546260 0.087183 -0.083570
-0.568025 0.140694 -0.090461
-0.516567 -0.037117 -0.093590
-0.482204 0.054255 -0.085634
-0.416961 0.078514 -0.095178
-0.452200 0.201493 -0.091715
-0.516626 0.007375 -0.085153
-0.382905 0.048822 -0.088391
-0.501021 -0.092298 -0.094549
-0.366310 0.083653 -0.088504
-0.541133 0.126241 -0.083330
-0.502492 0.023943 -0.085376
-0.482855 0.006532 -0.094084
-0.473350 -0.005171 -0.086453
-0.605597 0.033271 -0.082479
-0.374418 0.069903 -0.096420
-0.536523 0.120911 -0.083508
-0.496783 0.105167 -0.092746
-0.415486 -0.025491 -0.096229
-0.379229 0.124007 -0.095763
-0.585344 0.031947 -0.083043
-0.472528 0.201934 -0.084463
-0.482012 0.149841 -0.084711
-0.387641 0.124178 -0.087529
-0.439107 0.069187 -0.086662
-0.460450 0.146924 -0.093329
-0.510745 -0.008698 -0.085469
-0.575276 0.078422 -0.090869
-0.624112 0.115393 -0.089180
-0.394096 0.015007 -0.088414
-0.587925 0.155257 -0.088274
-0.410792 0.055943 -0.087562
-0.442803 0.129440 -0.085976
-0.546415 0.178243 -0.090685
-0.394365 0.029451 -0.088267
-0.602525 0.117602 -0.089746
-0.361005 0.097162 -0.088517
-0.634719 0.068499 -0.081343
-0.569391 0.117482 -0.082646
-0.386735 0.095958 -0.087828
-0.518409 -0.007327 -0.085247
-0.508277 -0.021116 -0.085657
-0.516054 0.140470 -0.083875
-0.501217 0.103354 -0.092643
-0.504796 0.220781 -0.083401
-0.578804 0.120694 -0.090362
-0.388800 -0.008205 -0.091113
-0.402824 0.058431 -0.087755
-0.426209 0.174798 -0.091133
-0.512154 0.000136 -0.093348
-0.508360 -0.081841 -0.086244
-0.559844 0.064089 -0.091428
-0.498018 0.240992 -0.091393
-0.616299 0.125278 -0.081293
-0.567755 0.028283 -0.083557
-0.516345 -0.018317 -0.093413
-0.458637 0.180968 -0.085045
-0.506532 0.042852 -0.085083
-0.537615 0.019593 -0.084462
-0.549755 -0.038038 -0.092695
-0.556540 0.094304 -0.091225
-0.536663 0.077641 -0.091928
-0.592286 0.099446 -0.082198
-0.596701 -0.000905 -0.083053
-0.505509 -0.008205 -0.085607
-0.538370 0.168860 -0.082992
-0.476672 0.208081 -0.092294
-0.448620 0.012378 -0.094959
-0.416334 -0.022533 -0.088174
-0.391414 0.051142 -0.096140
-0.516797 0.211999 -0.083160
-0.557948 0.128478 -0.090854
-0.557576 0.179370 -0.082366
-0.487378 0.070766 -0.093336
-0.525082 0.216348 -0.087389
-0.411890 0.010595 -0.095976
-0.528712 0.102379 -0.083900
-0.399947 0.137202 -0.087068
-0.571475 -0.009791 -0.083826
-0.564637 0.148395 -0.090479
-0.496846 -0.069370 -0.086437
-0.526304 0.037321 -0.092601
-0.403976 0.032714 -0.095977
-0.549935 0.128923 -0.091068
-0.408555 0.148696 -0.086722
-0.546519 0.133205 -0.091119
-0.555299 0.133919 -0.082870
-0.468480 0.110672 -0.093463
-0.430827 0.004579 -0.095519
-0.451307 0.090209 -0.094129
-0.505559 0.234930 -0.091246
-0.372129 0.085136 -0.096334
-0.486784 0.055394 -0.085498
-0.363065 0.035938 -0.089056
-0.550313 0.013218 -0.092182
-0.554613 -0.021667 -0.084401
-0.637352 0.084110 -0.081120
-0.547353 -0.040346 -0.084780
-0.432131 -0.006248 -0.095589
-0.486516 0.086108 -0.093211
-0.552210 0.028591 -0.083978
-0.503993 0.126835 -0.084336
-0.505780 0.137894 -0.084180
-0.451033 0.080331 -0.094233
-0.514211 0.099561 -0.084323
-0.554056 -0.003855 -0.092246
-0.524391 0.039259 -0.092635
-0.533681 0.098008 -0.091811
-0.547532 0.145347 -0.082971
-0.552574 0.102793 -0.091250
-0.486239 0.068640 -0.085385
-0.401961 0.063936 -0.087725
-0.521402 0.098744 -0.092138
-0.492991 -0.024863 -0.086109
-0.380070 0.018359 -0.096767
-0.564857 -0.008247 -0.091995
-0.434809 0.049089 -0.086975
-0.373015 0.007112 -0.090083
-0.384109 0.087697 -0.095983
-0.503777 0.225887 -0.091383
-0.553610 0.030540 -0.083921
-0.438685 0.140633 -0.093983
-0.559266 0.003014 -0.084034
-0.565632 0.022634 -0.083670
-0.494404 0.080111 -0.093054
-0.579551 0.004874 -0.091467
-0.502345 0.230241 -0.091379
-0.403795 -0.012089 -0.088414
-0.572495 0.008976 -0.091619
-0.420594 0.141815 -0.086461
-0.570468 0.123948 -0.082554
-0.565023 0.031692 -0.091602
-0.462651 0.155099 -0.093190
-0.447464 0.153208 -0.085619
-0.646261 0.059086 -0.081121
-0.486776 0.098509 -0.093083
-0.520074 0.132995 -0.091841
-0.420863 0.038768 -0.087455
-0.491042 0.094077 -0.093010
-0.505280 -0.073704 -0.086249
-0.465041 0.157129 -0.093105
-0.488504 0.220190 -0.091854
-0.488661 0.058339 -0.085419
-0.350835 0.089802 -0.088865
-0.517504 0.012966 -0.093078
-0.562404 0.168026 -0.082345
-0.560301 -0.034160 -0.092370
-0.498629 -0.103739 -0.094726
-0.475853 0.008366 -0.086253
-0.355539 0.029353 -0.097328
-0.613022 0.130876 -0.089056
-0.543344 0.065627 -0.083859
-0.567981 0.012202 -0.083707
-0.507033 0.191883 -0.083621
-0.538493 0.203275 -0.086597
-0.523961 0.197892 -0.091105
-0.531584 0.005296 -0.084766
-0.597271 -0.005183 -0.083079
-0.410475 0.087038 -0.087269
-0.371099 0.063803 -0.096570
-0.548848 0.104674 -0.083330
-0.457540 0.079888 -0.086057
-0.480643 0.141244 -0.084832
-0.489315 0.090924 -0.093088
-0.365810 0.065083 -0.088698
-0.524225 0.023228 -0.084792
-0.421386 -0.012011 -0.095937
-0.408700 -0.002101 -0.096186
-0.524667 0.076067 -0.084266
-0.504215 -0.091244 -0.086449
-0.405893 0.119999 -0.087073
-0.552175 0.171053 -0.082594
-0.549770 0.130680 -0.091055
-0.407075 0.098074 -0.095257
-0.493918 -0.042996 -0.094264
-0.382042 0.034849 -0.088550
-0.512327 0.024426 -0.093107
-0.561792 -0.036551 -0.092353
-0.384515 0.023197 -0.088596
-0.466589 0.116367 -0.085456
-0.524050 0.132098 -0.083739
-0.461402 0.030641 -0.094433
-0.545870 -0.055845 -0.092974
-0.624499 0.042115 -0.081878
-0.499735 0.081737 -0.084890
-0.534204 0.115741 -0.091624
-0.441791 0.190852 -0.088764
-0.489056 0.158320 -0.084437
-0.612214 0.129705 -0.081361
-0.535140 0.170312 -0.083065
-0.414809 0.154257 -0.094501
-0.422706 0.170495 -0.086125
-0.589852 0.115233 -0.090114
-0.536487 -0.037410 -0.093050
-0.487867 0.122726 -0.084815
-0.435555 -0.022052 -0.087646
-0.404497 0.111859 -0.095193
-0.592784 0.018042 -0.090979
-0.461430 -0.019647 -0.086918
-0.592463 0.045431 -0.082718
-0.456529 -0.065583 -0.087498
-0.403977 0.124041 -0.095089
-0.434766 0.127690 -0.086212
-0.565525 0.088466 -0.091037
-0.550839 0.120406 -0.091126
-0.465879 -0.041953 -0.087013
-0.387816 -0.007329 -0.088834
-0.577030 0.039038 -0.083200
-0.480737 0.130207 -0.092940
-0.437182 0.186122 -0.088468
-0.453901 -0.027722 -0.095205
-0.500066 -0.056774 -0.086227
-0.380338 0.120216 -0.095770
-0.593173 0.143121 -0.081750
-0.372321 0.053864 -0.096633
-0.366030 0.019819 -0.089132
-0.587274 0.093021 -0.082397
-0.499601 -0.106838 -0.091538
-0.506572 0.230271 -0.091264
-0.493713 0.223998 -0.091675
-0.436551 -0.027884 -0.095679
-0.632742 0.072840 -0.081355
-0.575489 0.133937 -0.090324
-0.646751 0.097871 -0.083564
-0.597313 -0.000054 -0.091031
-0.468891 0.152393 -0.093046
-0.516898 0.181880 -0.083450
-0.327252 0.069721 -0.097706
-0.572584 0.170009 -0.083605
-0.382922 0.057631 -0.096308
-0.553678 0.149044 -0.082767
-0.575008 -0.017675 -0.091810
-0.503001 0.010787 -0.085490
-0.665127 0.069237 -0.080508
-0.460716 -0.051742 -0.095252
-0.383649 0.088444 -0.087985
-0.590651 0.047435 -0.082748
-0.544207 0.102759 -0.091478
-0.507840 0.072585 -0.092761
-0.411098 0.015849 -0.095947
-0.459638 -0.041668 -0.095184
-0.453027 0.165127 -0.085351
-0.495365 0.199952 -0.091864
-0.636078 0.082465 -0.089174
-0.504847 -0.050291 -0.094037
-0.410294 0.016654 -0.087957
-0.380371 0.127660 -0.093439
-0.597552 0.027870 -0.090753
-0.618396 0.081367 -0.081663
-0.654336 0.073277 -0.088766
-0.590600 0.148487 -0.089771
-0.401387 0.026241 -0.096110
-0.431062 0.143516 -0.086159
-0.430526 0.035830 -0.095224
-0.634657 0.042184 -0.089604
-0.574627 0.057723 -0.091088
-0.562437 0.160480 -0.090421
-0.595551 0.024238 -0.090843
-0.340221 0.085952 -0.089192
-0.437787 0.074299 -0.086649
-0.391764 0.092077 -0.095732
-0.541590 0.099728 -0.083576
-0.409881 0.077791 -0.095378
-0.469950 0.066483 -0.085849
-0.490101 -0.065132 -0.086579
-0.432211 0.092971 -0.086619
-0.602311 0.008294 -0.082811
-0.481189 0.172448 -0.084513
-0.584278 0.137729 -0.090047
-0.561444 0.006075 -0.083945
-0.509439 0.101552 -0.084433
-0.542448 0.002475 -0.092500
-0.480812 0.219298 -0.092072
-0.461967 0.142393 -0.093332
-0.592698 0.068293 -0.090493
-0.492896 0.076778 -0.093128
-0.574166 0.144461 -0.082254
-0.483428 -0.096533 -0.095069
-0.618498 0.039061 -0.090074
-0.403871 -0.012148 -0.096415
-0.534085 -0.056847 -0.085301
-0.453559 0.110261 -0.085870
-0.613012 0.060919 -0.082008
-0.475410 0.105663 -0.093323
-0.516272 0.009198 -0.093148
-0.552948 0.177204 -0.090517
-0.484184 0.194074 -0.084222
-0.381935 0.120359 -0.087722
-0.424251 0.043677 -0.095318
-0.466536 0.066284 -0.085944
-0.560608 0.101942 -0.083036
-0.380066 0.038845 -0.096568
-0.369762 0.116767 -0.092961
-0.437333 0.088950 -0.086519
-0.638059 0.106406 -0.085800
-0.524840 0.103368 -0.083996
-0.631399 0.032250 -0.089789
-0.487115 -0.099891 -0.086998
-0.405911 -0.021684 -0.088449
-0.395818 0.072421 -0.095813
-0.457286 0.193356 -0.092964
-0.505279 0.204974 -0.083542
-0.479819 0.190673 -0.092377
-0.556621 0.028786 -0.083856
-0.539675 0.029602 -0.092312
-0.638762 0.052231 -0.089395
-0.419545 0.099834 -0.086897
-0.458834 0.011024 -0.094694
-0.574901 0.167949 -0.088933
-0.562127 0.064818 -0.083356
-0.391570 0.011074 -0.088521
-0.568137 -0.033983 -0.092155
-0.558949 0.027294 -0.091810
-0.473021 -0.044245 -0.094845
-0.526284 0.070260 -0.092282
-0.529545 -0.037189 -0.085234
-0.432039 -0.042195 -0.087937
-0.441839 0.113692 -0.094159
-0.420270 0.086580 -0.087006
-0.610612 0.051907 -0.090164
-0.515976 0.144256 -0.083840
-0.465554 -0.045713 -0.095062
-0.563822 0.049361 -0.083460
-0.476874 0.186853 -0.092494
-0.487871 0.062549 -0.085399
-0.482431 0.021751 -0.093947
-0.529707 0.156168 -0.083351
-0.444160 0.077414 -0.086445
-0.398911 0.017164 -0.096266
-0.511639 0.228928 -0.083136
-0.517017 -0.088949 -0.091841
-0.324979 0.065312 -0.097811
-0.398770 0.134766 -0.087124
-0.558402 0.034821 -0.091752
-0.471149 0.046032 -0.094018
-0.482118 0.112028 -0.093079
-0.527924 -0.038575 -0.093295
-0.472255 -0.078995 -0.087200
-0.567553 -0.025446 -0.092088
-0.552110 -0.039278 -0.084640
-0.363396 0.078959 -0.096632
-0.468772 -0.056302 -0.095077
-0.610147 0.092606 -0.089782
-0.566873 -0.000553 -0.091865
-0.612207 0.017098 -0.082456
-0.490005 0.026825 -0.093692
-0.525614 0.111316 -0.091901
-0.430133 0.033224 -0.095260
-0.644468 0.088758 -0.080881
-0.403067 0.034250 -0.095987
-0.503830 0.215134 -0.091486
-0.476442 -0.086742 -0.095164
-0.573282 0.073867 -0.082964
-0.572550 0.145118 -0.090295
-0.365121 0.071303 -0.096660
-0.515978 0.220564 -0.091102
-0.378926 0.059241 -0.088398
-0.591431 0.045926 -0.082741
-0.580128 0.094344 -0.090582
-0.367490 0.029794 -0.088995
-0.494947 -0.055565 -0.086354
-0.456511 -0.061482 -0.095462
-0.373467 0.088931 -0.096261
-0.480582 -0.047215 -0.094668
-0.580061 0.085592 -0.082666
-0.405634 0.032970 -0.095929
-0.469124 0.218985 -0.086105
-0.536212 0.024341 -0.092458
-0.330912 0.065627 -0.097646
-0.425627 0.012560 -0.087580
-0.584405 0.131573 -0.082100
-0.550032 0.025255 -0.084069
-0.508063 0.226645 -0.083255
-0.509921 0.231066 -0.086634
-0.519168 0.208641 -0.091131
-0.348551 0.071255 -0.089108
-0.625251 0.076939 -0.081519
-0.334848 0.047325 -0.097717
-0.466536 0.189732 -0.092748
-0.428066 -0.000173 -0.087637
-0.537844 -0.040391 -0.085039
-0.549578 -0.055375 -0.085339
-0.546691 -0.035149 -0.084747
-0.645414 0.048621 -0.081245
-0.435783 -0.053778 -0.094503
-0.356194 0.056818 -0.097043
-0.581847 0.027013 -0.083186
-0.411014 -0.004361 -0.088142
-0.485823 0.211170 -0.092014
-0.604485 0.055746 -0.082291
-0.527333 0.054312 -0.084405
-0.384206 0.120060 -0.095666
-0.541603 0.051542 -0.092047
-0.396860 0.001773 -0.096471
-0.439901 -0.006974 -0.095384
-0.496609 0.030979 -0.085468
-0.416476 0.136118 -0.094632
-0.460566 0.191625 -0.084889
-0.477686 0.170957 -0.084623
-0.531164 0.065968 -0.084187
-0.512468 -0.047164 -0.085796
-0.607420 0.122257 -0.081564
-0.415202 0.039929 -0.095601
-0.589659 0.145950 -0.081818
-0.589110 0.066497 -0.090608
-0.606425 0.091234 -0.089896
-0.562100 0.175929 -0.082277
-0.431342 0.123863 -0.086343
-0.351535 0.050183 -0.089231
-0.458625 0.204613 -0.084815
-0.458085 0.066027 -0.094180
-0.491223 0.232211 -0.091663
-0.647058 0.076283 -0.080932
-0.370279 0.010026 -0.097080
-0.368214 0.062173 -0.088661
-0.449282 -0.049184 -0.087536
-0.465480 0.169775 -0.084967
-0.394269 0.046995 -0.096102
-0.595862 0.051105 -0.090574
-0.593251 0.026132 -0.090887
-0.465104 0.153270 -0.085138
-0.434684 -0.008956 -0.087542
-0.375814 0.066220 -0.088415
-0.434770 0.125829 -0.086230
-0.541551 0.139112 -0.083194
-0.551066 -0.042363 -0.084698
-0.529738 0.074778 -0.092144
-0.462713 0.082985 -0.085886
-0.534330 0.133608 -0.091447
-0.548329 -0.017446 -0.084531
-0.505768 0.113487 -0.092420
-0.590544 0.049911 -0.082727
-0.400016 0.102198 -0.095409
-0.432423 0.181200 -0.090204
-0.544465 0.033301 -0.084143
-0.542580 0.093905 -0.091609
-0.533510 0.195938 -0.082861
-0.471214 0.152506 -0.092982
-0.441621 0.145092 -0.093860
-0.359563 0.077322 -0.096752
-0.371094 0.102879 -0.088187
-0.533926 0.114719 -0.091642
-0.646939 0.095258 -0.080751
-0.576475 0.038293 -0.083223
-0.627077 0.107308 -0.089178
-0.551335 0.143684 -0.090886
-0.495950 -0.061561 -0.086385
-0.431654 0.110111 -0.094471
-0.420015 0.147657 -0.086420
-0.470327 0.053490 -0.093968
-0.512240 -0.063282 -0.085959
-0.529576 -0.065146 -0.085505
-0.441338 0.153857 -0.093782
-0.419870 0.034764 -0.095524
-0.554836 -0.041929 -0.084591
-0.464422 0.089773 -0.085773
-0.537900 0.177840 -0.090920
-0.454414 0.161796 -0.085346
-0.503055 0.104003 -0.084583
-0.451748 0.159607 -0.085440
-0.639979 0.104329 -0.088855
-0.451056 0.117939 -0.085863
-0.370257 0.094492 -0.096294
-0.620068 0.116792 -0.081273
-0.490227 -0.077436 -0.094699
-0.606661 0.067037 -0.082122
-0.498619 0.139679 -0.092361
-0.486751 0.237055 -0.088280
-0.480055 0.058777 -0.085649
-0.382420 0.039054 -0.088499
-0.451272 0.175519 -0.093301
-0.504309 0.126581 -0.084330
-0.431296 0.089383 -0.086679
-0.624855 0.038256 -0.081906
-0.370743 0.032051 -0.096888
-0.602663 0.007902 -0.082805
-0.631824 0.066676 -0.081440
-0.532748 0.139442 -0.091434
-0.490460 -0.042105 -0.086346
-0.600540 0.048884 -0.082465
-0.590598 0.007649 -0.091139
-0.618153 0.064966 -0.081829
-0.646534 0.044283 -0.083235
-0.587200 0.100956 -0.090325
-0.469614 0.185659 -0.084700
-0.468673 0.165596 -0.092924
-0.540010 0.012340 -0.092471
-0.569791 0.025617 -0.083528
-0.534099 -0.063219 -0.085363
-0.599722 0.041938 -0.082554
-0.378419 0.123899 -0.087783
-0.491481 0.111431 -0.084826
-0.561602 0.168562 -0.090365
-0.509395 0.128393 -0.084174
-0.600812 0.034090 -0.090604
-0.454752 0.107301 -0.085866
-0.612275 0.019594 -0.090433
-0.514767 0.045281 -0.092838
-0.561338 0.002731 -0.091984
-0.333160 0.064628 -0.097595
-0.562515 0.168641 -0.082336
-0.375370 0.026908 -0.088809
-0.522657 0.155884 -0.091549
-0.448662 0.106079 -0.086044
-0.504003 -0.049073 -0.094048
-0.481440 0.141796 -0.092808
-0.545973 0.038153 -0.092058
-0.454301 0.104009 -0.093914
-0.563964 0.178478 -0.085951
-0.511356 0.004011 -0.093332
-0.524014 -0.036430 -0.085377
-0.351325 0.097754 -0.096778
-0.542147 0.181886 -0.090765
-0.350844 0.028711 -0.091059
-0.476181 -0.036010 -0.086675
-0.570711 0.155561 -0.090244
-0.476798 -0.016041 -0.094468
-0.433378 0.074369 -0.094771
-0.384397 0.042388 -0.096416
-0.397999 -0.008264 -0.096538
-0.527834 -0.009737 -0.093017
-0.602812 0.140731 -0.086985
-0.478648 0.193272 -0.092384
-0.426321 0.068620 -0.087016
-0.533328 0.037743 -0.084403
-0.542193 0.028269 -0.092257
-0.469897 0.211470 -0.084442
-0.450482 -0.055330 -0.095566
-0.464863 0.214520 -0.090796
-0.461547 0.018787 -0.086541
-0.394223 0.037019 -0.096200
-0.418839 -0.023392 -0.096117
-0.561412 -0.008371 -0.084086
-0.478581 -0.082827 -0.095068
-0.534999 0.155766 -0.091214
-0.548557 -0.040826 -0.084752
-0.444929 0.178180 -0.085445
-0.519857 0.079621 -0.092366
-0.461279 0.005430 -0.094682
-0.507247 0.025742 -0.085229
-0.577588 0.104095 -0.090556
-0.460211 0.106984 -0.085721
-0.362351 0.076412 -0.096685
-0.475186 0.115871 -0.085227
-0.612069 0.115674 -0.089505
-0.466264 0.119452 -0.093438
-0.514225 0.211617 -0.091237
-0.484370 0.204399 -0.092120
-0.448423 0.172194 -0.085408
-0.557568 0.099349 -0.091148
-0.499004 -0.048640 -0.086177
-0.566863 0.013282 -0.083727
-0.481402 0.002349 -0.094164
-0.522228 -0.014131 -0.093212
-0.544834 -0.060282 -0.087130
-0.390449 0.040834 -0.088263
-0.489197 0.138856 -0.084622
-0.399126 0.138474 -0.095081
-0.577577 0.165169 -0.084048
-0.428792 0.105482 -0.094594
-0.511906 0.091174 -0.084467
-0.505677 0.023526 -0.093297
-0.418859 0.120090 -0.094722
-0.464008 0.025133 -0.086413
-0.398756 0.041838 -0.096030
-0.531641 0.066676 -0.084168
-0.489469 0.008615 -0.093883
-0.552795 0.077988 -0.091485
-0.556227 0.034765 -0.083808
-0.494526 0.228345 -0.091611
-0.391380 -0.010710 -0.088738
-0.523950 0.170701 -0.083366
-0.578419 0.017907 -0.083368
-0.509867 0.139523 -0.084053
-0.404096 0.125338 -0.087070
-0.514646 -0.045270 -0.093721
-0.500266 0.136462 -0.084344
-0.372889 0.111973 -0.088050
-0.529953 -0.021984 -0.093078
-0.551982 0.105071 -0.091244
-0.553424 0.043916 -0.083796
-0.634964 0.032366 -0.084799
-0.497867 -0.051035 -0.086231
-0.459682 -0.069904 -0.095457
-0.512634 0.112059 -0.092247
-0.513973 -0.003068 -0.093330
-0.395893 0.023535 -0.096286
-0.332626 0.046562 -0.094703
-0.538655 0.188445 -0.082793
-0.619850 0.106387 -0.081380
-0.411512 0.065239 -0.087452
-0.394762 0.107260 -0.095503
-0.417182 -0.023102 -0.088156
-0.472247 0.038516 -0.086058
-0.586424 0.143573 -0.081929
-0.472864 0.029568 -0.094132
-0.358221 0.032642 -0.089220
-0.628918 0.037192 -0.089809
-0.451791 0.044166 -0.094564
-0.431732 0.087079 -0.086689
-0.603510 0.114648 -0.089748
-0.366004 0.093874 -0.088413
-0.463052 0.021173 -0.094480
-0.485592 -0.079425 -0.094844
-0.548723 0.065906 -0.083710
-0.364417 0.096256 -0.088433
-0.450067 0.041043 -0.094641
-0.583994 0.103245 -0.090390
-0.501343 0.167770 -0.092014
-0.578078 0.074560 -0.082827
-0.612919 0.022019 -0.082389
-0.334540 0.060023 -0.089598
-0.494604 -0.111102 -0.091377
-0.518620 0.061637 -0.092574
-0.496794 0.122180 -0.084577
-0.623505 0.020705 -0.090117
-0.383958 0.063689 -0.096221
-0.421752 0.066042 -0.087166
-0.449282 0.103043 -0.086057
-0.489726 -0.106411 -0.089887
-0.517014 0.115248 -0.092097
-0.424963 0.025949 -0.087468
-0.349631 0.096124 -0.090737
-0.534695 0.016354 -0.084573
-0.561191 0.051683 -0.083509
-0.546718 0.125235 -0.091191
-0.432535 0.034010 -0.087183
-0.638580 0.081467 -0.081112
-0.525920 0.215561 -0.088187
-0.537375 0.131623 -0.091384
-0.513885 0.153623 -0.083806
-0.498715 0.173849 -0.092026
-0.388859 0.120972 -0.095531
-0.381519 0.027081 -0.096643
-0.573638 -0.000011 -0.083672
-0.511037 0.125895 -0.084153
-0.548233 0.076267 -0.091626
-0.506144 -0.056368 -0.094061
-0.474135 0.086392 -0.093545
-0.533654 0.037612 -0.092399
-0.533214 0.028929 -0.092495
-0.505952 0.224355 -0.083335
-0.429373 0.043860 -0.087174
-0.479654 -0.088604 -0.095095
-0.531095 0.210367 -0.083748
-0.423467 0.079416 -0.094992
-0.630821 0.113375 -0.083851
-0.459682 0.055446 -0.094239
-0.615907 0.041358 -0.090123
-0.358392 0.039158 -0.089152
-0.506669 0.003167 -0.093468
-0.381542 0.013634 -0.096773
-0.435306 0.049952 -0.094956
-0.511751 0.037994 -0.092991
-0.445904 -0.049083 -0.095630
-0.357661 0.030002 -0.089261
-0.398533 0.120097 -0.095276
-0.496084 0.091957 -0.084890
-0.426286 -0.011482 -0.095799
-0.417412 0.061392 -0.087329
-0.458188 0.199103 -0.092884
-0.470999 0.050425 -0.093980
-0.567581 0.102210 -0.082844
-0.559666 -0.029935 -0.092347
-0.385634 0.133042 -0.094820
-0.533464 0.036243 -0.084414
-0.386762 0.074806 -0.096036
-0.520184 -0.018352 -0.085306
-0.470741 0.039497 -0.086090
-0.378987 0.054295 -0.096447
-0.549148 0.117449 -0.091201
-0.444002 0.098401 -0.094249
-0.397271 0.133387 -0.095181
-0.367097 0.047308 -0.096839
-0.551736 0.074452 -0.083545
-0.352597 0.037006 -0.097334
-0.466561 0.071852 -0.093892
-0.386014 0.023391 -0.088553
-0.365779 0.053468 -0.088812
-0.567470 0.172430 -0.082165
-0.389247 0.083130 -0.087884
-0.557498 0.184695 -0.083972
-0.436018 0.137370 -0.086084
-0.425121 0.155704 -0.086203
-0.507515 0.202533 -0.091508
-0.611414 0.092863 -0.081741
-0.367345 0.026012 -0.097039
-0.569013 0.050449 -0.091311
-0.515117 0.103253 -0.084262
-0.476265 0.083318 -0.085514
-0.616344 0.111124 -0.081430
-0.478881 0.062397 -0.085646
-0.605734 0.067642 -0.082141
-0.558510 -0.046327 -0.092420
-0.517320 -0.044305 -0.085636
-0.471098 0.058484 -0.085895
-0.444361 -0.051457 -0.087692
-0.596552 0.056805 -0.082496
-0.571426 0.141611 -0.082356
-0.553618 -0.049182 -0.084695
-0.620906 0.122991 -0.083076
-0.372244 0.007905 -0.091276
-0.507904 0.172962 -0.091784
-0.409548 -0.005941 -0.088197
-0.450822 -0.068572 -0.089902
-0.476942 0.053154 -0.093792
-0.557508 0.043115 -0.091696
-0.367541 0.066806 -0.088634
-0.600266 -0.001985 -0.090970
-0.468262 0.187559 -0.092722
-0.544809 0.169667 -0.082808
-0.454831 0.122340 -0.085718
-0.518487 0.106214 -0.084142
-0.466688 -0.002392 -0.086607
-0.506078 -0.041294 -0.085913
-0.600029 0.112624 -0.081859
-0.386231 0.013641 -0.096645
-0.324349 0.070159 -0.090108
-0.509932 0.030329 -0.085112
-0.521774 0.126002 -0.091863
-0.496290 0.078054 -0.085019
-0.519714 -0.014142 -0.093281
-0.640169 0.037721 -0.084416
-0.495950 0.002088 -0.093770
-0.371787 0.118814 -0.094857
-0.530419 -0.043825 -0.085275
-0.391858 0.105546 -0.087596
-0.497958 0.222869 -0.083567
-0.490512 -0.086367 -0.086774
-0.452491 0.130926 -0.085698
-0.456848 0.081423 -0.094064
-0.516473 0.062283 -0.092627
-0.477539 0.082602 -0.085486
-0.614563 0.120183 -0.081390
-0.626186 0.099559 -0.089277
-0.506075 -0.023018 -0.085735
-0.524517 0.003324 -0.084977
-0.548081 0.094677 -0.091451
-0.513771 0.101256 -0.092321
-0.505831 0.224676 -0.091338
-0.550201 0.117029 -0.083173
-0.421594 -0.040145 -0.089866
-0.454163 0.018040 -0.094753
-0.352996 0.070816 -0.096994
-0.400943 0.103481 -0.095372
-0.414881 -0.033649 -0.088964
-0.465231 0.087126 -0.093780
-0.431212 0.089749 -0.086678
-0.371957 0.058584 -0.096597
-0.469850 0.219170 -0.092372
-0.502672 -0.068525 -0.086270
-0.404497 0.105739 -0.095253
-0.420919 -0.039327 -0.094317
-0.630364 0.038778 -0.081751
-0.488922 0.155674 -0.084466
-0.602036 0.057363 -0.090345
-0.455513 0.066897 -0.094241
-0.491202 0.135927 -0.092599
-0.507637 0.140725 -0.092105
-0.438755 0.085344 -0.086515
-0.565987 0.089712 -0.083009
-0.417682 0.046191 -0.095473
-0.533506 -0.065932 -0.093409
-0.509071 0.182001 -0.091665
-0.512013 -0.078518 -0.094116
-0.518031 0.151086 -0.091721
-0.395151 0.109692 -0.087466
-0.522790 0.198079 -0.091135
-0.509802 0.218980 -0.091286
-0.350962 0.055749 -0.089193
-0.549619 0.031841 -0.092020
-0.497802 0.087751 -0.092887
-0.482662 0.204859 -0.092162
-0.483599 0.191675 -0.092264
-0.362042 0.059748 -0.088852
-0.515578 0.164313 -0.083656
-0.544250 0.109267 -0.083410
-0.556102 0.133949 -0.090851
-0.544257 0.039058 -0.084092
-0.592398 0.008884 -0.091078
-0.489550 -0.000750 -0.093972
-0.648509 0.047559 -0.081172
-0.417030 0.136412 -0.094614
-0.476134 0.096025 -0.085394
-0.358147 0.071802 -0.096845
-0.548944 0.115693 -0.091224
-0.655505 0.089133 -0.088580
-0.414934 0.061775 -0.087393
-0.469104 0.205643 -0.092523
-0.439360 0.174177 -0.093639
-0.501243 0.201714 -0.091686
-0.381620 0.054502 -0.096374
-0.473096 0.212824 -0.084341
-0.397348 -0.007900 -0.096552
-0.496918 -0.103621 -0.086768
-0.572535 0.101327 -0.090721
-0.371708 0.010091 -0.097075
-0.566529 0.138754 -0.082517
-0.535785 0.155598 -0.091194
-0.374877 0.054073 -0.096561
-0.581997 0.116805 -0.082310
-0.575070 0.167409 -0.090010
-0.382795 0.110965 -0.087790
-0.461207 0.207662 -0.084715
-0.399913 0.147719 -0.094518
-0.458058 0.018743 -0.094640
-0.452888 -0.043633 -0.087383
-0.601619 -0.001916 -0.085936
-0.389770 0.012499 -0.096560
-0.394736 0.086429 -0.095706
-0.477124 0.059438 -0.085722
-0.480396 0.053670 -0.093692
-0.520398 -0.069432 -0.085796
-0.381175 0.078068 -0.096157
-0.516000 0.225186 -0.087522
-0.572710 0.051617 -0.083196
-0.413667 0.114723 -0.094916
-0.482686 -0.003655 -0.094187
-0.381589 0.063027 -0.088288
-0.593675 0.149455 -0.082472
-0.418251 0.122674 -0.086711
-0.607502 0.112271 -0.081659
-0.601938 0.053821 -0.090382
-0.444580 -0.041984 -0.095597
-0.491828 -0.015115 -0.086046
-0.486949 0.158298 -0.084494
-0.592655 -0.011214 -0.090753
-0.463566 0.122533 -0.093482
-0.533656 0.194912 -0.082867
-0.361756 0.034434 -0.097109
-0.354946 0.039185 -0.089245
-0.588339 0.003629 -0.083237
-0.553028 -0.029490 -0.084520
-0.420199 0.168675 -0.088316
-0.418657 0.027023 -0.095632
-0.494243 0.166050 -0.092224
-0.500419 0.035076 -0.085325
-0.558373 0.009391 -0.083996
-0.540613 0.158349 -0.091036
-0.481041 0.057110 -0.093641
-0.583934 0.107407 -0.090351
-0.370523 0.078724 -0.088437
-0.480355 0.228627 -0.083990
-0.450943 -0.019335 -0.087200
-0.416336 0.127356 -0.094721
-0.556484 -0.020572 -0.084339
-0.385528 0.067649 -0.088136
-0.452703 -0.040843 -0.095365
-0.504717 0.091605 -0.092662
-0.400494 0.109257 -0.095328
-0.552527 -0.038011 -0.084616
-0.659509 0.074602 -0.088613
-0.525791 0.196359 -0.091070
-0.621621 0.120405 -0.081196
-0.526145 -0.059455 -0.093546
-0.356231 0.102003 -0.088600
-0.576627 -0.027695 -0.091453
-0.592205 0.094541 -0.082248
-0.409527 0.099151 -0.095180
-0.590614 0.023599 -0.090984
-0.539847 0.023846 -0.084360
-0.536277 -0.047622 -0.093155
-0.485069 -0.077268 -0.094837
-0.502604 0.159088 -0.092064
-0.386392 0.034534 -0.096438
-0.334046 0.057209 -0.089639
-0.610122 0.125645 -0.089461
-0.605699 0.131069 -0.081526
-0.431474 -0.014834 -0.095690
-0.552113 0.011260 -0.092152
-0.578287 0.148910 -0.090102
-0.633504 0.092948 -0.089142
-0.523888 0.212129 -0.082965
-0.602654 -0.000837 -0.085117
-0.475784 0.051570 -0.093838
-0.502780 0.238024 -0.086962
-0.656337 0.054379 -0.081940
-0.333947 0.079916 -0.095844
-0.445665 0.033104 -0.094838
-0.462863 0.198789 -0.092760
-0.355866 0.034458 -0.089266
-0.558945 0.131019 -0.082799
-0.433035 0.104935 -0.086480
-0.580080 0.134051 -0.090197
-0.537091 0.007923 -0.092593
-0.502273 0.100906 -0.084635
-0.559151 0.149111 -0.090621
-0.554994 -0.005943 -0.092241
-0.408201 0.041368 -0.095778
-0.504514 0.011979 -0.093441
-0.514412 -0.090829 -0.094170
-0.555174 0.183055 -0.082396
-0.503715 0.145829 -0.092162
-0.538342 0.055877 -0.092093
-0.509475 0.163974 -0.083826
-0.470350 0.040378 -0.086092
-0.517180 0.049214 -0.084731
-0.541611 0.119857 -0.091383
-0.488851 0.192126 -0.092117
-0.663455 0.081718 -0.086146
-0.562587 -0.035248 -0.084315
-0.478194 0.066514 -0.093628
-0.557064 -0.019337 -0.084311
-0.335592 0.049533 -0.097675
-0.531557 -0.063157 -0.085431
-0.552706 0.108092 -0.083192
-0.470237 0.193193 -0.084610
-0.581842 0.033905 -0.083119
-0.510870 0.078351 -0.092623
-0.489289 0.107323 -0.084926
-0.564586 0.152270 -0.090442
-0.490495 -0.044800 -0.086371
-0.495468 0.181026 -0.092045
-0.427558 -0.030946 -0.087950
-0.575352 0.072923 -0.082917
-0.599264 0.118882 -0.089823
-0.611931 0.008740 -0.082656
-0.442876 0.180418 -0.093482
-0.521382 -0.084128 -0.085912
-0.476283 0.094642 -0.085403
-0.363305 0.075813 -0.096665
-0.516685 0.051863 -0.084719
-0.504192 0.167039 -0.083940
-0.507006 0.145240 -0.084075
-0.436961 0.053893 -0.094873
-0.580059 0.084485 -0.082676
-0.606340 0.066216 -0.082138
-0.504384 0.086672 -0.092719
-0.516459 0.224709 -0.086684
-0.443754 0.106762 -0.094174
-0.379124 0.058719 -0.088397
-0.460491 -0.016917 -0.086917
-0.392692 0.024590 -0.096363
-0.441189 0.030736 -0.094983
-0.471544 0.181575 -0.084687
-0.482234 0.232409 -0.088586
-0.512505 -0.079695 -0.086111
-0.556309 -0.036893 -0.084502
-0.399486 0.065511 -0.095780
-0.492626 0.091465 -0.084989
-0.496951 0.118360 -0.092613
-0.473119 0.122020 -0.093226
-0.479786 0.081686 -0.085434
-0.516313 0.186443 -0.091425
-0.455346 0.007444 -0.094824
-0.470255 -0.009883 -0.094586
-0.461051 0.091002 -0.085853
-0.493117 0.126900 -0.084631
-0.386963 0.111166 -0.087674
-0.502991 -0.100457 -0.086572
-0.613293 0.070442 -0.081908
-0.367108 0.099372 -0.088329
-0.437642 -0.050049 -0.087861
-0.489807 -0.002045 -0.085974
-0.593863 0.076619 -0.090380
-0.501626 -0.039986 -0.094024
-0.562352 0.108798 -0.082922
-0.504495 0.096745 -0.092618
-0.396808 0.142276 -0.087104
-0.431866 0.066378 -0.094890
-0.516424 -0.072653 -0.085936
-0.620984 0.065570 -0.081746
-0.538127 0.019205 -0.084452
-0.413249 0.088838 -0.095179
-0.609407 0.021259 -0.090495
-0.533252 0.087224 -0.083924
-0.531641 0.081217 -0.092030
-0.432689 0.137265 -0.094179
-0.457555 0.125208 -0.085616
-0.601938 0.062029 -0.090302
-0.489661 0.067376 -0.093307
-0.435216 -0.006753 -0.095510
-0.505478 -0.029373 -0.085813
-0.576570 0.045254 -0.091156
-0.391056 0.117139 -0.095508
-0.526418 -0.050864 -0.093455
-0.513808 0.112025 -0.084212
-0.503717 -0.039013 -0.093958
-0.628660 0.079893 -0.081398
-0.448920 -0.059392 -0.095648
-0.614382 0.129300 -0.082066
-0.418443 -0.005772 -0.095957
-0.487492 0.077629 -0.093266
-0.446872 0.090478 -0.094248
-0.516525 0.199242 -0.091294
-0.457653 0.161845 -0.085257
-0.609331 0.055260 -0.090167
-0.491110 0.229235 -0.083692
-0.502169 0.066710 -0.084970
-0.336584 0.042607 -0.091794
-0.450883 0.173395 -0.085329
-0.470999 0.092035 -0.093576
-0.435847 0.092898 -0.086521
-0.539432 -0.029681 -0.084892
-0.333009 0.046235 -0.095954
-0.499938 0.184948 -0.083882
-0.437987 0.008133 -0.087286
-0.411664 0.003100 -0.096055
-0.441917 0.150672 -0.085794
-0.524190 0.211319 -0.082965
-0.380903 0.048491 -0.088448
-0.589760 0.150982 -0.081766
-0.596972 0.030645 -0.090742
-0.477368 0.039025 -0.093917
-0.540934 -0.053243 -0.085080
-0.412886 0.074860 -0.095325
-0.571310 0.031643 -0.091431
-0.472762 -0.067517 -0.087074
-0.548317 -0.038809 -0.084739
-0.374863 0.059850 -0.088502
-0.557984 0.099038 -0.083136
-0.643789 0.043570 -0.081339
-0.409417 -0.028233 -0.088417
-0.477925 0.008571 -0.094198
-0.503305 -0.001256 -0.085599
-0.480823 -0.062763 -0.086809
-0.519066 0.188672 -0.091328
-0.441984 0.060481 -0.086669
-0.546904 0.062600 -0.083792
-0.600593 0.099953 -0.089970
-0.429875 0.073762 -0.094873
-0.392712 0.090147 -0.087722
-0.594274 0.080756 -0.090329
-0.396410 0.122055 -0.087311
-0.350566 0.037316 -0.097386
-0.435336 -0.013774 -0.087571
-0.384015 0.110391 -0.087762
-0.465156 -0.004816 -0.086672
-0.487839 -0.085247 -0.094840
-0.511344 0.011771 -0.085254
-0.439519 0.153438 -0.093836
-0.401753 0.082067 -0.095558
-0.537711 0.201362 -0.090697
-0.521728 0.214380 -0.091006
-0.596319 0.129003 -0.081801
-0.534652 -0.070750 -0.087462
-0.413160 0.083606 -0.095232
-0.498070 -0.080650 -0.094516
-0.464277 -0.081559 -0.092657
-0.476305 0.114177 -0.093216
-0.488956 0.116011 -0.084850
-0.587268 0.112874 -0.090208
-0.570207 0.153296 -0.090279
-0.501725 0.004364 -0.093591
-0.495873 0.221272 -0.091643
-0.335653 0.074148 -0.089431
-0.610949 0.039325 -0.082274
-0.517942 -0.059478 -0.093770
-0.539793 -0.033401 -0.092921
-0.397388 0.145167 -0.092119
-0.495418 0.118631 -0.084649
-0.498616 0.242051 -0.086338
-0.440783 0.156749 -0.085766
-0.534828 0.137342 -0.083394
-0.464268 0.078902 -0.085883
-0.423012 0.106687 -0.086736
-0.348142 0.094502 -0.095842
-0.572554 0.126540 -0.090475
-0.508028 0.042027 -0.085050
-0.513229 -0.040630 -0.085711
-0.545361 0.043379 -0.092024
-0.371037 0.049648 -0.096709
-0.421634 0.139811 -0.086452
-0.473244 0.219063 -0.092280
-0.468735 0.004182 -0.086487
-0.538110 -0.057377 -0.085197
-0.423182 0.068985 -0.095101
-0.512202 0.196774 -0.083433
-0.553010 0.031031 -0.091935
-0.489126 0.194598 -0.092085
-0.557373 0.125485 -0.082896
-0.492203 0.165984 -0.092280
-0.421248 0.006377 -0.087759
-0.550227 0.167645 -0.082681
-0.605145 0.046208 -0.082365
-0.525021 0.049999 -0.084510
-0.495814 -0.102000 -0.094785
-0.451917 0.003135 -0.094959
-0.435468 0.172269 -0.085760
-0.570140 0.172607 -0.089709
-0.351980 0.080292 -0.088927
-0.550496 -0.037777 -0.084669
-0.640476 0.084567 -0.089034
-0.443037 -0.025551 -0.095479
-0.458801 0.170051 -0.093150
-0.569566 -0.031475 -0.092092
-0.411350 -0.003670 -0.088126
-0.414852 0.095671 -0.087066
-0.561441 0.087321 -0.091159
-0.461415 -0.050721 -0.095224
-0.616402 0.025891 -0.082256
-0.578979 0.024593 -0.091291
-0.375339 0.101795 -0.096085
-0.614919 0.055360 -0.090014
-0.432309 0.035596 -0.095177
-0.657516 0.086760 -0.088549
-0.560519 0.079447 -0.083257
-0.601809 0.084376 -0.082085
-0.426239 0.100536 -0.094712
-0.534438 0.037059 -0.084379
-0.519611 0.203431 -0.091170
-0.507882 -0.018623 -0.085643
-0.468339 0.156553 -0.085018
-0.527901 0.080293 -0.092140
-0.373549 0.055080 -0.088584
-0.429285 0.099660 -0.086634
-0.570298 0.068195 -0.091104
-0.485381 0.079855 -0.085299
-0.398578 0.109611 -0.095376
-0.433737 -0.046294 -0.087931
-0.532027 0.004668 -0.092763
-0.455167 0.099468 -0.085931
-0.583469 0.062373 -0.082798
-0.497936 -0.022589 -0.085953
-0.538812 0.186793 -0.090809
-0.539656 0.076637 -0.083853
-0.595972 0.146890 -0.081637
-0.386750 0.064558 -0.096136
-0.495972 0.152364 -0.092309
-0.605649 0.016517 -0.090643
-0.471298 -0.006871 -0.086525
-0.565050 0.040206 -0.083515
-0.614060 0.083386 -0.089765
-0.503334 0.219787 -0.083451
-0.510727 0.137630 -0.092051
-0.558910 0.123125 -0.082877
-0.472684 0.187128 -0.092606
-0.503967 -0.057066 -0.094127
-0.470318 -0.020918 -0.086688
-0.571872 0.069127 -0.091052
-0.383723 0.064293 -0.096221
-0.525840 -0.054877 -0.085507
-0.569311 0.156394 -0.082270
-0.518257 0.189071 -0.083343
-0.479033 0.227552 -0.084037
-0.544616 0.147573 -0.091032
-0.538146 0.021226 -0.092435
-0.601769 0.002006 -0.090890
-0.469309 0.127701 -0.093275
-0.481421 0.099127 -0.085220
-0.515316 -0.075948 -0.094001
-0.528463 -0.056671 -0.085453
-0.583679 0.142287 -0.090019
-0.417177 0.148332 -0.086491
-0.432028 0.074103 -0.086807
-0.328688 0.074482 -0.097503
-0.654818 0.055621 -0.080921
-0.487790 0.092545 -0.093113
-0.560105 -0.042315 -0.092455
-0.643201 0.101315 -0.083325
-0.323590 0.057138 -0.097928
-0.597256 0.018368 -0.090854
-0.559456 0.145743 -0.090645
-0.510331 0.164162 -0.091804
-0.389543 0.132899 -0.087393
-0.482057 0.010548 -0.086063
-0.360274 0.072939 -0.088772
-0.591638 0.132636 -0.081893
-0.498670 0.230283 -0.083476
-0.485093 0.065135 -0.085450
-0.391837 0.101476 -0.087636
-0.371323 0.049118 -0.088703
-0.632122 0.057200 -0.089527
-0.398734 0.035944 -0.088085
-0.500162 -0.074428 -0.094399
-0.381549 0.053700 -0.088380
-0.415373 0.138711 -0.094636
-0.505980 0.032858 -0.085195
-0.515228 -0.054885 -0.085796
-0.559954 0.084258 -0.091229
-0.412797 -0.005049 -0.088100
-0.520334 0.064103 -0.084500
-0.481177 -0.014309 -0.094332
-0.477996 -0.091263 -0.087163
-0.538171 0.004969 -0.092593
-0.334400 0.080485 -0.090175
-0.451777 0.185773 -0.085185
-0.457215 0.151324 -0.085371
-0.467283 -0.065170 -0.087201
-0.607193 0.064906 -0.082128
-0.435540 -0.027470 -0.095702
-0.548898 0.193073 -0.084317
-0.562171 -0.041700 -0.092393
-0.507226 0.100027 -0.084508
-0.526391 -0.061767 -0.085559
-0.583630 0.128010 -0.090160
-0.403974 0.151935 -0.092103
-0.400318 0.032637 -0.096077
-0.488029 0.238370 -0.088238
-0.614750 0.105854 -0.081524
-0.520270 0.139290 -0.083772
-0.524090 -0.079413 -0.085793
-0.406027 0.097192 -0.095294
-0.469608 -0.022095 -0.094722
-0.454453 -0.030058 -0.087209
-0.597007 0.090394 -0.090161
-0.528813 -0.040597 -0.085287
-0.495689 0.187179 -0.083976
-0.390434 -0.009818 -0.090431
-0.482744 0.162595 -0.084567
-0.402966 0.074643 -0.087593
-0.621439 0.092754 -0.089473
-0.629974 0.060090 -0.089558
-0.392629 0.095019 -0.087677
-0.592610 -0.010308 -0.083256
-0.544953 -0.060203 -0.089464
-0.458942 0.125826 -0.085572
-0.410128 -0.028191 -0.088398
-0.433898 -0.037471 -0.087841
-0.526596 -0.048194 -0.093424
-0.471608 0.031859 -0.086140
-0.640230 0.079201 -0.081089
-0.529939 0.211459 -0.082843
-0.447157 0.085902 -0.094284
-0.426238 0.151256 -0.094219
-0.475691 -0.031773 -0.086647
-0.368322 0.033172 -0.096943
-0.428908 0.089881 -0.086739
-0.362664 0.066148 -0.096777
-0.537646 0.026075 -0.084399
-0.614518 0.027364 -0.082293
-0.397381 0.119347 -0.095314
-0.538833 -0.000745 -0.084627
-0.471535 0.144974 -0.085043
-0.484498 0.013523 -0.085968
-0.547737 0.157211 -0.082850
-0.511513 0.094059 -0.084449
-0.453572 0.053438 -0.094425
-0.438557 0.079879 -0.086574
-0.488400 0.204154 -0.092012
-0.487482 0.171626 -0.092353
-0.520724 0.000140 -0.093115
-0.517486 0.170573 -0.083543
-0.616607 0.117816 -0.081357
-0.592168 0.118539 -0.082016
-0.482151 -0.071972 -0.086862
-0.553540 -0.024381 -0.084456
-0.552219 0.059613 -0.083676
-0.513160 0.213168 -0.083247
-0.587994 0.091752 -0.082390
-0.638905 0.104306 -0.088885
-0.515019 -0.069226 -0.093944
-0.346636 0.075035 -0.097127
-0.535950 0.030431 -0.084402
-0.482569 -0.099517 -0.088043
-0.494414 0.086538 -0.092991
-0.555048 0.094159 -0.083263
-0.579995 0.024095 -0.091268
-0.588371 0.005168 -0.083221
-0.529135 0.211524 -0.082828
-0.428684 0.043483 -0.087196
-0.447241 0.079985 -0.094339
-0.556280 0.057015 -0.091594
-0.393512 0.050655 -0.088084
-0.539608 0.094907 -0.091680
-0.444675 0.081534 -0.086391
-0.456496 -0.032407 -0.095180
-0.494161 -0.009349 -0.085927
-0.381202 0.109392 -0.087848
-0.619179 0.104082 -0.081421
-0.354810 0.078659 -0.088866
-0.634095 0.078511 -0.089267
-0.518508 0.127541 -0.083934
-0.543968 0.147943 -0.083042
-0.385093 0.015509 -0.088655
-0.542310 0.072016 -0.083825
-0.387929 0.098962 -0.087767
-0.530251 -0.057053 -0.085408
-0.352219 0.027367 -0.090856
-0.408670 -0.007022 -0.088232
-0.503987 -0.097331 -0.094517
-0.417501 0.007696 -0.087848
-0.605538 0.088457 -0.081944
-0.457029 -0.016431 -0.087006
-0.480444 -0.072756 -0.086916
-0.466205 0.030871 -0.086297
-0.532496 -0.069390 -0.085466
-0.488016 0.165316 -0.092400
-0.586883 0.023609 -0.083082
-0.490763 0.106604 -0.092896
-0.475931 0.056318 -0.093788
-0.502924 0.232109 -0.091345
-0.622475 0.055945 -0.089802
-0.536462 -0.008116 -0.084763
-0.403997 0.107096 -0.095253
-0.566637 0.090961 -0.090982
-0.480518 0.085709 -0.085375
-0.513465 0.178195 -0.083579
-0.365263 0.014804 -0.094316
-0.460313 0.032241 -0.086444
-0.555926 -0.037779 -0.092525
-0.416136 -0.015470 -0.088110
-0.550658 0.191238 -0.090443
-0.478010 0.228043 -0.089994
-0.480465 0.181893 -0.092445
-0.501203 0.184137 -0.083855
-0.574054 0.158088 -0.082125
-0.590172 -0.006992 -0.091293
-0.606092 0.026871 -0.082527
-0.622755 0.050241 -0.081847
-0.550517 -0.054481 -0.089203
-0.349226 0.077975 -0.097028
-0.351079 0.084681 -0.096912
-0.640299 0.052243 -0.081350
-0.515269 0.105810 -0.092236
-0.593916 0.036346 -0.090770
-0.495530 -0.059770 -0.094383
-0.605144 0.090029 -0.081939
-0.620021 0.016948 -0.088369
-0.387604 0.021637 -0.096530
-0.455447 0.115250 -0.093773
-0.635740 0.065736 -0.089346
-0.479350 -0.064014 -0.086861
-0.595597 0.048032 -0.090611
-0.577451 0.016738 -0.083406
-0.424617 0.043377 -0.095311
-0.559439 0.068333 -0.091398
-0.478336 0.169970 -0.084615
-0.509664 0.231233 -0.084358
-0.441631 0.052486 -0.086756
-0.437546 0.010202 -0.095281
-0.425193 0.012745 -0.095593
-0.589005 0.033559 -0.090931
-0.401389 0.015348 -0.088213
-0.391574 0.062583 -0.096024
-0.506993 0.043741 -0.085061
-0.567160 0.026029 -0.091599
-0.463122 0.061851 -0.094083
-0.512619 0.150102 -0.083875
-0.492271 -0.001662 -0.085903
-0.525372 -0.048633 -0.093462
-0.572289 0.008919 -0.083622
-0.434084 -0.038464 -0.087845
-0.565559 0.048700 -0.091422
-0.568495 0.017334 -0.091647
-0.579210 0.026323 -0.083265
-0.496607 0.013041 -0.085643
-0.436597 -0.020781 -0.087605
-0.468444 0.110191 -0.093469
-0.610479 0.133327 -0.088453
-0.570689 0.161256 -0.082185
-0.432515 0.027553 -0.087247
-0.453128 0.171610 -0.085286
-0.517713 0.218156 -0.091078
-0.453197 -0.046663 -0.095408
-0.630700 0.089494 -0.081249
-0.469253 -0.085249 -0.087342
-0.529043 -0.061917 -0.093491
-0.486555 0.032448 -0.093731
-0.477505 -0.021549 -0.094502
-0.527861 -0.077716 -0.086849
-0.564386 0.055933 -0.083380
-0.482212 0.171585 -0.084494
-0.482722 0.173425 -0.084462
-0.599843 0.064671 -0.090334
-0.418211 0.008454 -0.095825
-0.338456 0.062562 -0.097470
-0.532007 0.056732 -0.092258
-0.533825 0.145420 -0.083343
-0.608925 0.026945 -0.082450
-0.513520 0.145634 -0.083894
-0.531366 -0.041590 -0.085227
-0.436412 -0.043144 -0.095831
-0.553159 0.070544 -0.091547
-0.534957 -0.070517 -0.091870
-0.468076 0.067172 -0.093897
-0.580122 -0.018989 -0.083680
-0.613045 0.103538 -0.081593
-0.325313 0.053572 -0.091867
-0.343266 0.086576 -0.097106
-0.545551 0.056777 -0.091888
-0.582171 0.034091 -0.083108
-0.509507 0.115518 -0.084296
-0.518434 0.178328 -0.091446
-0.350646 0.057529 -0.089184
-0.509975 0.219938 -0.091272
-0.401389 0.032851 -0.088042
-0.577778 0.034624 -0.083223
-0.457919 0.044703 -0.094392
-0.554651 0.172273 -0.090518
-0.515096 0.192333 -0.083397
-0.470151 0.086392 -0.085650
-0.589370 0.046616 -0.082791
-0.643577 0.073759 -0.081051
-0.518464 -0.049329 -0.085653
-0.433945 0.131846 -0.086194
-0.612252 0.098976 -0.081659
-0.471604 0.010746 -0.086346
-0.443994 -0.013416 -0.095335
-0.531368 0.169008 -0.091184
-0.503045 0.080398 -0.092816
-0.501369 0.005064 -0.085590
-0.411677 0.129454 -0.094827
-0.456792 0.149854 -0.085397
-0.512184 0.152559 -0.091866
-0.448243 -0.016243 -0.087244
-0.633391 0.110560 -0.088974
-0.532390 0.017337 -0.084627
-0.479053 -0.015274 -0.094399
-0.543579 0.065020 -0.091862
-0.368786 0.041020 -0.096854
-0.423175 -0.039187 -0.088149
-0.356409 0.044110 -0.097161
-0.554229 0.165686 -0.082591
-0.505845 -0.100346 -0.087321
-0.568472 0.056108 -0.083268
-0.468344 -0.057997 -0.087102
-0.499692 0.182009 -0.091920
-0.502690 0.120753 -0.084430
-0.387070 0.024225 -0.088516
-0.508493 0.001246 -0.093437
-0.529931 0.192572 -0.082991
-0.420113 0.065550 -0.087215
-0.424634 0.024785 -0.087488
-0.475397 0.186936 -0.084530
-0.618953 0.048674 -0.081965
-0.540716 -0.052844 -0.093085
-0.437585 0.104695 -0.086359
-0.410971 -0.029655 -0.094251
-0.535701 -0.023990 -0.084938
-0.526140 0.210256 -0.082922
-0.564502 -0.012686 -0.084044
-0.367790 0.098172 -0.096326
-0.607488 0.004076 -0.088057
-0.516625 0.033654 -0.092901
-0.438024 0.112600 -0.094274
-0.601385 0.137052 -0.089588
-0.474799 0.178679 -0.084627
-0.531848 0.198373 -0.082882
-0.386510 -0.005933 -0.092336
-0.588557 0.103380 -0.082261
-0.507659 -0.071026 -0.094162
-0.453411 0.109923 -0.085877
-0.382018 0.035443 -0.088545
-0.501194 0.125583 -0.084424
-0.439180 -0.039563 -0.087717
-0.613708 0.047635 -0.090122
-0.471468 0.070973 -0.085764
-0.527205 0.200575 -0.090991
-0.499385 -0.002752 -0.085720
-0.638513 0.057980 -0.089346
-0.400600 0.055746 -0.087841
-0.431640 0.132625 -0.086249
-0.393965 -0.001825 -0.096585
-0.374371 0.113532 -0.087994
-0.369139 0.094432 -0.088322
-0.619971 0.097582 -0.089466
-0.483816 0.228355 -0.091902
-0.595764 0.087172 -0.082223
-0.417940 -0.011421 -0.088022
-0.543396 0.081082 -0.083708
-0.512149 -0.032959 -0.085666
-0.498723 -0.054987 -0.094249
-0.493246 -0.069211 -0.094537
-0.508912 0.183771 -0.083649
-0.336566 0.082726 -0.089332
-0.637654 0.095586 -0.089004
-0.545883 0.196200 -0.089700
-0.488545 0.081758 -0.085194
-0.607840 0.082625 -0.081938
-0.659705 0.065644 -0.080691
-0.574641 0.085757 -0.090815
-0.459865 0.127903 -0.085527
-0.625642 0.049968 -0.089774
-0.563157 0.017292 -0.083789
-0.585436 -0.018588 -0.088425
-0.576559 0.094912 -0.090674
-0.427857 -0.006844 -0.087708
-0.481429 -0.068227 -0.086845
-0.493185 0.052333 -0.093357
-0.441479 0.008676 -0.087186
-0.496368 0.152405 -0.092298
-0.614129 0.051062 -0.082073
-0.321102 0.057603 -0.090092
-0.483399 0.191114 -0.084272
-0.526626 0.157376 -0.091426
-0.495696 -0.039734 -0.086180
-0.566938 0.175472 -0.082807
-0.501659 0.105915 -0.084603
-0.391885 0.072505 -0.087916
-0.496718 0.145968 -0.084348
-0.440624 0.029025 -0.087011
-0.545309 0.030021 -0.092155
-0.542284 0.195888 -0.090626
-0.649072 0.089069 -0.080753
-0.470148 0.070270 -0.093810
-0.462218 0.035519 -0.094364
-0.395536 0.054121 -0.087995
-0.425490 0.119045 -0.094552
-0.498174 0.117532 -0.084585
-0.578980 0.053932 -0.091006
-0.467445 0.039646 -0.086178
-0.493657 0.127163 -0.084614
-0.406531 -0.004917 -0.088269
-0.408908 0.035097 -0.095819
-0.471555 0.205529 -0.084454
-0.621619 0.089226 -0.089502
-0.337334 0.046116 -0.089658
-0.627296 0.041128 -0.089815
-0.409746 0.039437 -0.087751
-0.461665 0.117706 -0.085577
-0.432916 0.122901 -0.094312
-0.517908 0.194993 -0.083295
-0.492412 0.000228 -0.085881
-0.433704 -0.050864 -0.095979
-0.586757 0.112821 -0.082219
-0.384102 0.009085 -0.088744
-0.373456 0.092803 -0.088220
-0.492097 0.176872 -0.084173
-0.570068 0.013424 -0.091642
-0.505419 0.122284 -0.084341
-0.383660 0.010143 -0.096749
-0.501846 0.009643 -0.093536
-0.464345 0.125111 -0.093435
-0.454696 -0.016318 -0.095072
-0.540734 0.147785 -0.083132
-0.368978 0.033903 -0.096918
-0.474955 0.191484 -0.092502
-0.343915 0.090183 -0.094490
-0.446028 -0.063944 -0.088929
-0.476125 0.090322 -0.093453
-0.590400 0.061470 -0.090622
-0.585068 -0.018949 -0.087432
-0.438763 0.026576 -0.095089
-0.439431 0.017721 -0.087154
-0.483865 0.046075 -0.085668
-0.420254 0.128973 -0.086595
-0.516377 -0.049042 -0.093711
-0.511389 0.167370 -0.091744
-0.436924 0.134638 -0.094089
-0.535979 0.182092 -0.082928
-0.484392 0.098279 -0.093150
-0.483606 -0.059354 -0.086700
-0.453647 0.023905 -0.094710
-0.374264 0.044060 -0.088672
-0.509503 -0.060914 -0.094013
-0.596900 0.088465 -0.082179
-0.390025 -0.009470 -0.089075
-0.541342 -0.063910 -0.089315
-0.470491 0.218201 -0.084360
-0.466885 -0.063745 -0.087198
-0.499597 0.057858 -0.093129
-0.461903 0.189305 -0.084875
-0.481193 -0.095813 -0.095123
-0.536392 -0.006914 -0.092757
-0.600390 -0.003127 -0.083157
-0.626700 0.084461 -0.081407
-0.595614 0.012364 -0.090957
-0.606785 0.133074 -0.089480
-0.542301 0.068696 -0.091861
-0.514356 0.173172 -0.083603
-0.505001 -0.031742 -0.093852
-0.369819 0.114240 -0.096114
-0.503542 -0.102747 -0.089236
-0.530727 0.093693 -0.091933
-0.577053 0.083484 -0.082768
-0.377360 0.109406 -0.095956
-0.450521 -0.021911 -0.087237
-0.348444 0.085503 -0.096976
-0.539133 0.100510 -0.091638
-0.412136 0.017857 -0.095899
-0.497243 -0.022464 -0.085970
-0.654333 0.078121 -0.080716
-0.455617 0.018740 -0.094706
-0.498307 0.202574 -0.083755
-0.521225 0.164144 -0.091507
-0.397921 0.038527 -0.096085
-0.346182 0.059318 -0.089288
-0.564386 0.084243 -0.091109
-0.419796 0.151041 -0.086393
-0.428750 -0.010226 -0.087716
-0.478702 -0.067121 -0.094912
-0.601697 0.076455 -0.090169
-0.581951 -0.000702 -0.083453
-0.562517 0.147643 -0.082540
-0.480296 0.123106 -0.093021
-0.538724 0.143223 -0.083231
-0.580858 0.081571 -0.082683
-0.600847 0.035405 -0.090591
-0.541674 -0.041881 -0.092953
-0.449308 0.033150 -0.094738
-0.365926 0.014182 -0.094941
-0.461147 0.153303 -0.093248
-0.521648 0.076416 -0.084345
-0.560966 0.028645 -0.091742
-0.566250 0.027684 -0.091608
-0.512151 0.045057 -0.084908
-0.446966 0.119814 -0.093960
-0.428106 0.090938 -0.094754
-0.507507 0.064680 -0.092847
-0.413215 0.004405 -0.087997
-0.613772 0.066986 -0.081928
-0.464845 -0.023181 -0.086859
-0.518546 0.043092 -0.092757
-0.372917 0.018454 -0.088957
-0.643508 0.072434 -0.081066
-0.533552 -0.071295 -0.093459
-0.459704 0.030377 -0.094482
-0.450909 0.097555 -0.086066
-0.373702 0.033729 -0.088788
-0.494673 0.112049 -0.084733
-0.633281 0.050893 -0.081554
-0.440798 -0.026494 -0.095549
-0.503929 0.079676 -0.084796
-0.582150 0.147971 -0.082003
-0.590937 0.129096 -0.081947
-0.476286 0.178084 -0.084592
-0.497605 0.156990 -0.084217
-0.491703 0.215430 -0.083810
-0.631890 0.032721 -0.089771
-0.597215 0.127745 -0.081789
-0.514885 0.226203 -0.085652
-0.399655 0.093118 -0.087504
-0.466833 -0.038373 -0.086953
-0.585085 0.062033 -0.090761
-0.450290 0.116842 -0.093898
-0.494808 -0.090080 -0.094697
-0.588165 0.022195 -0.083061
-0.442237 0.123967 -0.086045
-0.424672 0.084846 -0.086903
-0.548202 0.121340 -0.083186
-0.382921 0.093385 -0.087957
-0.471378 -0.020588 -0.094660
-0.431055 -0.026943 -0.087816
-0.529904 -0.075663 -0.089362
-0.499215 -0.099674 -0.094670
-0.614029 0.035084 -0.082231
-0.508182 0.102508 -0.084458
-0.362687 0.071143 -0.096727
-0.478968 -0.026827 -0.086510
-0.635521 0.074448 -0.089267
-0.470161 0.179846 -0.084742
-0.368204 0.036557 -0.088910
-0.639735 0.084996 -0.089050
-0.481148 -0.001412 -0.094207
-0.488931 -0.038943 -0.086357
-0.483187 0.015735 -0.093985
-0.461239 0.197607 -0.084812
-0.432745 0.028849 -0.095231
-0.522572 0.099915 -0.084092
-0.511271 0.024292 -0.085134
-0.488371 0.208385 -0.091972
-0.487764 -0.034983 -0.094353
-0.585564 0.000957 -0.083338
-0.521912 0.161531 -0.083511
-0.554740 0.187576 -0.089462
-0.559423 0.075599 -0.091328
-0.506283 -0.004332 -0.085548
-0.370130 0.117096 -0.088075
-0.468477 0.083803 -0.093724
-0.430008 -0.036140 -0.087934
-0.553125 0.060798 -0.091643
-0.594312 -0.009465 -0.088229
-0.447942 -0.016349 -0.095256
-0.448997 0.109823 -0.094002
-0.631138 0.055318 -0.089572
-0.444740 0.171776 -0.093516
-0.587345 0.051970 -0.090797
-0.400016 0.124770 -0.087187
-0.356974 0.075376 -0.088838
-0.474421 -0.072728 -0.095083
-0.569317 -0.015357 -0.091942
-0.491904 0.105704 -0.084870
-0.611129 0.112642 -0.089560
-0.472806 -0.063490 -0.095037
-0.516746 -0.070660 -0.093911
-0.431246 0.032307 -0.087235
-0.545758 0.154641 -0.090932
-0.535310 0.053757 -0.084193
-0.476331 0.157563 -0.084790
-0.554665 0.107042 -0.083149
-0.515131 0.174753 -0.083567
-0.446966 0.094038 -0.086207
-0.326187 0.057596 -0.097853
-0.434160 0.083750 -0.094659
-0.471339 -0.070395 -0.087141
-0.485761 -0.102541 -0.090278
-0.612741 0.113211 -0.081507
-0.509662 0.125676 -0.092196
-0.413470 0.064008 -0.095414
-0.617617 0.028605 -0.090200
-0.541710 0.119995 -0.083375
-0.610680 0.093230 -0.089761
-0.590312 0.005298 -0.083167
-0.542086 -0.056990 -0.093088
-0.459218 0.173550 -0.093104
-0.558856 0.146906 -0.082647
-0.462919 0.161810 -0.085114
-0.368439 0.068461 -0.088594
-0.485091 0.099423 -0.085117
-0.527031 -0.074742 -0.093671
-0.663831 0.081179 -0.081380
-0.484192 -0.101020 -0.090136
-0.430156 0.112931 -0.086481
-0.535793 -0.035212 -0.085045
-0.491796 -0.065630 -0.086538
-0.555400 0.118148 -0.083021
-0.552468 0.007154 -0.092182
-0.467011 -0.009043 -0.094666
-0.597926 0.062084 -0.082408
-0.474710 0.119831 -0.093204
-0.491210 0.184925 -0.092123
-0.517176 -0.008717 -0.093297
-0.439729 -0.022163 -0.087533
-0.513825 0.089980 -0.084426
-0.612908 0.050983 -0.082108
-0.595915 0.140310 -0.089706
-0.409642 0.031879 -0.087827
-0.439197 0.173589 -0.093649
-0.480909 0.152409 -0.084716
-0.485130 0.117143 -0.084943
-0.462980 0.030203 -0.086391
-0.381008 0.061236 -0.096325
-0.541327 0.119981 -0.083386
-0.528316 0.049012 -0.084430
-0.497088 -0.048901 -0.086231
-0.449712 0.181596 -0.085282
-0.530337 -0.074466 -0.085574
-0.476482 0.044111 -0.085889
-0.559232 0.119504 -0.090906
-0.543562 0.028014 -0.092222
-0.336844 0.055762 -0.097580
-0.442830 0.084475 -0.094416
-0.386881 0.059872 -0.088175
-0.418879 0.089033 -0.095024
-0.576651 0.068239 -0.082927
-0.631125 0.053737 -0.089588
-0.426867 -0.016189 -0.087825
-0.462354 0.129519 -0.093447
-0.508160 0.146723 -0.092032
-0.542644 0.104184 -0.083504
-0.519287 0.171507 -0.083485
-0.458347 0.154343 -0.085311
-0.506421 0.090663 -0.092624
-0.455124 0.124556 -0.093692
-0.375889 0.114204 -0.095950
-0.593947 0.067848 -0.090463
-0.421666 0.170173 -0.088853
-0.335277 0.070404 -0.089477
-0.490268 0.074841 -0.093218
-0.517482 -0.075559 -0.085935
-0.657938 0.076705 -0.080632
-0.603600 0.081160 -0.090071
-0.465425 -0.068933 -0.087288
-0.631163 0.078924 -0.089342
-0.501900 -0.092438 -0.086523
-0.573417 0.074552 -0.082954
-0.486979 0.045476 -0.085590
-0.398904 0.126918 -0.095199
-0.388536 0.108841 -0.095657
-0.549857 0.010202 -0.092224
-0.420614 0.068402 -0.095177
-0.516892 0.170411 -0.083561
-0.529901 0.193675 -0.090984
-0.399258 0.092628 -0.095523
-0.511926 0.054010 -0.092831
-0.535142 0.039331 -0.084338
-0.432379 0.158679 -0.093979
-0.565672 0.137731 -0.090554
-0.472988 0.101558 -0.085426
-0.457474 0.181632 -0.085070
-0.399813 0.054210 -0.087878
-0.384446 0.070896 -0.088134
-0.597554 0.088704 -0.082159
-0.548260 0.071084 -0.083672
-0.517453 0.211517 -0.091150
-0.437944 0.091389 -0.094482
-0.405892 0.138749 -0.086891
-0.473955 0.041835 -0.085980
-0.550327 0.127785 -0.091068
-0.520855 0.029251 -0.084825
-0.593430 0.014325 -0.090997
-0.446901 0.127685 -0.085882
-0.458045 0.206316 -0.084814
-0.436543 -0.013209 -0.087533
-0.458382 -0.056192 -0.095359
-0.467624 0.198266 -0.092635
-0.460916 0.059925 -0.086159
-0.445311 0.106196 -0.094137
-0.409677 0.095181 -0.087211
-0.486313 0.061507 -0.093455
-0.506935 0.087035 -0.084642
-0.633757 0.045533 -0.081593
-0.648992 0.053283 -0.081103
-0.320689 0.058167 -0.094559
-0.495466 -0.111089 -0.091654
-0.390873 0.107266 -0.087606
-0.648682 0.074441 -0.080906
-0.564010 0.009244 -0.091848
-0.567329 0.167218 -0.082219
-0.543319 0.091062 -0.083613
-0.585958 -0.001489 -0.083351
-0.530032 -0.057854 -0.093425
-0.662890 0.075138 -0.080512
-0.467103 0.039488 -0.094192
-0.509402 0.051163 -0.092927
-0.469867 -0.058779 -0.095072
-0.507390 0.233461 -0.084797
-0.493766 0.200094 -0.091906
-0.534860 -0.025317 -0.092977
-0.391456 0.016914 -0.096471
-0.573350 0.105738 -0.090656
-0.615087 0.028890 -0.082263
-0.470390 -0.023910 -0.094719
-0.450805 0.105642 -0.093993
-0.389218 0.088185 -0.095840
-0.451827 0.104134 -0.093980
-0.500010 0.093871 -0.084765
-0.534093 -0.035743 -0.085096
-0.481349 -0.059060 -0.094762
-0.548666 0.151910 -0.090879
-0.395414 0.003416 -0.088491
-0.446176 0.177859 -0.085414
-0.538350 -0.058350 -0.085200
-0.404626 -0.010831 -0.088379
-0.400281 0.115851 -0.095269
-0.531812 0.044620 -0.092381
-0.502734 -0.088024 -0.094461
-0.426276 0.147256 -0.094257
-0.630777 0.052159 -0.081610
-0.578620 0.031106 -0.091237
-0.578014 0.147528 -0.090123
-0.579168 0.131530 -0.090247
-0.440105 -0.005899 -0.095368
-0.539058 0.157664 -0.091085
-0.479650 0.218829 -0.084105
-0.529086 0.079020 -0.084117
-0.506721 0.234323 -0.090615
-0.401640 0.012894 -0.096233
-0.492044 0.237952 -0.091585
-0.560992 0.179203 -0.082275
-0.550199 0.171453 -0.090648
-0.487953 0.121588 -0.092827
-0.435004 0.145385 -0.094037
-0.401686 0.077083 -0.087605
-0.534757 0.181449 -0.090971
-0.451379 -0.004259 -0.095045
-0.588206 0.138595 -0.089932
-0.409118 0.019376 -0.087963
-0.504793 0.111396 -0.092467
-0.548569 0.072286 -0.083652
-0.565868 0.022306 -0.083667
-0.324033 0.054757 -0.090201
-0.491510 0.079207 -0.093142
-0.470765 -0.087791 -0.094821
-0.453625 0.094804 -0.094022
-0.331641 0.068428 -0.089596
-0.448693 0.141995 -0.093697
-0.520983 0.070303 -0.084423
-0.439059 0.049073 -0.094863
-0.495775 0.095871 -0.084860
-0.563673 0.114321 -0.082833
-0.540933 0.021196 -0.092360
-0.444443 0.086953 -0.094348
-0.477763 -0.037948 -0.086651
-0.489122 0.022057 -0.085759
-0.491885 -0.098084 -0.086851
-0.471494 -0.047514 -0.086915
-0.556007 -0.046934 -0.084608
-0.519565 0.140969 -0.091778
-0.476811 0.118724 -0.093158
-0.634795 0.059897 -0.089428
-0.559194 0.095681 -0.091139
-0.645087 0.045598 -0.081284
-0.468067 0.000824 -0.086538
-0.488981 0.125503 -0.084757
-0.441323 0.134113 -0.093975
-0.354536 0.101102 -0.094148
-0.525628 0.208583 -0.090956
-0.461155 0.142328 -0.085352
-0.570279 0.030628 -0.091469
-0.394849 0.080279 -0.087760
-0.656895 0.068990 -0.080735
-0.490986 0.007322 -0.066514
-0.535329 0.108496 -0.071297
-0.496297 0.024091 -0.017291
-0.528651 0.072703 -0.076335
-0.524444 0.066375 -0.040882
-0.522867 0.061535 -0.054010
-0.524068 0.082875 0.005888
-0.544217 0.133606 -0.020573
-0.535028 0.111531 -0.031441
-0.568696 0.164470 -0.081956
-0.492858 -0.008994 -0.072803
-0.479074 -0.018376 -0.049368
-0.565351 0.165972 -0.036125
-0.467352 -0.043355 -0.029197
-0.560426 0.144089 -0.091687
-0.545267 0.112878 -0.053925
-0.486826 -0.023467 -0.079746
-0.482599 -0.006205 -0.005574
-0.549362 0.121999 -0.056735
-0.503551 0.022738 0.004528
-0.529495 0.094017 -0.083160
-0.525982 0.093172 -0.006059
-0.474464 -0.030513 -0.066185
-0.485541 -0.001157 -0.023707
-0.505416 0.022816 -0.040369
-0.486670 -0.004776 -0.090108
-0.508208 0.025594 -0.079110
-0.491799 0.013725 -0.017920
-0.515379 0.065887 -0.038004
-0.556525 0.138383 -0.057089
-0.495650 -0.002208 -0.068654
-0.493862 0.019669 -0.004905
-0.484426 -0.029042 -0.080559
-0.483148 -0.023213 0.006169
-0.472385 -0.049330 -0.002361
-0.462370 -0.054999 -0.031613
-0.468709 -0.044549 -0.075265
-0.460923 -0.058231 -0.030710
-0.485162 -0.007797 -0.085462
-0.525863 0.087470 -0.064163
-0.511752 0.033391 -0.082598
-0.519153 0.053974 -0.043826
-0.563319 0.165676 0.005916
-0.503932 0.038349 -0.051963
-0.481246 -0.033186 -0.046903
-0.528654 0.074951 -0.052367
-0.484704 -0.027324 -0.068973
-0.506370 0.023652 -0.054825
-0.477218 -0.042337 -0.046056
-0.464480 -0.051025 -0.040841
-0.500780 0.014348 -0.017301
-0.549624 0.145498 -0.025902
-0.477699 -0.024135 -0.077275
-0.497578 0.007344 -0.013733
-0.550582 0.145609 -0.048213
-0.524664 0.067104 -0.038497
-0.567088 0.160410 -0.080404
-0.536886 0.115191 0.005814
-0.482663 -0.005615 -0.000823
-0.483919 -0.004280 -0.017336
-0.496018 0.004744 -0.003274
-0.516645 0.065495 -0.073250
-0.500798 0.031094 -0.052728
-0.468845 -0.062339 -0.054757
-0.498412 0.022411 -0.087141
-0.486464 -0.020088 -0.034705
-0.522291 0.083110 -0.023203
-0.512453 0.063016 0.003026
-0.532925 0.108187 -0.015650
-0.548999 0.142177 -0.046127
-0.502444 0.015589 -0.044824
-0.549131 0.124331 -0.026123
-0.515079 0.047089 -0.017593
-0.545937 0.113242 -0.066455
-0.564991 0.166109 -0.058154
-0.487136 -0.017582 -0.024369
-0.461289 -0.061356 -0.005756
-0.556505 0.159772 -0.041916
-0.467665 -0.040676 -0.008202
-0.466845 -0.049876 -0.086549
-0.496841 0.001313 -0.060169
-0.504096 0.039977 -0.038573
-0.500514 0.015833 0.005123
-0.466610 -0.053076 0.006078
-0.471137 -0.053515 -0.092830
-0.471070 -0.055722 -0.038507
-0.468020 -0.063280 -0.044603
-0.524309 0.062776 -0.076079
-0.555997 0.160164 -0.025253
-0.501697 0.030465 -0.081517
-0.553410 0.132184 -0.047026
-0.547687 0.123926 0.004946
-0.492307 0.013280 -0.035128
-0.479654 -0.031983 0.005012
-0.560119 0.166105 -0.062768
-0.534820 0.107270 -0.071933
-0.464965 -0.063005 -0.053964
-0.535195 0.093218 -0.017309
-0.492819 0.013141 -0.049176
-0.536075 0.090404 -0.068988
-0.498429 0.013139 0.006116
-0.519861 0.055055 -0.049617
-0.469063 -0.061502 -0.051150
-0.474211 -0.046840 -0.020498
-0.497701 0.000644 -0.088442
-0.481718 -0.008655 -0.010187
-0.510950 0.032899 -0.068181
-0.535542 0.108819 -0.073058
-0.551239 0.130217 -0.014832
-0.543319 0.133696 0.002437
-0.541412 0.105183 -0.041725
-0.495756 0.023777 -0.007384
-0.526927 0.088343 -0.080907
-0.504300 0.022796 -0.013206
-0.481355 -0.028505 0.000513
-0.535096 0.086036 -0.091720
-0.494539 0.019757 -0.020580
-0.506189 0.047721 -0.007021
-0.474836 -0.051675 -0.087567
-0.490957 0.013607 0.001464
-0.512824 0.043614 0.000530
-0.479162 -0.039490 -0.063248
-0.517889 0.070880 -0.046128
-0.488210 0.002722 -0.047654
-0.558578 0.162786 -0.060491
-0.499534 0.018145 0.006074
-0.553445 0.131524 -0.054956
-0.566762 0.164591 -0.027689
-0.553814 0.136704 -0.008559
-0.524144 0.083008 -0.069740
-0.510592 0.054188 -0.045786
-0.516569 0.068614 -0.038005
-0.543487 0.113761 -0.000820
-0.467361 -0.064076 -0.081412
-0.550275 0.123873 -0.059071
-0.525175 0.068806 -0.032803
-0.482912 -0.031243 -0.092781
-0.523785 0.084239 -0.047768
-0.482030 -0.032834 -0.062362
-0.461735 -0.053085 0.004440
-0.544202 0.123018 0.005939
-0.546251 0.134972 -0.055832
-0.530224 0.101570 -0.020232
-0.527400 0.070548 -0.068739
-0.489267 0.006634 -0.031702
-0.549476 0.146141 -0.015385
-0.506529 0.029710 0.006111
-0.500026 0.025842 -0.090021
-0.553740 0.135984 -0.014454
-0.553226 0.130665 -0.058774
-0.565406 0.165942 -0.042482
-0.476160 -0.046932 -0.069278
-0.503757 0.018721 -0.043521
-0.504074 0.041856 -0.017912
-0.546889 0.120142 -0.015976
-0.553887 0.129590 -0.086487
-0.512442 0.040629 -0.022052
-0.546095 0.132415 -0.079363
-0.515786 0.068391 -0.021205
-0.512184 0.036849 -0.056187
-0.499403 0.009101 -0.039677
-0.469790 -0.058650 -0.038441
-0.565501 0.165912 -0.030686
-0.539267 0.122618 -0.016742
-0.479443 -0.016536 -0.038712
-0.515402 0.067829 -0.017797
-0.523296 0.067823 0.002760
-0.546130 0.139652 -0.002788
-0.549022 0.123962 -0.027385
-0.471817 -0.029976 0.004483
-0.535845 0.101723 0.005990
-0.460169 -0.060332 -0.034703
-0.471862 -0.052560 -0.024092
-0.516989 0.050933 -0.023304
-0.529817 0.080506 -0.021429
-0.544551 0.133761 -0.027096
-0.541946 0.104331 -0.063925
-0.483576 -0.030691 -0.092768
-0.486213 -0.020857 -0.036789
-0.521932 0.056055 -0.089732
-0.490441 0.012049 -0.002559
-0.468952 -0.063985 -0.074993
-0.552075 0.147786 -0.061531
-0.481863 -0.009109 -0.018599
-0.527404 0.095643 -0.014487
-0.567010 0.159476 -0.088490
-0.540118 0.104362 -0.018769
-0.551210 0.126268 -0.056382
-0.488670 0.007278 -0.010160
-0.516829 0.066025 -0.072094
-0.547921 0.119032 -0.053141
-0.501475 0.030466 -0.076083
-0.557646 0.161498 -0.051408
-0.535648 0.107199 -0.092988
-0.539695 0.099176 -0.063902
-0.526560 0.069884 -0.055240
-0.519079 0.073968 -0.042265
-0.467825 -0.061784 -0.023790
-0.521673 0.070924 0.005995
-0.525227 0.068406 -0.038344
-0.546075 0.119988 0.002352
-0.483340 -0.005654 -0.017856
-0.503136 0.020916 -0.004798
-0.509214 0.052152 -0.033781
-0.468993 -0.058074 -0.012748
-0.562861 0.167034 -0.062934
-0.491297 0.009054 -0.055595
-0.535095 0.110171 -0.047633
-0.465206 -0.051217 -0.060695
-0.493615 -0.008097 -0.081771
-0.497701 0.002966 -0.063597
-0.499532 0.033646 0.005613
-0.524199 0.086102 -0.037984
-0.534944 0.106629 -0.081851
-0.552766 0.147593 -0.080559
-0.520612 0.064837 -0.093015
-0.540205 0.125826 -0.005433
-0.550697 0.148372 -0.021481
-0.494568 -0.003896 -0.060181
-0.509257 0.050526 -0.052255
-0.530803 0.084051 -0.007677
-0.491141 0.014403 0.005478
-0.517761 0.052948 -0.020679
-0.551546 0.124091 -0.092898
-0.477268 -0.024160 -0.066986
-0.508429 0.046819 -0.071604
-0.516927 0.046243 -0.071972
-0.519136 0.052793 -0.056061
-0.515748 0.062716 -0.080987
-0.555652 0.139169 -0.027257
-0.553552 0.154021 -0.031032
-0.470589 -0.056955 -0.039899
-0.543364 0.131900 -0.017905
-0.528495 0.091066 -0.090228
-0.483088 -0.024543 0.000395
-0.489662 0.009565 -0.010016
-0.559267 0.163595 -0.068750
-0.481462 -0.011544 -0.034825
-0.467497 -0.046524 -0.066667
-0.499650 0.005898 -0.080010
-0.556116 0.135696 -0.075810
-0.494285 0.014290 -0.072839
-0.527450 0.096219 -0.009450
-0.517140 0.052811 -0.006915
-0.471014 -0.049235 -0.092902
-0.467009 -0.046482 -0.054240
-0.566814 0.164656 -0.028260
-0.513815 0.063399 -0.026270
-0.551747 0.127745 -0.092949
-0.511606 0.057211 -0.038327
-0.472305 -0.053136 -0.092797
-0.516265 0.051623 0.001843
-0.506650 0.022333 -0.075807
-0.558096 0.142921 -0.047036
-0.554082 0.151524 -0.070738
-0.542156 0.106808 -0.042574
-0.493628 0.012175 -0.079362
-0.542873 0.106515 -0.063291
-0.476472 -0.022645 -0.031245
-0.538046 0.120543 -0.009029
-0.525740 0.084878 -0.088874
-0.498685 0.028094 -0.033017
-0.564912 0.158005 -0.052779
-0.465770 -0.046334 -0.022272
-0.548871 0.121057 -0.054777
-0.472070 -0.057633 -0.083493
-0.520002 0.054566 -0.058317
-0.531911 0.095378 0.005957
-0.471384 -0.056086 -0.050099
-0.554150 0.153390 -0.052459
-0.513263 0.061220 -0.036071
-0.542955 0.104382 -0.088139
-0.475815 -0.048884 -0.081700
-0.553376 0.133651 -0.030490
-0.527926 0.069949 -0.088029
-0.535248 0.092893 -0.022089
-0.494085 -0.007263 -0.084376
-0.479693 -0.033052 -0.092862
-0.487591 -0.002047 -0.083506
-0.548983 0.145728 -0.007732
-0.471693 -0.057675 -0.074694
-0.500925 0.011559 -0.050701
-0.510169 0.049231 -0.088483
-0.516483 0.048755 -0.034199
-0.532697 0.081526 -0.081166
-0.551523 0.150280 -0.021316
-0.526323 0.089523 -0.053462
-0.532923 0.081295 -0.089161
-0.488431 -0.012793 -0.004887
-0.496172 0.013503 0.006033
-0.463591 -0.062372 -0.018456
-0.520068 0.076483 -0.039604
-0.520884 0.055721 -0.067578
-0.464912 -0.050771 -0.048725
-0.463219 -0.051775 -0.017931
-0.546830 0.121919 0.004483
-0.515389 0.063192 -0.067084
-0.482281 -0.033013 -0.070441
-0.528069 0.077892 -0.006549
-0.527079 0.089454 -0.072743
-0.559093 0.167471 -0.023000
-0.501009 0.034875 -0.017461
-0.503269 0.036125 -0.059498
-0.459949 -0.060149 -0.027355
-0.534457 0.108252 -0.052521
-0.546954 0.136240 -0.059501
-0.503539 0.019271 -0.032277
-0.544994 0.135056 -0.024100
-0.543307 0.106549 -0.073598
-0.541694 0.125359 -0.046937
-0.460837 -0.060250 -0.050212
-0.559308 0.161724 -0.089762
-0.534564 0.093819 0.004620
-0.542806 0.105393 -0.073667
-0.505308 0.044838 -0.016259
-0.510180 0.036243 -0.013514
-0.558652 0.141049 -0.080712
-0.514886 0.065453 -0.030545
-0.502088 0.019486 0.005607
-0.552793 0.135419 0.002736
-0.502711 0.015024 -0.057418
-0.504511 0.020927 -0.038399
-0.559706 0.144993 -0.064361
-0.535047 0.094922 0.004578
-0.555485 0.159672 -0.017974
-0.538790 0.119081 -0.042916
-0.486219 -0.023843 -0.068892
-0.507892 0.029752 -0.026875
-0.489992 -0.011004 -0.024031
-0.547168 0.116741 -0.059209
-0.516465 0.045966 -0.063606
-0.527578 0.095403 -0.021318
-0.495377 -0.004125 -0.082474
-0.467295 -0.063606 -0.030286
-0.476537 -0.039727 -0.001423
-0.462832 -0.051271 -0.003055
-0.485084 -0.019490 0.005523
-0.553160 0.156224 0.002155
-0.489817 0.000582 0.006021
-0.513174 0.041925 -0.026148
-0.555418 0.140658 -0.005581
-0.506392 0.044232 -0.049334
-0.472165 -0.055372 -0.061631
-0.496275 0.017854 -0.083517
-0.509755 0.034557 -0.021132
-0.485930 -0.007873 -0.093047
-0.533096 0.087560 -0.026373
-0.470350 -0.037760 -0.042833
-0.539346 0.117361 -0.074943
-0.563383 0.152855 -0.070388
-0.563745 0.153414 -0.073302
-0.516718 0.070629 -0.020096
-0.495706 0.024565 0.002272
-0.477646 -0.041559 -0.048209
-0.518736 0.075103 -0.021706
-0.488201 -0.015390 -0.027028
-0.524146 0.061486 -0.085897
-0.555634 0.158509 -0.034071
-0.512606 0.056631 -0.069047
-0.469257 -0.058150 -0.020033
-0.560777 0.167991 -0.011216
-0.521666 0.063686 -0.001542
-0.505613 0.047553 0.005309
-0.514116 0.059671 -0.073564
-0.465271 -0.048706 -0.035422
-0.506316 0.025933 -0.029089
-0.523998 0.061103 -0.086376
-0.483129 -0.031821 -0.078470
-0.485421 0.000930 0.001583
-0.501526 0.033223 -0.047817
-0.564926 0.155599 -0.078886
-0.548108 0.142355 -0.022357
-0.501032 0.010739 -0.062103
-0.521531 0.081189 -0.025121
-0.555619 0.157928 -0.039906
-0.501654 0.014641 -0.035602
-0.540721 0.127442 -0.000779
-0.543497 0.129858 -0.043011
-0.551203 0.123715 -0.083532
-0.528085 0.072484 -0.064813
-0.497677 0.015847 0.006047
-0.522863 0.082906 -0.039414
-0.536898 0.111846 -0.073918
-0.518302 0.069129 -0.074989
-0.504890 0.016932 -0.090441
-0.492483 -0.010338 -0.077972
-0.505805 0.019681 -0.083476
-0.543499 0.128618 -0.056341
-0.463162 -0.062207 -0.042119
-0.492665 0.011321 -0.064891
-0.550452 0.142748 -0.075642
-0.518567 0.070470 -0.067149
-0.464489 -0.052523 -0.057091
-0.502765 0.014693 -0.062291
-0.515181 0.059679 0.005951
-0.468680 -0.039050 -0.015707
-0.538085 0.099288 -0.023222
-0.542257 0.104902 -0.065448
-0.522734 0.079453 -0.073206
-0.475955 -0.047728 -0.072756
-0.478515 -0.037322 -0.024179
-0.541490 0.100802 -0.090510
-0.528242 0.097197 -0.018417
-0.484596 -0.015100 -0.092978
-0.490699 0.009118 -0.040246
-0.499306 0.024123 -0.090752
-0.513548 0.043892 -0.014253
-0.463662 -0.049182 -0.001060
-0.550326 0.149273 -0.002732
-0.480394 -0.031452 -0.007459
-0.563633 0.157547 -0.026315
-0.497121 0.020667 -0.074154
-0.526677 0.071606 -0.039664
-0.551059 0.143744 -0.079873
-0.532019 0.080282 -0.077850
-0.511446 0.052939 -0.080102
-0.533624 0.087130 -0.043917
-0.554450 0.158310 -0.007149
-0.499300 0.028572 -0.042992
-0.501226 0.015683 -0.013958
-0.481803 -0.033975 -0.069005
-0.488301 0.001220 -0.065954
-0.494113 0.012891 -0.083583
-0.565728 0.159336 -0.058559
-0.474424 -0.028905 -0.048002
-0.521871 0.063237 -0.011370
-0.483481 -0.030931 -0.077596
-0.465218 -0.052756 -0.077464
-0.495761 0.020104 -0.046809
-0.534614 0.086546 -0.074430
-0.516106 0.069790 -0.014075
-0.552718 0.129484 -0.058945
-0.468688 -0.041266 -0.039607
-0.517703 0.052673 -0.022203
-0.537632 0.117024 -0.036525
-0.559544 0.144583 -0.064758
-0.494310 -0.005752 -0.073716
-0.533087 0.103687 0.005866
-0.545086 0.109940 -0.080930
-0.485268 -0.007680 -0.086805
-0.504345 0.038783 -0.057446
-0.478634 -0.014609 0.001740
-0.477833 -0.040668 -0.043278
-0.481329 -0.008334 0.005874
-0.463705 -0.062444 -0.041814
-0.529965 0.096353 -0.069707
-0.483453 -0.004051 -0.003469
-0.549567 0.120388 -0.079013
-0.516949 0.045663 -0.078725
-0.544658 0.113870 -0.028372
-0.532208 0.104343 -0.039186
-0.524091 0.084771 -0.049571
-0.528156 0.091290 -0.079509
-0.469725 -0.063274 -0.086339
-0.550137 0.128023 -0.093008
-0.534606 0.102980 -0.093140
-0.524663 0.063401 -0.078092
-0.461680 -0.059770 -0.065765
-0.560531 0.164273 -0.092482
-0.502616 0.016180 -0.042731
-0.537396 0.116518 -0.036148
-0.473287 -0.051582 -0.048578
-0.547753 0.117731 -0.062950
-0.480161 -0.033425 -0.022861
-0.492552 -0.008634 -0.061430
-0.525157 0.087090 -0.050905
-0.524403 0.085360 -0.050939
-0.531916 0.084732 -0.027691
-0.487475 -0.015078 -0.005893
-0.514844 0.046333 -0.019935
-0.482814 -0.023288 0.006159
-0.492084 -0.003958 0.000078
-0.524236 0.081504 -0.088088
-0.509323 0.054026 -0.016417
-0.477321 -0.046271 -0.090691
-0.556357 0.160628 -0.029120
-0.497389 -0.000390 -0.091858
-0.467964 -0.064235 -0.053425
-0.563488 0.153565 -0.065386
-0.485981 -0.021515 -0.038133
-0.506774 0.044017 -0.061009
-0.546262 0.117513 -0.028708
-0.543317 0.110766 -0.028696
-0.504778 0.039391 -0.061563
-0.484502 -0.022047 -0.007556
-0.522415 0.062440 -0.033234
-0.513309 0.059172 -0.059093
-0.470557 -0.034427 0.005919
-0.549876 0.121673 -0.072842
-0.554590 0.158251 -0.011227
-0.482305 -0.014356 -0.085593
-0.484704 -0.006936 -0.065015
-0.547194 0.135021 -0.078446
-0.522818 0.067714 0.006084
-0.514583 0.041340 -0.066961
-0.543788 0.110643 -0.041570
-0.562747 0.155968 -0.021498
-0.524358 0.085357 -0.049843
-0.533679 0.107610 -0.040322
-0.562837 0.157289 -0.009555
-0.535290 0.093445 -0.017182
-0.540991 0.103005 -0.054709
-0.563071 0.151110 -0.081424
-0.528793 0.100397 0.002323
-0.543762 0.105896 -0.091729
-0.460979 -0.060281 -0.054035
-0.484231 -0.021591 0.003961
-0.515160 0.049037 0.001256
-0.490554 -0.014658 -0.076902
-0.536054 0.094002 -0.029984
-0.551318 0.126736 -0.054022
-0.525198 0.087194 -0.050797
-0.477078 -0.024980 -0.071087
-0.561194 0.153873 -0.005813
-0.505322 0.042876 -0.037605
-0.556915 0.164605 -0.000254
-0.566715 0.165124 -0.020817
-0.473427 -0.027401 0.005906
-0.501116 0.010802 -0.063491
-0.528242 0.092541 0.005877
-0.494857 -0.001819 -0.092839
-0.565092 0.161239 -0.022588
-0.494688 -0.002419 -0.047309
-0.530263 0.101503 -0.021883
-0.490535 0.010726 -0.019006
-0.547664 0.115057 -0.089395
-0.546110 0.132667 -0.077030
-0.510491 0.032428 -0.061976
-0.528152 0.091179 -0.080592
-0.460747 -0.060379 -0.049394
-0.493177 0.012878 -0.060782
-0.557130 0.159703 -0.057962
-0.492321 0.014963 -0.017460
-0.557213 0.136969 -0.089098
-0.482564 -0.011411 -0.060430
-0.483839 -0.022528 0.003559
-0.547416 0.139858 -0.032126
-0.469912 -0.062198 -0.079413
-0.526247 0.073900 -0.004589
-0.498495 0.030676 -0.000746
-0.524522 0.069689 -0.007336
-0.469010 -0.063919 -0.075719
-0.473971 -0.049983 -0.048250
-0.506014 0.044833 -0.033646
-0.470833 -0.056680 -0.042940
-0.500270 0.027641 -0.076760
-0.485551 -0.019147 -0.002243
-0.524762 0.083473 0.005902
-0.487175 0.000448 -0.046592
-0.543145 0.131373 -0.018169
-0.504830 0.038391 -0.073540
-0.470184 -0.042003 -0.084176
-0.563134 0.166937 -0.039580
-0.537701 0.118062 -0.027100
-0.539313 0.104767 0.005304
-0.535965 0.093860 -0.029317
-0.549174 0.124855 -0.021571
-0.495106 0.006058 0.006114
-0.524910 0.062641 -0.092270
-0.562502 0.157693 0.002969
-0.512257 0.040006 -0.024194
-0.559190 0.163702 -0.065693
-0.464780 -0.049901 -0.036184
-0.507064 0.026645 -0.039817
-0.497119 0.021091 -0.069574
-0.533666 0.111689 0.003656
-0.522027 0.077551 -0.076215
-0.467784 -0.064270 -0.091483
-0.539838 0.123788 -0.018228
-0.566998 0.159838 -0.084321
-0.543146 0.132682 0.005751
-0.531724 0.084853 -0.021689
-0.565320 0.165972 -0.050610
-0.498066 0.025054 -0.050390
-0.510216 0.053780 -0.040936
-0.524783 0.091507 0.005526
-0.497457 0.027693 -0.007200
-0.540120 0.124632 -0.016127
-0.459408 -0.058409 0.004529
-0.463981 -0.053118 -0.051001
-0.561688 0.153310 -0.023951
-0.469752 -0.062772 -0.081623
-0.530358 0.090732 0.005977
-0.541767 0.121555 -0.089437
-0.472189 -0.056407 -0.073283
-0.474121 -0.049754 -0.049463
-0.539395 0.116712 -0.083096
-0.519374 0.057498 -0.011547
-0.473074 -0.047088 0.004733
-0.495581 -0.000164 -0.045083
-0.562801 0.157084 -0.010878
-0.473580 -0.049559 -0.034126
-0.553136 0.148418 -0.080798
-0.548792 0.122336 -0.039152
-0.497932 0.025480 -0.042542
-0.557450 0.139503 -0.067776
-0.550587 0.145436 -0.050191
-0.541316 0.121355 -0.080529
-0.505802 0.041728 -0.061664
-0.500166 0.031015 -0.038086
-0.539690 0.122554 -0.027811
-0.541380 0.108711 -0.003178
-0.477731 -0.016970 -0.001378
-0.476738 -0.021626 -0.026847
-0.545053 0.119739 0.006019
-0.552477 0.150476 -0.042593
-0.469740 -0.061027 -0.062669
-0.540486 0.126755 -0.002381
-0.545232 0.133068 -0.051220
-0.522585 0.079352 -0.070628
-0.538598 0.119084 -0.038176
-0.513845 0.044407 -0.016026
-0.492832 0.016787 -0.010486
-0.512924 0.058664 -0.055098
-0.504391 0.038452 -0.062117
-0.538348 0.116271 -0.062128
-0.532339 0.086108 -0.023336
-0.486373 -0.022626 -0.059647
-0.552170 0.149806 -0.042240
-0.482342 -0.026758 -0.005009
-0.460971 -0.056848 -0.017090
-0.469039 -0.057706 -0.009924
-0.509157 0.033251 -0.020444
-0.494168 0.012608 -0.087983
-0.491935 -0.012348 -0.086051
-0.477449 -0.021274 -0.040517
-0.507280 0.050929 0.000561
-0.537980 0.115966 -0.056376
-0.528980 0.085539 0.006012
-0.548895 0.119291 -0.074266
-0.516003 0.052704 0.006089
-0.461560 -0.059227 -0.057002
-0.540622 0.123173 -0.044052
-0.519475 0.075161 -0.039218
-0.486897 -0.004133 -0.088795
-0.513017 0.063254 -0.008252
-0.504697 0.039096 -0.062735
-0.545910 0.134822 -0.049076
-0.532280 0.081553 -0.070637
-0.477117 -0.022226 -0.042572
-0.518362 0.054329 -0.020644
-0.546930 0.123198 -0.093041
-0.512937 0.060200 -0.038974
-0.555337 0.156578 -0.047453
-0.535286 0.092462 -0.027605
-0.468821 -0.063509 -0.066685
-0.487006 0.003544 -0.009328
-0.475211 -0.045185 -0.027309
-0.541144 0.116912 0.005931
-0.466083 -0.048567 -0.053845
-0.472315 -0.049089 0.001933
-0.468341 -0.064199 -0.062309
-0.482679 -0.028728 -0.034346
-0.463577 -0.062404 -0.058968
-0.519470 0.054014 -0.051192
-0.563599 0.157664 -0.024240
-0.546206 0.118711 -0.014537
-0.473880 -0.046303 -0.006632
-0.546576 0.115420 -0.058824
-0.483509 -0.028630 -0.053662
-0.517402 0.045999 -0.086239
-0.498615 0.021632 -0.093081
-0.505599 0.043868 -0.033774
-0.560727 0.167981 -0.045793
-0.475298 -0.027061 -0.049714
-0.475014 -0.050417 -0.078466
-0.483223 -0.030052 -0.061867
-0.495751 0.021911 -0.027246
-0.550199 0.142622 -0.070800
-0.496207 0.025886 0.004125
-0.536235 0.114340 -0.030993
-0.559207 0.143802 -0.064865
-0.472128 -0.031661 -0.021171
-0.523331 0.063097 -0.048667
-0.498113 0.021571 -0.088798
-0.473723 -0.048916 -0.030728
-0.552602 0.149688 -0.054095
-0.487118 -0.019807 -0.047749
-0.484719 -0.027147 -0.067445
-0.495970 0.007610 -0.092950
-0.520054 0.052141 -0.085551
-0.464165 -0.062672 -0.071092
-0.519402 0.077556 -0.011799
-0.529830 0.094569 -0.085480
-0.557848 0.162719 -0.043305
-0.530733 0.081029 -0.038311
-0.550410 0.142159 -0.080915
-0.521145 0.074473 -0.087533
-0.541842 0.128993 -0.011684
-0.505193 0.025734 -0.003677
-0.565382 0.159014 -0.053509
-0.487533 -0.015742 -0.014420
-0.469161 -0.042433 -0.063707
-0.532354 0.086337 -0.021266
-0.514543 0.062367 -0.055168
-0.479764 -0.020723 -0.091415
-0.473438 -0.033721 -0.075354
-0.484391 -0.023040 -0.015460
-0.525479 0.063944 -0.092272
-0.466255 -0.062795 0.003892
-0.497159 0.001482 -0.066182
-0.473261 -0.055068 -0.085248
-0.516958 0.052736 -0.003250
-0.505047 0.025907 0.001749
-0.568040 0.164756 -0.081723
-0.555798 0.137684 -0.046732
-0.545698 0.110400 -0.091012
-0.488190 0.000526 -0.070672
-0.483670 -0.008526 -0.056685
-0.467306 -0.043185 -0.026260
-0.515659 0.064049 0.005899
-0.523084 0.062882 -0.044912
-0.563815 0.157618 -0.030016
-0.518791 0.054391 -0.030492
-0.498183 0.009249 -0.008168
-0.511960 0.038347 -0.034664
-0.469083 -0.063977 -0.078120
-0.511608 0.054847 0.005906
-0.500790 0.008390 -0.081301
-0.553941 0.132524 -0.056418
-0.530157 0.102974 -0.003552
-0.465666 -0.063329 -0.073684
-0.468381 -0.043399 0.005986
-0.466478 -0.045025 -0.025630
-0.538390 0.114033 -0.087116
-0.529268 0.091031 -0.093133
-0.537848 0.101411 0.005317
-0.565547 0.161020 -0.036091
-0.551912 0.144705 -0.090500
-0.518165 0.047449 -0.089429
-0.530788 0.096805 -0.085033
-0.557420 0.161145 -0.049653
-0.504466 0.024911 0.005338
-0.512224 0.055705 -0.069581
-0.486142 -0.000206 -0.028255
-0.501743 0.030958 -0.077360
-0.557430 0.144901 -0.009533
-0.514314 0.066917 -0.000861
-0.474455 -0.029962 -0.060078
-0.542929 0.108026 -0.048493
-0.542936 0.106370 -0.066401
-0.515381 0.069011 -0.004616
-0.484831 -0.004659 -0.043762
-0.530748 0.081277 -0.036016
-0.491752 0.010929 -0.046690
-0.558230 0.146945 -0.007277
-0.508932 0.050924 -0.040021
-0.526848 0.087299 -0.090137
-0.531736 0.083196 -0.039699
-0.521057 0.077084 -0.057438
-0.551440 0.143726 -0.089392
-0.542901 0.104263 -0.088090
-0.503586 0.018606 -0.040536
-0.499722 0.028015 -0.059319
-0.530941 0.096455 -0.092540
-0.475565 -0.026521 -0.050461
-0.478798 -0.034106 0.003277
-0.523395 0.066676 -0.011931
-0.515638 0.044746 -0.056383
-0.515965 0.044325 -0.068917
-0.497223 0.001745 -0.092815
-0.487012 -0.018192 -0.027872
-0.522378 0.058473 -0.074791
-0.510691 0.056013 0.005857
-0.512451 0.036854 -0.062672
-0.561147 0.166434 -0.084455
-0.540619 0.122418 -0.052054
-0.467594 -0.064183 -0.086616
-0.513554 0.038381 -0.073392
-0.467264 -0.064038 -0.085455
-0.494839 0.014864 -0.080296
-0.557567 0.141012 -0.054498
-0.529128 0.074199 -0.072021
-0.528600 0.074436 -0.056555
-0.498323 0.005009 -0.056972
-0.536671 0.115330 -0.031073
-0.564964 0.161241 -0.019441
-0.520302 0.076109 -0.049343
-0.477606 -0.018067 -0.010054
-0.537080 0.116466 -0.028943
-0.524783 0.065545 -0.058098
-0.461395 -0.061296 -0.075098
-0.555108 0.140606 0.001469
-0.478519 -0.016368 -0.014254
-0.540616 0.120935 -0.067837
-0.561111 0.150908 -0.035513
-0.562788 0.167115 -0.010491
-0.467300 -0.062502 -0.018625
-0.534905 0.112904 -0.013727
-0.523769 0.060056 -0.091948
-0.524585 0.085165 -0.057466
-0.489153 -0.016890 -0.066426
-0.496592 0.026637 0.002698
-0.546411 0.136487 -0.043541
-0.524112 0.088373 -0.011549
-0.554938 0.138302 -0.019031
-0.474925 -0.025493 -0.023785
-0.464718 -0.052252 -0.059800
-0.462811 -0.055339 -0.046079
-0.482627 -0.026206 -0.006092
-0.510760 0.057957 -0.009581
-0.534132 0.089558 -0.030396
-0.495398 0.016193 -0.079765
-0.500379 0.013931 -0.011921
-0.561101 0.152194 -0.021518
-0.525110 0.088677 -0.032774
-0.540061 0.105257 -0.007801
-0.461111 -0.061270 0.002345
-0.492887 -0.006491 -0.046730
-0.481828 -0.026980 0.005229
-0.538932 0.119515 -0.041754
-0.550081 0.120937 -0.085749
-0.564056 0.153616 -0.078771
-0.482561 -0.006856 0.005892
-0.484058 -0.027519 -0.055235
-0.549168 0.146646 -0.002431
-0.555512 0.136700 -0.050236
-0.476071 -0.022521 -0.020067
-0.514895 0.065400 -0.031346
-0.520381 0.079129 -0.018986
-0.468069 -0.053247 0.006131
-0.556328 0.161260 -0.021644
-0.484902 -0.029017 -0.091961
-0.552863 0.129944 -0.057582
-0.497877 0.006888 -0.025937
-0.487940 -0.014157 -0.007454
-0.484300 -0.028042 -0.066750
-0.523348 0.067271 -0.004408
-0.471410 -0.054153 -0.030069
-0.526078 0.087894 -0.064906
-0.522721 0.060435 -0.062195
-0.507617 0.024631 -0.074913
-0.554305 0.150584 -0.086274
-0.564583 0.160827 -0.014511
-0.519236 0.072839 -0.058202
-0.514761 0.040410 -0.081286
-0.561403 0.167659 -0.074480
-0.497126 0.026894 -0.007638
-0.479388 -0.036702 -0.038974
-0.478259 -0.038281 -0.028166
-0.560011 0.147333 -0.046803
-0.515549 0.049483 -0.003501
-0.534813 0.108231 -0.061482
-0.508904 0.047873 -0.071972
-0.490590 0.005590 -0.075319
-0.510959 0.038245 -0.011203
-0.521030 0.081887 -0.005361
-0.503883 0.022959 -0.001241
-0.559368 0.150030 -0.002171
-0.559359 0.146609 -0.038559
-0.478394 -0.039355 -0.042978
-0.520994 0.054481 -0.083549
-0.540261 0.098315 -0.086993
-0.553763 0.153520 -0.041570
-0.505068 0.045140 -0.007145
-0.541494 0.103285 -0.064047
-0.524901 0.065565 -0.060755
-0.490784 0.009814 0.005909
-0.524445 0.065319 -0.052219
-0.463758 -0.051482 -0.028008
-0.476386 -0.036248 -0.092924
-0.546926 0.138573 -0.033840
-0.474140 -0.026410 -0.014343
-0.525549 0.084581 -0.087362
-0.471283 -0.040267 -0.092571
-0.461914 -0.052668 0.004514
-0.563794 0.166618 -0.072069
-0.547782 0.120855 -0.030247
-0.478661 -0.021645 -0.074202
-0.467252 -0.064017 -0.068507
-0.508018 0.032449 -0.001097
-0.512530 0.063017 0.001145
-0.555558 0.157209 -0.046114
-0.519279 0.058412 0.000556
-0.542363 0.130835 -0.004742
-0.525631 0.068489 -0.047364
-0.557616 0.141498 -0.050488
-0.499521 0.026980 -0.065461
-0.489045 0.007296 -0.019173
-0.548782 0.146222 0.002500
-0.549215 0.119435 -0.080571
-0.552053 0.150238 -0.034746
-0.522544 0.058169 -0.082107
-0.506624 0.042120 -0.077635
-0.528359 0.097829 0.005798
-0.475601 -0.045483 -0.040048
-0.515692 0.061849 -0.088908
-0.484881 -0.001002 -0.005848
-0.520969 0.057033 -0.055643
-0.480924 -0.037343 -0.083499
-0.492410 0.010058 -0.072154
-0.544696 0.116542 -0.000700
-0.531697 0.103421 -0.036525
-0.540346 0.101001 -0.060325
-0.562645 0.167144 -0.045332
-0.465403 -0.045690 -0.006376
-0.510943 0.050712 -0.091594
-0.506210 0.040149 -0.088573
-0.510449 0.056398 -0.018637
-0.532177 0.101189 -0.072186
-0.465825 -0.050392 -0.067042
-0.505265 0.021638 -0.092855
-0.467714 -0.062767 -0.031595
-0.464548 -0.051555 -0.048166
-0.463493 -0.062320 -0.008653
-0.522040 0.060067 -0.049418
-0.481804 -0.007057 0.004813
-0.555228 0.136537 -0.045040
-0.533695 0.084930 -0.069187
-0.521574 0.077794 -0.062513
-0.504016 0.019417 -0.042412
-0.501269 0.013656 -0.036697
-0.508496 0.052930 -0.007847
-0.566336 0.160933 -0.056385
-0.535982 0.093221 -0.036562
-0.534675 0.093213 -0.004596
-0.526646 0.086856 -0.089920
-0.522186 0.084433 -0.006468
-0.472346 -0.051617 -0.092819
-0.550423 0.124355 -0.057563
-0.522190 0.059972 -0.054137
-0.485124 -0.025493 -0.059690
-0.501267 0.009677 -0.079222
-0.468016 -0.058988 0.001444
-0.468770 -0.044798 -0.079405
-0.554707 0.130983 -0.091691
-0.515681 0.044197 -0.063312
-0.528519 0.097686 -0.019965
-0.474269 -0.032134 -0.078751
-0.539637 0.116414 -0.092220
-0.482303 -0.031148 -0.051026
-0.490431 0.005173 -0.075886
-0.516086 0.071086 0.000295
-0.539672 0.121691 -0.036605
-0.502344 0.013484 -0.064883
-0.537921 0.099821 -0.013477
-0.484101 -0.012951 -0.093029
-0.493084 0.012620 -0.061259
-0.502166 0.010729 -0.090003
-0.508028 0.031447 -0.012060
-0.511286 0.052811 -0.077566
-0.488049 -0.014089 -0.009392
-0.547171 0.122323 0.000460
-0.566471 0.165466 -0.054279
-0.470599 -0.060517 -0.078268
-0.510961 0.056478 -0.030343
-0.553346 0.149892 -0.070172
-0.497978 0.028668 -0.009549
-0.467510 -0.045251 -0.053360
-0.532981 0.089706 -0.000586
-0.556638 0.160361 -0.038855
-0.561932 0.167432 -0.070922
-0.559860 0.146075 -0.056552
-0.498491 0.027847 -0.030914
-0.551600 0.150453 -0.021339
-0.518844 0.077876 0.005313
-0.502955 0.034067 -0.073821
-0.551075 0.127188 -0.043212
-0.553712 0.150444 -0.073245
-0.483681 -0.011024 -0.083680
-0.532229 0.101445 -0.070724
-0.563278 0.157567 -0.093027
-0.555354 0.133069 -0.085242
-0.461071 -0.058594 -0.038225
-0.489659 -0.010891 -0.014645
-0.501388 0.033895 -0.037245
-0.539154 0.101858 -0.021938
-0.533919 0.091479 -0.004610
-0.512519 0.037766 -0.092863
-0.466907 -0.063476 -0.019396
-0.477400 -0.017054 0.005840
-0.533906 0.105213 -0.071541
-0.535128 0.090153 -0.048454
-0.558003 0.143356 -0.040102
-0.560491 0.166134 -0.071591
-0.523927 0.085457 -0.038211
-0.525106 0.086143 -0.059794
-0.532929 0.084665 -0.053241
-0.552060 0.148595 -0.052508
-0.510976 0.051399 -0.085050
-0.518539 0.069097 -0.081159
-0.493364 0.018717 -0.002878
-0.496090 0.003146 -0.022159
-0.554316 0.158683 0.000112
-0.493693 -0.004659 -0.046889
-0.470891 -0.060817 -0.088653
-0.543540 0.127729 -0.066845
-0.461049 -0.061290 -0.047506
-0.512623 0.059310 -0.040794
-0.474342 -0.048612 -0.042674
-0.531947 0.082463 -0.052727
-0.559971 0.145507 -0.065341
-0.496481 0.023369 -0.029549
-0.470443 -0.057381 -0.040880
-0.497053 0.021806 -0.060283
-0.538091 0.100014 -0.015602
-0.485275 -0.019510 0.000632
-0.561802 0.150895 -0.052600
-0.514516 0.064505 -0.031628
-0.508361 0.045313 -0.086070
-0.566752 0.159345 -0.083568
-0.521843 0.073732 0.005956
-0.549962 0.123345 -0.057045
-0.530916 0.099210 -0.062447
-0.509501 0.050783 -0.055468
-0.564388 0.156925 -0.051494
-0.509527 0.029453 -0.070171
-0.517674 0.070785 -0.041872
-0.552694 0.131250 -0.092972
-0.543815 0.113870 -0.007701
-0.501713 0.037849 -0.002896
-0.494243 0.016524 -0.047887
-0.492330 0.010880 -0.061370
-0.553878 0.135670 -0.021200
-0.482930 -0.012330 -0.079226
-0.518238 0.050657 -0.056887
-0.480164 -0.039892 -0.092148
-0.495339 -0.001410 -0.052476
-0.530708 0.099073 -0.058818
-0.462238 -0.060914 -0.091681
-0.475226 -0.045196 -0.027799
-0.471332 -0.056258 -0.050665
-0.463989 -0.062591 -0.067323
-0.534491 0.093118 -0.001114
-0.525448 0.065423 -0.075694
-0.497897 0.009514 0.001682
-0.536029 0.111983 -0.051149
-0.532962 0.088856 -0.009196
-0.535170 0.111645 -0.033709
-0.521860 0.061124 -0.033699
-0.538307 0.097831 -0.044261
-0.564622 0.161821 -0.004829
-0.466681 -0.042086 0.000830
-0.487940 -0.000417 -0.074605
-0.541598 0.125883 -0.038993
-0.552060 0.153617 0.001244
-0.470962 -0.035235 -0.030835
-0.503070 0.017029 -0.044764
-0.510341 0.054336 -0.038074
-0.460207 -0.060623 -0.038763
-0.484929 -0.002142 -0.019237
-0.531387 0.102652 -0.037157
-0.491978 0.007326 -0.090795
-0.460567 -0.060867 -0.050189
-0.516270 0.071566 0.000916
-0.540620 0.125908 -0.014736
-0.461665 -0.057177 -0.037645
-0.501487 0.015033 -0.027299
-0.485412 -0.024808 -0.059427
-0.509519 0.049001 -0.074980
-0.566013 0.165649 -0.072461
-0.558581 0.141056 -0.078899
-0.495140 0.019668 -0.036253
-0.527137 0.095233 -0.012318
-0.462475 -0.051644 0.001708
-0.496158 0.003566 -0.019308
-0.481552 -0.030600 -0.026740
-0.509980 0.049813 -0.077614
-0.486988 -0.020603 -0.053086
-0.504819 0.038539 -0.071672
-0.533121 0.110217 0.001261
-0.490503 -0.009662 -0.022196
-0.486314 -0.025764 -0.091786
-0.486516 -0.002531 -0.062308
-0.562224 0.154727 -0.021943
-0.487264 0.000869 -0.044275
-0.467084 -0.062714 -0.015570
-0.492214 -0.004352 -0.007326
-0.534482 0.108858 -0.046651
-0.517260 0.067458 -0.067333
-0.545193 0.138003 0.002559
-0.523481 0.063189 -0.051379
-0.568058 0.163584 -0.070237
-0.463592 -0.062383 -0.029606
-0.559407 0.165507 -0.051702
-0.564887 0.154902 -0.085376
-0.530495 0.084457 0.004221
-0.514249 0.059144 0.005928
-0.506761 0.028595 -0.011516
-0.550939 0.147634 -0.035306
-0.564673 0.166280 -0.023377
-0.543979 0.109650 -0.056870
-0.533305 0.083258 -0.077524
-0.516459 0.046204 -0.060922
-0.483877 -0.009020 -0.067037
-0.556777 0.136550 -0.082874
-0.549117 0.141364 -0.057710
-0.552369 0.152650 -0.016688
-0.498417 0.010624 0.000790
-0.485017 -0.027638 -0.080009
-0.554915 0.157208 -0.030360
-0.512532 0.042838 -0.000625
-0.509227 0.047065 -0.088556
-0.559233 0.166827 -0.033306
-0.512272 0.060594 -0.018444
-0.472057 -0.052448 -0.027671
-0.481090 -0.009093 0.000538
-0.549722 0.122407 -0.061199
-0.486249 0.001342 -0.014317
-0.527852 0.075561 -0.026167
-0.566598 0.164803 -0.021379
-0.500108 0.033288 -0.012353
-0.483140 -0.021863 -0.092921
-0.506384 0.022402 -0.068541
-0.478306 -0.043816 -0.088569
-0.545610 0.110168 -0.091320
-0.506668 0.042564 -0.073965
-0.481749 -0.032650 -0.053508
-0.503248 0.040939 -0.007482
-0.464707 -0.062838 0.003431
-0.492631 -0.010393 -0.082204
-0.521045 0.059939 -0.026412
-0.527899 0.073196 -0.052622
-0.524052 0.080620 -0.093057
-0.493662 0.011800 -0.084194
-0.536997 0.114457 -0.048409
-0.523111 0.059675 -0.079892
-0.484126 -0.029025 -0.073009
-0.461309 -0.059312 -0.051759
-0.526179 0.067187 -0.074738
-0.501000 0.012739 -0.039914
-0.529222 0.077616 -0.092924
-0.520932 0.058521 -0.038803
-0.484506 -0.003091 -0.019003
-0.495144 0.002024 -0.010953
-0.484740 -0.023945 -0.033702
-0.533360 0.088658 -0.021099
-0.487814 -0.010022 -0.092949
-0.523340 0.079659 -0.085870
-0.481516 -0.022962 0.006110
-0.469744 -0.063420 -0.088369
-0.526843 0.090451 -0.056289
-0.561565 0.153527 -0.018616
-0.563390 0.150876 -0.091739
-0.564901 0.163004 0.000989
-0.501180 0.009560 -0.078334
-0.491543 -0.007968 -0.029563
-0.546493 0.113368 -0.078752
-0.560323 0.151794 -0.006705
-0.518432 0.076784 0.003725
-0.502063 0.014009 -0.052383
-0.526582 0.092871 -0.023978
-0.513373 0.036332 -0.090878
-0.470416 -0.054084 -0.004940
-0.553984 0.149734 -0.087516
-0.536803 0.098439 -0.000859
-0.499869 0.028243 -0.060471
-0.479607 -0.023699 0.006057
-0.472763 -0.048450 -0.002220
-0.536972 0.118935 0.000109
-0.563193 0.166927 -0.022464
-0.520470 0.056602 -0.048008
-0.474743 -0.045126 -0.015198
-0.551519 0.151789 -0.005072
-0.559047 0.141818 -0.082173
-0.470123 -0.042901 -0.092298
-0.489155 -0.013086 -0.025784
-0.553593 0.157057 0.000454
-0.527500 0.088718 -0.090947
-0.486755 -0.018735 -0.027370
-0.532831 0.081924 -0.080181
-0.564192 0.166497 -0.016240
-0.566862 0.161267 -0.065700
-0.516499 0.048812 -0.033981
-0.555630 0.134233 -0.092919
-0.498867 0.008085 -0.037405
-0.508151 0.031238 -0.017324
-0.530346 0.081017 -0.028955
-0.539536 0.124234 -0.006071
-0.472785 -0.028388 -0.002274
-0.523101 0.061216 -0.063150
-0.469931 -0.034880 -0.001740
-0.566746 0.165356 -0.044182
-0.486948 -0.023757 -0.085847
-0.533657 0.110593 -0.007849
-0.522826 0.080751 0.005879
-0.528846 0.094241 -0.064845
-0.478802 -0.020277 -0.063045
-0.509576 0.035342 -0.008352
-0.519854 0.057130 -0.027260
-0.482454 -0.029705 -0.039284
-0.515818 0.046334 -0.043820
-0.557763 0.163747 -0.030222
-0.545823 0.138255 -0.010189
-0.479058 -0.037280 -0.037059
-0.492632 -0.006413 -0.039638
-0.522878 0.084226 -0.025668
-0.527788 0.071643 -0.066528
-0.505944 0.026838 -0.010270
-0.537460 0.117753 -0.024493
-0.541485 0.104361 -0.052323
-0.497407 0.020102 -0.087204
-0.543616 0.132354 -0.019216
-0.538394 0.114412 -0.083163
-0.461176 -0.054819 -0.000410
-0.471744 -0.035181 -0.049428
-0.563924 0.154213 -0.069134
-0.514344 0.059661 -0.079246
-0.563950 0.152073 -0.092680
-0.519195 0.077714 -0.005037
-0.537291 0.115903 -0.040166
-0.465150 -0.051526 -0.062621
-0.535849 0.112972 -0.036152
-0.493120 0.013893 -0.048507
-0.492071 0.004223 -0.093029
-0.488580 -0.017843 -0.062590
-0.550408 0.143147 -0.070291
-0.555992 0.140329 -0.023182
-0.538451 0.100223 -0.022201
-0.527251 0.071387 -0.056103
-0.560975 0.152764 -0.012330
-0.489015 -0.016025 -0.053804
-0.489338 0.005665 -0.043810
-0.526326 0.088439 -0.065137
-0.508744 0.047074 -0.076611
-0.474582 -0.031956 -0.084523
-0.480644 -0.015495 -0.057030
-0.479986 -0.039944 -0.088325
-0.529893 0.081852 -0.008889
-0.482113 -0.031041 -0.045216
-0.564660 0.156770 -0.059812
-0.471321 -0.035465 -0.042090
-0.538334 0.121117 -0.009932
-0.513382 0.038736 -0.065362
-0.554639 0.152188 -0.077300
-0.522284 0.085042 -0.002350
-0.519383 0.059028 0.004618
-0.525264 0.084881 -0.077167
-0.504978 0.043368 -0.023902
-0.524936 0.063885 -0.092853
-0.480290 -0.037410 -0.068661
-0.563990 0.153889 -0.074228
-0.477835 -0.038040 -0.092847
-0.512620 0.041304 -0.092916
-0.465774 -0.063330 -0.024330
-0.473984 -0.048521 -0.032918
-0.479995 -0.017266 -0.060061
-0.498247 0.001769 -0.089778
-0.492003 -0.012213 -0.092773
-0.473551 -0.046895 -0.004898
-0.548196 0.116234 -0.089837
-0.477040 -0.026798 -0.089591
-0.493208 0.011770 -0.073393
-0.507676 0.029405 -0.025277
-0.565762 0.165799 -0.029061
-0.548481 0.119892 -0.057694
-0.551902 0.131076 -0.021896
-0.515570 0.067784 -0.022380
-0.551239 0.141019 0.005894
-0.488821 -0.005792 -0.092981
-0.493336 -0.007259 -0.065957
-0.540684 0.120418 -0.075059
-0.496165 0.021664 -0.040048
-0.555747 0.155771 -0.066128
-0.528730 0.079283 -0.007866
-0.547922 0.141032 -0.031968
-0.477670 -0.024537 -0.080871
-0.545200 0.111060 -0.071736
-0.488295 -0.013100 -0.004846
-0.548486 0.137097 -0.087907
-0.538285 0.096040 -0.092907
-0.549869 0.145159 -0.035542
-0.525615 0.087790 0.005863
-0.536734 0.097147 -0.012991
-0.517307 0.050494 -0.035798
-0.482794 -0.012009 -0.072450
-0.505411 0.028067 -0.092952
-0.561291 0.167735 -0.046232
-0.558245 0.166253 -0.015244
-0.559578 0.167680 -0.032658
-0.466781 -0.063789 -0.045188
-0.496124 0.024843 -0.005016
-0.513259 0.063312 -0.013561
-0.501634 0.032575 -0.057402
-0.546795 0.116433 -0.053348
-0.521058 0.060756 -0.017971
-0.559263 0.148985 -0.010786
-0.467982 -0.046075 -0.073744
-0.506093 0.022250 -0.063026
-0.474951 -0.030511 -0.078117
-0.543463 0.110540 -0.034695
-0.517368 0.047104 -0.073578
-0.508681 0.046355 -0.082748
-0.511995 0.046719 -0.093022
-0.477505 -0.018048 -0.007372
-0.489387 0.010369 0.005328
-0.538205 0.117928 -0.040889
-0.516612 0.066758 -0.058918
-0.531288 0.077719 -0.087336
-0.537029 0.117233 -0.019491
-0.472742 -0.034873 -0.070629
-0.507479 0.023131 -0.092804
-0.461540 -0.059528 -0.059730
-0.463086 -0.053145 -0.029345
-0.463376 -0.062277 -0.016727
-0.527396 0.072764 -0.044901
-0.534457 0.092085 -0.011327
-0.480886 -0.018148 -0.091352
-0.546727 0.119339 -0.020574
-0.500765 0.035646 -0.003214
-0.462768 -0.057334 -0.066355
-0.537340 0.115838 -0.042061
-0.525274 0.064535 -0.080924
-0.530080 0.101282 0.005802
-0.466262 -0.063591 -0.075703
-0.523436 0.060224 -0.081995
-0.559691 0.153397 0.005986
-0.531243 0.086006 0.002440
-0.508886 0.033591 -0.010151
-0.466823 -0.063832 -0.071480
-0.559478 0.145880 -0.049286
-0.476079 -0.047321 -0.071464
-0.546881 0.136841 -0.051287
-0.514030 0.058248 -0.086675
-0.510467 0.033529 -0.049600
-0.490155 0.006541 -0.054474
-0.492319 0.012757 -0.041023
-0.472954 -0.053486 -0.060791
-0.544216 0.109851 -0.060529
-0.502285 0.038461 -0.010378
-0.510759 0.036712 -0.022700
-0.512467 0.034783 -0.085222
-0.552533 0.148345 -0.066776
-0.461107 -0.061308 -0.039922
-0.463641 -0.052287 -0.033763
-0.538045 0.101206 -0.001696
-0.513309 0.060195 -0.048150
-0.471794 -0.058850 -0.089747
-0.547946 0.121353 -0.028914
-0.484299 -0.006775 -0.053363
-0.479667 -0.040424 -0.085644
-0.556862 0.140088 -0.047105
-0.560045 0.145118 -0.071341
-0.518201 0.075725 -0.001930
-0.476498 -0.041554 -0.020019
-0.533203 0.089673 -0.006379
-0.539483 0.114141 -0.093151
-0.528763 0.073321 -0.072483
-0.485368 -0.004156 0.005945
-0.468729 -0.039797 -0.024877
-0.534890 0.086494 -0.081783
-0.538438 0.097401 -0.052070
-0.471437 -0.051137 0.001556
-0.563853 0.153077 -0.079557
-0.560069 0.150342 -0.016025
-0.540790 0.107294 -0.003878
-0.537841 0.099974 -0.009890
-0.513334 0.038123 -0.070758
-0.511049 0.032086 -0.079316
-0.477259 -0.045167 -0.077345
-0.516258 0.055385 0.006055
-0.504238 0.024414 0.005618
-0.529549 0.075410 -0.069389
-0.508891 0.030378 -0.044672
-0.509564 0.049842 -0.067090
-0.523442 0.062206 -0.060927
-0.529879 0.095142 -0.080539
-0.546701 0.119536 -0.017842
-0.529858 0.082900 0.003169
-0.471993 -0.038330 -0.089243
-0.507341 0.026150 -0.051901
-0.498220 0.021696 -0.090080
-0.478330 -0.015398 0.000758
-0.512690 0.063298 0.000228
-0.525084 0.069125 -0.027166
-0.472603 -0.030803 -0.023639
-0.554913 0.158070 -0.021093
-0.528821 0.093424 -0.072987
-0.511129 0.032347 -0.078484
-0.506873 0.027850 -0.022225
-0.521049 0.059757 -0.028455
-0.554395 0.152505 -0.067938
-0.473492 -0.054821 -0.088255
-0.501469 0.012249 -0.056651
-0.489691 0.009056 -0.016187
-0.534806 0.114321 0.003852
-0.514140 0.057982 -0.092217
-0.556432 0.150316 -0.093145
-0.516918 0.052411 -0.005761
-0.487388 -0.019894 -0.055284
-0.464722 -0.062912 -0.067892
-0.527396 0.071139 -0.062310
-0.524042 0.062334 -0.074268
-0.514652 0.043990 -0.040278
-0.507496 0.029569 -0.019118
-0.553280 0.131309 -0.053194
-0.512010 0.035231 -0.069217
-0.522132 0.058708 -0.066235
-0.538017 0.113577 -0.082833
-0.565640 0.161310 -0.035273
-0.542194 0.130858 -0.000366
-0.542136 0.109050 -0.018097
-0.479139 -0.040412 -0.072560
-0.481321 -0.008432 0.001949
-0.511036 0.056949 0.005854
-0.472699 -0.051786 -0.036341
-0.538595 0.098500 -0.044157
-0.515588 0.065231 -0.050153
-0.553213 0.133467 -0.028465
-0.553470 0.149405 -0.078426
-0.534993 0.114252 -0.001471
-0.559696 0.149004 -0.021185
-0.535037 0.110618 -0.041442
-0.540213 0.121385 -0.053138
-0.533837 0.109291 -0.026201
-0.550218 0.147919 -0.014572
-0.516142 0.068979 -0.023638
-0.563110 0.166932 -0.055258
-0.503242 0.035936 -0.060868
-0.565629 0.157976 -0.070687
-0.550186 0.141327 -0.084335
-0.496674 0.004677 -0.020081
-0.538515 0.116869 -0.059837
-0.561425 0.146955 -0.085515
-0.537725 0.096880 -0.040157
-0.485266 -0.020903 -0.014057
-0.503406 0.018727 -0.034832
-0.500766 0.034188 -0.018852
-0.568434 0.162569 -0.090314
-0.539859 0.098747 -0.072515
-0.485158 -0.004558 -0.050696
-0.489833 0.007848 -0.032602
-0.475224 -0.048639 -0.064573
-0.479620 -0.032742 -0.092869
-0.527246 0.088333 -0.088842
-0.486538 -0.024650 -0.085340
-0.532820 0.100908 -0.090963
-0.484543 -0.000901 0.003514
-0.479224 -0.016613 -0.034164
-0.483740 -0.008393 -0.056977
-0.478431 -0.036214 -0.010273
-0.505154 0.043001 -0.032159
-0.507287 0.047616 -0.035074
-0.466155 -0.052039 -0.092773
-0.524269 0.061464 -0.089143
-0.558928 0.143328 -0.063094
-0.554110 0.135247 -0.031403
-0.515614 0.050342 0.004081
-0.490985 -0.000747 0.006082
-0.563306 0.158781 -0.005097
-0.546552 0.134969 -0.063230
-0.461447 -0.059942 -0.061888
-0.554600 0.151404 0.005845
-0.560753 0.148104 -0.056743
-0.497137 0.003344 -0.045700
-0.490984 0.011451 -0.022267
-0.550712 0.144404 -0.064299
-0.473918 -0.046675 -0.011535
-0.512746 0.041989 -0.014967
-0.555905 0.133619 -0.092870
-0.505330 0.042474 -0.042108
-0.511149 0.038247 -0.015839
-0.495603 0.021077 -0.032528
-0.560105 0.150788 -0.012126
-0.472512 -0.038549 0.006050
-0.537545 0.115509 -0.050592
-0.490092 0.007926 -0.038102
-0.546457 0.115765 -0.052205
-0.531423 0.103650 -0.027362
-0.518037 0.062519 0.006003
-0.507393 0.047346 -0.040567
-0.555313 0.141497 0.005974
-0.516073 0.043373 -0.081739
-0.500412 0.031899 0.005888
-0.521902 0.055993 -0.089646
-0.484589 -0.007722 -0.070607
-0.473026 -0.051911 -0.045689
-0.497145 0.021554 -0.065249
-0.466002 -0.044961 -0.013264
-0.502507 0.038089 -0.019785
-0.533029 0.105747 -0.044315
-0.506033 0.020620 -0.079006
-0.545258 0.120900 0.006008
-0.506490 0.021522 -0.080569
-0.488372 -0.012398 0.000797
-0.468537 -0.042900 -0.053398
-0.485283 -0.019691 -0.001506
-0.476996 -0.022650 -0.044136
-0.561235 0.166521 -0.085687
-0.506063 0.044424 -0.039211
-0.563522 0.155612 -0.044304
-0.555318 0.138323 -0.028128
-0.543245 0.127591 -0.061086
-0.516782 0.046889 -0.061500
-0.480061 -0.036348 -0.051688
-0.516073 0.063651 -0.078963
-0.476493 -0.048030 -0.089187
-0.463126 -0.062154 -0.002149
-0.510740 0.055258 -0.037983
-0.551434 0.148954 -0.033308
-0.513045 0.047460 -0.092998
-0.487479 -0.022071 -0.080833
-0.540658 0.106681 -0.007207
-0.486366 -0.017731 -0.007082
-0.485496 -0.018521 0.005791
-0.539807 0.120929 -0.048077
-0.493474 -0.001612 -0.008909
-0.555483 0.160147 -0.012835
-0.483946 -0.026169 -0.038025
-0.533644 0.098904 0.005960
-0.468094 -0.041212 -0.024448
-0.550572 0.126042 -0.043153
-0.479379 -0.035350 -0.024278
-0.533603 0.087490 -0.039555
-0.560704 0.158472 -0.093129
-0.548991 0.125576 -0.009372
-0.560176 0.146062 -0.064441
-0.480530 -0.030786 -0.003667
-0.543104 0.126687 -0.067308
-0.503626 0.042501 -0.000029
-0.512430 0.042169 -0.005271
-0.568662 0.163560 -0.085304
-0.471416 -0.037744 -0.068810
-0.476626 -0.024118 -0.050773
-0.518623 0.053905 -0.031581
-0.484278 -0.006170 -0.046360
-0.525918 0.086180 -0.079314
-0.521507 0.083421 -0.000661
-0.552978 0.141661 0.005943
-0.466976 -0.041062 0.004568
-0.493026 -0.009648 -0.083916
-0.476734 -0.042978 -0.041049
-0.507137 0.026270 -0.045623
-0.505282 0.022858 -0.036644
-0.567038 0.159751 -0.086254
-0.552171 0.153628 0.005727
-0.518952 0.052334 -0.056464
-0.493650 -0.006755 -0.068266
-0.537649 0.091942 -0.091151
-0.482262 -0.033090 -0.070793
-0.497695 0.006228 -0.028524
-0.562923 0.155267 -0.033300
-0.477210 -0.018351 -0.003391
-0.470990 -0.058693 -0.068352
-0.474845 -0.028024 -0.048887
-0.506865 0.024861 -0.054022
-0.558526 0.166720 -0.017109
-0.513487 0.039012 -0.064991
-0.503002 0.037108 -0.042445
-0.506842 0.026910 -0.031529
-0.490648 -0.009678 -0.025930
-0.511781 0.054790 -0.068520
-0.506684 0.029323 -0.001831
-0.533281 0.083572 -0.073574
-0.469236 -0.042974 -0.071331
-0.556574 0.138342 -0.058705
-0.550590 0.128421 -0.018145
-0.529723 0.095656 -0.071203
-0.473884 -0.045525 0.001597
-0.534436 0.084879 -0.087914
-0.493385 -0.007577 -0.070578
-0.476806 -0.047172 -0.087687
-0.512051 0.057088 -0.050540
-0.525415 0.085313 -0.076260
-0.473470 -0.031749 -0.055031
-0.531532 0.101116 -0.057148
-0.513663 0.059535 -0.063890
-0.562568 0.155375 -0.023449
-0.557317 0.141586 -0.042221
-0.527406 0.076943 -0.000433
-0.471084 -0.052066 0.000280
-0.495191 0.020628 -0.027223
-0.510336 0.036598 -0.013534
-0.474863 -0.052047 -0.092211
-0.510708 0.057495 -0.013261
-0.545952 0.139597 0.001013
-0.489074 0.001614 -0.080681
-0.519131 0.077045 -0.010621
-0.566102 0.157152 -0.091100
-0.519010 0.052925 -0.051543
-0.508511 0.046031 -0.082056
-0.486546 0.002392 -0.010366
-0.511322 0.060577 0.004671
-0.527729 0.076886 -0.008970
-0.489087 -0.018574 -0.082847
-0.518404 0.053574 -0.092912
-0.563579 0.154921 -0.053115
-0.521617 0.055590 -0.086973
-0.502031 0.012241 -0.070524
-0.534136 0.104577 -0.083970
-0.528301 0.073902 -0.054938
-0.495487 0.015604 -0.088260
-0.532227 0.084606 -0.036671
-0.553544 0.149643 -0.077699
-0.481881 -0.034774 -0.079482
-0.521990 0.062207 -0.025304
-0.547523 0.119808 -0.035082
-0.469754 -0.037637 -0.026899
-0.550869 0.130194 -0.006003
-0.478741 -0.040154 -0.060048
-0.485552 -0.027421 -0.090826
-0.551438 0.123645 -0.090049
-0.519201 0.051403 -0.072518
-0.508467 0.053200 -0.004249
-0.498267 0.001602 -0.092061
-0.496035 -0.002092 -0.076855
-0.528203 0.098325 -0.005375
-0.475901 -0.047025 -0.063916
-0.513606 0.041942 -0.036549
-0.474644 -0.025055 -0.012194
-0.537391 0.099259 -0.006500
-0.491362 -0.011091 -0.058543
-0.543976 0.129491 -0.058695
-0.466558 -0.045655 -0.034343
-0.499671 0.032861 -0.006186
-0.468164 -0.041348 -0.027629
-0.507384 0.045692 -0.058040
-0.522398 0.085924 0.004279
-0.512389 0.040506 -0.022086
-0.540344 0.100312 -0.067662
-0.555724 0.138919 -0.031716
-0.520106 0.079066 -0.012893
-0.465605 -0.063299 -0.069624
-0.562671 0.167171 -0.005521
-0.497974 0.001686 -0.083992
-0.535324 0.113950 -0.012809
-0.546017 0.131197 -0.090494
-0.487002 -0.023595 -0.085435
-0.504309 0.044379 0.003321
-0.471078 -0.052117 -0.000136
-0.507195 0.043442 -0.077473
-0.475520 -0.022783 -0.009377
-0.503873 0.040450 -0.028044
-0.495825 -0.001008 -0.060106
-0.567920 0.164399 -0.092977
-0.524420 0.065890 -0.045478
-0.501853 0.014375 -0.043321
-0.467279 -0.064032 -0.072773
-0.474432 -0.048369 -0.042269
-0.473395 -0.033258 -0.069354
-0.514935 0.067551 -0.009298
-0.537479 0.115169 -0.052609
-0.513828 0.059827 -0.064826
-0.505319 0.023591 -0.029691
-0.498936 0.023755 -0.085605
-0.542475 0.126368 -0.055299
-0.518670 0.050177 -0.072624
-0.511257 0.052460 -0.080603
-0.562305 0.156509 -0.004860
-0.519977 0.078157 -0.019449
-0.531944 0.080895 -0.069451
-0.567403 0.160659 -0.085483
-0.493390 0.010751 -0.088765
-0.499989 0.029096 -0.054278
-0.519473 0.055818 -0.031957
-0.535817 0.087642 -0.092227
-0.491453 -0.013800 -0.089764
-0.557388 0.143060 -0.028203
-0.535027 0.092834 -0.017292
-0.534648 0.090611 -0.031788
-0.510641 0.051552 0.005925
-0.532575 0.083114 -0.061179
-0.483671 -0.029423 -0.066106
-0.547448 0.136743 -0.066235
-0.551707 0.152025 -0.007141
-0.491412 -0.006561 -0.011287
-0.553284 0.156818 0.005468
-0.473263 -0.052086 -0.053398
-0.463361 -0.056839 -0.075612
-0.459308 -0.060482 0.004064
-0.496313 0.022596 -0.033682
-0.523122 0.065043 -0.092933
-0.557607 0.163578 -0.028208
-0.542251 0.126404 -0.049423
-0.500345 0.007795 -0.076751
-0.490889 -0.007087 -0.004097
-0.497224 0.027969 0.001461
-0.519780 0.056728 -0.029735
-0.485289 -0.027117 -0.081115
-0.493197 0.009989 -0.092188
-0.549756 0.124278 -0.042031
-0.511914 0.040681 -0.008564
-0.504911 0.025909 0.005100
-0.466477 -0.051594 0.006051
-0.509908 0.029001 -0.084344
-0.490811 0.005131 -0.085643
-0.510167 0.052429 -0.054215
-0.560608 0.159053 -0.093141
-0.531724 0.103789 -0.033269
-0.521876 0.055866 -0.090371
-0.490558 -0.009984 -0.026989
-0.514587 0.059087 -0.091349
-0.511903 0.035539 -0.063301
-0.548555 0.137442 -0.085904
-0.507446 0.023468 -0.083173
-0.506697 0.048670 -0.009330
-0.552385 0.152127 -0.022681
-0.526964 0.095806 -0.001941
-0.546152 0.135620 -0.046471
-0.526873 0.072454 -0.035398
-0.509215 0.033406 -0.020227
-0.518737 0.053036 -0.043667
-0.557724 0.162213 -0.045674
-0.495787 0.000168 -0.046588
-0.567169 0.164389 -0.039830
-0.550227 0.144928 -0.046798
-0.548416 0.143104 -0.021899
-0.473797 -0.041377 -0.092931
-0.529390 0.092967 -0.091820
-0.558551 0.139993 -0.089540
-0.553713 0.139492 0.006002
-0.508113 0.053188 0.004297
-0.518036 0.047425 -0.086511
-0.556350 0.135137 -0.087522
-0.517497 0.071829 -0.026371
-0.467046 -0.062969 -0.017389
-0.540508 0.105115 -0.020289
-0.555464 0.133244 -0.086050
-0.477260 -0.026409 -0.090832
-0.524405 0.082834 -0.078018
-0.537640 0.114151 -0.067461
-0.481071 -0.035551 -0.067915
-0.525256 0.089835 -0.023961
-0.505768 0.024182 -0.034371
-0.486097 -0.000285 -0.028005
-0.527402 0.076955 -0.000202
-0.467733 -0.060631 -0.009196
-0.468760 -0.041285 -0.041581
-0.517378 0.053353 -0.006949
-0.552734 0.131803 -0.034522
-0.546458 0.133277 -0.079041
-0.484394 -0.022525 -0.010015
-0.538730 0.116099 -0.073342
-0.493338 0.015239 -0.039465
-0.524492 0.068708 -0.017092
-0.563903 0.166608 -0.031855
-0.508399 0.037103 0.006077
-0.486885 -0.016886 -0.010781
-0.507924 0.031803 -0.005712
-0.520178 0.059206 -0.012982
-0.485962 -0.001429 -0.036949
-0.507893 0.044807 -0.079993
-0.510513 0.057373 -0.009779
-0.484124 -0.029280 -0.075683
-0.521383 0.057054 -0.065579
-0.539282 0.095920 -0.088623
-0.496089 0.020907 -0.046266
-0.501932 0.037728 -0.009562
-0.480365 -0.014074 -0.034975
-0.504645 0.038029 -0.072870
-0.489664 -0.016530 -0.075123
-0.514271 0.063860 -0.032522
-0.513004 0.041424 -0.027339
-0.474654 -0.046859 -0.031550
-0.522762 0.085259 -0.011763
-0.477782 -0.043448 -0.071779
-0.529397 0.076338 -0.055741
-0.527853 0.073750 -0.045559
-0.495677 0.024375 0.000952
-0.530369 0.080499 -0.035042
-0.505953 0.043901 -0.042115
-0.511630 0.059421 -0.015250
-0.489171 -0.010128 0.005482
-0.551560 0.149699 -0.028434
-0.559815 0.161629 -0.093208
-0.537736 0.095731 -0.052721
-0.467462 -0.064114 -0.074778
-0.513338 0.063768 -0.010624
-0.551889 0.128079 -0.053643
-0.513338 0.059856 -0.052490
-0.472403 -0.031907 -0.030553
-0.516078 0.043761 -0.077705
-0.539896 0.123774 -0.019801
-0.512661 0.038337 -0.051954
-0.521708 0.082861 -0.011578
-0.505422 0.043492 -0.033457
-0.492532 0.016615 -0.004954
-0.512906 0.062047 -0.018450
-0.478843 -0.041492 -0.076873
-0.481743 -0.009250 -0.017167
-0.561858 0.148622 -0.078294
-0.510904 0.056966 -0.023735
-0.502412 0.033578 -0.065748
-0.467193 -0.042853 -0.019933
-0.530469 0.101599 0.005810
-0.545615 0.119034 0.003421
-0.464239 -0.049319 -0.016671
-0.493674 0.011599 -0.086659
-0.530851 0.076666 -0.087895
-0.553111 0.150524 -0.057646
-0.476320 -0.047740 -0.081853
-0.522503 0.082809 -0.031643
-0.475778 -0.021197 0.001270
-0.564044 0.166504 -0.077717
-0.553182 0.127517 -0.091367
-0.463012 -0.062123 -0.022594
-0.519479 0.053186 -0.092870
-0.500524 0.008227 -0.076503
-0.479974 -0.033521 -0.019289
-0.466334 -0.046348 -0.036244
-0.496512 0.019469 -0.072024
-0.529853 0.077600 -0.053419
-0.509404 0.052466 -0.035107
-0.460929 -0.061189 0.004044
-0.564222 0.153446 -0.084662
-0.543476 0.106118 -0.082326
-0.504664 0.023522 -0.014365
-0.478082 -0.040151 -0.043833
-0.482907 -0.029258 -0.045608
-0.501498 0.037506 -0.001290
-0.555294 0.137648 -0.034758
-0.470004 -0.038541 -0.042724
-0.513691 0.045987 0.004659
-0.466309 -0.063575 -0.036126
-0.502169 0.010575 -0.091737
-0.536166 0.097259 0.002139
-0.558557 0.145556 -0.030143
-0.481639 -0.033578 -0.060726
-0.549301 0.126231 -0.009962
-0.516700 0.046128 -0.067644
-0.465165 -0.063067 -0.027363
-0.470884 -0.036951 -0.047292
-0.546697 0.134776 -0.068861
-0.519965 0.057644 -0.024466
-0.507200 0.023936 -0.072146
-0.544160 0.133586 -0.019372
-0.537282 0.103955 -0.093065
-0.487538 0.001040 -0.049161
-0.525495 0.082750 0.005938
-0.500901 0.016017 -0.002410
-0.464274 -0.050289 -0.027925
-0.543639 0.126604 -0.081325
-0.537882 0.095617 -0.057516
-0.484723 -0.002870 -0.021971
-0.502641 0.013608 -0.070859
-0.539696 0.105401 0.002700
-0.518514 0.076549 -0.000790
-0.470710 -0.033143 -0.002278
-0.462352 -0.061869 -0.058329
-0.540146 0.122087 -0.043992
-0.557388 0.149014 -0.093092
-0.490049 -0.015106 -0.069313
-0.514874 0.040653 -0.081441
-0.482355 -0.006276 -0.000336
-0.465960 -0.047080 -0.034928
-0.550469 0.123898 -0.092932
-0.477096 -0.043923 -0.060032
-0.523776 0.063063 -0.059946
-0.550528 0.149436 0.005738
-0.474570 -0.045026 -0.009882
-0.556031 0.154981 -0.081573
-0.480674 -0.035930 -0.062245
-0.511725 0.041101 0.000576
-0.487195 -0.016926 -0.018800
-0.498464 0.007352 -0.035353
-0.468688 -0.045922 -0.089422
-0.561295 0.150575 -0.043598
-0.499689 0.033649 0.001793
-0.531748 0.107311 0.003842
-0.504590 0.024046 -0.006951
-0.506126 0.022093 -0.065510
-0.540632 0.103638 -0.039119
-0.477325 -0.017943 -0.001824
-0.511738 0.057425 -0.039269
-0.524441 0.089404 -0.008601
-0.477584 -0.017762 -0.006245
-0.470269 -0.039239 -0.056674
-0.540176 0.115362 0.005923
-0.460197 -0.059395 0.005960
-0.481273 -0.013752 -0.053812
-0.532519 0.086329 -0.025402
-0.509350 0.048972 0.005922
-0.488896 0.006959 -0.019131
-0.568299 0.162913 -0.083341
-0.490629 -0.012564 -0.056349
-0.490236 0.007561 -0.045549
-0.478853 -0.021607 -0.078517
-0.494324 -0.005866 -0.075287
-0.543596 0.125497 -0.092109
-0.478659 -0.041565 -0.073127
-0.538521 0.121846 -0.006706
-0.525367 0.068669 -0.038975
-0.493606 0.012770 -0.072461
-0.518976 0.051034 -0.070955
-0.490596 -0.008767 -0.014894
-0.519459 0.056971 -0.019259
-0.526034 0.086803 -0.075498
-0.472190 -0.032397 0.005942
-0.496296 0.017458 -0.088257
-0.496450 0.024998 -0.011339
-0.556124 0.155772 -0.075369
-0.555793 0.155345 -0.071819
-0.536844 0.093340 -0.056443
-0.532990 0.089985 -0.092991
-0.558583 0.147516 -0.009809
-0.490547 0.009140 -0.036275
-0.537401 0.098541 -0.014439
-0.537542 0.117057 -0.033963
-0.502144 0.035524 -0.038354
-0.533161 0.084780 -0.057706
-0.519794 0.058870 -0.007169
-0.551324 0.129624 -0.023261
-0.507266 0.045935 -0.052544
-0.469270 -0.036127 0.001127
-0.552626 0.134503 -0.002980
-0.466739 -0.063761 -0.035139
-0.475063 -0.028759 -0.062121
-0.506342 0.041022 -0.082459
-0.464229 -0.056240 -0.090491
-0.528057 0.073122 -0.057286
-0.467165 -0.062727 -0.017700
-0.504966 0.042575 -0.032095
-0.497087 0.025119 -0.025680
-0.511759 0.034970 -0.065865
-0.473361 -0.054952 -0.086467
-0.516510 0.070630 -0.014999
-0.512439 0.037020 -0.060596
-0.521318 0.057891 -0.055006
-0.561585 0.155471 0.001684
-0.526048 0.069703 -0.044606
-0.481169 -0.031232 -0.092841
-0.462955 -0.050221 0.005162
-0.486990 -0.004200 -0.091794
-0.508404 0.051117 0.005856
-0.511402 0.056624 -0.039600
-0.512341 0.053312 -0.093114
-0.518661 0.049686 -0.077652
-0.513807 0.058120 -0.082562
-0.559305 0.144942 -0.055078
-0.536378 0.091930 -0.060101
-0.493154 -0.002539 -0.010980
-0.532158 0.105523 -0.025355
-0.564301 0.165777 -0.093122
-0.495392 0.018227 -0.057851
-0.552895 0.147211 -0.087803
-0.518447 0.071600 -0.052106
-0.481770 -0.028555 -0.010197
-0.479539 -0.036336 -0.038762
-0.510859 0.053446 -0.060292
-0.511846 0.035916 -0.057865
-0.540703 0.105574 -0.020164
-0.461830 -0.060311 -0.075224
-0.537299 0.117654 -0.021609
-0.479562 -0.020879 -0.088116
-0.510562 0.048031 -0.093091
-0.500619 0.032249 -0.035995
-0.471310 -0.054509 -0.031432
-0.485109 -0.008589 -0.092644
-0.485763 -0.026417 -0.085248
-0.500659 0.016460 -0.092930
-0.479331 -0.037888 -0.050258
-0.472048 -0.032258 -0.025617
-0.500458 0.008941 -0.067249
-0.467072 -0.044655 -0.036255
-0.495234 -0.000842 -0.043833
-0.509201 0.029506 -0.061610
-0.538941 0.121731 -0.018244
-0.497103 0.025629 -0.020610
-0.567428 0.161866 -0.073184
-0.497109 0.020163 -0.079252
-0.469668 -0.060231 -0.092774
-0.506464 0.048262 -0.007979
-0.488188 0.003939 -0.034082
-0.481766 -0.008518 -0.009881
-0.525174 0.070218 -0.017653
-0.511990 0.058561 0.005861
-0.553459 0.149248 -0.079821
-0.463008 -0.053637 -0.032698
-0.469310 -0.042856 -0.071877
-0.493561 -0.006239 -0.060569
-0.490741 0.007809 -0.055281
-0.536593 0.115302 -0.029466
-0.549848 0.138881 0.005881
-0.549885 0.141506 -0.075034
-0.546161 0.115925 -0.043236
-0.515269 0.067394 -0.019186
-0.488564 -0.016783 -0.050853
-0.542564 0.125981 -0.061629
-0.506682 0.023906 -0.059748
-0.483600 -0.026000 -0.027739
-0.514656 0.062300 -0.058670
-0.507171 0.023672 -0.074244
-0.500781 0.013872 -0.022423
-0.506589 0.021929 -0.078639
-0.510219 0.029442 -0.092810
-0.549696 0.121661 -0.068554
-0.556850 0.147041 0.005990
-0.484143 -0.007847 -0.060998
-0.546530 0.117391 -0.036610
-0.492648 0.002961 -0.092989
-0.534809 0.105988 -0.085392
-0.498800 0.027415 -0.043116
-0.521183 0.065432 -0.093005
-0.526895 0.093735 -0.022427
-0.474080 -0.047627 -0.025717
-0.522690 0.059356 -0.072982
-0.507415 0.043256 -0.084880
-0.492744 -0.007603 -0.055125
-0.472778 -0.034845 -0.071188
-0.546156 0.126068 -0.093112
-0.561973 0.167428 -0.055571
-0.549599 0.146063 -0.019244
-0.489950 0.009807 -0.014499
-0.477369 -0.022639 -0.053167
-0.544217 0.132741 -0.029816
-0.469121 -0.039198 -0.028095
-0.493217 -0.002544 -0.012582
-0.491714 0.008407 -0.072748
-0.556824 0.139739 -0.049911
-0.475645 -0.041220 0.004477
-0.495622 0.016839 -0.078359
-0.511708 0.039542 -0.015689
-0.533290 0.089147 -0.014134
-0.526970 0.070357 -0.060233
-0.464310 -0.051750 -0.044417
-0.505712 0.020484 -0.072583
-0.568000 0.164070 -0.063615
-0.556453 0.163670 0.001078
-0.469542 -0.035699 -0.000979
-0.463155 -0.051509 -0.013524
-0.469503 -0.035943 -0.002631
-0.460665 -0.059507 -0.038037
-0.515182 0.065213 -0.040389
-0.473007 -0.047494 0.002045
-0.545496 0.113765 -0.050046
-0.472171 -0.035180 -0.059891
-0.464155 -0.062617 -0.016563
-0.463167 -0.062201 -0.032665
-0.473528 -0.029124 -0.028377
-0.559565 0.163659 -0.075346
-0.489789 -0.011892 -0.028553
-0.526744 0.074881 -0.006256
-0.554275 0.138440 -0.001293
-0.489304 -0.015499 -0.055261
-0.549161 0.143888 -0.031770
-0.480383 -0.016616 -0.062628
-0.546798 0.121035 -0.004178
-0.557879 0.165097 -0.018620
-0.502315 0.037662 -0.019665
-0.465249 -0.046897 -0.015516
-0.503173 0.035113 -0.067968
-0.486087 -0.003893 -0.066378
-0.540131 0.118358 -0.083541
-0.475648 -0.021570 0.000477
-0.554199 0.134768 -0.038722
-0.529625 0.081194 -0.009356
-0.556653 0.142654 -0.014501
-0.535534 0.091137 -0.047890
-0.519215 0.051377 -0.073137
-0.500280 0.009997 -0.051602
-0.515706 0.067320 -0.030701
-0.490772 0.004634 -0.090020
-0.498372 0.023701 -0.072368
-0.558952 0.166950 -0.025107
-0.516995 0.053568 0.004755
-0.546476 0.117798 -0.030924
-0.479479 -0.018245 -0.057881
-0.467774 -0.063106 -0.036709
-0.466241 -0.043090 0.000884
-0.481709 -0.008726 -0.010712
-0.516821 0.059451 0.006011
-0.513637 0.044924 -0.005410
-0.489080 0.005395 0.005920
-0.558525 0.162490 -0.062368
-0.491086 0.011616 -0.022999
-0.503050 0.034792 -0.068411
-0.512839 0.040088 -0.037589
-0.484379 -0.028504 -0.073643
-0.530951 0.080107 -0.053514
-0.559914 0.166645 -0.051964
-0.538241 0.094786 -0.075214
-0.462734 -0.058408 -0.077031
-0.480026 -0.038675 -0.075729
-0.509736 0.049583 -0.074081
-0.551116 0.147411 -0.042021
-0.549770 0.122208 -0.064510
-0.560328 0.166752 -0.060971
-0.510260 0.049541 -0.087396
-0.546602 0.117312 -0.039223
-0.558897 0.144530 -0.049467
-0.500816 0.034102 -0.020987
-0.530229 0.097424 -0.064711
-0.551378 0.148212 -0.039867
-0.513292 0.037227 -0.079313
-0.532976 0.081851 -0.084530
-0.471846 -0.032732 -0.025734
-0.509969 0.032879 -0.044337
-0.485458 -0.027783 -0.092389
-0.473927 -0.026134 -0.006168
-0.530723 0.088271 0.006028
-0.552776 0.134440 -0.007334
-0.477143 -0.044214 -0.064288
-0.522157 0.079689 -0.056542
-0.504905 0.016985 -0.090226
-0.517380 0.069393 -0.049558
-0.560918 0.150732 -0.032662
-0.541468 0.106891 -0.024827
-0.532851 0.101833 -0.081836
-0.523764 0.061089 -0.080779
-0.539741 0.100440 -0.051495
-0.540393 0.106979 0.002477
-0.528753 0.098176 -0.020459
-0.542556 0.108951 -0.029454
-0.459563 -0.057990 0.005212
-0.470205 -0.033591 0.005328
-0.485636 -0.022979 -0.045335
-0.527420 0.097074 0.000429
-0.474062 -0.046351 -0.011604
-0.517275 0.047591 -0.066092
-0.544145 0.128070 -0.078030
-0.513704 0.061301 -0.045993
-0.543640 0.127859 0.005844
-0.566195 0.160848 -0.053822
-0.526860 0.069642 -0.065188
-0.556470 0.143059 -0.005686
-0.532702 0.103722 -0.057955
-0.558830 0.166009 -0.032188
-0.524727 0.069642 -0.012857
-0.480687 -0.014092 -0.043071
-0.536044 0.090659 -0.065498
-0.562497 0.149364 -0.086035
-0.555673 0.160991 -0.008460
-0.501511 0.037314 0.005840
-0.485609 -0.006170 -0.079023
-0.511582 0.040535 -0.001965
-0.505347 0.019291 -0.076409
-0.551493 0.128268 -0.041919
-0.528316 0.079437 0.003943
-0.504895 0.018552 -0.073235
-0.553451 0.151257 -0.058132
-0.504700 0.023950 -0.010685
-0.503828 0.015295 -0.081913
-0.555883 0.136217 -0.064524
-0.472372 -0.032249 -0.033466
-0.548890 0.137885 -0.089378
-0.488597 0.006441 -0.017337
-0.552132 0.130572 -0.032922
-0.488625 0.000181 -0.085023
-0.472977 -0.050545 -0.029872
-0.541444 0.127346 -0.019562
-0.551270 0.151868 0.001888
-0.511570 0.032474 -0.087954
-0.520514 0.060016 -0.092942
-0.557388 0.141433 -0.045615
-0.551080 0.127814 -0.036649
-0.526559 0.087423 -0.081714
-0.476182 -0.043069 -0.028479
-0.544135 0.110418 -0.052483
-0.557532 0.160454 -0.059802
-0.484550 -0.002121 -0.009710
-0.551445 0.125865 -0.066466
-0.514655 0.047869 0.001138
-0.537002 0.093802 -0.055370
-0.519982 0.056083 -0.041602
-0.465523 -0.044673 0.001556
-0.501878 0.035629 -0.030683
-0.503953 0.015446 -0.083375
-0.519925 0.071689 -0.087409
-0.484854 -0.004958 -0.047535
-0.475195 -0.024565 -0.020465
-0.500838 0.009566 -0.069904
-0.527588 0.090990 -0.068789
-0.502474 0.011619 -0.088040
-0.554343 0.146792 0.005909
-0.555941 0.155368 -0.075195
-0.523699 0.073374 0.006025
-0.538817 0.102243 -0.009543
-0.511117 0.054665 -0.053579
-0.521397 0.078945 -0.045865
-0.475443 -0.024270 -0.023381
-0.468293 -0.037949 0.005583
-0.504335 0.020706 -0.036433
-0.503829 0.020741 -0.023643
-0.557981 0.144364 -0.028778
-0.512554 0.035994 -0.074413
-0.529203 0.073918 -0.076892
-0.511111 0.036174 -0.037092
-0.522678 0.059452 -0.071664
-0.478832 -0.040340 -0.064264
-0.511654 0.052705 -0.087714
-0.499599 0.013585 0.003513
-0.536884 0.114854 -0.041399
-0.473739 -0.026380 -0.004187
-0.549373 0.144961 -0.025495
-0.474344 -0.029850 -0.056137
-0.473991 -0.031488 -0.065020
-0.549954 0.129017 0.003851
-0.482064 -0.009880 -0.031771
-0.486979 -0.001321 -0.060727
-0.543597 0.126897 -0.077147
-0.521115 0.078825 -0.040223
-0.536137 0.117138 0.001356
-0.505446 0.035717 -0.093071
-0.545963 0.136633 -0.030989
-0.537286 0.094444 -0.055461
-0.487030 -0.015003 0.005812
-0.547253 0.127785 -0.093102
-0.508375 0.027130 -0.066771
-0.479054 -0.013666 0.001530
-0.562638 0.156501 -0.013109
-0.513463 0.064272 -0.008311
-0.516978 0.046384 -0.071716
-0.554146 0.157818 -0.004967
-0.530433 0.097403 0.005875
-0.460398 -0.057155 -0.006328
-0.504122 0.043859 0.002327
-0.470818 -0.047939 0.006140
-0.487231 -0.016872 -0.019119
-0.541860 0.109356 -0.008069
-0.485045 -0.003199 -0.033385
-0.536086 0.112788 -0.043936
-0.464441 -0.047477 -0.001922
-0.533352 0.085727 -0.052269
-0.542208 0.128495 -0.025989
-0.528896 0.094505 -0.063268
-0.495318 0.000285 -0.033825
-0.480257 -0.031030 0.000403
-0.516682 0.059113 0.006011
-0.480024 -0.039871 -0.088481
-0.544879 0.109410 -0.081509
-0.565021 0.166069 -0.086973
-0.478837 -0.014845 -0.005760
-0.511927 0.056683 -0.051846
-0.557446 0.137872 -0.085144
-0.485990 -0.005927 -0.085764
-0.487863 0.003553 -0.030249
-0.488665 0.002021 -0.066314
-0.554980 0.156538 -0.039127
-0.539193 0.099913 -0.092937
-0.545902 0.133870 -0.059068
-0.502458 0.016753 -0.032717
-0.547007 0.120747 -0.012378
-0.506159 0.044183 -0.044158
-0.532759 0.086905 -0.025114
-0.494805 0.019408 -0.030830
-0.501398 0.015344 -0.021805
-0.519285 0.056274 -0.022474
-0.460685 -0.055434 0.005043
-0.469835 -0.047128 -0.092975
-0.524393 0.085648 -0.047603
-0.480817 -0.012774 -0.032152
-0.509699 0.029231 -0.076768
-0.483123 -0.006935 -0.026230
-0.531196 0.101219 -0.047811
-0.492160 -0.007171 -0.036173
-0.508911 0.054264 -0.003754
-0.528181 0.071958 -0.072786
-0.524684 0.090553 -0.002238
-0.492547 0.012789 -0.046272
-0.474967 -0.034666 -0.092997
-0.502839 0.026131 -0.093008
-0.556114 0.159602 -0.034136
-0.483053 -0.005529 -0.009455
-0.526106 0.072625 -0.014759
-0.494089 -0.000213 -0.009027
-0.529052 0.081265 0.005450
-0.514472 0.062127 -0.055993
-0.507740 0.030848 -0.011415
-0.531771 0.079572 -0.079369
-0.483923 -0.003456 -0.008609
-0.552676 0.130803 -0.043788
-0.494906 0.016589 -0.063461
-0.514718 0.065215 -0.028981
-0.505024 0.021988 -0.039631
-0.520324 0.055988 -0.051004
-0.538394 0.118345 -0.041087
-0.514582 0.038930 -0.092714
-0.495197 -0.002196 -0.057407
-0.476404 -0.046563 -0.071303
-0.507655 0.044313 -0.079443
-0.503266 0.021735 0.000780
-0.503197 0.017412 -0.043797
-0.564085 0.154424 -0.070822
-0.560669 0.147917 -0.056687
-0.546088 0.132577 -0.077468
-0.556440 0.139530 -0.042707
-0.468268 -0.061604 -0.032747
-0.521545 0.069971 0.006005
-0.543134 0.119145 -0.093106
-0.549773 0.123206 -0.053908
-0.491555 0.012499 -0.025063
-0.482258 -0.029865 -0.036192
-0.485554 -0.005509 -0.070586
-0.470480 -0.040892 -0.079556
-0.513130 0.043534 -0.007837
-0.543410 0.109708 -0.042292
-0.464532 -0.047992 -0.009666
-0.548109 0.119271 -0.055210
-0.524076 0.068012 -0.014344
-0.468326 -0.046273 -0.084302
-0.511893 0.057740 -0.039700
-0.508265 0.029245 -0.041452
-0.524417 0.074625 -0.093040
-0.541030 0.102191 -0.064377
-0.543939 0.134486 -0.004316
-0.471211 -0.052102 -0.003240
-0.502350 0.012792 -0.072455
-0.466572 -0.050821 -0.089964
-0.467023 -0.060819 0.006187
-0.537006 0.097012 -0.021107
-0.496978 0.026470 -0.008547
-0.547031 0.117759 -0.044937
-0.510728 0.053800 -0.053272
-0.479762 -0.018530 -0.067893
-0.561172 0.152411 -0.020931
-0.516956 0.068739 -0.046160
-0.476129 -0.020907 -0.004232
-0.546211 0.138977 -0.011987
-0.487803 -0.013757 0.000200
-0.477507 -0.021949 -0.049168
-0.476442 -0.041393 -0.016921
-0.558736 0.153269 0.005956
-0.509172 0.049595 -0.060118
-0.553284 0.151538 -0.051036
-0.498054 0.004685 -0.053844
-0.485860 -0.003003 -0.051287
-0.534690 0.110138 -0.038049
-0.543080 0.108262 -0.049672
-0.466326 -0.063329 -0.092839
-0.489129 -0.013404 -0.028537
-0.539868 0.102493 -0.032638
-0.493267 0.011936 -0.073058
-0.508583 0.048795 -0.054234
-0.544852 0.135551 -0.015336
-0.517968 0.050211 -0.055042
-0.551165 0.131116 -0.003389
-0.479404 -0.039137 -0.065404
-0.477798 -0.032446 -0.092936
-0.496147 0.020417 -0.052942
-0.536268 0.112899 -0.047222
-0.533193 0.103674 -0.070509
-0.547407 0.139460 -0.036160
-0.517823 0.066790 -0.088274
-0.504572 0.019310 -0.057204
-0.506876 0.048413 -0.016481
-0.474014 -0.025613 -0.002720
-0.477917 -0.017069 -0.006990
-0.470123 -0.036966 -0.028770
-0.519334 0.052920 -0.059557
-0.563965 0.158414 -0.025189
-0.488584 0.000508 -0.080514
-0.493202 0.015443 -0.033938
-0.486104 -0.007295 -0.093050
-0.463731 -0.055704 -0.072545
-0.553937 0.136568 -0.013045
-0.482078 -0.009757 -0.030795
-0.490627 0.009536 -0.034005
-0.544105 0.131473 -0.040633
-0.492176 -0.008465 -0.050421
-0.516095 0.042556 -0.091034
-0.503854 0.036764 -0.067022
-0.511264 0.039339 -0.006980
-0.526056 0.065303 -0.091895
-0.489977 -0.012298 -0.092840
-0.534744 0.111755 -0.022089
-0.549194 0.122856 -0.043456
-0.540350 0.126664 -0.000011
-0.550119 0.146797 -0.024137
-0.506580 0.029592 0.003592
-0.494192 -0.003961 -0.051656
-0.475141 -0.023552 -0.008286
-0.475034 -0.043143 -0.001121
-0.480334 -0.035260 -0.046729
-0.504967 0.041749 -0.040958
-0.554110 0.133732 -0.047636
-0.563032 0.154778 -0.041223
-0.491615 0.009806 -0.055346
-0.546557 0.115692 -0.055448
-0.547037 0.137860 -0.044195
-0.472667 -0.049572 -0.011852
-0.563077 0.154153 -0.049002
-0.498071 0.004864 -0.092836
-0.560074 0.146508 -0.057173
-0.519868 0.056689 -0.032303
-0.489205 0.003995 -0.058428
-0.550558 0.127637 -0.025741
-0.545143 0.129015 -0.092397
-0.547445 0.143050 0.001330
-0.557931 0.140148 -0.072674
-0.539988 0.110395 0.005994
-0.531605 0.081434 -0.055367
-0.460624 -0.055649 0.004239
-0.528578 0.079562 -0.001168
-0.524730 0.082986 -0.084359
-0.558344 0.147047 -0.008965
-0.494763 0.018354 -0.041073
-0.533189 0.104603 -0.060470
-0.490179 0.002811 0.005998
-0.508764 0.053237 -0.011143
-0.508915 0.052792 -0.019598
-0.522945 0.078327 -0.090420
-0.539194 0.104704 -0.093012
-0.535133 0.106976 -0.082749
-0.495860 0.003937 -0.008037
-0.531355 0.079773 -0.066994
-0.514463 0.065518 0.005835
-0.528482 0.095459 -0.042888
-0.530398 0.096012 -0.083968
-0.556126 0.148257 0.005946
-0.471140 -0.038584 -0.071047
-0.477885 -0.044817 -0.088957
-0.510600 0.051281 -0.077115
-0.495894 0.018210 -0.070344
-0.547861 0.140254 -0.038803
-0.532106 0.079723 -0.085952
-0.539470 0.125088 0.004707
-0.496255 0.004184 -0.015097
-0.507951 0.026607 -0.061981
-0.493177 0.016635 -0.020579
-0.550597 0.127243 -0.030914
-0.534005 0.090131 -0.021155
-0.477354 -0.017389 0.005881
-0.532490 0.106229 -0.025930
-0.502653 0.019424 -0.092909
-0.511383 0.057856 -0.025934
-0.501064 0.016472 -0.001534
-0.552236 0.125659 -0.088059
-0.496362 -0.000983 -0.092801
-0.482390 -0.009315 -0.033725
-0.495879 0.000923 -0.040766
-0.513641 0.060506 -0.052967
-0.516586 0.066153 -0.064776
-0.561295 0.167136 -0.080593
-0.514554 0.038895 -0.092407
-0.560180 0.168027 -0.043702
-0.477791 -0.025279 -0.091765
-0.537915 0.117361 -0.039849
-0.505122 0.024806 -0.011865
-0.493548 -0.004751 -0.044326
-0.551941 0.147396 -0.062414
-0.523313 0.084453 -0.033903
-0.487094 -0.018222 -0.030188
-0.472573 -0.031352 -0.028796
-0.515132 0.041320 -0.080633
-0.552125 0.153219 -0.004627
-0.535237 0.108023 -0.074109
-0.552978 0.127836 -0.082964
-0.512545 0.034883 -0.086065
-0.471375 -0.052607 -0.012661
-0.510056 0.031123 -0.065278
-0.541298 0.101266 -0.080839
-0.482500 -0.025984 -0.000586
-0.533498 0.108526 -0.026063
-0.486945 0.004346 0.000765
-0.528849 0.078919 -0.014681
-0.478749 -0.043128 -0.092053
-0.505302 0.037530 0.005965
-0.469679 -0.058206 -0.030974
-0.545575 0.111557 -0.075600
-0.501124 0.011802 -0.052979
-0.514461 0.045139 -0.023307
-0.464405 -0.051307 -0.042031
-0.558337 0.161339 -0.070087
-0.499175 0.011193 -0.011698
-0.468289 -0.060870 -0.025408
-0.517542 0.054068 -0.003319
-0.528595 0.095677 -0.043328
-0.497128 0.023386 -0.045215
-0.539564 0.119615 -0.056174
-0.489725 0.009400 -0.013345
-0.509682 0.029157 -0.077124
-0.527152 0.093878 -0.027201
-0.528974 0.095055 -0.059292
-0.533104 0.103692 -0.068127
-0.558044 0.146706 -0.005262
-0.531915 0.104840 -0.026691
-0.564170 0.158395 -0.030420
-0.464997 -0.053972 0.006038
-0.480511 -0.028909 0.006170
-0.464169 -0.055923 -0.085638
-0.477681 -0.040111 -0.033588
-0.539133 0.095704 -0.087269
-0.529061 0.099658 -0.012146
-0.494715 0.020907 -0.012568
-0.522195 0.062289 -0.029459
-0.501117 0.012001 -0.050664
-0.485769 -0.019874 -0.015377
-0.463927 -0.055120 0.006020
-0.558359 0.162972 -0.053133
-0.553550 0.133465 -0.036754
-0.462865 -0.051159 -0.002675
-0.558176 0.159001 -0.091151
-0.524083 0.089445 0.000628
-0.475920 -0.026281 -0.056618
-0.518072 0.070260 -0.057247
-0.495872 0.000631 -0.043705
-0.517875 0.050653 -0.048045
-0.546843 0.117209 -0.046216
-0.526569 0.077889 -0.093018
-0.503794 0.034511 -0.089643
-0.539446 0.098204 -0.068183
-0.504103 0.038147 -0.058321
-0.499942 0.012196 -0.019776
-0.548832 0.140229 -0.062877
-0.545612 0.118502 -0.002211
-0.477193 -0.018831 -0.008117
-0.559901 0.166788 -0.050119
-0.507285 0.044735 -0.065867
-0.472107 -0.055261 -0.059014
-0.556278 0.135279 -0.084249
-0.498848 0.005794 -0.061450
-0.474320 -0.031400 -0.072137
-0.490495 0.006461 -0.063678
-0.472707 -0.052670 -0.045989
-0.537281 0.111774 -0.084093
-0.506768 0.043441 -0.067030
-0.531230 0.083011 -0.029280
-0.530596 0.104483 0.001833
-0.494208 -0.001078 -0.021195
-0.512344 0.042572 -0.092945
-0.517928 0.129199 -0.093892
-0.621722 0.055119 -0.085571
-0.601839 -0.011052 -0.094520
-0.408293 -0.019612 -0.092538
-0.413024 0.033587 -0.097027
-0.345919 0.089622 -0.097099
-0.618727 0.074012 -0.093306
-0.577705 0.098981 -0.093503
-0.610837 0.109688 -0.092834
-0.373245 0.107058 -0.096405
-0.500396 -0.081355 -0.097626
-0.464965 0.214216 -0.089349
-0.439975 0.098769 -0.095551
-0.559912 -0.053091 -0.091482
-0.537312 -0.074570 -0.096966
-0.524253 0.187306 -0.084837
-0.442113 0.167838 -0.094380
-0.533274 0.120571 -0.093806
-0.483439 0.204800 -0.085155
-0.414441 0.126322 -0.087474
-0.379629 0.009075 -0.095559
-0.522405 -0.082372 -0.089314
-0.585846 0.129361 -0.092881
-0.547986 0.167102 -0.092820
-0.538601 0.057899 -0.094761
-0.402645 0.066843 -0.088630
-0.432112 0.156933 -0.094708
-0.481731 0.213731 -0.093035
-0.507738 0.069301 -0.095031
-0.523188 -0.053162 -0.096823
-0.537448 0.079450 -0.094423
-0.364500 0.053011 -0.089425
-0.535072 0.091233 -0.086262
-0.565592 0.149708 -0.092846
-0.360331 0.103107 -0.088660
-0.484691 0.002552 -0.088473
-0.490944 -0.000050 -0.088423
-0.470620 0.088354 -0.095268
-0.494791 0.015865 -0.096105
-0.409513 0.068568 -0.088500
-0.569359 0.137440 -0.092992
-0.441214 0.166941 -0.086406
-0.610183 0.117204 -0.092720
-0.472881 -0.025193 -0.089106
-0.413139 0.097190 -0.087974
-0.349388 0.068450 -0.097397
-0.540042 0.172233 -0.084851
-0.575224 0.022265 -0.094805
-0.609180 0.046256 -0.085903
-0.366709 0.032881 -0.097726
-0.483008 0.100784 -0.094879
-0.594757 0.082342 -0.085522
-0.452402 0.097834 -0.095382
-0.638490 0.102541 -0.092223
-0.422426 -0.029028 -0.089919
-0.513599 -0.030444 -0.088588
-0.346748 0.050939 -0.089723
-0.429764 0.011683 -0.097140
-0.520838 0.100730 -0.086316
-0.608396 0.132415 -0.087576
-0.441192 -0.020997 -0.089507
-0.542150 0.149365 -0.085197
-0.616752 0.075762 -0.085304
-0.535466 0.185884 -0.092696
-0.432323 0.055334 -0.088380
-0.586589 0.110388 -0.093183
-0.588286 0.141473 -0.084643
-0.385311 0.059372 -0.097013
-0.460688 0.199058 -0.085587
-0.500059 0.137279 -0.086022
-0.518971 0.081101 -0.094670
-0.330840 0.074158 -0.097578
-0.423900 -0.002411 -0.089457
-0.454112 0.041005 -0.096295
-0.457455 -0.021294 -0.089271
-0.379887 0.115225 -0.088170
-0.548093 0.170085 -0.092769
-0.466485 0.053915 -0.095898
-0.473272 0.191311 -0.093530
-0.397536 0.070814 -0.088641
-0.612580 0.072536 -0.093421
-0.353414 0.062459 -0.089434
-0.440057 0.109357 -0.087373
-0.381488 0.122395 -0.096030
-0.485503 0.044341 -0.087771
-0.601487 0.020305 -0.094448
-0.513669 0.072566 -0.094889
-0.481057 0.055885 -0.095649
-0.540231 0.090864 -0.086191
-0.526587 0.103430 -0.094188
-0.450662 0.058158 -0.096063
-0.335760 0.072194 -0.097537
-0.381158 0.007416 -0.091280
-0.373470 0.114795 -0.096274
-0.497648 0.065417 -0.095245
-0.473127 0.174967 -0.093802
-0.565653 -0.016819 -0.087590
-0.396607 -0.001749 -0.097854
-0.438618 0.156297 -0.094622
-0.403994 0.091586 -0.096204
-0.450565 0.131911 -0.086845
-0.531238 0.175753 -0.084924
-0.484822 0.231332 -0.092698
-0.431234 0.022450 -0.096940
-0.523543 -0.049492 -0.088755
-0.534160 -0.047317 -0.096563
-0.436386 0.005344 -0.089144
-0.489563 0.079602 -0.095131
-0.627741 0.014909 -0.091100
-0.595562 0.097429 -0.093263
-0.587276 -0.005062 -0.095077
-0.414492 -0.025662 -0.096817
-0.590751 0.057635 -0.093991
-0.320347 0.068040 -0.090178
-0.524956 0.095827 -0.094338
-0.405398 0.120792 -0.087699
-0.456692 -0.022809 -0.097309
-0.535647 -0.072028 -0.088947
-0.470192 0.052413 -0.095868
-0.521573 0.100566 -0.086308
-0.448549 0.064894 -0.087981
-0.430536 0.009188 -0.089168
-0.479357 0.127620 -0.094491
-0.550156 0.074709 -0.094312
-0.656792 0.077970 -0.084673
-0.576899 0.157855 -0.084541
-0.455721 -0.053164 -0.097824
-0.525148 -0.022883 -0.088292
-0.550943 0.174576 -0.084651
-0.508899 -0.056388 -0.089086
-0.519908 0.149097 -0.093534
-0.529083 0.145570 -0.093456
-0.487858 -0.074833 -0.097705
-0.636598 0.078049 -0.092974
-0.576767 0.141109 -0.084820
-0.484230 -0.028273 -0.088988
-0.471576 0.171932 -0.093875
-0.563111 -0.049608 -0.096171
-0.484095 0.135160 -0.094296
-0.476131 0.131729 -0.086469
-0.554516 0.185940 -0.092412
-0.510730 -0.032527 -0.096667
-0.391521 0.064104 -0.096843
-0.560078 0.087365 -0.085954
-0.488286 -0.075145 -0.089702
-0.455673 -0.055798 -0.097869
-0.588901 -0.024024 -0.094092
-0.419565 0.067995 -0.096362
-0.401848 0.006909 -0.089631
-0.349484 0.043360 -0.097809
-0.363113 0.112112 -0.093309
-0.348158 0.088046 -0.089090
-0.598417 0.140628 -0.084506
-0.613065 0.006991 -0.094496
-0.551908 0.026402 -0.087081
-0.525698 0.036996 -0.095298
-0.485180 -0.064167 -0.097569
-0.593056 0.107670 -0.085130
-0.471022 0.073502 -0.095507
-0.565729 0.175059 -0.090241
-0.442053 0.167901 -0.086378
-0.484718 0.109608 -0.086706
-0.487272 -0.037983 -0.089103
-0.419243 0.017560 -0.097199
-0.467422 0.023119 -0.096392
-0.469118 0.130699 -0.086590
-0.571141 0.147816 -0.084793
-0.441942 0.057313 -0.096206
-0.460126 0.101330 -0.095210
-0.428507 0.156117 -0.086773
-0.465046 0.146392 -0.086391
-0.430010 0.136148 -0.095083
-0.377985 0.092568 -0.088572
-0.503919 -0.066715 -0.089330
-0.374512 0.044084 -0.097426
-0.447590 0.007648 -0.096942
-0.606461 -0.003374 -0.094765
-0.486824 0.091587 -0.094974
-0.466191 0.040906 -0.096117
-0.574198 0.104309 -0.093467
-0.459389 0.143289 -0.094529
-0.579309 0.055733 -0.086191
-0.539511 0.070577 -0.086537
-0.583709 0.046529 -0.094279
-0.523147 -0.030003 -0.096441
-0.618859 0.049703 -0.085703
-0.469377 0.100817 -0.087079
-0.404185 0.101623 -0.096036
-0.512288 0.060531 -0.095109
-0.554252 0.065770 -0.094399
-0.609511 0.050212 -0.085833
-0.478843 0.087749 -0.087154
-0.453725 -0.018760 -0.089284
-0.601357 -0.011429 -0.086971
-0.428360 0.063330 -0.096309
-0.545757 0.104415 -0.093888
-0.425965 0.175117 -0.088969
-0.483535 0.147064 -0.094108
-0.498910 0.008309 -0.096169
-0.514011 0.031110 -0.095568
-0.487652 -0.025751 -0.088896
-0.605893 0.017746 -0.086423
-0.512834 0.138276 -0.093818
-0.539718 0.129386 -0.085563
-0.544891 0.029611 -0.095135
-0.529804 0.104030 -0.094131
-0.498291 -0.104411 -0.098038
-0.533927 -0.037651 -0.088405
-0.448683 -0.018949 -0.089362
-0.518139 0.047018 -0.095245
-0.551389 -0.026620 -0.087964
-0.472531 0.082794 -0.087330
-0.521793 0.153060 -0.085439
-0.577985 0.079091 -0.093827
-0.530567 0.058285 -0.086872
-0.412563 0.128797 -0.087461
-0.429273 -0.014293 -0.097576
-0.479157 0.148740 -0.086143
-0.495631 0.053914 -0.095465
-0.432812 0.150734 -0.094800
-0.483012 0.087803 -0.095093
-0.500744 -0.018994 -0.088590
-0.585339 0.143124 -0.084659
-0.502290 0.021694 -0.087896
-0.493097 -0.083474 -0.097770
-0.518436 0.078131 -0.094727
-0.443027 0.150855 -0.086645
-0.521399 0.200478 -0.084662
-0.662821 0.050648 -0.093037
-0.489955 0.060397 -0.087440
-0.515291 0.161038 -0.093406
-0.442198 0.075352 -0.087903
-0.426733 -0.013015 -0.089590
-0.385028 0.067763 -0.096879
-0.500814 0.142614 -0.085923
-0.619703 0.066025 -0.093423
-0.565732 0.107690 -0.085535
-0.396718 0.082433 -0.096463
-0.327712 0.061769 -0.089827
-0.497287 0.077563 -0.095050
-0.514047 0.156132 -0.085503
-0.488290 0.044221 -0.095734
-0.368261 0.071073 -0.097073
-0.387169 0.109693 -0.088153
-0.409292 0.052189 -0.096775
-0.581921 0.099637 -0.093429
-0.636822 0.056284 -0.093330
-0.452914 0.069480 -0.095842
-0.529502 0.072309 -0.086657
-0.432787 0.015198 -0.097037
-0.387356 0.122601 -0.087937
-0.446342 0.179567 -0.086122
-0.483867 0.056021 -0.095605
-0.362674 0.054048 -0.097437
-0.482545 0.038170 -0.087917
-0.396665 0.043372 -0.089106
-0.459647 0.146627 -0.094470
-0.532806 -0.072757 -0.089001
-0.520904 0.119793 -0.094003
-0.431514 0.107524 -0.095533
-0.468185 0.096987 -0.095162
-0.495851 0.181269 -0.085359
-0.458125 -0.031467 -0.097431
-0.557260 0.003969 -0.087372
-0.483304 0.109519 -0.086729
-0.483994 0.029548 -0.088038
-0.531480 0.008900 -0.095675
-0.559325 0.125554 -0.085335
-0.370557 0.073430 -0.088998
-0.484192 0.233485 -0.084741
-0.567220 0.104039 -0.093575
-0.395496 0.064502 -0.096777
-0.529421 0.088029 -0.086399
-0.582446 0.047614 -0.094280
-0.414251 0.046789 -0.096791
-0.473245 -0.064897 -0.097758
-0.496686 -0.072475 -0.097535
-0.489553 -0.087942 -0.089894
-0.474321 0.216910 -0.093092
-0.438614 0.089384 -0.095726
-0.377932 0.104137 -0.088382
-0.550760 0.095757 -0.093956
-0.492120 -0.052583 -0.097274
-0.448384 0.048042 -0.088261
-0.423313 0.074956 -0.096192
-0.516010 -0.000608 -0.096062
-0.601340 0.138189 -0.084503
-0.427950 0.014474 -0.097121
-0.551463 0.124656 -0.093469
-0.515708 0.144167 -0.085676
-0.465494 0.129997 -0.086655
-0.533436 0.082467 -0.086431
-0.328479 0.076491 -0.089572
-0.433916 0.039572 -0.088616
-0.449564 0.033329 -0.088487
-0.497091 0.170419 -0.093521
-0.553118 0.066998 -0.086394
-0.426199 0.113159 -0.095518
-0.545034 0.116451 -0.093700
-0.380152 0.018210 -0.097769
-0.477838 0.029187 -0.096137
-0.624129 0.013328 -0.094227
-0.626602 0.013765 -0.089116
-0.505664 0.077019 -0.094935
-0.564144 0.172918 -0.092484
-0.495601 -0.088293 -0.097812
-0.567428 -0.034474 -0.095857
-0.469678 0.188438 -0.093631
-0.496569 0.036243 -0.095743
-0.383401 0.094508 -0.088460
-0.521716 -0.003296 -0.088020
-0.494932 0.064024 -0.087307
-0.566208 0.086778 -0.093875
-0.484732 -0.084120 -0.089902
-0.560726 0.026858 -0.094945
-0.580198 0.076336 -0.085837
-0.515373 0.177892 -0.093126
-0.542881 -0.049372 -0.088466
-0.513068 0.191987 -0.084926
-0.460807 0.135911 -0.094629
-0.557564 -0.025542 -0.095856
-0.426583 0.006095 -0.089277
-0.451685 0.089597 -0.095529
-0.672537 0.065704 -0.084642
-0.569342 0.138401 -0.092977
-0.418763 0.165560 -0.086762
-0.497405 0.162782 -0.085640
-0.588126 0.033024 -0.094436
-0.477613 0.157789 -0.086017
-0.481085 -0.016188 -0.088836
-0.491445 0.129203 -0.094285
-0.535802 0.030242 -0.087257
-0.402897 0.127492 -0.087626
-0.411753 -0.022942 -0.096435
-0.526687 0.116536 -0.085969
-0.420243 0.162428 -0.094794
-0.431068 0.078406 -0.096020
-0.606350 0.130166 -0.092563
-0.530867 -0.027687 -0.088286
-0.586145 -0.022751 -0.095386
-0.340917 0.089862 -0.094881
-0.558780 0.069220 -0.094275
-0.558785 -0.048251 -0.096213
-0.514554 0.009084 -0.095924
-0.503722 0.159283 -0.093606
-0.551262 0.066573 -0.086428
-0.568571 0.099734 -0.085624
-0.639505 0.029092 -0.093738
-0.487735 -0.059910 -0.089458
-0.385509 0.025391 -0.097571
-0.472037 0.053869 -0.095816
-0.528322 -0.017936 -0.088163
-0.512266 0.091371 -0.094600
-0.556318 -0.002995 -0.095503
-0.541929 -0.018590 -0.087972
-0.485577 0.220811 -0.084859
-0.523860 0.159816 -0.093299
-0.425442 0.095314 -0.095824
-0.491147 0.194644 -0.085208
-0.526044 0.170626 -0.085086
-0.468029 0.002738 -0.096719
-0.559071 0.144307 -0.093032
-0.496498 -0.087421 -0.089782
-0.625172 0.076409 -0.085169
-0.586440 0.040307 -0.086339
-0.383088 0.005495 -0.091428
-0.502426 0.034961 -0.095677
-0.651461 0.054291 -0.085143
-0.468362 -0.001564 -0.096785
-0.518937 0.047583 -0.087222
-0.434238 0.009506 -0.089107
-0.409872 0.054666 -0.088724
-0.535514 0.177913 -0.084825
-0.577696 -0.033932 -0.095696
-0.558480 0.030065 -0.094925
-0.511266 0.163263 -0.093429
-0.520554 0.070738 -0.086815
-0.460668 0.036137 -0.088276
-0.429385 0.161781 -0.086667
-0.496108 -0.027501 -0.088799
-0.629221 0.016391 -0.089663
-0.523569 -0.034343 -0.088504
-0.443884 0.190388 -0.093982
-0.531542 0.139542 -0.085517
-0.472670 0.040635 -0.096025
-0.482707 0.186164 -0.093475
-0.447500 -0.016953 -0.089347
-0.401584 0.148826 -0.087293
-0.406514 0.105946 -0.095930
-0.601343 0.052258 -0.093923
-0.379426 0.062609 -0.097047
-0.517096 -0.005583 -0.096128
-0.577244 0.029302 -0.094659
-0.463994 0.019372 -0.096505
-0.381499 0.040381 -0.097383
-0.527775 0.106053 -0.086126
-0.500802 0.218713 -0.092669
-0.542606 -0.017136 -0.087938
-0.468454 0.137524 -0.086487
-0.461228 0.025491 -0.088443
-0.561966 -0.008249 -0.087504
-0.471352 0.057954 -0.095759
-0.514419 -0.020387 -0.088410
-0.392681 0.141747 -0.088209
-0.411627 0.069085 -0.088460
-0.467110 -0.053861 -0.097667
-0.555502 -0.007333 -0.087585
-0.481703 0.011189 -0.096377
-0.641413 0.087652 -0.084742
-0.601794 0.073170 -0.093571
-0.420756 0.126904 -0.095372
-0.562268 0.062141 -0.094340
-0.372362 0.057509 -0.097236
-0.518329 0.165111 -0.093293
-0.415437 0.012994 -0.097331
-0.488006 0.159199 -0.093841
-0.440727 0.128014 -0.095058
-0.394363 0.090007 -0.096373
-0.516365 0.107098 -0.094280
-0.461673 0.193695 -0.085661
-0.389015 0.111853 -0.088090
-0.551447 0.017182 -0.087240
-0.484227 0.023178 -0.096142
-0.568031 0.025094 -0.086864
-0.596986 0.098285 -0.093228
-0.536526 0.080222 -0.094424
-0.504968 0.158548 -0.093600
-0.561269 0.159446 -0.092749
-0.523607 0.081325 -0.086595
-0.524461 0.167626 -0.093161
-0.491874 0.046642 -0.087639
-0.540469 -0.045228 -0.096435
-0.539658 -0.025831 -0.096127
-0.551802 0.175443 -0.092626
-0.499422 0.206038 -0.092899
-0.401034 -0.004396 -0.089830
-0.442021 0.143528 -0.086780
-0.510865 -0.099522 -0.089769
-0.659087 0.078394 -0.084632
-0.544123 0.030579 -0.095130
-0.636943 0.025745 -0.093832
-0.535558 0.032878 -0.087217
-0.432345 0.010917 -0.097114
-0.618054 0.071227 -0.093362
-0.544607 0.096382 -0.094037
-0.432951 0.095597 -0.095708
-0.443830 -0.047142 -0.089900
-0.347910 0.051464 -0.089697
-0.497670 0.106961 -0.086558
-0.522494 -0.077035 -0.089225
-0.580410 0.074876 -0.093860
-0.455180 -0.018260 -0.097257
-0.571798 0.098114 -0.093605
-0.490065 0.152204 -0.085924
-0.528775 0.013902 -0.095633
-0.510485 0.153057 -0.093609
-0.376987 0.057461 -0.097168
-0.485748 -0.011895 -0.088696
-0.524594 0.150114 -0.085446
-0.492129 0.071216 -0.095232
-0.417260 0.033358 -0.096968
-0.594965 0.145741 -0.085300
-0.556407 0.154564 -0.084900
-0.623152 0.081474 -0.093117
-0.483844 0.052005 -0.095672
-0.543613 -0.066460 -0.096739
-0.534747 -0.027043 -0.088218
-0.506949 -0.080356 -0.089510
-0.489119 -0.075903 -0.089702
-0.461383 0.130881 -0.094704
-0.532684 0.141830 -0.085462
-0.526479 0.169434 -0.085099
-0.577280 0.110703 -0.093316
-0.518597 -0.029593 -0.088500
-0.581971 0.111467 -0.085232
-0.441489 0.052499 -0.096292
-0.373211 0.045973 -0.097414
-0.470758 0.107058 -0.086956
-0.549618 0.081572 -0.086205
-0.566759 0.163550 -0.084598
-0.471566 -0.043512 -0.089428
-0.567779 0.031300 -0.094767
-0.433424 0.015811 -0.089015
-0.472228 0.096072 -0.087115
-0.563471 0.125245 -0.093281
-0.619263 0.109606 -0.092710
-0.500789 0.215728 -0.092719
-0.477421 -0.016167 -0.088890
-0.627745 0.101589 -0.092717
-0.585530 0.137912 -0.092744
-0.379061 0.104951 -0.088352
-0.338073 0.069976 -0.089537
-0.584962 0.018347 -0.094726
-0.561908 0.024902 -0.094960
-0.617060 0.107070 -0.092785
-0.477714 -0.087552 -0.090063
-0.557053 0.105801 -0.093697
-0.409749 0.149867 -0.095157
-0.463071 -0.055709 -0.089755
-0.469912 0.110244 -0.094918
-0.498129 0.187853 -0.085216
-0.486607 -0.052250 -0.097351
-0.440910 0.127183 -0.095069
-0.562640 0.145113 -0.084963
-0.443300 0.192502 -0.092920
-0.360234 0.035323 -0.089780
-0.537927 0.168193 -0.084950
-0.386496 0.117795 -0.096031
-0.367925 0.051820 -0.097396
-0.494070 0.016939 -0.096098
-0.549179 0.043080 -0.094849
-0.446145 -0.051387 -0.089935
-0.455669 -0.023340 -0.097333
-0.594366 0.105875 -0.093142
-0.517594 0.096755 -0.086430
-0.414319 0.082526 -0.096200
-0.416215 -0.007938 -0.089663
-0.423765 0.026539 -0.096984
-0.458750 0.205220 -0.085514
-0.544390 0.028437 -0.087160
-0.417411 0.012025 -0.089316
-0.499828 0.009947 -0.096128
-0.566235 0.117475 -0.085366
-0.371056 0.120073 -0.091732
-0.357757 0.035640 -0.089812
-0.536031 0.166643 -0.093005
-0.578400 0.093097 -0.093590
-0.454577 0.012977 -0.088748
-0.537978 0.074984 -0.094489
-0.324501 0.072288 -0.089701
-0.487843 0.074719 -0.095237
-0.369103 0.065138 -0.097159
-0.390733 0.081637 -0.096565
-0.513448 0.157568 -0.085488
-0.496827 0.238558 -0.084399
-0.561567 0.045608 -0.086621
-0.489372 0.201518 -0.085121
-0.480672 -0.010468 -0.088747
-0.643892 0.044761 -0.085413
-0.453910 0.035709 -0.096385
-0.412378 0.092313 -0.096068
-0.373192 0.114067 -0.088289
-0.462902 0.193792 -0.085641
-0.533420 -0.068319 -0.096921
-0.516622 0.125577 -0.093971
-0.555070 -0.045577 -0.088222
-0.549999 0.127245 -0.085446
-0.532453 0.057857 -0.094853
-0.507751 -0.044051 -0.096901
-0.491738 -0.005672 -0.096506
-0.474528 0.011500 -0.088476
-0.477671 -0.073027 -0.089824
-0.410291 0.035499 -0.089034
-0.573407 0.158887 -0.084576
-0.525463 0.176916 -0.092993
-0.591842 0.075836 -0.085673
-0.498287 0.049706 -0.095495
-0.504785 0.116438 -0.086296
-0.640143 0.052863 -0.093337
-0.609703 0.028750 -0.094187
-0.525972 -0.056351 -0.096834
-0.388840 0.031765 -0.097416
-0.573961 0.161349 -0.084527
-0.561978 -0.023187 -0.087750
-0.513460 0.041351 -0.087406
-0.546326 0.124972 -0.085538
-0.511038 0.183943 -0.093091
-0.512322 0.141740 -0.085766
-0.474290 0.141559 -0.094336
-0.472235 -0.083431 -0.091393
-0.475592 0.025767 -0.088225
-0.468330 -0.040693 -0.089429
-0.594219 0.130193 -0.084741
-0.451385 0.025667 -0.088586
-0.547449 0.109822 -0.085771
-0.554211 -0.028866 -0.087959
-0.450579 0.117904 -0.095078
-0.457226 0.039768 -0.088267
-0.481253 0.099106 -0.086931
-0.533370 0.169774 -0.092993
-0.558381 0.101887 -0.093742
-0.522331 0.035073 -0.095379
-0.514576 0.208360 -0.084633
-0.540451 -0.019238 -0.096007
-0.534699 0.075702 -0.094526
-0.488618 0.140939 -0.094133
-0.564233 -0.033981 -0.095897
-0.583713 0.152633 -0.084526
-0.607540 0.058005 -0.085734
-0.429037 0.080972 -0.088005
-0.439627 -0.044687 -0.097923
-0.453264 0.200688 -0.085670
-0.449198 0.111134 -0.095210
-0.428493 0.036769 -0.088743
-0.508153 0.080210 -0.094845
-0.423745 -0.030382 -0.089921
-0.523960 0.059469 -0.094953
-0.437212 0.183266 -0.086196
-0.384438 0.053259 -0.097127
-0.617479 0.113572 -0.084670
-0.493276 0.242599 -0.088865
-0.523867 0.181177 -0.092946
-0.577305 0.011429 -0.094953
-0.553339 0.085795 -0.094082
-0.504786 -0.014698 -0.096461
-0.513529 -0.043082 -0.096800
-0.522450 -0.087587 -0.089400
-0.564762 -0.010964 -0.095509
-0.495104 0.244425 -0.084655
-0.526363 0.057758 -0.086943
-0.363442 0.060868 -0.089311
-0.468002 -0.071253 -0.089939
-0.602115 0.077267 -0.085497
-0.459223 0.187675 -0.085797
-0.526023 0.138851 -0.093612
-0.484682 0.151092 -0.086022
-0.599994 0.071518 -0.093625
-0.606997 0.133246 -0.084501
-0.611447 0.077916 -0.085347
-0.509088 0.071927 -0.094968
-0.602271 -0.005379 -0.094860
-0.416588 0.081059 -0.088189
-0.618175 0.053802 -0.085645
-0.546363 0.184519 -0.092557
-0.500701 0.177937 -0.093343
-0.567244 0.029842 -0.086797
-0.523698 0.092202 -0.094417
-0.478707 0.117964 -0.086658
-0.425663 0.140325 -0.095078
-0.602820 0.086600 -0.093334
-0.510849 0.053479 -0.087244
-0.485991 -0.011553 -0.096688
-0.363427 0.025269 -0.096592
-0.558142 0.087311 -0.085984
-0.515070 -0.045905 -0.088821
-0.657804 0.070350 -0.092786
-0.480041 -0.062059 -0.089608
-0.439592 0.113332 -0.087315
-0.541404 0.073385 -0.086462
-0.558767 0.053437 -0.094536
-0.570158 0.043868 -0.086522
-0.533335 0.176625 -0.084879
-0.494081 -0.054212 -0.097272
-0.444865 0.108653 -0.087314
-0.460315 0.068620 -0.095747
-0.589963 -0.014349 -0.095191
-0.440043 -0.048713 -0.097984
-0.534412 0.156351 -0.085197
-0.363072 0.045678 -0.089567
-0.415274 0.054502 -0.088647
-0.439781 -0.040210 -0.089845
-0.495393 0.010565 -0.088182
-0.418121 0.032812 -0.096964
-0.574141 0.081225 -0.085847
-0.488014 0.146786 -0.094046
-0.451644 0.196100 -0.093772
-0.549016 -0.035141 -0.088140
-0.411308 0.160430 -0.093456
-0.508290 -0.017923 -0.088460
-0.435193 0.015027 -0.089002
-0.387855 0.119188 -0.095988
-0.534577 -0.034689 -0.088347
-0.449173 0.174537 -0.094165
-0.466469 -0.067194 -0.089894
-0.498468 0.206199 -0.084908
-0.448694 0.141483 -0.086715
-0.467987 -0.041475 -0.089447
-0.572863 0.088908 -0.085739
-0.586527 0.078598 -0.085706
-0.425059 0.088430 -0.087941
-0.462183 0.073032 -0.095646
-0.344622 0.078191 -0.089305
-0.445791 0.150852 -0.094606
-0.572216 -0.040758 -0.090217
-0.505704 -0.025860 -0.088630
-0.389764 -0.001049 -0.095087
-0.565519 0.082659 -0.093953
-0.647245 0.077910 -0.084816
-0.502157 0.131169 -0.094093
-0.324524 0.071582 -0.097714
-0.441472 0.188497 -0.086047
-0.537860 0.138713 -0.085437
-0.584021 0.086617 -0.093613
-0.383865 0.031519 -0.089492
-0.522547 0.077666 -0.086672
-0.546182 0.108458 -0.085813
-0.604147 0.119781 -0.092767
-0.471906 0.128248 -0.094591
-0.488324 0.108157 -0.094679
-0.467007 0.164153 -0.086069
-0.567397 0.167293 -0.084527
-0.573584 0.075994 -0.085941
-0.396945 0.111110 -0.087985
-0.357170 0.049814 -0.097589
-0.552503 0.019271 -0.095192
-0.586822 -0.013377 -0.087219
-0.513047 -0.037451 -0.096714
-0.353549 0.090081 -0.088976
-0.437754 0.130091 -0.095068
-0.386671 0.130453 -0.087818
-0.494597 0.058777 -0.095400
-0.349411 0.098374 -0.093397
-0.553839 -0.017488 -0.095779
-0.463299 0.100606 -0.087173
-0.426909 -0.027737 -0.089831
-0.575975 0.141950 -0.084818
-0.417922 0.137034 -0.095247
-0.634635 0.066552 -0.085191
-0.528512 0.097284 -0.094261
-0.531626 -0.025121 -0.096235
-0.437212 0.122082 -0.095208
-0.415522 -0.018982 -0.089855
-0.432888 0.118720 -0.095327
-0.432088 0.127598 -0.087191
-0.454466 0.040383 -0.096300
-0.560084 0.001376 -0.095375
-0.474716 0.022948 -0.096287
-0.330678 0.079047 -0.097500
-0.478822 -0.056308 -0.097533
-0.509766 0.058075 -0.087185
-0.527710 -0.065911 -0.088964
-0.552904 0.120991 -0.093508
-0.587643 0.124935 -0.084925
-0.482891 0.209031 -0.085093
-0.606231 0.117436 -0.084773
-0.570926 0.002543 -0.095195
-0.479246 0.058110 -0.095639
-0.537363 0.123170 -0.085701
-0.438545 0.076193 -0.087943
-0.427509 0.078121 -0.088075
-0.484590 0.022548 -0.096147
-0.465939 0.086067 -0.087373
-0.570021 0.124518 -0.093196
-0.526551 0.095396 -0.094322
-0.467924 0.105433 -0.095026
-0.420567 0.119975 -0.087488
-0.463370 0.124390 -0.094781
-0.496515 0.057698 -0.087388
-0.500190 -0.026653 -0.088725
-0.467038 0.093161 -0.095242
-0.590087 0.063262 -0.085906
-0.545688 -0.049214 -0.096423
-0.574544 0.135264 -0.092951
-0.515436 0.006011 -0.087959
-0.556678 -0.056337 -0.089393
-0.476408 -0.044293 -0.097371
-0.339697 0.077150 -0.097397
-0.535432 0.124595 -0.085706
-0.424146 0.010964 -0.097235
-0.563023 0.129902 -0.085209
-0.543483 0.136518 -0.085390
-0.485339 0.065923 -0.095420
-0.561604 0.150127 -0.092898
-0.335327 0.075772 -0.097485
-0.576227 -0.025785 -0.087581
-0.557417 0.143122 -0.093076
-0.422550 -0.007028 -0.089554
-0.442242 0.142642 -0.086792
-0.534613 0.135938 -0.093533
-0.409974 0.035117 -0.097047
-0.411485 0.019991 -0.089272
-0.508020 0.217623 -0.084578
-0.466851 0.058527 -0.095816
-0.432775 0.092268 -0.095766
-0.525585 -0.008069 -0.088041
-0.471334 0.062738 -0.095680
-0.639071 0.074933 -0.084986
-0.407974 0.037534 -0.097037
-0.345208 0.061801 -0.097568
-0.506844 0.059989 -0.087196
-0.473704 -0.077459 -0.089956
-0.552756 0.088173 -0.094052
-0.398072 0.135137 -0.087571
-0.600398 0.130378 -0.092648
-0.669214 0.067812 -0.092658
-0.556653 0.046544 -0.086679
-0.534395 -0.073609 -0.096994
-0.436022 0.185207 -0.093908
-0.500225 0.114773 -0.086391
-0.553942 0.138735 -0.085198
-0.373543 0.080060 -0.088844
-0.362632 0.111627 -0.092428
-0.367935 0.096981 -0.096650
-0.560403 0.102244 -0.085704
-0.571682 0.167808 -0.084455
-0.477195 -0.017845 -0.088921
-0.500140 -0.057609 -0.097238
-0.461249 0.120774 -0.086870
-0.484918 0.029137 -0.088031
-0.423853 0.053023 -0.088544
-0.474465 0.060971 -0.095663
-0.498602 -0.062795 -0.089345
-0.542384 0.095112 -0.086089
-0.576557 -0.008278 -0.095290
-0.566493 -0.020839 -0.095646
-0.489558 0.096225 -0.086855
-0.656596 0.073645 -0.084748
-0.444183 -0.022009 -0.089480
-0.394921 0.124945 -0.087786
-0.435452 0.121940 -0.095236
-0.466313 -0.021192 -0.097140
-0.608422 0.063872 -0.093626
-0.529030 -0.046945 -0.088631
-0.541234 0.083141 -0.094306
-0.602807 0.131839 -0.092588
-0.540711 -0.044619 -0.088420
-0.448555 0.038651 -0.088414
-0.433527 0.096320 -0.087686
-0.534399 0.032287 -0.095246
-0.621903 0.115669 -0.092571
-0.524723 0.195642 -0.084693
-0.483585 0.071362 -0.087354
-0.450199 0.106182 -0.095277
-0.373859 0.014759 -0.093274
-0.406881 0.061654 -0.088653
-0.436995 0.184468 -0.086180
-0.395454 0.107898 -0.088060
-0.410232 -0.012743 -0.097833
-0.393899 -0.004552 -0.089938
-0.451386 0.161832 -0.094341
-0.603356 0.106519 -0.092998
-0.442456 0.060013 -0.088152
-0.586575 0.005853 -0.086906
-0.452498 -0.023595 -0.097384
-0.548599 0.163530 -0.092870
-0.584487 0.031763 -0.086509
-0.521017 0.163643 -0.085276
-0.630356 0.026277 -0.085919
-0.440312 -0.023960 -0.097571
-0.436845 0.006967 -0.089111
-0.477853 0.137161 -0.094355
-0.445739 0.122879 -0.095068
-0.606844 0.035929 -0.086109
-0.571273 -0.041707 -0.087949
-0.527220 0.148126 -0.085440
-0.435083 0.052891 -0.096381
-0.378521 0.010094 -0.092814
-0.592663 0.024043 -0.094517
-0.622079 0.069934 -0.085321
-0.443848 -0.047652 -0.097910
-0.423349 0.165594 -0.086694
-0.510093 -0.056513 -0.097072
-0.543863 -0.063151 -0.088678
-0.473370 0.159058 -0.086059
-0.672247 0.068780 -0.089407
-0.335348 0.080001 -0.097415
-0.341464 0.067059 -0.097537
-0.592612 0.006688 -0.094804
-0.494103 0.204277 -0.085005
-0.432509 0.147704 -0.094855
-0.469315 0.218575 -0.087970
-0.566748 0.167830 -0.092530
-0.412755 0.041325 -0.096903
-0.383665 0.089800 -0.088533
-0.493687 -0.101388 -0.098056
-0.396251 0.145327 -0.088986
-0.506456 -0.045862 -0.096951
-0.416945 0.126168 -0.087439
-0.584095 0.145297 -0.092644
-0.554564 0.073727 -0.086261
-0.498100 0.236621 -0.084412
-0.616762 0.030554 -0.094052
-0.475462 -0.044657 -0.089389
-0.518991 0.161857 -0.085335
-0.463302 0.116022 -0.094920
-0.493028 0.079265 -0.095085
-0.548576 -0.018213 -0.095869
-0.606677 0.029604 -0.094217
-0.399636 0.025706 -0.089354
-0.365527 0.068407 -0.097158
-0.484714 0.207649 -0.093091
-0.615850 0.074711 -0.093337
-0.547567 -0.018920 -0.087894
-0.436351 -0.047499 -0.095761
-0.538831 0.168423 -0.092934
-0.485403 0.190037 -0.085369
-0.494123 0.225793 -0.092651
-0.418146 0.163003 -0.094816
-0.538067 -0.027794 -0.096183
-0.420977 0.003463 -0.089404
-0.528835 0.001472 -0.095837
-0.524972 0.205716 -0.092525
-0.508703 0.145874 -0.093754
-0.405811 0.134987 -0.095461
-0.542438 0.166376 -0.092914
-0.477423 -0.088123 -0.090077
-0.490265 0.009310 -0.088279
-0.472122 -0.036581 -0.097307
-0.466106 0.113452 -0.086919
-0.486628 -0.018643 -0.096796
-0.498473 0.041378 -0.087628
-0.630315 0.059860 -0.085365
-0.471528 0.003970 -0.088645
-0.558269 0.173021 -0.084568
-0.392659 0.053966 -0.088991
-0.428825 0.156543 -0.094764
-0.559988 0.132119 -0.085217
-0.463890 0.081319 -0.087482
-0.563550 0.112988 -0.093482
-0.346005 0.054097 -0.097684
-0.422670 0.034272 -0.096872
-0.498355 0.164082 -0.093607
-0.488653 0.064372 -0.095396
-0.421778 0.146602 -0.087030
-0.661824 0.052700 -0.093017
-0.527897 0.189515 -0.092749
-0.576480 -0.025797 -0.095580
-0.622568 0.103956 -0.084753
-0.454501 0.025541 -0.088542
-0.505781 0.184393 -0.085160
-0.459559 0.047250 -0.096111
-0.556508 0.086893 -0.094017
-0.388974 0.125710 -0.095864
-0.371073 0.057236 -0.089258
-0.443531 -0.045966 -0.089885
-0.520912 -0.004704 -0.096057
-0.498630 0.037962 -0.087682
-0.464125 0.132501 -0.086634
-0.525204 -0.048958 -0.096723
-0.447091 -0.058240 -0.094907
-0.475611 0.009042 -0.088501
-0.460725 0.209967 -0.090322
-0.462262 0.096745 -0.087252
-0.534865 0.202331 -0.092434
-0.665033 0.056432 -0.084906
-0.585846 -0.023790 -0.087406
-0.491825 -0.032776 -0.096952
-0.371657 0.030238 -0.097696
-0.360432 0.078472 -0.089065
-0.374615 0.052740 -0.097281
-0.537222 0.127584 -0.085630
-0.536394 0.110559 -0.093925
-0.514977 0.209949 -0.092603
-0.464511 -0.008611 -0.088957
-0.553982 0.029469 -0.095002
-0.398470 0.147560 -0.094287
-0.501263 0.133549 -0.086066
-0.552917 -0.037718 -0.088124
-0.600316 0.138218 -0.092520
-0.538936 0.129807 -0.093570
-0.609416 0.042956 -0.093956
-0.495577 0.097682 -0.094744
-0.602857 0.099666 -0.085116
-0.606673 0.002081 -0.086670
-0.451122 0.013776 -0.096788
-0.477772 -0.008054 -0.088751
-0.514957 0.181791 -0.093068
-0.421272 0.088400 -0.087998
-0.610793 0.035469 -0.094059
-0.516738 0.135048 -0.085811
-0.378398 0.049747 -0.097274
-0.502625 0.059252 -0.087271
-0.543545 0.053207 -0.094765
-0.409530 0.102284 -0.087943
-0.487229 0.015724 -0.088218
-0.547112 -0.030385 -0.096092
-0.336560 0.085139 -0.089310
-0.654597 0.086416 -0.090329
-0.498069 -0.103717 -0.098030
-0.429331 -0.028945 -0.089815
-0.531404 0.129356 -0.093689
-0.519129 0.042231 -0.095309
-0.453277 0.054040 -0.096092
-0.604417 0.097940 -0.093123
-0.643959 0.041835 -0.085460
-0.591773 0.137742 -0.092654
-0.605221 0.122208 -0.084709
-0.484892 -0.065120 -0.097589
-0.621420 0.038553 -0.093851
-0.474258 0.181843 -0.093672
-0.566876 0.137378 -0.093030
-0.549586 0.183030 -0.084532
-0.538564 0.060846 -0.094713
-0.454519 0.097534 -0.095356
-0.531435 0.001046 -0.095806
-0.478330 0.216206 -0.085042
-0.530079 -0.026012 -0.096272
-0.350450 0.077066 -0.097239
-0.651950 0.045838 -0.093277
-0.492351 0.144820 -0.086012
-0.421294 0.144907 -0.095067
-0.492568 -0.063492 -0.097448
-0.345169 0.089285 -0.097116
-0.504603 -0.049752 -0.089040
-0.520509 0.162618 -0.085300
-0.472154 0.151841 -0.094198
-0.533906 -0.061564 -0.088800
-0.620808 0.064828 -0.085424
-0.626449 0.026224 -0.093980
-0.475044 -0.054921 -0.097566
-0.612478 0.050481 -0.093787
-0.480710 0.151749 -0.086070
-0.531391 -0.023460 -0.096211
-0.346024 0.042472 -0.091588
-0.541611 0.107029 -0.093906
-0.497826 -0.097779 -0.097935
-0.551847 -0.003637 -0.087578
-0.434789 0.156679 -0.086671
-0.540672 0.120949 -0.085688
-0.338798 0.081532 -0.089336
-0.334485 0.083410 -0.092841
-0.357129 0.092324 -0.096888
-0.492220 -0.079978 -0.089723
-0.489913 0.196837 -0.085190
-0.516174 -0.094075 -0.097602
-0.375393 0.039443 -0.097489
-0.564608 -0.001359 -0.087351
-0.606161 0.107925 -0.084931
-0.621297 0.119465 -0.084989
-0.601026 0.116840 -0.084860
-0.518473 0.216644 -0.084439
-0.618459 0.005607 -0.092991
-0.506942 -0.072605 -0.097385
-0.539302 0.152791 -0.085183
-0.568587 -0.018467 -0.087574
-0.354194 0.059005 -0.097481
-0.510850 0.175798 -0.085226
-0.511342 0.098616 -0.086492
-0.444051 -0.043785 -0.097843
-0.514479 0.112766 -0.094214
-0.562476 -0.032632 -0.095901
-0.571746 0.010304 -0.095054
-0.534297 0.067591 -0.086663
-0.428389 -0.011306 -0.097540
-0.373234 0.033583 -0.089616
-0.394108 0.050444 -0.089028
-0.499734 0.102595 -0.086599
-0.612622 0.082460 -0.085255
-0.444384 0.179579 -0.086151
-0.524549 -0.013802 -0.096153
-0.420477 0.162116 -0.086794
-0.500106 0.160471 -0.093640
-0.475584 0.178103 -0.093714
-0.390166 0.134933 -0.087692
-0.440630 0.003494 -0.089112
-0.513326 -0.077262 -0.089365
-0.360224 0.031807 -0.089838
-0.498978 0.029419 -0.095820
-0.333222 0.064674 -0.097699
-0.490835 0.218639 -0.084816
-0.553899 -0.059112 -0.096431
-0.501540 -0.060428 -0.089262
-0.613872 0.019238 -0.086280
-0.395140 0.038220 -0.089214
-0.517229 -0.034649 -0.096606
-0.515579 0.167028 -0.093303
-0.540516 0.164099 -0.092981
-0.411639 0.037634 -0.088979
-0.573471 0.005149 -0.087112
-0.497587 -0.052776 -0.089194
-0.438706 0.006947 -0.089083
-0.426728 0.113913 -0.087496
-0.608293 0.121124 -0.084681
-0.491102 0.101194 -0.094752
-0.481885 0.034350 -0.087990
-0.432337 0.106535 -0.095537
-0.583347 0.118703 -0.085092
-0.452106 0.077713 -0.095719
-0.516513 0.161781 -0.085373
-0.462103 -0.028200 -0.097318
-0.383422 0.005255 -0.094379
-0.532559 0.115483 -0.085899
-0.472135 0.114282 -0.094818
-0.369811 0.106594 -0.088462
-0.412671 0.043649 -0.096866
-0.419723 0.013957 -0.097251
-0.486482 -0.068975 -0.097629
-0.460876 -0.057031 -0.089810
-0.451218 0.105891 -0.095267
-0.471861 0.218761 -0.085096
-0.527958 0.147562 -0.085438
-0.459765 0.198963 -0.093604
-0.422469 0.123671 -0.095400
-0.626816 0.065756 -0.085320
-0.454577 0.003544 -0.096906
-0.416701 -0.007533 -0.089649
-0.511662 0.041503 -0.095432
-0.628735 0.082026 -0.085023
-0.630811 0.099342 -0.084706
-0.410955 0.013785 -0.097384
-0.529770 -0.009199 -0.096000
-0.607906 0.124900 -0.084625
-0.475119 0.036145 -0.088061
-0.388154 0.110668 -0.096124
-0.402984 0.027052 -0.089282
-0.461362 0.074965 -0.087625
-0.405140 0.024357 -0.089294
-0.462901 0.211829 -0.093345
-0.446793 0.023135 -0.088696
-0.469445 -0.058061 -0.097701
-0.450002 0.192160 -0.085860
-0.642813 0.059744 -0.093184
-0.499587 0.178118 -0.085355
-0.425831 0.070896 -0.096221
-0.328240 0.060300 -0.094388
-0.506301 0.051387 -0.087346
-0.524830 -0.046514 -0.088687
-0.389418 0.023996 -0.097536
-0.438803 0.076506 -0.087934
-0.475104 0.003010 -0.088608
-0.528586 0.195949 -0.084630
-0.531883 -0.058368 -0.096779
-0.558665 0.173368 -0.084556
-0.500255 0.203281 -0.084930
-0.426484 0.105027 -0.095648
-0.607296 0.060512 -0.085696
-0.517663 0.171765 -0.085191
-0.558964 0.161211 -0.092754
-0.501798 0.189585 -0.085133
-0.522872 0.217687 -0.086334
-0.465629 0.158998 -0.094177
-0.379310 0.042557 -0.089378
-0.399552 0.041274 -0.097100
-0.553657 0.110674 -0.093667
-0.540551 0.140715 -0.085364
-0.628939 0.103890 -0.084659
-0.524598 0.170859 -0.085103
-0.439948 -0.049437 -0.089995
-0.453794 0.063484 -0.087926
-0.397720 0.134256 -0.095593
-0.437053 0.081617 -0.087876
-0.532652 0.171762 -0.092971
-0.457475 0.026696 -0.088479
-0.547286 0.183043 -0.092567
-0.520413 0.085847 -0.094570
-0.563524 0.131884 -0.093171
-0.498852 -0.095543 -0.097883
-0.397458 0.135256 -0.087579
-0.536888 -0.053719 -0.088626
-0.409922 0.095143 -0.096057
-0.458623 0.020591 -0.088562
-0.614622 0.073882 -0.093369
-0.423504 0.053741 -0.096539
-0.527921 0.116967 -0.093945
-0.460955 0.026117 -0.096439
-0.387732 0.136790 -0.091447
-0.561635 0.081910 -0.094023
-0.602031 0.094143 -0.085220
-0.465953 -0.076954 -0.098065
-0.384161 0.114966 -0.096113
-0.534825 -0.078243 -0.090662
-0.601027 0.046308 -0.086024
-0.410831 0.143200 -0.095251
-0.581262 0.047092 -0.094306
-0.490335 0.004814 -0.096354
-0.521715 -0.044581 -0.096703
-0.572526 -0.031620 -0.095735
-0.575582 0.098216 -0.093547
-0.425989 0.175145 -0.091970
-0.372002 0.051602 -0.097339
-0.495804 -0.002230 -0.088387
-0.527982 0.104401 -0.086150
-0.537756 0.113061 -0.093864
-0.353506 0.043168 -0.089751
-0.620225 0.020273 -0.094170
-0.350546 0.038104 -0.096124
-0.546060 0.032368 -0.087070
-0.527202 -0.034822 -0.096460
-0.587905 -0.010969 -0.095166
-0.574432 0.131904 -0.085006
-0.648061 0.048027 -0.093299
-0.410190 0.107485 -0.095850
-0.606726 0.118634 -0.084746
-0.386486 0.017772 -0.089680
-0.486139 0.091373 -0.094988
-0.559605 0.031844 -0.094879
-0.539663 0.078164 -0.086409
-0.462374 0.149424 -0.094383
-0.457859 0.032152 -0.088383
-0.487426 -0.066198 -0.097569
-0.449156 0.047242 -0.088263
-0.451217 0.184058 -0.093977
-0.445660 0.038278 -0.096465
-0.354093 0.087417 -0.097014
-0.360946 0.057466 -0.097406
-0.392514 0.021192 -0.089534
-0.466874 0.129341 -0.094648
-0.613934 0.068974 -0.085458
-0.552848 0.137630 -0.085232
-0.562931 0.051931 -0.094499
-0.579907 0.092553 -0.093576
-0.626184 0.114641 -0.086610
-0.523148 -0.038461 -0.088579
-0.426345 0.061548 -0.088366
-0.425822 -0.028629 -0.097864
-0.401164 0.150253 -0.089364
-0.459171 0.000623 -0.096886
-0.474297 0.083655 -0.087289
-0.542054 0.076478 -0.094403
-0.444444 -0.009126 -0.097265
-0.539744 0.034911 -0.087122
-0.522439 -0.030226 -0.096455
-0.499033 0.103082 -0.086601
-0.556764 0.060079 -0.094456
-0.488174 0.124296 -0.094414
-0.531239 0.127266 -0.085724
-0.337127 0.067928 -0.097587
-0.574697 -0.038185 -0.087809
-0.394929 0.096711 -0.088252
-0.548365 0.149247 -0.085107
-0.425930 0.082230 -0.088031
-0.438823 -0.023738 -0.089588
-0.610949 0.084574 -0.093247
-0.428874 0.072589 -0.088146
-0.451805 -0.055120 -0.089913
-0.587853 0.100180 -0.093332
-0.461085 0.123826 -0.094824
-0.522056 0.124579 -0.085905
-0.534674 0.205951 -0.087486
-0.616315 0.067807 -0.085442
-0.634909 0.029289 -0.093803
-0.453618 0.084562 -0.095583
-0.568745 0.084438 -0.093876
-0.540705 -0.033322 -0.096235
-0.516834 -0.096274 -0.094547
-0.377366 0.111644 -0.088267
-0.460404 0.191809 -0.085711
-0.499004 -0.017084 -0.088584
-0.456978 -0.033389 -0.097479
-0.587401 -0.012536 -0.087197
-0.526464 0.043321 -0.087180
-0.422815 0.158850 -0.086813
-0.535612 0.043737 -0.095039
-0.530946 -0.070798 -0.088996
-0.529893 0.199912 -0.092547
-0.520759 0.022847 -0.095605
-0.477414 0.003416 -0.088567
-0.452138 0.175485 -0.094105
-0.469818 -0.062236 -0.089763
-0.543886 0.033817 -0.095080
-0.644745 0.055083 -0.093232
-0.500011 0.120156 -0.086305
-0.467417 -0.063792 -0.089824
-0.523861 0.021082 -0.095588
-0.463301 0.155821 -0.094264
-0.397777 0.073977 -0.096587
-0.491716 0.149626 -0.085942
-0.544675 0.183805 -0.084592
-0.503280 -0.094135 -0.089792
-0.676442 0.063732 -0.089089
-0.504105 0.089908 -0.094745
-0.443111 0.068934 -0.087995
-0.546312 0.194290 -0.092396
-0.500411 -0.044750 -0.097022
-0.498326 -0.006832 -0.088425
-0.461666 0.021172 -0.088508
-0.671654 0.058929 -0.087663
-0.450483 0.088982 -0.095557
-0.538452 -0.004131 -0.087785
-0.467414 -0.078603 -0.091969
-0.549385 0.105497 -0.085814
-0.514384 0.132446 -0.085889
-0.440859 0.118818 -0.095207
-0.530485 0.003545 -0.087777
-0.485549 0.210225 -0.085034
-0.350227 0.099194 -0.094184
-0.434358 0.109555 -0.095457
-0.411881 0.086427 -0.088170
-0.391667 0.071425 -0.096720
-0.443196 -0.039119 -0.097779
-0.536984 -0.047654 -0.096527
-0.566222 0.144238 -0.084925
-0.439571 0.083227 -0.087812
-0.489839 0.119711 -0.094465
-0.621942 0.075931 -0.093226
-0.478811 0.045730 -0.095850
-0.528311 0.104639 -0.094143
-0.536987 0.104089 -0.094023
-0.341063 0.079392 -0.089338
-0.520598 0.000508 -0.087974
-0.653850 0.049026 -0.093196
-0.355378 0.104351 -0.089675
-0.485168 -0.005035 -0.096593
-0.453619 0.202840 -0.088467
-0.509577 0.030882 -0.095638
-0.525569 0.186953 -0.092825
-0.524433 -0.070545 -0.089089
-0.562422 0.077212 -0.094089
-0.550430 -0.047802 -0.096330
-0.514773 0.006432 -0.095964
-0.527661 0.082737 -0.094514
-0.613923 0.015773 -0.094338
-0.533579 -0.071392 -0.088967
-0.444189 -0.029455 -0.097604
-0.473322 0.067840 -0.087565
-0.576088 -0.003370 -0.095216
-0.502922 -0.011233 -0.088430
-0.365922 0.031213 -0.097766
-0.514735 0.042137 -0.095376
-0.463942 0.139478 -0.086522
-0.596166 0.129797 -0.092720
-0.431072 -0.042184 -0.097328
-0.529483 0.104518 -0.086126
-0.489329 -0.041804 -0.097138
-0.583909 0.090542 -0.085548
-0.525465 0.041827 -0.087220
-0.509743 -0.049840 -0.096967
-0.448674 0.121150 -0.095053
-0.466436 0.015745 -0.096528
-0.430885 -0.030548 -0.097820
-0.516584 -0.061821 -0.097064
-0.491503 0.123278 -0.086380
-0.526707 -0.076455 -0.097155
-0.493257 0.037970 -0.095763
-0.540534 -0.043119 -0.088397
-0.510215 -0.062974 -0.089175
-0.393731 0.140260 -0.087551
-0.480843 -0.039126 -0.089218
-0.381386 0.130425 -0.089551
-0.427181 0.008341 -0.089231
-0.408717 -0.002324 -0.089681
-0.363094 0.080592 -0.096993
-0.473823 0.183200 -0.085654
-0.537880 -0.061844 -0.096748
-0.515907 0.140166 -0.093741
-0.462259 0.087020 -0.087412
-0.481718 0.047908 -0.087769
-0.455624 0.188363 -0.085839
-0.502667 0.050259 -0.087419
-0.498971 0.177198 -0.085379
-0.612538 0.128434 -0.092383
-0.609823 0.087349 -0.085216
-0.506484 0.042425 -0.087492
-0.616084 0.014287 -0.086328
-0.509694 0.167877 -0.085374
-0.424594 0.143825 -0.087034
-0.615142 0.123590 -0.084539
-0.443860 0.193056 -0.087822
-0.555904 -0.057111 -0.090597
-0.392666 0.080604 -0.096553
-0.570150 -0.019954 -0.087575
-0.633329 0.020508 -0.088190
-0.512079 0.048115 -0.095317
-0.523099 0.128567 -0.093825
-0.496901 -0.061042 -0.089341
-0.568715 0.170758 -0.092452
-0.377587 0.041142 -0.097429
-0.396216 0.117560 -0.087889
-0.442440 0.026967 -0.088697
-0.459340 0.090428 -0.087399
-0.567298 0.037241 -0.086674
-0.606675 0.076143 -0.085448
-0.453925 0.172064 -0.086133
-0.550480 -0.043112 -0.096252
-0.493028 -0.104202 -0.090441
-0.535110 0.080907 -0.086432
-0.439788 0.093880 -0.095635
-0.487224 0.067870 -0.087358
-0.579887 0.090040 -0.093618
-0.529378 0.211227 -0.087288
-0.563370 0.066477 -0.094252
-0.445117 -0.056209 -0.096873
-0.609503 0.100456 -0.085004
-0.458463 -0.036230 -0.089502
-0.342451 0.071378 -0.089449
-0.651552 0.060001 -0.085048
-0.433826 0.024735 -0.088862
-0.483569 0.028377 -0.096066
-0.503434 0.087769 -0.094791
-0.482449 0.049174 -0.087737
-0.446544 0.186697 -0.086001
-0.467501 0.197973 -0.093506
-0.588402 0.076372 -0.085715
-0.562288 0.095151 -0.085793
-0.471430 0.119793 -0.094737
-0.464433 0.085561 -0.095406
-0.340933 0.079189 -0.097345
-0.448913 0.122285 -0.087029
-0.604536 -0.008358 -0.088538
-0.546910 0.024887 -0.095183
-0.492907 -0.075626 -0.097643
-0.460831 -0.027256 -0.097321
-0.597934 -0.014978 -0.087723
-0.477969 0.036834 -0.096009
-0.474737 0.002930 -0.088615
-0.505369 -0.056817 -0.097148
-0.346000 0.043132 -0.097865
-0.633861 0.072390 -0.085106
-0.458617 -0.023673 -0.097295
-0.603818 -0.009071 -0.093000
-0.528131 0.201466 -0.084546
-0.409526 0.061487 -0.088617
-0.509397 0.173282 -0.093291
-0.498076 0.026858 -0.095875
-0.429492 0.063429 -0.096290
-0.424895 0.079928 -0.096086
-0.479234 0.010418 -0.088424
-0.476419 0.137725 -0.086365
-0.518318 -0.011242 -0.096203
-0.631839 0.103175 -0.092630
-0.383642 0.081887 -0.096666
-0.644161 0.081519 -0.092804
-0.414662 0.090455 -0.096064
-0.454357 -0.032883 -0.089508
-0.367734 0.095812 -0.096673
-0.346677 0.083087 -0.097195
-0.507754 -0.077765 -0.089456
-0.534276 0.120534 -0.093792
-0.477741 0.069418 -0.095475
-0.360465 0.055763 -0.097441
-0.373659 0.056533 -0.097233
-0.503890 -0.066632 -0.089329
-0.401213 0.088256 -0.088298
-0.456601 0.116234 -0.087014
-0.432261 0.128315 -0.095178
-0.526801 0.115348 -0.085987
-0.557751 0.163027 -0.092742
-0.566129 0.060040 -0.094317
-0.519572 0.219725 -0.084372
-0.428102 -0.010748 -0.097535
-0.469011 0.047939 -0.087957
-0.491985 -0.070461 -0.097571
-0.450427 0.120923 -0.095031
-0.478284 0.227164 -0.092864
-0.502509 -0.013706 -0.088477
-0.359516 0.042213 -0.097679
-0.390615 0.012066 -0.097715
-0.363836 0.074308 -0.097085
-0.509568 -0.047204 -0.096927
-0.352191 0.046385 -0.089717
-0.572153 -0.032266 -0.095751
-0.668882 0.066190 -0.084688
-0.465079 0.144336 -0.094427
-0.553852 -0.057682 -0.096442
-0.427391 0.138891 -0.087074
-0.410367 0.108269 -0.095834
-0.509914 -0.053953 -0.097033
-0.449525 0.154083 -0.086495
-0.399038 0.147711 -0.095352
-0.452933 -0.045225 -0.089733
-0.357207 0.034428 -0.089840
-0.416577 -0.027719 -0.097534
-0.546254 0.028792 -0.095128
-0.608365 0.022915 -0.086301
-0.568541 0.172166 -0.087436
-0.551665 -0.039587 -0.096176
-0.477806 -0.033680 -0.097175
-0.505604 0.048464 -0.087405
-0.511606 0.051577 -0.095266
-0.634984 0.090108 -0.084797
-0.486000 -0.047350 -0.097279
-0.340463 0.089404 -0.093650
-0.514590 0.143966 -0.085696
-0.449747 -0.014387 -0.097273
-0.568950 0.053139 -0.094389
-0.500850 -0.047040 -0.089051
-0.417042 0.166168 -0.087575
-0.441659 -0.009615 -0.089313
-0.454369 0.179534 -0.086003
-0.512937 0.173139 -0.093241
-0.606809 0.014540 -0.094464
-0.580326 0.062223 -0.086068
-0.406878 0.059547 -0.088688
-0.577837 0.163034 -0.091930
-0.442547 0.035619 -0.096555
-0.370839 0.106727 -0.088445
-0.529391 -0.067327 -0.096964
-0.524363 -0.073990 -0.089147
-0.562762 0.158987 -0.084733
-0.595446 0.123250 -0.084837
-0.395739 -0.007104 -0.092058
-0.537495 -0.010511 -0.095906
-0.399410 0.066853 -0.096680
-0.530247 0.071453 -0.086660
-0.556636 0.129090 -0.085317
-0.407675 0.113134 -0.095794
-0.508174 0.052266 -0.095306
-0.459139 0.155814 -0.094326
-0.485021 -0.057909 -0.089466
-0.336479 0.053846 -0.089827
-0.584047 0.021278 -0.086689
-0.437148 -0.011558 -0.097414
-0.586572 0.126820 -0.084910
-0.496277 -0.043042 -0.089053
-0.605767 0.022679 -0.094345
-0.473973 0.076383 -0.095416
-0.455051 -0.027632 -0.097413
-0.603960 0.122641 -0.084721
-0.492862 0.230984 -0.092585
-0.369490 0.098792 -0.096598
-0.446409 0.193758 -0.085887
-0.625273 0.095896 -0.092847
-0.461570 -0.071907 -0.090045
-0.594123 0.146793 -0.092060
-0.471910 0.164009 -0.085999
-0.465266 -0.018726 -0.097114
-0.543016 0.161430 -0.092988
-0.541956 0.110745 -0.085838
-0.613565 0.106179 -0.092852
-0.642582 0.054587 -0.093272
-0.406473 0.075127 -0.096439
-0.529591 -0.042685 -0.096555
-0.506088 -0.094664 -0.089759
-0.441223 0.182238 -0.094156
-0.435552 0.177969 -0.086308
-0.579502 0.001777 -0.095080
-0.554884 0.122766 -0.093449
-0.417573 0.150693 -0.095027
-0.474201 0.205208 -0.093287
-0.353505 0.097175 -0.088860
-0.567456 0.173224 -0.086654
-0.513649 0.046937 -0.095313
-0.327446 0.076353 -0.093263
-0.512875 0.227630 -0.085388
-0.483537 -0.094545 -0.096514
-0.531744 0.016579 -0.095545
-0.366293 0.035885 -0.097683
-0.529102 -0.073130 -0.089062
-0.435032 0.131207 -0.087088
-0.459576 0.004946 -0.088806
-0.432452 0.152298 -0.094780
-0.558037 0.107700 -0.093651
-0.464450 0.074144 -0.087592
-0.417138 0.131557 -0.095349
-0.572120 0.125429 -0.093149
-0.523025 -0.020786 -0.096291
-0.553585 0.075169 -0.094254
-0.656499 0.083762 -0.092584
-0.382957 0.128097 -0.087912
-0.419743 0.076070 -0.096226
-0.510105 0.109559 -0.094332
-0.401478 0.082148 -0.088395
-0.524579 0.041447 -0.087239
-0.516315 0.088397 -0.086587
-0.446175 0.113643 -0.095214
-0.373272 0.061792 -0.097152
-0.485739 0.235045 -0.090333
-0.601320 0.132737 -0.084593
-0.498736 0.049537 -0.095491
-0.585344 0.127416 -0.084918
-0.513975 -0.093303 -0.097622
-0.628846 0.101348 -0.084702
-0.457880 0.124676 -0.086856
-0.371784 0.043275 -0.089477
-0.532412 0.152874 -0.085284
-0.487300 0.082369 -0.095119
-0.457875 0.061239 -0.087903
-0.414046 0.137033 -0.095305
-0.609991 0.060512 -0.085656
-0.384451 0.068269 -0.096879
-0.595371 -0.002258 -0.086909
-0.493320 0.146879 -0.085964
-0.447853 0.171292 -0.094238
-0.557943 0.182647 -0.084525
-0.384418 0.015661 -0.097748
-0.649690 0.090905 -0.084565
-0.470395 0.048070 -0.087934
-0.488037 -0.065251 -0.097544
-0.513661 0.087935 -0.086634
-0.398349 0.076904 -0.088528
-0.420179 0.079441 -0.088162
-0.510852 0.008138 -0.095994
-0.481817 0.151734 -0.086054
-0.500404 0.177787 -0.085348
-0.478900 0.075988 -0.095349
-0.340924 0.089865 -0.092804
-0.458074 0.015603 -0.096655
-0.505128 -0.049560 -0.089029
-0.581746 0.030858 -0.086565
-0.539611 -0.036511 -0.096304
-0.534057 0.012072 -0.095585
-0.383417 0.044435 -0.089286
-0.332834 0.055722 -0.094533
-0.645150 0.082083 -0.084778
-0.602888 0.126438 -0.084674
-0.498779 -0.029196 -0.096790
-0.473771 0.064375 -0.087615
-0.447126 0.068956 -0.095937
-0.443176 0.045167 -0.096388
-0.483392 0.051409 -0.087686
-0.379289 0.089186 -0.096611
-0.557519 0.025935 -0.095008
-0.575025 0.040626 -0.094505
-0.473849 0.032790 -0.088135
-0.438347 0.065316 -0.088126
-0.452784 -0.041053 -0.089666
-0.665792 0.072304 -0.084633
-0.496264 0.184794 -0.085294
-0.464333 -0.061062 -0.089825
-0.614594 0.007585 -0.086461
-0.567234 0.060368 -0.086293
-0.490044 0.165353 -0.093709
-0.605507 0.071620 -0.093541
-0.457291 0.134332 -0.086705
-0.468830 0.076226 -0.095495
-0.421799 -0.030812 -0.089957
-0.498307 0.003201 -0.096262
-0.638156 0.086092 -0.084816
-0.501229 0.192425 -0.085095
-0.546576 0.108966 -0.085798
-0.475623 -0.015134 -0.096901
-0.545586 0.180196 -0.092640
-0.478507 0.104954 -0.086875
-0.484688 0.103180 -0.094815
-0.427440 0.004924 -0.097286
-0.439605 0.029728 -0.088694
-0.504731 0.173244 -0.093361
-0.498014 0.061017 -0.095312
-0.571468 0.005622 -0.095136
-0.594749 0.075694 -0.085632
-0.521193 0.147659 -0.093539
-0.447055 -0.036971 -0.097686
-0.616686 0.096277 -0.092969
-0.453472 0.085822 -0.087563
-0.604560 0.073724 -0.093521
-0.487001 0.200284 -0.085176
-0.624267 0.018659 -0.094137
-0.437446 0.186623 -0.086896
-0.570283 -0.011141 -0.095430
-0.487737 0.058978 -0.095499
-0.474394 0.018515 -0.096364
-0.366494 0.089560 -0.096794
-0.402974 0.030291 -0.089229
-0.511588 0.180552 -0.093139
-0.336002 0.064609 -0.089657
-0.498638 0.073605 -0.087094
-0.520769 -0.092334 -0.091584
-0.391343 0.023667 -0.089511
-0.473131 0.042665 -0.095985
-0.471645 0.007606 -0.088583
-0.595472 0.109649 -0.085061
-0.517197 -0.095909 -0.095793
-0.380390 0.072876 -0.088861
-0.556425 0.008669 -0.087307
-0.561330 -0.017808 -0.095673
-0.413953 0.014411 -0.089328
-0.354319 0.097467 -0.088843
-0.515376 -0.047911 -0.088850
-0.415448 0.162281 -0.086866
-0.536049 0.167878 -0.092985
-0.526212 0.048362 -0.095103
-0.619049 0.110853 -0.084691
-0.489594 -0.015674 -0.096703
-0.534739 0.142225 -0.093427
-0.632489 0.042488 -0.085620
-0.604706 0.118420 -0.084779
-0.503945 -0.053808 -0.089117
-0.466996 0.129840 -0.086636
-0.523504 0.214953 -0.084392
-0.592437 -0.020368 -0.087251
-0.556668 0.048532 -0.094648
-0.566609 0.073878 -0.086080
-0.627834 0.050611 -0.085555
-0.377094 0.091968 -0.096597
-0.504133 0.013332 -0.088006
-0.503294 0.118296 -0.086287
-0.466795 0.172380 -0.093939
-0.490900 0.001303 -0.096403
-0.473870 -0.035571 -0.089263
-0.485912 0.165817 -0.093763
-0.442012 -0.031467 -0.089668
-0.526373 -0.078482 -0.097193
-0.578296 0.005739 -0.087031
-0.453522 -0.044012 -0.089704
-0.569703 0.035678 -0.086664
-0.650594 0.057255 -0.093109
-0.553682 0.082084 -0.086136
-0.411353 0.011961 -0.097409
-0.482253 -0.026718 -0.096994
-0.364634 0.110777 -0.096472
-0.351422 0.094957 -0.096929
-0.437503 0.168561 -0.086435
-0.636526 0.104324 -0.086580
-0.480854 -0.015289 -0.096826
-0.646122 0.067547 -0.093006
-0.646551 0.033767 -0.090768
-0.451057 0.048254 -0.096220
-0.449183 0.061017 -0.088036
-0.453713 0.159218 -0.094350
-0.413089 0.142667 -0.095226
-0.561165 0.072282 -0.094189
-0.344215 0.069185 -0.097461
-0.489171 -0.092842 -0.089980
-0.527348 0.182055 -0.084878
-0.625195 0.087691 -0.092984
-0.599389 0.109876 -0.093001
-0.419037 -0.030250 -0.095047
-0.446642 0.067513 -0.087966
-0.323351 0.072247 -0.092694
-0.407864 0.013354 -0.089435
-0.428415 0.107167 -0.087582
-0.485986 0.035853 -0.087904
-0.457701 -0.005056 -0.088999
-0.469140 -0.080168 -0.097017
-0.439869 0.144675 -0.094795
-0.523390 0.079152 -0.086635
-0.606099 0.083303 -0.085338
-0.522688 0.116421 -0.094032
-0.514293 -0.057851 -0.097032
-0.424566 -0.006013 -0.089507
-0.346149 0.046525 -0.097806
-0.560751 0.039372 -0.086736
-0.623147 0.107975 -0.084678
-0.495595 -0.005452 -0.096445
-0.368715 0.085292 -0.088830
-0.535127 0.123914 -0.093724
-0.370804 0.062099 -0.097183
-0.440546 0.129565 -0.087033
-0.399451 0.064813 -0.096713
-0.557976 -0.008095 -0.087561
-0.398304 0.122953 -0.087769
-0.520394 0.176337 -0.085075
-0.515626 0.096248 -0.086468
-0.667442 0.065019 -0.092731
-0.561785 0.022451 -0.095002
-0.392281 0.008235 -0.089751
-0.393771 0.142850 -0.095125
-0.483226 -0.076435 -0.089798
-0.603701 0.120612 -0.084758
-0.482666 0.212075 -0.093048
-0.590359 0.013205 -0.094730
-0.394977 0.031457 -0.097330
-0.597826 0.139678 -0.092533
-0.567901 -0.018122 -0.087579
-0.468617 -0.013358 -0.088974
-0.478948 0.133062 -0.094407
-0.615750 0.031266 -0.094055
-0.540846 0.187338 -0.084590
-0.541881 0.149806 -0.093196
-0.462205 -0.052885 -0.097724
-0.511557 0.186142 -0.093047
-0.529090 0.003252 -0.095804
-0.480681 0.229145 -0.092796
-0.486615 0.132126 -0.086306
-0.482191 0.173485 -0.085690
-0.464085 -0.001994 -0.096856
-0.528680 0.105503 -0.086121
-0.362344 0.092701 -0.096804
-0.584029 0.078235 -0.085749
-0.408396 0.040912 -0.088973
-0.485565 0.099427 -0.094864
-0.508698 -0.055182 -0.089069
-0.464804 0.001128 -0.088792
-0.498179 0.141677 -0.093979
-0.485291 0.056982 -0.087566
-0.454674 -0.029543 -0.097450
-0.610792 0.003726 -0.086581
-0.561231 0.102593 -0.093688
-0.465313 0.027012 -0.088357
-0.503967 0.154863 -0.085674
-0.587874 0.068237 -0.085857
-0.379213 0.111693 -0.096240
-0.489171 0.111225 -0.086613
-0.419614 0.168442 -0.086702
-0.499576 -0.041946 -0.096988
-0.413115 0.068409 -0.096451
-0.550282 0.176377 -0.092633
-0.571833 0.041795 -0.086532
-0.525907 0.136159 -0.085657
-0.483524 0.185639 -0.093471
-0.345598 0.076715 -0.089315
-0.428027 0.082980 -0.095989
-0.442924 0.131072 -0.086973
-0.378072 0.045559 -0.097348
-0.622614 0.073745 -0.093252
-0.585866 0.040636 -0.086342
-0.497266 0.143264 -0.093967
-0.499805 -0.044977 -0.097035
-0.620497 0.095735 -0.084919
-0.409787 0.141897 -0.087286
-0.376492 0.091251 -0.088616
-0.337538 0.052509 -0.089834
-0.418499 0.117000 -0.095569
-0.544750 0.108923 -0.093828
-0.564742 0.172312 -0.092485
-0.437450 0.041429 -0.096535
-0.465973 0.053266 -0.087914
-0.641631 0.084855 -0.092787
-0.622324 0.098336 -0.084849
-0.424261 0.156001 -0.094840
-0.415992 -0.010363 -0.089706
-0.490391 0.003548 -0.088372
-0.488942 -0.099890 -0.097985
-0.511589 0.226138 -0.084385
-0.472826 0.059466 -0.095712
-0.608549 0.130079 -0.092532
-0.465821 0.215072 -0.087778
-0.506225 -0.105210 -0.097933
-0.548328 0.168006 -0.092800
-0.420510 0.131819 -0.095295
-0.401494 0.082920 -0.096384
-0.431085 -0.038197 -0.089941
-0.554548 0.052777 -0.086607
-0.490679 -0.068233 -0.089552
-0.433814 0.163926 -0.086566
-0.335046 0.072184 -0.089546
-0.500006 0.056506 -0.087355
-0.462532 -0.036302 -0.089443
-0.514632 -0.057485 -0.089019
-0.509927 0.203372 -0.092787
-0.528138 -0.030237 -0.088369
-0.639926 0.069718 -0.093062
-0.510176 -0.047199 -0.088915
-0.425783 -0.012376 -0.097596
-0.532533 0.076987 -0.086534
-0.620376 0.085122 -0.085096
-0.481992 0.131535 -0.094387
-0.569297 -0.016693 -0.087534
-0.501468 0.091740 -0.086752
-0.579584 0.051494 -0.094258
-0.656295 0.047421 -0.085185
-0.561004 0.108742 -0.093590
-0.482838 -0.094023 -0.090866
-0.378978 0.024718 -0.089677
-0.413488 0.029720 -0.089082
-0.630075 0.037038 -0.085745
-0.501724 0.178623 -0.085315
-0.592186 0.005683 -0.094827
-0.372909 0.121927 -0.090010
-0.607959 0.132153 -0.092506
-0.465389 0.079086 -0.087497
-0.627394 0.096199 -0.084809
-0.438535 0.155771 -0.094632
-0.412356 -0.023580 -0.095265
-0.531658 -0.028781 -0.096295
-0.326941 0.061595 -0.094392
-0.460874 0.186701 -0.085788
-0.426290 0.092631 -0.087854
-0.645009 0.093673 -0.084589
-0.467182 -0.022251 -0.097144
-0.587228 0.039824 -0.094338
-0.594811 0.024653 -0.086473
-0.476309 0.168672 -0.093858
-0.606256 0.098890 -0.085078
-0.378108 0.068655 -0.088965
-0.573834 -0.039138 -0.089513
-0.402531 0.055396 -0.088821
-0.489497 -0.025513 -0.088865
-0.474248 0.193138 -0.093485
-0.507011 0.201260 -0.092865
-0.468998 -0.035592 -0.089335
-0.576750 0.163082 -0.084457
-0.626163 0.114736 -0.088947
-0.439004 0.031123 -0.088680
-0.592403 -0.019656 -0.087240
-0.601972 0.004000 -0.086708
-0.614019 0.096489 -0.093005
-0.533112 0.042597 -0.087093
-0.487834 0.211847 -0.084973
-0.354250 0.103218 -0.088785
-0.478972 0.018742 -0.096293
-0.413372 -0.001350 -0.097598
-0.596785 0.045872 -0.086094
-0.530733 -0.060776 -0.096836
-0.474577 0.000627 -0.088655
-0.497693 -0.066016 -0.097413
-0.539702 0.108572 -0.085907
-0.539351 0.185472 -0.084643
-0.444924 -0.030617 -0.097613
-0.566532 0.109418 -0.085495
-0.420012 0.043961 -0.088750
-0.551602 0.055256 -0.086610
-0.408707 0.120331 -0.087658
-0.471408 0.083299 -0.087338
-0.511509 0.024745 -0.095711
-0.484695 0.010150 -0.088348
-0.361240 0.061494 -0.097335
-0.393753 0.060163 -0.096875
-0.565620 0.091231 -0.093810
-0.394977 0.090245 -0.088358
-0.448937 0.188711 -0.085932
-0.447916 0.164277 -0.086351
-0.637057 0.051822 -0.085398
-0.590344 0.123827 -0.084903
-0.506345 0.123574 -0.086155
-0.352336 0.086459 -0.089054
-0.474648 0.159762 -0.086028
-0.462910 0.210754 -0.093363
-0.634907 0.084643 -0.092890
-0.488611 -0.081933 -0.097811
-0.535325 0.106931 -0.085999
-0.664625 0.051880 -0.085912
-0.478913 0.066014 -0.095514
-0.471839 0.126842 -0.086613
-0.542391 0.150815 -0.093172
-0.561224 0.159040 -0.084755
-0.354174 0.102415 -0.088763
-0.520966 -0.000186 -0.087980
-0.484890 0.018750 -0.096205
-0.509187 0.127515 -0.094049
-0.513366 -0.035272 -0.088671
-0.471096 0.111322 -0.094882
-0.483115 0.016291 -0.088270
-0.597379 0.026579 -0.094405
-0.574589 0.064630 -0.086114
-0.454487 -0.046838 -0.089736
-0.462700 0.191108 -0.085688
-0.484893 -0.073625 -0.089727
-0.488643 0.205616 -0.093066
-0.438016 0.090719 -0.087711
-0.417927 0.116443 -0.087585
-0.548404 -0.044140 -0.088297
-0.493824 0.113821 -0.086501
-0.464998 -0.040243 -0.089471
-0.622727 0.100119 -0.084814
-0.536182 -0.076884 -0.090441
-0.571220 -0.020845 -0.087574
-0.662872 0.073253 -0.092663
-0.556611 -0.011825 -0.087642
-0.478156 0.177267 -0.085687
-0.581218 0.027402 -0.086630
-0.637820 0.050105 -0.085415
-0.534034 0.037180 -0.087169
-0.635090 0.102207 -0.084596
-0.400068 0.060616 -0.096773
-0.542768 0.157785 -0.085049
-0.458806 0.062618 -0.095868
-0.508903 0.047145 -0.095380
-0.333466 0.076375 -0.097502
-0.511064 0.193707 -0.092929
-0.573873 0.106953 -0.085426
-0.457254 -0.024155 -0.097323
-0.475372 0.138305 -0.094373
-0.479378 0.052192 -0.087733
-0.387307 0.086319 -0.088537
-0.548991 -0.064037 -0.093730
-0.532592 0.031305 -0.087287
-0.603963 0.125957 -0.092668
-0.579758 -0.013486 -0.087326
-0.374913 0.123598 -0.096108
-0.337178 0.051428 -0.095790
-0.383401 0.053275 -0.097142
-0.381217 0.074131 -0.088828
-0.408150 0.146663 -0.087232
-0.573598 0.160599 -0.092547
-0.539740 0.177039 -0.084777
-0.516577 0.194001 -0.084841
-0.620509 0.120373 -0.088884
-0.485703 -0.079306 -0.097811
-0.479020 -0.077367 -0.097878
-0.514789 0.211573 -0.084577
-0.459898 0.087118 -0.095448
-0.530312 0.164894 -0.093119
-0.625214 0.065272 -0.093354
-0.476580 0.176893 -0.085717
-0.549981 0.190777 -0.090521
-0.542501 -0.041637 -0.096346
-0.449729 0.027406 -0.096584
-0.501436 0.207098 -0.092851
-0.629066 0.049122 -0.085561
-0.518648 0.166724 -0.093262
-0.549522 0.148265 -0.085106
-0.521216 -0.004342 -0.096046
-0.497909 0.130819 -0.094162
-0.395102 0.051081 -0.089002
-0.334259 0.083179 -0.090567
-0.512122 0.012877 -0.087895
-0.554545 0.008168 -0.095345
-0.551851 -0.004155 -0.095588
-0.533038 0.159948 -0.093160
-0.548764 -0.027843 -0.088023
-0.501609 -0.037146 -0.096879
-0.521663 0.078138 -0.086677
-0.540301 0.138003 -0.093414
-0.503214 0.034404 -0.095674
-0.415386 0.085117 -0.088140
-0.566881 0.062837 -0.086258
-0.614443 0.095259 -0.093019
-0.557277 0.143002 -0.085078
-0.602968 0.004173 -0.086690
-0.517614 0.136690 -0.093773
-0.549011 0.139228 -0.093265
-0.539961 0.150146 -0.085217
-0.552232 0.067360 -0.086401
-0.585318 0.006912 -0.086907
-0.454946 0.040341 -0.096293
-0.433525 0.182703 -0.093338
-0.404942 0.143338 -0.087334
-0.536941 0.003443 -0.087682
-0.393155 0.025890 -0.089447
-0.347597 0.090990 -0.097051
-0.611593 0.023099 -0.094252
-0.477426 0.202446 -0.085283
-0.650175 0.038753 -0.085419
-0.627770 0.098762 -0.092763
-0.532900 0.057467 -0.094853
-0.586778 0.047729 -0.094214
-0.643386 0.097454 -0.085726
-0.510173 0.135695 -0.085898
-0.393535 0.054978 -0.088961
-0.391701 0.055512 -0.088980
-0.502063 0.171182 -0.093435
-0.556057 -0.011193 -0.095642
-0.500983 -0.090272 -0.097765
-0.509173 0.103235 -0.094450
-0.420326 0.106266 -0.087717
-0.539701 0.179872 -0.084730
-0.419865 0.085961 -0.088059
-0.607280 0.101431 -0.085021
-0.607869 0.006356 -0.094583
-0.495621 0.124565 -0.094299
-0.636403 0.104585 -0.090995
-0.497955 0.039426 -0.095670
-0.585277 0.150482 -0.084539
-0.463168 0.184967 -0.085783
-0.509665 -0.103466 -0.091806
-0.477030 -0.085157 -0.098036
-0.509294 0.116781 -0.094225
-0.532229 0.153206 -0.085281
-0.449927 0.081565 -0.087685
-0.387429 0.091205 -0.096456
-0.505970 -0.078058 -0.089487
-0.345722 0.083273 -0.097206
-0.531263 -0.027621 -0.088279
-0.531643 0.148818 -0.085363
-0.520297 0.028982 -0.095510
-0.393925 0.127350 -0.095764
-0.373191 0.088131 -0.088716
-0.478569 0.041832 -0.087916
-0.519794 0.160565 -0.085345
-0.493316 0.215125 -0.084838
-0.614860 0.088428 -0.085123
-0.432680 0.006199 -0.089185
-0.467721 0.184116 -0.085729
-0.554222 0.042324 -0.086784
-0.578238 0.014316 -0.094892
-0.396905 0.104022 -0.096104
-0.485157 0.074568 -0.095280
-0.560267 0.072022 -0.086205
-0.434994 -0.016190 -0.097522
-0.414953 0.029278 -0.089067
-0.413118 0.084626 -0.096183
-0.580923 0.018617 -0.086779
-0.456590 0.205318 -0.093547
-0.548373 0.103204 -0.085867
-0.580523 0.049357 -0.094280
-0.501028 0.114913 -0.094378
-0.522891 -0.060212 -0.096943
-0.603557 -0.006746 -0.086861
-0.519651 -0.072551 -0.097195
-0.400312 0.126931 -0.087674
-0.665736 0.075150 -0.085415
-0.510048 0.139784 -0.085832
-0.622916 0.038191 -0.085833
-0.383520 0.072506 -0.096823
-0.444610 0.074813 -0.087876
-0.539713 -0.042051 -0.088392
-0.564365 0.079012 -0.094030
-0.373133 0.102971 -0.088473
-0.498798 -0.008478 -0.088446
-0.539612 -0.004475 -0.087773
-0.378103 0.048357 -0.089300
-0.518097 0.190179 -0.084881
-0.618840 0.110552 -0.092701
-0.459871 0.009494 -0.088727
-0.594019 -0.018895 -0.093064
-0.589735 0.105990 -0.085207
-0.355406 0.099404 -0.088795
-0.578784 0.134939 -0.084892
-0.465735 -0.060481 -0.097796
-0.562679 0.178087 -0.089764
-0.532060 0.087557 -0.094369
-0.452167 0.009946 -0.096836
-0.429712 0.173644 -0.094468
-0.386351 0.047654 -0.089189
-0.367357 0.104962 -0.088525
-0.569945 -0.043033 -0.091470
-0.463028 0.160473 -0.086189
-0.636616 0.077259 -0.092987
-0.454837 0.025389 -0.088539
-0.528435 -0.046961 -0.088640
-0.439762 0.073378 -0.087971
-0.604129 0.009257 -0.086589
-0.519266 0.184833 -0.092954
-0.494002 0.042954 -0.087668
-0.365292 0.100259 -0.096636
-0.568057 0.069939 -0.086123
-0.509225 0.209773 -0.092692
-0.508362 -0.028119 -0.088628
-0.431873 0.003903 -0.089235
-0.566038 -0.035573 -0.095896
-0.450264 -0.053617 -0.089911
-0.469297 -0.059094 -0.089719
-0.469402 0.191732 -0.093581
-0.336986 0.057217 -0.097766
-0.479322 0.167475 -0.085832
-0.575732 -0.011629 -0.087355
-0.484772 0.115021 -0.086616
-0.598416 0.082321 -0.085468
-0.620471 0.068525 -0.093370
-0.634626 0.062868 -0.093254
-0.381677 0.081837 -0.088694
-0.480605 -0.091821 -0.090100
-0.471614 0.209392 -0.093256
-0.369874 0.118894 -0.095436
-0.483427 0.060171 -0.087541
-0.484015 0.179496 -0.085564
-0.501627 0.231153 -0.084450
-0.480673 0.146244 -0.094164
-0.436938 0.032072 -0.088695
-0.517079 0.196798 -0.092789
-0.548794 0.133976 -0.085353
-0.585060 0.155749 -0.089348
-0.471543 0.148279 -0.094266
-0.571276 -0.001653 -0.087257
-0.633304 0.051147 -0.085465
-0.513098 0.064351 -0.095034
-0.555924 0.012169 -0.087257
-0.413079 0.068806 -0.096445
-0.515651 0.185385 -0.084997
-0.505538 -0.107607 -0.090085
-0.374024 0.056413 -0.089227
-0.408478 0.099132 -0.096013
-0.604989 0.065779 -0.085644
-0.390698 0.139759 -0.088262
-0.459433 0.073594 -0.087676
-0.491500 -0.036622 -0.089018
-0.419326 0.069161 -0.088344
-0.535568 0.011572 -0.087569
-0.536043 0.116200 -0.093837
-0.370163 0.115281 -0.096315
-0.478076 0.220815 -0.084970
-0.494882 0.041538 -0.095680
-0.529532 0.033165 -0.095304
-0.509925 -0.033204 -0.088688
-0.445569 -0.002508 -0.097139
-0.447775 0.070256 -0.087904
-0.512546 0.150180 -0.093626
-0.525275 0.038533 -0.087277
-0.438091 0.065860 -0.088120
-0.569089 -0.022957 -0.087641
-0.529304 -0.020159 -0.096187
-0.359466 0.044751 -0.089636
-0.477777 0.193274 -0.093431
-0.517219 -0.091517 -0.089542
-0.525937 0.198340 -0.092632
-0.524781 -0.019178 -0.088236
-0.447155 0.033743 -0.088516
-0.441804 0.004969 -0.097072
-0.370566 0.090976 -0.088709
-0.564993 0.063002 -0.086283
-0.615555 0.003549 -0.094515
-0.453567 0.158793 -0.086357
-0.554815 -0.045212 -0.088220
-0.470979 -0.054797 -0.089623
-0.388369 0.064932 -0.088874
-0.552939 0.140751 -0.093181
-0.443112 0.077562 -0.087853
-0.553945 -0.045728 -0.096243
-0.555888 0.072470 -0.094264
-0.439978 0.036431 -0.096580
-0.581270 0.024983 -0.094671
-0.418046 0.113207 -0.087637
-0.530010 -0.060110 -0.096836
-0.373744 0.047886 -0.097374
-0.473370 -0.084434 -0.095515
-0.628618 0.015783 -0.087278
-0.474906 0.047770 -0.095874
-0.505149 0.161697 -0.093545
-0.585391 0.155387 -0.088343
-0.538187 0.009593 -0.095564
-0.546855 0.010236 -0.087423
-0.519048 0.055037 -0.087097
-0.435385 -0.007531 -0.089371
-0.614741 0.086258 -0.093163
-0.398300 0.084019 -0.096413
-0.430118 0.009127 -0.097177
-0.383685 0.108887 -0.088218
-0.467051 0.056140 -0.095853
-0.624459 0.053438 -0.085558
-0.541040 0.024445 -0.095277
-0.519725 -0.054608 -0.088896
-0.626528 0.079232 -0.093104
-0.478043 0.168627 -0.085832
-0.573447 -0.039527 -0.088161
-0.629819 0.111080 -0.088670
-0.346783 0.043847 -0.089839
-0.628645 0.036658 -0.085773
-0.507652 0.070833 -0.095007
-0.375570 0.034891 -0.089560
-0.661077 0.050474 -0.093065
-0.572864 0.106811 -0.093446
-0.569669 0.170953 -0.084616
-0.482410 0.198381 -0.085276
-0.554311 0.166287 -0.092740
-0.433755 0.178994 -0.094320
-0.497337 0.113683 -0.094454
-0.392341 0.087147 -0.088448
-0.597306 0.075100 -0.093606
-0.449694 -0.058248 -0.097998
-0.668153 0.072797 -0.087246
-0.472202 0.102424 -0.095013
-0.482781 0.148714 -0.086090
-0.454620 -0.050767 -0.097801
-0.586618 0.020824 -0.086658
-0.478167 -0.079991 -0.097934
-0.465489 0.110918 -0.094972
-0.546580 -0.017149 -0.095881
-0.587741 0.067545 -0.085871
-0.489086 0.225939 -0.084722
-0.546228 0.026350 -0.095169
-0.362747 0.071469 -0.089146
-0.401645 0.093816 -0.096202
-0.525740 -0.031104 -0.096421
-0.504127 -0.082500 -0.089588
-0.482062 0.135968 -0.094313
-0.413315 -0.007709 -0.089702
-0.574669 -0.000803 -0.087192
-0.632359 0.048348 -0.093527
-0.490303 0.173186 -0.093576
-0.567015 0.152543 -0.084776
-0.418454 0.134992 -0.087271
-0.442177 0.052359 -0.096284
-0.422582 0.111138 -0.087604
-0.484740 0.152495 -0.085998
-0.531337 0.171815 -0.092990
-0.607891 0.111650 -0.092846
-0.531743 0.020223 -0.095485
-0.549636 -0.063389 -0.094348
-0.411751 0.033590 -0.097046
-0.489172 0.093211 -0.086911
-0.537610 0.131842 -0.093556
-0.538635 0.137114 -0.093454
-0.520411 0.083314 -0.086610
-0.445063 0.018982 -0.096792
-0.473705 -0.000248 -0.096684
-0.500927 0.078832 -0.094975
-0.559850 -0.016154 -0.087666
-0.499724 0.185230 -0.085236
-0.588062 0.035133 -0.086401
-0.522647 0.089598 -0.094475
-0.545311 -0.056280 -0.088544
-0.494640 0.215039 -0.084819
-0.637201 0.103153 -0.092551
-0.534642 0.030585 -0.095271
-0.467173 0.022729 -0.088400
-0.530047 -0.055301 -0.088754
-0.453215 0.066684 -0.087882
-0.516054 0.204537 -0.084675
-0.591274 0.010953 -0.094754
-0.485696 0.075531 -0.087254
-0.418365 0.154631 -0.086949
-0.437345 0.163180 -0.086526
-0.386964 0.049133 -0.089155
-0.408316 0.070188 -0.088491
-0.349812 0.065027 -0.089445
-0.534399 0.202828 -0.092432
-0.438772 0.169442 -0.086401
-0.339386 0.088322 -0.091793
-0.470984 -0.028589 -0.089190
-0.603276 0.036928 -0.086145
-0.504520 0.156388 -0.093642
-0.448075 0.022268 -0.096693
-0.655511 0.064164 -0.092922
-0.544197 0.159050 -0.085007
-0.440659 0.014392 -0.088931
-0.479560 -0.003673 -0.088652
-0.444578 0.120340 -0.087125
-0.470512 -0.045322 -0.089473
-0.585743 0.041614 -0.094330
-0.591411 0.001290 -0.086909
-0.641421 0.099495 -0.088310
-0.665157 0.068450 -0.092708
-0.531625 0.185081 -0.084764
-0.462920 0.080075 -0.087517
-0.492699 -0.065929 -0.097486
-0.591879 0.049213 -0.086112
-0.492723 0.206990 -0.092983
-0.385129 0.043030 -0.089283
-0.527154 -0.060764 -0.088887
-0.482228 0.211339 -0.093067
-0.566689 0.051629 -0.094448
-0.604115 0.059023 -0.085768
-0.549569 0.053886 -0.094665
-0.367261 0.034333 -0.089692
-0.535841 0.003603 -0.095698
-0.465688 0.094434 -0.087239
-0.541162 0.082170 -0.086321
-0.357009 0.061518 -0.097398
-0.600336 0.057819 -0.093846
-0.565400 0.156178 -0.084740
-0.404073 0.094556 -0.088152
-0.378603 0.127644 -0.095081
-0.490644 0.130895 -0.094269
-0.569721 0.076818 -0.085985
-0.446649 -0.057814 -0.090034
-0.481331 0.040039 -0.095906
-0.600594 0.000126 -0.086792
-0.505366 0.124408 -0.094157
-0.576049 0.164741 -0.089467
-0.581218 0.018227 -0.094783
-0.455077 0.020886 -0.096612
-0.511797 0.202363 -0.092776
-0.393081 0.017416 -0.097590
-0.514610 0.158521 -0.093457
-0.439341 -0.027826 -0.089648
-0.488202 -0.071502 -0.089643
-0.637912 0.043995 -0.093516
-0.581707 0.139634 -0.092773
-0.459525 0.063834 -0.087836
-0.454236 0.183079 -0.093948
-0.628656 0.042497 -0.093678
-0.636361 0.086353 -0.092840
-0.532172 0.002234 -0.087773
-0.411446 0.118232 -0.095654
-0.511995 0.106587 -0.086351
-0.407483 0.048918 -0.088854
-0.458953 0.126623 -0.086808
-0.390770 0.087942 -0.088459
-0.470641 0.018741 -0.088414
-0.505799 -0.102607 -0.097897
-0.480966 0.005716 -0.096478
-0.635349 0.041029 -0.085601
-0.667743 0.055009 -0.088106
-0.453493 0.184786 -0.085929
-0.439966 0.081762 -0.095832
-0.500452 -0.015229 -0.096534
-0.538341 0.188501 -0.092610
-0.445843 0.113830 -0.087214
-0.473640 0.182383 -0.093672
-0.561118 0.160982 -0.084724
-0.623003 0.111870 -0.092618
-0.391484 0.031919 -0.097374
-0.419146 0.131320 -0.087322
-0.403073 0.035558 -0.089140
-0.495257 -0.060124 -0.089350
-0.465722 0.056941 -0.087857
-0.640568 0.096587 -0.092609
-0.486167 0.235467 -0.085560
-0.666199 0.053461 -0.087984
-0.451545 0.002169 -0.088971
-0.600957 0.105940 -0.085041
-0.630834 0.061550 -0.085330
-0.447858 0.127499 -0.086958
-0.558994 0.123069 -0.093383
-0.574146 0.037392 -0.094572
-0.504432 0.169319 -0.085428
-0.445384 0.046731 -0.096330
-0.380501 0.064060 -0.097007
-0.574433 0.087569 -0.093740
-0.586738 0.010026 -0.086834
-0.475515 0.085559 -0.087240
-0.515715 0.184162 -0.085016
-0.426387 0.168215 -0.094607
-0.532336 -0.019378 -0.088127
-0.391201 0.011895 -0.097709
-0.412693 0.053431 -0.088703
-0.448005 0.057205 -0.088116
-0.534663 0.033947 -0.087213
-0.502827 -0.047731 -0.097035
-0.445853 0.113447 -0.087220
-0.516654 0.099532 -0.086398
-0.614171 0.067055 -0.085486
-0.383129 0.022600 -0.089650
-0.640139 0.099984 -0.084557
-0.520922 0.047627 -0.087191
-0.446742 0.131262 -0.094915
-0.538029 0.114427 -0.093837
-0.507762 -0.091971 -0.097692
-0.480346 0.014396 -0.096344
-0.504069 -0.041787 -0.088917
-0.475497 -0.009501 -0.096810
-0.498019 0.148119 -0.085873
-0.513377 0.202330 -0.092753
-0.580607 -0.002761 -0.087137
-0.435547 0.034495 -0.096678
-0.418904 0.080527 -0.096165
-0.461664 0.114563 -0.086967
-0.394065 0.092058 -0.088342
-0.410483 0.030890 -0.089107
-0.474935 0.078076 -0.095374
-0.440421 0.027201 -0.096726
-0.449805 -0.052177 -0.097896
-0.498814 0.165325 -0.093580
-0.394274 -0.005625 -0.092646
-0.492909 -0.093265 -0.089932
-0.490558 0.061719 -0.095412
-0.641074 0.087113 -0.084756
-0.490546 0.229526 -0.084641
-0.485622 0.175150 -0.093613
-0.633814 0.035132 -0.085721
-0.488194 0.202688 -0.093121
-0.657761 0.071314 -0.084769
-0.491668 0.144964 -0.086020
-0.519684 0.058143 -0.087036
-0.437373 -0.028998 -0.097698
-0.455321 -0.039597 -0.097606
-0.555914 0.120496 -0.093471
-0.496146 -0.008028 -0.096479
-0.395133 0.089648 -0.088366
-0.372223 0.102868 -0.096490
-0.471663 -0.029079 -0.097190
-0.511650 0.083116 -0.094745
-0.526417 0.106236 -0.086143
-0.406025 0.004887 -0.097604
-0.428597 0.137934 -0.095074
-0.463440 0.044862 -0.088090
-0.383188 0.030364 -0.089521
-0.509888 -0.028926 -0.088618
-0.493017 -0.044083 -0.089119
-0.477812 0.169285 -0.085824
-0.494828 0.119759 -0.086389
-0.354233 0.090645 -0.096958
-0.473374 0.009597 -0.096527
-0.425435 -0.021771 -0.089754
-0.523167 0.045071 -0.087200
-0.438354 0.122461 -0.095185
-0.536320 0.091818 -0.086234
-0.552324 0.164128 -0.092805
-0.436999 0.019103 -0.088908
-0.358514 0.031248 -0.089873
-0.577746 0.006954 -0.087019
-0.621183 0.028164 -0.094026
-0.366874 0.040639 -0.097596
-0.504919 0.032260 -0.087682
-0.458659 0.017154 -0.096621
-0.469043 -0.018540 -0.089053
-0.503842 0.057594 -0.095282
-0.478375 0.078631 -0.087311
-0.521418 0.204945 -0.084588
-0.513855 0.220281 -0.084448
-0.505078 -0.108061 -0.094560
-0.676447 0.064590 -0.089376
-0.456731 -0.037192 -0.089544
-0.492697 0.220240 -0.084762
-0.557045 0.134640 -0.093221
-0.398941 0.140052 -0.087477
-0.474792 0.115071 -0.086763
-0.567851 0.156541 -0.084697
-0.623719 0.099803 -0.092806
-0.492173 0.234459 -0.084535
-0.525623 0.038101 -0.095281
-0.514466 0.080555 -0.094746
-0.623910 0.039617 -0.093796
-0.332014 0.080929 -0.091037
-0.365365 0.066809 -0.097186
-0.591246 0.105045 -0.093202
-0.547271 -0.037844 -0.096212
-0.460679 0.145207 -0.094478
-0.537832 0.186060 -0.084656
-0.589052 0.040583 -0.094298
-0.459279 0.022642 -0.096521
-0.475982 -0.039177 -0.097293
-0.460800 0.023644 -0.096482
-0.471455 0.071791 -0.087527
-0.601467 0.104233 -0.085061
-0.624331 0.051098 -0.093601
-0.414212 0.121105 -0.095565
-0.560622 -0.033970 -0.087948
-0.386823 0.019016 -0.089654
-0.624123 0.108203 -0.084660
-0.574979 -0.024938 -0.087586
-0.448455 -0.027761 -0.097513
-0.521281 0.102886 -0.094276
-0.653552 0.072118 -0.092820
-0.417372 -0.001363 -0.097539
-0.514757 0.202049 -0.084735
-0.535365 0.149529 -0.093297
-0.418952 0.150403 -0.095012
-0.434961 0.151354 -0.094758
-0.570674 0.010522 -0.095067
-0.408341 0.111569 -0.095810
-0.346266 0.053015 -0.089696
-0.486659 0.100683 -0.086825
-0.331284 0.080207 -0.096866
-0.551414 -0.027710 -0.095984
-0.327492 0.065568 -0.097769
-0.386879 0.133867 -0.087759
-0.394690 0.122888 -0.095826
-0.443789 0.059997 -0.096134
-0.419349 0.007343 -0.097366
-0.487042 -0.026762 -0.088922
-0.384507 0.107569 -0.096230
-0.569172 0.021819 -0.094903
-0.428007 0.160483 -0.094711
-0.544831 -0.020062 -0.087953
-0.454185 0.076711 -0.095704
-0.493629 0.120083 -0.086401
-0.543814 0.136751 -0.085381
-0.508424 -0.104713 -0.090156
-0.486208 0.063017 -0.095455
-0.652916 0.040152 -0.092849
-0.470150 0.025324 -0.096315
-0.494840 -0.096928 -0.089964
-0.422906 0.020991 -0.097088
-0.495276 0.092468 -0.086832
-0.515697 0.010175 -0.095889
-0.469404 0.067581 -0.087627
-0.451785 0.135724 -0.086764
-0.544814 0.111711 -0.093781
-0.477888 0.016041 -0.096353
-0.602984 0.047866 -0.085969
-0.543127 0.059989 -0.086658
-0.663284 0.061226 -0.084853
-0.612472 0.041475 -0.085933
-0.612923 0.126008 -0.084532
-0.424796 0.091861 -0.095891
-0.446516 0.048818 -0.096278
-0.507263 0.206079 -0.092782
-0.470562 0.130921 -0.094567
-0.521492 0.216278 -0.084400
-0.564100 0.038661 -0.086698
-0.439694 0.061162 -0.088174
-0.430697 0.013520 -0.097096
-0.462584 -0.073673 -0.095551
-0.357266 0.098784 -0.096779
-0.422531 0.033546 -0.088885
-0.535740 0.141181 -0.093430
-0.483763 -0.033559 -0.089083
-0.498247 0.228385 -0.084546
-0.461525 0.035416 -0.059760
-0.540788 0.112460 -0.062374
-0.474084 0.046199 -0.010179
-0.520904 0.082174 -0.068572
-0.515539 0.075959 -0.033257
-0.511902 0.072804 -0.046488
-0.522672 0.088774 0.014122
-0.559859 0.129520 -0.011112
-0.542703 0.113182 -0.022453
-0.592602 0.152191 -0.072215
-0.456904 0.019974 -0.066793
-0.441209 0.015214 -0.043167
-0.591276 0.152317 -0.026256
-0.421419 -0.004562 -0.023532
-0.576968 0.137010 -0.082393
-0.552097 0.111802 -0.045301
-0.445653 0.009256 -0.074046
-0.450230 0.022720 0.000888
-0.559269 0.118842 -0.047916
-0.480850 0.041007 0.011217
-0.529590 0.101933 -0.074547
-0.528037 0.098229 0.002534
-0.431901 0.006662 -0.060243
-0.454392 0.027275 -0.017136
-0.481431 0.042849 -0.033677
-0.452328 0.027164 -0.083614
-0.484055 0.046499 -0.072358
-0.465975 0.038349 -0.011030
-0.507045 0.078771 -0.029995
-0.572101 0.131302 -0.047918
-0.462168 0.024964 -0.062499
-0.470479 0.042348 0.002112
-0.441298 0.005053 -0.074978
-0.444594 0.006144 0.011885
-0.424510 -0.013464 0.002782
-0.412331 -0.013311 -0.026198
-0.421018 -0.003639 -0.069624
-0.409791 -0.015802 -0.025364
-0.449909 0.024684 -0.079033
-0.524245 0.096205 -0.055691
-0.490199 0.052560 -0.075679
-0.505864 0.066655 -0.036466
-0.590382 0.150493 0.015785
-0.485648 0.058407 -0.044544
-0.437664 0.000569 -0.041413
-0.522386 0.082930 -0.044557
-0.442509 0.005898 -0.063356
-0.482253 0.044059 -0.048115
-0.430490 -0.006416 -0.040762
-0.415550 -0.009926 -0.035340
-0.474535 0.035501 -0.010792
-0.569231 0.138765 -0.016186
-0.437023 0.011948 -0.071196
-0.469010 0.030038 -0.007374
-0.569577 0.139736 -0.038493
-0.516082 0.076417 -0.030855
-0.589615 0.148960 -0.070761
-0.546783 0.113811 0.014799
-0.450637 0.022979 0.005651
-0.451873 0.024649 -0.010832
-0.466854 0.027648 0.003029
-0.507146 0.079873 -0.065249
-0.479977 0.052927 -0.045465
-0.414932 -0.021265 -0.049892
-0.473577 0.047697 -0.080064
-0.447777 0.010033 -0.028934
-0.520357 0.091266 -0.014826
-0.504322 0.074960 0.010973
-0.539902 0.110015 -0.006734
-0.566866 0.137046 -0.036482
-0.475825 0.037537 -0.038287
-0.560741 0.119397 -0.017254
-0.500171 0.060383 -0.010382
-0.552526 0.112576 -0.057824
-0.590419 0.153793 -0.048223
-0.449619 0.011526 -0.018545
-0.409596 -0.020204 -0.000601
-0.580592 0.150244 -0.031893
-0.423274 -0.003361 -0.002479
-0.416978 -0.007238 -0.081022
-0.464827 0.027302 -0.053938
-0.486767 0.059111 -0.031120
-0.475437 0.035738 0.011664
-0.417967 -0.015212 0.011312
-0.419403 -0.011875 -0.087635
-0.419924 -0.016884 -0.033500
-0.414077 -0.022384 -0.039758
-0.513129 0.074623 -0.068530
-0.580705 0.149880 -0.015222
-0.479817 0.053592 -0.074267
-0.567131 0.126193 -0.037988
-0.560064 0.117855 0.013805
-0.465827 0.038695 -0.028248
-0.438005 -0.000580 0.010527
-0.585791 0.155883 -0.052609
-0.539836 0.111555 -0.063036
-0.411111 -0.020459 -0.048953
-0.536281 0.095413 -0.009108
-0.465881 0.039148 -0.042298
-0.534676 0.095328 -0.060846
-0.472513 0.033980 0.012637
-0.506778 0.067707 -0.042234
-0.415545 -0.020773 -0.046267
-0.426669 -0.010852 -0.015301
-0.464630 0.027917 -0.082225
-0.448365 0.021042 -0.003778
-0.489648 0.051614 -0.061273
-0.541061 0.112776 -0.064127
-0.565218 0.123420 -0.005837
-0.559664 0.128674 0.011900
-0.545931 0.105472 -0.033267
-0.473723 0.045567 -0.000279
-0.525122 0.097534 -0.072416
-0.481102 0.041756 -0.006515
-0.440780 0.002241 0.006102
-0.531520 0.092914 -0.083671
-0.470728 0.043037 -0.013561
-0.492464 0.063741 0.000597
-0.423660 -0.011861 -0.082472
-0.465659 0.037489 0.008351
-0.497241 0.057024 0.007666
-0.432918 -0.003571 -0.057893
-0.511048 0.082886 -0.038012
-0.457706 0.031173 -0.041000
-0.583166 0.153271 -0.050403
-0.475433 0.038192 0.012752
-0.566706 0.126006 -0.045933
-0.592278 0.150042 -0.017957
-0.570225 0.128099 0.000574
-0.520816 0.093037 -0.061363
-0.497976 0.070194 -0.038028
-0.509180 0.080843 -0.029938
-0.552173 0.110363 0.007822
-0.412203 -0.020841 -0.076502
-0.560764 0.120358 -0.050211
-0.517349 0.077485 -0.025126
-0.438743 0.004265 -0.087201
-0.521526 0.093100 -0.039365
-0.438119 0.001450 -0.056863
-0.413412 -0.013290 0.009896
-0.556522 0.118277 0.014916
-0.561337 0.131958 -0.046341
-0.534775 0.105171 -0.011458
-0.519128 0.080235 -0.061023
-0.460584 0.033511 -0.024964
-0.569613 0.138836 -0.005655
-0.486291 0.046240 0.012949
-0.476297 0.050418 -0.082870
-0.569729 0.127786 -0.005336
-0.566078 0.125506 -0.049769
-0.591150 0.152618 -0.032605
-0.427162 -0.008984 -0.064082
-0.478262 0.039864 -0.036917
-0.487999 0.059718 -0.010419
-0.557344 0.115812 -0.007197
-0.565557 0.125790 -0.077504
-0.495165 0.055653 -0.014979
-0.559607 0.130950 -0.069926
-0.508811 0.080006 -0.013143
-0.492601 0.054138 -0.049194
-0.470686 0.032404 -0.033280
-0.417631 -0.019111 -0.033497
-0.591534 0.151905 -0.020837
-0.551213 0.121021 -0.007516
-0.442526 0.016189 -0.032471
-0.508332 0.079444 -0.009747
-0.516167 0.075325 0.010416
-0.564386 0.133406 0.006802
-0.560467 0.119167 -0.018524
-0.431504 0.004263 0.010435
-0.540716 0.101746 0.014468
-0.408192 -0.017239 -0.029401
-0.422232 -0.015055 -0.019017
-0.503246 0.063530 -0.016010
-0.526377 0.085920 -0.013500
-0.560056 0.129897 -0.017631
-0.545521 0.105707 -0.055484
-0.439567 0.004524 -0.087194
-0.447199 0.009532 -0.031034
-0.508025 0.070060 -0.082327
-0.464486 0.036466 0.004295
-0.413877 -0.021711 -0.070163
-0.571435 0.141919 -0.051765
-0.448107 0.021031 -0.012200
-0.530068 0.100440 -0.005841
-0.588977 0.148572 -0.078866
-0.545022 0.103936 -0.010329
-0.562607 0.122070 -0.047471
-0.460839 0.033144 -0.003409
-0.507548 0.080230 -0.064081
-0.556906 0.116446 -0.044386
-0.479755 0.053377 -0.068833
-0.582053 0.151932 -0.041348
-0.540024 0.112337 -0.084091
-0.541485 0.101789 -0.055572
-0.518452 0.079194 -0.047539
-0.513421 0.085079 -0.034083
-0.415008 -0.022074 -0.018914
-0.515927 0.078626 0.013845
-0.517100 0.077401 -0.030675
-0.557012 0.114967 0.011126
-0.450803 0.023626 -0.011382
-0.479532 0.039993 0.001852
-0.496243 0.068170 -0.026067
-0.417784 -0.019694 -0.007792
-0.588675 0.155715 -0.052860
-0.462755 0.036298 -0.048805
-0.541826 0.112793 -0.038674
-0.415629 -0.009283 -0.055198
-0.457710 0.021012 -0.075742
-0.466160 0.028694 -0.057331
-0.481299 0.052547 0.012929
-0.522871 0.094126 -0.029541
-0.539449 0.111461 -0.072967
-0.571504 0.142528 -0.070796
-0.510049 0.078857 -0.085183
-0.553593 0.123009 0.003861
-0.571430 0.140772 -0.011703
-0.460749 0.023346 -0.054062
-0.495185 0.067669 -0.044575
-0.528993 0.088067 0.000328
-0.466235 0.037935 0.012382
-0.504793 0.064956 -0.013342
-0.561138 0.121944 -0.084024
-0.436884 0.011520 -0.060908
-0.492506 0.065621 -0.064003
-0.500138 0.061901 -0.064777
-0.505081 0.066244 -0.048726
-0.505060 0.078070 -0.073045
-0.572370 0.130713 -0.018070
-0.575963 0.145443 -0.021133
-0.418975 -0.017765 -0.034919
-0.558493 0.128118 -0.008480
-0.527362 0.099972 -0.081677
-0.443883 0.005255 0.006069
-0.462627 0.034875 -0.003216
-0.583895 0.154214 -0.058645
-0.446388 0.019826 -0.028477
-0.419372 -0.005481 -0.061068
-0.468646 0.031573 -0.073681
-0.570214 0.130005 -0.066696
-0.467054 0.040960 -0.065936
-0.530461 0.100678 -0.000791
-0.504527 0.064306 0.000419
-0.420911 -0.007869 -0.087524
-0.419261 -0.005943 -0.048641
-0.592336 0.150114 -0.018526
-0.504961 0.076415 -0.018315
-0.562708 0.125249 -0.083933
-0.500256 0.072193 -0.030504
-0.420628 -0.011968 -0.087638
-0.503495 0.063055 0.009151
-0.481463 0.043890 -0.069125
-0.575537 0.134349 -0.037768
-0.574468 0.145124 -0.060891
-0.547213 0.106740 -0.034080
-0.465474 0.039613 -0.072504
-0.547223 0.107340 -0.054803
-0.437657 0.011251 -0.025135
-0.549499 0.119138 0.000151
-0.522502 0.095218 -0.080456
-0.477400 0.049864 -0.025819
-0.587413 0.146036 -0.043187
-0.419007 -0.007100 -0.016671
-0.558509 0.118048 -0.045978
-0.418949 -0.016548 -0.078527
-0.506496 0.067681 -0.050945
-0.534671 0.097367 0.014351
-0.419773 -0.016700 -0.045100
-0.575717 0.145815 -0.042573
-0.503369 0.075149 -0.028162
-0.545841 0.106707 -0.079697
-0.425777 -0.009974 -0.076545
-0.568088 0.126650 -0.021422
-0.518883 0.080547 -0.080326
-0.536082 0.095355 -0.013895
-0.458393 0.021749 -0.078328
-0.435077 0.003812 -0.087211
-0.454388 0.028974 -0.076953
-0.569201 0.138218 0.001988
-0.418814 -0.016930 -0.069728
-0.472738 0.034709 -0.044250
-0.494589 0.068124 -0.080830
-0.501667 0.062308 -0.026952
-0.527867 0.089068 -0.073214
-0.572922 0.142215 -0.011497
-0.525728 0.097340 -0.044946
-0.527779 0.089210 -0.081214
-0.453143 0.014390 0.001040
-0.470562 0.035174 0.012672
-0.411008 -0.021313 -0.013423
-0.515359 0.086884 -0.031368
-0.507508 0.068926 -0.060180
-0.415840 -0.009420 -0.043218
-0.414697 -0.011405 -0.012446
-0.558498 0.116349 0.013299
-0.505272 0.077879 -0.059132
-0.438072 0.001635 -0.064947
-0.524158 0.083343 0.001323
-0.525897 0.098053 -0.064227
-0.586400 0.155341 -0.012813
-0.482528 0.054397 -0.010118
-0.483994 0.057017 -0.052127
-0.408250 -0.017393 -0.022050
-0.540380 0.111529 -0.043603
-0.562372 0.133067 -0.049982
-0.478563 0.039835 -0.025662
-0.561036 0.130762 -0.014608
-0.547369 0.107775 -0.065109
-0.553708 0.124302 -0.037653
-0.408436 -0.016561 -0.044909
-0.582673 0.153627 -0.079696
-0.536498 0.094998 0.012833
-0.546465 0.106900 -0.065203
-0.490314 0.061918 -0.008702
-0.491633 0.051983 -0.006535
-0.574461 0.134265 -0.071483
-0.506619 0.078145 -0.022545
-0.478292 0.038493 0.012226
-0.569088 0.126674 0.011842
-0.475529 0.037608 -0.050893
-0.479930 0.041336 -0.031748
-0.577359 0.136611 -0.055048
-0.537362 0.095838 0.012815
-0.580236 0.149217 -0.007954
-0.548747 0.119374 -0.033766
-0.445233 0.008540 -0.063200
-0.486706 0.047582 -0.020035
-0.454765 0.016510 -0.018066
-0.555182 0.114946 -0.050503
-0.499824 0.061358 -0.056417
-0.529959 0.100529 -0.012676
-0.460828 0.024057 -0.076360
-0.413657 -0.023199 -0.025448
-0.432017 -0.006207 0.003926
-0.414919 -0.011614 0.002440
-0.447779 0.008889 0.011306
-0.577304 0.145798 0.012100
-0.459783 0.025629 0.012415
-0.496227 0.056800 -0.019047
-0.573285 0.130983 0.003637
-0.490223 0.062771 -0.041789
-0.420465 -0.015700 -0.056616
-0.469967 0.044092 -0.076537
-0.490401 0.051004 -0.014190
-0.450392 0.024742 -0.086641
-0.531957 0.091475 -0.018293
-0.425958 0.000230 -0.037047
-0.547771 0.119339 -0.065829
-0.583585 0.142824 -0.060906
-0.584056 0.143364 -0.063809
-0.510550 0.081661 -0.011986
-0.474228 0.045782 0.009394
-0.431124 -0.005740 -0.042898
-0.514071 0.085124 -0.013500
-0.451366 0.013297 -0.021156
-0.512233 0.074033 -0.078375
-0.579512 0.148973 -0.024076
-0.500158 0.072973 -0.061236
-0.417809 -0.019462 -0.015079
-0.588463 0.154537 -0.001105
-0.512979 0.072353 0.006025
-0.492190 0.063124 0.012923
-0.502590 0.075462 -0.065687
-0.417302 -0.008380 -0.029871
-0.483741 0.044769 -0.022331
-0.511938 0.073761 -0.078862
-0.439098 0.002860 -0.072950
-0.455733 0.027855 0.008198
-0.481586 0.054348 -0.040509
-0.585831 0.145246 -0.069345
-0.566730 0.136237 -0.012708
-0.472228 0.034539 -0.055670
-0.518876 0.089883 -0.016784
-0.579125 0.148764 -0.029923
-0.474976 0.036450 -0.029086
-0.554804 0.124051 0.008549
-0.557185 0.127564 -0.033630
-0.560923 0.121210 -0.074675
-0.520599 0.081550 -0.057056
-0.472844 0.036771 0.012715
-0.520385 0.091755 -0.031040
-0.543442 0.115110 -0.064923
-0.510012 0.082703 -0.066910
-0.477405 0.040369 -0.083875
-0.455911 0.019159 -0.071990
-0.479476 0.042180 -0.076851
-0.556368 0.127151 -0.046986
-0.410055 -0.019694 -0.037015
-0.464637 0.038389 -0.058052
-0.567654 0.138652 -0.065983
-0.510971 0.083411 -0.059041
-0.414565 -0.010418 -0.051621
-0.475326 0.037550 -0.055774
-0.505656 0.070684 0.013632
-0.424633 -0.001828 -0.009950
-0.541102 0.100259 -0.014891
-0.545985 0.106200 -0.056995
-0.518073 0.090475 -0.064906
-0.426579 -0.009451 -0.067577
-0.434163 -0.003476 -0.018778
-0.543066 0.104082 -0.082144
-0.531330 0.101777 -0.009737
-0.446418 0.018562 -0.086810
-0.462627 0.035736 -0.033455
-0.474959 0.049141 -0.083638
-0.497629 0.057822 -0.007110
-0.416532 -0.010106 0.004480
-0.571919 0.140712 0.007065
-0.438565 0.000319 -0.001933
-0.586747 0.144637 -0.016734
-0.472062 0.045857 -0.067114
-0.519620 0.079884 -0.031926
-0.568483 0.139577 -0.070193
-0.526855 0.087991 -0.069925
-0.497396 0.070608 -0.072370
-0.531823 0.091845 -0.035846
-0.579044 0.147752 0.002842
-0.477889 0.050623 -0.035783
-0.475541 0.036382 -0.007420
-0.437302 0.000847 -0.063531
-0.456742 0.030758 -0.059332
-0.466083 0.040325 -0.076710
-0.588521 0.147276 -0.048939
-0.432949 0.007161 -0.042026
-0.512741 0.072403 -0.003812
-0.439785 0.003500 -0.072057
-0.414619 -0.009786 -0.071999
-0.471305 0.044343 -0.039782
-0.531719 0.092614 -0.066371
-0.509824 0.080785 -0.005983
-0.565155 0.124615 -0.049965
-0.423175 -0.002562 -0.033896
-0.504596 0.064808 -0.014871
-0.547062 0.117557 -0.027419
-0.577044 0.136316 -0.055454
-0.459452 0.022473 -0.067636
-0.538908 0.104609 0.014549
-0.550109 0.110643 -0.072368
-0.450016 0.024826 -0.080373
-0.486051 0.058954 -0.050018
-0.443566 0.016045 0.008021
-0.431764 -0.005259 -0.037948
-0.448547 0.020600 0.012284
-0.410476 -0.020135 -0.036746
-0.531263 0.103173 -0.061044
-0.451892 0.024272 0.003039
-0.558266 0.118503 -0.070228
-0.499762 0.061729 -0.071542
-0.552577 0.111540 -0.019728
-0.537166 0.108031 -0.030352
-0.521963 0.093575 -0.041157
-0.527413 0.099717 -0.070954
-0.414565 -0.020721 -0.081493
-0.561324 0.126117 -0.083908
-0.537457 0.108838 -0.084370
-0.513642 0.075178 -0.070529
-0.408992 -0.015579 -0.060451
-0.584700 0.155672 -0.082361
-0.476264 0.037902 -0.036181
-0.546662 0.117158 -0.027053
-0.423281 -0.013339 -0.043482
-0.556000 0.115847 -0.054222
-0.437198 -0.000568 -0.017376
-0.457054 0.019796 -0.055412
-0.523794 0.095390 -0.042441
-0.522440 0.094077 -0.042512
-0.529758 0.089379 -0.019672
-0.451366 0.012695 -0.000015
-0.499606 0.059902 -0.012740
-0.444255 0.006201 0.011887
-0.460002 0.020905 0.006195
-0.519851 0.092624 -0.079743
-0.497509 0.068903 -0.008663
-0.427927 -0.007632 -0.085480
-0.581113 0.150386 -0.019079
-0.463860 0.027267 -0.085663
-0.413432 -0.022758 -0.048600
-0.584083 0.143164 -0.055890
-0.446700 0.009086 -0.032392
-0.490190 0.063072 -0.053468
-0.555433 0.114321 -0.019986
-0.550151 0.109195 -0.020119
-0.486575 0.059580 -0.054122
-0.445929 0.007467 -0.001828
-0.512370 0.072666 -0.025693
-0.502032 0.074508 -0.051227
-0.428688 0.000545 0.011742
-0.559201 0.119234 -0.064029
-0.579045 0.147869 -0.001238
-0.444775 0.019707 -0.079305
-0.450346 0.024526 -0.058567
-0.561637 0.132894 -0.068953
-0.515770 0.075221 0.013750
-0.496241 0.057977 -0.059872
-0.550204 0.109613 -0.032995
-0.585455 0.143246 -0.011951
-0.522425 0.094032 -0.041416
-0.539736 0.110557 -0.031418
-0.586352 0.143775 0.000020
-0.536457 0.095580 -0.008976
-0.544376 0.104333 -0.046297
-0.582346 0.141936 -0.071980
-0.533595 0.103383 0.011071
-0.547068 0.108000 -0.083255
-0.408455 -0.016433 -0.048732
-0.446152 0.007355 0.009699
-0.501477 0.061114 0.008509
-0.452517 0.015835 -0.071013
-0.537042 0.096512 -0.021766
-0.562947 0.122333 -0.045102
-0.523874 0.095465 -0.042331
-0.436290 0.011061 -0.065027
-0.583634 0.141031 0.003689
-0.489025 0.061275 -0.030090
-0.583892 0.152260 0.009871
-0.592616 0.150174 -0.011074
-0.434007 0.005956 0.011888
-0.472294 0.034642 -0.057056
-0.530199 0.096134 0.014320
-0.460950 0.026956 -0.086587
-0.589595 0.147294 -0.012928
-0.461756 0.023956 -0.041159
-0.534742 0.105185 -0.013111
-0.463640 0.036114 -0.012181
-0.554213 0.114866 -0.080724
-0.559778 0.131049 -0.067588
-0.489207 0.051009 -0.055077
-0.527339 0.099675 -0.072040
-0.408325 -0.016692 -0.044093
-0.465809 0.039409 -0.053910
-0.580724 0.150829 -0.047940
-0.466940 0.039272 -0.010544
-0.571364 0.131499 -0.079957
-0.446789 0.020944 -0.054079
-0.445423 0.006660 0.009277
-0.564887 0.134728 -0.022530
-0.415328 -0.020178 -0.074544
-0.521010 0.080233 0.003197
-0.479047 0.050544 0.006506
-0.517745 0.077143 0.000360
-0.413937 -0.021633 -0.070887
-0.424529 -0.012138 -0.043120
-0.490512 0.062605 -0.026089
-0.419225 -0.017436 -0.037954
-0.477551 0.051258 -0.069570
-0.448138 0.009459 0.003547
-0.523541 0.089065 0.014129
-0.455913 0.029403 -0.039987
-0.558083 0.127728 -0.008756
-0.485930 0.059296 -0.066120
-0.423114 -0.001351 -0.078480
-0.589501 0.154236 -0.029565
-0.547765 0.117971 -0.017972
-0.545061 0.103288 0.013752
-0.536922 0.096377 -0.021102
-0.561098 0.119614 -0.012691
-0.466755 0.028689 0.012495
-0.513210 0.075163 -0.084723
-0.586523 0.143584 0.012553
-0.494702 0.055265 -0.017134
-0.583944 0.154174 -0.055585
-0.416375 -0.009257 -0.030659
-0.484423 0.045737 -0.033044
-0.472340 0.045997 -0.062525
-0.542420 0.111908 0.012646
-0.516619 0.089150 -0.067955
-0.412258 -0.020625 -0.086581
-0.552146 0.121969 -0.008978
-0.589213 0.148681 -0.074689
-0.559206 0.127619 0.015173
-0.529783 0.089233 -0.013667
-0.590869 0.153127 -0.040713
-0.475221 0.048245 -0.043256
-0.497601 0.069691 -0.033187
-0.526598 0.096503 0.014083
-0.476787 0.048534 -0.000011
-0.552783 0.122527 -0.006859
-0.409243 -0.017337 0.009871
-0.414029 -0.011112 -0.045544
-0.583403 0.141324 -0.014461
-0.414904 -0.020527 -0.076767
-0.531472 0.093658 0.014251
-0.551222 0.123101 -0.080233
-0.419790 -0.016023 -0.068290
-0.424723 -0.011915 -0.044328
-0.547357 0.119171 -0.073996
-0.508250 0.068050 -0.004112
-0.426182 -0.012043 0.009924
-0.463495 0.025580 -0.038885
-0.586206 0.143672 -0.001307
-0.424698 -0.012376 -0.028987
-0.572152 0.143164 -0.071018
-0.559330 0.118400 -0.030326
-0.475464 0.048257 -0.035399
-0.573101 0.132577 -0.058581
-0.569464 0.139683 -0.040475
-0.550962 0.122595 -0.071329
-0.488405 0.061359 -0.054173
-0.479745 0.052284 -0.030826
-0.551291 0.121412 -0.018587
-0.548246 0.106620 0.005355
-0.441754 0.014376 0.004853
-0.438404 0.011851 -0.020716
-0.556068 0.114920 0.014823
-0.573322 0.143210 -0.032770
-0.416051 -0.019954 -0.057775
-0.554285 0.123593 0.006933
-0.559793 0.130328 -0.041770
-0.517964 0.090295 -0.062329
-0.548694 0.119188 -0.029026
-0.498053 0.058284 -0.008872
-0.468287 0.040380 -0.003531
-0.501588 0.073963 -0.047244
-0.485846 0.058888 -0.054696
-0.546769 0.118002 -0.053037
-0.530785 0.090251 -0.015288
-0.446079 0.009096 -0.053930
-0.572793 0.142687 -0.032431
-0.442211 0.003787 0.000618
-0.410716 -0.015293 -0.011715
-0.418039 -0.019527 -0.004960
-0.489370 0.049984 -0.013529
-0.465912 0.040284 -0.081116
-0.454431 0.017953 -0.080113
-0.438837 0.012661 -0.034378
-0.494889 0.065877 0.008248
-0.546464 0.117542 -0.047292
-0.528229 0.089376 0.014134
-0.557352 0.117481 -0.065504
-0.503775 0.063920 0.013446
-0.409315 -0.015514 -0.051676
-0.551963 0.122527 -0.034814
-0.514319 0.085864 -0.031010
-0.452815 0.027599 -0.082287
-0.504639 0.075589 -0.000301
-0.486357 0.059402 -0.055300
-0.561141 0.131575 -0.039588
-0.527766 0.088670 -0.062685
-0.438115 0.012019 -0.036453
-0.505874 0.066004 -0.013277
-0.556527 0.122869 -0.083995
-0.502604 0.074489 -0.031087
-0.578155 0.148038 -0.037499
-0.535809 0.095248 -0.019420
-0.414153 -0.021680 -0.061845
-0.457906 0.030275 -0.002657
-0.428044 -0.009325 -0.022076
-0.551378 0.113788 0.014795
-0.417624 -0.007542 -0.048291
-0.424648 -0.013452 0.007081
-0.413562 -0.022378 -0.057483
-0.441009 0.003456 -0.028761
-0.409924 -0.019104 -0.053861
-0.505981 0.066978 -0.043832
-0.586815 0.144643 -0.014657
-0.556207 0.114668 -0.005789
-0.426929 -0.010995 -0.001424
-0.554143 0.113927 -0.050146
-0.441309 0.004298 -0.048074
-0.500112 0.062282 -0.079049
-0.473315 0.047228 -0.086034
-0.489758 0.061877 -0.026237
-0.587509 0.156452 -0.035616
-0.434413 0.008630 -0.043699
-0.424539 -0.011267 -0.073345
-0.440291 0.003544 -0.056309
-0.472492 0.044938 -0.020181
-0.567499 0.138364 -0.061144
-0.475241 0.046712 0.011274
-0.544897 0.115299 -0.021945
-0.576433 0.135727 -0.055578
-0.430482 0.004002 -0.015255
-0.513063 0.073778 -0.041112
-0.472939 0.047125 -0.081739
-0.425162 -0.012023 -0.025575
-0.572838 0.143068 -0.044289
-0.448148 0.010765 -0.041972
-0.442630 0.005972 -0.061825
-0.465553 0.035258 -0.086360
-0.504913 0.066921 -0.078230
-0.410050 -0.018905 -0.065999
-0.515877 0.086594 -0.003541
-0.530049 0.102444 -0.076855
-0.582915 0.152538 -0.033219
-0.526982 0.086988 -0.030371
-0.567254 0.138414 -0.071269
-0.514340 0.087261 -0.079338
-0.556145 0.125662 -0.002322
-0.483291 0.043609 0.003076
-0.588211 0.146831 -0.043896
-0.450944 0.012529 -0.008556
-0.422541 -0.002491 -0.058021
-0.530940 0.090343 -0.013213
-0.504488 0.076779 -0.047234
-0.439858 0.015101 -0.085263
-0.429496 0.004590 -0.069481
-0.445243 0.007027 -0.009753
-0.514231 0.076154 -0.084697
-0.413896 -0.023941 0.008746
-0.465028 0.027669 -0.059947
-0.420977 -0.014531 -0.080226
-0.504425 0.064103 0.004082
-0.483364 0.043524 0.008505
-0.592110 0.152691 -0.071941
-0.571433 0.130359 -0.037576
-0.550586 0.111393 -0.082441
-0.456253 0.030418 -0.064064
-0.449005 0.022987 -0.050272
-0.421518 -0.004550 -0.020591
-0.507754 0.074546 0.013738
-0.512851 0.073465 -0.037361
-0.586846 0.144838 -0.020434
-0.506037 0.066443 -0.023124
-0.470437 0.031264 -0.001768
-0.493525 0.054421 -0.027640
-0.413920 -0.021581 -0.073289
-0.500518 0.067569 0.013549
-0.470611 0.033517 -0.074918
-0.567506 0.126825 -0.047373
-0.535681 0.105575 0.005251
-0.411121 -0.019937 -0.068680
-0.423274 -0.006930 0.011538
-0.420071 -0.005972 -0.020001
-0.545306 0.117295 -0.078073
-0.527987 0.099808 -0.084614
-0.542433 0.100737 0.013694
-0.589580 0.147663 -0.026436
-0.569358 0.140729 -0.080800
-0.501284 0.063510 -0.082208
-0.531795 0.104126 -0.076360
-0.581756 0.151594 -0.039601
-0.482542 0.042625 0.012073
-0.499439 0.072291 -0.061790
-0.455189 0.028178 -0.021664
-0.480156 0.053802 -0.070100
-0.576653 0.134364 -0.000223
-0.507421 0.078077 0.007169
-0.432262 0.006838 -0.054124
-0.548235 0.107900 -0.039974
-0.547146 0.107354 -0.057916
-0.509104 0.079818 0.003459
-0.451883 0.025411 -0.037266
-0.527149 0.087085 -0.028070
-0.464120 0.037369 -0.039860
-0.578227 0.135827 0.002076
-0.495354 0.067485 -0.032333
-0.524412 0.097107 -0.081668
-0.528695 0.088690 -0.031712
-0.516036 0.088048 -0.049188
-0.568579 0.139941 -0.079712
-0.545747 0.106615 -0.079651
-0.478138 0.039658 -0.033935
-0.477642 0.050849 -0.052122
-0.531608 0.104158 -0.083874
-0.434845 0.009070 -0.044434
-0.436363 -0.002124 0.008746
-0.515439 0.075037 -0.004299
-0.498786 0.060145 -0.049221
-0.498601 0.060322 -0.061764
-0.464490 0.029356 -0.086523
-0.449182 0.011202 -0.022061
-0.509745 0.071303 -0.067333
-0.500110 0.068996 0.013589
-0.492680 0.054400 -0.055679
-0.586300 0.156995 -0.074288
-0.551465 0.122271 -0.042832
-0.412242 -0.020741 -0.081711
-0.494000 0.055985 -0.066365
-0.412023 -0.020547 -0.080531
-0.467589 0.041692 -0.073381
-0.574129 0.133196 -0.045271
-0.522025 0.083139 -0.064227
-0.522031 0.082705 -0.048756
-0.467683 0.029982 -0.050662
-0.545673 0.116054 -0.022004
-0.589560 0.147170 -0.009781
-0.515179 0.086987 -0.041115
-0.440995 0.013887 -0.003846
-0.546538 0.116832 -0.019850
-0.515088 0.076012 -0.050490
-0.407905 -0.016367 -0.069816
-0.573163 0.130664 0.010686
-0.442374 0.015345 -0.008010
-0.550487 0.121772 -0.058646
-0.581657 0.139959 -0.026074
-0.590009 0.152927 -0.000508
-0.414385 -0.022825 -0.013764
-0.543573 0.113522 -0.004710
-0.511183 0.073187 -0.084456
-0.522363 0.094189 -0.049043
-0.450648 0.013723 -0.060586
-0.475845 0.047339 0.009864
-0.562381 0.132621 -0.034018
-0.524343 0.094801 -0.003058
-0.571596 0.129728 -0.009863
-0.435340 0.008791 -0.017736
-0.414808 -0.010105 -0.054324
-0.412233 -0.012995 -0.040670
-0.442656 0.004249 -0.000453
-0.500508 0.071618 -0.001743
-0.533567 0.093153 -0.022273
-0.468624 0.042681 -0.072821
-0.474146 0.034970 -0.005421
-0.582501 0.140380 -0.012052
-0.524827 0.095875 -0.024277
-0.545596 0.104180 0.000658
-0.409676 -0.020504 0.007496
-0.458561 0.020840 -0.040667
-0.441919 0.003212 0.010852
-0.549073 0.119657 -0.032595
-0.558774 0.119188 -0.076952
-0.584277 0.143734 -0.069273
-0.450247 0.021501 0.012307
-0.442197 0.005204 -0.049623
-0.569858 0.138704 0.007309
-0.570704 0.129751 -0.041101
-0.437624 0.010901 -0.013954
-0.506587 0.078137 -0.023348
-0.517191 0.088074 -0.010693
-0.419254 -0.015924 0.011291
-0.581521 0.150569 -0.011590
-0.441450 0.005525 -0.086380
-0.565499 0.124911 -0.048592
-0.468795 0.030177 -0.019588
-0.452105 0.013456 -0.001557
-0.441921 0.005265 -0.061148
-0.515818 0.075190 0.003236
-0.421054 -0.016027 -0.025029
-0.524585 0.096557 -0.056425
-0.511135 0.072293 -0.054696
-0.483253 0.045601 -0.068182
-0.573912 0.145027 -0.076448
-0.589179 0.146660 -0.004860
-0.512721 0.084854 -0.050044
-0.495679 0.057840 -0.074216
-0.587262 0.157481 -0.064293
-0.476166 0.047945 -0.000466
-0.434819 -0.002418 -0.033560
-0.433458 -0.004046 -0.022786
-0.578988 0.137691 -0.037441
-0.501881 0.061642 0.003761
-0.540467 0.111869 -0.052565
-0.493336 0.066437 -0.064348
-0.460272 0.034450 -0.068602
-0.493173 0.053411 -0.004181
-0.519193 0.089628 0.002990
-0.481091 0.041404 0.005452
-0.580583 0.137968 0.007248
-0.578326 0.136814 -0.029212
-0.432789 -0.004273 -0.037620
-0.506721 0.068619 -0.076177
-0.541079 0.102053 -0.078681
-0.575693 0.145481 -0.031681
-0.490445 0.061785 0.000418
-0.544703 0.104916 -0.055629
-0.515135 0.076133 -0.053147
-0.464176 0.033804 0.012639
-0.514843 0.075607 -0.044615
-0.415043 -0.010782 -0.022517
-0.430805 0.002109 -0.087255
-0.563902 0.133820 -0.024272
-0.434513 0.007720 -0.008314
-0.522252 0.094933 -0.078951
-0.424570 0.000301 -0.086838
-0.413738 -0.012976 0.009979
-0.589141 0.155483 -0.062037
-0.558067 0.116920 -0.021453
-0.438937 0.013718 -0.068070
-0.412462 -0.021456 -0.063614
-0.488518 0.048607 0.005800
-0.504345 0.075036 0.009091
-0.578634 0.148464 -0.036146
-0.508825 0.068264 0.008010
-0.557507 0.126786 0.004660
-0.517269 0.077822 -0.039693
-0.574463 0.133406 -0.041250
-0.476903 0.050307 -0.058286
-0.460957 0.033516 -0.012421
-0.569469 0.138187 0.012232
-0.557538 0.117841 -0.071806
-0.573044 0.142717 -0.024928
-0.509592 0.071363 -0.074657
-0.488897 0.062291 -0.070135
-0.532310 0.100982 0.014454
-0.427958 -0.009045 -0.034822
-0.504473 0.077726 -0.080984
-0.454306 0.026683 0.000726
-0.508396 0.069449 -0.048217
-0.434833 -0.001136 -0.078097
-0.463733 0.037718 -0.065342
-0.554349 0.112471 0.008001
-0.536413 0.107224 -0.027711
-0.542872 0.103034 -0.051956
-0.588977 0.154929 -0.035276
-0.419327 -0.007242 -0.000761
-0.495786 0.069373 -0.083909
-0.487481 0.061229 -0.081115
-0.499392 0.070793 -0.010832
-0.535078 0.106945 -0.063419
-0.416348 -0.008404 -0.061527
-0.479474 0.044710 -0.086108
-0.414329 -0.022510 -0.026740
-0.415219 -0.010037 -0.042676
-0.411193 -0.021768 -0.003631
-0.510700 0.071506 -0.041927
-0.449443 0.021660 0.011256
-0.570516 0.129421 -0.035909
-0.530393 0.091178 -0.061162
-0.516651 0.088790 -0.054249
-0.478794 0.040348 -0.035794
-0.474218 0.035746 -0.030202
-0.496552 0.067731 -0.000116
-0.589746 0.148403 -0.046731
-0.536507 0.096180 -0.028360
-0.536130 0.094904 0.003605
-0.524063 0.096762 -0.081460
-0.521199 0.091606 0.001938
-0.421241 -0.010578 -0.087600
-0.561123 0.120664 -0.048693
-0.510679 0.071621 -0.046648
-0.443835 0.006920 -0.054034
-0.471595 0.034413 -0.072812
-0.416905 -0.020952 0.006379
-0.420871 -0.003664 -0.073769
-0.566708 0.127055 -0.082678
-0.498436 0.060002 -0.056162
-0.531731 0.102210 -0.011275
-0.430778 0.005930 -0.072844
-0.547230 0.119307 -0.083126
-0.439308 0.002281 -0.045492
-0.459952 0.034156 -0.069178
-0.510672 0.081199 0.008414
-0.550717 0.121106 -0.027399
-0.474410 0.036735 -0.058391
-0.541406 0.100277 -0.005134
-0.446774 0.020738 -0.086749
-0.465612 0.039232 -0.054393
-0.472544 0.035640 -0.083569
-0.487861 0.048281 -0.005184
-0.497266 0.070410 -0.069836
-0.452180 0.013585 -0.003493
-0.558861 0.116816 0.009285
-0.591646 0.152427 -0.044449
-0.416631 -0.018947 -0.073363
-0.499590 0.071319 -0.022536
-0.573184 0.143862 -0.060361
-0.477577 0.049368 -0.002339
-0.420214 -0.005043 -0.047735
-0.533338 0.092081 0.007539
-0.581017 0.150570 -0.028820
-0.587758 0.156875 -0.060775
-0.578117 0.137124 -0.047216
-0.477182 0.049593 -0.023721
-0.573057 0.142348 -0.011516
-0.515930 0.086158 0.013578
-0.482548 0.056022 -0.066493
-0.563176 0.122247 -0.034282
-0.573651 0.144403 -0.063422
-0.447361 0.022162 -0.077319
-0.535262 0.107082 -0.061952
-0.584683 0.148466 -0.083305
-0.568266 0.128383 -0.076184
-0.409594 -0.015779 -0.032886
-0.454745 0.016222 -0.008677
-0.481990 0.054439 -0.029922
-0.543099 0.102160 -0.013551
-0.534773 0.093587 0.003554
-0.492300 0.056881 -0.085780
-0.413632 -0.023533 -0.014556
-0.441604 0.014025 0.012069
-0.538221 0.109976 -0.062687
-0.534242 0.094322 -0.040318
-0.575797 0.134405 -0.030825
-0.585916 0.156256 -0.061431
-0.522368 0.093645 -0.029782
-0.523155 0.095024 -0.051350
-0.530001 0.090343 -0.045223
-0.571964 0.142174 -0.042725
-0.496248 0.069635 -0.077350
-0.510058 0.082924 -0.073080
-0.469710 0.041544 0.004118
-0.465821 0.027184 -0.015890
-0.579252 0.147747 0.010111
-0.459997 0.022238 -0.040787
-0.416515 -0.018762 -0.083755
-0.555794 0.126894 -0.057509
-0.408308 -0.017752 -0.042259
-0.501929 0.073886 -0.032926
-0.425538 -0.011318 -0.037515
-0.528271 0.088650 -0.044756
-0.577774 0.137041 -0.056017
-0.473660 0.046137 -0.022452
-0.418652 -0.018050 -0.035909
-0.472793 0.046171 -0.053219
-0.541582 0.100507 -0.007255
-0.447821 0.009069 0.006414
-0.581844 0.140628 -0.043161
-0.505889 0.077468 -0.023649
-0.491494 0.065052 -0.078502
-0.588818 0.148277 -0.073946
-0.517148 0.081159 0.013914
-0.560327 0.119877 -0.048197
-0.533416 0.105055 -0.053723
-0.495423 0.067992 -0.047783
-0.586552 0.145165 -0.041926
-0.486972 0.049075 -0.063336
-0.510924 0.082645 -0.033758
-0.564914 0.128133 -0.083855
-0.552338 0.110719 0.000943
-0.484688 0.056078 0.004511
-0.468514 0.041666 -0.040937
-0.464252 0.037915 -0.054541
-0.569561 0.127815 -0.012088
-0.446287 0.020993 -0.072894
-0.503419 0.064655 -0.049598
-0.432938 -0.002729 -0.086801
-0.462606 0.024928 -0.046304
-0.533266 0.104807 -0.050097
-0.408396 -0.015418 -0.086391
-0.428040 -0.009314 -0.022567
-0.419645 -0.016808 -0.045669
-0.410016 -0.018972 -0.062226
-0.536015 0.094693 0.007085
-0.515196 0.076618 -0.068088
-0.470531 0.031075 0.008088
-0.543285 0.114309 -0.042151
-0.532773 0.091777 -0.001089
-0.542819 0.113360 -0.024719
-0.511345 0.071685 -0.026186
-0.540205 0.099988 -0.035960
-0.589845 0.147030 0.004843
-0.422065 -0.004791 0.006522
-0.455560 0.029859 -0.068017
-0.554026 0.124385 -0.029697
-0.575273 0.143854 0.011134
-0.427795 0.001671 -0.024996
-0.476952 0.038628 -0.038196
-0.498003 0.069999 -0.030313
-0.408011 -0.017300 -0.033467
-0.453569 0.026349 -0.012688
-0.535818 0.106665 -0.028360
-0.461810 0.036384 -0.084041
-0.407953 -0.017030 -0.044899
-0.511040 0.081539 0.009046
-0.553765 0.123440 -0.005440
-0.410696 -0.014726 -0.032276
-0.475187 0.036418 -0.020775
-0.444368 0.007430 -0.053756
-0.494254 0.067413 -0.067332
-0.590816 0.153771 -0.062568
-0.574446 0.134199 -0.069671
-0.470841 0.043593 -0.029236
-0.529722 0.100042 -0.003680
-0.414572 -0.012086 0.007194
-0.466117 0.027390 -0.013030
-0.439455 0.001732 -0.021194
-0.494920 0.068134 -0.069949
-0.447586 0.010372 -0.047325
-0.486025 0.059334 -0.064249
-0.541295 0.110885 0.010219
-0.455795 0.017457 -0.016202
-0.443994 0.007989 -0.086136
-0.453763 0.027764 -0.055766
-0.584489 0.142320 -0.012423
-0.456216 0.029631 -0.037661
-0.414184 -0.023107 -0.010713
-0.459779 0.020899 -0.001218
-0.540786 0.111756 -0.037720
-0.508614 0.081129 -0.059290
-0.563034 0.131941 0.012114
-0.513166 0.073955 -0.043821
-0.591982 0.150967 -0.060525
-0.410714 -0.020709 -0.024553
-0.585195 0.154990 -0.041556
-0.585361 0.144974 -0.075850
-0.529173 0.087903 0.012233
-0.504591 0.070543 0.013629
-0.485622 0.046093 -0.004701
-0.571012 0.140761 -0.025544
-0.591099 0.152155 -0.013490
-0.549604 0.109467 -0.048316
-0.529181 0.090239 -0.069535
-0.499980 0.061432 -0.053728
-0.448737 0.023023 -0.060635
-0.570964 0.130934 -0.073742
-0.566363 0.136888 -0.048081
-0.574724 0.143832 -0.006819
-0.471410 0.031953 0.007219
-0.442391 0.006098 -0.074399
-0.578450 0.147837 -0.020392
-0.496646 0.056480 0.006495
-0.492895 0.066482 -0.080949
-0.586015 0.155261 -0.023132
-0.502675 0.073973 -0.010550
-0.422361 -0.014827 -0.022594
-0.447898 0.020283 0.006938
-0.559641 0.119329 -0.052370
-0.456240 0.028800 -0.007693
-0.522560 0.082352 -0.018344
-0.592371 0.149953 -0.011643
-0.481226 0.052989 -0.005044
-0.442508 0.012856 -0.086965
-0.481434 0.043654 -0.061858
-0.429824 -0.005851 -0.083305
-0.550408 0.111229 -0.082753
-0.489202 0.062483 -0.066456
-0.438160 0.001238 -0.048006
-0.487160 0.058607 -0.000009
-0.412435 -0.023372 0.008353
-0.455917 0.019285 -0.076224
-0.510333 0.070495 -0.018925
-0.521015 0.081607 -0.044849
-0.519216 0.092149 -0.084730
-0.465236 0.039520 -0.077344
-0.545190 0.116080 -0.039358
-0.510745 0.072418 -0.072409
-0.441224 0.004767 -0.067429
-0.409188 -0.015787 -0.046435
-0.516567 0.077920 -0.067094
-0.473537 0.035177 -0.033439
-0.522862 0.087414 -0.084954
-0.509366 0.069910 -0.031346
-0.452823 0.025619 -0.012474
-0.464813 0.025887 -0.004708
-0.444746 0.007064 -0.028014
-0.532755 0.092100 -0.012996
-0.451321 0.022039 -0.086717
-0.518381 0.091134 -0.077565
-0.443177 0.006995 0.011910
-0.414474 -0.020751 -0.083526
-0.526488 0.098157 -0.047753
-0.583511 0.141277 -0.009121
-0.582283 0.142168 -0.082299
-0.590704 0.147697 0.010687
-0.471493 0.034288 -0.071926
-0.457206 0.019036 -0.023532
-0.552767 0.113160 -0.070118
-0.582017 0.139488 0.002752
-0.515093 0.085391 0.011966
-0.474676 0.036637 -0.045880
-0.528008 0.098712 -0.015390
-0.492598 0.055123 -0.083896
-0.420818 -0.016973 0.000101
-0.573261 0.144430 -0.077708
-0.540178 0.098725 0.007454
-0.477834 0.051068 -0.053269
-0.441131 0.007038 0.011913
-0.425197 -0.012802 0.002942
-0.548134 0.117554 0.009255
-0.589999 0.153260 -0.012485
-0.507971 0.068818 -0.040592
-0.427949 -0.009761 -0.009965
-0.573915 0.142716 0.004779
-0.575080 0.134907 -0.072928
-0.422506 -0.001710 -0.086621
-0.453155 0.014998 -0.019863
-0.577975 0.146498 0.010418
-0.525532 0.098217 -0.082448
-0.448751 0.010770 -0.021571
-0.528167 0.089331 -0.072221
-0.590923 0.152143 -0.006335
-0.590116 0.149027 -0.056038
-0.501709 0.062343 -0.026732
-0.568762 0.129778 -0.083812
-0.469865 0.031542 -0.031029
-0.487758 0.048332 -0.010452
-0.526864 0.086607 -0.021015
-0.552354 0.121824 0.003188
-0.432825 0.005738 0.003712
-0.511758 0.072924 -0.055635
-0.427736 0.000785 0.004106
-0.592122 0.151664 -0.034387
-0.445497 0.009278 -0.080154
-0.541696 0.111533 0.001118
-0.520718 0.087280 0.014082
-0.529554 0.101376 -0.056227
-0.439879 0.014313 -0.056883
-0.490867 0.051093 -0.001393
-0.508144 0.068395 -0.019833
-0.440301 0.002910 -0.033719
-0.499883 0.060851 -0.036624
-0.583568 0.152799 -0.020114
-0.563379 0.132639 -0.000628
-0.434345 -0.002933 -0.031656
-0.458540 0.020618 -0.033573
-0.521260 0.092212 -0.017266
-0.519960 0.080979 -0.058789
-0.484232 0.044709 -0.003493
-0.547494 0.117633 -0.015372
-0.545410 0.105268 -0.043882
-0.471770 0.045946 -0.080176
-0.558863 0.128515 -0.009782
-0.545557 0.117426 -0.074112
-0.412111 -0.014414 0.005008
-0.428053 0.002451 -0.043587
-0.584633 0.143805 -0.059624
-0.502648 0.075680 -0.071370
-0.583231 0.143115 -0.083215
-0.515922 0.086445 0.003224
-0.546227 0.116850 -0.031084
-0.415410 -0.009441 -0.057130
-0.543885 0.114464 -0.027133
-0.466461 0.039692 -0.041613
-0.460660 0.033604 -0.086402
-0.449857 0.012847 -0.056770
-0.567905 0.138743 -0.060624
-0.573231 0.131433 -0.013970
-0.541821 0.100928 -0.013850
-0.519639 0.080370 -0.048369
-0.582841 0.140448 -0.002851
-0.451179 0.013878 -0.047945
-0.459965 0.033255 -0.037093
-0.525015 0.096980 -0.056644
-0.492764 0.066014 -0.069005
-0.430984 0.006295 -0.078612
-0.443553 0.017707 -0.050766
-0.432853 -0.002919 -0.082979
-0.527286 0.086445 -0.000932
-0.439324 0.002131 -0.039680
-0.586527 0.145377 -0.050247
-0.427746 0.001944 -0.036255
-0.549959 0.119610 -0.000739
-0.494184 0.055936 -0.058328
-0.575064 0.145889 -0.067439
-0.521629 0.091906 0.006069
-0.509261 0.068570 0.012085
-0.522369 0.094755 -0.068750
-0.489252 0.061105 -0.016377
-0.513691 0.076336 -0.085255
-0.434609 -0.001776 -0.063260
-0.584438 0.143761 -0.064724
-0.431468 -0.000098 -0.087317
-0.493734 0.060116 -0.085691
-0.412510 -0.022699 -0.019424
-0.425497 -0.011636 -0.027757
-0.442201 0.016482 -0.053835
-0.465526 0.028824 -0.083537
-0.454370 0.018422 -0.086819
-0.426445 -0.011514 0.000298
-0.555140 0.115778 -0.081141
-0.435081 0.010415 -0.083569
-0.465087 0.039068 -0.066544
-0.486415 0.047255 -0.018444
-0.591776 0.151612 -0.019232
-0.557631 0.117279 -0.048920
-0.565972 0.124353 -0.012883
-0.508349 0.079591 -0.014331
-0.569857 0.132262 0.015294
-0.453857 0.025570 -0.086620
-0.458183 0.021021 -0.059910
-0.550165 0.121666 -0.065880
-0.472447 0.045259 -0.032987
-0.577739 0.148167 -0.056190
-0.525262 0.084452 0.000036
-0.565805 0.135613 -0.022347
-0.436750 0.011786 -0.074801
-0.550880 0.111129 -0.063151
-0.452902 0.014156 0.001074
-0.563372 0.134847 -0.078369
-0.538233 0.101022 -0.084588
-0.569077 0.138890 -0.025833
-0.525967 0.092735 0.014229
-0.539307 0.098226 -0.004706
-0.503047 0.063693 -0.028513
-0.446460 0.020968 -0.066111
-0.482044 0.050604 -0.085946
-0.587925 0.156036 -0.036089
-0.585356 0.154107 -0.005083
-0.586675 0.155883 -0.022466
-0.412722 -0.022353 -0.040308
-0.474530 0.046282 0.002111
-0.504746 0.075844 -0.005608
-0.481191 0.054237 -0.050107
-0.554873 0.114479 -0.044649
-0.510875 0.070780 -0.010467
-0.579864 0.137516 -0.001389
-0.419806 -0.004858 -0.068136
-0.481251 0.043320 -0.056346
-0.432041 0.007138 -0.072175
-0.550044 0.109262 -0.026122
-0.500831 0.062619 -0.066365
-0.492272 0.065711 -0.075157
-0.495207 0.065363 -0.085546
-0.440979 0.013795 -0.001164
-0.463079 0.034876 0.012145
-0.547820 0.118417 -0.031764
-0.507969 0.080263 -0.050889
-0.524958 0.086421 -0.079466
-0.547028 0.117039 -0.010381
-0.428539 0.003527 -0.064780
-0.482088 0.045253 -0.086095
-0.409111 -0.015635 -0.054411
-0.413756 -0.011993 -0.023890
-0.410891 -0.021239 -0.011684
-0.520588 0.080972 -0.037138
-0.535324 0.094314 -0.003150
-0.441873 0.017055 -0.085145
-0.556768 0.115385 -0.011813
-0.482967 0.054417 0.004145
-0.410906 -0.013705 -0.060988
-0.546198 0.116876 -0.032981
-0.514562 0.076152 -0.073337
-0.535212 0.103524 0.014522
-0.411520 -0.020293 -0.070733
-0.511200 0.072920 -0.074500
-0.582371 0.140508 0.015514
-0.530406 0.089150 0.010486
-0.489517 0.049834 -0.003229
-0.412058 -0.020960 -0.066554
-0.577879 0.136687 -0.039955
-0.426882 -0.009193 -0.066277
-0.562748 0.133197 -0.041755
-0.501628 0.074902 -0.078828
-0.489925 0.051354 -0.042679
-0.460775 0.034344 -0.047738
-0.465486 0.038532 -0.034153
-0.421932 -0.014300 -0.055736
-0.549803 0.109764 -0.051970
-0.485254 0.056840 -0.002958
-0.492106 0.052703 -0.015711
-0.491320 0.053722 -0.078272
-0.571933 0.142551 -0.056998
-0.408553 -0.018209 -0.034693
-0.414479 -0.011166 -0.028289
-0.542354 0.100861 0.006676
-0.502706 0.074850 -0.040263
-0.418068 -0.017224 -0.084806
-0.558442 0.117246 -0.020109
-0.450337 0.024185 -0.046912
-0.432446 -0.003391 -0.080308
-0.573320 0.132200 -0.037898
-0.577539 0.136984 -0.062025
-0.514329 0.084811 0.006289
-0.430801 -0.006856 -0.014709
-0.533379 0.092285 0.001746
-0.546201 0.117315 -0.084141
-0.521343 0.082490 -0.064707
-0.453869 0.022933 0.012345
-0.424155 -0.002031 -0.019135
-0.531763 0.092866 -0.073725
-0.539958 0.099971 -0.043779
-0.423050 -0.014992 0.006660
-0.583864 0.143356 -0.070071
-0.580988 0.138755 -0.006599
-0.547145 0.105572 0.004624
-0.541484 0.100250 -0.001544
-0.493767 0.055684 -0.063738
-0.489140 0.051438 -0.072424
-0.428636 -0.007324 -0.072111
-0.505027 0.066303 0.013511
-0.482150 0.042237 0.012343
-0.522943 0.083954 -0.061568
-0.487402 0.048765 -0.037818
-0.494820 0.067738 -0.059425
-0.512507 0.073588 -0.053390
-0.530441 0.102684 -0.071902
-0.556891 0.115426 -0.009076
-0.527966 0.086762 0.011148
-0.426049 0.001640 -0.083469
-0.484175 0.045840 -0.045138
-0.473052 0.047271 -0.083018
-0.442960 0.015485 0.007022
-0.504575 0.075285 0.008181
-0.517533 0.077502 -0.019481
-0.431182 0.004752 -0.017704
-0.579018 0.148124 -0.011107
-0.529008 0.101079 -0.064387
-0.489335 0.051604 -0.071587
-0.485163 0.045953 -0.015426
-0.510214 0.070437 -0.020971
-0.575203 0.145758 -0.058070
-0.421205 -0.014223 -0.083227
-0.473347 0.035469 -0.050186
-0.462300 0.034734 -0.009398
-0.544479 0.113900 0.012899
-0.501484 0.074920 -0.084376
-0.575598 0.144354 -0.083412
-0.504200 0.063956 0.001564
-0.448168 0.010999 -0.049509
-0.410557 -0.019514 -0.062840
-0.519517 0.080429 -0.054581
-0.512762 0.074216 -0.066729
-0.498007 0.058931 -0.033132
-0.486472 0.047135 -0.012282
-0.566518 0.125774 -0.044175
-0.491485 0.053427 -0.062258
-0.509830 0.071142 -0.058773
-0.544900 0.116779 -0.073800
-0.589797 0.147851 -0.025611
-0.557474 0.126630 0.009036
-0.548685 0.107471 -0.009556
-0.432304 -0.003902 -0.067224
-0.448400 0.020729 0.008363
-0.500784 0.069732 0.013609
-0.422980 -0.013980 -0.031250
-0.540727 0.100492 -0.035842
-0.506672 0.078755 -0.042158
-0.567921 0.126431 -0.019401
-0.572898 0.143820 -0.068625
-0.544486 0.114059 0.007575
-0.580000 0.137943 -0.011787
-0.542104 0.112886 -0.032473
-0.550669 0.121530 -0.043938
-0.540888 0.111273 -0.017261
-0.570995 0.140154 -0.004804
-0.509299 0.080549 -0.015564
-0.589067 0.155105 -0.045214
-0.483862 0.056928 -0.053501
-0.587597 0.146725 -0.061095
-0.566642 0.137918 -0.074707
-0.466996 0.028265 -0.013779
-0.547211 0.118366 -0.050734
-0.579140 0.138942 -0.076159
-0.539413 0.099103 -0.031877
-0.446900 0.008594 -0.008304
-0.478166 0.039523 -0.028228
-0.482006 0.053930 -0.011523
-0.591420 0.150994 -0.080623
-0.541249 0.101806 -0.064194
-0.452042 0.025763 -0.044197
-0.461545 0.034468 -0.025838
-0.425771 -0.010468 -0.059414
-0.435127 0.004126 -0.087202
-0.525206 0.097841 -0.080350
-0.444792 0.008580 -0.079666
-0.535076 0.107478 -0.082202
-0.454277 0.026388 0.010089
-0.442413 0.015949 -0.027925
-0.449112 0.023099 -0.050561
-0.434869 -0.003187 -0.004849
-0.489060 0.061154 -0.024642
-0.492707 0.064776 -0.027457
-0.415357 -0.008633 -0.087293
-0.512253 0.074145 -0.081622
-0.576041 0.135296 -0.053817
-0.569348 0.127899 -0.022300
-0.502466 0.061993 0.011362
-0.460361 0.023956 0.012368
-0.587468 0.144731 0.004510
-0.561420 0.132250 -0.053739
-0.408812 -0.015863 -0.056577
-0.576903 0.140596 0.015520
-0.579707 0.138672 -0.047364
-0.466249 0.028270 -0.039426
-0.464246 0.036795 -0.015426
-0.568819 0.139459 -0.054606
-0.426694 -0.011083 -0.006335
-0.496147 0.056405 -0.007865
-0.568785 0.129104 -0.083801
-0.488763 0.061149 -0.034601
-0.493228 0.053597 -0.008817
-0.471901 0.044515 -0.025481
-0.581292 0.138939 -0.002690
-0.428936 -0.004010 0.011615
-0.546039 0.116965 -0.041519
-0.461670 0.034746 -0.031336
-0.554336 0.113926 -0.043519
-0.536486 0.107034 -0.018544
-0.509376 0.072229 0.013672
-0.492559 0.064788 -0.032956
-0.573809 0.131162 0.015210
-0.498005 0.060109 -0.074605
-0.481458 0.050585 0.013092
-0.507976 0.070009 -0.082241
-0.449795 0.024151 -0.064176
-0.422990 -0.013704 -0.040601
-0.472653 0.046177 -0.058190
-0.419977 -0.006415 -0.007634
-0.485072 0.056931 -0.012373
-0.538324 0.109301 -0.035451
-0.480160 0.042716 -0.072360
-0.556697 0.115917 0.014850
-0.480884 0.043464 -0.073904
-0.453386 0.014465 0.006732
-0.422056 -0.003255 -0.047722
-0.447703 0.009016 0.004273
-0.437802 0.011759 -0.038026
-0.586382 0.157110 -0.075519
-0.490256 0.062515 -0.031662
-0.585440 0.143881 -0.034764
-0.571718 0.130105 -0.018960
-0.555619 0.126560 -0.051753
-0.500522 0.061975 -0.054292
-0.435244 -0.001643 -0.046265
-0.505768 0.078699 -0.071001
-0.426533 -0.009027 -0.084014
-0.411087 -0.021834 0.002884
-0.498724 0.070696 -0.030202
-0.572022 0.141684 -0.023518
-0.496459 0.065650 -0.085539
-0.446759 0.010360 -0.075103
-0.546704 0.105238 0.001283
-0.449303 0.010727 -0.001262
-0.448535 0.009615 0.011594
-0.550253 0.120982 -0.038887
-0.461943 0.023044 -0.002742
-0.580549 0.149374 -0.002805
-0.443055 0.005546 -0.032384
-0.537611 0.099971 0.014422
-0.423042 -0.003123 -0.018736
-0.562278 0.121373 -0.034247
-0.435708 -0.001974 -0.018835
-0.532054 0.091945 -0.031476
-0.582644 0.150280 -0.083253
-0.561522 0.119678 -0.000477
-0.578198 0.137427 -0.055106
-0.439042 0.000674 0.001874
-0.554984 0.126121 -0.057994
-0.488297 0.059498 0.007477
-0.496177 0.056157 0.001835
-0.592138 0.151548 -0.075593
-0.426271 0.001274 -0.063023
-0.436730 0.010908 -0.044694
-0.505669 0.066117 -0.024223
-0.450730 0.024367 -0.039897
-0.523410 0.095827 -0.070869
-0.520340 0.090607 0.007723
-0.571711 0.132197 0.015291
-0.422824 -0.004161 0.010282
-0.456520 0.019919 -0.077920
-0.429930 -0.007102 -0.035769
-0.484196 0.045682 -0.038857
-0.481421 0.042733 -0.029952
-0.589167 0.148692 -0.076624
-0.575497 0.143575 0.015604
-0.504727 0.065912 -0.049139
-0.458604 0.021495 -0.062208
-0.536137 0.097377 -0.082976
-0.438016 0.001590 -0.065300
-0.468308 0.029778 -0.022189
-0.585043 0.143182 -0.023767
-0.440696 0.013406 0.002810
-0.417943 -0.017956 -0.063408
-0.433650 0.007866 -0.042893
-0.483191 0.044946 -0.047286
-0.585744 0.154537 -0.006938
-0.494396 0.056131 -0.057952
-0.484566 0.057086 -0.035053
-0.484534 0.045608 -0.024750
-0.455825 0.017593 -0.019936
-0.498711 0.071554 -0.060748
-0.486079 0.046262 0.004999
-0.529381 0.090321 -0.065578
-0.422205 -0.002599 -0.065657
-0.572088 0.131335 -0.049535
-0.563850 0.122187 -0.009188
-0.530735 0.102704 -0.062555
-0.427443 -0.010731 0.006822
-0.530570 0.091883 -0.079890
-0.457987 0.020962 -0.064538
-0.427187 -0.008435 -0.082496
-0.500302 0.072585 -0.042720
-0.522696 0.095047 -0.067833
-0.430805 0.005280 -0.049116
-0.534847 0.106292 -0.048383
-0.502372 0.074974 -0.056017
-0.585014 0.142873 -0.013914
-0.574436 0.133144 -0.032982
-0.523344 0.082379 0.007418
-0.422337 -0.015647 0.005364
-0.471488 0.043963 -0.020185
-0.491911 0.052253 -0.006547
-0.423423 -0.011959 -0.087124
-0.500188 0.071413 -0.005433
-0.564300 0.133214 0.010602
-0.457221 0.031643 -0.074050
-0.515463 0.086159 -0.002373
-0.587188 0.146910 -0.081526
-0.505133 0.066165 -0.044206
-0.492010 0.065438 -0.074472
-0.457016 0.029440 -0.003720
-0.502394 0.073042 0.012565
-0.523398 0.082675 -0.001120
-0.449519 0.013096 -0.077042
-0.503737 0.069274 -0.085444
-0.585002 0.143706 -0.043590
-0.507629 0.069597 -0.079577
-0.473502 0.036015 -0.064059
-0.537867 0.109987 -0.075130
-0.521594 0.082234 -0.047150
-0.468261 0.042571 -0.081329
-0.529763 0.089640 -0.028654
-0.573076 0.143971 -0.067892
-0.436798 0.000657 -0.074025
-0.512096 0.072174 -0.017768
-0.557303 0.116317 -0.026310
-0.425869 -0.000310 -0.021111
-0.565098 0.123052 0.002991
-0.432361 -0.004203 -0.054707
-0.442686 0.006692 -0.085211
-0.560944 0.121416 -0.081194
-0.504184 0.065842 -0.065212
-0.496722 0.067793 0.003487
-0.465422 0.028789 -0.085824
-0.462354 0.025378 -0.070697
-0.532062 0.102116 0.003329
-0.427027 -0.009268 -0.058722
-0.496360 0.057226 -0.029447
-0.435549 0.008664 -0.006137
-0.540885 0.099572 0.001830
-0.455097 0.017815 -0.052579
-0.557079 0.127908 -0.049322
-0.419678 -0.006105 -0.028727
-0.480821 0.052420 0.001113
-0.422972 -0.003100 -0.021921
-0.491466 0.064226 -0.050464
-0.522242 0.092312 0.012717
-0.495069 0.055561 -0.015016
-0.542418 0.102802 -0.059308
-0.572226 0.130701 -0.022535
-0.517072 0.087784 -0.004602
-0.411182 -0.020109 -0.064625
-0.590051 0.152749 0.004460
-0.465394 0.028532 -0.077753
-0.544381 0.114280 -0.003769
-0.558783 0.130467 -0.081082
-0.445619 0.009385 -0.079738
-0.489729 0.060792 0.010868
-0.422302 -0.015670 0.004947
-0.489931 0.063289 -0.069944
-0.437295 0.010277 -0.003271
-0.487015 0.059052 -0.020581
-0.463008 0.025536 -0.053925
-0.591570 0.153026 -0.083184
-0.515213 0.075773 -0.037862
-0.474857 0.036555 -0.036810
-0.412370 -0.021246 -0.067873
-0.425724 -0.011149 -0.037104
-0.429789 0.004703 -0.063471
-0.508015 0.078895 -0.001254
-0.545796 0.116787 -0.043543
-0.502611 0.075233 -0.056946
-0.481914 0.043014 -0.022983
-0.474612 0.048658 -0.078499
-0.554595 0.125401 -0.045992
-0.503226 0.064915 -0.065344
-0.497026 0.070264 -0.072881
-0.585686 0.142996 0.004698
-0.516437 0.087355 -0.011177
-0.527237 0.088123 -0.061513
-0.589869 0.149351 -0.075834
-0.464468 0.038905 -0.081938
-0.478430 0.051470 -0.047058
-0.507171 0.067585 -0.024558
-0.532783 0.094153 -0.084144
-0.453338 0.016998 -0.083857
-0.575428 0.133707 -0.018932
-0.535980 0.095120 -0.009099
-0.534407 0.094007 -0.023643
-0.498373 0.064888 0.013476
-0.528879 0.089480 -0.053193
-0.440832 0.004190 -0.060535
-0.562844 0.133717 -0.056706
-0.574123 0.142977 0.002715
-0.458096 0.019379 -0.005226
-0.577730 0.146118 0.015426
-0.422942 -0.013531 -0.048313
-0.411401 -0.012961 -0.070235
-0.408352 -0.019190 0.009326
-0.473103 0.045714 -0.026602
-0.512451 0.078095 -0.085205
-0.583412 0.152590 -0.018104
-0.554555 0.125195 -0.040116
-0.470093 0.032885 -0.070381
-0.457601 0.018693 0.001953
-0.476903 0.048400 0.008656
-0.507857 0.068188 -0.022316
-0.442812 0.006538 -0.075493
-0.463911 0.038462 -0.085377
-0.560883 0.119989 -0.033163
-0.495049 0.055157 -0.001491
-0.483326 0.043392 0.011857
-0.418406 -0.013791 0.011351
-0.486783 0.049295 -0.077519
-0.460032 0.034512 -0.078936
-0.496696 0.069192 -0.046495
-0.582775 0.150855 -0.083237
-0.536663 0.107374 -0.024447
-0.507884 0.069941 -0.082970
-0.455598 0.017402 -0.021001
-0.502339 0.075725 -0.083485
-0.491658 0.053426 -0.056337
-0.563619 0.135029 -0.076359
-0.482437 0.045045 -0.076467
-0.493234 0.064553 -0.001691
-0.574383 0.143672 -0.012822
-0.530051 0.100066 0.006709
-0.561736 0.132079 -0.036966
-0.520235 0.080359 -0.027642
-0.489489 0.050094 -0.013309
-0.505128 0.065936 -0.036327
-0.582546 0.152248 -0.035598
-0.463772 0.025892 -0.040382
-0.592261 0.150371 -0.030102
-0.569027 0.139162 -0.037094
-0.567310 0.136787 -0.012234
-0.426465 -0.001654 -0.087356
-0.528869 0.101480 -0.083229
-0.573736 0.133814 -0.080334
-0.571569 0.129912 0.015228
-0.496613 0.067444 0.012033
-0.501232 0.063377 -0.079291
-0.569912 0.130045 -0.078420
-0.511562 0.082822 -0.018235
-0.414006 -0.023228 -0.012538
-0.545629 0.104568 -0.011832
-0.568413 0.128549 -0.076989
-0.435400 0.010759 -0.084801
-0.520776 0.093234 -0.069644
-0.545171 0.116604 -0.058416
-0.436056 -0.000393 -0.062474
-0.525631 0.096405 -0.015439
-0.482432 0.043649 -0.027650
-0.455124 0.028108 -0.021416
-0.523351 0.082379 0.007650
-0.415741 -0.021777 -0.004295
-0.423183 -0.002498 -0.035870
-0.504952 0.064719 0.000397
-0.566688 0.125407 -0.025493
-0.560279 0.131593 -0.069585
-0.445583 0.007202 -0.004297
-0.546765 0.118317 -0.064255
-0.467411 0.040356 -0.032542
-0.517090 0.076786 -0.009417
-0.590289 0.153216 -0.021903
-0.490824 0.052369 0.013134
-0.450007 0.011515 -0.004942
-0.488066 0.048300 0.001172
-0.509603 0.069404 -0.005510
-0.454332 0.027594 -0.030385
-0.491028 0.064426 -0.072435
-0.500052 0.071182 -0.001954
-0.441055 0.004679 -0.070108
-0.508527 0.069859 -0.058153
-0.539222 0.100298 -0.080362
-0.471926 0.044931 -0.039222
-0.484670 0.056251 -0.002158
-0.444410 0.017910 -0.028681
-0.485639 0.058994 -0.065457
-0.451030 0.014342 -0.069275
-0.505394 0.077013 -0.024557
-0.495848 0.056467 -0.020248
-0.426782 -0.010428 -0.026354
-0.521907 0.092444 -0.003339
-0.429918 -0.006238 -0.066508
-0.523511 0.084117 -0.047901
-0.521367 0.081747 -0.037775
-0.474095 0.045690 0.008070
-0.526529 0.086455 -0.027113
-0.489880 0.062233 -0.034577
-0.501719 0.072955 -0.007380
-0.455109 0.016003 0.011465
-0.572549 0.142057 -0.018627
-0.583016 0.153538 -0.083163
-0.538658 0.098728 -0.044465
-0.412455 -0.021280 -0.069886
-0.505069 0.076074 -0.002661
-0.563994 0.123337 -0.044693
-0.502491 0.074765 -0.044610
-0.430397 0.004188 -0.024642
-0.498261 0.060243 -0.070564
-0.552153 0.122020 -0.010551
-0.493717 0.055100 -0.044929
-0.520028 0.090615 -0.003206
-0.489460 0.061579 -0.025928
-0.468088 0.040030 0.001997
-0.503812 0.075077 -0.010524
-0.431508 -0.004551 -0.071560
-0.447980 0.020867 -0.010770
-0.580362 0.139922 -0.068903
-0.499896 0.071428 -0.015917
-0.482072 0.055331 -0.058431
-0.421705 -0.004549 -0.014257
-0.535693 0.103670 0.014526
-0.556252 0.114200 0.012175
-0.416605 -0.009590 -0.011134
-0.465107 0.039465 -0.079813
-0.524140 0.085644 -0.080047
-0.573533 0.143844 -0.047822
-0.426674 -0.009099 -0.076674
-0.520219 0.091372 -0.023271
-0.438413 0.011059 0.007410
-0.589182 0.155594 -0.067691
-0.563991 0.124409 -0.082429
-0.410459 -0.020636 -0.017517
-0.504586 0.068507 -0.085466
-0.470429 0.033203 -0.070123
-0.437082 -0.000783 -0.013807
-0.419158 -0.006555 -0.030643
-0.471099 0.044862 -0.065010
-0.524472 0.084983 -0.045552
-0.496504 0.068461 -0.027386
-0.409582 -0.020455 0.009204
-0.584212 0.143839 -0.075168
-0.547133 0.107795 -0.073846
-0.481683 0.042353 -0.007659
-0.432176 -0.004844 -0.038492
-0.440724 0.003501 -0.040034
-0.484401 0.055753 0.006110
-0.571267 0.129856 -0.025604
-0.425344 -0.000368 -0.036955
-0.499051 0.058662 0.011847
-0.412604 -0.022477 -0.031232
-0.472443 0.035591 -0.085307
-0.539220 0.097710 0.010426
-0.577404 0.135680 -0.020819
-0.437518 0.000820 -0.055244
-0.562041 0.120198 -0.001053
-0.499998 0.061642 -0.060452
-0.411967 -0.022058 -0.022413
-0.426642 0.001021 -0.041489
-0.561334 0.132327 -0.059374
-0.508514 0.068674 -0.017027
-0.482676 0.044963 -0.065430
-0.559829 0.129457 -0.009912
-0.540303 0.108726 -0.084376
-0.456407 0.029955 -0.042543
-0.523946 0.088118 0.014103
-0.475669 0.036177 0.004135
-0.415976 -0.009880 -0.022408
-0.555081 0.126614 -0.072013
-0.538625 0.098833 -0.049263
-0.453031 0.025904 -0.015438
-0.474576 0.037066 -0.064365
-0.545587 0.103873 0.011162
-0.514961 0.085392 0.007446
-0.429102 0.002126 0.003606
-0.409011 -0.018182 -0.053145
-0.551113 0.121700 -0.034778
-0.575990 0.142787 -0.083456
-0.452078 0.015193 -0.063435
-0.495871 0.058031 -0.074365
-0.450113 0.022457 0.006124
-0.418569 -0.007164 -0.029342
-0.560069 0.122175 -0.084017
-0.429410 -0.007066 -0.054772
-0.513167 0.074200 -0.052391
-0.572388 0.140320 0.015516
-0.427966 -0.009896 -0.004646
-0.577299 0.148180 -0.071652
-0.435694 -0.000906 -0.056814
-0.495273 0.055113 0.007658
-0.450068 0.011804 -0.012962
-0.469267 0.030904 -0.028993
-0.420107 -0.004120 -0.083810
-0.581489 0.140027 -0.034166
-0.481345 0.052701 0.009109
-0.538991 0.108575 0.012739
-0.482008 0.042457 -0.000234
-0.481157 0.043299 -0.058834
-0.544691 0.104195 -0.030694
-0.440997 0.013654 0.004386
-0.500435 0.072394 -0.031442
-0.525115 0.095467 -0.000088
-0.441190 0.013967 -0.000031
-0.424960 -0.000344 -0.050919
-0.549894 0.112721 0.014766
-0.409636 -0.018625 0.011223
-0.444880 0.018903 -0.047511
-0.530981 0.090501 -0.017348
-0.496201 0.062991 0.013425
-0.460692 0.033258 -0.012386
-0.591609 0.150978 -0.073644
-0.453918 0.016609 -0.050416
-0.461470 0.034765 -0.038791
-0.439016 0.013917 -0.072383
-0.459381 0.022449 -0.069210
-0.554339 0.126202 -0.082820
-0.431408 -0.004755 -0.067815
-0.550492 0.120036 0.002502
-0.517313 0.077626 -0.031300
-0.465860 0.039791 -0.065590
-0.503877 0.065499 -0.063658
-0.456410 0.017846 -0.008880
-0.507927 0.067956 -0.011835
-0.523854 0.096149 -0.067039
-0.430969 0.001804 0.011775
-0.469713 0.043979 -0.081286
-0.474725 0.046652 -0.004207
-0.577847 0.148535 -0.065431
-0.577472 0.148069 -0.061891
-0.536830 0.097060 -0.048239
-0.531036 0.097428 -0.084682
-0.578703 0.136361 -0.000443
-0.462599 0.035596 -0.029483
-0.540415 0.099342 -0.006124
-0.547058 0.117481 -0.024856
-0.483278 0.055720 -0.030997
-0.530143 0.090608 -0.049685
-0.509273 0.068918 0.000295
-0.564852 0.123304 -0.014279
-0.491593 0.064193 -0.044962
-0.426727 -0.000276 0.006947
-0.568436 0.126205 0.006106
-0.412957 -0.022866 -0.030274
-0.433227 0.007833 -0.056142
-0.488093 0.061649 -0.074982
-0.412041 -0.011915 -0.085101
-0.521011 0.081735 -0.049515
-0.414199 -0.023032 -0.012844
-0.488726 0.060828 -0.024586
-0.474986 0.047313 -0.018546
-0.491242 0.053095 -0.058912
-0.421082 -0.014394 -0.081443
-0.510492 0.081460 -0.006889
-0.492786 0.054443 -0.053600
-0.509061 0.070075 -0.047562
-0.584798 0.141947 0.011220
-0.518188 0.078635 -0.036909
-0.437134 0.004936 -0.087181
-0.415647 -0.011142 0.010679
-0.452798 0.027668 -0.085287
-0.496138 0.065333 0.013490
-0.499812 0.071798 -0.031790
-0.498025 0.071332 -0.085383
-0.502899 0.064742 -0.070383
-0.501480 0.074641 -0.074719
-0.577212 0.136204 -0.045766
-0.535768 0.096135 -0.051927
-0.461241 0.022421 -0.004833
-0.537929 0.108377 -0.016497
-0.588741 0.155675 -0.083108
-0.469963 0.043356 -0.050864
-0.571289 0.142525 -0.078048
-0.511681 0.083671 -0.043974
-0.440865 0.002628 -0.004608
-0.435103 -0.002148 -0.033339
-0.497564 0.070206 -0.052549
-0.491890 0.053496 -0.050892
-0.545987 0.104912 -0.011698
-0.408677 -0.015614 -0.069921
-0.547383 0.117443 -0.012490
-0.439698 0.014852 -0.081967
-0.494377 0.067120 -0.085497
-0.480687 0.053139 -0.028707
-0.420791 -0.016244 -0.026400
-0.449372 0.024368 -0.086231
-0.443407 0.007233 -0.079611
-0.473248 0.041668 -0.086188
-0.434022 -0.002870 -0.044868
-0.430065 0.003725 -0.019714
-0.470880 0.033378 -0.060855
-0.420483 -0.005270 -0.030617
-0.462950 0.025016 -0.037649
-0.486915 0.048775 -0.054774
-0.550535 0.120407 -0.009037
-0.475326 0.047499 -0.013465
-0.590671 0.149780 -0.063509
-0.471726 0.045676 -0.072223
-0.415499 -0.017531 -0.087789
-0.492899 0.064190 -0.000349
-0.458501 0.031557 -0.027402
-0.448469 0.021134 -0.003469
-0.518279 0.077955 -0.009945
-0.502278 0.070861 0.013639
-0.572791 0.143755 -0.070023
-0.413410 -0.012234 -0.027253
-0.422304 -0.002488 -0.066200
-0.458918 0.021581 -0.054500
-0.461777 0.035340 -0.048517
-0.545632 0.115969 -0.020398
-0.567760 0.130812 0.015256
-0.566675 0.137684 -0.065402
-0.554358 0.113691 -0.034547
-0.508007 0.079168 -0.011145
-0.450551 0.013186 -0.045011
-0.554365 0.125359 -0.052330
-0.482509 0.044447 -0.053033
-0.443068 0.005266 -0.022095
-0.504476 0.076867 -0.050738
-0.482494 0.044846 -0.067533
-0.474221 0.035342 -0.015924
-0.481180 0.043696 -0.071966
-0.487017 0.050052 -0.085965
-0.559142 0.119055 -0.059742
-0.577333 0.135705 0.015384
-0.449586 0.023674 -0.054570
-0.555429 0.114542 -0.027890
-0.460716 0.032217 -0.086441
-0.538988 0.111116 -0.076522
-0.476985 0.049750 -0.035932
-0.510803 0.079191 -0.085174
-0.528666 0.099306 -0.013821
-0.426113 -0.011243 -0.020537
-0.510416 0.071902 -0.065506
-0.489871 0.063442 -0.077355
-0.457788 0.020329 -0.049086
-0.428568 0.003571 -0.065339
-0.556898 0.125819 -0.083913
-0.588195 0.156010 -0.045454
-0.569596 0.138930 -0.009516
-0.462868 0.035237 -0.007693
-0.437915 0.012127 -0.047056
-0.559289 0.129230 -0.020373
-0.424661 -0.001448 -0.022340
-0.461256 0.022482 -0.006436
-0.462447 0.036488 -0.065972
-0.573079 0.132046 -0.040711
-0.430780 -0.007575 0.009794
-0.469113 0.043116 -0.071401
-0.494240 0.054575 -0.008639
-0.533057 0.092194 -0.006021
-0.518880 0.079752 -0.052521
-0.415023 -0.010334 -0.038931
-0.479979 0.042358 -0.065941
-0.592286 0.151074 -0.053894
-0.583146 0.151497 0.011184
-0.427086 0.000133 0.004850
-0.414854 -0.011379 -0.008034
-0.426914 0.000013 0.003193
-0.408877 -0.016480 -0.032718
-0.506545 0.078354 -0.032395
-0.425896 -0.012245 0.007227
-0.552746 0.112322 -0.041403
-0.428175 0.002867 -0.054050
-0.411487 -0.021856 -0.011569
-0.410310 -0.020211 -0.027579
-0.432551 0.006215 -0.022407
-0.584022 0.154525 -0.065239
-0.454122 0.016015 -0.022606
-0.521798 0.081045 0.001551
-0.571499 0.129128 0.007877
-0.451608 0.014336 -0.049391
-0.568039 0.137775 -0.022088
-0.442740 0.017078 -0.056388
-0.557907 0.116022 0.004620
-0.584490 0.153364 -0.008483
-0.484736 0.056602 -0.012262
-0.418488 -0.007796 -0.009927
-0.483300 0.056585 -0.060618
-0.452744 0.026891 -0.059865
-0.548651 0.120438 -0.074405
-0.438130 0.010807 0.006609
-0.569058 0.127826 -0.029629
-0.526776 0.085963 -0.001413
-0.574951 0.132854 -0.005239
-0.535006 0.095047 -0.039733
-0.504171 0.065847 -0.065832
-0.471526 0.033558 -0.045185
-0.508082 0.079569 -0.022662
-0.459693 0.034308 -0.083323
-0.474416 0.048091 -0.065263
-0.586017 0.155029 -0.014930
-0.504984 0.064417 0.012105
-0.555682 0.114625 -0.022196
-0.441410 0.015652 -0.051676
-0.414122 -0.022565 -0.031861
-0.421279 -0.005556 0.006554
-0.448316 0.021009 -0.004304
-0.507088 0.069852 0.013608
-0.498335 0.058255 0.001755
-0.460924 0.030362 0.012546
-0.582956 0.153122 -0.052286
-0.464383 0.036949 -0.016155
-0.483053 0.056358 -0.061068
-0.494921 0.055859 -0.030527
-0.441639 0.005187 -0.068052
-0.526436 0.086892 -0.045593
-0.586088 0.155864 -0.041794
-0.538179 0.098904 -0.066978
-0.410188 -0.014097 -0.071687
-0.433700 -0.002456 -0.070356
-0.494698 0.067819 -0.066421
-0.570915 0.140858 -0.032263
-0.559524 0.119310 -0.055686
-0.586277 0.156303 -0.050798
-0.494820 0.068316 -0.079737
-0.555397 0.114586 -0.030505
-0.576824 0.135668 -0.040165
-0.481964 0.053950 -0.013660
-0.532044 0.103789 -0.056025
-0.571518 0.141382 -0.030092
-0.493165 0.055344 -0.072311
-0.528160 0.089449 -0.076571
-0.429696 0.003370 -0.019841
-0.489356 0.050652 -0.037430
-0.442421 0.006480 -0.086782
-0.434635 0.007605 -0.000134
-0.530878 0.091242 0.014184
-0.568438 0.126330 0.001751
-0.429232 -0.007118 -0.059034
-0.518065 0.089992 -0.048237
-0.477444 0.040401 -0.083658
-0.509924 0.081893 -0.041474
-0.581486 0.139712 -0.023227
-0.547073 0.106098 -0.016332
-0.535694 0.107818 -0.073055
-0.511863 0.073528 -0.073266
-0.542331 0.102257 -0.043138
-0.546825 0.105080 0.010973
-0.532121 0.102602 -0.011758
-0.548738 0.107846 -0.020915
-0.409563 -0.017046 0.010563
-0.428663 0.001483 0.011202
-0.445637 0.008260 -0.039626
-0.531016 0.100935 0.009106
-0.426948 -0.010835 -0.006397
-0.501125 0.062691 -0.058868
-0.556191 0.127597 -0.068686
-0.503547 0.075605 -0.038082
-0.557836 0.122969 0.015045
-0.589650 0.148237 -0.044169
-0.518378 0.079406 -0.057492
-0.575166 0.132812 0.003584
-0.536897 0.108304 -0.049134
-0.585362 0.154595 -0.022031
-0.517772 0.077327 -0.005162
-0.444489 0.018218 -0.036778
-0.534836 0.095383 -0.057350
-0.581032 0.140793 -0.076628
-0.581158 0.149841 0.001588
-0.484527 0.055177 0.013217
-0.451107 0.025664 -0.072559
-0.494859 0.054784 0.005105
-0.479089 0.041604 -0.069792
-0.564006 0.123016 -0.032966
-0.525246 0.084100 0.011848
-0.478474 0.040916 -0.066635
-0.574113 0.144420 -0.048292
-0.481975 0.042532 -0.003970
-0.476024 0.038787 -0.075382
-0.570491 0.129952 -0.055400
-0.430163 0.004044 -0.027562
-0.564006 0.135503 -0.079824
-0.460266 0.032793 -0.010604
-0.565706 0.124408 -0.023920
-0.456150 0.030727 -0.078422
-0.423877 -0.013294 -0.024754
-0.554947 0.124724 -0.010235
-0.573897 0.142500 0.011740
-0.489543 0.052076 -0.081054
-0.508131 0.074434 -0.085304
-0.574355 0.133162 -0.036379
-0.563590 0.122461 -0.027706
-0.524412 0.096867 -0.073242
-0.429714 -0.007670 -0.023202
-0.550154 0.109876 -0.043913
-0.581333 0.151473 -0.049764
-0.453475 0.025987 -0.003161
-0.562409 0.122165 -0.057563
-0.500565 0.060232 0.008366
-0.537179 0.097368 -0.047155
-0.507490 0.068169 -0.034197
-0.420031 -0.006785 0.007192
-0.483272 0.055496 -0.023324
-0.476159 0.038959 -0.076840
-0.512159 0.085141 -0.079274
-0.451692 0.025334 -0.041046
-0.436028 0.009364 -0.014396
-0.471400 0.033958 -0.063496
-0.527054 0.099063 -0.060241
-0.473217 0.036238 -0.081587
-0.574918 0.136426 0.015406
-0.577529 0.148221 -0.065265
-0.518731 0.080124 0.013884
-0.543257 0.101960 -0.001149
-0.498440 0.070865 -0.045811
-0.517359 0.089002 -0.037576
-0.436294 0.009705 -0.017306
-0.425249 -0.001838 0.011364
-0.479734 0.041090 -0.029787
-0.479614 0.040609 -0.016997
-0.576455 0.134720 -0.019480
-0.492143 0.054213 -0.067438
-0.521861 0.083119 -0.069103
-0.491851 0.052866 -0.030114
-0.510476 0.071923 -0.064186
-0.432264 -0.004176 -0.058926
-0.497301 0.070733 -0.079987
-0.473697 0.034094 0.010005
-0.545420 0.116103 -0.032340
-0.434419 0.007339 0.001842
-0.568806 0.138341 -0.015790
-0.432304 0.006767 -0.050181
-0.431124 0.005875 -0.059100
-0.564063 0.121766 0.012820
-0.447656 0.020969 -0.025388
-0.454692 0.028621 -0.054160
-0.555262 0.126671 -0.067829
-0.517199 0.088687 -0.031936
-0.546713 0.116139 0.010463
-0.484976 0.057668 -0.085752
-0.562350 0.132233 -0.021463
-0.537682 0.097859 -0.047233
-0.451289 0.012286 0.011691
-0.558563 0.126991 -0.083882
-0.485114 0.047175 -0.059987
-0.444307 0.016770 0.007832
-0.585776 0.143317 -0.003550
-0.505437 0.076364 -0.000337
-0.500245 0.061997 -0.064518
-0.578634 0.147292 0.005013
-0.534069 0.099801 0.014419
-0.410351 -0.015953 -0.000959
-0.489333 0.060436 0.009863
-0.423810 -0.012055 0.011395
-0.450114 0.011857 -0.013280
-0.548808 0.107304 0.000478
-0.452905 0.026108 -0.026858
-0.543831 0.114634 -0.034921
-0.417876 -0.008777 0.003655
-0.530821 0.091111 -0.044227
-0.555921 0.125853 -0.016637
-0.529742 0.101514 -0.054645
-0.463717 0.025475 -0.027617
-0.438804 0.000327 0.005939
-0.506831 0.069592 0.013601
-0.432912 -0.002858 -0.083133
-0.549701 0.110263 -0.072960
-0.589678 0.155333 -0.076991
-0.443468 0.016164 0.000517
-0.500000 0.072329 -0.044034
-0.572026 0.132028 -0.075984
-0.451376 0.026117 -0.079294
-0.458155 0.031113 -0.023578
-0.457373 0.031381 -0.059674
-0.578028 0.147677 -0.029173
-0.540541 0.104261 -0.084500
-0.560512 0.131250 -0.049600
-0.476596 0.037940 -0.026155
-0.557776 0.116129 -0.003587
-0.490124 0.062528 -0.036615
-0.531429 0.090927 -0.017048
-0.470574 0.043179 -0.023818
-0.475367 0.036436 -0.015274
-0.507418 0.067554 -0.015065
-0.411567 -0.015098 0.010449
-0.420618 -0.005472 -0.087458
-0.522627 0.094164 -0.039170
-0.445395 0.018786 -0.025831
-0.486875 0.049168 -0.069938
-0.449897 0.022986 -0.019783
-0.534820 0.106000 -0.039044
-0.457906 0.019904 -0.030124
-0.497549 0.068581 0.004005
-0.520280 0.081467 -0.065040
-0.525942 0.096087 0.006299
-0.465571 0.038765 -0.039402
-0.430091 0.004112 -0.087199
-0.478930 0.049788 -0.085967
-0.580368 0.149806 -0.024117
-0.450804 0.023387 -0.002979
-0.520129 0.079668 -0.007000
-0.463039 0.024111 -0.002830
-0.526659 0.085428 0.013394
-0.504310 0.076629 -0.048064
-0.487384 0.047801 -0.004552
-0.526316 0.087512 -0.071459
-0.452417 0.024928 -0.002088
-0.566013 0.125016 -0.034780
-0.468746 0.042335 -0.056509
-0.506414 0.077902 -0.020986
-0.480774 0.042191 -0.032957
-0.507524 0.068470 -0.043600
-0.548149 0.118742 -0.031952
-0.494653 0.057170 -0.085675
-0.462047 0.024527 -0.051252
-0.427474 -0.008624 -0.066099
-0.490635 0.064029 -0.071896
-0.480109 0.040394 0.007447
-0.477240 0.038880 -0.037221
-0.584818 0.144033 -0.061307
-0.579560 0.138528 -0.047312
-0.559712 0.130998 -0.068028
-0.572832 0.131602 -0.033512
-0.415252 -0.021581 -0.027867
-0.515447 0.077792 0.013822
-0.551477 0.120560 -0.084055
-0.560182 0.119646 -0.045062
-0.465099 0.037702 -0.018200
-0.440140 0.002666 -0.030630
-0.451528 0.025831 -0.064107
-0.423930 -0.000691 -0.073837
-0.497274 0.057295 -0.000702
-0.549480 0.108932 -0.033736
-0.417563 -0.008861 -0.004101
-0.557116 0.116709 -0.046449
-0.516513 0.076147 -0.006684
-0.419773 -0.004590 -0.078698
-0.500687 0.072650 -0.031865
-0.486477 0.047776 -0.034623
-0.517281 0.086470 -0.084976
-0.543851 0.104099 -0.055982
-0.560360 0.129543 0.005164
-0.422349 -0.015535 0.001844
-0.473955 0.036510 -0.065978
-0.416278 -0.007820 -0.084458
-0.415416 -0.022532 0.011083
-0.539296 0.098446 -0.012824
-0.475845 0.047659 -0.001384
-0.555814 0.115153 -0.036209
-0.497759 0.070196 -0.045522
-0.441303 0.015833 -0.061694
-0.582664 0.140522 -0.011460
-0.509372 0.081261 -0.038090
-0.438704 0.011498 0.001914
-0.563965 0.133259 -0.002411
-0.452330 0.013456 0.006106
-0.438409 0.012492 -0.043043
-0.430892 -0.006857 -0.011608
-0.581439 0.140753 0.015521
-0.494546 0.067274 -0.052459
-0.574251 0.144352 -0.041190
-0.467393 0.029612 -0.047541
-0.453266 0.026968 -0.044755
-0.541689 0.112387 -0.029091
-0.548434 0.108127 -0.041147
-0.411231 -0.019130 -0.087830
-0.452938 0.014866 -0.022623
-0.543720 0.103067 -0.024238
-0.465213 0.039181 -0.066206
-0.493852 0.066432 -0.046592
-0.561321 0.130789 -0.005834
-0.503049 0.064243 -0.047762
-0.565789 0.123648 0.005625
-0.433220 -0.003217 -0.060041
-0.433553 0.005092 -0.087174
-0.471620 0.044824 -0.045909
-0.543957 0.114849 -0.038204
-0.537004 0.108766 -0.061689
-0.564623 0.134586 -0.026573
-0.508334 0.081454 -0.080244
-0.478881 0.040855 -0.050587
-0.493116 0.064642 -0.008847
-0.435003 0.007864 0.003325
-0.441741 0.014523 -0.000761
-0.426416 0.000274 -0.022968
-0.505222 0.066480 -0.052219
-0.587413 0.145251 -0.015589
-0.456353 0.030796 -0.073907
-0.467506 0.040291 -0.027011
-0.450772 0.025211 -0.086628
-0.412253 -0.012221 -0.067143
-0.570169 0.128173 -0.003915
-0.447741 0.021023 -0.024409
-0.462883 0.035807 -0.027205
-0.558422 0.128696 -0.031217
-0.457058 0.019487 -0.044401
-0.497472 0.059857 -0.083918
-0.484581 0.057801 -0.059638
-0.493981 0.054075 0.000065
-0.515290 0.077171 -0.084291
-0.452462 0.019112 -0.086799
-0.542770 0.112981 -0.013096
-0.559787 0.118965 -0.034618
-0.554187 0.123430 0.009301
-0.570228 0.139682 -0.014393
-0.486227 0.046250 0.010428
-0.460599 0.022958 -0.045539
-0.436681 0.009650 -0.002197
-0.429339 -0.008814 0.004154
-0.436039 -0.001014 -0.041283
-0.488182 0.060553 -0.033467
-0.568350 0.127393 -0.038566
-0.584752 0.143126 -0.031701
-0.463341 0.036859 -0.048540
-0.554317 0.114000 -0.046764
-0.563463 0.133690 -0.034642
-0.424430 -0.013271 -0.006714
-0.584353 0.142959 -0.039493
-0.466458 0.031920 -0.086453
-0.578462 0.137477 -0.047828
-0.507857 0.068260 -0.024885
-0.458827 0.032567 -0.051746
-0.563324 0.121893 -0.016801
-0.557097 0.128886 -0.083033
-0.567000 0.135824 0.010993
-0.573663 0.133262 -0.063465
-0.547837 0.108197 0.014642
-0.527496 0.087973 -0.047418
-0.411407 -0.015229 0.009640
-0.525403 0.084398 0.006740
-0.520969 0.093602 -0.075982
-0.578326 0.135971 0.000390
-0.469868 0.042786 -0.034084
-0.537615 0.109073 -0.051630
-0.460963 0.027554 0.012468
-0.496830 0.068094 -0.003407
-0.496580 0.068093 -0.011870
-0.517391 0.090303 -0.082143
-0.542358 0.108693 -0.084378
-0.539731 0.111761 -0.073857
-0.466277 0.027224 -0.001751
-0.526330 0.087173 -0.059080
-0.507204 0.076360 0.013788
-0.530253 0.101429 -0.034245
-0.531162 0.103481 -0.075311
-0.577124 0.137106 0.015423
-0.425639 0.000725 -0.065278
-0.429045 -0.006596 -0.083715
-0.496063 0.069230 -0.069418
-0.470094 0.043839 -0.063357
-0.565275 0.135294 -0.029199
-0.526511 0.087889 -0.078038
-0.552898 0.122045 0.013985
-0.466552 0.027692 -0.008806
-0.484649 0.046588 -0.055208
-0.468285 0.040666 -0.013627
-0.563076 0.121800 -0.021983
-0.533909 0.093221 -0.013020
-0.441436 0.013730 0.012098
-0.538489 0.108936 -0.017056
-0.476216 0.043654 -0.086135
-0.500618 0.072191 -0.018098
-0.476015 0.036488 0.005020
-0.562498 0.122867 -0.079161
-0.462660 0.027159 -0.086583
-0.448121 0.021475 -0.027329
-0.464296 0.026235 -0.034544
-0.503006 0.075278 -0.045073
-0.507563 0.080036 -0.056761
-0.586804 0.157374 -0.070411
-0.494622 0.057131 -0.085369
-0.587075 0.156586 -0.033502
-0.436295 0.011654 -0.085711
-0.547365 0.117946 -0.030736
-0.482659 0.043229 -0.005131
-0.459896 0.022066 -0.038225
-0.571140 0.141657 -0.052656
-0.521532 0.092711 -0.025496
-0.449185 0.011271 -0.024377
-0.430812 0.004540 -0.022873
-0.496384 0.058505 -0.073544
-0.575029 0.143785 0.005255
-0.540451 0.112213 -0.065196
-0.564143 0.124318 -0.074019
-0.491408 0.053831 -0.079114
-0.422063 -0.015544 -0.007588
-0.488224 0.050150 -0.058408
-0.543318 0.104050 -0.072464
-0.442766 0.004200 0.005058
-0.540288 0.110686 -0.017139
-0.458417 0.030483 0.007453
-0.525056 0.084446 -0.006787
-0.430404 -0.005190 -0.086774
-0.488119 0.053940 0.013180
-0.417892 -0.019070 -0.026021
-0.551314 0.111660 -0.067004
-0.472954 0.034984 -0.046523
-0.498711 0.059129 -0.016137
-0.415342 -0.010093 -0.036536
-0.582144 0.152553 -0.060030
-0.472000 0.032882 -0.005257
-0.415742 -0.021315 -0.020512
-0.505469 0.065117 0.004042
-0.530429 0.101612 -0.034680
-0.473855 0.046773 -0.038117
-0.549318 0.120306 -0.047012
-0.462537 0.034882 -0.006548
-0.486821 0.049127 -0.070296
-0.528833 0.099604 -0.018592
-0.530127 0.101773 -0.050657
-0.536991 0.108686 -0.059307
-0.578017 0.135565 0.004086
-0.537410 0.107911 -0.017847
-0.587459 0.145444 -0.020821
-0.416135 -0.015429 0.011307
-0.439994 0.001874 0.011770
-0.412234 -0.011867 -0.080241
-0.432088 -0.005221 -0.028246
-0.539037 0.100080 -0.079013
-0.533184 0.103397 -0.003413
-0.471537 0.043593 -0.005525
-0.512208 0.072401 -0.021922
-0.473084 0.035043 -0.044204
-0.447721 0.009428 -0.009602
-0.414709 -0.016085 0.011290
-0.583227 0.153121 -0.043041
-0.568015 0.126758 -0.027690
-0.415002 -0.011544 0.002822
-0.580558 0.151615 -0.081144
-0.525041 0.095131 0.009141
-0.435104 0.009497 -0.050586
-0.510692 0.082857 -0.049144
-0.464102 0.026130 -0.037489
-0.503313 0.064300 -0.040756
-0.555398 0.114785 -0.037499
-0.520509 0.088673 -0.084918
-0.483080 0.056989 -0.082306
-0.540774 0.101222 -0.059873
-0.485563 0.058506 -0.050907
-0.472879 0.033964 -0.013313
-0.565534 0.136231 -0.053273
-0.555900 0.114019 0.006532
-0.440374 0.013229 -0.001927
-0.586179 0.155899 -0.039946
-0.490808 0.063810 -0.058311
-0.420522 -0.015719 -0.053997
-0.569985 0.130023 -0.075144
-0.468349 0.030757 -0.055124
-0.431276 0.006225 -0.066214
-0.460818 0.034649 -0.056943
-0.422400 -0.014268 -0.040916
-0.543503 0.115459 -0.075099
-0.489809 0.062874 -0.059502
-0.528429 0.088135 -0.021298
-0.536800 0.106507 0.010669
-0.462503 0.023937 -0.015016
-0.493959 0.061394 -0.085655
