ply
format ascii 1.0
element vertex 5000
property float x
property float y
property float z
end_header
-0.517031 0.161021 -0.091418
-0.564580 0.077744 -0.092563
-0.627006 0.029653 -0.092817
-0.569416 0.117115 -0.091703
-0.493258 0.181021 -0.099289
-0.597237 -0.002037 -0.101813
-0.461100 -0.012134 -0.095604
-0.386891 0.095523 -0.094273
-0.521661 0.122290 -0.092155
-0.548699 0.011833 -0.094094
-0.578546 0.076178 -0.100435
-0.513662 0.197777 -0.090707
-0.400943 0.013468 -0.103786
-0.557075 -0.008624 -0.102416
-0.424127 0.042713 -0.102918
-0.410132 0.111209 -0.093681
-0.391080 0.122108 -0.101683
-0.585684 0.130444 -0.099244
-0.493518 -0.041055 -0.095817
-0.563861 -0.009096 -0.094344
-0.367744 0.036719 -0.103698
-0.459612 0.182943 -0.091640
-0.521351 0.012436 -0.094400
-0.455393 0.191887 -0.099509
-0.533907 -0.068852 -0.103915
-0.558954 0.049396 -0.101210
-0.511139 0.208257 -0.098525
-0.364887 0.066037 -0.103133
-0.358754 0.072856 -0.095063
-0.381987 0.015348 -0.103968
-0.450680 0.148585 -0.100448
-0.439152 0.165762 -0.100232
-0.611928 0.114027 -0.099273
-0.436138 0.164839 -0.100286
-0.487584 -0.000348 -0.095055
-0.547076 -0.000761 -0.102372
-0.476665 -0.059704 -0.104396
-0.401247 0.124725 -0.101511
-0.416151 0.153978 -0.100741
-0.488219 0.073132 -0.093548
-0.548032 0.194110 -0.094963
-0.426253 0.115802 -0.101402
-0.468624 -0.072954 -0.096758
-0.514359 0.153611 -0.099603
-0.539183 0.186886 -0.098634
-0.463248 -0.000309 -0.103340
-0.416045 0.172560 -0.100363
-0.460611 0.148686 -0.092328
-0.510579 0.109856 -0.100540
-0.538609 0.068421 -0.101059
-0.439078 0.118707 -0.093191
-0.437398 0.158511 -0.092398
-0.559993 0.181926 -0.095235
-0.389972 0.090376 -0.102344
-0.600943 0.093231 -0.099825
-0.353980 0.077286 -0.095029
-0.514022 0.051903 -0.101682
-0.375127 0.093386 -0.102456
-0.386356 0.029765 -0.095621
-0.412107 0.113622 -0.093609
-0.556190 0.015277 -0.101938
-0.503120 0.132214 -0.100170
-0.425741 0.041380 -0.094925
-0.622941 0.031839 -0.092820
-0.543342 0.181088 -0.098704
-0.348798 0.102413 -0.094576
-0.502014 -0.085681 -0.096628
-0.396887 0.114723 -0.101766
-0.628822 0.050355 -0.100375
-0.658348 0.052532 -0.095029
-0.473427 0.229752 -0.095647
-0.463874 0.211352 -0.099013
-0.626424 0.021193 -0.093605
-0.568782 0.143434 -0.099176
-0.510689 0.050861 -0.101743
-0.530519 0.165781 -0.099166
-0.474829 0.224081 -0.090623
-0.483848 0.061067 -0.101847
-0.428344 -0.020338 -0.096154
-0.441880 0.123424 -0.093062
-0.369043 0.086211 -0.094671
-0.484895 0.114064 -0.092751
-0.402480 0.023258 -0.103568
-0.587567 -0.016905 -0.097251
-0.428645 0.128600 -0.101113
-0.518669 0.151862 -0.091586
-0.539503 0.087929 -0.100650
-0.450414 0.023975 -0.094992
-0.490148 0.050302 -0.093991
-0.542938 -0.017973 -0.102771
-0.536214 0.189682 -0.090609
-0.361888 0.111561 -0.102239
-0.463309 0.163151 -0.092001
-0.613126 0.078877 -0.099976
-0.445755 0.048162 -0.102555
-0.418925 0.050519 -0.094818
-0.486549 0.209429 -0.098788
-0.409591 0.016566 -0.103622
-0.635297 0.105153 -0.094886
-0.519472 0.146136 -0.099696
-0.521613 0.048314 -0.101667
-0.635747 0.065442 -0.091984
-0.556076 -0.000239 -0.094254
-0.496249 0.048622 -0.093955
-0.497327 0.149063 -0.091892
-0.381388 0.111973 -0.094001
-0.382393 0.057000 -0.095111
-0.597181 0.095610 -0.091818
-0.432513 0.109078 -0.101466
-0.564023 -0.040002 -0.098035
-0.351573 0.101604 -0.102563
-0.466480 0.083985 -0.093580
-0.473104 0.136264 -0.100438
-0.506258 0.118411 -0.092413
-0.454483 -0.034018 -0.096128
-0.492749 0.245034 -0.097989
-0.368905 0.060455 -0.103200
-0.362683 0.034321 -0.103806
-0.627936 0.042055 -0.092553
-0.466540 0.030769 -0.102668
-0.519956 0.152364 -0.091561
-0.461589 0.204814 -0.091171
-0.564380 0.132658 -0.099447
-0.375249 0.100830 -0.102302
-0.504014 0.072473 -0.101379
-0.556582 0.167010 -0.090835
-0.618060 0.077409 -0.099949
-0.540219 0.183672 -0.098688
-0.514549 0.224956 -0.098144
-0.354063 0.052892 -0.095526
-0.580868 0.160552 -0.092315
-0.350027 0.058036 -0.103470
-0.344623 0.080817 -0.095066
-0.356492 0.111008 -0.094311
-0.541135 -0.013752 -0.102706
-0.588520 0.078398 -0.092271
-0.590608 0.072616 -0.092364
-0.471334 0.054479 -0.094126
-0.524609 -0.074145 -0.096129
-0.525472 0.104157 -0.092480
-0.473799 0.085913 -0.101457
-0.622627 0.039962 -0.100660
-0.352188 0.110815 -0.099429
-0.415275 0.089891 -0.094057
-0.453107 -0.039564 -0.104260
-0.379130 0.124414 -0.101776
-0.404075 0.048200 -0.103040
-0.497646 0.012693 -0.094672
-0.503684 -0.006215 -0.094987
-0.524979 0.149304 -0.099567
-0.528422 0.011403 -0.094339
-0.450111 -0.061588 -0.099311
-0.362250 0.072675 -0.103029
-0.540646 0.164734 -0.091067
-0.440317 0.111413 -0.101327
-0.500239 -0.088828 -0.096713
-0.478083 0.062597 -0.093881
-0.371899 0.018079 -0.097489
-0.558188 0.085865 -0.092472
-0.571525 0.071480 -0.100612
-0.369843 0.117562 -0.102024
-0.380619 0.138681 -0.095753
-0.471197 0.069592 -0.101821
-0.530664 0.209631 -0.098269
-0.588892 0.148769 -0.090830
-0.427488 0.158581 -0.100514
-0.526826 0.017633 -0.094230
-0.492283 -0.008898 -0.095175
-0.327814 0.080797 -0.095262
-0.542832 0.155005 -0.091240
-0.408990 0.147469 -0.100957
-0.529401 0.079633 -0.092935
-0.596862 0.056442 -0.100624
-0.553067 0.014733 -0.101986
-0.518366 0.224415 -0.097002
-0.383000 0.034178 -0.103572
-0.555997 -0.007370 -0.094401
-0.477094 0.139971 -0.092313
-0.438944 0.054151 -0.094510
-0.471684 0.151520 -0.100143
-0.591417 0.071045 -0.092387
-0.440995 0.122434 -0.093092
-0.625375 0.063588 -0.100145
-0.458243 -0.024558 -0.095891
-0.402981 -0.000199 -0.104041
-0.395557 0.146067 -0.093140
-0.588098 0.151397 -0.098788
-0.662637 0.071536 -0.099549
-0.447225 0.073340 -0.094022
-0.470238 -0.054407 -0.096361
-0.582951 0.157783 -0.098718
-0.633047 0.029070 -0.092758
-0.405389 0.146077 -0.101027
-0.479038 0.215888 -0.098744
-0.512986 0.221874 -0.098225
-0.418151 0.029267 -0.095260
-0.426009 0.164626 -0.100408
-0.634053 0.074622 -0.099819
-0.639517 0.055377 -0.092146
-0.571775 0.112129 -0.099780
-0.437307 -0.034222 -0.104335
-0.403415 0.149670 -0.092975
-0.488079 0.135838 -0.100272
-0.451615 0.114619 -0.093128
-0.416450 0.136095 -0.093100
-0.502869 -0.066142 -0.096220
-0.551015 0.097638 -0.092315
-0.537358 0.111895 -0.100186
-0.480395 -0.084182 -0.104852
-0.531748 0.110033 -0.100289
-0.446480 0.024886 -0.095019
-0.593024 0.042135 -0.092958
-0.469931 0.003463 -0.095183
-0.491300 0.006606 -0.094870
-0.492060 0.156680 -0.091798
-0.552452 0.159798 -0.091030
-0.598736 0.129747 -0.091104
-0.581903 0.110171 -0.091699
-0.435065 -0.002386 -0.103711
-0.418647 0.140483 -0.092985
-0.491939 0.110700 -0.092738
-0.501095 0.088475 -0.101087
-0.508103 0.080902 -0.093157
-0.618087 0.066509 -0.092169
-0.504037 0.091262 -0.092993
-0.574456 -0.001107 -0.102060
-0.537558 0.145013 -0.099508
-0.432011 -0.032930 -0.096368
-0.566971 0.056157 -0.100978
-0.465653 0.193893 -0.099349
-0.475153 -0.061213 -0.096442
-0.450442 0.040651 -0.094651
-0.444844 0.033656 -0.094859
-0.419790 0.074315 -0.102324
-0.439638 0.020332 -0.095192
-0.498466 0.126381 -0.100344
-0.509638 0.067885 -0.093405
-0.365535 0.073168 -0.094978
-0.319805 0.079030 -0.098663
-0.383946 0.074899 -0.102730
-0.468801 -0.080686 -0.097892
-0.506242 0.191675 -0.098920
-0.319405 0.071699 -0.100921
-0.353416 0.036875 -0.096146
-0.498954 0.239449 -0.090028
-0.617275 0.086232 -0.091775
-0.524889 -0.050195 -0.095637
-0.552341 0.128728 -0.099668
-0.543104 -0.060513 -0.099785
-0.374344 0.095369 -0.102424
-0.589983 0.062988 -0.100570
-0.351392 0.096062 -0.102678
-0.512871 0.032178 -0.102099
-0.587389 0.045165 -0.100964
-0.551920 0.129051 -0.099666
-0.501770 -0.000422 -0.102893
-0.378435 0.125271 -0.093764
-0.611586 0.073589 -0.100102
-0.389940 0.002903 -0.104130
-0.570332 0.073696 -0.092579
-0.591885 0.026909 -0.093282
-0.609519 0.046719 -0.100675
-0.353218 0.108258 -0.102408
-0.500689 0.190597 -0.091005
-0.572571 0.038035 -0.093281
-0.542440 0.161585 -0.099112
-0.489458 0.227625 -0.098382
-0.576361 -0.020430 -0.102432
-0.560021 0.044567 -0.101296
-0.591091 0.034386 -0.101141
-0.565096 0.112389 -0.091850
-0.414562 0.079598 -0.094275
-0.504270 0.028129 -0.094279
-0.495942 0.243272 -0.097987
-0.463664 0.172877 -0.091798
-0.363664 0.100688 -0.102440
-0.496489 -0.078654 -0.096549
-0.515690 -0.038089 -0.095498
-0.405292 0.162892 -0.095748
-0.438489 -0.009631 -0.103819
-0.522624 -0.021420 -0.095076
-0.445230 0.200066 -0.099461
-0.568488 0.163418 -0.098771
-0.372928 0.074222 -0.094870
-0.519797 -0.043924 -0.095569
-0.473825 0.079643 -0.101585
-0.492971 0.145147 -0.100025
-0.520091 -0.078650 -0.096274
-0.510070 0.069034 -0.101379
-0.443083 0.106777 -0.101390
-0.523356 0.081510 -0.092967
-0.497597 -0.050592 -0.095964
-0.578052 0.099253 -0.091967
-0.659218 0.054093 -0.091942
-0.452818 -0.001729 -0.103491
-0.512960 -0.066946 -0.104121
-0.358446 0.069458 -0.095136
-0.350826 0.083903 -0.102933
-0.328831 0.083336 -0.103201
-0.426099 0.120536 -0.101307
-0.526952 0.031012 -0.101958
-0.517826 -0.018298 -0.103071
-0.446979 0.095344 -0.101578
-0.535699 0.085291 -0.092746
-0.519701 -0.033040 -0.095348
-0.472804 0.001897 -0.103184
-0.463433 -0.029949 -0.095941
-0.478351 0.037037 -0.102402
-0.553646 0.093172 -0.092376
-0.343430 0.102189 -0.095986
-0.414783 0.150914 -0.100819
-0.478852 0.209859 -0.098869
-0.492012 -0.067449 -0.104375
-0.564922 0.001776 -0.102112
-0.511017 0.095168 -0.092832
-0.493286 -0.013731 -0.095262
-0.556492 -0.044779 -0.103161
-0.476490 0.187274 -0.099357
-0.384770 0.073020 -0.094757
-0.608237 0.019002 -0.101255
-0.532408 0.062993 -0.101242
-0.498824 0.164076 -0.099570
-0.400468 0.024218 -0.103572
-0.488813 0.051695 -0.101981
-0.554685 0.149743 -0.099211
-0.429396 -0.018092 -0.104098
-0.526195 -0.068888 -0.104006
-0.505478 -0.038808 -0.103634
-0.591787 0.077013 -0.092261
-0.388582 0.018829 -0.095818
-0.487252 -0.071954 -0.104523
-0.438837 -0.019777 -0.096020
-0.584799 -0.011292 -0.102147
-0.492297 0.105377 -0.100844
-0.448730 0.035989 -0.094767
-0.507748 -0.046356 -0.103761
-0.512203 0.096891 -0.100785
-0.605055 0.013762 -0.093397
-0.364210 0.051887 -0.103430
-0.595366 0.125510 -0.099232
-0.548855 -0.047319 -0.095299
-0.451877 0.003852 -0.103388
-0.368521 0.075603 -0.102896
-0.472303 -0.005026 -0.095329
-0.533744 -0.031813 -0.095159
-0.516905 0.108638 -0.092489
-0.416263 0.003989 -0.103800
-0.536772 0.077870 -0.100887
-0.453198 0.158370 -0.092217
-0.528188 -0.066797 -0.095938
-0.561295 0.092822 -0.100296
-0.487719 0.059198 -0.093838
-0.478541 0.003807 -0.103078
-0.501179 -0.101615 -0.104194
-0.599527 0.073519 -0.100244
-0.612204 0.069495 -0.100178
-0.562805 0.057097 -0.101008
-0.598737 0.129017 -0.099121
-0.483816 0.002623 -0.103041
-0.498921 -0.013408 -0.103192
-0.393551 0.076324 -0.102589
-0.539143 0.103200 -0.092340
-0.573136 0.039648 -0.093241
-0.502821 0.221280 -0.098356
-0.502562 0.127758 -0.092266
-0.586190 0.017278 -0.101548
-0.618116 0.033736 -0.092837
-0.510196 0.081071 -0.093130
-0.389708 0.019606 -0.103791
-0.471290 -0.011747 -0.095478
-0.444859 0.061659 -0.094288
-0.634227 0.054379 -0.100230
-0.520566 -0.023119 -0.103137
-0.506436 0.103557 -0.100717
-0.447026 0.142634 -0.092610
-0.600953 0.040529 -0.100901
-0.601592 0.139485 -0.094108
-0.502189 -0.081435 -0.104542
-0.654946 0.049198 -0.095447
-0.573963 0.068535 -0.100644
-0.604994 0.004133 -0.101597
-0.506851 0.069335 -0.093408
-0.651666 0.088472 -0.095071
-0.609360 0.010398 -0.101418
-0.401793 0.026215 -0.103516
-0.489540 0.192684 -0.091092
-0.475626 0.013684 -0.102910
-0.527702 0.168861 -0.091134
-0.507015 0.084991 -0.093087
-0.484618 -0.000925 -0.103104
-0.433807 -0.003134 -0.095739
-0.511271 0.058057 -0.101589
-0.437444 -0.023572 -0.096114
-0.518490 0.224078 -0.090493
-0.497680 0.060134 -0.093703
-0.451288 0.071002 -0.094022
-0.471899 0.103946 -0.093109
-0.379679 0.095590 -0.102358
-0.597521 0.142664 -0.098856
-0.409818 0.140048 -0.101099
-0.455585 0.182917 -0.091688
-0.475990 0.027749 -0.094617
-0.454167 0.175301 -0.099862
-0.486323 0.093888 -0.093146
-0.440419 0.180509 -0.099916
-0.390904 0.053790 -0.095078
-0.529025 -0.001752 -0.094600
-0.387141 0.016411 -0.103887
-0.550510 0.185269 -0.098535
-0.470732 0.035918 -0.102514
-0.365682 0.101182 -0.094404
-0.494085 -0.040503 -0.103801
-0.518209 0.025482 -0.102173
-0.460991 0.116107 -0.100991
-0.422111 0.018286 -0.095438
-0.614814 0.024465 -0.093065
-0.557083 0.067504 -0.100862
-0.577349 0.117142 -0.091610
-0.519506 0.167138 -0.099267
-0.422926 0.060915 -0.102561
-0.545788 0.015986 -0.102045
-0.473513 -0.008526 -0.103388
-0.520253 -0.074159 -0.096181
-0.419798 0.173931 -0.100291
-0.440680 0.029501 -0.094993
-0.543793 -0.040495 -0.103221
-0.585037 0.071895 -0.100446
-0.447079 0.151907 -0.100422
-0.409442 -0.019642 -0.104362
-0.527981 -0.037474 -0.095342
-0.482761 0.040153 -0.094285
-0.521877 0.121198 -0.092174
-0.503933 0.026857 -0.102311
-0.635872 0.104697 -0.098935
-0.546773 0.101114 -0.092294
-0.608459 0.053280 -0.100553
-0.574226 0.073135 -0.100547
-0.543834 0.158837 -0.099152
-0.472508 0.052391 -0.102157
-0.544192 0.029643 -0.093783
-0.563008 0.096231 -0.092204
-0.488201 0.237262 -0.090198
-0.622309 0.045368 -0.092551
-0.487342 0.132269 -0.100353
-0.549742 0.186343 -0.090520
-0.397892 0.140854 -0.101221
-0.478730 0.128483 -0.100531
-0.606974 0.053095 -0.100574
-0.547517 0.115408 -0.091994
-0.420939 0.056508 -0.094672
-0.518650 0.120139 -0.100236
-0.475669 -0.069439 -0.096604
-0.482713 0.235061 -0.098309
-0.589170 0.078204 -0.100269
-0.524324 0.127293 -0.100024
-0.638496 0.094823 -0.091353
-0.423511 0.115687 -0.093434
-0.569935 0.150392 -0.091018
-0.477681 0.030520 -0.094541
-0.494891 0.028398 -0.102385
-0.524165 0.066718 -0.101262
-0.473951 0.061197 -0.093958
-0.585993 0.045092 -0.092980
-0.456031 0.035833 -0.102687
-0.475320 0.083761 -0.093481
-0.375264 0.037926 -0.103586
-0.436008 0.096989 -0.093670
-0.496159 0.001809 -0.094911
-0.475187 0.014418 -0.094898
-0.440492 0.002413 -0.103550
-0.377317 0.048188 -0.103353
-0.565825 0.164143 -0.090785
-0.450027 -0.007894 -0.095647
-0.419302 0.061712 -0.102587
-0.393574 0.121175 -0.093671
-0.491814 -0.021271 -0.095433
-0.475398 0.231653 -0.091960
-0.445861 0.027324 -0.102979
-0.584631 0.073913 -0.100410
-0.382601 0.007193 -0.098224
-0.439800 -0.035108 -0.104324
-0.535721 -0.063045 -0.095773
-0.488973 0.232900 -0.090278
-0.460326 0.031597 -0.094721
-0.484858 0.113558 -0.100764
-0.544538 0.058885 -0.101184
-0.602521 0.045073 -0.092788
-0.456425 -0.061490 -0.096666
-0.552816 0.016416 -0.101954
-0.541020 0.029094 -0.101833
-0.366694 0.122087 -0.093966
-0.440667 0.050099 -0.102575
-0.647968 0.087818 -0.091385
-0.614240 0.099722 -0.091536
-0.488414 0.158661 -0.091800
-0.602052 0.117945 -0.091306
-0.569107 0.022004 -0.093648
-0.549456 0.040058 -0.101511
-0.546671 0.086505 -0.092593
-0.433577 0.018101 -0.103311
-0.355566 0.113561 -0.102272
-0.373664 0.118434 -0.093959
-0.412456 0.131538 -0.101242
-0.441118 0.020675 -0.095168
-0.472397 0.153901 -0.092084
-0.436277 0.175023 -0.092074
-0.497637 0.232341 -0.090189
-0.463159 0.208658 -0.099076
-0.629350 0.083258 -0.091695
-0.524363 0.098037 -0.100620
-0.403410 0.007556 -0.095875
-0.591082 0.100127 -0.091797
-0.451592 0.092586 -0.101580
-0.551218 0.164216 -0.090954
-0.467151 -0.005477 -0.103400
-0.469853 0.037095 -0.102500
-0.555118 -0.004289 -0.094348
-0.491061 0.213580 -0.090648
-0.427251 0.112264 -0.101462
-0.508641 0.234352 -0.097717
-0.399568 0.139375 -0.101232
-0.356749 0.038362 -0.095791
-0.514981 0.067111 -0.093359
-0.575629 0.048674 -0.101030
-0.491695 0.032661 -0.094333
-0.410498 0.125509 -0.101387
-0.519011 0.125011 -0.100132
-0.462297 0.218024 -0.098895
-0.356470 0.088479 -0.102773
-0.425310 0.106439 -0.101604
-0.458446 0.156794 -0.092188
-0.496783 0.079632 -0.101318
-0.546043 0.001305 -0.102342
-0.587533 0.029225 -0.093286
-0.463517 -0.015033 -0.095635
-0.453054 0.060428 -0.094217
-0.414306 0.068170 -0.094511
-0.646258 0.052951 -0.100119
-0.609174 0.077110 -0.092056
-0.511305 0.135277 -0.092010
-0.436774 0.078465 -0.102041
-0.502471 0.103605 -0.092760
-0.632909 0.083714 -0.099647
-0.495640 0.120401 -0.092497
-0.417449 0.132763 -0.093156
-0.553012 0.046567 -0.093334
-0.409782 0.014002 -0.103672
-0.389044 0.062996 -0.094911
-0.539754 0.018992 -0.094052
-0.466515 0.108216 -0.101087
-0.416801 0.172998 -0.092343
-0.546127 0.109634 -0.100130
-0.455308 0.036165 -0.102688
-0.384993 0.109926 -0.102003
-0.444265 0.018612 -0.103175
-0.417701 0.099122 -0.101842
-0.406586 0.148914 -0.100955
-0.603382 0.035172 -0.100982
-0.327467 0.073208 -0.095421
-0.324870 0.066205 -0.103276
-0.422716 0.055898 -0.094664
-0.359342 0.093220 -0.094641
-0.591989 0.061677 -0.100574
-0.514148 0.100247 -0.092692
-0.520910 0.192395 -0.098735
-0.471296 -0.048095 -0.104222
-0.322385 0.068613 -0.099429
-0.418623 0.027981 -0.103283
-0.582990 -0.015394 -0.094250
-0.528272 0.098254 -0.092568
-0.584638 -0.019768 -0.098502
-0.605173 0.009409 -0.093485
-0.493361 -0.060190 -0.096209
-0.629951 0.086138 -0.091630
-0.549697 0.192409 -0.094859
-0.404333 0.068687 -0.102619
-0.542337 0.078238 -0.100815
-0.420885 0.146742 -0.100833
-0.356415 0.109269 -0.094347
-0.462455 0.133181 -0.100625
-0.323002 0.071223 -0.095514
-0.543111 0.097219 -0.100418
-0.600534 0.083780 -0.092021
-0.491101 0.064821 -0.101686
-0.438322 0.000331 -0.103618
-0.625943 0.085827 -0.099685
-0.449851 0.079445 -0.093867
-0.468712 -0.004308 -0.095356
-0.421035 -0.027858 -0.096393
-0.629336 0.062439 -0.092120
-0.534215 0.128254 -0.099889
-0.438737 0.027275 -0.103063
-0.420841 0.097361 -0.101841
-0.504474 -0.077523 -0.096433
-0.445927 0.136829 -0.092741
-0.433447 0.076280 -0.094122
-0.459426 0.020822 -0.094951
-0.391995 0.020313 -0.095748
-0.629475 0.059705 -0.092175
-0.458453 0.178035 -0.099756
-0.518891 0.029751 -0.102078
-0.457310 0.082259 -0.093722
-0.327017 0.071471 -0.095462
-0.437594 0.112833 -0.101330
-0.368465 0.082983 -0.102746
-0.402452 0.156247 -0.092852
-0.539508 0.123761 -0.099919
-0.368743 0.106124 -0.102270
-0.489684 0.015284 -0.094712
-0.534153 0.154381 -0.099356
-0.638172 0.080276 -0.091653
-0.582993 0.132808 -0.099227
-0.593322 -0.011224 -0.101092
-0.535011 -0.068472 -0.097935
-0.617028 0.032066 -0.092884
-0.591409 0.139426 -0.090991
-0.515600 -0.035863 -0.103455
-0.583613 0.111728 -0.099650
-0.561491 0.049484 -0.093176
-0.461423 0.154047 -0.092209
-0.594134 0.059034 -0.100603
-0.524118 -0.047072 -0.095583
-0.588836 0.012418 -0.093614
-0.544292 -0.045047 -0.095306
-0.542446 0.110456 -0.092154
-0.457310 -0.013939 -0.095686
-0.384370 0.007587 -0.104099
-0.426190 -0.029632 -0.104371
-0.476545 0.020011 -0.102770
-0.483831 0.064361 -0.101780
-0.326180 0.079594 -0.095306
-0.478178 -0.015009 -0.095464
-0.500058 0.095338 -0.092957
-0.462223 -0.003946 -0.095424
-0.365598 0.098853 -0.094453
-0.472295 0.193301 -0.091281
-0.341745 0.085756 -0.103001
-0.519900 0.030842 -0.102044
-0.493256 -0.076309 -0.104541
-0.369214 0.030954 -0.095797
-0.558479 0.131864 -0.091530
-0.513693 0.200118 -0.098661
-0.477225 -0.016098 -0.095497
-0.389980 0.079254 -0.102571
-0.503168 0.109613 -0.092629
-0.508535 0.113546 -0.100488
-0.411521 0.049405 -0.094927
-0.538583 0.135994 -0.099680
-0.544153 0.017724 -0.102029
-0.419282 0.176617 -0.095450
-0.518475 -0.081376 -0.096349
-0.521958 0.053751 -0.093550
-0.593546 0.056819 -0.092653
-0.377923 0.025600 -0.095804
-0.431603 -0.038773 -0.096492
-0.407193 0.088585 -0.094177
-0.518899 -0.081716 -0.096351
-0.488731 0.123419 -0.100518
-0.498952 -0.024557 -0.103419
-0.565689 0.080367 -0.092497
-0.573818 0.060349 -0.100813
-0.446175 -0.057407 -0.104529
-0.633183 0.095398 -0.091403
-0.517216 -0.085926 -0.098845
-0.539775 0.078045 -0.092846
-0.566462 0.071289 -0.100675
-0.612667 0.088029 -0.099795
-0.482245 0.226326 -0.090491
-0.640342 0.084437 -0.099545
-0.546532 0.029674 -0.101757
-0.449882 0.184843 -0.091715
-0.474175 -0.078982 -0.096816
-0.591131 0.031773 -0.093192
-0.499756 -0.103034 -0.101617
-0.451817 0.074748 -0.093939
-0.454224 0.049613 -0.102427
-0.519958 0.043487 -0.101785
-0.609425 0.086635 -0.099861
-0.450831 0.197235 -0.091451
-0.578815 0.119197 -0.091551
-0.556406 -0.037759 -0.095016
-0.566198 0.110993 -0.099868
-0.434451 0.087799 -0.101878
-0.557432 0.029023 -0.101643
-0.593630 0.000068 -0.101812
-0.544573 0.060871 -0.101143
-0.520122 0.118808 -0.100246
-0.590750 0.126669 -0.099262
-0.476903 0.168490 -0.091734
-0.447363 0.041955 -0.102663
-0.438928 0.022222 -0.103164
-0.588183 0.006842 -0.093735
-0.601603 0.026263 -0.101184
-0.568402 -0.011159 -0.094333
-0.503712 0.066318 -0.101509
-0.474966 0.092459 -0.101310
-0.433753 0.070210 -0.102245
-0.380179 0.015910 -0.095976
-0.577336 0.000194 -0.093997
-0.418823 0.002860 -0.095791
-0.557407 0.130478 -0.091571
-0.511781 0.195608 -0.090773
-0.514913 0.014207 -0.102441
-0.410609 0.163038 -0.100620
-0.503035 0.071736 -0.101406
-0.440872 0.072215 -0.102121
-0.512020 0.100013 -0.092722
-0.501438 0.173926 -0.099339
-0.490122 -0.090762 -0.104873
-0.452807 -0.042188 -0.104317
-0.446686 -0.047279 -0.096490
-0.412012 0.054103 -0.102827
-0.634118 0.072807 -0.099855
-0.582675 0.086967 -0.092164
-0.408771 0.145343 -0.093001
-0.459860 -0.011415 -0.103606
-0.657457 0.082632 -0.096999
-0.569531 -0.007680 -0.094249
-0.583418 0.094771 -0.091996
-0.601513 0.069250 -0.092306
-0.442940 0.072058 -0.094098
-0.479078 0.080488 -0.101507
-0.478737 0.223047 -0.098601
-0.391776 0.117879 -0.101762
-0.540373 0.046442 -0.101487
-0.590276 0.137209 -0.099052
-0.491500 0.015302 -0.102692
-0.506456 0.211627 -0.090509
-0.615676 0.086527 -0.091788
-0.443506 0.070045 -0.094132
-0.446881 -0.057982 -0.096706
-0.476691 0.215260 -0.098784
-0.557902 0.048513 -0.101240
-0.462495 0.026730 -0.102797
-0.588304 0.148270 -0.098849
-0.451682 -0.038946 -0.104264
-0.578858 0.039245 -0.093183
-0.614366 0.110424 -0.099318
-0.464638 0.136312 -0.092533
-0.402223 0.133972 -0.101311
-0.508007 0.159280 -0.091559
-0.346578 0.091992 -0.094815
-0.532624 -0.040700 -0.103356
-0.580513 -0.023832 -0.096746
-0.592823 0.148359 -0.092097
-0.548880 0.134129 -0.091596
-0.526682 -0.076657 -0.096638
-0.383925 0.060246 -0.095027
-0.406807 0.152805 -0.100873
-0.506078 -0.011078 -0.103061
-0.448983 -0.002830 -0.095556
-0.595571 0.023779 -0.101305
-0.403621 0.053977 -0.102928
-0.396318 0.118974 -0.101686
-0.501768 -0.041299 -0.095725
-0.449664 -0.039264 -0.096292
-0.335343 0.065790 -0.103483
-0.659822 0.066843 -0.099677
-0.526809 0.054216 -0.093484
-0.433543 0.187322 -0.099857
-0.522084 0.175328 -0.091067
-0.511733 0.028549 -0.102186
-0.605597 0.023501 -0.101194
-0.556712 -0.007128 -0.094387
-0.392034 -0.002327 -0.101172
-0.484375 0.135651 -0.100319
-0.456231 0.190832 -0.091519
-0.511271 0.211650 -0.090452
-0.430373 0.187472 -0.092127
-0.460390 0.143446 -0.092437
-0.417260 0.062891 -0.094584
-0.426859 0.095740 -0.093802
-0.475353 0.110150 -0.100945
-0.384434 0.097562 -0.102262
-0.462626 0.048299 -0.102355
-0.415237 0.112900 -0.093587
-0.631745 0.099607 -0.091334
-0.614589 0.126384 -0.098685
-0.528684 0.039338 -0.093766
-0.475785 0.064315 -0.101875
-0.638451 0.101869 -0.092768
-0.490018 0.004395 -0.094930
-0.624097 0.064433 -0.092141
-0.625814 0.078238 -0.091839
-0.577289 0.138509 -0.099177
-0.606231 0.011513 -0.093429
-0.486630 0.121321 -0.100585
-0.425009 0.182250 -0.096879
-0.517354 -0.079937 -0.104334
-0.535138 -0.027009 -0.095045
-0.428798 0.154847 -0.092573
-0.445473 -0.030862 -0.104171
-0.416996 -0.027738 -0.102243
-0.413514 0.105139 -0.093766
-0.452009 0.094754 -0.093529
-0.424112 0.126943 -0.093197
-0.539600 -0.053247 -0.103530
-0.425766 0.183021 -0.100017
-0.504365 -0.004926 -0.094953
-0.595430 -0.008212 -0.101960
-0.470676 0.227051 -0.095510
-0.569218 0.076687 -0.100533
-0.461007 0.076704 -0.101795
-0.388731 0.001043 -0.101252
-0.545336 -0.011871 -0.094617
-0.474094 0.166057 -0.091816
-0.495013 -0.031062 -0.103598
-0.517486 0.004705 -0.102605
-0.443755 0.009347 -0.095368
-0.531868 0.020484 -0.094113
-0.327883 0.076459 -0.095350
-0.496542 0.244684 -0.089949
-0.433588 -0.023295 -0.096153
-0.373604 0.128414 -0.101758
-0.450941 -0.000092 -0.103479
-0.582330 0.083419 -0.100243
-0.600648 0.035346 -0.101010
-0.405499 0.149811 -0.092948
-0.629550 0.054896 -0.092272
-0.586035 0.063409 -0.100608
-0.553429 -0.048145 -0.103265
-0.394825 0.120668 -0.101669
-0.583567 0.013646 -0.101652
-0.452498 -0.029886 -0.104069
-0.400505 0.137223 -0.093263
-0.562466 0.137103 -0.091376
-0.387233 0.143620 -0.101289
-0.405650 0.118981 -0.093575
-0.581162 0.098562 -0.099947
-0.468257 0.012861 -0.103013
-0.391645 0.100731 -0.102113
-0.370959 0.019164 -0.101418
-0.444188 0.091061 -0.101698
-0.661992 0.077851 -0.092085
-0.494761 0.155614 -0.099790
-0.463330 0.189376 -0.091466
-0.485866 0.231745 -0.090338
-0.422022 -0.010522 -0.096027
-0.460785 0.143334 -0.092435
-0.498466 -0.020353 -0.103339
-0.527149 0.155725 -0.091408
-0.540969 0.105245 -0.092277
-0.527205 0.147369 -0.099580
-0.613966 0.070224 -0.100143
-0.336261 0.059018 -0.103610
-0.627444 0.069281 -0.092003
-0.460209 -0.030735 -0.095995
-0.499217 0.134532 -0.100169
-0.427827 0.119688 -0.093302
-0.403819 0.121923 -0.093536
-0.559165 -0.044768 -0.098050
-0.435942 0.136558 -0.100865
-0.515685 0.142122 -0.091820
-0.553838 0.101376 -0.092206
-0.388151 0.082782 -0.094518
-0.515001 -0.058209 -0.103918
-0.506442 0.123703 -0.100305
-0.407830 0.127329 -0.093379
-0.441540 0.159393 -0.100334
-0.433305 0.189277 -0.091818
-0.665255 0.074540 -0.092582
-0.539383 0.159664 -0.099187
-0.463884 -0.024507 -0.103827
-0.454928 0.108013 -0.101226
-0.464255 0.144102 -0.100381
-0.521974 0.010167 -0.094439
-0.398351 -0.008840 -0.098901
-0.413074 0.037681 -0.095148
-0.620826 0.087956 -0.099701
-0.495068 0.103184 -0.092855
-0.409774 0.002822 -0.103900
-0.630452 0.077495 -0.099802
-0.569301 -0.018632 -0.094475
-0.461403 0.189777 -0.099482
-0.491605 -0.066906 -0.104369
-0.376539 0.122280 -0.093847
-0.591903 0.149431 -0.096254
-0.520251 0.085877 -0.092914
-0.560684 0.077930 -0.100607
-0.473735 0.032936 -0.094537
-0.356690 0.043591 -0.095685
-0.528134 -0.062643 -0.103856
-0.643299 0.037782 -0.096877
-0.549210 0.115710 -0.099970
-0.567545 0.018715 -0.101736
-0.377715 0.135851 -0.098009
-0.579129 0.075692 -0.092435
-0.543609 0.045171 -0.093473
-0.462116 0.034863 -0.102636
-0.479281 0.187532 -0.099319
-0.479419 0.209765 -0.098864
-0.468332 0.035712 -0.102546
-0.534831 -0.068617 -0.101479
-0.486003 -0.030284 -0.103687
-0.553936 -0.049861 -0.102308
-0.422080 0.106538 -0.093637
-0.593443 -0.009122 -0.094000
-0.492849 0.045740 -0.102055
-0.563567 -0.000221 -0.102169
-0.475915 0.134458 -0.100442
-0.502397 -0.036492 -0.095620
-0.385064 0.108488 -0.094029
-0.404757 0.061904 -0.094750
-0.402964 0.120840 -0.093568
-0.565077 0.132544 -0.091439
-0.560713 -0.042897 -0.095071
-0.480354 -0.092440 -0.098594
-0.469555 0.056528 -0.094104
-0.585035 0.135265 -0.099153
-0.514970 -0.066316 -0.096082
-0.539413 0.198020 -0.090402
-0.503345 -0.084081 -0.096580
-0.493520 0.018180 -0.102610
-0.480583 0.234953 -0.090334
-0.454462 0.197531 -0.099405
-0.422444 0.136607 -0.093019
-0.523034 -0.080229 -0.097473
-0.318807 0.078061 -0.099852
-0.570944 0.034163 -0.101381
-0.476732 0.007172 -0.103030
-0.407609 0.111045 -0.093714
-0.366059 0.031293 -0.095826
-0.467621 0.212623 -0.098943
-0.465610 -0.029477 -0.103908
-0.610512 0.076041 -0.100065
-0.534960 0.142501 -0.099589
-0.468654 0.197924 -0.091229
-0.495070 0.038167 -0.094182
-0.425844 0.003548 -0.103698
-0.495206 0.089399 -0.101137
-0.456212 -0.032342 -0.104076
-0.537655 0.020109 -0.094054
-0.504165 -0.060082 -0.096081
-0.494556 0.108389 -0.100757
-0.520270 0.115790 -0.092303
-0.391806 0.023595 -0.103686
-0.520164 0.022652 -0.094206
-0.534492 0.057236 -0.093333
-0.369857 0.108740 -0.102204
-0.554520 0.151938 -0.091166
-0.453381 0.134865 -0.092694
-0.498244 0.144192 -0.091981
-0.430641 0.187778 -0.097032
-0.635861 0.050717 -0.092284
-0.485412 0.106335 -0.092903
-0.484048 0.063152 -0.093800
-0.452417 0.157158 -0.100253
-0.549351 0.137278 -0.099528
-0.604235 0.036820 -0.092936
-0.629147 0.111314 -0.091540
-0.469941 -0.081818 -0.098797
-0.560556 0.103040 -0.092094
-0.563060 0.009109 -0.101984
-0.614408 0.026080 -0.093037
-0.391375 0.057972 -0.102989
-0.586130 -0.003715 -0.101977
-0.390898 0.085015 -0.102443
-0.328712 0.087803 -0.102362
-0.450591 0.121020 -0.101012
-0.358724 0.085690 -0.102804
-0.610200 0.056758 -0.092460
-0.432750 -0.016704 -0.096028
-0.613000 0.093526 -0.091676
-0.446603 -0.050667 -0.104562
-0.493741 -0.066828 -0.104342
-0.467200 0.187281 -0.099465
-0.366881 0.072699 -0.102974
-0.457504 0.019588 -0.094999
-0.404863 0.003698 -0.103939
-0.440814 0.023337 -0.095117
-0.453618 0.170700 -0.099962
-0.609901 0.016953 -0.093275
-0.503712 0.176165 -0.099267
-0.512719 0.106963 -0.092572
-0.479999 -0.010769 -0.095356
-0.487011 -0.015783 -0.103379
-0.463857 -0.075619 -0.098742
-0.607830 0.115156 -0.099298
-0.469373 0.054555 -0.102149
-0.487654 0.243666 -0.090437
-0.488291 0.186315 -0.091237
-0.359305 0.030902 -0.097045
-0.493724 0.146969 -0.099979
-0.376422 0.018259 -0.103974
-0.464254 -0.021475 -0.095758
-0.481775 -0.073307 -0.096612
-0.502457 -0.066847 -0.104241
-0.464501 -0.041348 -0.104163
-0.554206 -0.003599 -0.102347
-0.381746 0.072175 -0.102811
-0.468004 0.044647 -0.102367
-0.645919 0.072061 -0.091731
-0.467677 0.023285 -0.094805
-0.605481 0.010334 -0.101464
-0.466381 0.185805 -0.091503
-0.535500 -0.052598 -0.095563
-0.458620 0.138388 -0.100563
-0.453567 0.047861 -0.094468
-0.609275 0.131675 -0.094781
-0.491623 0.017339 -0.102649
-0.478004 0.154579 -0.100007
-0.525064 0.196722 -0.098598
-0.610648 0.056178 -0.100468
-0.474203 0.043834 -0.094309
-0.537846 0.002277 -0.102418
-0.605962 0.119555 -0.099230
-0.389404 0.007321 -0.096044
-0.346792 0.098684 -0.102678
-0.459617 0.075381 -0.093836
-0.496573 0.003172 -0.094878
-0.462716 0.075012 -0.093807
-0.447229 0.062957 -0.102236
-0.648291 0.087308 -0.099394
-0.383644 0.025098 -0.103750
-0.474291 0.021872 -0.094757
-0.458780 0.117265 -0.092990
-0.517425 -0.039376 -0.095504
-0.588290 0.092779 -0.099982
-0.411078 0.154085 -0.100797
-0.521959 0.064686 -0.101329
-0.483311 -0.077126 -0.096672
-0.451175 0.157635 -0.092255
-0.489110 0.137595 -0.100224
-0.561475 0.116737 -0.091804
-0.399219 0.067362 -0.102706
-0.532611 -0.018324 -0.102899
-0.481230 -0.074188 -0.096636
-0.424508 0.140311 -0.092920
-0.493166 0.097450 -0.100996
-0.505678 -0.059378 -0.104051
-0.415618 0.159680 -0.092628
-0.385281 0.008903 -0.104062
-0.495308 0.210037 -0.098673
-0.499486 0.092431 -0.093023
-0.578197 0.000974 -0.101974
-0.636156 0.073898 -0.091807
-0.488492 0.125906 -0.092468
-0.467186 0.138018 -0.100471
-0.436456 0.111963 -0.093359
-0.453838 0.169256 -0.099989
-0.635806 0.065417 -0.099986
-0.543049 0.108751 -0.092182
-0.425948 0.170835 -0.092280
-0.453115 0.202969 -0.099310
-0.491935 0.208922 -0.090733
-0.369739 0.062532 -0.103148
-0.503220 0.171872 -0.091358
-0.451778 0.208532 -0.098387
-0.517429 0.218825 -0.090234
-0.375287 0.063289 -0.095066
-0.616530 0.015902 -0.093220
-0.497169 0.245954 -0.094906
-0.499534 0.135874 -0.100138
-0.585899 0.074390 -0.092383
-0.380481 0.015735 -0.103978
-0.475751 0.084236 -0.101469
-0.407940 0.108791 -0.093756
-0.544787 0.089037 -0.092564
-0.572101 0.159054 -0.098818
-0.417520 0.020274 -0.103453
-0.501445 0.104610 -0.092751
-0.546057 0.001680 -0.094332
-0.352842 0.057095 -0.095454
-0.480523 -0.073977 -0.096640
-0.568697 0.033942 -0.101411
-0.421501 0.104817 -0.101682
-0.475252 -0.027512 -0.103756
-0.361480 0.082618 -0.094832
-0.533759 0.193742 -0.098557
-0.351153 0.065057 -0.095311
-0.514772 -0.049358 -0.103740
-0.521244 -0.068114 -0.104048
-0.431201 0.063822 -0.094403
-0.601867 0.122143 -0.099224
-0.524154 0.037918 -0.093848
-0.406633 0.035855 -0.103262
-0.616921 0.081728 -0.091872
-0.522037 0.134259 -0.099908
-0.438487 -0.018563 -0.095999
-0.441070 0.067587 -0.102213
-0.453079 0.188247 -0.091608
-0.382501 0.104705 -0.094136
-0.624723 0.022220 -0.100997
-0.483192 -0.091708 -0.104973
-0.503939 0.024704 -0.094353
-0.446758 -0.058070 -0.102423
-0.523229 0.216071 -0.090222
-0.637533 0.101784 -0.099224
-0.467881 0.089856 -0.093444
-0.459186 0.178002 -0.091746
-0.481442 0.211785 -0.098799
-0.507497 0.111771 -0.092534
-0.473535 -0.046487 -0.104163
-0.463762 0.182449 -0.099604
-0.443227 0.130410 -0.092904
-0.517652 0.187723 -0.090866
-0.486479 0.209521 -0.090785
-0.361786 0.028354 -0.096440
-0.517050 -0.049030 -0.103707
-0.442150 0.043740 -0.102687
-0.604619 0.091358 -0.099821
-0.504539 0.019477 -0.102455
-0.521944 -0.047331 -0.103615
-0.453572 0.189904 -0.099571
-0.529232 0.047507 -0.093593
-0.480529 0.160011 -0.091864
-0.628979 0.111621 -0.095736
-0.567223 -0.033167 -0.102798
-0.523769 0.053777 -0.093528
-0.529071 0.201307 -0.090455
-0.484533 -0.046248 -0.104030
-0.464572 0.014035 -0.095030
-0.542260 0.139487 -0.091563
-0.581674 0.032433 -0.101291
-0.642661 0.042165 -0.092379
-0.493683 -0.005306 -0.103087
-0.449621 0.112858 -0.093187
-0.562379 0.052600 -0.101104
-0.464373 -0.050058 -0.096340
-0.445197 -0.056473 -0.102586
-0.373817 0.020185 -0.103965
-0.489174 0.219119 -0.090557
-0.541611 -0.025590 -0.094940
-0.367907 0.110156 -0.102198
-0.494257 -0.100423 -0.105022
-0.552982 -0.011133 -0.094513
-0.465682 0.044153 -0.102404
-0.389923 0.093823 -0.094272
-0.517153 0.112465 -0.100410
-0.580547 0.117550 -0.091565
-0.537368 0.016901 -0.102125
-0.492284 0.070109 -0.093562
-0.529863 -0.037859 -0.095328
-0.430615 0.117039 -0.101326
-0.582569 0.059615 -0.092723
-0.549505 0.028818 -0.093738
-0.662618 0.077260 -0.093554
-0.653526 0.047808 -0.095867
-0.571284 0.013424 -0.101800
-0.426889 0.184097 -0.097113
-0.591852 0.013109 -0.101567
-0.426708 0.150311 -0.100692
-0.548523 -0.011545 -0.094573
-0.506912 0.189757 -0.090950
-0.659561 0.053703 -0.092810
-0.403981 0.080063 -0.094389
-0.463695 0.047354 -0.102362
-0.574881 0.003390 -0.101963
-0.479771 0.064289 -0.093827
-0.562888 0.047967 -0.101193
-0.338807 0.053074 -0.095700
-0.433175 0.044620 -0.102774
-0.500977 0.178166 -0.099258
-0.446745 0.127683 -0.092918
-0.371218 0.100600 -0.094352
-0.436465 0.153391 -0.092513
-0.514589 -0.085838 -0.104487
-0.539972 0.134647 -0.091689
-0.543419 -0.054037 -0.103502
-0.627766 0.111114 -0.091145
-0.536703 0.205717 -0.096809
-0.632513 0.084852 -0.099628
-0.529109 -0.027348 -0.095122
-0.641275 0.061400 -0.100005
-0.567468 0.032760 -0.093448
-0.439140 0.046606 -0.102664
-0.515884 0.196952 -0.098700
-0.601224 0.110492 -0.091468
-0.533227 0.093968 -0.100600
-0.610024 0.063709 -0.092320
-0.430145 0.102022 -0.093636
-0.379105 0.029328 -0.103717
-0.519127 -0.023146 -0.103155
-0.562291 0.134140 -0.099441
-0.471398 0.116249 -0.100866
-0.532974 0.128734 -0.091891
-0.446758 0.193142 -0.099584
-0.446626 0.125541 -0.092963
-0.443006 -0.039293 -0.096370
-0.400318 0.026552 -0.095524
-0.584383 0.156984 -0.092772
-0.516303 0.178841 -0.091063
-0.503905 0.146335 -0.099873
-0.469815 0.199795 -0.099180
-0.486886 0.169656 -0.099596
-0.569848 -0.016867 -0.094433
-0.385011 0.039320 -0.095442
-0.453554 0.036066 -0.102711
-0.516624 0.080650 -0.093063
-0.549312 0.063364 -0.093035
-0.479605 0.196280 -0.091135
-0.398371 0.049164 -0.103087
-0.587098 0.123040 -0.099378
-0.464981 0.191111 -0.099413
-0.667068 0.062775 -0.099676
-0.383534 0.093952 -0.102346
-0.470416 0.109144 -0.093021
-0.443811 -0.047933 -0.096537
-0.436042 0.164707 -0.092287
-0.507467 0.118969 -0.100390
-0.418706 0.012370 -0.095599
-0.518803 0.057354 -0.093513
-0.513048 0.054074 -0.101650
-0.469733 0.120831 -0.100792
-0.343992 0.077937 -0.095132
-0.395937 0.153741 -0.098984
-0.380526 0.068809 -0.102894
-0.584490 0.137972 -0.091102
-0.340627 0.099433 -0.095368
-0.441511 0.047996 -0.094606
-0.377547 0.039753 -0.095520
-0.457094 0.059556 -0.094188
-0.506123 0.106665 -0.092655
-0.489578 0.019222 -0.094632
-0.473349 -0.019800 -0.095618
-0.415639 0.167386 -0.092471
-0.500367 -0.060576 -0.104137
-0.581975 0.154233 -0.090799
-0.468069 0.116488 -0.100900
-0.373629 0.048566 -0.103388
-0.510773 0.217904 -0.090330
-0.583147 -0.002057 -0.093975
-0.647945 0.045136 -0.100259
-0.566238 0.041892 -0.101278
-0.549872 0.156251 -0.091132
-0.361613 0.119145 -0.102087
-0.658207 0.052425 -0.098530
-0.564591 0.092809 -0.092256
-0.608773 0.083320 -0.099936
-0.480650 -0.032410 -0.103793
-0.441402 0.117704 -0.093184
-0.548212 0.006498 -0.094208
-0.488136 -0.027202 -0.095597
-0.518613 0.154034 -0.091542
-0.430800 0.147158 -0.092707
-0.480301 0.236468 -0.092397
-0.482592 0.158603 -0.099871
-0.411231 0.037886 -0.095165
-0.589920 0.113859 -0.091531
-0.504086 0.145720 -0.091881
-0.594139 0.127417 -0.099207
-0.435641 -0.044908 -0.096570
-0.566594 0.029571 -0.093523
-0.461886 0.031192 -0.102713
-0.612770 0.081226 -0.099932
-0.546547 0.107767 -0.100163
-0.434172 0.074599 -0.094148
-0.441363 -0.030006 -0.104202
-0.474843 0.110419 -0.100945
-0.550752 0.191445 -0.098341
-0.521279 0.187895 -0.090820
-0.399401 0.046727 -0.103125
-0.449654 -0.057833 -0.104673
-0.402945 0.145533 -0.101067
-0.412625 0.102350 -0.101835
-0.444576 -0.027433 -0.096109
-0.356811 0.102380 -0.094483
-0.389435 0.113396 -0.101880
-0.435170 0.192151 -0.099740
-0.365414 0.052753 -0.095396
-0.577448 0.130761 -0.099333
-0.604580 0.129076 -0.091049
-0.580579 -0.023741 -0.099664
-0.384572 0.071015 -0.102802
-0.581298 0.068269 -0.092562
-0.544776 0.161726 -0.091080
-0.516514 -0.086622 -0.098008
-0.657128 0.082131 -0.091394
-0.532243 0.031921 -0.101878
-0.430118 0.155872 -0.100539
-0.511437 0.226073 -0.090156
-0.357403 0.077783 -0.102981
-0.645902 0.092672 -0.099312
-0.514726 0.226659 -0.098108
-0.372266 0.076801 -0.094825
-0.563387 0.161835 -0.090861
-0.526375 -0.052389 -0.095665
-0.518157 0.067799 -0.093308
-0.423123 0.129768 -0.101153
-0.629276 0.049988 -0.100377
-0.420058 -0.018501 -0.096213
-0.546936 0.051678 -0.093301
-0.342713 0.047802 -0.096631
-0.346668 0.076279 -0.103137
-0.544270 -0.033468 -0.103072
-0.484713 0.157601 -0.099867
-0.458080 -0.020169 -0.095804
-0.412971 0.037228 -0.103160
-0.411211 0.146971 -0.092939
-0.550155 0.015592 -0.094000
-0.610605 0.038791 -0.092822
-0.520021 -0.083182 -0.097862
-0.360357 0.110028 -0.102288
-0.439460 -0.024646 -0.096112
-0.493336 0.006677 -0.102847
-0.532872 -0.056904 -0.095681
-0.568005 0.104165 -0.091984
-0.494170 0.081051 -0.101319
-0.388367 0.061853 -0.102945
-0.510191 -0.073464 -0.096284
-0.372329 0.034409 -0.103692
-0.466618 0.060721 -0.094053
-0.630097 0.041242 -0.092544
-0.505171 -0.059764 -0.104065
-0.470853 0.193408 -0.091296
-0.574623 -0.000124 -0.094035
-0.432576 0.096186 -0.101729
-0.580096 0.161460 -0.096051
-0.563765 0.062974 -0.092874
-0.381149 0.139241 -0.100322
-0.528591 -0.017959 -0.102938
-0.646223 0.049648 -0.092185
-0.481844 0.055559 -0.093981
-0.646070 0.060330 -0.091968
-0.401312 0.004755 -0.103959
-0.503897 0.118472 -0.092440
-0.422083 0.104161 -0.101688
-0.448638 0.040628 -0.102675
-0.397731 0.018253 -0.095723
-0.530353 0.176389 -0.090949
-0.556663 0.124356 -0.099706
-0.519894 0.107008 -0.092487
-0.489069 0.065436 -0.093695
-0.514869 0.030451 -0.094108
-0.437603 0.094356 -0.093705
-0.375039 0.121824 -0.093874
-0.419387 0.174965 -0.100274
-0.663683 0.076147 -0.092705
-0.559400 0.023819 -0.101726
-0.600358 0.129212 -0.099098
-0.431833 0.182745 -0.099971
-0.397735 0.033429 -0.095414
-0.485006 0.109642 -0.100842
-0.545264 -0.023698 -0.094859
-0.342099 0.099440 -0.094715
-0.552661 0.112827 -0.091986
-0.362308 0.106123 -0.102345
-0.519642 0.195089 -0.090692
-0.649890 0.044268 -0.098921
-0.518947 -0.043478 -0.103572
-0.469355 0.065034 -0.101935
-0.593958 0.105946 -0.099647
-0.413298 0.006175 -0.095788
-0.473495 -0.045851 -0.104150
-0.521376 0.022602 -0.102195
-0.463676 -0.045060 -0.096246
-0.435970 -0.041165 -0.104492
-0.619229 0.051880 -0.100456
-0.420874 0.047607 -0.102856
-0.400442 0.116118 -0.093694
-0.649027 0.081958 -0.091492
-0.425379 0.094150 -0.101854
-0.479874 0.236085 -0.096342
-0.489824 0.005862 -0.102904
-0.460900 0.216893 -0.098935
-0.543607 0.053447 -0.093304
-0.600285 0.028385 -0.093154
-0.475803 0.113963 -0.092859
-0.353675 0.096753 -0.102637
-0.510928 0.027886 -0.102209
-0.647856 0.078238 -0.099584
-0.552353 -0.023984 -0.102784
-0.427543 0.103433 -0.093637
-0.388091 0.100112 -0.102167
-0.637059 0.103328 -0.094003
-0.571672 0.052202 -0.101004
-0.592817 0.012561 -0.093564
-0.456936 0.145297 -0.092440
-0.495734 -0.089597 -0.096782
-0.371940 0.119742 -0.093953
-0.536073 -0.067422 -0.098722
-0.604386 0.096249 -0.099724
-0.387919 0.118340 -0.093795
-0.536028 -0.058606 -0.103681
-0.540981 0.039450 -0.093620
-0.576482 0.023316 -0.101538
-0.471605 0.157756 -0.092014
-0.476157 0.090827 -0.101330
-0.551678 0.116457 -0.091924
-0.663608 0.076414 -0.098617
-0.560016 0.058341 -0.093013
-0.511614 -0.031090 -0.103404
-0.426034 0.030423 -0.103147
-0.377108 0.028328 -0.103760
-0.359700 0.050556 -0.103510
-0.545675 -0.023744 -0.094855
-0.486733 -0.019899 -0.095464
-0.508764 0.014743 -0.102502
-0.593880 0.068981 -0.100403
-0.618553 0.019691 -0.101121
-0.524014 0.018223 -0.094251
-0.590617 0.053716 -0.100752
-0.591511 0.005599 -0.093722
-0.368933 0.126802 -0.093844
-0.497898 0.171276 -0.091432
-0.437722 0.187803 -0.091796
-0.590678 -0.013841 -0.098410
-0.565185 0.169117 -0.090691
-0.576040 0.020409 -0.101602
-0.412258 0.079238 -0.094309
-0.600931 0.136572 -0.090939
-0.558593 0.020099 -0.093810
-0.401119 0.048817 -0.095060
-0.498558 0.068385 -0.093524
-0.468970 0.016488 -0.094929
-0.485099 0.193093 -0.099138
-0.447928 -0.053298 -0.096598
-0.498981 0.091261 -0.101055
-0.457705 -0.064220 -0.096707
-0.523997 0.175171 -0.091048
-0.415525 -0.006676 -0.104027
-0.534534 0.025355 -0.101985
-0.343939 0.052895 -0.095644
-0.450989 -0.050566 -0.104509
-0.454804 0.095843 -0.101476
-0.588335 0.076700 -0.100310
-0.498770 0.067736 -0.101537
-0.478914 0.161689 -0.091849
-0.427176 -0.038084 -0.103199
-0.440431 0.196518 -0.099589
-0.407127 0.100500 -0.101937
-0.534272 0.019134 -0.102115
-0.477907 0.195602 -0.099171
-0.521473 0.126300 -0.092075
-0.390014 0.129622 -0.101542
-0.444583 0.000917 -0.095531
-0.391777 0.105542 -0.102013
-0.497494 0.021803 -0.094487
-0.475586 0.178498 -0.091545
-0.570635 0.036273 -0.093339
-0.563489 0.145664 -0.099192
-0.429134 0.004637 -0.095635
-0.457577 0.027042 -0.102848
-0.354955 0.066239 -0.095243
-0.346987 0.044798 -0.103775
-0.417922 0.142090 -0.100963
-0.482324 0.026505 -0.094568
-0.580290 0.095646 -0.100017
-0.386781 0.119859 -0.101779
-0.645534 0.044594 -0.092296
-0.444336 0.107001 -0.093368
-0.542483 -0.001808 -0.094445
-0.664429 0.058542 -0.099762
-0.424531 0.005132 -0.103681
-0.436626 -0.005759 -0.103762
-0.408289 0.073583 -0.094471
-0.537057 0.107673 -0.092273
-0.435264 0.071655 -0.094196
-0.569718 0.120296 -0.091635
-0.484497 0.153412 -0.091953
-0.666830 0.062016 -0.099694
-0.540266 -0.006513 -0.094566
-0.406963 0.134141 -0.093250
-0.555679 0.037701 -0.093484
-0.472503 0.069537 -0.093805
-0.585804 0.011460 -0.093669
-0.534443 0.143594 -0.091571
-0.446243 0.108473 -0.101318
-0.501325 -0.073161 -0.104383
-0.540767 0.059671 -0.093210
-0.568965 -0.013576 -0.094376
-0.597859 0.102400 -0.091672
-0.518269 0.053002 -0.093608
-0.409653 0.048071 -0.094976
-0.547650 0.145275 -0.091382
-0.567272 -0.031477 -0.094761
-0.428466 0.165106 -0.092368
-0.497120 0.244360 -0.089949
-0.389019 0.106830 -0.102019
-0.511237 0.137212 -0.099974
-0.410570 0.061662 -0.094688
-0.479942 0.043252 -0.102257
-0.554390 -0.049413 -0.102704
-0.378309 0.059548 -0.103109
-0.390004 0.004567 -0.104095
-0.512955 -0.036104 -0.103491
-0.409618 -0.018804 -0.104343
-0.532479 0.034808 -0.101816
-0.567967 0.013045 -0.093844
-0.480822 0.089984 -0.093290
-0.424368 0.016742 -0.103446
-0.546927 0.180107 -0.090680
-0.428285 0.100601 -0.093686
-0.422268 0.002139 -0.103768
-0.517863 0.161129 -0.099408
-0.597502 0.000466 -0.093757
-0.587363 0.153906 -0.091515
-0.540250 0.093534 -0.092525
-0.423148 0.180447 -0.099401
-0.360487 0.049090 -0.103530
-0.594936 0.130971 -0.091123
-0.507624 0.112008 -0.100530
-0.555478 0.023555 -0.101778
-0.473476 0.217923 -0.098767
-0.553466 -0.050335 -0.100957
-0.520190 0.182997 -0.090933
-0.665875 0.069215 -0.099558
-0.482233 0.092177 -0.093229
-0.518630 0.200249 -0.098601
-0.551195 -0.011955 -0.102552
-0.611620 0.070216 -0.092168
-0.482993 0.157259 -0.099894
-0.538555 0.031848 -0.101806
-0.573868 -0.030328 -0.099425
-0.444232 -0.007577 -0.095708
-0.475982 0.212597 -0.098846
-0.568380 0.168004 -0.090677
-0.438731 0.090353 -0.101776
-0.587916 0.103367 -0.099770
-0.456457 0.205431 -0.091218
-0.502783 -0.065992 -0.104220
-0.477415 0.138834 -0.100335
-0.505994 0.237012 -0.096563
-0.457498 0.010380 -0.095187
-0.541957 0.030091 -0.093800
-0.372793 0.017227 -0.099350
-0.584018 0.061178 -0.092675
-0.419902 0.061713 -0.094578
-0.466927 0.166871 -0.099885
-0.451818 0.183869 -0.091712
-0.427269 0.162685 -0.100433
-0.351669 0.091634 -0.102765
-0.478675 0.160977 -0.091866
-0.585420 0.122547 -0.099408
-0.489642 -0.084475 -0.104750
-0.501066 -0.000196 -0.094895
-0.591558 0.149836 -0.097925
-0.521763 0.084925 -0.092916
-0.358374 0.116844 -0.094821
-0.518311 0.131754 -0.100003
-0.557303 0.013309 -0.093963
-0.483193 0.038211 -0.094319
-0.517726 0.185635 -0.090908
-0.356104 0.076146 -0.095027
-0.534054 0.135808 -0.091734
-0.514605 0.212600 -0.090394
-0.444461 0.158621 -0.100316
-0.448486 -0.059833 -0.102387
-0.535873 0.028693 -0.093899
-0.352582 0.070553 -0.103185
-0.363639 0.107213 -0.102307
-0.399906 0.126198 -0.101497
-0.533755 0.003334 -0.102444
-0.600671 0.109499 -0.091494
-0.613029 0.014932 -0.093280
-0.515367 -0.019042 -0.103115
-0.545455 0.160396 -0.091099
-0.511298 0.186743 -0.098962
-0.458338 0.187913 -0.091554
-0.471367 0.073882 -0.101731
-0.589228 0.005804 -0.093744
-0.507652 0.051681 -0.101761
-0.434167 -0.000018 -0.095671
-0.385227 0.138099 -0.101425
-0.566748 0.111735 -0.099846
-0.411881 0.083123 -0.102236
-0.561055 -0.042889 -0.100791
-0.540301 0.087677 -0.100646
-0.532462 0.051211 -0.101482
-0.532214 -0.006506 -0.094660
-0.376239 0.076682 -0.094781
-0.533563 0.055259 -0.093384
-0.636723 0.038797 -0.100519
-0.430689 -0.025692 -0.096236
-0.453834 0.032400 -0.102782
-0.452296 0.168881 -0.092013
-0.352986 0.037552 -0.103513
-0.583881 0.104683 -0.099791
-0.444020 0.046319 -0.102613
-0.475131 0.127838 -0.092584
-0.432578 0.024590 -0.095188
-0.531676 0.102881 -0.092434
-0.417633 0.058631 -0.094667
-0.502835 0.199651 -0.098797
-0.585764 0.149309 -0.090856
-0.381089 0.117783 -0.101888
-0.424388 -0.026356 -0.096323
-0.487617 -0.024639 -0.095550
-0.503835 -0.049800 -0.103877
-0.401183 0.121319 -0.093579
-0.521939 0.151996 -0.099547
-0.467279 0.133802 -0.100556
-0.373249 0.063609 -0.103085
-0.584772 0.097214 -0.091930
-0.482179 0.015921 -0.094786
-0.452617 0.129783 -0.100809
-0.546962 -0.000564 -0.102369
-0.394991 0.105644 -0.101974
-0.453009 0.002339 -0.095403
-0.656416 0.056469 -0.091926
-0.448490 0.109502 -0.093269
-0.477770 0.215582 -0.090762
-0.424818 0.105627 -0.093624
-0.489682 0.060997 -0.101781
-0.465803 -0.062150 -0.104573
-0.475470 0.017081 -0.094841
-0.387058 0.090373 -0.102378
-0.416216 0.040052 -0.103065
-0.502566 0.015994 -0.102549
-0.472293 -0.063646 -0.096525
-0.638690 0.075406 -0.091747
-0.565513 0.122681 -0.099637
-0.534774 0.203324 -0.098350
-0.549301 -0.054429 -0.100129
-0.557224 0.098076 -0.100236
-0.531965 0.046795 -0.101578
-0.476337 0.071725 -0.101717
-0.413022 -0.017306 -0.104273
-0.548746 0.087881 -0.100543
-0.533218 0.168897 -0.099071
-0.500517 0.113149 -0.100590
-0.445864 0.196805 -0.099520
-0.477904 0.159880 -0.099900
-0.436930 0.024878 -0.103133
-0.389809 0.112678 -0.093888
-0.358257 0.099416 -0.094527
-0.468578 0.217219 -0.098838
-0.509547 0.036776 -0.094041
-0.434780 0.050521 -0.102635
-0.427824 -0.026665 -0.096289
-0.590695 0.085376 -0.100105
-0.526416 0.027223 -0.102042
-0.552556 0.130799 -0.099623
-0.512752 -0.041496 -0.103604
-0.409498 0.004769 -0.103863
-0.532956 -0.052152 -0.103585
-0.356413 0.091786 -0.094704
-0.448763 0.198707 -0.099447
-0.535609 0.200321 -0.090399
-0.529451 -0.054012 -0.095662
-0.522211 0.060650 -0.093406
-0.380668 0.077902 -0.102707
-0.612454 0.054773 -0.100476
-0.462824 0.149825 -0.100281
-0.540090 0.045144 -0.101516
-0.384930 0.068250 -0.102854
-0.493819 0.233722 -0.090205
-0.574965 0.136304 -0.091247
-0.519674 0.154354 -0.099526
-0.585702 0.109308 -0.091673
-0.352531 0.059747 -0.095404
-0.523176 -0.022780 -0.095098
-0.478155 -0.090241 -0.097291
-0.362111 0.113354 -0.094198
-0.590581 0.097286 -0.099863
-0.526026 0.214718 -0.098219
-0.658447 0.058812 -0.099857
-0.421038 0.067919 -0.094438
-0.475476 0.044145 -0.102290
-0.417867 0.073654 -0.102360
-0.558333 0.097937 -0.100226
-0.410441 0.024536 -0.103449
-0.542706 0.110018 -0.092160
-0.514211 0.052890 -0.101660
-0.556604 0.067624 -0.100865
-0.558925 0.172634 -0.098695
-0.446241 0.179536 -0.091866
-0.416525 0.117685 -0.101477
-0.462479 0.196928 -0.099324
-0.533808 -0.050356 -0.103539
-0.401164 0.158816 -0.092928
-0.535138 0.201855 -0.098376
-0.506628 0.155973 -0.099645
-0.534979 0.042670 -0.093624
-0.609140 0.023267 -0.093155
-0.552731 0.074830 -0.092761
-0.469298 -0.040340 -0.096085
-0.346607 0.083974 -0.094978
-0.498730 -0.004523 -0.095010
-0.417597 -0.023078 -0.096335
-0.559628 0.100004 -0.100169
-0.563626 0.152670 -0.099047
-0.587519 0.074238 -0.092367
-0.556502 0.130030 -0.099593
-0.415124 0.168514 -0.092454
-0.492243 0.032781 -0.094325
-0.383877 0.023866 -0.103772
-0.505621 0.055120 -0.093713
-0.423820 0.149834 -0.092733
-0.431562 -0.042711 -0.098389
-0.381863 0.086352 -0.094518
-0.476517 0.047490 -0.094208
-0.464751 0.036073 -0.102580
-0.536322 0.153947 -0.099340
-0.482359 0.137782 -0.092297
-0.460207 0.162703 -0.092046
-0.541484 -0.043833 -0.095314
-0.475562 -0.074602 -0.104713
-0.592451 0.021891 -0.093378
-0.526437 0.079841 -0.092965
-0.488708 0.231254 -0.098317
-0.476149 0.189554 -0.099315
-0.344416 0.095659 -0.094765
-0.567389 0.143685 -0.099187
-0.523631 0.129850 -0.091977
-0.403549 0.107902 -0.101828
-0.374632 0.021116 -0.103936
-0.318796 0.072246 -0.098617
-0.584427 0.082566 -0.100236
-0.324576 0.072985 -0.103462
-0.422346 0.095905 -0.093851
-0.400287 0.040449 -0.095240
-0.453154 0.043579 -0.094560
-0.414534 0.165863 -0.092515
-0.546016 0.130084 -0.099714
-0.398859 0.008595 -0.103909
-0.469353 0.136807 -0.092468
-0.588123 0.007079 -0.101733
-0.543632 0.115887 -0.100031
-0.439041 0.108575 -0.101400
-0.622132 0.061042 -0.100235
-0.575126 0.092284 -0.092144
-0.512999 0.036825 -0.102002
-0.481656 -0.013683 -0.103399
-0.570416 0.093925 -0.100167
-0.578979 0.114633 -0.091642
-0.546954 0.094857 -0.092420
-0.597425 0.092120 -0.099889
-0.582190 0.090856 -0.100092
-0.542171 0.075104 -0.092878
-0.557392 0.016708 -0.093893
-0.510625 -0.074920 -0.096308
-0.510927 -0.065255 -0.104110
-0.562820 -0.003847 -0.094249
-0.418569 -0.000436 -0.095862
-0.361642 0.084052 -0.094801
-0.509475 0.115609 -0.092433
-0.485889 0.029880 -0.094458
-0.488686 0.012062 -0.102791
-0.473416 -0.084914 -0.104948
-0.477217 -0.080306 -0.104810
-0.563045 -0.040963 -0.097862
-0.420522 0.143241 -0.100909
-0.381501 0.022564 -0.095825
-0.363216 0.072285 -0.095023
-0.428347 -0.013742 -0.104021
-0.473174 0.151966 -0.092114
-0.630957 0.062162 -0.100109
-0.588147 0.120344 -0.091419
-0.607148 0.051096 -0.100613
-0.468532 0.223868 -0.090701
-0.517688 0.092680 -0.100807
-0.591439 0.011476 -0.093603
-0.514764 0.104848 -0.092591
-0.492967 0.138330 -0.092162
-0.472678 0.127665 -0.092616
-0.433610 0.069949 -0.094250
-0.327761 0.086827 -0.097554
-0.384855 0.117058 -0.101859
-0.495091 0.071779 -0.101498
-0.416095 0.119746 -0.093438
-0.482290 0.120442 -0.092651
-0.482360 0.150231 -0.100045
-0.488641 0.053199 -0.093950
-0.470847 -0.058363 -0.096434
-0.411036 0.131152 -0.093264
-0.614408 0.053215 -0.100485
-0.526809 0.003803 -0.102515
-0.578522 0.135008 -0.099234
-0.587269 0.067274 -0.092512
-0.554581 0.122894 -0.099761
-0.589876 0.011293 -0.093625
-0.544727 0.177587 -0.098759
-0.456109 0.177416 -0.091794
-0.588905 0.141450 -0.090979
-0.409938 0.035730 -0.095224
-0.440825 0.033989 -0.094900
-0.492569 0.034608 -0.102286
-0.472691 0.035690 -0.094493
-0.437658 -0.026873 -0.104181
-0.496859 0.246257 -0.094462
-0.508805 0.009306 -0.094611
-0.483728 0.182199 -0.099376
-0.374546 0.105858 -0.102208
-0.514186 -0.078334 -0.096337
-0.550661 -0.001295 -0.094339
-0.559952 0.062811 -0.092922
-0.433614 -0.003078 -0.095740
-0.597181 0.037378 -0.101009
-0.554696 0.162995 -0.090939
-0.613828 0.027959 -0.101007
-0.487073 0.184551 -0.091287
-0.459275 -0.059568 -0.104596
-0.376662 0.057787 -0.103164
-0.412885 0.092090 -0.102042
-0.398726 0.150059 -0.101024
-0.641621 0.095199 -0.091309
-0.556940 0.109377 -0.100009
-0.585361 -0.015707 -0.102230
-0.566054 0.085347 -0.092391
-0.505547 0.069989 -0.093410
-0.356063 0.036099 -0.103847
-0.587646 0.097832 -0.091884
-0.398165 0.073140 -0.102600
-0.435977 0.074574 -0.094128
-0.427975 0.162678 -0.100425
-0.627627 0.065192 -0.100086
-0.530973 0.126810 -0.091954
-0.553155 0.127248 -0.099688
-0.497036 -0.042373 -0.103805
-0.421241 0.062940 -0.102539
-0.565810 0.107416 -0.091943
-0.596964 0.042967 -0.100898
-0.614799 0.107347 -0.091373
-0.439469 -0.013869 -0.103894
-0.444887 0.133763 -0.092816
-0.651973 0.078321 -0.091532
-0.541135 0.144635 -0.091471
-0.434503 0.156649 -0.100472
-0.434374 0.152310 -0.100562
-0.360526 0.113683 -0.102212
-0.611835 0.018254 -0.093226
-0.493508 -0.006311 -0.095108
-0.499677 -0.032429 -0.095569
-0.600707 0.048890 -0.092731
-0.521664 0.151750 -0.091553
-0.497239 0.065938 -0.093590
-0.463209 -0.047978 -0.104314
-0.509546 0.165016 -0.099426
-0.550719 0.147706 -0.091297
-0.512991 -0.090025 -0.103984
-0.576927 0.062975 -0.100723
-0.511691 0.168540 -0.091327
-0.453280 0.056747 -0.094290
-0.521189 0.004767 -0.102561
-0.660497 0.074750 -0.099508
-0.518782 0.214558 -0.098307
-0.516225 0.209327 -0.090442
-0.535393 0.016855 -0.102149
-0.614735 0.101053 -0.091503
-0.488161 0.090243 -0.093199
-0.480383 0.162218 -0.091821
-0.477101 0.168460 -0.091732
-0.502848 -0.071492 -0.104331
-0.520357 0.081339 -0.101008
-0.555368 0.076923 -0.100690
-0.650809 0.075692 -0.099602
-0.415052 0.154142 -0.092748
-0.516761 -0.058362 -0.103901
-0.577062 0.069940 -0.100579
-0.542860 0.061994 -0.101140
-0.479516 0.173342 -0.099606
-0.441771 -0.052999 -0.102031
-0.353411 0.092964 -0.094715
-0.667226 0.061240 -0.094549
-0.517600 -0.039641 -0.095507
-0.508183 0.182719 -0.091078
-0.574723 0.074826 -0.100507
-0.499151 0.023137 -0.094441
-0.577947 0.126507 -0.099414
-0.536792 0.083993 -0.092760
-0.522143 0.110909 -0.100383
-0.462902 -0.029233 -0.095932
-0.605491 0.099023 -0.091652
-0.602680 0.018088 -0.093337
-0.567904 0.080116 -0.092476
-0.341096 0.086032 -0.095000
-0.562489 -0.007511 -0.094328
-0.461201 -0.063652 -0.104657
-0.416537 0.118217 -0.101466
-0.439788 -0.051101 -0.098236
-0.596632 0.073242 -0.092281
-0.363840 0.118230 -0.094078
-0.511911 0.108893 -0.092542
-0.499148 0.179571 -0.099250
-0.480838 -0.070607 -0.096568
-0.495164 0.082713 -0.101274
-0.534576 0.091516 -0.092632
-0.577050 0.144391 -0.099060
-0.518808 0.117656 -0.100285
-0.495786 0.068966 -0.093545
-0.543813 -0.036370 -0.103137
-0.323416 0.082578 -0.099167
-0.610597 0.056274 -0.100467
-0.546004 0.155231 -0.099201
-0.450511 -0.039959 -0.096296
-0.470860 0.100146 -0.093199
-0.577547 0.140611 -0.091129
-0.380745 0.115450 -0.101940
-0.537900 -0.039944 -0.103279
-0.416456 0.027368 -0.103321
-0.563825 0.024117 -0.101669
-0.502372 0.190139 -0.090995
-0.443463 0.095460 -0.093614
-0.598610 0.064425 -0.100440
-0.512389 0.130547 -0.092094
-0.608681 0.111711 -0.099358
-0.478635 0.148828 -0.092115
-0.340606 0.099038 -0.094741
-0.625219 0.084449 -0.099721
-0.438345 -0.012299 -0.103875
-0.385298 0.108423 -0.094028
-0.521691 -0.026899 -0.095199
-0.528439 0.027322 -0.102016
-0.595956 0.129767 -0.091136
-0.428730 -0.012346 -0.103989
-0.425460 0.061883 -0.102512
-0.483211 -0.033537 -0.103786
-0.487388 -0.014207 -0.103342
-0.528695 0.157806 -0.099350
-0.565943 0.035559 -0.101411
-0.525444 -0.005088 -0.102712
-0.389557 0.074030 -0.102682
-0.478303 0.120911 -0.092688
-0.587564 0.097709 -0.099890
-0.399915 -0.006980 -0.104215
-0.420117 0.103170 -0.101731
-0.562756 -0.002128 -0.102217
-0.507591 0.063372 -0.101523
-0.573399 0.046451 -0.093099
-0.393166 0.086226 -0.094389
-0.554617 0.123375 -0.099750
-0.494228 0.029740 -0.094363
-0.369538 0.079236 -0.094807
-0.479700 0.015686 -0.102822
-0.451537 0.059752 -0.094249
-0.491750 0.085168 -0.101263
-0.434273 -0.025959 -0.096199
-0.601475 0.115950 -0.099355
-0.342150 0.079524 -0.095121
-0.541924 0.190944 -0.098519
-0.441122 0.088883 -0.101778
-0.429875 0.165796 -0.100339
-0.563987 0.081532 -0.100495
-0.392462 0.083626 -0.094450
-0.490096 0.143993 -0.100082
-0.470347 0.143524 -0.092320
-0.515130 -0.010554 -0.094942
-0.524034 0.160608 -0.091345
-0.520500 0.013969 -0.102381
-0.598316 0.047698 -0.092783
-0.633305 0.074169 -0.099837
-0.589574 0.094656 -0.091927
-0.443723 0.188003 -0.091722
-0.509328 0.028708 -0.094208
-0.446999 0.203850 -0.099207
-0.377290 0.103651 -0.094219
-0.493205 0.029571 -0.094379
-0.409181 0.047856 -0.102988
-0.427350 0.159187 -0.092501
-0.557856 0.050828 -0.101193
-0.556910 0.140919 -0.091363
-0.508604 0.054985 -0.093681
-0.364011 0.038384 -0.103708
-0.505628 0.125713 -0.100274
-0.536397 0.045265 -0.101557
-0.517281 0.065703 -0.093361
-0.487319 0.030280 -0.102435
-0.472961 -0.010379 -0.103433
-0.329274 0.065318 -0.095561
-0.423696 -0.018070 -0.096162
-0.404145 0.140828 -0.093147
-0.628868 0.076150 -0.091846
-0.643366 0.073030 -0.091741
-0.644310 0.094352 -0.099297
-0.479684 -0.010314 -0.095351
-0.425743 0.055533 -0.094636
-0.384492 0.005407 -0.102616
-0.534202 0.089034 -0.092687
-0.526908 0.146516 -0.099601
-0.441787 -0.024386 -0.104082
-0.666453 0.070858 -0.091516
-0.379730 0.010295 -0.103644
-0.668173 0.064212 -0.091631
-0.521869 0.157918 -0.099427
-0.449624 0.129903 -0.092839
-0.408654 0.033586 -0.103285
-0.581099 0.139850 -0.099105
-0.483320 0.154508 -0.099946
-0.431708 0.068870 -0.094294
-0.605508 0.100115 -0.091629
-0.453973 -0.058833 -0.104643
-0.482149 0.018125 -0.094741
-0.429383 -0.001328 -0.103756
-0.554353 0.039099 -0.093471
-0.450661 0.046209 -0.102538
-0.531624 0.070869 -0.093088
-0.574143 -0.009470 -0.102234
-0.451960 -0.063334 -0.103618
-0.381652 0.128685 -0.101659
-0.512250 -0.088289 -0.096562
-0.648379 0.043134 -0.092292
-0.562321 -0.039582 -0.102986
-0.497424 0.216495 -0.090515
-0.569793 0.092821 -0.092195
-0.546023 0.189400 -0.090501
-0.510444 0.190844 -0.098888
-0.523476 0.177574 -0.099007
-0.582527 0.024039 -0.093450
-0.523945 0.045939 -0.093686
-0.611812 0.026859 -0.093051
-0.497013 0.041104 -0.102101
-0.609009 0.080248 -0.091994
-0.527699 -0.007889 -0.102743
-0.537356 0.115503 -0.092110
-0.370473 0.075240 -0.102880
-0.545095 -0.039208 -0.103180
-0.448779 0.110068 -0.101256
-0.555652 0.053951 -0.101155
-0.343141 0.073739 -0.103230
-0.614269 0.049276 -0.092565
-0.512558 -0.063369 -0.096050
-0.472185 0.118217 -0.092815
-0.542573 -0.053744 -0.095504
-0.506711 0.225945 -0.090213
-0.538746 0.099336 -0.092424
-0.506117 0.049089 -0.101832
-0.515743 -0.087365 -0.099542
-0.622948 0.065548 -0.100134
-0.552614 0.129100 -0.099657
-0.621640 0.072062 -0.100016
-0.563602 0.010737 -0.101944
-0.497273 0.143821 -0.100002
-0.474912 0.158237 -0.099968
-0.404497 0.135220 -0.093257
-0.538724 -0.013027 -0.094717
-0.430962 0.181978 -0.099996
-0.394204 0.074417 -0.102620
-0.450751 0.171962 -0.099970
-0.510057 0.094785 -0.100854
-0.534650 0.139364 -0.099657
-0.430636 0.062500 -0.102439
-0.500321 0.202553 -0.090765
-0.480683 0.158753 -0.091888
-0.649846 0.061846 -0.091893
-0.384420 0.055648 -0.103118
-0.482216 -0.050636 -0.096144
-0.473654 0.163357 -0.091876
-0.470493 0.072825 -0.101763
-0.412564 0.132756 -0.093213
-0.515595 0.214658 -0.098342
-0.361222 0.091917 -0.102648
-0.419972 0.037220 -0.095077
-0.590629 0.088653 -0.100039
-0.436284 0.112404 -0.101354
-0.489093 0.012784 -0.094769
-0.616368 0.023771 -0.093061
-0.553766 0.169724 -0.098814
-0.626935 0.021696 -0.093792
-0.573064 0.144893 -0.091094
-0.638209 0.097383 -0.099306
-0.547703 0.106629 -0.092171
-0.470166 0.055048 -0.094128
-0.444113 0.059153 -0.094348
-0.402984 0.122869 -0.093527
-0.331768 0.063477 -0.095570
-0.400415 0.097050 -0.094084
-0.399137 0.150744 -0.101005
-0.631664 0.037593 -0.100603
-0.526065 0.212860 -0.090255
-0.471041 -0.082140 -0.096917
-0.367633 0.089764 -0.094615
-0.457195 0.189309 -0.099541
-0.445154 0.059358 -0.094331
-0.486824 0.242867 -0.092169
-0.416700 0.079434 -0.102256
-0.573216 -0.014446 -0.094344
-0.528425 -0.045175 -0.103496
-0.457429 0.084442 -0.093676
-0.519564 0.166918 -0.091268
-0.479883 -0.005211 -0.103246
-0.559729 0.173671 -0.098664
-0.431845 0.188931 -0.093808
-0.444804 0.198948 -0.099489
-0.380012 0.075254 -0.094767
-0.422834 0.139799 -0.100952
-0.426888 -0.016119 -0.104087
-0.391102 0.062987 -0.102890
-0.526900 0.005438 -0.094478
-0.377624 0.075131 -0.102799
-0.552316 0.009199 -0.094105
-0.520056 0.044517 -0.101763
-0.480588 -0.029690 -0.095736
-0.580728 0.137192 -0.091162
-0.603791 0.097801 -0.091697
-0.510717 -0.021094 -0.095209
-0.436142 0.187104 -0.091829
-0.628810 0.042456 -0.092534
-0.517798 -0.083901 -0.096408
-0.464379 0.139562 -0.100472
-0.491234 0.100039 -0.100966
-0.502976 0.070533 -0.101431
-0.401788 0.100616 -0.101997
-0.530054 0.207829 -0.090311
-0.426597 0.115187 -0.101410
-0.491986 0.196739 -0.098983
-0.627591 0.088013 -0.099621
-0.480694 0.078230 -0.093532
-0.392228 0.000802 -0.104146
-0.452284 0.024077 -0.094968
-0.397943 0.033570 -0.103410
-0.550165 -0.015388 -0.094632
-0.486831 0.137234 -0.100258
-0.435172 0.092227 -0.101779
-0.357316 0.049481 -0.103559
-0.379905 0.069579 -0.102886
-0.628686 0.111841 -0.093320
-0.529747 0.149322 -0.099511
-0.458960 0.000725 -0.095367
-0.568576 0.116133 -0.099735
-0.513420 0.160884 -0.091463
-0.500415 -0.087384 -0.096682
-0.353757 0.102033 -0.094526
-0.531440 -0.055279 -0.103667
-0.408036 0.153060 -0.100854
-0.490057 -0.062703 -0.104301
-0.605923 0.056034 -0.100526
-0.516531 0.030041 -0.102099
-0.509772 0.066728 -0.093427
-0.464064 0.101295 -0.093255
-0.449382 0.080685 -0.093847
-0.464582 0.049952 -0.094297
-0.652208 0.066565 -0.099772
-0.608324 0.044003 -0.100744
-0.541485 0.004494 -0.102330
-0.543547 0.131372 -0.091714
-0.647041 0.086075 -0.099434
-0.514568 0.163967 -0.091387
-0.521017 0.221583 -0.092965
-0.474793 -0.021698 -0.095640
-0.556703 0.138968 -0.099408
-0.492820 0.084701 -0.093258
-0.555161 0.097550 -0.100271
-0.628170 0.087456 -0.099626
-0.505587 0.164334 -0.099486
-0.581170 0.024859 -0.101451
-0.638865 0.101647 -0.098949
-0.551995 -0.006607 -0.102434
-0.431471 0.175660 -0.092117
-0.557077 0.113521 -0.091921
-0.472302 0.054891 -0.094106
-0.553859 -0.019596 -0.094675
-0.363375 0.075950 -0.094946
-0.371978 0.122671 -0.101895
-0.546444 0.147255 -0.091356
-0.470222 0.058512 -0.094056
-0.555828 0.109240 -0.092022
-0.621641 0.032197 -0.092827
-0.517293 0.225544 -0.098072
-0.526868 0.143880 -0.091653
-0.513379 0.136680 -0.091957
-0.531837 -0.053586 -0.095626
-0.396591 0.149163 -0.101067
-0.374603 0.071528 -0.094906
-0.448518 0.132683 -0.092795
-0.601570 0.039674 -0.100911
-0.590449 0.112607 -0.091550
-0.598519 0.101380 -0.099687
-0.496398 0.037078 -0.102191
-0.637341 0.094351 -0.099378
-0.602372 0.106171 -0.099545
-0.552417 0.108483 -0.100080
-0.602891 0.065948 -0.092357
-0.444568 0.007727 -0.103394
-0.480393 0.076311 -0.101577
-0.427445 -0.038565 -0.096802
-0.601057 0.019563 -0.101328
-0.601097 0.089067 -0.091906
-0.442697 -0.053769 -0.096669
-0.646905 0.075402 -0.091651
-0.491780 -0.103934 -0.103326
-0.354667 0.035713 -0.099611
-0.422742 -0.033270 -0.096483
-0.473533 0.136650 -0.092423
-0.515405 -0.017040 -0.095071
-0.333376 0.092339 -0.097719
-0.497083 0.054015 -0.093835
-0.404904 0.119898 -0.093565
-0.472797 0.181459 -0.091517
-0.464071 -0.025558 -0.103846
-0.605119 0.079796 -0.100051
-0.451464 0.083989 -0.093755
-0.477319 0.094175 -0.101248
-0.454621 0.211262 -0.091689
-0.474486 -0.074057 -0.096712
-0.520713 0.154912 -0.099502
-0.425023 0.173315 -0.100242
-0.422038 0.043230 -0.094930
-0.385391 0.044998 -0.095321
-0.461545 0.036769 -0.102603
-0.542869 -0.000803 -0.094420
-0.420497 0.162946 -0.100507
-0.379410 0.065204 -0.094979
-0.471644 0.183344 -0.091492
-0.556338 0.029005 -0.101656
-0.582425 0.159151 -0.098054
-0.501573 0.154801 -0.099728
-0.611269 0.019697 -0.101206
-0.537780 0.045536 -0.093533
-0.495976 0.219017 -0.090480
-0.417043 0.092173 -0.093989
-0.356987 0.100915 -0.094511
-0.535037 0.137302 -0.091692
-0.374419 0.049626 -0.095355
-0.553308 -0.032755 -0.102952
-0.482035 0.193269 -0.099170
-0.430330 0.005198 -0.103612
-0.530789 0.057486 -0.101373
-0.438091 -0.022233 -0.104081
-0.497986 0.133665 -0.092199
-0.583359 0.156492 -0.090737
-0.622291 0.020886 -0.093051
-0.605681 0.049613 -0.092658
-0.489688 -0.033752 -0.095712
-0.491086 0.087831 -0.093214
-0.520579 0.124821 -0.100118
-0.445739 -0.006350 -0.095666
-0.504492 -0.071197 -0.096304
-0.558835 -0.001465 -0.094247
-0.569965 0.099275 -0.092061
-0.482435 -0.039429 -0.095913
-0.574730 0.154875 -0.090871
-0.428267 0.070491 -0.102303
-0.532074 -0.069125 -0.103942
-0.525273 0.213209 -0.090257
-0.559245 0.049272 -0.093207
-0.612412 0.115393 -0.099239
-0.580108 0.113508 -0.099654
-0.566340 0.038362 -0.093347
-0.529890 0.176210 -0.090958
-0.509883 -0.004052 -0.102873
-0.463191 0.135571 -0.100568
-0.405541 -0.011739 -0.096244
-0.437001 0.106967 -0.093455
-0.503172 0.155047 -0.099704
-0.581338 0.160203 -0.096352
-0.552296 0.187761 -0.090461
-0.503833 -0.072607 -0.104343
-0.455650 0.170637 -0.091938
-0.506524 -0.041778 -0.103682
-0.482582 -0.024055 -0.095597
-0.487884 0.152214 -0.091938
-0.533091 0.043394 -0.101634
-0.420039 0.166868 -0.092430
-0.498392 0.022565 -0.094461
-0.539435 0.129133 -0.099810
-0.361657 0.104449 -0.094385
-0.463386 0.075551 -0.093788
-0.609097 0.060768 -0.100393
-0.435717 0.106393 -0.093481
-0.460060 -0.024814 -0.095875
-0.429091 0.104807 -0.101593
-0.426612 0.058916 -0.102559
-0.522988 -0.018332 -0.103011
-0.526552 0.028764 -0.102009
-0.547272 0.133242 -0.091632
-0.538748 0.098602 -0.092439
-0.479453 0.102600 -0.093049
-0.542610 0.087700 -0.092616
-0.665513 0.060138 -0.091746
-0.506288 -0.002861 -0.102890
-0.532565 0.037824 -0.093751
-0.375262 0.069861 -0.094932
-0.420916 0.157603 -0.100611
-0.407487 0.076245 -0.094426
-0.454405 -0.007686 -0.103594
-0.502820 0.201217 -0.098766
-0.503239 0.123673 -0.092341
-0.485755 0.004248 -0.094983
-0.511123 -0.056712 -0.095931
-0.446198 0.025243 -0.095015
-0.480509 0.191665 -0.099221
-0.594653 0.073966 -0.100292
-0.598303 0.045676 -0.092824
-0.501273 0.021250 -0.102457
-0.562735 0.036520 -0.101428
-0.567838 -0.013138 -0.102382
-0.496220 0.008975 -0.094764
-0.427143 -0.014546 -0.096050
-0.356937 0.101723 -0.102498
-0.601902 0.075093 -0.092182
-0.363234 0.093322 -0.102596
-0.532961 0.007469 -0.102369
-0.370157 0.085237 -0.102680
-0.577563 0.121145 -0.099528
-0.521457 -0.079951 -0.104287
-0.392347 0.043561 -0.103272
-0.504616 0.180130 -0.091173
-0.465054 0.019739 -0.094908
-0.589443 0.119692 -0.091417
-0.507123 0.101203 -0.092755
-0.532091 0.080799 -0.100882
-0.455844 0.089761 -0.093586
-0.424473 0.165852 -0.092399
-0.417522 0.069248 -0.094452
-0.379891 0.075099 -0.094771
-0.402151 0.066553 -0.102688
-0.489898 0.083962 -0.101310
-0.540482 0.197916 -0.090392
-0.450206 0.127797 -0.100878
-0.441250 0.187557 -0.091760
-0.551470 0.073672 -0.092799
-0.446059 -0.032387 -0.104195
-0.495283 0.052940 -0.101880
-0.498913 0.190988 -0.099020
-0.425108 0.130114 -0.101123
-0.589437 0.030254 -0.101245
-0.425661 0.114588 -0.101434
-0.592629 0.019321 -0.093429
-0.450719 0.019888 -0.103074
-0.427024 0.098911 -0.101738
-0.506705 0.176835 -0.099218
-0.380822 0.136510 -0.093507
-0.377299 0.123222 -0.093819
-0.467070 -0.050042 -0.104311
-0.582810 0.096023 -0.091978
-0.480952 -0.060819 -0.096367
-0.594466 0.117100 -0.091411
-0.458682 0.149462 -0.092334
-0.334566 0.064537 -0.103517
-0.441576 0.129977 -0.100934
-0.467927 0.022052 -0.094827
-0.426480 0.126135 -0.101188
-0.542165 -0.014052 -0.102700
-0.541297 -0.045143 -0.095343
-0.476408 0.144749 -0.100226
-0.602208 0.032118 -0.093056
-0.476011 -0.059239 -0.096392
-0.350396 0.073014 -0.103160
-0.509383 0.206542 -0.090578
-0.523082 0.179885 -0.090962
-0.570391 0.063879 -0.092778
-0.481882 0.007116 -0.094969
-0.571864 -0.006035 -0.102190
-0.468955 0.067419 -0.093889
-0.504214 0.089880 -0.101022
-0.547859 0.053835 -0.093246
-0.561045 0.076005 -0.092640
-0.517776 0.015368 -0.094382
-0.494346 0.097492 -0.092979
-0.338429 0.090842 -0.094933
-0.567456 -0.013149 -0.094385
-0.441935 0.112722 -0.093280
-0.461862 0.071592 -0.101889
-0.625522 0.020366 -0.100130
-0.581450 0.131178 -0.099278
-0.488882 -0.096199 -0.096996
-0.443590 0.079879 -0.093931
-0.365739 0.026781 -0.103925
-0.481718 -0.079434 -0.096738
-0.467792 -0.065267 -0.104613
-0.363158 0.121587 -0.100303
-0.609765 0.076150 -0.100071
-0.459088 -0.069320 -0.104797
-0.544510 0.148083 -0.099364
-0.561584 0.100897 -0.092126
-0.486106 0.166594 -0.099667
-0.378579 0.102154 -0.094234
-0.491439 -0.016699 -0.103346
-0.569702 0.046258 -0.101148
-0.509928 0.142867 -0.091871
-0.549698 0.008558 -0.102151
-0.518516 -0.061491 -0.103944
-0.370399 0.063762 -0.095113
-0.549780 -0.052759 -0.095399
-0.439034 0.159950 -0.100352
-0.598780 0.133867 -0.099021
-0.450290 0.006766 -0.103347
-0.620211 0.029726 -0.100897
-0.377864 0.112684 -0.102030
-0.592324 0.049201 -0.100824
-0.527070 0.128365 -0.091968
-0.534272 0.208109 -0.094134
-0.441542 0.068168 -0.094194
-0.461855 0.193200 -0.091405
-0.438505 0.101611 -0.101549
-0.379532 0.066575 -0.094949
-0.405996 0.099642 -0.093966
-0.418492 0.030750 -0.095226
-0.401278 0.122625 -0.101554
-0.388933 0.104179 -0.094072
-0.476238 -0.004062 -0.103265
-0.612629 0.046499 -0.100643
-0.390278 0.107311 -0.093993
-0.473898 0.032163 -0.094551
-0.406004 0.022267 -0.095545
-0.455368 0.018632 -0.103046
-0.521661 0.190813 -0.098758
-0.570272 0.171523 -0.097587
-0.553845 0.089177 -0.092455
-0.468716 0.225111 -0.093612
-0.419266 0.016158 -0.095515
-0.486191 0.162819 -0.099743
-0.598126 0.007784 -0.093600
-0.398853 0.067491 -0.102707
-0.544007 0.059636 -0.101175
-0.451106 0.066346 -0.102121
-0.535874 0.206412 -0.092167
-0.533842 0.021356 -0.094073
-0.518946 0.112314 -0.092390
-0.536072 0.084157 -0.100767
-0.504274 -0.046143 -0.095795
-0.614209 0.125214 -0.091016
-0.456317 0.147278 -0.092407
-0.500569 -0.054380 -0.096006
-0.630981 0.088336 -0.099575
-0.517287 0.023049 -0.102233
-0.511896 -0.090835 -0.104621
-0.388250 0.113371 -0.101895
-0.491101 0.158839 -0.091765
-0.526921 -0.055681 -0.103728
-0.532077 0.199591 -0.090455
-0.573047 0.046574 -0.093101
-0.509390 0.203728 -0.098638
-0.342944 0.071149 -0.095283
-0.438651 -0.033406 -0.096300
-0.380617 0.090807 -0.094442
-0.506657 0.096234 -0.100864
-0.541225 0.070726 -0.100981
-0.406994 0.144924 -0.101032
-0.519001 0.003759 -0.094605
-0.389879 0.119946 -0.101742
-0.525050 0.030877 -0.101983
-0.471171 0.002375 -0.095191
-0.436235 0.030450 -0.095025
-0.591425 0.059820 -0.100618
-0.478948 -0.079510 -0.104774
-0.484416 -0.096502 -0.101041
-0.496069 0.034807 -0.102241
-0.588123 0.138074 -0.099060
-0.418136 0.059784 -0.094638
-0.478736 0.031167 -0.102517
-0.467964 0.181193 -0.099581
-0.422874 0.165748 -0.100422
-0.592955 0.061638 -0.092561
-0.432105 0.189214 -0.096924
-0.459881 -0.069915 -0.096798
-0.547780 0.159766 -0.091085
-0.531308 0.121299 -0.100065
-0.547537 0.181900 -0.090636
-0.484974 -0.062125 -0.104349
-0.486503 -0.006734 -0.103200
-0.479695 -0.015630 -0.103461
-0.541384 -0.048206 -0.095404
-0.546757 0.070404 -0.100923
-0.558095 0.024703 -0.093721
-0.455985 -0.066848 -0.104783
-0.503400 0.064413 -0.093549
-0.474325 -0.083870 -0.096914
-0.559185 0.077867 -0.092624
-0.503702 0.175759 -0.091273
-0.639272 0.041895 -0.100426
-0.434197 0.150965 -0.100592
-0.616158 0.071476 -0.092090
-0.367544 0.073025 -0.094957
-0.441051 0.072326 -0.102117
-0.594799 0.081159 -0.100143
-0.415746 0.112397 -0.101594
-0.616051 0.028175 -0.100977
-0.552109 -0.028948 -0.102888
-0.565871 0.147402 -0.099129
-0.387870 0.064376 -0.102899
-0.541469 -0.037827 -0.095192
-0.486393 0.231212 -0.090343
-0.489980 0.239515 -0.098134
-0.588763 -0.009692 -0.094066
-0.508211 0.069872 -0.101384
-0.618273 0.122563 -0.096636
-0.539662 0.187351 -0.090617
-0.661768 0.058176 -0.099831
-0.498568 0.151025 -0.091837
-0.447891 0.186457 -0.099707
-0.476306 -0.018770 -0.103565
-0.571762 0.145371 -0.099101
-0.540636 0.029940 -0.093818
-0.554551 -0.013577 -0.102546
-0.500675 -0.076194 -0.096450
-0.438778 0.181656 -0.099912
-0.588528 -0.012329 -0.094122
-0.540976 0.053811 -0.101329
-0.433106 0.088186 -0.093883
-0.561612 0.006062 -0.094061
-0.596321 0.048514 -0.092790
-0.377158 0.068076 -0.094946
-0.436832 0.083853 -0.101931
-0.441374 0.060493 -0.102354
-0.458529 0.086901 -0.093613
-0.524378 -0.078860 -0.102988
-0.333656 0.072531 -0.103365
-0.509541 0.150547 -0.099721
-0.466138 0.141349 -0.092413
-0.475194 -0.028868 -0.103784
-0.492912 0.083621 -0.093279
-0.486445 0.159122 -0.099816
-0.389863 0.033245 -0.095509
-0.346988 0.051118 -0.103646
-0.355242 0.035103 -0.098863
-0.450200 0.120969 -0.093015
-0.491112 -0.085888 -0.096760
-0.516294 0.093479 -0.092805
-0.537144 0.100149 -0.100428
-0.551688 0.072260 -0.100828
-0.413149 0.010495 -0.103704
-0.456076 0.053063 -0.094332
-0.436795 0.021357 -0.095204
-0.362199 0.028040 -0.099769
-0.507343 0.194639 -0.090845
-0.549452 -0.023458 -0.102807
-0.464607 0.006324 -0.103189
-0.571356 0.012215 -0.101824
-0.586412 0.108199 -0.005742
-0.592640 0.119993 -0.058452
-0.521625 0.086292 -0.008669
-0.439598 0.046873 0.005309
-0.408296 0.032475 -0.028932
-0.578726 0.113388 -0.054154
-0.589721 0.114750 -0.088889
-0.607458 0.124614 0.005463
-0.561950 0.105419 -0.065466
-0.457910 0.056032 -0.029923
-0.465685 0.059717 -0.047051
-0.552498 0.100953 -0.002415
-0.508346 0.072554 0.007461
-0.586754 0.108366 0.009108
-0.481767 0.067344 -0.072030
-0.578221 0.113149 -0.052108
-0.505166 0.069608 -0.046304
-0.579920 0.105099 -0.052532
-0.382765 0.020357 -0.015183
-0.592243 0.119806 -0.055005
-0.475428 0.064328 -0.091222
-0.557438 0.094412 -0.087706
-0.471313 0.053546 -0.012605
-0.434895 0.045109 -0.013668
-0.523147 0.086994 -0.067792
-0.602383 0.115757 -0.075838
-0.574008 0.111145 -0.062979
-0.600309 0.114768 -0.086026
-0.487385 0.070013 -0.067170
-0.498007 0.066223 -0.003168
-0.465816 0.050941 0.004206
-0.427139 0.041420 -0.032465
-0.451915 0.044312 -0.079638
-0.455578 0.054922 -0.035501
-0.530419 0.081594 -0.059291
-0.435271 0.045292 -0.003632
-0.471697 0.062569 -0.054954
-0.584414 0.116084 -0.067808
-0.529639 0.081223 -0.059996
-0.482095 0.058663 -0.017373
-0.412112 0.025421 -0.054893
-0.389937 0.023756 -0.034293
-0.440271 0.038800 -0.030365
-0.578495 0.104421 -0.056832
-0.494933 0.064765 0.000587
-0.427943 0.032950 -0.020243
-0.457801 0.055969 -0.060687
-0.548051 0.089956 -0.086226
-0.524295 0.078702 -0.014053
-0.546286 0.089148 0.000662
-0.469687 0.052775 -0.007730
-0.525351 0.079200 -0.023764
-0.608627 0.118730 -0.052424
-0.412235 0.025491 -0.023753
-0.496059 0.074145 -0.029926
-0.453062 0.053730 -0.027780
-0.567381 0.099149 -0.044841
-0.588394 0.109116 -0.071986
-0.590551 0.119013 -0.025276
-0.556820 0.094121 -0.080242
-0.484693 0.059880 -0.065397
-0.536866 0.093504 -0.076959
-0.506636 0.079173 -0.014209
-0.462910 0.058389 -0.076289
-0.606599 0.117786 -0.000798
-0.554151 0.092882 -0.003160
-0.579799 0.105044 -0.046165
-0.483413 0.059292 -0.008843
-0.540572 0.092099 -0.090481
-0.460719 0.048503 -0.047542
-0.510689 0.081075 -0.078027
-0.583424 0.106754 -0.079137
-0.466279 0.051155 -0.012572
-0.525097 0.087935 -0.022392
-0.437250 0.037370 -0.016886
-0.425925 0.040832 -0.066020
-0.548115 0.090001 -0.045477
-0.424818 0.040302 -0.077941
-0.399373 0.028229 -0.053470
-0.603477 0.125131 -0.080538
-0.586235 0.116955 -0.050504
-0.404800 0.030801 -0.068065
-0.526358 0.088512 -0.086026
-0.512667 0.082040 -0.005122
-0.454655 0.053700 0.005795
-0.452472 0.053449 -0.029755
-0.493855 0.064230 -0.067011
-0.482297 0.058741 -0.068958
-0.404842 0.021973 -0.044369
-0.510748 0.081126 -0.012317
-0.422740 0.030487 0.000803
-0.385748 0.021746 -0.092424
-0.497574 0.066005 -0.040407
-0.561206 0.100274 -0.089829
-0.421907 0.030084 -0.021616
-0.527313 0.088971 -0.069798
-0.608649 0.118746 -0.037220
-0.431096 0.034446 -0.025027
-0.565215 0.098136 -0.000146
-0.476307 0.055914 -0.018431
-0.506283 0.070126 -0.079434
-0.503857 0.068979 -0.065462
-0.573180 0.110745 -0.081131
-0.575382 0.111820 0.000933
-0.488241 0.061586 -0.006027
-0.396266 0.017894 -0.064739
-0.384104 0.020967 -0.085808
-0.419253 0.028826 -0.013465
-0.419320 0.037710 -0.026845
-0.428559 0.033226 -0.067477
-0.423295 0.030752 0.003987
-0.483123 0.067983 -0.085485
-0.463826 0.058822 -0.080936
-0.504045 0.069075 -0.045773
-0.382767 0.017585 -0.036316
-0.471364 0.053552 -0.061838
-0.391623 0.024537 -0.087889
-0.528174 0.080536 -0.033917
-0.396469 0.026869 -0.001653
-0.515292 0.083277 -0.031585
-0.453289 0.044959 -0.091913
-0.387426 0.022576 0.002830
-0.549542 0.093913 0.008824
-0.575864 0.103178 -0.039367
-0.396231 0.017890 -0.028090
-0.419712 0.029041 -0.023607
-0.406924 0.031822 -0.031869
-0.462753 0.058340 -0.003850
-0.608067 0.126512 -0.040931
-0.412297 0.025520 -0.025083
-0.573723 0.111015 -0.046115
-0.455827 0.055034 -0.053195
-0.526160 0.088419 -0.081205
-0.470882 0.062196 -0.015010
-0.529602 0.081218 -0.022663
-0.402601 0.020918 -0.018584
-0.404719 0.030755 -0.088240
-0.494098 0.073195 -0.083534
-0.566326 0.107494 -0.070952
-0.586757 0.108342 -0.063947
-0.526311 0.088504 -0.042990
-0.506850 0.079152 -0.091541
-0.544733 0.088404 -0.017564
-0.540441 0.089426 -0.090517
-0.387940 0.013935 -0.079181
-0.573396 0.110868 -0.024221
-0.570305 0.100531 -0.062199
-0.589098 0.118319 -0.035542
-0.598759 0.122922 0.007464
-0.592712 0.120031 -0.047684
-0.587634 0.108772 -0.025460
-0.436843 0.046032 -0.019269
-0.395587 0.026434 -0.045831
-0.534336 0.092305 -0.070512
-0.538804 0.085575 -0.059584
-0.474987 0.064119 -0.089444
-0.581635 0.105905 -0.076138
-0.499825 0.075937 -0.019198
-0.577181 0.103821 0.009480
-0.397293 0.025835 -0.095123
-0.548191 0.098881 -0.077931
-0.451718 0.044225 -0.060241
-0.418804 0.037450 -0.068379
-0.589217 0.109514 -0.051389
-0.521280 0.086122 -0.025803
-0.402684 0.029809 -0.030704
-0.553628 0.092636 0.004396
-0.561877 0.096523 -0.078249
-0.605174 0.125966 0.002346
-0.559067 0.101742 -0.089868
-0.455417 0.054831 -0.077436
-0.536425 0.084451 -0.043355
-0.459474 0.047923 -0.015548
-0.471751 0.053738 -0.056719
-0.518106 0.075764 -0.011078
-0.497415 0.074790 -0.027132
-0.387724 0.022706 -0.031295
-0.578198 0.104282 -0.052233
-0.383333 0.020358 -0.094151
-0.481574 0.067248 -0.085666
-0.610723 0.119719 -0.071551
-0.601817 0.115495 -0.057657
-0.454329 0.045474 -0.033170
-0.410301 0.033438 0.002833
-0.549534 0.099533 -0.038268
-0.496973 0.065718 -0.044991
-0.442652 0.039918 -0.064058
-0.448097 0.051379 -0.010982
-0.472237 0.055364 -0.092758
-0.465109 0.050579 -0.072412
-0.572243 0.101450 -0.064646
-0.595931 0.121563 -0.036933
-0.453046 0.053726 -0.018193
-0.477632 0.056524 -0.073613
-0.510301 0.080893 -0.070378
-0.593405 0.111521 0.000701
-0.507407 0.070658 -0.084317
-0.382076 0.020029 -0.017899
-0.502633 0.077277 -0.000287
-0.517408 0.084267 -0.072764
-0.479059 0.066060 -0.067153
-0.473098 0.063233 -0.058017
-0.496255 0.065387 -0.017013
-0.530603 0.081681 -0.058249
-0.405430 0.031106 -0.051694
-0.564984 0.106855 -0.075790
-0.424662 0.031399 -0.000918
-0.469115 0.052508 0.003798
-0.550783 0.100109 -0.087655
-0.543326 0.087716 -0.074012
-0.413715 0.035054 -0.010718
-0.539190 0.094616 -0.054503
-0.607346 0.126979 -0.050231
-0.462392 0.049289 -0.071868
-0.583915 0.107007 -0.022501
-0.571645 0.101166 -0.064732
-0.390640 0.024085 -0.046477
-0.576049 0.103255 -0.069559
-0.602110 0.124502 -0.022538
-0.414065 0.035206 -0.049574
-0.527026 0.088844 -0.044659
-0.609941 0.119372 -0.000897
-0.512752 0.082081 -0.002312
-0.512575 0.073129 -0.034991
-0.603521 0.116321 -0.010372
-0.528862 0.089726 -0.013412
-0.463968 0.050039 -0.066311
-0.476388 0.055937 -0.064111
-0.519603 0.080445 0.007859
-0.565967 0.107332 -0.047986
-0.421069 0.029673 -0.056428
-0.543658 0.087882 -0.050981
-0.545964 0.088966 -0.084040
-0.589544 0.109659 -0.082090
-0.544531 0.088302 -0.035724
-0.413637 0.035007 -0.038726
-0.415967 0.036102 -0.071187
-0.437490 0.046338 -0.024723
-0.413414 0.026029 -0.084310
-0.470832 0.062175 -0.007152
-0.520490 0.076868 -0.090368
-0.503166 0.076991 0.007377
-0.390984 0.015407 -0.003818
-0.449957 0.043378 -0.089855
-0.404951 0.022032 -0.023134
-0.449847 0.052184 -0.085413
-0.429578 0.042589 -0.003521
-0.610553 0.122769 -0.062723
-0.462229 0.049235 -0.004446
-0.469670 0.061604 -0.061333
-0.401609 0.020428 -0.072015
-0.549704 0.099624 -0.006950
-0.418990 0.037543 -0.055733
-0.417364 0.036768 -0.062331
-0.531175 0.090825 -0.010769
-0.469037 0.061299 -0.074645
-0.443272 0.040217 -0.052022
-0.462794 0.058349 -0.032783
-0.481116 0.058921 -0.092477
-0.477377 0.056398 -0.087686
-0.504728 0.069389 -0.075008
-0.535730 0.084105 -0.086478
-0.420552 0.029437 -0.031713
-0.584738 0.112554 0.009993
-0.391870 0.024675 -0.027746
-0.495483 0.073873 -0.026593
-0.578774 0.104547 -0.075139
-0.572927 0.101784 -0.040055
-0.589624 0.109717 -0.025611
-0.451973 0.053213 -0.030033
-0.479690 0.057523 -0.012210
-0.438047 0.037739 -0.043745
-0.499593 0.067035 -0.091884
-0.394429 0.022543 0.003803
-0.529987 0.090253 -0.033623
-0.532637 0.091522 -0.003821
-0.530847 0.081806 -0.031620
-0.554022 0.101648 -0.083079
-0.537524 0.084970 -0.050842
-0.480185 0.057755 -0.021759
-0.423699 0.039790 -0.023052
-0.442881 0.040020 -0.085205
-0.445917 0.041470 -0.061100
-0.399308 0.028206 -0.031681
-0.549017 0.099293 -0.024193
-0.463626 0.058731 -0.069681
-0.384003 0.013787 -0.018888
-0.506162 0.078942 -0.031780
-0.467888 0.060781 0.004303
-0.390647 0.015234 -0.041878
-0.394667 0.017140 -0.050227
-0.498424 0.066423 -0.000054
-0.602018 0.124442 -0.069851
-0.383679 0.020770 -0.074286
-0.607507 0.118198 -0.053971
-0.543839 0.087968 -0.050954
-0.495541 0.065033 -0.059984
-0.547558 0.098610 0.004259
-0.575393 0.111822 -0.006889
-0.435528 0.036545 -0.039776
-0.504558 0.078193 0.003591
-0.511361 0.072561 -0.010746
-0.386183 0.021953 -0.089587
-0.472772 0.063101 0.005162
-0.401541 0.029273 -0.011949
-0.599808 0.114558 -0.010649
-0.582265 0.115058 -0.081962
-0.578114 0.113118 0.003981
-0.561600 0.105245 -0.086501
-0.389880 0.016863 0.003612
-0.385565 0.021669 -0.063429
-0.458556 0.047479 -0.037821
-0.384606 0.021203 -0.093578
-0.390833 0.024168 -0.069882
-0.563092 0.103655 -0.089737
-0.601981 0.115578 -0.042014
-0.454859 0.054572 -0.061521
-0.424808 0.040326 0.002419
-0.403234 0.030050 -0.088634
-0.521130 0.086031 -0.080959
-0.562521 0.102047 0.009271
-0.559980 0.104508 0.003146
-0.386840 0.022269 -0.078689
-0.530945 0.090689 -0.088230
-0.561512 0.105235 0.002574
-0.393730 0.025558 -0.030832
-0.543444 0.096655 0.001243
-0.475695 0.055601 -0.084506
-0.560429 0.095851 -0.036515
-0.457004 0.055608 -0.009957
-0.447952 0.042454 -0.010679
-0.581461 0.105846 -0.011891
-0.566948 0.107800 -0.042015
-0.449135 0.051848 -0.076758
-0.592943 0.111287 -0.041876
-0.489417 0.070975 -0.076818
-0.385004 0.013489 -0.045291
-0.474476 0.055038 -0.039440
-0.399179 0.019267 -0.092635
-0.459448 0.047891 -0.071525
-0.408629 0.023783 -0.010322
-0.603418 0.116278 0.008550
-0.581989 0.114934 -0.063808
-0.495705 0.073966 -0.062020
-0.495015 0.064788 -0.044248
-0.420718 0.033535 0.004640
-0.588959 0.118245 -0.060072
-0.460831 0.052929 0.005950
-0.423387 0.030761 -0.092524
-0.508674 0.077755 -0.091509
-0.593459 0.120372 -0.085569
-0.588937 0.109384 -0.042968
-0.577912 0.112997 -0.065325
-0.428774 0.042193 -0.043617
-0.555098 0.102169 -0.053432
-0.609409 0.120309 0.008318
-0.407057 0.023028 -0.034224
-0.518643 0.084880 0.003197
-0.446997 0.050838 -0.063013
-0.425014 0.040395 -0.078159
-0.555392 0.101126 -0.089974
-0.486569 0.069622 -0.077537
-0.611809 0.121726 -0.086089
-0.385929 0.014903 -0.094329
-0.483815 0.059484 -0.006715
-0.493586 0.064127 0.004142
-0.588669 0.118106 -0.061372
-0.604337 0.116712 0.000049
-0.600998 0.115117 -0.025165
-0.583633 0.106867 -0.038382
-0.531829 0.082275 -0.023689
-0.600622 0.118749 0.010494
-0.587383 0.117489 -0.082543
-0.450212 0.043526 -0.015145
-0.395413 0.017513 0.002857
-0.431945 0.034825 -0.091234
-0.467750 0.051858 -0.001801
-0.512890 0.082128 -0.054933
-0.579201 0.104766 -0.031355
-0.409038 0.032831 -0.017667
-0.468155 0.052988 0.006147
-0.609612 0.125125 -0.088231
-0.416697 0.036464 -0.025939
-0.553067 0.101210 -0.040264
-0.546645 0.098144 -0.086411
-0.533280 0.091816 -0.035837
-0.406079 0.031404 -0.079572
-0.551457 0.100441 -0.050760
-0.562777 0.105807 -0.076390
-0.573142 0.110748 -0.021857
-0.439212 0.047148 -0.044504
-0.471055 0.053397 -0.086881
-0.422086 0.039006 -0.072642
-0.516559 0.075008 -0.072497
-0.468419 0.061032 0.001032
-0.520611 0.076937 -0.058262
-0.489545 0.062207 0.001798
-0.579810 0.113905 -0.048401
-0.456805 0.055501 -0.046936
-0.560511 0.100817 -0.089841
-0.571298 0.107489 0.009572
-0.393747 0.016706 -0.041662
-0.458425 0.056261 -0.072345
-0.450686 0.043724 -0.089479
-0.457398 0.055782 -0.047831
-0.522417 0.077800 -0.040797
-0.418869 0.037474 -0.087263
-0.455094 0.048811 -0.093296
-0.556618 0.098561 0.009070
-0.509382 0.071626 0.001512
-0.602057 0.115603 -0.072175
-0.429266 0.042410 -0.088391
-0.424073 0.031110 -0.028011
-0.566641 0.098806 -0.019460
-0.539701 0.094864 -0.036539
-0.407864 0.032257 -0.064083
-0.561974 0.096573 -0.069498
-0.521585 0.077420 0.002306
-0.441317 0.039288 -0.055220
-0.509466 0.071667 0.004338
-0.483457 0.064936 -0.092340
-0.454209 0.054281 -0.011721
-0.597157 0.122153 -0.014424
-0.556191 0.102694 -0.036131
-0.555242 0.102225 -0.088505
-0.411692 0.034086 -0.032337
-0.396268 0.017891 -0.075723
-0.559048 0.095184 -0.068897
-0.560728 0.095996 -0.027360
-0.398287 0.027704 -0.079863
-0.498679 0.066519 -0.070805
-0.478595 0.065853 -0.029821
-0.406461 0.031605 -0.022422
-0.410932 0.030474 0.004341
-0.399784 0.019580 -0.020320
-0.441518 0.048234 -0.070116
-0.453292 0.053822 -0.076324
-0.389297 0.014588 -0.056831
-0.547846 0.098716 -0.081819
-0.590681 0.110208 -0.054218
-0.506816 0.079257 -0.018976
-0.420362 0.029358 -0.000627
-0.482464 0.058845 0.000440
-0.545531 0.089036 0.008657
-0.469300 0.052596 0.005147
-0.521357 0.079100 0.007889
-0.507114 0.079379 -0.072713
-0.458316 0.056236 0.002335
-0.426668 0.032325 -0.076142
-0.429447 0.033665 -0.016750
-0.482006 0.058614 -0.037836
-0.412622 0.034538 -0.001201
-0.561787 0.096490 -0.051206
-0.384877 0.012854 -0.032130
-0.610232 0.121252 -0.030713
-0.581214 0.105702 -0.086702
-0.424865 0.031463 -0.091908
-0.588626 0.109237 -0.042130
-0.387498 0.013727 -0.076193
-0.532001 0.091207 -0.040732
-0.475486 0.064375 -0.035373
-0.475219 0.055372 -0.092590
-0.419386 0.037744 -0.017550
-0.485689 0.060351 -0.069279
-0.460603 0.057300 -0.058000
-0.573537 0.102074 -0.037071
-0.458856 0.056489 -0.005522
-0.413441 0.026044 -0.077849
-0.607481 0.118198 -0.016981
-0.606832 0.126724 -0.080770
-0.426124 0.032064 -0.084352
-0.438734 0.038076 -0.014782
-0.463025 0.052631 -0.093037
-0.520821 0.085886 -0.076494
-0.558278 0.103676 -0.061434
-0.546103 0.089060 -0.002614
-0.567801 0.108200 -0.057124
-0.458563 0.047470 -0.073285
-0.509954 0.071868 -0.081533
-0.568068 0.108345 -0.004617
-0.463068 0.049604 -0.088350
-0.559529 0.095427 -0.027583
-0.584693 0.116218 -0.064295
-0.542700 0.092080 0.008619
-0.546203 0.097957 -0.021239
-0.440361 0.038840 -0.037110
-0.545844 0.088930 -0.022224
-0.574797 0.102671 -0.040705
-0.457562 0.046992 -0.083081
-0.486308 0.069528 0.005905
-0.410802 0.033665 -0.026257
-0.477469 0.059947 -0.092562
-0.551209 0.091489 0.008656
-0.535533 0.092876 -0.062291
-0.543808 0.087953 -0.052798
-0.432151 0.043793 -0.051940
-0.521903 0.080869 -0.091118
-0.526399 0.079702 -0.010051
-0.513914 0.073756 -0.062463
-0.550708 0.096738 0.008890
-0.468512 0.061056 -0.056262
-0.526733 0.079848 -0.046170
-0.532595 0.082619 -0.080147
-0.592443 0.119903 -0.047263
-0.503874 0.068992 -0.050961
-0.488153 0.061546 0.001021
-0.587176 0.117396 -0.066733
-0.423670 0.030897 -0.089469
-0.439418 0.047235 -0.074640
-0.599924 0.114613 -0.008630
-0.543042 0.087598 -0.029355
-0.467795 0.060730 -0.015509
-0.555843 0.093666 -0.057277
-0.599686 0.123331 -0.081363
-0.384174 0.021031 -0.001654
-0.578630 0.104475 -0.084449
-0.431561 0.043529 -0.006053
-0.569232 0.108875 -0.069353
-0.541737 0.086987 -0.003883
-0.453337 0.053842 -0.081679
-0.447982 0.051297 -0.087732
-0.584300 0.107193 -0.012748
-0.528376 0.080641 -0.009599
-0.572135 0.101398 -0.067327
-0.453247 0.044946 -0.073787
-0.450150 0.052350 -0.020337
-0.545059 0.097407 -0.040692
-0.559290 0.095320 -0.006435
-0.547030 0.094318 -0.090281
-0.554938 0.102081 -0.089383
-0.454749 0.046174 -0.093338
-0.480658 0.057960 -0.077876
-0.405511 0.022280 -0.073386
-0.528953 0.089755 -0.053703
-0.494732 0.073517 -0.023589
-0.446377 0.043495 -0.093595
-0.551042 0.091395 -0.032041
-0.566510 0.098731 -0.054899
-0.598204 0.122629 -0.075555
-0.607192 0.126894 -0.082475
-0.590464 0.110117 -0.020724
-0.584635 0.116215 0.007033
-0.511602 0.072650 -0.082939
-0.524372 0.087577 -0.061759
-0.511325 0.081404 -0.001779
-0.530420 0.090455 -0.045917
-0.525180 0.079129 0.005764
-0.425736 0.031900 -0.027269
-0.405063 0.022093 -0.001839
-0.502177 0.077054 -0.018032
-0.450952 0.052713 -0.071217
-0.470787 0.053283 -0.049136
-0.565721 0.098358 -0.051418
-0.544886 0.097316 -0.066434
-0.466207 0.051099 -0.075900
-0.430233 0.041978 0.004999
-0.398012 0.018736 -0.028848
-0.452413 0.053419 -0.036974
-0.464833 0.059304 -0.070442
-0.526153 0.088443 -0.006739
-0.569023 0.099941 -0.007445
-0.467745 0.060701 -0.031963
-0.497469 0.065963 -0.018162
-0.412711 0.034557 -0.067121
-0.382744 0.016626 -0.021604
-0.430559 0.043034 -0.060898
-0.545094 0.097429 -0.027161
-0.459027 0.056544 -0.080464
-0.395664 0.026482 -0.012513
-0.537531 0.093171 0.008494
-0.457293 0.055746 -0.008920
-0.547399 0.089671 -0.016585
-0.559030 0.095191 -0.023511
-0.608898 0.121531 0.006191
-0.516074 0.074785 -0.052016
-0.572021 0.110204 -0.054035
-0.546715 0.089333 -0.052961
-0.484912 0.068859 -0.010439
-0.536516 0.093337 -0.080243
-0.583740 0.106920 -0.033081
-0.531759 0.082223 -0.079588
-0.588218 0.117894 -0.057731
-0.392773 0.016259 0.001722
-0.468767 0.061195 -0.005338
-0.470046 0.061775 -0.083647
-0.498095 0.066239 -0.079092
-0.583519 0.106826 -0.003880
-0.517087 0.084117 -0.064501
-0.489449 0.062135 -0.074839
-0.474338 0.063839 -0.008636
-0.488541 0.061720 -0.027893
-0.583119 0.106629 -0.021912
-0.572951 0.101812 0.007870
-0.410496 0.033508 -0.058773
-0.414979 0.026796 -0.015450
-0.398283 0.027709 -0.058678
-0.586086 0.116879 -0.065788
-0.497464 0.074803 -0.055086
-0.476292 0.064757 -0.036815
-0.568684 0.099778 -0.014246
-0.592834 0.111248 -0.003818
-0.393773 0.025556 -0.091865
-0.604066 0.125428 -0.031082
-0.568262 0.108412 -0.074783
-0.423667 0.037635 0.004770
-0.451469 0.049529 0.005659
-0.585761 0.116727 -0.056889
-0.525496 0.079258 -0.053971
-0.476061 0.055779 -0.070823
-0.409986 0.033272 -0.042745
-0.431844 0.034808 -0.004367
-0.550485 0.091122 -0.056218
-0.599914 0.123447 -0.058500
-0.435146 0.036368 -0.028293
-0.493079 0.063872 -0.035206
-0.485737 0.060396 -0.006075
-0.502470 0.077170 -0.083367
-0.569959 0.100375 -0.039065
-0.480473 0.066728 -0.077631
-0.572215 0.101459 -0.001908
-0.467348 0.051667 -0.000728
-0.404685 0.021894 -0.057474
-0.521227 0.086096 -0.028491
-0.517614 0.084386 -0.011255
-0.493845 0.064230 -0.051295
-0.539053 0.094558 -0.033499
-0.474869 0.064073 -0.061494
-0.485448 0.069086 -0.087018
-0.456940 0.046721 -0.011689
-0.608342 0.118597 -0.045384
-0.596214 0.112841 -0.037882
-0.435978 0.045623 -0.015052
-0.469817 0.052820 -0.056350
-0.540650 0.086460 -0.033985
-0.566437 0.107560 -0.034932
-0.533295 0.082971 -0.023733
-0.466335 0.060026 -0.047133
-0.509919 0.071849 -0.088591
-0.517839 0.084494 -0.008226
-0.575284 0.102899 -0.050304
-0.599439 0.114370 -0.044282
-0.577200 0.112679 -0.010596
-0.472921 0.063153 -0.046190
-0.411121 0.033825 -0.003337
-0.560444 0.095845 -0.072401
-0.530161 0.090328 -0.057562
-0.445323 0.050046 -0.056150
-0.418983 0.037537 -0.062508
-0.493758 0.073050 -0.035863
-0.519479 0.076413 -0.020542
-0.491831 0.072146 -0.007258
-0.547528 0.098594 -0.000585
-0.445373 0.050074 -0.043174
-0.465021 0.050531 -0.087879
-0.564502 0.106648 -0.014580
-0.518658 0.084869 -0.049219
-0.497417 0.065928 -0.046842
-0.518086 0.075748 -0.030664
-0.592025 0.110864 -0.005716
-0.452451 0.044587 -0.021351
-0.544681 0.097236 -0.016882
-0.516081 0.083647 -0.045043
-0.529268 0.082386 -0.090902
-0.558723 0.103911 0.003892
-0.424927 0.031517 -0.024652
-0.595457 0.118617 0.010354
-0.544215 0.097015 -0.016777
-0.481347 0.067145 -0.071458
-0.561279 0.105108 -0.042623
-0.435620 0.045458 -0.001613
-0.448745 0.049933 0.005591
-0.597074 0.122096 -0.064959
-0.522967 0.078076 -0.000624
-0.546657 0.089309 -0.043523
-0.441235 0.048102 -0.062234
-0.473397 0.063370 -0.073171
-0.511909 0.072822 -0.010452
-0.563753 0.097414 -0.077659
-0.526071 0.079542 -0.022544
-0.407530 0.023263 -0.005065
-0.389113 0.023369 -0.020099
-0.606817 0.126730 -0.041124
-0.584924 0.107478 -0.044454
-0.612339 0.120483 -0.084231
-0.512408 0.073039 -0.067253
-0.467296 0.051622 -0.059463
-0.399587 0.028328 -0.059905
-0.472548 0.062982 -0.029811
-0.547825 0.089864 -0.043438
-0.515524 0.083367 -0.088158
-0.536841 0.093522 0.008339
-0.422824 0.031051 0.004666
-0.517349 0.084234 -0.085507
-0.591807 0.119596 -0.061834
-0.579473 0.113745 -0.048851
-0.460446 0.048360 -0.084779
-0.600343 0.123673 0.004588
-0.425075 0.040425 -0.073622
-0.424584 0.040214 -0.012144
-0.451081 0.052783 -0.047942
-0.588274 0.117941 0.000422
-0.535422 0.092832 -0.037923
-0.487233 0.069964 -0.001611
-0.442024 0.042288 -0.093726
-0.595792 0.112639 -0.041707
-0.563271 0.097190 -0.063196
-0.443452 0.049156 -0.058818
-0.436515 0.045875 -0.024253
-0.458094 0.047244 -0.082203
-0.447172 0.050933 -0.028270
-0.550448 0.091108 -0.045779
-0.451825 0.044265 -0.090464
-0.586004 0.107987 -0.057152
-0.606129 0.117551 -0.032152
-0.599805 0.123402 -0.038419
-0.596656 0.121908 -0.036253
-0.391270 0.024394 -0.019443
-0.430398 0.034096 -0.077646
-0.453426 0.045051 -0.016747
-0.449886 0.052205 -0.075247
-0.579212 0.113611 -0.076659
-0.605515 0.117255 -0.045623
-0.387124 0.013576 -0.001417
-0.412128 0.034273 -0.087244
-0.433692 0.035680 -0.019261
-0.390040 0.014948 -0.034400
-0.403521 0.021339 -0.064591
-0.443616 0.049225 -0.084598
-0.569749 0.100261 -0.080000
-0.536163 0.084343 0.004269
-0.584195 0.107124 -0.067405
-0.410927 0.024862 -0.043055
-0.460046 0.057048 -0.022952
-0.419144 0.028759 -0.057775
-0.498915 0.066637 -0.053840
-0.541105 0.095536 -0.022795
-0.611785 0.121870 -0.087433
-0.587726 0.117660 -0.056611
-0.569288 0.108928 0.006962
-0.605250 0.125985 -0.045906
-0.494061 0.064325 -0.073487
-0.497779 0.074963 -0.027515
-0.388588 0.014268 -0.008730
-0.543594 0.087870 0.001338
-0.403716 0.021454 0.000554
-0.573689 0.111009 -0.019366
-0.548441 0.099003 -0.068539
-0.592976 0.111321 0.009945
-0.582998 0.115436 0.001073
-0.542046 0.095992 0.002846
-0.579600 0.104966 0.000150
-0.484773 0.065720 -0.092296
-0.482265 0.058727 -0.066206
-0.479473 0.057393 -0.087655
-0.553478 0.101388 -0.087626
-0.478099 0.056751 -0.058889
-0.524963 0.079008 -0.044249
-0.599163 0.114232 -0.064285
-0.411750 0.031043 -0.094672
-0.444556 0.049684 -0.049440
-0.463457 0.058646 -0.083722
-0.420318 0.038166 -0.076559
-0.584515 0.107298 -0.004084
-0.521142 0.086048 -0.050178
-0.513412 0.082395 -0.000960
-0.550407 0.099946 -0.043433
-0.506760 0.071841 0.007410
-0.606957 0.117927 -0.080851
-0.528593 0.089581 -0.062751
-0.524735 0.087759 -0.035705
-0.491508 0.071985 -0.027215
-0.516316 0.074897 -0.060126
-0.450217 0.043511 -0.063146
-0.545233 0.088990 0.008648
-0.503985 0.069058 -0.016237
-0.549687 0.090744 -0.054446
-0.566661 0.098825 0.007569
-0.585069 0.116417 -0.003450
-0.574362 0.102467 -0.035032
-0.573246 0.110804 -0.003240
-0.589900 0.109833 -0.066499
-0.494164 0.073233 -0.065373
-0.507887 0.079767 -0.015284
-0.465261 0.050651 -0.072495
-0.610352 0.119547 -0.058365
-0.437432 0.046314 -0.014090
-0.458420 0.056275 -0.027347
-0.584679 0.107357 -0.058562
-0.598720 0.114019 -0.073026
-0.533989 0.092140 -0.071156
-0.575425 0.111827 -0.037063
-0.421304 0.029778 -0.076122
-0.546558 0.089249 -0.078016
-0.590212 0.118851 -0.027232
-0.409808 0.024334 -0.033862
-0.419387 0.028866 -0.080472
-0.500202 0.067264 -0.007068
-0.422011 0.030128 -0.035292
-0.496931 0.065683 -0.085081
-0.515070 0.074296 -0.086807
-0.557507 0.098682 0.009095
-0.413364 0.026016 -0.052753
-0.600056 0.114670 -0.023793
-0.448082 0.051125 0.005588
-0.390486 0.024004 -0.069588
-0.440556 0.047800 -0.006781
-0.412183 0.025448 -0.074405
-0.608717 0.118766 -0.072169
-0.607063 0.126842 -0.056802
-0.575440 0.111844 -0.007740
-0.473076 0.054358 -0.081357
-0.570880 0.109684 0.005307
-0.598211 0.122652 -0.020824
-0.604954 0.125843 -0.048734
-0.392579 0.016148 -0.050084
-0.522029 0.086458 -0.081981
-0.384511 0.016925 -0.080251
-0.460497 0.048400 -0.041139
-0.424677 0.040245 -0.050255
-0.476521 0.063674 0.006502
-0.512637 0.073145 -0.074881
-0.427333 0.036015 0.004848
-0.401715 0.029326 -0.094398
-0.596482 0.119790 0.010396
-0.462102 0.058012 -0.056652
-0.418014 0.029191 0.004515
-0.540809 0.086523 -0.070381
-0.433844 0.035753 -0.019327
-0.541955 0.095943 -0.012166
-0.510390 0.080938 -0.062313
-0.514198 0.082747 -0.060819
-0.467701 0.051802 -0.092322
-0.522409 0.086657 -0.027584
-0.606111 0.117530 -0.066172
-0.501533 0.067900 0.003277
-0.465752 0.050891 -0.051441
-0.411087 0.024922 -0.089768
-0.450116 0.043464 -0.059935
-0.505393 0.078584 -0.010433
-0.510151 0.076299 -0.091488
-0.488507 0.061682 -0.088599
-0.425896 0.040840 -0.003128
-0.505908 0.078801 -0.088136
-0.467813 0.051884 -0.010458
-0.558700 0.103897 -0.005827
-0.552397 0.092031 -0.051209
-0.463321 0.058597 -0.040084
-0.454343 0.052274 0.005769
-0.422521 0.030383 0.001549
-0.475572 0.055564 -0.024237
-0.455685 0.046105 -0.068620
-0.479392 0.066240 -0.005231
-0.545596 0.088795 -0.070641
-0.478868 0.057119 -0.051275
-0.458866 0.056467 -0.082240
-0.418302 0.028376 -0.009225
-0.519880 0.085444 -0.062787
-0.527376 0.080154 -0.044754
-0.565255 0.106984 -0.074580
-0.500315 0.067289 -0.088792
-0.514716 0.074141 -0.049480
-0.552144 0.100780 -0.017141
-0.408320 0.023630 -0.029135
-0.406240 0.031486 -0.062848
-0.449987 0.052253 -0.075622
-0.538600 0.094332 -0.064262
-0.492899 0.063793 -0.016337
-0.413365 0.026004 -0.088943
-0.475202 0.055394 -0.007588
-0.597239 0.122196 -0.005544
-0.403543 0.030219 -0.024085
-0.452304 0.053376 -0.010475
-0.443616 0.049248 -0.019184
-0.529022 0.089808 0.004534
-0.523530 0.087200 0.003378
-0.483587 0.059375 -0.008040
-0.533716 0.083154 -0.072647
-0.494782 0.073519 -0.085415
-0.391564 0.024530 -0.026606
-0.399653 0.019519 -0.016247
-0.393769 0.025554 -0.092037
-0.382330 0.017853 -0.026809
-0.405854 0.022436 -0.094073
-0.509406 0.080491 -0.006170
-0.526493 0.088597 -0.025983
-0.459497 0.047931 -0.025301
-0.561048 0.096155 -0.006733
-0.467315 0.060477 -0.086153
-0.537538 0.093819 -0.087694
-0.466291 0.060003 -0.053358
-0.525417 0.085740 -0.090964
-0.591938 0.110814 -0.027765
-0.450173 0.043495 -0.049022
-0.470546 0.053188 0.005076
-0.408002 0.023490 0.003238
-0.543539 0.096685 -0.042539
-0.409233 0.024059 -0.040157
-0.609154 0.121556 -0.002036
-0.391066 0.024282 -0.062086
-0.484168 0.068482 -0.077603
-0.444220 0.049510 -0.090077
-0.467655 0.051792 -0.061045
-0.459348 0.047838 -0.086596
-0.392330 0.024873 -0.088168
-0.475001 0.055274 -0.076501
-0.506814 0.079230 -0.089647
-0.406281 0.031511 -0.046679
-0.506556 0.079114 -0.071538
-0.513355 0.073510 -0.005986
-0.584546 0.107292 -0.063531
-0.519514 0.076424 -0.034323
-0.507172 0.079328 -0.091530
-0.548078 0.089973 -0.072715
-0.449231 0.051894 -0.076092
-0.586420 0.108187 -0.049327
-0.458243 0.056173 -0.077258
-0.398628 0.019030 -0.023324
-0.420516 0.029411 -0.054537
-0.603148 0.124995 -0.023280
-0.538678 0.085509 -0.075080
-0.571337 0.101032 -0.031000
-0.528410 0.080642 -0.052676
-0.489977 0.071269 0.003590
-0.570419 0.100581 -0.072874
-0.466188 0.051117 0.001237
-0.576309 0.112233 -0.073582
-0.607015 0.117962 -0.060500
-0.514322 0.073956 -0.044359
-0.534068 0.092203 -0.001082
-0.512641 0.073144 -0.081129
-0.418388 0.037254 -0.063423
-0.511077 0.081289 0.007637
-0.514240 0.073907 -0.070471
-0.512745 0.082080 0.005023
-0.596283 0.121727 -0.047781
-0.500878 0.067564 -0.068313
-0.457485 0.046959 -0.070223
-0.575887 0.111569 -0.089298
-0.575596 0.103063 -0.004967
-0.609024 0.127565 -0.085692
-0.446503 0.050618 -0.020922
-0.467977 0.051944 -0.061370
-0.512702 0.082034 -0.066854
-0.509729 0.080643 -0.009214
-0.607247 0.118069 -0.067699
-0.514376 0.082840 -0.037067
-0.607550 0.125190 -0.005773
-0.560418 0.104691 -0.065955
-0.438662 0.045641 0.005269
-0.463917 0.058886 -0.024255
-0.561351 0.102325 -0.089800
-0.511303 0.072511 -0.075418
-0.608673 0.124517 -0.030447
-0.427681 0.032799 -0.093945
-0.418151 0.037154 -0.028201
-0.569087 0.108819 -0.032811
-0.520877 0.085936 -0.011388
-0.431526 0.034636 -0.063212
-0.405683 0.031245 0.002546
-0.608369 0.126427 -0.048986
-0.513540 0.082458 0.004692
-0.549338 0.099430 -0.064790
-0.546923 0.098282 -0.069420
-0.563320 0.097225 -0.029468
-0.479957 0.057644 -0.028474
-0.384388 0.015506 -0.055801
-0.458115 0.056114 -0.071305
-0.589063 0.118285 -0.085330
-0.539063 0.094550 -0.069560
-0.531890 0.082295 -0.049863
-0.441120 0.039189 -0.072085
-0.401161 0.020208 -0.092500
-0.562983 0.105903 -0.081491
-0.474895 0.064094 -0.035084
-0.449601 0.052075 -0.062007
-0.507454 0.070697 -0.036807
-0.413452 0.026077 0.001195
-0.584651 0.116210 -0.030034
-0.392451 0.024933 -0.080129
-0.517640 0.084397 -0.015921
-0.537393 0.084913 -0.035731
-0.489425 0.070988 -0.050097
-0.470756 0.053265 -0.057946
-0.425672 0.040720 -0.041209
-0.490953 0.062855 -0.057070
-0.599563 0.114443 -0.003856
-0.393137 0.025280 -0.017857
-0.582678 0.112773 0.009941
-0.607707 0.118290 -0.059644
-0.425738 0.040748 -0.052794
-0.481192 0.058214 -0.076397
-0.577170 0.103804 -0.022744
-0.520521 0.076890 -0.069089
-0.404944 0.030876 -0.049242
-0.382372 0.020175 -0.002723
-0.575099 0.111654 -0.087166
-0.464182 0.058993 -0.076496
-0.462664 0.049420 -0.065344
-0.472297 0.054002 -0.043188
-0.537145 0.093635 -0.082492
-0.541618 0.086911 -0.058283
-0.540754 0.086511 -0.030378
-0.413081 0.034748 -0.024480
-0.387207 0.022468 -0.008773
-0.523179 0.087011 -0.061784
-0.528387 0.080639 -0.029858
-0.565862 0.107300 0.004072
-0.421731 0.038839 -0.068707
-0.607260 0.118084 -0.042893
-0.552523 0.100941 -0.069214
-0.446659 0.050695 -0.015551
-0.514482 0.074047 -0.001521
-0.410207 0.024511 -0.070838
-0.448444 0.051524 -0.066584
-0.492302 0.063487 -0.083271
-0.405219 0.022149 -0.053913
-0.382713 0.020072 -0.070933
-0.540052 0.086189 0.000919
-0.570088 0.100450 0.000948
-0.483185 0.068045 0.005170
-0.600833 0.123896 -0.021905
-0.502987 0.068579 -0.030085
-0.502292 0.077112 -0.009434
-0.563509 0.106163 -0.053979
-0.604964 0.125854 -0.031912
-0.576237 0.112210 -0.042766
-0.439261 0.038331 0.000615
-0.422259 0.030233 -0.071402
-0.537829 0.093978 -0.031247
-0.418214 0.028308 -0.084584
-0.387817 0.022739 -0.063284
-0.479371 0.066211 -0.058713
-0.384026 0.012766 -0.004697
-0.515961 0.074734 -0.045544
-0.603155 0.116120 -0.084789
-0.542191 0.087197 -0.019607
-0.404670 0.030741 -0.060654
-0.394811 0.019005 -0.095273
-0.394229 0.017159 0.003731
-0.477163 0.065184 0.002389
-0.449327 0.043085 -0.071339
-0.472918 0.063165 -0.008516
-0.522010 0.077617 -0.013755
-0.441696 0.048341 -0.007143
-0.557019 0.094237 -0.020769
-0.431573 0.034667 -0.040047
-0.439893 0.045544 -0.093742
-0.581173 0.105684 -0.082016
-0.493561 0.072957 -0.035411
-0.390705 0.015276 -0.000124
-0.549936 0.090875 -0.017066
-0.436639 0.037083 -0.008314
-0.563192 0.106029 -0.008253
-0.593017 0.120196 0.008694
-0.606069 0.126388 -0.004565
-0.504388 0.078081 -0.081818
-0.593342 0.120332 -0.042820
-0.548674 0.099132 -0.016295
-0.405250 0.022153 -0.081574
-0.532132 0.082414 -0.039362
-0.555809 0.093661 -0.025317
-0.444292 0.040707 -0.035514
-0.406817 0.031751 -0.087461
-0.469631 0.061601 -0.018448
-0.592137 0.110895 -0.067384
-0.533523 0.083090 0.005418
-0.568764 0.099817 -0.010715
-0.485375 0.069053 -0.083339
-0.488922 0.061900 -0.030159
-0.609653 0.119220 -0.043715
-0.469865 0.052841 -0.059276
-0.603107 0.116321 0.010530
-0.570147 0.104218 0.009501
-0.498417 0.069522 0.007158
-0.555733 0.102467 -0.064724
-0.474594 0.055080 -0.077936
-0.552599 0.092143 -0.008409
-0.526708 0.079843 -0.026972
-0.452500 0.053466 -0.019253
-0.459257 0.056653 -0.080763
-0.436687 0.041868 -0.093873
-0.584390 0.107244 0.008520
-0.411263 0.033891 -0.007224
-0.572083 0.110245 -0.022246
-0.461289 0.057623 -0.067340
-0.601572 0.115965 0.010485
-0.584597 0.107314 -0.070411
-0.533971 0.083275 -0.074465
-0.576899 0.111120 0.009766
-0.594422 0.111998 -0.014927
-0.518359 0.084741 -0.008850
-0.604360 0.125574 -0.013170
-0.387541 0.022616 -0.040671
-0.419722 0.037896 -0.037348
-0.527013 0.079986 -0.032419
-0.601113 0.115174 -0.019224
-0.495529 0.065036 -0.034494
-0.406741 0.022887 -0.009369
-0.592559 0.119974 -0.003426
-0.390109 0.014992 -0.005112
-0.605667 0.126186 -0.036514
-0.452508 0.044594 -0.077299
-0.480114 0.057712 -0.047834
-0.487634 0.069862 0.006875
-0.441550 0.048244 -0.085538
-0.582663 0.106393 -0.077891
-0.581550 0.110906 -0.089155
-0.474867 0.055231 -0.017261
-0.484857 0.068825 -0.033098
-0.513823 0.082565 -0.069911
-0.512330 0.081850 -0.089043
-0.542208 0.096049 -0.054118
-0.575446 0.102992 -0.005952
-0.600269 0.114763 -0.048763
-0.609233 0.125338 -0.059638
-0.572844 0.102639 -0.089489
-0.408700 0.023801 -0.056899
-0.577588 0.104003 -0.021964
-0.435545 0.036560 -0.019935
-0.475401 0.055466 -0.070988
-0.453788 0.054062 -0.063852
-0.471690 0.053707 -0.063721
-0.414816 0.026719 -0.016310
-0.549207 0.097466 -0.090184
-0.493355 0.072860 -0.032153
-0.494700 0.073491 -0.056415
-0.559293 0.095301 -0.065709
-0.557614 0.094508 -0.053031
-0.400752 0.020021 -0.073149
-0.498559 0.075311 -0.089137
-0.578765 0.113410 -0.043536
-0.394562 0.025962 -0.003028
-0.562281 0.096737 -0.016177
-0.458995 0.056557 -0.000552
-0.589516 0.118524 -0.016517
-0.485234 0.060152 -0.021429
-0.513748 0.080959 0.007709
-0.383182 0.017772 -0.051797
-0.393546 0.016622 -0.008322
-0.598211 0.122662 0.009007
-0.606450 0.120502 -0.088372
-0.478066 0.056758 0.004927
-0.467898 0.051918 -0.030875
-0.486257 0.060618 -0.077560
-0.557679 0.094529 -0.082278
-0.427152 0.041412 -0.072743
-0.518238 0.084671 -0.044165
-0.452605 0.044645 -0.063702
-0.524324 0.087548 -0.079969
-0.483373 0.068125 -0.019468
-0.488474 0.061674 -0.069605
-0.392611 0.016155 -0.073517
-0.502102 0.077002 -0.063198
-0.438457 0.046785 -0.058961
-0.514004 0.082655 -0.058461
-0.538139 0.085263 -0.048642
-0.393142 0.025265 -0.070088
-0.601402 0.124151 -0.065376
-0.438982 0.038193 -0.017718
-0.429300 0.042435 -0.062831
-0.572695 0.110526 -0.048210
-0.494370 0.064496 -0.005413
-0.492775 0.063713 -0.078360
-0.577619 0.112856 -0.071078
-0.524351 0.078726 -0.021474
-0.564257 0.097653 -0.079862
-0.529001 0.089785 -0.033704
-0.472737 0.054212 -0.040558
-0.524395 0.087583 -0.074689
-0.507328 0.079485 -0.060785
-0.577385 0.103903 -0.032116
-0.577764 0.112948 -0.005952
-0.599948 0.114609 -0.052439
-0.543175 0.096528 0.002851
-0.595101 0.112306 -0.057911
-0.593423 0.120364 -0.060338
-0.449456 0.043159 -0.035870
-0.489355 0.062110 -0.020512
-0.462143 0.058026 -0.073512
-0.515933 0.074736 -0.000177
-0.401582 0.020441 0.000461
-0.441329 0.039309 -0.011848
-0.580818 0.105530 -0.042671
-0.507936 0.079779 -0.044061
-0.473508 0.063438 -0.028774
-0.459423 0.047873 -0.088530
-0.412444 0.025565 -0.092583
-0.573849 0.102238 0.008400
-0.383856 0.013892 -0.015896
-0.562179 0.096671 -0.067484
-0.504339 0.069201 -0.083890
-0.583331 0.115568 -0.071455
-0.474150 0.054878 -0.054020
-0.568298 0.108438 -0.050812
-0.493819 0.073074 -0.050607
-0.546950 0.098314 -0.015653
-0.607817 0.118345 -0.051983
-0.459411 0.056731 -0.066970
-0.431851 0.038435 -0.094045
-0.476884 0.065049 -0.004975
-0.501218 0.067742 -0.021412
-0.386328 0.016581 0.003513
-0.594557 0.120927 0.009230
-0.587311 0.117464 -0.054036
-0.510749 0.072274 -0.003709
-0.421119 0.034188 0.004659
-0.609901 0.120537 -0.010102
-0.567904 0.099390 -0.063845
-0.453788 0.045204 -0.069413
-0.515735 0.074626 -0.045244
-0.456948 0.055580 -0.013647
-0.439030 0.047052 -0.071388
-0.538871 0.094483 -0.001935
-0.510163 0.073451 -0.091522
-0.418077 0.028274 0.003200
-0.567979 0.099430 -0.052102
-0.383238 0.019279 -0.075509
-0.513793 0.082556 -0.057111
-0.450043 0.052277 -0.084252
-0.527277 0.088961 -0.047712
-0.457582 0.055880 -0.019028
-0.391051 0.024270 -0.075765
-0.464262 0.050204 0.004547
-0.436813 0.046013 -0.033424
-0.439953 0.038661 0.004468
-0.572409 0.101530 -0.060845
-0.481660 0.058430 -0.091900
-0.425636 0.031844 -0.049585
-0.547028 0.098338 -0.051411
-0.435581 0.036574 -0.027134
-0.424745 0.031430 -0.025800
-0.466254 0.051137 -0.031028
-0.514534 0.074056 -0.043743
-0.482633 0.058923 -0.004933
-0.403048 0.021586 0.004021
-0.395000 0.017293 -0.064095
-0.469184 0.052506 -0.092870
-0.457100 0.046774 -0.077794
-0.409879 0.024351 -0.083569
-0.575444 0.109380 0.009706
-0.438847 0.046965 -0.072605
-0.532132 0.091265 -0.054514
-0.452462 0.053426 -0.080895
-0.478709 0.065918 0.000627
-0.414476 0.035417 -0.005711
-0.599408 0.123209 -0.051303
-0.392397 0.024903 -0.090661
-0.608538 0.127531 -0.087398
-0.603408 0.116246 -0.069015
-0.383326 0.019744 -0.084983
-0.461912 0.049054 -0.090253
-0.539402 0.085859 -0.058236
-0.421372 0.029834 -0.008288
-0.600912 0.115072 -0.036528
-0.513656 0.082504 -0.018483
-0.584558 0.107316 -0.011140
-0.571765 0.101218 -0.080034
-0.445883 0.050307 -0.068940
-0.522668 0.086765 -0.069058
-0.506759 0.070381 0.001263
-0.596465 0.121815 -0.040398
-0.434025 0.044681 -0.055697
-0.578536 0.113316 -0.001711
-0.455365 0.045971 -0.017872
-0.415161 0.035737 -0.018802
-0.489332 0.062099 -0.019176
-0.598869 0.114116 0.000539
-0.561247 0.099597 -0.089836
-0.500497 0.067399 -0.021185
-0.464704 0.050411 -0.001853
-0.557675 0.103397 -0.043510
-0.467630 0.060649 -0.022939
-0.609322 0.120505 0.008127
-0.559464 0.104253 -0.024300
-0.596485 0.112972 -0.033124
-0.563753 0.097418 -0.066593
-0.400225 0.019772 -0.070665
-0.550396 0.099944 -0.031564
-0.396755 0.018120 -0.082806
-0.405290 0.031035 -0.062088
-0.601055 0.123985 -0.068751
-0.597324 0.113382 0.000542
-0.388309 0.022985 -0.028261
-0.424050 0.032359 0.004715
-0.588815 0.118199 0.004636
-0.458380 0.056243 -0.061891
-0.527522 0.089089 -0.015320
-0.580337 0.105298 -0.051509
-0.576978 0.112562 -0.043614
-0.476255 0.064722 -0.085419
-0.416921 0.027708 -0.044162
-0.583851 0.106972 -0.035807
-0.496438 0.065455 -0.069732
-0.449624 0.052104 -0.011079
-0.427507 0.032722 -0.079635
-0.402605 0.029764 -0.052156
-0.517803 0.075624 -0.000783
-0.556016 0.093761 -0.020282
-0.494769 0.073536 -0.020100
-0.551650 0.100550 -0.002620
-0.586088 0.108043 -0.010517
-0.405925 0.022498 -0.012916
-0.589051 0.109447 -0.018394
-0.458516 0.047441 -0.092476
-0.508075 0.070984 -0.060256
-0.548837 0.099207 -0.025207
-0.608405 0.125197 -0.032152
-0.544591 0.088322 -0.059271
-0.589932 0.109845 -0.075327
-0.601223 0.124077 -0.033459
-0.512577 0.073112 -0.087932
-0.400462 0.019879 -0.084563
-0.588115 0.108992 -0.048165
-0.409799 0.033181 -0.046988
-0.410291 0.033418 -0.039017
-0.600014 0.123498 -0.046583
-0.397946 0.027562 -0.022428
-0.421866 0.037728 0.004723
-0.523887 0.078515 0.005578
-0.577140 0.112641 -0.035620
-0.492587 0.072487 -0.056212
-0.590793 0.119114 -0.064780
-0.385767 0.012920 -0.032351
-0.462697 0.053474 0.006007
-0.412163 0.025456 -0.025418
-0.610134 0.119437 -0.075346
-0.407366 0.023159 -0.078396
-0.432235 0.043829 -0.064358
-0.419379 0.037714 -0.093118
-0.485746 0.069261 0.004964
-0.568562 0.105006 0.009468
-0.441761 0.039499 -0.054821
-0.427823 0.041742 -0.041257
-0.444802 0.044792 0.005422
-0.537474 0.084946 -0.051928
-0.536843 0.093497 -0.067832
-0.491034 0.062911 -0.009571
-0.449558 0.043196 -0.070305
-0.569830 0.100309 -0.051700
-0.474374 0.054977 -0.075778
-0.439571 0.047311 -0.066016
-0.424034 0.031083 -0.051995
-0.460469 0.048369 -0.090552
-0.533729 0.083299 -0.090772
-0.602481 0.115833 0.007025
-0.415046 0.026815 -0.053738
-0.493137 0.063890 -0.063104
-0.405406 0.022235 -0.060907
-0.512986 0.082195 0.007386
-0.414059 0.035192 -0.083291
-0.606724 0.117828 -0.046927
-0.466440 0.054011 -0.092929
-0.478771 0.065940 -0.019961
-0.483065 0.067978 -0.023560
-0.526734 0.079862 -0.008033
-0.604749 0.116903 -0.011640
-0.397524 0.027362 -0.022681
-0.391592 0.024522 -0.089869
-0.516343 0.077993 0.007741
-0.432942 0.044160 -0.075714
-0.535496 0.092852 -0.081128
-0.497123 0.065797 -0.022935
-0.569048 0.108790 -0.061648
-0.450046 0.043440 -0.035253
-0.451721 0.044219 -0.079490
-0.470935 0.062202 -0.068912
-0.453685 0.045174 -0.016930
-0.449932 0.043372 -0.073842
-0.549183 0.090522 -0.005491
-0.484570 0.065977 0.006745
-0.477872 0.056662 -0.007594
-0.584486 0.107286 0.000192
-0.516384 0.083805 -0.004653
-0.514194 0.082746 -0.058747
-0.392544 0.024972 -0.094788
-0.544611 0.097211 0.006219
-0.598438 0.122763 -0.010059
-0.397086 0.027133 -0.081014
-0.606311 0.126488 -0.048343
-0.583737 0.106917 -0.037251
-0.559917 0.095604 -0.046151
-0.501873 0.068035 -0.071193
-0.582666 0.106412 -0.027612
-0.466468 0.060107 0.005161
-0.585515 0.116634 0.008480
-0.436925 0.037213 -0.024683
-0.438079 0.037749 -0.059209
-0.470258 0.061873 -0.090386
-0.382171 0.016206 0.002103
-0.395572 0.026411 -0.091144
-0.568575 0.099701 -0.084103
-0.530820 0.081793 -0.032211
-0.406682 0.022835 -0.076648
-0.482679 0.058943 -0.012040
-0.476845 0.056151 -0.070927
-0.570882 0.100822 -0.012597
-0.602981 0.124907 -0.046818
-0.519114 0.076232 -0.041991
-0.536609 0.084522 -0.088783
-0.532669 0.082685 0.007112
-0.494101 0.064353 -0.047645
-0.447688 0.051167 -0.059351
-0.566762 0.102687 0.009392
-0.461177 0.048712 -0.070671
-0.410708 0.028414 0.004310
-0.391668 0.015718 -0.042031
-0.403185 0.030032 -0.073868
-0.436280 0.045749 -0.062712
-0.511284 0.081367 -0.051475
-0.518342 0.075858 -0.060861
-0.485700 0.060361 -0.056570
-0.495242 0.064886 -0.074014
-0.425653 0.031846 -0.066410
-0.539641 0.094842 -0.020959
-0.468865 0.052378 -0.026074
-0.539911 0.094958 -0.053511
-0.534503 0.083554 0.000308
-0.415865 0.027209 -0.037318
-0.383725 0.014995 -0.027946
-0.516348 0.075060 0.007705
-0.484886 0.059984 -0.030739
-0.454988 0.054653 -0.003139
-0.498785 0.075445 -0.013384
-0.449205 0.051899 -0.028567
-0.392710 0.016203 -0.072151
-0.597868 0.115191 0.010376
-0.484800 0.065218 -0.092301
-0.534093 0.083339 -0.056473
-0.588170 0.109011 -0.069944
-0.543502 0.087818 -0.023148
-0.552208 0.100795 -0.058279
-0.390283 0.023929 -0.008168
-0.465229 0.059507 -0.029770
-0.597936 0.122531 0.008676
-0.544083 0.096931 -0.075305
-0.578922 0.113496 -0.010254
-0.540672 0.086474 -0.024547
-0.392316 0.016020 -0.059611
-0.428691 0.042151 -0.048692
-0.472683 0.054175 -0.073115
-0.395851 0.026546 -0.084314
-0.585002 0.116366 -0.059746
-0.609564 0.119193 -0.002286
-0.409167 0.032882 -0.046259
-0.479168 0.066110 -0.073802
-0.508994 0.080265 -0.091109
-0.427687 0.032807 -0.080049
-0.527217 0.080072 -0.062323
-0.426942 0.032484 0.004613
-0.466959 0.051462 -0.057698
-0.398608 0.027879 -0.015121
-0.390547 0.024044 -0.038202
-0.496736 0.074453 -0.068433
-0.547896 0.098771 0.006045
-0.602921 0.116025 -0.041257
-0.566145 0.098552 -0.070697
-0.560284 0.104624 -0.075812
-0.413922 0.026280 -0.057158
-0.414195 0.026400 -0.083519
-0.542683 0.087421 -0.045985
-0.398121 0.027635 -0.051019
-0.394530 0.017091 -0.003149
-0.438325 0.037888 0.003668
-0.606857 0.117890 -0.052028
-0.487670 0.070146 -0.075399
-0.517262 0.084198 -0.070619
-0.514385 0.082844 -0.037685
-0.431984 0.034863 -0.036171
-0.483876 0.059489 -0.073975
-0.518670 0.076006 -0.082826
-0.497122 0.065795 -0.027422
-0.602543 0.124692 -0.066310
-0.385464 0.021638 -0.015163
-0.569470 0.108996 -0.045899
-0.534250 0.092279 -0.029353
-0.567660 0.104996 -0.089599
-0.506766 0.079213 -0.075287
-0.427927 0.041795 -0.029692
-0.550584 0.100044 -0.004032
-0.482722 0.067803 -0.055517
-0.387921 0.022798 -0.035183
-0.604505 0.116773 -0.052563
-0.486578 0.060787 -0.029565
-0.446818 0.041898 -0.060291
-0.387452 0.022557 -0.086950
-0.469366 0.052619 -0.017630
-0.537432 0.093771 -0.083520
-0.568121 0.106460 0.009475
-0.599890 0.123439 -0.047470
-0.392952 0.025176 -0.064415
-0.493165 0.072771 -0.029248
-0.459118 0.056591 -0.070622
-0.535986 0.093116 0.007761
-0.384816 0.018964 0.003502
-0.393096 0.016399 -0.034494
-0.468955 0.060906 0.006266
-0.482180 0.067550 -0.045091
-0.609560 0.123672 -0.045385
-0.435818 0.045522 -0.085820
-0.548968 0.099259 -0.053666
-0.517226 0.075338 -0.032652
-0.419674 0.028998 -0.094336
-0.392283 0.024859 -0.064978
-0.506362 0.070175 -0.046950
-0.382666 0.019979 -0.068142
-0.592612 0.120001 0.002691
-0.457558 0.047017 -0.006070
-0.402094 0.020663 -0.058893
-0.567603 0.108113 -0.036162
-0.478844 0.065979 -0.007336
-0.507312 0.079494 -0.013263
-0.596699 0.121914 -0.075862
-0.434757 0.036173 -0.055538
-0.434308 0.035964 -0.043663
-0.470947 0.062223 -0.025391
-0.458551 0.047466 -0.068776
-0.496528 0.065519 -0.010701
-0.503759 0.077799 -0.038058
-0.446019 0.050377 -0.052634
-0.572365 0.101526 -0.012822
-0.608036 0.123793 -0.000337
-0.520715 0.085849 -0.037603
-0.487767 0.061363 0.001636
-0.562479 0.105672 -0.058664
-0.518299 0.077957 0.007793
-0.587951 0.108904 -0.076468
-0.411318 0.027965 0.004321
-0.557714 0.094550 -0.068429
-0.573352 0.101997 -0.006522
-0.530716 0.090580 -0.088611
-0.607659 0.118272 -0.048760
-0.507835 0.079731 -0.045811
-0.529420 0.089968 -0.079539
-0.569382 0.108972 0.003657
-0.494414 0.070907 0.007069
-0.599762 0.123380 -0.043572
-0.564515 0.106636 -0.065849
-0.389837 0.023715 -0.012629
-0.602767 0.124814 -0.023443
-0.517495 0.084335 0.002458
-0.395632 0.026463 -0.024723
-0.392301 0.016030 -0.011514
-0.432285 0.043847 -0.078169
-0.570760 0.109594 -0.087579
-0.421624 0.029954 -0.008391
-0.438984 0.038176 -0.067055
-0.559434 0.095377 -0.039412
-0.409324 0.032972 -0.003306
-0.497011 0.065734 -0.051322
-0.400608 0.019971 -0.022478
-0.585862 0.116764 -0.088886
-0.519543 0.076439 -0.031459
-0.529356 0.081102 -0.020192
-0.381684 0.018004 -0.009146
-0.604150 0.123761 0.010650
-0.484682 0.068727 -0.075600
-0.500098 0.067195 -0.064059
-0.479080 0.066077 -0.048595
-0.454637 0.045622 -0.027433
-0.555622 0.102412 -0.070999
-0.383331 0.018392 -0.065404
-0.490786 0.071620 -0.089195
-0.548233 0.090058 -0.042679
-0.469393 0.052632 -0.017464
-0.449561 0.043210 -0.032074
-0.423840 0.030988 -0.059145
-0.417058 0.027784 -0.012174
-0.532571 0.091468 -0.067347
-0.476321 0.055916 -0.033464
-0.515639 0.074590 -0.019415
-0.583296 0.106721 0.000808
-0.470015 0.052906 -0.077652
-0.575205 0.111705 -0.086380
-0.441112 0.048046 -0.055281
-0.433913 0.044642 -0.016252
-0.585966 0.116817 -0.079920
-0.530820 0.081789 -0.044768
-0.527134 0.088897 -0.037521
-0.575688 0.103102 -0.018021
-0.535739 0.092988 -0.022629
-0.576706 0.112423 -0.070172
-0.589670 0.118587 -0.045776
-0.585370 0.107698 -0.021382
-0.443338 0.040244 -0.064082
-0.589671 0.118581 -0.065909
-0.491300 0.063033 -0.021748
-0.487432 0.061201 -0.007091
-0.495828 0.074017 -0.082459
-0.487380 0.061157 -0.062810
-0.504815 0.078309 -0.010978
-0.576218 0.103362 0.004074
-0.426376 0.032188 -0.072254
-0.420735 0.029517 -0.049036
-0.462560 0.058251 0.002539
-0.510060 0.074019 0.007525
-0.536057 0.085839 0.008364
-0.450319 0.043578 -0.010558
-0.419294 0.037699 -0.020859
-0.497721 0.074928 -0.046904
-0.480950 0.058098 -0.077404
-0.586708 0.117182 -0.043492
-0.585106 0.116419 -0.049726
-0.500192 0.067241 -0.058710
-0.416117 0.027336 -0.016611
-0.478527 0.065826 -0.015555
-0.536953 0.093544 -0.079730
-0.602401 0.115795 0.008278
-0.392277 0.024857 -0.060329
-0.591887 0.110802 0.006031
-0.427298 0.041494 -0.038910
-0.470980 0.053379 -0.034818
-0.392575 0.019534 0.003717
-0.406521 0.031636 -0.015364
-0.466914 0.051433 -0.078451
-0.400762 0.028904 -0.009106
-0.544880 0.097339 0.007897
-0.606564 0.126602 -0.064293
-0.502684 0.068433 -0.035256
-0.582508 0.106324 -0.065633
-0.385058 0.015714 -0.079421
-0.541267 0.095622 0.002314
-0.509650 0.080582 -0.074720
-0.591212 0.115697 0.010205
-0.512593 0.073135 -0.043464
-0.611354 0.122102 -0.077598
-0.472916 0.063144 -0.066527
-0.579869 0.105091 -0.008202
-0.595774 0.112634 -0.033925
-0.528471 0.080690 0.001460
-0.546223 0.097966 -0.024163
-0.600052 0.114675 -0.005706
-0.539093 0.094580 -0.025114
-0.506533 0.079098 -0.086312
-0.385272 0.013575 -0.054772
-0.409399 0.024138 -0.039388
-0.563553 0.097316 -0.088412
-0.496185 0.065337 -0.063630
-0.414222 0.035292 -0.018493
-0.558156 0.103621 -0.055060
-0.539079 0.094563 -0.054183
-0.439787 0.038576 -0.013599
-0.452563 0.053504 0.002913
-0.489356 0.062101 -0.045501
-0.433521 0.044463 0.003685
-0.512539 0.081951 -0.084595
-0.585024 0.107521 -0.058431
-0.533198 0.087124 -0.090739
-0.477132 0.065141 -0.078299
-0.521482 0.086212 -0.041564
-0.390644 0.015235 -0.034096
-0.415522 0.035914 -0.003705
-0.427446 0.032691 -0.085052
-0.597953 0.113681 0.002905
-0.595153 0.112342 -0.024666
-0.576283 0.112222 -0.071159
-0.540399 0.095192 -0.047695
-0.455309 0.054783 -0.066912
-0.474617 0.063944 -0.086089
-0.512695 0.073198 -0.002750
-0.489383 0.070988 0.005065
-0.439396 0.038379 -0.046796
-0.556583 0.094021 -0.047524
-0.523649 0.078392 -0.021693
-0.476193 0.064722 -0.003407
-0.454129 0.054248 0.002959
-0.593790 0.120562 0.005367
-0.515055 0.074308 -0.032200
-0.506121 0.078930 -0.010283
-0.383159 0.020546 -0.010243
-0.534453 0.083501 -0.081615
-0.561698 0.105308 -0.038693
-0.437579 0.046378 -0.031297
-0.553451 0.092551 0.001640
-0.597851 0.113620 -0.033212
-0.440516 0.047770 -0.037141
-0.397704 0.018572 -0.075718
-0.586940 0.117296 -0.031804
-0.421390 0.035559 -0.094359
-0.433007 0.035360 -0.005341
-0.427490 0.032730 -0.034598
-0.543927 0.096879 -0.016097
-0.501574 0.076759 -0.044442
-0.575018 0.102772 -0.051845
-0.384106 0.016719 -0.064816
-0.430020 0.033942 -0.004448
-0.436590 0.045893 -0.073932
-0.382821 0.017172 -0.031969
-0.598545 0.113937 -0.067451
-0.516152 0.083682 -0.040719
-0.584987 0.107515 -0.023997
-0.608074 0.123495 0.002858
-0.432447 0.043939 -0.036600
-0.512439 0.073077 -0.000259
-0.517187 0.084158 -0.083866
-0.558086 0.094747 -0.010582
-0.610855 0.119782 -0.069295
-0.538578 0.094343 -0.004493
-0.390567 0.024068 0.003123
-0.526888 0.079940 0.005551
-0.556990 0.103055 -0.088009
-0.394895 0.017245 -0.057653
-0.562109 0.096654 -0.019969
-0.592382 0.119893 0.004476
-0.520579 0.085786 -0.034843
-0.559885 0.095590 -0.044348
-0.424388 0.031263 -0.019389
-0.415753 0.036021 -0.012407
-0.408164 0.023559 -0.019261
-0.422566 0.039254 -0.015914
-0.383901 0.016447 -0.054537
-0.483149 0.059138 -0.088934
-0.557644 0.094522 -0.053486
-0.435444 0.045344 -0.086696
-0.406902 0.031792 -0.086986
-0.518450 0.081343 -0.091204
-0.426893 0.041303 -0.032899
-0.413615 0.034978 -0.091553
-0.451436 0.052946 -0.061469
-0.453789 0.045229 0.000748
-0.424357 0.031230 -0.069021
-0.537417 0.093786 -0.021574
-0.590878 0.119157 -0.058230
-0.508862 0.080218 -0.047051
-0.470186 0.052997 -0.050948
-0.529041 0.080939 -0.059041
-0.513132 0.073386 -0.056986
-0.561064 0.096143 -0.062941
-0.438914 0.046995 -0.079729
-0.555039 0.102150 -0.029791
-0.510885 0.072313 -0.074841
-0.608608 0.124653 -0.030438
-0.600187 0.123567 -0.084623
-0.492875 0.063776 -0.033114
-0.568525 0.108566 0.006624
-0.544289 0.097031 -0.069894
-0.498675 0.075379 -0.054043
-0.522589 0.077871 -0.071361
-0.546627 0.098163 -0.009687
-0.412481 0.025586 -0.083766
-0.436551 0.042443 0.005173
-0.460329 0.048332 -0.007184
-0.489746 0.062294 -0.023307
-0.405888 0.031338 -0.009482
-0.423225 0.039541 -0.089999
-0.455010 0.054644 -0.060327
-0.573335 0.101967 -0.069027
-0.583388 0.115600 -0.058600
-0.493009 0.063849 -0.007986
-0.572822 0.110596 -0.021160
-0.533465 0.083039 -0.060698
-0.502937 0.068544 -0.061013
-0.528017 0.089305 -0.070550
-0.600772 0.114988 -0.086320
-0.513411 0.082289 0.007716
-0.607940 0.118399 -0.064837
-0.547087 0.089518 -0.029560
-0.398383 0.018900 -0.062154
-0.529861 0.081329 -0.058330
-0.509550 0.071682 -0.066341
-0.415763 0.035997 -0.093900
-0.486685 0.067708 -0.092220
-0.442522 0.039880 0.001641
-0.539513 0.094779 -0.026019
-0.595138 0.112334 -0.028920
-0.399343 0.019360 -0.051404
-0.434327 0.035977 -0.032330
-0.447792 0.042350 -0.088760
-0.431085 0.034431 -0.050155
-0.449569 0.052064 -0.050792
-0.385151 0.016383 -0.092043
-0.579507 0.104891 -0.086094
-0.446668 0.041849 0.001924
-0.503531 0.077696 -0.021690
-0.508083 0.070986 -0.065928
-0.517483 0.084325 -0.009481
-0.436307 0.045776 -0.024478
-0.436330 0.036919 -0.060073
-0.399565 0.019452 -0.088937
-0.437433 0.037453 -0.029825
-0.521069 0.086001 -0.085214
-0.414471 0.026562 0.002234
-0.538244 0.085314 -0.044317
-0.384096 0.018130 -0.085087
-0.608255 0.127218 -0.057023
-0.414388 0.026501 -0.056106
-0.501644 0.076799 -0.023320
-0.579777 0.113875 -0.087305
-0.392849 0.025136 -0.041061
-0.510991 0.072383 -0.019496
-0.401251 0.029130 -0.027271
-0.410331 0.024569 -0.073331
-0.520223 0.085601 -0.080019
-0.464770 0.050430 -0.038793
-0.393287 0.025338 -0.056080
-0.488681 0.070646 -0.018515
-0.539412 0.087036 -0.090574
-0.405141 0.022112 -0.052707
-0.388951 0.014429 -0.040009
-0.500038 0.076018 -0.077491
-0.490018 0.071266 -0.061756
-0.428462 0.033204 -0.000679
-0.482319 0.067631 -0.003005
-0.515054 0.074310 -0.024031
-0.507683 0.070791 -0.078406
-0.554731 0.093132 -0.074274
-0.456935 0.046696 -0.075837
-0.488006 0.070301 -0.087685
-0.385860 0.013671 -0.074226
-0.406533 0.031625 -0.064352
-0.502145 0.068187 -0.005988
-0.386431 0.013404 -0.087885
-0.416310 0.027408 -0.072100
-0.495381 0.073823 -0.031078
-0.566288 0.107494 -0.020631
-0.398780 0.027956 -0.027981
-0.484314 0.068574 -0.012496
-0.395577 0.017569 -0.057660
-0.521958 0.077584 -0.036248
-0.540454 0.086365 -0.040045
-0.472555 0.054141 0.005305
-0.512036 0.072872 -0.040411
-0.538295 0.094192 -0.050007
-0.540300 0.086296 -0.027563
-0.573081 0.101852 -0.054483
-0.405058 0.022063 -0.079973
-0.382760 0.020346 -0.038264
-0.526221 0.088470 -0.020179
-0.535200 0.092727 -0.038136
-0.464231 0.050181 -0.018461
-0.558522 0.094930 -0.080584
-0.606579 0.126620 -0.033692
-0.453570 0.053950 -0.089680
-0.599432 0.123225 -0.039405
-0.531703 0.091067 -0.036143
-0.525834 0.088289 -0.010350
-0.516785 0.075110 -0.086918
-0.386085 0.013058 -0.067666
-0.386988 0.013499 -0.034603
-0.438858 0.038139 -0.002845
-0.516414 0.083792 -0.079575
-0.544635 0.088365 0.001073
-0.475279 0.055413 -0.057576
-0.556853 0.103021 -0.002421
-0.504783 0.078295 -0.008551
-0.609751 0.121180 -0.014875
-0.543310 0.096581 -0.027607
-0.400166 0.028624 -0.000399
-0.463368 0.049755 -0.064008
-0.436943 0.037203 -0.078198
-0.471636 0.053687 -0.045084
-0.455962 0.055110 -0.019403
-0.596734 0.113076 -0.071795
-0.506560 0.070275 -0.029875
-0.563905 0.098665 -0.089777
-0.499003 0.071094 0.007193
-0.570920 0.109676 -0.068996
-0.607722 0.118303 -0.044627
-0.489834 0.071177 -0.065633
-0.598311 0.122704 -0.004905
-0.385469 0.021623 -0.063743
-0.473103 0.063249 -0.019078
-0.383052 0.016297 -0.026277
-0.388251 0.022951 -0.045923
-0.384115 0.016612 -0.063527
-0.529850 0.081325 -0.055458
-0.539546 0.094804 -0.000320
-0.512320 0.073003 -0.051035
-0.565958 0.107346 0.004377
-0.600867 0.123901 -0.052267
-0.470698 0.062113 -0.003588
-0.447473 0.042219 -0.033703
-0.416518 0.036388 -0.001736
-0.535005 0.092640 -0.021721
-0.610267 0.119564 -0.088282
-0.398944 0.028045 0.002571
-0.548978 0.090421 -0.014467
-0.392652 0.016183 -0.051075
-0.435098 0.045203 -0.021476
-0.543048 0.087581 -0.084973
-0.610253 0.119504 -0.047227
-0.492642 0.063659 -0.052070
-0.539142 0.094607 -0.016132
-0.567667 0.099279 -0.059589
-0.394671 0.017157 -0.006313
-0.586380 0.117029 -0.033916
-0.576702 0.112420 -0.072804
-0.597728 0.113576 0.005281
-0.410960 0.024861 -0.092729
-0.462275 0.049459 0.005946
-0.453044 0.044867 -0.026026
-0.487984 0.061443 -0.063169
-0.433538 0.044456 -0.038808
-0.387294 0.013635 -0.062992
-0.479702 0.057512 -0.058996
-0.443006 0.048955 -0.029539
-0.480449 0.066729 -0.042888
-0.536087 0.093147 -0.041585
-0.403704 0.030303 -0.002819
-0.583509 0.106803 -0.052836
-0.454426 0.054358 -0.083893
-0.417509 0.028413 0.004492
-0.531860 0.091128 -0.075641
-0.451575 0.053019 -0.043374
-0.519579 0.085321 -0.007502
-0.563141 0.097125 -0.075509
-0.590080 0.118793 -0.014714
-0.493514 0.064094 0.006885
-0.568689 0.099775 -0.027861
-0.397851 0.018669 -0.001504
-0.560715 0.095983 -0.045479
-0.540955 0.095467 -0.017266
-0.553954 0.092758 -0.088626
-0.434705 0.045012 -0.034127
-0.519359 0.076332 -0.088134
-0.434182 0.044756 -0.055487
-0.475824 0.055686 -0.017171
-0.430599 0.043058 -0.046001
-0.587300 0.117469 -0.027747
-0.455742 0.054999 -0.038584
-0.400119 0.028591 -0.032159
-0.459572 0.047969 -0.019059
-0.441689 0.048320 -0.058717
-0.457381 0.050852 0.005833
-0.602870 0.124849 -0.061390
-0.423565 0.030880 0.003815
-0.420185 0.029254 -0.056459
-0.495788 0.072880 -0.091913
-0.511104 0.081280 -0.053137
-0.600159 0.114710 -0.050235
-0.540462 0.095219 -0.057250
-0.548766 0.097828 0.008851
-0.403922 0.030390 -0.049979
-0.568166 0.108375 -0.051858
-0.552959 0.092318 0.004098
-0.426001 0.040888 -0.009771
-0.392663 0.016193 -0.036440
-0.481731 0.058484 -0.034610
-0.436376 0.036962 0.002483
-0.397398 0.027288 -0.063344
-0.424748 0.040293 -0.009320
-0.590651 0.110204 -0.027922
-0.490176 0.062493 -0.036218
-0.440058 0.038710 0.001011
-0.517595 0.075508 -0.049357
-0.448723 0.051648 -0.090237
-0.512868 0.073276 -0.013989
-0.576811 0.112498 -0.000269
-0.541546 0.086885 -0.035515
-0.511602 0.081534 -0.004249
-0.470646 0.062067 -0.064513
-0.544951 0.088515 0.002009
-0.383586 0.016618 -0.047370
-0.483995 0.059544 -0.078944
-0.507120 0.079397 -0.030049
-0.599139 0.123091 -0.023412
-0.486223 0.069456 -0.084282
-0.537337 0.084872 -0.076659
-0.547486 0.089708 -0.028142
-0.394162 0.025743 -0.087916
-0.463668 0.049907 -0.038550
-0.545163 0.097469 -0.006003
-0.431487 0.043472 -0.068575
-0.542520 0.096214 -0.006781
-0.394234 0.025800 -0.022115
-0.526181 0.088442 -0.045996
-0.440633 0.038984 0.002121
-0.521265 0.077258 -0.027999
-0.402525 0.020857 -0.088467
-0.492843 0.072614 -0.040822
-0.541469 0.086841 -0.056797
-0.538755 0.085570 -0.006601
-0.508475 0.080027 -0.068324
-0.462204 0.058065 -0.046071
-0.418757 0.037431 -0.058966
-0.383643 0.020755 -0.069505
-0.538025 0.094059 -0.065283
-0.519097 0.076233 -0.016908
-0.568348 0.108457 -0.063994
-0.410736 0.024784 -0.008750
-0.383121 0.014252 0.001429
-0.510166 0.071983 -0.041343
-0.486050 0.069404 0.002242
-0.425938 0.032004 -0.004955
-0.412254 0.034337 -0.077544
-0.607007 0.126808 -0.076348
-0.389720 0.014792 -0.045569
-0.392751 0.025083 -0.056875
-0.524038 0.087427 -0.036633
-0.491400 0.071937 -0.018989
-0.457867 0.047155 -0.031012
-0.584004 0.107029 -0.080071
-0.474419 0.063853 -0.078207
-0.445923 0.041468 -0.074611
-0.436451 0.045825 -0.078193
-0.396447 0.024790 -0.095158
-0.406926 0.031806 -0.079940
-0.565942 0.098466 -0.042596
-0.575253 0.111751 -0.020217
-0.563492 0.106163 -0.029909
-0.507304 0.079483 -0.032559
-0.528165 0.089387 -0.036438
-0.484868 0.059962 -0.069029
-0.436679 0.037094 -0.031445
-0.568438 0.099658 -0.023883
-0.569180 0.100003 -0.042738
-0.532322 0.091356 -0.048905
-0.593712 0.120500 -0.064238
-0.463128 0.049641 -0.063229
-0.455700 0.046134 -0.008245
-0.552474 0.097233 0.008943
-0.423427 0.039644 -0.071437
-0.494942 0.073613 -0.034677
-0.556598 0.102879 -0.059149
-0.406485 0.031602 -0.064446
-0.609004 0.125447 -0.054196
-0.428543 0.033213 -0.082495
-0.559922 0.095621 -0.004417
-0.530190 0.088749 -0.090799
-0.554915 0.093232 -0.038043
-0.498535 0.066449 -0.075808
-0.554718 0.102006 -0.005083
-0.404228 0.021694 -0.007080
-0.554571 0.096364 0.008988
-0.608532 0.124487 -0.025687
-0.489534 0.071032 -0.072380
-0.530179 0.090351 -0.013702
-0.515629 0.074587 -0.013240
-0.394456 0.024371 -0.095216
-0.500792 0.076388 -0.042606
-0.600217 0.114737 -0.050863
-0.407612 0.025803 0.004195
-0.439854 0.047418 0.005322
-0.600230 0.114737 -0.069022
-0.569521 0.100169 -0.033064
-0.538821 0.085592 -0.032868
-0.464082 0.058943 -0.083710
-0.534329 0.083463 -0.023005
-0.515513 0.074535 -0.004966
-0.470822 0.062170 -0.007706
-0.388927 0.023275 -0.038105
-0.383177 0.019437 -0.075942
-0.473588 0.063486 0.000880
-0.483166 0.068023 -0.031235
-0.564073 0.106441 -0.023585
-0.408549 0.032598 -0.020198
-0.574955 0.102754 -0.017442
-0.391815 0.024654 -0.014681
-0.406567 0.031656 -0.020425
-0.567487 0.108050 -0.059158
-0.477483 0.065323 -0.035892
-0.473828 0.063585 -0.042156
-0.584961 0.107497 -0.041419
-0.497062 0.074604 -0.078066
-0.502785 0.077335 -0.041719
-0.384622 0.014931 -0.054606
-0.432860 0.035259 -0.091679
-0.429546 0.042562 -0.036606
-0.448671 0.051654 -0.002916
-0.501840 0.076898 -0.008345
-0.514527 0.074039 -0.083309
-0.576567 0.112358 -0.067653
-0.429951 0.035880 -0.094127
-0.495667 0.065110 -0.010770
-0.493288 0.063953 -0.088946
-0.559263 0.104152 -0.040582
-0.602997 0.123457 0.010615
-0.454815 0.045686 -0.085020
-0.432884 0.044143 -0.047555
-0.406353 0.022707 0.001810
-0.585065 0.116412 -0.012848
-0.511910 0.072817 -0.024707
-0.568201 0.108411 0.004721
-0.487679 0.061310 -0.030329
-0.527423 0.089039 -0.023844
-0.439838 0.038599 -0.017423
-0.590901 0.110315 -0.046910
-0.551040 0.091386 -0.054211
-0.429148 0.034886 0.004882
-0.422816 0.039350 -0.081164
-0.606521 0.126584 -0.058128
-0.428836 0.042210 -0.078362
-0.541532 0.095745 -0.007167
-0.594066 0.118944 -0.088722
-0.603577 0.125198 -0.023792
-0.598935 0.114119 -0.078141
-0.594570 0.112057 -0.046756
-0.511622 0.081537 -0.024201
-0.426244 0.032123 -0.078155
-0.521787 0.086369 -0.006797
-0.533484 0.091904 -0.060325
-0.390902 0.024225 -0.002073
-0.427212 0.032599 -0.031091
-0.589843 0.118686 0.000396
-0.563757 0.101116 0.009292
-0.532574 0.091485 -0.022409
-0.409135 0.024019 -0.021570
-0.537989 0.085190 -0.053383
-0.495831 0.074030 -0.048088
-0.547673 0.098643 -0.056280
-0.454906 0.045739 -0.059561
-0.487934 0.070280 -0.050293
-0.416646 0.027585 -0.022861
-0.466917 0.051456 -0.019020
-0.594886 0.121079 -0.004333
-0.510884 0.081187 -0.022137
-0.541636 0.086919 -0.060702
-0.486141 0.060577 -0.037216
-0.501217 0.067736 -0.034641
-0.435736 0.036656 -0.005001
-0.567896 0.108248 -0.047542
-0.584697 0.116222 -0.056218
-0.452567 0.044649 -0.001684
-0.414477 0.035410 -0.027704
-0.563302 0.100331 -0.089772
-0.426341 0.039700 -0.094176
-0.412987 0.025843 -0.037257
-0.496426 0.074328 -0.003749
-0.437741 0.046437 -0.081712
-0.404204 0.021664 -0.061374
-0.572768 0.110552 -0.073950
-0.575156 0.111712 -0.001989
-0.533581 0.091944 -0.076319
-0.584143 0.115952 -0.077389
-0.605453 0.126079 -0.052327
-0.517266 0.084212 -0.035294
-0.393197 0.016438 -0.059706
-0.451260 0.052878 -0.018691
-0.512529 0.073091 -0.080853
-0.412379 0.034392 -0.088454
-0.382876 0.017831 -0.043245
-0.579685 0.110390 0.009832
-0.544296 0.097047 -0.035651
-0.530028 0.081419 -0.028524
-0.449225 0.043043 -0.054196
-0.603323 0.116211 -0.055444
-0.483815 0.059470 -0.044483
-0.527995 0.089292 -0.076895
-0.581572 0.114731 -0.079106
-0.476463 0.064819 -0.089758
-0.427574 0.041623 -0.043457
-0.500567 0.067419 -0.060256
-0.589915 0.109836 -0.079386
-0.402027 0.020645 -0.019265
-0.563620 0.106215 -0.054654
-0.440834 0.039061 -0.048668
-0.596748 0.118312 -0.088658
-0.432860 0.039249 0.005035
-0.466294 0.051140 -0.074193
-0.467202 0.051573 -0.071927
-0.456523 0.055369 -0.041548
-0.490658 0.071583 -0.022638
-0.574236 0.102414 -0.013161
-0.404772 0.021945 -0.029269
-0.500481 0.067400 0.002246
-0.605920 0.126303 -0.045357
-0.422467 0.039215 0.003941
-0.450981 0.043875 -0.059052
-0.407070 0.023018 -0.081264
-0.456842 0.055512 -0.065712
-0.445516 0.050150 -0.019020
-0.480902 0.058082 -0.059473
-0.393586 0.016636 -0.022362
-0.543634 0.090240 0.008621
-0.397614 0.018552 -0.012759
-0.546145 0.096892 0.008770
-0.460763 0.048528 -0.034786
-0.468300 0.052107 -0.033133
-0.549090 0.090454 -0.072994
-0.610634 0.119690 -0.031127
-0.386478 0.013254 -0.043840
-0.393884 0.025635 -0.020286
-0.431172 0.034483 -0.023008
-0.419052 0.037577 -0.040462
-0.586875 0.110843 0.010029
-0.584002 0.115910 -0.004941
-0.506768 0.070362 -0.064502
-0.382769 0.014946 0.002130
-0.459304 0.056686 -0.052560
-0.483571 0.068219 -0.020621
-0.607270 0.126931 -0.081820
-0.485229 0.069014 0.002693
-0.562827 0.105827 -0.088672
-0.536272 0.093240 -0.025211
-0.403856 0.021513 -0.021916
-0.577538 0.103980 -0.020822
-0.438631 0.038013 -0.053394
-0.456681 0.046572 -0.086600
-0.453423 0.045029 -0.074538
-0.595965 0.121575 -0.048318
-0.542266 0.087225 -0.041323
-0.562289 0.096736 -0.029439
-0.539405 0.094709 -0.079060
-0.400317 0.021708 0.003950
-0.478745 0.057049 -0.084810
-0.392238 0.016003 -0.003013
-0.437977 0.037711 -0.030002
-0.609139 0.124779 -0.048588
-0.438543 0.046827 -0.053643
-0.449266 0.043079 -0.007329
-0.560355 0.095811 -0.049246
-0.412570 0.034487 -0.077242
-0.436575 0.045888 -0.065948
-0.541839 0.095861 -0.088648
-0.408056 0.032356 -0.042761
-0.566614 0.102608 -0.089656
-0.586437 0.117066 -0.005974
-0.439496 0.047300 0.002384
-0.538265 0.094184 -0.033358
-0.488618 0.061741 -0.070923
-0.566599 0.107650 0.003297
-0.604282 0.125517 -0.070181
-0.421490 0.029892 -0.003421
-0.431003 0.043261 -0.015342
-0.453355 0.053869 -0.028809
-0.470615 0.053212 -0.016896
-0.586734 0.117194 -0.043622
-0.548981 0.099257 -0.076143
-0.479300 0.057310 -0.091955
-0.398110 0.018773 -0.054264
-0.443296 0.049102 -0.004803
-0.413131 0.025918 -0.019978
-0.393515 0.025450 -0.046246
-0.580850 0.114406 -0.025947
-0.466490 0.060111 -0.013241
-0.542518 0.096192 -0.065714
-0.515284 0.083271 -0.036748
-0.480504 0.066745 -0.071546
-0.608461 0.118645 -0.070267
-0.558935 0.095145 -0.026192
-0.442628 0.048759 -0.075997
-0.497546 0.065994 -0.031373
-0.502354 0.077119 -0.072194
-0.396634 0.026927 -0.058405
-0.440727 0.039012 -0.043430
-0.407567 0.023281 -0.003439
-0.551730 0.100584 -0.013955
-0.469349 0.052592 -0.073228
-0.450036 0.052292 -0.033782
-0.512108 0.072918 -0.005924
-0.531366 0.082045 -0.054033
-0.599923 0.123469 -0.007477
-0.559872 0.095569 -0.083411
-0.548705 0.099134 -0.052690
-0.603506 0.116305 -0.032835
-0.442356 0.039777 -0.066777
-0.572836 0.110584 -0.074302
-0.395305 0.026284 -0.090782
-0.502567 0.068640 0.007258
-0.551317 0.100368 -0.068981
-0.441610 0.048299 -0.011031
-0.387832 0.022753 -0.042445
-0.530972 0.090731 -0.006244
-0.415498 0.027031 -0.049033
-0.468208 0.060919 -0.034301
-0.441042 0.048026 -0.019753
-0.455201 0.054749 -0.020206
-0.453518 0.045078 -0.064271
-0.534805 0.092548 -0.011654
-0.449698 0.043272 -0.042206
-0.585313 0.116533 -0.003971
-0.423903 0.031041 0.004509
-0.520781 0.077038 -0.000044
-0.535420 0.083963 -0.071606
-0.517832 0.075633 -0.012386
-0.551337 0.097637 0.008918
-0.404848 0.030819 -0.081394
-0.458147 0.047281 -0.048549
-0.463580 0.049868 -0.028304
-0.460599 0.048432 -0.086248
-0.440407 0.038850 -0.071922
-0.414634 0.026631 -0.019653
-0.469974 0.052914 -0.000904
-0.602524 0.115841 -0.028850
-0.392314 0.024874 -0.063178
-0.536958 0.084710 -0.026618
-0.516248 0.083735 -0.017205
-0.503181 0.077518 -0.053468
-0.426230 0.040992 -0.022436
-0.586230 0.108093 -0.058552
-0.425104 0.031600 -0.025312
-0.491030 0.071748 -0.057081
-0.484962 0.064861 0.006742
-0.476434 0.064817 -0.056592
-0.607257 0.126934 -0.056559
-0.480447 0.057856 -0.086289
-0.540283 0.086292 -0.017405
-0.489510 0.062187 -0.009267
-0.569941 0.109217 -0.053843
-0.546410 0.098041 -0.061809
-0.422259 0.030245 -0.039571
-0.575750 0.111963 -0.088280
-0.442490 0.039849 -0.042424
-0.447313 0.042151 -0.010593
-0.544346 0.088208 -0.052679
-0.501197 0.076582 -0.037245
-0.395067 0.017337 -0.029543
-0.435806 0.045523 -0.066249
-0.586714 0.112699 0.010048
-0.445675 0.041345 -0.090270
-0.486308 0.069518 -0.020320
-0.590018 0.118751 -0.050826
-0.571374 0.101044 -0.046680
-0.576560 0.112364 -0.043147
-0.483400 0.059286 -0.008078
-0.591138 0.119287 -0.037116
-0.603260 0.125026 -0.086553
-0.609755 0.120023 0.001853
-0.414261 0.035304 -0.037672
-0.442174 0.048543 -0.077181
-0.506604 0.079155 -0.021354
-0.396021 0.026653 -0.008800
-0.430671 0.034238 -0.040804
-0.571282 0.100987 -0.085335
-0.395071 0.026202 -0.009070
-0.478882 0.057130 -0.038098
-0.381900 0.019940 -0.033174
-0.418520 0.028478 -0.014325
-0.608835 0.118818 -0.084151
-0.385564 0.012831 -0.013289
-0.456428 0.055311 -0.076981
-0.599271 0.123137 -0.069888
-0.458104 0.056130 -0.011082
-0.458634 0.056369 -0.046680
-0.546509 0.089249 -0.013313
-0.588970 0.109414 -0.003964
-0.409323 0.032953 -0.055373
-0.395529 0.017547 -0.054729
-0.573641 0.102128 -0.025585
-0.434260 0.044786 -0.075429
-0.509286 0.071578 -0.005143
-0.409563 0.033065 -0.058887
-0.586225 0.108093 -0.053920
-0.384468 0.013745 -0.032548
-0.577862 0.112971 -0.073974
-0.388544 0.014226 -0.069791
-0.508469 0.080041 -0.021188
-0.391424 0.024269 0.003744
-0.480990 0.058123 -0.061825
-0.472849 0.063111 -0.067916
-0.558077 0.103572 -0.085382
-0.489475 0.062151 -0.063334
-0.491667 0.067900 -0.092085
-0.417016 0.036617 -0.021847
-0.410657 0.033577 -0.080507
-0.510837 0.072312 -0.011494
-0.460588 0.057303 -0.031562
-0.548073 0.098844 -0.025244
-0.453145 0.050993 0.005721
-0.549237 0.099408 0.007967
-0.481695 0.067332 -0.009077
-0.469220 0.052531 -0.071835
-0.505826 0.069906 -0.088277
-0.392623 0.025023 -0.054743
-0.520190 0.085588 -0.072547
-0.582410 0.106280 -0.057382
-0.505709 0.078730 -0.020094
-0.586030 0.111485 -0.089028
-0.445552 0.050165 -0.026012
-0.487484 0.070053 -0.087513
-0.436575 0.045897 -0.042317
-0.579448 0.113742 -0.023352
-0.507043 0.070511 -0.011843
-0.460686 0.057346 -0.039931
-0.586451 0.117048 -0.074650
-0.610946 0.119819 -0.085050
-0.504688 0.078229 -0.066380
-0.570514 0.105752 0.009530
-0.546998 0.089458 -0.079612
-0.461577 0.057063 0.006021
-0.407565 0.032110 -0.079469
-0.472743 0.063085 0.000005
-0.464428 0.053126 0.006049
-0.522720 0.077940 -0.052504
-0.416929 0.027716 -0.034502
-0.550242 0.091003 -0.066520
-0.438512 0.046816 -0.045159
-0.579149 0.113604 -0.010829
-0.401625 0.029291 -0.074684
-0.398576 0.027845 -0.068643
-0.442869 0.048882 -0.053684
-0.539859 0.094950 -0.008263
-0.462930 0.049546 -0.067715
-0.406129 0.031454 -0.005015
-0.419723 0.029043 -0.031279
-0.459362 0.047874 -0.004021
-0.504497 0.069301 -0.013454
-0.463289 0.058569 -0.076380
-0.444948 0.049872 -0.042340
-0.585483 0.107762 0.005910
-0.515097 0.074325 -0.039768
-0.466538 0.051257 -0.071460
-0.590812 0.111779 -0.088897
-0.498572 0.075327 -0.061903
-0.539533 0.085913 -0.082450
-0.578883 0.113464 -0.050009
-0.568628 0.099748 -0.022847
-0.422747 0.030457 -0.093816
-0.542898 0.096380 -0.042322
-0.409965 0.033269 -0.022384
-0.499782 0.075896 -0.079131
-0.593870 0.111728 -0.038738
-0.542545 0.096218 -0.027751
-0.559718 0.104367 -0.043029
-0.392190 0.024581 0.003768
-0.451836 0.044290 -0.033726
-0.532423 0.091399 -0.063210
-0.431775 0.034747 -0.083073
-0.397616 0.018548 -0.026996
-0.544157 0.096990 -0.009100
-0.559663 0.095482 -0.049555
-0.556546 0.102868 -0.022680
-0.588245 0.109045 -0.072979
-0.397654 0.018558 -0.050829
-0.557513 0.098259 0.009090
-0.402919 0.021067 -0.025516
-0.557465 0.103302 -0.028881
-0.466760 0.060238 -0.015876
-0.569436 0.108995 -0.004258
-0.590503 0.118975 -0.068838
-0.601849 0.115502 -0.081414
-0.493909 0.073124 -0.031986
-0.578170 0.108941 -0.089269
-0.589679 0.109735 -0.047311
-0.508410 0.080006 -0.039384
-0.604680 0.116873 -0.004207
-0.560967 0.096121 0.005893
-0.505817 0.075721 0.007432
-0.506774 0.079227 -0.046109
-0.404854 0.030822 -0.080192
-0.603936 0.125380 0.006777
-0.490549 0.071527 -0.034486
-0.532651 0.082669 -0.015067
-0.514483 0.074032 -0.043507
-0.449485 0.052012 -0.084685
-0.523357 0.078263 0.003523
-0.496930 0.065715 0.003665
-0.424790 0.031433 -0.076440
-0.396608 0.026936 0.003285
-0.581864 0.106024 -0.048434
-0.427979 0.041814 -0.046642
-0.421805 0.038899 0.000593
-0.570070 0.100435 -0.016981
-0.504426 0.069269 -0.009516
-0.540942 0.095463 -0.011295
-0.586051 0.108023 -0.019164
-0.390798 0.024155 -0.060595
-0.409829 0.033200 -0.037064
-0.566803 0.104923 0.009420
-0.576666 0.112420 -0.024768
-0.459277 0.052425 -0.093140
-0.578971 0.113504 -0.053841
-0.578981 0.104647 -0.070548
-0.543484 0.096648 -0.071356
-0.451899 0.053187 -0.003917
-0.544795 0.088420 -0.055673
-0.514005 0.082674 -0.006667
-0.436212 0.036854 -0.081916
-0.524028 0.087418 -0.051185
-0.531014 0.090740 -0.035772
-0.488707 0.070637 -0.079091
-0.609021 0.118917 -0.053676
-0.387340 0.013668 -0.028742
-0.445440 0.041245 -0.058028
-0.523646 0.087248 -0.018438
-0.605935 0.117465 -0.014110
-0.484638 0.059849 -0.079926
-0.439353 0.046551 0.005298
-0.485148 0.067071 0.006774
-0.432683 0.044034 -0.084393
-0.582911 0.106510 -0.079540
-0.389088 0.014489 -0.053583
-0.399675 0.019535 -0.000475
-0.502788 0.077345 -0.015806
-0.502876 0.068521 -0.044553
-0.601229 0.115220 -0.043670
-0.460608 0.057298 -0.071772
-0.531253 0.081980 -0.085981
-0.391924 0.015825 -0.084043
-0.612057 0.120350 -0.077629
-0.504675 0.069370 -0.059085
-0.385000 0.016085 -0.083027
-0.410893 0.033714 -0.011937
-0.414655 0.026644 -0.011768
-0.465940 0.059823 -0.090972
-0.600106 0.123562 0.009565
-0.582954 0.115404 -0.029673
-0.462298 0.058098 -0.076751
-0.423557 0.039719 -0.034285
-0.456851 0.055512 -0.077429
-0.522578 0.077877 -0.039626
-0.530463 0.081618 -0.048958
-0.556201 0.093856 0.000415
-0.600314 0.114787 -0.039867
-0.426146 0.040950 -0.028638
-0.408619 0.023782 -0.000528
-0.438396 0.046767 -0.027387
-0.454695 0.045636 -0.067058
-0.510145 0.071986 -0.004243
-0.408658 0.032648 -0.023128
-0.592333 0.119866 -0.003878
