ISO-10303-21;
HEADER;
/*Generated by software containing ST-Developer
 * from STEP Tools, Inc. (www.steptools.com)
 */
/*OPTION: using custom renumber hook */
/*description */
/*implementation_level */
FILE_DESCRIPTION(('STEP AP242 Edition 2','STEP AP242 Edition 2''CAx-IF Rec.Pracs.---Representation and Presentation of Product Manufa
cturing Information (PMI)---4.0---2014-10-13','STEP AP242 Edition 2''CAx-IF Rec.Pracs.---Representation and Presentation of Product Manufa
cturing Information (PMI)---4.0---2014-10-13''CAx-IF Rec.Pracs.---3D Tessellated Geometry---0.4---2014-09-14','STEP AP242 Edition 2''CAx-IF Rec.Pracs.---Representation and Presentation of Product Manufa
cturing Information (PMI)---4.0---2014-10-13''CAx-IF Rec.Pracs.---3D Tessellated Geometry---0.4---2014-09-14''2;1','STEP AP242 Edition 2''CAx-IF Rec.Pracs.---Representation and Presentation of Product Manufa
cturing Information (PMI)---4.0---2014-10-13''CAx-IF Rec.Pracs.---3D Tessellated Geometry---0.4---2014-09-14''2;1''CAx-IF Rec.Pracs.---User Defined Attributes---1.5---2016-08-15'),'2;1');
/*name */
/*time_stamp */
/*author */
/*organization */
/*preprocessor_version */
/*originating_system */
/*authorisation */
FILE_NAME('/vol/tmp/translate-3248823545305847575/69b53bb4778f57914d3b4681.step','2026-03-14T10:43:01',(''),(''),'ST-DEVELOPER v20','ONSHAPE BY PTC INC, 1.212','  ');
FILE_SCHEMA(('AP242_MANAGED_MODEL_BASED_3D_ENGINEERING_MIM_LF { 1 0 10303 442 3 1 4 }'));
ENDSEC;
DATA;
#10=CONTEXT_DEPENDENT_SHAPE_REPRESENTATION(#18,#10306);
#11=CONTEXT_DEPENDENT_SHAPE_REPRESENTATION(#19,#10308);
#12=CONTEXT_DEPENDENT_SHAPE_REPRESENTATION(#20,#10310);
#13=CONTEXT_DEPENDENT_SHAPE_REPRESENTATION(#21,#10312);
#14=NEXT_ASSEMBLY_USAGE_OCCURRENCE('NAUO1','StraightRake','StraightRake',#10313,#10314,'');
#15=NEXT_ASSEMBLY_USAGE_OCCURRENCE('NAUO2','TriangularRake','TriangularRake',#10313,#10315,'');
#16=NEXT_ASSEMBLY_USAGE_OCCURRENCE('NAUO3','Pen','Pen',#10313,#10316,'');
#17=NEXT_ASSEMBLY_USAGE_OCCURRENCE('NAUO4','Base','Base',#10313,#10317,'');
#18=(
REPRESENTATION_RELATIONSHIP(' ',' ',#3797,#3796)
REPRESENTATION_RELATIONSHIP_WITH_TRANSFORMATION(#22)
SHAPE_REPRESENTATION_RELATIONSHIP()
);
#19=(
REPRESENTATION_RELATIONSHIP(' ',' ',#3798,#3796)
REPRESENTATION_RELATIONSHIP_WITH_TRANSFORMATION(#23)
SHAPE_REPRESENTATION_RELATIONSHIP()
);
#20=(
REPRESENTATION_RELATIONSHIP(' ',' ',#3799,#3796)
REPRESENTATION_RELATIONSHIP_WITH_TRANSFORMATION(#24)
SHAPE_REPRESENTATION_RELATIONSHIP()
);
#21=(
REPRESENTATION_RELATIONSHIP(' ',' ',#3800,#3796)
REPRESENTATION_RELATIONSHIP_WITH_TRANSFORMATION(#25)
SHAPE_REPRESENTATION_RELATIONSHIP()
);
#22=ITEM_DEFINED_TRANSFORMATION(' ',' ',#3801,#3856);
#23=ITEM_DEFINED_TRANSFORMATION(' ',' ',#3801,#3941);
#24=ITEM_DEFINED_TRANSFORMATION(' ',' ',#3801,#3981);
#25=ITEM_DEFINED_TRANSFORMATION(' ',' ',#3801,#4090);
#26=SHAPE_REPRESENTATION_RELATIONSHIP('','',#3797,#30);
#27=SHAPE_REPRESENTATION_RELATIONSHIP('','',#3798,#31);
#28=SHAPE_REPRESENTATION_RELATIONSHIP('','',#3799,#32);
#29=SHAPE_REPRESENTATION_RELATIONSHIP('','',#3800,#33);
#30=ADVANCED_BREP_SHAPE_REPRESENTATION('',(#3787),#10292);
#31=ADVANCED_BREP_SHAPE_REPRESENTATION('',(#3788),#10293);
#32=ADVANCED_BREP_SHAPE_REPRESENTATION('',(#3789),#10294);
#33=ADVANCED_BREP_SHAPE_REPRESENTATION('',(#3790),#10295);
#34=B_SPLINE_SURFACE_WITH_KNOTS('',3,1,((#5914,#5915),(#5916,#5917),(#5918,
#5919),(#5920,#5921),(#5922,#5923),(#5924,#5925),(#5926,#5927),(#5928,#5929),(#5930,#5931),(#5932,#5933),(#5934,#5935),(#5936,#5937),(#5938,#5939),(#5940,
#5941)),.SURF_OF_LINEAR_EXTRUSION.,.F.,.F.,.F.,(4,1,1,1,1,1,1,1,1,1,1,4),(2,2),(0.,0.125,0.1875,0.25,0.375,0.5,0.625,0.75,0.8125,0.875,0.9375,1.),(0.,1.),.UNSPECIFIED.);
#35=B_SPLINE_SURFACE_WITH_KNOTS('',3,1,((#5943,#5944),(#5945,#5946),(#5947,
#5948),(#5949,#5950),(#5951,#5952),(#5953,#5954),(#5955,#5956)),.SURF_OF_LINEAR_EXTRUSION.,.F.,.F.,.F.,(4,1,1,1,4),(2,2),(0.0183441677455896,0.0228942627634331,0.0274443577812766,0.0319944527991201,0.0365445478169636),(0.,1.),.UNSPECIFIED.);
#36=B_SPLINE_SURFACE_WITH_KNOTS('',3,1,((#5958,#5959),(#5960,#5961),(#5962,
#5963),(#5964,#5965),(#5966,#5967),(#5968,#5969),(#5970,#5971),(#5972,#5973),(#5974,#5975),(#5976,#5977),(#5978,#5979),(#5980,#5981),(#5982,#5983),(#5984,
#5985),(#5986,#5987),(#5988,#5989),(#5990,#5991),(#5992,#5993),(#5994,#5995),(#5996,#5997),(#5998,#5999),(#6000,#6001),(#6002,#6003),(#6004,#6005),(#6006,
#6007),(#6008,#6009),(#6010,#6011),(#6012,#6013),(#6014,#6015),(#6016,#6017),(#6018,#6019),(#6020,#6021),(#6022,#6023),(#6024,#6025),(#6026,#6027),(#6028,
#6029),(#6030,#6031),(#6032,#6033),(#6034,#6035),(#6036,#6037),(#6038,#6039),(#6040,#6041),(#6042,#6043),(#6044,#6045),(#6046,#6047),(#6048,#6049),(#6050,
#6051),(#6052,#6053),(#6054,#6055),(#6056,#6057),(#6058,#6059),(#6060,#6061),(#6062,#6063),(#6064,#6065),(#6066,#6067),(#6068,#6069),(#6070,#6071),(#6072,
#6073),(#6074,#6075),(#6076,#6077),(#6078,#6079),(#6080,#6081),(#6082,#6083)),.SURF_OF_LINEAR_EXTRUSION.,.F.,.F.,.F.,(4,1,1,1,1,1,1,1,1,1,1,1,1,1,1,1,1,1,1,1,1,1,1,1,1,1,1,1,1,1,1,1,1,1,1,1,1,1,1,1,1,1,1,1,1,1,1,1,1,1,1,1,1,1,1,1,1,1,1,1,4),(2,2),(0.,0.03125,0.046875,0.0625,0.078125,0.09375,0.109375,0.125,0.140625,0.15625,0.1875,0.21875,0.234375,0.25,0.265625,0.28125,0.296875,0.3125,0.328125,0.34375,0.359375,0.375,0.390625,0.40625,0.421875,0.4375,0.453125,0.46875,0.484375,0.5,0.515625,0.53125,0.546875,0.5625,0.578125,0.59375,0.609375,0.625,0.640625,0.65625,0.671875,0.6875,0.703125,0.71875,0.734375,0.75,0.765625,0.78125,0.8125,0.828125,0.84375,0.859375,0.875,0.890625,0.90625,0.921875,0.9375,0.953125,0.96875,0.984375,1.),(0.,1.),.UNSPECIFIED.);
#37=B_SPLINE_SURFACE_WITH_KNOTS('',3,1,((#6085,#6086),(#6087,#6088),(#6089,
#6090),(#6091,#6092),(#6093,#6094)),.SURF_OF_LINEAR_EXTRUSION.,.F.,.F.,.F.,(4,1,4),(2,2),(0.037949425989974,0.0410657389524934,0.0441820519150128),(0.,1.),.UNSPECIFIED.);
#38=B_SPLINE_SURFACE_WITH_KNOTS('',3,1,((#6096,#6097),(#6098,#6099),(#6100,
#6101),(#6102,#6103),(#6104,#6105),(#6106,#6107),(#6108,#6109),(#6110,#6111),(#6112,#6113),(#6114,#6115),(#6116,#6117),(#6118,#6119),(#6120,#6121),(#6122,
#6123),(#6124,#6125),(#6126,#6127),(#6128,#6129),(#6130,#6131),(#6132,#6133),(#6134,#6135),(#6136,#6137),(#6138,#6139),(#6140,#6141),(#6142,#6143),(#6144,
#6145),(#6146,#6147),(#6148,#6149),(#6150,#6151)),.SURF_OF_LINEAR_EXTRUSION.,.F.,.F.,.F.,(4,1,1,1,1,1,1,1,1,1,1,1,1,1,1,1,1,1,1,1,1,1,1,1,1,4),(2,2),(0.,0.0625,0.125,0.1875,0.21875,0.25,0.28125,0.3125,0.34375,0.375,0.40625,0.4375,0.46875,0.5,0.53125,0.5625,0.625,0.6875,0.75,0.78125,0.8125,0.84375,0.875,0.9375,0.96875,1.),(0.,1.),.UNSPECIFIED.);
#39=B_SPLINE_SURFACE_WITH_KNOTS('',3,1,((#6153,#6154),(#6155,#6156),(#6157,
#6158),(#6159,#6160),(#6161,#6162),(#6163,#6164),(#6165,#6166),(#6167,#6168),(#6169,#6170),(#6171,#6172),(#6173,#6174),(#6175,#6176),(#6177,#6178),(#6179,
#6180),(#6181,#6182),(#6183,#6184),(#6185,#6186),(#6187,#6188),(#6189,#6190),(#6191,#6192),(#6193,#6194),(#6195,#6196),(#6197,#6198),(#6199,#6200),(#6201,
#6202),(#6203,#6204),(#6205,#6206),(#6207,#6208),(#6209,#6210),(#6211,#6212),(#6213,#6214),(#6215,#6216),(#6217,#6218),(#6219,#6220),(#6221,#6222),(#6223,
#6224),(#6225,#6226),(#6227,#6228),(#6229,#6230),(#6231,#6232),(#6233,#6234)),.SURF_OF_LINEAR_EXTRUSION.,.F.,.F.,.F.,(4,1,1,1,1,1,1,1,1,1,1,1,1,1,1,1,1,1,1,1,1,1,1,1,1,1,1,1,1,1,1,1,1,1,1,1,1,1,4),(2,2),(0.0481159968145701,0.0500307253690448,0.0519454539235196,0.0538601824779943,0.055774911032469,0.0576896395869438,0.0596043681414185,0.0615190966958932,0.063433825250368,0.0643911895276053,0.0653485538048427,0.0672632823593174,0.0691780109137922,0.0710927394682669,0.0730074680227416,0.073964832299979,0.0749221965772164,0.0768369251316911,0.0777942894089285,0.0787516536861659,0.0806663822406406,0.081623746517878,0.0825811107951153,0.0844958393495901,0.0864105679040648,0.0883252964585395,0.0902400250130143,0.092154753567489,0.0940694821219637,0.0950268463992011,0.0959842106764385,0.0978989392309132,0.0988563035081506,0.0998136677853879,0.101728396339863,0.103643124894337,0.105557853448812,0.107472582003287,0.109387310557762),(0.,1.),.UNSPECIFIED.);
#40=B_SPLINE_SURFACE_WITH_KNOTS('',3,1,((#6235,#6236),(#6237,#6238),(#6239,
#6240),(#6241,#6242),(#6243,#6244),(#6245,#6246),(#6247,#6248),(#6249,#6250),(#6251,#6252),(#6253,#6254),(#6255,#6256),(#6257,#6258),(#6259,#6260),(#6261,
#6262),(#6263,#6264),(#6265,#6266),(#6267,#6268),(#6269,#6270),(#6271,#6272),(#6273,#6274),(#6275,#6276),(#6277,#6278),(#6279,#6280),(#6281,#6282),(#6283,
#6284),(#6285,#6286),(#6287,#6288),(#6289,#6290),(#6291,#6292),(#6293,#6294),(#6295,#6296),(#6297,#6298),(#6299,#6300),(#6301,#6302),(#6303,#6304),(#6305,
#6306),(#6307,#6308),(#6309,#6310),(#6311,#6312),(#6313,#6314),(#6315,#6316),(#6317,#6318),(#6319,#6320),(#6321,#6322),(#6323,#6324),(#6325,#6326),(#6327,
#6328),(#6329,#6330),(#6331,#6332),(#6333,#6334),(#6335,#6336),(#6337,#6338),(#6339,#6340),(#6341,#6342),(#6343,#6344),(#6345,#6346),(#6347,#6348),(#6349,
#6350),(#6351,#6352),(#6353,#6354),(#6355,#6356),(#6357,#6358),(#6359,#6360),(#6361,#6362),(#6363,#6364),(#6365,#6366),(#6367,#6368),(#6369,#6370),(#6371,
#6372),(#6373,#6374),(#6375,#6376),(#6377,#6378),(#6379,#6380),(#6381,#6382),(#6383,#6384),(#6385,#6386),(#6387,#6388),(#6389,#6390),(#6391,#6392),(#6393,
#6394),(#6395,#6396),(#6397,#6398),(#6399,#6400),(#6401,#6402),(#6403,#6404),(#6405,#6406),(#6407,#6408),(#6409,#6410),(#6411,#6412),(#6413,#6414),(#6415,
#6416),(#6417,#6418),(#6419,#6420),(#6421,#6422),(#6423,#6424),(#6425,#6426),(#6427,#6428),(#6429,#6430),(#6431,#6432),(#6433,#6434),(#6435,#6436),(#6437,
#6438),(#6439,#6440),(#6441,#6442),(#6443,#6444),(#6445,#6446),(#6447,#6448),(#6449,#6450),(#6451,#6452),(#6453,#6454),(#6455,#6456),(#6457,#6458),(#6459,
#6460),(#6461,#6462),(#6463,#6464),(#6465,#6466),(#6467,#6468),(#6469,#6470),(#6471,#6472),(#6473,#6474),(#6475,#6476),(#6477,#6478),(#6479,#6480),(#6481,
#6482),(#6483,#6484),(#6485,#6486),(#6487,#6488),(#6489,#6490),(#6491,#6492),(#6493,#6494),(#6495,#6496),(#6497,#6498),(#6499,#6500),(#6501,#6502),(#6503,
#6504),(#6505,#6506),(#6507,#6508),(#6509,#6510),(#6511,#6512),(#6513,#6514),(#6515,#6516),(#6517,#6518),(#6519,#6520),(#6521,#6522),(#6523,#6524),(#6525,
#6526),(#6527,#6528),(#6529,#6530),(#6531,#6532),(#6533,#6534),(#6535,#6536),(#6537,#6538),(#6539,#6540),(#6541,#6542),(#6543,#6544),(#6545,#6546),(#6547,
#6548),(#6549,#6550),(#6551,#6552),(#6553,#6554),(#6555,#6556),(#6557,#6558),(#6559,#6560),(#6561,#6562),(#6563,#6564),(#6565,#6566),(#6567,#6568),(#6569,
#6570),(#6571,#6572),(#6573,#6574),(#6575,#6576),(#6577,#6578),(#6579,#6580),(#6581,#6582),(#6583,#6584),(#6585,#6586),(#6587,#6588),(#6589,#6590),(#6591,
#6592),(#6593,#6594),(#6595,#6596),(#6597,#6598),(#6599,#6600),(#6601,#6602),(#6603,#6604),(#6605,#6606),(#6607,#6608),(#6609,#6610),(#6611,#6612),(#6613,
#6614),(#6615,#6616),(#6617,#6618),(#6619,#6620),(#6621,#6622),(#6623,#6624),(#6625,#6626),(#6627,#6628),(#6629,#6630),(#6631,#6632),(#6633,#6634),(#6635,
#6636),(#6637,#6638),(#6639,#6640),(#6641,#6642),(#6643,#6644),(#6645,#6646),(#6647,#6648),(#6649,#6650),(#6651,#6652),(#6653,#6654),(#6655,#6656),(#6657,
#6658),(#6659,#6660),(#6661,#6662),(#6663,#6664),(#6665,#6666),(#6667,#6668),(#6669,#6670),(#6671,#6672),(#6673,#6674),(#6675,#6676),(#6677,#6678),(#6679,
#6680),(#6681,#6682),(#6683,#6684),(#6685,#6686),(#6687,#6688),(#6689,#6690),(#6691,#6692),(#6693,#6694),(#6695,#6696),(#6697,#6698),(#6699,#6700),(#6701,
#6702),(#6703,#6704),(#6705,#6706),(#6707,#6708),(#6709,#6710),(#6711,#6712),(#6713,#6714),(#6715,#6716),(#6717,#6718),(#6719,#6720),(#6721,#6722),(#6723,
#6724),(#6725,#6726),(#6727,#6728),(#6729,#6730),(#6731,#6732),(#6733,#6734),(#6735,#6736),(#6737,#6738),(#6739,#6740),(#6741,#6742),(#6743,#6744),(#6745,
#6746),(#6747,#6748),(#6749,#6750),(#6751,#6752),(#6753,#6754),(#6755,#6756),(#6757,#6758),(#6759,#6760),(#6761,#6762),(#6763,#6764),(#6765,#6766),(#6767,
#6768),(#6769,#6770),(#6771,#6772),(#6773,#6774),(#6775,#6776),(#6777,#6778),(#6779,#6780),(#6781,#6782),(#6783,#6784),(#6785,#6786),(#6787,#6788),(#6789,
#6790),(#6791,#6792),(#6793,#6794),(#6795,#6796),(#6797,#6798),(#6799,#6800),(#6801,#6802),(#6803,#6804),(#6805,#6806),(#6807,#6808),(#6809,#6810),(#6811,
#6812),(#6813,#6814),(#6815,#6816),(#6817,#6818),(#6819,#6820),(#6821,#6822),(#6823,#6824),(#6825,#6826),(#6827,#6828),(#6829,#6830),(#6831,#6832),(#6833,
#6834),(#6835,#6836),(#6837,#6838),(#6839,#6840),(#6841,#6842),(#6843,#6844),(#6845,#6846),(#6847,#6848),(#6849,#6850),(#6851,#6852),(#6853,#6854),(#6855,
#6856),(#6857,#6858),(#6859,#6860),(#6861,#6862),(#6863,#6864),(#6865,#6866),(#6867,#6868),(#6869,#6870),(#6871,#6872),(#6873,#6874),(#6875,#6876),(#6877,
#6878),(#6879,#6880),(#6881,#6882),(#6883,#6884),(#6885,#6886),(#6887,#6888),(#6889,#6890),(#6891,#6892),(#6893,#6894),(#6895,#6896),(#6897,#6898),(#6899,
#6900),(#6901,#6902),(#6903,#6904),(#6905,#6906),(#6907,#6908),(#6909,#6910),(#6911,#6912),(#6913,#6914),(#6915,#6916),(#6917,#6918),(#6919,#6920),(#6921,
#6922),(#6923,#6924),(#6925,#6926),(#6927,#6928),(#6929,#6930),(#6931,#6932),(#6933,#6934),(#6935,#6936)),.SURF_OF_LINEAR_EXTRUSION.,.F.,.F.,.F.,(4,1,1,1,1,1,1,1,1,1,1,1,1,1,1,1,1,1,1,1,1,1,1,1,1,1,1,1,1,1,1,1,1,1,1,1,1,1,1,1,1,1,1,1,1,1,1,1,1,1,1,1,1,1,1,1,1,1,1,1,1,1,1,1,1,1,1,1,1,1,1,1,1,1,1,1,1,1,1,1,1,1,1,1,1,1,1,1,1,1,1,1,1,1,1,1,1,1,1,1,1,1,1,1,1,1,1,1,1,1,1,1,1,1,1,1,1,1,1,1,1,1,1,1,1,1,1,1,1,1,1,1,1,1,1,1,1,1,1,1,1,1,1,1,1,1,1,1,1,1,1,1,1,1,1,1,1,1,1,1,1,1,1,1,1,1,1,1,1,1,1,1,1,1,1,1,1,1,1,1,1,1,1,1,1,1,1,1,1,1,1,1,1,1,1,1,1,1,1,1,1,1,1,1,1,1,1,1,1,1,1,1,1,1,1,1,1,1,1,1,1,1,1,1,1,1,1,1,1,1,1,1,1,1,1,1,1,1,1,1,1,1,1,1,1,1,1,1,1,1,1,1,1,1,1,1,1,1,1,1,1,1,1,1,1,1,1,1,1,1,1,1,1,1,1,1,1,1,1,1,1,1,1,1,1,1,1,1,1,1,1,1,1,1,1,1,1,1,1,1,1,1,1,1,1,1,1,1,1,1,1,1,1,1,1,1,1,1,1,1,1,1,1,1,1,1,1,1,1,1,1,1,1,1,1,1,1,1,1,1,1,1,1,1,1,1,1,1,4),(2,2),(0.119876598593841,0.122126240137428,0.124375881681014,0.126625523224601,0.128875164768188,0.129999985539981,0.131124806311774,0.133374447855361,0.134499268627154,0.135624089398948,0.136748910170741,0.137873730942534,0.140123372486121,0.141248193257914,0.142373014029708,0.144622655573295,0.145747476345088,0.146872297116881,0.149121938660468,0.151371580204055,0.153621221747641,0.154746042519435,0.155870863291228,0.156995684063021,0.158120504834815,0.159245325606608,0.160370146378401,0.161494967150195,0.162619787921988,0.164869429465575,0.167119071009161,0.168243891780955,0.169368712552748,0.170493533324541,0.171618354096335,0.173867995639921,0.176117637183508,0.178367278727095,0.179492099498888,0.180616920270681,0.181741741042475,0.182866561814268,0.183991382586061,0.185116203357855,0.187365844901441,0.188490665673235,0.189615486445028,0.191865127988615,0.194114769532201,0.196364411075788,0.198614052619375,0.199738873391168,0.200863694162961,0.201988514934755,0.203113335706548,0.204238156478342,0.205362977250135,0.206487798021928,0.207612618793722,0.208737439565515,0.209862260337308,0.212111901880895,0.214361543424482,0.216611184968068,0.218860826511655,0.221110468055242,0.223360109598828,0.224484930370622,0.225609751142415,0.227859392686002,0.228984213457795,0.230109034229588,0.231233855001382,0.232358675773175,0.233483496544968,0.234608317316762,0.236857958860348,0.239107600403935,0.241357241947522,0.243606883491108,0.245856525034695,0.246981345806488,0.248106166578282,0.250355808121868,0.251480628893662,0.252605449665455,0.253730270437248,0.254855091209042,0.257104732752628,0.258229553524422,0.259354374296215,0.261604015839802,0.263853657383389,0.266103298926975,0.268352940470562,0.270602582014149,0.271727402785942,0.272852223557735,0.273977044329529,0.275101865101322,0.277351506644909,0.278476327416702,0.279601148188495,0.281850789732082,0.284100431275669,0.286350072819255,0.288599714362842,0.290849355906429,0.293098997450015,0.295348638993602,0.297598280537189,0.299847922080775,0.302097563624362,0.304347205167949,0.306596846711535,0.308846488255122,0.309971309026915,0.311096129798709,0.312220950570502,0.313345771342295,0.314470592114089,0.315595412885882,0.317845054429469,0.320094695973056,0.322344337516642,0.324593979060229,0.326843620603816,0.331342903690989,0.333592545234576,0.335842186778162,0.338091828321749,0.340341469865336,0.342591111408922,0.344840752952509,0.347090394496096,0.348215215267889,0.349340036039682,0.351589677583269,0.353839319126856,0.356088960670442,0.358338602214029,0.359463422985822,0.360588243757616,0.361713064529409,0.362837885301202,0.365087526844789,0.366212347616582,0.367337168388376,0.368461989160169,0.369586809931962,0.370711630703756,0.371836451475549,0.374086093019136,0.375210913790929,0.376335734562723,0.378585376106309,0.380835017649896,0.383084659193483,0.385334300737069,0.387583942280656,0.389833583824243,0.392083225367829,0.394332866911416,0.396582508455003,0.398832149998589,0.401081791542176,0.403331433085763,0.405581074629349,0.407830716172936,0.410080357716523,0.412329999260109,0.413454820031903,0.414579640803696,0.415704461575489,0.416829282347283,0.419078923890869,0.421328565434456,0.423578206978043,0.425827848521629,0.428077490065216,0.430327131608803,0.43257677315239,0.434826414695976,0.437076056239563,0.43932569778315,0.441575339326736,0.44270016009853,0.443824980870323,0.444949801642116,0.44607462241391,0.447199443185703,0.448324263957496,0.44944908472929,0.450573905501083,0.45282354704467,0.453948367816463,0.455073188588256,0.45619800936005,0.457322830131843,0.45957247167543,0.460697292447223,0.461822113219016,0.464071754762603,0.465196575534396,0.46632139630619,0.468571037849776,0.470820679393363,0.47307032093695,0.475319962480536,0.477569604024123,0.47981924556771,0.484318528654883,0.48656817019847,0.488817811742057,0.491067453285643,0.49331709482923,0.495566736372817,0.49669155714461,0.497816377916403,0.498941198688197,0.50006601945999,0.502315661003577,0.50344048177537,0.504565302547163,0.505690123318957,0.50681494409075,0.507939764862543,0.509064585634337,0.51018940640613,0.511314227177923,0.51356386872151,0.515813510265097,0.518063151808683,0.52031279335227,0.522562434895857,0.524812076439443,0.525936897211237,0.52706171798303,0.529311359526617,0.53043618029841,0.531561001070203,0.53381064261379,0.536060284157377,0.538309925700963,0.54055956724455,0.542809208788137,0.545058850331724,0.54730849187531,0.549558133418897,0.55068295419069,0.551807774962484,0.55405741650607,0.555182237277864,0.556307058049657,0.558556699593244,0.559681520365037,0.56080634113683,0.563055982680417,0.56418080345221,0.565305624224004,0.56755526576759,0.568680086539384,0.569804907311177,0.572054548854764,0.573179369626557,0.57430419039835,0.576553831941937,0.578803473485524,0.581053115029111,0.583302756572697,0.585552398116284,0.58780203965987,0.590051681203457,0.59117650197525,0.592301322747044,0.593426143518837,0.59455096429063,0.596800605834217,0.597925426606011,0.599050247377804,0.601299888921391,0.603549530464977,0.60467435123677,0.605799172008564,0.606923992780357,0.60804881355215,0.609173634323944,0.610298455095737,0.611423275867531,0.612548096639324,0.614797738182911,0.615922558954704,0.617047379726497,0.619297021270084,0.620421842041877,0.621546662813671,0.623796304357257,0.624921125129051,0.626045945900844,0.627170766672637,0.628295587444431,0.629420408216224,0.630545228988017,0.632794870531604,0.635044512075191,0.637294153618777,0.639543795162364,0.640668615934157,0.641793436705951,0.642918257477744,0.644043078249537,0.646292719793124,0.647417540564917,0.648542361336711,0.650792002880297,0.651916823652091,0.653041644423884,0.654166465195678,0.655291285967471,0.657540927511058,0.659790569054644,0.660915389826437,0.662040210598231,0.663165031370024,0.664289852141817,0.665414672913611,0.666539493685404,0.667664314457197,0.668789135228991,0.669913956000784,0.671038776772578,0.672163597544371,0.673288418316164,0.675538059859751,0.676662880631544,0.677787701403338,0.678912522175131,0.680037342946924,0.681162163718718,0.682286984490511,0.683411805262304,0.684536626034098,0.686786267577684,0.687911088349478,0.689035909121271,0.691285550664858,0.692410371436651,0.693535192208444,0.695784833752031),(0.,1.),.UNSPECIFIED.);
#41=B_SPLINE_SURFACE_WITH_KNOTS('',3,1,((#6937,#6938),(#6939,#6940),(#6941,
#6942),(#6943,#6944),(#6945,#6946),(#6947,#6948),(#6949,#6950),(#6951,#6952),(#6953,#6954),(#6955,#6956),(#6957,#6958),(#6959,#6960),(#6961,#6962),(#6963,
#6964),(#6965,#6966),(#6967,#6968),(#6969,#6970),(#6971,#6972),(#6973,#6974),(#6975,#6976),(#6977,#6978),(#6979,#6980),(#6981,#6982),(#6983,#6984),(#6985,
#6986),(#6987,#6988),(#6989,#6990),(#6991,#6992),(#6993,#6994),(#6995,#6996),(#6997,#6998),(#6999,#7000),(#7001,#7002),(#7003,#7004),(#7005,#7006),(#7007,
#7008),(#7009,#7010),(#7011,#7012),(#7013,#7014),(#7015,#7016),(#7017,#7018),(#7019,#7020),(#7021,#7022),(#7023,#7024),(#7025,#7026),(#7027,#7028),(#7029,
#7030),(#7031,#7032),(#7033,#7034),(#7035,#7036),(#7037,#7038),(#7039,#7040),(#7041,#7042),(#7043,#7044),(#7045,#7046),(#7047,#7048),(#7049,#7050),(#7051,
#7052),(#7053,#7054),(#7055,#7056),(#7057,#7058),(#7059,#7060),(#7061,#7062),(#7063,#7064),(#7065,#7066),(#7067,#7068),(#7069,#7070),(#7071,#7072),(#7073,
#7074),(#7075,#7076),(#7077,#7078),(#7079,#7080),(#7081,#7082),(#7083,#7084),(#7085,#7086),(#7087,#7088),(#7089,#7090),(#7091,#7092),(#7093,#7094),(#7095,
#7096),(#7097,#7098),(#7099,#7100),(#7101,#7102),(#7103,#7104),(#7105,#7106),(#7107,#7108),(#7109,#7110),(#7111,#7112),(#7113,#7114),(#7115,#7116),(#7117,
#7118),(#7119,#7120),(#7121,#7122),(#7123,#7124),(#7125,#7126)),.SURF_OF_LINEAR_EXTRUSION.,.F.,.F.,.F.,(4,1,1,1,1,1,1,1,1,1,1,1,1,1,1,1,1,1,1,1,1,1,1,1,1,1,1,1,1,1,1,1,1,1,1,1,1,1,1,1,1,1,1,1,1,1,1,1,1,1,1,1,1,1,1,1,1,1,1,1,1,1,1,1,1,1,1,1,1,1,1,1,1,1,1,1,1,1,1,1,1,1,1,1,1,1,1,1,1,1,1,1,4),(2,2),(0.697848579143612,0.700137782974939,0.701282384890602,0.702426986806265,0.703571588721928,0.704716190637592,0.707005394468918,0.709294598300245,0.711583802131571,0.712728404047235,0.713873005962898,0.715017607878561,0.716162209794225,0.717306811709888,0.718451413625551,0.720740617456878,0.721885219372541,0.723029821288204,0.725319025119531,0.726463627035194,0.727608228950858,0.728752830866521,0.729897432782184,0.731042034697847,0.732186636613511,0.734475840444837,0.736765044276164,0.73905424810749,0.740198850023154,0.741343451938817,0.743632655770144,0.744777257685807,0.74592185960147,0.747066461517133,0.748211063432797,0.750500267264123,0.75278947109545,0.755078674926776,0.757367878758103,0.761946286420756,0.764235490252083,0.766524694083409,0.768813897914736,0.771103101746063,0.772247703661726,0.773392305577389,0.775681509408716,0.776826111324379,0.777970713240042,0.779115315155706,0.780259917071369,0.781404518987032,0.782549120902695,0.784838324734022,0.787127528565349,0.788272130481012,0.789416732396675,0.790561334312339,0.791705936228002,0.793995140059328,0.795139741974992,0.796284343890655,0.798573547721982,0.799718149637645,0.800862751553308,0.802007353468971,0.803151955384635,0.804296557300298,0.805441159215961,0.806585761131625,0.807730363047288,0.810019566878614,0.812308770709941,0.813453372625604,0.814597974541268,0.816887178372594,0.818031780288258,0.819176382203921,0.821465586035247,0.823754789866574,0.8260439936979,0.827188595613564,0.828333197529227,0.830622401360554,0.831767003276217,0.83291160519188,0.835200809023207,0.83634541093887,0.837490012854533,0.83977921668586,0.842068420517186,0.84321302243285,0.844357624348513),(0.,1.),.UNSPECIFIED.);
#42=B_SPLINE_SURFACE_WITH_KNOTS('',3,1,((#7127,#7128),(#7129,#7130),(#7131,
#7132),(#7133,#7134),(#7135,#7136),(#7137,#7138),(#7139,#7140),(#7141,#7142),(#7143,#7144),(#7145,#7146),(#7147,#7148),(#7149,#7150),(#7151,#7152),(#7153,
#7154),(#7155,#7156),(#7157,#7158)),.SURF_OF_LINEAR_EXTRUSION.,.F.,.F.,.F.,(4,1,1,1,1,1,1,1,1,1,1,1,1,4),(2,2),(0.847983715981626,0.849104367626886,0.850225019272146,0.852466322562667,0.853586974207927,0.854707625853187,0.855828277498447,0.856948929143707,0.858069580788967,0.859190232434227,0.860310884079487,0.861431535724748,0.863672839015268,0.865914142305788),(0.,1.),.UNSPECIFIED.);
#43=B_SPLINE_SURFACE_WITH_KNOTS('',3,1,((#7159,#7160),(#7161,#7162),(#7163,
#7164),(#7165,#7166),(#7167,#7168),(#7169,#7170),(#7171,#7172),(#7173,#7174),(#7175,#7176),(#7177,#7178),(#7179,#7180),(#7181,#7182),(#7183,#7184),(#7185,
#7186),(#7187,#7188),(#7189,#7190),(#7191,#7192),(#7193,#7194),(#7195,#7196),(#7197,#7198),(#7199,#7200),(#7201,#7202),(#7203,#7204),(#7205,#7206),(#7207,
#7208),(#7209,#7210),(#7211,#7212),(#7213,#7214),(#7215,#7216),(#7217,#7218),(#7219,#7220),(#7221,#7222),(#7223,#7224),(#7225,#7226),(#7227,#7228),(#7229,
#7230),(#7231,#7232),(#7233,#7234),(#7235,#7236),(#7237,#7238),(#7239,#7240),(#7241,#7242),(#7243,#7244),(#7245,#7246),(#7247,#7248),(#7249,#7250),(#7251,
#7252),(#7253,#7254),(#7255,#7256),(#7257,#7258),(#7259,#7260),(#7261,#7262),(#7263,#7264),(#7265,#7266),(#7267,#7268),(#7269,#7270),(#7271,#7272),(#7273,
#7274),(#7275,#7276),(#7277,#7278),(#7279,#7280),(#7281,#7282),(#7283,#7284),(#7285,#7286),(#7287,#7288),(#7289,#7290),(#7291,#7292),(#7293,#7294),(#7295,
#7296),(#7297,#7298),(#7299,#7300),(#7301,#7302),(#7303,#7304),(#7305,#7306),(#7307,#7308),(#7309,#7310),(#7311,#7312),(#7313,#7314),(#7315,#7316),(#7317,
#7318),(#7319,#7320),(#7321,#7322)),.SURF_OF_LINEAR_EXTRUSION.,.F.,.F.,.F.,(4,1,1,1,1,1,1,1,1,1,1,1,1,1,1,1,1,1,1,1,1,1,1,1,1,1,1,1,1,1,1,1,1,1,1,1,1,1,1,1,1,1,1,1,1,1,1,1,1,1,1,1,1,1,1,1,1,1,1,1,1,1,1,1,1,1,1,1,1,1,1,1,1,1,1,1,1,1,1,4),(2,2),(0.86878127100034,0.87083156364096,0.872881856281579,0.874932148922199,0.876982441562819,0.879032734203438,0.881083026844058,0.883133319484678,0.885183612125298,0.887233904765917,0.889284197406537,0.891334490047157,0.893384782687776,0.895435075328396,0.897485367969016,0.899535660609635,0.901585953250255,0.903636245890875,0.904661392211185,0.905686538531494,0.907736831172114,0.908761977492424,0.909787123812734,0.910812270133044,0.911837416453353,0.912862562773663,0.913887709093973,0.915938001734593,0.917988294375212,0.920038587015832,0.922088879656452,0.923114025976762,0.924139172297072,0.925164318617381,0.926189464937691,0.927214611258001,0.928239757578311,0.929264903898621,0.930290050218931,0.93234034285955,0.93336548917986,0.93439063550017,0.93644092814079,0.938491220781409,0.940541513422029,0.942591806062649,0.944642098703268,0.946692391343888,0.948742683984508,0.950792976625128,0.952843269265747,0.954893561906367,0.955918708226677,0.956943854546987,0.957969000867296,0.958994147187606,0.960019293507916,0.961044439828226,0.963094732468846,0.965145025109465,0.967195317750085,0.969245610390705,0.971295903031324,0.973346195671944,0.975396488312564,0.977446780953183,0.979497073593803,0.981547366234423,0.983597658875042,0.985647951515662,0.986673097835972,0.987698244156282,0.988723390476592,0.989748536796902,0.990773683117211,0.991798829437521,0.993849122078141,0.995899414718761,0.99794970735938,1.),(0.,1.),.UNSPECIFIED.);
#44=B_SPLINE_SURFACE_WITH_KNOTS('',3,1,((#7323,#7324),(#7325,#7326),(#7327,
#7328),(#7329,#7330),(#7331,#7332)),.SURF_OF_LINEAR_EXTRUSION.,.F.,.F.,.F.,(4,1,4),(2,2),(0.,0.0051426777981604,0.0102853555963208),(0.,1.),.UNSPECIFIED.);
#45=B_SPLINE_SURFACE_WITH_KNOTS('',3,1,((#7334,#7335),(#7336,#7337),(#7338,
#7339),(#7340,#7341)),.SURF_OF_LINEAR_EXTRUSION.,.F.,.F.,.F.,(4,4),(2,2),(0.0102853555963208,0.0158619235934529),(0.,1.),.PIECEWISE_BEZIER_KNOTS.);
#46=B_SPLINE_SURFACE_WITH_KNOTS('',3,1,((#7343,#7344),(#7345,#7346),(#7347,
#7348),(#7349,#7350),(#7351,#7352),(#7353,#7354),(#7355,#7356),(#7357,#7358),(#7359,#7360),(#7361,#7362),(#7363,#7364),(#7365,#7366),(#7367,#7368),(#7369,
#7370),(#7371,#7372),(#7373,#7374)),.SURF_OF_LINEAR_EXTRUSION.,.F.,.F.,.F.,(4,1,1,1,1,1,1,1,1,1,1,1,1,4),(2,2),(0.,0.0625,0.125,0.1875,0.25,0.3125,0.375,0.4375,0.5,0.5625,0.625,0.75,0.875,1.),(0.,1.),.UNSPECIFIED.);
#47=B_SPLINE_SURFACE_WITH_KNOTS('',3,1,((#8382,#8383),(#8384,#8385),(#8386,
#8387),(#8388,#8389),(#8390,#8391),(#8392,#8393),(#8394,#8395),(#8396,#8397),(#8398,#8399),(#8400,#8401),(#8402,#8403),(#8404,#8405),(#8406,#8407),(#8408,
#8409)),.SURF_OF_LINEAR_EXTRUSION.,.F.,.F.,.F.,(4,1,1,1,1,1,1,1,1,1,1,4),(2,2),(0.,0.125,0.1875,0.25,0.375,0.5,0.625,0.75,0.8125,0.875,0.9375,1.),(0.,1.),.UNSPECIFIED.);
#48=B_SPLINE_SURFACE_WITH_KNOTS('',3,1,((#8411,#8412),(#8413,#8414),(#8415,
#8416),(#8417,#8418),(#8419,#8420),(#8421,#8422),(#8423,#8424)),.SURF_OF_LINEAR_EXTRUSION.,.F.,.F.,.F.,(4,1,1,1,4),(2,2),(0.0183441677455896,0.0228942627634331,0.0274443577812766,0.0319944527991201,0.0365445478169636),(0.,1.),.UNSPECIFIED.);
#49=B_SPLINE_SURFACE_WITH_KNOTS('',3,1,((#8426,#8427),(#8428,#8429),(#8430,
#8431),(#8432,#8433),(#8434,#8435),(#8436,#8437),(#8438,#8439),(#8440,#8441),(#8442,#8443),(#8444,#8445),(#8446,#8447),(#8448,#8449),(#8450,#8451),(#8452,
#8453),(#8454,#8455),(#8456,#8457),(#8458,#8459),(#8460,#8461),(#8462,#8463),(#8464,#8465),(#8466,#8467),(#8468,#8469),(#8470,#8471),(#8472,#8473),(#8474,
#8475),(#8476,#8477),(#8478,#8479),(#8480,#8481),(#8482,#8483),(#8484,#8485),(#8486,#8487),(#8488,#8489),(#8490,#8491),(#8492,#8493),(#8494,#8495),(#8496,
#8497),(#8498,#8499),(#8500,#8501),(#8502,#8503),(#8504,#8505),(#8506,#8507),(#8508,#8509),(#8510,#8511),(#8512,#8513),(#8514,#8515),(#8516,#8517),(#8518,
#8519),(#8520,#8521),(#8522,#8523),(#8524,#8525),(#8526,#8527),(#8528,#8529),(#8530,#8531),(#8532,#8533),(#8534,#8535),(#8536,#8537),(#8538,#8539),(#8540,
#8541),(#8542,#8543),(#8544,#8545),(#8546,#8547),(#8548,#8549),(#8550,#8551)),.SURF_OF_LINEAR_EXTRUSION.,.F.,.F.,.F.,(4,1,1,1,1,1,1,1,1,1,1,1,1,1,1,1,1,1,1,1,1,1,1,1,1,1,1,1,1,1,1,1,1,1,1,1,1,1,1,1,1,1,1,1,1,1,1,1,1,1,1,1,1,1,1,1,1,1,1,1,4),(2,2),(0.,0.03125,0.046875,0.0625,0.078125,0.09375,0.109375,0.125,0.140625,0.15625,0.1875,0.21875,0.234375,0.25,0.265625,0.28125,0.296875,0.3125,0.328125,0.34375,0.359375,0.375,0.390625,0.40625,0.421875,0.4375,0.453125,0.46875,0.484375,0.5,0.515625,0.53125,0.546875,0.5625,0.578125,0.59375,0.609375,0.625,0.640625,0.65625,0.671875,0.6875,0.703125,0.71875,0.734375,0.75,0.765625,0.78125,0.8125,0.828125,0.84375,0.859375,0.875,0.890625,0.90625,0.921875,0.9375,0.953125,0.96875,0.984375,1.),(0.,1.),.UNSPECIFIED.);
#50=B_SPLINE_SURFACE_WITH_KNOTS('',3,1,((#8553,#8554),(#8555,#8556),(#8557,
#8558),(#8559,#8560),(#8561,#8562)),.SURF_OF_LINEAR_EXTRUSION.,.F.,.F.,.F.,(4,1,4),(2,2),(0.037949425989974,0.0410657389524934,0.0441820519150128),(0.,1.),.UNSPECIFIED.);
#51=B_SPLINE_SURFACE_WITH_KNOTS('',3,1,((#8564,#8565),(#8566,#8567),(#8568,
#8569),(#8570,#8571),(#8572,#8573),(#8574,#8575),(#8576,#8577),(#8578,#8579),(#8580,#8581),(#8582,#8583),(#8584,#8585),(#8586,#8587),(#8588,#8589),(#8590,
#8591),(#8592,#8593),(#8594,#8595),(#8596,#8597),(#8598,#8599),(#8600,#8601),(#8602,#8603),(#8604,#8605),(#8606,#8607),(#8608,#8609),(#8610,#8611),(#8612,
#8613),(#8614,#8615),(#8616,#8617),(#8618,#8619)),.SURF_OF_LINEAR_EXTRUSION.,.F.,.F.,.F.,(4,1,1,1,1,1,1,1,1,1,1,1,1,1,1,1,1,1,1,1,1,1,1,1,1,4),(2,2),(0.,0.0625,0.125,0.1875,0.21875,0.25,0.28125,0.3125,0.34375,0.375,0.40625,0.4375,0.46875,0.5,0.53125,0.5625,0.625,0.6875,0.75,0.78125,0.8125,0.84375,0.875,0.9375,0.96875,1.),(0.,1.),.UNSPECIFIED.);
#52=B_SPLINE_SURFACE_WITH_KNOTS('',3,1,((#8621,#8622),(#8623,#8624),(#8625,
#8626),(#8627,#8628),(#8629,#8630),(#8631,#8632),(#8633,#8634),(#8635,#8636),(#8637,#8638),(#8639,#8640),(#8641,#8642),(#8643,#8644),(#8645,#8646),(#8647,
#8648),(#8649,#8650),(#8651,#8652),(#8653,#8654),(#8655,#8656),(#8657,#8658),(#8659,#8660),(#8661,#8662),(#8663,#8664),(#8665,#8666),(#8667,#8668),(#8669,
#8670),(#8671,#8672),(#8673,#8674),(#8675,#8676),(#8677,#8678),(#8679,#8680),(#8681,#8682),(#8683,#8684),(#8685,#8686),(#8687,#8688),(#8689,#8690),(#8691,
#8692),(#8693,#8694),(#8695,#8696),(#8697,#8698),(#8699,#8700),(#8701,#8702)),.SURF_OF_LINEAR_EXTRUSION.,.F.,.F.,.F.,(4,1,1,1,1,1,1,1,1,1,1,1,1,1,1,1,1,1,1,1,1,1,1,1,1,1,1,1,1,1,1,1,1,1,1,1,1,1,4),(2,2),(0.0481159968145701,0.0500307253690448,0.0519454539235196,0.0538601824779943,0.055774911032469,0.0576896395869438,0.0596043681414185,0.0615190966958932,0.063433825250368,0.0643911895276053,0.0653485538048427,0.0672632823593174,0.0691780109137922,0.0710927394682669,0.0730074680227416,0.073964832299979,0.0749221965772164,0.0768369251316911,0.0777942894089285,0.0787516536861659,0.0806663822406406,0.081623746517878,0.0825811107951153,0.0844958393495901,0.0864105679040648,0.0883252964585395,0.0902400250130143,0.092154753567489,0.0940694821219637,0.0950268463992011,0.0959842106764385,0.0978989392309132,0.0988563035081506,0.0998136677853879,0.101728396339863,0.103643124894337,0.105557853448812,0.107472582003287,0.109387310557762),(0.,1.),.UNSPECIFIED.);
#53=B_SPLINE_SURFACE_WITH_KNOTS('',3,1,((#8703,#8704),(#8705,#8706),(#8707,
#8708),(#8709,#8710),(#8711,#8712),(#8713,#8714),(#8715,#8716),(#8717,#8718),(#8719,#8720),(#8721,#8722),(#8723,#8724),(#8725,#8726),(#8727,#8728),(#8729,
#8730),(#8731,#8732),(#8733,#8734),(#8735,#8736),(#8737,#8738),(#8739,#8740),(#8741,#8742),(#8743,#8744),(#8745,#8746),(#8747,#8748),(#8749,#8750),(#8751,
#8752),(#8753,#8754),(#8755,#8756),(#8757,#8758),(#8759,#8760),(#8761,#8762),(#8763,#8764),(#8765,#8766),(#8767,#8768),(#8769,#8770),(#8771,#8772),(#8773,
#8774),(#8775,#8776),(#8777,#8778),(#8779,#8780),(#8781,#8782),(#8783,#8784),(#8785,#8786),(#8787,#8788),(#8789,#8790),(#8791,#8792),(#8793,#8794),(#8795,
#8796),(#8797,#8798),(#8799,#8800),(#8801,#8802),(#8803,#8804),(#8805,#8806),(#8807,#8808),(#8809,#8810),(#8811,#8812),(#8813,#8814),(#8815,#8816),(#8817,
#8818),(#8819,#8820),(#8821,#8822),(#8823,#8824),(#8825,#8826),(#8827,#8828),(#8829,#8830),(#8831,#8832),(#8833,#8834),(#8835,#8836),(#8837,#8838),(#8839,
#8840),(#8841,#8842),(#8843,#8844),(#8845,#8846),(#8847,#8848),(#8849,#8850),(#8851,#8852),(#8853,#8854),(#8855,#8856),(#8857,#8858),(#8859,#8860),(#8861,
#8862),(#8863,#8864),(#8865,#8866),(#8867,#8868),(#8869,#8870),(#8871,#8872),(#8873,#8874),(#8875,#8876),(#8877,#8878),(#8879,#8880),(#8881,#8882),(#8883,
#8884),(#8885,#8886),(#8887,#8888),(#8889,#8890),(#8891,#8892),(#8893,#8894),(#8895,#8896),(#8897,#8898),(#8899,#8900),(#8901,#8902),(#8903,#8904),(#8905,
#8906),(#8907,#8908),(#8909,#8910),(#8911,#8912),(#8913,#8914),(#8915,#8916),(#8917,#8918),(#8919,#8920),(#8921,#8922),(#8923,#8924),(#8925,#8926),(#8927,
#8928),(#8929,#8930),(#8931,#8932),(#8933,#8934),(#8935,#8936),(#8937,#8938),(#8939,#8940),(#8941,#8942),(#8943,#8944),(#8945,#8946),(#8947,#8948),(#8949,
#8950),(#8951,#8952),(#8953,#8954),(#8955,#8956),(#8957,#8958),(#8959,#8960),(#8961,#8962),(#8963,#8964),(#8965,#8966),(#8967,#8968),(#8969,#8970),(#8971,
#8972),(#8973,#8974),(#8975,#8976),(#8977,#8978),(#8979,#8980),(#8981,#8982),(#8983,#8984),(#8985,#8986),(#8987,#8988),(#8989,#8990),(#8991,#8992),(#8993,
#8994),(#8995,#8996),(#8997,#8998),(#8999,#9000),(#9001,#9002),(#9003,#9004),(#9005,#9006),(#9007,#9008),(#9009,#9010),(#9011,#9012),(#9013,#9014),(#9015,
#9016),(#9017,#9018),(#9019,#9020),(#9021,#9022),(#9023,#9024),(#9025,#9026),(#9027,#9028),(#9029,#9030),(#9031,#9032),(#9033,#9034),(#9035,#9036),(#9037,
#9038),(#9039,#9040),(#9041,#9042),(#9043,#9044),(#9045,#9046),(#9047,#9048),(#9049,#9050),(#9051,#9052),(#9053,#9054),(#9055,#9056),(#9057,#9058),(#9059,
#9060),(#9061,#9062),(#9063,#9064),(#9065,#9066),(#9067,#9068),(#9069,#9070),(#9071,#9072),(#9073,#9074),(#9075,#9076),(#9077,#9078),(#9079,#9080),(#9081,
#9082),(#9083,#9084),(#9085,#9086),(#9087,#9088),(#9089,#9090),(#9091,#9092),(#9093,#9094),(#9095,#9096),(#9097,#9098),(#9099,#9100),(#9101,#9102),(#9103,
#9104),(#9105,#9106),(#9107,#9108),(#9109,#9110),(#9111,#9112),(#9113,#9114),(#9115,#9116),(#9117,#9118),(#9119,#9120),(#9121,#9122),(#9123,#9124),(#9125,
#9126),(#9127,#9128),(#9129,#9130),(#9131,#9132),(#9133,#9134),(#9135,#9136),(#9137,#9138),(#9139,#9140),(#9141,#9142),(#9143,#9144),(#9145,#9146),(#9147,
#9148),(#9149,#9150),(#9151,#9152),(#9153,#9154),(#9155,#9156),(#9157,#9158),(#9159,#9160),(#9161,#9162),(#9163,#9164),(#9165,#9166),(#9167,#9168),(#9169,
#9170),(#9171,#9172),(#9173,#9174),(#9175,#9176),(#9177,#9178),(#9179,#9180),(#9181,#9182),(#9183,#9184),(#9185,#9186),(#9187,#9188),(#9189,#9190),(#9191,
#9192),(#9193,#9194),(#9195,#9196),(#9197,#9198),(#9199,#9200),(#9201,#9202),(#9203,#9204),(#9205,#9206),(#9207,#9208),(#9209,#9210),(#9211,#9212),(#9213,
#9214),(#9215,#9216),(#9217,#9218),(#9219,#9220),(#9221,#9222),(#9223,#9224),(#9225,#9226),(#9227,#9228),(#9229,#9230),(#9231,#9232),(#9233,#9234),(#9235,
#9236),(#9237,#9238),(#9239,#9240),(#9241,#9242),(#9243,#9244),(#9245,#9246),(#9247,#9248),(#9249,#9250),(#9251,#9252),(#9253,#9254),(#9255,#9256),(#9257,
#9258),(#9259,#9260),(#9261,#9262),(#9263,#9264),(#9265,#9266),(#9267,#9268),(#9269,#9270),(#9271,#9272),(#9273,#9274),(#9275,#9276),(#9277,#9278),(#9279,
#9280),(#9281,#9282),(#9283,#9284),(#9285,#9286),(#9287,#9288),(#9289,#9290),(#9291,#9292),(#9293,#9294),(#9295,#9296),(#9297,#9298),(#9299,#9300),(#9301,
#9302),(#9303,#9304),(#9305,#9306),(#9307,#9308),(#9309,#9310),(#9311,#9312),(#9313,#9314),(#9315,#9316),(#9317,#9318),(#9319,#9320),(#9321,#9322),(#9323,
#9324),(#9325,#9326),(#9327,#9328),(#9329,#9330),(#9331,#9332),(#9333,#9334),(#9335,#9336),(#9337,#9338),(#9339,#9340),(#9341,#9342),(#9343,#9344),(#9345,
#9346),(#9347,#9348),(#9349,#9350),(#9351,#9352),(#9353,#9354),(#9355,#9356),(#9357,#9358),(#9359,#9360),(#9361,#9362),(#9363,#9364),(#9365,#9366),(#9367,
#9368),(#9369,#9370),(#9371,#9372),(#9373,#9374),(#9375,#9376),(#9377,#9378),(#9379,#9380),(#9381,#9382),(#9383,#9384),(#9385,#9386),(#9387,#9388),(#9389,
#9390),(#9391,#9392),(#9393,#9394),(#9395,#9396),(#9397,#9398),(#9399,#9400),(#9401,#9402),(#9403,#9404)),.SURF_OF_LINEAR_EXTRUSION.,.F.,.F.,.F.,(4,1,1,1,1,1,1,1,1,1,1,1,1,1,1,1,1,1,1,1,1,1,1,1,1,1,1,1,1,1,1,1,1,1,1,1,1,1,1,1,1,1,1,1,1,1,1,1,1,1,1,1,1,1,1,1,1,1,1,1,1,1,1,1,1,1,1,1,1,1,1,1,1,1,1,1,1,1,1,1,1,1,1,1,1,1,1,1,1,1,1,1,1,1,1,1,1,1,1,1,1,1,1,1,1,1,1,1,1,1,1,1,1,1,1,1,1,1,1,1,1,1,1,1,1,1,1,1,1,1,1,1,1,1,1,1,1,1,1,1,1,1,1,1,1,1,1,1,1,1,1,1,1,1,1,1,1,1,1,1,1,1,1,1,1,1,1,1,1,1,1,1,1,1,1,1,1,1,1,1,1,1,1,1,1,1,1,1,1,1,1,1,1,1,1,1,1,1,1,1,1,1,1,1,1,1,1,1,1,1,1,1,1,1,1,1,1,1,1,1,1,1,1,1,1,1,1,1,1,1,1,1,1,1,1,1,1,1,1,1,1,1,1,1,1,1,1,1,1,1,1,1,1,1,1,1,1,1,1,1,1,1,1,1,1,1,1,1,1,1,1,1,1,1,1,1,1,1,1,1,1,1,1,1,1,1,1,1,1,1,1,1,1,1,1,1,1,1,1,1,1,1,1,1,1,1,1,1,1,1,1,1,1,1,1,1,1,1,1,1,1,1,1,1,1,1,1,1,1,1,1,1,1,1,1,1,1,1,1,1,1,1,1,1,1,1,1,1,4),(2,2),(0.119876598593841,0.122126240137428,0.124375881681014,0.126625523224601,0.128875164768188,0.129999985539981,0.131124806311774,0.133374447855361,0.134499268627154,0.135624089398948,0.136748910170741,0.137873730942534,0.140123372486121,0.141248193257914,0.142373014029708,0.144622655573295,0.145747476345088,0.146872297116881,0.149121938660468,0.151371580204055,0.153621221747641,0.154746042519435,0.155870863291228,0.156995684063021,0.158120504834815,0.159245325606608,0.160370146378401,0.161494967150195,0.162619787921988,0.164869429465575,0.167119071009161,0.168243891780955,0.169368712552748,0.170493533324541,0.171618354096335,0.173867995639921,0.176117637183508,0.178367278727095,0.179492099498888,0.180616920270681,0.181741741042475,0.182866561814268,0.183991382586061,0.185116203357855,0.187365844901441,0.188490665673235,0.189615486445028,0.191865127988615,0.194114769532201,0.196364411075788,0.198614052619375,0.199738873391168,0.200863694162961,0.201988514934755,0.203113335706548,0.204238156478342,0.205362977250135,0.206487798021928,0.207612618793722,0.208737439565515,0.209862260337308,0.212111901880895,0.214361543424482,0.216611184968068,0.218860826511655,0.221110468055242,0.223360109598828,0.224484930370622,0.225609751142415,0.227859392686002,0.228984213457795,0.230109034229588,0.231233855001382,0.232358675773175,0.233483496544968,0.234608317316762,0.236857958860348,0.239107600403935,0.241357241947522,0.243606883491108,0.245856525034695,0.246981345806488,0.248106166578282,0.250355808121868,0.251480628893662,0.252605449665455,0.253730270437248,0.254855091209042,0.257104732752628,0.258229553524422,0.259354374296215,0.261604015839802,0.263853657383389,0.266103298926975,0.268352940470562,0.270602582014149,0.271727402785942,0.272852223557735,0.273977044329529,0.275101865101322,0.277351506644909,0.278476327416702,0.279601148188495,0.281850789732082,0.284100431275669,0.286350072819255,0.288599714362842,0.290849355906429,0.293098997450015,0.295348638993602,0.297598280537189,0.299847922080775,0.302097563624362,0.304347205167949,0.306596846711535,0.308846488255122,0.309971309026915,0.311096129798709,0.312220950570502,0.313345771342295,0.314470592114089,0.315595412885882,0.317845054429469,0.320094695973056,0.322344337516642,0.324593979060229,0.326843620603816,0.331342903690989,0.333592545234576,0.335842186778162,0.338091828321749,0.340341469865336,0.342591111408922,0.344840752952509,0.347090394496096,0.348215215267889,0.349340036039682,0.351589677583269,0.353839319126856,0.356088960670442,0.358338602214029,0.359463422985822,0.360588243757616,0.361713064529409,0.362837885301202,0.365087526844789,0.366212347616582,0.367337168388376,0.368461989160169,0.369586809931962,0.370711630703756,0.371836451475549,0.374086093019136,0.375210913790929,0.376335734562723,0.378585376106309,0.380835017649896,0.383084659193483,0.385334300737069,0.387583942280656,0.389833583824243,0.392083225367829,0.394332866911416,0.396582508455003,0.398832149998589,0.401081791542176,0.403331433085763,0.405581074629349,0.407830716172936,0.410080357716523,0.412329999260109,0.413454820031903,0.414579640803696,0.415704461575489,0.416829282347283,0.419078923890869,0.421328565434456,0.423578206978043,0.425827848521629,0.428077490065216,0.430327131608803,0.43257677315239,0.434826414695976,0.437076056239563,0.43932569778315,0.441575339326736,0.44270016009853,0.443824980870323,0.444949801642116,0.44607462241391,0.447199443185703,0.448324263957496,0.44944908472929,0.450573905501083,0.45282354704467,0.453948367816463,0.455073188588256,0.45619800936005,0.457322830131843,0.45957247167543,0.460697292447223,0.461822113219016,0.464071754762603,0.465196575534396,0.46632139630619,0.468571037849776,0.470820679393363,0.47307032093695,0.475319962480536,0.477569604024123,0.47981924556771,0.484318528654883,0.48656817019847,0.488817811742057,0.491067453285643,0.49331709482923,0.495566736372817,0.49669155714461,0.497816377916403,0.498941198688197,0.50006601945999,0.502315661003577,0.50344048177537,0.504565302547163,0.505690123318957,0.50681494409075,0.507939764862543,0.509064585634337,0.51018940640613,0.511314227177923,0.51356386872151,0.515813510265097,0.518063151808683,0.52031279335227,0.522562434895857,0.524812076439443,0.525936897211237,0.52706171798303,0.529311359526617,0.53043618029841,0.531561001070203,0.53381064261379,0.536060284157377,0.538309925700963,0.54055956724455,0.542809208788137,0.545058850331724,0.54730849187531,0.549558133418897,0.55068295419069,0.551807774962484,0.55405741650607,0.555182237277864,0.556307058049657,0.558556699593244,0.559681520365037,0.56080634113683,0.563055982680417,0.56418080345221,0.565305624224004,0.56755526576759,0.568680086539384,0.569804907311177,0.572054548854764,0.573179369626557,0.57430419039835,0.576553831941937,0.578803473485524,0.581053115029111,0.583302756572697,0.585552398116284,0.58780203965987,0.590051681203457,0.59117650197525,0.592301322747044,0.593426143518837,0.59455096429063,0.596800605834217,0.597925426606011,0.599050247377804,0.601299888921391,0.603549530464977,0.60467435123677,0.605799172008564,0.606923992780357,0.60804881355215,0.609173634323944,0.610298455095737,0.611423275867531,0.612548096639324,0.614797738182911,0.615922558954704,0.617047379726497,0.619297021270084,0.620421842041877,0.621546662813671,0.623796304357257,0.624921125129051,0.626045945900844,0.627170766672637,0.628295587444431,0.629420408216224,0.630545228988017,0.632794870531604,0.635044512075191,0.637294153618777,0.639543795162364,0.640668615934157,0.641793436705951,0.642918257477744,0.644043078249537,0.646292719793124,0.647417540564917,0.648542361336711,0.650792002880297,0.651916823652091,0.653041644423884,0.654166465195678,0.655291285967471,0.657540927511058,0.659790569054644,0.660915389826437,0.662040210598231,0.663165031370024,0.664289852141817,0.665414672913611,0.666539493685404,0.667664314457197,0.668789135228991,0.669913956000784,0.671038776772578,0.672163597544371,0.673288418316164,0.675538059859751,0.676662880631544,0.677787701403338,0.678912522175131,0.680037342946924,0.681162163718718,0.682286984490511,0.683411805262304,0.684536626034098,0.686786267577684,0.687911088349478,0.689035909121271,0.691285550664858,0.692410371436651,0.693535192208444,0.695784833752031),(0.,1.),.UNSPECIFIED.);
#54=B_SPLINE_SURFACE_WITH_KNOTS('',3,1,((#9405,#9406),(#9407,#9408),(#9409,
#9410),(#9411,#9412),(#9413,#9414),(#9415,#9416),(#9417,#9418),(#9419,#9420),(#9421,#9422),(#9423,#9424),(#9425,#9426),(#9427,#9428),(#9429,#9430),(#9431,
#9432),(#9433,#9434),(#9435,#9436),(#9437,#9438),(#9439,#9440),(#9441,#9442),(#9443,#9444),(#9445,#9446),(#9447,#9448),(#9449,#9450),(#9451,#9452),(#9453,
#9454),(#9455,#9456),(#9457,#9458),(#9459,#9460),(#9461,#9462),(#9463,#9464),(#9465,#9466),(#9467,#9468),(#9469,#9470),(#9471,#9472),(#9473,#9474),(#9475,
#9476),(#9477,#9478),(#9479,#9480),(#9481,#9482),(#9483,#9484),(#9485,#9486),(#9487,#9488),(#9489,#9490),(#9491,#9492),(#9493,#9494),(#9495,#9496),(#9497,
#9498),(#9499,#9500),(#9501,#9502),(#9503,#9504),(#9505,#9506),(#9507,#9508),(#9509,#9510),(#9511,#9512),(#9513,#9514),(#9515,#9516),(#9517,#9518),(#9519,
#9520),(#9521,#9522),(#9523,#9524),(#9525,#9526),(#9527,#9528),(#9529,#9530),(#9531,#9532),(#9533,#9534),(#9535,#9536),(#9537,#9538),(#9539,#9540),(#9541,
#9542),(#9543,#9544),(#9545,#9546),(#9547,#9548),(#9549,#9550),(#9551,#9552),(#9553,#9554),(#9555,#9556),(#9557,#9558),(#9559,#9560),(#9561,#9562),(#9563,
#9564),(#9565,#9566),(#9567,#9568),(#9569,#9570),(#9571,#9572),(#9573,#9574),(#9575,#9576),(#9577,#9578),(#9579,#9580),(#9581,#9582),(#9583,#9584),(#9585,
#9586),(#9587,#9588),(#9589,#9590),(#9591,#9592),(#9593,#9594)),.SURF_OF_LINEAR_EXTRUSION.,.F.,.F.,.F.,(4,1,1,1,1,1,1,1,1,1,1,1,1,1,1,1,1,1,1,1,1,1,1,1,1,1,1,1,1,1,1,1,1,1,1,1,1,1,1,1,1,1,1,1,1,1,1,1,1,1,1,1,1,1,1,1,1,1,1,1,1,1,1,1,1,1,1,1,1,1,1,1,1,1,1,1,1,1,1,1,1,1,1,1,1,1,1,1,1,1,1,1,4),(2,2),(0.697848579143612,0.700137782974939,0.701282384890602,0.702426986806265,0.703571588721928,0.704716190637592,0.707005394468918,0.709294598300245,0.711583802131571,0.712728404047235,0.713873005962898,0.715017607878561,0.716162209794225,0.717306811709888,0.718451413625551,0.720740617456878,0.721885219372541,0.723029821288204,0.725319025119531,0.726463627035194,0.727608228950858,0.728752830866521,0.729897432782184,0.731042034697847,0.732186636613511,0.734475840444837,0.736765044276164,0.73905424810749,0.740198850023154,0.741343451938817,0.743632655770144,0.744777257685807,0.74592185960147,0.747066461517133,0.748211063432797,0.750500267264123,0.75278947109545,0.755078674926776,0.757367878758103,0.761946286420756,0.764235490252083,0.766524694083409,0.768813897914736,0.771103101746063,0.772247703661726,0.773392305577389,0.775681509408716,0.776826111324379,0.777970713240042,0.779115315155706,0.780259917071369,0.781404518987032,0.782549120902695,0.784838324734022,0.787127528565349,0.788272130481012,0.789416732396675,0.790561334312339,0.791705936228002,0.793995140059328,0.795139741974992,0.796284343890655,0.798573547721982,0.799718149637645,0.800862751553308,0.802007353468971,0.803151955384635,0.804296557300298,0.805441159215961,0.806585761131625,0.807730363047288,0.810019566878614,0.812308770709941,0.813453372625604,0.814597974541268,0.816887178372594,0.818031780288258,0.819176382203921,0.821465586035247,0.823754789866574,0.8260439936979,0.827188595613564,0.828333197529227,0.830622401360554,0.831767003276217,0.83291160519188,0.835200809023207,0.83634541093887,0.837490012854533,0.83977921668586,0.842068420517186,0.84321302243285,0.844357624348513),(0.,1.),.UNSPECIFIED.);
#55=B_SPLINE_SURFACE_WITH_KNOTS('',3,1,((#9595,#9596),(#9597,#9598),(#9599,
#9600),(#9601,#9602),(#9603,#9604),(#9605,#9606),(#9607,#9608),(#9609,#9610),(#9611,#9612),(#9613,#9614),(#9615,#9616),(#9617,#9618),(#9619,#9620),(#9621,
#9622),(#9623,#9624),(#9625,#9626)),.SURF_OF_LINEAR_EXTRUSION.,.F.,.F.,.F.,(4,1,1,1,1,1,1,1,1,1,1,1,1,4),(2,2),(0.847983715981626,0.849104367626886,0.850225019272146,0.852466322562667,0.853586974207927,0.854707625853187,0.855828277498447,0.856948929143707,0.858069580788967,0.859190232434227,0.860310884079487,0.861431535724748,0.863672839015268,0.865914142305788),(0.,1.),.UNSPECIFIED.);
#56=B_SPLINE_SURFACE_WITH_KNOTS('',3,1,((#9627,#9628),(#9629,#9630),(#9631,
#9632),(#9633,#9634),(#9635,#9636),(#9637,#9638),(#9639,#9640),(#9641,#9642),(#9643,#9644),(#9645,#9646),(#9647,#9648),(#9649,#9650),(#9651,#9652),(#9653,
#9654),(#9655,#9656),(#9657,#9658),(#9659,#9660),(#9661,#9662),(#9663,#9664),(#9665,#9666),(#9667,#9668),(#9669,#9670),(#9671,#9672),(#9673,#9674),(#9675,
#9676),(#9677,#9678),(#9679,#9680),(#9681,#9682),(#9683,#9684),(#9685,#9686),(#9687,#9688),(#9689,#9690),(#9691,#9692),(#9693,#9694),(#9695,#9696),(#9697,
#9698),(#9699,#9700),(#9701,#9702),(#9703,#9704),(#9705,#9706),(#9707,#9708),(#9709,#9710),(#9711,#9712),(#9713,#9714),(#9715,#9716),(#9717,#9718),(#9719,
#9720),(#9721,#9722),(#9723,#9724),(#9725,#9726),(#9727,#9728),(#9729,#9730),(#9731,#9732),(#9733,#9734),(#9735,#9736),(#9737,#9738),(#9739,#9740),(#9741,
#9742),(#9743,#9744),(#9745,#9746),(#9747,#9748),(#9749,#9750),(#9751,#9752),(#9753,#9754),(#9755,#9756),(#9757,#9758),(#9759,#9760),(#9761,#9762),(#9763,
#9764),(#9765,#9766),(#9767,#9768),(#9769,#9770),(#9771,#9772),(#9773,#9774),(#9775,#9776),(#9777,#9778),(#9779,#9780),(#9781,#9782),(#9783,#9784),(#9785,
#9786),(#9787,#9788),(#9789,#9790)),.SURF_OF_LINEAR_EXTRUSION.,.F.,.F.,.F.,(4,1,1,1,1,1,1,1,1,1,1,1,1,1,1,1,1,1,1,1,1,1,1,1,1,1,1,1,1,1,1,1,1,1,1,1,1,1,1,1,1,1,1,1,1,1,1,1,1,1,1,1,1,1,1,1,1,1,1,1,1,1,1,1,1,1,1,1,1,1,1,1,1,1,1,1,1,1,1,4),(2,2),(0.86878127100034,0.87083156364096,0.872881856281579,0.874932148922199,0.876982441562819,0.879032734203438,0.881083026844058,0.883133319484678,0.885183612125298,0.887233904765917,0.889284197406537,0.891334490047157,0.893384782687776,0.895435075328396,0.897485367969016,0.899535660609635,0.901585953250255,0.903636245890875,0.904661392211185,0.905686538531494,0.907736831172114,0.908761977492424,0.909787123812734,0.910812270133044,0.911837416453353,0.912862562773663,0.913887709093973,0.915938001734593,0.917988294375212,0.920038587015832,0.922088879656452,0.923114025976762,0.924139172297072,0.925164318617381,0.926189464937691,0.927214611258001,0.928239757578311,0.929264903898621,0.930290050218931,0.93234034285955,0.93336548917986,0.93439063550017,0.93644092814079,0.938491220781409,0.940541513422029,0.942591806062649,0.944642098703268,0.946692391343888,0.948742683984508,0.950792976625128,0.952843269265747,0.954893561906367,0.955918708226677,0.956943854546987,0.957969000867296,0.958994147187606,0.960019293507916,0.961044439828226,0.963094732468846,0.965145025109465,0.967195317750085,0.969245610390705,0.971295903031324,0.973346195671944,0.975396488312564,0.977446780953183,0.979497073593803,0.981547366234423,0.983597658875042,0.985647951515662,0.986673097835972,0.987698244156282,0.988723390476592,0.989748536796902,0.990773683117211,0.991798829437521,0.993849122078141,0.995899414718761,0.99794970735938,1.),(0.,1.),.UNSPECIFIED.);
#57=B_SPLINE_SURFACE_WITH_KNOTS('',3,1,((#9791,#9792),(#9793,#9794),(#9795,
#9796),(#9797,#9798),(#9799,#9800)),.SURF_OF_LINEAR_EXTRUSION.,.F.,.F.,.F.,(4,1,4),(2,2),(0.,0.0051426777981604,0.0102853555963208),(0.,1.),.UNSPECIFIED.);
#58=B_SPLINE_SURFACE_WITH_KNOTS('',3,1,((#9802,#9803),(#9804,#9805),(#9806,
#9807),(#9808,#9809)),.SURF_OF_LINEAR_EXTRUSION.,.F.,.F.,.F.,(4,4),(2,2),(0.0102853555963208,0.0158619235934529),(0.,1.),.PIECEWISE_BEZIER_KNOTS.);
#59=B_SPLINE_SURFACE_WITH_KNOTS('',3,1,((#9811,#9812),(#9813,#9814),(#9815,
#9816),(#9817,#9818),(#9819,#9820),(#9821,#9822),(#9823,#9824),(#9825,#9826),(#9827,#9828),(#9829,#9830),(#9831,#9832),(#9833,#9834),(#9835,#9836),(#9837,
#9838),(#9839,#9840),(#9841,#9842)),.SURF_OF_LINEAR_EXTRUSION.,.F.,.F.,.F.,(4,1,1,1,1,1,1,1,1,1,1,1,1,4),(2,2),(0.,0.0625,0.125,0.1875,0.25,0.3125,0.375,0.4375,0.5,0.5625,0.625,0.75,0.875,1.),(0.,1.),.UNSPECIFIED.);
#60=B_SPLINE_CURVE_WITH_KNOTS('',3,(#5057,#5058,#5059,#5060,#5061,#5062,#5063,#5064,#5065,#5066,#5067),.UNSPECIFIED.,.F.,.F.,(4,1,1,1,1,1,1,1,4),(0.0124326827634145,0.0144074430815049,0.0163822033995953,0.0183569637176857,0.0203317240357761,0.0223064843538665,0.0242812446719569,0.0262560049900473,0.0282307653081377),.UNSPECIFIED.);
#61=B_SPLINE_CURVE_WITH_KNOTS('',3,(#5128,#5129,#5130,#5131,#5132,#5133,#5134,#5135,#5136,#5137,#5138,#5139,#5140,#5141,#5142,#5143,#5144,#5145,#5146,#5147,#5148,#5149,#5150,#5151,#5152,#5153,#5154,#5155,#5156,#5157,#5158,#5159,#5160,#5161,#5162,#5163,#5164,#5165,#5166,#5167,#5168,#5169,#5170,#5171,#5172,#5173,#5174,#5175,#5176,#5177,#5178,#5179,#5180,#5181,#5182,#5183,#5184,#5185,#5186,#5187,#5188,#5189,#5190,#5191,#5192,#5193,#5194,#5195,#5196,#5197,#5198,#5199,#5200,#5201,#5202,#5203,#5204,#5205,#5206,#5207,#5208,#5209,#5210,#5211,#5212,#5213,#5214,#5215,#5216,#5217,#5218,#5219,#5220,#5221,#5222,#5223,#5224,#5225,#5226,#5227,#5228,#5229,#5230,#5231,#5232,#5233,#5234,#5235,#5236,#5237,#5238,#5239,#5240,#5241,#5242,#5243,#5244,#5245,#5246,#5247,#5248,#5249,#5250,#5251,#5252,#5253,#5254,#5255,#5256,#5257,#5258,#5259,#5260,#5261,#5262,#5263,#5264,#5265,#5266,#5267,#5268,#5269,#5270,#5271,#5272,#5273),.UNSPECIFIED.,.F.,.F.,(4,1,1,1,1,1,1,1,1,1,1,1,1,1,1,1,1,1,1,1,1,1,1,1,1,1,1,1,1,1,1,1,1,1,1,1,1,1,1,1,1,1,1,1,1,1,1,1,1,1,1,1,1,1,1,1,1,1,1,1,1,1,1,1,1,1,1,1,1,1,1,1,1,1,1,1,1,1,1,1,1,1,1,1,1,1,1,1,1,1,1,1,1,1,1,1,1,1,1,1,1,1,1,1,1,1,1,1,1,1,1,1,1,1,1,1,1,1,1,1,1,1,1,1,1,1,1,1,1,1,1,1,1,1,1,1,1,1,1,1,1,1,1,4),(0.119876598593841,0.121484905256413,0.12547835909813,0.130201844288376,0.133817308359165,0.137157011647839,0.140806581065881,0.145592421286998,0.149180740218679,0.153015648846059,0.156469138283222,0.158227827331586,0.160618589095728,0.164028992174463,0.167863485046404,0.170843240960813,0.174728599846204,0.178416519162479,0.181836028581313,0.185248129087691,0.188134993811003,0.19200210176109,0.196343217369265,0.199306645849232,0.202273913950785,0.203711187167211,0.206883870802678,0.209893583598467,0.213279410257344,0.217241012397738,0.221081813884788,0.224948104536128,0.228155846737094,0.231596000196819,0.235442174938134,0.239701887126551,0.243629368499336,0.247166584053003,0.250315186320034,0.251846996505063,0.254054567370124,0.257823381857872,0.261897092882122,0.265744904583724,0.270341718047284,0.273659509647545,0.278423290770636,0.283220383389394,0.288532585739947,0.293891733333551,0.298698318563055,0.304162130094732,0.308927042843013,0.312423722610082,0.317512578795667,0.324244788253933,0.331293399404918,0.337700524983604,0.343048798263982,0.348329879381511,0.353595459167313,0.35783285408778,0.361857120169738,0.365271639655226,0.368137726243513,0.371942022521437,0.37520065012237,0.379489153843562,0.383122828168461,0.387016909250588,0.391576967046301,0.396769561147541,0.402825124854922,0.408067751299348,0.413448814159768,0.418981277635071,0.42425800575493,0.429858863630984,0.434268435331629,0.438556359401971,0.442858890600568,0.446930769143318,0.45039384125172,0.453681666358431,0.457143821645143,0.460681932910061,0.465260402779673,0.469248305805683,0.473505054865663,0.478930872900893,0.484402280985358,0.489420831140142,0.495745173634045,0.49885122208593,0.503750632214828,0.506210953384435,0.509706043108663,0.515051220821548,0.520829400734663,0.525589905833374,0.52991098913531,0.533951488245544,0.538269780604664,0.542660161335681,0.546882096540611,0.551261829276942,0.555795668216137,0.560275135533551,0.564159683682785,0.568868583575643,0.573337797366946,0.578440239601774,0.585568312599766,0.590984402366788,0.593991140502672,0.597421172356774,0.601493185609526,0.604842575716364,0.60745555597648,0.609551459994009,0.611062721944942,0.61634742598389,0.620205526866902,0.623869174503337,0.62708878849711,0.63185456133145,0.636646615879235,0.640005571059155,0.642926239320295,0.647502697978925,0.65131719414977,0.655007052294327,0.659415633891962,0.663057645918135,0.665490895518047,0.667542169233724,0.670525961429283,0.67439847534351,0.678183904432543,0.680790246487626,0.684540080185345,0.688113583653345,0.692713129680076,0.695784833752031),.UNSPECIFIED.);
#62=B_SPLINE_CURVE_WITH_KNOTS('',3,(#5276,#5277,#5278,#5279,#5280,#5281,#5282,#5283,#5284,#5285,#5286,#5287,#5288,#5289,#5290,#5291,#5292,#5293,#5294,#5295,#5296,#5297,#5298,#5299,#5300,#5301,#5302,#5303,#5304,#5305,#5306,#5307,#5308,#5309,#5310,#5311,#5312,#5313,#5314,#5315),.UNSPECIFIED.,.F.,.F.,(4,1,1,1,1,1,1,1,1,1,1,1,1,1,1,1,1,1,1,1,1,1,1,1,1,1,1,1,1,1,1,1,1,1,1,1,1,4),(0.697848579143612,0.701660193060365,0.705320476777757,0.7090688008139,0.713056564977834,0.716536580279653,0.722061117338489,0.725624365503863,0.728029915896473,0.731812026456651,0.735456597361166,0.739650415314364,0.743804491573873,0.747531799770773,0.75201651192532,0.75689751783206,0.761801085493639,0.766780542262819,0.77245528630313,0.778649392157683,0.781954989816139,0.787438760413918,0.790644949587091,0.795852423458433,0.799548876710066,0.803678354195878,0.805681775436501,0.808380641854057,0.810616705446348,0.813914386930045,0.817691521357857,0.823618185290533,0.827836166472667,0.831769360616489,0.836258594595118,0.839675847863721,0.84345924056271,0.844357624348513),.UNSPECIFIED.);
#63=B_SPLINE_CURVE_WITH_KNOTS('',3,(#5316,#5317,#5318,#5319,#5320,#5321,#5322,#5323),.UNSPECIFIED.,.F.,.F.,(4,1,1,1,1,4),(0.847983715981626,0.849079821274089,0.853509865446047,0.85645325757381,0.860766953939681,0.865914142305788),.UNSPECIFIED.);
#64=B_SPLINE_CURVE_WITH_KNOTS('',3,(#5324,#5325,#5326,#5327,#5328,#5329,#5330,#5331,#5332,#5333,#5334,#5335,#5336,#5337,#5338,#5339,#5340),.UNSPECIFIED.,.F.,.F.,(4,1,1,1,1,1,1,1,1,1,1,1,1,1,4),(0.0481159968145701,0.0542516805870125,0.0613278770943708,0.0648429833513843,0.0701430237707418,0.0743369146581484,0.0778747971490139,0.0818546069019087,0.0866745731006465,0.0915444757535857,0.0950832560751507,0.0985034417244433,0.103590740446327,0.107585432005682,0.109387310557762),.UNSPECIFIED.);
#65=B_SPLINE_CURVE_WITH_KNOTS('',3,(#5342,#5343,#5344,#5345,#5346,#5347,#5348,#5349),.UNSPECIFIED.,.F.,.F.,(4,1,1,1,1,4),(0.,0.179132320811061,0.390072203623366,0.61997721354368,0.844997240240576,1.),.UNSPECIFIED.);
#66=B_SPLINE_CURVE_WITH_KNOTS('',3,(#5351,#5352,#5353,#5354,#5355,#5356),.UNSPECIFIED.,.F.,.F.,(4,1,1,4),(0.0183441677455896,0.023501992285891,0.0313035227552467,0.0365445478169636),.UNSPECIFIED.);
#67=B_SPLINE_CURVE_WITH_KNOTS('',3,(#5358,#5359,#5360,#5361,#5362,#5363,#5364,#5365,#5366,#5367,#5368,#5369,#5370,#5371,#5372,#5373,#5374,#5375,#5376,#5377,#5378,#5379,#5380,#5381,#5382,#5383,#5384,#5385,#5386,#5387,#5388,#5389,#5390),.UNSPECIFIED.,.F.,.F.,(4,1,1,1,1,1,1,1,1,1,1,1,1,1,1,1,1,1,1,1,1,1,1,1,1,1,1,1,1,1,4),(0.,0.0475517997658052,0.0774202047497561,0.108407730751992,0.144052951723707,0.187628616048762,0.22024605416779,0.258816252245905,0.291470237760765,0.325639550075611,0.354326243792324,0.390268581201865,0.422120871250093,0.446721533550468,0.479727942701887,0.499886992507977,0.537038461574353,0.569746908355173,0.613521207857589,0.637506056458611,0.668219508597681,0.694952937126667,0.729526584744055,0.761137017285007,0.79184607438208,0.819903375845986,0.853470546030822,0.887035495144215,0.91801989342096,0.963477441575149,1.),.UNSPECIFIED.);
#68=B_SPLINE_CURVE_WITH_KNOTS('',3,(#5392,#5393,#5394,#5395,#5396),.UNSPECIFIED.,.F.,.F.,(4,1,4),(0.037949425989974,0.0393946421706796,0.0441820519150128),.UNSPECIFIED.);
#69=B_SPLINE_CURVE_WITH_KNOTS('',3,(#5398,#5399,#5400,#5401,#5402,#5403,#5404,#5405,#5406,#5407,#5408,#5409,#5410,#5411),.UNSPECIFIED.,.F.,.F.,(4,1,1,1,1,1,1,1,1,1,1,4),(0.,0.111326853300665,0.222030212163909,0.347174644913698,0.393710109044052,0.472467113834079,0.565919171757617,0.655266284836726,0.756706771017904,0.845779744991538,0.955598263328537,1.),.UNSPECIFIED.);
#70=B_SPLINE_CURVE_WITH_KNOTS('',3,(#5414,#5415,#5416,#5417,#5418,#5419,#5420,#5421,#5422,#5423,#5424,#5425,#5426,#5427,#5428,#5429,#5430,#5431,#5432,#5433,#5434,#5435,#5436,#5437,#5438,#5439,#5440,#5441,#5442,#5443,#5444,#5445,#5446,#5447,#5448,#5449,#5450,#5451),.UNSPECIFIED.,.F.,.F.,(4,1,1,1,1,1,1,1,1,1,1,1,1,1,1,1,1,1,1,1,1,1,1,1,1,1,1,1,1,1,1,1,1,1,1,4),(0.86878127100034,0.872563958101683,0.877319109856971,0.881507600059801,0.885546163544525,0.890720043114288,0.895678228790741,0.899784995731499,0.904973873526591,0.909128446305343,0.910951388856721,0.914073543443199,0.917063288012657,0.92072176669125,0.924755294863913,0.927760369080719,0.933475753920447,0.936226661329598,0.940189518076674,0.944447823069162,0.948497910625873,0.952020268322032,0.955256207268588,0.958182571654012,0.959927085189139,0.963016939744675,0.96664997909349,0.970972767328818,0.974436623811986,0.977078303577413,0.979709263024312,0.983422690766464,0.985871092659683,0.989052345568071,0.991443774708417,1.),.UNSPECIFIED.);
#71=B_SPLINE_CURVE_WITH_KNOTS('',3,(#5452,#5453,#5454,#5455,#5456,#5457,#5458,#5459,#5460,#5461),.UNSPECIFIED.,.F.,.F.,(4,1,1,1,1,1,1,4),(0.,0.153285065940234,0.297584528477587,0.441395263657638,0.595109534173803,0.742472810968378,0.8741005815274,1.),.UNSPECIFIED.);
#72=B_SPLINE_CURVE_WITH_KNOTS('',3,(#5468,#5469,#5470,#5471,#5472),.UNSPECIFIED.,.F.,.F.,(4,1,4),(0.,0.00875359087326725,0.0102853555963208),.UNSPECIFIED.);
#73=B_SPLINE_CURVE_WITH_KNOTS('',3,(#5519,#5520,#5521,#5522,#5523,#5524,#5525,#5526,#5527,#5528,#5529,#5530,#5531,#5532,#5533,#5534,#5535,#5536,#5537,#5538,#5539,#5540,#5541,#5542,#5543,#5544,#5545,#5546,#5547,#5548,#5549,#5550,#5551,#5552,#5553,#5554,#5555,#5556,#5557,#5558),.UNSPECIFIED.,.F.,.F.,(4,1,1,1,1,1,1,1,1,1,1,1,1,1,1,1,1,1,1,1,1,1,1,1,1,1,1,1,1,1,1,1,1,1,1,1,1,4),(0.697848579143612,0.701660193060365,0.705320476777757,0.7090688008139,0.713056564977834,0.716536580279653,0.722061117338489,0.725624365503863,0.728029915896473,0.731812026456651,0.735456597361166,0.739650415314364,0.743804491573873,0.747531799770773,0.75201651192532,0.75689751783206,0.761801085493639,0.766780542262819,0.77245528630313,0.778649392157683,0.781954989816139,0.787438760413918,0.790644949587091,0.795852423458433,0.799548876710066,0.803678354195878,0.805681775436501,0.808380641854057,0.810616705446348,0.813914386930045,0.817691521357857,0.823618185290533,0.827836166472667,0.831769360616489,0.836258594595118,0.839675847863721,0.84345924056271,0.844357624348513),.UNSPECIFIED.);
#74=B_SPLINE_CURVE_WITH_KNOTS('',3,(#5559,#5560,#5561,#5562,#5563,#5564,#5565,#5566),.UNSPECIFIED.,.F.,.F.,(4,1,1,1,1,4),(0.847983715981626,0.849079821274089,0.853509865446047,0.85645325757381,0.860766953939681,0.865914142305788),.UNSPECIFIED.);
#75=B_SPLINE_CURVE_WITH_KNOTS('',3,(#5567,#5568,#5569,#5570,#5571,#5572,#5573,#5574,#5575,#5576,#5577,#5578,#5579,#5580,#5581,#5582,#5583,#5584,#5585,#5586,#5587,#5588,#5589,#5590,#5591,#5592,#5593,#5594,#5595,#5596,#5597,#5598,#5599,#5600,#5601,#5602,#5603,#5604),.UNSPECIFIED.,.F.,.F.,(4,1,1,1,1,1,1,1,1,1,1,1,1,1,1,1,1,1,1,1,1,1,1,1,1,1,1,1,1,1,1,1,1,1,1,4),(0.86878127100034,0.872563958101683,0.877319109856971,0.881507600059801,0.885546163544525,0.890720043114288,0.895678228790741,0.899784995731499,0.904973873526591,0.909128446305343,0.910951388856721,0.914073543443199,0.917063288012657,0.92072176669125,0.924755294863913,0.927760369080719,0.933475753920447,0.936226661329598,0.940189518076674,0.944447823069162,0.948497910625873,0.952020268322032,0.955256207268588,0.958182571654012,0.959927085189139,0.963016939744675,0.96664997909349,0.970972767328818,0.974436623811986,0.977078303577413,0.979709263024312,0.983422690766464,0.985871092659683,0.989052345568071,0.991443774708417,1.),.UNSPECIFIED.);
#76=B_SPLINE_CURVE_WITH_KNOTS('',3,(#5607,#5608,#5609,#5610,#5611),.UNSPECIFIED.,.F.,.F.,(4,1,4),(0.,0.00875359087326725,0.0102853555963208),.UNSPECIFIED.);
#77=B_SPLINE_CURVE_WITH_KNOTS('',3,(#5618,#5619,#5620,#5621,#5622,#5623,#5624,#5625,#5626,#5627),.UNSPECIFIED.,.F.,.F.,(4,1,1,1,1,1,1,4),(0.,0.153285065940234,0.297584528477587,0.441395263657638,0.595109534173803,0.742472810968378,0.8741005815274,1.),.UNSPECIFIED.);
#78=B_SPLINE_CURVE_WITH_KNOTS('',3,(#5630,#5631,#5632,#5633,#5634,#5635,#5636,#5637,#5638,#5639,#5640,#5641,#5642,#5643,#5644,#5645,#5646,#5647,#5648,#5649,#5650,#5651,#5652,#5653,#5654,#5655,#5656,#5657,#5658,#5659,#5660,#5661,#5662,#5663,#5664,#5665,#5666,#5667,#5668,#5669,#5670,#5671,#5672,#5673,#5674,#5675,#5676,#5677,#5678,#5679,#5680,#5681,#5682,#5683,#5684,#5685,#5686,#5687,#5688,#5689,#5690,#5691,#5692,#5693,#5694,#5695,#5696,#5697,#5698,#5699,#5700,#5701,#5702,#5703,#5704,#5705,#5706,#5707,#5708,#5709,#5710,#5711,#5712,#5713,#5714,#5715,#5716,#5717,#5718,#5719,#5720,#5721,#5722,#5723,#5724,#5725,#5726,#5727,#5728,#5729,#5730,#5731,#5732,#5733,#5734,#5735,#5736,#5737,#5738,#5739,#5740,#5741,#5742,#5743,#5744,#5745,#5746,#5747,#5748,#5749,#5750,#5751,#5752,#5753,#5754,#5755,#5756,#5757,#5758,#5759,#5760,#5761,#5762,#5763,#5764,#5765,#5766,#5767,#5768,#5769,#5770,#5771,#5772,#5773,#5774,#5775),.UNSPECIFIED.,.F.,.F.,(4,1,1,1,1,1,1,1,1,1,1,1,1,1,1,1,1,1,1,1,1,1,1,1,1,1,1,1,1,1,1,1,1,1,1,1,1,1,1,1,1,1,1,1,1,1,1,1,1,1,1,1,1,1,1,1,1,1,1,1,1,1,1,1,1,1,1,1,1,1,1,1,1,1,1,1,1,1,1,1,1,1,1,1,1,1,1,1,1,1,1,1,1,1,1,1,1,1,1,1,1,1,1,1,1,1,1,1,1,1,1,1,1,1,1,1,1,1,1,1,1,1,1,1,1,1,1,1,1,1,1,1,1,1,1,1,1,1,1,1,1,1,1,4),(0.119876598593841,0.121484905256413,0.12547835909813,0.130201844288376,0.133817308359165,0.137157011647839,0.140806581065881,0.145592421286998,0.149180740218679,0.153015648846059,0.156469138283222,0.158227827331586,0.160618589095728,0.164028992174463,0.167863485046404,0.170843240960813,0.174728599846204,0.178416519162479,0.181836028581313,0.185248129087691,0.188134993811003,0.19200210176109,0.196343217369265,0.199306645849232,0.202273913950785,0.203711187167211,0.206883870802678,0.209893583598467,0.213279410257344,0.217241012397738,0.221081813884788,0.224948104536128,0.228155846737094,0.231596000196819,0.235442174938134,0.239701887126551,0.243629368499336,0.247166584053003,0.250315186320034,0.251846996505063,0.254054567370124,0.257823381857872,0.261897092882122,0.265744904583724,0.270341718047284,0.273659509647545,0.278423290770636,0.283220383389394,0.288532585739947,0.293891733333551,0.298698318563055,0.304162130094732,0.308927042843013,0.312423722610082,0.317512578795667,0.324244788253933,0.331293399404918,0.337700524983604,0.343048798263982,0.348329879381511,0.353595459167313,0.35783285408778,0.361857120169738,0.365271639655226,0.368137726243513,0.371942022521437,0.37520065012237,0.379489153843562,0.383122828168461,0.387016909250588,0.391576967046301,0.396769561147541,0.402825124854922,0.408067751299348,0.413448814159768,0.418981277635071,0.42425800575493,0.429858863630984,0.434268435331629,0.438556359401971,0.442858890600568,0.446930769143318,0.45039384125172,0.453681666358431,0.457143821645143,0.460681932910061,0.465260402779673,0.469248305805683,0.473505054865663,0.478930872900893,0.484402280985358,0.489420831140142,0.495745173634045,0.49885122208593,0.503750632214828,0.506210953384435,0.509706043108663,0.515051220821548,0.520829400734663,0.525589905833374,0.52991098913531,0.533951488245544,0.538269780604664,0.542660161335681,0.546882096540611,0.551261829276942,0.555795668216137,0.560275135533551,0.564159683682785,0.568868583575643,0.573337797366946,0.578440239601774,0.585568312599766,0.590984402366788,0.593991140502672,0.597421172356774,0.601493185609526,0.604842575716364,0.60745555597648,0.609551459994009,0.611062721944942,0.61634742598389,0.620205526866902,0.623869174503337,0.62708878849711,0.63185456133145,0.636646615879235,0.640005571059155,0.642926239320295,0.647502697978925,0.65131719414977,0.655007052294327,0.659415633891962,0.663057645918135,0.665490895518047,0.667542169233724,0.670525961429283,0.67439847534351,0.678183904432543,0.680790246487626,0.684540080185345,0.688113583653345,0.692713129680076,0.695784833752031),.UNSPECIFIED.);
#79=B_SPLINE_CURVE_WITH_KNOTS('',3,(#5794,#5795,#5796,#5797,#5798,#5799,#5800,#5801),.UNSPECIFIED.,.F.,.F.,(4,1,1,1,1,4),(0.,0.179132320811061,0.390072203623366,0.61997721354368,0.844997240240576,1.),.UNSPECIFIED.);
#80=B_SPLINE_CURVE_WITH_KNOTS('',3,(#5803,#5804,#5805,#5806,#5807,#5808,#5809,#5810,#5811,#5812,#5813,#5814,#5815,#5816,#5817,#5818,#5819),.UNSPECIFIED.,.F.,.F.,(4,1,1,1,1,1,1,1,1,1,1,1,1,1,4),(0.0481159968145701,0.0542516805870125,0.0613278770943708,0.0648429833513843,0.0701430237707418,0.0743369146581484,0.0778747971490139,0.0818546069019087,0.0866745731006465,0.0915444757535857,0.0950832560751507,0.0985034417244433,0.103590740446327,0.107585432005682,0.109387310557762),.UNSPECIFIED.);
#81=B_SPLINE_CURVE_WITH_KNOTS('',3,(#5821,#5822,#5823,#5824,#5825,#5826,#5827,#5828,#5829,#5830,#5831,#5832,#5833,#5834),.UNSPECIFIED.,.F.,.F.,(4,1,1,1,1,1,1,1,1,1,1,4),(0.,0.111326853300665,0.222030212163909,0.347174644913698,0.393710109044052,0.472467113834079,0.565919171757617,0.655266284836726,0.756706771017904,0.845779744991538,0.955598263328537,1.),.UNSPECIFIED.);
#82=B_SPLINE_CURVE_WITH_KNOTS('',3,(#5836,#5837,#5838,#5839,#5840),.UNSPECIFIED.,.F.,.F.,(4,1,4),(0.037949425989974,0.0393946421706796,0.0441820519150128),.UNSPECIFIED.);
#83=B_SPLINE_CURVE_WITH_KNOTS('',3,(#5842,#5843,#5844,#5845,#5846,#5847,#5848,#5849,#5850,#5851,#5852,#5853,#5854,#5855,#5856,#5857,#5858,#5859,#5860,#5861,#5862,#5863,#5864,#5865,#5866,#5867,#5868,#5869,#5870,#5871,#5872,#5873,#5874),.UNSPECIFIED.,.F.,.F.,(4,1,1,1,1,1,1,1,1,1,1,1,1,1,1,1,1,1,1,1,1,1,1,1,1,1,1,1,1,1,4),(0.,0.0475517997658052,0.0774202047497561,0.108407730751992,0.144052951723707,0.187628616048762,0.22024605416779,0.258816252245905,0.291470237760765,0.325639550075611,0.354326243792324,0.390268581201865,0.422120871250093,0.446721533550468,0.479727942701887,0.499886992507977,0.537038461574353,0.569746908355173,0.613521207857589,0.637506056458611,0.668219508597681,0.694952937126667,0.729526584744055,0.761137017285007,0.79184607438208,0.819903375845986,0.853470546030822,0.887035495144215,0.91801989342096,0.963477441575149,1.),.UNSPECIFIED.);
#84=B_SPLINE_CURVE_WITH_KNOTS('',3,(#5876,#5877,#5878,#5879,#5880,#5881),.UNSPECIFIED.,.F.,.F.,(4,1,1,4),(0.0183441677455896,0.023501992285891,0.0313035227552467,0.0365445478169636),.UNSPECIFIED.);
#85=B_SPLINE_CURVE_WITH_KNOTS('',3,(#7407,#7408,#7409,#7410,#7411,#7412,#7413,#7414,#7415,#7416,#7417),.UNSPECIFIED.,.F.,.F.,(4,1,1,1,1,1,1,1,4),(0.0124326827634145,0.0144074430815049,0.0163822033995953,0.0183569637176857,0.0203317240357761,0.0223064843538665,0.0242812446719569,0.0262560049900473,0.0282307653081377),.UNSPECIFIED.);
#86=B_SPLINE_CURVE_WITH_KNOTS('',3,(#7478,#7479,#7480,#7481,#7482,#7483,#7484,#7485,#7486,#7487,#7488,#7489,#7490,#7491,#7492,#7493,#7494,#7495,#7496,#7497,#7498,#7499,#7500,#7501,#7502,#7503,#7504,#7505,#7506,#7507,#7508,#7509,#7510,#7511,#7512,#7513,#7514,#7515,#7516,#7517,#7518,#7519,#7520,#7521,#7522,#7523,#7524,#7525,#7526,#7527,#7528,#7529,#7530,#7531,#7532,#7533,#7534,#7535,#7536,#7537,#7538,#7539,#7540,#7541,#7542,#7543,#7544,#7545,#7546,#7547,#7548,#7549,#7550,#7551,#7552,#7553,#7554,#7555,#7556,#7557,#7558,#7559,#7560,#7561,#7562,#7563,#7564,#7565,#7566,#7567,#7568,#7569,#7570,#7571,#7572,#7573,#7574,#7575,#7576,#7577,#7578,#7579,#7580,#7581,#7582,#7583,#7584,#7585,#7586,#7587,#7588,#7589,#7590,#7591,#7592,#7593,#7594,#7595,#7596,#7597,#7598,#7599,#7600,#7601,#7602,#7603,#7604,#7605,#7606,#7607,#7608,#7609,#7610,#7611,#7612,#7613,#7614,#7615,#7616,#7617,#7618,#7619,#7620,#7621,#7622,#7623),.UNSPECIFIED.,.F.,.F.,(4,1,1,1,1,1,1,1,1,1,1,1,1,1,1,1,1,1,1,1,1,1,1,1,1,1,1,1,1,1,1,1,1,1,1,1,1,1,1,1,1,1,1,1,1,1,1,1,1,1,1,1,1,1,1,1,1,1,1,1,1,1,1,1,1,1,1,1,1,1,1,1,1,1,1,1,1,1,1,1,1,1,1,1,1,1,1,1,1,1,1,1,1,1,1,1,1,1,1,1,1,1,1,1,1,1,1,1,1,1,1,1,1,1,1,1,1,1,1,1,1,1,1,1,1,1,1,1,1,1,1,1,1,1,1,1,1,1,1,1,1,1,1,4),(0.119876598593841,0.121484905256413,0.12547835909813,0.130201844288376,0.133817308359165,0.137157011647839,0.140806581065881,0.145592421286998,0.149180740218679,0.153015648846059,0.156469138283222,0.158227827331586,0.160618589095728,0.164028992174463,0.167863485046404,0.170843240960813,0.174728599846204,0.178416519162479,0.181836028581313,0.185248129087691,0.188134993811003,0.19200210176109,0.196343217369265,0.199306645849232,0.202273913950785,0.203711187167211,0.206883870802678,0.209893583598467,0.213279410257344,0.217241012397738,0.221081813884788,0.224948104536128,0.228155846737094,0.231596000196819,0.235442174938134,0.239701887126551,0.243629368499336,0.247166584053003,0.250315186320034,0.251846996505063,0.254054567370124,0.257823381857872,0.261897092882122,0.265744904583724,0.270341718047284,0.273659509647545,0.278423290770636,0.283220383389394,0.288532585739947,0.293891733333551,0.298698318563055,0.304162130094732,0.308927042843013,0.312423722610082,0.317512578795667,0.324244788253933,0.331293399404918,0.337700524983604,0.343048798263982,0.348329879381511,0.353595459167313,0.35783285408778,0.361857120169738,0.365271639655226,0.368137726243513,0.371942022521437,0.37520065012237,0.379489153843562,0.383122828168461,0.387016909250588,0.391576967046301,0.396769561147541,0.402825124854922,0.408067751299348,0.413448814159768,0.418981277635071,0.42425800575493,0.429858863630984,0.434268435331629,0.438556359401971,0.442858890600568,0.446930769143318,0.45039384125172,0.453681666358431,0.457143821645143,0.460681932910061,0.465260402779673,0.469248305805683,0.473505054865663,0.478930872900893,0.484402280985358,0.489420831140142,0.495745173634045,0.49885122208593,0.503750632214828,0.506210953384435,0.509706043108663,0.515051220821548,0.520829400734663,0.525589905833374,0.52991098913531,0.533951488245544,0.538269780604664,0.542660161335681,0.546882096540611,0.551261829276942,0.555795668216137,0.560275135533551,0.564159683682785,0.568868583575643,0.573337797366946,0.578440239601774,0.585568312599766,0.590984402366788,0.593991140502672,0.597421172356774,0.601493185609526,0.604842575716364,0.60745555597648,0.609551459994009,0.611062721944942,0.61634742598389,0.620205526866902,0.623869174503337,0.62708878849711,0.63185456133145,0.636646615879235,0.640005571059155,0.642926239320295,0.647502697978925,0.65131719414977,0.655007052294327,0.659415633891962,0.663057645918135,0.665490895518047,0.667542169233724,0.670525961429283,0.67439847534351,0.678183904432543,0.680790246487626,0.684540080185345,0.688113583653345,0.692713129680076,0.695784833752031),.UNSPECIFIED.);
#87=B_SPLINE_CURVE_WITH_KNOTS('',3,(#7626,#7627,#7628,#7629,#7630,#7631,#7632,#7633,#7634,#7635,#7636,#7637,#7638,#7639,#7640,#7641,#7642,#7643,#7644,#7645,#7646,#7647,#7648,#7649,#7650,#7651,#7652,#7653,#7654,#7655,#7656,#7657,#7658,#7659,#7660,#7661,#7662,#7663,#7664,#7665),.UNSPECIFIED.,.F.,.F.,(4,1,1,1,1,1,1,1,1,1,1,1,1,1,1,1,1,1,1,1,1,1,1,1,1,1,1,1,1,1,1,1,1,1,1,1,1,4),(0.697848579143612,0.701660193060365,0.705320476777757,0.7090688008139,0.713056564977834,0.716536580279653,0.722061117338489,0.725624365503863,0.728029915896473,0.731812026456651,0.735456597361166,0.739650415314364,0.743804491573873,0.747531799770773,0.75201651192532,0.75689751783206,0.761801085493639,0.766780542262819,0.77245528630313,0.778649392157683,0.781954989816139,0.787438760413918,0.790644949587091,0.795852423458433,0.799548876710066,0.803678354195878,0.805681775436501,0.808380641854057,0.810616705446348,0.813914386930045,0.817691521357857,0.823618185290533,0.827836166472667,0.831769360616489,0.836258594595118,0.839675847863721,0.84345924056271,0.844357624348513),.UNSPECIFIED.);
#88=B_SPLINE_CURVE_WITH_KNOTS('',3,(#7666,#7667,#7668,#7669,#7670,#7671,#7672,#7673),.UNSPECIFIED.,.F.,.F.,(4,1,1,1,1,4),(0.847983715981626,0.849079821274089,0.853509865446047,0.85645325757381,0.860766953939681,0.865914142305788),.UNSPECIFIED.);
#89=B_SPLINE_CURVE_WITH_KNOTS('',3,(#7674,#7675,#7676,#7677,#7678,#7679,#7680,#7681,#7682,#7683,#7684,#7685,#7686,#7687,#7688,#7689,#7690),.UNSPECIFIED.,.F.,.F.,(4,1,1,1,1,1,1,1,1,1,1,1,1,1,4),(0.0481159968145701,0.0542516805870125,0.0613278770943708,0.0648429833513843,0.0701430237707418,0.0743369146581484,0.0778747971490139,0.0818546069019087,0.0866745731006465,0.0915444757535857,0.0950832560751507,0.0985034417244433,0.103590740446327,0.107585432005682,0.109387310557762),.UNSPECIFIED.);
#90=B_SPLINE_CURVE_WITH_KNOTS('',3,(#7692,#7693,#7694,#7695,#7696,#7697,#7698,#7699),.UNSPECIFIED.,.F.,.F.,(4,1,1,1,1,4),(0.,0.179132320811061,0.390072203623366,0.61997721354368,0.844997240240576,1.),.UNSPECIFIED.);
#91=B_SPLINE_CURVE_WITH_KNOTS('',3,(#7701,#7702,#7703,#7704,#7705,#7706),.UNSPECIFIED.,.F.,.F.,(4,1,1,4),(0.0183441677455896,0.023501992285891,0.0313035227552467,0.0365445478169636),.UNSPECIFIED.);
#92=B_SPLINE_CURVE_WITH_KNOTS('',3,(#7708,#7709,#7710,#7711,#7712,#7713,#7714,#7715,#7716,#7717,#7718,#7719,#7720,#7721,#7722,#7723,#7724,#7725,#7726,#7727,#7728,#7729,#7730,#7731,#7732,#7733,#7734,#7735,#7736,#7737,#7738,#7739,#7740),.UNSPECIFIED.,.F.,.F.,(4,1,1,1,1,1,1,1,1,1,1,1,1,1,1,1,1,1,1,1,1,1,1,1,1,1,1,1,1,1,4),(0.,0.0475517997658052,0.0774202047497561,0.108407730751992,0.144052951723707,0.187628616048762,0.22024605416779,0.258816252245905,0.291470237760765,0.325639550075611,0.354326243792324,0.390268581201865,0.422120871250093,0.446721533550468,0.479727942701887,0.499886992507977,0.537038461574353,0.569746908355173,0.613521207857589,0.637506056458611,0.668219508597681,0.694952937126667,0.729526584744055,0.761137017285007,0.79184607438208,0.819903375845986,0.853470546030822,0.887035495144215,0.91801989342096,0.963477441575149,1.),.UNSPECIFIED.);
#93=B_SPLINE_CURVE_WITH_KNOTS('',3,(#7742,#7743,#7744,#7745,#7746),.UNSPECIFIED.,.F.,.F.,(4,1,4),(0.037949425989974,0.0393946421706796,0.0441820519150128),.UNSPECIFIED.);
#94=B_SPLINE_CURVE_WITH_KNOTS('',3,(#7748,#7749,#7750,#7751,#7752,#7753,#7754,#7755,#7756,#7757,#7758,#7759,#7760,#7761),.UNSPECIFIED.,.F.,.F.,(4,1,1,1,1,1,1,1,1,1,1,4),(0.,0.111326853300665,0.222030212163909,0.347174644913698,0.393710109044052,0.472467113834079,0.565919171757617,0.655266284836726,0.756706771017904,0.845779744991538,0.955598263328537,1.),.UNSPECIFIED.);
#95=B_SPLINE_CURVE_WITH_KNOTS('',3,(#7764,#7765,#7766,#7767,#7768,#7769,#7770,#7771,#7772,#7773,#7774,#7775,#7776,#7777,#7778,#7779,#7780,#7781,#7782,#7783,#7784,#7785,#7786,#7787,#7788,#7789,#7790,#7791,#7792,#7793,#7794,#7795,#7796,#7797,#7798,#7799,#7800,#7801),.UNSPECIFIED.,.F.,.F.,(4,1,1,1,1,1,1,1,1,1,1,1,1,1,1,1,1,1,1,1,1,1,1,1,1,1,1,1,1,1,1,1,1,1,1,4),(0.86878127100034,0.872563958101683,0.877319109856971,0.881507600059801,0.885546163544525,0.890720043114288,0.895678228790741,0.899784995731499,0.904973873526591,0.909128446305343,0.910951388856721,0.914073543443199,0.917063288012657,0.92072176669125,0.924755294863913,0.927760369080719,0.933475753920447,0.936226661329598,0.940189518076674,0.944447823069162,0.948497910625873,0.952020268322032,0.955256207268588,0.958182571654012,0.959927085189139,0.963016939744675,0.96664997909349,0.970972767328818,0.974436623811986,0.977078303577413,0.979709263024312,0.983422690766464,0.985871092659683,0.989052345568071,0.991443774708417,1.),.UNSPECIFIED.);
#96=B_SPLINE_CURVE_WITH_KNOTS('',3,(#7802,#7803,#7804,#7805,#7806,#7807,#7808,#7809,#7810,#7811),.UNSPECIFIED.,.F.,.F.,(4,1,1,1,1,1,1,4),(0.,0.153285065940234,0.297584528477587,0.441395263657638,0.595109534173803,0.742472810968378,0.8741005815274,1.),.UNSPECIFIED.);
#97=B_SPLINE_CURVE_WITH_KNOTS('',3,(#7818,#7819,#7820,#7821,#7822),.UNSPECIFIED.,.F.,.F.,(4,1,4),(0.,0.00875359087326725,0.0102853555963208),.UNSPECIFIED.);
#98=B_SPLINE_CURVE_WITH_KNOTS('',3,(#7889,#7890,#7891,#7892,#7893,#7894,#7895,#7896,#7897,#7898,#7899,#7900,#7901,#7902,#7903,#7904,#7905,#7906,#7907,#7908,#7909,#7910,#7911,#7912,#7913,#7914,#7915,#7916,#7917,#7918,#7919,#7920,#7921,#7922,#7923,#7924,#7925,#7926,#7927,#7928),.UNSPECIFIED.,.F.,.F.,(4,1,1,1,1,1,1,1,1,1,1,1,1,1,1,1,1,1,1,1,1,1,1,1,1,1,1,1,1,1,1,1,1,1,1,1,1,4),(0.697848579143612,0.701660193060365,0.705320476777757,0.7090688008139,0.713056564977834,0.716536580279653,0.722061117338489,0.725624365503863,0.728029915896473,0.731812026456651,0.735456597361166,0.739650415314364,0.743804491573873,0.747531799770773,0.75201651192532,0.75689751783206,0.761801085493639,0.766780542262819,0.77245528630313,0.778649392157683,0.781954989816139,0.787438760413918,0.790644949587091,0.795852423458433,0.799548876710066,0.803678354195878,0.805681775436501,0.808380641854057,0.810616705446348,0.813914386930045,0.817691521357857,0.823618185290533,0.827836166472667,0.831769360616489,0.836258594595118,0.839675847863721,0.84345924056271,0.844357624348513),.UNSPECIFIED.);
#99=B_SPLINE_CURVE_WITH_KNOTS('',3,(#7929,#7930,#7931,#7932,#7933,#7934,#7935,#7936),.UNSPECIFIED.,.F.,.F.,(4,1,1,1,1,4),(0.847983715981626,0.849079821274089,0.853509865446047,0.85645325757381,0.860766953939681,0.865914142305788),.UNSPECIFIED.);
#100=B_SPLINE_CURVE_WITH_KNOTS('',3,(#7937,#7938,#7939,#7940,#7941,#7942,#7943,#7944,#7945,#7946,#7947,#7948,#7949,#7950,#7951,#7952,#7953,#7954,#7955,#7956,#7957,#7958,#7959,#7960,#7961,#7962,#7963,#7964,#7965,#7966,#7967,#7968,#7969,#7970,#7971,#7972,#7973,#7974),.UNSPECIFIED.,.F.,.F.,(4,1,1,1,1,1,1,1,1,1,1,1,1,1,1,1,1,1,1,1,1,1,1,1,1,1,1,1,1,1,1,1,1,1,1,4),(0.86878127100034,0.872563958101683,0.877319109856971,0.881507600059801,0.885546163544525,0.890720043114288,0.895678228790741,0.899784995731499,0.904973873526591,0.909128446305343,0.910951388856721,0.914073543443199,0.917063288012657,0.92072176669125,0.924755294863913,0.927760369080719,0.933475753920447,0.936226661329598,0.940189518076674,0.944447823069162,0.948497910625873,0.952020268322032,0.955256207268588,0.958182571654012,0.959927085189139,0.963016939744675,0.96664997909349,0.970972767328818,0.974436623811986,0.977078303577413,0.979709263024312,0.983422690766464,0.985871092659683,0.989052345568071,0.991443774708417,1.),.UNSPECIFIED.);
#101=B_SPLINE_CURVE_WITH_KNOTS('',3,(#7977,#7978,#7979,#7980,#7981),.UNSPECIFIED.,.F.,.F.,(4,1,4),(0.,0.00875359087326725,0.0102853555963208),.UNSPECIFIED.);
#102=B_SPLINE_CURVE_WITH_KNOTS('',3,(#7988,#7989,#7990,#7991,#7992,#7993,#7994,#7995,#7996,#7997),.UNSPECIFIED.,.F.,.F.,(4,1,1,1,1,1,1,4),(0.,0.153285065940234,0.297584528477587,0.441395263657638,0.595109534173803,0.742472810968378,0.8741005815274,1.),.UNSPECIFIED.);
#103=B_SPLINE_CURVE_WITH_KNOTS('',3,(#8000,#8001,#8002,#8003,#8004,#8005,#8006,#8007,#8008,#8009,#8010,#8011,#8012,#8013,#8014,#8015,#8016,#8017,#8018,#8019,#8020,#8021,#8022,#8023,#8024,#8025,#8026,#8027,#8028,#8029,#8030,#8031,#8032,#8033,#8034,#8035,#8036,#8037,#8038,#8039,#8040,#8041,#8042,#8043,#8044,#8045,#8046,#8047,#8048,#8049,#8050,#8051,#8052,#8053,#8054,#8055,#8056,#8057,#8058,#8059,#8060,#8061,#8062,#8063,#8064,#8065,#8066,#8067,#8068,#8069,#8070,#8071,#8072,#8073,#8074,#8075,#8076,#8077,#8078,#8079,#8080,#8081,#8082,#8083,#8084,#8085,#8086,#8087,#8088,#8089,#8090,#8091,#8092,#8093,#8094,#8095,#8096,#8097,#8098,#8099,#8100,#8101,#8102,#8103,#8104,#8105,#8106,#8107,#8108,#8109,#8110,#8111,#8112,#8113,#8114,#8115,#8116,#8117,#8118,#8119,#8120,#8121,#8122,#8123,#8124,#8125,#8126,#8127,#8128,#8129,#8130,#8131,#8132,#8133,#8134,#8135,#8136,#8137,#8138,#8139,#8140,#8141,#8142,#8143,#8144,#8145),.UNSPECIFIED.,.F.,.F.,(4,1,1,1,1,1,1,1,1,1,1,1,1,1,1,1,1,1,1,1,1,1,1,1,1,1,1,1,1,1,1,1,1,1,1,1,1,1,1,1,1,1,1,1,1,1,1,1,1,1,1,1,1,1,1,1,1,1,1,1,1,1,1,1,1,1,1,1,1,1,1,1,1,1,1,1,1,1,1,1,1,1,1,1,1,1,1,1,1,1,1,1,1,1,1,1,1,1,1,1,1,1,1,1,1,1,1,1,1,1,1,1,1,1,1,1,1,1,1,1,1,1,1,1,1,1,1,1,1,1,1,1,1,1,1,1,1,1,1,1,1,1,1,4),(0.119876598593841,0.121484905256413,0.12547835909813,0.130201844288376,0.133817308359165,0.137157011647839,0.140806581065881,0.145592421286998,0.149180740218679,0.153015648846059,0.156469138283222,0.158227827331586,0.160618589095728,0.164028992174463,0.167863485046404,0.170843240960813,0.174728599846204,0.178416519162479,0.181836028581313,0.185248129087691,0.188134993811003,0.19200210176109,0.196343217369265,0.199306645849232,0.202273913950785,0.203711187167211,0.206883870802678,0.209893583598467,0.213279410257344,0.217241012397738,0.221081813884788,0.224948104536128,0.228155846737094,0.231596000196819,0.235442174938134,0.239701887126551,0.243629368499336,0.247166584053003,0.250315186320034,0.251846996505063,0.254054567370124,0.257823381857872,0.261897092882122,0.265744904583724,0.270341718047284,0.273659509647545,0.278423290770636,0.283220383389394,0.288532585739947,0.293891733333551,0.298698318563055,0.304162130094732,0.308927042843013,0.312423722610082,0.317512578795667,0.324244788253933,0.331293399404918,0.337700524983604,0.343048798263982,0.348329879381511,0.353595459167313,0.35783285408778,0.361857120169738,0.365271639655226,0.368137726243513,0.371942022521437,0.37520065012237,0.379489153843562,0.383122828168461,0.387016909250588,0.391576967046301,0.396769561147541,0.402825124854922,0.408067751299348,0.413448814159768,0.418981277635071,0.42425800575493,0.429858863630984,0.434268435331629,0.438556359401971,0.442858890600568,0.446930769143318,0.45039384125172,0.453681666358431,0.457143821645143,0.460681932910061,0.465260402779673,0.469248305805683,0.473505054865663,0.478930872900893,0.484402280985358,0.489420831140142,0.495745173634045,0.49885122208593,0.503750632214828,0.506210953384435,0.509706043108663,0.515051220821548,0.520829400734663,0.525589905833374,0.52991098913531,0.533951488245544,0.538269780604664,0.542660161335681,0.546882096540611,0.551261829276942,0.555795668216137,0.560275135533551,0.564159683682785,0.568868583575643,0.573337797366946,0.578440239601774,0.585568312599766,0.590984402366788,0.593991140502672,0.597421172356774,0.601493185609526,0.604842575716364,0.60745555597648,0.609551459994009,0.611062721944942,0.61634742598389,0.620205526866902,0.623869174503337,0.62708878849711,0.63185456133145,0.636646615879235,0.640005571059155,0.642926239320295,0.647502697978925,0.65131719414977,0.655007052294327,0.659415633891962,0.663057645918135,0.665490895518047,0.667542169233724,0.670525961429283,0.67439847534351,0.678183904432543,0.680790246487626,0.684540080185345,0.688113583653345,0.692713129680076,0.695784833752031),.UNSPECIFIED.);
#104=B_SPLINE_CURVE_WITH_KNOTS('',3,(#8202,#8203,#8204,#8205,#8206,#8207,#8208,#8209),.UNSPECIFIED.,.F.,.F.,(4,1,1,1,1,4),(0.,0.179132320811061,0.390072203623366,0.61997721354368,0.844997240240576,1.),.UNSPECIFIED.);
#105=B_SPLINE_CURVE_WITH_KNOTS('',3,(#8211,#8212,#8213,#8214,#8215,#8216,#8217,#8218,#8219,#8220,#8221,#8222,#8223,#8224,#8225,#8226,#8227),.UNSPECIFIED.,.F.,.F.,(4,1,1,1,1,1,1,1,1,1,1,1,1,1,4),(0.0481159968145701,0.0542516805870125,0.0613278770943708,0.0648429833513843,0.0701430237707418,0.0743369146581484,0.0778747971490139,0.0818546069019087,0.0866745731006465,0.0915444757535857,0.0950832560751507,0.0985034417244433,0.103590740446327,0.107585432005682,0.109387310557762),.UNSPECIFIED.);
#106=B_SPLINE_CURVE_WITH_KNOTS('',3,(#8229,#8230,#8231,#8232,#8233,#8234,#8235,#8236,#8237,#8238,#8239,#8240,#8241,#8242),.UNSPECIFIED.,.F.,.F.,(4,1,1,1,1,1,1,1,1,1,1,4),(0.,0.111326853300665,0.222030212163909,0.347174644913698,0.393710109044052,0.472467113834079,0.565919171757617,0.655266284836726,0.756706771017904,0.845779744991538,0.955598263328537,1.),.UNSPECIFIED.);
#107=B_SPLINE_CURVE_WITH_KNOTS('',3,(#8244,#8245,#8246,#8247,#8248),.UNSPECIFIED.,.F.,.F.,(4,1,4),(0.037949425989974,0.0393946421706796,0.0441820519150128),.UNSPECIFIED.);
#108=B_SPLINE_CURVE_WITH_KNOTS('',3,(#8250,#8251,#8252,#8253,#8254,#8255,#8256,#8257,#8258,#8259,#8260,#8261,#8262,#8263,#8264,#8265,#8266,#8267,#8268,#8269,#8270,#8271,#8272,#8273,#8274,#8275,#8276,#8277,#8278,#8279,#8280,#8281,#8282),.UNSPECIFIED.,.F.,.F.,(4,1,1,1,1,1,1,1,1,1,1,1,1,1,1,1,1,1,1,1,1,1,1,1,1,1,1,1,1,1,4),(0.,0.0475517997658052,0.0774202047497561,0.108407730751992,0.144052951723707,0.187628616048762,0.22024605416779,0.258816252245905,0.291470237760765,0.325639550075611,0.354326243792324,0.390268581201865,0.422120871250093,0.446721533550468,0.479727942701887,0.499886992507977,0.537038461574353,0.569746908355173,0.613521207857589,0.637506056458611,0.668219508597681,0.694952937126667,0.729526584744055,0.761137017285007,0.79184607438208,0.819903375845986,0.853470546030822,0.887035495144215,0.91801989342096,0.963477441575149,1.),.UNSPECIFIED.);
#109=B_SPLINE_CURVE_WITH_KNOTS('',3,(#8284,#8285,#8286,#8287,#8288,#8289),.UNSPECIFIED.,.F.,.F.,(4,1,1,4),(0.0183441677455896,0.023501992285891,0.0313035227552467,0.0365445478169636),.UNSPECIFIED.);
#110=B_SPLINE_CURVE_WITH_KNOTS('',3,(#9890,#9891,#9892,#9893,#9894,#9895,#9896,#9897,#9898,#9899,#9900),.UNSPECIFIED.,.F.,.F.,(4,1,1,1,1,1,1,1,4),(0.0124326827634145,0.0144074430815049,0.0163822033995953,0.0183569637176857,0.0203317240357761,0.0223064843538665,0.0242812446719569,0.0262560049900473,0.0282307653081378),.UNSPECIFIED.);
#111=ELLIPSE('',#3807,0.0494974746830583,0.035);
#112=ELLIPSE('',#3808,0.0457692307692308,0.035);
#113=ELLIPSE('',#3809,0.0457692307692308,0.035);
#114=ELLIPSE('',#3821,0.0130410146110693,0.00530703421766041);
#115=ELLIPSE('',#3832,0.0130410146110693,0.00530703421766041);
#116=ELLIPSE('',#3837,0.00173205080756888,0.0015);
#117=ELLIPSE('',#3847,0.0115470053837925,0.01);
#118=ELLIPSE('',#3848,0.0115470053837925,0.01);
#119=ELLIPSE('',#3862,0.0494974746830583,0.035);
#120=ELLIPSE('',#3863,0.0457692307692308,0.035);
#121=ELLIPSE('',#3864,0.0457692307692308,0.035);
#122=ELLIPSE('',#3876,0.0130410146110568,0.00530703421765104);
#123=ELLIPSE('',#3887,0.0130410146110568,0.00530703421765104);
#124=ELLIPSE('',#3892,0.00173205080756888,0.0015);
#125=ELLIPSE('',#3931,0.0115470053837925,0.01);
#126=ELLIPSE('',#3933,0.0115470053837925,0.01);
#127=ELLIPSE('',#3952,0.0494974746830583,0.035);
#128=ELLIPSE('',#3953,0.0457692307692308,0.035);
#129=ELLIPSE('',#3954,0.0457692307692308,0.035);
#130=ELLIPSE('',#3964,0.00173205080756888,0.0015);
#131=ELLIPSE('',#3985,0.00173205080756888,0.0015);
#132=ELLIPSE('',#3990,0.00173205080756888,0.0015);
#133=ELLIPSE('',#3995,0.00173205080756888,0.0015);
#134=ELLIPSE('',#4000,0.00173205080756888,0.0015);
#135=ELLIPSE('',#4003,0.0494974746830583,0.035);
#136=ELLIPSE('',#4006,0.0494974746830583,0.035);
#137=ELLIPSE('',#4009,0.0494974746830583,0.035);
#138=ELLIPSE('',#4012,0.0494974746830583,0.035);
#139=CYLINDRICAL_SURFACE('',#3805,0.035);
#140=CYLINDRICAL_SURFACE('',#3810,0.00325);
#141=CYLINDRICAL_SURFACE('',#3814,0.04);
#142=CYLINDRICAL_SURFACE('',#3839,0.04);
#143=CYLINDRICAL_SURFACE('',#3849,0.01);
#144=CYLINDRICAL_SURFACE('',#3850,0.01);
#145=CYLINDRICAL_SURFACE('',#3851,0.0015);
#146=CYLINDRICAL_SURFACE('',#3860,0.035);
#147=CYLINDRICAL_SURFACE('',#3865,0.00325);
#148=CYLINDRICAL_SURFACE('',#3869,0.04);
#149=CYLINDRICAL_SURFACE('',#3894,0.04);
#150=CYLINDRICAL_SURFACE('',#3934,0.01);
#151=CYLINDRICAL_SURFACE('',#3935,0.01);
#152=CYLINDRICAL_SURFACE('',#3936,0.0015);
#153=CYLINDRICAL_SURFACE('',#3950,0.035);
#154=CYLINDRICAL_SURFACE('',#3955,0.00325);
#155=CYLINDRICAL_SURFACE('',#3965,0.0015);
#156=CYLINDRICAL_SURFACE('',#3970,0.033);
#157=CYLINDRICAL_SURFACE('',#3973,0.014);
#158=CYLINDRICAL_SURFACE('',#3975,0.014);
#159=CYLINDRICAL_SURFACE('',#3978,0.033);
#160=CYLINDRICAL_SURFACE('',#3982,0.0015);
#161=CYLINDRICAL_SURFACE('',#3987,0.0015);
#162=CYLINDRICAL_SURFACE('',#3992,0.0015);
#163=CYLINDRICAL_SURFACE('',#3997,0.0015);
#164=CYLINDRICAL_SURFACE('',#4023,0.00515);
#165=CYLINDRICAL_SURFACE('',#4027,0.00315);
#166=CYLINDRICAL_SURFACE('',#4029,0.00515);
#167=CYLINDRICAL_SURFACE('',#4033,0.00315);
#168=CYLINDRICAL_SURFACE('',#4035,0.00515);
#169=CYLINDRICAL_SURFACE('',#4039,0.00315);
#170=CYLINDRICAL_SURFACE('',#4041,0.035);
#171=CYLINDRICAL_SURFACE('',#4043,0.0318);
#172=CYLINDRICAL_SURFACE('',#4051,0.0028);
#173=CYLINDRICAL_SURFACE('',#4054,0.01555);
#174=CYLINDRICAL_SURFACE('',#4057,0.00315);
#175=CYLINDRICAL_SURFACE('',#4061,0.00515);
#176=LINE('',#5039,#539);
#177=LINE('',#5041,#540);
#178=LINE('',#5042,#541);
#179=LINE('',#5045,#542);
#180=LINE('',#5052,#543);
#181=LINE('',#5056,#544);
#182=LINE('',#5074,#545);
#183=LINE('',#5075,#546);
#184=LINE('',#5077,#547);
#185=LINE('',#5080,#548);
#186=LINE('',#5082,#549);
#187=LINE('',#5084,#550);
#188=LINE('',#5086,#551);
#189=LINE('',#5089,#552);
#190=LINE('',#5091,#553);
#191=LINE('',#5093,#554);
#192=LINE('',#5095,#555);
#193=LINE('',#5098,#556);
#194=LINE('',#5100,#557);
#195=LINE('',#5102,#558);
#196=LINE('',#5107,#559);
#197=LINE('',#5111,#560);
#198=LINE('',#5113,#561);
#199=LINE('',#5116,#562);
#200=LINE('',#5118,#563);
#201=LINE('',#5120,#564);
#202=LINE('',#5122,#565);
#203=LINE('',#5124,#566);
#204=LINE('',#5126,#567);
#205=LINE('',#5275,#568);
#206=LINE('',#5412,#569);
#207=LINE('',#5464,#570);
#208=LINE('',#5475,#571);
#209=LINE('',#5480,#572);
#210=LINE('',#5481,#573);
#211=LINE('',#5485,#574);
#212=LINE('',#5488,#575);
#213=LINE('',#5490,#576);
#214=LINE('',#5492,#577);
#215=LINE('',#5494,#578);
#216=LINE('',#5497,#579);
#217=LINE('',#5501,#580);
#218=LINE('',#5502,#581);
#219=LINE('',#5504,#582);
#220=LINE('',#5506,#583);
#221=LINE('',#5510,#584);
#222=LINE('',#5513,#585);
#223=LINE('',#5514,#586);
#224=LINE('',#5516,#587);
#225=LINE('',#5517,#588);
#226=LINE('',#5606,#589);
#227=LINE('',#5616,#590);
#228=LINE('',#5777,#591);
#229=LINE('',#5778,#592);
#230=LINE('',#5783,#593);
#231=LINE('',#5785,#594);
#232=LINE('',#5787,#595);
#233=LINE('',#5791,#596);
#234=LINE('',#5793,#597);
#235=LINE('',#5883,#598);
#236=LINE('',#5884,#599);
#237=LINE('',#5885,#600);
#238=LINE('',#5889,#601);
#239=LINE('',#5891,#602);
#240=LINE('',#5892,#603);
#241=LINE('',#5894,#604);
#242=LINE('',#5896,#605);
#243=LINE('',#5898,#606);
#244=LINE('',#5900,#607);
#245=LINE('',#5902,#608);
#246=LINE('',#5904,#609);
#247=LINE('',#5906,#610);
#248=LINE('',#5908,#611);
#249=LINE('',#5942,#612);
#250=LINE('',#5957,#613);
#251=LINE('',#6084,#614);
#252=LINE('',#6095,#615);
#253=LINE('',#6152,#616);
#254=LINE('',#7333,#617);
#255=LINE('',#7342,#618);
#256=LINE('',#7376,#619);
#257=LINE('',#7377,#620);
#258=LINE('',#7379,#621);
#259=LINE('',#7382,#622);
#260=LINE('',#7389,#623);
#261=LINE('',#7391,#624);
#262=LINE('',#7392,#625);
#263=LINE('',#7395,#626);
#264=LINE('',#7402,#627);
#265=LINE('',#7406,#628);
#266=LINE('',#7424,#629);
#267=LINE('',#7425,#630);
#268=LINE('',#7427,#631);
#269=LINE('',#7430,#632);
#270=LINE('',#7432,#633);
#271=LINE('',#7434,#634);
#272=LINE('',#7436,#635);
#273=LINE('',#7439,#636);
#274=LINE('',#7441,#637);
#275=LINE('',#7443,#638);
#276=LINE('',#7445,#639);
#277=LINE('',#7448,#640);
#278=LINE('',#7450,#641);
#279=LINE('',#7452,#642);
#280=LINE('',#7457,#643);
#281=LINE('',#7461,#644);
#282=LINE('',#7463,#645);
#283=LINE('',#7466,#646);
#284=LINE('',#7468,#647);
#285=LINE('',#7470,#648);
#286=LINE('',#7472,#649);
#287=LINE('',#7474,#650);
#288=LINE('',#7476,#651);
#289=LINE('',#7625,#652);
#290=LINE('',#7762,#653);
#291=LINE('',#7814,#654);
#292=LINE('',#7825,#655);
#293=LINE('',#7830,#656);
#294=LINE('',#7831,#657);
#295=LINE('',#7835,#658);
#296=LINE('',#7837,#659);
#297=LINE('',#7839,#660);
#298=LINE('',#7841,#661);
#299=LINE('',#7843,#662);
#300=LINE('',#7845,#663);
#301=LINE('',#7847,#664);
#302=LINE('',#7849,#665);
#303=LINE('',#7851,#666);
#304=LINE('',#7853,#667);
#305=LINE('',#7855,#668);
#306=LINE('',#7858,#669);
#307=LINE('',#7860,#670);
#308=LINE('',#7862,#671);
#309=LINE('',#7864,#672);
#310=LINE('',#7867,#673);
#311=LINE('',#7871,#674);
#312=LINE('',#7872,#675);
#313=LINE('',#7874,#676);
#314=LINE('',#7876,#677);
#315=LINE('',#7880,#678);
#316=LINE('',#7883,#679);
#317=LINE('',#7884,#680);
#318=LINE('',#7886,#681);
#319=LINE('',#7887,#682);
#320=LINE('',#7976,#683);
#321=LINE('',#7986,#684);
#322=LINE('',#8147,#685);
#323=LINE('',#8148,#686);
#324=LINE('',#8153,#687);
#325=LINE('',#8155,#688);
#326=LINE('',#8157,#689);
#327=LINE('',#8159,#690);
#328=LINE('',#8161,#691);
#329=LINE('',#8163,#692);
#330=LINE('',#8165,#693);
#331=LINE('',#8167,#694);
#332=LINE('',#8169,#695);
#333=LINE('',#8171,#696);
#334=LINE('',#8173,#697);
#335=LINE('',#8175,#698);
#336=LINE('',#8177,#699);
#337=LINE('',#8179,#700);
#338=LINE('',#8181,#701);
#339=LINE('',#8183,#702);
#340=LINE('',#8185,#703);
#341=LINE('',#8187,#704);
#342=LINE('',#8189,#705);
#343=LINE('',#8191,#706);
#344=LINE('',#8193,#707);
#345=LINE('',#8195,#708);
#346=LINE('',#8199,#709);
#347=LINE('',#8201,#710);
#348=LINE('',#8291,#711);
#349=LINE('',#8292,#712);
#350=LINE('',#8293,#713);
#351=LINE('',#8297,#714);
#352=LINE('',#8299,#715);
#353=LINE('',#8300,#716);
#354=LINE('',#8302,#717);
#355=LINE('',#8304,#718);
#356=LINE('',#8305,#719);
#357=LINE('',#8307,#720);
#358=LINE('',#8309,#721);
#359=LINE('',#8311,#722);
#360=LINE('',#8313,#723);
#361=LINE('',#8315,#724);
#362=LINE('',#8317,#725);
#363=LINE('',#8319,#726);
#364=LINE('',#8320,#727);
#365=LINE('',#8322,#728);
#366=LINE('',#8324,#729);
#367=LINE('',#8325,#730);
#368=LINE('',#8327,#731);
#369=LINE('',#8329,#732);
#370=LINE('',#8330,#733);
#371=LINE('',#8332,#734);
#372=LINE('',#8334,#735);
#373=LINE('',#8335,#736);
#374=LINE('',#8337,#737);
#375=LINE('',#8339,#738);
#376=LINE('',#8340,#739);
#377=LINE('',#8342,#740);
#378=LINE('',#8344,#741);
#379=LINE('',#8345,#742);
#380=LINE('',#8347,#743);
#381=LINE('',#8349,#744);
#382=LINE('',#8350,#745);
#383=LINE('',#8352,#746);
#384=LINE('',#8354,#747);
#385=LINE('',#8355,#748);
#386=LINE('',#8357,#749);
#387=LINE('',#8359,#750);
#388=LINE('',#8360,#751);
#389=LINE('',#8362,#752);
#390=LINE('',#8364,#753);
#391=LINE('',#8366,#754);
#392=LINE('',#8410,#755);
#393=LINE('',#8425,#756);
#394=LINE('',#8552,#757);
#395=LINE('',#8563,#758);
#396=LINE('',#8620,#759);
#397=LINE('',#9801,#760);
#398=LINE('',#9810,#761);
#399=LINE('',#9844,#762);
#400=LINE('',#9845,#763);
#401=LINE('',#9847,#764);
#402=LINE('',#9850,#765);
#403=LINE('',#9854,#766);
#404=LINE('',#9859,#767);
#405=LINE('',#9865,#768);
#406=LINE('',#9872,#769);
#407=LINE('',#9874,#770);
#408=LINE('',#9875,#771);
#409=LINE('',#9878,#772);
#410=LINE('',#9885,#773);
#411=LINE('',#9889,#774);
#412=LINE('',#9907,#775);
#413=LINE('',#9908,#776);
#414=LINE('',#9910,#777);
#415=LINE('',#9913,#778);
#416=LINE('',#9915,#779);
#417=LINE('',#9917,#780);
#418=LINE('',#9919,#781);
#419=LINE('',#9922,#782);
#420=LINE('',#9926,#783);
#421=LINE('',#9927,#784);
#422=LINE('',#9929,#785);
#423=LINE('',#9931,#786);
#424=LINE('',#9935,#787);
#425=LINE('',#9938,#788);
#426=LINE('',#9939,#789);
#427=LINE('',#9941,#790);
#428=LINE('',#9942,#791);
#429=LINE('',#9944,#792);
#430=LINE('',#9945,#793);
#431=LINE('',#9946,#794);
#432=LINE('',#9950,#795);
#433=LINE('',#9951,#796);
#434=LINE('',#9953,#797);
#435=LINE('',#9956,#798);
#436=LINE('',#9961,#799);
#437=LINE('',#9963,#800);
#438=LINE('',#9965,#801);
#439=LINE('',#9969,#802);
#440=LINE('',#9973,#803);
#441=LINE('',#9975,#804);
#442=LINE('',#9977,#805);
#443=LINE('',#9986,#806);
#444=LINE('',#9994,#807);
#445=LINE('',#9999,#808);
#446=LINE('',#10007,#809);
#447=LINE('',#10012,#810);
#448=LINE('',#10020,#811);
#449=LINE('',#10025,#812);
#450=LINE('',#10033,#813);
#451=LINE('',#10035,#814);
#452=LINE('',#10040,#815);
#453=LINE('',#10042,#816);
#454=LINE('',#10044,#817);
#455=LINE('',#10046,#818);
#456=LINE('',#10048,#819);
#457=LINE('',#10050,#820);
#458=LINE('',#10052,#821);
#459=LINE('',#10054,#822);
#460=LINE('',#10055,#823);
#461=LINE('',#10057,#824);
#462=LINE('',#10059,#825);
#463=LINE('',#10064,#826);
#464=LINE('',#10066,#827);
#465=LINE('',#10068,#828);
#466=LINE('',#10070,#829);
#467=LINE('',#10072,#830);
#468=LINE('',#10074,#831);
#469=LINE('',#10076,#832);
#470=LINE('',#10078,#833);
#471=LINE('',#10079,#834);
#472=LINE('',#10081,#835);
#473=LINE('',#10083,#836);
#474=LINE('',#10088,#837);
#475=LINE('',#10090,#838);
#476=LINE('',#10092,#839);
#477=LINE('',#10094,#840);
#478=LINE('',#10096,#841);
#479=LINE('',#10098,#842);
#480=LINE('',#10100,#843);
#481=LINE('',#10102,#844);
#482=LINE('',#10103,#845);
#483=LINE('',#10105,#846);
#484=LINE('',#10107,#847);
#485=LINE('',#10112,#848);
#486=LINE('',#10114,#849);
#487=LINE('',#10116,#850);
#488=LINE('',#10118,#851);
#489=LINE('',#10120,#852);
#490=LINE('',#10122,#853);
#491=LINE('',#10124,#854);
#492=LINE('',#10126,#855);
#493=LINE('',#10127,#856);
#494=LINE('',#10129,#857);
#495=LINE('',#10202,#858);
#496=LINE('',#10204,#859);
#497=LINE('',#10206,#860);
#498=LINE('',#10208,#861);
#499=LINE('',#10209,#862);
#500=LINE('',#10211,#863);
#501=LINE('',#10212,#864);
#502=LINE('',#10214,#865);
#503=LINE('',#10216,#866);
#504=LINE('',#10218,#867);
#505=LINE('',#10220,#868);
#506=LINE('',#10222,#869);
#507=LINE('',#10223,#870);
#508=LINE('',#10225,#871);
#509=LINE('',#10226,#872);
#510=LINE('',#10228,#873);
#511=LINE('',#10230,#874);
#512=LINE('',#10232,#875);
#513=LINE('',#10234,#876);
#514=LINE('',#10236,#877);
#515=LINE('',#10237,#878);
#516=LINE('',#10239,#879);
#517=LINE('',#10240,#880);
#518=LINE('',#10242,#881);
#519=LINE('',#10244,#882);
#520=LINE('',#10246,#883);
#521=LINE('',#10248,#884);
#522=LINE('',#10250,#885);
#523=LINE('',#10251,#886);
#524=LINE('',#10253,#887);
#525=LINE('',#10254,#888);
#526=LINE('',#10256,#889);
#527=LINE('',#10262,#890);
#528=LINE('',#10264,#891);
#529=LINE('',#10266,#892);
#530=LINE('',#10268,#893);
#531=LINE('',#10270,#894);
#532=LINE('',#10272,#895);
#533=LINE('',#10274,#896);
#534=LINE('',#10276,#897);
#535=LINE('',#10278,#898);
#536=LINE('',#10281,#899);
#537=LINE('',#10284,#900);
#538=LINE('',#10287,#901);
#539=VECTOR('',#4097,1.);
#540=VECTOR('',#4098,1.);
#541=VECTOR('',#4099,1.);
#542=VECTOR('',#4100,1.);
#543=VECTOR('',#4107,1.);
#544=VECTOR('',#4110,1.);
#545=VECTOR('',#4117,1.);
#546=VECTOR('',#4118,1.);
#547=VECTOR('',#4121,1.);
#548=VECTOR('',#4122,1.);
#549=VECTOR('',#4123,1.);
#550=VECTOR('',#4124,1.);
#551=VECTOR('',#4127,1.);
#552=VECTOR('',#4128,1.);
#553=VECTOR('',#4129,1.);
#554=VECTOR('',#4130,1.);
#555=VECTOR('',#4133,1.);
#556=VECTOR('',#4134,1.);
#557=VECTOR('',#4135,1.);
#558=VECTOR('',#4136,1.);
#559=VECTOR('',#4141,1.);
#560=VECTOR('',#4144,1.);
#561=VECTOR('',#4147,1.);
#562=VECTOR('',#4148,1.);
#563=VECTOR('',#4149,1.);
#564=VECTOR('',#4150,1.);
#565=VECTOR('',#4153,1.);
#566=VECTOR('',#4154,1.);
#567=VECTOR('',#4155,1.);
#568=VECTOR('',#4158,1.);
#569=VECTOR('',#4159,1.);
#570=VECTOR('',#4160,1.);
#571=VECTOR('',#4165,1.);
#572=VECTOR('',#4168,1.);
#573=VECTOR('',#4169,1.);
#574=VECTOR('',#4174,1.);
#575=VECTOR('',#4175,1.);
#576=VECTOR('',#4176,1.);
#577=VECTOR('',#4177,1.);
#578=VECTOR('',#4180,1.);
#579=VECTOR('',#4181,1.);
#580=VECTOR('',#4184,1.);
#581=VECTOR('',#4185,1.);
#582=VECTOR('',#4186,1.);
#583=VECTOR('',#4187,1.);
#584=VECTOR('',#4192,1.);
#585=VECTOR('',#4193,1.);
#586=VECTOR('',#4194,1.);
#587=VECTOR('',#4197,1.);
#588=VECTOR('',#4198,1.);
#589=VECTOR('',#4201,1.);
#590=VECTOR('',#4204,1.);
#591=VECTOR('',#4207,1.);
#592=VECTOR('',#4208,1.);
#593=VECTOR('',#4211,1.);
#594=VECTOR('',#4212,1.);
#595=VECTOR('',#4213,1.);
#596=VECTOR('',#4216,1.);
#597=VECTOR('',#4217,1.);
#598=VECTOR('',#4220,1.);
#599=VECTOR('',#4221,1.);
#600=VECTOR('',#4222,1.);
#601=VECTOR('',#4229,1.);
#602=VECTOR('',#4232,1.);
#603=VECTOR('',#4233,1.);
#604=VECTOR('',#4236,1.);
#605=VECTOR('',#4239,1.);
#606=VECTOR('',#4240,1.);
#607=VECTOR('',#4243,1.);
#608=VECTOR('',#4246,1.);
#609=VECTOR('',#4249,1.);
#610=VECTOR('',#4250,1.);
#611=VECTOR('',#4253,1.);
#612=VECTOR('',#4264,1.);
#613=VECTOR('',#4265,1.);
#614=VECTOR('',#4266,1.);
#615=VECTOR('',#4267,1.);
#616=VECTOR('',#4268,1.);
#617=VECTOR('',#4269,1.);
#618=VECTOR('',#4270,1.);
#619=VECTOR('',#4273,1.);
#620=VECTOR('',#4274,1.);
#621=VECTOR('',#4277,1.);
#622=VECTOR('',#4282,1.);
#623=VECTOR('',#4291,1.);
#624=VECTOR('',#4292,1.);
#625=VECTOR('',#4293,1.);
#626=VECTOR('',#4294,1.);
#627=VECTOR('',#4301,1.);
#628=VECTOR('',#4304,1.);
#629=VECTOR('',#4311,1.);
#630=VECTOR('',#4312,1.);
#631=VECTOR('',#4315,1.);
#632=VECTOR('',#4316,1.);
#633=VECTOR('',#4317,1.);
#634=VECTOR('',#4318,1.);
#635=VECTOR('',#4321,1.);
#636=VECTOR('',#4322,1.);
#637=VECTOR('',#4323,1.);
#638=VECTOR('',#4324,1.);
#639=VECTOR('',#4327,1.);
#640=VECTOR('',#4328,1.);
#641=VECTOR('',#4329,1.);
#642=VECTOR('',#4330,1.);
#643=VECTOR('',#4335,1.);
#644=VECTOR('',#4338,1.);
#645=VECTOR('',#4341,1.);
#646=VECTOR('',#4342,1.);
#647=VECTOR('',#4343,1.);
#648=VECTOR('',#4344,1.);
#649=VECTOR('',#4347,1.);
#650=VECTOR('',#4348,1.);
#651=VECTOR('',#4349,1.);
#652=VECTOR('',#4352,1.);
#653=VECTOR('',#4353,1.);
#654=VECTOR('',#4354,1.);
#655=VECTOR('',#4359,1.);
#656=VECTOR('',#4362,1.);
#657=VECTOR('',#4363,1.);
#658=VECTOR('',#4366,1.);
#659=VECTOR('',#4367,1.);
#660=VECTOR('',#4368,1.);
#661=VECTOR('',#4369,1.);
#662=VECTOR('',#4370,1.);
#663=VECTOR('',#4371,1.);
#664=VECTOR('',#4372,1.);
#665=VECTOR('',#4373,1.);
#666=VECTOR('',#4374,1.);
#667=VECTOR('',#4375,1.);
#668=VECTOR('',#4378,1.);
#669=VECTOR('',#4379,1.);
#670=VECTOR('',#4380,1.);
#671=VECTOR('',#4381,1.);
#672=VECTOR('',#4384,1.);
#673=VECTOR('',#4385,1.);
#674=VECTOR('',#4388,1.);
#675=VECTOR('',#4389,1.);
#676=VECTOR('',#4390,1.);
#677=VECTOR('',#4391,1.);
#678=VECTOR('',#4396,1.);
#679=VECTOR('',#4397,1.);
#680=VECTOR('',#4398,1.);
#681=VECTOR('',#4401,1.);
#682=VECTOR('',#4402,1.);
#683=VECTOR('',#4405,1.);
#684=VECTOR('',#4408,1.);
#685=VECTOR('',#4411,1.);
#686=VECTOR('',#4412,1.);
#687=VECTOR('',#4415,1.);
#688=VECTOR('',#4416,1.);
#689=VECTOR('',#4417,1.);
#690=VECTOR('',#4418,1.);
#691=VECTOR('',#4419,1.);
#692=VECTOR('',#4420,1.);
#693=VECTOR('',#4421,1.);
#694=VECTOR('',#4422,1.);
#695=VECTOR('',#4423,1.);
#696=VECTOR('',#4424,1.);
#697=VECTOR('',#4425,1.);
#698=VECTOR('',#4426,1.);
#699=VECTOR('',#4427,1.);
#700=VECTOR('',#4428,1.);
#701=VECTOR('',#4429,1.);
#702=VECTOR('',#4430,1.);
#703=VECTOR('',#4431,1.);
#704=VECTOR('',#4432,1.);
#705=VECTOR('',#4433,1.);
#706=VECTOR('',#4434,1.);
#707=VECTOR('',#4435,1.);
#708=VECTOR('',#4436,1.);
#709=VECTOR('',#4439,1.);
#710=VECTOR('',#4440,1.);
#711=VECTOR('',#4443,1.);
#712=VECTOR('',#4444,1.);
#713=VECTOR('',#4445,1.);
#714=VECTOR('',#4452,1.);
#715=VECTOR('',#4455,1.);
#716=VECTOR('',#4456,1.);
#717=VECTOR('',#4459,1.);
#718=VECTOR('',#4462,1.);
#719=VECTOR('',#4463,1.);
#720=VECTOR('',#4466,1.);
#721=VECTOR('',#4467,1.);
#722=VECTOR('',#4470,1.);
#723=VECTOR('',#4473,1.);
#724=VECTOR('',#4476,1.);
#725=VECTOR('',#4477,1.);
#726=VECTOR('',#4480,1.);
#727=VECTOR('',#4481,1.);
#728=VECTOR('',#4484,1.);
#729=VECTOR('',#4487,1.);
#730=VECTOR('',#4488,1.);
#731=VECTOR('',#4491,1.);
#732=VECTOR('',#4494,1.);
#733=VECTOR('',#4495,1.);
#734=VECTOR('',#4498,1.);
#735=VECTOR('',#4501,1.);
#736=VECTOR('',#4502,1.);
#737=VECTOR('',#4505,1.);
#738=VECTOR('',#4508,1.);
#739=VECTOR('',#4509,1.);
#740=VECTOR('',#4512,1.);
#741=VECTOR('',#4515,1.);
#742=VECTOR('',#4516,1.);
#743=VECTOR('',#4519,1.);
#744=VECTOR('',#4522,1.);
#745=VECTOR('',#4523,1.);
#746=VECTOR('',#4526,1.);
#747=VECTOR('',#4529,1.);
#748=VECTOR('',#4530,1.);
#749=VECTOR('',#4533,1.);
#750=VECTOR('',#4536,1.);
#751=VECTOR('',#4537,1.);
#752=VECTOR('',#4540,1.);
#753=VECTOR('',#4543,1.);
#754=VECTOR('',#4546,1.);
#755=VECTOR('',#4577,1.);
#756=VECTOR('',#4578,1.);
#757=VECTOR('',#4579,1.);
#758=VECTOR('',#4580,1.);
#759=VECTOR('',#4581,1.);
#760=VECTOR('',#4582,1.);
#761=VECTOR('',#4583,1.);
#762=VECTOR('',#4586,1.);
#763=VECTOR('',#4587,1.);
#764=VECTOR('',#4590,1.);
#765=VECTOR('',#4595,1.);
#766=VECTOR('',#4602,1.);
#767=VECTOR('',#4605,1.);
#768=VECTOR('',#4610,1.);
#769=VECTOR('',#4617,1.);
#770=VECTOR('',#4618,1.);
#771=VECTOR('',#4619,1.);
#772=VECTOR('',#4620,1.);
#773=VECTOR('',#4627,1.);
#774=VECTOR('',#4630,1.);
#775=VECTOR('',#4637,1.);
#776=VECTOR('',#4638,1.);
#777=VECTOR('',#4641,1.);
#778=VECTOR('',#4642,1.);
#779=VECTOR('',#4643,1.);
#780=VECTOR('',#4644,1.);
#781=VECTOR('',#4647,1.);
#782=VECTOR('',#4648,1.);
#783=VECTOR('',#4651,1.);
#784=VECTOR('',#4652,1.);
#785=VECTOR('',#4653,1.);
#786=VECTOR('',#4654,1.);
#787=VECTOR('',#4659,1.);
#788=VECTOR('',#4660,1.);
#789=VECTOR('',#4661,1.);
#790=VECTOR('',#4664,1.);
#791=VECTOR('',#4665,1.);
#792=VECTOR('',#4668,1.);
#793=VECTOR('',#4669,1.);
#794=VECTOR('',#4670,1.);
#795=VECTOR('',#4677,1.);
#796=VECTOR('',#4678,1.);
#797=VECTOR('',#4681,1.);
#798=VECTOR('',#4686,1.);
#799=VECTOR('',#4693,1.);
#800=VECTOR('',#4696,1.);
#801=VECTOR('',#4697,1.);
#802=VECTOR('',#4702,1.);
#803=VECTOR('',#4707,1.);
#804=VECTOR('',#4710,1.);
#805=VECTOR('',#4711,1.);
#806=VECTOR('',#4724,1.);
#807=VECTOR('',#4731,1.);
#808=VECTOR('',#4736,1.);
#809=VECTOR('',#4743,1.);
#810=VECTOR('',#4748,1.);
#811=VECTOR('',#4755,1.);
#812=VECTOR('',#4760,1.);
#813=VECTOR('',#4767,1.);
#814=VECTOR('',#4770,1.);
#815=VECTOR('',#4773,1.);
#816=VECTOR('',#4774,1.);
#817=VECTOR('',#4775,1.);
#818=VECTOR('',#4776,1.);
#819=VECTOR('',#4779,1.);
#820=VECTOR('',#4780,1.);
#821=VECTOR('',#4781,1.);
#822=VECTOR('',#4782,1.);
#823=VECTOR('',#4783,1.);
#824=VECTOR('',#4784,1.);
#825=VECTOR('',#4787,1.);
#826=VECTOR('',#4790,1.);
#827=VECTOR('',#4791,1.);
#828=VECTOR('',#4792,1.);
#829=VECTOR('',#4793,1.);
#830=VECTOR('',#4796,1.);
#831=VECTOR('',#4797,1.);
#832=VECTOR('',#4798,1.);
#833=VECTOR('',#4799,1.);
#834=VECTOR('',#4800,1.);
#835=VECTOR('',#4801,1.);
#836=VECTOR('',#4804,1.);
#837=VECTOR('',#4807,1.);
#838=VECTOR('',#4808,1.);
#839=VECTOR('',#4809,1.);
#840=VECTOR('',#4810,1.);
#841=VECTOR('',#4813,1.);
#842=VECTOR('',#4814,1.);
#843=VECTOR('',#4815,1.);
#844=VECTOR('',#4816,1.);
#845=VECTOR('',#4817,1.);
#846=VECTOR('',#4818,1.);
#847=VECTOR('',#4821,1.);
#848=VECTOR('',#4824,1.);
#849=VECTOR('',#4825,1.);
#850=VECTOR('',#4826,1.);
#851=VECTOR('',#4827,1.);
#852=VECTOR('',#4830,1.);
#853=VECTOR('',#4831,1.);
#854=VECTOR('',#4832,1.);
#855=VECTOR('',#4833,1.);
#856=VECTOR('',#4834,1.);
#857=VECTOR('',#4835,1.);
#858=VECTOR('',#4934,1.);
#859=VECTOR('',#4935,1.);
#860=VECTOR('',#4938,1.);
#861=VECTOR('',#4939,1.);
#862=VECTOR('',#4940,1.);
#863=VECTOR('',#4941,1.);
#864=VECTOR('',#4942,1.);
#865=VECTOR('',#4945,1.);
#866=VECTOR('',#4948,1.);
#867=VECTOR('',#4949,1.);
#868=VECTOR('',#4952,1.);
#869=VECTOR('',#4953,1.);
#870=VECTOR('',#4954,1.);
#871=VECTOR('',#4955,1.);
#872=VECTOR('',#4956,1.);
#873=VECTOR('',#4959,1.);
#874=VECTOR('',#4962,1.);
#875=VECTOR('',#4963,1.);
#876=VECTOR('',#4966,1.);
#877=VECTOR('',#4967,1.);
#878=VECTOR('',#4968,1.);
#879=VECTOR('',#4969,1.);
#880=VECTOR('',#4970,1.);
#881=VECTOR('',#4973,1.);
#882=VECTOR('',#4976,1.);
#883=VECTOR('',#4977,1.);
#884=VECTOR('',#4980,1.);
#885=VECTOR('',#4981,1.);
#886=VECTOR('',#4982,1.);
#887=VECTOR('',#4983,1.);
#888=VECTOR('',#4984,1.);
#889=VECTOR('',#4987,1.);
#890=VECTOR('',#4998,1.);
#891=VECTOR('',#4999,1.);
#892=VECTOR('',#5002,1.);
#893=VECTOR('',#5003,1.);
#894=VECTOR('',#5006,1.);
#895=VECTOR('',#5007,1.);
#896=VECTOR('',#5010,1.);
#897=VECTOR('',#5011,1.);
#898=VECTOR('',#5014,1.);
#899=VECTOR('',#5019,1.);
#900=VECTOR('',#5024,1.);
#901=VECTOR('',#5029,1.);
#902=ORIENTED_EDGE('',*,*,#1942,.F.);
#903=ORIENTED_EDGE('',*,*,#1943,.T.);
#904=ORIENTED_EDGE('',*,*,#1944,.T.);
#905=ORIENTED_EDGE('',*,*,#1945,.T.);
#906=ORIENTED_EDGE('',*,*,#1946,.T.);
#907=ORIENTED_EDGE('',*,*,#1947,.T.);
#908=ORIENTED_EDGE('',*,*,#1948,.F.);
#909=ORIENTED_EDGE('',*,*,#1949,.F.);
#910=ORIENTED_EDGE('',*,*,#1950,.F.);
#911=ORIENTED_EDGE('',*,*,#1951,.T.);
#912=ORIENTED_EDGE('',*,*,#1952,.T.);
#913=ORIENTED_EDGE('',*,*,#1953,.T.);
#914=ORIENTED_EDGE('',*,*,#1954,.T.);
#915=ORIENTED_EDGE('',*,*,#1942,.T.);
#916=ORIENTED_EDGE('',*,*,#1955,.T.);
#917=ORIENTED_EDGE('',*,*,#1952,.F.);
#918=ORIENTED_EDGE('',*,*,#1956,.F.);
#919=ORIENTED_EDGE('',*,*,#1957,.T.);
#920=ORIENTED_EDGE('',*,*,#1958,.T.);
#921=ORIENTED_EDGE('',*,*,#1959,.F.);
#922=ORIENTED_EDGE('',*,*,#1960,.F.);
#923=ORIENTED_EDGE('',*,*,#1961,.T.);
#924=ORIENTED_EDGE('',*,*,#1962,.T.);
#925=ORIENTED_EDGE('',*,*,#1963,.F.);
#926=ORIENTED_EDGE('',*,*,#1964,.F.);
#927=ORIENTED_EDGE('',*,*,#1965,.T.);
#928=ORIENTED_EDGE('',*,*,#1966,.T.);
#929=ORIENTED_EDGE('',*,*,#1967,.F.);
#930=ORIENTED_EDGE('',*,*,#1968,.F.);
#931=ORIENTED_EDGE('',*,*,#1969,.T.);
#932=ORIENTED_EDGE('',*,*,#1970,.T.);
#933=ORIENTED_EDGE('',*,*,#1971,.F.);
#934=ORIENTED_EDGE('',*,*,#1972,.F.);
#935=ORIENTED_EDGE('',*,*,#1973,.F.);
#936=ORIENTED_EDGE('',*,*,#1974,.F.);
#937=ORIENTED_EDGE('',*,*,#1975,.T.);
#938=ORIENTED_EDGE('',*,*,#1976,.T.);
#939=ORIENTED_EDGE('',*,*,#1977,.T.);
#940=ORIENTED_EDGE('',*,*,#1978,.T.);
#941=ORIENTED_EDGE('',*,*,#1979,.F.);
#942=ORIENTED_EDGE('',*,*,#1975,.F.);
#943=ORIENTED_EDGE('',*,*,#1980,.F.);
#944=ORIENTED_EDGE('',*,*,#1965,.F.);
#945=ORIENTED_EDGE('',*,*,#1981,.F.);
#946=ORIENTED_EDGE('',*,*,#1982,.F.);
#947=ORIENTED_EDGE('',*,*,#1961,.F.);
#948=ORIENTED_EDGE('',*,*,#1983,.F.);
#949=ORIENTED_EDGE('',*,*,#1957,.F.);
#950=ORIENTED_EDGE('',*,*,#1984,.F.);
#951=ORIENTED_EDGE('',*,*,#1977,.F.);
#952=ORIENTED_EDGE('',*,*,#1974,.T.);
#953=ORIENTED_EDGE('',*,*,#1985,.T.);
#954=ORIENTED_EDGE('',*,*,#1986,.F.);
#955=ORIENTED_EDGE('',*,*,#1987,.T.);
#956=ORIENTED_EDGE('',*,*,#1988,.F.);
#957=ORIENTED_EDGE('',*,*,#1989,.T.);
#958=ORIENTED_EDGE('',*,*,#1990,.F.);
#959=ORIENTED_EDGE('',*,*,#1991,.F.);
#960=ORIENTED_EDGE('',*,*,#1969,.F.);
#961=ORIENTED_EDGE('',*,*,#1992,.F.);
#962=ORIENTED_EDGE('',*,*,#1993,.T.);
#963=ORIENTED_EDGE('',*,*,#1994,.F.);
#964=ORIENTED_EDGE('',*,*,#1995,.F.);
#965=ORIENTED_EDGE('',*,*,#1996,.F.);
#966=ORIENTED_EDGE('',*,*,#1997,.F.);
#967=ORIENTED_EDGE('',*,*,#1998,.T.);
#968=ORIENTED_EDGE('',*,*,#1999,.T.);
#969=ORIENTED_EDGE('',*,*,#1948,.T.);
#970=ORIENTED_EDGE('',*,*,#2000,.F.);
#971=ORIENTED_EDGE('',*,*,#2001,.T.);
#972=ORIENTED_EDGE('',*,*,#2002,.T.);
#973=ORIENTED_EDGE('',*,*,#2003,.T.);
#974=ORIENTED_EDGE('',*,*,#2004,.F.);
#975=ORIENTED_EDGE('',*,*,#2005,.F.);
#976=ORIENTED_EDGE('',*,*,#2006,.F.);
#977=ORIENTED_EDGE('',*,*,#2007,.F.);
#978=ORIENTED_EDGE('',*,*,#2008,.T.);
#979=ORIENTED_EDGE('',*,*,#2009,.T.);
#980=ORIENTED_EDGE('',*,*,#2002,.F.);
#981=ORIENTED_EDGE('',*,*,#2010,.F.);
#982=ORIENTED_EDGE('',*,*,#2011,.T.);
#983=ORIENTED_EDGE('',*,*,#2012,.T.);
#984=ORIENTED_EDGE('',*,*,#2013,.T.);
#985=ORIENTED_EDGE('',*,*,#2014,.T.);
#986=ORIENTED_EDGE('',*,*,#2015,.T.);
#987=ORIENTED_EDGE('',*,*,#2011,.F.);
#988=ORIENTED_EDGE('',*,*,#2016,.F.);
#989=ORIENTED_EDGE('',*,*,#1950,.T.);
#990=ORIENTED_EDGE('',*,*,#2017,.F.);
#991=ORIENTED_EDGE('',*,*,#2016,.T.);
#992=ORIENTED_EDGE('',*,*,#2010,.T.);
#993=ORIENTED_EDGE('',*,*,#2005,.T.);
#994=ORIENTED_EDGE('',*,*,#2018,.F.);
#995=ORIENTED_EDGE('',*,*,#2019,.F.);
#996=ORIENTED_EDGE('',*,*,#1963,.T.);
#997=ORIENTED_EDGE('',*,*,#2020,.F.);
#998=ORIENTED_EDGE('',*,*,#1959,.T.);
#999=ORIENTED_EDGE('',*,*,#2021,.F.);
#1000=ORIENTED_EDGE('',*,*,#2022,.T.);
#1001=ORIENTED_EDGE('',*,*,#1971,.T.);
#1002=ORIENTED_EDGE('',*,*,#2023,.F.);
#1003=ORIENTED_EDGE('',*,*,#2024,.T.);
#1004=ORIENTED_EDGE('',*,*,#2025,.F.);
#1005=ORIENTED_EDGE('',*,*,#2026,.F.);
#1006=ORIENTED_EDGE('',*,*,#2027,.F.);
#1007=ORIENTED_EDGE('',*,*,#1967,.T.);
#1008=ORIENTED_EDGE('',*,*,#2028,.F.);
#1009=ORIENTED_EDGE('',*,*,#2029,.T.);
#1010=ORIENTED_EDGE('',*,*,#2030,.F.);
#1011=ORIENTED_EDGE('',*,*,#2031,.T.);
#1012=ORIENTED_EDGE('',*,*,#2032,.T.);
#1013=ORIENTED_EDGE('',*,*,#2033,.T.);
#1014=ORIENTED_EDGE('',*,*,#2034,.T.);
#1015=ORIENTED_EDGE('',*,*,#2035,.T.);
#1016=ORIENTED_EDGE('',*,*,#2036,.T.);
#1017=ORIENTED_EDGE('',*,*,#2037,.F.);
#1018=ORIENTED_EDGE('',*,*,#2038,.T.);
#1019=ORIENTED_EDGE('',*,*,#1976,.F.);
#1020=ORIENTED_EDGE('',*,*,#1979,.T.);
#1021=ORIENTED_EDGE('',*,*,#2039,.F.);
#1022=ORIENTED_EDGE('',*,*,#2040,.T.);
#1023=ORIENTED_EDGE('',*,*,#2041,.F.);
#1024=ORIENTED_EDGE('',*,*,#2042,.T.);
#1025=ORIENTED_EDGE('',*,*,#2043,.F.);
#1026=ORIENTED_EDGE('',*,*,#2014,.F.);
#1027=ORIENTED_EDGE('',*,*,#2017,.T.);
#1028=ORIENTED_EDGE('',*,*,#1949,.T.);
#1029=ORIENTED_EDGE('',*,*,#2044,.T.);
#1030=ORIENTED_EDGE('',*,*,#2037,.T.);
#1031=ORIENTED_EDGE('',*,*,#2045,.F.);
#1032=ORIENTED_EDGE('',*,*,#1951,.F.);
#1033=ORIENTED_EDGE('',*,*,#2018,.T.);
#1034=ORIENTED_EDGE('',*,*,#2004,.T.);
#1035=ORIENTED_EDGE('',*,*,#2046,.T.);
#1036=ORIENTED_EDGE('',*,*,#2047,.F.);
#1037=ORIENTED_EDGE('',*,*,#2012,.F.);
#1038=ORIENTED_EDGE('',*,*,#2015,.F.);
#1039=ORIENTED_EDGE('',*,*,#2046,.F.);
#1040=ORIENTED_EDGE('',*,*,#2003,.F.);
#1041=ORIENTED_EDGE('',*,*,#2009,.F.);
#1042=ORIENTED_EDGE('',*,*,#2048,.F.);
#1043=ORIENTED_EDGE('',*,*,#1990,.T.);
#1044=ORIENTED_EDGE('',*,*,#1972,.T.);
#1045=ORIENTED_EDGE('',*,*,#2022,.F.);
#1046=ORIENTED_EDGE('',*,*,#2049,.F.);
#1047=ORIENTED_EDGE('',*,*,#1994,.T.);
#1048=ORIENTED_EDGE('',*,*,#2050,.T.);
#1049=ORIENTED_EDGE('',*,*,#2024,.F.);
#1050=ORIENTED_EDGE('',*,*,#1993,.F.);
#1051=ORIENTED_EDGE('',*,*,#2051,.T.);
#1052=ORIENTED_EDGE('',*,*,#2025,.T.);
#1053=ORIENTED_EDGE('',*,*,#2050,.F.);
#1054=ORIENTED_EDGE('',*,*,#2052,.F.);
#1055=ORIENTED_EDGE('',*,*,#2053,.T.);
#1056=ORIENTED_EDGE('',*,*,#2034,.F.);
#1057=ORIENTED_EDGE('',*,*,#2036,.F.);
#1058=ORIENTED_EDGE('',*,*,#2054,.T.);
#1059=ORIENTED_EDGE('',*,*,#2000,.T.);
#1060=ORIENTED_EDGE('',*,*,#2045,.T.);
#1061=ORIENTED_EDGE('',*,*,#1999,.F.);
#1062=ORIENTED_EDGE('',*,*,#2055,.T.);
#1063=ORIENTED_EDGE('',*,*,#2030,.T.);
#1064=ORIENTED_EDGE('',*,*,#2044,.F.);
#1065=ORIENTED_EDGE('',*,*,#2032,.F.);
#1066=ORIENTED_EDGE('',*,*,#2056,.T.);
#1067=ORIENTED_EDGE('',*,*,#2057,.F.);
#1068=ORIENTED_EDGE('',*,*,#2058,.F.);
#1069=ORIENTED_EDGE('',*,*,#1981,.T.);
#1070=ORIENTED_EDGE('',*,*,#1968,.T.);
#1071=ORIENTED_EDGE('',*,*,#2029,.F.);
#1072=ORIENTED_EDGE('',*,*,#2057,.T.);
#1073=ORIENTED_EDGE('',*,*,#2059,.T.);
#1074=ORIENTED_EDGE('',*,*,#1997,.T.);
#1075=ORIENTED_EDGE('',*,*,#2060,.T.);
#1076=ORIENTED_EDGE('',*,*,#2052,.T.);
#1077=ORIENTED_EDGE('',*,*,#2033,.F.);
#1078=ORIENTED_EDGE('',*,*,#2059,.F.);
#1079=ORIENTED_EDGE('',*,*,#2056,.F.);
#1080=ORIENTED_EDGE('',*,*,#2031,.F.);
#1081=ORIENTED_EDGE('',*,*,#2055,.F.);
#1082=ORIENTED_EDGE('',*,*,#1998,.F.);
#1083=ORIENTED_EDGE('',*,*,#2001,.F.);
#1084=ORIENTED_EDGE('',*,*,#2054,.F.);
#1085=ORIENTED_EDGE('',*,*,#2035,.F.);
#1086=ORIENTED_EDGE('',*,*,#2053,.F.);
#1087=ORIENTED_EDGE('',*,*,#2060,.F.);
#1088=ORIENTED_EDGE('',*,*,#1985,.F.);
#1089=ORIENTED_EDGE('',*,*,#1973,.T.);
#1090=ORIENTED_EDGE('',*,*,#2038,.F.);
#1091=ORIENTED_EDGE('',*,*,#2061,.F.);
#1092=ORIENTED_EDGE('',*,*,#2062,.F.);
#1093=ORIENTED_EDGE('',*,*,#1986,.T.);
#1094=ORIENTED_EDGE('',*,*,#2061,.T.);
#1095=ORIENTED_EDGE('',*,*,#2043,.T.);
#1096=ORIENTED_EDGE('',*,*,#1987,.F.);
#1097=ORIENTED_EDGE('',*,*,#2062,.T.);
#1098=ORIENTED_EDGE('',*,*,#2042,.F.);
#1099=ORIENTED_EDGE('',*,*,#2063,.F.);
#1100=ORIENTED_EDGE('',*,*,#2064,.F.);
#1101=ORIENTED_EDGE('',*,*,#1988,.T.);
#1102=ORIENTED_EDGE('',*,*,#2063,.T.);
#1103=ORIENTED_EDGE('',*,*,#2041,.T.);
#1104=ORIENTED_EDGE('',*,*,#1989,.F.);
#1105=ORIENTED_EDGE('',*,*,#2064,.T.);
#1106=ORIENTED_EDGE('',*,*,#2040,.F.);
#1107=ORIENTED_EDGE('',*,*,#2065,.F.);
#1108=ORIENTED_EDGE('',*,*,#1978,.F.);
#1109=ORIENTED_EDGE('',*,*,#1984,.T.);
#1110=ORIENTED_EDGE('',*,*,#2065,.T.);
#1111=ORIENTED_EDGE('',*,*,#2039,.T.);
#1112=ORIENTED_EDGE('',*,*,#1966,.F.);
#1113=ORIENTED_EDGE('',*,*,#1980,.T.);
#1114=ORIENTED_EDGE('',*,*,#2058,.T.);
#1115=ORIENTED_EDGE('',*,*,#2028,.T.);
#1116=ORIENTED_EDGE('',*,*,#1962,.F.);
#1117=ORIENTED_EDGE('',*,*,#1982,.T.);
#1118=ORIENTED_EDGE('',*,*,#1964,.T.);
#1119=ORIENTED_EDGE('',*,*,#2019,.T.);
#1120=ORIENTED_EDGE('',*,*,#1958,.F.);
#1121=ORIENTED_EDGE('',*,*,#1983,.T.);
#1122=ORIENTED_EDGE('',*,*,#1960,.T.);
#1123=ORIENTED_EDGE('',*,*,#2020,.T.);
#1124=ORIENTED_EDGE('',*,*,#1970,.F.);
#1125=ORIENTED_EDGE('',*,*,#1991,.T.);
#1126=ORIENTED_EDGE('',*,*,#2048,.T.);
#1127=ORIENTED_EDGE('',*,*,#2021,.T.);
#1128=ORIENTED_EDGE('',*,*,#2066,.F.);
#1129=ORIENTED_EDGE('',*,*,#1995,.T.);
#1130=ORIENTED_EDGE('',*,*,#2049,.T.);
#1131=ORIENTED_EDGE('',*,*,#2023,.T.);
#1132=ORIENTED_EDGE('',*,*,#2067,.F.);
#1133=ORIENTED_EDGE('',*,*,#1996,.T.);
#1134=ORIENTED_EDGE('',*,*,#2066,.T.);
#1135=ORIENTED_EDGE('',*,*,#2027,.T.);
#1136=ORIENTED_EDGE('',*,*,#2051,.F.);
#1137=ORIENTED_EDGE('',*,*,#1992,.T.);
#1138=ORIENTED_EDGE('',*,*,#2067,.T.);
#1139=ORIENTED_EDGE('',*,*,#2026,.T.);
#1140=ORIENTED_EDGE('',*,*,#2068,.F.);
#1141=ORIENTED_EDGE('',*,*,#2013,.F.);
#1142=ORIENTED_EDGE('',*,*,#2047,.T.);
#1143=ORIENTED_EDGE('',*,*,#2008,.F.);
#1144=ORIENTED_EDGE('',*,*,#2069,.T.);
#1145=ORIENTED_EDGE('',*,*,#1947,.F.);
#1146=ORIENTED_EDGE('',*,*,#2070,.F.);
#1147=ORIENTED_EDGE('',*,*,#1943,.F.);
#1148=ORIENTED_EDGE('',*,*,#1956,.T.);
#1149=ORIENTED_EDGE('',*,*,#1954,.F.);
#1150=ORIENTED_EDGE('',*,*,#1955,.F.);
#1151=ORIENTED_EDGE('',*,*,#1944,.F.);
#1152=ORIENTED_EDGE('',*,*,#2070,.T.);
#1153=ORIENTED_EDGE('',*,*,#1953,.F.);
#1154=ORIENTED_EDGE('',*,*,#2006,.T.);
#1155=ORIENTED_EDGE('',*,*,#2068,.T.);
#1156=ORIENTED_EDGE('',*,*,#1946,.F.);
#1157=ORIENTED_EDGE('',*,*,#2071,.F.);
#1158=ORIENTED_EDGE('',*,*,#2007,.T.);
#1159=ORIENTED_EDGE('',*,*,#2071,.T.);
#1160=ORIENTED_EDGE('',*,*,#1945,.F.);
#1161=ORIENTED_EDGE('',*,*,#2069,.F.);
#1162=ORIENTED_EDGE('',*,*,#2072,.F.);
#1163=ORIENTED_EDGE('',*,*,#2073,.T.);
#1164=ORIENTED_EDGE('',*,*,#2074,.T.);
#1165=ORIENTED_EDGE('',*,*,#2075,.T.);
#1166=ORIENTED_EDGE('',*,*,#2076,.T.);
#1167=ORIENTED_EDGE('',*,*,#2077,.T.);
#1168=ORIENTED_EDGE('',*,*,#2078,.F.);
#1169=ORIENTED_EDGE('',*,*,#2079,.F.);
#1170=ORIENTED_EDGE('',*,*,#2080,.F.);
#1171=ORIENTED_EDGE('',*,*,#2081,.T.);
#1172=ORIENTED_EDGE('',*,*,#2082,.T.);
#1173=ORIENTED_EDGE('',*,*,#2083,.T.);
#1174=ORIENTED_EDGE('',*,*,#2084,.T.);
#1175=ORIENTED_EDGE('',*,*,#2072,.T.);
#1176=ORIENTED_EDGE('',*,*,#2085,.T.);
#1177=ORIENTED_EDGE('',*,*,#2082,.F.);
#1178=ORIENTED_EDGE('',*,*,#2086,.F.);
#1179=ORIENTED_EDGE('',*,*,#2087,.T.);
#1180=ORIENTED_EDGE('',*,*,#2088,.T.);
#1181=ORIENTED_EDGE('',*,*,#2089,.F.);
#1182=ORIENTED_EDGE('',*,*,#2090,.F.);
#1183=ORIENTED_EDGE('',*,*,#2091,.T.);
#1184=ORIENTED_EDGE('',*,*,#2092,.T.);
#1185=ORIENTED_EDGE('',*,*,#2093,.F.);
#1186=ORIENTED_EDGE('',*,*,#2094,.F.);
#1187=ORIENTED_EDGE('',*,*,#2095,.T.);
#1188=ORIENTED_EDGE('',*,*,#2096,.T.);
#1189=ORIENTED_EDGE('',*,*,#2097,.F.);
#1190=ORIENTED_EDGE('',*,*,#2098,.F.);
#1191=ORIENTED_EDGE('',*,*,#2099,.T.);
#1192=ORIENTED_EDGE('',*,*,#2100,.T.);
#1193=ORIENTED_EDGE('',*,*,#2101,.F.);
#1194=ORIENTED_EDGE('',*,*,#2102,.F.);
#1195=ORIENTED_EDGE('',*,*,#2103,.F.);
#1196=ORIENTED_EDGE('',*,*,#2104,.F.);
#1197=ORIENTED_EDGE('',*,*,#2105,.T.);
#1198=ORIENTED_EDGE('',*,*,#2106,.T.);
#1199=ORIENTED_EDGE('',*,*,#2107,.T.);
#1200=ORIENTED_EDGE('',*,*,#2108,.T.);
#1201=ORIENTED_EDGE('',*,*,#2109,.F.);
#1202=ORIENTED_EDGE('',*,*,#2105,.F.);
#1203=ORIENTED_EDGE('',*,*,#2110,.F.);
#1204=ORIENTED_EDGE('',*,*,#2095,.F.);
#1205=ORIENTED_EDGE('',*,*,#2111,.F.);
#1206=ORIENTED_EDGE('',*,*,#2112,.F.);
#1207=ORIENTED_EDGE('',*,*,#2091,.F.);
#1208=ORIENTED_EDGE('',*,*,#2113,.F.);
#1209=ORIENTED_EDGE('',*,*,#2087,.F.);
#1210=ORIENTED_EDGE('',*,*,#2114,.F.);
#1211=ORIENTED_EDGE('',*,*,#2107,.F.);
#1212=ORIENTED_EDGE('',*,*,#2104,.T.);
#1213=ORIENTED_EDGE('',*,*,#2115,.T.);
#1214=ORIENTED_EDGE('',*,*,#2116,.F.);
#1215=ORIENTED_EDGE('',*,*,#2117,.T.);
#1216=ORIENTED_EDGE('',*,*,#2118,.F.);
#1217=ORIENTED_EDGE('',*,*,#2119,.T.);
#1218=ORIENTED_EDGE('',*,*,#2120,.F.);
#1219=ORIENTED_EDGE('',*,*,#2121,.F.);
#1220=ORIENTED_EDGE('',*,*,#2099,.F.);
#1221=ORIENTED_EDGE('',*,*,#2122,.F.);
#1222=ORIENTED_EDGE('',*,*,#2123,.T.);
#1223=ORIENTED_EDGE('',*,*,#2124,.F.);
#1224=ORIENTED_EDGE('',*,*,#2125,.F.);
#1225=ORIENTED_EDGE('',*,*,#2126,.F.);
#1226=ORIENTED_EDGE('',*,*,#2127,.F.);
#1227=ORIENTED_EDGE('',*,*,#2128,.T.);
#1228=ORIENTED_EDGE('',*,*,#2129,.T.);
#1229=ORIENTED_EDGE('',*,*,#2078,.T.);
#1230=ORIENTED_EDGE('',*,*,#2130,.F.);
#1231=ORIENTED_EDGE('',*,*,#2131,.T.);
#1232=ORIENTED_EDGE('',*,*,#2132,.F.);
#1233=ORIENTED_EDGE('',*,*,#2133,.F.);
#1234=ORIENTED_EDGE('',*,*,#2134,.F.);
#1235=ORIENTED_EDGE('',*,*,#2135,.F.);
#1236=ORIENTED_EDGE('',*,*,#2136,.F.);
#1237=ORIENTED_EDGE('',*,*,#2137,.F.);
#1238=ORIENTED_EDGE('',*,*,#2138,.F.);
#1239=ORIENTED_EDGE('',*,*,#2139,.F.);
#1240=ORIENTED_EDGE('',*,*,#2140,.F.);
#1241=ORIENTED_EDGE('',*,*,#2141,.F.);
#1242=ORIENTED_EDGE('',*,*,#2142,.T.);
#1243=ORIENTED_EDGE('',*,*,#2143,.T.);
#1244=ORIENTED_EDGE('',*,*,#2144,.F.);
#1245=ORIENTED_EDGE('',*,*,#2145,.F.);
#1246=ORIENTED_EDGE('',*,*,#2146,.F.);
#1247=ORIENTED_EDGE('',*,*,#2147,.F.);
#1248=ORIENTED_EDGE('',*,*,#2148,.T.);
#1249=ORIENTED_EDGE('',*,*,#2149,.T.);
#1250=ORIENTED_EDGE('',*,*,#2142,.F.);
#1251=ORIENTED_EDGE('',*,*,#2150,.F.);
#1252=ORIENTED_EDGE('',*,*,#2151,.T.);
#1253=ORIENTED_EDGE('',*,*,#2152,.T.);
#1254=ORIENTED_EDGE('',*,*,#2153,.T.);
#1255=ORIENTED_EDGE('',*,*,#2154,.T.);
#1256=ORIENTED_EDGE('',*,*,#2155,.T.);
#1257=ORIENTED_EDGE('',*,*,#2151,.F.);
#1258=ORIENTED_EDGE('',*,*,#2156,.F.);
#1259=ORIENTED_EDGE('',*,*,#2080,.T.);
#1260=ORIENTED_EDGE('',*,*,#2157,.F.);
#1261=ORIENTED_EDGE('',*,*,#2156,.T.);
#1262=ORIENTED_EDGE('',*,*,#2150,.T.);
#1263=ORIENTED_EDGE('',*,*,#2145,.T.);
#1264=ORIENTED_EDGE('',*,*,#2158,.F.);
#1265=ORIENTED_EDGE('',*,*,#2159,.F.);
#1266=ORIENTED_EDGE('',*,*,#2093,.T.);
#1267=ORIENTED_EDGE('',*,*,#2160,.F.);
#1268=ORIENTED_EDGE('',*,*,#2089,.T.);
#1269=ORIENTED_EDGE('',*,*,#2161,.F.);
#1270=ORIENTED_EDGE('',*,*,#2162,.T.);
#1271=ORIENTED_EDGE('',*,*,#2101,.T.);
#1272=ORIENTED_EDGE('',*,*,#2163,.F.);
#1273=ORIENTED_EDGE('',*,*,#2164,.T.);
#1274=ORIENTED_EDGE('',*,*,#2165,.F.);
#1275=ORIENTED_EDGE('',*,*,#2166,.F.);
#1276=ORIENTED_EDGE('',*,*,#2167,.F.);
#1277=ORIENTED_EDGE('',*,*,#2097,.T.);
#1278=ORIENTED_EDGE('',*,*,#2168,.F.);
#1279=ORIENTED_EDGE('',*,*,#2169,.T.);
#1280=ORIENTED_EDGE('',*,*,#2170,.F.);
#1281=ORIENTED_EDGE('',*,*,#2171,.T.);
#1282=ORIENTED_EDGE('',*,*,#2172,.T.);
#1283=ORIENTED_EDGE('',*,*,#2173,.T.);
#1284=ORIENTED_EDGE('',*,*,#2174,.T.);
#1285=ORIENTED_EDGE('',*,*,#2175,.T.);
#1286=ORIENTED_EDGE('',*,*,#2176,.T.);
#1287=ORIENTED_EDGE('',*,*,#2177,.T.);
#1288=ORIENTED_EDGE('',*,*,#2178,.T.);
#1289=ORIENTED_EDGE('',*,*,#2179,.T.);
#1290=ORIENTED_EDGE('',*,*,#2180,.T.);
#1291=ORIENTED_EDGE('',*,*,#2181,.T.);
#1292=ORIENTED_EDGE('',*,*,#2182,.T.);
#1293=ORIENTED_EDGE('',*,*,#2183,.T.);
#1294=ORIENTED_EDGE('',*,*,#2184,.T.);
#1295=ORIENTED_EDGE('',*,*,#2185,.T.);
#1296=ORIENTED_EDGE('',*,*,#2186,.T.);
#1297=ORIENTED_EDGE('',*,*,#2187,.T.);
#1298=ORIENTED_EDGE('',*,*,#2188,.T.);
#1299=ORIENTED_EDGE('',*,*,#2189,.T.);
#1300=ORIENTED_EDGE('',*,*,#2190,.T.);
#1301=ORIENTED_EDGE('',*,*,#2191,.T.);
#1302=ORIENTED_EDGE('',*,*,#2192,.T.);
#1303=ORIENTED_EDGE('',*,*,#2193,.T.);
#1304=ORIENTED_EDGE('',*,*,#2194,.T.);
#1305=ORIENTED_EDGE('',*,*,#2195,.T.);
#1306=ORIENTED_EDGE('',*,*,#2196,.F.);
#1307=ORIENTED_EDGE('',*,*,#2197,.T.);
#1308=ORIENTED_EDGE('',*,*,#2106,.F.);
#1309=ORIENTED_EDGE('',*,*,#2109,.T.);
#1310=ORIENTED_EDGE('',*,*,#2198,.F.);
#1311=ORIENTED_EDGE('',*,*,#2199,.T.);
#1312=ORIENTED_EDGE('',*,*,#2200,.F.);
#1313=ORIENTED_EDGE('',*,*,#2201,.T.);
#1314=ORIENTED_EDGE('',*,*,#2202,.F.);
#1315=ORIENTED_EDGE('',*,*,#2154,.F.);
#1316=ORIENTED_EDGE('',*,*,#2157,.T.);
#1317=ORIENTED_EDGE('',*,*,#2079,.T.);
#1318=ORIENTED_EDGE('',*,*,#2203,.T.);
#1319=ORIENTED_EDGE('',*,*,#2196,.T.);
#1320=ORIENTED_EDGE('',*,*,#2204,.F.);
#1321=ORIENTED_EDGE('',*,*,#2081,.F.);
#1322=ORIENTED_EDGE('',*,*,#2158,.T.);
#1323=ORIENTED_EDGE('',*,*,#2144,.T.);
#1324=ORIENTED_EDGE('',*,*,#2205,.T.);
#1325=ORIENTED_EDGE('',*,*,#2206,.F.);
#1326=ORIENTED_EDGE('',*,*,#2152,.F.);
#1327=ORIENTED_EDGE('',*,*,#2155,.F.);
#1328=ORIENTED_EDGE('',*,*,#2205,.F.);
#1329=ORIENTED_EDGE('',*,*,#2143,.F.);
#1330=ORIENTED_EDGE('',*,*,#2149,.F.);
#1331=ORIENTED_EDGE('',*,*,#2207,.F.);
#1332=ORIENTED_EDGE('',*,*,#2120,.T.);
#1333=ORIENTED_EDGE('',*,*,#2102,.T.);
#1334=ORIENTED_EDGE('',*,*,#2162,.F.);
#1335=ORIENTED_EDGE('',*,*,#2208,.F.);
#1336=ORIENTED_EDGE('',*,*,#2124,.T.);
#1337=ORIENTED_EDGE('',*,*,#2209,.T.);
#1338=ORIENTED_EDGE('',*,*,#2164,.F.);
#1339=ORIENTED_EDGE('',*,*,#2123,.F.);
#1340=ORIENTED_EDGE('',*,*,#2210,.T.);
#1341=ORIENTED_EDGE('',*,*,#2165,.T.);
#1342=ORIENTED_EDGE('',*,*,#2209,.F.);
#1343=ORIENTED_EDGE('',*,*,#2211,.F.);
#1344=ORIENTED_EDGE('',*,*,#2192,.F.);
#1345=ORIENTED_EDGE('',*,*,#2212,.F.);
#1346=ORIENTED_EDGE('',*,*,#2213,.F.);
#1347=ORIENTED_EDGE('',*,*,#2214,.T.);
#1348=ORIENTED_EDGE('',*,*,#2193,.F.);
#1349=ORIENTED_EDGE('',*,*,#2195,.F.);
#1350=ORIENTED_EDGE('',*,*,#2215,.T.);
#1351=ORIENTED_EDGE('',*,*,#2130,.T.);
#1352=ORIENTED_EDGE('',*,*,#2204,.T.);
#1353=ORIENTED_EDGE('',*,*,#2129,.F.);
#1354=ORIENTED_EDGE('',*,*,#2216,.T.);
#1355=ORIENTED_EDGE('',*,*,#2170,.T.);
#1356=ORIENTED_EDGE('',*,*,#2203,.F.);
#1357=ORIENTED_EDGE('',*,*,#2172,.F.);
#1358=ORIENTED_EDGE('',*,*,#2217,.T.);
#1359=ORIENTED_EDGE('',*,*,#2218,.F.);
#1360=ORIENTED_EDGE('',*,*,#2219,.F.);
#1361=ORIENTED_EDGE('',*,*,#2220,.T.);
#1362=ORIENTED_EDGE('',*,*,#2173,.F.);
#1363=ORIENTED_EDGE('',*,*,#2221,.F.);
#1364=ORIENTED_EDGE('',*,*,#2174,.F.);
#1365=ORIENTED_EDGE('',*,*,#2220,.F.);
#1366=ORIENTED_EDGE('',*,*,#2222,.F.);
#1367=ORIENTED_EDGE('',*,*,#2223,.T.);
#1368=ORIENTED_EDGE('',*,*,#2175,.F.);
#1369=ORIENTED_EDGE('',*,*,#2224,.F.);
#1370=ORIENTED_EDGE('',*,*,#2176,.F.);
#1371=ORIENTED_EDGE('',*,*,#2223,.F.);
#1372=ORIENTED_EDGE('',*,*,#2225,.F.);
#1373=ORIENTED_EDGE('',*,*,#2226,.T.);
#1374=ORIENTED_EDGE('',*,*,#2177,.F.);
#1375=ORIENTED_EDGE('',*,*,#2227,.F.);
#1376=ORIENTED_EDGE('',*,*,#2178,.F.);
#1377=ORIENTED_EDGE('',*,*,#2226,.F.);
#1378=ORIENTED_EDGE('',*,*,#2228,.F.);
#1379=ORIENTED_EDGE('',*,*,#2229,.T.);
#1380=ORIENTED_EDGE('',*,*,#2179,.F.);
#1381=ORIENTED_EDGE('',*,*,#2230,.F.);
#1382=ORIENTED_EDGE('',*,*,#2180,.F.);
#1383=ORIENTED_EDGE('',*,*,#2229,.F.);
#1384=ORIENTED_EDGE('',*,*,#2231,.F.);
#1385=ORIENTED_EDGE('',*,*,#2232,.T.);
#1386=ORIENTED_EDGE('',*,*,#2181,.F.);
#1387=ORIENTED_EDGE('',*,*,#2233,.F.);
#1388=ORIENTED_EDGE('',*,*,#2182,.F.);
#1389=ORIENTED_EDGE('',*,*,#2232,.F.);
#1390=ORIENTED_EDGE('',*,*,#2234,.F.);
#1391=ORIENTED_EDGE('',*,*,#2235,.T.);
#1392=ORIENTED_EDGE('',*,*,#2183,.F.);
#1393=ORIENTED_EDGE('',*,*,#2236,.F.);
#1394=ORIENTED_EDGE('',*,*,#2184,.F.);
#1395=ORIENTED_EDGE('',*,*,#2235,.F.);
#1396=ORIENTED_EDGE('',*,*,#2237,.F.);
#1397=ORIENTED_EDGE('',*,*,#2238,.T.);
#1398=ORIENTED_EDGE('',*,*,#2185,.F.);
#1399=ORIENTED_EDGE('',*,*,#2239,.F.);
#1400=ORIENTED_EDGE('',*,*,#2186,.F.);
#1401=ORIENTED_EDGE('',*,*,#2238,.F.);
#1402=ORIENTED_EDGE('',*,*,#2240,.F.);
#1403=ORIENTED_EDGE('',*,*,#2241,.T.);
#1404=ORIENTED_EDGE('',*,*,#2187,.F.);
#1405=ORIENTED_EDGE('',*,*,#2242,.F.);
#1406=ORIENTED_EDGE('',*,*,#2188,.F.);
#1407=ORIENTED_EDGE('',*,*,#2241,.F.);
#1408=ORIENTED_EDGE('',*,*,#2243,.F.);
#1409=ORIENTED_EDGE('',*,*,#2244,.T.);
#1410=ORIENTED_EDGE('',*,*,#2189,.F.);
#1411=ORIENTED_EDGE('',*,*,#2245,.F.);
#1412=ORIENTED_EDGE('',*,*,#2190,.F.);
#1413=ORIENTED_EDGE('',*,*,#2244,.F.);
#1414=ORIENTED_EDGE('',*,*,#2246,.F.);
#1415=ORIENTED_EDGE('',*,*,#2212,.T.);
#1416=ORIENTED_EDGE('',*,*,#2191,.F.);
#1417=ORIENTED_EDGE('',*,*,#2247,.F.);
#1418=ORIENTED_EDGE('',*,*,#2111,.T.);
#1419=ORIENTED_EDGE('',*,*,#2098,.T.);
#1420=ORIENTED_EDGE('',*,*,#2169,.F.);
#1421=ORIENTED_EDGE('',*,*,#2245,.T.);
#1422=ORIENTED_EDGE('',*,*,#2133,.T.);
#1423=ORIENTED_EDGE('',*,*,#2246,.T.);
#1424=ORIENTED_EDGE('',*,*,#2242,.T.);
#1425=ORIENTED_EDGE('',*,*,#2134,.T.);
#1426=ORIENTED_EDGE('',*,*,#2243,.T.);
#1427=ORIENTED_EDGE('',*,*,#2239,.T.);
#1428=ORIENTED_EDGE('',*,*,#2135,.T.);
#1429=ORIENTED_EDGE('',*,*,#2240,.T.);
#1430=ORIENTED_EDGE('',*,*,#2236,.T.);
#1431=ORIENTED_EDGE('',*,*,#2136,.T.);
#1432=ORIENTED_EDGE('',*,*,#2237,.T.);
#1433=ORIENTED_EDGE('',*,*,#2233,.T.);
#1434=ORIENTED_EDGE('',*,*,#2137,.T.);
#1435=ORIENTED_EDGE('',*,*,#2234,.T.);
#1436=ORIENTED_EDGE('',*,*,#2230,.T.);
#1437=ORIENTED_EDGE('',*,*,#2138,.T.);
#1438=ORIENTED_EDGE('',*,*,#2231,.T.);
#1439=ORIENTED_EDGE('',*,*,#2227,.T.);
#1440=ORIENTED_EDGE('',*,*,#2139,.T.);
#1441=ORIENTED_EDGE('',*,*,#2228,.T.);
#1442=ORIENTED_EDGE('',*,*,#2224,.T.);
#1443=ORIENTED_EDGE('',*,*,#2140,.T.);
#1444=ORIENTED_EDGE('',*,*,#2225,.T.);
#1445=ORIENTED_EDGE('',*,*,#2221,.T.);
#1446=ORIENTED_EDGE('',*,*,#2141,.T.);
#1447=ORIENTED_EDGE('',*,*,#2222,.T.);
#1448=ORIENTED_EDGE('',*,*,#2218,.T.);
#1449=ORIENTED_EDGE('',*,*,#2248,.T.);
#1450=ORIENTED_EDGE('',*,*,#2127,.T.);
#1451=ORIENTED_EDGE('',*,*,#2219,.T.);
#1452=ORIENTED_EDGE('',*,*,#2132,.T.);
#1453=ORIENTED_EDGE('',*,*,#2249,.T.);
#1454=ORIENTED_EDGE('',*,*,#2213,.T.);
#1455=ORIENTED_EDGE('',*,*,#2211,.T.);
#1456=ORIENTED_EDGE('',*,*,#2248,.F.);
#1457=ORIENTED_EDGE('',*,*,#2217,.F.);
#1458=ORIENTED_EDGE('',*,*,#2171,.F.);
#1459=ORIENTED_EDGE('',*,*,#2216,.F.);
#1460=ORIENTED_EDGE('',*,*,#2128,.F.);
#1461=ORIENTED_EDGE('',*,*,#2131,.F.);
#1462=ORIENTED_EDGE('',*,*,#2215,.F.);
#1463=ORIENTED_EDGE('',*,*,#2194,.F.);
#1464=ORIENTED_EDGE('',*,*,#2214,.F.);
#1465=ORIENTED_EDGE('',*,*,#2249,.F.);
#1466=ORIENTED_EDGE('',*,*,#2115,.F.);
#1467=ORIENTED_EDGE('',*,*,#2103,.T.);
#1468=ORIENTED_EDGE('',*,*,#2197,.F.);
#1469=ORIENTED_EDGE('',*,*,#2250,.F.);
#1470=ORIENTED_EDGE('',*,*,#2251,.F.);
#1471=ORIENTED_EDGE('',*,*,#2116,.T.);
#1472=ORIENTED_EDGE('',*,*,#2250,.T.);
#1473=ORIENTED_EDGE('',*,*,#2202,.T.);
#1474=ORIENTED_EDGE('',*,*,#2117,.F.);
#1475=ORIENTED_EDGE('',*,*,#2251,.T.);
#1476=ORIENTED_EDGE('',*,*,#2201,.F.);
#1477=ORIENTED_EDGE('',*,*,#2252,.F.);
#1478=ORIENTED_EDGE('',*,*,#2253,.F.);
#1479=ORIENTED_EDGE('',*,*,#2118,.T.);
#1480=ORIENTED_EDGE('',*,*,#2252,.T.);
#1481=ORIENTED_EDGE('',*,*,#2200,.T.);
#1482=ORIENTED_EDGE('',*,*,#2119,.F.);
#1483=ORIENTED_EDGE('',*,*,#2253,.T.);
#1484=ORIENTED_EDGE('',*,*,#2199,.F.);
#1485=ORIENTED_EDGE('',*,*,#2254,.F.);
#1486=ORIENTED_EDGE('',*,*,#2108,.F.);
#1487=ORIENTED_EDGE('',*,*,#2114,.T.);
#1488=ORIENTED_EDGE('',*,*,#2254,.T.);
#1489=ORIENTED_EDGE('',*,*,#2198,.T.);
#1490=ORIENTED_EDGE('',*,*,#2096,.F.);
#1491=ORIENTED_EDGE('',*,*,#2110,.T.);
#1492=ORIENTED_EDGE('',*,*,#2247,.T.);
#1493=ORIENTED_EDGE('',*,*,#2168,.T.);
#1494=ORIENTED_EDGE('',*,*,#2092,.F.);
#1495=ORIENTED_EDGE('',*,*,#2112,.T.);
#1496=ORIENTED_EDGE('',*,*,#2094,.T.);
#1497=ORIENTED_EDGE('',*,*,#2159,.T.);
#1498=ORIENTED_EDGE('',*,*,#2088,.F.);
#1499=ORIENTED_EDGE('',*,*,#2113,.T.);
#1500=ORIENTED_EDGE('',*,*,#2090,.T.);
#1501=ORIENTED_EDGE('',*,*,#2160,.T.);
#1502=ORIENTED_EDGE('',*,*,#2100,.F.);
#1503=ORIENTED_EDGE('',*,*,#2121,.T.);
#1504=ORIENTED_EDGE('',*,*,#2207,.T.);
#1505=ORIENTED_EDGE('',*,*,#2161,.T.);
#1506=ORIENTED_EDGE('',*,*,#2255,.F.);
#1507=ORIENTED_EDGE('',*,*,#2125,.T.);
#1508=ORIENTED_EDGE('',*,*,#2208,.T.);
#1509=ORIENTED_EDGE('',*,*,#2163,.T.);
#1510=ORIENTED_EDGE('',*,*,#2256,.F.);
#1511=ORIENTED_EDGE('',*,*,#2126,.T.);
#1512=ORIENTED_EDGE('',*,*,#2255,.T.);
#1513=ORIENTED_EDGE('',*,*,#2167,.T.);
#1514=ORIENTED_EDGE('',*,*,#2210,.F.);
#1515=ORIENTED_EDGE('',*,*,#2122,.T.);
#1516=ORIENTED_EDGE('',*,*,#2256,.T.);
#1517=ORIENTED_EDGE('',*,*,#2166,.T.);
#1518=ORIENTED_EDGE('',*,*,#2257,.F.);
#1519=ORIENTED_EDGE('',*,*,#2153,.F.);
#1520=ORIENTED_EDGE('',*,*,#2206,.T.);
#1521=ORIENTED_EDGE('',*,*,#2148,.F.);
#1522=ORIENTED_EDGE('',*,*,#2258,.T.);
#1523=ORIENTED_EDGE('',*,*,#2077,.F.);
#1524=ORIENTED_EDGE('',*,*,#2259,.F.);
#1525=ORIENTED_EDGE('',*,*,#2073,.F.);
#1526=ORIENTED_EDGE('',*,*,#2086,.T.);
#1527=ORIENTED_EDGE('',*,*,#2084,.F.);
#1528=ORIENTED_EDGE('',*,*,#2085,.F.);
#1529=ORIENTED_EDGE('',*,*,#2074,.F.);
#1530=ORIENTED_EDGE('',*,*,#2259,.T.);
#1531=ORIENTED_EDGE('',*,*,#2083,.F.);
#1532=ORIENTED_EDGE('',*,*,#2146,.T.);
#1533=ORIENTED_EDGE('',*,*,#2257,.T.);
#1534=ORIENTED_EDGE('',*,*,#2076,.F.);
#1535=ORIENTED_EDGE('',*,*,#2260,.F.);
#1536=ORIENTED_EDGE('',*,*,#2147,.T.);
#1537=ORIENTED_EDGE('',*,*,#2260,.T.);
#1538=ORIENTED_EDGE('',*,*,#2075,.F.);
#1539=ORIENTED_EDGE('',*,*,#2258,.F.);
#1540=ORIENTED_EDGE('',*,*,#2261,.F.);
#1541=ORIENTED_EDGE('',*,*,#2262,.T.);
#1542=ORIENTED_EDGE('',*,*,#2263,.T.);
#1543=ORIENTED_EDGE('',*,*,#2264,.F.);
#1544=ORIENTED_EDGE('',*,*,#2265,.T.);
#1545=ORIENTED_EDGE('',*,*,#2266,.F.);
#1546=ORIENTED_EDGE('',*,*,#2267,.F.);
#1547=ORIENTED_EDGE('',*,*,#2268,.F.);
#1548=ORIENTED_EDGE('',*,*,#2269,.T.);
#1549=ORIENTED_EDGE('',*,*,#2270,.T.);
#1550=ORIENTED_EDGE('',*,*,#2271,.T.);
#1551=ORIENTED_EDGE('',*,*,#2272,.T.);
#1552=ORIENTED_EDGE('',*,*,#2273,.T.);
#1553=ORIENTED_EDGE('',*,*,#2274,.F.);
#1554=ORIENTED_EDGE('',*,*,#2275,.F.);
#1555=ORIENTED_EDGE('',*,*,#2276,.F.);
#1556=ORIENTED_EDGE('',*,*,#2277,.T.);
#1557=ORIENTED_EDGE('',*,*,#2278,.T.);
#1558=ORIENTED_EDGE('',*,*,#2279,.T.);
#1559=ORIENTED_EDGE('',*,*,#2280,.T.);
#1560=ORIENTED_EDGE('',*,*,#2268,.T.);
#1561=ORIENTED_EDGE('',*,*,#2281,.T.);
#1562=ORIENTED_EDGE('',*,*,#2278,.F.);
#1563=ORIENTED_EDGE('',*,*,#2282,.F.);
#1564=ORIENTED_EDGE('',*,*,#2283,.T.);
#1565=ORIENTED_EDGE('',*,*,#2284,.T.);
#1566=ORIENTED_EDGE('',*,*,#2285,.F.);
#1567=ORIENTED_EDGE('',*,*,#2286,.F.);
#1568=ORIENTED_EDGE('',*,*,#2287,.F.);
#1569=ORIENTED_EDGE('',*,*,#2288,.F.);
#1570=ORIENTED_EDGE('',*,*,#2289,.T.);
#1571=ORIENTED_EDGE('',*,*,#2290,.T.);
#1572=ORIENTED_EDGE('',*,*,#2283,.F.);
#1573=ORIENTED_EDGE('',*,*,#2291,.F.);
#1574=ORIENTED_EDGE('',*,*,#2292,.T.);
#1575=ORIENTED_EDGE('',*,*,#2293,.T.);
#1576=ORIENTED_EDGE('',*,*,#2294,.T.);
#1577=ORIENTED_EDGE('',*,*,#2295,.T.);
#1578=ORIENTED_EDGE('',*,*,#2296,.T.);
#1579=ORIENTED_EDGE('',*,*,#2292,.F.);
#1580=ORIENTED_EDGE('',*,*,#2297,.F.);
#1581=ORIENTED_EDGE('',*,*,#2276,.T.);
#1582=ORIENTED_EDGE('',*,*,#2298,.F.);
#1583=ORIENTED_EDGE('',*,*,#2297,.T.);
#1584=ORIENTED_EDGE('',*,*,#2291,.T.);
#1585=ORIENTED_EDGE('',*,*,#2286,.T.);
#1586=ORIENTED_EDGE('',*,*,#2299,.F.);
#1587=ORIENTED_EDGE('',*,*,#2295,.F.);
#1588=ORIENTED_EDGE('',*,*,#2298,.T.);
#1589=ORIENTED_EDGE('',*,*,#2275,.T.);
#1590=ORIENTED_EDGE('',*,*,#2300,.T.);
#1591=ORIENTED_EDGE('',*,*,#2261,.T.);
#1592=ORIENTED_EDGE('',*,*,#2301,.F.);
#1593=ORIENTED_EDGE('',*,*,#2277,.F.);
#1594=ORIENTED_EDGE('',*,*,#2299,.T.);
#1595=ORIENTED_EDGE('',*,*,#2285,.T.);
#1596=ORIENTED_EDGE('',*,*,#2302,.T.);
#1597=ORIENTED_EDGE('',*,*,#2303,.F.);
#1598=ORIENTED_EDGE('',*,*,#2293,.F.);
#1599=ORIENTED_EDGE('',*,*,#2296,.F.);
#1600=ORIENTED_EDGE('',*,*,#2302,.F.);
#1601=ORIENTED_EDGE('',*,*,#2284,.F.);
#1602=ORIENTED_EDGE('',*,*,#2290,.F.);
#1603=ORIENTED_EDGE('',*,*,#2304,.F.);
#1604=ORIENTED_EDGE('',*,*,#2294,.F.);
#1605=ORIENTED_EDGE('',*,*,#2303,.T.);
#1606=ORIENTED_EDGE('',*,*,#2289,.F.);
#1607=ORIENTED_EDGE('',*,*,#2305,.T.);
#1608=ORIENTED_EDGE('',*,*,#2273,.F.);
#1609=ORIENTED_EDGE('',*,*,#2306,.F.);
#1610=ORIENTED_EDGE('',*,*,#2269,.F.);
#1611=ORIENTED_EDGE('',*,*,#2282,.T.);
#1612=ORIENTED_EDGE('',*,*,#2280,.F.);
#1613=ORIENTED_EDGE('',*,*,#2281,.F.);
#1614=ORIENTED_EDGE('',*,*,#2270,.F.);
#1615=ORIENTED_EDGE('',*,*,#2306,.T.);
#1616=ORIENTED_EDGE('',*,*,#2279,.F.);
#1617=ORIENTED_EDGE('',*,*,#2287,.T.);
#1618=ORIENTED_EDGE('',*,*,#2304,.T.);
#1619=ORIENTED_EDGE('',*,*,#2272,.F.);
#1620=ORIENTED_EDGE('',*,*,#2307,.F.);
#1621=ORIENTED_EDGE('',*,*,#2288,.T.);
#1622=ORIENTED_EDGE('',*,*,#2307,.T.);
#1623=ORIENTED_EDGE('',*,*,#2271,.F.);
#1624=ORIENTED_EDGE('',*,*,#2305,.F.);
#1625=ORIENTED_EDGE('',*,*,#2262,.F.);
#1626=ORIENTED_EDGE('',*,*,#2300,.F.);
#1627=ORIENTED_EDGE('',*,*,#2308,.T.);
#1628=ORIENTED_EDGE('',*,*,#2309,.T.);
#1629=ORIENTED_EDGE('',*,*,#2263,.F.);
#1630=ORIENTED_EDGE('',*,*,#2309,.F.);
#1631=ORIENTED_EDGE('',*,*,#2310,.T.);
#1632=ORIENTED_EDGE('',*,*,#2311,.T.);
#1633=ORIENTED_EDGE('',*,*,#2264,.T.);
#1634=ORIENTED_EDGE('',*,*,#2311,.F.);
#1635=ORIENTED_EDGE('',*,*,#2312,.F.);
#1636=ORIENTED_EDGE('',*,*,#2313,.T.);
#1637=ORIENTED_EDGE('',*,*,#2265,.F.);
#1638=ORIENTED_EDGE('',*,*,#2313,.F.);
#1639=ORIENTED_EDGE('',*,*,#2314,.T.);
#1640=ORIENTED_EDGE('',*,*,#2315,.T.);
#1641=ORIENTED_EDGE('',*,*,#2266,.T.);
#1642=ORIENTED_EDGE('',*,*,#2315,.F.);
#1643=ORIENTED_EDGE('',*,*,#2316,.F.);
#1644=ORIENTED_EDGE('',*,*,#2317,.T.);
#1645=ORIENTED_EDGE('',*,*,#2267,.T.);
#1646=ORIENTED_EDGE('',*,*,#2317,.F.);
#1647=ORIENTED_EDGE('',*,*,#2318,.F.);
#1648=ORIENTED_EDGE('',*,*,#2301,.T.);
#1649=ORIENTED_EDGE('',*,*,#2274,.T.);
#1650=ORIENTED_EDGE('',*,*,#2318,.T.);
#1651=ORIENTED_EDGE('',*,*,#2316,.T.);
#1652=ORIENTED_EDGE('',*,*,#2314,.F.);
#1653=ORIENTED_EDGE('',*,*,#2312,.T.);
#1654=ORIENTED_EDGE('',*,*,#2310,.F.);
#1655=ORIENTED_EDGE('',*,*,#2308,.F.);
#1656=ORIENTED_EDGE('',*,*,#2319,.T.);
#1657=ORIENTED_EDGE('',*,*,#2320,.T.);
#1658=ORIENTED_EDGE('',*,*,#2321,.T.);
#1659=ORIENTED_EDGE('',*,*,#2322,.F.);
#1660=ORIENTED_EDGE('',*,*,#2323,.T.);
#1661=ORIENTED_EDGE('',*,*,#2324,.F.);
#1662=ORIENTED_EDGE('',*,*,#2325,.T.);
#1663=ORIENTED_EDGE('',*,*,#2326,.T.);
#1664=ORIENTED_EDGE('',*,*,#2327,.T.);
#1665=ORIENTED_EDGE('',*,*,#2328,.F.);
#1666=ORIENTED_EDGE('',*,*,#2329,.T.);
#1667=ORIENTED_EDGE('',*,*,#2330,.F.);
#1668=ORIENTED_EDGE('',*,*,#2331,.T.);
#1669=ORIENTED_EDGE('',*,*,#2332,.T.);
#1670=ORIENTED_EDGE('',*,*,#2333,.T.);
#1671=ORIENTED_EDGE('',*,*,#2334,.F.);
#1672=ORIENTED_EDGE('',*,*,#2335,.T.);
#1673=ORIENTED_EDGE('',*,*,#2336,.F.);
#1674=ORIENTED_EDGE('',*,*,#2337,.T.);
#1675=ORIENTED_EDGE('',*,*,#2338,.T.);
#1676=ORIENTED_EDGE('',*,*,#2339,.T.);
#1677=ORIENTED_EDGE('',*,*,#2340,.F.);
#1678=ORIENTED_EDGE('',*,*,#2341,.T.);
#1679=ORIENTED_EDGE('',*,*,#2342,.F.);
#1680=ORIENTED_EDGE('',*,*,#2343,.F.);
#1681=ORIENTED_EDGE('',*,*,#2344,.T.);
#1682=ORIENTED_EDGE('',*,*,#2345,.F.);
#1683=ORIENTED_EDGE('',*,*,#2346,.F.);
#1684=ORIENTED_EDGE('',*,*,#2347,.F.);
#1685=ORIENTED_EDGE('',*,*,#2348,.T.);
#1686=ORIENTED_EDGE('',*,*,#2349,.F.);
#1687=ORIENTED_EDGE('',*,*,#2343,.T.);
#1688=ORIENTED_EDGE('',*,*,#2350,.T.);
#1689=ORIENTED_EDGE('',*,*,#2351,.T.);
#1690=ORIENTED_EDGE('',*,*,#2352,.F.);
#1691=ORIENTED_EDGE('',*,*,#2345,.T.);
#1692=ORIENTED_EDGE('',*,*,#2353,.T.);
#1693=ORIENTED_EDGE('',*,*,#2354,.F.);
#1694=ORIENTED_EDGE('',*,*,#2355,.F.);
#1695=ORIENTED_EDGE('',*,*,#2356,.T.);
#1696=ORIENTED_EDGE('',*,*,#2357,.F.);
#1697=ORIENTED_EDGE('',*,*,#2358,.F.);
#1698=ORIENTED_EDGE('',*,*,#2359,.F.);
#1699=ORIENTED_EDGE('',*,*,#2360,.T.);
#1700=ORIENTED_EDGE('',*,*,#2361,.F.);
#1701=ORIENTED_EDGE('',*,*,#2355,.T.);
#1702=ORIENTED_EDGE('',*,*,#2362,.T.);
#1703=ORIENTED_EDGE('',*,*,#2363,.T.);
#1704=ORIENTED_EDGE('',*,*,#2364,.F.);
#1705=ORIENTED_EDGE('',*,*,#2357,.T.);
#1706=ORIENTED_EDGE('',*,*,#2365,.T.);
#1707=ORIENTED_EDGE('',*,*,#2366,.F.);
#1708=ORIENTED_EDGE('',*,*,#2367,.F.);
#1709=ORIENTED_EDGE('',*,*,#2368,.T.);
#1710=ORIENTED_EDGE('',*,*,#2369,.F.);
#1711=ORIENTED_EDGE('',*,*,#2370,.F.);
#1712=ORIENTED_EDGE('',*,*,#2371,.F.);
#1713=ORIENTED_EDGE('',*,*,#2372,.T.);
#1714=ORIENTED_EDGE('',*,*,#2373,.F.);
#1715=ORIENTED_EDGE('',*,*,#2367,.T.);
#1716=ORIENTED_EDGE('',*,*,#2374,.T.);
#1717=ORIENTED_EDGE('',*,*,#2375,.T.);
#1718=ORIENTED_EDGE('',*,*,#2376,.F.);
#1719=ORIENTED_EDGE('',*,*,#2369,.T.);
#1720=ORIENTED_EDGE('',*,*,#2377,.T.);
#1721=ORIENTED_EDGE('',*,*,#2378,.F.);
#1722=ORIENTED_EDGE('',*,*,#2379,.F.);
#1723=ORIENTED_EDGE('',*,*,#2380,.T.);
#1724=ORIENTED_EDGE('',*,*,#2381,.F.);
#1725=ORIENTED_EDGE('',*,*,#2382,.F.);
#1726=ORIENTED_EDGE('',*,*,#2383,.F.);
#1727=ORIENTED_EDGE('',*,*,#2384,.T.);
#1728=ORIENTED_EDGE('',*,*,#2385,.F.);
#1729=ORIENTED_EDGE('',*,*,#2379,.T.);
#1730=ORIENTED_EDGE('',*,*,#2386,.T.);
#1731=ORIENTED_EDGE('',*,*,#2387,.T.);
#1732=ORIENTED_EDGE('',*,*,#2388,.F.);
#1733=ORIENTED_EDGE('',*,*,#2381,.T.);
#1734=ORIENTED_EDGE('',*,*,#2389,.T.);
#1735=ORIENTED_EDGE('',*,*,#2390,.F.);
#1736=ORIENTED_EDGE('',*,*,#2391,.T.);
#1737=ORIENTED_EDGE('',*,*,#2354,.T.);
#1738=ORIENTED_EDGE('',*,*,#2392,.T.);
#1739=ORIENTED_EDGE('',*,*,#2390,.T.);
#1740=ORIENTED_EDGE('',*,*,#2393,.T.);
#1741=ORIENTED_EDGE('',*,*,#2378,.T.);
#1742=ORIENTED_EDGE('',*,*,#2394,.T.);
#1743=ORIENTED_EDGE('',*,*,#2366,.T.);
#1744=ORIENTED_EDGE('',*,*,#2395,.T.);
#1745=ORIENTED_EDGE('',*,*,#2396,.T.);
#1746=ORIENTED_EDGE('',*,*,#2397,.T.);
#1747=ORIENTED_EDGE('',*,*,#2398,.T.);
#1748=ORIENTED_EDGE('',*,*,#2399,.T.);
#1749=ORIENTED_EDGE('',*,*,#2395,.F.);
#1750=ORIENTED_EDGE('',*,*,#2400,.T.);
#1751=ORIENTED_EDGE('',*,*,#2399,.F.);
#1752=ORIENTED_EDGE('',*,*,#2400,.F.);
#1753=ORIENTED_EDGE('',*,*,#2401,.T.);
#1754=ORIENTED_EDGE('',*,*,#2402,.T.);
#1755=ORIENTED_EDGE('',*,*,#2396,.F.);
#1756=ORIENTED_EDGE('',*,*,#2403,.T.);
#1757=ORIENTED_EDGE('',*,*,#2402,.F.);
#1758=ORIENTED_EDGE('',*,*,#2403,.F.);
#1759=ORIENTED_EDGE('',*,*,#2404,.T.);
#1760=ORIENTED_EDGE('',*,*,#2405,.T.);
#1761=ORIENTED_EDGE('',*,*,#2397,.F.);
#1762=ORIENTED_EDGE('',*,*,#2406,.T.);
#1763=ORIENTED_EDGE('',*,*,#2405,.F.);
#1764=ORIENTED_EDGE('',*,*,#2406,.F.);
#1765=ORIENTED_EDGE('',*,*,#2407,.T.);
#1766=ORIENTED_EDGE('',*,*,#2344,.F.);
#1767=ORIENTED_EDGE('',*,*,#2349,.T.);
#1768=ORIENTED_EDGE('',*,*,#2391,.F.);
#1769=ORIENTED_EDGE('',*,*,#2365,.F.);
#1770=ORIENTED_EDGE('',*,*,#2356,.F.);
#1771=ORIENTED_EDGE('',*,*,#2361,.T.);
#1772=ORIENTED_EDGE('',*,*,#2394,.F.);
#1773=ORIENTED_EDGE('',*,*,#2377,.F.);
#1774=ORIENTED_EDGE('',*,*,#2368,.F.);
#1775=ORIENTED_EDGE('',*,*,#2373,.T.);
#1776=ORIENTED_EDGE('',*,*,#2393,.F.);
#1777=ORIENTED_EDGE('',*,*,#2389,.F.);
#1778=ORIENTED_EDGE('',*,*,#2380,.F.);
#1779=ORIENTED_EDGE('',*,*,#2385,.T.);
#1780=ORIENTED_EDGE('',*,*,#2392,.F.);
#1781=ORIENTED_EDGE('',*,*,#2353,.F.);
#1782=ORIENTED_EDGE('',*,*,#2408,.T.);
#1783=ORIENTED_EDGE('',*,*,#2409,.F.);
#1784=ORIENTED_EDGE('',*,*,#2410,.T.);
#1785=ORIENTED_EDGE('',*,*,#2409,.T.);
#1786=ORIENTED_EDGE('',*,*,#2408,.F.);
#1787=ORIENTED_EDGE('',*,*,#2401,.F.);
#1788=ORIENTED_EDGE('',*,*,#2404,.F.);
#1789=ORIENTED_EDGE('',*,*,#2407,.F.);
#1790=ORIENTED_EDGE('',*,*,#2411,.F.);
#1791=ORIENTED_EDGE('',*,*,#2412,.T.);
#1792=ORIENTED_EDGE('',*,*,#2413,.T.);
#1793=ORIENTED_EDGE('',*,*,#2410,.F.);
#1794=ORIENTED_EDGE('',*,*,#2414,.T.);
#1795=ORIENTED_EDGE('',*,*,#2413,.F.);
#1796=ORIENTED_EDGE('',*,*,#2414,.F.);
#1797=ORIENTED_EDGE('',*,*,#2415,.T.);
#1798=ORIENTED_EDGE('',*,*,#2412,.F.);
#1799=ORIENTED_EDGE('',*,*,#2415,.F.);
#1800=ORIENTED_EDGE('',*,*,#2416,.F.);
#1801=ORIENTED_EDGE('',*,*,#2411,.T.);
#1802=ORIENTED_EDGE('',*,*,#2416,.T.);
#1803=ORIENTED_EDGE('',*,*,#2417,.F.);
#1804=ORIENTED_EDGE('',*,*,#2417,.T.);
#1805=ORIENTED_EDGE('',*,*,#2398,.F.);
#1806=ORIENTED_EDGE('',*,*,#2388,.T.);
#1807=ORIENTED_EDGE('',*,*,#2418,.T.);
#1808=ORIENTED_EDGE('',*,*,#2419,.F.);
#1809=ORIENTED_EDGE('',*,*,#2382,.T.);
#1810=ORIENTED_EDGE('',*,*,#2420,.T.);
#1811=ORIENTED_EDGE('',*,*,#2421,.T.);
#1812=ORIENTED_EDGE('',*,*,#2341,.F.);
#1813=ORIENTED_EDGE('',*,*,#2422,.T.);
#1814=ORIENTED_EDGE('',*,*,#2423,.F.);
#1815=ORIENTED_EDGE('',*,*,#2383,.T.);
#1816=ORIENTED_EDGE('',*,*,#2419,.T.);
#1817=ORIENTED_EDGE('',*,*,#2424,.T.);
#1818=ORIENTED_EDGE('',*,*,#2339,.F.);
#1819=ORIENTED_EDGE('',*,*,#2423,.T.);
#1820=ORIENTED_EDGE('',*,*,#2425,.T.);
#1821=ORIENTED_EDGE('',*,*,#2386,.F.);
#1822=ORIENTED_EDGE('',*,*,#2384,.F.);
#1823=ORIENTED_EDGE('',*,*,#2352,.T.);
#1824=ORIENTED_EDGE('',*,*,#2426,.T.);
#1825=ORIENTED_EDGE('',*,*,#2427,.F.);
#1826=ORIENTED_EDGE('',*,*,#2346,.T.);
#1827=ORIENTED_EDGE('',*,*,#2333,.F.);
#1828=ORIENTED_EDGE('',*,*,#2428,.T.);
#1829=ORIENTED_EDGE('',*,*,#2429,.T.);
#1830=ORIENTED_EDGE('',*,*,#2335,.F.);
#1831=ORIENTED_EDGE('',*,*,#2430,.T.);
#1832=ORIENTED_EDGE('',*,*,#2431,.F.);
#1833=ORIENTED_EDGE('',*,*,#2347,.T.);
#1834=ORIENTED_EDGE('',*,*,#2427,.T.);
#1835=ORIENTED_EDGE('',*,*,#2432,.T.);
#1836=ORIENTED_EDGE('',*,*,#2431,.T.);
#1837=ORIENTED_EDGE('',*,*,#2433,.T.);
#1838=ORIENTED_EDGE('',*,*,#2350,.F.);
#1839=ORIENTED_EDGE('',*,*,#2348,.F.);
#1840=ORIENTED_EDGE('',*,*,#2364,.T.);
#1841=ORIENTED_EDGE('',*,*,#2434,.T.);
#1842=ORIENTED_EDGE('',*,*,#2435,.F.);
#1843=ORIENTED_EDGE('',*,*,#2358,.T.);
#1844=ORIENTED_EDGE('',*,*,#2327,.F.);
#1845=ORIENTED_EDGE('',*,*,#2436,.T.);
#1846=ORIENTED_EDGE('',*,*,#2437,.T.);
#1847=ORIENTED_EDGE('',*,*,#2329,.F.);
#1848=ORIENTED_EDGE('',*,*,#2438,.T.);
#1849=ORIENTED_EDGE('',*,*,#2439,.F.);
#1850=ORIENTED_EDGE('',*,*,#2359,.T.);
#1851=ORIENTED_EDGE('',*,*,#2435,.T.);
#1852=ORIENTED_EDGE('',*,*,#2440,.T.);
#1853=ORIENTED_EDGE('',*,*,#2439,.T.);
#1854=ORIENTED_EDGE('',*,*,#2441,.T.);
#1855=ORIENTED_EDGE('',*,*,#2362,.F.);
#1856=ORIENTED_EDGE('',*,*,#2360,.F.);
#1857=ORIENTED_EDGE('',*,*,#2376,.T.);
#1858=ORIENTED_EDGE('',*,*,#2442,.T.);
#1859=ORIENTED_EDGE('',*,*,#2443,.F.);
#1860=ORIENTED_EDGE('',*,*,#2370,.T.);
#1861=ORIENTED_EDGE('',*,*,#2321,.F.);
#1862=ORIENTED_EDGE('',*,*,#2444,.T.);
#1863=ORIENTED_EDGE('',*,*,#2445,.T.);
#1864=ORIENTED_EDGE('',*,*,#2323,.F.);
#1865=ORIENTED_EDGE('',*,*,#2446,.T.);
#1866=ORIENTED_EDGE('',*,*,#2447,.F.);
#1867=ORIENTED_EDGE('',*,*,#2371,.T.);
#1868=ORIENTED_EDGE('',*,*,#2443,.T.);
#1869=ORIENTED_EDGE('',*,*,#2448,.T.);
#1870=ORIENTED_EDGE('',*,*,#2447,.T.);
#1871=ORIENTED_EDGE('',*,*,#2449,.T.);
#1872=ORIENTED_EDGE('',*,*,#2374,.F.);
#1873=ORIENTED_EDGE('',*,*,#2372,.F.);
#1874=ORIENTED_EDGE('',*,*,#2430,.F.);
#1875=ORIENTED_EDGE('',*,*,#2334,.T.);
#1876=ORIENTED_EDGE('',*,*,#2432,.F.);
#1877=ORIENTED_EDGE('',*,*,#2426,.F.);
#1878=ORIENTED_EDGE('',*,*,#2351,.F.);
#1879=ORIENTED_EDGE('',*,*,#2433,.F.);
#1880=ORIENTED_EDGE('',*,*,#2438,.F.);
#1881=ORIENTED_EDGE('',*,*,#2328,.T.);
#1882=ORIENTED_EDGE('',*,*,#2440,.F.);
#1883=ORIENTED_EDGE('',*,*,#2434,.F.);
#1884=ORIENTED_EDGE('',*,*,#2363,.F.);
#1885=ORIENTED_EDGE('',*,*,#2441,.F.);
#1886=ORIENTED_EDGE('',*,*,#2446,.F.);
#1887=ORIENTED_EDGE('',*,*,#2322,.T.);
#1888=ORIENTED_EDGE('',*,*,#2448,.F.);
#1889=ORIENTED_EDGE('',*,*,#2442,.F.);
#1890=ORIENTED_EDGE('',*,*,#2375,.F.);
#1891=ORIENTED_EDGE('',*,*,#2449,.F.);
#1892=ORIENTED_EDGE('',*,*,#2422,.F.);
#1893=ORIENTED_EDGE('',*,*,#2340,.T.);
#1894=ORIENTED_EDGE('',*,*,#2424,.F.);
#1895=ORIENTED_EDGE('',*,*,#2418,.F.);
#1896=ORIENTED_EDGE('',*,*,#2387,.F.);
#1897=ORIENTED_EDGE('',*,*,#2425,.F.);
#1898=ORIENTED_EDGE('',*,*,#2337,.F.);
#1899=ORIENTED_EDGE('',*,*,#2450,.T.);
#1900=ORIENTED_EDGE('',*,*,#2451,.T.);
#1901=ORIENTED_EDGE('',*,*,#2319,.F.);
#1902=ORIENTED_EDGE('',*,*,#2452,.T.);
#1903=ORIENTED_EDGE('',*,*,#2453,.T.);
#1904=ORIENTED_EDGE('',*,*,#2325,.F.);
#1905=ORIENTED_EDGE('',*,*,#2454,.T.);
#1906=ORIENTED_EDGE('',*,*,#2455,.T.);
#1907=ORIENTED_EDGE('',*,*,#2331,.F.);
#1908=ORIENTED_EDGE('',*,*,#2456,.T.);
#1909=ORIENTED_EDGE('',*,*,#2457,.T.);
#1910=ORIENTED_EDGE('',*,*,#2458,.T.);
#1911=ORIENTED_EDGE('',*,*,#2420,.F.);
#1912=ORIENTED_EDGE('',*,*,#2338,.F.);
#1913=ORIENTED_EDGE('',*,*,#2451,.F.);
#1914=ORIENTED_EDGE('',*,*,#2342,.T.);
#1915=ORIENTED_EDGE('',*,*,#2421,.F.);
#1916=ORIENTED_EDGE('',*,*,#2458,.F.);
#1917=ORIENTED_EDGE('',*,*,#2450,.F.);
#1918=ORIENTED_EDGE('',*,*,#2336,.T.);
#1919=ORIENTED_EDGE('',*,*,#2429,.F.);
#1920=ORIENTED_EDGE('',*,*,#2459,.F.);
#1921=ORIENTED_EDGE('',*,*,#2456,.F.);
#1922=ORIENTED_EDGE('',*,*,#2459,.T.);
#1923=ORIENTED_EDGE('',*,*,#2428,.F.);
#1924=ORIENTED_EDGE('',*,*,#2332,.F.);
#1925=ORIENTED_EDGE('',*,*,#2457,.F.);
#1926=ORIENTED_EDGE('',*,*,#2330,.T.);
#1927=ORIENTED_EDGE('',*,*,#2437,.F.);
#1928=ORIENTED_EDGE('',*,*,#2460,.F.);
#1929=ORIENTED_EDGE('',*,*,#2454,.F.);
#1930=ORIENTED_EDGE('',*,*,#2460,.T.);
#1931=ORIENTED_EDGE('',*,*,#2436,.F.);
#1932=ORIENTED_EDGE('',*,*,#2326,.F.);
#1933=ORIENTED_EDGE('',*,*,#2455,.F.);
#1934=ORIENTED_EDGE('',*,*,#2324,.T.);
#1935=ORIENTED_EDGE('',*,*,#2445,.F.);
#1936=ORIENTED_EDGE('',*,*,#2461,.F.);
#1937=ORIENTED_EDGE('',*,*,#2452,.F.);
#1938=ORIENTED_EDGE('',*,*,#2461,.T.);
#1939=ORIENTED_EDGE('',*,*,#2444,.F.);
#1940=ORIENTED_EDGE('',*,*,#2320,.F.);
#1941=ORIENTED_EDGE('',*,*,#2453,.F.);
#1942=EDGE_CURVE('',#2462,#2463,#2804,.T.);
#1943=EDGE_CURVE('',#2462,#2464,#176,.T.);
#1944=EDGE_CURVE('',#2464,#2463,#177,.T.);
#1945=EDGE_CURVE('',#2465,#2466,#178,.T.);
#1946=EDGE_CURVE('',#2466,#2467,#179,.T.);
#1947=EDGE_CURVE('',#2467,#2465,#2805,.T.);
#1948=EDGE_CURVE('',#2468,#2469,#2806,.T.);
#1949=EDGE_CURVE('',#2470,#2468,#180,.T.);
#1950=EDGE_CURVE('',#2471,#2470,#111,.F.);
#1951=EDGE_CURVE('',#2471,#2469,#181,.T.);
#1952=EDGE_CURVE('',#2472,#2473,#60,.T.);
#1953=EDGE_CURVE('',#2473,#2474,#112,.F.);
#1954=EDGE_CURVE('',#2474,#2472,#113,.F.);
#1955=EDGE_CURVE('',#2463,#2473,#182,.T.);
#1956=EDGE_CURVE('',#2462,#2472,#183,.T.);
#1957=EDGE_CURVE('',#2475,#2476,#184,.T.);
#1958=EDGE_CURVE('',#2476,#2477,#185,.T.);
#1959=EDGE_CURVE('',#2478,#2477,#186,.T.);
#1960=EDGE_CURVE('',#2475,#2478,#187,.T.);
#1961=EDGE_CURVE('',#2479,#2480,#188,.T.);
#1962=EDGE_CURVE('',#2480,#2481,#189,.T.);
#1963=EDGE_CURVE('',#2482,#2481,#190,.T.);
#1964=EDGE_CURVE('',#2479,#2482,#191,.T.);
#1965=EDGE_CURVE('',#2483,#2484,#192,.T.);
#1966=EDGE_CURVE('',#2484,#2485,#193,.T.);
#1967=EDGE_CURVE('',#2486,#2485,#194,.T.);
#1968=EDGE_CURVE('',#2483,#2486,#195,.T.);
#1969=EDGE_CURVE('',#2487,#2488,#2807,.T.);
#1970=EDGE_CURVE('',#2488,#2489,#196,.T.);
#1971=EDGE_CURVE('',#2490,#2489,#2808,.T.);
#1972=EDGE_CURVE('',#2487,#2490,#197,.T.);
#1973=EDGE_CURVE('',#2491,#2492,#198,.T.);
#1974=EDGE_CURVE('',#2493,#2491,#199,.T.);
#1975=EDGE_CURVE('',#2493,#2494,#200,.T.);
#1976=EDGE_CURVE('',#2494,#2492,#201,.T.);
#1977=EDGE_CURVE('',#2493,#2495,#202,.T.);
#1978=EDGE_CURVE('',#2495,#2496,#203,.T.);
#1979=EDGE_CURVE('',#2494,#2496,#204,.T.);
#1980=EDGE_CURVE('',#2484,#2497,#61,.F.);
#1981=EDGE_CURVE('',#2497,#2483,#205,.T.);
#1982=EDGE_CURVE('',#2480,#2479,#62,.F.);
#1983=EDGE_CURVE('',#2476,#2475,#63,.F.);
#1984=EDGE_CURVE('',#2495,#2498,#64,.F.);
#1985=EDGE_CURVE('',#2491,#2499,#65,.F.);
#1986=EDGE_CURVE('',#2500,#2499,#66,.F.);
#1987=EDGE_CURVE('',#2500,#2501,#67,.F.);
#1988=EDGE_CURVE('',#2502,#2501,#68,.F.);
#1989=EDGE_CURVE('',#2502,#2498,#69,.F.);
#1990=EDGE_CURVE('',#2503,#2487,#206,.T.);
#1991=EDGE_CURVE('',#2488,#2503,#70,.F.);
#1992=EDGE_CURVE('',#2504,#2505,#71,.F.);
#1993=EDGE_CURVE('',#2504,#2506,#207,.T.);
#1994=EDGE_CURVE('',#2507,#2506,#2809,.T.);
#1995=EDGE_CURVE('',#2508,#2507,#72,.F.);
#1996=EDGE_CURVE('',#2505,#2508,#114,.T.);
#1997=EDGE_CURVE('',#2509,#2510,#208,.T.);
#1998=EDGE_CURVE('',#2509,#2511,#2810,.F.);
#1999=EDGE_CURVE('',#2511,#2468,#209,.T.);
#2000=EDGE_CURVE('',#2512,#2469,#210,.T.);
#2001=EDGE_CURVE('',#2512,#2510,#2811,.F.);
#2002=EDGE_CURVE('',#2513,#2514,#211,.T.);
#2003=EDGE_CURVE('',#2514,#2515,#212,.T.);
#2004=EDGE_CURVE('',#2516,#2515,#213,.T.);
#2005=EDGE_CURVE('',#2513,#2516,#214,.T.);
#2006=EDGE_CURVE('',#2517,#2518,#215,.T.);
#2007=EDGE_CURVE('',#2519,#2517,#216,.T.);
#2008=EDGE_CURVE('',#2519,#2520,#2812,.F.);
#2009=EDGE_CURVE('',#2520,#2514,#217,.T.);
#2010=EDGE_CURVE('',#2521,#2513,#218,.T.);
#2011=EDGE_CURVE('',#2521,#2522,#219,.T.);
#2012=EDGE_CURVE('',#2522,#2523,#220,.T.);
#2013=EDGE_CURVE('',#2523,#2518,#2813,.F.);
#2014=EDGE_CURVE('',#2524,#2525,#221,.T.);
#2015=EDGE_CURVE('',#2525,#2522,#222,.T.);
#2016=EDGE_CURVE('',#2524,#2521,#223,.T.);
#2017=EDGE_CURVE('',#2524,#2470,#224,.T.);
#2018=EDGE_CURVE('',#2471,#2516,#225,.T.);
#2019=EDGE_CURVE('',#2482,#2481,#73,.T.);
#2020=EDGE_CURVE('',#2478,#2477,#74,.T.);
#2021=EDGE_CURVE('',#2526,#2489,#75,.T.);
#2022=EDGE_CURVE('',#2526,#2490,#226,.T.);
#2023=EDGE_CURVE('',#2527,#2528,#76,.T.);
#2024=EDGE_CURVE('',#2527,#2529,#2814,.T.);
#2025=EDGE_CURVE('',#2530,#2529,#227,.T.);
#2026=EDGE_CURVE('',#2531,#2530,#77,.T.);
#2027=EDGE_CURVE('',#2528,#2531,#115,.T.);
#2028=EDGE_CURVE('',#2532,#2485,#78,.T.);
#2029=EDGE_CURVE('',#2532,#2486,#228,.T.);
#2030=EDGE_CURVE('',#2533,#2534,#229,.T.);
#2031=EDGE_CURVE('',#2533,#2535,#2815,.T.);
#2032=EDGE_CURVE('',#2535,#2536,#230,.T.);
#2033=EDGE_CURVE('',#2536,#2537,#231,.T.);
#2034=EDGE_CURVE('',#2537,#2538,#232,.T.);
#2035=EDGE_CURVE('',#2538,#2539,#2816,.T.);
#2036=EDGE_CURVE('',#2539,#2540,#233,.T.);
#2037=EDGE_CURVE('',#2534,#2540,#234,.T.);
#2038=EDGE_CURVE('',#2541,#2492,#79,.T.);
#2039=EDGE_CURVE('',#2542,#2496,#80,.T.);
#2040=EDGE_CURVE('',#2542,#2543,#81,.T.);
#2041=EDGE_CURVE('',#2544,#2543,#82,.T.);
#2042=EDGE_CURVE('',#2544,#2545,#83,.T.);
#2043=EDGE_CURVE('',#2541,#2545,#84,.T.);
#2044=EDGE_CURVE('',#2468,#2534,#235,.T.);
#2045=EDGE_CURVE('',#2469,#2540,#236,.T.);
#2046=EDGE_CURVE('',#2515,#2525,#237,.T.);
#2047=EDGE_CURVE('',#2523,#2520,#116,.F.);
#2048=EDGE_CURVE('',#2503,#2526,#238,.T.);
#2049=EDGE_CURVE('',#2507,#2527,#239,.T.);
#2050=EDGE_CURVE('',#2506,#2529,#240,.T.);
#2051=EDGE_CURVE('',#2504,#2530,#241,.T.);
#2052=EDGE_CURVE('',#2546,#2537,#242,.T.);
#2053=EDGE_CURVE('',#2546,#2538,#243,.T.);
#2054=EDGE_CURVE('',#2539,#2512,#244,.F.);
#2055=EDGE_CURVE('',#2511,#2533,#245,.T.);
#2056=EDGE_CURVE('',#2535,#2547,#246,.F.);
#2057=EDGE_CURVE('',#2536,#2547,#247,.T.);
#2058=EDGE_CURVE('',#2497,#2532,#248,.T.);
#2059=EDGE_CURVE('',#2547,#2509,#117,.F.);
#2060=EDGE_CURVE('',#2510,#2546,#118,.F.);
#2061=EDGE_CURVE('',#2499,#2541,#249,.T.);
#2062=EDGE_CURVE('',#2500,#2545,#250,.T.);
#2063=EDGE_CURVE('',#2501,#2544,#251,.T.);
#2064=EDGE_CURVE('',#2502,#2543,#252,.T.);
#2065=EDGE_CURVE('',#2498,#2542,#253,.T.);
#2066=EDGE_CURVE('',#2508,#2528,#254,.T.);
#2067=EDGE_CURVE('',#2505,#2531,#255,.T.);
#2068=EDGE_CURVE('',#2518,#2467,#256,.T.);
#2069=EDGE_CURVE('',#2519,#2465,#257,.T.);
#2070=EDGE_CURVE('',#2464,#2474,#258,.T.);
#2071=EDGE_CURVE('',#2517,#2466,#259,.T.);
#2072=EDGE_CURVE('',#2548,#2549,#2817,.T.);
#2073=EDGE_CURVE('',#2548,#2550,#260,.T.);
#2074=EDGE_CURVE('',#2550,#2549,#261,.T.);
#2075=EDGE_CURVE('',#2551,#2552,#262,.T.);
#2076=EDGE_CURVE('',#2552,#2553,#263,.T.);
#2077=EDGE_CURVE('',#2553,#2551,#2818,.T.);
#2078=EDGE_CURVE('',#2554,#2555,#2819,.T.);
#2079=EDGE_CURVE('',#2556,#2554,#264,.T.);
#2080=EDGE_CURVE('',#2557,#2556,#119,.F.);
#2081=EDGE_CURVE('',#2557,#2555,#265,.T.);
#2082=EDGE_CURVE('',#2558,#2559,#85,.T.);
#2083=EDGE_CURVE('',#2559,#2560,#120,.F.);
#2084=EDGE_CURVE('',#2560,#2558,#121,.F.);
#2085=EDGE_CURVE('',#2549,#2559,#266,.T.);
#2086=EDGE_CURVE('',#2548,#2558,#267,.T.);
#2087=EDGE_CURVE('',#2561,#2562,#268,.T.);
#2088=EDGE_CURVE('',#2562,#2563,#269,.T.);
#2089=EDGE_CURVE('',#2564,#2563,#270,.T.);
#2090=EDGE_CURVE('',#2561,#2564,#271,.T.);
#2091=EDGE_CURVE('',#2565,#2566,#272,.T.);
#2092=EDGE_CURVE('',#2566,#2567,#273,.T.);
#2093=EDGE_CURVE('',#2568,#2567,#274,.T.);
#2094=EDGE_CURVE('',#2565,#2568,#275,.T.);
#2095=EDGE_CURVE('',#2569,#2570,#276,.T.);
#2096=EDGE_CURVE('',#2570,#2571,#277,.T.);
#2097=EDGE_CURVE('',#2572,#2571,#278,.T.);
#2098=EDGE_CURVE('',#2569,#2572,#279,.T.);
#2099=EDGE_CURVE('',#2573,#2574,#2820,.T.);
#2100=EDGE_CURVE('',#2574,#2575,#280,.T.);
#2101=EDGE_CURVE('',#2576,#2575,#2821,.T.);
#2102=EDGE_CURVE('',#2573,#2576,#281,.T.);
#2103=EDGE_CURVE('',#2577,#2578,#282,.T.);
#2104=EDGE_CURVE('',#2579,#2577,#283,.T.);
#2105=EDGE_CURVE('',#2579,#2580,#284,.T.);
#2106=EDGE_CURVE('',#2580,#2578,#285,.T.);
#2107=EDGE_CURVE('',#2579,#2581,#286,.T.);
#2108=EDGE_CURVE('',#2581,#2582,#287,.T.);
#2109=EDGE_CURVE('',#2580,#2582,#288,.T.);
#2110=EDGE_CURVE('',#2570,#2583,#86,.F.);
#2111=EDGE_CURVE('',#2583,#2569,#289,.T.);
#2112=EDGE_CURVE('',#2566,#2565,#87,.F.);
#2113=EDGE_CURVE('',#2562,#2561,#88,.F.);
#2114=EDGE_CURVE('',#2581,#2584,#89,.F.);
#2115=EDGE_CURVE('',#2577,#2585,#90,.F.);
#2116=EDGE_CURVE('',#2586,#2585,#91,.F.);
#2117=EDGE_CURVE('',#2586,#2587,#92,.F.);
#2118=EDGE_CURVE('',#2588,#2587,#93,.F.);
#2119=EDGE_CURVE('',#2588,#2584,#94,.F.);
#2120=EDGE_CURVE('',#2589,#2573,#290,.T.);
#2121=EDGE_CURVE('',#2574,#2589,#95,.F.);
#2122=EDGE_CURVE('',#2590,#2591,#96,.F.);
#2123=EDGE_CURVE('',#2590,#2592,#291,.T.);
#2124=EDGE_CURVE('',#2593,#2592,#2822,.T.);
#2125=EDGE_CURVE('',#2594,#2593,#97,.F.);
#2126=EDGE_CURVE('',#2591,#2594,#122,.T.);
#2127=EDGE_CURVE('',#2595,#2596,#292,.T.);
#2128=EDGE_CURVE('',#2595,#2597,#2823,.F.);
#2129=EDGE_CURVE('',#2597,#2554,#293,.T.);
#2130=EDGE_CURVE('',#2598,#2555,#294,.T.);
#2131=EDGE_CURVE('',#2598,#2599,#2824,.F.);
#2132=EDGE_CURVE('',#2600,#2599,#295,.T.);
#2133=EDGE_CURVE('',#2601,#2600,#296,.T.);
#2134=EDGE_CURVE('',#2602,#2601,#297,.T.);
#2135=EDGE_CURVE('',#2603,#2602,#298,.T.);
#2136=EDGE_CURVE('',#2604,#2603,#299,.T.);
#2137=EDGE_CURVE('',#2605,#2604,#300,.T.);
#2138=EDGE_CURVE('',#2606,#2605,#301,.T.);
#2139=EDGE_CURVE('',#2607,#2606,#302,.T.);
#2140=EDGE_CURVE('',#2608,#2607,#303,.T.);
#2141=EDGE_CURVE('',#2596,#2608,#304,.T.);
#2142=EDGE_CURVE('',#2609,#2610,#305,.T.);
#2143=EDGE_CURVE('',#2610,#2611,#306,.T.);
#2144=EDGE_CURVE('',#2612,#2611,#307,.T.);
#2145=EDGE_CURVE('',#2609,#2612,#308,.T.);
#2146=EDGE_CURVE('',#2613,#2614,#309,.T.);
#2147=EDGE_CURVE('',#2615,#2613,#310,.T.);
#2148=EDGE_CURVE('',#2615,#2616,#2825,.F.);
#2149=EDGE_CURVE('',#2616,#2610,#311,.T.);
#2150=EDGE_CURVE('',#2617,#2609,#312,.T.);
#2151=EDGE_CURVE('',#2617,#2618,#313,.T.);
#2152=EDGE_CURVE('',#2618,#2619,#314,.T.);
#2153=EDGE_CURVE('',#2619,#2614,#2826,.F.);
#2154=EDGE_CURVE('',#2620,#2621,#315,.T.);
#2155=EDGE_CURVE('',#2621,#2618,#316,.T.);
#2156=EDGE_CURVE('',#2620,#2617,#317,.T.);
#2157=EDGE_CURVE('',#2620,#2556,#318,.T.);
#2158=EDGE_CURVE('',#2557,#2612,#319,.T.);
#2159=EDGE_CURVE('',#2568,#2567,#98,.T.);
#2160=EDGE_CURVE('',#2564,#2563,#99,.T.);
#2161=EDGE_CURVE('',#2622,#2575,#100,.T.);
#2162=EDGE_CURVE('',#2622,#2576,#320,.T.);
#2163=EDGE_CURVE('',#2623,#2624,#101,.T.);
#2164=EDGE_CURVE('',#2623,#2625,#2827,.T.);
#2165=EDGE_CURVE('',#2626,#2625,#321,.T.);
#2166=EDGE_CURVE('',#2627,#2626,#102,.T.);
#2167=EDGE_CURVE('',#2624,#2627,#123,.T.);
#2168=EDGE_CURVE('',#2628,#2571,#103,.T.);
#2169=EDGE_CURVE('',#2628,#2572,#322,.T.);
#2170=EDGE_CURVE('',#2629,#2630,#323,.T.);
#2171=EDGE_CURVE('',#2629,#2631,#2828,.T.);
#2172=EDGE_CURVE('',#2631,#2632,#324,.T.);
#2173=EDGE_CURVE('',#2632,#2633,#325,.T.);
#2174=EDGE_CURVE('',#2633,#2634,#326,.T.);
#2175=EDGE_CURVE('',#2634,#2635,#327,.T.);
#2176=EDGE_CURVE('',#2635,#2636,#328,.T.);
#2177=EDGE_CURVE('',#2636,#2637,#329,.T.);
#2178=EDGE_CURVE('',#2637,#2638,#330,.T.);
#2179=EDGE_CURVE('',#2638,#2639,#331,.T.);
#2180=EDGE_CURVE('',#2639,#2640,#332,.T.);
#2181=EDGE_CURVE('',#2640,#2641,#333,.T.);
#2182=EDGE_CURVE('',#2641,#2642,#334,.T.);
#2183=EDGE_CURVE('',#2642,#2643,#335,.T.);
#2184=EDGE_CURVE('',#2643,#2644,#336,.T.);
#2185=EDGE_CURVE('',#2644,#2645,#337,.T.);
#2186=EDGE_CURVE('',#2645,#2646,#338,.T.);
#2187=EDGE_CURVE('',#2646,#2647,#339,.T.);
#2188=EDGE_CURVE('',#2647,#2648,#340,.T.);
#2189=EDGE_CURVE('',#2648,#2649,#341,.T.);
#2190=EDGE_CURVE('',#2649,#2650,#342,.T.);
#2191=EDGE_CURVE('',#2650,#2651,#343,.T.);
#2192=EDGE_CURVE('',#2651,#2652,#344,.T.);
#2193=EDGE_CURVE('',#2652,#2653,#345,.T.);
#2194=EDGE_CURVE('',#2653,#2654,#2829,.T.);
#2195=EDGE_CURVE('',#2654,#2655,#346,.T.);
#2196=EDGE_CURVE('',#2630,#2655,#347,.T.);
#2197=EDGE_CURVE('',#2656,#2578,#104,.T.);
#2198=EDGE_CURVE('',#2657,#2582,#105,.T.);
#2199=EDGE_CURVE('',#2657,#2658,#106,.T.);
#2200=EDGE_CURVE('',#2659,#2658,#107,.T.);
#2201=EDGE_CURVE('',#2659,#2660,#108,.T.);
#2202=EDGE_CURVE('',#2656,#2660,#109,.T.);
#2203=EDGE_CURVE('',#2554,#2630,#348,.T.);
#2204=EDGE_CURVE('',#2555,#2655,#349,.T.);
#2205=EDGE_CURVE('',#2611,#2621,#350,.T.);
#2206=EDGE_CURVE('',#2619,#2616,#124,.F.);
#2207=EDGE_CURVE('',#2589,#2622,#351,.T.);
#2208=EDGE_CURVE('',#2593,#2623,#352,.T.);
#2209=EDGE_CURVE('',#2592,#2625,#353,.T.);
#2210=EDGE_CURVE('',#2590,#2626,#354,.T.);
#2211=EDGE_CURVE('',#2652,#2600,#355,.T.);
#2212=EDGE_CURVE('',#2600,#2651,#356,.T.);
#2213=EDGE_CURVE('',#2661,#2652,#357,.T.);
#2214=EDGE_CURVE('',#2661,#2653,#358,.T.);
#2215=EDGE_CURVE('',#2654,#2598,#359,.F.);
#2216=EDGE_CURVE('',#2597,#2629,#360,.T.);
#2217=EDGE_CURVE('',#2631,#2662,#361,.F.);
#2218=EDGE_CURVE('',#2632,#2662,#362,.T.);
#2219=EDGE_CURVE('',#2596,#2632,#363,.T.);
#2220=EDGE_CURVE('',#2596,#2633,#364,.T.);
#2221=EDGE_CURVE('',#2634,#2596,#365,.T.);
#2222=EDGE_CURVE('',#2608,#2634,#366,.T.);
#2223=EDGE_CURVE('',#2608,#2635,#367,.T.);
#2224=EDGE_CURVE('',#2636,#2608,#368,.T.);
#2225=EDGE_CURVE('',#2607,#2636,#369,.T.);
#2226=EDGE_CURVE('',#2607,#2637,#370,.T.);
#2227=EDGE_CURVE('',#2638,#2607,#371,.T.);
#2228=EDGE_CURVE('',#2606,#2638,#372,.T.);
#2229=EDGE_CURVE('',#2606,#2639,#373,.T.);
#2230=EDGE_CURVE('',#2640,#2606,#374,.T.);
#2231=EDGE_CURVE('',#2605,#2640,#375,.T.);
#2232=EDGE_CURVE('',#2605,#2641,#376,.T.);
#2233=EDGE_CURVE('',#2642,#2605,#377,.T.);
#2234=EDGE_CURVE('',#2604,#2642,#378,.T.);
#2235=EDGE_CURVE('',#2604,#2643,#379,.T.);
#2236=EDGE_CURVE('',#2644,#2604,#380,.T.);
#2237=EDGE_CURVE('',#2603,#2644,#381,.T.);
#2238=EDGE_CURVE('',#2603,#2645,#382,.T.);
#2239=EDGE_CURVE('',#2646,#2603,#383,.T.);
#2240=EDGE_CURVE('',#2602,#2646,#384,.T.);
#2241=EDGE_CURVE('',#2602,#2647,#385,.T.);
#2242=EDGE_CURVE('',#2648,#2602,#386,.T.);
#2243=EDGE_CURVE('',#2601,#2648,#387,.T.);
#2244=EDGE_CURVE('',#2601,#2649,#388,.T.);
#2245=EDGE_CURVE('',#2650,#2601,#389,.T.);
#2246=EDGE_CURVE('',#2600,#2650,#390,.T.);
#2247=EDGE_CURVE('',#2583,#2628,#391,.T.);
#2248=EDGE_CURVE('',#2662,#2595,#125,.F.);
#2249=EDGE_CURVE('',#2599,#2661,#126,.F.);
#2250=EDGE_CURVE('',#2585,#2656,#392,.T.);
#2251=EDGE_CURVE('',#2586,#2660,#393,.T.);
#2252=EDGE_CURVE('',#2587,#2659,#394,.T.);
#2253=EDGE_CURVE('',#2588,#2658,#395,.T.);
#2254=EDGE_CURVE('',#2584,#2657,#396,.T.);
#2255=EDGE_CURVE('',#2594,#2624,#397,.T.);
#2256=EDGE_CURVE('',#2591,#2627,#398,.T.);
#2257=EDGE_CURVE('',#2614,#2553,#399,.T.);
#2258=EDGE_CURVE('',#2615,#2551,#400,.T.);
#2259=EDGE_CURVE('',#2550,#2560,#401,.T.);
#2260=EDGE_CURVE('',#2613,#2552,#402,.T.);
#2261=EDGE_CURVE('',#2663,#2664,#403,.T.);
#2262=EDGE_CURVE('',#2663,#2665,#2830,.T.);
#2263=EDGE_CURVE('',#2665,#2666,#404,.T.);
#2264=EDGE_CURVE('',#2667,#2666,#2831,.T.);
#2265=EDGE_CURVE('',#2667,#2668,#2832,.T.);
#2266=EDGE_CURVE('',#2669,#2668,#405,.T.);
#2267=EDGE_CURVE('',#2664,#2669,#2833,.T.);
#2268=EDGE_CURVE('',#2670,#2671,#2834,.T.);
#2269=EDGE_CURVE('',#2670,#2672,#406,.T.);
#2270=EDGE_CURVE('',#2672,#2671,#407,.T.);
#2271=EDGE_CURVE('',#2673,#2674,#408,.T.);
#2272=EDGE_CURVE('',#2674,#2675,#409,.T.);
#2273=EDGE_CURVE('',#2675,#2673,#2835,.T.);
#2274=EDGE_CURVE('',#2676,#2677,#2836,.T.);
#2275=EDGE_CURVE('',#2678,#2676,#410,.T.);
#2276=EDGE_CURVE('',#2679,#2678,#127,.F.);
#2277=EDGE_CURVE('',#2679,#2677,#411,.T.);
#2278=EDGE_CURVE('',#2680,#2681,#110,.T.);
#2279=EDGE_CURVE('',#2681,#2682,#128,.F.);
#2280=EDGE_CURVE('',#2682,#2680,#129,.F.);
#2281=EDGE_CURVE('',#2671,#2681,#412,.T.);
#2282=EDGE_CURVE('',#2670,#2680,#413,.T.);
#2283=EDGE_CURVE('',#2683,#2684,#414,.T.);
#2284=EDGE_CURVE('',#2684,#2685,#415,.T.);
#2285=EDGE_CURVE('',#2686,#2685,#416,.T.);
#2286=EDGE_CURVE('',#2683,#2686,#417,.T.);
#2287=EDGE_CURVE('',#2687,#2688,#418,.T.);
#2288=EDGE_CURVE('',#2689,#2687,#419,.T.);
#2289=EDGE_CURVE('',#2689,#2690,#2837,.F.);
#2290=EDGE_CURVE('',#2690,#2684,#420,.T.);
#2291=EDGE_CURVE('',#2691,#2683,#421,.T.);
#2292=EDGE_CURVE('',#2691,#2692,#422,.T.);
#2293=EDGE_CURVE('',#2692,#2693,#423,.T.);
#2294=EDGE_CURVE('',#2693,#2688,#2838,.F.);
#2295=EDGE_CURVE('',#2694,#2695,#424,.T.);
#2296=EDGE_CURVE('',#2695,#2692,#425,.T.);
#2297=EDGE_CURVE('',#2694,#2691,#426,.T.);
#2298=EDGE_CURVE('',#2694,#2678,#427,.T.);
#2299=EDGE_CURVE('',#2679,#2686,#428,.T.);
#2300=EDGE_CURVE('',#2676,#2663,#429,.T.);
#2301=EDGE_CURVE('',#2677,#2664,#430,.T.);
#2302=EDGE_CURVE('',#2685,#2695,#431,.T.);
#2303=EDGE_CURVE('',#2693,#2690,#130,.F.);
#2304=EDGE_CURVE('',#2688,#2675,#432,.T.);
#2305=EDGE_CURVE('',#2689,#2673,#433,.T.);
#2306=EDGE_CURVE('',#2672,#2682,#434,.T.);
#2307=EDGE_CURVE('',#2687,#2674,#435,.T.);
#2308=EDGE_CURVE('',#2676,#2696,#2839,.T.);
#2309=EDGE_CURVE('',#2696,#2665,#436,.T.);
#2310=EDGE_CURVE('',#2696,#2697,#437,.T.);
#2311=EDGE_CURVE('',#2697,#2666,#438,.T.);
#2312=EDGE_CURVE('',#2698,#2697,#2840,.T.);
#2313=EDGE_CURVE('',#2698,#2667,#439,.T.);
#2314=EDGE_CURVE('',#2698,#2699,#2841,.T.);
#2315=EDGE_CURVE('',#2699,#2668,#440,.T.);
#2316=EDGE_CURVE('',#2700,#2699,#441,.T.);
#2317=EDGE_CURVE('',#2700,#2669,#442,.T.);
#2318=EDGE_CURVE('',#2677,#2700,#2842,.T.);
#2319=EDGE_CURVE('',#2701,#2702,#2843,.T.);
#2320=EDGE_CURVE('',#2702,#2703,#443,.T.);
#2321=EDGE_CURVE('',#2703,#2704,#2844,.F.);
#2322=EDGE_CURVE('',#2705,#2704,#131,.F.);
#2323=EDGE_CURVE('',#2705,#2706,#2845,.F.);
#2324=EDGE_CURVE('',#2701,#2706,#444,.T.);
#2325=EDGE_CURVE('',#2707,#2708,#2846,.T.);
#2326=EDGE_CURVE('',#2708,#2709,#445,.T.);
#2327=EDGE_CURVE('',#2709,#2710,#2847,.F.);
#2328=EDGE_CURVE('',#2711,#2710,#132,.F.);
#2329=EDGE_CURVE('',#2711,#2712,#2848,.F.);
#2330=EDGE_CURVE('',#2707,#2712,#446,.T.);
#2331=EDGE_CURVE('',#2713,#2714,#2849,.T.);
#2332=EDGE_CURVE('',#2714,#2715,#447,.T.);
#2333=EDGE_CURVE('',#2715,#2716,#2850,.F.);
#2334=EDGE_CURVE('',#2717,#2716,#133,.F.);
#2335=EDGE_CURVE('',#2717,#2718,#2851,.F.);
#2336=EDGE_CURVE('',#2713,#2718,#448,.T.);
#2337=EDGE_CURVE('',#2719,#2720,#2852,.T.);
#2338=EDGE_CURVE('',#2720,#2721,#449,.T.);
#2339=EDGE_CURVE('',#2721,#2722,#2853,.F.);
#2340=EDGE_CURVE('',#2723,#2722,#134,.F.);
#2341=EDGE_CURVE('',#2723,#2724,#2854,.F.);
#2342=EDGE_CURVE('',#2719,#2724,#450,.T.);
#2343=EDGE_CURVE('',#2725,#2726,#451,.T.);
#2344=EDGE_CURVE('',#2725,#2727,#135,.T.);
#2345=EDGE_CURVE('',#2728,#2727,#452,.T.);
#2346=EDGE_CURVE('',#2729,#2728,#453,.T.);
#2347=EDGE_CURVE('',#2730,#2729,#454,.T.);
#2348=EDGE_CURVE('',#2730,#2726,#455,.T.);
#2349=EDGE_CURVE('',#2725,#2731,#456,.T.);
#2350=EDGE_CURVE('',#2726,#2732,#457,.T.);
#2351=EDGE_CURVE('',#2732,#2733,#458,.T.);
#2352=EDGE_CURVE('',#2728,#2733,#459,.T.);
#2353=EDGE_CURVE('',#2727,#2734,#460,.T.);
#2354=EDGE_CURVE('',#2731,#2734,#461,.T.);
#2355=EDGE_CURVE('',#2735,#2736,#462,.T.);
#2356=EDGE_CURVE('',#2735,#2737,#136,.T.);
#2357=EDGE_CURVE('',#2738,#2737,#463,.T.);
#2358=EDGE_CURVE('',#2739,#2738,#464,.T.);
#2359=EDGE_CURVE('',#2740,#2739,#465,.T.);
#2360=EDGE_CURVE('',#2740,#2736,#466,.T.);
#2361=EDGE_CURVE('',#2735,#2741,#467,.T.);
#2362=EDGE_CURVE('',#2736,#2742,#468,.T.);
#2363=EDGE_CURVE('',#2742,#2743,#469,.T.);
#2364=EDGE_CURVE('',#2738,#2743,#470,.T.);
#2365=EDGE_CURVE('',#2737,#2744,#471,.T.);
#2366=EDGE_CURVE('',#2741,#2744,#472,.T.);
#2367=EDGE_CURVE('',#2745,#2746,#473,.T.);
#2368=EDGE_CURVE('',#2745,#2747,#137,.T.);
#2369=EDGE_CURVE('',#2748,#2747,#474,.T.);
#2370=EDGE_CURVE('',#2749,#2748,#475,.T.);
#2371=EDGE_CURVE('',#2750,#2749,#476,.T.);
#2372=EDGE_CURVE('',#2750,#2746,#477,.T.);
#2373=EDGE_CURVE('',#2745,#2751,#478,.T.);
#2374=EDGE_CURVE('',#2746,#2752,#479,.T.);
#2375=EDGE_CURVE('',#2752,#2753,#480,.T.);
#2376=EDGE_CURVE('',#2748,#2753,#481,.T.);
#2377=EDGE_CURVE('',#2747,#2754,#482,.T.);
#2378=EDGE_CURVE('',#2751,#2754,#483,.T.);
#2379=EDGE_CURVE('',#2755,#2756,#484,.T.);
#2380=EDGE_CURVE('',#2755,#2757,#138,.T.);
#2381=EDGE_CURVE('',#2758,#2757,#485,.T.);
#2382=EDGE_CURVE('',#2759,#2758,#486,.T.);
#2383=EDGE_CURVE('',#2760,#2759,#487,.T.);
#2384=EDGE_CURVE('',#2760,#2756,#488,.T.);
#2385=EDGE_CURVE('',#2755,#2761,#489,.T.);
#2386=EDGE_CURVE('',#2756,#2762,#490,.T.);
#2387=EDGE_CURVE('',#2762,#2763,#491,.T.);
#2388=EDGE_CURVE('',#2758,#2763,#492,.T.);
#2389=EDGE_CURVE('',#2757,#2764,#493,.T.);
#2390=EDGE_CURVE('',#2761,#2764,#494,.T.);
#2391=EDGE_CURVE('',#2744,#2731,#2855,.T.);
#2392=EDGE_CURVE('',#2734,#2761,#2856,.T.);
#2393=EDGE_CURVE('',#2764,#2751,#2857,.T.);
#2394=EDGE_CURVE('',#2754,#2741,#2858,.T.);
#2395=EDGE_CURVE('',#2765,#2765,#2859,.F.);
#2396=EDGE_CURVE('',#2766,#2766,#2860,.F.);
#2397=EDGE_CURVE('',#2767,#2767,#2861,.F.);
#2398=EDGE_CURVE('',#2768,#2768,#2862,.F.);
#2399=EDGE_CURVE('',#2769,#2769,#2863,.F.);
#2400=EDGE_CURVE('',#2770,#2770,#2864,.F.);
#2401=EDGE_CURVE('',#2771,#2771,#2865,.F.);
#2402=EDGE_CURVE('',#2772,#2772,#2866,.F.);
#2403=EDGE_CURVE('',#2773,#2773,#2867,.F.);
#2404=EDGE_CURVE('',#2774,#2774,#2868,.F.);
#2405=EDGE_CURVE('',#2775,#2775,#2869,.F.);
#2406=EDGE_CURVE('',#2776,#2776,#2870,.F.);
#2407=EDGE_CURVE('',#2777,#2777,#2871,.F.);
#2408=EDGE_CURVE('',#2778,#2778,#2872,.T.);
#2409=EDGE_CURVE('',#2779,#2779,#2873,.T.);
#2410=EDGE_CURVE('',#2780,#2780,#2874,.T.);
#2411=EDGE_CURVE('',#2781,#2781,#2875,.F.);
#2412=EDGE_CURVE('',#2782,#2782,#2876,.T.);
#2413=EDGE_CURVE('',#2783,#2783,#2877,.T.);
#2414=EDGE_CURVE('',#2784,#2784,#2878,.T.);
#2415=EDGE_CURVE('',#2785,#2785,#2879,.T.);
#2416=EDGE_CURVE('',#2786,#2786,#2880,.F.);
#2417=EDGE_CURVE('',#2787,#2787,#2881,.F.);
#2418=EDGE_CURVE('',#2763,#2788,#495,.T.);
#2419=EDGE_CURVE('',#2759,#2788,#496,.T.);
#2420=EDGE_CURVE('',#2721,#2789,#497,.T.);
#2421=EDGE_CURVE('',#2789,#2724,#498,.T.);
#2422=EDGE_CURVE('',#2723,#2790,#499,.T.);
#2423=EDGE_CURVE('',#2760,#2790,#500,.T.);
#2424=EDGE_CURVE('',#2788,#2722,#501,.T.);
#2425=EDGE_CURVE('',#2790,#2762,#502,.T.);
#2426=EDGE_CURVE('',#2733,#2791,#503,.T.);
#2427=EDGE_CURVE('',#2729,#2791,#504,.T.);
#2428=EDGE_CURVE('',#2715,#2792,#505,.T.);
#2429=EDGE_CURVE('',#2792,#2718,#506,.T.);
#2430=EDGE_CURVE('',#2717,#2793,#507,.T.);
#2431=EDGE_CURVE('',#2730,#2793,#508,.T.);
#2432=EDGE_CURVE('',#2791,#2716,#509,.T.);
#2433=EDGE_CURVE('',#2793,#2732,#510,.T.);
#2434=EDGE_CURVE('',#2743,#2794,#511,.T.);
#2435=EDGE_CURVE('',#2739,#2794,#512,.T.);
#2436=EDGE_CURVE('',#2709,#2795,#513,.T.);
#2437=EDGE_CURVE('',#2795,#2712,#514,.T.);
#2438=EDGE_CURVE('',#2711,#2796,#515,.T.);
#2439=EDGE_CURVE('',#2740,#2796,#516,.T.);
#2440=EDGE_CURVE('',#2794,#2710,#517,.T.);
#2441=EDGE_CURVE('',#2796,#2742,#518,.T.);
#2442=EDGE_CURVE('',#2753,#2797,#519,.T.);
#2443=EDGE_CURVE('',#2749,#2797,#520,.T.);
#2444=EDGE_CURVE('',#2703,#2798,#521,.T.);
#2445=EDGE_CURVE('',#2798,#2706,#522,.T.);
#2446=EDGE_CURVE('',#2705,#2799,#523,.T.);
#2447=EDGE_CURVE('',#2750,#2799,#524,.T.);
#2448=EDGE_CURVE('',#2797,#2704,#525,.T.);
#2449=EDGE_CURVE('',#2799,#2752,#526,.T.);
#2450=EDGE_CURVE('',#2719,#2800,#527,.T.);
#2451=EDGE_CURVE('',#2800,#2720,#528,.T.);
#2452=EDGE_CURVE('',#2701,#2801,#529,.T.);
#2453=EDGE_CURVE('',#2801,#2702,#530,.T.);
#2454=EDGE_CURVE('',#2707,#2802,#531,.T.);
#2455=EDGE_CURVE('',#2802,#2708,#532,.T.);
#2456=EDGE_CURVE('',#2713,#2803,#533,.T.);
#2457=EDGE_CURVE('',#2803,#2714,#534,.T.);
#2458=EDGE_CURVE('',#2800,#2789,#535,.T.);
#2459=EDGE_CURVE('',#2803,#2792,#536,.T.);
#2460=EDGE_CURVE('',#2802,#2795,#537,.T.);
#2461=EDGE_CURVE('',#2801,#2798,#538,.T.);
#2462=VERTEX_POINT('',#5037);
#2463=VERTEX_POINT('',#5038);
#2464=VERTEX_POINT('',#5040);
#2465=VERTEX_POINT('',#5043);
#2466=VERTEX_POINT('',#5044);
#2467=VERTEX_POINT('',#5046);
#2468=VERTEX_POINT('',#5050);
#2469=VERTEX_POINT('',#5051);
#2470=VERTEX_POINT('',#5053);
#2471=VERTEX_POINT('',#5055);
#2472=VERTEX_POINT('',#5068);
#2473=VERTEX_POINT('',#5069);
#2474=VERTEX_POINT('',#5071);
#2475=VERTEX_POINT('',#5078);
#2476=VERTEX_POINT('',#5079);
#2477=VERTEX_POINT('',#5081);
#2478=VERTEX_POINT('',#5083);
#2479=VERTEX_POINT('',#5087);
#2480=VERTEX_POINT('',#5088);
#2481=VERTEX_POINT('',#5090);
#2482=VERTEX_POINT('',#5092);
#2483=VERTEX_POINT('',#5096);
#2484=VERTEX_POINT('',#5097);
#2485=VERTEX_POINT('',#5099);
#2486=VERTEX_POINT('',#5101);
#2487=VERTEX_POINT('',#5105);
#2488=VERTEX_POINT('',#5106);
#2489=VERTEX_POINT('',#5108);
#2490=VERTEX_POINT('',#5110);
#2491=VERTEX_POINT('',#5114);
#2492=VERTEX_POINT('',#5115);
#2493=VERTEX_POINT('',#5117);
#2494=VERTEX_POINT('',#5119);
#2495=VERTEX_POINT('',#5123);
#2496=VERTEX_POINT('',#5125);
#2497=VERTEX_POINT('',#5274);
#2498=VERTEX_POINT('',#5341);
#2499=VERTEX_POINT('',#5350);
#2500=VERTEX_POINT('',#5357);
#2501=VERTEX_POINT('',#5391);
#2502=VERTEX_POINT('',#5397);
#2503=VERTEX_POINT('',#5413);
#2504=VERTEX_POINT('',#5462);
#2505=VERTEX_POINT('',#5463);
#2506=VERTEX_POINT('',#5465);
#2507=VERTEX_POINT('',#5467);
#2508=VERTEX_POINT('',#5473);
#2509=VERTEX_POINT('',#5476);
#2510=VERTEX_POINT('',#5477);
#2511=VERTEX_POINT('',#5479);
#2512=VERTEX_POINT('',#5482);
#2513=VERTEX_POINT('',#5486);
#2514=VERTEX_POINT('',#5487);
#2515=VERTEX_POINT('',#5489);
#2516=VERTEX_POINT('',#5491);
#2517=VERTEX_POINT('',#5495);
#2518=VERTEX_POINT('',#5496);
#2519=VERTEX_POINT('',#5498);
#2520=VERTEX_POINT('',#5500);
#2521=VERTEX_POINT('',#5503);
#2522=VERTEX_POINT('',#5505);
#2523=VERTEX_POINT('',#5507);
#2524=VERTEX_POINT('',#5511);
#2525=VERTEX_POINT('',#5512);
#2526=VERTEX_POINT('',#5605);
#2527=VERTEX_POINT('',#5612);
#2528=VERTEX_POINT('',#5613);
#2529=VERTEX_POINT('',#5615);
#2530=VERTEX_POINT('',#5617);
#2531=VERTEX_POINT('',#5628);
#2532=VERTEX_POINT('',#5776);
#2533=VERTEX_POINT('',#5779);
#2534=VERTEX_POINT('',#5780);
#2535=VERTEX_POINT('',#5782);
#2536=VERTEX_POINT('',#5784);
#2537=VERTEX_POINT('',#5786);
#2538=VERTEX_POINT('',#5788);
#2539=VERTEX_POINT('',#5790);
#2540=VERTEX_POINT('',#5792);
#2541=VERTEX_POINT('',#5802);
#2542=VERTEX_POINT('',#5820);
#2543=VERTEX_POINT('',#5835);
#2544=VERTEX_POINT('',#5841);
#2545=VERTEX_POINT('',#5875);
#2546=VERTEX_POINT('',#5897);
#2547=VERTEX_POINT('',#5905);
#2548=VERTEX_POINT('',#7387);
#2549=VERTEX_POINT('',#7388);
#2550=VERTEX_POINT('',#7390);
#2551=VERTEX_POINT('',#7393);
#2552=VERTEX_POINT('',#7394);
#2553=VERTEX_POINT('',#7396);
#2554=VERTEX_POINT('',#7400);
#2555=VERTEX_POINT('',#7401);
#2556=VERTEX_POINT('',#7403);
#2557=VERTEX_POINT('',#7405);
#2558=VERTEX_POINT('',#7418);
#2559=VERTEX_POINT('',#7419);
#2560=VERTEX_POINT('',#7421);
#2561=VERTEX_POINT('',#7428);
#2562=VERTEX_POINT('',#7429);
#2563=VERTEX_POINT('',#7431);
#2564=VERTEX_POINT('',#7433);
#2565=VERTEX_POINT('',#7437);
#2566=VERTEX_POINT('',#7438);
#2567=VERTEX_POINT('',#7440);
#2568=VERTEX_POINT('',#7442);
#2569=VERTEX_POINT('',#7446);
#2570=VERTEX_POINT('',#7447);
#2571=VERTEX_POINT('',#7449);
#2572=VERTEX_POINT('',#7451);
#2573=VERTEX_POINT('',#7455);
#2574=VERTEX_POINT('',#7456);
#2575=VERTEX_POINT('',#7458);
#2576=VERTEX_POINT('',#7460);
#2577=VERTEX_POINT('',#7464);
#2578=VERTEX_POINT('',#7465);
#2579=VERTEX_POINT('',#7467);
#2580=VERTEX_POINT('',#7469);
#2581=VERTEX_POINT('',#7473);
#2582=VERTEX_POINT('',#7475);
#2583=VERTEX_POINT('',#7624);
#2584=VERTEX_POINT('',#7691);
#2585=VERTEX_POINT('',#7700);
#2586=VERTEX_POINT('',#7707);
#2587=VERTEX_POINT('',#7741);
#2588=VERTEX_POINT('',#7747);
#2589=VERTEX_POINT('',#7763);
#2590=VERTEX_POINT('',#7812);
#2591=VERTEX_POINT('',#7813);
#2592=VERTEX_POINT('',#7815);
#2593=VERTEX_POINT('',#7817);
#2594=VERTEX_POINT('',#7823);
#2595=VERTEX_POINT('',#7826);
#2596=VERTEX_POINT('',#7827);
#2597=VERTEX_POINT('',#7829);
#2598=VERTEX_POINT('',#7832);
#2599=VERTEX_POINT('',#7834);
#2600=VERTEX_POINT('',#7836);
#2601=VERTEX_POINT('',#7838);
#2602=VERTEX_POINT('',#7840);
#2603=VERTEX_POINT('',#7842);
#2604=VERTEX_POINT('',#7844);
#2605=VERTEX_POINT('',#7846);
#2606=VERTEX_POINT('',#7848);
#2607=VERTEX_POINT('',#7850);
#2608=VERTEX_POINT('',#7852);
#2609=VERTEX_POINT('',#7856);
#2610=VERTEX_POINT('',#7857);
#2611=VERTEX_POINT('',#7859);
#2612=VERTEX_POINT('',#7861);
#2613=VERTEX_POINT('',#7865);
#2614=VERTEX_POINT('',#7866);
#2615=VERTEX_POINT('',#7868);
#2616=VERTEX_POINT('',#7870);
#2617=VERTEX_POINT('',#7873);
#2618=VERTEX_POINT('',#7875);
#2619=VERTEX_POINT('',#7877);
#2620=VERTEX_POINT('',#7881);
#2621=VERTEX_POINT('',#7882);
#2622=VERTEX_POINT('',#7975);
#2623=VERTEX_POINT('',#7982);
#2624=VERTEX_POINT('',#7983);
#2625=VERTEX_POINT('',#7985);
#2626=VERTEX_POINT('',#7987);
#2627=VERTEX_POINT('',#7998);
#2628=VERTEX_POINT('',#8146);
#2629=VERTEX_POINT('',#8149);
#2630=VERTEX_POINT('',#8150);
#2631=VERTEX_POINT('',#8152);
#2632=VERTEX_POINT('',#8154);
#2633=VERTEX_POINT('',#8156);
#2634=VERTEX_POINT('',#8158);
#2635=VERTEX_POINT('',#8160);
#2636=VERTEX_POINT('',#8162);
#2637=VERTEX_POINT('',#8164);
#2638=VERTEX_POINT('',#8166);
#2639=VERTEX_POINT('',#8168);
#2640=VERTEX_POINT('',#8170);
#2641=VERTEX_POINT('',#8172);
#2642=VERTEX_POINT('',#8174);
#2643=VERTEX_POINT('',#8176);
#2644=VERTEX_POINT('',#8178);
#2645=VERTEX_POINT('',#8180);
#2646=VERTEX_POINT('',#8182);
#2647=VERTEX_POINT('',#8184);
#2648=VERTEX_POINT('',#8186);
#2649=VERTEX_POINT('',#8188);
#2650=VERTEX_POINT('',#8190);
#2651=VERTEX_POINT('',#8192);
#2652=VERTEX_POINT('',#8194);
#2653=VERTEX_POINT('',#8196);
#2654=VERTEX_POINT('',#8198);
#2655=VERTEX_POINT('',#8200);
#2656=VERTEX_POINT('',#8210);
#2657=VERTEX_POINT('',#8228);
#2658=VERTEX_POINT('',#8243);
#2659=VERTEX_POINT('',#8249);
#2660=VERTEX_POINT('',#8283);
#2661=VERTEX_POINT('',#8308);
#2662=VERTEX_POINT('',#8316);
#2663=VERTEX_POINT('',#9855);
#2664=VERTEX_POINT('',#9856);
#2665=VERTEX_POINT('',#9858);
#2666=VERTEX_POINT('',#9860);
#2667=VERTEX_POINT('',#9862);
#2668=VERTEX_POINT('',#9864);
#2669=VERTEX_POINT('',#9866);
#2670=VERTEX_POINT('',#9870);
#2671=VERTEX_POINT('',#9871);
#2672=VERTEX_POINT('',#9873);
#2673=VERTEX_POINT('',#9876);
#2674=VERTEX_POINT('',#9877);
#2675=VERTEX_POINT('',#9879);
#2676=VERTEX_POINT('',#9883);
#2677=VERTEX_POINT('',#9884);
#2678=VERTEX_POINT('',#9886);
#2679=VERTEX_POINT('',#9888);
#2680=VERTEX_POINT('',#9901);
#2681=VERTEX_POINT('',#9902);
#2682=VERTEX_POINT('',#9904);
#2683=VERTEX_POINT('',#9911);
#2684=VERTEX_POINT('',#9912);
#2685=VERTEX_POINT('',#9914);
#2686=VERTEX_POINT('',#9916);
#2687=VERTEX_POINT('',#9920);
#2688=VERTEX_POINT('',#9921);
#2689=VERTEX_POINT('',#9923);
#2690=VERTEX_POINT('',#9925);
#2691=VERTEX_POINT('',#9928);
#2692=VERTEX_POINT('',#9930);
#2693=VERTEX_POINT('',#9932);
#2694=VERTEX_POINT('',#9936);
#2695=VERTEX_POINT('',#9937);
#2696=VERTEX_POINT('',#9960);
#2697=VERTEX_POINT('',#9964);
#2698=VERTEX_POINT('',#9968);
#2699=VERTEX_POINT('',#9972);
#2700=VERTEX_POINT('',#9976);
#2701=VERTEX_POINT('',#9984);
#2702=VERTEX_POINT('',#9985);
#2703=VERTEX_POINT('',#9987);
#2704=VERTEX_POINT('',#9989);
#2705=VERTEX_POINT('',#9991);
#2706=VERTEX_POINT('',#9993);
#2707=VERTEX_POINT('',#9997);
#2708=VERTEX_POINT('',#9998);
#2709=VERTEX_POINT('',#10000);
#2710=VERTEX_POINT('',#10002);
#2711=VERTEX_POINT('',#10004);
#2712=VERTEX_POINT('',#10006);
#2713=VERTEX_POINT('',#10010);
#2714=VERTEX_POINT('',#10011);
#2715=VERTEX_POINT('',#10013);
#2716=VERTEX_POINT('',#10015);
#2717=VERTEX_POINT('',#10017);
#2718=VERTEX_POINT('',#10019);
#2719=VERTEX_POINT('',#10023);
#2720=VERTEX_POINT('',#10024);
#2721=VERTEX_POINT('',#10026);
#2722=VERTEX_POINT('',#10028);
#2723=VERTEX_POINT('',#10030);
#2724=VERTEX_POINT('',#10032);
#2725=VERTEX_POINT('',#10036);
#2726=VERTEX_POINT('',#10037);
#2727=VERTEX_POINT('',#10039);
#2728=VERTEX_POINT('',#10041);
#2729=VERTEX_POINT('',#10043);
#2730=VERTEX_POINT('',#10045);
#2731=VERTEX_POINT('',#10049);
#2732=VERTEX_POINT('',#10051);
#2733=VERTEX_POINT('',#10053);
#2734=VERTEX_POINT('',#10056);
#2735=VERTEX_POINT('',#10060);
#2736=VERTEX_POINT('',#10061);
#2737=VERTEX_POINT('',#10063);
#2738=VERTEX_POINT('',#10065);
#2739=VERTEX_POINT('',#10067);
#2740=VERTEX_POINT('',#10069);
#2741=VERTEX_POINT('',#10073);
#2742=VERTEX_POINT('',#10075);
#2743=VERTEX_POINT('',#10077);
#2744=VERTEX_POINT('',#10080);
#2745=VERTEX_POINT('',#10084);
#2746=VERTEX_POINT('',#10085);
#2747=VERTEX_POINT('',#10087);
#2748=VERTEX_POINT('',#10089);
#2749=VERTEX_POINT('',#10091);
#2750=VERTEX_POINT('',#10093);
#2751=VERTEX_POINT('',#10097);
#2752=VERTEX_POINT('',#10099);
#2753=VERTEX_POINT('',#10101);
#2754=VERTEX_POINT('',#10104);
#2755=VERTEX_POINT('',#10108);
#2756=VERTEX_POINT('',#10109);
#2757=VERTEX_POINT('',#10111);
#2758=VERTEX_POINT('',#10113);
#2759=VERTEX_POINT('',#10115);
#2760=VERTEX_POINT('',#10117);
#2761=VERTEX_POINT('',#10121);
#2762=VERTEX_POINT('',#10123);
#2763=VERTEX_POINT('',#10125);
#2764=VERTEX_POINT('',#10128);
#2765=VERTEX_POINT('',#10136);
#2766=VERTEX_POINT('',#10138);
#2767=VERTEX_POINT('',#10140);
#2768=VERTEX_POINT('',#10142);
#2769=VERTEX_POINT('',#10145);
#2770=VERTEX_POINT('',#10148);
#2771=VERTEX_POINT('',#10151);
#2772=VERTEX_POINT('',#10154);
#2773=VERTEX_POINT('',#10157);
#2774=VERTEX_POINT('',#10160);
#2775=VERTEX_POINT('',#10163);
#2776=VERTEX_POINT('',#10166);
#2777=VERTEX_POINT('',#10169);
#2778=VERTEX_POINT('',#10172);
#2779=VERTEX_POINT('',#10175);
#2780=VERTEX_POINT('',#10177);
#2781=VERTEX_POINT('',#10181);
#2782=VERTEX_POINT('',#10183);
#2783=VERTEX_POINT('',#10185);
#2784=VERTEX_POINT('',#10188);
#2785=VERTEX_POINT('',#10192);
#2786=VERTEX_POINT('',#10196);
#2787=VERTEX_POINT('',#10199);
#2788=VERTEX_POINT('',#10203);
#2789=VERTEX_POINT('',#10207);
#2790=VERTEX_POINT('',#10210);
#2791=VERTEX_POINT('',#10217);
#2792=VERTEX_POINT('',#10221);
#2793=VERTEX_POINT('',#10224);
#2794=VERTEX_POINT('',#10231);
#2795=VERTEX_POINT('',#10235);
#2796=VERTEX_POINT('',#10238);
#2797=VERTEX_POINT('',#10245);
#2798=VERTEX_POINT('',#10249);
#2799=VERTEX_POINT('',#10252);
#2800=VERTEX_POINT('',#10263);
#2801=VERTEX_POINT('',#10267);
#2802=VERTEX_POINT('',#10271);
#2803=VERTEX_POINT('',#10275);
#2804=CIRCLE('',#3803,0.00325);
#2805=CIRCLE('',#3804,0.0015);
#2806=CIRCLE('',#3806,0.035);
#2807=CIRCLE('',#3815,0.04);
#2808=CIRCLE('',#3816,0.04);
#2809=CIRCLE('',#3820,0.04);
#2810=CIRCLE('',#3822,0.01);
#2811=CIRCLE('',#3823,0.01);
#2812=CIRCLE('',#3826,0.0015);
#2813=CIRCLE('',#3827,0.0015);
#2814=CIRCLE('',#3831,0.04);
#2815=CIRCLE('',#3833,0.01);
#2816=CIRCLE('',#3834,0.01);
#2817=CIRCLE('',#3858,0.00325);
#2818=CIRCLE('',#3859,0.0015);
#2819=CIRCLE('',#3861,0.035);
#2820=CIRCLE('',#3870,0.04);
#2821=CIRCLE('',#3871,0.04);
#2822=CIRCLE('',#3875,0.04);
#2823=CIRCLE('',#3877,0.01);
#2824=CIRCLE('',#3878,0.01);
#2825=CIRCLE('',#3881,0.0015);
#2826=CIRCLE('',#3882,0.0015);
#2827=CIRCLE('',#3886,0.04);
#2828=CIRCLE('',#3888,0.01);
#2829=CIRCLE('',#3889,0.01);
#2830=CIRCLE('',#3943,0.033);
#2831=CIRCLE('',#3944,0.014);
#2832=CIRCLE('',#3945,0.014);
#2833=CIRCLE('',#3946,0.033);
#2834=CIRCLE('',#3948,0.00325);
#2835=CIRCLE('',#3949,0.0015);
#2836=CIRCLE('',#3951,0.035);
#2837=CIRCLE('',#3958,0.0015);
#2838=CIRCLE('',#3959,0.0015);
#2839=CIRCLE('',#3971,0.033);
#2840=CIRCLE('',#3974,0.014);
#2841=CIRCLE('',#3976,0.014);
#2842=CIRCLE('',#3979,0.033);
#2843=CIRCLE('',#3983,0.0015);
#2844=CIRCLE('',#3984,0.0015);
#2845=CIRCLE('',#3986,0.0015);
#2846=CIRCLE('',#3988,0.0015);
#2847=CIRCLE('',#3989,0.0015);
#2848=CIRCLE('',#3991,0.0015);
#2849=CIRCLE('',#3993,0.0015);
#2850=CIRCLE('',#3994,0.0015);
#2851=CIRCLE('',#3996,0.0015);
#2852=CIRCLE('',#3998,0.0015);
#2853=CIRCLE('',#3999,0.0015);
#2854=CIRCLE('',#4001,0.0015);
#2855=CIRCLE('',#4015,0.035);
#2856=CIRCLE('',#4016,0.035);
#2857=CIRCLE('',#4017,0.035);
#2858=CIRCLE('',#4018,0.035);
#2859=CIRCLE('',#4019,0.00515);
#2860=CIRCLE('',#4020,0.00515);
#2861=CIRCLE('',#4021,0.00515);
#2862=CIRCLE('',#4022,0.00515);
#2863=CIRCLE('',#4024,0.00515);
#2864=CIRCLE('',#4026,0.00315);
#2865=CIRCLE('',#4028,0.00315);
#2866=CIRCLE('',#4030,0.00515);
#2867=CIRCLE('',#4032,0.00315);
#2868=CIRCLE('',#4034,0.00315);
#2869=CIRCLE('',#4036,0.00515);
#2870=CIRCLE('',#4038,0.00315);
#2871=CIRCLE('',#4040,0.00315);
#2872=CIRCLE('',#4042,0.035);
#2873=CIRCLE('',#4044,0.0318);
#2874=CIRCLE('',#4045,0.0318);
#2875=CIRCLE('',#4048,0.00315);
#2876=CIRCLE('',#4049,0.01555);
#2877=CIRCLE('',#4050,0.0028);
#2878=CIRCLE('',#4052,0.0028);
#2879=CIRCLE('',#4055,0.01555);
#2880=CIRCLE('',#4058,0.00315);
#2881=CIRCLE('',#4060,0.00515);
#2882=EDGE_LOOP('',(#902,#903,#904));
#2883=EDGE_LOOP('',(#905,#906,#907));
#2884=EDGE_LOOP('',(#908,#909,#910,#911));
#2885=EDGE_LOOP('',(#912,#913,#914));
#2886=EDGE_LOOP('',(#915,#916,#917,#918));
#2887=EDGE_LOOP('',(#919,#920,#921,#922));
#2888=EDGE_LOOP('',(#923,#924,#925,#926));
#2889=EDGE_LOOP('',(#927,#928,#929,#930));
#2890=EDGE_LOOP('',(#931,#932,#933,#934));
#2891=EDGE_LOOP('',(#935,#936,#937,#938));
#2892=EDGE_LOOP('',(#939,#940,#941,#942));
#2893=EDGE_LOOP('',(#943,#944,#945));
#2894=EDGE_LOOP('',(#946,#947));
#2895=EDGE_LOOP('',(#948,#949));
#2896=EDGE_LOOP('',(#950,#951,#952,#953,#954,#955,#956,#957));
#2897=EDGE_LOOP('',(#958,#959,#960));
#2898=EDGE_LOOP('',(#961,#962,#963,#964,#965));
#2899=EDGE_LOOP('',(#966,#967,#968,#969,#970,#971));
#2900=EDGE_LOOP('',(#972,#973,#974,#975));
#2901=EDGE_LOOP('',(#976,#977,#978,#979,#980,#981,#982,#983,#984));
#2902=EDGE_LOOP('',(#985,#986,#987,#988));
#2903=EDGE_LOOP('',(#989,#990,#991,#992,#993,#994));
#2904=EDGE_LOOP('',(#995,#996));
#2905=EDGE_LOOP('',(#997,#998));
#2906=EDGE_LOOP('',(#999,#1000,#1001));
#2907=EDGE_LOOP('',(#1002,#1003,#1004,#1005,#1006));
#2908=EDGE_LOOP('',(#1007,#1008,#1009));
#2909=EDGE_LOOP('',(#1010,#1011,#1012,#1013,#1014,#1015,#1016,#1017));
#2910=EDGE_LOOP('',(#1018,#1019,#1020,#1021,#1022,#1023,#1024,#1025));
#2911=EDGE_LOOP('',(#1026,#1027,#1028,#1029,#1030,#1031,#1032,#1033,#1034,#1035));
#2912=EDGE_LOOP('',(#1036,#1037,#1038,#1039,#1040,#1041));
#2913=EDGE_LOOP('',(#1042,#1043,#1044,#1045));
#2914=EDGE_LOOP('',(#1046,#1047,#1048,#1049));
#2915=EDGE_LOOP('',(#1050,#1051,#1052,#1053));
#2916=EDGE_LOOP('',(#1054,#1055,#1056));
#2917=EDGE_LOOP('',(#1057,#1058,#1059,#1060));
#2918=EDGE_LOOP('',(#1061,#1062,#1063,#1064));
#2919=EDGE_LOOP('',(#1065,#1066,#1067));
#2920=EDGE_LOOP('',(#1068,#1069,#1070,#1071));
#2921=EDGE_LOOP('',(#1072,#1073,#1074,#1075,#1076,#1077));
#2922=EDGE_LOOP('',(#1078,#1079,#1080,#1081,#1082));
#2923=EDGE_LOOP('',(#1083,#1084,#1085,#1086,#1087));
#2924=EDGE_LOOP('',(#1088,#1089,#1090,#1091));
#2925=EDGE_LOOP('',(#1092,#1093,#1094,#1095));
#2926=EDGE_LOOP('',(#1096,#1097,#1098,#1099));
#2927=EDGE_LOOP('',(#1100,#1101,#1102,#1103));
#2928=EDGE_LOOP('',(#1104,#1105,#1106,#1107));
#2929=EDGE_LOOP('',(#1108,#1109,#1110,#1111));
#2930=EDGE_LOOP('',(#1112,#1113,#1114,#1115));
#2931=EDGE_LOOP('',(#1116,#1117,#1118,#1119));
#2932=EDGE_LOOP('',(#1120,#1121,#1122,#1123));
#2933=EDGE_LOOP('',(#1124,#1125,#1126,#1127));
#2934=EDGE_LOOP('',(#1128,#1129,#1130,#1131));
#2935=EDGE_LOOP('',(#1132,#1133,#1134,#1135));
#2936=EDGE_LOOP('',(#1136,#1137,#1138,#1139));
#2937=EDGE_LOOP('',(#1140,#1141,#1142,#1143,#1144,#1145));
#2938=EDGE_LOOP('',(#1146,#1147,#1148,#1149));
#2939=EDGE_LOOP('',(#1150,#1151,#1152,#1153));
#2940=EDGE_LOOP('',(#1154,#1155,#1156,#1157));
#2941=EDGE_LOOP('',(#1158,#1159,#1160,#1161));
#2942=EDGE_LOOP('',(#1162,#1163,#1164));
#2943=EDGE_LOOP('',(#1165,#1166,#1167));
#2944=EDGE_LOOP('',(#1168,#1169,#1170,#1171));
#2945=EDGE_LOOP('',(#1172,#1173,#1174));
#2946=EDGE_LOOP('',(#1175,#1176,#1177,#1178));
#2947=EDGE_LOOP('',(#1179,#1180,#1181,#1182));
#2948=EDGE_LOOP('',(#1183,#1184,#1185,#1186));
#2949=EDGE_LOOP('',(#1187,#1188,#1189,#1190));
#2950=EDGE_LOOP('',(#1191,#1192,#1193,#1194));
#2951=EDGE_LOOP('',(#1195,#1196,#1197,#1198));
#2952=EDGE_LOOP('',(#1199,#1200,#1201,#1202));
#2953=EDGE_LOOP('',(#1203,#1204,#1205));
#2954=EDGE_LOOP('',(#1206,#1207));
#2955=EDGE_LOOP('',(#1208,#1209));
#2956=EDGE_LOOP('',(#1210,#1211,#1212,#1213,#1214,#1215,#1216,#1217));
#2957=EDGE_LOOP('',(#1218,#1219,#1220));
#2958=EDGE_LOOP('',(#1221,#1222,#1223,#1224,#1225));
#2959=EDGE_LOOP('',(#1226,#1227,#1228,#1229,#1230,#1231,#1232,#1233,#1234,#1235,#1236,#1237,#1238,#1239,#1240,#1241));
#2960=EDGE_LOOP('',(#1242,#1243,#1244,#1245));
#2961=EDGE_LOOP('',(#1246,#1247,#1248,#1249,#1250,#1251,#1252,#1253,#1254));
#2962=EDGE_LOOP('',(#1255,#1256,#1257,#1258));
#2963=EDGE_LOOP('',(#1259,#1260,#1261,#1262,#1263,#1264));
#2964=EDGE_LOOP('',(#1265,#1266));
#2965=EDGE_LOOP('',(#1267,#1268));
#2966=EDGE_LOOP('',(#1269,#1270,#1271));
#2967=EDGE_LOOP('',(#1272,#1273,#1274,#1275,#1276));
#2968=EDGE_LOOP('',(#1277,#1278,#1279));
#2969=EDGE_LOOP('',(#1280,#1281,#1282,#1283,#1284,#1285,#1286,#1287,#1288,#1289,#1290,#1291,#1292,#1293,#1294,#1295,#1296,#1297,#1298,#1299,#1300,#1301,#1302,#1303,#1304,#1305,#1306));
#2970=EDGE_LOOP('',(#1307,#1308,#1309,#1310,#1311,#1312,#1313,#1314));
#2971=EDGE_LOOP('',(#1315,#1316,#1317,#1318,#1319,#1320,#1321,#1322,#1323,#1324));
#2972=EDGE_LOOP('',(#1325,#1326,#1327,#1328,#1329,#1330));
#2973=EDGE_LOOP('',(#1331,#1332,#1333,#1334));
#2974=EDGE_LOOP('',(#1335,#1336,#1337,#1338));
#2975=EDGE_LOOP('',(#1339,#1340,#1341,#1342));
#2976=EDGE_LOOP('',(#1343,#1344,#1345));
#2977=EDGE_LOOP('',(#1346,#1347,#1348));
#2978=EDGE_LOOP('',(#1349,#1350,#1351,#1352));
#2979=EDGE_LOOP('',(#1353,#1354,#1355,#1356));
#2980=EDGE_LOOP('',(#1357,#1358,#1359));
#2981=EDGE_LOOP('',(#1360,#1361,#1362));
#2982=EDGE_LOOP('',(#1363,#1364,#1365));
#2983=EDGE_LOOP('',(#1366,#1367,#1368));
#2984=EDGE_LOOP('',(#1369,#1370,#1371));
#2985=EDGE_LOOP('',(#1372,#1373,#1374));
#2986=EDGE_LOOP('',(#1375,#1376,#1377));
#2987=EDGE_LOOP('',(#1378,#1379,#1380));
#2988=EDGE_LOOP('',(#1381,#1382,#1383));
#2989=EDGE_LOOP('',(#1384,#1385,#1386));
#2990=EDGE_LOOP('',(#1387,#1388,#1389));
#2991=EDGE_LOOP('',(#1390,#1391,#1392));
#2992=EDGE_LOOP('',(#1393,#1394,#1395));
#2993=EDGE_LOOP('',(#1396,#1397,#1398));
#2994=EDGE_LOOP('',(#1399,#1400,#1401));
#2995=EDGE_LOOP('',(#1402,#1403,#1404));
#2996=EDGE_LOOP('',(#1405,#1406,#1407));
#2997=EDGE_LOOP('',(#1408,#1409,#1410));
#2998=EDGE_LOOP('',(#1411,#1412,#1413));
#2999=EDGE_LOOP('',(#1414,#1415,#1416));
#3000=EDGE_LOOP('',(#1417,#1418,#1419,#1420));
#3001=EDGE_LOOP('',(#1421,#1422,#1423));
#3002=EDGE_LOOP('',(#1424,#1425,#1426));
#3003=EDGE_LOOP('',(#1427,#1428,#1429));
#3004=EDGE_LOOP('',(#1430,#1431,#1432));
#3005=EDGE_LOOP('',(#1433,#1434,#1435));
#3006=EDGE_LOOP('',(#1436,#1437,#1438));
#3007=EDGE_LOOP('',(#1439,#1440,#1441));
#3008=EDGE_LOOP('',(#1442,#1443,#1444));
#3009=EDGE_LOOP('',(#1445,#1446,#1447));
#3010=EDGE_LOOP('',(#1448,#1449,#1450,#1451));
#3011=EDGE_LOOP('',(#1452,#1453,#1454,#1455));
#3012=EDGE_LOOP('',(#1456,#1457,#1458,#1459,#1460));
#3013=EDGE_LOOP('',(#1461,#1462,#1463,#1464,#1465));
#3014=EDGE_LOOP('',(#1466,#1467,#1468,#1469));
#3015=EDGE_LOOP('',(#1470,#1471,#1472,#1473));
#3016=EDGE_LOOP('',(#1474,#1475,#1476,#1477));
#3017=EDGE_LOOP('',(#1478,#1479,#1480,#1481));
#3018=EDGE_LOOP('',(#1482,#1483,#1484,#1485));
#3019=EDGE_LOOP('',(#1486,#1487,#1488,#1489));
#3020=EDGE_LOOP('',(#1490,#1491,#1492,#1493));
#3021=EDGE_LOOP('',(#1494,#1495,#1496,#1497));
#3022=EDGE_LOOP('',(#1498,#1499,#1500,#1501));
#3023=EDGE_LOOP('',(#1502,#1503,#1504,#1505));
#3024=EDGE_LOOP('',(#1506,#1507,#1508,#1509));
#3025=EDGE_LOOP('',(#1510,#1511,#1512,#1513));
#3026=EDGE_LOOP('',(#1514,#1515,#1516,#1517));
#3027=EDGE_LOOP('',(#1518,#1519,#1520,#1521,#1522,#1523));
#3028=EDGE_LOOP('',(#1524,#1525,#1526,#1527));
#3029=EDGE_LOOP('',(#1528,#1529,#1530,#1531));
#3030=EDGE_LOOP('',(#1532,#1533,#1534,#1535));
#3031=EDGE_LOOP('',(#1536,#1537,#1538,#1539));
#3032=EDGE_LOOP('',(#1540,#1541,#1542,#1543,#1544,#1545,#1546));
#3033=EDGE_LOOP('',(#1547,#1548,#1549));
#3034=EDGE_LOOP('',(#1550,#1551,#1552));
#3035=EDGE_LOOP('',(#1553,#1554,#1555,#1556));
#3036=EDGE_LOOP('',(#1557,#1558,#1559));
#3037=EDGE_LOOP('',(#1560,#1561,#1562,#1563));
#3038=EDGE_LOOP('',(#1564,#1565,#1566,#1567));
#3039=EDGE_LOOP('',(#1568,#1569,#1570,#1571,#1572,#1573,#1574,#1575,#1576));
#3040=EDGE_LOOP('',(#1577,#1578,#1579,#1580));
#3041=EDGE_LOOP('',(#1581,#1582,#1583,#1584,#1585,#1586));
#3042=EDGE_LOOP('',(#1587,#1588,#1589,#1590,#1591,#1592,#1593,#1594,#1595,#1596));
#3043=EDGE_LOOP('',(#1597,#1598,#1599,#1600,#1601,#1602));
#3044=EDGE_LOOP('',(#1603,#1604,#1605,#1606,#1607,#1608));
#3045=EDGE_LOOP('',(#1609,#1610,#1611,#1612));
#3046=EDGE_LOOP('',(#1613,#1614,#1615,#1616));
#3047=EDGE_LOOP('',(#1617,#1618,#1619,#1620));
#3048=EDGE_LOOP('',(#1621,#1622,#1623,#1624));
#3049=EDGE_LOOP('',(#1625,#1626,#1627,#1628));
#3050=EDGE_LOOP('',(#1629,#1630,#1631,#1632));
#3051=EDGE_LOOP('',(#1633,#1634,#1635,#1636));
#3052=EDGE_LOOP('',(#1637,#1638,#1639,#1640));
#3053=EDGE_LOOP('',(#1641,#1642,#1643,#1644));
#3054=EDGE_LOOP('',(#1645,#1646,#1647,#1648));
#3055=EDGE_LOOP('',(#1649,#1650,#1651,#1652,#1653,#1654,#1655));
#3056=EDGE_LOOP('',(#1656,#1657,#1658,#1659,#1660,#1661));
#3057=EDGE_LOOP('',(#1662,#1663,#1664,#1665,#1666,#1667));
#3058=EDGE_LOOP('',(#1668,#1669,#1670,#1671,#1672,#1673));
#3059=EDGE_LOOP('',(#1674,#1675,#1676,#1677,#1678,#1679));
#3060=EDGE_LOOP('',(#1680,#1681,#1682,#1683,#1684,#1685));
#3061=EDGE_LOOP('',(#1686,#1687,#1688,#1689,#1690,#1691,#1692,#1693));
#3062=EDGE_LOOP('',(#1694,#1695,#1696,#1697,#1698,#1699));
#3063=EDGE_LOOP('',(#1700,#1701,#1702,#1703,#1704,#1705,#1706,#1707));
#3064=EDGE_LOOP('',(#1708,#1709,#1710,#1711,#1712,#1713));
#3065=EDGE_LOOP('',(#1714,#1715,#1716,#1717,#1718,#1719,#1720,#1721));
#3066=EDGE_LOOP('',(#1722,#1723,#1724,#1725,#1726,#1727));
#3067=EDGE_LOOP('',(#1728,#1729,#1730,#1731,#1732,#1733,#1734,#1735));
#3068=EDGE_LOOP('',(#1736,#1737,#1738,#1739,#1740,#1741,#1742,#1743));
#3069=EDGE_LOOP('',(#1744));
#3070=EDGE_LOOP('',(#1745));
#3071=EDGE_LOOP('',(#1746));
#3072=EDGE_LOOP('',(#1747));
#3073=EDGE_LOOP('',(#1748));
#3074=EDGE_LOOP('',(#1749));
#3075=EDGE_LOOP('',(#1750));
#3076=EDGE_LOOP('',(#1751));
#3077=EDGE_LOOP('',(#1752));
#3078=EDGE_LOOP('',(#1753));
#3079=EDGE_LOOP('',(#1754));
#3080=EDGE_LOOP('',(#1755));
#3081=EDGE_LOOP('',(#1756));
#3082=EDGE_LOOP('',(#1757));
#3083=EDGE_LOOP('',(#1758));
#3084=EDGE_LOOP('',(#1759));
#3085=EDGE_LOOP('',(#1760));
#3086=EDGE_LOOP('',(#1761));
#3087=EDGE_LOOP('',(#1762));
#3088=EDGE_LOOP('',(#1763));
#3089=EDGE_LOOP('',(#1764));
#3090=EDGE_LOOP('',(#1765));
#3091=EDGE_LOOP('',(#1766,#1767,#1768,#1769,#1770,#1771,#1772,#1773,#1774,#1775,#1776,#1777,#1778,#1779,#1780,#1781));
#3092=EDGE_LOOP('',(#1782));
#3093=EDGE_LOOP('',(#1783));
#3094=EDGE_LOOP('',(#1784));
#3095=EDGE_LOOP('',(#1785));
#3096=EDGE_LOOP('',(#1786));
#3097=EDGE_LOOP('',(#1787));
#3098=EDGE_LOOP('',(#1788));
#3099=EDGE_LOOP('',(#1789));
#3100=EDGE_LOOP('',(#1790));
#3101=EDGE_LOOP('',(#1791));
#3102=EDGE_LOOP('',(#1792));
#3103=EDGE_LOOP('',(#1793));
#3104=EDGE_LOOP('',(#1794));
#3105=EDGE_LOOP('',(#1795));
#3106=EDGE_LOOP('',(#1796));
#3107=EDGE_LOOP('',(#1797));
#3108=EDGE_LOOP('',(#1798));
#3109=EDGE_LOOP('',(#1799));
#3110=EDGE_LOOP('',(#1800));
#3111=EDGE_LOOP('',(#1801));
#3112=EDGE_LOOP('',(#1802));
#3113=EDGE_LOOP('',(#1803));
#3114=EDGE_LOOP('',(#1804));
#3115=EDGE_LOOP('',(#1805));
#3116=EDGE_LOOP('',(#1806,#1807,#1808,#1809));
#3117=EDGE_LOOP('',(#1810,#1811,#1812,#1813,#1814,#1815,#1816,#1817,#1818));
#3118=EDGE_LOOP('',(#1819,#1820,#1821,#1822));
#3119=EDGE_LOOP('',(#1823,#1824,#1825,#1826));
#3120=EDGE_LOOP('',(#1827,#1828,#1829,#1830,#1831,#1832,#1833,#1834,#1835));
#3121=EDGE_LOOP('',(#1836,#1837,#1838,#1839));
#3122=EDGE_LOOP('',(#1840,#1841,#1842,#1843));
#3123=EDGE_LOOP('',(#1844,#1845,#1846,#1847,#1848,#1849,#1850,#1851,#1852));
#3124=EDGE_LOOP('',(#1853,#1854,#1855,#1856));
#3125=EDGE_LOOP('',(#1857,#1858,#1859,#1860));
#3126=EDGE_LOOP('',(#1861,#1862,#1863,#1864,#1865,#1866,#1867,#1868,#1869));
#3127=EDGE_LOOP('',(#1870,#1871,#1872,#1873));
#3128=EDGE_LOOP('',(#1874,#1875,#1876,#1877,#1878,#1879));
#3129=EDGE_LOOP('',(#1880,#1881,#1882,#1883,#1884,#1885));
#3130=EDGE_LOOP('',(#1886,#1887,#1888,#1889,#1890,#1891));
#3131=EDGE_LOOP('',(#1892,#1893,#1894,#1895,#1896,#1897));
#3132=EDGE_LOOP('',(#1898,#1899,#1900));
#3133=EDGE_LOOP('',(#1901,#1902,#1903));
#3134=EDGE_LOOP('',(#1904,#1905,#1906));
#3135=EDGE_LOOP('',(#1907,#1908,#1909));
#3136=EDGE_LOOP('',(#1910,#1911,#1912,#1913));
#3137=EDGE_LOOP('',(#1914,#1915,#1916,#1917));
#3138=EDGE_LOOP('',(#1918,#1919,#1920,#1921));
#3139=EDGE_LOOP('',(#1922,#1923,#1924,#1925));
#3140=EDGE_LOOP('',(#1926,#1927,#1928,#1929));
#3141=EDGE_LOOP('',(#1930,#1931,#1932,#1933));
#3142=EDGE_LOOP('',(#1934,#1935,#1936,#1937));
#3143=EDGE_LOOP('',(#1938,#1939,#1940,#1941));
#3144=FACE_BOUND('',#2882,.T.);
#3145=FACE_BOUND('',#2883,.T.);
#3146=FACE_BOUND('',#2884,.T.);
#3147=FACE_BOUND('',#2885,.T.);
#3148=FACE_BOUND('',#2886,.T.);
#3149=FACE_BOUND('',#2887,.T.);
#3150=FACE_BOUND('',#2888,.T.);
#3151=FACE_BOUND('',#2889,.T.);
#3152=FACE_BOUND('',#2890,.T.);
#3153=FACE_BOUND('',#2891,.T.);
#3154=FACE_BOUND('',#2892,.T.);
#3155=FACE_BOUND('',#2893,.T.);
#3156=FACE_BOUND('',#2894,.T.);
#3157=FACE_BOUND('',#2895,.T.);
#3158=FACE_BOUND('',#2896,.T.);
#3159=FACE_BOUND('',#2897,.T.);
#3160=FACE_BOUND('',#2898,.T.);
#3161=FACE_BOUND('',#2899,.T.);
#3162=FACE_BOUND('',#2900,.T.);
#3163=FACE_BOUND('',#2901,.T.);
#3164=FACE_BOUND('',#2902,.T.);
#3165=FACE_BOUND('',#2903,.T.);
#3166=FACE_BOUND('',#2904,.T.);
#3167=FACE_BOUND('',#2905,.T.);
#3168=FACE_BOUND('',#2906,.T.);
#3169=FACE_BOUND('',#2907,.T.);
#3170=FACE_BOUND('',#2908,.T.);
#3171=FACE_BOUND('',#2909,.T.);
#3172=FACE_BOUND('',#2910,.T.);
#3173=FACE_BOUND('',#2911,.T.);
#3174=FACE_BOUND('',#2912,.T.);
#3175=FACE_BOUND('',#2913,.T.);
#3176=FACE_BOUND('',#2914,.T.);
#3177=FACE_BOUND('',#2915,.T.);
#3178=FACE_BOUND('',#2916,.T.);
#3179=FACE_BOUND('',#2917,.T.);
#3180=FACE_BOUND('',#2918,.T.);
#3181=FACE_BOUND('',#2919,.T.);
#3182=FACE_BOUND('',#2920,.T.);
#3183=FACE_BOUND('',#2921,.T.);
#3184=FACE_BOUND('',#2922,.T.);
#3185=FACE_BOUND('',#2923,.T.);
#3186=FACE_BOUND('',#2924,.T.);
#3187=FACE_BOUND('',#2925,.T.);
#3188=FACE_BOUND('',#2926,.T.);
#3189=FACE_BOUND('',#2927,.T.);
#3190=FACE_BOUND('',#2928,.T.);
#3191=FACE_BOUND('',#2929,.T.);
#3192=FACE_BOUND('',#2930,.T.);
#3193=FACE_BOUND('',#2931,.T.);
#3194=FACE_BOUND('',#2932,.T.);
#3195=FACE_BOUND('',#2933,.T.);
#3196=FACE_BOUND('',#2934,.T.);
#3197=FACE_BOUND('',#2935,.T.);
#3198=FACE_BOUND('',#2936,.T.);
#3199=FACE_BOUND('',#2937,.T.);
#3200=FACE_BOUND('',#2938,.T.);
#3201=FACE_BOUND('',#2939,.T.);
#3202=FACE_BOUND('',#2940,.T.);
#3203=FACE_BOUND('',#2941,.T.);
#3204=FACE_BOUND('',#2942,.T.);
#3205=FACE_BOUND('',#2943,.T.);
#3206=FACE_BOUND('',#2944,.T.);
#3207=FACE_BOUND('',#2945,.T.);
#3208=FACE_BOUND('',#2946,.T.);
#3209=FACE_BOUND('',#2947,.T.);
#3210=FACE_BOUND('',#2948,.T.);
#3211=FACE_BOUND('',#2949,.T.);
#3212=FACE_BOUND('',#2950,.T.);
#3213=FACE_BOUND('',#2951,.T.);
#3214=FACE_BOUND('',#2952,.T.);
#3215=FACE_BOUND('',#2953,.T.);
#3216=FACE_BOUND('',#2954,.T.);
#3217=FACE_BOUND('',#2955,.T.);
#3218=FACE_BOUND('',#2956,.T.);
#3219=FACE_BOUND('',#2957,.T.);
#3220=FACE_BOUND('',#2958,.T.);
#3221=FACE_BOUND('',#2959,.T.);
#3222=FACE_BOUND('',#2960,.T.);
#3223=FACE_BOUND('',#2961,.T.);
#3224=FACE_BOUND('',#2962,.T.);
#3225=FACE_BOUND('',#2963,.T.);
#3226=FACE_BOUND('',#2964,.T.);
#3227=FACE_BOUND('',#2965,.T.);
#3228=FACE_BOUND('',#2966,.T.);
#3229=FACE_BOUND('',#2967,.T.);
#3230=FACE_BOUND('',#2968,.T.);
#3231=FACE_BOUND('',#2969,.T.);
#3232=FACE_BOUND('',#2970,.T.);
#3233=FACE_BOUND('',#2971,.T.);
#3234=FACE_BOUND('',#2972,.T.);
#3235=FACE_BOUND('',#2973,.T.);
#3236=FACE_BOUND('',#2974,.T.);
#3237=FACE_BOUND('',#2975,.T.);
#3238=FACE_BOUND('',#2976,.T.);
#3239=FACE_BOUND('',#2977,.T.);
#3240=FACE_BOUND('',#2978,.T.);
#3241=FACE_BOUND('',#2979,.T.);
#3242=FACE_BOUND('',#2980,.T.);
#3243=FACE_BOUND('',#2981,.T.);
#3244=FACE_BOUND('',#2982,.T.);
#3245=FACE_BOUND('',#2983,.T.);
#3246=FACE_BOUND('',#2984,.T.);
#3247=FACE_BOUND('',#2985,.T.);
#3248=FACE_BOUND('',#2986,.T.);
#3249=FACE_BOUND('',#2987,.T.);
#3250=FACE_BOUND('',#2988,.T.);
#3251=FACE_BOUND('',#2989,.T.);
#3252=FACE_BOUND('',#2990,.T.);
#3253=FACE_BOUND('',#2991,.T.);
#3254=FACE_BOUND('',#2992,.T.);
#3255=FACE_BOUND('',#2993,.T.);
#3256=FACE_BOUND('',#2994,.T.);
#3257=FACE_BOUND('',#2995,.T.);
#3258=FACE_BOUND('',#2996,.T.);
#3259=FACE_BOUND('',#2997,.T.);
#3260=FACE_BOUND('',#2998,.T.);
#3261=FACE_BOUND('',#2999,.T.);
#3262=FACE_BOUND('',#3000,.T.);
#3263=FACE_BOUND('',#3001,.T.);
#3264=FACE_BOUND('',#3002,.T.);
#3265=FACE_BOUND('',#3003,.T.);
#3266=FACE_BOUND('',#3004,.T.);
#3267=FACE_BOUND('',#3005,.T.);
#3268=FACE_BOUND('',#3006,.T.);
#3269=FACE_BOUND('',#3007,.T.);
#3270=FACE_BOUND('',#3008,.T.);
#3271=FACE_BOUND('',#3009,.T.);
#3272=FACE_BOUND('',#3010,.T.);
#3273=FACE_BOUND('',#3011,.T.);
#3274=FACE_BOUND('',#3012,.T.);
#3275=FACE_BOUND('',#3013,.T.);
#3276=FACE_BOUND('',#3014,.T.);
#3277=FACE_BOUND('',#3015,.T.);
#3278=FACE_BOUND('',#3016,.T.);
#3279=FACE_BOUND('',#3017,.T.);
#3280=FACE_BOUND('',#3018,.T.);
#3281=FACE_BOUND('',#3019,.T.);
#3282=FACE_BOUND('',#3020,.T.);
#3283=FACE_BOUND('',#3021,.T.);
#3284=FACE_BOUND('',#3022,.T.);
#3285=FACE_BOUND('',#3023,.T.);
#3286=FACE_BOUND('',#3024,.T.);
#3287=FACE_BOUND('',#3025,.T.);
#3288=FACE_BOUND('',#3026,.T.);
#3289=FACE_BOUND('',#3027,.T.);
#3290=FACE_BOUND('',#3028,.T.);
#3291=FACE_BOUND('',#3029,.T.);
#3292=FACE_BOUND('',#3030,.T.);
#3293=FACE_BOUND('',#3031,.T.);
#3294=FACE_BOUND('',#3032,.T.);
#3295=FACE_BOUND('',#3033,.T.);
#3296=FACE_BOUND('',#3034,.T.);
#3297=FACE_BOUND('',#3035,.T.);
#3298=FACE_BOUND('',#3036,.T.);
#3299=FACE_BOUND('',#3037,.T.);
#3300=FACE_BOUND('',#3038,.T.);
#3301=FACE_BOUND('',#3039,.T.);
#3302=FACE_BOUND('',#3040,.T.);
#3303=FACE_BOUND('',#3041,.T.);
#3304=FACE_BOUND('',#3042,.T.);
#3305=FACE_BOUND('',#3043,.T.);
#3306=FACE_BOUND('',#3044,.T.);
#3307=FACE_BOUND('',#3045,.T.);
#3308=FACE_BOUND('',#3046,.T.);
#3309=FACE_BOUND('',#3047,.T.);
#3310=FACE_BOUND('',#3048,.T.);
#3311=FACE_BOUND('',#3049,.T.);
#3312=FACE_BOUND('',#3050,.T.);
#3313=FACE_BOUND('',#3051,.T.);
#3314=FACE_BOUND('',#3052,.T.);
#3315=FACE_BOUND('',#3053,.T.);
#3316=FACE_BOUND('',#3054,.T.);
#3317=FACE_BOUND('',#3055,.T.);
#3318=FACE_BOUND('',#3056,.T.);
#3319=FACE_BOUND('',#3057,.T.);
#3320=FACE_BOUND('',#3058,.T.);
#3321=FACE_BOUND('',#3059,.T.);
#3322=FACE_BOUND('',#3060,.T.);
#3323=FACE_BOUND('',#3061,.T.);
#3324=FACE_BOUND('',#3062,.T.);
#3325=FACE_BOUND('',#3063,.T.);
#3326=FACE_BOUND('',#3064,.T.);
#3327=FACE_BOUND('',#3065,.T.);
#3328=FACE_BOUND('',#3066,.T.);
#3329=FACE_BOUND('',#3067,.T.);
#3330=FACE_BOUND('',#3068,.T.);
#3331=FACE_BOUND('',#3069,.T.);
#3332=FACE_BOUND('',#3070,.T.);
#3333=FACE_BOUND('',#3071,.T.);
#3334=FACE_BOUND('',#3072,.T.);
#3335=FACE_BOUND('',#3073,.T.);
#3336=FACE_BOUND('',#3074,.T.);
#3337=FACE_BOUND('',#3075,.T.);
#3338=FACE_BOUND('',#3076,.T.);
#3339=FACE_BOUND('',#3077,.T.);
#3340=FACE_BOUND('',#3078,.T.);
#3341=FACE_BOUND('',#3079,.T.);
#3342=FACE_BOUND('',#3080,.T.);
#3343=FACE_BOUND('',#3081,.T.);
#3344=FACE_BOUND('',#3082,.T.);
#3345=FACE_BOUND('',#3083,.T.);
#3346=FACE_BOUND('',#3084,.T.);
#3347=FACE_BOUND('',#3085,.T.);
#3348=FACE_BOUND('',#3086,.T.);
#3349=FACE_BOUND('',#3087,.T.);
#3350=FACE_BOUND('',#3088,.T.);
#3351=FACE_BOUND('',#3089,.T.);
#3352=FACE_BOUND('',#3090,.T.);
#3353=FACE_BOUND('',#3091,.T.);
#3354=FACE_BOUND('',#3092,.T.);
#3355=FACE_BOUND('',#3093,.T.);
#3356=FACE_BOUND('',#3094,.T.);
#3357=FACE_BOUND('',#3095,.T.);
#3358=FACE_BOUND('',#3096,.T.);
#3359=FACE_BOUND('',#3097,.T.);
#3360=FACE_BOUND('',#3098,.T.);
#3361=FACE_BOUND('',#3099,.T.);
#3362=FACE_BOUND('',#3100,.T.);
#3363=FACE_BOUND('',#3101,.T.);
#3364=FACE_BOUND('',#3102,.T.);
#3365=FACE_BOUND('',#3103,.T.);
#3366=FACE_BOUND('',#3104,.T.);
#3367=FACE_BOUND('',#3105,.T.);
#3368=FACE_BOUND('',#3106,.T.);
#3369=FACE_BOUND('',#3107,.T.);
#3370=FACE_BOUND('',#3108,.T.);
#3371=FACE_BOUND('',#3109,.T.);
#3372=FACE_BOUND('',#3110,.T.);
#3373=FACE_BOUND('',#3111,.T.);
#3374=FACE_BOUND('',#3112,.T.);
#3375=FACE_BOUND('',#3113,.T.);
#3376=FACE_BOUND('',#3114,.T.);
#3377=FACE_BOUND('',#3115,.T.);
#3378=FACE_BOUND('',#3116,.T.);
#3379=FACE_BOUND('',#3117,.T.);
#3380=FACE_BOUND('',#3118,.T.);
#3381=FACE_BOUND('',#3119,.T.);
#3382=FACE_BOUND('',#3120,.T.);
#3383=FACE_BOUND('',#3121,.T.);
#3384=FACE_BOUND('',#3122,.T.);
#3385=FACE_BOUND('',#3123,.T.);
#3386=FACE_BOUND('',#3124,.T.);
#3387=FACE_BOUND('',#3125,.T.);
#3388=FACE_BOUND('',#3126,.T.);
#3389=FACE_BOUND('',#3127,.T.);
#3390=FACE_BOUND('',#3128,.T.);
#3391=FACE_BOUND('',#3129,.T.);
#3392=FACE_BOUND('',#3130,.T.);
#3393=FACE_BOUND('',#3131,.T.);
#3394=FACE_BOUND('',#3132,.T.);
#3395=FACE_BOUND('',#3133,.T.);
#3396=FACE_BOUND('',#3134,.T.);
#3397=FACE_BOUND('',#3135,.T.);
#3398=FACE_BOUND('',#3136,.T.);
#3399=FACE_BOUND('',#3137,.T.);
#3400=FACE_BOUND('',#3138,.T.);
#3401=FACE_BOUND('',#3139,.T.);
#3402=FACE_BOUND('',#3140,.T.);
#3403=FACE_BOUND('',#3141,.T.);
#3404=FACE_BOUND('',#3142,.T.);
#3405=FACE_BOUND('',#3143,.T.);
#3406=PLANE('',#3802);
#3407=PLANE('',#3811);
#3408=PLANE('',#3812);
#3409=PLANE('',#3813);
#3410=PLANE('',#3817);
#3411=PLANE('',#3818);
#3412=PLANE('',#3819);
#3413=PLANE('',#3824);
#3414=PLANE('',#3825);
#3415=PLANE('',#3828);
#3416=PLANE('',#3829);
#3417=PLANE('',#3830);
#3418=PLANE('',#3835);
#3419=PLANE('',#3836);
#3420=PLANE('',#3838);
#3421=PLANE('',#3840);
#3422=PLANE('',#3841);
#3423=PLANE('',#3842);
#3424=PLANE('',#3843);
#3425=PLANE('',#3844);
#3426=PLANE('',#3845);
#3427=PLANE('',#3846);
#3428=PLANE('',#3852);
#3429=PLANE('',#3853);
#3430=PLANE('',#3854);
#3431=PLANE('',#3855);
#3432=PLANE('',#3857);
#3433=PLANE('',#3866);
#3434=PLANE('',#3867);
#3435=PLANE('',#3868);
#3436=PLANE('',#3872);
#3437=PLANE('',#3873);
#3438=PLANE('',#3874);
#3439=PLANE('',#3879);
#3440=PLANE('',#3880);
#3441=PLANE('',#3883);
#3442=PLANE('',#3884);
#3443=PLANE('',#3885);
#3444=PLANE('',#3890);
#3445=PLANE('',#3891);
#3446=PLANE('',#3893);
#3447=PLANE('',#3895);
#3448=PLANE('',#3896);
#3449=PLANE('',#3897);
#3450=PLANE('',#3898);
#3451=PLANE('',#3899);
#3452=PLANE('',#3900);
#3453=PLANE('',#3901);
#3454=PLANE('',#3902);
#3455=PLANE('',#3903);
#3456=PLANE('',#3904);
#3457=PLANE('',#3905);
#3458=PLANE('',#3906);
#3459=PLANE('',#3907);
#3460=PLANE('',#3908);
#3461=PLANE('',#3909);
#3462=PLANE('',#3910);
#3463=PLANE('',#3911);
#3464=PLANE('',#3912);
#3465=PLANE('',#3913);
#3466=PLANE('',#3914);
#3467=PLANE('',#3915);
#3468=PLANE('',#3916);
#3469=PLANE('',#3917);
#3470=PLANE('',#3918);
#3471=PLANE('',#3919);
#3472=PLANE('',#3920);
#3473=PLANE('',#3921);
#3474=PLANE('',#3922);
#3475=PLANE('',#3923);
#3476=PLANE('',#3924);
#3477=PLANE('',#3925);
#3478=PLANE('',#3926);
#3479=PLANE('',#3927);
#3480=PLANE('',#3928);
#3481=PLANE('',#3929);
#3482=PLANE('',#3930);
#3483=PLANE('',#3932);
#3484=PLANE('',#3937);
#3485=PLANE('',#3938);
#3486=PLANE('',#3939);
#3487=PLANE('',#3940);
#3488=PLANE('',#3942);
#3489=PLANE('',#3947);
#3490=PLANE('',#3956);
#3491=PLANE('',#3957);
#3492=PLANE('',#3960);
#3493=PLANE('',#3961);
#3494=PLANE('',#3962);
#3495=PLANE('',#3963);
#3496=PLANE('',#3966);
#3497=PLANE('',#3967);
#3498=PLANE('',#3968);
#3499=PLANE('',#3969);
#3500=PLANE('',#3972);
#3501=PLANE('',#3977);
#3502=PLANE('',#3980);
#3503=PLANE('',#4002);
#3504=PLANE('',#4004);
#3505=PLANE('',#4005);
#3506=PLANE('',#4007);
#3507=PLANE('',#4008);
#3508=PLANE('',#4010);
#3509=PLANE('',#4011);
#3510=PLANE('',#4013);
#3511=PLANE('',#4014);
#3512=PLANE('',#4025);
#3513=PLANE('',#4031);
#3514=PLANE('',#4037);
#3515=PLANE('',#4046);
#3516=PLANE('',#4047);
#3517=PLANE('',#4053);
#3518=PLANE('',#4056);
#3519=PLANE('',#4059);
#3520=PLANE('',#4062);
#3521=PLANE('',#4063);
#3522=PLANE('',#4064);
#3523=PLANE('',#4065);
#3524=PLANE('',#4066);
#3525=PLANE('',#4067);
#3526=PLANE('',#4068);
#3527=PLANE('',#4069);
#3528=PLANE('',#4070);
#3529=PLANE('',#4071);
#3530=PLANE('',#4072);
#3531=PLANE('',#4073);
#3532=PLANE('',#4074);
#3533=PLANE('',#4075);
#3534=PLANE('',#4076);
#3535=PLANE('',#4077);
#3536=PLANE('',#4078);
#3537=PLANE('',#4079);
#3538=PLANE('',#4080);
#3539=PLANE('',#4081);
#3540=PLANE('',#4082);
#3541=PLANE('',#4083);
#3542=PLANE('',#4084);
#3543=PLANE('',#4085);
#3544=PLANE('',#4086);
#3545=PLANE('',#4087);
#3546=PLANE('',#4088);
#3547=PLANE('',#4089);
#3548=ADVANCED_FACE('',(#3144,#3145),#3406,.T.);
#3549=ADVANCED_FACE('',(#3146,#3147),#139,.T.);
#3550=ADVANCED_FACE('',(#3148),#140,.F.);
#3551=ADVANCED_FACE('',(#3149),#3407,.T.);
#3552=ADVANCED_FACE('',(#3150),#3408,.T.);
#3553=ADVANCED_FACE('',(#3151),#3409,.T.);
#3554=ADVANCED_FACE('',(#3152),#141,.T.);
#3555=ADVANCED_FACE('',(#3153),#3410,.F.);
#3556=ADVANCED_FACE('',(#3154),#3411,.T.);
#3557=ADVANCED_FACE('',(#3155,#3156,#3157,#3158,#3159,#3160,#3161),#3412,.F.);
#3558=ADVANCED_FACE('',(#3162),#3413,.T.);
#3559=ADVANCED_FACE('',(#3163),#3414,.T.);
#3560=ADVANCED_FACE('',(#3164),#3415,.T.);
#3561=ADVANCED_FACE('',(#3165),#3416,.F.);
#3562=ADVANCED_FACE('',(#3166,#3167,#3168,#3169,#3170,#3171,#3172),#3417,.T.);
#3563=ADVANCED_FACE('',(#3173),#3418,.F.);
#3564=ADVANCED_FACE('',(#3174),#3419,.F.);
#3565=ADVANCED_FACE('',(#3175),#3420,.T.);
#3566=ADVANCED_FACE('',(#3176),#142,.T.);
#3567=ADVANCED_FACE('',(#3177),#3421,.F.);
#3568=ADVANCED_FACE('',(#3178),#3422,.T.);
#3569=ADVANCED_FACE('',(#3179),#3423,.T.);
#3570=ADVANCED_FACE('',(#3180),#3424,.F.);
#3571=ADVANCED_FACE('',(#3181),#3425,.T.);
#3572=ADVANCED_FACE('',(#3182),#3426,.T.);
#3573=ADVANCED_FACE('',(#3183),#3427,.F.);
#3574=ADVANCED_FACE('',(#3184),#143,.T.);
#3575=ADVANCED_FACE('',(#3185),#144,.T.);
#3576=ADVANCED_FACE('',(#3186),#34,.T.);
#3577=ADVANCED_FACE('',(#3187),#35,.F.);
#3578=ADVANCED_FACE('',(#3188),#36,.T.);
#3579=ADVANCED_FACE('',(#3189),#37,.F.);
#3580=ADVANCED_FACE('',(#3190),#38,.T.);
#3581=ADVANCED_FACE('',(#3191),#39,.F.);
#3582=ADVANCED_FACE('',(#3192),#40,.F.);
#3583=ADVANCED_FACE('',(#3193),#41,.F.);
#3584=ADVANCED_FACE('',(#3194),#42,.F.);
#3585=ADVANCED_FACE('',(#3195),#43,.F.);
#3586=ADVANCED_FACE('',(#3196),#44,.F.);
#3587=ADVANCED_FACE('',(#3197),#45,.F.);
#3588=ADVANCED_FACE('',(#3198),#46,.F.);
#3589=ADVANCED_FACE('',(#3199),#145,.F.);
#3590=ADVANCED_FACE('',(#3200),#3428,.T.);
#3591=ADVANCED_FACE('',(#3201),#3429,.T.);
#3592=ADVANCED_FACE('',(#3202),#3430,.T.);
#3593=ADVANCED_FACE('',(#3203),#3431,.T.);
#3594=ADVANCED_FACE('',(#3204,#3205),#3432,.T.);
#3595=ADVANCED_FACE('',(#3206,#3207),#146,.T.);
#3596=ADVANCED_FACE('',(#3208),#147,.F.);
#3597=ADVANCED_FACE('',(#3209),#3433,.T.);
#3598=ADVANCED_FACE('',(#3210),#3434,.T.);
#3599=ADVANCED_FACE('',(#3211),#3435,.T.);
#3600=ADVANCED_FACE('',(#3212),#148,.T.);
#3601=ADVANCED_FACE('',(#3213),#3436,.F.);
#3602=ADVANCED_FACE('',(#3214),#3437,.T.);
#3603=ADVANCED_FACE('',(#3215,#3216,#3217,#3218,#3219,#3220,#3221),#3438,.F.);
#3604=ADVANCED_FACE('',(#3222),#3439,.T.);
#3605=ADVANCED_FACE('',(#3223),#3440,.T.);
#3606=ADVANCED_FACE('',(#3224),#3441,.T.);
#3607=ADVANCED_FACE('',(#3225),#3442,.F.);
#3608=ADVANCED_FACE('',(#3226,#3227,#3228,#3229,#3230,#3231,#3232),#3443,.T.);
#3609=ADVANCED_FACE('',(#3233),#3444,.F.);
#3610=ADVANCED_FACE('',(#3234),#3445,.F.);
#3611=ADVANCED_FACE('',(#3235),#3446,.T.);
#3612=ADVANCED_FACE('',(#3236),#149,.T.);
#3613=ADVANCED_FACE('',(#3237),#3447,.F.);
#3614=ADVANCED_FACE('',(#3238),#3448,.T.);
#3615=ADVANCED_FACE('',(#3239),#3449,.T.);
#3616=ADVANCED_FACE('',(#3240),#3450,.T.);
#3617=ADVANCED_FACE('',(#3241),#3451,.F.);
#3618=ADVANCED_FACE('',(#3242),#3452,.T.);
#3619=ADVANCED_FACE('',(#3243),#3453,.T.);
#3620=ADVANCED_FACE('',(#3244),#3454,.T.);
#3621=ADVANCED_FACE('',(#3245),#3455,.T.);
#3622=ADVANCED_FACE('',(#3246),#3456,.T.);
#3623=ADVANCED_FACE('',(#3247),#3457,.T.);
#3624=ADVANCED_FACE('',(#3248),#3458,.T.);
#3625=ADVANCED_FACE('',(#3249),#3459,.T.);
#3626=ADVANCED_FACE('',(#3250),#3460,.T.);
#3627=ADVANCED_FACE('',(#3251),#3461,.T.);
#3628=ADVANCED_FACE('',(#3252),#3462,.T.);
#3629=ADVANCED_FACE('',(#3253),#3463,.T.);
#3630=ADVANCED_FACE('',(#3254),#3464,.T.);
#3631=ADVANCED_FACE('',(#3255),#3465,.T.);
#3632=ADVANCED_FACE('',(#3256),#3466,.T.);
#3633=ADVANCED_FACE('',(#3257),#3467,.T.);
#3634=ADVANCED_FACE('',(#3258),#3468,.T.);
#3635=ADVANCED_FACE('',(#3259),#3469,.T.);
#3636=ADVANCED_FACE('',(#3260),#3470,.T.);
#3637=ADVANCED_FACE('',(#3261),#3471,.T.);
#3638=ADVANCED_FACE('',(#3262),#3472,.T.);
#3639=ADVANCED_FACE('',(#3263),#3473,.F.);
#3640=ADVANCED_FACE('',(#3264),#3474,.F.);
#3641=ADVANCED_FACE('',(#3265),#3475,.F.);
#3642=ADVANCED_FACE('',(#3266),#3476,.F.);
#3643=ADVANCED_FACE('',(#3267),#3477,.F.);
#3644=ADVANCED_FACE('',(#3268),#3478,.F.);
#3645=ADVANCED_FACE('',(#3269),#3479,.F.);
#3646=ADVANCED_FACE('',(#3270),#3480,.F.);
#3647=ADVANCED_FACE('',(#3271),#3481,.F.);
#3648=ADVANCED_FACE('',(#3272),#3482,.F.);
#3649=ADVANCED_FACE('',(#3273),#3483,.F.);
#3650=ADVANCED_FACE('',(#3274),#150,.T.);
#3651=ADVANCED_FACE('',(#3275),#151,.T.);
#3652=ADVANCED_FACE('',(#3276),#47,.T.);
#3653=ADVANCED_FACE('',(#3277),#48,.F.);
#3654=ADVANCED_FACE('',(#3278),#49,.T.);
#3655=ADVANCED_FACE('',(#3279),#50,.F.);
#3656=ADVANCED_FACE('',(#3280),#51,.T.);
#3657=ADVANCED_FACE('',(#3281),#52,.F.);
#3658=ADVANCED_FACE('',(#3282),#53,.F.);
#3659=ADVANCED_FACE('',(#3283),#54,.F.);
#3660=ADVANCED_FACE('',(#3284),#55,.F.);
#3661=ADVANCED_FACE('',(#3285),#56,.F.);
#3662=ADVANCED_FACE('',(#3286),#57,.F.);
#3663=ADVANCED_FACE('',(#3287),#58,.F.);
#3664=ADVANCED_FACE('',(#3288),#59,.F.);
#3665=ADVANCED_FACE('',(#3289),#152,.F.);
#3666=ADVANCED_FACE('',(#3290),#3484,.T.);
#3667=ADVANCED_FACE('',(#3291),#3485,.T.);
#3668=ADVANCED_FACE('',(#3292),#3486,.T.);
#3669=ADVANCED_FACE('',(#3293),#3487,.T.);
#3670=ADVANCED_FACE('',(#3294),#3488,.T.);
#3671=ADVANCED_FACE('',(#3295,#3296),#3489,.T.);
#3672=ADVANCED_FACE('',(#3297,#3298),#153,.T.);
#3673=ADVANCED_FACE('',(#3299),#154,.F.);
#3674=ADVANCED_FACE('',(#3300),#3490,.T.);
#3675=ADVANCED_FACE('',(#3301),#3491,.T.);
#3676=ADVANCED_FACE('',(#3302),#3492,.T.);
#3677=ADVANCED_FACE('',(#3303),#3493,.F.);
#3678=ADVANCED_FACE('',(#3304),#3494,.F.);
#3679=ADVANCED_FACE('',(#3305),#3495,.F.);
#3680=ADVANCED_FACE('',(#3306),#155,.F.);
#3681=ADVANCED_FACE('',(#3307),#3496,.T.);
#3682=ADVANCED_FACE('',(#3308),#3497,.T.);
#3683=ADVANCED_FACE('',(#3309),#3498,.T.);
#3684=ADVANCED_FACE('',(#3310),#3499,.T.);
#3685=ADVANCED_FACE('',(#3311),#156,.F.);
#3686=ADVANCED_FACE('',(#3312),#3500,.T.);
#3687=ADVANCED_FACE('',(#3313),#157,.T.);
#3688=ADVANCED_FACE('',(#3314),#158,.T.);
#3689=ADVANCED_FACE('',(#3315),#3501,.F.);
#3690=ADVANCED_FACE('',(#3316),#159,.F.);
#3691=ADVANCED_FACE('',(#3317),#3502,.F.);
#3692=ADVANCED_FACE('',(#3318),#160,.F.);
#3693=ADVANCED_FACE('',(#3319),#161,.F.);
#3694=ADVANCED_FACE('',(#3320),#162,.F.);
#3695=ADVANCED_FACE('',(#3321),#163,.F.);
#3696=ADVANCED_FACE('',(#3322),#3503,.T.);
#3697=ADVANCED_FACE('',(#3323),#3504,.T.);
#3698=ADVANCED_FACE('',(#3324),#3505,.T.);
#3699=ADVANCED_FACE('',(#3325),#3506,.T.);
#3700=ADVANCED_FACE('',(#3326),#3507,.T.);
#3701=ADVANCED_FACE('',(#3327),#3508,.T.);
#3702=ADVANCED_FACE('',(#3328),#3509,.T.);
#3703=ADVANCED_FACE('',(#3329),#3510,.T.);
#3704=ADVANCED_FACE('',(#3330,#3331,#3332,#3333,#3334),#3511,.T.);
#3705=ADVANCED_FACE('',(#3335,#3336),#164,.F.);
#3706=ADVANCED_FACE('',(#3337,#3338),#3512,.T.);
#3707=ADVANCED_FACE('',(#3339,#3340),#165,.F.);
#3708=ADVANCED_FACE('',(#3341,#3342),#166,.F.);
#3709=ADVANCED_FACE('',(#3343,#3344),#3513,.T.);
#3710=ADVANCED_FACE('',(#3345,#3346),#167,.F.);
#3711=ADVANCED_FACE('',(#3347,#3348),#168,.F.);
#3712=ADVANCED_FACE('',(#3349,#3350),#3514,.T.);
#3713=ADVANCED_FACE('',(#3351,#3352),#169,.F.);
#3714=ADVANCED_FACE('',(#3353,#3354),#170,.T.);
#3715=ADVANCED_FACE('',(#3355,#3356),#171,.F.);
#3716=ADVANCED_FACE('',(#3357,#3358),#3515,.F.);
#3717=ADVANCED_FACE('',(#3359,#3360,#3361,#3362,#3363,#3364,#3365),#3516,.F.);
#3718=ADVANCED_FACE('',(#3366,#3367),#172,.T.);
#3719=ADVANCED_FACE('',(#3368),#3517,.F.);
#3720=ADVANCED_FACE('',(#3369,#3370),#173,.T.);
#3721=ADVANCED_FACE('',(#3371),#3518,.F.);
#3722=ADVANCED_FACE('',(#3372,#3373),#174,.F.);
#3723=ADVANCED_FACE('',(#3374,#3375),#3519,.T.);
#3724=ADVANCED_FACE('',(#3376,#3377),#175,.F.);
#3725=ADVANCED_FACE('',(#3378),#3520,.F.);
#3726=ADVANCED_FACE('',(#3379),#3521,.F.);
#3727=ADVANCED_FACE('',(#3380),#3522,.T.);
#3728=ADVANCED_FACE('',(#3381),#3523,.F.);
#3729=ADVANCED_FACE('',(#3382),#3524,.F.);
#3730=ADVANCED_FACE('',(#3383),#3525,.T.);
#3731=ADVANCED_FACE('',(#3384),#3526,.F.);
#3732=ADVANCED_FACE('',(#3385),#3527,.F.);
#3733=ADVANCED_FACE('',(#3386),#3528,.T.);
#3734=ADVANCED_FACE('',(#3387),#3529,.F.);
#3735=ADVANCED_FACE('',(#3388),#3530,.F.);
#3736=ADVANCED_FACE('',(#3389),#3531,.T.);
#3737=ADVANCED_FACE('',(#3390),#3532,.T.);
#3738=ADVANCED_FACE('',(#3391),#3533,.T.);
#3739=ADVANCED_FACE('',(#3392),#3534,.T.);
#3740=ADVANCED_FACE('',(#3393),#3535,.T.);
#3741=ADVANCED_FACE('',(#3394),#3536,.T.);
#3742=ADVANCED_FACE('',(#3395),#3537,.T.);
#3743=ADVANCED_FACE('',(#3396),#3538,.T.);
#3744=ADVANCED_FACE('',(#3397),#3539,.T.);
#3745=ADVANCED_FACE('',(#3398),#3540,.T.);
#3746=ADVANCED_FACE('',(#3399),#3541,.T.);
#3747=ADVANCED_FACE('',(#3400),#3542,.T.);
#3748=ADVANCED_FACE('',(#3401),#3543,.T.);
#3749=ADVANCED_FACE('',(#3402),#3544,.T.);
#3750=ADVANCED_FACE('',(#3403),#3545,.T.);
#3751=ADVANCED_FACE('',(#3404),#3546,.T.);
#3752=ADVANCED_FACE('',(#3405),#3547,.T.);
#3753=CLOSED_SHELL('',(#3548,#3549,#3550,#3551,#3552,#3553,#3554,#3555,#3556,#3557,#3558,#3559,#3560,#3561,#3562,#3563,#3564,#3565,#3566,#3567,#3568,#3569,#3570,#3571,#3572,#3573,#3574,#3575,#3576,#3577,#3578,#3579,#3580,#3581,#3582,#3583,#3584,#3585,#3586,#3587,#3588,#3589,#3590,#3591,#3592,#3593));
#3754=CLOSED_SHELL('',(#3594,#3595,#3596,#3597,#3598,#3599,#3600,#3601,#3602,#3603,#3604,#3605,#3606,#3607,#3608,#3609,#3610,#3611,#3612,#3613,#3614,#3615,#3616,#3617,#3618,#3619,#3620,#3621,#3622,#3623,#3624,#3625,#3626,#3627,#3628,#3629,#3630,#3631,#3632,#3633,#3634,#3635,#3636,#3637,#3638,#3639,#3640,#3641,#3642,#3643,#3644,#3645,#3646,#3647,#3648,#3649,#3650,#3651,#3652,#3653,#3654,#3655,#3656,#3657,#3658,#3659,#3660,#3661,#3662,#3663,#3664,#3665,#3666,#3667,#3668,#3669));
#3755=CLOSED_SHELL('',(#3670,#3671,#3672,#3673,#3674,#3675,#3676,#3677,#3678,#3679,#3680,#3681,#3682,#3683,#3684,#3685,#3686,#3687,#3688,#3689,#3690,#3691));
#3756=CLOSED_SHELL('',(#3692,#3693,#3694,#3695,#3696,#3697,#3698,#3699,#3700,#3701,#3702,#3703,#3704,#3705,#3706,#3707,#3708,#3709,#3710,#3711,#3712,#3713,#3714,#3715,#3716,#3717,#3718,#3719,#3720,#3721,#3722,#3723,#3724,#3725,#3726,#3727,#3728,#3729,#3730,#3731,#3732,#3733,#3734,#3735,#3736,#3737,#3738,#3739,#3740,#3741,#3742,#3743,#3744,#3745,#3746,#3747,#3748,#3749,#3750,#3751,#3752));
#3757=STYLED_ITEM('',(#3761),#3787);
#3758=STYLED_ITEM('',(#3762),#3788);
#3759=STYLED_ITEM('',(#3763),#3789);
#3760=STYLED_ITEM('',(#3764),#3790);
#3761=PRESENTATION_STYLE_ASSIGNMENT((#3765));
#3762=PRESENTATION_STYLE_ASSIGNMENT((#3766));
#3763=PRESENTATION_STYLE_ASSIGNMENT((#3767));
#3764=PRESENTATION_STYLE_ASSIGNMENT((#3768));
#3765=SURFACE_STYLE_USAGE(.BOTH.,#3769);
#3766=SURFACE_STYLE_USAGE(.BOTH.,#3770);
#3767=SURFACE_STYLE_USAGE(.BOTH.,#3771);
#3768=SURFACE_STYLE_USAGE(.BOTH.,#3772);
#3769=SURFACE_SIDE_STYLE('',(#3773));
#3770=SURFACE_SIDE_STYLE('',(#3774));
#3771=SURFACE_SIDE_STYLE('',(#3775));
#3772=SURFACE_SIDE_STYLE('',(#3776));
#3773=SURFACE_STYLE_FILL_AREA(#3777);
#3774=SURFACE_STYLE_FILL_AREA(#3778);
#3775=SURFACE_STYLE_FILL_AREA(#3779);
#3776=SURFACE_STYLE_FILL_AREA(#3780);
#3777=FILL_AREA_STYLE('',(#3781));
#3778=FILL_AREA_STYLE('',(#3782));
#3779=FILL_AREA_STYLE('',(#3783));
#3780=FILL_AREA_STYLE('',(#3784));
#3781=FILL_AREA_STYLE_COLOUR('',#3785);
#3782=FILL_AREA_STYLE_COLOUR('',#3785);
#3783=FILL_AREA_STYLE_COLOUR('',#3785);
#3784=FILL_AREA_STYLE_COLOUR('',#3786);
#3785=COLOUR_RGB('',0.231372549019608,0.380392156862745,0.705882352941177);
#3786=COLOUR_RGB('',0.615686274509804,0.811764705882353,0.929411764705882);
#3787=MANIFOLD_SOLID_BREP('StraightRake',#3753);
#3788=MANIFOLD_SOLID_BREP('TriangularRake',#3754);
#3789=MANIFOLD_SOLID_BREP('Pen',#3755);
#3790=MANIFOLD_SOLID_BREP('Base',#3756);
#3791=SHAPE_DEFINITION_REPRESENTATION(#10304,#3796);
#3792=SHAPE_DEFINITION_REPRESENTATION(#10305,#3797);
#3793=SHAPE_DEFINITION_REPRESENTATION(#10307,#3798);
#3794=SHAPE_DEFINITION_REPRESENTATION(#10309,#3799);
#3795=SHAPE_DEFINITION_REPRESENTATION(#10311,#3800);
#3796=SHAPE_REPRESENTATION('Assembly 1',(#3801,#3856,#3941,#3981,#4090),#10291);
#3797=SHAPE_REPRESENTATION('StraightRake',(#3801),#10292);
#3798=SHAPE_REPRESENTATION('TriangularRake',(#3801),#10293);
#3799=SHAPE_REPRESENTATION('Pen',(#3801),#10294);
#3800=SHAPE_REPRESENTATION('Base',(#3801),#10295);
#3801=AXIS2_PLACEMENT_3D('',#5034,#4091,#4092);
#3802=AXIS2_PLACEMENT_3D('',#5035,#4093,#4094);
#3803=AXIS2_PLACEMENT_3D('',#5036,#4095,#4096);
#3804=AXIS2_PLACEMENT_3D('',#5047,#4101,#4102);
#3805=AXIS2_PLACEMENT_3D('',#5048,#4103,#4104);
#3806=AXIS2_PLACEMENT_3D('',#5049,#4105,#4106);
#3807=AXIS2_PLACEMENT_3D('',#5054,#4108,#4109);
#3808=AXIS2_PLACEMENT_3D('',#5070,#4111,#4112);
#3809=AXIS2_PLACEMENT_3D('',#5072,#4113,#4114);
#3810=AXIS2_PLACEMENT_3D('',#5073,#4115,#4116);
#3811=AXIS2_PLACEMENT_3D('',#5076,#4119,#4120);
#3812=AXIS2_PLACEMENT_3D('',#5085,#4125,#4126);
#3813=AXIS2_PLACEMENT_3D('',#5094,#4131,#4132);
#3814=AXIS2_PLACEMENT_3D('',#5103,#4137,#4138);
#3815=AXIS2_PLACEMENT_3D('',#5104,#4139,#4140);
#3816=AXIS2_PLACEMENT_3D('',#5109,#4142,#4143);
#3817=AXIS2_PLACEMENT_3D('',#5112,#4145,#4146);
#3818=AXIS2_PLACEMENT_3D('',#5121,#4151,#4152);
#3819=AXIS2_PLACEMENT_3D('',#5127,#4156,#4157);
#3820=AXIS2_PLACEMENT_3D('',#5466,#4161,#4162);
#3821=AXIS2_PLACEMENT_3D('',#5474,#4163,#4164);
#3822=AXIS2_PLACEMENT_3D('',#5478,#4166,#4167);
#3823=AXIS2_PLACEMENT_3D('',#5483,#4170,#4171);
#3824=AXIS2_PLACEMENT_3D('',#5484,#4172,#4173);
#3825=AXIS2_PLACEMENT_3D('',#5493,#4178,#4179);
#3826=AXIS2_PLACEMENT_3D('',#5499,#4182,#4183);
#3827=AXIS2_PLACEMENT_3D('',#5508,#4188,#4189);
#3828=AXIS2_PLACEMENT_3D('',#5509,#4190,#4191);
#3829=AXIS2_PLACEMENT_3D('',#5515,#4195,#4196);
#3830=AXIS2_PLACEMENT_3D('',#5518,#4199,#4200);
#3831=AXIS2_PLACEMENT_3D('',#5614,#4202,#4203);
#3832=AXIS2_PLACEMENT_3D('',#5629,#4205,#4206);
#3833=AXIS2_PLACEMENT_3D('',#5781,#4209,#4210);
#3834=AXIS2_PLACEMENT_3D('',#5789,#4214,#4215);
#3835=AXIS2_PLACEMENT_3D('',#5882,#4218,#4219);
#3836=AXIS2_PLACEMENT_3D('',#5886,#4223,#4224);
#3837=AXIS2_PLACEMENT_3D('',#5887,#4225,#4226);
#3838=AXIS2_PLACEMENT_3D('',#5888,#4227,#4228);
#3839=AXIS2_PLACEMENT_3D('',#5890,#4230,#4231);
#3840=AXIS2_PLACEMENT_3D('',#5893,#4234,#4235);
#3841=AXIS2_PLACEMENT_3D('',#5895,#4237,#4238);
#3842=AXIS2_PLACEMENT_3D('',#5899,#4241,#4242);
#3843=AXIS2_PLACEMENT_3D('',#5901,#4244,#4245);
#3844=AXIS2_PLACEMENT_3D('',#5903,#4247,#4248);
#3845=AXIS2_PLACEMENT_3D('',#5907,#4251,#4252);
#3846=AXIS2_PLACEMENT_3D('',#5909,#4254,#4255);
#3847=AXIS2_PLACEMENT_3D('',#5910,#4256,#4257);
#3848=AXIS2_PLACEMENT_3D('',#5911,#4258,#4259);
#3849=AXIS2_PLACEMENT_3D('',#5912,#4260,#4261);
#3850=AXIS2_PLACEMENT_3D('',#5913,#4262,#4263);
#3851=AXIS2_PLACEMENT_3D('',#7375,#4271,#4272);
#3852=AXIS2_PLACEMENT_3D('',#7378,#4275,#4276);
#3853=AXIS2_PLACEMENT_3D('',#7380,#4278,#4279);
#3854=AXIS2_PLACEMENT_3D('',#7381,#4280,#4281);
#3855=AXIS2_PLACEMENT_3D('',#7383,#4283,#4284);
#3856=AXIS2_PLACEMENT_3D('',#7384,#4285,#4286);
#3857=AXIS2_PLACEMENT_3D('',#7385,#4287,#4288);
#3858=AXIS2_PLACEMENT_3D('',#7386,#4289,#4290);
#3859=AXIS2_PLACEMENT_3D('',#7397,#4295,#4296);
#3860=AXIS2_PLACEMENT_3D('',#7398,#4297,#4298);
#3861=AXIS2_PLACEMENT_3D('',#7399,#4299,#4300);
#3862=AXIS2_PLACEMENT_3D('',#7404,#4302,#4303);
#3863=AXIS2_PLACEMENT_3D('',#7420,#4305,#4306);
#3864=AXIS2_PLACEMENT_3D('',#7422,#4307,#4308);
#3865=AXIS2_PLACEMENT_3D('',#7423,#4309,#4310);
#3866=AXIS2_PLACEMENT_3D('',#7426,#4313,#4314);
#3867=AXIS2_PLACEMENT_3D('',#7435,#4319,#4320);
#3868=AXIS2_PLACEMENT_3D('',#7444,#4325,#4326);
#3869=AXIS2_PLACEMENT_3D('',#7453,#4331,#4332);
#3870=AXIS2_PLACEMENT_3D('',#7454,#4333,#4334);
#3871=AXIS2_PLACEMENT_3D('',#7459,#4336,#4337);
#3872=AXIS2_PLACEMENT_3D('',#7462,#4339,#4340);
#3873=AXIS2_PLACEMENT_3D('',#7471,#4345,#4346);
#3874=AXIS2_PLACEMENT_3D('',#7477,#4350,#4351);
#3875=AXIS2_PLACEMENT_3D('',#7816,#4355,#4356);
#3876=AXIS2_PLACEMENT_3D('',#7824,#4357,#4358);
#3877=AXIS2_PLACEMENT_3D('',#7828,#4360,#4361);
#3878=AXIS2_PLACEMENT_3D('',#7833,#4364,#4365);
#3879=AXIS2_PLACEMENT_3D('',#7854,#4376,#4377);
#3880=AXIS2_PLACEMENT_3D('',#7863,#4382,#4383);
#3881=AXIS2_PLACEMENT_3D('',#7869,#4386,#4387);
#3882=AXIS2_PLACEMENT_3D('',#7878,#4392,#4393);
#3883=AXIS2_PLACEMENT_3D('',#7879,#4394,#4395);
#3884=AXIS2_PLACEMENT_3D('',#7885,#4399,#4400);
#3885=AXIS2_PLACEMENT_3D('',#7888,#4403,#4404);
#3886=AXIS2_PLACEMENT_3D('',#7984,#4406,#4407);
#3887=AXIS2_PLACEMENT_3D('',#7999,#4409,#4410);
#3888=AXIS2_PLACEMENT_3D('',#8151,#4413,#4414);
#3889=AXIS2_PLACEMENT_3D('',#8197,#4437,#4438);
#3890=AXIS2_PLACEMENT_3D('',#8290,#4441,#4442);
#3891=AXIS2_PLACEMENT_3D('',#8294,#4446,#4447);
#3892=AXIS2_PLACEMENT_3D('',#8295,#4448,#4449);
#3893=AXIS2_PLACEMENT_3D('',#8296,#4450,#4451);
#3894=AXIS2_PLACEMENT_3D('',#8298,#4453,#4454);
#3895=AXIS2_PLACEMENT_3D('',#8301,#4457,#4458);
#3896=AXIS2_PLACEMENT_3D('',#8303,#4460,#4461);
#3897=AXIS2_PLACEMENT_3D('',#8306,#4464,#4465);
#3898=AXIS2_PLACEMENT_3D('',#8310,#4468,#4469);
#3899=AXIS2_PLACEMENT_3D('',#8312,#4471,#4472);
#3900=AXIS2_PLACEMENT_3D('',#8314,#4474,#4475);
#3901=AXIS2_PLACEMENT_3D('',#8318,#4478,#4479);
#3902=AXIS2_PLACEMENT_3D('',#8321,#4482,#4483);
#3903=AXIS2_PLACEMENT_3D('',#8323,#4485,#4486);
#3904=AXIS2_PLACEMENT_3D('',#8326,#4489,#4490);
#3905=AXIS2_PLACEMENT_3D('',#8328,#4492,#4493);
#3906=AXIS2_PLACEMENT_3D('',#8331,#4496,#4497);
#3907=AXIS2_PLACEMENT_3D('',#8333,#4499,#4500);
#3908=AXIS2_PLACEMENT_3D('',#8336,#4503,#4504);
#3909=AXIS2_PLACEMENT_3D('',#8338,#4506,#4507);
#3910=AXIS2_PLACEMENT_3D('',#8341,#4510,#4511);
#3911=AXIS2_PLACEMENT_3D('',#8343,#4513,#4514);
#3912=AXIS2_PLACEMENT_3D('',#8346,#4517,#4518);
#3913=AXIS2_PLACEMENT_3D('',#8348,#4520,#4521);
#3914=AXIS2_PLACEMENT_3D('',#8351,#4524,#4525);
#3915=AXIS2_PLACEMENT_3D('',#8353,#4527,#4528);
#3916=AXIS2_PLACEMENT_3D('',#8356,#4531,#4532);
#3917=AXIS2_PLACEMENT_3D('',#8358,#4534,#4535);
#3918=AXIS2_PLACEMENT_3D('',#8361,#4538,#4539);
#3919=AXIS2_PLACEMENT_3D('',#8363,#4541,#4542);
#3920=AXIS2_PLACEMENT_3D('',#8365,#4544,#4545);
#3921=AXIS2_PLACEMENT_3D('',#8367,#4547,#4548);
#3922=AXIS2_PLACEMENT_3D('',#8368,#4549,#4550);
#3923=AXIS2_PLACEMENT_3D('',#8369,#4551,#4552);
#3924=AXIS2_PLACEMENT_3D('',#8370,#4553,#4554);
#3925=AXIS2_PLACEMENT_3D('',#8371,#4555,#4556);
#3926=AXIS2_PLACEMENT_3D('',#8372,#4557,#4558);
#3927=AXIS2_PLACEMENT_3D('',#8373,#4559,#4560);
#3928=AXIS2_PLACEMENT_3D('',#8374,#4561,#4562);
#3929=AXIS2_PLACEMENT_3D('',#8375,#4563,#4564);
#3930=AXIS2_PLACEMENT_3D('',#8376,#4565,#4566);
#3931=AXIS2_PLACEMENT_3D('',#8377,#4567,#4568);
#3932=AXIS2_PLACEMENT_3D('',#8378,#4569,#4570);
#3933=AXIS2_PLACEMENT_3D('',#8379,#4571,#4572);
#3934=AXIS2_PLACEMENT_3D('',#8380,#4573,#4574);
#3935=AXIS2_PLACEMENT_3D('',#8381,#4575,#4576);
#3936=AXIS2_PLACEMENT_3D('',#9843,#4584,#4585);
#3937=AXIS2_PLACEMENT_3D('',#9846,#4588,#4589);
#3938=AXIS2_PLACEMENT_3D('',#9848,#4591,#4592);
#3939=AXIS2_PLACEMENT_3D('',#9849,#4593,#4594);
#3940=AXIS2_PLACEMENT_3D('',#9851,#4596,#4597);
#3941=AXIS2_PLACEMENT_3D('',#9852,#4598,#4599);
#3942=AXIS2_PLACEMENT_3D('',#9853,#4600,#4601);
#3943=AXIS2_PLACEMENT_3D('',#9857,#4603,#4604);
#3944=AXIS2_PLACEMENT_3D('',#9861,#4606,#4607);
#3945=AXIS2_PLACEMENT_3D('',#9863,#4608,#4609);
#3946=AXIS2_PLACEMENT_3D('',#9867,#4611,#4612);
#3947=AXIS2_PLACEMENT_3D('',#9868,#4613,#4614);
#3948=AXIS2_PLACEMENT_3D('',#9869,#4615,#4616);
#3949=AXIS2_PLACEMENT_3D('',#9880,#4621,#4622);
#3950=AXIS2_PLACEMENT_3D('',#9881,#4623,#4624);
#3951=AXIS2_PLACEMENT_3D('',#9882,#4625,#4626);
#3952=AXIS2_PLACEMENT_3D('',#9887,#4628,#4629);
#3953=AXIS2_PLACEMENT_3D('',#9903,#4631,#4632);
#3954=AXIS2_PLACEMENT_3D('',#9905,#4633,#4634);
#3955=AXIS2_PLACEMENT_3D('',#9906,#4635,#4636);
#3956=AXIS2_PLACEMENT_3D('',#9909,#4639,#4640);
#3957=AXIS2_PLACEMENT_3D('',#9918,#4645,#4646);
#3958=AXIS2_PLACEMENT_3D('',#9924,#4649,#4650);
#3959=AXIS2_PLACEMENT_3D('',#9933,#4655,#4656);
#3960=AXIS2_PLACEMENT_3D('',#9934,#4657,#4658);
#3961=AXIS2_PLACEMENT_3D('',#9940,#4662,#4663);
#3962=AXIS2_PLACEMENT_3D('',#9943,#4666,#4667);
#3963=AXIS2_PLACEMENT_3D('',#9947,#4671,#4672);
#3964=AXIS2_PLACEMENT_3D('',#9948,#4673,#4674);
#3965=AXIS2_PLACEMENT_3D('',#9949,#4675,#4676);
#3966=AXIS2_PLACEMENT_3D('',#9952,#4679,#4680);
#3967=AXIS2_PLACEMENT_3D('',#9954,#4682,#4683);
#3968=AXIS2_PLACEMENT_3D('',#9955,#4684,#4685);
#3969=AXIS2_PLACEMENT_3D('',#9957,#4687,#4688);
#3970=AXIS2_PLACEMENT_3D('',#9958,#4689,#4690);
#3971=AXIS2_PLACEMENT_3D('',#9959,#4691,#4692);
#3972=AXIS2_PLACEMENT_3D('',#9962,#4694,#4695);
#3973=AXIS2_PLACEMENT_3D('',#9966,#4698,#4699);
#3974=AXIS2_PLACEMENT_3D('',#9967,#4700,#4701);
#3975=AXIS2_PLACEMENT_3D('',#9970,#4703,#4704);
#3976=AXIS2_PLACEMENT_3D('',#9971,#4705,#4706);
#3977=AXIS2_PLACEMENT_3D('',#9974,#4708,#4709);
#3978=AXIS2_PLACEMENT_3D('',#9978,#4712,#4713);
#3979=AXIS2_PLACEMENT_3D('',#9979,#4714,#4715);
#3980=AXIS2_PLACEMENT_3D('',#9980,#4716,#4717);
#3981=AXIS2_PLACEMENT_3D('',#9981,#4718,#4719);
#3982=AXIS2_PLACEMENT_3D('',#9982,#4720,#4721);
#3983=AXIS2_PLACEMENT_3D('',#9983,#4722,#4723);
#3984=AXIS2_PLACEMENT_3D('',#9988,#4725,#4726);
#3985=AXIS2_PLACEMENT_3D('',#9990,#4727,#4728);
#3986=AXIS2_PLACEMENT_3D('',#9992,#4729,#4730);
#3987=AXIS2_PLACEMENT_3D('',#9995,#4732,#4733);
#3988=AXIS2_PLACEMENT_3D('',#9996,#4734,#4735);
#3989=AXIS2_PLACEMENT_3D('',#10001,#4737,#4738);
#3990=AXIS2_PLACEMENT_3D('',#10003,#4739,#4740);
#3991=AXIS2_PLACEMENT_3D('',#10005,#4741,#4742);
#3992=AXIS2_PLACEMENT_3D('',#10008,#4744,#4745);
#3993=AXIS2_PLACEMENT_3D('',#10009,#4746,#4747);
#3994=AXIS2_PLACEMENT_3D('',#10014,#4749,#4750);
#3995=AXIS2_PLACEMENT_3D('',#10016,#4751,#4752);
#3996=AXIS2_PLACEMENT_3D('',#10018,#4753,#4754);
#3997=AXIS2_PLACEMENT_3D('',#10021,#4756,#4757);
#3998=AXIS2_PLACEMENT_3D('',#10022,#4758,#4759);
#3999=AXIS2_PLACEMENT_3D('',#10027,#4761,#4762);
#4000=AXIS2_PLACEMENT_3D('',#10029,#4763,#4764);
#4001=AXIS2_PLACEMENT_3D('',#10031,#4765,#4766);
#4002=AXIS2_PLACEMENT_3D('',#10034,#4768,#4769);
#4003=AXIS2_PLACEMENT_3D('',#10038,#4771,#4772);
#4004=AXIS2_PLACEMENT_3D('',#10047,#4777,#4778);
#4005=AXIS2_PLACEMENT_3D('',#10058,#4785,#4786);
#4006=AXIS2_PLACEMENT_3D('',#10062,#4788,#4789);
#4007=AXIS2_PLACEMENT_3D('',#10071,#4794,#4795);
#4008=AXIS2_PLACEMENT_3D('',#10082,#4802,#4803);
#4009=AXIS2_PLACEMENT_3D('',#10086,#4805,#4806);
#4010=AXIS2_PLACEMENT_3D('',#10095,#4811,#4812);
#4011=AXIS2_PLACEMENT_3D('',#10106,#4819,#4820);
#4012=AXIS2_PLACEMENT_3D('',#10110,#4822,#4823);
#4013=AXIS2_PLACEMENT_3D('',#10119,#4828,#4829);
#4014=AXIS2_PLACEMENT_3D('',#10130,#4836,#4837);
#4015=AXIS2_PLACEMENT_3D('',#10131,#4838,#4839);
#4016=AXIS2_PLACEMENT_3D('',#10132,#4840,#4841);
#4017=AXIS2_PLACEMENT_3D('',#10133,#4842,#4843);
#4018=AXIS2_PLACEMENT_3D('',#10134,#4844,#4845);
#4019=AXIS2_PLACEMENT_3D('',#10135,#4846,#4847);
#4020=AXIS2_PLACEMENT_3D('',#10137,#4848,#4849);
#4021=AXIS2_PLACEMENT_3D('',#10139,#4850,#4851);
#4022=AXIS2_PLACEMENT_3D('',#10141,#4852,#4853);
#4023=AXIS2_PLACEMENT_3D('',#10143,#4854,#4855);
#4024=AXIS2_PLACEMENT_3D('',#10144,#4856,#4857);
#4025=AXIS2_PLACEMENT_3D('',#10146,#4858,#4859);
#4026=AXIS2_PLACEMENT_3D('',#10147,#4860,#4861);
#4027=AXIS2_PLACEMENT_3D('',#10149,#4862,#4863);
#4028=AXIS2_PLACEMENT_3D('',#10150,#4864,#4865);
#4029=AXIS2_PLACEMENT_3D('',#10152,#4866,#4867);
#4030=AXIS2_PLACEMENT_3D('',#10153,#4868,#4869);
#4031=AXIS2_PLACEMENT_3D('',#10155,#4870,#4871);
#4032=AXIS2_PLACEMENT_3D('',#10156,#4872,#4873);
#4033=AXIS2_PLACEMENT_3D('',#10158,#4874,#4875);
#4034=AXIS2_PLACEMENT_3D('',#10159,#4876,#4877);
#4035=AXIS2_PLACEMENT_3D('',#10161,#4878,#4879);
#4036=AXIS2_PLACEMENT_3D('',#10162,#4880,#4881);
#4037=AXIS2_PLACEMENT_3D('',#10164,#4882,#4883);
#4038=AXIS2_PLACEMENT_3D('',#10165,#4884,#4885);
#4039=AXIS2_PLACEMENT_3D('',#10167,#4886,#4887);
#4040=AXIS2_PLACEMENT_3D('',#10168,#4888,#4889);
#4041=AXIS2_PLACEMENT_3D('',#10170,#4890,#4891);
#4042=AXIS2_PLACEMENT_3D('',#10171,#4892,#4893);
#4043=AXIS2_PLACEMENT_3D('',#10173,#4894,#4895);
#4044=AXIS2_PLACEMENT_3D('',#10174,#4896,#4897);
#4045=AXIS2_PLACEMENT_3D('',#10176,#4898,#4899);
#4046=AXIS2_PLACEMENT_3D('',#10178,#4900,#4901);
#4047=AXIS2_PLACEMENT_3D('',#10179,#4902,#4903);
#4048=AXIS2_PLACEMENT_3D('',#10180,#4904,#4905);
#4049=AXIS2_PLACEMENT_3D('',#10182,#4906,#4907);
#4050=AXIS2_PLACEMENT_3D('',#10184,#4908,#4909);
#4051=AXIS2_PLACEMENT_3D('',#10186,#4910,#4911);
#4052=AXIS2_PLACEMENT_3D('',#10187,#4912,#4913);
#4053=AXIS2_PLACEMENT_3D('',#10189,#4914,#4915);
#4054=AXIS2_PLACEMENT_3D('',#10190,#4916,#4917);
#4055=AXIS2_PLACEMENT_3D('',#10191,#4918,#4919);
#4056=AXIS2_PLACEMENT_3D('',#10193,#4920,#4921);
#4057=AXIS2_PLACEMENT_3D('',#10194,#4922,#4923);
#4058=AXIS2_PLACEMENT_3D('',#10195,#4924,#4925);
#4059=AXIS2_PLACEMENT_3D('',#10197,#4926,#4927);
#4060=AXIS2_PLACEMENT_3D('',#10198,#4928,#4929);
#4061=AXIS2_PLACEMENT_3D('',#10200,#4930,#4931);
#4062=AXIS2_PLACEMENT_3D('',#10201,#4932,#4933);
#4063=AXIS2_PLACEMENT_3D('',#10205,#4936,#4937);
#4064=AXIS2_PLACEMENT_3D('',#10213,#4943,#4944);
#4065=AXIS2_PLACEMENT_3D('',#10215,#4946,#4947);
#4066=AXIS2_PLACEMENT_3D('',#10219,#4950,#4951);
#4067=AXIS2_PLACEMENT_3D('',#10227,#4957,#4958);
#4068=AXIS2_PLACEMENT_3D('',#10229,#4960,#4961);
#4069=AXIS2_PLACEMENT_3D('',#10233,#4964,#4965);
#4070=AXIS2_PLACEMENT_3D('',#10241,#4971,#4972);
#4071=AXIS2_PLACEMENT_3D('',#10243,#4974,#4975);
#4072=AXIS2_PLACEMENT_3D('',#10247,#4978,#4979);
#4073=AXIS2_PLACEMENT_3D('',#10255,#4985,#4986);
#4074=AXIS2_PLACEMENT_3D('',#10257,#4988,#4989);
#4075=AXIS2_PLACEMENT_3D('',#10258,#4990,#4991);
#4076=AXIS2_PLACEMENT_3D('',#10259,#4992,#4993);
#4077=AXIS2_PLACEMENT_3D('',#10260,#4994,#4995);
#4078=AXIS2_PLACEMENT_3D('',#10261,#4996,#4997);
#4079=AXIS2_PLACEMENT_3D('',#10265,#5000,#5001);
#4080=AXIS2_PLACEMENT_3D('',#10269,#5004,#5005);
#4081=AXIS2_PLACEMENT_3D('',#10273,#5008,#5009);
#4082=AXIS2_PLACEMENT_3D('',#10277,#5012,#5013);
#4083=AXIS2_PLACEMENT_3D('',#10279,#5015,#5016);
#4084=AXIS2_PLACEMENT_3D('',#10280,#5017,#5018);
#4085=AXIS2_PLACEMENT_3D('',#10282,#5020,#5021);
#4086=AXIS2_PLACEMENT_3D('',#10283,#5022,#5023);
#4087=AXIS2_PLACEMENT_3D('',#10285,#5025,#5026);
#4088=AXIS2_PLACEMENT_3D('',#10286,#5027,#5028);
#4089=AXIS2_PLACEMENT_3D('',#10288,#5030,#5031);
#4090=AXIS2_PLACEMENT_3D('',#10289,#5032,#5033);
#4091=DIRECTION('',(0.,0.,1.));
#4092=DIRECTION('',(1.,0.,0.));
#4093=DIRECTION('',(-1.22464679914735E-16,0.,-1.));
#4094=DIRECTION('',(-1.,0.,1.22464679914735E-16));
#4095=DIRECTION('',(1.22464679914735E-16,0.,1.));
#4096=DIRECTION('',(1.,0.,-1.22464679914735E-16));
#4097=DIRECTION('',(0.764705882352941,0.644379479417843,-9.36494611112682E-17));
#4098=DIRECTION('',(0.764705882352941,-0.644379479417843,-9.36494611112682E-17));
#4099=DIRECTION('',(-0.666666666666667,0.74535599249993,8.16431199431569E-17));
#4100=DIRECTION('',(-0.666666666666667,-0.74535599249993,8.16431199431569E-17));
#4101=DIRECTION('',(1.22464679914735E-16,0.,1.));
#4102=DIRECTION('',(1.,0.,-1.22464679914735E-16));
#4103=DIRECTION('',(0.,-1.,0.));
#4104=DIRECTION('',(1.22464679914735E-16,0.,1.));
#4105=DIRECTION('',(0.,-1.,0.));
#4106=DIRECTION('',(1.22464679914735E-16,0.,1.));
#4107=DIRECTION('',(0.,-1.,0.));
#4108=DIRECTION('',(-8.65956056235494E-17,-0.707106781186548,-0.707106781186548));
#4109=DIRECTION('',(8.65956056235494E-17,-0.707106781186548,0.707106781186548));
#4110=DIRECTION('',(0.,-1.,0.));
#4111=DIRECTION('',(-0.644379479417843,-0.764705882352941,7.89137266905299E-17));
#4112=DIRECTION('',(0.764705882352941,-0.644379479417843,-9.36494611112682E-17));
#4113=DIRECTION('',(0.644379479417843,-0.764705882352941,-7.89137266905299E-17));
#4114=DIRECTION('',(-0.764705882352941,-0.644379479417843,9.36494611112682E-17));
#4115=DIRECTION('',(1.22464679914735E-16,0.,1.));
#4116=DIRECTION('',(1.,0.,-1.22464679914735E-16));
#4117=DIRECTION('',(-1.22464679914735E-16,0.,-1.));
#4118=DIRECTION('',(-1.22464679914735E-16,0.,-1.));
#4119=DIRECTION('',(0.924473451641905,0.,-0.381246425831512));
#4120=DIRECTION('',(-0.381246425831512,0.,-0.924473451641905));
#4121=DIRECTION('',(0.381246425831512,0.,0.924473451641905));
#4122=DIRECTION('',(0.,-1.,0.));
#4123=DIRECTION('',(0.381246425831512,0.,0.924473451641905));
#4124=DIRECTION('',(0.,-1.,0.));
#4125=DIRECTION('',(0.924473451641905,0.,-0.381246425831512));
#4126=DIRECTION('',(-0.381246425831512,0.,-0.924473451641905));
#4127=DIRECTION('',(0.381246425831512,0.,0.924473451641905));
#4128=DIRECTION('',(0.,-1.,0.));
#4129=DIRECTION('',(0.381246425831512,0.,0.924473451641905));
#4130=DIRECTION('',(0.,-1.,0.));
#4131=DIRECTION('',(0.924473451641905,0.,-0.381246425831512));
#4132=DIRECTION('',(-0.381246425831512,0.,-0.924473451641905));
#4133=DIRECTION('',(0.381246425831512,0.,0.924473451641905));
#4134=DIRECTION('',(0.,-1.,0.));
#4135=DIRECTION('',(0.381246425831512,0.,0.924473451641905));
#4136=DIRECTION('',(0.,-1.,0.));
#4137=DIRECTION('',(0.,-1.,0.));
#4138=DIRECTION('',(1.22464679914735E-16,0.,1.));
#4139=DIRECTION('',(0.,-1.,0.));
#4140=DIRECTION('',(1.22464679914735E-16,0.,1.));
#4141=DIRECTION('',(0.,-1.,0.));
#4142=DIRECTION('',(0.,-1.,0.));
#4143=DIRECTION('',(1.22464679914735E-16,0.,1.));
#4144=DIRECTION('',(0.,-1.,0.));
#4145=DIRECTION('',(0.924473451641905,0.,0.381246425831512));
#4146=DIRECTION('',(0.381246425831512,0.,-0.924473451641905));
#4147=DIRECTION('',(0.,-1.,0.));
#4148=DIRECTION('',(-0.381246425831512,0.,0.924473451641905));
#4149=DIRECTION('',(0.,-1.,0.));
#4150=DIRECTION('',(-0.381246425831512,0.,0.924473451641905));
#4151=DIRECTION('',(1.22464679914735E-16,0.,1.));
#4152=DIRECTION('',(1.,0.,-1.22464679914735E-16));
#4153=DIRECTION('',(-1.,0.,1.22464679914735E-16));
#4154=DIRECTION('',(0.,-1.,0.));
#4155=DIRECTION('',(-1.,0.,1.22464679914735E-16));
#4156=DIRECTION('',(0.,-1.,0.));
#4157=DIRECTION('',(-1.,0.,1.22464679914735E-16));
#4158=DIRECTION('',(-1.,0.,1.22464679914735E-16));
#4159=DIRECTION('',(0.381246425831512,0.,0.924473451641905));
#4160=DIRECTION('',(-0.381246425831512,0.,0.924473451641905));
#4161=DIRECTION('',(0.,-1.,0.));
#4162=DIRECTION('',(1.22464679914735E-16,0.,1.));
#4163=DIRECTION('',(0.,1.,0.));
#4164=DIRECTION('',(-0.401182950024508,-5.60886977478228E-17,-0.915997947928724));
#4165=DIRECTION('',(1.,0.,-1.22464679914735E-16));
#4166=DIRECTION('',(0.,-1.,0.));
#4167=DIRECTION('',(1.22464679914735E-16,0.,1.));
#4168=DIRECTION('',(0.381246425831512,0.,0.924473451641905));
#4169=DIRECTION('',(-0.381246425831512,0.,0.924473451641905));
#4170=DIRECTION('',(0.,-1.,0.));
#4171=DIRECTION('',(1.22464679914735E-16,0.,1.));
#4172=DIRECTION('',(-0.707106781186549,0.,-0.707106781186547));
#4173=DIRECTION('',(-0.707106781186547,0.,0.707106781186549));
#4174=DIRECTION('',(0.,-1.,0.));
#4175=DIRECTION('',(-0.447213595499957,-0.774596669241484,0.447213595499958));
#4176=DIRECTION('',(0.,-1.,0.));
#4177=DIRECTION('',(-0.577350269189625,-0.577350269189626,0.577350269189626));
#4178=DIRECTION('',(1.22464679914735E-16,0.,1.));
#4179=DIRECTION('',(1.,0.,-1.22464679914735E-16));
#4180=DIRECTION('',(-0.666666666666667,-0.74535599249993,8.16431199431569E-17));
#4181=DIRECTION('',(-0.666666666666667,0.74535599249993,8.16431199431569E-17));
#4182=DIRECTION('',(1.22464679914735E-16,0.,1.));
#4183=DIRECTION('',(1.,0.,-1.22464679914735E-16));
#4184=DIRECTION('',(1.,0.,-1.22464679914735E-16));
#4185=DIRECTION('',(1.,0.,-1.22464679914735E-16));
#4186=DIRECTION('',(0.,-1.,0.));
#4187=DIRECTION('',(1.,0.,-1.22464679914735E-16));
#4188=DIRECTION('',(1.22464679914735E-16,0.,1.));
#4189=DIRECTION('',(1.,0.,-1.22464679914735E-16));
#4190=DIRECTION('',(0.707106781186549,0.,-0.707106781186547));
#4191=DIRECTION('',(-0.707106781186547,0.,-0.707106781186549));
#4192=DIRECTION('',(0.,-1.,0.));
#4193=DIRECTION('',(-0.447213595499957,0.774596669241484,-0.447213595499958));
#4194=DIRECTION('',(-0.577350269189625,0.577350269189626,-0.577350269189626));
#4195=DIRECTION('',(-8.65956056235494E-17,-0.707106781186548,-0.707106781186548));
#4196=DIRECTION('',(8.65956056235494E-17,-0.707106781186548,0.707106781186548));
#4197=DIRECTION('',(-1.,3.30423519233677E-16,-2.07958839318942E-16));
#4198=DIRECTION('',(-1.,3.30423519233677E-16,-2.07958839318942E-16));
#4199=DIRECTION('',(0.,-1.,0.));
#4200=DIRECTION('',(-1.,0.,1.22464679914735E-16));
#4201=DIRECTION('',(0.381246425831512,0.,0.924473451641905));
#4202=DIRECTION('',(0.,-1.,0.));
#4203=DIRECTION('',(1.22464679914735E-16,0.,1.));
#4204=DIRECTION('',(-0.381246425831512,0.,0.924473451641905));
#4205=DIRECTION('',(0.,-1.,0.));
#4206=DIRECTION('',(-0.401182950024508,-5.60886977478228E-17,-0.915997947928724));
#4207=DIRECTION('',(-1.,0.,1.22464679914735E-16));
#4208=DIRECTION('',(0.381246425831512,0.,0.924473451641905));
#4209=DIRECTION('',(0.,-1.,0.));
#4210=DIRECTION('',(1.22464679914735E-16,0.,1.));
#4211=DIRECTION('',(0.5,0.,-0.866025403784438));
#4212=DIRECTION('',(1.,0.,0.));
#4213=DIRECTION('',(0.5,0.,0.866025403784439));
#4214=DIRECTION('',(0.,-1.,0.));
#4215=DIRECTION('',(1.22464679914735E-16,0.,1.));
#4216=DIRECTION('',(-0.381246425831512,0.,0.924473451641905));
#4217=DIRECTION('',(1.,0.,2.07958839318942E-16));
#4218=DIRECTION('',(2.07958839318942E-16,0.,-1.));
#4219=DIRECTION('',(-1.,0.,-2.07958839318942E-16));
#4220=DIRECTION('',(0.,-1.,0.));
#4221=DIRECTION('',(0.,-1.,0.));
#4222=DIRECTION('',(-1.,5.72310323328442E-16,-2.07958839318942E-16));
#4223=DIRECTION('',(-1.06057523872491E-16,-0.5,-0.866025403784439));
#4224=DIRECTION('',(1.,0.,-1.22464679914735E-16));
#4225=DIRECTION('',(-1.06057523872491E-16,-0.5,-0.866025403784439));
#4226=DIRECTION('',(6.12323399573676E-17,-0.866025403784439,0.5));
#4227=DIRECTION('',(0.924473451641905,0.,-0.381246425831512));
#4228=DIRECTION('',(-0.381246425831512,0.,-0.924473451641905));
#4229=DIRECTION('',(0.,-1.,0.));
#4230=DIRECTION('',(0.,-1.,0.));
#4231=DIRECTION('',(1.22464679914735E-16,0.,1.));
#4232=DIRECTION('',(0.,-1.,0.));
#4233=DIRECTION('',(0.,-1.,0.));
#4234=DIRECTION('',(0.924473451641905,0.,0.381246425831512));
#4235=DIRECTION('',(0.381246425831512,0.,-0.924473451641905));
#4236=DIRECTION('',(0.,-1.,0.));
#4237=DIRECTION('',(0.866025403784438,0.,-0.5));
#4238=DIRECTION('',(-0.5,0.,-0.866025403784438));
#4239=DIRECTION('',(-0.447213595499959,-0.447213595499958,-0.774596669241483));
#4240=DIRECTION('',(0.,-1.,0.));
#4241=DIRECTION('',(0.924473451641905,0.,0.381246425831512));
#4242=DIRECTION('',(0.381246425831512,0.,-0.924473451641905));
#4243=DIRECTION('',(0.,-1.,0.));
#4244=DIRECTION('',(0.924473451641905,0.,-0.381246425831512));
#4245=DIRECTION('',(-0.381246425831512,0.,-0.924473451641905));
#4246=DIRECTION('',(0.,-1.,0.));
#4247=DIRECTION('',(-0.866025403784438,0.,-0.5));
#4248=DIRECTION('',(-0.5,0.,0.866025403784438));
#4249=DIRECTION('',(0.,-1.,0.));
#4250=DIRECTION('',(-0.447213595499959,0.447213595499958,0.774596669241483));
#4251=DIRECTION('',(1.22464679914735E-16,0.,1.));
#4252=DIRECTION('',(1.,0.,-1.22464679914735E-16));
#4253=DIRECTION('',(0.,-1.,0.));
#4254=DIRECTION('',(6.12323399573676E-17,-0.866025403784439,0.5));
#4255=DIRECTION('',(1.06057523872491E-16,0.5,0.866025403784439));
#4256=DIRECTION('',(6.12323399573676E-17,-0.866025403784439,0.5));
#4257=DIRECTION('',(1.06057523872491E-16,0.5,0.866025403784439));
#4258=DIRECTION('',(6.12323399573676E-17,-0.866025403784439,0.5));
#4259=DIRECTION('',(-1.06057523872491E-16,-0.5,-0.866025403784439));
#4260=DIRECTION('',(0.,1.,0.));
#4261=DIRECTION('',(-1.22464679914735E-16,0.,-1.));
#4262=DIRECTION('',(0.,-1.,0.));
#4263=DIRECTION('',(1.22464679914735E-16,0.,1.));
#4264=DIRECTION('',(0.,-1.,0.));
#4265=DIRECTION('',(0.,-1.,0.));
#4266=DIRECTION('',(0.,-1.,0.));
#4267=DIRECTION('',(0.,-1.,0.));
#4268=DIRECTION('',(0.,-1.,0.));
#4269=DIRECTION('',(0.,-1.,0.));
#4270=DIRECTION('',(0.,-1.,0.));
#4271=DIRECTION('',(1.22464679914735E-16,0.,1.));
#4272=DIRECTION('',(1.,0.,-1.22464679914735E-16));
#4273=DIRECTION('',(-1.22464679914735E-16,0.,-1.));
#4274=DIRECTION('',(-1.22464679914735E-16,0.,-1.));
#4275=DIRECTION('',(0.644379479417843,-0.764705882352941,-7.89137266905299E-17));
#4276=DIRECTION('',(-0.764705882352941,-0.644379479417843,9.36494611112682E-17));
#4277=DIRECTION('',(-1.22464679914735E-16,0.,-1.));
#4278=DIRECTION('',(-0.644379479417843,-0.764705882352941,7.89137266905299E-17));
#4279=DIRECTION('',(-0.764705882352941,0.644379479417843,9.36494611112682E-17));
#4280=DIRECTION('',(0.74535599249993,-0.666666666666667,-9.12797830440338E-17));
#4281=DIRECTION('',(-0.666666666666667,-0.74535599249993,8.16431199431569E-17));
#4282=DIRECTION('',(-1.22464679914735E-16,0.,-1.));
#4283=DIRECTION('',(-0.74535599249993,-0.666666666666667,9.12797830440338E-17));
#4284=DIRECTION('',(-0.666666666666667,0.74535599249993,8.16431199431569E-17));
#4285=DIRECTION('',(-1.,-1.11022302462516E-16,-3.63373587047937E-17));
#4286=DIRECTION('',(-3.63373587047937E-17,-3.63373587047937E-17,1.));
#4287=DIRECTION('',(0.,0.,1.));
#4288=DIRECTION('',(1.,0.,0.));
#4289=DIRECTION('',(0.,0.,-1.));
#4290=DIRECTION('',(-1.,0.,0.));
#4291=DIRECTION('',(-0.764705882352941,0.644379479417843,0.));
#4292=DIRECTION('',(-0.764705882352941,-0.644379479417843,0.));
#4293=DIRECTION('',(0.666666666666667,0.74535599249993,0.));
#4294=DIRECTION('',(0.666666666666667,-0.74535599249993,0.));
#4295=DIRECTION('',(0.,0.,-1.));
#4296=DIRECTION('',(-1.,0.,0.));
#4297=DIRECTION('',(0.,-1.,0.));
#4298=DIRECTION('',(0.,0.,-1.));
#4299=DIRECTION('',(0.,-1.,0.));
#4300=DIRECTION('',(0.,0.,-1.));
#4301=DIRECTION('',(0.,-1.,0.));
#4302=DIRECTION('',(0.,-0.707106781186548,0.707106781186548));
#4303=DIRECTION('',(0.,-0.707106781186548,-0.707106781186548));
#4304=DIRECTION('',(0.,-1.,0.));
#4305=DIRECTION('',(0.644379479417843,-0.764705882352941,0.));
#4306=DIRECTION('',(-0.764705882352941,-0.644379479417843,0.));
#4307=DIRECTION('',(-0.644379479417843,-0.764705882352941,0.));
#4308=DIRECTION('',(0.764705882352941,-0.644379479417843,0.));
#4309=DIRECTION('',(0.,0.,-1.));
#4310=DIRECTION('',(-1.,0.,0.));
#4311=DIRECTION('',(0.,0.,1.));
#4312=DIRECTION('',(0.,0.,1.));
#4313=DIRECTION('',(-0.924473451641905,0.,0.381246425831512));
#4314=DIRECTION('',(0.381246425831512,0.,0.924473451641905));
#4315=DIRECTION('',(-0.381246425831512,0.,-0.924473451641905));
#4316=DIRECTION('',(0.,-1.,0.));
#4317=DIRECTION('',(-0.381246425831512,0.,-0.924473451641905));
#4318=DIRECTION('',(0.,-1.,0.));
#4319=DIRECTION('',(-0.924473451641905,0.,0.381246425831512));
#4320=DIRECTION('',(0.381246425831512,0.,0.924473451641905));
#4321=DIRECTION('',(-0.381246425831512,0.,-0.924473451641905));
#4322=DIRECTION('',(0.,-1.,0.));
#4323=DIRECTION('',(-0.381246425831512,0.,-0.924473451641905));
#4324=DIRECTION('',(0.,-1.,0.));
#4325=DIRECTION('',(-0.924473451641905,0.,0.381246425831512));
#4326=DIRECTION('',(0.381246425831512,0.,0.924473451641905));
#4327=DIRECTION('',(-0.381246425831512,0.,-0.924473451641905));
#4328=DIRECTION('',(0.,-1.,0.));
#4329=DIRECTION('',(-0.381246425831512,0.,-0.924473451641905));
#4330=DIRECTION('',(0.,-1.,0.));
#4331=DIRECTION('',(0.,-1.,0.));
#4332=DIRECTION('',(0.,0.,-1.));
#4333=DIRECTION('',(0.,-1.,0.));
#4334=DIRECTION('',(0.,0.,-1.));
#4335=DIRECTION('',(0.,-1.,0.));
#4336=DIRECTION('',(0.,-1.,0.));
#4337=DIRECTION('',(0.,0.,-1.));
#4338=DIRECTION('',(0.,-1.,0.));
#4339=DIRECTION('',(-0.924473451641905,0.,-0.381246425831512));
#4340=DIRECTION('',(-0.381246425831512,0.,0.924473451641905));
#4341=DIRECTION('',(0.,-1.,0.));
#4342=DIRECTION('',(0.381246425831512,0.,-0.924473451641905));
#4343=DIRECTION('',(0.,-1.,0.));
#4344=DIRECTION('',(0.381246425831512,0.,-0.924473451641905));
#4345=DIRECTION('',(0.,0.,-1.));
#4346=DIRECTION('',(-1.,0.,0.));
#4347=DIRECTION('',(1.,0.,0.));
#4348=DIRECTION('',(0.,-1.,0.));
#4349=DIRECTION('',(1.,0.,0.));
#4350=DIRECTION('',(0.,-1.,0.));
#4351=DIRECTION('',(1.,0.,0.));
#4352=DIRECTION('',(1.,0.,0.));
#4353=DIRECTION('',(-0.381246425831512,0.,-0.924473451641905));
#4354=DIRECTION('',(0.381246425831512,0.,-0.924473451641905));
#4355=DIRECTION('',(0.,-1.,0.));
#4356=DIRECTION('',(0.,0.,-1.));
#4357=DIRECTION('',(0.,1.,0.));
#4358=DIRECTION('',(-0.401182950024313,-5.6088697747828E-17,-0.915997947928809));
#4359=DIRECTION('',(-1.,0.,0.));
#4360=DIRECTION('',(0.,-1.,0.));
#4361=DIRECTION('',(0.,0.,-1.));
#4362=DIRECTION('',(-0.381246425831512,0.,-0.924473451641905));
#4363=DIRECTION('',(0.381246425831512,0.,-0.924473451641905));
#4364=DIRECTION('',(0.,-1.,0.));
#4365=DIRECTION('',(0.,0.,-1.));
#4366=DIRECTION('',(-1.,0.,0.));
#4367=DIRECTION('',(-1.,0.,0.));
#4368=DIRECTION('',(-1.,0.,0.));
#4369=DIRECTION('',(-1.,0.,0.));
#4370=DIRECTION('',(-1.,0.,0.));
#4371=DIRECTION('',(-1.,0.,0.));
#4372=DIRECTION('',(-1.,0.,0.));
#4373=DIRECTION('',(-1.,0.,0.));
#4374=DIRECTION('',(-1.,0.,0.));
#4375=DIRECTION('',(-1.,0.,0.));
#4376=DIRECTION('',(0.707106781186549,0.,0.707106781186547));
#4377=DIRECTION('',(0.707106781186547,0.,-0.707106781186549));
#4378=DIRECTION('',(0.,-1.,0.));
#4379=DIRECTION('',(0.447213595499957,-0.774596669241484,-0.447213595499958));
#4380=DIRECTION('',(0.,-1.,0.));
#4381=DIRECTION('',(0.577350269189625,-0.577350269189626,-0.577350269189626));
#4382=DIRECTION('',(0.,0.,-1.));
#4383=DIRECTION('',(-1.,0.,0.));
#4384=DIRECTION('',(0.666666666666667,-0.74535599249993,0.));
#4385=DIRECTION('',(0.666666666666667,0.74535599249993,0.));
#4386=DIRECTION('',(0.,0.,-1.));
#4387=DIRECTION('',(-1.,0.,0.));
#4388=DIRECTION('',(-1.,0.,0.));
#4389=DIRECTION('',(-1.,0.,0.));
#4390=DIRECTION('',(0.,-1.,0.));
#4391=DIRECTION('',(-1.,0.,0.));
#4392=DIRECTION('',(0.,0.,-1.));
#4393=DIRECTION('',(-1.,0.,0.));
#4394=DIRECTION('',(-0.707106781186549,0.,0.707106781186546));
#4395=DIRECTION('',(0.707106781186547,0.,0.707106781186549));
#4396=DIRECTION('',(0.,-1.,0.));
#4397=DIRECTION('',(0.447213595499957,0.774596669241484,0.447213595499958));
#4398=DIRECTION('',(0.577350269189625,0.577350269189626,0.577350269189626));
#4399=DIRECTION('',(0.,-0.707106781186548,0.707106781186548));
#4400=DIRECTION('',(0.,-0.707106781186548,-0.707106781186548));
#4401=DIRECTION('',(1.,3.30423519233677E-16,3.30423519233677E-16));
#4402=DIRECTION('',(1.,3.30423519233677E-16,3.30423519233677E-16));
#4403=DIRECTION('',(0.,-1.,0.));
#4404=DIRECTION('',(1.,0.,0.));
#4405=DIRECTION('',(-0.381246425831512,0.,-0.924473451641905));
#4406=DIRECTION('',(0.,-1.,0.));
#4407=DIRECTION('',(0.,0.,-1.));
#4408=DIRECTION('',(0.381246425831512,0.,-0.924473451641905));
#4409=DIRECTION('',(0.,-1.,0.));
#4410=DIRECTION('',(-0.401182950024313,-5.6088697747828E-17,-0.915997947928809));
#4411=DIRECTION('',(1.,0.,0.));
#4412=DIRECTION('',(-0.381246425831512,0.,-0.924473451641905));
#4413=DIRECTION('',(0.,-1.,0.));
#4414=DIRECTION('',(0.,0.,-1.));
#4415=DIRECTION('',(-0.5,0.,0.866025403784438));
#4416=DIRECTION('',(-0.5,0.,-0.866025403784439));
#4417=DIRECTION('',(-0.5,0.,0.866025403784438));
#4418=DIRECTION('',(-0.5,0.,-0.866025403784439));
#4419=DIRECTION('',(-0.5,0.,0.866025403784439));
#4420=DIRECTION('',(-0.5,0.,-0.866025403784438));
#4421=DIRECTION('',(-0.5,0.,0.866025403784438));
#4422=DIRECTION('',(-0.5,0.,-0.866025403784439));
#4423=DIRECTION('',(-0.5,0.,0.866025403784438));
#4424=DIRECTION('',(-0.5,0.,-0.866025403784439));
#4425=DIRECTION('',(-0.5,0.,0.866025403784439));
#4426=DIRECTION('',(-0.5,0.,-0.866025403784438));
#4427=DIRECTION('',(-0.5,0.,0.866025403784438));
#4428=DIRECTION('',(-0.5,0.,-0.866025403784439));
#4429=DIRECTION('',(-0.5,0.,0.866025403784438));
#4430=DIRECTION('',(-0.5,0.,-0.866025403784438));
#4431=DIRECTION('',(-0.5,0.,0.866025403784438));
#4432=DIRECTION('',(-0.5,0.,-0.866025403784438));
#4433=DIRECTION('',(-0.5,0.,0.866025403784438));
#4434=DIRECTION('',(-0.5,0.,-0.866025403784439));
#4435=DIRECTION('',(-0.5,0.,0.866025403784439));
#4436=DIRECTION('',(-0.5,0.,-0.866025403784439));
#4437=DIRECTION('',(0.,-1.,0.));
#4438=DIRECTION('',(0.,0.,-1.));
#4439=DIRECTION('',(0.381246425831512,0.,-0.924473451641905));
#4440=DIRECTION('',(-1.,0.,-3.30423519233677E-16));
#4441=DIRECTION('',(-3.30423519233677E-16,0.,1.));
#4442=DIRECTION('',(1.,0.,3.30423519233677E-16));
#4443=DIRECTION('',(0.,-1.,0.));
#4444=DIRECTION('',(0.,-1.,0.));
#4445=DIRECTION('',(1.,5.72310323328442E-16,3.30423519233677E-16));
#4446=DIRECTION('',(0.,-0.5,0.866025403784439));
#4447=DIRECTION('',(-1.,0.,0.));
#4448=DIRECTION('',(0.,-0.5,0.866025403784439));
#4449=DIRECTION('',(0.,-0.866025403784439,-0.5));
#4450=DIRECTION('',(-0.924473451641905,0.,0.381246425831512));
#4451=DIRECTION('',(0.381246425831512,0.,0.924473451641905));
#4452=DIRECTION('',(0.,-1.,0.));
#4453=DIRECTION('',(0.,-1.,0.));
#4454=DIRECTION('',(0.,0.,-1.));
#4455=DIRECTION('',(0.,-1.,0.));
#4456=DIRECTION('',(0.,-1.,0.));
#4457=DIRECTION('',(-0.924473451641905,0.,-0.381246425831512));
#4458=DIRECTION('',(-0.381246425831512,0.,0.924473451641905));
#4459=DIRECTION('',(0.,-1.,0.));
#4460=DIRECTION('',(0.866025403784439,0.,0.5));
#4461=DIRECTION('',(0.5,0.,-0.866025403784439));
#4462=DIRECTION('',(0.447213595499959,0.447213595499958,-0.774596669241483));
#4463=DIRECTION('',(0.,-1.,0.));
#4464=DIRECTION('',(-0.866025403784439,0.,0.5));
#4465=DIRECTION('',(0.5,0.,0.866025403784439));
#4466=DIRECTION('',(0.447213595499959,-0.447213595499958,0.774596669241483));
#4467=DIRECTION('',(0.,-1.,0.));
#4468=DIRECTION('',(-0.924473451641905,0.,-0.381246425831512));
#4469=DIRECTION('',(-0.381246425831512,0.,0.924473451641905));
#4470=DIRECTION('',(0.,-1.,0.));
#4471=DIRECTION('',(-0.924473451641905,0.,0.381246425831512));
#4472=DIRECTION('',(0.381246425831512,0.,0.924473451641905));
#4473=DIRECTION('',(0.,-1.,0.));
#4474=DIRECTION('',(0.866025403784438,0.,0.5));
#4475=DIRECTION('',(0.5,0.,-0.866025403784438));
#4476=DIRECTION('',(0.,-1.,0.));
#4477=DIRECTION('',(0.447213595499959,0.447213595499958,-0.774596669241483));
#4478=DIRECTION('',(-0.866025403784439,0.,0.5));
#4479=DIRECTION('',(0.5,0.,0.866025403784439));
#4480=DIRECTION('',(0.447213595499959,-0.447213595499958,0.774596669241483));
#4481=DIRECTION('',(0.,-1.,0.));
#4482=DIRECTION('',(0.866025403784438,0.,0.5));
#4483=DIRECTION('',(0.5,0.,-0.866025403784438));
#4484=DIRECTION('',(0.447213595499959,0.447213595499958,-0.774596669241483));
#4485=DIRECTION('',(-0.866025403784439,0.,0.5));
#4486=DIRECTION('',(0.5,0.,0.866025403784439));
#4487=DIRECTION('',(0.447213595499959,-0.447213595499958,0.774596669241483));
#4488=DIRECTION('',(0.,-1.,0.));
#4489=DIRECTION('',(0.866025403784439,0.,0.5));
#4490=DIRECTION('',(0.5,0.,-0.866025403784439));
#4491=DIRECTION('',(0.447213595499959,0.447213595499958,-0.774596669241483));
#4492=DIRECTION('',(-0.866025403784438,0.,0.5));
#4493=DIRECTION('',(0.5,0.,0.866025403784438));
#4494=DIRECTION('',(0.447213595499959,-0.447213595499958,0.774596669241483));
#4495=DIRECTION('',(0.,-1.,0.));
#4496=DIRECTION('',(0.866025403784438,0.,0.5));
#4497=DIRECTION('',(0.5,0.,-0.866025403784438));
#4498=DIRECTION('',(0.447213595499959,0.447213595499958,-0.774596669241483));
#4499=DIRECTION('',(-0.866025403784439,0.,0.5));
#4500=DIRECTION('',(0.5,0.,0.866025403784439));
#4501=DIRECTION('',(0.447213595499959,-0.447213595499958,0.774596669241483));
#4502=DIRECTION('',(0.,-1.,0.));
#4503=DIRECTION('',(0.866025403784439,0.,0.5));
#4504=DIRECTION('',(0.5,0.,-0.866025403784439));
#4505=DIRECTION('',(0.447213595499959,0.447213595499958,-0.774596669241483));
#4506=DIRECTION('',(-0.866025403784439,0.,0.5));
#4507=DIRECTION('',(0.5,0.,0.866025403784439));
#4508=DIRECTION('',(0.447213595499959,-0.447213595499958,0.774596669241483));
#4509=DIRECTION('',(0.,-1.,0.));
#4510=DIRECTION('',(0.866025403784439,0.,0.5));
#4511=DIRECTION('',(0.5,0.,-0.866025403784439));
#4512=DIRECTION('',(0.447213595499959,0.447213595499958,-0.774596669241483));
#4513=DIRECTION('',(-0.866025403784439,0.,0.5));
#4514=DIRECTION('',(0.5,0.,0.866025403784439));
#4515=DIRECTION('',(0.447213595499959,-0.447213595499958,0.774596669241483));
#4516=DIRECTION('',(0.,-1.,0.));
#4517=DIRECTION('',(0.866025403784439,0.,0.5));
#4518=DIRECTION('',(0.5,0.,-0.866025403784439));
#4519=DIRECTION('',(0.447213595499959,0.447213595499958,-0.774596669241483));
#4520=DIRECTION('',(-0.866025403784439,0.,0.5));
#4521=DIRECTION('',(0.5,0.,0.866025403784439));
#4522=DIRECTION('',(0.447213595499959,-0.447213595499958,0.774596669241483));
#4523=DIRECTION('',(0.,-1.,0.));
#4524=DIRECTION('',(0.866025403784438,0.,0.5));
#4525=DIRECTION('',(0.5,0.,-0.866025403784438));
#4526=DIRECTION('',(0.447213595499959,0.447213595499958,-0.774596669241483));
#4527=DIRECTION('',(-0.866025403784439,0.,0.5));
#4528=DIRECTION('',(0.5,0.,0.866025403784439));
#4529=DIRECTION('',(0.447213595499959,-0.447213595499958,0.774596669241483));
#4530=DIRECTION('',(0.,-1.,0.));
#4531=DIRECTION('',(0.866025403784438,0.,0.5));
#4532=DIRECTION('',(0.5,0.,-0.866025403784438));
#4533=DIRECTION('',(0.447213595499959,0.447213595499958,-0.774596669241483));
#4534=DIRECTION('',(-0.866025403784439,0.,0.5));
#4535=DIRECTION('',(0.5,0.,0.866025403784439));
#4536=DIRECTION('',(0.447213595499959,-0.447213595499958,0.774596669241483));
#4537=DIRECTION('',(0.,-1.,0.));
#4538=DIRECTION('',(0.866025403784438,0.,0.5));
#4539=DIRECTION('',(0.5,0.,-0.866025403784438));
#4540=DIRECTION('',(0.447213595499959,0.447213595499958,-0.774596669241483));
#4541=DIRECTION('',(-0.866025403784439,0.,0.5));
#4542=DIRECTION('',(0.5,0.,0.866025403784439));
#4543=DIRECTION('',(0.447213595499959,-0.447213595499958,0.774596669241483));
#4544=DIRECTION('',(0.,0.,-1.));
#4545=DIRECTION('',(-1.,0.,0.));
#4546=DIRECTION('',(0.,-1.,0.));
#4547=DIRECTION('',(0.,-0.866025403784439,-0.5));
#4548=DIRECTION('',(0.,0.5,-0.866025403784439));
#4549=DIRECTION('',(0.,-0.866025403784439,-0.5));
#4550=DIRECTION('',(0.,0.5,-0.866025403784439));
#4551=DIRECTION('',(0.,-0.866025403784439,-0.5));
#4552=DIRECTION('',(0.,0.5,-0.866025403784439));
#4553=DIRECTION('',(0.,-0.866025403784439,-0.5));
#4554=DIRECTION('',(0.,0.5,-0.866025403784439));
#4555=DIRECTION('',(0.,-0.866025403784439,-0.5));
#4556=DIRECTION('',(0.,0.5,-0.866025403784439));
#4557=DIRECTION('',(0.,-0.866025403784439,-0.5));
#4558=DIRECTION('',(0.,0.5,-0.866025403784439));
#4559=DIRECTION('',(0.,-0.866025403784439,-0.5));
#4560=DIRECTION('',(0.,0.5,-0.866025403784439));
#4561=DIRECTION('',(0.,-0.866025403784439,-0.5));
#4562=DIRECTION('',(0.,0.5,-0.866025403784439));
#4563=DIRECTION('',(0.,-0.866025403784439,-0.5));
#4564=DIRECTION('',(0.,0.5,-0.866025403784439));
#4565=DIRECTION('',(0.,-0.866025403784439,-0.5));
#4566=DIRECTION('',(0.,0.5,-0.866025403784439));
#4567=DIRECTION('',(0.,-0.866025403784439,-0.5));
#4568=DIRECTION('',(0.,0.5,-0.866025403784439));
#4569=DIRECTION('',(0.,-0.866025403784439,-0.5));
#4570=DIRECTION('',(0.,0.5,-0.866025403784439));
#4571=DIRECTION('',(0.,-0.866025403784439,-0.5));
#4572=DIRECTION('',(0.,-0.5,0.866025403784439));
#4573=DIRECTION('',(0.,1.,0.));
#4574=DIRECTION('',(0.,0.,1.));
#4575=DIRECTION('',(0.,-1.,0.));
#4576=DIRECTION('',(0.,0.,-1.));
#4577=DIRECTION('',(0.,-1.,0.));
#4578=DIRECTION('',(0.,-1.,0.));
#4579=DIRECTION('',(0.,-1.,0.));
#4580=DIRECTION('',(0.,-1.,0.));
#4581=DIRECTION('',(0.,-1.,0.));
#4582=DIRECTION('',(0.,-1.,0.));
#4583=DIRECTION('',(0.,-1.,0.));
#4584=DIRECTION('',(0.,0.,-1.));
#4585=DIRECTION('',(-1.,0.,0.));
#4586=DIRECTION('',(0.,0.,1.));
#4587=DIRECTION('',(0.,0.,1.));
#4588=DIRECTION('',(-0.644379479417843,-0.764705882352941,0.));
#4589=DIRECTION('',(0.764705882352941,-0.644379479417843,0.));
#4590=DIRECTION('',(0.,0.,1.));
#4591=DIRECTION('',(0.644379479417843,-0.764705882352941,0.));
#4592=DIRECTION('',(0.764705882352941,0.644379479417843,0.));
#4593=DIRECTION('',(-0.74535599249993,-0.666666666666667,0.));
#4594=DIRECTION('',(0.666666666666667,-0.74535599249993,0.));
#4595=DIRECTION('',(0.,0.,1.));
#4596=DIRECTION('',(0.74535599249993,-0.666666666666667,0.));
#4597=DIRECTION('',(0.666666666666667,0.74535599249993,0.));
#4598=DIRECTION('',(-1.,2.22044604925032E-16,-3.06161699786839E-17));
#4599=DIRECTION('',(-3.06161699786838E-17,3.06161699786838E-17,1.));
#4600=DIRECTION('',(0.,-1.,0.));
#4601=DIRECTION('',(6.12323399573677E-17,0.,1.));
#4602=DIRECTION('',(2.69191179276309E-16,0.,-1.));
#4603=DIRECTION('',(0.,1.,0.));
#4604=DIRECTION('',(0.,0.,-1.));
#4605=DIRECTION('',(-1.,0.,1.24531950902233E-16));
#4606=DIRECTION('',(0.,1.,0.));
#4607=DIRECTION('',(0.,0.,-1.));
#4608=DIRECTION('',(0.,-1.,0.));
#4609=DIRECTION('',(0.,0.,-1.));
#4610=DIRECTION('',(-1.,0.,-1.24531950902233E-16));
#4611=DIRECTION('',(0.,-1.,0.));
#4612=DIRECTION('',(0.,0.,-1.));
#4613=DIRECTION('',(-1.,0.,6.12323399573677E-17));
#4614=DIRECTION('',(6.12323399573677E-17,0.,1.));
#4615=DIRECTION('',(1.,0.,-6.12323399573677E-17));
#4616=DIRECTION('',(-6.12323399573677E-17,0.,-1.));
#4617=DIRECTION('',(-4.68247305556341E-17,0.644379479417843,-0.764705882352941));
#4618=DIRECTION('',(-4.68247305556341E-17,-0.644379479417843,-0.764705882352941));
#4619=DIRECTION('',(4.08215599715785E-17,0.74535599249993,0.666666666666667));
#4620=DIRECTION('',(4.08215599715785E-17,-0.74535599249993,0.666666666666667));
#4621=DIRECTION('',(1.,0.,-6.12323399573677E-17));
#4622=DIRECTION('',(-6.12323399573677E-17,0.,-1.));
#4623=DIRECTION('',(0.,-1.,0.));
#4624=DIRECTION('',(1.,0.,-6.12323399573677E-17));
#4625=DIRECTION('',(0.,-1.,0.));
#4626=DIRECTION('',(0.,0.,-1.));
#4627=DIRECTION('',(0.,-1.,0.));
#4628=DIRECTION('',(-0.707106781186548,-0.707106781186548,4.32978028117747E-17));
#4629=DIRECTION('',(0.707106781186548,-0.707106781186548,-4.32978028117747E-17));
#4630=DIRECTION('',(0.,-1.,0.));
#4631=DIRECTION('',(3.94568633452649E-17,-0.764705882352941,0.644379479417843));
#4632=DIRECTION('',(-4.68247305556341E-17,-0.644379479417843,-0.764705882352941));
#4633=DIRECTION('',(-3.94568633452649E-17,-0.764705882352941,-0.644379479417843));
#4634=DIRECTION('',(4.68247305556341E-17,-0.644379479417843,0.764705882352941));
#4635=DIRECTION('',(1.,0.,-6.12323399573677E-17));
#4636=DIRECTION('',(-6.12323399573677E-17,0.,-1.));
#4637=DIRECTION('',(-1.,0.,6.12323399573677E-17));
#4638=DIRECTION('',(-1.,0.,6.12323399573677E-17));
#4639=DIRECTION('',(-0.707106781186547,0.,0.707106781186549));
#4640=DIRECTION('',(0.707106781186549,0.,0.707106781186547));
#4641=DIRECTION('',(0.,-1.,0.));
#4642=DIRECTION('',(0.447213595499958,-0.774596669241484,0.447213595499957));
#4643=DIRECTION('',(0.,-1.,0.));
#4644=DIRECTION('',(0.577350269189626,-0.577350269189626,0.577350269189625));
#4645=DIRECTION('',(1.,0.,-6.12323399573677E-17));
#4646=DIRECTION('',(-6.12323399573677E-17,0.,-1.));
#4647=DIRECTION('',(4.08215599715785E-17,-0.74535599249993,0.666666666666667));
#4648=DIRECTION('',(4.08215599715785E-17,0.74535599249993,0.666666666666667));
#4649=DIRECTION('',(1.,0.,-6.12323399573677E-17));
#4650=DIRECTION('',(-6.12323399573677E-17,0.,-1.));
#4651=DIRECTION('',(-6.12323399573677E-17,0.,-1.));
#4652=DIRECTION('',(-6.12323399573677E-17,0.,-1.));
#4653=DIRECTION('',(0.,-1.,0.));
#4654=DIRECTION('',(-6.12323399573677E-17,0.,-1.));
#4655=DIRECTION('',(1.,0.,-6.12323399573677E-17));
#4656=DIRECTION('',(-6.12323399573677E-17,0.,-1.));
#4657=DIRECTION('',(-0.707106781186546,0.,-0.707106781186549));
#4658=DIRECTION('',(-0.707106781186549,0.,0.707106781186547));
#4659=DIRECTION('',(0.,-1.,0.));
#4660=DIRECTION('',(-0.447213595499958,0.774596669241484,0.447213595499957));
#4661=DIRECTION('',(-0.577350269189626,0.577350269189626,0.577350269189625));
#4662=DIRECTION('',(-0.707106781186548,-0.707106781186548,4.32978028117747E-17));
#4663=DIRECTION('',(0.707106781186548,-0.707106781186548,-4.32978028117747E-17));
#4664=DIRECTION('',(-2.69191179276309E-16,3.30423519233677E-16,1.));
#4665=DIRECTION('',(-2.69191179276309E-16,3.30423519233677E-16,1.));
#4666=DIRECTION('',(-1.,0.,-2.69191179276309E-16));
#4667=DIRECTION('',(-2.69191179276309E-16,0.,1.));
#4668=DIRECTION('',(0.,-1.,0.));
#4669=DIRECTION('',(0.,-1.,0.));
#4670=DIRECTION('',(-2.69191179276309E-16,5.72310323328442E-16,1.));
#4671=DIRECTION('',(-0.866025403784439,-0.5,5.30287619362454E-17));
#4672=DIRECTION('',(-6.12323399573677E-17,0.,-1.));
#4673=DIRECTION('',(-0.866025403784439,-0.5,5.30287619362454E-17));
#4674=DIRECTION('',(0.5,-0.866025403784439,-3.06161699786838E-17));
#4675=DIRECTION('',(1.,0.,-6.12323399573677E-17));
#4676=DIRECTION('',(-6.12323399573677E-17,0.,-1.));
#4677=DIRECTION('',(-1.,0.,6.12323399573677E-17));
#4678=DIRECTION('',(-1.,0.,6.12323399573677E-17));
#4679=DIRECTION('',(-3.94568633452649E-17,-0.764705882352941,-0.644379479417843));
#4680=DIRECTION('',(4.68247305556341E-17,-0.644379479417843,0.764705882352941));
#4681=DIRECTION('',(-1.,0.,6.12323399573677E-17));
#4682=DIRECTION('',(3.94568633452649E-17,-0.764705882352941,0.644379479417843));
#4683=DIRECTION('',(4.68247305556341E-17,0.644379479417843,0.764705882352941));
#4684=DIRECTION('',(-4.56398915220169E-17,-0.666666666666667,-0.74535599249993));
#4685=DIRECTION('',(4.08215599715785E-17,-0.74535599249993,0.666666666666667));
#4686=DIRECTION('',(-1.,0.,6.12323399573677E-17));
#4687=DIRECTION('',(4.56398915220169E-17,-0.666666666666667,0.74535599249993));
#4688=DIRECTION('',(4.08215599715785E-17,0.74535599249993,0.666666666666667));
#4689=DIRECTION('',(0.,-1.,0.));
#4690=DIRECTION('',(0.,0.,-1.));
#4691=DIRECTION('',(0.,1.,0.));
#4692=DIRECTION('',(0.,0.,-1.));
#4693=DIRECTION('',(0.,-1.,0.));
#4694=DIRECTION('',(1.24531950902233E-16,0.,1.));
#4695=DIRECTION('',(1.,0.,-1.24531950902233E-16));
#4696=DIRECTION('',(-1.,0.,1.24531950902233E-16));
#4697=DIRECTION('',(0.,-1.,0.));
#4698=DIRECTION('',(0.,-1.,0.));
#4699=DIRECTION('',(0.,0.,-1.));
#4700=DIRECTION('',(0.,1.,0.));
#4701=DIRECTION('',(0.,0.,-1.));
#4702=DIRECTION('',(0.,-1.,0.));
#4703=DIRECTION('',(0.,-1.,0.));
#4704=DIRECTION('',(0.,0.,-1.));
#4705=DIRECTION('',(0.,-1.,0.));
#4706=DIRECTION('',(0.,0.,-1.));
#4707=DIRECTION('',(0.,-1.,0.));
#4708=DIRECTION('',(-1.24531950902233E-16,0.,1.));
#4709=DIRECTION('',(1.,0.,1.24531950902233E-16));
#4710=DIRECTION('',(-1.,0.,-1.24531950902233E-16));
#4711=DIRECTION('',(0.,-1.,0.));
#4712=DIRECTION('',(0.,-1.,0.));
#4713=DIRECTION('',(0.,0.,-1.));
#4714=DIRECTION('',(0.,-1.,0.));
#4715=DIRECTION('',(0.,0.,-1.));
#4716=DIRECTION('',(0.,-1.,0.));
#4717=DIRECTION('',(1.,0.,0.));
#4718=DIRECTION('',(1.,-6.12323399573677E-17,0.));
#4719=DIRECTION('',(0.,0.,-1.));
#4720=DIRECTION('',(1.,0.,-6.12323399573677E-17));
#4721=DIRECTION('',(-6.12323399573677E-17,0.,-1.));
#4722=DIRECTION('',(1.,0.,-6.12323399573677E-17));
#4723=DIRECTION('',(-6.12323399573677E-17,0.,-1.));
#4724=DIRECTION('',(-1.,0.,-1.83697019872103E-16));
#4725=DIRECTION('',(1.,0.,1.83697019872103E-16));
#4726=DIRECTION('',(1.83697019872103E-16,0.,-1.));
#4727=DIRECTION('',(-0.866025403784439,-0.5,-1.59086285808736E-16));
#4728=DIRECTION('',(0.5,-0.866025403784439,-3.9801020972289E-16));
#4729=DIRECTION('',(1.,0.,1.83697019872103E-16));
#4730=DIRECTION('',(1.83697019872103E-16,0.,-1.));
#4731=DIRECTION('',(-1.,0.,-1.83697019872103E-16));
#4732=DIRECTION('',(1.22464679914735E-16,0.,1.));
#4733=DIRECTION('',(1.,0.,-1.22464679914735E-16));
#4734=DIRECTION('',(1.22464679914735E-16,0.,1.));
#4735=DIRECTION('',(1.,0.,-1.22464679914735E-16));
#4736=DIRECTION('',(1.22464679914735E-16,0.,-1.));
#4737=DIRECTION('',(-1.22464679914735E-16,0.,1.));
#4738=DIRECTION('',(1.,0.,1.22464679914735E-16));
#4739=DIRECTION('',(1.06057523872491E-16,-0.5,-0.866025403784439));
#4740=DIRECTION('',(4.28626379701574E-16,-0.866025403784439,0.5));
#4741=DIRECTION('',(-1.22464679914735E-16,0.,1.));
#4742=DIRECTION('',(1.,0.,1.22464679914735E-16));
#4743=DIRECTION('',(1.22464679914735E-16,0.,-1.));
#4744=DIRECTION('',(-1.,0.,1.83697019872103E-16));
#4745=DIRECTION('',(1.83697019872103E-16,0.,1.));
#4746=DIRECTION('',(-1.,0.,1.83697019872103E-16));
#4747=DIRECTION('',(1.83697019872103E-16,0.,1.));
#4748=DIRECTION('',(1.,0.,6.12323399573677E-17));
#4749=DIRECTION('',(-1.,0.,-6.12323399573677E-17));
#4750=DIRECTION('',(-6.12323399573677E-17,0.,1.));
#4751=DIRECTION('',(0.866025403784439,-0.5,5.30287619362454E-17));
#4752=DIRECTION('',(-0.5,-0.866025403784439,4.59242549680258E-16));
#4753=DIRECTION('',(-1.,0.,-6.12323399573677E-17));
#4754=DIRECTION('',(-6.12323399573677E-17,0.,1.));
#4755=DIRECTION('',(1.,0.,6.12323399573677E-17));
#4756=DIRECTION('',(0.,0.,-1.));
#4757=DIRECTION('',(-1.,0.,0.));
#4758=DIRECTION('',(0.,0.,-1.));
#4759=DIRECTION('',(-1.,0.,0.));
#4760=DIRECTION('',(0.,0.,1.));
#4761=DIRECTION('',(0.,0.,-1.));
#4762=DIRECTION('',(-1.,0.,0.));
#4763=DIRECTION('',(0.,-0.5,0.866025403784439));
#4764=DIRECTION('',(0.,-0.866025403784439,-0.5));
#4765=DIRECTION('',(0.,0.,-1.));
#4766=DIRECTION('',(-1.,0.,0.));
#4767=DIRECTION('',(0.,0.,1.));
#4768=DIRECTION('',(0.707106781186548,-0.707106781186548,-1.29893408435324E-16));
#4769=DIRECTION('',(0.707106781186548,0.707106781186548,0.));
#4770=DIRECTION('',(1.83697019872103E-16,0.,1.));
#4771=DIRECTION('',(0.707106781186548,-0.707106781186548,-1.29893408435324E-16));
#4772=DIRECTION('',(0.707106781186548,0.707106781186548,-1.29893408435324E-16));
#4773=DIRECTION('',(1.83697019872103E-16,0.,1.));
#4774=DIRECTION('',(-0.577350269189626,-0.577350269189626,-0.577350269189625));
#4775=DIRECTION('',(-6.12323399573677E-17,-2.4492935982947E-16,1.));
#4776=DIRECTION('',(-0.577350269189626,-0.577350269189627,0.577350269189624));
#4777=DIRECTION('',(1.,0.,3.91655859191045E-16));
#4778=DIRECTION('',(3.91655859191045E-16,0.,-1.));
#4779=DIRECTION('',(0.,-1.,0.));
#4780=DIRECTION('',(0.,-1.,0.));
#4781=DIRECTION('',(-3.91655859191045E-16,-5.72310323328442E-16,1.));
#4782=DIRECTION('',(0.,-1.,0.));
#4783=DIRECTION('',(0.,-1.,0.));
#4784=DIRECTION('',(-3.91655859191045E-16,0.,1.));
#4785=DIRECTION('',(-8.65956056235494E-17,-0.707106781186548,-0.707106781186548));
#4786=DIRECTION('',(0.,0.707106781186548,-0.707106781186548));
#4787=DIRECTION('',(1.,0.,-1.22464679914735E-16));
#4788=DIRECTION('',(-8.65956056235494E-17,-0.707106781186548,-0.707106781186548));
#4789=DIRECTION('',(-8.65956056235494E-17,0.707106781186548,-0.707106781186548));
#4790=DIRECTION('',(1.,0.,-1.22464679914735E-16));
#4791=DIRECTION('',(-0.577350269189625,-0.577350269189626,0.577350269189626));
#4792=DIRECTION('',(1.,-2.4492935982947E-16,1.22464679914735E-16));
#4793=DIRECTION('',(0.577350269189624,-0.577350269189627,0.577350269189626));
#4794=DIRECTION('',(4.52888199148413E-16,0.,-1.));
#4795=DIRECTION('',(-1.,0.,-4.52888199148413E-16));
#4796=DIRECTION('',(0.,-1.,0.));
#4797=DIRECTION('',(0.,-1.,0.));
#4798=DIRECTION('',(1.,-5.72310323328441E-16,4.52888199148413E-16));
#4799=DIRECTION('',(0.,-1.,0.));
#4800=DIRECTION('',(0.,-1.,0.));
#4801=DIRECTION('',(1.,0.,4.52888199148413E-16));
#4802=DIRECTION('',(-0.707106781186548,-0.707106781186548,4.32978028117747E-17));
#4803=DIRECTION('',(0.707106781186548,-0.707106781186548,0.));
#4804=DIRECTION('',(-6.12323399573677E-17,0.,-1.));
#4805=DIRECTION('',(-0.707106781186548,-0.707106781186548,4.32978028117747E-17));
#4806=DIRECTION('',(-0.707106781186548,0.707106781186548,4.32978028117747E-17));
#4807=DIRECTION('',(-6.12323399573677E-17,0.,-1.));
#4808=DIRECTION('',(0.577350269189626,-0.577350269189626,0.577350269189625));
#4809=DIRECTION('',(1.83697019872103E-16,-2.4492935982947E-16,-1.));
#4810=DIRECTION('',(0.577350269189627,-0.577350269189627,-0.577350269189624));
#4811=DIRECTION('',(-1.,0.,-5.1412053910578E-16));
#4812=DIRECTION('',(-5.1412053910578E-16,0.,1.));
#4813=DIRECTION('',(0.,-1.,0.));
#4814=DIRECTION('',(0.,-1.,0.));
#4815=DIRECTION('',(5.1412053910578E-16,-5.72310323328441E-16,-1.));
#4816=DIRECTION('',(0.,-1.,0.));
#4817=DIRECTION('',(0.,-1.,0.));
#4818=DIRECTION('',(5.1412053910578E-16,0.,-1.));
#4819=DIRECTION('',(0.,-0.707106781186548,0.707106781186548));
#4820=DIRECTION('',(0.,-0.707106781186548,-0.707106781186548));
#4821=DIRECTION('',(-1.,0.,0.));
#4822=DIRECTION('',(0.,-0.707106781186548,0.707106781186548));
#4823=DIRECTION('',(0.,0.707106781186548,0.707106781186548));
#4824=DIRECTION('',(-1.,0.,0.));
#4825=DIRECTION('',(0.577350269189625,-0.577350269189626,-0.577350269189626));
#4826=DIRECTION('',(-1.,0.,0.));
#4827=DIRECTION('',(-0.577350269189624,-0.577350269189626,-0.577350269189626));
#4828=DIRECTION('',(-3.30423519233677E-16,0.,1.));
#4829=DIRECTION('',(1.,0.,3.30423519233677E-16));
#4830=DIRECTION('',(0.,-1.,0.));
#4831=DIRECTION('',(0.,-1.,0.));
#4832=DIRECTION('',(-1.,-5.72310323328442E-16,-3.30423519233677E-16));
#4833=DIRECTION('',(0.,-1.,0.));
#4834=DIRECTION('',(0.,-1.,0.));
#4835=DIRECTION('',(-1.,0.,-3.30423519233677E-16));
#4836=DIRECTION('',(0.,-1.,0.));
#4837=DIRECTION('',(1.,0.,0.));
#4838=DIRECTION('',(0.,-1.,0.));
#4839=DIRECTION('',(0.,0.,-1.));
#4840=DIRECTION('',(0.,-1.,0.));
#4841=DIRECTION('',(0.,0.,-1.));
#4842=DIRECTION('',(0.,-1.,0.));
#4843=DIRECTION('',(0.,0.,-1.));
#4844=DIRECTION('',(0.,-1.,0.));
#4845=DIRECTION('',(0.,0.,-1.));
#4846=DIRECTION('',(0.,-1.,0.));
#4847=DIRECTION('',(0.,0.,-1.));
#4848=DIRECTION('',(0.,-1.,0.));
#4849=DIRECTION('',(0.,0.,-1.));
#4850=DIRECTION('',(0.,-1.,0.));
#4851=DIRECTION('',(0.,0.,-1.));
#4852=DIRECTION('',(0.,-1.,0.));
#4853=DIRECTION('',(0.,0.,-1.));
#4854=DIRECTION('',(0.,1.,0.));
#4855=DIRECTION('',(1.,0.,-1.83697019872103E-16));
#4856=DIRECTION('',(0.,-1.,0.));
#4857=DIRECTION('',(0.,0.,-1.));
#4858=DIRECTION('',(0.,-1.,0.));
#4859=DIRECTION('',(-1.,0.,1.83697019872103E-16));
#4860=DIRECTION('',(0.,-1.,0.));
#4861=DIRECTION('',(0.,0.,-1.));
#4862=DIRECTION('',(0.,1.,0.));
#4863=DIRECTION('',(1.,0.,-1.83697019872103E-16));
#4864=DIRECTION('',(0.,-1.,0.));
#4865=DIRECTION('',(0.,0.,-1.));
#4866=DIRECTION('',(0.,1.,0.));
#4867=DIRECTION('',(-1.22464679914735E-16,0.,-1.));
#4868=DIRECTION('',(0.,-1.,0.));
#4869=DIRECTION('',(0.,0.,-1.));
#4870=DIRECTION('',(0.,-1.,0.));
#4871=DIRECTION('',(1.22464679914735E-16,0.,1.));
#4872=DIRECTION('',(0.,-1.,0.));
#4873=DIRECTION('',(0.,0.,-1.));
#4874=DIRECTION('',(0.,1.,0.));
#4875=DIRECTION('',(-1.22464679914735E-16,0.,-1.));
#4876=DIRECTION('',(0.,-1.,0.));
#4877=DIRECTION('',(0.,0.,-1.));
#4878=DIRECTION('',(0.,1.,0.));
#4879=DIRECTION('',(-1.,0.,6.12323399573677E-17));
#4880=DIRECTION('',(0.,-1.,0.));
#4881=DIRECTION('',(0.,0.,-1.));
#4882=DIRECTION('',(0.,-1.,0.));
#4883=DIRECTION('',(1.,0.,-6.12323399573677E-17));
#4884=DIRECTION('',(0.,-1.,0.));
#4885=DIRECTION('',(0.,0.,-1.));
#4886=DIRECTION('',(0.,1.,0.));
#4887=DIRECTION('',(-1.,0.,6.12323399573677E-17));
#4888=DIRECTION('',(0.,-1.,0.));
#4889=DIRECTION('',(0.,0.,-1.));
#4890=DIRECTION('',(0.,1.,0.));
#4891=DIRECTION('',(0.,0.,1.));
#4892=DIRECTION('',(0.,-1.,0.));
#4893=DIRECTION('',(0.,0.,-1.));
#4894=DIRECTION('',(0.,-1.,0.));
#4895=DIRECTION('',(0.,0.,-1.));
#4896=DIRECTION('',(0.,-1.,0.));
#4897=DIRECTION('',(0.,0.,-1.));
#4898=DIRECTION('',(0.,-1.,0.));
#4899=DIRECTION('',(0.,0.,-1.));
#4900=DIRECTION('',(0.,-1.,0.));
#4901=DIRECTION('',(1.,0.,0.));
#4902=DIRECTION('',(0.,-1.,0.));
#4903=DIRECTION('',(1.,0.,0.));
#4904=DIRECTION('',(0.,-1.,0.));
#4905=DIRECTION('',(0.,0.,-1.));
#4906=DIRECTION('',(0.,-1.,0.));
#4907=DIRECTION('',(0.,0.,-1.));
#4908=DIRECTION('',(0.,-1.,0.));
#4909=DIRECTION('',(0.,0.,-1.));
#4910=DIRECTION('',(0.,-1.,0.));
#4911=DIRECTION('',(0.,0.,-1.));
#4912=DIRECTION('',(0.,-1.,0.));
#4913=DIRECTION('',(0.,0.,-1.));
#4914=DIRECTION('',(0.,-1.,0.));
#4915=DIRECTION('',(1.,0.,0.));
#4916=DIRECTION('',(0.,-1.,0.));
#4917=DIRECTION('',(0.,0.,-1.));
#4918=DIRECTION('',(0.,-1.,0.));
#4919=DIRECTION('',(0.,0.,-1.));
#4920=DIRECTION('',(0.,-1.,0.));
#4921=DIRECTION('',(1.,0.,0.));
#4922=DIRECTION('',(0.,1.,0.));
#4923=DIRECTION('',(0.,0.,1.));
#4924=DIRECTION('',(0.,-1.,0.));
#4925=DIRECTION('',(0.,0.,-1.));
#4926=DIRECTION('',(0.,-1.,0.));
#4927=DIRECTION('',(0.,0.,-1.));
#4928=DIRECTION('',(0.,-1.,0.));
#4929=DIRECTION('',(0.,0.,-1.));
#4930=DIRECTION('',(0.,1.,0.));
#4931=DIRECTION('',(0.,0.,1.));
#4932=DIRECTION('',(0.707106781186549,0.,0.707106781186547));
#4933=DIRECTION('',(0.707106781186547,0.,-0.707106781186549));
#4934=DIRECTION('',(-0.447213595499957,0.774596669241484,0.447213595499958));
#4935=DIRECTION('',(0.,-1.,0.));
#4936=DIRECTION('',(0.,0.,-1.));
#4937=DIRECTION('',(-1.,0.,0.));
#4938=DIRECTION('',(0.666666666666667,0.74535599249993,0.));
#4939=DIRECTION('',(0.666666666666667,-0.74535599249993,0.));
#4940=DIRECTION('',(1.,0.,0.));
#4941=DIRECTION('',(0.,-1.,0.));
#4942=DIRECTION('',(1.,0.,0.));
#4943=DIRECTION('',(0.707106781186549,0.,-0.707106781186546));
#4944=DIRECTION('',(-0.707106781186546,0.,-0.707106781186549));
#4945=DIRECTION('',(-0.447213595499957,-0.774596669241484,-0.447213595499958));
#4946=DIRECTION('',(0.707106781186547,0.,-0.707106781186549));
#4947=DIRECTION('',(-0.707106781186549,0.,-0.707106781186547));
#4948=DIRECTION('',(0.447213595499958,0.774596669241484,0.447213595499957));
#4949=DIRECTION('',(0.,-1.,0.));
#4950=DIRECTION('',(-1.,0.,-6.12323399573677E-17));
#4951=DIRECTION('',(-6.12323399573677E-17,0.,1.));
#4952=DIRECTION('',(3.67394039744206E-17,0.8,-0.6));
#4953=DIRECTION('',(3.67394039744206E-17,-0.8,-0.6));
#4954=DIRECTION('',(6.12323399573677E-17,9.24446373305874E-33,-1.));
#4955=DIRECTION('',(0.,-1.,0.));
#4956=DIRECTION('',(6.12323399573677E-17,9.24446373305874E-33,-1.));
#4957=DIRECTION('',(-0.707106781186546,0.,-0.707106781186549));
#4958=DIRECTION('',(-0.707106781186549,0.,0.707106781186546));
#4959=DIRECTION('',(-0.447213595499958,-0.774596669241484,0.447213595499957));
#4960=DIRECTION('',(-0.707106781186549,0.,-0.707106781186547));
#4961=DIRECTION('',(-0.707106781186547,0.,0.707106781186549));
#4962=DIRECTION('',(0.447213595499957,0.774596669241484,-0.447213595499958));
#4963=DIRECTION('',(0.,-1.,0.));
#4964=DIRECTION('',(-1.22464679914735E-16,0.,1.));
#4965=DIRECTION('',(1.,0.,1.22464679914735E-16));
#4966=DIRECTION('',(-0.6,0.8,-7.34788079488409E-17));
#4967=DIRECTION('',(-0.6,-0.8,-7.34788079488416E-17));
#4968=DIRECTION('',(-1.,1.84889274661175E-32,-1.22464679914735E-16));
#4969=DIRECTION('',(0.,-1.,0.));
#4970=DIRECTION('',(-1.,1.84889274661175E-32,-1.22464679914735E-16));
#4971=DIRECTION('',(-0.707106781186549,0.,0.707106781186546));
#4972=DIRECTION('',(0.707106781186546,0.,0.707106781186549));
#4973=DIRECTION('',(0.447213595499957,-0.774596669241484,0.447213595499958));
#4974=DIRECTION('',(-0.707106781186547,0.,0.707106781186549));
#4975=DIRECTION('',(0.707106781186549,0.,0.707106781186547));
#4976=DIRECTION('',(-0.447213595499958,0.774596669241484,-0.447213595499957));
#4977=DIRECTION('',(0.,-1.,0.));
#4978=DIRECTION('',(1.,0.,1.83697019872103E-16));
#4979=DIRECTION('',(1.83697019872103E-16,0.,-1.));
#4980=DIRECTION('',(-1.10218211923261E-16,0.8,0.6));
#4981=DIRECTION('',(-1.10218211923262E-16,-0.8,0.6));
#4982=DIRECTION('',(-1.83697019872103E-16,-1.23259516440783E-32,1.));
#4983=DIRECTION('',(0.,-1.,0.));
#4984=DIRECTION('',(-1.83697019872103E-16,-1.23259516440783E-32,1.));
#4985=DIRECTION('',(0.707106781186546,0.,0.707106781186549));
#4986=DIRECTION('',(0.707106781186549,0.,-0.707106781186546));
#4987=DIRECTION('',(0.447213595499959,-0.774596669241484,-0.447213595499957));
#4988=DIRECTION('',(0.866025403784439,-0.5,5.30287619362454E-17));
#4989=DIRECTION('',(-6.12323399573677E-17,0.,1.));
#4990=DIRECTION('',(1.06057523872491E-16,-0.5,-0.866025403784439));
#4991=DIRECTION('',(1.,0.,1.22464679914735E-16));
#4992=DIRECTION('',(-0.866025403784439,-0.5,-1.59086285808736E-16));
#4993=DIRECTION('',(1.83697019872103E-16,0.,-1.));
#4994=DIRECTION('',(0.,-0.5,0.866025403784439));
#4995=DIRECTION('',(-1.,0.,0.));
#4996=DIRECTION('',(0.,0.,1.));
#4997=DIRECTION('',(1.,0.,0.));
#4998=DIRECTION('',(-0.666666666666667,0.74535599249993,0.));
#4999=DIRECTION('',(-0.666666666666667,-0.74535599249993,0.));
#5000=DIRECTION('',(-1.,0.,6.12323399573677E-17));
#5001=DIRECTION('',(6.12323399573677E-17,0.,1.));
#5002=DIRECTION('',(-3.67394039744208E-17,0.8,-0.6));
#5003=DIRECTION('',(-3.67394039744204E-17,-0.8,-0.6));
#5004=DIRECTION('',(-1.22464679914735E-16,0.,-1.));
#5005=DIRECTION('',(-1.,0.,1.22464679914735E-16));
#5006=DIRECTION('',(0.6,0.8,-7.34788079488416E-17));
#5007=DIRECTION('',(0.6,-0.8,-7.34788079488409E-17));
#5008=DIRECTION('',(1.,0.,-1.83697019872103E-16));
#5009=DIRECTION('',(-1.83697019872103E-16,0.,-1.));
#5010=DIRECTION('',(1.10218211923262E-16,0.8,0.6));
#5011=DIRECTION('',(1.10218211923262E-16,-0.8,0.6));
#5012=DIRECTION('',(0.74535599249993,-0.666666666666667,0.));
#5013=DIRECTION('',(0.666666666666667,0.74535599249993,0.));
#5014=DIRECTION('',(0.,0.,1.));
#5015=DIRECTION('',(-0.74535599249993,-0.666666666666667,0.));
#5016=DIRECTION('',(0.666666666666667,-0.74535599249993,0.));
#5017=DIRECTION('',(-4.89858719658941E-17,-0.6,0.8));
#5018=DIRECTION('',(0.,-0.8,-0.6));
#5019=DIRECTION('',(1.,0.,6.12323399573677E-17));
#5020=DIRECTION('',(4.89858719658942E-17,-0.6,-0.8));
#5021=DIRECTION('',(0.,0.8,-0.6));
#5022=DIRECTION('',(0.8,-0.6,9.7971743931788E-17));
#5023=DIRECTION('',(0.6,0.8,0.));
#5024=DIRECTION('',(1.22464679914735E-16,0.,-1.));
#5025=DIRECTION('',(-0.8,-0.6,-9.79717439317885E-17));
#5026=DIRECTION('',(0.6,-0.8,0.));
#5027=DIRECTION('',(1.46957615897682E-16,-0.6,-0.8));
#5028=DIRECTION('',(0.,0.8,-0.6));
#5029=DIRECTION('',(-1.,0.,-1.83697019872103E-16));
#5030=DIRECTION('',(-1.46957615897683E-16,-0.6,0.8));
#5031=DIRECTION('',(0.,-0.8,-0.6));
#5032=DIRECTION('',(0.,0.,1.));
#5033=DIRECTION('',(1.,0.,0.));
#5034=CARTESIAN_POINT('',(0.,0.,0.));
#5035=CARTESIAN_POINT('',(-0.00325,-0.016,-0.0335));
#5036=CARTESIAN_POINT('',(-4.10256677714363E-18,-0.016,-0.0335));
#5037=CARTESIAN_POINT('',(-0.00209423330810799,-0.0135147058823529,-0.0335));
#5038=CARTESIAN_POINT('',(0.00209423330810798,-0.0135147058823529,-0.0335));
#5039=CARTESIAN_POINT('',(-0.001047116654054,-0.0126323529411765,-0.0335));
#5040=CARTESIAN_POINT('',(-3.56046569090088E-18,-0.01175,-0.0335));
#5041=CARTESIAN_POINT('',(0.00104711665405399,-0.0126323529411765,-0.0335));
#5042=CARTESIAN_POINT('',(0.000559016994374944,-0.014375,-0.0335));
#5043=CARTESIAN_POINT('',(0.00111803398874989,-0.015,-0.0335));
#5044=CARTESIAN_POINT('',(-3.88572634264653E-18,-0.01375,-0.0335));
#5045=CARTESIAN_POINT('',(-0.000559016994374952,-0.014375,-0.0335));
#5046=CARTESIAN_POINT('',(-0.0011180339887499,-0.015,-0.0335));
#5047=CARTESIAN_POINT('',(-4.10256677714363E-18,-0.016,-0.0335));
#5048=CARTESIAN_POINT('',(5.20417042793042E-18,-0.005998,-1.73472347597681E-18));
#5049=CARTESIAN_POINT('',(5.20417042793042E-18,-0.021,-1.73472347597681E-18));
#5050=CARTESIAN_POINT('',(-0.0175,-0.021,-0.0303108891324553));
#5051=CARTESIAN_POINT('',(0.0175,-0.021,-0.0303108891324553));
#5052=CARTESIAN_POINT('',(-0.0175,-0.005998,-0.0303108891324553));
#5053=CARTESIAN_POINT('',(-0.0175,-0.0106891108675446,-0.0303108891324553));
#5054=CARTESIAN_POINT('',(5.20417042793042E-18,-0.041,-1.73472347597681E-18));
#5055=CARTESIAN_POINT('',(0.0175,-0.0106891108675446,-0.0303108891324553));
#5056=CARTESIAN_POINT('',(0.0175,-0.005998,-0.0303108891324553));
#5057=CARTESIAN_POINT('',(-0.00209423330810799,-0.0135147058823529,-0.0349372893460728));
#5058=CARTESIAN_POINT('',(-0.00259735448867263,-0.0139386609896666,-0.0349071309349861));
#5059=CARTESIAN_POINT('',(-0.0033426400790133,-0.0151102519350753,-0.034840542669333));
#5060=CARTESIAN_POINT('',(-0.00324730483295618,-0.0171854397445216,-0.0348503561774472));
#5061=CARTESIAN_POINT('',(-0.00198725814437258,-0.0188307977776791,-0.0349574827444348));
#5062=CARTESIAN_POINT('',(3.29665611178558E-06,-0.019459018898931,-0.0350212050633286));
#5063=CARTESIAN_POINT('',(0.00198129866198979,-0.0188331252873256,-0.0349576968778899));
#5064=CARTESIAN_POINT('',(0.00324801950313446,-0.0171877041562271,-0.0348503812938319));
#5065=CARTESIAN_POINT('',(0.00334188711612466,-0.0151094213887395,-0.0348405654999223));
#5066=CARTESIAN_POINT('',(0.00259885848229328,-0.0139399283300241,-0.0349070407816401));
#5067=CARTESIAN_POINT('',(0.00209423330810798,-0.0135147058823529,-0.0349372893460728));
#5068=CARTESIAN_POINT('',(-0.002094233308108,-0.0135147058823529,-0.0349372893460728));
#5069=CARTESIAN_POINT('',(0.00209423330810798,-0.0135147058823529,-0.0349372893460728));
#5070=CARTESIAN_POINT('',(5.20417042793042E-18,-0.01175,-1.73472347597681E-18));
#5071=CARTESIAN_POINT('',(-3.74416271077298E-18,-0.01175,-0.035));
#5072=CARTESIAN_POINT('',(5.20417042793042E-18,-0.01175,-1.73472347597681E-18));
#5073=CARTESIAN_POINT('',(-4.28626379701574E-18,-0.016,-0.035));
#5074=CARTESIAN_POINT('',(0.00209423330810798,-0.0135147058823529,-0.033498));
#5075=CARTESIAN_POINT('',(-0.00209423330810799,-0.0135147058823529,-0.033498));
#5076=CARTESIAN_POINT('',(-0.0312148082926129,-0.021,-0.076682408871481));
#5077=CARTESIAN_POINT('',(-0.0312148082926129,-0.021,-0.076682408871481));
#5078=CARTESIAN_POINT('',(-0.0251859383933849,-0.021,-0.0620631763027212));
#5079=CARTESIAN_POINT('',(-0.022508680464258,-0.021,-0.0555711708412207));
#5080=CARTESIAN_POINT('',(-0.022508680464258,-0.020998,-0.0555711708412207));
#5081=CARTESIAN_POINT('',(-0.0225086804642579,-0.026,-0.0555711708412207));
#5082=CARTESIAN_POINT('',(-0.0312148082926129,-0.026,-0.076682408871481));
#5083=CARTESIAN_POINT('',(-0.0251859383933849,-0.026,-0.0620631763027212));
#5084=CARTESIAN_POINT('',(-0.0251859383933849,-0.020998,-0.0620631763027212));
#5085=CARTESIAN_POINT('',(-0.0312148082926129,-0.021,-0.076682408871481));
#5086=CARTESIAN_POINT('',(-0.0312148082926129,-0.021,-0.076682408871481));
#5087=CARTESIAN_POINT('',(-0.027941442641383,-0.021,-0.0687449190039274));
#5088=CARTESIAN_POINT('',(-0.0253232119174709,-0.021,-0.0623960469082726));
#5089=CARTESIAN_POINT('',(-0.0253232119174709,-0.020998,-0.0623960469082726));
#5090=CARTESIAN_POINT('',(-0.0253232119174709,-0.026,-0.0623960469082726));
#5091=CARTESIAN_POINT('',(-0.0312148082926129,-0.026,-0.076682408871481));
#5092=CARTESIAN_POINT('',(-0.027941442641383,-0.026,-0.0687449190039274));
#5093=CARTESIAN_POINT('',(-0.027941442641383,-0.020998,-0.0687449190039274));
#5094=CARTESIAN_POINT('',(-0.0312148082926129,-0.021,-0.076682408871481));
#5095=CARTESIAN_POINT('',(-0.0312148082926129,-0.021,-0.076682408871481));
#5096=CARTESIAN_POINT('',(-0.0475295506140368,-0.021,-0.116243556529821));
#5097=CARTESIAN_POINT('',(-0.0281828622340774,-0.021,-0.0693303304046126));
#5098=CARTESIAN_POINT('',(-0.0281828622340774,-0.020998,-0.0693303304046126));
#5099=CARTESIAN_POINT('',(-0.0281828622340774,-0.026,-0.0693303304046126));
#5100=CARTESIAN_POINT('',(-0.0312148082926129,-0.026,-0.076682408871481));
#5101=CARTESIAN_POINT('',(-0.0475295506140368,-0.026,-0.116243556529821));
#5102=CARTESIAN_POINT('',(-0.0475295506140368,-0.021,-0.116243556529821));
#5103=CARTESIAN_POINT('',(8.67361737988404E-18,-0.021,3.46944695195361E-18));
#5104=CARTESIAN_POINT('',(8.67361737988404E-18,-0.021,3.46944695195361E-18));
#5105=CARTESIAN_POINT('',(-0.0149000659711891,-0.021,-0.0371212612131405));
#5106=CARTESIAN_POINT('',(0.00826050832675885,-0.021,-0.0391377567341761));
#5107=CARTESIAN_POINT('',(0.00826050832675885,-0.020998,-0.0391377567341761));
#5108=CARTESIAN_POINT('',(0.00826050832675886,-0.026,-0.0391377567341761));
#5109=CARTESIAN_POINT('',(8.67361737988404E-18,-0.026,3.46944695195361E-18));
#5110=CARTESIAN_POINT('',(-0.0149000659711891,-0.026,-0.0371212612131405));
#5111=CARTESIAN_POINT('',(-0.0149000659711891,-0.021,-0.0371212612131405));
#5112=CARTESIAN_POINT('',(0.0312148082926129,-0.021,-0.076682408871481));
#5113=CARTESIAN_POINT('',(0.0280156066195654,-0.020998,-0.0689247570935522));
#5114=CARTESIAN_POINT('',(0.0280156066195654,-0.021,-0.0689247570935522));
#5115=CARTESIAN_POINT('',(0.0280156066195654,-0.026,-0.0689247570935522));
#5116=CARTESIAN_POINT('',(0.0312148082926129,-0.021,-0.076682408871481));
#5117=CARTESIAN_POINT('',(0.0475295506140368,-0.021,-0.116243556529821));
#5118=CARTESIAN_POINT('',(0.0475295506140368,-0.021,-0.116243556529821));
#5119=CARTESIAN_POINT('',(0.0475295506140368,-0.026,-0.116243556529821));
#5120=CARTESIAN_POINT('',(0.0312148082926129,-0.026,-0.076682408871481));
#5121=CARTESIAN_POINT('',(0.0462647753070184,-0.021,-0.116243556529821));
#5122=CARTESIAN_POINT('',(0.0462647753070184,-0.021,-0.116243556529821));
#5123=CARTESIAN_POINT('',(0.00893964328324955,-0.021,-0.116243556529821));
#5124=CARTESIAN_POINT('',(0.00893964328324955,-0.020998,-0.116243556529821));
#5125=CARTESIAN_POINT('',(0.00893964328324955,-0.026,-0.116243556529821));
#5126=CARTESIAN_POINT('',(0.0462647753070184,-0.026,-0.116243556529821));
#5127=CARTESIAN_POINT('',(-7.9543142904368E-18,-0.021,-0.0649519052838329));
#5128=CARTESIAN_POINT('',(0.00673817390677061,-0.021,-0.116243556517674));
#5129=CARTESIAN_POINT('',(0.0066146533054407,-0.021,-0.115965051932623));
#5130=CARTESIAN_POINT('',(0.00617204924054623,-0.021,-0.115038253023876));
#5131=CARTESIAN_POINT('',(0.00435239105465882,-0.021,-0.113887401203611));
#5132=CARTESIAN_POINT('',(0.00384753265695887,-0.021,-0.110675011553005));
#5133=CARTESIAN_POINT('',(0.00472334228233558,-0.021,-0.107852113758418));
#5134=CARTESIAN_POINT('',(0.00246397671905944,-0.021,-0.109293682475784));
#5135=CARTESIAN_POINT('',(0.00123015397446673,-0.021,-0.110532947520242));
#5136=CARTESIAN_POINT('',(-0.00246875841175797,-0.021,-0.110636931291199));
#5137=CARTESIAN_POINT('',(-0.00414362804843193,-0.021,-0.109885330285849));
#5138=CARTESIAN_POINT('',(-0.00634910032042167,-0.021,-0.109668734074174));
#5139=CARTESIAN_POINT('',(-0.00810486871116102,-0.021,-0.110553510695919));
#5140=CARTESIAN_POINT('',(-0.00863671997771599,-0.021,-0.10969105072269));
#5141=CARTESIAN_POINT('',(-0.00735714660112414,-0.021,-0.109816371617992));
#5142=CARTESIAN_POINT('',(-0.00634651570789159,-0.021,-0.108420201802316));
#5143=CARTESIAN_POINT('',(-0.0049150902240027,-0.021,-0.10676516753936));
#5144=CARTESIAN_POINT('',(-0.00425632060551567,-0.021,-0.105648142409053));
#5145=CARTESIAN_POINT('',(-0.00227916818906067,-0.021,-0.104300158449531));
#5146=CARTESIAN_POINT('',(-0.00093327929599342,-0.021,-0.103268217630055));
#5147=CARTESIAN_POINT('',(0.00204146213415837,-0.021,-0.103029238530306));
#5148=CARTESIAN_POINT('',(-0.000697534117702036,-0.021,-0.102066526585132));
#5149=CARTESIAN_POINT('',(-0.00115763675192003,-0.021,-0.101033055296216));
#5150=CARTESIAN_POINT('',(-0.00231878976786565,-0.021,-0.0991209655602834));
#5151=CARTESIAN_POINT('',(-0.00366085314892392,-0.021,-0.0966852151754393));
#5152=CARTESIAN_POINT('',(-0.0042617029400494,-0.021,-0.0956018093395981));
#5153=CARTESIAN_POINT('',(-0.00542380641530681,-0.021,-0.0948147009481308));
#5154=CARTESIAN_POINT('',(-0.0053749539033621,-0.021,-0.094104435157168));
#5155=CARTESIAN_POINT('',(-0.00384555241315106,-0.021,-0.0951844816950218));
#5156=CARTESIAN_POINT('',(-0.00259840637252548,-0.021,-0.0951519690378338));
#5157=CARTESIAN_POINT('',(-0.000853257873514949,-0.021,-0.0951390901683958));
#5158=CARTESIAN_POINT('',(0.00146878988184928,-0.021,-0.0949750324262551));
#5159=CARTESIAN_POINT('',(0.00360180279709313,-0.021,-0.0956461553863524));
#5160=CARTESIAN_POINT('',(0.00536133044305249,-0.021,-0.0966523046836116));
#5161=CARTESIAN_POINT('',(0.00639183676678649,-0.021,-0.0992702584387053));
#5162=CARTESIAN_POINT('',(0.00543135759970189,-0.021,-0.0962558514593869));
#5163=CARTESIAN_POINT('',(0.00709366801693356,-0.021,-0.0948211610342223));
#5164=CARTESIAN_POINT('',(0.00884761466585048,-0.021,-0.0927497531532918));
#5165=CARTESIAN_POINT('',(0.0109132488660505,-0.021,-0.0918083591268143));
#5166=CARTESIAN_POINT('',(0.0125015470105287,-0.021,-0.0906190660417055));
#5167=CARTESIAN_POINT('',(0.0124220933851573,-0.021,-0.0889942500721839));
#5168=CARTESIAN_POINT('',(0.0128356211078754,-0.021,-0.0885948397570664));
#5169=CARTESIAN_POINT('',(0.0135594908640297,-0.021,-0.0894540671103135));
#5170=CARTESIAN_POINT('',(0.0122722229224539,-0.021,-0.091412509867491));
#5171=CARTESIAN_POINT('',(0.0130736707258584,-0.021,-0.0938491104518412));
#5172=CARTESIAN_POINT('',(0.0134081332434801,-0.021,-0.0960167724682226));
#5173=CARTESIAN_POINT('',(0.0128713081021246,-0.021,-0.0988664266091462));
#5174=CARTESIAN_POINT('',(0.0106441564469991,-0.021,-0.101326833016053));
#5175=CARTESIAN_POINT('',(0.0142370707480946,-0.021,-0.0975407340664138));
#5176=CARTESIAN_POINT('',(0.0151121227787816,-0.021,-0.0948116960065617));
#5177=CARTESIAN_POINT('',(0.0164867480559143,-0.021,-0.0906497649464305));
#5178=CARTESIAN_POINT('',(0.0159187211941668,-0.021,-0.0863350539275983));
#5179=CARTESIAN_POINT('',(0.0150998388720492,-0.021,-0.083061465689137));
#5180=CARTESIAN_POINT('',(0.012685646531977,-0.021,-0.0791137796423085));
#5181=CARTESIAN_POINT('',(0.0104459308153708,-0.021,-0.0772430284229643));
#5182=CARTESIAN_POINT('',(0.00862714883165029,-0.021,-0.0740367791402472));
#5183=CARTESIAN_POINT('',(0.0112242849484751,-0.021,-0.0797164774450026));
#5184=CARTESIAN_POINT('',(0.00902388097181465,-0.021,-0.0857613141264611));
#5185=CARTESIAN_POINT('',(0.00393091332630531,-0.021,-0.0913458808267858));
#5186=CARTESIAN_POINT('',(-0.00254731836639881,-0.021,-0.0927440615256566));
#5187=CARTESIAN_POINT('',(-0.00676173751607456,-0.021,-0.0894518124621925));
#5188=CARTESIAN_POINT('',(-0.00467836648392292,-0.021,-0.0842154697015916));
#5189=CARTESIAN_POINT('',(0.000731700184318083,-0.021,-0.0853936621562953));
#5190=CARTESIAN_POINT('',(0.000544986897598265,-0.021,-0.0890567226908623));
#5191=CARTESIAN_POINT('',(-0.00252827295846842,-0.021,-0.090007027201507));
#5192=CARTESIAN_POINT('',(-0.00364255433635359,-0.021,-0.0868959511141769));
#5193=CARTESIAN_POINT('',(-0.00223695501906168,-0.021,-0.0893112859352674));
#5194=CARTESIAN_POINT('',(-0.000112202761619689,-0.021,-0.0868146747543215));
#5195=CARTESIAN_POINT('',(-0.00209592080128786,-0.021,-0.0853239117183753));
#5196=CARTESIAN_POINT('',(-0.00456161703939678,-0.021,-0.0872328308500789));
#5197=CARTESIAN_POINT('',(-0.00498747032274586,-0.021,-0.089364562924799));
#5198=CARTESIAN_POINT('',(-0.00315330488916498,-0.021,-0.0913885115531564));
#5199=CARTESIAN_POINT('',(0.000155076926648327,-0.021,-0.0909983293208128));
#5200=CARTESIAN_POINT('',(0.00397463404373377,-0.021,-0.0898658824561242));
#5201=CARTESIAN_POINT('',(0.00767582744570597,-0.021,-0.0853485138687593));
#5202=CARTESIAN_POINT('',(0.00921359313065218,-0.021,-0.0824052130929152));
#5203=CARTESIAN_POINT('',(0.00935550432746611,-0.021,-0.0747696990639822));
#5204=CARTESIAN_POINT('',(0.00860077404882493,-0.021,-0.0825124824006541));
#5205=CARTESIAN_POINT('',(0.00583948385419259,-0.021,-0.0855914091918079));
#5206=CARTESIAN_POINT('',(4.59056418343834E-05,-0.021,-0.0839547993273198));
#5207=CARTESIAN_POINT('',(0.000621125858290622,-0.021,-0.0803310046025007));
#5208=CARTESIAN_POINT('',(0.00278420931741775,-0.021,-0.0780676737726157));
#5209=CARTESIAN_POINT('',(0.00608421822899444,-0.021,-0.0795787676774219));
#5210=CARTESIAN_POINT('',(0.00534551473059062,-0.021,-0.0828779398379336));
#5211=CARTESIAN_POINT('',(0.00199279473689913,-0.021,-0.0823733463088987));
#5212=CARTESIAN_POINT('',(0.00481693710179857,-0.021,-0.0817024517171038));
#5213=CARTESIAN_POINT('',(0.00477129792072029,-0.021,-0.0792795318387647));
#5214=CARTESIAN_POINT('',(0.00216104860459253,-0.021,-0.0790135254255678));
#5215=CARTESIAN_POINT('',(0.000549117114606312,-0.021,-0.082471568166964));
#5216=CARTESIAN_POINT('',(0.00268467227258906,-0.021,-0.0845102538843929));
#5217=CARTESIAN_POINT('',(0.00581918325653248,-0.021,-0.0841479339027127));
#5218=CARTESIAN_POINT('',(0.00830767438086523,-0.021,-0.0801809249306323));
#5219=CARTESIAN_POINT('',(0.00841009976547047,-0.021,-0.0755134387074424));
#5220=CARTESIAN_POINT('',(0.00665190626161182,-0.021,-0.0722426796834824));
#5221=CARTESIAN_POINT('',(0.00255888417535116,-0.021,-0.0683359014802748));
#5222=CARTESIAN_POINT('',(0.00231094951380426,-0.021,-0.0649398333412732));
#5223=CARTESIAN_POINT('',(0.00235038401238299,-0.021,-0.0699917385096583));
#5224=CARTESIAN_POINT('',(0.0013351280998062,-0.021,-0.0706293042907634));
#5225=CARTESIAN_POINT('',(0.00356778726888939,-0.021,-0.0719717312703082));
#5226=CARTESIAN_POINT('',(0.00308626218308465,-0.021,-0.0766545493594663));
#5227=CARTESIAN_POINT('',(-0.000707634046602273,-0.021,-0.0802033506580756));
#5228=CARTESIAN_POINT('',(-0.00322393922273336,-0.021,-0.0813782323242314));
#5229=CARTESIAN_POINT('',(-0.00668653843214491,-0.021,-0.0846722136758576));
#5230=CARTESIAN_POINT('',(-0.00410489173195399,-0.021,-0.081127758154987));
#5231=CARTESIAN_POINT('',(-0.00473077345324226,-0.021,-0.0786714924690634));
#5232=CARTESIAN_POINT('',(-0.00474539994260738,-0.021,-0.0756810178405176));
#5233=CARTESIAN_POINT('',(-0.00387926551674113,-0.021,-0.0732273536695138));
#5234=CARTESIAN_POINT('',(-0.00233301044274738,-0.021,-0.0704702639193881));
#5235=CARTESIAN_POINT('',(0.0017642802206357,-0.021,-0.07095820734643));
#5236=CARTESIAN_POINT('',(0.00120062092027967,-0.021,-0.0669157549417837));
#5237=CARTESIAN_POINT('',(0.0016192795951517,-0.021,-0.0653960584463));
#5238=CARTESIAN_POINT('',(0.000510702520316107,-0.021,-0.0599133056469068));
#5239=CARTESIAN_POINT('',(0.000181496161946511,-0.021,-0.0653597297855485));
#5240=CARTESIAN_POINT('',(-0.00177275066294285,-0.021,-0.0679670075320623));
#5241=CARTESIAN_POINT('',(-0.00697821331462513,-0.021,-0.073720424922842));
#5242=CARTESIAN_POINT('',(-0.010753698261037,-0.021,-0.0751818058761497));
#5243=CARTESIAN_POINT('',(-0.0132520867720552,-0.021,-0.0755058578610691));
#5244=CARTESIAN_POINT('',(-0.0105747506636037,-0.021,-0.076440610215013));
#5245=CARTESIAN_POINT('',(-0.0101161851628673,-0.021,-0.0787493709902505));
#5246=CARTESIAN_POINT('',(-0.00922922271676048,-0.021,-0.0803736912233105));
#5247=CARTESIAN_POINT('',(-0.00815760644585235,-0.021,-0.0803904402449612));
#5248=CARTESIAN_POINT('',(-0.00743594942519641,-0.021,-0.0808764848732735));
#5249=CARTESIAN_POINT('',(-0.00793550510417826,-0.021,-0.0812309289727663));
#5250=CARTESIAN_POINT('',(-0.0120696915336341,-0.021,-0.0821864688085624));
#5251=CARTESIAN_POINT('',(-0.0138000517340992,-0.021,-0.0826626347406475));
#5252=CARTESIAN_POINT('',(-0.0165354216482139,-0.021,-0.0806034864604463));
#5253=CARTESIAN_POINT('',(-0.0146751874680883,-0.021,-0.0830992056875301));
#5254=CARTESIAN_POINT('',(-0.0170410011370321,-0.021,-0.0859306737328501));
#5255=CARTESIAN_POINT('',(-0.0195226090017214,-0.021,-0.0875989739533112));
#5256=CARTESIAN_POINT('',(-0.0217547478107742,-0.021,-0.0886927728088503));
#5257=CARTESIAN_POINT('',(-0.0213597174420933,-0.021,-0.0867118240760684));
#5258=CARTESIAN_POINT('',(-0.0230566061295417,-0.021,-0.0843206075555943));
#5259=CARTESIAN_POINT('',(-0.0216450439996391,-0.021,-0.0809554544273573));
#5260=CARTESIAN_POINT('',(-0.0242708568847259,-0.021,-0.0832838907533286));
#5261=CARTESIAN_POINT('',(-0.0269405096454026,-0.021,-0.0823719864440952));
#5262=CARTESIAN_POINT('',(-0.0287801885467994,-0.021,-0.0815461971340843));
#5263=CARTESIAN_POINT('',(-0.0298213858024333,-0.021,-0.0821276782212852));
#5264=CARTESIAN_POINT('',(-0.0301755292558286,-0.021,-0.0810882007729534));
#5265=CARTESIAN_POINT('',(-0.0286816100378501,-0.021,-0.080509460476251));
#5266=CARTESIAN_POINT('',(-0.0281412675377346,-0.021,-0.0782694320102989));
#5267=CARTESIAN_POINT('',(-0.0265086708597031,-0.021,-0.0769700845495571));
#5268=CARTESIAN_POINT('',(-0.0245432022136505,-0.021,-0.0769817498752647));
#5269=CARTESIAN_POINT('',(-0.027337801666158,-0.021,-0.0755730907760321));
#5270=CARTESIAN_POINT('',(-0.0278412454254919,-0.021,-0.0738981043249211));
#5271=CARTESIAN_POINT('',(-0.0274367429074527,-0.021,-0.0706143238127561));
#5272=CARTESIAN_POINT('',(-0.0281502692579048,-0.021,-0.0697439676107806));
#5273=CARTESIAN_POINT('',(-0.0281828622195413,-0.021,-0.0693303303693645));
#5274=CARTESIAN_POINT('',(0.0067381739067706,-0.021,-0.116243556529821));
#5275=CARTESIAN_POINT('',(0.0462647753070184,-0.021,-0.116243556529821));
#5276=CARTESIAN_POINT('',(-0.0279414426399054,-0.021,-0.0687449190003446));
#5277=CARTESIAN_POINT('',(-0.0276256880576633,-0.021,-0.0687445465592201));
#5278=CARTESIAN_POINT('',(-0.0264810914853437,-0.021,-0.0707973968992576));
#5279=CARTESIAN_POINT('',(-0.0244164897446043,-0.021,-0.0705167066896868));
#5280=CARTESIAN_POINT('',(-0.0223366510384668,-0.021,-0.0707246321236358));
#5281=CARTESIAN_POINT('',(-0.0206665245590709,-0.021,-0.0740131998099651));
#5282=CARTESIAN_POINT('',(-0.0205214070018719,-0.021,-0.0707251836860251));
#5283=CARTESIAN_POINT('',(-0.0162845255474728,-0.021,-0.0687831016974138));
#5284=CARTESIAN_POINT('',(-0.0157046502227316,-0.021,-0.0671132818539865));
#5285=CARTESIAN_POINT('',(-0.0142422024380216,-0.021,-0.0660181149120822));
#5286=CARTESIAN_POINT('',(-0.0155591738298658,-0.021,-0.0688252142559917));
#5287=CARTESIAN_POINT('',(-0.0151216804840196,-0.021,-0.0705694401353412));
#5288=CARTESIAN_POINT('',(-0.0138647776374339,-0.021,-0.0729319087217163));
#5289=CARTESIAN_POINT('',(-0.0160742584113954,-0.021,-0.0763464683716449));
#5290=CARTESIAN_POINT('',(-0.0128809416882866,-0.021,-0.0748510426185749));
#5291=CARTESIAN_POINT('',(-0.0103800823835583,-0.021,-0.0741126182627832));
#5292=CARTESIAN_POINT('',(-0.00740396971540681,-0.021,-0.0719495407236395));
#5293=CARTESIAN_POINT('',(-0.00481880037088828,-0.021,-0.0696141339421966));
#5294=CARTESIAN_POINT('',(-0.00196170534856031,-0.021,-0.0667912288843278));
#5295=CARTESIAN_POINT('',(-0.000980898042642208,-0.021,-0.0628643337205452));
#5296=CARTESIAN_POINT('',(0.00112236754882197,-0.021,-0.05538491841296));
#5297=CARTESIAN_POINT('',(-0.000874664551579043,-0.021,-0.0581881917320154));
#5298=CARTESIAN_POINT('',(-0.00423571018210874,-0.021,-0.0607324096161243));
#5299=CARTESIAN_POINT('',(-0.00543137161935902,-0.021,-0.0615047345746563));
#5300=CARTESIAN_POINT('',(-0.00648810199121206,-0.021,-0.0659703009767155));
#5301=CARTESIAN_POINT('',(-0.00821020065274318,-0.021,-0.066465969586518));
#5302=CARTESIAN_POINT('',(-0.0103334518208955,-0.021,-0.0690490609786233));
#5303=CARTESIAN_POINT('',(-0.0104794378509028,-0.021,-0.0677749534695925));
#5304=CARTESIAN_POINT('',(-0.00985184048647485,-0.021,-0.0669383642989192));
#5305=CARTESIAN_POINT('',(-0.00952680801407378,-0.021,-0.0662127769285812));
#5306=CARTESIAN_POINT('',(-0.00944751133445439,-0.021,-0.0647632199912265));
#5307=CARTESIAN_POINT('',(-0.00704328007640422,-0.021,-0.0614287915960975));
#5308=CARTESIAN_POINT('',(-0.0138337417656968,-0.021,-0.0646663680917804));
#5309=CARTESIAN_POINT('',(-0.0160564121301127,-0.021,-0.0629840301774641));
#5310=CARTESIAN_POINT('',(-0.0182785287955343,-0.021,-0.0643638443663734));
#5311=CARTESIAN_POINT('',(-0.0214071992067184,-0.021,-0.0644177849657595));
#5312=CARTESIAN_POINT('',(-0.0228813631576609,-0.021,-0.0634476288760598));
#5313=CARTESIAN_POINT('',(-0.0243496229361249,-0.021,-0.0628542723709481));
#5314=CARTESIAN_POINT('',(-0.025182435762758,-0.021,-0.0624659594883299));
#5315=CARTESIAN_POINT('',(-0.0253232119896708,-0.021,-0.0623960468784979));
#5316=CARTESIAN_POINT('',(-0.0251859383994021,-0.021,-0.0620631763002398));
#5317=CARTESIAN_POINT('',(-0.0249828998358404,-0.021,-0.062074334718995));
#5318=CARTESIAN_POINT('',(-0.0237957980590977,-0.021,-0.0621345160397685));
#5319=CARTESIAN_POINT('',(-0.0218838398404879,-0.021,-0.0616862321368261));
#5320=CARTESIAN_POINT('',(-0.0194890746354752,-0.021,-0.0620004610985126));
#5321=CARTESIAN_POINT('',(-0.0226875500411629,-0.021,-0.0594776954598122));
#5322=CARTESIAN_POINT('',(-0.0227645828911058,-0.021,-0.056724278819793));
#5323=CARTESIAN_POINT('',(-0.022508680379665,-0.021,-0.0555711706360936));
#5324=CARTESIAN_POINT('',(0.0170809586801134,-0.021,-0.0878716386864938));
#5325=CARTESIAN_POINT('',(0.0175400638334782,-0.021,-0.0900270595606387));
#5326=CARTESIAN_POINT('',(0.0177260531636922,-0.021,-0.0947433102574895));
#5327=CARTESIAN_POINT('',(0.0109398843202925,-0.021,-0.102247050861588));
#5328=CARTESIAN_POINT('',(0.0144948321037731,-0.021,-0.0995393632671534));
#5329=CARTESIAN_POINT('',(0.0184517673674621,-0.021,-0.101760155079533));
#5330=CARTESIAN_POINT('',(0.0191169094273617,-0.021,-0.104143595833718));
#5331=CARTESIAN_POINT('',(0.0225599957861939,-0.021,-0.10494195637911));
#5332=CARTESIAN_POINT('',(0.0184429854644796,-0.021,-0.104947158992033));
#5333=CARTESIAN_POINT('',(0.016663340956738,-0.021,-0.107827664163062));
#5334=CARTESIAN_POINT('',(0.0132282558729774,-0.021,-0.108541157045109));
#5335=CARTESIAN_POINT('',(0.0103285041683866,-0.021,-0.10758991868124));
#5336=CARTESIAN_POINT('',(0.0125353120182353,-0.021,-0.109801142347681));
#5337=CARTESIAN_POINT('',(0.0107243673052768,-0.021,-0.113447328302227));
#5338=CARTESIAN_POINT('',(0.00973931392953427,-0.021,-0.11500759770096));
#5339=CARTESIAN_POINT('',(0.00910104147392661,-0.021,-0.115939273585989));
#5340=CARTESIAN_POINT('',(0.00893964328324955,-0.021,-0.116243556537721));
#5341=CARTESIAN_POINT('',(0.0170809586801565,-0.021,-0.0878716386866958));
#5342=CARTESIAN_POINT('',(0.00114304775706725,-0.021,-0.0591068314028689));
#5343=CARTESIAN_POINT('',(0.00152454458928951,-0.021,-0.0608339930233552));
#5344=CARTESIAN_POINT('',(0.00235616226195933,-0.021,-0.0645948743402558));
#5345=CARTESIAN_POINT('',(0.00820445732580768,-0.021,-0.0698574695123404));
#5346=CARTESIAN_POINT('',(0.0161602737541278,-0.021,-0.0731991390100081));
#5347=CARTESIAN_POINT('',(0.0252610685447433,-0.021,-0.07236876328215));
#5348=CARTESIAN_POINT('',(0.0272175913736489,-0.021,-0.0699225193300284));
#5349=CARTESIAN_POINT('',(0.0280156066195655,-0.021,-0.0689247570935522));
#5350=CARTESIAN_POINT('',(0.00114304775706725,-0.021,-0.0591068314028689));
#5351=CARTESIAN_POINT('',(0.00114304775717945,-0.021,-0.0591068314222752));
#5352=CARTESIAN_POINT('',(0.00115298090053549,-0.021,-0.0608248571709327));
#5353=CARTESIAN_POINT('',(0.00194723397237063,-0.021,-0.0647965712099283));
#5354=CARTESIAN_POINT('',(0.00578069946258025,-0.021,-0.0712903775697651));
#5355=CARTESIAN_POINT('',(0.0097476963869212,-0.021,-0.0749378397244264));
#5356=CARTESIAN_POINT('',(0.0111938828355371,-0.021,-0.0764492144685371));
#5357=CARTESIAN_POINT('',(0.0111938828355376,-0.021,-0.0764492144685376));
#5358=CARTESIAN_POINT('',(0.0123183245264457,-0.021,-0.0776784598418044));
#5359=CARTESIAN_POINT('',(0.0132722604488192,-0.021,-0.0779498191477712));
#5360=CARTESIAN_POINT('',(0.0148066426165665,-0.021,-0.0784180149359845));
#5361=CARTESIAN_POINT('',(0.0159671861164106,-0.021,-0.0783909394398153));
#5362=CARTESIAN_POINT('',(0.0167596640254469,-0.021,-0.0793909834738626));
#5363=CARTESIAN_POINT('',(0.0179567988159427,-0.021,-0.0801970869980174));
#5364=CARTESIAN_POINT('',(0.0202159424088081,-0.021,-0.0807283599532063));
#5365=CARTESIAN_POINT('',(0.0213732468451918,-0.021,-0.0806127713944811));
#5366=CARTESIAN_POINT('',(0.0232618290063081,-0.021,-0.0803208390161233));
#5367=CARTESIAN_POINT('',(0.0239476031548221,-0.021,-0.0792486491302389));
#5368=CARTESIAN_POINT('',(0.0252060681359347,-0.021,-0.0784848078628093));
#5369=CARTESIAN_POINT('',(0.0254954827623465,-0.021,-0.0775237448681199));
#5370=CARTESIAN_POINT('',(0.0265531673667461,-0.021,-0.0764351278338454));
#5371=CARTESIAN_POINT('',(0.0275062841004737,-0.021,-0.0756442431310873));
#5372=CARTESIAN_POINT('',(0.0276792332186413,-0.021,-0.074966916920656));
#5373=CARTESIAN_POINT('',(0.0291927207795429,-0.021,-0.0743282011989928));
#5374=CARTESIAN_POINT('',(0.0283952887615967,-0.021,-0.0736859539632443));
#5375=CARTESIAN_POINT('',(0.0269669828856179,-0.021,-0.0747447381696231));
#5376=CARTESIAN_POINT('',(0.025790414223233,-0.021,-0.0748357338915861));
#5377=CARTESIAN_POINT('',(0.0236487293349472,-0.021,-0.0737848965796417));
#5378=CARTESIAN_POINT('',(0.0230694539585434,-0.021,-0.0736271641546163));
#5379=CARTESIAN_POINT('',(0.0218863792143634,-0.021,-0.073414204909879));
#5380=CARTESIAN_POINT('',(0.0211108774336593,-0.021,-0.0732840023301308));
#5381=CARTESIAN_POINT('',(0.0196646220129441,-0.021,-0.0734723494856231));
#5382=CARTESIAN_POINT('',(0.0185874915902858,-0.021,-0.0737731867677153));
#5383=CARTESIAN_POINT('',(0.0174747985716318,-0.021,-0.0740534058249002));
#5384=CARTESIAN_POINT('',(0.0166767497167126,-0.021,-0.0746013869277746));
#5385=CARTESIAN_POINT('',(0.0161165817460727,-0.021,-0.0758466835641887));
#5386=CARTESIAN_POINT('',(0.0150674760700631,-0.021,-0.0766725633499839));
#5387=CARTESIAN_POINT('',(0.0152518198406844,-0.021,-0.0785023475317269));
#5388=CARTESIAN_POINT('',(0.0124132003885087,-0.021,-0.0771733324815281));
#5389=CARTESIAN_POINT('',(0.0115797298973619,-0.021,-0.0766592365584748));
#5390=CARTESIAN_POINT('',(0.0111938828355376,-0.021,-0.0764492144685376));
#5391=CARTESIAN_POINT('',(0.0123183245264457,-0.021,-0.0776784598418044));
#5392=CARTESIAN_POINT('',(0.0123183245264216,-0.021,-0.0776784598417765));
#5393=CARTESIAN_POINT('',(0.0126884114846665,-0.021,-0.0781060988229253));
#5394=CARTESIAN_POINT('',(0.014205624239038,-0.021,-0.0799836042836021));
#5395=CARTESIAN_POINT('',(0.015248416908639,-0.021,-0.082085768904807));
#5396=CARTESIAN_POINT('',(0.0158691960368506,-0.021,-0.0837435878080908));
#5397=CARTESIAN_POINT('',(0.0158691960367718,-0.021,-0.0837435878078801));
#5398=CARTESIAN_POINT('',(0.0170809586801565,-0.021,-0.0878716386866958));
#5399=CARTESIAN_POINT('',(0.0177908506495444,-0.021,-0.0886576986191252));
#5400=CARTESIAN_POINT('',(0.0192054007771405,-0.021,-0.090223391388191));
#5401=CARTESIAN_POINT('',(0.0221739737071783,-0.021,-0.0908679118735621));
#5402=CARTESIAN_POINT('',(0.0258730955803805,-0.021,-0.0898667102854726));
#5403=CARTESIAN_POINT('',(0.0269222736381312,-0.021,-0.0898335606948077));
#5404=CARTESIAN_POINT('',(0.0254265799560823,-0.021,-0.0884582376112503));
#5405=CARTESIAN_POINT('',(0.0242378952696462,-0.021,-0.0869102888575022));
#5406=CARTESIAN_POINT('',(0.0230080032261458,-0.021,-0.0853821249028923));
#5407=CARTESIAN_POINT('',(0.0208512516094738,-0.021,-0.0838589061317979));
#5408=CARTESIAN_POINT('',(0.0193658734259106,-0.021,-0.0828409442607552));
#5409=CARTESIAN_POINT('',(0.0160641134059832,-0.021,-0.0831311741309552));
#5410=CARTESIAN_POINT('',(0.015917875476985,-0.021,-0.083606338447596));
#5411=CARTESIAN_POINT('',(0.0158691960367718,-0.021,-0.0837435878078801));
#5412=CARTESIAN_POINT('',(-0.0312148082926129,-0.021,-0.076682408871481));
#5413=CARTESIAN_POINT('',(-0.0220427139482429,-0.021,-0.0544412620887112));
#5414=CARTESIAN_POINT('',(-0.0220427139482849,-0.021,-0.0544412620888132));
#5415=CARTESIAN_POINT('',(-0.0219259910660853,-0.021,-0.0545042038211516));
#5416=CARTESIAN_POINT('',(-0.0222380158389066,-0.021,-0.0569367653825863));
#5417=CARTESIAN_POINT('',(-0.0210228615515848,-0.021,-0.0598648942724407));
#5418=CARTESIAN_POINT('',(-0.0186499248775155,-0.021,-0.0613118448305923));
#5419=CARTESIAN_POINT('',(-0.0165434251058236,-0.021,-0.0625076564824752));
#5420=CARTESIAN_POINT('',(-0.0123323130111458,-0.021,-0.062878150971567));
#5421=CARTESIAN_POINT('',(-0.00940206385785307,-0.021,-0.061973708069741));
#5422=CARTESIAN_POINT('',(-0.00496940346864685,-0.021,-0.0607229992507355));
#5423=CARTESIAN_POINT('',(-0.010736303160802,-0.021,-0.0597075276214986));
#5424=CARTESIAN_POINT('',(-0.0124833327140562,-0.021,-0.0580965943998989));
#5425=CARTESIAN_POINT('',(-0.0124286816387293,-0.021,-0.0569199425977809));
#5426=CARTESIAN_POINT('',(-0.0111797909046778,-0.021,-0.0585314945704158));
#5427=CARTESIAN_POINT('',(-0.00982349287396445,-0.021,-0.058310161669201));
#5428=CARTESIAN_POINT('',(-0.00794167810467796,-0.021,-0.0581038605906449));
#5429=CARTESIAN_POINT('',(-0.00529628851519689,-0.021,-0.0581533102081663));
#5430=CARTESIAN_POINT('',(-0.00469916641695549,-0.021,-0.060609433085539));
#5431=CARTESIAN_POINT('',(-0.000943909895383443,-0.021,-0.056543842705278));
#5432=CARTESIAN_POINT('',(0.000628252865604758,-0.021,-0.0553186987229775));
#5433=CARTESIAN_POINT('',(-0.00260720758844287,-0.021,-0.0562042976575028));
#5434=CARTESIAN_POINT('',(-0.00489945869767183,-0.021,-0.0557455298557645));
#5435=CARTESIAN_POINT('',(-0.00744717456895346,-0.021,-0.0552861329606332));
#5436=CARTESIAN_POINT('',(-0.00865071945411384,-0.021,-0.0536914558051836));
#5437=CARTESIAN_POINT('',(-0.0100564868311813,-0.021,-0.0532674204767133));
#5438=CARTESIAN_POINT('',(-0.0114521222952952,-0.021,-0.052575785164178));
#5439=CARTESIAN_POINT('',(-0.0109396292678326,-0.021,-0.0519133035712703));
#5440=CARTESIAN_POINT('',(-0.00939454818065332,-0.021,-0.0522452228269208));
#5441=CARTESIAN_POINT('',(-0.00772005886592126,-0.021,-0.0512053787150634));
#5442=CARTESIAN_POINT('',(-0.00562436354014154,-0.021,-0.0494980970825492));
#5443=CARTESIAN_POINT('',(-0.00417559480634042,-0.021,-0.0484140307243408));
#5444=CARTESIAN_POINT('',(-0.00302881041529961,-0.021,-0.0483091033194477));
#5445=CARTESIAN_POINT('',(-0.00208706408028906,-0.021,-0.0480682239031268));
#5446=CARTESIAN_POINT('',(5.93951788599629E-05,-0.021,-0.0479589306728706));
#5447=CARTESIAN_POINT('',(0.000802944417700378,-0.021,-0.0481999199874454));
#5448=CARTESIAN_POINT('',(0.00220358293493935,-0.021,-0.0493768480047141));
#5449=CARTESIAN_POINT('',(0.00306682610672972,-0.021,-0.0482794660162864));
#5450=CARTESIAN_POINT('',(0.00600100228897663,-0.021,-0.0431216695694574));
#5451=CARTESIAN_POINT('',(0.00826050832675884,-0.021,-0.0391377567341761));
#5452=CARTESIAN_POINT('',(0.00134097742288952,-0.021,-0.0565072789473173));
#5453=CARTESIAN_POINT('',(0.00172777269763036,-0.021,-0.0584374576590913));
#5454=CARTESIAN_POINT('',(0.00248588498298943,-0.021,-0.0621955329639377));
#5455=CARTESIAN_POINT('',(0.00590114188208691,-0.021,-0.06616390320748));
#5456=CARTESIAN_POINT('',(0.00959359208425553,-0.021,-0.0697308349998324));
#5457=CARTESIAN_POINT('',(0.0152770337176933,-0.021,-0.0713729164918254));
#5458=CARTESIAN_POINT('',(0.0204876218828022,-0.021,-0.0715418784194122));
#5459=CARTESIAN_POINT('',(0.0249484522487336,-0.021,-0.0706819484330929));
#5460=CARTESIAN_POINT('',(0.0264952182991544,-0.021,-0.0684413324417427));
#5461=CARTESIAN_POINT('',(0.0274344470321842,-0.021,-0.0675155199878421));
#5462=CARTESIAN_POINT('',(0.0274344470321842,-0.021,-0.0675155199878421));
#5463=CARTESIAN_POINT('',(0.00134097742288952,-0.021,-0.0565072789473173));
#5464=CARTESIAN_POINT('',(0.0312148082926129,-0.021,-0.076682408871481));
#5465=CARTESIAN_POINT('',(0.0149000659711891,-0.021,-0.0371212612131405));
#5466=CARTESIAN_POINT('',(8.67361737988404E-18,-0.021,3.46944695195361E-18));
#5467=CARTESIAN_POINT('',(0.0102174578030755,-0.021,-0.0386730339647974));
#5468=CARTESIAN_POINT('',(0.0102174578030754,-0.021,-0.0386730339647974));
#5469=CARTESIAN_POINT('',(0.00795666395575201,-0.021,-0.0417750185952973));
#5470=CARTESIAN_POINT('',(0.00529159975699479,-0.021,-0.0454049451004333));
#5471=CARTESIAN_POINT('',(0.00346477921671261,-0.021,-0.049426643667057));
#5472=CARTESIAN_POINT('',(0.00321289728026966,-0.021,-0.0500291790748785));
#5473=CARTESIAN_POINT('',(0.00321289728026966,-0.021,-0.0500291790748785));
#5474=CARTESIAN_POINT('',(0.0082864319353497,-0.021,-0.0516622058566004));
#5475=CARTESIAN_POINT('',(-0.0624,-0.021,-0.121243556529821));
#5476=CARTESIAN_POINT('',(-0.0538516096245412,-0.021,-0.121243556529821));
#5477=CARTESIAN_POINT('',(0.0538516096245412,-0.021,-0.121243556529821));
#5478=CARTESIAN_POINT('',(-0.0438788495947528,-0.021,-0.120505954070325));
#5479=CARTESIAN_POINT('',(-0.0531235841111719,-0.021,-0.11669348981201));
#5480=CARTESIAN_POINT('',(-0.03625,-0.021,-0.0757772228311384));
#5481=CARTESIAN_POINT('',(0.03625,-0.021,-0.0757772228311384));
#5482=CARTESIAN_POINT('',(0.0531235841111719,-0.021,-0.11669348981201));
#5483=CARTESIAN_POINT('',(0.0438788495947528,-0.021,-0.120505954070325));
#5484=CARTESIAN_POINT('',(0.008,-0.005998,-0.0313108891324554));
#5485=CARTESIAN_POINT('',(0.009,-0.005998,-0.0323108891324553));
#5486=CARTESIAN_POINT('',(0.009,-0.00868911086754465,-0.0323108891324553));
#5487=CARTESIAN_POINT('',(0.009,-0.0165,-0.0323108891324553));
#5488=CARTESIAN_POINT('',(0.00860069282032302,-0.0171916203230276,-0.0319115819527784));
#5489=CARTESIAN_POINT('',(0.007,-0.0199641016151378,-0.0303108891324553));
#5490=CARTESIAN_POINT('',(0.007,-0.005998,-0.0303108891324553));
#5491=CARTESIAN_POINT('',(0.007,-0.0106891108675446,-0.0303108891324553));
#5492=CARTESIAN_POINT('',(0.00923037028918154,-0.0084587405783631,-0.0325412594216369));
#5493=CARTESIAN_POINT('',(-7.42638964732026E-18,-0.005998,-0.0323108891324553));
#5494=CARTESIAN_POINT('',(-0.000559016994374952,-0.014375,-0.0323108891324553));
#5495=CARTESIAN_POINT('',(-3.74010226086954E-18,-0.01375,-0.0323108891324553));
#5496=CARTESIAN_POINT('',(-0.0011180339887499,-0.015,-0.0323108891324553));
#5497=CARTESIAN_POINT('',(0.000559016994374944,-0.014375,-0.0323108891324553));
#5498=CARTESIAN_POINT('',(0.00111803398874989,-0.015,-0.0323108891324553));
#5499=CARTESIAN_POINT('',(-3.95694269536664E-18,-0.016,-0.0323108891324553));
#5500=CARTESIAN_POINT('',(0.00141421356237309,-0.0165,-0.0323108891324553));
#5501=CARTESIAN_POINT('',(-7.42638964732026E-18,-0.0165,-0.0323108891324553));
#5502=CARTESIAN_POINT('',(-7.42638964732026E-18,-0.00868911086754465,-0.0323108891324553));
#5503=CARTESIAN_POINT('',(-0.009,-0.00868911086754464,-0.0323108891324553));
#5504=CARTESIAN_POINT('',(-0.009,-0.005998,-0.0323108891324553));
#5505=CARTESIAN_POINT('',(-0.009,-0.0165,-0.0323108891324553));
#5506=CARTESIAN_POINT('',(-7.42638964732026E-18,-0.0165,-0.0323108891324553));
#5507=CARTESIAN_POINT('',(-0.0014142135623731,-0.0165,-0.0323108891324553));
#5508=CARTESIAN_POINT('',(-3.95694269536664E-18,-0.016,-0.0323108891324553));
#5509=CARTESIAN_POINT('',(-0.008,-0.005998,-0.0313108891324554));
#5510=CARTESIAN_POINT('',(-0.007,-0.005998,-0.0303108891324553));
#5511=CARTESIAN_POINT('',(-0.007,-0.0106891108675446,-0.0303108891324553));
#5512=CARTESIAN_POINT('',(-0.007,-0.0199641016151378,-0.0303108891324553));
#5513=CARTESIAN_POINT('',(-0.00860069282032303,-0.0171916203230276,-0.0319115819527784));
#5514=CARTESIAN_POINT('',(-0.00923037028918155,-0.0084587405783631,-0.0325412594216369));
#5515=CARTESIAN_POINT('',(-0.0175,-0.00834455543377233,-0.0326554445662277));
#5516=CARTESIAN_POINT('',(0.01225,-0.0106891108675446,-0.0303108891324553));
#5517=CARTESIAN_POINT('',(0.01225,-0.0106891108675446,-0.0303108891324553));
#5518=CARTESIAN_POINT('',(-2.8712523073928E-19,-0.026,-0.00234455543377231));
#5519=CARTESIAN_POINT('',(-0.0279414426399054,-0.026,-0.0687449190003446));
#5520=CARTESIAN_POINT('',(-0.0276256880576633,-0.026,-0.0687445465592201));
#5521=CARTESIAN_POINT('',(-0.0264810914853437,-0.026,-0.0707973968992576));
#5522=CARTESIAN_POINT('',(-0.0244164897446043,-0.026,-0.0705167066896868));
#5523=CARTESIAN_POINT('',(-0.0223366510384668,-0.026,-0.0707246321236358));
#5524=CARTESIAN_POINT('',(-0.0206665245590709,-0.026,-0.0740131998099651));
#5525=CARTESIAN_POINT('',(-0.0205214070018719,-0.026,-0.0707251836860251));
#5526=CARTESIAN_POINT('',(-0.0162845255474728,-0.026,-0.0687831016974138));
#5527=CARTESIAN_POINT('',(-0.0157046502227316,-0.026,-0.0671132818539865));
#5528=CARTESIAN_POINT('',(-0.0142422024380216,-0.026,-0.0660181149120822));
#5529=CARTESIAN_POINT('',(-0.0155591738298658,-0.026,-0.0688252142559917));
#5530=CARTESIAN_POINT('',(-0.0151216804840196,-0.026,-0.0705694401353412));
#5531=CARTESIAN_POINT('',(-0.0138647776374339,-0.026,-0.0729319087217163));
#5532=CARTESIAN_POINT('',(-0.0160742584113954,-0.026,-0.0763464683716449));
#5533=CARTESIAN_POINT('',(-0.0128809416882866,-0.026,-0.0748510426185749));
#5534=CARTESIAN_POINT('',(-0.0103800823835583,-0.026,-0.0741126182627832));
#5535=CARTESIAN_POINT('',(-0.00740396971540681,-0.026,-0.0719495407236395));
#5536=CARTESIAN_POINT('',(-0.00481880037088828,-0.026,-0.0696141339421966));
#5537=CARTESIAN_POINT('',(-0.00196170534856031,-0.026,-0.0667912288843278));
#5538=CARTESIAN_POINT('',(-0.000980898042642208,-0.026,-0.0628643337205452));
#5539=CARTESIAN_POINT('',(0.00112236754882197,-0.026,-0.05538491841296));
#5540=CARTESIAN_POINT('',(-0.000874664551579043,-0.026,-0.0581881917320154));
#5541=CARTESIAN_POINT('',(-0.00423571018210874,-0.026,-0.0607324096161243));
#5542=CARTESIAN_POINT('',(-0.00543137161935902,-0.026,-0.0615047345746563));
#5543=CARTESIAN_POINT('',(-0.00648810199121206,-0.026,-0.0659703009767155));
#5544=CARTESIAN_POINT('',(-0.00821020065274318,-0.026,-0.066465969586518));
#5545=CARTESIAN_POINT('',(-0.0103334518208955,-0.026,-0.0690490609786233));
#5546=CARTESIAN_POINT('',(-0.0104794378509028,-0.026,-0.0677749534695925));
#5547=CARTESIAN_POINT('',(-0.00985184048647485,-0.026,-0.0669383642989192));
#5548=CARTESIAN_POINT('',(-0.00952680801407378,-0.026,-0.0662127769285812));
#5549=CARTESIAN_POINT('',(-0.00944751133445439,-0.026,-0.0647632199912265));
#5550=CARTESIAN_POINT('',(-0.00704328007640422,-0.026,-0.0614287915960975));
#5551=CARTESIAN_POINT('',(-0.0138337417656968,-0.026,-0.0646663680917804));
#5552=CARTESIAN_POINT('',(-0.0160564121301127,-0.026,-0.0629840301774641));
#5553=CARTESIAN_POINT('',(-0.0182785287955343,-0.026,-0.0643638443663734));
#5554=CARTESIAN_POINT('',(-0.0214071992067184,-0.026,-0.0644177849657595));
#5555=CARTESIAN_POINT('',(-0.0228813631576609,-0.026,-0.0634476288760598));
#5556=CARTESIAN_POINT('',(-0.0243496229361249,-0.026,-0.0628542723709481));
#5557=CARTESIAN_POINT('',(-0.025182435762758,-0.026,-0.0624659594883299));
#5558=CARTESIAN_POINT('',(-0.0253232119896708,-0.026,-0.0623960468784979));
#5559=CARTESIAN_POINT('',(-0.0251859383994021,-0.026,-0.0620631763002398));
#5560=CARTESIAN_POINT('',(-0.0249828998358404,-0.026,-0.062074334718995));
#5561=CARTESIAN_POINT('',(-0.0237957980590977,-0.026,-0.0621345160397685));
#5562=CARTESIAN_POINT('',(-0.0218838398404879,-0.026,-0.0616862321368261));
#5563=CARTESIAN_POINT('',(-0.0194890746354752,-0.026,-0.0620004610985126));
#5564=CARTESIAN_POINT('',(-0.0226875500411629,-0.026,-0.0594776954598122));
#5565=CARTESIAN_POINT('',(-0.0227645828911058,-0.026,-0.056724278819793));
#5566=CARTESIAN_POINT('',(-0.022508680379665,-0.026,-0.0555711706360936));
#5567=CARTESIAN_POINT('',(-0.0220427139482849,-0.026,-0.0544412620888132));
#5568=CARTESIAN_POINT('',(-0.0219259910660853,-0.026,-0.0545042038211516));
#5569=CARTESIAN_POINT('',(-0.0222380158389066,-0.026,-0.0569367653825863));
#5570=CARTESIAN_POINT('',(-0.0210228615515848,-0.026,-0.0598648942724407));
#5571=CARTESIAN_POINT('',(-0.0186499248775155,-0.026,-0.0613118448305923));
#5572=CARTESIAN_POINT('',(-0.0165434251058236,-0.026,-0.0625076564824752));
#5573=CARTESIAN_POINT('',(-0.0123323130111458,-0.026,-0.062878150971567));
#5574=CARTESIAN_POINT('',(-0.00940206385785307,-0.026,-0.061973708069741));
#5575=CARTESIAN_POINT('',(-0.00496940346864685,-0.026,-0.0607229992507355));
#5576=CARTESIAN_POINT('',(-0.010736303160802,-0.026,-0.0597075276214986));
#5577=CARTESIAN_POINT('',(-0.0124833327140562,-0.026,-0.0580965943998989));
#5578=CARTESIAN_POINT('',(-0.0124286816387293,-0.026,-0.0569199425977809));
#5579=CARTESIAN_POINT('',(-0.0111797909046778,-0.026,-0.0585314945704158));
#5580=CARTESIAN_POINT('',(-0.00982349287396445,-0.026,-0.058310161669201));
#5581=CARTESIAN_POINT('',(-0.00794167810467796,-0.026,-0.0581038605906449));
#5582=CARTESIAN_POINT('',(-0.00529628851519689,-0.026,-0.0581533102081663));
#5583=CARTESIAN_POINT('',(-0.00469916641695549,-0.026,-0.060609433085539));
#5584=CARTESIAN_POINT('',(-0.000943909895383443,-0.026,-0.056543842705278));
#5585=CARTESIAN_POINT('',(0.000628252865604758,-0.026,-0.0553186987229775));
#5586=CARTESIAN_POINT('',(-0.00260720758844287,-0.026,-0.0562042976575028));
#5587=CARTESIAN_POINT('',(-0.00489945869767183,-0.026,-0.0557455298557645));
#5588=CARTESIAN_POINT('',(-0.00744717456895346,-0.026,-0.0552861329606332));
#5589=CARTESIAN_POINT('',(-0.00865071945411384,-0.026,-0.0536914558051836));
#5590=CARTESIAN_POINT('',(-0.0100564868311813,-0.026,-0.0532674204767133));
#5591=CARTESIAN_POINT('',(-0.0114521222952952,-0.026,-0.052575785164178));
#5592=CARTESIAN_POINT('',(-0.0109396292678326,-0.026,-0.0519133035712703));
#5593=CARTESIAN_POINT('',(-0.00939454818065332,-0.026,-0.0522452228269208));
#5594=CARTESIAN_POINT('',(-0.00772005886592126,-0.026,-0.0512053787150634));
#5595=CARTESIAN_POINT('',(-0.00562436354014154,-0.026,-0.0494980970825492));
#5596=CARTESIAN_POINT('',(-0.00417559480634042,-0.026,-0.0484140307243408));
#5597=CARTESIAN_POINT('',(-0.00302881041529961,-0.026,-0.0483091033194477));
#5598=CARTESIAN_POINT('',(-0.00208706408028906,-0.026,-0.0480682239031268));
#5599=CARTESIAN_POINT('',(5.93951788599629E-05,-0.026,-0.0479589306728706));
#5600=CARTESIAN_POINT('',(0.000802944417700378,-0.026,-0.0481999199874454));
#5601=CARTESIAN_POINT('',(0.00220358293493935,-0.026,-0.0493768480047141));
#5602=CARTESIAN_POINT('',(0.00306682610672972,-0.026,-0.0482794660162864));
#5603=CARTESIAN_POINT('',(0.00600100228897663,-0.026,-0.0431216695694574));
#5604=CARTESIAN_POINT('',(0.00826050832675884,-0.026,-0.0391377567341761));
#5605=CARTESIAN_POINT('',(-0.0220427139482429,-0.026,-0.0544412620887112));
#5606=CARTESIAN_POINT('',(-0.0312148082926129,-0.026,-0.076682408871481));
#5607=CARTESIAN_POINT('',(0.0102174578030754,-0.026,-0.0386730339647974));
#5608=CARTESIAN_POINT('',(0.00795666395575201,-0.026,-0.0417750185952973));
#5609=CARTESIAN_POINT('',(0.00529159975699479,-0.026,-0.0454049451004333));
#5610=CARTESIAN_POINT('',(0.00346477921671261,-0.026,-0.049426643667057));
#5611=CARTESIAN_POINT('',(0.00321289728026966,-0.026,-0.0500291790748785));
#5612=CARTESIAN_POINT('',(0.0102174578030755,-0.026,-0.0386730339647974));
#5613=CARTESIAN_POINT('',(0.00321289728026966,-0.026,-0.0500291790748785));
#5614=CARTESIAN_POINT('',(8.67361737988404E-18,-0.026,3.46944695195361E-18));
#5615=CARTESIAN_POINT('',(0.0149000659711891,-0.026,-0.0371212612131405));
#5616=CARTESIAN_POINT('',(0.0312148082926129,-0.026,-0.076682408871481));
#5617=CARTESIAN_POINT('',(0.0274344470321842,-0.026,-0.0675155199878421));
#5618=CARTESIAN_POINT('',(0.00134097742288952,-0.026,-0.0565072789473173));
#5619=CARTESIAN_POINT('',(0.00172777269763036,-0.026,-0.0584374576590913));
#5620=CARTESIAN_POINT('',(0.00248588498298943,-0.026,-0.0621955329639377));
#5621=CARTESIAN_POINT('',(0.00590114188208691,-0.026,-0.06616390320748));
#5622=CARTESIAN_POINT('',(0.00959359208425553,-0.026,-0.0697308349998324));
#5623=CARTESIAN_POINT('',(0.0152770337176933,-0.026,-0.0713729164918254));
#5624=CARTESIAN_POINT('',(0.0204876218828022,-0.026,-0.0715418784194122));
#5625=CARTESIAN_POINT('',(0.0249484522487336,-0.026,-0.0706819484330929));
#5626=CARTESIAN_POINT('',(0.0264952182991544,-0.026,-0.0684413324417427));
#5627=CARTESIAN_POINT('',(0.0274344470321842,-0.026,-0.0675155199878421));
#5628=CARTESIAN_POINT('',(0.00134097742288952,-0.026,-0.0565072789473173));
#5629=CARTESIAN_POINT('',(0.0082864319353497,-0.026,-0.0516622058566004));
#5630=CARTESIAN_POINT('',(0.00673817390677061,-0.026,-0.116243556517674));
#5631=CARTESIAN_POINT('',(0.0066146533054407,-0.026,-0.115965051932623));
#5632=CARTESIAN_POINT('',(0.00617204924054623,-0.026,-0.115038253023876));
#5633=CARTESIAN_POINT('',(0.00435239105465882,-0.026,-0.113887401203611));
#5634=CARTESIAN_POINT('',(0.00384753265695887,-0.026,-0.110675011553005));
#5635=CARTESIAN_POINT('',(0.00472334228233558,-0.026,-0.107852113758418));
#5636=CARTESIAN_POINT('',(0.00246397671905944,-0.026,-0.109293682475784));
#5637=CARTESIAN_POINT('',(0.00123015397446673,-0.026,-0.110532947520242));
#5638=CARTESIAN_POINT('',(-0.00246875841175797,-0.026,-0.110636931291199));
#5639=CARTESIAN_POINT('',(-0.00414362804843193,-0.026,-0.109885330285849));
#5640=CARTESIAN_POINT('',(-0.00634910032042167,-0.026,-0.109668734074174));
#5641=CARTESIAN_POINT('',(-0.00810486871116102,-0.026,-0.110553510695919));
#5642=CARTESIAN_POINT('',(-0.00863671997771599,-0.026,-0.10969105072269));
#5643=CARTESIAN_POINT('',(-0.00735714660112414,-0.026,-0.109816371617992));
#5644=CARTESIAN_POINT('',(-0.00634651570789159,-0.026,-0.108420201802316));
#5645=CARTESIAN_POINT('',(-0.0049150902240027,-0.026,-0.10676516753936));
#5646=CARTESIAN_POINT('',(-0.00425632060551567,-0.026,-0.105648142409053));
#5647=CARTESIAN_POINT('',(-0.00227916818906067,-0.026,-0.104300158449531));
#5648=CARTESIAN_POINT('',(-0.00093327929599342,-0.026,-0.103268217630055));
#5649=CARTESIAN_POINT('',(0.00204146213415837,-0.026,-0.103029238530306));
#5650=CARTESIAN_POINT('',(-0.000697534117702036,-0.026,-0.102066526585132));
#5651=CARTESIAN_POINT('',(-0.00115763675192003,-0.026,-0.101033055296216));
#5652=CARTESIAN_POINT('',(-0.00231878976786565,-0.026,-0.0991209655602834));
#5653=CARTESIAN_POINT('',(-0.00366085314892392,-0.026,-0.0966852151754393));
#5654=CARTESIAN_POINT('',(-0.0042617029400494,-0.026,-0.0956018093395981));
#5655=CARTESIAN_POINT('',(-0.00542380641530681,-0.026,-0.0948147009481308));
#5656=CARTESIAN_POINT('',(-0.0053749539033621,-0.026,-0.094104435157168));
#5657=CARTESIAN_POINT('',(-0.00384555241315106,-0.026,-0.0951844816950218));
#5658=CARTESIAN_POINT('',(-0.00259840637252548,-0.026,-0.0951519690378338));
#5659=CARTESIAN_POINT('',(-0.000853257873514949,-0.026,-0.0951390901683958));
#5660=CARTESIAN_POINT('',(0.00146878988184928,-0.026,-0.0949750324262551));
#5661=CARTESIAN_POINT('',(0.00360180279709313,-0.026,-0.0956461553863524));
#5662=CARTESIAN_POINT('',(0.00536133044305249,-0.026,-0.0966523046836116));
#5663=CARTESIAN_POINT('',(0.00639183676678649,-0.026,-0.0992702584387053));
#5664=CARTESIAN_POINT('',(0.00543135759970189,-0.026,-0.0962558514593869));
#5665=CARTESIAN_POINT('',(0.00709366801693356,-0.026,-0.0948211610342223));
#5666=CARTESIAN_POINT('',(0.00884761466585048,-0.026,-0.0927497531532918));
#5667=CARTESIAN_POINT('',(0.0109132488660505,-0.026,-0.0918083591268143));
#5668=CARTESIAN_POINT('',(0.0125015470105287,-0.026,-0.0906190660417055));
#5669=CARTESIAN_POINT('',(0.0124220933851573,-0.026,-0.0889942500721839));
#5670=CARTESIAN_POINT('',(0.0128356211078754,-0.026,-0.0885948397570664));
#5671=CARTESIAN_POINT('',(0.0135594908640297,-0.026,-0.0894540671103135));
#5672=CARTESIAN_POINT('',(0.0122722229224539,-0.026,-0.091412509867491));
#5673=CARTESIAN_POINT('',(0.0130736707258584,-0.026,-0.0938491104518412));
#5674=CARTESIAN_POINT('',(0.0134081332434801,-0.026,-0.0960167724682226));
#5675=CARTESIAN_POINT('',(0.0128713081021246,-0.026,-0.0988664266091462));
#5676=CARTESIAN_POINT('',(0.0106441564469991,-0.026,-0.101326833016053));
#5677=CARTESIAN_POINT('',(0.0142370707480946,-0.026,-0.0975407340664138));
#5678=CARTESIAN_POINT('',(0.0151121227787816,-0.026,-0.0948116960065617));
#5679=CARTESIAN_POINT('',(0.0164867480559143,-0.026,-0.0906497649464305));
#5680=CARTESIAN_POINT('',(0.0159187211941668,-0.026,-0.0863350539275983));
#5681=CARTESIAN_POINT('',(0.0150998388720492,-0.026,-0.083061465689137));
#5682=CARTESIAN_POINT('',(0.012685646531977,-0.026,-0.0791137796423085));
#5683=CARTESIAN_POINT('',(0.0104459308153708,-0.026,-0.0772430284229643));
#5684=CARTESIAN_POINT('',(0.00862714883165029,-0.026,-0.0740367791402472));
#5685=CARTESIAN_POINT('',(0.0112242849484751,-0.026,-0.0797164774450026));
#5686=CARTESIAN_POINT('',(0.00902388097181465,-0.026,-0.0857613141264611));
#5687=CARTESIAN_POINT('',(0.00393091332630531,-0.026,-0.0913458808267858));
#5688=CARTESIAN_POINT('',(-0.00254731836639881,-0.026,-0.0927440615256566));
#5689=CARTESIAN_POINT('',(-0.00676173751607456,-0.026,-0.0894518124621925));
#5690=CARTESIAN_POINT('',(-0.00467836648392292,-0.026,-0.0842154697015916));
#5691=CARTESIAN_POINT('',(0.000731700184318083,-0.026,-0.0853936621562953));
#5692=CARTESIAN_POINT('',(0.000544986897598265,-0.026,-0.0890567226908623));
#5693=CARTESIAN_POINT('',(-0.00252827295846842,-0.026,-0.090007027201507));
#5694=CARTESIAN_POINT('',(-0.00364255433635359,-0.026,-0.0868959511141769));
#5695=CARTESIAN_POINT('',(-0.00223695501906168,-0.026,-0.0893112859352674));
#5696=CARTESIAN_POINT('',(-0.000112202761619689,-0.026,-0.0868146747543215));
#5697=CARTESIAN_POINT('',(-0.00209592080128786,-0.026,-0.0853239117183753));
#5698=CARTESIAN_POINT('',(-0.00456161703939678,-0.026,-0.0872328308500789));
#5699=CARTESIAN_POINT('',(-0.00498747032274586,-0.026,-0.089364562924799));
#5700=CARTESIAN_POINT('',(-0.00315330488916498,-0.026,-0.0913885115531564));
#5701=CARTESIAN_POINT('',(0.000155076926648327,-0.026,-0.0909983293208128));
#5702=CARTESIAN_POINT('',(0.00397463404373377,-0.026,-0.0898658824561242));
#5703=CARTESIAN_POINT('',(0.00767582744570597,-0.026,-0.0853485138687593));
#5704=CARTESIAN_POINT('',(0.00921359313065218,-0.026,-0.0824052130929152));
#5705=CARTESIAN_POINT('',(0.00935550432746611,-0.026,-0.0747696990639822));
#5706=CARTESIAN_POINT('',(0.00860077404882493,-0.026,-0.0825124824006541));
#5707=CARTESIAN_POINT('',(0.00583948385419259,-0.026,-0.0855914091918079));
#5708=CARTESIAN_POINT('',(4.59056418343834E-05,-0.026,-0.0839547993273198));
#5709=CARTESIAN_POINT('',(0.000621125858290622,-0.026,-0.0803310046025007));
#5710=CARTESIAN_POINT('',(0.00278420931741775,-0.026,-0.0780676737726157));
#5711=CARTESIAN_POINT('',(0.00608421822899444,-0.026,-0.0795787676774219));
#5712=CARTESIAN_POINT('',(0.00534551473059062,-0.026,-0.0828779398379336));
#5713=CARTESIAN_POINT('',(0.00199279473689913,-0.026,-0.0823733463088987));
#5714=CARTESIAN_POINT('',(0.00481693710179857,-0.026,-0.0817024517171038));
#5715=CARTESIAN_POINT('',(0.00477129792072029,-0.026,-0.0792795318387647));
#5716=CARTESIAN_POINT('',(0.00216104860459253,-0.026,-0.0790135254255678));
#5717=CARTESIAN_POINT('',(0.000549117114606312,-0.026,-0.082471568166964));
#5718=CARTESIAN_POINT('',(0.00268467227258906,-0.026,-0.0845102538843929));
#5719=CARTESIAN_POINT('',(0.00581918325653248,-0.026,-0.0841479339027127));
#5720=CARTESIAN_POINT('',(0.00830767438086523,-0.026,-0.0801809249306323));
#5721=CARTESIAN_POINT('',(0.00841009976547047,-0.026,-0.0755134387074424));
#5722=CARTESIAN_POINT('',(0.00665190626161182,-0.026,-0.0722426796834824));
#5723=CARTESIAN_POINT('',(0.00255888417535116,-0.026,-0.0683359014802748));
#5724=CARTESIAN_POINT('',(0.00231094951380426,-0.026,-0.0649398333412732));
#5725=CARTESIAN_POINT('',(0.00235038401238299,-0.026,-0.0699917385096583));
#5726=CARTESIAN_POINT('',(0.0013351280998062,-0.026,-0.0706293042907634));
#5727=CARTESIAN_POINT('',(0.00356778726888939,-0.026,-0.0719717312703082));
#5728=CARTESIAN_POINT('',(0.00308626218308465,-0.026,-0.0766545493594663));
#5729=CARTESIAN_POINT('',(-0.000707634046602273,-0.026,-0.0802033506580756));
#5730=CARTESIAN_POINT('',(-0.00322393922273336,-0.026,-0.0813782323242314));
#5731=CARTESIAN_POINT('',(-0.00668653843214491,-0.026,-0.0846722136758576));
#5732=CARTESIAN_POINT('',(-0.00410489173195399,-0.026,-0.081127758154987));
#5733=CARTESIAN_POINT('',(-0.00473077345324226,-0.026,-0.0786714924690634));
#5734=CARTESIAN_POINT('',(-0.00474539994260738,-0.026,-0.0756810178405176));
#5735=CARTESIAN_POINT('',(-0.00387926551674113,-0.026,-0.0732273536695138));
#5736=CARTESIAN_POINT('',(-0.00233301044274738,-0.026,-0.0704702639193881));
#5737=CARTESIAN_POINT('',(0.0017642802206357,-0.026,-0.07095820734643));
#5738=CARTESIAN_POINT('',(0.00120062092027967,-0.026,-0.0669157549417837));
#5739=CARTESIAN_POINT('',(0.0016192795951517,-0.026,-0.0653960584463));
#5740=CARTESIAN_POINT('',(0.000510702520316107,-0.026,-0.0599133056469068));
#5741=CARTESIAN_POINT('',(0.000181496161946511,-0.026,-0.0653597297855485));
#5742=CARTESIAN_POINT('',(-0.00177275066294285,-0.026,-0.0679670075320623));
#5743=CARTESIAN_POINT('',(-0.00697821331462513,-0.026,-0.073720424922842));
#5744=CARTESIAN_POINT('',(-0.010753698261037,-0.026,-0.0751818058761497));
#5745=CARTESIAN_POINT('',(-0.0132520867720552,-0.026,-0.0755058578610691));
#5746=CARTESIAN_POINT('',(-0.0105747506636037,-0.026,-0.076440610215013));
#5747=CARTESIAN_POINT('',(-0.0101161851628673,-0.026,-0.0787493709902505));
#5748=CARTESIAN_POINT('',(-0.00922922271676048,-0.026,-0.0803736912233105));
#5749=CARTESIAN_POINT('',(-0.00815760644585235,-0.026,-0.0803904402449612));
#5750=CARTESIAN_POINT('',(-0.00743594942519641,-0.026,-0.0808764848732735));
#5751=CARTESIAN_POINT('',(-0.00793550510417826,-0.026,-0.0812309289727663));
#5752=CARTESIAN_POINT('',(-0.0120696915336341,-0.026,-0.0821864688085624));
#5753=CARTESIAN_POINT('',(-0.0138000517340992,-0.026,-0.0826626347406475));
#5754=CARTESIAN_POINT('',(-0.0165354216482139,-0.026,-0.0806034864604463));
#5755=CARTESIAN_POINT('',(-0.0146751874680883,-0.026,-0.0830992056875301));
#5756=CARTESIAN_POINT('',(-0.0170410011370321,-0.026,-0.0859306737328501));
#5757=CARTESIAN_POINT('',(-0.0195226090017214,-0.026,-0.0875989739533112));
#5758=CARTESIAN_POINT('',(-0.0217547478107742,-0.026,-0.0886927728088503));
#5759=CARTESIAN_POINT('',(-0.0213597174420933,-0.026,-0.0867118240760684));
#5760=CARTESIAN_POINT('',(-0.0230566061295417,-0.026,-0.0843206075555943));
#5761=CARTESIAN_POINT('',(-0.0216450439996391,-0.026,-0.0809554544273573));
#5762=CARTESIAN_POINT('',(-0.0242708568847259,-0.026,-0.0832838907533286));
#5763=CARTESIAN_POINT('',(-0.0269405096454026,-0.026,-0.0823719864440952));
#5764=CARTESIAN_POINT('',(-0.0287801885467994,-0.026,-0.0815461971340843));
#5765=CARTESIAN_POINT('',(-0.0298213858024333,-0.026,-0.0821276782212852));
#5766=CARTESIAN_POINT('',(-0.0301755292558286,-0.026,-0.0810882007729534));
#5767=CARTESIAN_POINT('',(-0.0286816100378501,-0.026,-0.080509460476251));
#5768=CARTESIAN_POINT('',(-0.0281412675377346,-0.026,-0.0782694320102989));
#5769=CARTESIAN_POINT('',(-0.0265086708597031,-0.026,-0.0769700845495571));
#5770=CARTESIAN_POINT('',(-0.0245432022136505,-0.026,-0.0769817498752647));
#5771=CARTESIAN_POINT('',(-0.027337801666158,-0.026,-0.0755730907760321));
#5772=CARTESIAN_POINT('',(-0.0278412454254919,-0.026,-0.0738981043249211));
#5773=CARTESIAN_POINT('',(-0.0274367429074527,-0.026,-0.0706143238127561));
#5774=CARTESIAN_POINT('',(-0.0281502692579048,-0.026,-0.0697439676107806));
#5775=CARTESIAN_POINT('',(-0.0281828622195413,-0.026,-0.0693303303693645));
#5776=CARTESIAN_POINT('',(0.0067381739067706,-0.026,-0.116243556529821));
#5777=CARTESIAN_POINT('',(0.0462647753070184,-0.026,-0.116243556529821));
#5778=CARTESIAN_POINT('',(-0.03625,-0.026,-0.0757772228311384));
#5779=CARTESIAN_POINT('',(-0.0531235841111719,-0.026,-0.11669348981201));
#5780=CARTESIAN_POINT('',(-0.0175,-0.026,-0.0303108891324553));
#5781=CARTESIAN_POINT('',(-0.0438788495947528,-0.026,-0.120505954070325));
#5782=CARTESIAN_POINT('',(-0.0525391036325972,-0.026,-0.125505954070325));
#5783=CARTESIAN_POINT('',(-0.0525,-0.026,-0.125573683548744));
#5784=CARTESIAN_POINT('',(-0.05,-0.026,-0.129903810567666));
#5785=CARTESIAN_POINT('',(2.77555756156289E-17,-0.026,-0.129903810567666));
#5786=CARTESIAN_POINT('',(0.05,-0.026,-0.129903810567666));
#5787=CARTESIAN_POINT('',(0.0525,-0.026,-0.125573683548744));
#5788=CARTESIAN_POINT('',(0.0525391036325972,-0.026,-0.125505954070325));
#5789=CARTESIAN_POINT('',(0.0438788495947528,-0.026,-0.120505954070325));
#5790=CARTESIAN_POINT('',(0.0531235841111719,-0.026,-0.11669348981201));
#5791=CARTESIAN_POINT('',(0.03625,-0.026,-0.0757772228311384));
#5792=CARTESIAN_POINT('',(0.0175,-0.026,-0.0303108891324553));
#5793=CARTESIAN_POINT('',(0.01225,-0.026,-0.0303108891324553));
#5794=CARTESIAN_POINT('',(0.00114304775706725,-0.026,-0.0591068314028689));
#5795=CARTESIAN_POINT('',(0.00152454458928951,-0.026,-0.0608339930233552));
#5796=CARTESIAN_POINT('',(0.00235616226195933,-0.026,-0.0645948743402558));
#5797=CARTESIAN_POINT('',(0.00820445732580768,-0.026,-0.0698574695123404));
#5798=CARTESIAN_POINT('',(0.0161602737541278,-0.026,-0.0731991390100081));
#5799=CARTESIAN_POINT('',(0.0252610685447433,-0.026,-0.07236876328215));
#5800=CARTESIAN_POINT('',(0.0272175913736489,-0.026,-0.0699225193300284));
#5801=CARTESIAN_POINT('',(0.0280156066195655,-0.026,-0.0689247570935522));
#5802=CARTESIAN_POINT('',(0.00114304775706725,-0.026,-0.0591068314028689));
#5803=CARTESIAN_POINT('',(0.0170809586801134,-0.026,-0.0878716386864938));
#5804=CARTESIAN_POINT('',(0.0175400638334782,-0.026,-0.0900270595606387));
#5805=CARTESIAN_POINT('',(0.0177260531636922,-0.026,-0.0947433102574895));
#5806=CARTESIAN_POINT('',(0.0109398843202925,-0.026,-0.102247050861588));
#5807=CARTESIAN_POINT('',(0.0144948321037731,-0.026,-0.0995393632671534));
#5808=CARTESIAN_POINT('',(0.0184517673674621,-0.026,-0.101760155079533));
#5809=CARTESIAN_POINT('',(0.0191169094273617,-0.026,-0.104143595833718));
#5810=CARTESIAN_POINT('',(0.0225599957861939,-0.026,-0.10494195637911));
#5811=CARTESIAN_POINT('',(0.0184429854644796,-0.026,-0.104947158992033));
#5812=CARTESIAN_POINT('',(0.016663340956738,-0.026,-0.107827664163062));
#5813=CARTESIAN_POINT('',(0.0132282558729774,-0.026,-0.108541157045109));
#5814=CARTESIAN_POINT('',(0.0103285041683866,-0.026,-0.10758991868124));
#5815=CARTESIAN_POINT('',(0.0125353120182353,-0.026,-0.109801142347681));
#5816=CARTESIAN_POINT('',(0.0107243673052768,-0.026,-0.113447328302227));
#5817=CARTESIAN_POINT('',(0.00973931392953427,-0.026,-0.11500759770096));
#5818=CARTESIAN_POINT('',(0.00910104147392661,-0.026,-0.115939273585989));
#5819=CARTESIAN_POINT('',(0.00893964328324955,-0.026,-0.116243556537721));
#5820=CARTESIAN_POINT('',(0.0170809586801565,-0.026,-0.0878716386866958));
#5821=CARTESIAN_POINT('',(0.0170809586801565,-0.026,-0.0878716386866958));
#5822=CARTESIAN_POINT('',(0.0177908506495444,-0.026,-0.0886576986191252));
#5823=CARTESIAN_POINT('',(0.0192054007771405,-0.026,-0.090223391388191));
#5824=CARTESIAN_POINT('',(0.0221739737071783,-0.026,-0.0908679118735621));
#5825=CARTESIAN_POINT('',(0.0258730955803805,-0.026,-0.0898667102854726));
#5826=CARTESIAN_POINT('',(0.0269222736381312,-0.026,-0.0898335606948077));
#5827=CARTESIAN_POINT('',(0.0254265799560823,-0.026,-0.0884582376112503));
#5828=CARTESIAN_POINT('',(0.0242378952696462,-0.026,-0.0869102888575022));
#5829=CARTESIAN_POINT('',(0.0230080032261458,-0.026,-0.0853821249028923));
#5830=CARTESIAN_POINT('',(0.0208512516094738,-0.026,-0.0838589061317979));
#5831=CARTESIAN_POINT('',(0.0193658734259106,-0.026,-0.0828409442607552));
#5832=CARTESIAN_POINT('',(0.0160641134059832,-0.026,-0.0831311741309552));
#5833=CARTESIAN_POINT('',(0.015917875476985,-0.026,-0.083606338447596));
#5834=CARTESIAN_POINT('',(0.0158691960367718,-0.026,-0.0837435878078801));
#5835=CARTESIAN_POINT('',(0.0158691960367718,-0.026,-0.0837435878078801));
#5836=CARTESIAN_POINT('',(0.0123183245264216,-0.026,-0.0776784598417765));
#5837=CARTESIAN_POINT('',(0.0126884114846665,-0.026,-0.0781060988229253));
#5838=CARTESIAN_POINT('',(0.014205624239038,-0.026,-0.0799836042836021));
#5839=CARTESIAN_POINT('',(0.015248416908639,-0.026,-0.082085768904807));
#5840=CARTESIAN_POINT('',(0.0158691960368506,-0.026,-0.0837435878080908));
#5841=CARTESIAN_POINT('',(0.0123183245264457,-0.026,-0.0776784598418044));
#5842=CARTESIAN_POINT('',(0.0123183245264457,-0.026,-0.0776784598418044));
#5843=CARTESIAN_POINT('',(0.0132722604488192,-0.026,-0.0779498191477712));
#5844=CARTESIAN_POINT('',(0.0148066426165665,-0.026,-0.0784180149359845));
#5845=CARTESIAN_POINT('',(0.0159671861164106,-0.026,-0.0783909394398153));
#5846=CARTESIAN_POINT('',(0.0167596640254469,-0.026,-0.0793909834738626));
#5847=CARTESIAN_POINT('',(0.0179567988159427,-0.026,-0.0801970869980174));
#5848=CARTESIAN_POINT('',(0.0202159424088081,-0.026,-0.0807283599532063));
#5849=CARTESIAN_POINT('',(0.0213732468451918,-0.026,-0.0806127713944811));
#5850=CARTESIAN_POINT('',(0.0232618290063081,-0.026,-0.0803208390161233));
#5851=CARTESIAN_POINT('',(0.0239476031548221,-0.026,-0.0792486491302389));
#5852=CARTESIAN_POINT('',(0.0252060681359347,-0.026,-0.0784848078628093));
#5853=CARTESIAN_POINT('',(0.0254954827623465,-0.026,-0.0775237448681199));
#5854=CARTESIAN_POINT('',(0.0265531673667461,-0.026,-0.0764351278338454));
#5855=CARTESIAN_POINT('',(0.0275062841004737,-0.026,-0.0756442431310873));
#5856=CARTESIAN_POINT('',(0.0276792332186413,-0.026,-0.074966916920656));
#5857=CARTESIAN_POINT('',(0.0291927207795429,-0.026,-0.0743282011989928));
#5858=CARTESIAN_POINT('',(0.0283952887615967,-0.026,-0.0736859539632443));
#5859=CARTESIAN_POINT('',(0.0269669828856179,-0.026,-0.0747447381696231));
#5860=CARTESIAN_POINT('',(0.025790414223233,-0.026,-0.0748357338915861));
#5861=CARTESIAN_POINT('',(0.0236487293349472,-0.026,-0.0737848965796417));
#5862=CARTESIAN_POINT('',(0.0230694539585434,-0.026,-0.0736271641546163));
#5863=CARTESIAN_POINT('',(0.0218863792143634,-0.026,-0.073414204909879));
#5864=CARTESIAN_POINT('',(0.0211108774336593,-0.026,-0.0732840023301308));
#5865=CARTESIAN_POINT('',(0.0196646220129441,-0.026,-0.0734723494856231));
#5866=CARTESIAN_POINT('',(0.0185874915902858,-0.026,-0.0737731867677153));
#5867=CARTESIAN_POINT('',(0.0174747985716318,-0.026,-0.0740534058249002));
#5868=CARTESIAN_POINT('',(0.0166767497167126,-0.026,-0.0746013869277746));
#5869=CARTESIAN_POINT('',(0.0161165817460727,-0.026,-0.0758466835641887));
#5870=CARTESIAN_POINT('',(0.0150674760700631,-0.026,-0.0766725633499839));
#5871=CARTESIAN_POINT('',(0.0152518198406844,-0.026,-0.0785023475317269));
#5872=CARTESIAN_POINT('',(0.0124132003885087,-0.026,-0.0771733324815281));
#5873=CARTESIAN_POINT('',(0.0115797298973619,-0.026,-0.0766592365584748));
#5874=CARTESIAN_POINT('',(0.0111938828355376,-0.026,-0.0764492144685376));
#5875=CARTESIAN_POINT('',(0.0111938828355376,-0.026,-0.0764492144685376));
#5876=CARTESIAN_POINT('',(0.00114304775717945,-0.026,-0.0591068314222752));
#5877=CARTESIAN_POINT('',(0.00115298090053549,-0.026,-0.0608248571709327));
#5878=CARTESIAN_POINT('',(0.00194723397237063,-0.026,-0.0647965712099283));
#5879=CARTESIAN_POINT('',(0.00578069946258025,-0.026,-0.0712903775697651));
#5880=CARTESIAN_POINT('',(0.0097476963869212,-0.026,-0.0749378397244264));
#5881=CARTESIAN_POINT('',(0.0111938828355371,-0.026,-0.0764492144685371));
#5882=CARTESIAN_POINT('',(0.01225,-0.005998,-0.0303108891324553));
#5883=CARTESIAN_POINT('',(-0.0175,-0.021,-0.0303108891324553));
#5884=CARTESIAN_POINT('',(0.0175,-0.021,-0.0303108891324553));
#5885=CARTESIAN_POINT('',(0.01225,-0.0199641016151378,-0.0303108891324553));
#5886=CARTESIAN_POINT('',(0.0045,-0.0165,-0.0323108891324553));
#5887=CARTESIAN_POINT('',(-3.99229520332414E-18,-0.016,-0.0325995642670502));
#5888=CARTESIAN_POINT('',(-0.0312148082926129,-0.021,-0.076682408871481));
#5889=CARTESIAN_POINT('',(-0.0220427139482429,-0.020998,-0.0544412620887112));
#5890=CARTESIAN_POINT('',(8.67361737988404E-18,-0.021,3.46944695195361E-18));
#5891=CARTESIAN_POINT('',(0.0102174578030755,-0.020998,-0.0386730339647974));
#5892=CARTESIAN_POINT('',(0.0149000659711891,-0.021,-0.0371212612131405));
#5893=CARTESIAN_POINT('',(0.0312148082926129,-0.021,-0.076682408871481));
#5894=CARTESIAN_POINT('',(0.0274344470321842,-0.020998,-0.0675155199878421));
#5895=CARTESIAN_POINT('',(0.0525,-0.021,-0.125573683548744));
#5896=CARTESIAN_POINT('',(0.053,-0.023,-0.124707658144959));
#5897=CARTESIAN_POINT('',(0.0525391036325972,-0.0234608963674028,-0.125505954070325));
#5898=CARTESIAN_POINT('',(0.0525391036325972,-0.021,-0.125505954070325));
#5899=CARTESIAN_POINT('',(0.03625,-0.021,-0.0757772228311384));
#5900=CARTESIAN_POINT('',(0.0531235841111719,-0.021,-0.11669348981201));
#5901=CARTESIAN_POINT('',(-0.03625,-0.021,-0.0757772228311384));
#5902=CARTESIAN_POINT('',(-0.0531235841111719,-0.026,-0.11669348981201));
#5903=CARTESIAN_POINT('',(-0.0525,-0.021,-0.125573683548744));
#5904=CARTESIAN_POINT('',(-0.0525391036325972,-0.021,-0.125505954070325));
#5905=CARTESIAN_POINT('',(-0.0525391036325972,-0.0234608963674028,-0.125505954070325));
#5906=CARTESIAN_POINT('',(-0.053,-0.023,-0.124707658144959));
#5907=CARTESIAN_POINT('',(0.0462647753070184,-0.021,-0.116243556529821));
#5908=CARTESIAN_POINT('',(0.0067381739067706,-0.020998,-0.116243556529821));
#5909=CARTESIAN_POINT('',(-0.0624,-0.0235,-0.125573683548743));
#5910=CARTESIAN_POINT('',(-0.0438788495947528,-0.0205741450214547,-0.120505954070325));
#5911=CARTESIAN_POINT('',(0.0438788495947528,-0.0205741450214547,-0.120505954070325));
#5912=CARTESIAN_POINT('',(-0.0438788495947528,-0.021,-0.120505954070325));
#5913=CARTESIAN_POINT('',(0.0438788495947528,-0.021,-0.120505954070325));
#5914=CARTESIAN_POINT('',(0.00114304775706725,-0.021,-0.0591068314028689));
#5915=CARTESIAN_POINT('',(0.00114304775706725,-0.026,-0.0591068314028689));
#5916=CARTESIAN_POINT('',(0.0014092593698676,-0.021,-0.0603120589217403));
#5917=CARTESIAN_POINT('',(0.0014092593698676,-0.026,-0.0603120589217403));
#5918=CARTESIAN_POINT('',(0.00180685868958468,-0.021,-0.0621197852170828));
#5919=CARTESIAN_POINT('',(0.00180685868958468,-0.026,-0.0621197852170828));
#5920=CARTESIAN_POINT('',(0.00295746863728669,-0.021,-0.0644336576500729));
#5921=CARTESIAN_POINT('',(0.00295746863728669,-0.026,-0.0644336576500729));
#5922=CARTESIAN_POINT('',(0.0046926619110688,-0.021,-0.0666498288388421));
#5923=CARTESIAN_POINT('',(0.0046926619110688,-0.026,-0.0666498288388421));
#5924=CARTESIAN_POINT('',(0.0077053066915024,-0.021,-0.0691493158965635));
#5925=CARTESIAN_POINT('',(0.0077053066915024,-0.026,-0.0691493158965635));
#5926=CARTESIAN_POINT('',(0.011903987518187,-0.021,-0.0714462457704018));
#5927=CARTESIAN_POINT('',(0.011903987518187,-0.026,-0.0714462457704018));
#5928=CARTESIAN_POINT('',(0.0166712910906705,-0.021,-0.0727287034204315));
#5929=CARTESIAN_POINT('',(0.0166712910906705,-0.026,-0.0727287034204315));
#5930=CARTESIAN_POINT('',(0.0211236826947571,-0.021,-0.0726957089850071));
#5931=CARTESIAN_POINT('',(0.0211236826947571,-0.026,-0.0726957089850071));
#5932=CARTESIAN_POINT('',(0.0241244095074315,-0.021,-0.0720345818376226));
#5933=CARTESIAN_POINT('',(0.0241244095074315,-0.026,-0.0720345818376226));
#5934=CARTESIAN_POINT('',(0.025848141354625,-0.021,-0.0712140965078512));
#5935=CARTESIAN_POINT('',(0.025848141354625,-0.026,-0.0712140965078512));
#5936=CARTESIAN_POINT('',(0.0270485038568145,-0.021,-0.0701312349022378));
#5937=CARTESIAN_POINT('',(0.0270485038568145,-0.026,-0.0701312349022378));
#5938=CARTESIAN_POINT('',(0.0276938320076347,-0.021,-0.0693270734128006));
#5939=CARTESIAN_POINT('',(0.0276938320076347,-0.026,-0.0693270734128006));
#5940=CARTESIAN_POINT('',(0.0280156066195655,-0.021,-0.0689247570935522));
#5941=CARTESIAN_POINT('',(0.0280156066195655,-0.026,-0.0689247570935522));
#5942=CARTESIAN_POINT('',(0.00114304775706725,-0.020998,-0.0591068314028689));
#5943=CARTESIAN_POINT('',(0.00114304775717945,-0.021,-0.0591068314222752));
#5944=CARTESIAN_POINT('',(0.00114304775717945,-0.026,-0.0591068314222752));
#5945=CARTESIAN_POINT('',(0.00115181051088359,-0.021,-0.0606224278405738));
#5946=CARTESIAN_POINT('',(0.00115181051088359,-0.026,-0.0606224278405738));
#5947=CARTESIAN_POINT('',(0.00164409777877567,-0.021,-0.0634223888054776));
#5948=CARTESIAN_POINT('',(0.00164409777877567,-0.026,-0.0634223888054776));
#5949=CARTESIAN_POINT('',(0.00382454033021407,-0.021,-0.0680776444921132));
#5950=CARTESIAN_POINT('',(0.00382454033021407,-0.026,-0.0680776444921132));
#5951=CARTESIAN_POINT('',(0.00719400196350794,-0.021,-0.0725989286956807));
#5952=CARTESIAN_POINT('',(0.00719400196350794,-0.026,-0.0725989286956807));
#5953=CARTESIAN_POINT('',(0.00993834872203215,-0.021,-0.0751370859035537));
#5954=CARTESIAN_POINT('',(0.00993834872203215,-0.026,-0.0751370859035537));
#5955=CARTESIAN_POINT('',(0.0111938828355371,-0.021,-0.0764492144685371));
#5956=CARTESIAN_POINT('',(0.0111938828355371,-0.026,-0.0764492144685371));
#5957=CARTESIAN_POINT('',(0.0111938828355376,-0.020998,-0.0764492144685376));
#5958=CARTESIAN_POINT('',(0.0123183245264457,-0.021,-0.0776784598418044));
#5959=CARTESIAN_POINT('',(0.0123183245264457,-0.026,-0.0776784598418044));
#5960=CARTESIAN_POINT('',(0.0129452302949128,-0.021,-0.0778567912268041));
#5961=CARTESIAN_POINT('',(0.0129452302949128,-0.026,-0.0778567912268041));
#5962=CARTESIAN_POINT('',(0.0138779091085814,-0.021,-0.0781342610439158));
#5963=CARTESIAN_POINT('',(0.0138779091085814,-0.026,-0.0781342610439158));
#5964=CARTESIAN_POINT('',(0.0148906150567353,-0.021,-0.078356927554494));
#5965=CARTESIAN_POINT('',(0.0148906150567353,-0.026,-0.078356927554494));
#5966=CARTESIAN_POINT('',(0.01547783915722,-0.021,-0.0784013502398746));
#5967=CARTESIAN_POINT('',(0.01547783915722,-0.026,-0.0784013502398746));
#5968=CARTESIAN_POINT('',(0.0159481607371683,-0.021,-0.0785148033371895));
#5969=CARTESIAN_POINT('',(0.0159481607371683,-0.026,-0.0785148033371895));
#5970=CARTESIAN_POINT('',(0.0163613777790629,-0.021,-0.0788846793978289));
#5971=CARTESIAN_POINT('',(0.0163613777790629,-0.026,-0.0788846793978289));
#5972=CARTESIAN_POINT('',(0.016776694517335,-0.021,-0.0793363622720048));
#5973=CARTESIAN_POINT('',(0.016776694517335,-0.026,-0.0793363622720048));
#5974=CARTESIAN_POINT('',(0.0172546138509788,-0.021,-0.0797175396941295));
#5975=CARTESIAN_POINT('',(0.0172546138509788,-0.026,-0.0797175396941295));
#5976=CARTESIAN_POINT('',(0.0178403983805746,-0.021,-0.0800413307127906));
#5977=CARTESIAN_POINT('',(0.0178403983805746,-0.026,-0.0800413307127906));
#5978=CARTESIAN_POINT('',(0.0188547995066176,-0.021,-0.0804099796401241));
#5979=CARTESIAN_POINT('',(0.0188547995066176,-0.026,-0.0804099796401241));
#5980=CARTESIAN_POINT('',(0.0203116567190314,-0.021,-0.080710656416687));
#5981=CARTESIAN_POINT('',(0.0203116567190314,-0.026,-0.080710656416687));
#5982=CARTESIAN_POINT('',(0.0211083846943519,-0.021,-0.0806398662924876));
#5983=CARTESIAN_POINT('',(0.0211083846943519,-0.026,-0.0806398662924876));
#5984=CARTESIAN_POINT('',(0.0220619687650381,-0.021,-0.0805056876941837));
#5985=CARTESIAN_POINT('',(0.0220619687650381,-0.026,-0.0805056876941837));
#5986=CARTESIAN_POINT('',(0.0228071869256205,-0.021,-0.0803300750661507));
#5987=CARTESIAN_POINT('',(0.0228071869256205,-0.026,-0.0803300750661507));
#5988=CARTESIAN_POINT('',(0.0233798339621623,-0.021,-0.0800191461647807));
#5989=CARTESIAN_POINT('',(0.0233798339621623,-0.026,-0.0800191461647807));
#5990=CARTESIAN_POINT('',(0.0237584528596095,-0.021,-0.0795844567363517));
#5991=CARTESIAN_POINT('',(0.0237584528596095,-0.026,-0.0795844567363517));
#5992=CARTESIAN_POINT('',(0.0241906815765231,-0.021,-0.0791461928466489));
#5993=CARTESIAN_POINT('',(0.0241906815765231,-0.026,-0.0791461928466489));
#5994=CARTESIAN_POINT('',(0.0247390950332851,-0.021,-0.0787526432090619));
#5995=CARTESIAN_POINT('',(0.0247390950332851,-0.026,-0.0787526432090619));
#5996=CARTESIAN_POINT('',(0.0251799690886744,-0.021,-0.0783485226193704));
#5997=CARTESIAN_POINT('',(0.0251799690886744,-0.026,-0.0783485226193704));
#5998=CARTESIAN_POINT('',(0.0253919388267543,-0.021,-0.0779033038468055));
#5999=CARTESIAN_POINT('',(0.0253919388267543,-0.026,-0.0779033038468055));
#6000=CARTESIAN_POINT('',(0.0256540682269222,-0.021,-0.0774193436196199));
#6001=CARTESIAN_POINT('',(0.0256540682269222,-0.026,-0.0774193436196199));
#6002=CARTESIAN_POINT('',(0.0260952941410072,-0.021,-0.0769099870304692));
#6003=CARTESIAN_POINT('',(0.0260952941410072,-0.026,-0.0769099870304692));
#6004=CARTESIAN_POINT('',(0.0265996717012984,-0.021,-0.0764205429096037));
#6005=CARTESIAN_POINT('',(0.0265996717012984,-0.026,-0.0764205429096037));
#6006=CARTESIAN_POINT('',(0.0270881892917512,-0.021,-0.0759900544176066));
#6007=CARTESIAN_POINT('',(0.0270881892917512,-0.026,-0.0759900544176066));
#6008=CARTESIAN_POINT('',(0.027465826887065,-0.021,-0.0756013015933831));
#6009=CARTESIAN_POINT('',(0.027465826887065,-0.026,-0.0756013015933831));
#6010=CARTESIAN_POINT('',(0.027606271253572,-0.021,-0.0752397849433572));
#6011=CARTESIAN_POINT('',(0.027606271253572,-0.026,-0.0752397849433572));
#6012=CARTESIAN_POINT('',(0.0280076316627091,-0.021,-0.0748731253671687));
#6013=CARTESIAN_POINT('',(0.0280076316627091,-0.026,-0.0748731253671687));
#6014=CARTESIAN_POINT('',(0.0287162860741557,-0.021,-0.0744996146779231));
#6015=CARTESIAN_POINT('',(0.0287162860741557,-0.026,-0.0744996146779231));
#6016=CARTESIAN_POINT('',(0.0289771656861666,-0.021,-0.0741250852367826));
#6017=CARTESIAN_POINT('',(0.0289771656861666,-0.026,-0.0741250852367826));
#6018=CARTESIAN_POINT('',(0.0285174068168154,-0.021,-0.0738591539126361));
#6019=CARTESIAN_POINT('',(0.0285174068168154,-0.026,-0.0738591539126361));
#6020=CARTESIAN_POINT('',(0.0279026850178299,-0.021,-0.0740811001908127));
#6021=CARTESIAN_POINT('',(0.0279026850178299,-0.026,-0.0740811001908127));
#6022=CARTESIAN_POINT('',(0.0272214338544983,-0.021,-0.0744883571145513));
#6023=CARTESIAN_POINT('',(0.0272214338544983,-0.026,-0.0744883571145513));
#6024=CARTESIAN_POINT('',(0.0266330010523955,-0.021,-0.0747505550246133));
#6025=CARTESIAN_POINT('',(0.0266330010523955,-0.026,-0.0747505550246133));
#6026=CARTESIAN_POINT('',(0.0260873551076365,-0.021,-0.074770912033364));
#6027=CARTESIAN_POINT('',(0.0260873551076365,-0.026,-0.074770912033364));
#6028=CARTESIAN_POINT('',(0.0253696206631835,-0.021,-0.0745658324034133));
#6029=CARTESIAN_POINT('',(0.0253696206631835,-0.026,-0.0745658324034133));
#6030=CARTESIAN_POINT('',(0.0245243001621499,-0.021,-0.0742128849432048));
#6031=CARTESIAN_POINT('',(0.0245243001621499,-0.026,-0.0742128849432048));
#6032=CARTESIAN_POINT('',(0.0237607471818502,-0.021,-0.0738642475142834));
#6033=CARTESIAN_POINT('',(0.0237607471818502,-0.026,-0.0738642475142834));
#6034=CARTESIAN_POINT('',(0.0233264722274382,-0.021,-0.0736917991920058));
#6035=CARTESIAN_POINT('',(0.0233264722274382,-0.026,-0.0736917991920058));
#6036=CARTESIAN_POINT('',(0.0229634562145121,-0.021,-0.0736137377861977));
#6037=CARTESIAN_POINT('',(0.0229634562145121,-0.026,-0.0736137377861977));
#6038=CARTESIAN_POINT('',(0.0223591340263984,-0.021,-0.0734990690409011));
#6039=CARTESIAN_POINT('',(0.0223591340263984,-0.026,-0.0734990690409011));
#6040=CARTESIAN_POINT('',(0.0217851825373987,-0.021,-0.0733968820149856));
#6041=CARTESIAN_POINT('',(0.0217851825373987,-0.026,-0.0733968820149856));
#6042=CARTESIAN_POINT('',(0.0213543326230014,-0.021,-0.0733299946384817));
#6043=CARTESIAN_POINT('',(0.0213543326230014,-0.026,-0.0733299946384817));
#6044=CARTESIAN_POINT('',(0.0208123540769556,-0.021,-0.0733357840090039));
#6045=CARTESIAN_POINT('',(0.0208123540769556,-0.026,-0.0733357840090039));
#6046=CARTESIAN_POINT('',(0.0201387019494435,-0.021,-0.0734145472661151));
#6047=CARTESIAN_POINT('',(0.0201387019494435,-0.026,-0.0734145472661151));
#6048=CARTESIAN_POINT('',(0.0194949999874729,-0.021,-0.0735332411709727));
#6049=CARTESIAN_POINT('',(0.0194949999874729,-0.026,-0.0735332411709727));
#6050=CARTESIAN_POINT('',(0.0189453186633312,-0.021,-0.0736719952392177));
#6051=CARTESIAN_POINT('',(0.0189453186633312,-0.026,-0.0736719952392177));
#6052=CARTESIAN_POINT('',(0.0184034608062522,-0.021,-0.0738164334314964));
#6053=CARTESIAN_POINT('',(0.0184034608062522,-0.026,-0.0738164334314964));
#6054=CARTESIAN_POINT('',(0.0176497468446025,-0.021,-0.0740201831100485));
#6055=CARTESIAN_POINT('',(0.0176497468446025,-0.026,-0.0740201831100485));
#6056=CARTESIAN_POINT('',(0.0170297142830803,-0.021,-0.0743030872311514));
#6057=CARTESIAN_POINT('',(0.0170297142830803,-0.026,-0.0743030872311514));
#6058=CARTESIAN_POINT('',(0.0165794494043638,-0.021,-0.0748865326842013));
#6059=CARTESIAN_POINT('',(0.0165794494043638,-0.026,-0.0748865326842013));
#6060=CARTESIAN_POINT('',(0.0162723691565735,-0.021,-0.0754474418848851));
#6061=CARTESIAN_POINT('',(0.0162723691565735,-0.026,-0.0754474418848851));
#6062=CARTESIAN_POINT('',(0.0158939030747974,-0.021,-0.075965573338745));
#6063=CARTESIAN_POINT('',(0.0158939030747974,-0.026,-0.075965573338745));
#6064=CARTESIAN_POINT('',(0.015451096372535,-0.021,-0.0764068745458569));
#6065=CARTESIAN_POINT('',(0.015451096372535,-0.026,-0.0764068745458569));
#6066=CARTESIAN_POINT('',(0.0151769004796065,-0.021,-0.0769545147681041));
#6067=CARTESIAN_POINT('',(0.0151769004796065,-0.026,-0.0769545147681041));
#6068=CARTESIAN_POINT('',(0.0151400722474338,-0.021,-0.0776460999632342));
#6069=CARTESIAN_POINT('',(0.0151400722474338,-0.026,-0.0776460999632342));
#6070=CARTESIAN_POINT('',(0.0148519981905275,-0.021,-0.0780366890822791));
#6071=CARTESIAN_POINT('',(0.0148519981905275,-0.026,-0.0780366890822791));
#6072=CARTESIAN_POINT('',(0.0140701329864003,-0.021,-0.0778962916628519));
#6073=CARTESIAN_POINT('',(0.0140701329864003,-0.026,-0.0778962916628519));
#6074=CARTESIAN_POINT('',(0.0131161622906421,-0.021,-0.0774944072207843));
#6075=CARTESIAN_POINT('',(0.0131161622906421,-0.026,-0.0774944072207843));
#6076=CARTESIAN_POINT('',(0.012270610186574,-0.021,-0.0770559451215336));
#6077=CARTESIAN_POINT('',(0.012270610186574,-0.026,-0.0770559451215336));
#6078=CARTESIAN_POINT('',(0.0116853941631649,-0.021,-0.0767267886093306));
#6079=CARTESIAN_POINT('',(0.0116853941631649,-0.026,-0.0767267886093306));
#6080=CARTESIAN_POINT('',(0.0113589550703705,-0.021,-0.0765390656535804));
#6081=CARTESIAN_POINT('',(0.0113589550703705,-0.026,-0.0765390656535804));
#6082=CARTESIAN_POINT('',(0.0111938828355376,-0.021,-0.0764492144685376));
#6083=CARTESIAN_POINT('',(0.0111938828355376,-0.026,-0.0764492144685376));
#6084=CARTESIAN_POINT('',(0.0123183245264457,-0.020998,-0.0776784598418044));
#6085=CARTESIAN_POINT('',(0.0123183245264216,-0.021,-0.0776784598417765));
#6086=CARTESIAN_POINT('',(0.0123183245264216,-0.026,-0.0776784598417765));
#6087=CARTESIAN_POINT('',(0.013116341321857,-0.021,-0.0786005757978696));
#6088=CARTESIAN_POINT('',(0.013116341321857,-0.026,-0.0786005757978696));
#6089=CARTESIAN_POINT('',(0.0145099750057725,-0.021,-0.0805387507758257));
#6090=CARTESIAN_POINT('',(0.0145099750057725,-0.026,-0.0805387507758257));
#6091=CARTESIAN_POINT('',(0.0154651065297017,-0.021,-0.0826644483958171));
#6092=CARTESIAN_POINT('',(0.0154651065297017,-0.026,-0.0826644483958171));
#6093=CARTESIAN_POINT('',(0.0158691960368506,-0.021,-0.0837435878080908));
#6094=CARTESIAN_POINT('',(0.0158691960368506,-0.026,-0.0837435878080908));
#6095=CARTESIAN_POINT('',(0.0158691960367718,-0.020998,-0.0837435878078801));
#6096=CARTESIAN_POINT('',(0.0170809586801565,-0.021,-0.0878716386866958));
#6097=CARTESIAN_POINT('',(0.0170809586801565,-0.026,-0.0878716386866958));
#6098=CARTESIAN_POINT('',(0.0174794990751402,-0.021,-0.0883129405318504));
#6099=CARTESIAN_POINT('',(0.0174794990751402,-0.026,-0.0883129405318504));
#6100=CARTESIAN_POINT('',(0.0182762010838615,-0.021,-0.089196902942854));
#6101=CARTESIAN_POINT('',(0.0182762010838615,-0.026,-0.089196902942854));
#6102=CARTESIAN_POINT('',(0.0195997910958438,-0.021,-0.0902021303089465));
#6103=CARTESIAN_POINT('',(0.0195997910958438,-0.026,-0.0902021303089465));
#6104=CARTESIAN_POINT('',(0.0209184835545779,-0.021,-0.090564589798597));
#6105=CARTESIAN_POINT('',(0.0209184835545779,-0.026,-0.090564589798597));
#6106=CARTESIAN_POINT('',(0.0221629177742463,-0.021,-0.0905892324450303));
#6107=CARTESIAN_POINT('',(0.0221629177742463,-0.026,-0.0905892324450303));
#6108=CARTESIAN_POINT('',(0.0232127365438028,-0.021,-0.0904703845309489));
#6109=CARTESIAN_POINT('',(0.0232127365438028,-0.026,-0.0904703845309489));
#6110=CARTESIAN_POINT('',(0.0242841507277525,-0.021,-0.09027206127774));
#6111=CARTESIAN_POINT('',(0.0242841507277525,-0.026,-0.09027206127774));
#6112=CARTESIAN_POINT('',(0.0252712826447183,-0.021,-0.0900599839726015));
#6113=CARTESIAN_POINT('',(0.0252712826447183,-0.026,-0.0900599839726015));
#6114=CARTESIAN_POINT('',(0.0260677235260212,-0.021,-0.0898889536781137));
#6115=CARTESIAN_POINT('',(0.0260677235260212,-0.026,-0.0898889536781137));
#6116=CARTESIAN_POINT('',(0.0265800303633327,-0.021,-0.0898496570836433));
#6117=CARTESIAN_POINT('',(0.0265800303633327,-0.026,-0.0898496570836433));
#6118=CARTESIAN_POINT('',(0.0266366560040124,-0.021,-0.0896642852803008));
#6119=CARTESIAN_POINT('',(0.0266366560040124,-0.026,-0.0896642852803008));
#6120=CARTESIAN_POINT('',(0.0262407941746512,-0.021,-0.0892046361062536));
#6121=CARTESIAN_POINT('',(0.0262407941746512,-0.026,-0.0892046361062536));
#6122=CARTESIAN_POINT('',(0.0256646935100793,-0.021,-0.0886319646068455));
#6123=CARTESIAN_POINT('',(0.0256646935100793,-0.026,-0.0886319646068455));
#6124=CARTESIAN_POINT('',(0.0251485628455149,-0.021,-0.0880607711893453));
#6125=CARTESIAN_POINT('',(0.0251485628455149,-0.026,-0.0880607711893453));
#6126=CARTESIAN_POINT('',(0.0246954086875276,-0.021,-0.0875065547442547));
#6127=CARTESIAN_POINT('',(0.0246954086875276,-0.026,-0.0875065547442547));
#6128=CARTESIAN_POINT('',(0.0241314905109637,-0.021,-0.0867866339829812));
#6129=CARTESIAN_POINT('',(0.0241314905109637,-0.026,-0.0867866339829812));
#6130=CARTESIAN_POINT('',(0.0234669874606122,-0.021,-0.0859353114758273));
#6131=CARTESIAN_POINT('',(0.0234669874606122,-0.026,-0.0859353114758273));
#6132=CARTESIAN_POINT('',(0.0223438422171935,-0.021,-0.0849143912454377));
#6133=CARTESIAN_POINT('',(0.0223438422171935,-0.026,-0.0849143912454377));
#6134=CARTESIAN_POINT('',(0.0212030449328948,-0.021,-0.0841118872883364));
#6135=CARTESIAN_POINT('',(0.0212030449328948,-0.026,-0.0841118872883364));
#6136=CARTESIAN_POINT('',(0.0204629420405361,-0.021,-0.0835900213039167));
#6137=CARTESIAN_POINT('',(0.0204629420405361,-0.026,-0.0835900213039167));
#6138=CARTESIAN_POINT('',(0.0199048827347065,-0.021,-0.083281054712104));
#6139=CARTESIAN_POINT('',(0.0199048827347065,-0.026,-0.083281054712104));
#6140=CARTESIAN_POINT('',(0.0192197147623202,-0.021,-0.0830800260386785));
#6141=CARTESIAN_POINT('',(0.0192197147623202,-0.026,-0.0830800260386785));
#6142=CARTESIAN_POINT('',(0.0179685205822635,-0.021,-0.0829916415406546));
#6143=CARTESIAN_POINT('',(0.0179685205822635,-0.026,-0.0829916415406546));
#6144=CARTESIAN_POINT('',(0.0165766606495915,-0.021,-0.0831391368125898));
#6145=CARTESIAN_POINT('',(0.0165766606495915,-0.026,-0.0831391368125898));
#6146=CARTESIAN_POINT('',(0.0159564921897386,-0.021,-0.0834537265682007));
#6147=CARTESIAN_POINT('',(0.0159564921897386,-0.026,-0.0834537265682007));
#6148=CARTESIAN_POINT('',(0.0159034566900863,-0.021,-0.0836469915296621));
#6149=CARTESIAN_POINT('',(0.0159034566900863,-0.026,-0.0836469915296621));
#6150=CARTESIAN_POINT('',(0.0158691960367718,-0.021,-0.0837435878078801));
#6151=CARTESIAN_POINT('',(0.0158691960367718,-0.026,-0.0837435878078801));
#6152=CARTESIAN_POINT('',(0.0170809586801565,-0.020998,-0.0878716386866958));
#6153=CARTESIAN_POINT('',(0.0170809586801134,-0.021,-0.0878716386864938));
#6154=CARTESIAN_POINT('',(0.0170809586801134,-0.026,-0.0878716386864938));
#6155=CARTESIAN_POINT('',(0.0172242290602791,-0.021,-0.0885442688362372));
#6156=CARTESIAN_POINT('',(0.0172242290602791,-0.026,-0.0885442688362372));
#6157=CARTESIAN_POINT('',(0.0174387926297101,-0.021,-0.089895926534392));
#6158=CARTESIAN_POINT('',(0.0174387926297101,-0.026,-0.089895926534392));
#6159=CARTESIAN_POINT('',(0.0173889947294669,-0.021,-0.0919873511235793));
#6160=CARTESIAN_POINT('',(0.0173889947294669,-0.026,-0.0919873511235793));
#6161=CARTESIAN_POINT('',(0.0168341233225654,-0.021,-0.0941735017087777));
#6162=CARTESIAN_POINT('',(0.0168341233225654,-0.026,-0.0941735017087777));
#6163=CARTESIAN_POINT('',(0.0155627631537671,-0.021,-0.0965340188656767));
#6164=CARTESIAN_POINT('',(0.0155627631537671,-0.026,-0.0965340188656767));
#6165=CARTESIAN_POINT('',(0.0140020500468006,-0.021,-0.0987503970399361));
#6166=CARTESIAN_POINT('',(0.0140020500468006,-0.026,-0.0987503970399361));
#6167=CARTESIAN_POINT('',(0.0127187388750742,-0.021,-0.100423192316319));
#6168=CARTESIAN_POINT('',(0.0127187388750742,-0.026,-0.100423192316319));
#6169=CARTESIAN_POINT('',(0.0122697419785827,-0.021,-0.101137512138573));
#6170=CARTESIAN_POINT('',(0.0122697419785827,-0.026,-0.101137512138573));
#6171=CARTESIAN_POINT('',(0.0129753781444654,-0.021,-0.100705472615325));
#6172=CARTESIAN_POINT('',(0.0129753781444654,-0.026,-0.100705472615325));
#6173=CARTESIAN_POINT('',(0.013854559628076,-0.021,-0.10036292929737));
#6174=CARTESIAN_POINT('',(0.013854559628076,-0.026,-0.10036292929737));
#6175=CARTESIAN_POINT('',(0.0148455736565998,-0.021,-0.10023164896409));
#6176=CARTESIAN_POINT('',(0.0148455736565998,-0.026,-0.10023164896409));
#6177=CARTESIAN_POINT('',(0.0161531449890934,-0.021,-0.100573977383587));
#6178=CARTESIAN_POINT('',(0.0161531449890934,-0.026,-0.100573977383587));
#6179=CARTESIAN_POINT('',(0.0175848834562251,-0.021,-0.101452664796983));
#6180=CARTESIAN_POINT('',(0.0175848834562251,-0.026,-0.101452664796983));
#6181=CARTESIAN_POINT('',(0.018503564991676,-0.021,-0.1025016991066));
#6182=CARTESIAN_POINT('',(0.018503564991676,-0.026,-0.1025016991066));
#6183=CARTESIAN_POINT('',(0.0189662975353206,-0.021,-0.103322255646982));
#6184=CARTESIAN_POINT('',(0.0189662975353206,-0.026,-0.103322255646982));
#6185=CARTESIAN_POINT('',(0.0194838992103624,-0.021,-0.103874690738478));
#6186=CARTESIAN_POINT('',(0.0194838992103624,-0.026,-0.103874690738478));
#6187=CARTESIAN_POINT('',(0.0202209724587324,-0.021,-0.104325080332086));
#6188=CARTESIAN_POINT('',(0.0202209724587324,-0.026,-0.104325080332086));
#6189=CARTESIAN_POINT('',(0.0211158602956604,-0.021,-0.104620158122089));
#6190=CARTESIAN_POINT('',(0.0211158602956604,-0.026,-0.104620158122089));
#6191=CARTESIAN_POINT('',(0.0214596288312964,-0.021,-0.10479872716008));
#6192=CARTESIAN_POINT('',(0.0214596288312964,-0.026,-0.10479872716008));
#6193=CARTESIAN_POINT('',(0.0211962883300575,-0.021,-0.10490824324977));
#6194=CARTESIAN_POINT('',(0.0211962883300575,-0.026,-0.10490824324977));
#6195=CARTESIAN_POINT('',(0.0202689216674078,-0.021,-0.104998722657246));
#6196=CARTESIAN_POINT('',(0.0202689216674078,-0.026,-0.104998722657246));
#6197=CARTESIAN_POINT('',(0.0192425304468917,-0.021,-0.105241587567763));
#6198=CARTESIAN_POINT('',(0.0192425304468917,-0.026,-0.105241587567763));
#6199=CARTESIAN_POINT('',(0.0183588507269593,-0.021,-0.105654822875296));
#6200=CARTESIAN_POINT('',(0.0183588507269593,-0.026,-0.105654822875296));
#6201=CARTESIAN_POINT('',(0.0175075391282073,-0.021,-0.106421600269495));
#6202=CARTESIAN_POINT('',(0.0175075391282073,-0.026,-0.106421600269495));
#6203=CARTESIAN_POINT('',(0.0165566820676702,-0.021,-0.107387591376244));
#6204=CARTESIAN_POINT('',(0.0165566820676702,-0.026,-0.107387591376244));
#6205=CARTESIAN_POINT('',(0.0153309630691958,-0.021,-0.108025304725736));
#6206=CARTESIAN_POINT('',(0.0153309630691958,-0.026,-0.108025304725736));
#6207=CARTESIAN_POINT('',(0.0139220742747325,-0.021,-0.10830999710554));
#6208=CARTESIAN_POINT('',(0.0139220742747325,-0.026,-0.10830999710554));
#6209=CARTESIAN_POINT('',(0.0124333848537706,-0.021,-0.108209498204867));
#6210=CARTESIAN_POINT('',(0.0124333848537706,-0.026,-0.108209498204867));
#6211=CARTESIAN_POINT('',(0.0113726034454662,-0.021,-0.107957872863725));
#6212=CARTESIAN_POINT('',(0.0113726034454662,-0.026,-0.107957872863725));
#6213=CARTESIAN_POINT('',(0.0110191552524438,-0.021,-0.108012379884566));
#6214=CARTESIAN_POINT('',(0.0110191552524438,-0.026,-0.108012379884566));
#6215=CARTESIAN_POINT('',(0.0111160670636196,-0.021,-0.108341226147278));
#6216=CARTESIAN_POINT('',(0.0111160670636196,-0.026,-0.108341226147278));
#6217=CARTESIAN_POINT('',(0.0116093574093442,-0.021,-0.109016367975749));
#6218=CARTESIAN_POINT('',(0.0116093574093442,-0.026,-0.109016367975749));
#6219=CARTESIAN_POINT('',(0.011854566187058,-0.021,-0.109878868216061));
#6220=CARTESIAN_POINT('',(0.011854566187058,-0.026,-0.109878868216061));
#6221=CARTESIAN_POINT('',(0.0118164504360296,-0.021,-0.110818785838578));
#6222=CARTESIAN_POINT('',(0.0118164504360296,-0.026,-0.110818785838578));
#6223=CARTESIAN_POINT('',(0.0114039542576108,-0.021,-0.112066259796771));
#6224=CARTESIAN_POINT('',(0.0114039542576108,-0.026,-0.112066259796771));
#6225=CARTESIAN_POINT('',(0.010680509566451,-0.021,-0.113435895503968));
#6226=CARTESIAN_POINT('',(0.010680509566451,-0.026,-0.113435895503968));
#6227=CARTESIAN_POINT('',(0.0100922207458485,-0.021,-0.11444649069381));
#6228=CARTESIAN_POINT('',(0.0100922207458485,-0.026,-0.11444649069381));
#6229=CARTESIAN_POINT('',(0.00953510039005642,-0.021,-0.115307706063227));
#6230=CARTESIAN_POINT('',(0.00953510039005642,-0.026,-0.115307706063227));
#6231=CARTESIAN_POINT('',(0.00911114969469624,-0.021,-0.115920216623581));
#6232=CARTESIAN_POINT('',(0.00911114969469624,-0.026,-0.115920216623581));
#6233=CARTESIAN_POINT('',(0.00893964328324955,-0.021,-0.116243556537721));
#6234=CARTESIAN_POINT('',(0.00893964328324955,-0.026,-0.116243556537721));
#6235=CARTESIAN_POINT('',(0.00673817390677061,-0.0209999999999999,-0.116243556517674));
#6236=CARTESIAN_POINT('',(0.00673817390677061,-0.0259999999999998,-0.116243556517674));
#6237=CARTESIAN_POINT('',(0.00656539772999585,-0.0209999999999999,-0.115853994315893));
#6238=CARTESIAN_POINT('',(0.00656539772999585,-0.0259999999999998,-0.115853994315893));
#6239=CARTESIAN_POINT('',(0.00616796286073972,-0.0209999999999999,-0.115142109419288));
#6240=CARTESIAN_POINT('',(0.00616796286073972,-0.0259999999999998,-0.115142109419288));
#6241=CARTESIAN_POINT('',(0.0051078889560263,-0.0209999999999999,-0.11429818285181));
#6242=CARTESIAN_POINT('',(0.0051078889560263,-0.0259999999999998,-0.11429818285181));
#6243=CARTESIAN_POINT('',(0.0043125663788889,-0.0209999999999999,-0.113088441539282));
#6244=CARTESIAN_POINT('',(0.0043125663788889,-0.0259999999999998,-0.113088441539282));
#6245=CARTESIAN_POINT('',(0.00406765145789243,-0.0209999999999999,-0.111719495097509));
#6246=CARTESIAN_POINT('',(0.00406765145789243,-0.0259999999999998,-0.111719495097509));
#6247=CARTESIAN_POINT('',(0.00408011358332858,-0.0209999999999999,-0.110587270445724));
#6248=CARTESIAN_POINT('',(0.00408011358332858,-0.0259999999999998,-0.110587270445724));
#6249=CARTESIAN_POINT('',(0.00424427876522868,-0.0209999999999998,-0.109462117606715));
#6250=CARTESIAN_POINT('',(0.00424427876522868,-0.0259999999999998,-0.109462117606715));
#6251=CARTESIAN_POINT('',(0.00442145069511357,-0.0209999999999999,-0.108558500729806));
#6252=CARTESIAN_POINT('',(0.00442145069511357,-0.0259999999999998,-0.108558500729806));
#6253=CARTESIAN_POINT('',(0.00403817960639984,-0.0209999999999998,-0.108415799833982));
#6254=CARTESIAN_POINT('',(0.00403817960639984,-0.0259999999999998,-0.108415799833982));
#6255=CARTESIAN_POINT('',(0.0035059379454118,-0.0209999999999999,-0.108649050902162));
#6256=CARTESIAN_POINT('',(0.0035059379454118,-0.0259999999999998,-0.108649050902162));
#6257=CARTESIAN_POINT('',(0.00289284293999492,-0.0209999999999999,-0.109051378568778));
#6258=CARTESIAN_POINT('',(0.00289284293999492,-0.0259999999999998,-0.109051378568778));
#6259=CARTESIAN_POINT('',(0.00218750065771089,-0.0209999999999999,-0.109601665269503));
#6260=CARTESIAN_POINT('',(0.00218750065771089,-0.0259999999999998,-0.109601665269503));
#6261=CARTESIAN_POINT('',(0.00162572467355052,-0.0209999999999999,-0.110053070634558));
#6262=CARTESIAN_POINT('',(0.00162572467355052,-0.0259999999999998,-0.110053070634558));
#6263=CARTESIAN_POINT('',(0.000788134944383831,-0.0209999999999999,-0.110352807696985));
#6264=CARTESIAN_POINT('',(0.000788134944383831,-0.0259999999999998,-0.110352807696985));
#6265=CARTESIAN_POINT('',(-0.000270111747679556,-0.0209999999999999,-0.110536138824178));
#6266=CARTESIAN_POINT('',(-0.000270111747679556,-0.0259999999999998,-0.110536138824178));
#6267=CARTESIAN_POINT('',(-0.00146904814036663,-0.0209999999999999,-0.110562047190298));
#6268=CARTESIAN_POINT('',(-0.00146904814036663,-0.0259999999999998,-0.110562047190298));
#6269=CARTESIAN_POINT('',(-0.00249281168600766,-0.0209999999999999,-0.110450162790845));
#6270=CARTESIAN_POINT('',(-0.00249281168600766,-0.0259999999999998,-0.110450162790845));
#6271=CARTESIAN_POINT('',(-0.00331249431395068,-0.0209999999999999,-0.110257184577816));
#6272=CARTESIAN_POINT('',(-0.00331249431395068,-0.0259999999999998,-0.110257184577816));
#6273=CARTESIAN_POINT('',(-0.0041507369844916,-0.0209999999999999,-0.109955162102748));
#6274=CARTESIAN_POINT('',(-0.0041507369844916,-0.0259999999999998,-0.109955162102748));
#6275=CARTESIAN_POINT('',(-0.0054153870134893,-0.0209999999999998,-0.10974245669125));
#6276=CARTESIAN_POINT('',(-0.0054153870134893,-0.0259999999999998,-0.10974245669125));
#6277=CARTESIAN_POINT('',(-0.00655883916631821,-0.0209999999999999,-0.109903638425616));
#6278=CARTESIAN_POINT('',(-0.00655883916631821,-0.0259999999999998,-0.109903638425616));
#6279=CARTESIAN_POINT('',(-0.0074095457556332,-0.0209999999999999,-0.110192318583987));
#6280=CARTESIAN_POINT('',(-0.0074095457556332,-0.0259999999999998,-0.110192318583987));
#6281=CARTESIAN_POINT('',(-0.00794878360842223,-0.0209999999999999,-0.110315952967071));
#6282=CARTESIAN_POINT('',(-0.00794878360842223,-0.0259999999999998,-0.110315952967071));
#6283=CARTESIAN_POINT('',(-0.00834463105596499,-0.0209999999999999,-0.110173340386935));
#6284=CARTESIAN_POINT('',(-0.00834463105596499,-0.0259999999999998,-0.110173340386935));
#6285=CARTESIAN_POINT('',(-0.00849557052179891,-0.0209999999999999,-0.109840049607518));
#6286=CARTESIAN_POINT('',(-0.00849557052179891,-0.0259999999999998,-0.109840049607518));
#6287=CARTESIAN_POINT('',(-0.00820717834898377,-0.0209999999999999,-0.109743326984221));
#6288=CARTESIAN_POINT('',(-0.00820717834898377,-0.0259999999999998,-0.109743326984221));
#6289=CARTESIAN_POINT('',(-0.0076926155759232,-0.0209999999999998,-0.109703749451424));
#6290=CARTESIAN_POINT('',(-0.0076926155759232,-0.0259999999999998,-0.109703749451424));
#6291=CARTESIAN_POINT('',(-0.00722926291946412,-0.0209999999999999,-0.109478725842218));
#6292=CARTESIAN_POINT('',(-0.00722926291946412,-0.0259999999999998,-0.109478725842218));
#6293=CARTESIAN_POINT('',(-0.00669995090188051,-0.0209999999999999,-0.108948051915738));
#6294=CARTESIAN_POINT('',(-0.00669995090188051,-0.0259999999999998,-0.108948051915738));
#6295=CARTESIAN_POINT('',(-0.00603597857605263,-0.0209999999999999,-0.108061962593625));
#6296=CARTESIAN_POINT('',(-0.00603597857605263,-0.0259999999999998,-0.108061962593625));
#6297=CARTESIAN_POINT('',(-0.0052959517644629,-0.0209999999999999,-0.107194260483081));
#6298=CARTESIAN_POINT('',(-0.0052959517644629,-0.0259999999999998,-0.107194260483081));
#6299=CARTESIAN_POINT('',(-0.00484844917260289,-0.0209999999999999,-0.106596774037446));
#6300=CARTESIAN_POINT('',(-0.00484844917260289,-0.0259999999999998,-0.106596774037446));
#6301=CARTESIAN_POINT('',(-0.00458031851637828,-0.0209999999999999,-0.106206637830587));
#6302=CARTESIAN_POINT('',(-0.00458031851637828,-0.0259999999999998,-0.106206637830587));
#6303=CARTESIAN_POINT('',(-0.00428537063795506,-0.0209999999999998,-0.105834791348142));
#6304=CARTESIAN_POINT('',(-0.00428537063795506,-0.0259999999999998,-0.105834791348142));
#6305=CARTESIAN_POINT('',(-0.00372892992562077,-0.0209999999999999,-0.105313315631892));
#6306=CARTESIAN_POINT('',(-0.00372892992562077,-0.0259999999999998,-0.105313315631892));
#6307=CARTESIAN_POINT('',(-0.00275484714407848,-0.0209999999999999,-0.104621308187212));
#6308=CARTESIAN_POINT('',(-0.00275484714407848,-0.0259999999999998,-0.104621308187212));
#6309=CARTESIAN_POINT('',(-0.00176051069689817,-0.0209999999999999,-0.103879121671562));
#6310=CARTESIAN_POINT('',(-0.00176051069689817,-0.0259999999999998,-0.103879121671562));
#6311=CARTESIAN_POINT('',(-0.00091256531663897,-0.0209999999999999,-0.103427241611069));
#6312=CARTESIAN_POINT('',(-0.00091256531663897,-0.0259999999999998,-0.103427241611069));
#6313=CARTESIAN_POINT('',(0.000123357359011821,-0.0209999999999999,-0.103218155950756));
#6314=CARTESIAN_POINT('',(0.000123357359011821,-0.0259999999999998,-0.103218155950756));
#6315=CARTESIAN_POINT('',(0.000820014213673989,-0.0209999999999999,-0.103087120026868));
#6316=CARTESIAN_POINT('',(0.000820014213673989,-0.0259999999999998,-0.103087120026868));
#6317=CARTESIAN_POINT('',(0.00117930044722737,-0.0209999999999998,-0.102929230554717));
#6318=CARTESIAN_POINT('',(0.00117930044722737,-0.0259999999999998,-0.102929230554717));
#6319=CARTESIAN_POINT('',(0.000912353060249691,-0.0209999999999999,-0.102688022055824));
#6320=CARTESIAN_POINT('',(0.000912353060249691,-0.0259999999999998,-0.102688022055824));
#6321=CARTESIAN_POINT('',(0.000288776151603474,-0.0209999999999998,-0.102385955627003));
#6322=CARTESIAN_POINT('',(0.000288776151603474,-0.0259999999999998,-0.102385955627003));
#6323=CARTESIAN_POINT('',(-0.000619645719417367,-0.0209999999999999,-0.101937676319667));
#6324=CARTESIAN_POINT('',(-0.000619645719417367,-0.0259999999999998,-0.101937676319667));
#6325=CARTESIAN_POINT('',(-0.000964723676032504,-0.0209999999999999,-0.10148557087204));
#6326=CARTESIAN_POINT('',(-0.000964723676032504,-0.0259999999999998,-0.10148557087204));
#6327=CARTESIAN_POINT('',(-0.00125237923955216,-0.0209999999999998,-0.100914189815522));
#6328=CARTESIAN_POINT('',(-0.00125237923955216,-0.0259999999999998,-0.100914189815522));
#6329=CARTESIAN_POINT('',(-0.00164261116614767,-0.0209999999999999,-0.100236276041627));
#6330=CARTESIAN_POINT('',(-0.00164261116614767,-0.0259999999999998,-0.100236276041627));
#6331=CARTESIAN_POINT('',(-0.00224011813221032,-0.0209999999999999,-0.0992290740472384));
#6332=CARTESIAN_POINT('',(-0.00224011813221032,-0.0259999999999998,-0.0992290740472384));
#6333=CARTESIAN_POINT('',(-0.00302535066547464,-0.0209999999999999,-0.0978385041124766));
#6334=CARTESIAN_POINT('',(-0.00302535066547464,-0.0259999999999998,-0.0978385041124766));
#6335=CARTESIAN_POINT('',(-0.00371677502028262,-0.0209999999999999,-0.0965872371934988));
#6336=CARTESIAN_POINT('',(-0.00371677502028262,-0.0259999999999998,-0.0965872371934988));
#6337=CARTESIAN_POINT('',(-0.00407226954899229,-0.0209999999999999,-0.0959365153067028));
#6338=CARTESIAN_POINT('',(-0.00407226954899229,-0.0259999999999998,-0.0959365153067028));
#6339=CARTESIAN_POINT('',(-0.00454187988488798,-0.0209999999999998,-0.0954633957870327));
#6340=CARTESIAN_POINT('',(-0.00454187988488798,-0.0259999999999998,-0.0954633957870327));
#6341=CARTESIAN_POINT('',(-0.00498157581901214,-0.0209999999999999,-0.0951033239709499));
#6342=CARTESIAN_POINT('',(-0.00498157581901214,-0.0259999999999998,-0.0951033239709499));
#6343=CARTESIAN_POINT('',(-0.00532927581071033,-0.0209999999999998,-0.0947639521458761));
#6344=CARTESIAN_POINT('',(-0.00532927581071033,-0.0259999999999998,-0.0947639521458761));
#6345=CARTESIAN_POINT('',(-0.00542879514375172,-0.0209999999999999,-0.0944131076758482));
#6346=CARTESIAN_POINT('',(-0.00542879514375172,-0.0259999999999998,-0.0944131076758482));
#6347=CARTESIAN_POINT('',(-0.00520447596472385,-0.0209999999999999,-0.0943237737114813));
#6348=CARTESIAN_POINT('',(-0.00520447596472385,-0.0259999999999998,-0.0943237737114813));
#6349=CARTESIAN_POINT('',(-0.00471632279662179,-0.0209999999999999,-0.0945695237984947));
#6350=CARTESIAN_POINT('',(-0.00471632279662179,-0.0259999999999998,-0.0945695237984947));
#6351=CARTESIAN_POINT('',(-0.00411878983471291,-0.0209999999999998,-0.0949029665696264));
#6352=CARTESIAN_POINT('',(-0.00411878983471291,-0.0259999999999998,-0.0949029665696264));
#6353=CARTESIAN_POINT('',(-0.00357241184112901,-0.0209999999999999,-0.0951091608953957));
#6354=CARTESIAN_POINT('',(-0.00357241184112901,-0.0259999999999998,-0.0951091608953957));
#6355=CARTESIAN_POINT('',(-0.00309236402891392,-0.0209999999999998,-0.0951642266351112));
#6356=CARTESIAN_POINT('',(-0.00309236402891392,-0.0259999999999998,-0.0951642266351112));
#6357=CARTESIAN_POINT('',(-0.00245527339673112,-0.0209999999999999,-0.0951533630391556));
#6358=CARTESIAN_POINT('',(-0.00245527339673112,-0.0259999999999998,-0.0951533630391556));
#6359=CARTESIAN_POINT('',(-0.00155033229629104,-0.0209999999999999,-0.0951464504230417));
#6360=CARTESIAN_POINT('',(-0.00155033229629104,-0.0259999999999998,-0.0951464504230417));
#6361=CARTESIAN_POINT('',(-0.000285420289576711,-0.0209999999999999,-0.0950900390027968));
#6362=CARTESIAN_POINT('',(-0.000285420289576711,-0.0259999999999998,-0.0950900390027968));
#6363=CARTESIAN_POINT('',(0.00108416940025105,-0.0209999999999999,-0.0950446818919156));
#6364=CARTESIAN_POINT('',(0.00108416940025105,-0.0259999999999998,-0.0950446818919156));
#6365=CARTESIAN_POINT('',(0.00238336271619003,-0.0209999999999999,-0.0952545318617179));
#6366=CARTESIAN_POINT('',(0.00238336271619003,-0.0259999999999998,-0.0952545318617179));
#6367=CARTESIAN_POINT('',(0.00358450550822931,-0.0209999999999999,-0.0956941999291462));
#6368=CARTESIAN_POINT('',(0.00358450550822931,-0.0259999999999998,-0.0956941999291462));
#6369=CARTESIAN_POINT('',(0.0045159085955964,-0.0209999999999999,-0.0961770109804117));
#6370=CARTESIAN_POINT('',(0.0045159085955964,-0.0259999999999998,-0.0961770109804117));
#6371=CARTESIAN_POINT('',(0.00516232447816628,-0.0209999999999998,-0.0967814979396768));
#6372=CARTESIAN_POINT('',(0.00516232447816628,-0.0259999999999998,-0.0967814979396768));
#6373=CARTESIAN_POINT('',(0.00572900766254405,-0.0209999999999999,-0.0976220376388265));
#6374=CARTESIAN_POINT('',(0.00572900766254405,-0.0259999999999998,-0.0976220376388265));
#6375=CARTESIAN_POINT('',(0.00611022354670643,-0.0209999999999999,-0.0985272214619567));
#6376=CARTESIAN_POINT('',(0.00611022354670643,-0.0259999999999998,-0.0985272214619567));
#6377=CARTESIAN_POINT('',(0.00606236985689252,-0.0209999999999999,-0.0982837707048864));
#6378=CARTESIAN_POINT('',(0.00606236985689252,-0.0259999999999998,-0.0982837707048864));
#6379=CARTESIAN_POINT('',(0.00591232340976992,-0.0209999999999999,-0.0976533254220265));
#6380=CARTESIAN_POINT('',(0.00591232340976992,-0.0259999999999998,-0.0976533254220265));
#6381=CARTESIAN_POINT('',(0.00580572246477789,-0.0209999999999999,-0.0968542961984419));
#6382=CARTESIAN_POINT('',(0.00580572246477789,-0.0259999999999998,-0.0968542961984419));
#6383=CARTESIAN_POINT('',(0.00591400943061875,-0.0209999999999998,-0.096167875123328));
#6384=CARTESIAN_POINT('',(0.00591400943061875,-0.0259999999999998,-0.096167875123328));
#6385=CARTESIAN_POINT('',(0.00623047628524115,-0.0209999999999999,-0.095625170120437));
#6386=CARTESIAN_POINT('',(0.00623047628524115,-0.0259999999999998,-0.095625170120437));
#6387=CARTESIAN_POINT('',(0.00682200989925257,-0.0209999999999998,-0.0949887470244643));
#6388=CARTESIAN_POINT('',(0.00682200989925257,-0.0259999999999998,-0.0949887470244643));
#6389=CARTESIAN_POINT('',(0.00765567342588525,-0.0209999999999999,-0.0941471364993399));
#6390=CARTESIAN_POINT('',(0.00765567342588525,-0.0259999999999998,-0.0941471364993399));
#6391=CARTESIAN_POINT('',(0.00865885444274839,-0.0209999999999998,-0.0930751322643733));
#6392=CARTESIAN_POINT('',(0.00865885444274839,-0.0259999999999998,-0.0930751322643733));
#6393=CARTESIAN_POINT('',(0.00978380453512226,-0.0209999999999999,-0.0923255169809198));
#6394=CARTESIAN_POINT('',(0.00978380453512226,-0.0259999999999998,-0.0923255169809198));
#6395=CARTESIAN_POINT('',(0.0109343780205098,-0.0209999999999999,-0.0917403472648659));
#6396=CARTESIAN_POINT('',(0.0109343780205098,-0.0259999999999998,-0.0917403472648659));
#6397=CARTESIAN_POINT('',(0.0118024763898435,-0.0209999999999999,-0.0911405913160859));
#6398=CARTESIAN_POINT('',(0.0118024763898435,-0.0259999999999998,-0.0911405913160859));
#6399=CARTESIAN_POINT('',(0.0122532582956431,-0.0209999999999999,-0.0905184681958419));
#6400=CARTESIAN_POINT('',(0.0122532582956431,-0.0259999999999998,-0.0905184681958419));
#6401=CARTESIAN_POINT('',(0.0124604651963998,-0.0209999999999999,-0.0897594567821104));
#6402=CARTESIAN_POINT('',(0.0124604651963998,-0.0259999999999998,-0.0897594567821104));
#6403=CARTESIAN_POINT('',(0.0124782326089124,-0.0209999999999999,-0.0889966657450023));
#6404=CARTESIAN_POINT('',(0.0124782326089124,-0.0259999999999998,-0.0889966657450023));
#6405=CARTESIAN_POINT('',(0.0127241194301336,-0.0209999999999998,-0.0886901540252201));
#6406=CARTESIAN_POINT('',(0.0127241194301336,-0.0259999999999998,-0.0886901540252201));
#6407=CARTESIAN_POINT('',(0.0130013915952908,-0.0209999999999999,-0.0887975482317622));
#6408=CARTESIAN_POINT('',(0.0130013915952908,-0.0259999999999998,-0.0887975482317622));
#6409=CARTESIAN_POINT('',(0.0132452598449761,-0.0209999999999999,-0.0891843570806695));
#6410=CARTESIAN_POINT('',(0.0132452598449761,-0.0259999999999998,-0.0891843570806695));
#6411=CARTESIAN_POINT('',(0.0132216739786673,-0.0209999999999999,-0.0898692152272339));
#6412=CARTESIAN_POINT('',(0.0132216739786673,-0.0259999999999998,-0.0898692152272339));
#6413=CARTESIAN_POINT('',(0.0128024976044688,-0.0209999999999999,-0.0907153875579681));
#6414=CARTESIAN_POINT('',(0.0128024976044688,-0.0259999999999998,-0.0907153875579681));
#6415=CARTESIAN_POINT('',(0.0126077517771436,-0.0209999999999998,-0.0916227117545094));
#6416=CARTESIAN_POINT('',(0.0126077517771436,-0.0259999999999998,-0.0916227117545094));
#6417=CARTESIAN_POINT('',(0.0126582448787263,-0.0209999999999999,-0.092538740376554));
#6418=CARTESIAN_POINT('',(0.0126582448787263,-0.0259999999999998,-0.092538740376554));
#6419=CARTESIAN_POINT('',(0.0129780271681184,-0.0209999999999998,-0.0936776426371968));
#6420=CARTESIAN_POINT('',(0.0129780271681184,-0.0259999999999998,-0.0936776426371968));
#6421=CARTESIAN_POINT('',(0.0132474541613984,-0.0209999999999999,-0.0949017960253417));
#6422=CARTESIAN_POINT('',(0.0132474541613984,-0.0259999999999998,-0.0949017960253417));
#6423=CARTESIAN_POINT('',(0.0132955600657033,-0.0209999999999999,-0.0961914911232136));
#6424=CARTESIAN_POINT('',(0.0132955600657033,-0.0259999999999998,-0.0961914911232136));
#6425=CARTESIAN_POINT('',(0.01307725804562,-0.0209999999999999,-0.0977199628482693));
#6426=CARTESIAN_POINT('',(0.01307725804562,-0.0259999999999998,-0.0977199628482693));
#6427=CARTESIAN_POINT('',(0.0125449027452599,-0.0209999999999999,-0.0990005868780151));
#6428=CARTESIAN_POINT('',(0.0125449027452599,-0.0259999999999998,-0.0990005868780151));
#6429=CARTESIAN_POINT('',(0.0119077342100522,-0.0209999999999999,-0.0998961894256116));
#6430=CARTESIAN_POINT('',(0.0119077342100522,-0.0259999999999998,-0.0998961894256116));
#6431=CARTESIAN_POINT('',(0.0115381271702594,-0.0209999999999999,-0.100348944797627));
#6432=CARTESIAN_POINT('',(0.0115381271702594,-0.0259999999999998,-0.100348944797627));
#6433=CARTESIAN_POINT('',(0.011475514610738,-0.0209999999999998,-0.10043157168822));
#6434=CARTESIAN_POINT('',(0.011475514610738,-0.0259999999999998,-0.10043157168822));
#6435=CARTESIAN_POINT('',(0.0119429540730288,-0.0209999999999999,-0.0999506119096114));
#6436=CARTESIAN_POINT('',(0.0119429540730288,-0.0259999999999998,-0.0999506119096114));
#6437=CARTESIAN_POINT('',(0.0128908751849653,-0.0209999999999999,-0.0988909511096602));
#6438=CARTESIAN_POINT('',(0.0128908751849653,-0.0259999999999998,-0.0988909511096602));
#6439=CARTESIAN_POINT('',(0.0137613638181019,-0.0209999999999998,-0.0977599741921084));
#6440=CARTESIAN_POINT('',(0.0137613638181019,-0.0259999999999998,-0.0977599741921084));
#6441=CARTESIAN_POINT('',(0.0143967840924193,-0.0209999999999999,-0.0967482057817495));
#6442=CARTESIAN_POINT('',(0.0143967840924193,-0.0259999999999998,-0.0967482057817495));
#6443=CARTESIAN_POINT('',(0.0148690755133976,-0.0209999999999999,-0.0956133573558707));
#6444=CARTESIAN_POINT('',(0.0148690755133976,-0.0259999999999998,-0.0956133573558707));
#6445=CARTESIAN_POINT('',(0.0153374624578139,-0.0209999999999999,-0.0941429948921737));
#6446=CARTESIAN_POINT('',(0.0153374624578139,-0.0259999999999998,-0.0941429948921737));
#6447=CARTESIAN_POINT('',(0.0158699518386993,-0.0209999999999999,-0.0924211854706375));
#6448=CARTESIAN_POINT('',(0.0158699518386993,-0.0259999999999998,-0.0924211854706375));
#6449=CARTESIAN_POINT('',(0.0162145215915155,-0.0209999999999999,-0.0905858196113082));
#6450=CARTESIAN_POINT('',(0.0162145215915155,-0.0259999999999998,-0.0905858196113082));
#6451=CARTESIAN_POINT('',(0.0162060330854462,-0.0209999999999998,-0.0887248970731426));
#6452=CARTESIAN_POINT('',(0.0162060330854462,-0.0259999999999998,-0.0887248970731426));
#6453=CARTESIAN_POINT('',(0.0159692797174381,-0.0209999999999999,-0.0869329248250686));
#6454=CARTESIAN_POINT('',(0.0159692797174381,-0.0259999999999998,-0.0869329248250686));
#6455=CARTESIAN_POINT('',(0.0156600295377256,-0.0209999999999999,-0.0853336863349737));
#6456=CARTESIAN_POINT('',(0.0156600295377256,-0.0259999999999998,-0.0853336863349737));
#6457=CARTESIAN_POINT('',(0.0152421614357387,-0.0209999999999998,-0.0838555493529721));
#6458=CARTESIAN_POINT('',(0.0152421614357387,-0.0259999999999998,-0.0838555493529721));
#6459=CARTESIAN_POINT('',(0.014542301065304,-0.0209999999999999,-0.0822686764552402));
#6460=CARTESIAN_POINT('',(0.014542301065304,-0.0259999999999998,-0.0822686764552402));
#6461=CARTESIAN_POINT('',(0.0135690549692447,-0.0209999999999998,-0.0806053647284681));
#6462=CARTESIAN_POINT('',(0.0135690549692447,-0.0259999999999998,-0.0806053647284681));
#6463=CARTESIAN_POINT('',(0.0124762999069513,-0.0209999999999999,-0.0791313123659702));
#6464=CARTESIAN_POINT('',(0.0124762999069513,-0.0259999999999998,-0.0791313123659702));
#6465=CARTESIAN_POINT('',(0.0113808704330899,-0.0209999999999999,-0.0780194895199966));
#6466=CARTESIAN_POINT('',(0.0113808704330899,-0.0259999999999998,-0.0780194895199966));
#6467=CARTESIAN_POINT('',(0.0105081995319615,-0.0209999999999999,-0.0770838991925282));
#6468=CARTESIAN_POINT('',(0.0105081995319615,-0.0259999999999998,-0.0770838991925282));
#6469=CARTESIAN_POINT('',(0.00985539570871053,-0.0209999999999998,-0.0761408164699629));
#6470=CARTESIAN_POINT('',(0.00985539570871053,-0.0259999999999998,-0.0761408164699629));
#6471=CARTESIAN_POINT('',(0.00946373334166276,-0.0209999999999999,-0.0755259268146362));
#6472=CARTESIAN_POINT('',(0.00946373334166276,-0.0259999999999998,-0.0755259268146362));
#6473=CARTESIAN_POINT('',(0.00924634053927845,-0.0209999999999998,-0.0752051145701903));
#6474=CARTESIAN_POINT('',(0.00924634053927845,-0.0259999999999998,-0.0752051145701903));
#6475=CARTESIAN_POINT('',(0.00929665934172733,-0.0209999999999999,-0.0754087858382266));
#6476=CARTESIAN_POINT('',(0.00929665934172733,-0.0259999999999998,-0.0754087858382266));
#6477=CARTESIAN_POINT('',(0.00953983844056621,-0.0209999999999999,-0.0760581625832283));
#6478=CARTESIAN_POINT('',(0.00953983844056621,-0.0259999999999998,-0.0760581625832283));
#6479=CARTESIAN_POINT('',(0.0099818470253584,-0.0209999999999999,-0.077336644957098));
#6480=CARTESIAN_POINT('',(0.0099818470253584,-0.0259999999999998,-0.077336644957098));
#6481=CARTESIAN_POINT('',(0.0104845290713123,-0.0209999999999998,-0.0793739810342787));
#6482=CARTESIAN_POINT('',(0.0104845290713123,-0.0259999999999998,-0.0793739810342787));
#6483=CARTESIAN_POINT('',(0.0103228762939243,-0.0209999999999998,-0.0816352525164102));
#6484=CARTESIAN_POINT('',(0.0103228762939243,-0.0259999999999998,-0.0816352525164102));
#6485=CARTESIAN_POINT('',(0.00960644925320427,-0.0209999999999999,-0.0837937950042316));
#6486=CARTESIAN_POINT('',(0.00960644925320427,-0.0259999999999998,-0.0837937950042316));
#6487=CARTESIAN_POINT('',(0.00846721615537272,-0.0209999999999999,-0.0858458170071206));
#6488=CARTESIAN_POINT('',(0.00846721615537272,-0.0259999999999998,-0.0858458170071206));
#6489=CARTESIAN_POINT('',(0.00656588502479113,-0.0209999999999999,-0.0884405659113464));
#6490=CARTESIAN_POINT('',(0.00656588502479113,-0.0259999999999998,-0.0884405659113464));
#6491=CARTESIAN_POINT('',(0.00413024619303309,-0.0209999999999999,-0.0905739940055993));
#6492=CARTESIAN_POINT('',(0.00413024619303309,-0.0259999999999998,-0.0905739940055993));
#6493=CARTESIAN_POINT('',(0.0012820725052505,-0.0209999999999998,-0.0917905049781821));
#6494=CARTESIAN_POINT('',(0.0012820725052505,-0.0259999999999998,-0.0917905049781821));
#6495=CARTESIAN_POINT('',(-0.0008955281686118,-0.0209999999999999,-0.0921635226768281));
#6496=CARTESIAN_POINT('',(-0.0008955281686118,-0.0259999999999998,-0.0921635226768281));
#6497=CARTESIAN_POINT('',(-0.00296147672514901,-0.0209999999999998,-0.091908175933692));
#6498=CARTESIAN_POINT('',(-0.00296147672514901,-0.0259999999999998,-0.091908175933692));
#6499=CARTESIAN_POINT('',(-0.00472496973817915,-0.0209999999999999,-0.0909678685097356));
#6500=CARTESIAN_POINT('',(-0.00472496973817915,-0.0259999999999998,-0.0909678685097356));
#6501=CARTESIAN_POINT('',(-0.00583400945030354,-0.0209999999999999,-0.0894990843261689));
#6502=CARTESIAN_POINT('',(-0.00583400945030354,-0.0259999999999998,-0.0894990843261689));
#6503=CARTESIAN_POINT('',(-0.00589810742650392,-0.0209999999999998,-0.0875770277406085));
#6504=CARTESIAN_POINT('',(-0.00589810742650392,-0.0259999999999998,-0.0875770277406085));
#6505=CARTESIAN_POINT('',(-0.00514936170829879,-0.0209999999999999,-0.0860796532394622));
#6506=CARTESIAN_POINT('',(-0.00514936170829879,-0.0259999999999998,-0.0860796532394622));
#6507=CARTESIAN_POINT('',(-0.00416901371660255,-0.0209999999999999,-0.0852882061318371));
#6508=CARTESIAN_POINT('',(-0.00416901371660255,-0.0259999999999998,-0.0852882061318371));
#6509=CARTESIAN_POINT('',(-0.00295580476068181,-0.0209999999999999,-0.0848842044278445));
#6510=CARTESIAN_POINT('',(-0.00295580476068181,-0.0259999999999998,-0.0848842044278445));
#6511=CARTESIAN_POINT('',(-0.00123734478701925,-0.0209999999999998,-0.0850490305893527));
#6512=CARTESIAN_POINT('',(-0.00123734478701925,-0.0259999999999998,-0.0850490305893527));
#6513=CARTESIAN_POINT('',(0.00031219795952262,-0.0209999999999999,-0.0860794204272656));
#6514=CARTESIAN_POINT('',(0.00031219795952262,-0.0259999999999998,-0.0860794204272656));
#6515=CARTESIAN_POINT('',(0.000628652890405298,-0.0209999999999999,-0.087667480255602));
#6516=CARTESIAN_POINT('',(0.000628652890405298,-0.0259999999999998,-0.087667480255602));
#6517=CARTESIAN_POINT('',(1.80633588874225E-05,-0.0209999999999999,-0.0888486236317598));
#6518=CARTESIAN_POINT('',(1.80633588874225E-05,-0.0259999999999998,-0.0888486236317598));
#6519=CARTESIAN_POINT('',(-0.000867898812147559,-0.0209999999999998,-0.0893822302676103));
#6520=CARTESIAN_POINT('',(-0.000867898812147559,-0.0259999999999998,-0.0893822302676103));
#6521=CARTESIAN_POINT('',(-0.00159941666613328,-0.0209999999999999,-0.08952037854812));
#6522=CARTESIAN_POINT('',(-0.00159941666613328,-0.0259999999999998,-0.08952037854812));
#6523=CARTESIAN_POINT('',(-0.0022971461839775,-0.0209999999999998,-0.0893403625148228));
#6524=CARTESIAN_POINT('',(-0.0022971461839775,-0.0259999999999998,-0.0893403625148228));
#6525=CARTESIAN_POINT('',(-0.00302947223788344,-0.0209999999999999,-0.0885650774756271));
#6526=CARTESIAN_POINT('',(-0.00302947223788344,-0.0259999999999998,-0.0885650774756271));
#6527=CARTESIAN_POINT('',(-0.00336663147144839,-0.0209999999999999,-0.0875742401113836));
#6528=CARTESIAN_POINT('',(-0.00336663147144839,-0.0259999999999998,-0.0875742401113836));
#6529=CARTESIAN_POINT('',(-0.00311009293361324,-0.0209999999999998,-0.0878481062526473));
#6530=CARTESIAN_POINT('',(-0.00311009293361324,-0.0259999999999998,-0.0878481062526473));
#6531=CARTESIAN_POINT('',(-0.00268546111126846,-0.0209999999999999,-0.0883438426928907));
#6532=CARTESIAN_POINT('',(-0.00268546111126846,-0.0259999999999998,-0.0883438426928907));
#6533=CARTESIAN_POINT('',(-0.00211410369426567,-0.0209999999999998,-0.0885796046232727));
#6534=CARTESIAN_POINT('',(-0.00211410369426567,-0.0259999999999998,-0.0885796046232727));
#6535=CARTESIAN_POINT('',(-0.00149485113028359,-0.0209999999999999,-0.0882619319334416));
#6536=CARTESIAN_POINT('',(-0.00149485113028359,-0.0259999999999998,-0.0882619319334416));
#6537=CARTESIAN_POINT('',(-0.000984779569849791,-0.0209999999999999,-0.0876623309477828));
#6538=CARTESIAN_POINT('',(-0.000984779569849791,-0.0259999999999998,-0.0876623309477828));
#6539=CARTESIAN_POINT('',(-0.000638904735106947,-0.0209999999999999,-0.0867305678037145));
#6540=CARTESIAN_POINT('',(-0.000638904735106947,-0.0259999999999998,-0.0867305678037145));
#6541=CARTESIAN_POINT('',(-0.0011321284003031,-0.0209999999999999,-0.0860361632428271));
#6542=CARTESIAN_POINT('',(-0.0011321284003031,-0.0259999999999998,-0.0860361632428271));
#6543=CARTESIAN_POINT('',(-0.0019791084545013,-0.0209999999999998,-0.0858337705731321));
#6544=CARTESIAN_POINT('',(-0.0019791084545013,-0.0259999999999998,-0.0858337705731321));
#6545=CARTESIAN_POINT('',(-0.00288393997816665,-0.0209999999999999,-0.0860343358469073));
#6546=CARTESIAN_POINT('',(-0.00288393997816665,-0.0259999999999998,-0.0860343358469073));
#6547=CARTESIAN_POINT('',(-0.00399152364952767,-0.0209999999999999,-0.0868601062382958));
#6548=CARTESIAN_POINT('',(-0.00399152364952767,-0.0259999999999998,-0.0868601062382958));
#6549=CARTESIAN_POINT('',(-0.00476292317463022,-0.0209999999999999,-0.0880883067001912));
#6550=CARTESIAN_POINT('',(-0.00476292317463022,-0.0259999999999998,-0.0880883067001912));
#6551=CARTESIAN_POINT('',(-0.00478029085401705,-0.0209999999999999,-0.0892801282287378));
#6552=CARTESIAN_POINT('',(-0.00478029085401705,-0.0259999999999998,-0.0892801282287378));
#6553=CARTESIAN_POINT('',(-0.00404514034558326,-0.0209999999999999,-0.090440501943071));
#6554=CARTESIAN_POINT('',(-0.00404514034558326,-0.0259999999999998,-0.090440501943071));
#6555=CARTESIAN_POINT('',(-0.00279907559140498,-0.0209999999999999,-0.0911496679738785));
#6556=CARTESIAN_POINT('',(-0.00279907559140498,-0.0259999999999998,-0.0911496679738785));
#6557=CARTESIAN_POINT('',(-0.00127407913370509,-0.0209999999999999,-0.0911708679038675));
#6558=CARTESIAN_POINT('',(-0.00127407913370509,-0.0259999999999998,-0.0911708679038675));
#6559=CARTESIAN_POINT('',(0.000370443149121347,-0.0209999999999998,-0.0908711409279793));
#6560=CARTESIAN_POINT('',(0.000370443149121347,-0.0259999999999998,-0.0908711409279793));
#6561=CARTESIAN_POINT('',(0.00199742954069668,-0.0209999999999999,-0.090426036828071));
#6562=CARTESIAN_POINT('',(0.00199742954069668,-0.0259999999999998,-0.090426036828071));
#6563=CARTESIAN_POINT('',(0.00360075152178075,-0.0209999999999999,-0.0896241849891082));
#6564=CARTESIAN_POINT('',(0.00360075152178075,-0.0259999999999998,-0.0896241849891082));
#6565=CARTESIAN_POINT('',(0.00516147449081101,-0.0209999999999999,-0.0882782893343028));
#6566=CARTESIAN_POINT('',(0.00516147449081101,-0.0259999999999998,-0.0882782893343028));
#6567=CARTESIAN_POINT('',(0.00657364149979108,-0.0209999999999999,-0.0866466643713565));
#6568=CARTESIAN_POINT('',(0.00657364149979108,-0.0259999999999998,-0.0866466643713565));
#6569=CARTESIAN_POINT('',(0.00771274050389872,-0.0209999999999999,-0.0850770129815459));
#6570=CARTESIAN_POINT('',(0.00771274050389872,-0.0259999999999998,-0.0850770129815459));
#6571=CARTESIAN_POINT('',(0.00849584601649715,-0.0209999999999999,-0.083712284919312));
#6572=CARTESIAN_POINT('',(0.00849584601649715,-0.0259999999999998,-0.083712284919312));
#6573=CARTESIAN_POINT('',(0.00898805681214414,-0.0209999999999999,-0.0820343186772836));
#6574=CARTESIAN_POINT('',(0.00898805681214414,-0.0259999999999998,-0.0820343186772836));
#6575=CARTESIAN_POINT('',(0.00923635718911874,-0.0209999999999998,-0.0794801035390087));
#6576=CARTESIAN_POINT('',(0.00923635718911874,-0.0259999999999998,-0.0794801035390087));
#6577=CARTESIAN_POINT('',(0.00927125685028044,-0.0209999999999999,-0.0777066875229537));
#6578=CARTESIAN_POINT('',(0.00927125685028044,-0.0259999999999998,-0.0777066875229537));
#6579=CARTESIAN_POINT('',(0.00921327668332981,-0.0209999999999998,-0.0772538628949998));
#6580=CARTESIAN_POINT('',(0.00921327668332981,-0.0259999999999998,-0.0772538628949998));
#6581=CARTESIAN_POINT('',(0.00913124484216135,-0.0209999999999999,-0.077574947144905));
#6582=CARTESIAN_POINT('',(0.00913124484216135,-0.0259999999999998,-0.077574947144905));
#6583=CARTESIAN_POINT('',(0.00900111286193999,-0.0209999999999999,-0.0783802684567712));
#6584=CARTESIAN_POINT('',(0.00900111286193999,-0.0259999999999998,-0.0783802684567712));
#6585=CARTESIAN_POINT('',(0.00875055614302832,-0.0209999999999999,-0.0798664254529426));
#6586=CARTESIAN_POINT('',(0.00875055614302832,-0.0259999999999998,-0.0798664254529426));
#6587=CARTESIAN_POINT('',(0.00827060092133686,-0.0209999999999999,-0.0820484383582544));
#6588=CARTESIAN_POINT('',(0.00827060092133686,-0.0259999999999998,-0.0820484383582544));
#6589=CARTESIAN_POINT('',(0.00734397676468588,-0.0209999999999999,-0.0838219125608349));
#6590=CARTESIAN_POINT('',(0.00734397676468588,-0.0259999999999998,-0.0838219125608349));
#6591=CARTESIAN_POINT('',(0.00598382905403569,-0.0209999999999999,-0.0847871333580928));
#6592=CARTESIAN_POINT('',(0.00598382905403569,-0.0259999999999998,-0.0847871333580928));
#6593=CARTESIAN_POINT('',(0.00400012682879957,-0.0209999999999999,-0.0849153291839317));
#6594=CARTESIAN_POINT('',(0.00400012682879957,-0.0259999999999998,-0.0849153291839317));
#6595=CARTESIAN_POINT('',(0.00189490587528552,-0.0209999999999999,-0.0843215434508515));
#6596=CARTESIAN_POINT('',(0.00189490587528552,-0.0259999999999998,-0.0843215434508515));
#6597=CARTESIAN_POINT('',(0.000521237010710949,-0.0209999999999999,-0.0831579290429465));
#6598=CARTESIAN_POINT('',(0.000521237010710949,-0.0259999999999998,-0.0831579290429465));
#6599=CARTESIAN_POINT('',(0.000412892804164227,-0.0209999999999998,-0.0816108829903681));
#6600=CARTESIAN_POINT('',(0.000412892804164227,-0.0259999999999998,-0.0816108829903681));
#6601=CARTESIAN_POINT('',(0.00103043759631555,-0.0209999999999999,-0.0800697328884749));
#6602=CARTESIAN_POINT('',(0.00103043759631555,-0.0259999999999998,-0.0800697328884749));
#6603=CARTESIAN_POINT('',(0.00204066578847585,-0.0209999999999998,-0.0788912041575266));
#6604=CARTESIAN_POINT('',(0.00204066578847585,-0.0259999999999998,-0.0788912041575266));
#6605=CARTESIAN_POINT('',(0.00346953713436655,-0.0209999999999999,-0.0785250299274004));
#6606=CARTESIAN_POINT('',(0.00346953713436655,-0.0259999999999998,-0.0785250299274004));
#6607=CARTESIAN_POINT('',(0.00476392084886783,-0.0209999999999998,-0.0790624817394982));
#6608=CARTESIAN_POINT('',(0.00476392084886783,-0.0259999999999998,-0.0790624817394982));
#6609=CARTESIAN_POINT('',(0.00542953387970925,-0.0209999999999999,-0.0798382988355534));
#6610=CARTESIAN_POINT('',(0.00542953387970925,-0.0259999999999998,-0.0798382988355534));
#6611=CARTESIAN_POINT('',(0.00564560600272467,-0.0209999999999999,-0.0805756501369802));
#6612=CARTESIAN_POINT('',(0.00564560600272467,-0.0259999999999998,-0.0805756501369802));
#6613=CARTESIAN_POINT('',(0.00557545582203203,-0.0209999999999999,-0.0813467073794946));
#6614=CARTESIAN_POINT('',(0.00557545582203203,-0.0259999999999998,-0.0813467073794946));
#6615=CARTESIAN_POINT('',(0.00523879776135462,-0.0209999999999999,-0.0820217203701037));
#6616=CARTESIAN_POINT('',(0.00523879776135462,-0.0259999999999998,-0.0820217203701037));
#6617=CARTESIAN_POINT('',(0.00463178654110482,-0.0209999999999999,-0.0824590603239256));
#6618=CARTESIAN_POINT('',(0.00463178654110482,-0.0259999999999998,-0.0824590603239256));
#6619=CARTESIAN_POINT('',(0.00382618416393028,-0.0209999999999999,-0.0825754319099699));
#6620=CARTESIAN_POINT('',(0.00382618416393028,-0.0259999999999998,-0.0825754319099699));
#6621=CARTESIAN_POINT('',(0.00313764362796718,-0.0209999999999999,-0.0824907581572981));
#6622=CARTESIAN_POINT('',(0.00313764362796718,-0.0259999999999998,-0.0824907581572981));
#6623=CARTESIAN_POINT('',(0.00279083852179122,-0.0209999999999999,-0.0822420368426393));
#6624=CARTESIAN_POINT('',(0.00279083852179122,-0.0259999999999998,-0.0822420368426393));
#6625=CARTESIAN_POINT('',(0.0037145694465727,-0.0209999999999999,-0.081948957825449));
#6626=CARTESIAN_POINT('',(0.0037145694465727,-0.0259999999999998,-0.081948957825449));
#6627=CARTESIAN_POINT('',(0.00447768367646014,-0.0209999999999999,-0.0813469539566418));
#6628=CARTESIAN_POINT('',(0.00447768367646014,-0.0259999999999998,-0.0813469539566418));
#6629=CARTESIAN_POINT('',(0.004714191349786,-0.0209999999999999,-0.0807225930906399));
#6630=CARTESIAN_POINT('',(0.004714191349786,-0.0259999999999998,-0.0807225930906399));
#6631=CARTESIAN_POINT('',(0.00467287784488964,-0.0209999999999998,-0.0800795740656551));
#6632=CARTESIAN_POINT('',(0.00467287784488964,-0.0259999999999998,-0.0800795740656551));
#6633=CARTESIAN_POINT('',(0.00426484461404539,-0.0209999999999999,-0.0793794968046311));
#6634=CARTESIAN_POINT('',(0.00426484461404539,-0.0259999999999998,-0.0793794968046311));
#6635=CARTESIAN_POINT('',(0.00340468191297913,-0.0209999999999999,-0.0791561839335069));
#6636=CARTESIAN_POINT('',(0.00340468191297913,-0.0259999999999998,-0.0791561839335069));
#6637=CARTESIAN_POINT('',(0.0025148591232866,-0.0209999999999999,-0.0794705334966287));
#6638=CARTESIAN_POINT('',(0.0025148591232866,-0.0259999999999998,-0.0794705334966287));
#6639=CARTESIAN_POINT('',(0.00174102972490969,-0.0209999999999999,-0.0801697054278296));
#6640=CARTESIAN_POINT('',(0.00174102972490969,-0.0259999999999998,-0.0801697054278296));
#6641=CARTESIAN_POINT('',(0.00122932841361705,-0.0209999999999999,-0.0812457637510312));
#6642=CARTESIAN_POINT('',(0.00122932841361705,-0.0259999999999998,-0.0812457637510312));
#6643=CARTESIAN_POINT('',(0.0011549151148403,-0.0209999999999999,-0.0823065083396391));
#6644=CARTESIAN_POINT('',(0.0011549151148403,-0.0259999999999998,-0.0823065083396391));
#6645=CARTESIAN_POINT('',(0.00143419177444736,-0.0209999999999999,-0.0832218454811546));
#6646=CARTESIAN_POINT('',(0.00143419177444736,-0.0259999999999998,-0.0832218454811546));
#6647=CARTESIAN_POINT('',(0.00231501934620968,-0.0209999999999998,-0.0840474585884731));
#6648=CARTESIAN_POINT('',(0.00231501934620968,-0.0259999999999998,-0.0840474585884731));
#6649=CARTESIAN_POINT('',(0.00372290812004525,-0.0209999999999999,-0.0843851896257197));
#6650=CARTESIAN_POINT('',(0.00372290812004525,-0.0259999999999998,-0.0843851896257197));
#6651=CARTESIAN_POINT('',(0.00519175741973235,-0.0209999999999998,-0.0840193749987192));
#6652=CARTESIAN_POINT('',(0.00519175741973235,-0.0259999999999998,-0.0840193749987192));
#6653=CARTESIAN_POINT('',(0.00649453997571612,-0.0209999999999999,-0.0829033948412931));
#6654=CARTESIAN_POINT('',(0.00649453997571612,-0.0259999999999998,-0.0829033948412931));
#6655=CARTESIAN_POINT('',(0.00751227100589254,-0.0209999999999999,-0.0812547679387082));
#6656=CARTESIAN_POINT('',(0.00751227100589254,-0.0259999999999998,-0.0812547679387082));
#6657=CARTESIAN_POINT('',(0.00834916054101823,-0.0209999999999999,-0.0787374077141187));
#6658=CARTESIAN_POINT('',(0.00834916054101823,-0.0259999999999998,-0.0787374077141187));
#6659=CARTESIAN_POINT('',(0.00832806555549029,-0.0209999999999999,-0.07617623112843));
#6660=CARTESIAN_POINT('',(0.00832806555549029,-0.0259999999999998,-0.07617623112843));
#6661=CARTESIAN_POINT('',(0.00766543346667039,-0.0209999999999999,-0.0741773118949984));
#6662=CARTESIAN_POINT('',(0.00766543346667039,-0.0259999999999998,-0.0741773118949984));
#6663=CARTESIAN_POINT('',(0.00679068670048467,-0.0209999999999998,-0.0727626803394103));
#6664=CARTESIAN_POINT('',(0.00679068670048467,-0.0259999999999998,-0.0727626803394103));
#6665=CARTESIAN_POINT('',(0.00541310923410717,-0.0209999999999999,-0.0711775865287801));
#6666=CARTESIAN_POINT('',(0.00541310923410717,-0.0259999999999998,-0.0711775865287801));
#6667=CARTESIAN_POINT('',(0.00388122519346394,-0.0209999999999998,-0.0694530072256266));
#6668=CARTESIAN_POINT('',(0.00388122519346394,-0.0259999999999998,-0.0694530072256266));
#6669=CARTESIAN_POINT('',(0.00289242644727083,-0.0209999999999999,-0.0680170687244315));
#6670=CARTESIAN_POINT('',(0.00289242644727083,-0.0259999999999998,-0.0680170687244315));
#6671=CARTESIAN_POINT('',(0.00251971564992013,-0.0209999999999999,-0.066899963158532));
#6672=CARTESIAN_POINT('',(0.00251971564992013,-0.0259999999999998,-0.066899963158532));
#6673=CARTESIAN_POINT('',(0.00239946112501801,-0.0209999999999999,-0.0662804174034538));
#6674=CARTESIAN_POINT('',(0.00239946112501801,-0.0259999999999998,-0.0662804174034538));
#6675=CARTESIAN_POINT('',(0.00236214970468158,-0.0209999999999998,-0.0661325993024259));
#6676=CARTESIAN_POINT('',(0.00236214970468158,-0.0259999999999998,-0.0661325993024259));
#6677=CARTESIAN_POINT('',(0.00233494799498851,-0.0209999999999999,-0.0668406173406349));
#6678=CARTESIAN_POINT('',(0.00233494799498851,-0.0259999999999998,-0.0668406173406349));
#6679=CARTESIAN_POINT('',(0.00228627682547462,-0.0209999999999998,-0.0683472508282142));
#6680=CARTESIAN_POINT('',(0.00228627682547462,-0.0259999999999998,-0.0683472508282142));
#6681=CARTESIAN_POINT('',(0.00211349718981986,-0.0209999999999999,-0.069651357617082));
#6682=CARTESIAN_POINT('',(0.00211349718981986,-0.0259999999999998,-0.069651357617082));
#6683=CARTESIAN_POINT('',(0.00187456398592071,-0.0209999999999999,-0.0702255579286481));
#6684=CARTESIAN_POINT('',(0.00187456398592071,-0.0259999999999998,-0.0702255579286481));
#6685=CARTESIAN_POINT('',(0.00167100622459081,-0.0209999999999999,-0.0705049085438974));
#6686=CARTESIAN_POINT('',(0.00167100622459081,-0.0259999999999998,-0.0705049085438974));
#6687=CARTESIAN_POINT('',(0.00177483016422331,-0.0209999999999998,-0.070774895551471));
#6688=CARTESIAN_POINT('',(0.00177483016422331,-0.0259999999999998,-0.070774895551471));
#6689=CARTESIAN_POINT('',(0.00217963634321031,-0.0209999999999999,-0.0711522587588449));
#6690=CARTESIAN_POINT('',(0.00217963634321031,-0.0259999999999998,-0.0711522587588449));
#6691=CARTESIAN_POINT('',(0.00266995622090898,-0.0209999999999999,-0.0716486409952916));
#6692=CARTESIAN_POINT('',(0.00266995622090898,-0.0259999999999998,-0.0716486409952916));
#6693=CARTESIAN_POINT('',(0.00305489998844745,-0.0209999999999999,-0.072307339340319));
#6694=CARTESIAN_POINT('',(0.00305489998844745,-0.0259999999999998,-0.072307339340319));
#6695=CARTESIAN_POINT('',(0.00328869527971967,-0.0209999999999999,-0.0733954631647974));
#6696=CARTESIAN_POINT('',(0.00328869527971967,-0.0259999999999998,-0.0733954631647974));
#6697=CARTESIAN_POINT('',(0.00313958487604778,-0.0209999999999998,-0.0750097119715969));
#6698=CARTESIAN_POINT('',(0.00313958487604778,-0.0259999999999998,-0.0750097119715969));
#6699=CARTESIAN_POINT('',(0.00231879121520271,-0.0209999999999999,-0.0769301267487164));
#6700=CARTESIAN_POINT('',(0.00231879121520271,-0.0259999999999998,-0.0769301267487164));
#6701=CARTESIAN_POINT('',(0.00102327614915334,-0.0209999999999999,-0.078534228906269));
#6702=CARTESIAN_POINT('',(0.00102327614915334,-0.0259999999999998,-0.078534228906269));
#6703=CARTESIAN_POINT('',(-0.000442841601662578,-0.0209999999999999,-0.0798124125012151));
#6704=CARTESIAN_POINT('',(-0.000442841601662578,-0.0259999999999998,-0.0798124125012151));
#6705=CARTESIAN_POINT('',(-0.00174003229589842,-0.0209999999999999,-0.0806497648818022));
#6706=CARTESIAN_POINT('',(-0.00174003229589842,-0.0259999999999998,-0.0806497648818022));
#6707=CARTESIAN_POINT('',(-0.00278734439319133,-0.0209999999999999,-0.0812774214182113));
#6708=CARTESIAN_POINT('',(-0.00278734439319133,-0.0259999999999998,-0.0812774214182113));
#6709=CARTESIAN_POINT('',(-0.00375685071834573,-0.0209999999999999,-0.0820058715942584));
#6710=CARTESIAN_POINT('',(-0.00375685071834573,-0.0259999999999998,-0.0820058715942584));
#6711=CARTESIAN_POINT('',(-0.00479351382772004,-0.0209999999999999,-0.08288152703643));
#6712=CARTESIAN_POINT('',(-0.00479351382772004,-0.0259999999999998,-0.08288152703643));
#6713=CARTESIAN_POINT('',(-0.00565191325079027,-0.0209999999999999,-0.0836234800244255));
#6714=CARTESIAN_POINT('',(-0.00565191325079027,-0.0259999999999998,-0.0836234800244255));
#6715=CARTESIAN_POINT('',(-0.0057695151333942,-0.0209999999999998,-0.0835441515247228));
#6716=CARTESIAN_POINT('',(-0.0057695151333942,-0.0259999999999998,-0.0835441515247228));
#6717=CARTESIAN_POINT('',(-0.00540005030333424,-0.0209999999999999,-0.0828839647032532));
#6718=CARTESIAN_POINT('',(-0.00540005030333424,-0.0259999999999998,-0.0828839647032532));
#6719=CARTESIAN_POINT('',(-0.00454451862672943,-0.0209999999999999,-0.0814302349220011));
#6720=CARTESIAN_POINT('',(-0.00454451862672943,-0.0259999999999998,-0.0814302349220011));
#6721=CARTESIAN_POINT('',(-0.00439764805238179,-0.0209999999999998,-0.0799604745929521));
#6722=CARTESIAN_POINT('',(-0.00439764805238179,-0.0259999999999998,-0.0799604745929521));
#6723=CARTESIAN_POINT('',(-0.00465717942616247,-0.0209999999999999,-0.0786004465667739));
#6724=CARTESIAN_POINT('',(-0.00465717942616247,-0.0259999999999998,-0.0786004465667739));
#6725=CARTESIAN_POINT('',(-0.00473898754286367,-0.0209999999999999,-0.0771007943367885));
#6726=CARTESIAN_POINT('',(-0.00473898754286367,-0.0259999999999998,-0.0771007943367885));
#6727=CARTESIAN_POINT('',(-0.00461872283976864,-0.0209999999999998,-0.0756178992237683));
#6728=CARTESIAN_POINT('',(-0.00461872283976864,-0.0259999999999998,-0.0756178992237683));
#6729=CARTESIAN_POINT('',(-0.00425639766462208,-0.0209999999999999,-0.0742889914153705));
#6730=CARTESIAN_POINT('',(-0.00425639766462208,-0.0259999999999998,-0.0742889914153705));
#6731=CARTESIAN_POINT('',(-0.00369807821317009,-0.0209999999999999,-0.0729615674575685));
#6732=CARTESIAN_POINT('',(-0.00369807821317009,-0.0259999999999998,-0.0729615674575685));
#6733=CARTESIAN_POINT('',(-0.00305823463346422,-0.0209999999999999,-0.0718373724727151));
#6734=CARTESIAN_POINT('',(-0.00305823463346422,-0.0259999999999998,-0.0718373724727151));
#6735=CARTESIAN_POINT('',(-0.002316709756827,-0.0209999999999999,-0.0711811068243581));
#6736=CARTESIAN_POINT('',(-0.002316709756827,-0.0259999999999998,-0.0711811068243581));
#6737=CARTESIAN_POINT('',(-0.00136625708157061,-0.0209999999999998,-0.0707838119272016));
#6738=CARTESIAN_POINT('',(-0.00136625708157061,-0.0259999999999998,-0.0707838119272016));
#6739=CARTESIAN_POINT('',(-0.000190862158442319,-0.0209999999999999,-0.0707028464913437));
#6740=CARTESIAN_POINT('',(-0.000190862158442319,-0.0259999999999998,-0.0707028464913437));
#6741=CARTESIAN_POINT('',(0.000744909070185857,-0.0209999999999999,-0.0704195636753558));
#6742=CARTESIAN_POINT('',(0.000744909070185857,-0.0259999999999998,-0.0704195636753558));
#6743=CARTESIAN_POINT('',(0.00134915092940944,-0.0209999999999999,-0.0698093035971367));
#6744=CARTESIAN_POINT('',(0.00134915092940944,-0.0259999999999998,-0.0698093035971367));
#6745=CARTESIAN_POINT('',(0.00142525498913615,-0.0209999999999999,-0.0686922151674916));
#6746=CARTESIAN_POINT('',(0.00142525498913615,-0.0259999999999998,-0.0686922151674916));
#6747=CARTESIAN_POINT('',(0.00136406625106684,-0.0209999999999999,-0.0675719132401038));
#6748=CARTESIAN_POINT('',(0.00136406625106684,-0.0259999999999998,-0.0675719132401038));
#6749=CARTESIAN_POINT('',(0.0013442008873695,-0.0209999999999999,-0.0666317220337367));
#6750=CARTESIAN_POINT('',(0.0013442008873695,-0.0259999999999998,-0.0666317220337367));
#6751=CARTESIAN_POINT('',(0.0014311832620071,-0.0209999999999998,-0.0659560908887375));
#6752=CARTESIAN_POINT('',(0.0014311832620071,-0.0259999999999998,-0.0659560908887375));
#6753=CARTESIAN_POINT('',(0.00140340139768788,-0.0209999999999999,-0.0649872669268279));
#6754=CARTESIAN_POINT('',(0.00140340139768788,-0.0259999999999998,-0.0649872669268279));
#6755=CARTESIAN_POINT('',(0.0012387083957855,-0.0209999999999999,-0.0636634026309311));
#6756=CARTESIAN_POINT('',(0.0012387083957855,-0.0259999999999998,-0.0636634026309311));
#6757=CARTESIAN_POINT('',(0.000943215801943248,-0.0209999999999999,-0.0622606341818282));
#6758=CARTESIAN_POINT('',(0.000943215801943248,-0.0259999999999998,-0.0622606341818282));
#6759=CARTESIAN_POINT('',(0.000662240324314486,-0.0209999999999998,-0.0616534348775751));
#6760=CARTESIAN_POINT('',(0.000662240324314486,-0.0259999999999998,-0.0616534348775751));
#6761=CARTESIAN_POINT('',(0.000446898039789082,-0.0209999999999999,-0.0619163497481687));
#6762=CARTESIAN_POINT('',(0.000446898039789082,-0.0259999999999998,-0.0619163497481687));
#6763=CARTESIAN_POINT('',(0.000283571110092951,-0.0209999999999999,-0.0631665561914428));
#6764=CARTESIAN_POINT('',(0.000283571110092951,-0.0259999999999998,-0.0631665561914428));
#6765=CARTESIAN_POINT('',(4.29872365859032E-05,-0.0209999999999999,-0.0645423205717839));
#6766=CARTESIAN_POINT('',(4.29872365859032E-05,-0.0259999999999998,-0.0645423205717839));
#6767=CARTESIAN_POINT('',(-0.000292807444702507,-0.0209999999999999,-0.0657011710853843));
#6768=CARTESIAN_POINT('',(-0.000292807444702507,-0.0259999999999998,-0.0657011710853843));
#6769=CARTESIAN_POINT('',(-0.000915422685012437,-0.0209999999999999,-0.0668221287948295));
#6770=CARTESIAN_POINT('',(-0.000915422685012437,-0.0259999999999998,-0.0668221287948295));
#6771=CARTESIAN_POINT('',(-0.00205734828842622,-0.0209999999999999,-0.0681952851780755));
#6772=CARTESIAN_POINT('',(-0.00205734828842622,-0.0259999999999998,-0.0681952851780755));
#6773=CARTESIAN_POINT('',(-0.00362669903423629,-0.0209999999999999,-0.0699872627112939));
#6774=CARTESIAN_POINT('',(-0.00362669903423629,-0.0259999999999998,-0.0699872627112939));
#6775=CARTESIAN_POINT('',(-0.00542574226338686,-0.0209999999999999,-0.0718277995065326));
#6776=CARTESIAN_POINT('',(-0.00542574226338686,-0.0259999999999998,-0.0718277995065326));
#6777=CARTESIAN_POINT('',(-0.00727991814866635,-0.0209999999999999,-0.0734230548442551));
#6778=CARTESIAN_POINT('',(-0.00727991814866635,-0.0259999999999998,-0.0734230548442551));
#6779=CARTESIAN_POINT('',(-0.00900925283253392,-0.0209999999999999,-0.0744561189664604));
#6780=CARTESIAN_POINT('',(-0.00900925283253392,-0.0259999999999998,-0.0744561189664604));
#6781=CARTESIAN_POINT('',(-0.0103451047266108,-0.0209999999999999,-0.0749598122495151));
#6782=CARTESIAN_POINT('',(-0.0103451047266108,-0.0259999999999998,-0.0749598122495151));
#6783=CARTESIAN_POINT('',(-0.0113633577441537,-0.0209999999999999,-0.0752136998924198));
#6784=CARTESIAN_POINT('',(-0.0113633577441537,-0.0259999999999998,-0.0752136998924198));
#6785=CARTESIAN_POINT('',(-0.0120749807054298,-0.0209999999999999,-0.0753506273922735));
#6786=CARTESIAN_POINT('',(-0.0120749807054298,-0.0259999999999998,-0.0753506273922735));
#6787=CARTESIAN_POINT('',(-0.0125363355268673,-0.0209999999999999,-0.0754853695108957));
#6788=CARTESIAN_POINT('',(-0.0125363355268673,-0.0259999999999998,-0.0754853695108957));
#6789=CARTESIAN_POINT('',(-0.0125021291443921,-0.0209999999999999,-0.0757325786594665));
#6790=CARTESIAN_POINT('',(-0.0125021291443921,-0.0259999999999998,-0.0757325786594665));
#6791=CARTESIAN_POINT('',(-0.0115586289330125,-0.0209999999999999,-0.0761435186253639));
#6792=CARTESIAN_POINT('',(-0.0115586289330125,-0.0259999999999998,-0.0761435186253639));
#6793=CARTESIAN_POINT('',(-0.010819012861654,-0.0209999999999999,-0.0767915163635683));
#6794=CARTESIAN_POINT('',(-0.010819012861654,-0.0259999999999998,-0.0767915163635683));
#6795=CARTESIAN_POINT('',(-0.0103567423762085,-0.0209999999999999,-0.0775851576600603));
#6796=CARTESIAN_POINT('',(-0.0103567423762085,-0.0259999999999998,-0.0775851576600603));
#6797=CARTESIAN_POINT('',(-0.0100468833971254,-0.0209999999999999,-0.0787106200205447));
#6798=CARTESIAN_POINT('',(-0.0100468833971254,-0.0259999999999998,-0.0787106200205447));
#6799=CARTESIAN_POINT('',(-0.0096082178022666,-0.0209999999999998,-0.0796905399331896));
#6800=CARTESIAN_POINT('',(-0.0096082178022666,-0.0259999999999998,-0.0796905399331896));
#6801=CARTESIAN_POINT('',(-0.00914659383103157,-0.0209999999999999,-0.0801877764109197));
#6802=CARTESIAN_POINT('',(-0.00914659383103157,-0.0259999999999998,-0.0801877764109197));
#6803=CARTESIAN_POINT('',(-0.00874190039977712,-0.0209999999999999,-0.0803556201995784));
#6804=CARTESIAN_POINT('',(-0.00874190039977712,-0.0259999999999998,-0.0803556201995784));
#6805=CARTESIAN_POINT('',(-0.00831295423023285,-0.0209999999999999,-0.0804296591960678));
#6806=CARTESIAN_POINT('',(-0.00831295423023285,-0.0259999999999998,-0.0804296591960678));
#6807=CARTESIAN_POINT('',(-0.00788376375007563,-0.0209999999999999,-0.0805801603100383));
#6808=CARTESIAN_POINT('',(-0.00788376375007563,-0.0259999999999998,-0.0805801603100383));
#6809=CARTESIAN_POINT('',(-0.00756228299415339,-0.0209999999999999,-0.0808197494262983));
#6810=CARTESIAN_POINT('',(-0.00756228299415339,-0.0259999999999998,-0.0808197494262983));
#6811=CARTESIAN_POINT('',(-0.00755847954189665,-0.0209999999999999,-0.0809908643235649));
#6812=CARTESIAN_POINT('',(-0.00755847954189665,-0.0259999999999998,-0.0809908643235649));
#6813=CARTESIAN_POINT('',(-0.00793739632627118,-0.0209999999999999,-0.0811448318215728));
#6814=CARTESIAN_POINT('',(-0.00793739632627118,-0.0259999999999998,-0.0811448318215728));
#6815=CARTESIAN_POINT('',(-0.00889539914339747,-0.0209999999999999,-0.0814322972469487));
#6816=CARTESIAN_POINT('',(-0.00889539914339747,-0.0259999999999998,-0.0814322972469487));
#6817=CARTESIAN_POINT('',(-0.0102627912188953,-0.0209999999999999,-0.0817707784540927));
#6818=CARTESIAN_POINT('',(-0.0102627912188953,-0.0259999999999998,-0.0817707784540927));
#6819=CARTESIAN_POINT('',(-0.0115589422947233,-0.0209999999999999,-0.0820810465921762));
#6820=CARTESIAN_POINT('',(-0.0115589422947233,-0.0259999999999998,-0.0820810465921762));
#6821=CARTESIAN_POINT('',(-0.0126119765674231,-0.0209999999999998,-0.0823467570733256));
#6822=CARTESIAN_POINT('',(-0.0126119765674231,-0.0259999999999998,-0.0823467570733256));
#6823=CARTESIAN_POINT('',(-0.0133411713398584,-0.0209999999999999,-0.0824644770280805));
#6824=CARTESIAN_POINT('',(-0.0133411713398584,-0.0259999999999998,-0.0824644770280805));
#6825=CARTESIAN_POINT('',(-0.0141751452392705,-0.0209999999999999,-0.08219550279108));
#6826=CARTESIAN_POINT('',(-0.0141751452392705,-0.0259999999999998,-0.08219550279108));
#6827=CARTESIAN_POINT('',(-0.0151470203338329,-0.0209999999999999,-0.0816492129402756));
#6828=CARTESIAN_POINT('',(-0.0151470203338329,-0.0259999999999998,-0.0816492129402756));
#6829=CARTESIAN_POINT('',(-0.0159367471853869,-0.0209999999999999,-0.0811395375391145));
#6830=CARTESIAN_POINT('',(-0.0159367471853869,-0.0259999999999998,-0.0811395375391145));
#6831=CARTESIAN_POINT('',(-0.0158202775727566,-0.0209999999999999,-0.0815101816574148));
#6832=CARTESIAN_POINT('',(-0.0158202775727566,-0.0259999999999998,-0.0815101816574148));
#6833=CARTESIAN_POINT('',(-0.0155256808560835,-0.0209999999999999,-0.0820969127426444));
#6834=CARTESIAN_POINT('',(-0.0155256808560835,-0.0259999999999998,-0.0820969127426444));
#6835=CARTESIAN_POINT('',(-0.0153099718048059,-0.0209999999999999,-0.0828306529120226));
#6836=CARTESIAN_POINT('',(-0.0153099718048059,-0.0259999999999998,-0.0828306529120226));
#6837=CARTESIAN_POINT('',(-0.0154275983153332,-0.0209999999999999,-0.0835661065528018));
#6838=CARTESIAN_POINT('',(-0.0154275983153332,-0.0259999999999998,-0.0835661065528018));
#6839=CARTESIAN_POINT('',(-0.0157875859014285,-0.0209999999999999,-0.0842889315824173));
#6840=CARTESIAN_POINT('',(-0.0157875859014285,-0.0259999999999998,-0.0842889315824173));
#6841=CARTESIAN_POINT('',(-0.0165002594466477,-0.0209999999999999,-0.0852108100262986));
#6842=CARTESIAN_POINT('',(-0.0165002594466477,-0.0259999999999998,-0.0852108100262986));
#6843=CARTESIAN_POINT('',(-0.017592243886384,-0.0209999999999999,-0.0862236538192818));
#6844=CARTESIAN_POINT('',(-0.017592243886384,-0.0259999999999998,-0.0862236538192818));
#6845=CARTESIAN_POINT('',(-0.0188700265012529,-0.0209999999999999,-0.0871510002751837));
#6846=CARTESIAN_POINT('',(-0.0188700265012529,-0.0259999999999998,-0.0871510002751837));
#6847=CARTESIAN_POINT('',(-0.0202259279040774,-0.0209999999999999,-0.0879509296009953));
#6848=CARTESIAN_POINT('',(-0.0202259279040774,-0.0259999999999998,-0.0879509296009953));
#6849=CARTESIAN_POINT('',(-0.0212613162759716,-0.0209999999999999,-0.0883965924214605));
#6850=CARTESIAN_POINT('',(-0.0212613162759716,-0.0259999999999998,-0.0883965924214605));
#6851=CARTESIAN_POINT('',(-0.0215528477318637,-0.0209999999999999,-0.0881204491907966));
#6852=CARTESIAN_POINT('',(-0.0215528477318637,-0.0259999999999998,-0.0881204491907966));
#6853=CARTESIAN_POINT('',(-0.0215719124225265,-0.0209999999999999,-0.0876285469224352));
#6854=CARTESIAN_POINT('',(-0.0215719124225265,-0.0259999999999998,-0.0876285469224352));
#6855=CARTESIAN_POINT('',(-0.0215999935571805,-0.0209999999999999,-0.086990809374758));
#6856=CARTESIAN_POINT('',(-0.0215999935571805,-0.0259999999999998,-0.086990809374758));
#6857=CARTESIAN_POINT('',(-0.0218870389885356,-0.0209999999999998,-0.0860995699113521));
#6858=CARTESIAN_POINT('',(-0.0218870389885356,-0.0259999999999998,-0.0860995699113521));
#6859=CARTESIAN_POINT('',(-0.0223415012300505,-0.0209999999999999,-0.0851345062605112));
#6860=CARTESIAN_POINT('',(-0.0223415012300505,-0.0259999999999998,-0.0851345062605112));
#6861=CARTESIAN_POINT('',(-0.0225432051626072,-0.0209999999999999,-0.0840657103275949));
#6862=CARTESIAN_POINT('',(-0.0225432051626072,-0.0259999999999998,-0.0840657103275949));
#6863=CARTESIAN_POINT('',(-0.0224233217912491,-0.0209999999999999,-0.0829119717101956));
#6864=CARTESIAN_POINT('',(-0.0224233217912491,-0.0259999999999998,-0.0829119717101956));
#6865=CARTESIAN_POINT('',(-0.0221229521742779,-0.0209999999999999,-0.0819133579951088));
#6866=CARTESIAN_POINT('',(-0.0221229521742779,-0.0259999999999998,-0.0819133579951088));
#6867=CARTESIAN_POINT('',(-0.022377014658327,-0.0209999999999999,-0.0817695170328081));
#6868=CARTESIAN_POINT('',(-0.022377014658327,-0.0259999999999998,-0.0817695170328081));
#6869=CARTESIAN_POINT('',(-0.0228764847627047,-0.0209999999999999,-0.0820522065642527));
#6870=CARTESIAN_POINT('',(-0.0228764847627047,-0.0259999999999998,-0.0820522065642527));
#6871=CARTESIAN_POINT('',(-0.0235559075366878,-0.0209999999999999,-0.0824660296718829));
#6872=CARTESIAN_POINT('',(-0.0235559075366878,-0.0259999999999998,-0.0824660296718829));
#6873=CARTESIAN_POINT('',(-0.024568388625043,-0.0209999999999999,-0.0828836935792428));
#6874=CARTESIAN_POINT('',(-0.024568388625043,-0.0259999999999998,-0.0828836935792428));
#6875=CARTESIAN_POINT('',(-0.025829800966211,-0.0209999999999999,-0.0827684062933271));
#6876=CARTESIAN_POINT('',(-0.025829800966211,-0.0259999999999998,-0.0827684062933271));
#6877=CARTESIAN_POINT('',(-0.027009439540124,-0.0209999999999999,-0.0823029670806922));
#6878=CARTESIAN_POINT('',(-0.027009439540124,-0.0259999999999998,-0.0823029670806922));
#6879=CARTESIAN_POINT('',(-0.027848697320021,-0.0209999999999998,-0.081967163298763));
#6880=CARTESIAN_POINT('',(-0.027848697320021,-0.0259999999999998,-0.081967163298763));
#6881=CARTESIAN_POINT('',(-0.0284254747738281,-0.0209999999999999,-0.081790881691842));
#6882=CARTESIAN_POINT('',(-0.0284254747738281,-0.0259999999999998,-0.081790881691842));
#6883=CARTESIAN_POINT('',(-0.0289461860862576,-0.0209999999999998,-0.0817544860824209));
#6884=CARTESIAN_POINT('',(-0.0289461860862576,-0.0259999999999998,-0.0817544860824209));
#6885=CARTESIAN_POINT('',(-0.0294059024905386,-0.0209999999999999,-0.0818931347173644));
#6886=CARTESIAN_POINT('',(-0.0294059024905386,-0.0259999999999998,-0.0818931347173644));
#6887=CARTESIAN_POINT('',(-0.0297659712073662,-0.0209999999999999,-0.0819450511421686));
#6888=CARTESIAN_POINT('',(-0.0297659712073662,-0.0259999999999998,-0.0819450511421686));
#6889=CARTESIAN_POINT('',(-0.0299952936184622,-0.0209999999999999,-0.0816412259108858));
#6890=CARTESIAN_POINT('',(-0.0299952936184622,-0.0259999999999998,-0.0816412259108858));
#6891=CARTESIAN_POINT('',(-0.0299877191203272,-0.0209999999999999,-0.0812211874792306));
#6892=CARTESIAN_POINT('',(-0.0299877191203272,-0.0259999999999998,-0.0812211874792306));
#6893=CARTESIAN_POINT('',(-0.0296632958805239,-0.0209999999999999,-0.0809183836119381));
#6894=CARTESIAN_POINT('',(-0.0296632958805239,-0.0259999999999998,-0.0809183836119381));
#6895=CARTESIAN_POINT('',(-0.0292026106320112,-0.0209999999999999,-0.0806122229930166));
#6896=CARTESIAN_POINT('',(-0.0292026106320112,-0.0259999999999998,-0.0806122229930166));
#6897=CARTESIAN_POINT('',(-0.0287956615751779,-0.0209999999999999,-0.0801890218479196));
#6898=CARTESIAN_POINT('',(-0.0287956615751779,-0.0259999999999998,-0.0801890218479196));
#6899=CARTESIAN_POINT('',(-0.0285056340802865,-0.0209999999999999,-0.0796230626949157));
#6900=CARTESIAN_POINT('',(-0.0285056340802865,-0.0259999999999998,-0.0796230626949157));
#6901=CARTESIAN_POINT('',(-0.0281570983821383,-0.0209999999999999,-0.078793043308682));
#6902=CARTESIAN_POINT('',(-0.0281570983821383,-0.0259999999999998,-0.078793043308682));
#6903=CARTESIAN_POINT('',(-0.0276976605407133,-0.0209999999999999,-0.0780072312332894));
#6904=CARTESIAN_POINT('',(-0.0276976605407133,-0.0259999999999998,-0.0780072312332894));
#6905=CARTESIAN_POINT('',(-0.0270268153260415,-0.0209999999999999,-0.0774502502602143));
#6906=CARTESIAN_POINT('',(-0.0270268153260415,-0.0259999999999998,-0.0774502502602143));
#6907=CARTESIAN_POINT('',(-0.0264653660298295,-0.0209999999999999,-0.0771506786600468));
#6908=CARTESIAN_POINT('',(-0.0264653660298295,-0.0259999999999998,-0.0771506786600468));
#6909=CARTESIAN_POINT('',(-0.0258359894865366,-0.0209999999999999,-0.0770090774986869));
#6910=CARTESIAN_POINT('',(-0.0258359894865366,-0.0259999999999998,-0.0770090774986869));
#6911=CARTESIAN_POINT('',(-0.0253136243256518,-0.0209999999999999,-0.0769412985412983));
#6912=CARTESIAN_POINT('',(-0.0253136243256518,-0.0259999999999998,-0.0769412985412983));
#6913=CARTESIAN_POINT('',(-0.0252154228324544,-0.0209999999999999,-0.0767825937931191));
#6914=CARTESIAN_POINT('',(-0.0252154228324544,-0.0259999999999998,-0.0767825937931191));
#6915=CARTESIAN_POINT('',(-0.0256454656485976,-0.0209999999999998,-0.0764548413609357));
#6916=CARTESIAN_POINT('',(-0.0256454656485976,-0.0259999999999998,-0.0764548413609357));
#6917=CARTESIAN_POINT('',(-0.0263064178765092,-0.0209999999999999,-0.0760291082303344));
#6918=CARTESIAN_POINT('',(-0.0263064178765092,-0.0259999999999998,-0.0760291082303344));
#6919=CARTESIAN_POINT('',(-0.0271883500537844,-0.0209999999999998,-0.075392960574511));
#6920=CARTESIAN_POINT('',(-0.0271883500537844,-0.0259999999999998,-0.075392960574511));
#6921=CARTESIAN_POINT('',(-0.0275735668378,-0.0209999999999999,-0.0747590687981762));
#6922=CARTESIAN_POINT('',(-0.0275735668378,-0.0259999999999998,-0.0747590687981762));
#6923=CARTESIAN_POINT('',(-0.0276833666854808,-0.0209999999999999,-0.0739523078604666));
#6924=CARTESIAN_POINT('',(-0.0276833666854808,-0.0259999999999998,-0.0739523078604666));
#6925=CARTESIAN_POINT('',(-0.0276832726422733,-0.0209999999999998,-0.0729577055690935));
#6926=CARTESIAN_POINT('',(-0.0276832726422733,-0.0259999999999998,-0.0729577055690935));
#6927=CARTESIAN_POINT('',(-0.0276202996056001,-0.0209999999999999,-0.0718055791583377));
#6928=CARTESIAN_POINT('',(-0.0276202996056001,-0.0259999999999998,-0.0718055791583377));
#6929=CARTESIAN_POINT('',(-0.0276830317358266,-0.0209999999999999,-0.0708066622549988));
#6930=CARTESIAN_POINT('',(-0.0276830317358266,-0.0259999999999998,-0.0708066622549988));
#6931=CARTESIAN_POINT('',(-0.0279166591964198,-0.0209999999999999,-0.070032516559353));
#6932=CARTESIAN_POINT('',(-0.0279166591964198,-0.0259999999999998,-0.070032516559353));
#6933=CARTESIAN_POINT('',(-0.0281589919251352,-0.0209999999999999,-0.0696332682502496));
#6934=CARTESIAN_POINT('',(-0.0281589919251352,-0.0259999999999998,-0.0696332682502496));
#6935=CARTESIAN_POINT('',(-0.0281828622195413,-0.0209999999999999,-0.0693303303693645));
#6936=CARTESIAN_POINT('',(-0.0281828622195413,-0.0259999999999998,-0.0693303303693645));
#6937=CARTESIAN_POINT('',(-0.0279414426399054,-0.021,-0.0687449190003446));
#6938=CARTESIAN_POINT('',(-0.0279414426399054,-0.026,-0.0687449190003446));
#6939=CARTESIAN_POINT('',(-0.0277518047030067,-0.021,-0.0687446953172361));
#6940=CARTESIAN_POINT('',(-0.0277518047030067,-0.026,-0.0687446953172361));
#6941=CARTESIAN_POINT('',(-0.0273224618226738,-0.021,-0.0693080445626863));
#6942=CARTESIAN_POINT('',(-0.0273224618226738,-0.026,-0.0693080445626863));
#6943=CARTESIAN_POINT('',(-0.0265944075930896,-0.021,-0.0701456291983752));
#6944=CARTESIAN_POINT('',(-0.0265944075930896,-0.026,-0.0701456291983752));
#6945=CARTESIAN_POINT('',(-0.0260066759692264,-0.021,-0.0705147193371587));
#6946=CARTESIAN_POINT('',(-0.0260066759692264,-0.026,-0.0705147193371587));
#6947=CARTESIAN_POINT('',(-0.0253949940359955,-0.021,-0.0706230873472923));
#6948=CARTESIAN_POINT('',(-0.0253949940359955,-0.026,-0.0706230873472923));
#6949=CARTESIAN_POINT('',(-0.0245592570717384,-0.021,-0.0706042666057163));
#6950=CARTESIAN_POINT('',(-0.0245592570717384,-0.026,-0.0706042666057163));
#6951=CARTESIAN_POINT('',(-0.0235058117816572,-0.021,-0.0705567579059129));
#6952=CARTESIAN_POINT('',(-0.0235058117816572,-0.026,-0.0705567579059129));
#6953=CARTESIAN_POINT('',(-0.0223033049892929,-0.021,-0.0711573987990204));
#6954=CARTESIAN_POINT('',(-0.0223033049892929,-0.026,-0.0711573987990204));
#6955=CARTESIAN_POINT('',(-0.0214320473716736,-0.021,-0.0725076944509425));
#6956=CARTESIAN_POINT('',(-0.0214320473716736,-0.026,-0.0725076944509425));
#6957=CARTESIAN_POINT('',(-0.0209392815353941,-0.021,-0.0730645281279605));
#6958=CARTESIAN_POINT('',(-0.0209392815353941,-0.026,-0.0730645281279605));
#6959=CARTESIAN_POINT('',(-0.0207194393236809,-0.021,-0.0729430008934151));
#6960=CARTESIAN_POINT('',(-0.0207194393236809,-0.026,-0.0729430008934151));
#6961=CARTESIAN_POINT('',(-0.0205508895573017,-0.021,-0.0723794611466039));
#6962=CARTESIAN_POINT('',(-0.0205508895573017,-0.026,-0.0723794611466039));
#6963=CARTESIAN_POINT('',(-0.0202886230864929,-0.021,-0.0716144509922828));
#6964=CARTESIAN_POINT('',(-0.0202886230864929,-0.026,-0.0716144509922828));
#6965=CARTESIAN_POINT('',(-0.0197675476242232,-0.021,-0.0708822884826094));
#6966=CARTESIAN_POINT('',(-0.0197675476242232,-0.026,-0.0708822884826094));
#6967=CARTESIAN_POINT('',(-0.0187735664823258,-0.021,-0.0700239171452615));
#6968=CARTESIAN_POINT('',(-0.0187735664823258,-0.026,-0.0700239171452615));
#6969=CARTESIAN_POINT('',(-0.0175864478025737,-0.021,-0.0692782045918954));
#6970=CARTESIAN_POINT('',(-0.0175864478025737,-0.026,-0.0692782045918954));
#6971=CARTESIAN_POINT('',(-0.0166343467598665,-0.021,-0.0685884549346473));
#6972=CARTESIAN_POINT('',(-0.0166343467598665,-0.026,-0.0685884549346473));
#6973=CARTESIAN_POINT('',(-0.0160065232456725,-0.021,-0.067909064751261));
#6974=CARTESIAN_POINT('',(-0.0160065232456725,-0.026,-0.067909064751261));
#6975=CARTESIAN_POINT('',(-0.0156887139763732,-0.021,-0.0672707007707227));
#6976=CARTESIAN_POINT('',(-0.0156887139763732,-0.026,-0.0672707007707227));
#6977=CARTESIAN_POINT('',(-0.0151357928897139,-0.021,-0.0666943623640314));
#6978=CARTESIAN_POINT('',(-0.0151357928897139,-0.026,-0.0666943623640314));
#6979=CARTESIAN_POINT('',(-0.0147345827084633,-0.021,-0.0664465061149212));
#6980=CARTESIAN_POINT('',(-0.0147345827084633,-0.026,-0.0664465061149212));
#6981=CARTESIAN_POINT('',(-0.014646737031857,-0.021,-0.0666615490347917));
#6982=CARTESIAN_POINT('',(-0.014646737031857,-0.026,-0.0666615490347917));
#6983=CARTESIAN_POINT('',(-0.0148385746099164,-0.021,-0.0672821352405704));
#6984=CARTESIAN_POINT('',(-0.0148385746099164,-0.026,-0.0672821352405704));
#6985=CARTESIAN_POINT('',(-0.0151206148467123,-0.021,-0.0680851475445435));
#6986=CARTESIAN_POINT('',(-0.0151206148467123,-0.026,-0.0680851475445435));
#6987=CARTESIAN_POINT('',(-0.0153859673386368,-0.021,-0.0691227119408548));
#6988=CARTESIAN_POINT('',(-0.0153859673386368,-0.026,-0.0691227119408548));
#6989=CARTESIAN_POINT('',(-0.0152717605613418,-0.021,-0.0700657148220447));
#6990=CARTESIAN_POINT('',(-0.0152717605613418,-0.026,-0.0700657148220447));
#6991=CARTESIAN_POINT('',(-0.0147204272585463,-0.021,-0.0712330951941694));
#6992=CARTESIAN_POINT('',(-0.0147204272585463,-0.026,-0.0712330951941694));
#6993=CARTESIAN_POINT('',(-0.0143447326800931,-0.021,-0.072411815801835));
#6994=CARTESIAN_POINT('',(-0.0143447326800931,-0.026,-0.072411815801835));
#6995=CARTESIAN_POINT('',(-0.0145265902394393,-0.021,-0.0735175198620171));
#6996=CARTESIAN_POINT('',(-0.0145265902394393,-0.026,-0.0735175198620171));
#6997=CARTESIAN_POINT('',(-0.0149748557694475,-0.021,-0.0746615745805123));
#6998=CARTESIAN_POINT('',(-0.0149748557694475,-0.026,-0.0746615745805123));
#6999=CARTESIAN_POINT('',(-0.0153861760790289,-0.021,-0.0755759534092582));
#7000=CARTESIAN_POINT('',(-0.0153861760790289,-0.026,-0.0755759534092582));
#7001=CARTESIAN_POINT('',(-0.0149515527426061,-0.021,-0.075704759805851));
#7002=CARTESIAN_POINT('',(-0.0149515527426061,-0.026,-0.075704759805851));
#7003=CARTESIAN_POINT('',(-0.0143077264308827,-0.021,-0.0755128416444103));
#7004=CARTESIAN_POINT('',(-0.0143077264308827,-0.026,-0.0755128416444103));
#7005=CARTESIAN_POINT('',(-0.0135090355253752,-0.021,-0.0751800997601952));
#7006=CARTESIAN_POINT('',(-0.0135090355253752,-0.026,-0.0751800997601952));
#7007=CARTESIAN_POINT('',(-0.0124657379788328,-0.021,-0.0747616054398447));
#7008=CARTESIAN_POINT('',(-0.0124657379788328,-0.026,-0.0747616054398447));
#7009=CARTESIAN_POINT('',(-0.0113157700492123,-0.021,-0.0743652804666391));
#7010=CARTESIAN_POINT('',(-0.0113157700492123,-0.026,-0.0743652804666391));
#7011=CARTESIAN_POINT('',(-0.009961451346011,-0.021,-0.0737280225204247));
#7012=CARTESIAN_POINT('',(-0.009961451346011,-0.026,-0.0737280225204247));
#7013=CARTESIAN_POINT('',(-0.00855513667390228,-0.021,-0.0727831188980359));
#7014=CARTESIAN_POINT('',(-0.00855513667390228,-0.026,-0.0727831188980359));
#7015=CARTESIAN_POINT('',(-0.00675529145993253,-0.021,-0.0713672699501446));
#7016=CARTESIAN_POINT('',(-0.00675529145993253,-0.026,-0.0713672699501446));
#7017=CARTESIAN_POINT('',(-0.00515160348900066,-0.021,-0.0699111950365874));
#7018=CARTESIAN_POINT('',(-0.00515160348900066,-0.026,-0.0699111950365874));
#7019=CARTESIAN_POINT('',(-0.00349526452445215,-0.021,-0.0682999522084362));
#7020=CARTESIAN_POINT('',(-0.00349526452445215,-0.026,-0.0682999522084362));
#7021=CARTESIAN_POINT('',(-0.0024181678637934,-0.021,-0.0669773708905015));
#7022=CARTESIAN_POINT('',(-0.0024181678637934,-0.026,-0.0669773708905015));
#7023=CARTESIAN_POINT('',(-0.00170923042666188,-0.021,-0.0655150614201033));
#7024=CARTESIAN_POINT('',(-0.00170923042666188,-0.026,-0.0655150614201033));
#7025=CARTESIAN_POINT('',(-0.00125833036137667,-0.021,-0.0640104471259004));
#7026=CARTESIAN_POINT('',(-0.00125833036137667,-0.026,-0.0640104471259004));
#7027=CARTESIAN_POINT('',(-0.000861186152483679,-0.021,-0.0625297414896703));
#7028=CARTESIAN_POINT('',(-0.000861186152483679,-0.026,-0.0625297414896703));
#7029=CARTESIAN_POINT('',(-0.000393393118021136,-0.021,-0.0608121915303813));
#7030=CARTESIAN_POINT('',(-0.000393393118021136,-0.026,-0.0608121915303813));
#7031=CARTESIAN_POINT('',(0.000100327170852183,-0.021,-0.0589652257542926));
#7032=CARTESIAN_POINT('',(0.000100327170852183,-0.026,-0.0589652257542926));
#7033=CARTESIAN_POINT('',(0.00040895444016596,-0.021,-0.0575440633909727));
#7034=CARTESIAN_POINT('',(0.00040895444016596,-0.026,-0.0575440633909727));
#7035=CARTESIAN_POINT('',(0.000498987970803488,-0.021,-0.0568184198319799));
#7036=CARTESIAN_POINT('',(0.000498987970803488,-0.026,-0.0568184198319799));
#7037=CARTESIAN_POINT('',(0.00038882577097984,-0.021,-0.0565972908054919));
#7038=CARTESIAN_POINT('',(0.00038882577097984,-0.026,-0.0565972908054919));
#7039=CARTESIAN_POINT('',(5.95739940506731E-05,-0.021,-0.056889063371241));
#7040=CARTESIAN_POINT('',(5.95739940506731E-05,-0.026,-0.056889063371241));
#7041=CARTESIAN_POINT('',(-0.000446368578804282,-0.021,-0.0574764720300841));
#7042=CARTESIAN_POINT('',(-0.000446368578804282,-0.026,-0.0574764720300841));
#7043=CARTESIAN_POINT('',(-0.00132152067052954,-0.021,-0.0583944831997212));
#7044=CARTESIAN_POINT('',(-0.00132152067052954,-0.026,-0.0583944831997212));
#7045=CARTESIAN_POINT('',(-0.00266302014073454,-0.021,-0.0595304334168687));
#7046=CARTESIAN_POINT('',(-0.00266302014073454,-0.026,-0.0595304334168687));
#7047=CARTESIAN_POINT('',(-0.00390914688743358,-0.021,-0.0604703857074505));
#7048=CARTESIAN_POINT('',(-0.00390914688743358,-0.026,-0.0604703857074505));
#7049=CARTESIAN_POINT('',(-0.0045764142936962,-0.021,-0.0609359082574274));
#7050=CARTESIAN_POINT('',(-0.0045764142936962,-0.026,-0.0609359082574274));
#7051=CARTESIAN_POINT('',(-0.0049404961119403,-0.021,-0.0612471277102954));
#7052=CARTESIAN_POINT('',(-0.0049404961119403,-0.026,-0.0612471277102954));
#7053=CARTESIAN_POINT('',(-0.00523934577330071,-0.021,-0.0616846635159258));
#7054=CARTESIAN_POINT('',(-0.00523934577330071,-0.026,-0.0616846635159258));
#7055=CARTESIAN_POINT('',(-0.00563496017166818,-0.021,-0.0626550588447208));
#7056=CARTESIAN_POINT('',(-0.00563496017166818,-0.026,-0.0626550588447208));
#7057=CARTESIAN_POINT('',(-0.00604950984276632,-0.021,-0.063974372352487));
#7058=CARTESIAN_POINT('',(-0.00604950984276632,-0.026,-0.063974372352487));
#7059=CARTESIAN_POINT('',(-0.00651557781851114,-0.021,-0.0651325213446249));
#7060=CARTESIAN_POINT('',(-0.00651557781851114,-0.026,-0.0651325213446249));
#7061=CARTESIAN_POINT('',(-0.00702721620082597,-0.021,-0.0659822817221035));
#7062=CARTESIAN_POINT('',(-0.00702721620082597,-0.026,-0.0659822817221035));
#7063=CARTESIAN_POINT('',(-0.00762666330195047,-0.021,-0.0663309817358409));
#7064=CARTESIAN_POINT('',(-0.00762666330195047,-0.026,-0.0663309817358409));
#7065=CARTESIAN_POINT('',(-0.00837472908421996,-0.021,-0.0668815615831932));
#7066=CARTESIAN_POINT('',(-0.00837472908421996,-0.026,-0.0668815615831932));
#7067=CARTESIAN_POINT('',(-0.00901257071161736,-0.021,-0.0675101884425146));
#7068=CARTESIAN_POINT('',(-0.00901257071161736,-0.026,-0.0675101884425146));
#7069=CARTESIAN_POINT('',(-0.00962400310067865,-0.021,-0.0681184486761708));
#7070=CARTESIAN_POINT('',(-0.00962400310067865,-0.026,-0.0681184486761708));
#7071=CARTESIAN_POINT('',(-0.0101208638697229,-0.021,-0.068520064729726));
#7072=CARTESIAN_POINT('',(-0.0101208638697229,-0.026,-0.068520064729726));
#7073=CARTESIAN_POINT('',(-0.0103936690630924,-0.021,-0.0684530657448526));
#7074=CARTESIAN_POINT('',(-0.0103936690630924,-0.026,-0.0684530657448526));
#7075=CARTESIAN_POINT('',(-0.0104249437261355,-0.021,-0.0679916451312545));
#7076=CARTESIAN_POINT('',(-0.0104249437261355,-0.026,-0.0679916451312545));
#7077=CARTESIAN_POINT('',(-0.0102680137764057,-0.021,-0.0675367433507942));
#7078=CARTESIAN_POINT('',(-0.0102680137764057,-0.026,-0.0675367433507942));
#7079=CARTESIAN_POINT('',(-0.00992362044316967,-0.021,-0.0669915111580411));
#7080=CARTESIAN_POINT('',(-0.00992362044316967,-0.026,-0.0669915111580411));
#7081=CARTESIAN_POINT('',(-0.00960269374053587,-0.021,-0.0664812264557214));
#7082=CARTESIAN_POINT('',(-0.00960269374053587,-0.026,-0.0664812264557214));
#7083=CARTESIAN_POINT('',(-0.00952554234686696,-0.021,-0.0657689351492397));
#7084=CARTESIAN_POINT('',(-0.00952554234686696,-0.026,-0.0657689351492397));
#7085=CARTESIAN_POINT('',(-0.00932251948988458,-0.021,-0.0649742363785234));
#7086=CARTESIAN_POINT('',(-0.00932251948988458,-0.026,-0.0649742363785234));
#7087=CARTESIAN_POINT('',(-0.00886696252136999,-0.021,-0.0640193884087667));
#7088=CARTESIAN_POINT('',(-0.00886696252136999,-0.026,-0.0640193884087667));
#7089=CARTESIAN_POINT('',(-0.00824967240972261,-0.021,-0.0630014415503272));
#7090=CARTESIAN_POINT('',(-0.00824967240972261,-0.026,-0.0630014415503272));
#7091=CARTESIAN_POINT('',(-0.00844348684884346,-0.021,-0.0625850983014091));
#7092=CARTESIAN_POINT('',(-0.00844348684884346,-0.026,-0.0625850983014091));
#7093=CARTESIAN_POINT('',(-0.00934277245128501,-0.021,-0.0626758581914144));
#7094=CARTESIAN_POINT('',(-0.00934277245128501,-0.026,-0.0626758581914144));
#7095=CARTESIAN_POINT('',(-0.011317334774955,-0.021,-0.0633543518707624));
#7096=CARTESIAN_POINT('',(-0.011317334774955,-0.026,-0.0633543518707624));
#7097=CARTESIAN_POINT('',(-0.0138171105165371,-0.021,-0.0640343209576333));
#7098=CARTESIAN_POINT('',(-0.0138171105165371,-0.026,-0.0640343209576333));
#7099=CARTESIAN_POINT('',(-0.0150352332354103,-0.021,-0.0636986500631539));
#7100=CARTESIAN_POINT('',(-0.0150352332354103,-0.026,-0.0636986500631539));
#7101=CARTESIAN_POINT('',(-0.0158198616818776,-0.021,-0.0634558136107298));
#7102=CARTESIAN_POINT('',(-0.0158198616818776,-0.026,-0.0634558136107298));
#7103=CARTESIAN_POINT('',(-0.0165757427989123,-0.021,-0.0634275035031817));
#7104=CARTESIAN_POINT('',(-0.0165757427989123,-0.026,-0.0634275035031817));
#7105=CARTESIAN_POINT('',(-0.0173894994824321,-0.021,-0.0637865724172301));
#7106=CARTESIAN_POINT('',(-0.0173894994824321,-0.026,-0.0637865724172301));
#7107=CARTESIAN_POINT('',(-0.0183279174828743,-0.021,-0.0641266442917411));
#7108=CARTESIAN_POINT('',(-0.0183279174828743,-0.026,-0.0641266442917411));
#7109=CARTESIAN_POINT('',(-0.0193767694005227,-0.021,-0.0643382795773394));
#7110=CARTESIAN_POINT('',(-0.0193767694005227,-0.026,-0.0643382795773394));
#7111=CARTESIAN_POINT('',(-0.0204793786737262,-0.021,-0.0643596898434975));
#7112=CARTESIAN_POINT('',(-0.0204793786737262,-0.026,-0.0643596898434975));
#7113=CARTESIAN_POINT('',(-0.0214091357897199,-0.021,-0.0642018055743191));
#7114=CARTESIAN_POINT('',(-0.0214091357897199,-0.026,-0.0642018055743191));
#7115=CARTESIAN_POINT('',(-0.0221565974489654,-0.021,-0.0639295416900076));
#7116=CARTESIAN_POINT('',(-0.0221565974489654,-0.026,-0.0639295416900076));
#7117=CARTESIAN_POINT('',(-0.0229305255923607,-0.021,-0.0634620150577644));
#7118=CARTESIAN_POINT('',(-0.0229305255923607,-0.026,-0.0634620150577644));
#7119=CARTESIAN_POINT('',(-0.023912591708586,-0.021,-0.0630320642114145));
#7120=CARTESIAN_POINT('',(-0.023912591708586,-0.026,-0.0630320642114145));
#7121=CARTESIAN_POINT('',(-0.0247283504070777,-0.021,-0.0626760957672926));
#7122=CARTESIAN_POINT('',(-0.0247283504070777,-0.026,-0.0626760957672926));
#7123=CARTESIAN_POINT('',(-0.0251438535222201,-0.021,-0.0624851202883338));
#7124=CARTESIAN_POINT('',(-0.0251438535222201,-0.026,-0.0624851202883338));
#7125=CARTESIAN_POINT('',(-0.0253232119896708,-0.021,-0.0623960468784979));
#7126=CARTESIAN_POINT('',(-0.0253232119896708,-0.026,-0.0623960468784979));
#7127=CARTESIAN_POINT('',(-0.0251859383994021,-0.021,-0.0620631763002398));
#7128=CARTESIAN_POINT('',(-0.0251859383994021,-0.026,-0.0620631763002398));
#7129=CARTESIAN_POINT('',(-0.0249783529585953,-0.021,-0.0620745846023642));
#7130=CARTESIAN_POINT('',(-0.0249783529585953,-0.026,-0.0620745846023642));
#7131=CARTESIAN_POINT('',(-0.0244958062473269,-0.021,-0.0620987243764591));
#7132=CARTESIAN_POINT('',(-0.0244958062473269,-0.026,-0.0620987243764591));
#7133=CARTESIAN_POINT('',(-0.0235132313593368,-0.021,-0.0620306687980048));
#7134=CARTESIAN_POINT('',(-0.0235132313593368,-0.026,-0.0620306687980048));
#7135=CARTESIAN_POINT('',(-0.0225199594210521,-0.021,-0.0618753013297913));
#7136=CARTESIAN_POINT('',(-0.0225199594210521,-0.026,-0.0618753013297913));
#7137=CARTESIAN_POINT('',(-0.021549451858073,-0.021,-0.0618061049267035));
#7138=CARTESIAN_POINT('',(-0.021549451858073,-0.026,-0.0618061049267035));
#7139=CARTESIAN_POINT('',(-0.0208514780418072,-0.021,-0.061831697910738));
#7140=CARTESIAN_POINT('',(-0.0208514780418072,-0.026,-0.061831697910738));
#7141=CARTESIAN_POINT('',(-0.0203562235758256,-0.021,-0.0618102272128314));
#7142=CARTESIAN_POINT('',(-0.0203562235758256,-0.026,-0.0618102272128314));
#7143=CARTESIAN_POINT('',(-0.0202691267074089,-0.021,-0.0616060104216452));
#7144=CARTESIAN_POINT('',(-0.0202691267074089,-0.026,-0.0616060104216452));
#7145=CARTESIAN_POINT('',(-0.0206142089527359,-0.021,-0.0611681937114881));
#7146=CARTESIAN_POINT('',(-0.0206142089527359,-0.026,-0.0611681937114881));
#7147=CARTESIAN_POINT('',(-0.0211760344503398,-0.021,-0.0605585014315918));
#7148=CARTESIAN_POINT('',(-0.0211760344503398,-0.026,-0.0605585014315918));
#7149=CARTESIAN_POINT('',(-0.0217943011828343,-0.021,-0.0598159440356997));
#7150=CARTESIAN_POINT('',(-0.0217943011828343,-0.026,-0.0598159440356997));
#7151=CARTESIAN_POINT('',(-0.0224241530370592,-0.021,-0.0587101699206663));
#7152=CARTESIAN_POINT('',(-0.0224241530370592,-0.026,-0.0587101699206663));
#7153=CARTESIAN_POINT('',(-0.022728297765386,-0.021,-0.0572083500892578));
#7154=CARTESIAN_POINT('',(-0.022728297765386,-0.026,-0.0572083500892578));
#7155=CARTESIAN_POINT('',(-0.0226201111453858,-0.021,-0.0560732826597121));
#7156=CARTESIAN_POINT('',(-0.0226201111453858,-0.026,-0.0560732826597121));
#7157=CARTESIAN_POINT('',(-0.022508680379665,-0.021,-0.0555711706360936));
#7158=CARTESIAN_POINT('',(-0.022508680379665,-0.026,-0.0555711706360936));
#7159=CARTESIAN_POINT('',(-0.0220427139482849,-0.021,-0.0544412620888132));
#7160=CARTESIAN_POINT('',(-0.0220427139482849,-0.026,-0.0544412620888132));
#7161=CARTESIAN_POINT('',(-0.0219794477938412,-0.021,-0.054475377776192));
#7162=CARTESIAN_POINT('',(-0.0219794477938412,-0.026,-0.054475377776192));
#7163=CARTESIAN_POINT('',(-0.0220050198314047,-0.021,-0.0551442273200196));
#7164=CARTESIAN_POINT('',(-0.0220050198314047,-0.026,-0.0551442273200196));
#7165=CARTESIAN_POINT('',(-0.0220240367398679,-0.021,-0.056852855786563));
#7166=CARTESIAN_POINT('',(-0.0220240367398679,-0.026,-0.056852855786563));
#7167=CARTESIAN_POINT('',(-0.0216325663872113,-0.021,-0.0583305327644223));
#7168=CARTESIAN_POINT('',(-0.0216325663872113,-0.026,-0.0583305327644223));
#7169=CARTESIAN_POINT('',(-0.020931752926071,-0.021,-0.0595785273512245));
#7170=CARTESIAN_POINT('',(-0.020931752926071,-0.026,-0.0595785273512245));
#7171=CARTESIAN_POINT('',(-0.0199683899118896,-0.021,-0.0604886695790806));
#7172=CARTESIAN_POINT('',(-0.0199683899118896,-0.026,-0.0604886695790806));
#7173=CARTESIAN_POINT('',(-0.0188828543450978,-0.021,-0.0611655188559816));
#7174=CARTESIAN_POINT('',(-0.0188828543450978,-0.026,-0.0611655188559816));
#7175=CARTESIAN_POINT('',(-0.0178687652024006,-0.021,-0.0617610113547735));
#7176=CARTESIAN_POINT('',(-0.0178687652024006,-0.026,-0.0617610113547735));
#7177=CARTESIAN_POINT('',(-0.0167682988898518,-0.021,-0.0622529215560628));
#7178=CARTESIAN_POINT('',(-0.0167682988898518,-0.026,-0.0622529215560628));
#7179=CARTESIAN_POINT('',(-0.0152940155563737,-0.021,-0.0625774777924755));
#7180=CARTESIAN_POINT('',(-0.0152940155563737,-0.026,-0.0625774777924755));
#7181=CARTESIAN_POINT('',(-0.0136163296745815,-0.021,-0.0627134784872724));
#7182=CARTESIAN_POINT('',(-0.0136163296745815,-0.026,-0.0627134784872724));
#7183=CARTESIAN_POINT('',(-0.0120245433940551,-0.021,-0.0626360830601897));
#7184=CARTESIAN_POINT('',(-0.0120245433940551,-0.026,-0.0626360830601897));
#7185=CARTESIAN_POINT('',(-0.0106281853585793,-0.021,-0.0623479183906524));
#7186=CARTESIAN_POINT('',(-0.0106281853585793,-0.026,-0.0623479183906524));
#7187=CARTESIAN_POINT('',(-0.00918530455010254,-0.021,-0.0619218333721809));
#7188=CARTESIAN_POINT('',(-0.00918530455010254,-0.026,-0.0619218333721809));
#7189=CARTESIAN_POINT('',(-0.00742063835342947,-0.021,-0.0614213631043126));
#7190=CARTESIAN_POINT('',(-0.00742063835342947,-0.026,-0.0614213631043126));
#7191=CARTESIAN_POINT('',(-0.00632014528669732,-0.021,-0.0608963621161709));
#7192=CARTESIAN_POINT('',(-0.00632014528669732,-0.026,-0.0608963621161709));
#7193=CARTESIAN_POINT('',(-0.00720308661368685,-0.021,-0.0604051121913726));
#7194=CARTESIAN_POINT('',(-0.00720308661368685,-0.026,-0.0604051121913726));
#7195=CARTESIAN_POINT('',(-0.00885115191030557,-0.021,-0.0599620575327308));
#7196=CARTESIAN_POINT('',(-0.00885115191030557,-0.026,-0.0599620575327308));
#7197=CARTESIAN_POINT('',(-0.0101525605532905,-0.021,-0.0595432453795889));
#7198=CARTESIAN_POINT('',(-0.0101525605532905,-0.026,-0.0595432453795889));
#7199=CARTESIAN_POINT('',(-0.0112496115953735,-0.021,-0.0590644478202634));
#7200=CARTESIAN_POINT('',(-0.0112496115953735,-0.026,-0.0590644478202634));
#7201=CARTESIAN_POINT('',(-0.0119731190999167,-0.021,-0.058510141639445));
#7202=CARTESIAN_POINT('',(-0.0119731190999167,-0.026,-0.058510141639445));
#7203=CARTESIAN_POINT('',(-0.0123488392364908,-0.021,-0.0579524571557416));
#7204=CARTESIAN_POINT('',(-0.0123488392364908,-0.026,-0.0579524571557416));
#7205=CARTESIAN_POINT('',(-0.0124586214064659,-0.021,-0.0575283454365094));
#7206=CARTESIAN_POINT('',(-0.0124586214064659,-0.026,-0.0575283454365094));
#7207=CARTESIAN_POINT('',(-0.0123914745718721,-0.021,-0.0572478840147185));
#7208=CARTESIAN_POINT('',(-0.0123914745718721,-0.026,-0.0572478840147185));
#7209=CARTESIAN_POINT('',(-0.0121281434998462,-0.021,-0.0573878196794895));
#7210=CARTESIAN_POINT('',(-0.0121281434998462,-0.0259999999999999,-0.0573878196794895));
#7211=CARTESIAN_POINT('',(-0.0117310300052534,-0.021,-0.0577713974001352));
#7212=CARTESIAN_POINT('',(-0.0117310300052534,-0.026,-0.0577713974001352));
#7213=CARTESIAN_POINT('',(-0.0111143744314578,-0.021,-0.0583211907796661));
#7214=CARTESIAN_POINT('',(-0.0111143744314578,-0.026,-0.0583211907796661));
#7215=CARTESIAN_POINT('',(-0.0103846775140246,-0.021,-0.0584391101637351));
#7216=CARTESIAN_POINT('',(-0.0103846775140246,-0.026,-0.0584391101637351));
#7217=CARTESIAN_POINT('',(-0.00944630214381007,-0.021,-0.0582575777465823));
#7218=CARTESIAN_POINT('',(-0.00944630214381007,-0.026,-0.0582575777465823));
#7219=CARTESIAN_POINT('',(-0.00834446909942164,-0.021,-0.0581683391655619));
#7220=CARTESIAN_POINT('',(-0.00834446909942164,-0.026,-0.0581683391655619));
#7221=CARTESIAN_POINT('',(-0.00721271642976737,-0.021,-0.0581179500115054));
#7222=CARTESIAN_POINT('',(-0.00721271642976737,-0.026,-0.0581179500115054));
#7223=CARTESIAN_POINT('',(-0.00633246032701804,-0.021,-0.0582119049125775));
#7224=CARTESIAN_POINT('',(-0.00633246032701804,-0.026,-0.0582119049125775));
#7225=CARTESIAN_POINT('',(-0.00575441782783883,-0.021,-0.0583870469763292));
#7226=CARTESIAN_POINT('',(-0.00575441782783883,-0.026,-0.0583870469763292));
#7227=CARTESIAN_POINT('',(-0.00533197238981391,-0.021,-0.0587234452716439));
#7228=CARTESIAN_POINT('',(-0.00533197238981391,-0.026,-0.0587234452716439));
#7229=CARTESIAN_POINT('',(-0.00505242831202081,-0.021,-0.0591694616177571));
#7230=CARTESIAN_POINT('',(-0.00505242831202081,-0.026,-0.0591694616177571));
#7231=CARTESIAN_POINT('',(-0.00476950578537565,-0.021,-0.0595155432147611));
#7232=CARTESIAN_POINT('',(-0.00476950578537565,-0.0259999999999999,-0.0595155432147611));
#7233=CARTESIAN_POINT('',(-0.00433965173847599,-0.021,-0.0595473138600431));
#7234=CARTESIAN_POINT('',(-0.00433965173847599,-0.026,-0.0595473138600431));
#7235=CARTESIAN_POINT('',(-0.00372034609749382,-0.021,-0.0592080575870439));
#7236=CARTESIAN_POINT('',(-0.00372034609749382,-0.026,-0.0592080575870439));
#7237=CARTESIAN_POINT('',(-0.0027535749997587,-0.021,-0.0584425964853437));
#7238=CARTESIAN_POINT('',(-0.0027535749997587,-0.026,-0.0584425964853437));
#7239=CARTESIAN_POINT('',(-0.00169104240973363,-0.021,-0.0574030514148903));
#7240=CARTESIAN_POINT('',(-0.00169104240973363,-0.026,-0.0574030514148903));
#7241=CARTESIAN_POINT('',(-0.000789556253138974,-0.021,-0.0565108905879168));
#7242=CARTESIAN_POINT('',(-0.000789556253138974,-0.026,-0.0565108905879168));
#7243=CARTESIAN_POINT('',(-7.37172228602487E-05,-0.021,-0.0558636064007358));
#7244=CARTESIAN_POINT('',(-7.37172228602487E-05,-0.026,-0.0558636064007358));
#7245=CARTESIAN_POINT('',(0.000222020428382472,-0.021,-0.0555208262129553));
#7246=CARTESIAN_POINT('',(0.000222020428382472,-0.026,-0.0555208262129553));
#7247=CARTESIAN_POINT('',(-0.00098399529525242,-0.021,-0.0557506016808892));
#7248=CARTESIAN_POINT('',(-0.00098399529525242,-0.026,-0.0557506016808892));
#7249=CARTESIAN_POINT('',(-0.00262651236214085,-0.021,-0.0560375567879079));
#7250=CARTESIAN_POINT('',(-0.00262651236214085,-0.026,-0.0560375567879079));
#7251=CARTESIAN_POINT('',(-0.00390163883000104,-0.021,-0.05594784167515));
#7252=CARTESIAN_POINT('',(-0.00390163883000104,-0.026,-0.05594784167515));
#7253=CARTESIAN_POINT('',(-0.00510511509912874,-0.021,-0.0557137286817482));
#7254=CARTESIAN_POINT('',(-0.00510511509912874,-0.026,-0.0557137286817482));
#7255=CARTESIAN_POINT('',(-0.00638840724057108,-0.021,-0.0554711938558663));
#7256=CARTESIAN_POINT('',(-0.00638840724057108,-0.026,-0.0554711938558663));
#7257=CARTESIAN_POINT('',(-0.0075074308522355,-0.021,-0.0550152961079767));
#7258=CARTESIAN_POINT('',(-0.0075074308522355,-0.026,-0.0550152961079767));
#7259=CARTESIAN_POINT('',(-0.00828457204680699,-0.021,-0.0542065610835831));
#7260=CARTESIAN_POINT('',(-0.00828457204680699,-0.026,-0.0542065610835831));
#7261=CARTESIAN_POINT('',(-0.00904978001584383,-0.021,-0.0535839392021358));
#7262=CARTESIAN_POINT('',(-0.00904978001584383,-0.026,-0.0535839392021358));
#7263=CARTESIAN_POINT('',(-0.00980490380726756,-0.021,-0.0533266065623609));
#7264=CARTESIAN_POINT('',(-0.00980490380726756,-0.026,-0.0533266065623609));
#7265=CARTESIAN_POINT('',(-0.0104838554806001,-0.021,-0.0530445844312769));
#7266=CARTESIAN_POINT('',(-0.0104838554806001,-0.026,-0.0530445844312769));
#7267=CARTESIAN_POINT('',(-0.0109516949965992,-0.021,-0.0527960992763936));
#7268=CARTESIAN_POINT('',(-0.0109516949965992,-0.0259999999999999,-0.0527960992763936));
#7269=CARTESIAN_POINT('',(-0.0112461868880555,-0.021,-0.0525326538475453));
#7270=CARTESIAN_POINT('',(-0.0112461868880555,-0.026,-0.0525326538475453));
#7271=CARTESIAN_POINT('',(-0.0112239455876727,-0.021,-0.0522623346779549));
#7272=CARTESIAN_POINT('',(-0.0112239455876727,-0.026,-0.0522623346779549));
#7273=CARTESIAN_POINT('',(-0.0109485013799645,-0.021,-0.0520690135318087));
#7274=CARTESIAN_POINT('',(-0.0109485013799645,-0.026,-0.0520690135318087));
#7275=CARTESIAN_POINT('',(-0.0103906249194149,-0.021,-0.0520273612431931));
#7276=CARTESIAN_POINT('',(-0.0103906249194149,-0.026,-0.0520273612431931));
#7277=CARTESIAN_POINT('',(-0.00947745341731058,-0.021,-0.052113820134091));
#7278=CARTESIAN_POINT('',(-0.00947745341731058,-0.026,-0.052113820134091));
#7279=CARTESIAN_POINT('',(-0.008506863878065,-0.021,-0.0517090187715744));
#7280=CARTESIAN_POINT('',(-0.008506863878065,-0.0259999999999999,-0.0517090187715744));
#7281=CARTESIAN_POINT('',(-0.00751145232795803,-0.021,-0.0509997505618759));
#7282=CARTESIAN_POINT('',(-0.00751145232795803,-0.026,-0.0509997505618759));
#7283=CARTESIAN_POINT('',(-0.00642687872541362,-0.021,-0.0501561303670568));
#7284=CARTESIAN_POINT('',(-0.00642687872541362,-0.026,-0.0501561303670568));
#7285=CARTESIAN_POINT('',(-0.00539704998119195,-0.021,-0.0493339389287975));
#7286=CARTESIAN_POINT('',(-0.00539704998119195,-0.026,-0.0493339389287975));
#7287=CARTESIAN_POINT('',(-0.004514450527133,-0.021,-0.048671111890029));
#7288=CARTESIAN_POINT('',(-0.004514450527133,-0.026,-0.048671111890029));
#7289=CARTESIAN_POINT('',(-0.00368211597195407,-0.021,-0.0483552564081024));
#7290=CARTESIAN_POINT('',(-0.00368211597195407,-0.026,-0.0483552564081024));
#7291=CARTESIAN_POINT('',(-0.00291884823190974,-0.021,-0.0482823618476172));
#7292=CARTESIAN_POINT('',(-0.00291884823190974,-0.026,-0.0482823618476172));
#7293=CARTESIAN_POINT('',(-0.00224356360897188,-0.021,-0.0481165443235624));
#7294=CARTESIAN_POINT('',(-0.00224356360897188,-0.026,-0.0481165443235624));
#7295=CARTESIAN_POINT('',(-0.00100168268550632,-0.021,-0.0480103504504346));
#7296=CARTESIAN_POINT('',(-0.00100168268550632,-0.026,-0.0480103504504346));
#7297=CARTESIAN_POINT('',(0.000185270602880967,-0.021,-0.0480072653609464));
#7298=CARTESIAN_POINT('',(0.000185270602880967,-0.026,-0.0480072653609464));
#7299=CARTESIAN_POINT('',(0.000616711027637863,-0.021,-0.0481429483793138));
#7300=CARTESIAN_POINT('',(0.000616711027637863,-0.026,-0.0481429483793138));
#7301=CARTESIAN_POINT('',(0.00115446925711695,-0.021,-0.048522614260296));
#7302=CARTESIAN_POINT('',(0.00115446925711695,-0.026,-0.048522614260296));
#7303=CARTESIAN_POINT('',(0.00161064973702949,-0.021,-0.0488507233930409));
#7304=CARTESIAN_POINT('',(0.00161064973702949,-0.026,-0.0488507233930409));
#7305=CARTESIAN_POINT('',(0.00204048180311352,-0.021,-0.0490918952608785));
#7306=CARTESIAN_POINT('',(0.00204048180311352,-0.026,-0.0490918952608785));
#7307=CARTESIAN_POINT('',(0.00235204473097314,-0.021,-0.0491083998784733));
#7308=CARTESIAN_POINT('',(0.00235204473097314,-0.026,-0.0491083998784733));
#7309=CARTESIAN_POINT('',(0.00259501745425531,-0.021,-0.0488715878502257));
#7310=CARTESIAN_POINT('',(0.00259501745425531,-0.026,-0.0488715878502257));
#7311=CARTESIAN_POINT('',(0.00299961259856036,-0.021,-0.048244730775852));
#7312=CARTESIAN_POINT('',(0.00299961259856036,-0.026,-0.048244730775852));
#7313=CARTESIAN_POINT('',(0.00380644537102827,-0.021,-0.0469153708280529));
#7314=CARTESIAN_POINT('',(0.00380644537102827,-0.026,-0.0469153708280529));
#7315=CARTESIAN_POINT('',(0.00510730741944037,-0.021,-0.0446744062440532));
#7316=CARTESIAN_POINT('',(0.00510730741944037,-0.026,-0.0446744062440532));
#7317=CARTESIAN_POINT('',(0.00663241442238689,-0.021,-0.042007105589908));
#7318=CARTESIAN_POINT('',(0.00663241442238689,-0.0259999999999999,-0.042007105589908));
#7319=CARTESIAN_POINT('',(0.00771907230294848,-0.021,-0.0400924051788685));
#7320=CARTESIAN_POINT('',(0.00771907230294848,-0.026,-0.0400924051788685));
#7321=CARTESIAN_POINT('',(0.00826050832675884,-0.021,-0.0391377567341761));
#7322=CARTESIAN_POINT('',(0.00826050832675884,-0.026,-0.0391377567341761));
#7323=CARTESIAN_POINT('',(0.0102174578030754,-0.021,-0.0386730339647974));
#7324=CARTESIAN_POINT('',(0.0102174578030754,-0.026,-0.0386730339647974));
#7325=CARTESIAN_POINT('',(0.00888925609783533,-0.021,-0.0404954297930311));
#7326=CARTESIAN_POINT('',(0.00888925609783533,-0.026,-0.0404954297930311));
#7327=CARTESIAN_POINT('',(0.006225756300607,-0.021,-0.0441236139848299));
#7328=CARTESIAN_POINT('',(0.006225756300607,-0.026,-0.0441236139848299));
#7329=CARTESIAN_POINT('',(0.00405855433373707,-0.021,-0.0480062538711749));
#7330=CARTESIAN_POINT('',(0.00405855433373707,-0.026,-0.0480062538711749));
#7331=CARTESIAN_POINT('',(0.00321289728026966,-0.021,-0.0500291790748785));
#7332=CARTESIAN_POINT('',(0.00321289728026966,-0.026,-0.0500291790748785));
#7333=CARTESIAN_POINT('',(0.00321289728026966,-0.020998,-0.0500291790748785));
#7334=CARTESIAN_POINT('',(0.00321289728026966,-0.021,-0.0500291790748785));
#7335=CARTESIAN_POINT('',(0.00321289728026966,-0.026,-0.0500291790748785));
#7336=CARTESIAN_POINT('',(0.00229589173452025,-0.021,-0.0522227794508542));
#7337=CARTESIAN_POINT('',(0.00229589173452025,-0.026,-0.0522227794508542));
#7338=CARTESIAN_POINT('',(0.00164636078709429,-0.021,-0.0544640528690085));
#7339=CARTESIAN_POINT('',(0.00164636078709429,-0.026,-0.0544640528690085));
#7340=CARTESIAN_POINT('',(0.00134097742288904,-0.021,-0.0565072789473205));
#7341=CARTESIAN_POINT('',(0.00134097742288904,-0.026,-0.0565072789473205));
#7342=CARTESIAN_POINT('',(0.00134097742288952,-0.020998,-0.0565072789473173));
#7343=CARTESIAN_POINT('',(0.00134097742288952,-0.021,-0.0565072789473173));
#7344=CARTESIAN_POINT('',(0.00134097742288952,-0.026,-0.0565072789473173));
#7345=CARTESIAN_POINT('',(0.00149868818566356,-0.021,-0.0572942843137299));
#7346=CARTESIAN_POINT('',(0.00149868818566356,-0.026,-0.0572942843137299));
#7347=CARTESIAN_POINT('',(0.00181657249148777,-0.021,-0.0588693490201932));
#7348=CARTESIAN_POINT('',(0.00181657249148777,-0.026,-0.0588693490201932));
#7349=CARTESIAN_POINT('',(0.00245486851651234,-0.021,-0.0611232642606585));
#7350=CARTESIAN_POINT('',(0.00245486851651234,-0.026,-0.0611232642606585));
#7351=CARTESIAN_POINT('',(0.00345300854501788,-0.021,-0.0631276043835399));
#7352=CARTESIAN_POINT('',(0.00345300854501788,-0.026,-0.0631276043835399));
#7353=CARTESIAN_POINT('',(0.00480178296830852,-0.021,-0.0648777484250439));
#7354=CARTESIAN_POINT('',(0.00480178296830852,-0.026,-0.0648777484250439));
#7355=CARTESIAN_POINT('',(0.00630120171249967,-0.021,-0.0664960799579132));
#7356=CARTESIAN_POINT('',(0.00630120171249967,-0.026,-0.0664960799579132));
#7357=CARTESIAN_POINT('',(0.00786279856550367,-0.021,-0.0680259928675232));
#7358=CARTESIAN_POINT('',(0.00786279856550367,-0.026,-0.0680259928675232));
#7359=CARTESIAN_POINT('',(0.00963834284168255,-0.021,-0.069332864556477));
#7360=CARTESIAN_POINT('',(0.00963834284168255,-0.026,-0.069332864556477));
#7361=CARTESIAN_POINT('',(0.0117596197442219,-0.021,-0.0702986248754096));
#7362=CARTESIAN_POINT('',(0.0117596197442219,-0.026,-0.0702986248754096));
#7363=CARTESIAN_POINT('',(0.0140812747233186,-0.021,-0.0709511481320931));
#7364=CARTESIAN_POINT('',(0.0140812747233186,-0.026,-0.0709511481320931));
#7365=CARTESIAN_POINT('',(0.0171955983061663,-0.021,-0.0714542372638004));
#7366=CARTESIAN_POINT('',(0.0171955983061663,-0.026,-0.0714542372638004));
#7367=CARTESIAN_POINT('',(0.0209213358969423,-0.021,-0.0714788784648715));
#7368=CARTESIAN_POINT('',(0.0209213358969423,-0.026,-0.0714788784648715));
#7369=CARTESIAN_POINT('',(0.025002552883163,-0.021,-0.0706125107485527));
#7370=CARTESIAN_POINT('',(0.025002552883163,-0.026,-0.0706125107485527));
#7371=CARTESIAN_POINT('',(0.0265019280972038,-0.021,-0.0684347184888484));
#7372=CARTESIAN_POINT('',(0.0265019280972038,-0.026,-0.0684347184888484));
#7373=CARTESIAN_POINT('',(0.0274344470321842,-0.021,-0.0675155199878421));
#7374=CARTESIAN_POINT('',(0.0274344470321842,-0.026,-0.0675155199878421));
#7375=CARTESIAN_POINT('',(-4.28626379701574E-18,-0.016,-0.035));
#7376=CARTESIAN_POINT('',(-0.0011180339887499,-0.015,-0.0323088891324554));
#7377=CARTESIAN_POINT('',(0.00111803398874989,-0.015,-0.0323088891324554));
#7378=CARTESIAN_POINT('',(-0.001047116654054,-0.0126323529411765,-0.033498));
#7379=CARTESIAN_POINT('',(-3.56022076154105E-18,-0.01175,-0.033498));
#7380=CARTESIAN_POINT('',(0.00104711665405399,-0.0126323529411765,-0.033498));
#7381=CARTESIAN_POINT('',(-0.000559016994374952,-0.014375,-0.0323088891324554));
#7382=CARTESIAN_POINT('',(-3.73985733150971E-18,-0.01375,-0.0323088891324554));
#7383=CARTESIAN_POINT('',(0.000559016994374944,-0.014375,-0.0323088891324554));
#7384=CARTESIAN_POINT('',(-3.83441443393557E-05,0.0259616558556607,1.29271542203407E-08));
#7385=CARTESIAN_POINT('',(0.00325,-0.016,0.0335));
#7386=CARTESIAN_POINT('',(0.,-0.016,0.0335));
#7387=CARTESIAN_POINT('',(0.00209423330810799,-0.0135147058823529,0.0335));
#7388=CARTESIAN_POINT('',(-0.00209423330810799,-0.0135147058823529,0.0335));
#7389=CARTESIAN_POINT('',(0.00104711665405399,-0.0126323529411765,0.0335));
#7390=CARTESIAN_POINT('',(-5.42101086242752E-19,-0.01175,0.0335));
#7391=CARTESIAN_POINT('',(-0.00104711665405399,-0.0126323529411765,0.0335));
#7392=CARTESIAN_POINT('',(-0.000559016994374948,-0.014375,0.0335));
#7393=CARTESIAN_POINT('',(-0.0011180339887499,-0.015,0.0335));
#7394=CARTESIAN_POINT('',(-2.16840434497101E-19,-0.01375,0.0335));
#7395=CARTESIAN_POINT('',(0.000559016994374948,-0.014375,0.0335));
#7396=CARTESIAN_POINT('',(0.0011180339887499,-0.015,0.0335));
#7397=CARTESIAN_POINT('',(0.,-0.016,0.0335));
#7398=CARTESIAN_POINT('',(-5.20417042793042E-18,-0.005998,1.7347234759768E-18));
#7399=CARTESIAN_POINT('',(-5.20417042793042E-18,-0.021,1.7347234759768E-18));
#7400=CARTESIAN_POINT('',(0.0175,-0.021,0.0303108891324553));
#7401=CARTESIAN_POINT('',(-0.0175,-0.021,0.0303108891324553));
#7402=CARTESIAN_POINT('',(0.0175,-0.005998,0.0303108891324553));
#7403=CARTESIAN_POINT('',(0.0175,-0.0106891108675446,0.0303108891324553));
#7404=CARTESIAN_POINT('',(-5.20417042793042E-18,-0.041,1.7347234759768E-18));
#7405=CARTESIAN_POINT('',(-0.0175,-0.0106891108675446,0.0303108891324553));
#7406=CARTESIAN_POINT('',(-0.0175,-0.005998,0.0303108891324553));
#7407=CARTESIAN_POINT('',(0.00209423330810799,-0.0135147058823529,0.0349372893460728));
#7408=CARTESIAN_POINT('',(0.00259735448867263,-0.0139386609896666,0.0349071309349861));
#7409=CARTESIAN_POINT('',(0.00334264007901329,-0.0151102519350753,0.034840542669333));
#7410=CARTESIAN_POINT('',(0.00324730483295616,-0.0171854397445216,0.0348503561774472));
#7411=CARTESIAN_POINT('',(0.00198725814437259,-0.018830797777679,0.0349574827444348));
#7412=CARTESIAN_POINT('',(-3.29665611180171E-06,-0.019459018898931,0.0350212050633286));
#7413=CARTESIAN_POINT('',(-0.00198129866198978,-0.0188331252873256,0.0349576968778899));
#7414=CARTESIAN_POINT('',(-0.00324801950313446,-0.0171877041562271,0.0348503812938319));
#7415=CARTESIAN_POINT('',(-0.00334188711612467,-0.0151094213887395,0.0348405654999223));
#7416=CARTESIAN_POINT('',(-0.00259885848229329,-0.0139399283300241,0.0349070407816401));
#7417=CARTESIAN_POINT('',(-0.00209423330810799,-0.0135147058823529,0.0349372893460728));
#7418=CARTESIAN_POINT('',(0.00209423330810799,-0.0135147058823529,0.0349372893460728));
#7419=CARTESIAN_POINT('',(-0.00209423330810799,-0.0135147058823529,0.0349372893460728));
#7420=CARTESIAN_POINT('',(-5.20417042793042E-18,-0.01175,1.7347234759768E-18));
#7421=CARTESIAN_POINT('',(-5.42101086242752E-19,-0.01175,0.035));
#7422=CARTESIAN_POINT('',(-5.20417042793042E-18,-0.01175,1.7347234759768E-18));
#7423=CARTESIAN_POINT('',(0.,-0.016,0.035));
#7424=CARTESIAN_POINT('',(-0.00209423330810799,-0.0135147058823529,0.033498));
#7425=CARTESIAN_POINT('',(0.00209423330810799,-0.0135147058823529,0.033498));
#7426=CARTESIAN_POINT('',(0.0312148082926129,-0.021,0.076682408871481));
#7427=CARTESIAN_POINT('',(0.0312148082926129,-0.021,0.076682408871481));
#7428=CARTESIAN_POINT('',(0.0251859383933849,-0.021,0.0620631763027212));
#7429=CARTESIAN_POINT('',(0.0225086804642579,-0.021,0.0555711708412207));
#7430=CARTESIAN_POINT('',(0.0225086804642579,-0.020998,0.0555711708412207));
#7431=CARTESIAN_POINT('',(0.0225086804642579,-0.026,0.0555711708412207));
#7432=CARTESIAN_POINT('',(0.0312148082926129,-0.026,0.076682408871481));
#7433=CARTESIAN_POINT('',(0.0251859383933849,-0.026,0.0620631763027212));
#7434=CARTESIAN_POINT('',(0.0251859383933849,-0.020998,0.0620631763027212));
#7435=CARTESIAN_POINT('',(0.0312148082926129,-0.021,0.076682408871481));
#7436=CARTESIAN_POINT('',(0.0312148082926129,-0.021,0.076682408871481));
#7437=CARTESIAN_POINT('',(0.027941442641383,-0.021,0.0687449190039274));
#7438=CARTESIAN_POINT('',(0.0253232119174709,-0.021,0.0623960469082726));
#7439=CARTESIAN_POINT('',(0.0253232119174709,-0.020998,0.0623960469082726));
#7440=CARTESIAN_POINT('',(0.0253232119174709,-0.026,0.0623960469082726));
#7441=CARTESIAN_POINT('',(0.0312148082926129,-0.026,0.076682408871481));
#7442=CARTESIAN_POINT('',(0.027941442641383,-0.026,0.0687449190039274));
#7443=CARTESIAN_POINT('',(0.027941442641383,-0.020998,0.0687449190039274));
#7444=CARTESIAN_POINT('',(0.0312148082926129,-0.021,0.076682408871481));
#7445=CARTESIAN_POINT('',(0.0312148082926129,-0.021,0.076682408871481));
#7446=CARTESIAN_POINT('',(0.0475295506140368,-0.021,0.116243556529821));
#7447=CARTESIAN_POINT('',(0.0281828622340774,-0.021,0.0693303304046126));
#7448=CARTESIAN_POINT('',(0.0281828622340774,-0.020998,0.0693303304046126));
#7449=CARTESIAN_POINT('',(0.0281828622340774,-0.026,0.0693303304046126));
#7450=CARTESIAN_POINT('',(0.0312148082926129,-0.026,0.076682408871481));
#7451=CARTESIAN_POINT('',(0.0475295506140368,-0.026,0.116243556529821));
#7452=CARTESIAN_POINT('',(0.0475295506140368,-0.021,0.116243556529821));
#7453=CARTESIAN_POINT('',(-8.67361737988404E-18,-0.021,-3.46944695195361E-18));
#7454=CARTESIAN_POINT('',(-8.67361737988404E-18,-0.021,-3.46944695195361E-18));
#7455=CARTESIAN_POINT('',(0.0149000659711891,-0.021,0.0371212612131405));
#7456=CARTESIAN_POINT('',(-0.00826050832675886,-0.021,0.0391377567341761));
#7457=CARTESIAN_POINT('',(-0.00826050832675886,-0.020998,0.0391377567341761));
#7458=CARTESIAN_POINT('',(-0.00826050832675886,-0.026,0.0391377567341761));
#7459=CARTESIAN_POINT('',(-8.67361737988404E-18,-0.026,-3.46944695195361E-18));
#7460=CARTESIAN_POINT('',(0.0149000659711891,-0.026,0.0371212612131405));
#7461=CARTESIAN_POINT('',(0.0149000659711891,-0.021,0.0371212612131405));
#7462=CARTESIAN_POINT('',(-0.0312148082926129,-0.021,0.076682408871481));
#7463=CARTESIAN_POINT('',(-0.0280156066195654,-0.020998,0.0689247570935522));
#7464=CARTESIAN_POINT('',(-0.0280156066195654,-0.021,0.0689247570935522));
#7465=CARTESIAN_POINT('',(-0.0280156066195654,-0.026,0.0689247570935522));
#7466=CARTESIAN_POINT('',(-0.0312148082926129,-0.021,0.076682408871481));
#7467=CARTESIAN_POINT('',(-0.0475295506140368,-0.021,0.116243556529821));
#7468=CARTESIAN_POINT('',(-0.0475295506140368,-0.021,0.116243556529821));
#7469=CARTESIAN_POINT('',(-0.0475295506140368,-0.026,0.116243556529821));
#7470=CARTESIAN_POINT('',(-0.0312148082926129,-0.026,0.076682408871481));
#7471=CARTESIAN_POINT('',(-0.0462647753070184,-0.021,0.116243556529821));
#7472=CARTESIAN_POINT('',(-0.0462647753070184,-0.021,0.116243556529821));
#7473=CARTESIAN_POINT('',(-0.00893964328324957,-0.021,0.116243556529821));
#7474=CARTESIAN_POINT('',(-0.00893964328324957,-0.020998,0.116243556529821));
#7475=CARTESIAN_POINT('',(-0.00893964328324957,-0.026,0.116243556529821));
#7476=CARTESIAN_POINT('',(-0.0462647753070184,-0.026,0.116243556529821));
#7477=CARTESIAN_POINT('',(0.,-0.021,0.0649519052838329));
#7478=CARTESIAN_POINT('',(-0.00673817390677062,-0.021,0.116243556517674));
#7479=CARTESIAN_POINT('',(-0.00661465330544072,-0.021,0.115965051932623));
#7480=CARTESIAN_POINT('',(-0.00617204924054624,-0.021,0.115038253023876));
#7481=CARTESIAN_POINT('',(-0.00435239105465883,-0.021,0.113887401203611));
#7482=CARTESIAN_POINT('',(-0.00384753265695888,-0.021,0.110675011553005));
#7483=CARTESIAN_POINT('',(-0.0047233422823356,-0.021,0.107852113758418));
#7484=CARTESIAN_POINT('',(-0.00246397671905945,-0.021,0.109293682475784));
#7485=CARTESIAN_POINT('',(-0.00123015397446674,-0.021,0.110532947520242));
#7486=CARTESIAN_POINT('',(0.00246875841175796,-0.021,0.110636931291199));
#7487=CARTESIAN_POINT('',(0.00414362804843191,-0.021,0.109885330285849));
#7488=CARTESIAN_POINT('',(0.00634910032042166,-0.021,0.109668734074174));
#7489=CARTESIAN_POINT('',(0.00810486871116101,-0.021,0.110553510695919));
#7490=CARTESIAN_POINT('',(0.00863671997771598,-0.021,0.10969105072269));
#7491=CARTESIAN_POINT('',(0.00735714660112412,-0.021,0.109816371617992));
#7492=CARTESIAN_POINT('',(0.00634651570789157,-0.021,0.108420201802316));
#7493=CARTESIAN_POINT('',(0.00491509022400269,-0.021,0.10676516753936));
#7494=CARTESIAN_POINT('',(0.00425632060551566,-0.021,0.105648142409053));
#7495=CARTESIAN_POINT('',(0.00227916818906065,-0.021,0.104300158449531));
#7496=CARTESIAN_POINT('',(0.000933279295993407,-0.021,0.103268217630055));
#7497=CARTESIAN_POINT('',(-0.00204146213415839,-0.021,0.103029238530306));
#7498=CARTESIAN_POINT('',(0.000697534117702024,-0.021,0.102066526585132));
#7499=CARTESIAN_POINT('',(0.00115763675192002,-0.021,0.101033055296216));
#7500=CARTESIAN_POINT('',(0.00231878976786564,-0.021,0.0991209655602834));
#7501=CARTESIAN_POINT('',(0.00366085314892391,-0.021,0.0966852151754393));
#7502=CARTESIAN_POINT('',(0.00426170294004939,-0.021,0.0956018093395981));
#7503=CARTESIAN_POINT('',(0.0054238064153068,-0.021,0.0948147009481308));
#7504=CARTESIAN_POINT('',(0.00537495390336209,-0.021,0.094104435157168));
#7505=CARTESIAN_POINT('',(0.00384555241315105,-0.021,0.0951844816950218));
#7506=CARTESIAN_POINT('',(0.00259840637252546,-0.021,0.0951519690378338));
#7507=CARTESIAN_POINT('',(0.000853257873514937,-0.021,0.0951390901683958));
#7508=CARTESIAN_POINT('',(-0.00146878988184929,-0.021,0.0949750324262551));
#7509=CARTESIAN_POINT('',(-0.00360180279709314,-0.021,0.0956461553863524));
#7510=CARTESIAN_POINT('',(-0.0053613304430525,-0.021,0.0966523046836116));
#7511=CARTESIAN_POINT('',(-0.0063918367667865,-0.021,0.0992702584387053));
#7512=CARTESIAN_POINT('',(-0.0054313575997019,-0.021,0.0962558514593869));
#7513=CARTESIAN_POINT('',(-0.00709366801693357,-0.021,0.0948211610342223));
#7514=CARTESIAN_POINT('',(-0.00884761466585049,-0.021,0.0927497531532918));
#7515=CARTESIAN_POINT('',(-0.0109132488660505,-0.021,0.0918083591268143));
#7516=CARTESIAN_POINT('',(-0.0125015470105287,-0.021,0.0906190660417055));
#7517=CARTESIAN_POINT('',(-0.0124220933851574,-0.021,0.0889942500721839));
#7518=CARTESIAN_POINT('',(-0.0128356211078754,-0.021,0.0885948397570664));
#7519=CARTESIAN_POINT('',(-0.0135594908640298,-0.021,0.0894540671103135));
#7520=CARTESIAN_POINT('',(-0.0122722229224539,-0.021,0.091412509867491));
#7521=CARTESIAN_POINT('',(-0.0130736707258584,-0.021,0.0938491104518412));
#7522=CARTESIAN_POINT('',(-0.0134081332434801,-0.021,0.0960167724682226));
#7523=CARTESIAN_POINT('',(-0.0128713081021246,-0.021,0.0988664266091462));
#7524=CARTESIAN_POINT('',(-0.0106441564469992,-0.021,0.101326833016053));
#7525=CARTESIAN_POINT('',(-0.0142370707480946,-0.021,0.0975407340664138));
#7526=CARTESIAN_POINT('',(-0.0151121227787816,-0.021,0.0948116960065617));
#7527=CARTESIAN_POINT('',(-0.0164867480559143,-0.021,0.0906497649464305));
#7528=CARTESIAN_POINT('',(-0.0159187211941669,-0.021,0.0863350539275983));
#7529=CARTESIAN_POINT('',(-0.0150998388720492,-0.021,0.083061465689137));
#7530=CARTESIAN_POINT('',(-0.012685646531977,-0.021,0.0791137796423085));
#7531=CARTESIAN_POINT('',(-0.0104459308153708,-0.021,0.0772430284229643));
#7532=CARTESIAN_POINT('',(-0.0086271488316503,-0.021,0.0740367791402472));
#7533=CARTESIAN_POINT('',(-0.0112242849484751,-0.021,0.0797164774450026));
#7534=CARTESIAN_POINT('',(-0.00902388097181466,-0.021,0.0857613141264611));
#7535=CARTESIAN_POINT('',(-0.00393091332630533,-0.021,0.0913458808267858));
#7536=CARTESIAN_POINT('',(0.00254731836639879,-0.021,0.0927440615256566));
#7537=CARTESIAN_POINT('',(0.00676173751607455,-0.021,0.0894518124621925));
#7538=CARTESIAN_POINT('',(0.0046783664839229,-0.021,0.0842154697015916));
#7539=CARTESIAN_POINT('',(-0.000731700184318094,-0.021,0.0853936621562953));
#7540=CARTESIAN_POINT('',(-0.000544986897598276,-0.021,0.0890567226908623));
#7541=CARTESIAN_POINT('',(0.0025282729584684,-0.021,0.090007027201507));
#7542=CARTESIAN_POINT('',(0.00364255433635357,-0.021,0.0868959511141769));
#7543=CARTESIAN_POINT('',(0.00223695501906166,-0.021,0.0893112859352674));
#7544=CARTESIAN_POINT('',(0.000112202761619679,-0.021,0.0868146747543215));
#7545=CARTESIAN_POINT('',(0.00209592080128785,-0.021,0.0853239117183753));
#7546=CARTESIAN_POINT('',(0.00456161703939677,-0.021,0.0872328308500789));
#7547=CARTESIAN_POINT('',(0.00498747032274585,-0.021,0.089364562924799));
#7548=CARTESIAN_POINT('',(0.00315330488916497,-0.021,0.0913885115531564));
#7549=CARTESIAN_POINT('',(-0.000155076926648338,-0.021,0.0909983293208128));
#7550=CARTESIAN_POINT('',(-0.00397463404373378,-0.021,0.0898658824561242));
#7551=CARTESIAN_POINT('',(-0.00767582744570598,-0.021,0.0853485138687593));
#7552=CARTESIAN_POINT('',(-0.00921359313065219,-0.021,0.0824052130929152));
#7553=CARTESIAN_POINT('',(-0.00935550432746612,-0.021,0.0747696990639822));
#7554=CARTESIAN_POINT('',(-0.00860077404882494,-0.021,0.0825124824006541));
#7555=CARTESIAN_POINT('',(-0.0058394838541926,-0.021,0.0855914091918079));
#7556=CARTESIAN_POINT('',(-4.59056418343937E-05,-0.021,0.0839547993273198));
#7557=CARTESIAN_POINT('',(-0.000621125858290632,-0.021,0.0803310046025007));
#7558=CARTESIAN_POINT('',(-0.00278420931741776,-0.021,0.0780676737726157));
#7559=CARTESIAN_POINT('',(-0.00608421822899445,-0.021,0.0795787676774219));
#7560=CARTESIAN_POINT('',(-0.00534551473059063,-0.021,0.0828779398379336));
#7561=CARTESIAN_POINT('',(-0.00199279473689914,-0.021,0.0823733463088987));
#7562=CARTESIAN_POINT('',(-0.00481693710179859,-0.021,0.0817024517171038));
#7563=CARTESIAN_POINT('',(-0.0047712979207203,-0.021,0.0792795318387647));
#7564=CARTESIAN_POINT('',(-0.00216104860459254,-0.021,0.0790135254255678));
#7565=CARTESIAN_POINT('',(-0.000549117114606322,-0.021,0.082471568166964));
#7566=CARTESIAN_POINT('',(-0.00268467227258907,-0.021,0.0845102538843929));
#7567=CARTESIAN_POINT('',(-0.00581918325653249,-0.021,0.0841479339027127));
#7568=CARTESIAN_POINT('',(-0.00830767438086524,-0.021,0.0801809249306323));
#7569=CARTESIAN_POINT('',(-0.00841009976547048,-0.021,0.0755134387074424));
#7570=CARTESIAN_POINT('',(-0.00665190626161183,-0.021,0.0722426796834824));
#7571=CARTESIAN_POINT('',(-0.00255888417535117,-0.021,0.0683359014802748));
#7572=CARTESIAN_POINT('',(-0.00231094951380427,-0.021,0.0649398333412732));
#7573=CARTESIAN_POINT('',(-0.002350384012383,-0.021,0.0699917385096583));
#7574=CARTESIAN_POINT('',(-0.00133512809980621,-0.021,0.0706293042907634));
#7575=CARTESIAN_POINT('',(-0.0035677872688894,-0.021,0.0719717312703082));
#7576=CARTESIAN_POINT('',(-0.00308626218308466,-0.021,0.0766545493594663));
#7577=CARTESIAN_POINT('',(0.000707634046602263,-0.021,0.0802033506580756));
#7578=CARTESIAN_POINT('',(0.00322393922273335,-0.021,0.0813782323242314));
#7579=CARTESIAN_POINT('',(0.0066865384321449,-0.021,0.0846722136758576));
#7580=CARTESIAN_POINT('',(0.00410489173195398,-0.021,0.081127758154987));
#7581=CARTESIAN_POINT('',(0.00473077345324225,-0.021,0.0786714924690634));
#7582=CARTESIAN_POINT('',(0.00474539994260737,-0.021,0.0756810178405176));
#7583=CARTESIAN_POINT('',(0.00387926551674112,-0.021,0.0732273536695138));
#7584=CARTESIAN_POINT('',(0.00233301044274737,-0.021,0.0704702639193881));
#7585=CARTESIAN_POINT('',(-0.00176428022063571,-0.021,0.07095820734643));
#7586=CARTESIAN_POINT('',(-0.00120062092027968,-0.021,0.0669157549417837));
#7587=CARTESIAN_POINT('',(-0.00161927959515171,-0.021,0.0653960584463));
#7588=CARTESIAN_POINT('',(-0.000510702520316114,-0.021,0.0599133056469068));
#7589=CARTESIAN_POINT('',(-0.00018149616194652,-0.021,0.0653597297855485));
#7590=CARTESIAN_POINT('',(0.00177275066294284,-0.021,0.0679670075320623));
#7591=CARTESIAN_POINT('',(0.00697821331462512,-0.021,0.073720424922842));
#7592=CARTESIAN_POINT('',(0.010753698261037,-0.021,0.0751818058761497));
#7593=CARTESIAN_POINT('',(0.0132520867720552,-0.021,0.0755058578610691));
#7594=CARTESIAN_POINT('',(0.0105747506636037,-0.021,0.076440610215013));
#7595=CARTESIAN_POINT('',(0.0101161851628673,-0.021,0.0787493709902505));
#7596=CARTESIAN_POINT('',(0.00922922271676047,-0.021,0.0803736912233105));
#7597=CARTESIAN_POINT('',(0.00815760644585234,-0.021,0.0803904402449612));
#7598=CARTESIAN_POINT('',(0.0074359494251964,-0.021,0.0808764848732735));
#7599=CARTESIAN_POINT('',(0.00793550510417825,-0.021,0.0812309289727663));
#7600=CARTESIAN_POINT('',(0.0120696915336341,-0.021,0.0821864688085624));
#7601=CARTESIAN_POINT('',(0.0138000517340992,-0.021,0.0826626347406475));
#7602=CARTESIAN_POINT('',(0.0165354216482139,-0.021,0.0806034864604463));
#7603=CARTESIAN_POINT('',(0.0146751874680883,-0.021,0.0830992056875301));
#7604=CARTESIAN_POINT('',(0.0170410011370321,-0.021,0.0859306737328501));
#7605=CARTESIAN_POINT('',(0.0195226090017214,-0.021,0.0875989739533112));
#7606=CARTESIAN_POINT('',(0.0217547478107742,-0.021,0.0886927728088503));
#7607=CARTESIAN_POINT('',(0.0213597174420933,-0.021,0.0867118240760684));
#7608=CARTESIAN_POINT('',(0.0230566061295417,-0.021,0.0843206075555943));
#7609=CARTESIAN_POINT('',(0.0216450439996391,-0.021,0.0809554544273573));
#7610=CARTESIAN_POINT('',(0.0242708568847259,-0.021,0.0832838907533286));
#7611=CARTESIAN_POINT('',(0.0269405096454026,-0.021,0.0823719864440952));
#7612=CARTESIAN_POINT('',(0.0287801885467994,-0.021,0.0815461971340843));
#7613=CARTESIAN_POINT('',(0.0298213858024333,-0.021,0.0821276782212852));
#7614=CARTESIAN_POINT('',(0.0301755292558286,-0.021,0.0810882007729534));
#7615=CARTESIAN_POINT('',(0.0286816100378501,-0.021,0.080509460476251));
#7616=CARTESIAN_POINT('',(0.0281412675377346,-0.021,0.0782694320102989));
#7617=CARTESIAN_POINT('',(0.0265086708597031,-0.021,0.0769700845495571));
#7618=CARTESIAN_POINT('',(0.0245432022136505,-0.021,0.0769817498752647));
#7619=CARTESIAN_POINT('',(0.027337801666158,-0.021,0.0755730907760321));
#7620=CARTESIAN_POINT('',(0.0278412454254919,-0.021,0.0738981043249211));
#7621=CARTESIAN_POINT('',(0.0274367429074527,-0.021,0.0706143238127561));
#7622=CARTESIAN_POINT('',(0.0281502692579048,-0.021,0.0697439676107806));
#7623=CARTESIAN_POINT('',(0.0281828622195413,-0.021,0.0693303303693645));
#7624=CARTESIAN_POINT('',(-0.00673817390677062,-0.021,0.116243556529821));
#7625=CARTESIAN_POINT('',(-0.0462647753070184,-0.021,0.116243556529821));
#7626=CARTESIAN_POINT('',(0.0279414426399054,-0.021,0.0687449190003446));
#7627=CARTESIAN_POINT('',(0.0276256880576633,-0.021,0.0687445465592201));
#7628=CARTESIAN_POINT('',(0.0264810914853437,-0.021,0.0707973968992576));
#7629=CARTESIAN_POINT('',(0.0244164897446043,-0.021,0.0705167066896868));
#7630=CARTESIAN_POINT('',(0.0223366510384668,-0.021,0.0707246321236358));
#7631=CARTESIAN_POINT('',(0.0206665245590709,-0.021,0.0740131998099651));
#7632=CARTESIAN_POINT('',(0.0205214070018719,-0.021,0.0707251836860251));
#7633=CARTESIAN_POINT('',(0.0162845255474728,-0.021,0.0687831016974138));
#7634=CARTESIAN_POINT('',(0.0157046502227316,-0.021,0.0671132818539865));
#7635=CARTESIAN_POINT('',(0.0142422024380216,-0.021,0.0660181149120822));
#7636=CARTESIAN_POINT('',(0.0155591738298658,-0.021,0.0688252142559917));
#7637=CARTESIAN_POINT('',(0.0151216804840196,-0.021,0.0705694401353412));
#7638=CARTESIAN_POINT('',(0.0138647776374339,-0.021,0.0729319087217163));
#7639=CARTESIAN_POINT('',(0.0160742584113954,-0.021,0.0763464683716449));
#7640=CARTESIAN_POINT('',(0.0128809416882866,-0.021,0.0748510426185749));
#7641=CARTESIAN_POINT('',(0.0103800823835583,-0.021,0.0741126182627832));
#7642=CARTESIAN_POINT('',(0.0074039697154068,-0.021,0.0719495407236395));
#7643=CARTESIAN_POINT('',(0.00481880037088827,-0.021,0.0696141339421966));
#7644=CARTESIAN_POINT('',(0.0019617053485603,-0.021,0.0667912288843278));
#7645=CARTESIAN_POINT('',(0.0009808980426422,-0.021,0.0628643337205452));
#7646=CARTESIAN_POINT('',(-0.00112236754882197,-0.021,0.05538491841296));
#7647=CARTESIAN_POINT('',(0.000874664551579036,-0.021,0.0581881917320154));
#7648=CARTESIAN_POINT('',(0.00423571018210873,-0.021,0.0607324096161243));
#7649=CARTESIAN_POINT('',(0.00543137161935902,-0.021,0.0615047345746563));
#7650=CARTESIAN_POINT('',(0.00648810199121205,-0.021,0.0659703009767155));
#7651=CARTESIAN_POINT('',(0.00821020065274317,-0.021,0.066465969586518));
#7652=CARTESIAN_POINT('',(0.0103334518208955,-0.021,0.0690490609786233));
#7653=CARTESIAN_POINT('',(0.0104794378509028,-0.021,0.0677749534695925));
#7654=CARTESIAN_POINT('',(0.00985184048647484,-0.021,0.0669383642989192));
#7655=CARTESIAN_POINT('',(0.00952680801407378,-0.021,0.0662127769285812));
#7656=CARTESIAN_POINT('',(0.00944751133445438,-0.021,0.0647632199912265));
#7657=CARTESIAN_POINT('',(0.00704328007640421,-0.021,0.0614287915960975));
#7658=CARTESIAN_POINT('',(0.0138337417656968,-0.021,0.0646663680917804));
#7659=CARTESIAN_POINT('',(0.0160564121301127,-0.021,0.0629840301774641));
#7660=CARTESIAN_POINT('',(0.0182785287955343,-0.021,0.0643638443663734));
#7661=CARTESIAN_POINT('',(0.0214071992067184,-0.021,0.0644177849657595));
#7662=CARTESIAN_POINT('',(0.0228813631576609,-0.021,0.0634476288760598));
#7663=CARTESIAN_POINT('',(0.0243496229361249,-0.021,0.0628542723709481));
#7664=CARTESIAN_POINT('',(0.025182435762758,-0.021,0.0624659594883299));
#7665=CARTESIAN_POINT('',(0.0253232119896708,-0.021,0.0623960468784979));
#7666=CARTESIAN_POINT('',(0.0251859383994021,-0.021,0.0620631763002398));
#7667=CARTESIAN_POINT('',(0.0249828998358404,-0.021,0.062074334718995));
#7668=CARTESIAN_POINT('',(0.0237957980590977,-0.021,0.0621345160397685));
#7669=CARTESIAN_POINT('',(0.0218838398404879,-0.021,0.0616862321368261));
#7670=CARTESIAN_POINT('',(0.0194890746354752,-0.021,0.0620004610985126));
#7671=CARTESIAN_POINT('',(0.0226875500411629,-0.021,0.0594776954598122));
#7672=CARTESIAN_POINT('',(0.0227645828911058,-0.021,0.056724278819793));
#7673=CARTESIAN_POINT('',(0.0225086803796649,-0.021,0.0555711706360936));
#7674=CARTESIAN_POINT('',(-0.0170809586801134,-0.021,0.0878716386864938));
#7675=CARTESIAN_POINT('',(-0.0175400638334782,-0.021,0.0900270595606387));
#7676=CARTESIAN_POINT('',(-0.0177260531636922,-0.021,0.0947433102574895));
#7677=CARTESIAN_POINT('',(-0.0109398843202925,-0.021,0.102247050861588));
#7678=CARTESIAN_POINT('',(-0.0144948321037732,-0.021,0.0995393632671534));
#7679=CARTESIAN_POINT('',(-0.0184517673674621,-0.021,0.101760155079533));
#7680=CARTESIAN_POINT('',(-0.0191169094273617,-0.021,0.104143595833718));
#7681=CARTESIAN_POINT('',(-0.0225599957861939,-0.021,0.10494195637911));
#7682=CARTESIAN_POINT('',(-0.0184429854644796,-0.021,0.104947158992033));
#7683=CARTESIAN_POINT('',(-0.016663340956738,-0.021,0.107827664163062));
#7684=CARTESIAN_POINT('',(-0.0132282558729774,-0.021,0.108541157045109));
#7685=CARTESIAN_POINT('',(-0.0103285041683867,-0.021,0.10758991868124));
#7686=CARTESIAN_POINT('',(-0.0125353120182354,-0.021,0.109801142347681));
#7687=CARTESIAN_POINT('',(-0.0107243673052769,-0.021,0.113447328302227));
#7688=CARTESIAN_POINT('',(-0.00973931392953428,-0.021,0.11500759770096));
#7689=CARTESIAN_POINT('',(-0.00910104147392663,-0.021,0.115939273585989));
#7690=CARTESIAN_POINT('',(-0.00893964328324956,-0.021,0.116243556537721));
#7691=CARTESIAN_POINT('',(-0.0170809586801565,-0.021,0.0878716386866958));
#7692=CARTESIAN_POINT('',(-0.00114304775706726,-0.021,0.0591068314028689));
#7693=CARTESIAN_POINT('',(-0.00152454458928951,-0.021,0.0608339930233552));
#7694=CARTESIAN_POINT('',(-0.00235616226195934,-0.021,0.0645948743402558));
#7695=CARTESIAN_POINT('',(-0.00820445732580769,-0.021,0.0698574695123404));
#7696=CARTESIAN_POINT('',(-0.0161602737541278,-0.021,0.0731991390100081));
#7697=CARTESIAN_POINT('',(-0.0252610685447433,-0.021,0.07236876328215));
#7698=CARTESIAN_POINT('',(-0.0272175913736489,-0.021,0.0699225193300284));
#7699=CARTESIAN_POINT('',(-0.0280156066195655,-0.021,0.0689247570935522));
#7700=CARTESIAN_POINT('',(-0.00114304775706726,-0.021,0.0591068314028689));
#7701=CARTESIAN_POINT('',(-0.00114304775717946,-0.021,0.0591068314222752));
#7702=CARTESIAN_POINT('',(-0.0011529809005355,-0.021,0.0608248571709327));
#7703=CARTESIAN_POINT('',(-0.00194723397237064,-0.021,0.0647965712099283));
#7704=CARTESIAN_POINT('',(-0.00578069946258026,-0.021,0.0712903775697651));
#7705=CARTESIAN_POINT('',(-0.00974769638692121,-0.021,0.0749378397244264));
#7706=CARTESIAN_POINT('',(-0.0111938828355371,-0.021,0.0764492144685371));
#7707=CARTESIAN_POINT('',(-0.0111938828355377,-0.021,0.0764492144685376));
#7708=CARTESIAN_POINT('',(-0.0123183245264457,-0.021,0.0776784598418044));
#7709=CARTESIAN_POINT('',(-0.0132722604488192,-0.021,0.0779498191477712));
#7710=CARTESIAN_POINT('',(-0.0148066426165665,-0.021,0.0784180149359845));
#7711=CARTESIAN_POINT('',(-0.0159671861164107,-0.021,0.0783909394398153));
#7712=CARTESIAN_POINT('',(-0.0167596640254469,-0.021,0.0793909834738626));
#7713=CARTESIAN_POINT('',(-0.0179567988159427,-0.021,0.0801970869980174));
#7714=CARTESIAN_POINT('',(-0.0202159424088081,-0.021,0.0807283599532063));
#7715=CARTESIAN_POINT('',(-0.0213732468451919,-0.021,0.0806127713944811));
#7716=CARTESIAN_POINT('',(-0.0232618290063081,-0.021,0.0803208390161233));
#7717=CARTESIAN_POINT('',(-0.0239476031548221,-0.021,0.0792486491302389));
#7718=CARTESIAN_POINT('',(-0.0252060681359347,-0.021,0.0784848078628093));
#7719=CARTESIAN_POINT('',(-0.0254954827623465,-0.021,0.0775237448681199));
#7720=CARTESIAN_POINT('',(-0.0265531673667461,-0.021,0.0764351278338454));
#7721=CARTESIAN_POINT('',(-0.0275062841004737,-0.021,0.0756442431310873));
#7722=CARTESIAN_POINT('',(-0.0276792332186413,-0.021,0.074966916920656));
#7723=CARTESIAN_POINT('',(-0.0291927207795429,-0.021,0.0743282011989928));
#7724=CARTESIAN_POINT('',(-0.0283952887615967,-0.021,0.0736859539632443));
#7725=CARTESIAN_POINT('',(-0.0269669828856179,-0.021,0.0747447381696231));
#7726=CARTESIAN_POINT('',(-0.0257904142232331,-0.021,0.0748357338915861));
#7727=CARTESIAN_POINT('',(-0.0236487293349472,-0.021,0.0737848965796417));
#7728=CARTESIAN_POINT('',(-0.0230694539585434,-0.021,0.0736271641546163));
#7729=CARTESIAN_POINT('',(-0.0218863792143634,-0.021,0.073414204909879));
#7730=CARTESIAN_POINT('',(-0.0211108774336594,-0.021,0.0732840023301308));
#7731=CARTESIAN_POINT('',(-0.0196646220129441,-0.021,0.0734723494856231));
#7732=CARTESIAN_POINT('',(-0.0185874915902858,-0.021,0.0737731867677153));
#7733=CARTESIAN_POINT('',(-0.0174747985716318,-0.021,0.0740534058249002));
#7734=CARTESIAN_POINT('',(-0.0166767497167127,-0.021,0.0746013869277746));
#7735=CARTESIAN_POINT('',(-0.0161165817460728,-0.021,0.0758466835641887));
#7736=CARTESIAN_POINT('',(-0.0150674760700631,-0.021,0.0766725633499839));
#7737=CARTESIAN_POINT('',(-0.0152518198406844,-0.021,0.0785023475317269));
#7738=CARTESIAN_POINT('',(-0.0124132003885087,-0.021,0.0771733324815281));
#7739=CARTESIAN_POINT('',(-0.0115797298973619,-0.021,0.0766592365584748));
#7740=CARTESIAN_POINT('',(-0.0111938828355377,-0.021,0.0764492144685376));
#7741=CARTESIAN_POINT('',(-0.0123183245264457,-0.021,0.0776784598418044));
#7742=CARTESIAN_POINT('',(-0.0123183245264216,-0.021,0.0776784598417765));
#7743=CARTESIAN_POINT('',(-0.0126884114846666,-0.021,0.0781060988229253));
#7744=CARTESIAN_POINT('',(-0.014205624239038,-0.021,0.0799836042836021));
#7745=CARTESIAN_POINT('',(-0.015248416908639,-0.021,0.082085768904807));
#7746=CARTESIAN_POINT('',(-0.0158691960368506,-0.021,0.0837435878080908));
#7747=CARTESIAN_POINT('',(-0.0158691960367718,-0.021,0.0837435878078801));
#7748=CARTESIAN_POINT('',(-0.0170809586801565,-0.021,0.0878716386866958));
#7749=CARTESIAN_POINT('',(-0.0177908506495444,-0.021,0.0886576986191252));
#7750=CARTESIAN_POINT('',(-0.0192054007771405,-0.021,0.090223391388191));
#7751=CARTESIAN_POINT('',(-0.0221739737071784,-0.021,0.0908679118735621));
#7752=CARTESIAN_POINT('',(-0.0258730955803805,-0.021,0.0898667102854726));
#7753=CARTESIAN_POINT('',(-0.0269222736381313,-0.021,0.0898335606948077));
#7754=CARTESIAN_POINT('',(-0.0254265799560823,-0.021,0.0884582376112503));
#7755=CARTESIAN_POINT('',(-0.0242378952696463,-0.021,0.0869102888575022));
#7756=CARTESIAN_POINT('',(-0.0230080032261458,-0.021,0.0853821249028923));
#7757=CARTESIAN_POINT('',(-0.0208512516094738,-0.021,0.0838589061317979));
#7758=CARTESIAN_POINT('',(-0.0193658734259106,-0.021,0.0828409442607552));
#7759=CARTESIAN_POINT('',(-0.0160641134059832,-0.021,0.0831311741309552));
#7760=CARTESIAN_POINT('',(-0.015917875476985,-0.021,0.083606338447596));
#7761=CARTESIAN_POINT('',(-0.0158691960367718,-0.021,0.0837435878078801));
#7762=CARTESIAN_POINT('',(0.0312148082926129,-0.021,0.076682408871481));
#7763=CARTESIAN_POINT('',(0.0220427139482429,-0.021,0.0544412620887112));
#7764=CARTESIAN_POINT('',(0.0220427139482849,-0.021,0.0544412620888132));
#7765=CARTESIAN_POINT('',(0.0219259910660853,-0.021,0.0545042038211516));
#7766=CARTESIAN_POINT('',(0.0222380158389066,-0.021,0.0569367653825863));
#7767=CARTESIAN_POINT('',(0.0210228615515848,-0.021,0.0598648942724407));
#7768=CARTESIAN_POINT('',(0.0186499248775155,-0.021,0.0613118448305923));
#7769=CARTESIAN_POINT('',(0.0165434251058236,-0.021,0.0625076564824752));
#7770=CARTESIAN_POINT('',(0.0123323130111458,-0.021,0.062878150971567));
#7771=CARTESIAN_POINT('',(0.00940206385785307,-0.021,0.061973708069741));
#7772=CARTESIAN_POINT('',(0.00496940346864684,-0.021,0.0607229992507355));
#7773=CARTESIAN_POINT('',(0.010736303160802,-0.021,0.0597075276214986));
#7774=CARTESIAN_POINT('',(0.0124833327140562,-0.021,0.0580965943998989));
#7775=CARTESIAN_POINT('',(0.0124286816387293,-0.021,0.0569199425977809));
#7776=CARTESIAN_POINT('',(0.0111797909046778,-0.021,0.0585314945704158));
#7777=CARTESIAN_POINT('',(0.00982349287396444,-0.021,0.058310161669201));
#7778=CARTESIAN_POINT('',(0.00794167810467796,-0.021,0.0581038605906449));
#7779=CARTESIAN_POINT('',(0.00529628851519688,-0.021,0.0581533102081663));
#7780=CARTESIAN_POINT('',(0.00469916641695548,-0.021,0.060609433085539));
#7781=CARTESIAN_POINT('',(0.000943909895383436,-0.021,0.056543842705278));
#7782=CARTESIAN_POINT('',(-0.000628252865604765,-0.021,0.0553186987229775));
#7783=CARTESIAN_POINT('',(0.00260720758844286,-0.021,0.0562042976575028));
#7784=CARTESIAN_POINT('',(0.00489945869767182,-0.021,0.0557455298557645));
#7785=CARTESIAN_POINT('',(0.00744717456895345,-0.021,0.0552861329606332));
#7786=CARTESIAN_POINT('',(0.00865071945411384,-0.021,0.0536914558051836));
#7787=CARTESIAN_POINT('',(0.0100564868311813,-0.021,0.0532674204767133));
#7788=CARTESIAN_POINT('',(0.0114521222952952,-0.021,0.052575785164178));
#7789=CARTESIAN_POINT('',(0.0109396292678326,-0.021,0.0519133035712703));
#7790=CARTESIAN_POINT('',(0.00939454818065331,-0.021,0.0522452228269208));
#7791=CARTESIAN_POINT('',(0.00772005886592125,-0.021,0.0512053787150634));
#7792=CARTESIAN_POINT('',(0.00562436354014153,-0.021,0.0494980970825492));
#7793=CARTESIAN_POINT('',(0.00417559480634041,-0.021,0.0484140307243408));
#7794=CARTESIAN_POINT('',(0.0030288104152996,-0.021,0.0483091033194477));
#7795=CARTESIAN_POINT('',(0.00208706408028905,-0.021,0.0480682239031268));
#7796=CARTESIAN_POINT('',(-5.93951788599688E-05,-0.021,0.0479589306728706));
#7797=CARTESIAN_POINT('',(-0.000802944417700384,-0.021,0.0481999199874454));
#7798=CARTESIAN_POINT('',(-0.00220358293493935,-0.021,0.0493768480047141));
#7799=CARTESIAN_POINT('',(-0.00306682610672972,-0.021,0.0482794660162864));
#7800=CARTESIAN_POINT('',(-0.00600100228897663,-0.021,0.0431216695694574));
#7801=CARTESIAN_POINT('',(-0.00826050832675885,-0.021,0.0391377567341761));
#7802=CARTESIAN_POINT('',(-0.00134097742288952,-0.021,0.0565072789473173));
#7803=CARTESIAN_POINT('',(-0.00172777269763037,-0.021,0.0584374576590913));
#7804=CARTESIAN_POINT('',(-0.00248588498298943,-0.021,0.0621955329639377));
#7805=CARTESIAN_POINT('',(-0.00590114188208692,-0.021,0.06616390320748));
#7806=CARTESIAN_POINT('',(-0.00959359208425554,-0.021,0.0697308349998324));
#7807=CARTESIAN_POINT('',(-0.0152770337176933,-0.021,0.0713729164918254));
#7808=CARTESIAN_POINT('',(-0.0204876218828022,-0.021,0.0715418784194122));
#7809=CARTESIAN_POINT('',(-0.0249484522487336,-0.021,0.0706819484330929));
#7810=CARTESIAN_POINT('',(-0.0264952182991544,-0.021,0.0684413324417427));
#7811=CARTESIAN_POINT('',(-0.0274344470321842,-0.021,0.0675155199878421));
#7812=CARTESIAN_POINT('',(-0.0274344470321842,-0.021,0.0675155199878421));
#7813=CARTESIAN_POINT('',(-0.00134097742288952,-0.021,0.0565072789473173));
#7814=CARTESIAN_POINT('',(-0.0312148082926129,-0.021,0.076682408871481));
#7815=CARTESIAN_POINT('',(-0.0149000659711891,-0.021,0.0371212612131405));
#7816=CARTESIAN_POINT('',(-8.67361737988404E-18,-0.021,-3.46944695195361E-18));
#7817=CARTESIAN_POINT('',(-0.0102174578030755,-0.021,0.0386730339647974));
#7818=CARTESIAN_POINT('',(-0.0102174578030755,-0.021,0.0386730339647974));
#7819=CARTESIAN_POINT('',(-0.00795666395575201,-0.021,0.0417750185952973));
#7820=CARTESIAN_POINT('',(-0.00529159975699479,-0.021,0.0454049451004333));
#7821=CARTESIAN_POINT('',(-0.00346477921671261,-0.021,0.049426643667057));
#7822=CARTESIAN_POINT('',(-0.00321289728026967,-0.021,0.0500291790748785));
#7823=CARTESIAN_POINT('',(-0.00321289728026967,-0.021,0.0500291790748785));
#7824=CARTESIAN_POINT('',(-0.00828643193533907,-0.021,0.0516622058566018));
#7825=CARTESIAN_POINT('',(0.0624,-0.021,0.121243556529821));
#7826=CARTESIAN_POINT('',(0.0538516096245412,-0.021,0.121243556529821));
#7827=CARTESIAN_POINT('',(0.045,-0.021,0.121243556529821));
#7828=CARTESIAN_POINT('',(0.0438788495947528,-0.021,0.120505954070325));
#7829=CARTESIAN_POINT('',(0.0531235841111719,-0.021,0.11669348981201));
#7830=CARTESIAN_POINT('',(0.03625,-0.021,0.0757772228311384));
#7831=CARTESIAN_POINT('',(-0.03625,-0.021,0.0757772228311384));
#7832=CARTESIAN_POINT('',(-0.0531235841111719,-0.021,0.11669348981201));
#7833=CARTESIAN_POINT('',(-0.0438788495947528,-0.021,0.120505954070325));
#7834=CARTESIAN_POINT('',(-0.0538516096245412,-0.021,0.121243556529821));
#7835=CARTESIAN_POINT('',(0.0624,-0.021,0.121243556529821));
#7836=CARTESIAN_POINT('',(-0.045,-0.021,0.121243556529821));
#7837=CARTESIAN_POINT('',(0.0624,-0.021,0.121243556529821));
#7838=CARTESIAN_POINT('',(-0.035,-0.021,0.121243556529821));
#7839=CARTESIAN_POINT('',(0.0624,-0.021,0.121243556529821));
#7840=CARTESIAN_POINT('',(-0.025,-0.021,0.121243556529821));
#7841=CARTESIAN_POINT('',(0.0624,-0.021,0.121243556529821));
#7842=CARTESIAN_POINT('',(-0.015,-0.021,0.121243556529821));
#7843=CARTESIAN_POINT('',(0.0624,-0.021,0.121243556529821));
#7844=CARTESIAN_POINT('',(-0.005,-0.021,0.121243556529821));
#7845=CARTESIAN_POINT('',(0.0624,-0.021,0.121243556529821));
#7846=CARTESIAN_POINT('',(0.005,-0.021,0.121243556529821));
#7847=CARTESIAN_POINT('',(0.0624,-0.021,0.121243556529821));
#7848=CARTESIAN_POINT('',(0.015,-0.021,0.121243556529821));
#7849=CARTESIAN_POINT('',(0.0624,-0.021,0.121243556529821));
#7850=CARTESIAN_POINT('',(0.025,-0.021,0.121243556529821));
#7851=CARTESIAN_POINT('',(0.0624,-0.021,0.121243556529821));
#7852=CARTESIAN_POINT('',(0.035,-0.021,0.121243556529821));
#7853=CARTESIAN_POINT('',(0.0624,-0.021,0.121243556529821));
#7854=CARTESIAN_POINT('',(-0.008,-0.005998,0.0313108891324554));
#7855=CARTESIAN_POINT('',(-0.009,-0.005998,0.0323108891324553));
#7856=CARTESIAN_POINT('',(-0.009,-0.00868911086754465,0.0323108891324553));
#7857=CARTESIAN_POINT('',(-0.009,-0.0165,0.0323108891324553));
#7858=CARTESIAN_POINT('',(-0.00860069282032303,-0.0171916203230276,0.0319115819527784));
#7859=CARTESIAN_POINT('',(-0.007,-0.0199641016151378,0.0303108891324553));
#7860=CARTESIAN_POINT('',(-0.007,-0.005998,0.0303108891324553));
#7861=CARTESIAN_POINT('',(-0.007,-0.0106891108675446,0.0303108891324553));
#7862=CARTESIAN_POINT('',(-0.00923037028918154,-0.0084587405783631,0.0325412594216369));
#7863=CARTESIAN_POINT('',(3.46944695195361E-18,-0.005998,0.0323108891324553));
#7864=CARTESIAN_POINT('',(0.000559016994374948,-0.014375,0.0323108891324553));
#7865=CARTESIAN_POINT('',(-2.16840434497101E-19,-0.01375,0.0323108891324553));
#7866=CARTESIAN_POINT('',(0.0011180339887499,-0.015,0.0323108891324553));
#7867=CARTESIAN_POINT('',(-0.000559016994374948,-0.014375,0.0323108891324553));
#7868=CARTESIAN_POINT('',(-0.0011180339887499,-0.015,0.0323108891324553));
#7869=CARTESIAN_POINT('',(0.,-0.016,0.0323108891324553));
#7870=CARTESIAN_POINT('',(-0.00141421356237309,-0.0165,0.0323108891324553));
#7871=CARTESIAN_POINT('',(3.46944695195361E-18,-0.0165,0.0323108891324553));
#7872=CARTESIAN_POINT('',(3.46944695195361E-18,-0.00868911086754465,0.0323108891324553));
#7873=CARTESIAN_POINT('',(0.009,-0.00868911086754464,0.0323108891324553));
#7874=CARTESIAN_POINT('',(0.009,-0.005998,0.0323108891324553));
#7875=CARTESIAN_POINT('',(0.009,-0.0165,0.0323108891324553));
#7876=CARTESIAN_POINT('',(3.46944695195361E-18,-0.0165,0.0323108891324553));
#7877=CARTESIAN_POINT('',(0.00141421356237309,-0.0165,0.0323108891324553));
#7878=CARTESIAN_POINT('',(0.,-0.016,0.0323108891324553));
#7879=CARTESIAN_POINT('',(0.008,-0.005998,0.0313108891324554));
#7880=CARTESIAN_POINT('',(0.007,-0.005998,0.0303108891324553));
#7881=CARTESIAN_POINT('',(0.007,-0.0106891108675446,0.0303108891324553));
#7882=CARTESIAN_POINT('',(0.007,-0.0199641016151378,0.0303108891324553));
#7883=CARTESIAN_POINT('',(0.00860069282032303,-0.0171916203230276,0.0319115819527784));
#7884=CARTESIAN_POINT('',(0.00923037028918154,-0.0084587405783631,0.0325412594216369));
#7885=CARTESIAN_POINT('',(0.0175,-0.00834455543377233,0.0326554445662277));
#7886=CARTESIAN_POINT('',(-0.01225,-0.0106891108675446,0.0303108891324553));
#7887=CARTESIAN_POINT('',(-0.01225,-0.0106891108675446,0.0303108891324553));
#7888=CARTESIAN_POINT('',(0.,-0.026,0.00234455543377231));
#7889=CARTESIAN_POINT('',(0.0279414426399054,-0.026,0.0687449190003446));
#7890=CARTESIAN_POINT('',(0.0276256880576633,-0.026,0.0687445465592201));
#7891=CARTESIAN_POINT('',(0.0264810914853437,-0.026,0.0707973968992576));
#7892=CARTESIAN_POINT('',(0.0244164897446043,-0.026,0.0705167066896868));
#7893=CARTESIAN_POINT('',(0.0223366510384668,-0.026,0.0707246321236358));
#7894=CARTESIAN_POINT('',(0.0206665245590709,-0.026,0.0740131998099651));
#7895=CARTESIAN_POINT('',(0.0205214070018719,-0.026,0.0707251836860251));
#7896=CARTESIAN_POINT('',(0.0162845255474728,-0.026,0.0687831016974138));
#7897=CARTESIAN_POINT('',(0.0157046502227316,-0.026,0.0671132818539865));
#7898=CARTESIAN_POINT('',(0.0142422024380216,-0.026,0.0660181149120822));
#7899=CARTESIAN_POINT('',(0.0155591738298658,-0.026,0.0688252142559917));
#7900=CARTESIAN_POINT('',(0.0151216804840196,-0.026,0.0705694401353412));
#7901=CARTESIAN_POINT('',(0.0138647776374339,-0.026,0.0729319087217163));
#7902=CARTESIAN_POINT('',(0.0160742584113954,-0.026,0.0763464683716449));
#7903=CARTESIAN_POINT('',(0.0128809416882866,-0.026,0.0748510426185749));
#7904=CARTESIAN_POINT('',(0.0103800823835583,-0.026,0.0741126182627832));
#7905=CARTESIAN_POINT('',(0.0074039697154068,-0.026,0.0719495407236395));
#7906=CARTESIAN_POINT('',(0.00481880037088827,-0.026,0.0696141339421966));
#7907=CARTESIAN_POINT('',(0.0019617053485603,-0.026,0.0667912288843278));
#7908=CARTESIAN_POINT('',(0.0009808980426422,-0.026,0.0628643337205452));
#7909=CARTESIAN_POINT('',(-0.00112236754882197,-0.026,0.05538491841296));
#7910=CARTESIAN_POINT('',(0.000874664551579036,-0.026,0.0581881917320154));
#7911=CARTESIAN_POINT('',(0.00423571018210873,-0.026,0.0607324096161243));
#7912=CARTESIAN_POINT('',(0.00543137161935902,-0.026,0.0615047345746563));
#7913=CARTESIAN_POINT('',(0.00648810199121205,-0.026,0.0659703009767155));
#7914=CARTESIAN_POINT('',(0.00821020065274317,-0.026,0.066465969586518));
#7915=CARTESIAN_POINT('',(0.0103334518208955,-0.026,0.0690490609786233));
#7916=CARTESIAN_POINT('',(0.0104794378509028,-0.026,0.0677749534695925));
#7917=CARTESIAN_POINT('',(0.00985184048647484,-0.026,0.0669383642989192));
#7918=CARTESIAN_POINT('',(0.00952680801407378,-0.026,0.0662127769285812));
#7919=CARTESIAN_POINT('',(0.00944751133445438,-0.026,0.0647632199912265));
#7920=CARTESIAN_POINT('',(0.00704328007640421,-0.026,0.0614287915960975));
#7921=CARTESIAN_POINT('',(0.0138337417656968,-0.026,0.0646663680917804));
#7922=CARTESIAN_POINT('',(0.0160564121301127,-0.026,0.0629840301774641));
#7923=CARTESIAN_POINT('',(0.0182785287955343,-0.026,0.0643638443663734));
#7924=CARTESIAN_POINT('',(0.0214071992067184,-0.026,0.0644177849657595));
#7925=CARTESIAN_POINT('',(0.0228813631576609,-0.026,0.0634476288760598));
#7926=CARTESIAN_POINT('',(0.0243496229361249,-0.026,0.0628542723709481));
#7927=CARTESIAN_POINT('',(0.025182435762758,-0.026,0.0624659594883299));
#7928=CARTESIAN_POINT('',(0.0253232119896708,-0.026,0.0623960468784979));
#7929=CARTESIAN_POINT('',(0.0251859383994021,-0.026,0.0620631763002398));
#7930=CARTESIAN_POINT('',(0.0249828998358404,-0.026,0.062074334718995));
#7931=CARTESIAN_POINT('',(0.0237957980590977,-0.026,0.0621345160397685));
#7932=CARTESIAN_POINT('',(0.0218838398404879,-0.026,0.0616862321368261));
#7933=CARTESIAN_POINT('',(0.0194890746354752,-0.026,0.0620004610985126));
#7934=CARTESIAN_POINT('',(0.0226875500411629,-0.026,0.0594776954598122));
#7935=CARTESIAN_POINT('',(0.0227645828911058,-0.026,0.056724278819793));
#7936=CARTESIAN_POINT('',(0.0225086803796649,-0.026,0.0555711706360936));
#7937=CARTESIAN_POINT('',(0.0220427139482849,-0.026,0.0544412620888132));
#7938=CARTESIAN_POINT('',(0.0219259910660853,-0.026,0.0545042038211516));
#7939=CARTESIAN_POINT('',(0.0222380158389066,-0.026,0.0569367653825863));
#7940=CARTESIAN_POINT('',(0.0210228615515848,-0.026,0.0598648942724407));
#7941=CARTESIAN_POINT('',(0.0186499248775155,-0.026,0.0613118448305923));
#7942=CARTESIAN_POINT('',(0.0165434251058236,-0.026,0.0625076564824752));
#7943=CARTESIAN_POINT('',(0.0123323130111458,-0.026,0.062878150971567));
#7944=CARTESIAN_POINT('',(0.00940206385785307,-0.026,0.061973708069741));
#7945=CARTESIAN_POINT('',(0.00496940346864684,-0.026,0.0607229992507355));
#7946=CARTESIAN_POINT('',(0.010736303160802,-0.026,0.0597075276214986));
#7947=CARTESIAN_POINT('',(0.0124833327140562,-0.026,0.0580965943998989));
#7948=CARTESIAN_POINT('',(0.0124286816387293,-0.026,0.0569199425977809));
#7949=CARTESIAN_POINT('',(0.0111797909046778,-0.026,0.0585314945704158));
#7950=CARTESIAN_POINT('',(0.00982349287396444,-0.026,0.058310161669201));
#7951=CARTESIAN_POINT('',(0.00794167810467796,-0.026,0.0581038605906449));
#7952=CARTESIAN_POINT('',(0.00529628851519688,-0.026,0.0581533102081663));
#7953=CARTESIAN_POINT('',(0.00469916641695548,-0.026,0.060609433085539));
#7954=CARTESIAN_POINT('',(0.000943909895383436,-0.026,0.056543842705278));
#7955=CARTESIAN_POINT('',(-0.000628252865604765,-0.026,0.0553186987229775));
#7956=CARTESIAN_POINT('',(0.00260720758844286,-0.026,0.0562042976575028));
#7957=CARTESIAN_POINT('',(0.00489945869767182,-0.026,0.0557455298557645));
#7958=CARTESIAN_POINT('',(0.00744717456895345,-0.026,0.0552861329606332));
#7959=CARTESIAN_POINT('',(0.00865071945411384,-0.026,0.0536914558051836));
#7960=CARTESIAN_POINT('',(0.0100564868311813,-0.026,0.0532674204767133));
#7961=CARTESIAN_POINT('',(0.0114521222952952,-0.026,0.052575785164178));
#7962=CARTESIAN_POINT('',(0.0109396292678326,-0.026,0.0519133035712703));
#7963=CARTESIAN_POINT('',(0.00939454818065331,-0.026,0.0522452228269208));
#7964=CARTESIAN_POINT('',(0.00772005886592125,-0.026,0.0512053787150634));
#7965=CARTESIAN_POINT('',(0.00562436354014153,-0.026,0.0494980970825492));
#7966=CARTESIAN_POINT('',(0.00417559480634041,-0.026,0.0484140307243408));
#7967=CARTESIAN_POINT('',(0.0030288104152996,-0.026,0.0483091033194477));
#7968=CARTESIAN_POINT('',(0.00208706408028905,-0.026,0.0480682239031268));
#7969=CARTESIAN_POINT('',(-5.93951788599688E-05,-0.026,0.0479589306728706));
#7970=CARTESIAN_POINT('',(-0.000802944417700384,-0.026,0.0481999199874454));
#7971=CARTESIAN_POINT('',(-0.00220358293493935,-0.026,0.0493768480047141));
#7972=CARTESIAN_POINT('',(-0.00306682610672972,-0.026,0.0482794660162864));
#7973=CARTESIAN_POINT('',(-0.00600100228897663,-0.026,0.0431216695694574));
#7974=CARTESIAN_POINT('',(-0.00826050832675885,-0.026,0.0391377567341761));
#7975=CARTESIAN_POINT('',(0.0220427139482429,-0.026,0.0544412620887112));
#7976=CARTESIAN_POINT('',(0.0312148082926129,-0.026,0.076682408871481));
#7977=CARTESIAN_POINT('',(-0.0102174578030755,-0.026,0.0386730339647974));
#7978=CARTESIAN_POINT('',(-0.00795666395575201,-0.026,0.0417750185952973));
#7979=CARTESIAN_POINT('',(-0.00529159975699479,-0.026,0.0454049451004333));
#7980=CARTESIAN_POINT('',(-0.00346477921671261,-0.026,0.049426643667057));
#7981=CARTESIAN_POINT('',(-0.00321289728026967,-0.026,0.0500291790748785));
#7982=CARTESIAN_POINT('',(-0.0102174578030755,-0.026,0.0386730339647974));
#7983=CARTESIAN_POINT('',(-0.00321289728026967,-0.026,0.0500291790748785));
#7984=CARTESIAN_POINT('',(-8.67361737988404E-18,-0.026,-3.46944695195361E-18));
#7985=CARTESIAN_POINT('',(-0.0149000659711891,-0.026,0.0371212612131405));
#7986=CARTESIAN_POINT('',(-0.0312148082926129,-0.026,0.076682408871481));
#7987=CARTESIAN_POINT('',(-0.0274344470321842,-0.026,0.0675155199878421));
#7988=CARTESIAN_POINT('',(-0.00134097742288952,-0.026,0.0565072789473173));
#7989=CARTESIAN_POINT('',(-0.00172777269763037,-0.026,0.0584374576590913));
#7990=CARTESIAN_POINT('',(-0.00248588498298943,-0.026,0.0621955329639377));
#7991=CARTESIAN_POINT('',(-0.00590114188208692,-0.026,0.06616390320748));
#7992=CARTESIAN_POINT('',(-0.00959359208425554,-0.026,0.0697308349998324));
#7993=CARTESIAN_POINT('',(-0.0152770337176933,-0.026,0.0713729164918254));
#7994=CARTESIAN_POINT('',(-0.0204876218828022,-0.026,0.0715418784194122));
#7995=CARTESIAN_POINT('',(-0.0249484522487336,-0.026,0.0706819484330929));
#7996=CARTESIAN_POINT('',(-0.0264952182991544,-0.026,0.0684413324417427));
#7997=CARTESIAN_POINT('',(-0.0274344470321842,-0.026,0.0675155199878421));
#7998=CARTESIAN_POINT('',(-0.00134097742288952,-0.026,0.0565072789473173));
#7999=CARTESIAN_POINT('',(-0.00828643193533907,-0.026,0.0516622058566018));
#8000=CARTESIAN_POINT('',(-0.00673817390677062,-0.026,0.116243556517674));
#8001=CARTESIAN_POINT('',(-0.00661465330544072,-0.026,0.115965051932623));
#8002=CARTESIAN_POINT('',(-0.00617204924054624,-0.026,0.115038253023876));
#8003=CARTESIAN_POINT('',(-0.00435239105465883,-0.026,0.113887401203611));
#8004=CARTESIAN_POINT('',(-0.00384753265695888,-0.026,0.110675011553005));
#8005=CARTESIAN_POINT('',(-0.0047233422823356,-0.026,0.107852113758418));
#8006=CARTESIAN_POINT('',(-0.00246397671905945,-0.026,0.109293682475784));
#8007=CARTESIAN_POINT('',(-0.00123015397446674,-0.026,0.110532947520242));
#8008=CARTESIAN_POINT('',(0.00246875841175796,-0.026,0.110636931291199));
#8009=CARTESIAN_POINT('',(0.00414362804843191,-0.026,0.109885330285849));
#8010=CARTESIAN_POINT('',(0.00634910032042166,-0.026,0.109668734074174));
#8011=CARTESIAN_POINT('',(0.00810486871116101,-0.026,0.110553510695919));
#8012=CARTESIAN_POINT('',(0.00863671997771598,-0.026,0.10969105072269));
#8013=CARTESIAN_POINT('',(0.00735714660112412,-0.026,0.109816371617992));
#8014=CARTESIAN_POINT('',(0.00634651570789157,-0.026,0.108420201802316));
#8015=CARTESIAN_POINT('',(0.00491509022400269,-0.026,0.10676516753936));
#8016=CARTESIAN_POINT('',(0.00425632060551566,-0.026,0.105648142409053));
#8017=CARTESIAN_POINT('',(0.00227916818906065,-0.026,0.104300158449531));
#8018=CARTESIAN_POINT('',(0.000933279295993407,-0.026,0.103268217630055));
#8019=CARTESIAN_POINT('',(-0.00204146213415839,-0.026,0.103029238530306));
#8020=CARTESIAN_POINT('',(0.000697534117702024,-0.026,0.102066526585132));
#8021=CARTESIAN_POINT('',(0.00115763675192002,-0.026,0.101033055296216));
#8022=CARTESIAN_POINT('',(0.00231878976786564,-0.026,0.0991209655602834));
#8023=CARTESIAN_POINT('',(0.00366085314892391,-0.026,0.0966852151754393));
#8024=CARTESIAN_POINT('',(0.00426170294004939,-0.026,0.0956018093395981));
#8025=CARTESIAN_POINT('',(0.0054238064153068,-0.026,0.0948147009481308));
#8026=CARTESIAN_POINT('',(0.00537495390336209,-0.026,0.094104435157168));
#8027=CARTESIAN_POINT('',(0.00384555241315105,-0.026,0.0951844816950218));
#8028=CARTESIAN_POINT('',(0.00259840637252546,-0.026,0.0951519690378338));
#8029=CARTESIAN_POINT('',(0.000853257873514937,-0.026,0.0951390901683958));
#8030=CARTESIAN_POINT('',(-0.00146878988184929,-0.026,0.0949750324262551));
#8031=CARTESIAN_POINT('',(-0.00360180279709314,-0.026,0.0956461553863524));
#8032=CARTESIAN_POINT('',(-0.0053613304430525,-0.026,0.0966523046836116));
#8033=CARTESIAN_POINT('',(-0.0063918367667865,-0.026,0.0992702584387053));
#8034=CARTESIAN_POINT('',(-0.0054313575997019,-0.026,0.0962558514593869));
#8035=CARTESIAN_POINT('',(-0.00709366801693357,-0.026,0.0948211610342223));
#8036=CARTESIAN_POINT('',(-0.00884761466585049,-0.026,0.0927497531532918));
#8037=CARTESIAN_POINT('',(-0.0109132488660505,-0.026,0.0918083591268143));
#8038=CARTESIAN_POINT('',(-0.0125015470105287,-0.026,0.0906190660417055));
#8039=CARTESIAN_POINT('',(-0.0124220933851574,-0.026,0.0889942500721839));
#8040=CARTESIAN_POINT('',(-0.0128356211078754,-0.026,0.0885948397570664));
#8041=CARTESIAN_POINT('',(-0.0135594908640298,-0.026,0.0894540671103135));
#8042=CARTESIAN_POINT('',(-0.0122722229224539,-0.026,0.091412509867491));
#8043=CARTESIAN_POINT('',(-0.0130736707258584,-0.026,0.0938491104518412));
#8044=CARTESIAN_POINT('',(-0.0134081332434801,-0.026,0.0960167724682226));
#8045=CARTESIAN_POINT('',(-0.0128713081021246,-0.026,0.0988664266091462));
#8046=CARTESIAN_POINT('',(-0.0106441564469992,-0.026,0.101326833016053));
#8047=CARTESIAN_POINT('',(-0.0142370707480946,-0.026,0.0975407340664138));
#8048=CARTESIAN_POINT('',(-0.0151121227787816,-0.026,0.0948116960065617));
#8049=CARTESIAN_POINT('',(-0.0164867480559143,-0.026,0.0906497649464305));
#8050=CARTESIAN_POINT('',(-0.0159187211941669,-0.026,0.0863350539275983));
#8051=CARTESIAN_POINT('',(-0.0150998388720492,-0.026,0.083061465689137));
#8052=CARTESIAN_POINT('',(-0.012685646531977,-0.026,0.0791137796423085));
#8053=CARTESIAN_POINT('',(-0.0104459308153708,-0.026,0.0772430284229643));
#8054=CARTESIAN_POINT('',(-0.0086271488316503,-0.026,0.0740367791402472));
#8055=CARTESIAN_POINT('',(-0.0112242849484751,-0.026,0.0797164774450026));
#8056=CARTESIAN_POINT('',(-0.00902388097181466,-0.026,0.0857613141264611));
#8057=CARTESIAN_POINT('',(-0.00393091332630533,-0.026,0.0913458808267858));
#8058=CARTESIAN_POINT('',(0.00254731836639879,-0.026,0.0927440615256566));
#8059=CARTESIAN_POINT('',(0.00676173751607455,-0.026,0.0894518124621925));
#8060=CARTESIAN_POINT('',(0.0046783664839229,-0.026,0.0842154697015916));
#8061=CARTESIAN_POINT('',(-0.000731700184318094,-0.026,0.0853936621562953));
#8062=CARTESIAN_POINT('',(-0.000544986897598276,-0.026,0.0890567226908623));
#8063=CARTESIAN_POINT('',(0.0025282729584684,-0.026,0.090007027201507));
#8064=CARTESIAN_POINT('',(0.00364255433635357,-0.026,0.0868959511141769));
#8065=CARTESIAN_POINT('',(0.00223695501906166,-0.026,0.0893112859352674));
#8066=CARTESIAN_POINT('',(0.000112202761619679,-0.026,0.0868146747543215));
#8067=CARTESIAN_POINT('',(0.00209592080128785,-0.026,0.0853239117183753));
#8068=CARTESIAN_POINT('',(0.00456161703939677,-0.026,0.0872328308500789));
#8069=CARTESIAN_POINT('',(0.00498747032274585,-0.026,0.089364562924799));
#8070=CARTESIAN_POINT('',(0.00315330488916497,-0.026,0.0913885115531564));
#8071=CARTESIAN_POINT('',(-0.000155076926648338,-0.026,0.0909983293208128));
#8072=CARTESIAN_POINT('',(-0.00397463404373378,-0.026,0.0898658824561242));
#8073=CARTESIAN_POINT('',(-0.00767582744570598,-0.026,0.0853485138687593));
#8074=CARTESIAN_POINT('',(-0.00921359313065219,-0.026,0.0824052130929152));
#8075=CARTESIAN_POINT('',(-0.00935550432746612,-0.026,0.0747696990639822));
#8076=CARTESIAN_POINT('',(-0.00860077404882494,-0.026,0.0825124824006541));
#8077=CARTESIAN_POINT('',(-0.0058394838541926,-0.026,0.0855914091918079));
#8078=CARTESIAN_POINT('',(-4.59056418343937E-05,-0.026,0.0839547993273198));
#8079=CARTESIAN_POINT('',(-0.000621125858290632,-0.026,0.0803310046025007));
#8080=CARTESIAN_POINT('',(-0.00278420931741776,-0.026,0.0780676737726157));
#8081=CARTESIAN_POINT('',(-0.00608421822899445,-0.026,0.0795787676774219));
#8082=CARTESIAN_POINT('',(-0.00534551473059063,-0.026,0.0828779398379336));
#8083=CARTESIAN_POINT('',(-0.00199279473689914,-0.026,0.0823733463088987));
#8084=CARTESIAN_POINT('',(-0.00481693710179859,-0.026,0.0817024517171038));
#8085=CARTESIAN_POINT('',(-0.0047712979207203,-0.026,0.0792795318387647));
#8086=CARTESIAN_POINT('',(-0.00216104860459254,-0.026,0.0790135254255678));
#8087=CARTESIAN_POINT('',(-0.000549117114606322,-0.026,0.082471568166964));
#8088=CARTESIAN_POINT('',(-0.00268467227258907,-0.026,0.0845102538843929));
#8089=CARTESIAN_POINT('',(-0.00581918325653249,-0.026,0.0841479339027127));
#8090=CARTESIAN_POINT('',(-0.00830767438086524,-0.026,0.0801809249306323));
#8091=CARTESIAN_POINT('',(-0.00841009976547048,-0.026,0.0755134387074424));
#8092=CARTESIAN_POINT('',(-0.00665190626161183,-0.026,0.0722426796834824));
#8093=CARTESIAN_POINT('',(-0.00255888417535117,-0.026,0.0683359014802748));
#8094=CARTESIAN_POINT('',(-0.00231094951380427,-0.026,0.0649398333412732));
#8095=CARTESIAN_POINT('',(-0.002350384012383,-0.026,0.0699917385096583));
#8096=CARTESIAN_POINT('',(-0.00133512809980621,-0.026,0.0706293042907634));
#8097=CARTESIAN_POINT('',(-0.0035677872688894,-0.026,0.0719717312703082));
#8098=CARTESIAN_POINT('',(-0.00308626218308466,-0.026,0.0766545493594663));
#8099=CARTESIAN_POINT('',(0.000707634046602263,-0.026,0.0802033506580756));
#8100=CARTESIAN_POINT('',(0.00322393922273335,-0.026,0.0813782323242314));
#8101=CARTESIAN_POINT('',(0.0066865384321449,-0.026,0.0846722136758576));
#8102=CARTESIAN_POINT('',(0.00410489173195398,-0.026,0.081127758154987));
#8103=CARTESIAN_POINT('',(0.00473077345324225,-0.026,0.0786714924690634));
#8104=CARTESIAN_POINT('',(0.00474539994260737,-0.026,0.0756810178405176));
#8105=CARTESIAN_POINT('',(0.00387926551674112,-0.026,0.0732273536695138));
#8106=CARTESIAN_POINT('',(0.00233301044274737,-0.026,0.0704702639193881));
#8107=CARTESIAN_POINT('',(-0.00176428022063571,-0.026,0.07095820734643));
#8108=CARTESIAN_POINT('',(-0.00120062092027968,-0.026,0.0669157549417837));
#8109=CARTESIAN_POINT('',(-0.00161927959515171,-0.026,0.0653960584463));
#8110=CARTESIAN_POINT('',(-0.000510702520316114,-0.026,0.0599133056469068));
#8111=CARTESIAN_POINT('',(-0.00018149616194652,-0.026,0.0653597297855485));
#8112=CARTESIAN_POINT('',(0.00177275066294284,-0.026,0.0679670075320623));
#8113=CARTESIAN_POINT('',(0.00697821331462512,-0.026,0.073720424922842));
#8114=CARTESIAN_POINT('',(0.010753698261037,-0.026,0.0751818058761497));
#8115=CARTESIAN_POINT('',(0.0132520867720552,-0.026,0.0755058578610691));
#8116=CARTESIAN_POINT('',(0.0105747506636037,-0.026,0.076440610215013));
#8117=CARTESIAN_POINT('',(0.0101161851628673,-0.026,0.0787493709902505));
#8118=CARTESIAN_POINT('',(0.00922922271676047,-0.026,0.0803736912233105));
#8119=CARTESIAN_POINT('',(0.00815760644585234,-0.026,0.0803904402449612));
#8120=CARTESIAN_POINT('',(0.0074359494251964,-0.026,0.0808764848732735));
#8121=CARTESIAN_POINT('',(0.00793550510417825,-0.026,0.0812309289727663));
#8122=CARTESIAN_POINT('',(0.0120696915336341,-0.026,0.0821864688085624));
#8123=CARTESIAN_POINT('',(0.0138000517340992,-0.026,0.0826626347406475));
#8124=CARTESIAN_POINT('',(0.0165354216482139,-0.026,0.0806034864604463));
#8125=CARTESIAN_POINT('',(0.0146751874680883,-0.026,0.0830992056875301));
#8126=CARTESIAN_POINT('',(0.0170410011370321,-0.026,0.0859306737328501));
#8127=CARTESIAN_POINT('',(0.0195226090017214,-0.026,0.0875989739533112));
#8128=CARTESIAN_POINT('',(0.0217547478107742,-0.026,0.0886927728088503));
#8129=CARTESIAN_POINT('',(0.0213597174420933,-0.026,0.0867118240760684));
#8130=CARTESIAN_POINT('',(0.0230566061295417,-0.026,0.0843206075555943));
#8131=CARTESIAN_POINT('',(0.0216450439996391,-0.026,0.0809554544273573));
#8132=CARTESIAN_POINT('',(0.0242708568847259,-0.026,0.0832838907533286));
#8133=CARTESIAN_POINT('',(0.0269405096454026,-0.026,0.0823719864440952));
#8134=CARTESIAN_POINT('',(0.0287801885467994,-0.026,0.0815461971340843));
#8135=CARTESIAN_POINT('',(0.0298213858024333,-0.026,0.0821276782212852));
#8136=CARTESIAN_POINT('',(0.0301755292558286,-0.026,0.0810882007729534));
#8137=CARTESIAN_POINT('',(0.0286816100378501,-0.026,0.080509460476251));
#8138=CARTESIAN_POINT('',(0.0281412675377346,-0.026,0.0782694320102989));
#8139=CARTESIAN_POINT('',(0.0265086708597031,-0.026,0.0769700845495571));
#8140=CARTESIAN_POINT('',(0.0245432022136505,-0.026,0.0769817498752647));
#8141=CARTESIAN_POINT('',(0.027337801666158,-0.026,0.0755730907760321));
#8142=CARTESIAN_POINT('',(0.0278412454254919,-0.026,0.0738981043249211));
#8143=CARTESIAN_POINT('',(0.0274367429074527,-0.026,0.0706143238127561));
#8144=CARTESIAN_POINT('',(0.0281502692579048,-0.026,0.0697439676107806));
#8145=CARTESIAN_POINT('',(0.0281828622195413,-0.026,0.0693303303693645));
#8146=CARTESIAN_POINT('',(-0.00673817390677062,-0.026,0.116243556529821));
#8147=CARTESIAN_POINT('',(-0.0462647753070184,-0.026,0.116243556529821));
#8148=CARTESIAN_POINT('',(0.03625,-0.026,0.0757772228311384));
#8149=CARTESIAN_POINT('',(0.0531235841111719,-0.026,0.11669348981201));
#8150=CARTESIAN_POINT('',(0.0175,-0.026,0.0303108891324553));
#8151=CARTESIAN_POINT('',(0.0438788495947528,-0.026,0.120505954070325));
#8152=CARTESIAN_POINT('',(0.0525391036325972,-0.026,0.125505954070325));
#8153=CARTESIAN_POINT('',(0.0525,-0.026,0.125573683548744));
#8154=CARTESIAN_POINT('',(0.05,-0.026,0.129903810567666));
#8155=CARTESIAN_POINT('',(0.0475,-0.026,0.125573683548744));
#8156=CARTESIAN_POINT('',(0.045,-0.026,0.121243556529821));
#8157=CARTESIAN_POINT('',(0.0425,-0.026,0.125573683548744));
#8158=CARTESIAN_POINT('',(0.04,-0.026,0.129903810567666));
#8159=CARTESIAN_POINT('',(0.0375,-0.026,0.125573683548744));
#8160=CARTESIAN_POINT('',(0.035,-0.026,0.121243556529821));
#8161=CARTESIAN_POINT('',(0.0325,-0.026,0.125573683548744));
#8162=CARTESIAN_POINT('',(0.03,-0.026,0.129903810567666));
#8163=CARTESIAN_POINT('',(0.0275,-0.026,0.125573683548744));
#8164=CARTESIAN_POINT('',(0.025,-0.026,0.121243556529821));
#8165=CARTESIAN_POINT('',(0.0225,-0.026,0.125573683548744));
#8166=CARTESIAN_POINT('',(0.02,-0.026,0.129903810567666));
#8167=CARTESIAN_POINT('',(0.0175,-0.026,0.125573683548744));
#8168=CARTESIAN_POINT('',(0.015,-0.026,0.121243556529821));
#8169=CARTESIAN_POINT('',(0.0125,-0.026,0.125573683548744));
#8170=CARTESIAN_POINT('',(0.01,-0.026,0.129903810567666));
#8171=CARTESIAN_POINT('',(0.0075,-0.026,0.125573683548744));
#8172=CARTESIAN_POINT('',(0.005,-0.026,0.121243556529821));
#8173=CARTESIAN_POINT('',(0.0025,-0.026,0.125573683548744));
#8174=CARTESIAN_POINT('',(-5.55111512312578E-17,-0.026,0.129903810567666));
#8175=CARTESIAN_POINT('',(-0.0025,-0.026,0.125573683548744));
#8176=CARTESIAN_POINT('',(-0.005,-0.026,0.121243556529821));
#8177=CARTESIAN_POINT('',(-0.0075,-0.026,0.125573683548744));
#8178=CARTESIAN_POINT('',(-0.01,-0.026,0.129903810567666));
#8179=CARTESIAN_POINT('',(-0.0125,-0.026,0.125573683548744));
#8180=CARTESIAN_POINT('',(-0.015,-0.026,0.121243556529821));
#8181=CARTESIAN_POINT('',(-0.0175,-0.026,0.125573683548744));
#8182=CARTESIAN_POINT('',(-0.02,-0.026,0.129903810567666));
#8183=CARTESIAN_POINT('',(-0.0225,-0.026,0.125573683548744));
#8184=CARTESIAN_POINT('',(-0.025,-0.026,0.121243556529821));
#8185=CARTESIAN_POINT('',(-0.0275,-0.026,0.125573683548744));
#8186=CARTESIAN_POINT('',(-0.03,-0.026,0.129903810567666));
#8187=CARTESIAN_POINT('',(-0.0325,-0.026,0.125573683548744));
#8188=CARTESIAN_POINT('',(-0.035,-0.026,0.121243556529821));
#8189=CARTESIAN_POINT('',(-0.0375,-0.026,0.125573683548744));
#8190=CARTESIAN_POINT('',(-0.04,-0.026,0.129903810567666));
#8191=CARTESIAN_POINT('',(-0.0425,-0.026,0.125573683548744));
#8192=CARTESIAN_POINT('',(-0.045,-0.026,0.121243556529821));
#8193=CARTESIAN_POINT('',(-0.0475,-0.026,0.125573683548744));
#8194=CARTESIAN_POINT('',(-0.05,-0.026,0.129903810567666));
#8195=CARTESIAN_POINT('',(-0.0525,-0.026,0.125573683548744));
#8196=CARTESIAN_POINT('',(-0.0525391036325972,-0.026,0.125505954070325));
#8197=CARTESIAN_POINT('',(-0.0438788495947528,-0.026,0.120505954070325));
#8198=CARTESIAN_POINT('',(-0.0531235841111719,-0.026,0.11669348981201));
#8199=CARTESIAN_POINT('',(-0.03625,-0.026,0.0757772228311384));
#8200=CARTESIAN_POINT('',(-0.0175,-0.026,0.0303108891324553));
#8201=CARTESIAN_POINT('',(-0.01225,-0.026,0.0303108891324553));
#8202=CARTESIAN_POINT('',(-0.00114304775706726,-0.026,0.0591068314028689));
#8203=CARTESIAN_POINT('',(-0.00152454458928951,-0.026,0.0608339930233552));
#8204=CARTESIAN_POINT('',(-0.00235616226195934,-0.026,0.0645948743402558));
#8205=CARTESIAN_POINT('',(-0.00820445732580769,-0.026,0.0698574695123404));
#8206=CARTESIAN_POINT('',(-0.0161602737541278,-0.026,0.0731991390100081));
#8207=CARTESIAN_POINT('',(-0.0252610685447433,-0.026,0.07236876328215));
#8208=CARTESIAN_POINT('',(-0.0272175913736489,-0.026,0.0699225193300284));
#8209=CARTESIAN_POINT('',(-0.0280156066195655,-0.026,0.0689247570935522));
#8210=CARTESIAN_POINT('',(-0.00114304775706726,-0.026,0.0591068314028689));
#8211=CARTESIAN_POINT('',(-0.0170809586801134,-0.026,0.0878716386864938));
#8212=CARTESIAN_POINT('',(-0.0175400638334782,-0.026,0.0900270595606387));
#8213=CARTESIAN_POINT('',(-0.0177260531636922,-0.026,0.0947433102574895));
#8214=CARTESIAN_POINT('',(-0.0109398843202925,-0.026,0.102247050861588));
#8215=CARTESIAN_POINT('',(-0.0144948321037732,-0.026,0.0995393632671534));
#8216=CARTESIAN_POINT('',(-0.0184517673674621,-0.026,0.101760155079533));
#8217=CARTESIAN_POINT('',(-0.0191169094273617,-0.026,0.104143595833718));
#8218=CARTESIAN_POINT('',(-0.0225599957861939,-0.026,0.10494195637911));
#8219=CARTESIAN_POINT('',(-0.0184429854644796,-0.026,0.104947158992033));
#8220=CARTESIAN_POINT('',(-0.016663340956738,-0.026,0.107827664163062));
#8221=CARTESIAN_POINT('',(-0.0132282558729774,-0.026,0.108541157045109));
#8222=CARTESIAN_POINT('',(-0.0103285041683867,-0.026,0.10758991868124));
#8223=CARTESIAN_POINT('',(-0.0125353120182354,-0.026,0.109801142347681));
#8224=CARTESIAN_POINT('',(-0.0107243673052769,-0.026,0.113447328302227));
#8225=CARTESIAN_POINT('',(-0.00973931392953428,-0.026,0.11500759770096));
#8226=CARTESIAN_POINT('',(-0.00910104147392663,-0.026,0.115939273585989));
#8227=CARTESIAN_POINT('',(-0.00893964328324956,-0.026,0.116243556537721));
#8228=CARTESIAN_POINT('',(-0.0170809586801565,-0.026,0.0878716386866958));
#8229=CARTESIAN_POINT('',(-0.0170809586801565,-0.026,0.0878716386866958));
#8230=CARTESIAN_POINT('',(-0.0177908506495444,-0.026,0.0886576986191252));
#8231=CARTESIAN_POINT('',(-0.0192054007771405,-0.026,0.090223391388191));
#8232=CARTESIAN_POINT('',(-0.0221739737071784,-0.026,0.0908679118735621));
#8233=CARTESIAN_POINT('',(-0.0258730955803805,-0.026,0.0898667102854726));
#8234=CARTESIAN_POINT('',(-0.0269222736381313,-0.026,0.0898335606948077));
#8235=CARTESIAN_POINT('',(-0.0254265799560823,-0.026,0.0884582376112503));
#8236=CARTESIAN_POINT('',(-0.0242378952696463,-0.026,0.0869102888575022));
#8237=CARTESIAN_POINT('',(-0.0230080032261458,-0.026,0.0853821249028923));
#8238=CARTESIAN_POINT('',(-0.0208512516094738,-0.026,0.0838589061317979));
#8239=CARTESIAN_POINT('',(-0.0193658734259106,-0.026,0.0828409442607552));
#8240=CARTESIAN_POINT('',(-0.0160641134059832,-0.026,0.0831311741309552));
#8241=CARTESIAN_POINT('',(-0.015917875476985,-0.026,0.083606338447596));
#8242=CARTESIAN_POINT('',(-0.0158691960367718,-0.026,0.0837435878078801));
#8243=CARTESIAN_POINT('',(-0.0158691960367718,-0.026,0.0837435878078801));
#8244=CARTESIAN_POINT('',(-0.0123183245264216,-0.026,0.0776784598417765));
#8245=CARTESIAN_POINT('',(-0.0126884114846666,-0.026,0.0781060988229253));
#8246=CARTESIAN_POINT('',(-0.014205624239038,-0.026,0.0799836042836021));
#8247=CARTESIAN_POINT('',(-0.015248416908639,-0.026,0.082085768904807));
#8248=CARTESIAN_POINT('',(-0.0158691960368506,-0.026,0.0837435878080908));
#8249=CARTESIAN_POINT('',(-0.0123183245264457,-0.026,0.0776784598418044));
#8250=CARTESIAN_POINT('',(-0.0123183245264457,-0.026,0.0776784598418044));
#8251=CARTESIAN_POINT('',(-0.0132722604488192,-0.026,0.0779498191477712));
#8252=CARTESIAN_POINT('',(-0.0148066426165665,-0.026,0.0784180149359845));
#8253=CARTESIAN_POINT('',(-0.0159671861164107,-0.026,0.0783909394398153));
#8254=CARTESIAN_POINT('',(-0.0167596640254469,-0.026,0.0793909834738626));
#8255=CARTESIAN_POINT('',(-0.0179567988159427,-0.026,0.0801970869980174));
#8256=CARTESIAN_POINT('',(-0.0202159424088081,-0.026,0.0807283599532063));
#8257=CARTESIAN_POINT('',(-0.0213732468451919,-0.026,0.0806127713944811));
#8258=CARTESIAN_POINT('',(-0.0232618290063081,-0.026,0.0803208390161233));
#8259=CARTESIAN_POINT('',(-0.0239476031548221,-0.026,0.0792486491302389));
#8260=CARTESIAN_POINT('',(-0.0252060681359347,-0.026,0.0784848078628093));
#8261=CARTESIAN_POINT('',(-0.0254954827623465,-0.026,0.0775237448681199));
#8262=CARTESIAN_POINT('',(-0.0265531673667461,-0.026,0.0764351278338454));
#8263=CARTESIAN_POINT('',(-0.0275062841004737,-0.026,0.0756442431310873));
#8264=CARTESIAN_POINT('',(-0.0276792332186413,-0.026,0.074966916920656));
#8265=CARTESIAN_POINT('',(-0.0291927207795429,-0.026,0.0743282011989928));
#8266=CARTESIAN_POINT('',(-0.0283952887615967,-0.026,0.0736859539632443));
#8267=CARTESIAN_POINT('',(-0.0269669828856179,-0.026,0.0747447381696231));
#8268=CARTESIAN_POINT('',(-0.0257904142232331,-0.026,0.0748357338915861));
#8269=CARTESIAN_POINT('',(-0.0236487293349472,-0.026,0.0737848965796417));
#8270=CARTESIAN_POINT('',(-0.0230694539585434,-0.026,0.0736271641546163));
#8271=CARTESIAN_POINT('',(-0.0218863792143634,-0.026,0.073414204909879));
#8272=CARTESIAN_POINT('',(-0.0211108774336594,-0.026,0.0732840023301308));
#8273=CARTESIAN_POINT('',(-0.0196646220129441,-0.026,0.0734723494856231));
#8274=CARTESIAN_POINT('',(-0.0185874915902858,-0.026,0.0737731867677153));
#8275=CARTESIAN_POINT('',(-0.0174747985716318,-0.026,0.0740534058249002));
#8276=CARTESIAN_POINT('',(-0.0166767497167127,-0.026,0.0746013869277746));
#8277=CARTESIAN_POINT('',(-0.0161165817460728,-0.026,0.0758466835641887));
#8278=CARTESIAN_POINT('',(-0.0150674760700631,-0.026,0.0766725633499839));
#8279=CARTESIAN_POINT('',(-0.0152518198406844,-0.026,0.0785023475317269));
#8280=CARTESIAN_POINT('',(-0.0124132003885087,-0.026,0.0771733324815281));
#8281=CARTESIAN_POINT('',(-0.0115797298973619,-0.026,0.0766592365584748));
#8282=CARTESIAN_POINT('',(-0.0111938828355377,-0.026,0.0764492144685376));
#8283=CARTESIAN_POINT('',(-0.0111938828355377,-0.026,0.0764492144685376));
#8284=CARTESIAN_POINT('',(-0.00114304775717946,-0.026,0.0591068314222752));
#8285=CARTESIAN_POINT('',(-0.0011529809005355,-0.026,0.0608248571709327));
#8286=CARTESIAN_POINT('',(-0.00194723397237064,-0.026,0.0647965712099283));
#8287=CARTESIAN_POINT('',(-0.00578069946258026,-0.026,0.0712903775697651));
#8288=CARTESIAN_POINT('',(-0.00974769638692121,-0.026,0.0749378397244264));
#8289=CARTESIAN_POINT('',(-0.0111938828355371,-0.026,0.0764492144685371));
#8290=CARTESIAN_POINT('',(-0.01225,-0.005998,0.0303108891324553));
#8291=CARTESIAN_POINT('',(0.0175,-0.021,0.0303108891324553));
#8292=CARTESIAN_POINT('',(-0.0175,-0.021,0.0303108891324553));
#8293=CARTESIAN_POINT('',(-0.01225,-0.0199641016151378,0.0303108891324553));
#8294=CARTESIAN_POINT('',(-0.0045,-0.0165,0.0323108891324553));
#8295=CARTESIAN_POINT('',(0.,-0.016,0.0325995642670502));
#8296=CARTESIAN_POINT('',(0.0312148082926129,-0.021,0.076682408871481));
#8297=CARTESIAN_POINT('',(0.0220427139482429,-0.020998,0.0544412620887112));
#8298=CARTESIAN_POINT('',(-8.67361737988404E-18,-0.021,-3.46944695195361E-18));
#8299=CARTESIAN_POINT('',(-0.0102174578030755,-0.020998,0.0386730339647974));
#8300=CARTESIAN_POINT('',(-0.0149000659711891,-0.021,0.0371212612131405));
#8301=CARTESIAN_POINT('',(-0.0312148082926129,-0.021,0.076682408871481));
#8302=CARTESIAN_POINT('',(-0.0274344470321842,-0.020998,0.0675155199878421));
#8303=CARTESIAN_POINT('',(-0.0475,-0.021,0.125573683548744));
#8304=CARTESIAN_POINT('',(-0.047,-0.023,0.124707658144959));
#8305=CARTESIAN_POINT('',(-0.045,-0.021,0.121243556529821));
#8306=CARTESIAN_POINT('',(-0.0525,-0.021,0.125573683548744));
#8307=CARTESIAN_POINT('',(-0.053,-0.023,0.124707658144959));
#8308=CARTESIAN_POINT('',(-0.0525391036325972,-0.0234608963674028,0.125505954070325));
#8309=CARTESIAN_POINT('',(-0.0525391036325972,-0.021,0.125505954070325));
#8310=CARTESIAN_POINT('',(-0.03625,-0.021,0.0757772228311384));
#8311=CARTESIAN_POINT('',(-0.0531235841111719,-0.021,0.11669348981201));
#8312=CARTESIAN_POINT('',(0.03625,-0.021,0.0757772228311384));
#8313=CARTESIAN_POINT('',(0.0531235841111718,-0.026,0.11669348981201));
#8314=CARTESIAN_POINT('',(0.0525,-0.021,0.125573683548744));
#8315=CARTESIAN_POINT('',(0.0525391036325972,-0.021,0.125505954070325));
#8316=CARTESIAN_POINT('',(0.0525391036325972,-0.0234608963674028,0.125505954070325));
#8317=CARTESIAN_POINT('',(0.053,-0.023,0.124707658144959));
#8318=CARTESIAN_POINT('',(0.0475,-0.021,0.125573683548744));
#8319=CARTESIAN_POINT('',(0.047,-0.023,0.124707658144959));
#8320=CARTESIAN_POINT('',(0.045,-0.021,0.121243556529821));
#8321=CARTESIAN_POINT('',(0.0425,-0.021,0.125573683548744));
#8322=CARTESIAN_POINT('',(0.043,-0.023,0.124707658144959));
#8323=CARTESIAN_POINT('',(0.0375,-0.021,0.125573683548744));
#8324=CARTESIAN_POINT('',(0.037,-0.023,0.124707658144959));
#8325=CARTESIAN_POINT('',(0.035,-0.021,0.121243556529821));
#8326=CARTESIAN_POINT('',(0.0325,-0.021,0.125573683548744));
#8327=CARTESIAN_POINT('',(0.033,-0.023,0.124707658144959));
#8328=CARTESIAN_POINT('',(0.0275,-0.021,0.125573683548744));
#8329=CARTESIAN_POINT('',(0.027,-0.023,0.124707658144959));
#8330=CARTESIAN_POINT('',(0.025,-0.021,0.121243556529821));
#8331=CARTESIAN_POINT('',(0.0225,-0.021,0.125573683548744));
#8332=CARTESIAN_POINT('',(0.023,-0.023,0.124707658144959));
#8333=CARTESIAN_POINT('',(0.0175,-0.021,0.125573683548744));
#8334=CARTESIAN_POINT('',(0.017,-0.023,0.124707658144959));
#8335=CARTESIAN_POINT('',(0.015,-0.021,0.121243556529821));
#8336=CARTESIAN_POINT('',(0.0125,-0.021,0.125573683548744));
#8337=CARTESIAN_POINT('',(0.013,-0.023,0.124707658144959));
#8338=CARTESIAN_POINT('',(0.0075,-0.021,0.125573683548744));
#8339=CARTESIAN_POINT('',(0.007,-0.023,0.124707658144959));
#8340=CARTESIAN_POINT('',(0.005,-0.021,0.121243556529821));
#8341=CARTESIAN_POINT('',(0.0025,-0.021,0.125573683548744));
#8342=CARTESIAN_POINT('',(0.003,-0.023,0.124707658144959));
#8343=CARTESIAN_POINT('',(-0.0025,-0.021,0.125573683548744));
#8344=CARTESIAN_POINT('',(-0.00300000000000004,-0.023,0.124707658144959));
#8345=CARTESIAN_POINT('',(-0.005,-0.021,0.121243556529821));
#8346=CARTESIAN_POINT('',(-0.0075,-0.021,0.125573683548744));
#8347=CARTESIAN_POINT('',(-0.007,-0.023,0.124707658144959));
#8348=CARTESIAN_POINT('',(-0.0125,-0.021,0.125573683548744));
#8349=CARTESIAN_POINT('',(-0.013,-0.023,0.124707658144959));
#8350=CARTESIAN_POINT('',(-0.015,-0.021,0.121243556529821));
#8351=CARTESIAN_POINT('',(-0.0175,-0.021,0.125573683548744));
#8352=CARTESIAN_POINT('',(-0.017,-0.023,0.124707658144959));
#8353=CARTESIAN_POINT('',(-0.0225,-0.021,0.125573683548744));
#8354=CARTESIAN_POINT('',(-0.023,-0.023,0.124707658144959));
#8355=CARTESIAN_POINT('',(-0.025,-0.021,0.121243556529821));
#8356=CARTESIAN_POINT('',(-0.0275,-0.021,0.125573683548744));
#8357=CARTESIAN_POINT('',(-0.027,-0.023,0.124707658144959));
#8358=CARTESIAN_POINT('',(-0.0325,-0.021,0.125573683548744));
#8359=CARTESIAN_POINT('',(-0.033,-0.023,0.124707658144959));
#8360=CARTESIAN_POINT('',(-0.035,-0.021,0.121243556529821));
#8361=CARTESIAN_POINT('',(-0.0375,-0.021,0.125573683548744));
#8362=CARTESIAN_POINT('',(-0.037,-0.023,0.124707658144959));
#8363=CARTESIAN_POINT('',(-0.0425,-0.021,0.125573683548744));
#8364=CARTESIAN_POINT('',(-0.043,-0.023,0.124707658144959));
#8365=CARTESIAN_POINT('',(-0.0462647753070184,-0.021,0.116243556529821));
#8366=CARTESIAN_POINT('',(-0.00673817390677062,-0.020998,0.116243556529821));
#8367=CARTESIAN_POINT('',(0.0624,-0.0235,0.125573683548743));
#8368=CARTESIAN_POINT('',(0.0624,-0.0235,0.125573683548743));
#8369=CARTESIAN_POINT('',(0.0624,-0.0235,0.125573683548743));
#8370=CARTESIAN_POINT('',(0.0624,-0.0235,0.125573683548743));
#8371=CARTESIAN_POINT('',(0.0624,-0.0235,0.125573683548743));
#8372=CARTESIAN_POINT('',(0.0624,-0.0235,0.125573683548743));
#8373=CARTESIAN_POINT('',(0.0624,-0.0235,0.125573683548743));
#8374=CARTESIAN_POINT('',(0.0624,-0.0235,0.125573683548743));
#8375=CARTESIAN_POINT('',(0.0624,-0.0235,0.125573683548743));
#8376=CARTESIAN_POINT('',(0.0624,-0.0235,0.125573683548743));
#8377=CARTESIAN_POINT('',(0.0438788495947528,-0.0205741450214547,0.120505954070325));
#8378=CARTESIAN_POINT('',(0.0624,-0.0235,0.125573683548743));
#8379=CARTESIAN_POINT('',(-0.0438788495947528,-0.0205741450214547,0.120505954070325));
#8380=CARTESIAN_POINT('',(0.0438788495947528,-0.021,0.120505954070325));
#8381=CARTESIAN_POINT('',(-0.0438788495947528,-0.021,0.120505954070325));
#8382=CARTESIAN_POINT('',(-0.00114304775706726,-0.021,0.0591068314028689));
#8383=CARTESIAN_POINT('',(-0.00114304775706726,-0.026,0.0591068314028689));
#8384=CARTESIAN_POINT('',(-0.0014092593698676,-0.021,0.0603120589217403));
#8385=CARTESIAN_POINT('',(-0.0014092593698676,-0.026,0.0603120589217403));
#8386=CARTESIAN_POINT('',(-0.00180685868958469,-0.021,0.0621197852170828));
#8387=CARTESIAN_POINT('',(-0.00180685868958469,-0.026,0.0621197852170828));
#8388=CARTESIAN_POINT('',(-0.0029574686372867,-0.021,0.0644336576500729));
#8389=CARTESIAN_POINT('',(-0.0029574686372867,-0.026,0.0644336576500729));
#8390=CARTESIAN_POINT('',(-0.00469266191106881,-0.021,0.0666498288388421));
#8391=CARTESIAN_POINT('',(-0.00469266191106881,-0.026,0.0666498288388421));
#8392=CARTESIAN_POINT('',(-0.00770530669150241,-0.021,0.0691493158965635));
#8393=CARTESIAN_POINT('',(-0.00770530669150241,-0.026,0.0691493158965635));
#8394=CARTESIAN_POINT('',(-0.011903987518187,-0.021,0.0714462457704018));
#8395=CARTESIAN_POINT('',(-0.011903987518187,-0.026,0.0714462457704018));
#8396=CARTESIAN_POINT('',(-0.0166712910906705,-0.021,0.0727287034204315));
#8397=CARTESIAN_POINT('',(-0.0166712910906705,-0.026,0.0727287034204315));
#8398=CARTESIAN_POINT('',(-0.0211236826947571,-0.021,0.0726957089850071));
#8399=CARTESIAN_POINT('',(-0.0211236826947571,-0.026,0.0726957089850071));
#8400=CARTESIAN_POINT('',(-0.0241244095074315,-0.021,0.0720345818376226));
#8401=CARTESIAN_POINT('',(-0.0241244095074315,-0.026,0.0720345818376226));
#8402=CARTESIAN_POINT('',(-0.025848141354625,-0.021,0.0712140965078512));
#8403=CARTESIAN_POINT('',(-0.025848141354625,-0.026,0.0712140965078512));
#8404=CARTESIAN_POINT('',(-0.0270485038568145,-0.021,0.0701312349022378));
#8405=CARTESIAN_POINT('',(-0.0270485038568145,-0.026,0.0701312349022378));
#8406=CARTESIAN_POINT('',(-0.0276938320076347,-0.021,0.0693270734128006));
#8407=CARTESIAN_POINT('',(-0.0276938320076347,-0.026,0.0693270734128006));
#8408=CARTESIAN_POINT('',(-0.0280156066195655,-0.021,0.0689247570935522));
#8409=CARTESIAN_POINT('',(-0.0280156066195655,-0.026,0.0689247570935522));
#8410=CARTESIAN_POINT('',(-0.00114304775706726,-0.020998,0.0591068314028689));
#8411=CARTESIAN_POINT('',(-0.00114304775717946,-0.021,0.0591068314222752));
#8412=CARTESIAN_POINT('',(-0.00114304775717946,-0.026,0.0591068314222752));
#8413=CARTESIAN_POINT('',(-0.0011518105108836,-0.021,0.0606224278405738));
#8414=CARTESIAN_POINT('',(-0.0011518105108836,-0.026,0.0606224278405738));
#8415=CARTESIAN_POINT('',(-0.00164409777877567,-0.021,0.0634223888054776));
#8416=CARTESIAN_POINT('',(-0.00164409777877567,-0.026,0.0634223888054776));
#8417=CARTESIAN_POINT('',(-0.00382454033021408,-0.021,0.0680776444921132));
#8418=CARTESIAN_POINT('',(-0.00382454033021408,-0.026,0.0680776444921132));
#8419=CARTESIAN_POINT('',(-0.00719400196350795,-0.021,0.0725989286956807));
#8420=CARTESIAN_POINT('',(-0.00719400196350795,-0.026,0.0725989286956807));
#8421=CARTESIAN_POINT('',(-0.00993834872203216,-0.021,0.0751370859035537));
#8422=CARTESIAN_POINT('',(-0.00993834872203216,-0.026,0.0751370859035537));
#8423=CARTESIAN_POINT('',(-0.0111938828355371,-0.021,0.0764492144685371));
#8424=CARTESIAN_POINT('',(-0.0111938828355371,-0.026,0.0764492144685371));
#8425=CARTESIAN_POINT('',(-0.0111938828355377,-0.020998,0.0764492144685376));
#8426=CARTESIAN_POINT('',(-0.0123183245264457,-0.021,0.0776784598418044));
#8427=CARTESIAN_POINT('',(-0.0123183245264457,-0.026,0.0776784598418044));
#8428=CARTESIAN_POINT('',(-0.0129452302949128,-0.021,0.0778567912268041));
#8429=CARTESIAN_POINT('',(-0.0129452302949128,-0.026,0.0778567912268041));
#8430=CARTESIAN_POINT('',(-0.0138779091085814,-0.021,0.0781342610439158));
#8431=CARTESIAN_POINT('',(-0.0138779091085814,-0.026,0.0781342610439158));
#8432=CARTESIAN_POINT('',(-0.0148906150567353,-0.021,0.078356927554494));
#8433=CARTESIAN_POINT('',(-0.0148906150567353,-0.026,0.078356927554494));
#8434=CARTESIAN_POINT('',(-0.0154778391572201,-0.021,0.0784013502398746));
#8435=CARTESIAN_POINT('',(-0.0154778391572201,-0.026,0.0784013502398746));
#8436=CARTESIAN_POINT('',(-0.0159481607371684,-0.021,0.0785148033371895));
#8437=CARTESIAN_POINT('',(-0.0159481607371684,-0.026,0.0785148033371895));
#8438=CARTESIAN_POINT('',(-0.0163613777790629,-0.021,0.0788846793978289));
#8439=CARTESIAN_POINT('',(-0.0163613777790629,-0.026,0.0788846793978289));
#8440=CARTESIAN_POINT('',(-0.016776694517335,-0.021,0.0793363622720048));
#8441=CARTESIAN_POINT('',(-0.016776694517335,-0.026,0.0793363622720048));
#8442=CARTESIAN_POINT('',(-0.0172546138509788,-0.021,0.0797175396941295));
#8443=CARTESIAN_POINT('',(-0.0172546138509788,-0.026,0.0797175396941295));
#8444=CARTESIAN_POINT('',(-0.0178403983805746,-0.021,0.0800413307127906));
#8445=CARTESIAN_POINT('',(-0.0178403983805746,-0.026,0.0800413307127906));
#8446=CARTESIAN_POINT('',(-0.0188547995066176,-0.021,0.0804099796401241));
#8447=CARTESIAN_POINT('',(-0.0188547995066176,-0.026,0.0804099796401241));
#8448=CARTESIAN_POINT('',(-0.0203116567190314,-0.021,0.080710656416687));
#8449=CARTESIAN_POINT('',(-0.0203116567190314,-0.026,0.080710656416687));
#8450=CARTESIAN_POINT('',(-0.021108384694352,-0.021,0.0806398662924876));
#8451=CARTESIAN_POINT('',(-0.021108384694352,-0.026,0.0806398662924876));
#8452=CARTESIAN_POINT('',(-0.0220619687650381,-0.021,0.0805056876941837));
#8453=CARTESIAN_POINT('',(-0.0220619687650381,-0.026,0.0805056876941837));
#8454=CARTESIAN_POINT('',(-0.0228071869256206,-0.021,0.0803300750661507));
#8455=CARTESIAN_POINT('',(-0.0228071869256206,-0.026,0.0803300750661507));
#8456=CARTESIAN_POINT('',(-0.0233798339621623,-0.021,0.0800191461647807));
#8457=CARTESIAN_POINT('',(-0.0233798339621623,-0.026,0.0800191461647807));
#8458=CARTESIAN_POINT('',(-0.0237584528596095,-0.021,0.0795844567363517));
#8459=CARTESIAN_POINT('',(-0.0237584528596095,-0.026,0.0795844567363517));
#8460=CARTESIAN_POINT('',(-0.0241906815765231,-0.021,0.0791461928466489));
#8461=CARTESIAN_POINT('',(-0.0241906815765231,-0.026,0.0791461928466489));
#8462=CARTESIAN_POINT('',(-0.0247390950332851,-0.021,0.0787526432090619));
#8463=CARTESIAN_POINT('',(-0.0247390950332851,-0.026,0.0787526432090619));
#8464=CARTESIAN_POINT('',(-0.0251799690886744,-0.021,0.0783485226193704));
#8465=CARTESIAN_POINT('',(-0.0251799690886744,-0.026,0.0783485226193704));
#8466=CARTESIAN_POINT('',(-0.0253919388267543,-0.021,0.0779033038468055));
#8467=CARTESIAN_POINT('',(-0.0253919388267543,-0.026,0.0779033038468055));
#8468=CARTESIAN_POINT('',(-0.0256540682269222,-0.021,0.0774193436196199));
#8469=CARTESIAN_POINT('',(-0.0256540682269222,-0.026,0.0774193436196199));
#8470=CARTESIAN_POINT('',(-0.0260952941410072,-0.021,0.0769099870304692));
#8471=CARTESIAN_POINT('',(-0.0260952941410072,-0.026,0.0769099870304692));
#8472=CARTESIAN_POINT('',(-0.0265996717012984,-0.021,0.0764205429096037));
#8473=CARTESIAN_POINT('',(-0.0265996717012984,-0.026,0.0764205429096037));
#8474=CARTESIAN_POINT('',(-0.0270881892917512,-0.021,0.0759900544176066));
#8475=CARTESIAN_POINT('',(-0.0270881892917512,-0.026,0.0759900544176066));
#8476=CARTESIAN_POINT('',(-0.0274658268870651,-0.021,0.0756013015933831));
#8477=CARTESIAN_POINT('',(-0.0274658268870651,-0.026,0.0756013015933831));
#8478=CARTESIAN_POINT('',(-0.027606271253572,-0.021,0.0752397849433572));
#8479=CARTESIAN_POINT('',(-0.027606271253572,-0.026,0.0752397849433572));
#8480=CARTESIAN_POINT('',(-0.0280076316627091,-0.021,0.0748731253671687));
#8481=CARTESIAN_POINT('',(-0.0280076316627091,-0.026,0.0748731253671687));
#8482=CARTESIAN_POINT('',(-0.0287162860741558,-0.021,0.0744996146779231));
#8483=CARTESIAN_POINT('',(-0.0287162860741558,-0.026,0.0744996146779231));
#8484=CARTESIAN_POINT('',(-0.0289771656861666,-0.021,0.0741250852367826));
#8485=CARTESIAN_POINT('',(-0.0289771656861666,-0.026,0.0741250852367826));
#8486=CARTESIAN_POINT('',(-0.0285174068168154,-0.021,0.0738591539126361));
#8487=CARTESIAN_POINT('',(-0.0285174068168154,-0.026,0.0738591539126361));
#8488=CARTESIAN_POINT('',(-0.0279026850178299,-0.021,0.0740811001908127));
#8489=CARTESIAN_POINT('',(-0.0279026850178299,-0.026,0.0740811001908127));
#8490=CARTESIAN_POINT('',(-0.0272214338544983,-0.021,0.0744883571145513));
#8491=CARTESIAN_POINT('',(-0.0272214338544983,-0.026,0.0744883571145513));
#8492=CARTESIAN_POINT('',(-0.0266330010523955,-0.021,0.0747505550246133));
#8493=CARTESIAN_POINT('',(-0.0266330010523955,-0.026,0.0747505550246133));
#8494=CARTESIAN_POINT('',(-0.0260873551076365,-0.021,0.074770912033364));
#8495=CARTESIAN_POINT('',(-0.0260873551076365,-0.026,0.074770912033364));
#8496=CARTESIAN_POINT('',(-0.0253696206631836,-0.021,0.0745658324034133));
#8497=CARTESIAN_POINT('',(-0.0253696206631836,-0.026,0.0745658324034133));
#8498=CARTESIAN_POINT('',(-0.0245243001621499,-0.021,0.0742128849432048));
#8499=CARTESIAN_POINT('',(-0.0245243001621499,-0.026,0.0742128849432048));
#8500=CARTESIAN_POINT('',(-0.0237607471818502,-0.021,0.0738642475142834));
#8501=CARTESIAN_POINT('',(-0.0237607471818502,-0.026,0.0738642475142834));
#8502=CARTESIAN_POINT('',(-0.0233264722274383,-0.021,0.0736917991920058));
#8503=CARTESIAN_POINT('',(-0.0233264722274383,-0.026,0.0736917991920058));
#8504=CARTESIAN_POINT('',(-0.0229634562145122,-0.021,0.0736137377861977));
#8505=CARTESIAN_POINT('',(-0.0229634562145122,-0.026,0.0736137377861977));
#8506=CARTESIAN_POINT('',(-0.0223591340263984,-0.021,0.0734990690409011));
#8507=CARTESIAN_POINT('',(-0.0223591340263984,-0.026,0.0734990690409011));
#8508=CARTESIAN_POINT('',(-0.0217851825373987,-0.021,0.0733968820149856));
#8509=CARTESIAN_POINT('',(-0.0217851825373987,-0.026,0.0733968820149856));
#8510=CARTESIAN_POINT('',(-0.0213543326230015,-0.021,0.0733299946384817));
#8511=CARTESIAN_POINT('',(-0.0213543326230015,-0.026,0.0733299946384817));
#8512=CARTESIAN_POINT('',(-0.0208123540769557,-0.021,0.0733357840090039));
#8513=CARTESIAN_POINT('',(-0.0208123540769557,-0.026,0.0733357840090039));
#8514=CARTESIAN_POINT('',(-0.0201387019494435,-0.021,0.0734145472661151));
#8515=CARTESIAN_POINT('',(-0.0201387019494435,-0.026,0.0734145472661151));
#8516=CARTESIAN_POINT('',(-0.0194949999874729,-0.021,0.0735332411709727));
#8517=CARTESIAN_POINT('',(-0.0194949999874729,-0.026,0.0735332411709727));
#8518=CARTESIAN_POINT('',(-0.0189453186633312,-0.021,0.0736719952392177));
#8519=CARTESIAN_POINT('',(-0.0189453186633312,-0.026,0.0736719952392177));
#8520=CARTESIAN_POINT('',(-0.0184034608062522,-0.021,0.0738164334314964));
#8521=CARTESIAN_POINT('',(-0.0184034608062522,-0.026,0.0738164334314964));
#8522=CARTESIAN_POINT('',(-0.0176497468446025,-0.021,0.0740201831100485));
#8523=CARTESIAN_POINT('',(-0.0176497468446025,-0.026,0.0740201831100485));
#8524=CARTESIAN_POINT('',(-0.0170297142830803,-0.021,0.0743030872311514));
#8525=CARTESIAN_POINT('',(-0.0170297142830803,-0.026,0.0743030872311514));
#8526=CARTESIAN_POINT('',(-0.0165794494043639,-0.021,0.0748865326842013));
#8527=CARTESIAN_POINT('',(-0.0165794494043639,-0.026,0.0748865326842013));
#8528=CARTESIAN_POINT('',(-0.0162723691565735,-0.021,0.0754474418848851));
#8529=CARTESIAN_POINT('',(-0.0162723691565735,-0.026,0.0754474418848851));
#8530=CARTESIAN_POINT('',(-0.0158939030747974,-0.021,0.075965573338745));
#8531=CARTESIAN_POINT('',(-0.0158939030747974,-0.026,0.075965573338745));
#8532=CARTESIAN_POINT('',(-0.015451096372535,-0.021,0.0764068745458569));
#8533=CARTESIAN_POINT('',(-0.015451096372535,-0.026,0.0764068745458569));
#8534=CARTESIAN_POINT('',(-0.0151769004796065,-0.021,0.0769545147681041));
#8535=CARTESIAN_POINT('',(-0.0151769004796065,-0.026,0.0769545147681041));
#8536=CARTESIAN_POINT('',(-0.0151400722474338,-0.021,0.0776460999632342));
#8537=CARTESIAN_POINT('',(-0.0151400722474338,-0.026,0.0776460999632342));
#8538=CARTESIAN_POINT('',(-0.0148519981905275,-0.021,0.0780366890822791));
#8539=CARTESIAN_POINT('',(-0.0148519981905275,-0.026,0.0780366890822791));
#8540=CARTESIAN_POINT('',(-0.0140701329864003,-0.021,0.0778962916628519));
#8541=CARTESIAN_POINT('',(-0.0140701329864003,-0.026,0.0778962916628519));
#8542=CARTESIAN_POINT('',(-0.0131161622906421,-0.021,0.0774944072207843));
#8543=CARTESIAN_POINT('',(-0.0131161622906421,-0.026,0.0774944072207843));
#8544=CARTESIAN_POINT('',(-0.012270610186574,-0.021,0.0770559451215336));
#8545=CARTESIAN_POINT('',(-0.012270610186574,-0.026,0.0770559451215336));
#8546=CARTESIAN_POINT('',(-0.0116853941631649,-0.021,0.0767267886093306));
#8547=CARTESIAN_POINT('',(-0.0116853941631649,-0.026,0.0767267886093306));
#8548=CARTESIAN_POINT('',(-0.0113589550703705,-0.021,0.0765390656535804));
#8549=CARTESIAN_POINT('',(-0.0113589550703705,-0.026,0.0765390656535804));
#8550=CARTESIAN_POINT('',(-0.0111938828355377,-0.021,0.0764492144685376));
#8551=CARTESIAN_POINT('',(-0.0111938828355377,-0.026,0.0764492144685376));
#8552=CARTESIAN_POINT('',(-0.0123183245264457,-0.020998,0.0776784598418044));
#8553=CARTESIAN_POINT('',(-0.0123183245264216,-0.021,0.0776784598417765));
#8554=CARTESIAN_POINT('',(-0.0123183245264216,-0.026,0.0776784598417765));
#8555=CARTESIAN_POINT('',(-0.013116341321857,-0.021,0.0786005757978696));
#8556=CARTESIAN_POINT('',(-0.013116341321857,-0.026,0.0786005757978696));
#8557=CARTESIAN_POINT('',(-0.0145099750057725,-0.021,0.0805387507758257));
#8558=CARTESIAN_POINT('',(-0.0145099750057725,-0.026,0.0805387507758257));
#8559=CARTESIAN_POINT('',(-0.0154651065297018,-0.021,0.0826644483958171));
#8560=CARTESIAN_POINT('',(-0.0154651065297018,-0.026,0.0826644483958171));
#8561=CARTESIAN_POINT('',(-0.0158691960368506,-0.021,0.0837435878080908));
#8562=CARTESIAN_POINT('',(-0.0158691960368506,-0.026,0.0837435878080908));
#8563=CARTESIAN_POINT('',(-0.0158691960367718,-0.020998,0.0837435878078801));
#8564=CARTESIAN_POINT('',(-0.0170809586801565,-0.021,0.0878716386866958));
#8565=CARTESIAN_POINT('',(-0.0170809586801565,-0.026,0.0878716386866958));
#8566=CARTESIAN_POINT('',(-0.0174794990751402,-0.021,0.0883129405318504));
#8567=CARTESIAN_POINT('',(-0.0174794990751402,-0.026,0.0883129405318504));
#8568=CARTESIAN_POINT('',(-0.0182762010838615,-0.021,0.089196902942854));
#8569=CARTESIAN_POINT('',(-0.0182762010838615,-0.026,0.089196902942854));
#8570=CARTESIAN_POINT('',(-0.0195997910958438,-0.021,0.0902021303089465));
#8571=CARTESIAN_POINT('',(-0.0195997910958438,-0.026,0.0902021303089465));
#8572=CARTESIAN_POINT('',(-0.0209184835545779,-0.021,0.090564589798597));
#8573=CARTESIAN_POINT('',(-0.0209184835545779,-0.026,0.090564589798597));
#8574=CARTESIAN_POINT('',(-0.0221629177742464,-0.021,0.0905892324450303));
#8575=CARTESIAN_POINT('',(-0.0221629177742464,-0.026,0.0905892324450303));
#8576=CARTESIAN_POINT('',(-0.0232127365438028,-0.021,0.0904703845309489));
#8577=CARTESIAN_POINT('',(-0.0232127365438028,-0.026,0.0904703845309489));
#8578=CARTESIAN_POINT('',(-0.0242841507277525,-0.021,0.09027206127774));
#8579=CARTESIAN_POINT('',(-0.0242841507277525,-0.026,0.09027206127774));
#8580=CARTESIAN_POINT('',(-0.0252712826447183,-0.021,0.0900599839726015));
#8581=CARTESIAN_POINT('',(-0.0252712826447183,-0.026,0.0900599839726015));
#8582=CARTESIAN_POINT('',(-0.0260677235260212,-0.021,0.0898889536781137));
#8583=CARTESIAN_POINT('',(-0.0260677235260212,-0.026,0.0898889536781137));
#8584=CARTESIAN_POINT('',(-0.0265800303633328,-0.021,0.0898496570836433));
#8585=CARTESIAN_POINT('',(-0.0265800303633328,-0.026,0.0898496570836433));
#8586=CARTESIAN_POINT('',(-0.0266366560040124,-0.021,0.0896642852803008));
#8587=CARTESIAN_POINT('',(-0.0266366560040124,-0.026,0.0896642852803008));
#8588=CARTESIAN_POINT('',(-0.0262407941746513,-0.021,0.0892046361062536));
#8589=CARTESIAN_POINT('',(-0.0262407941746513,-0.026,0.0892046361062536));
#8590=CARTESIAN_POINT('',(-0.0256646935100794,-0.021,0.0886319646068455));
#8591=CARTESIAN_POINT('',(-0.0256646935100794,-0.026,0.0886319646068455));
#8592=CARTESIAN_POINT('',(-0.0251485628455149,-0.021,0.0880607711893453));
#8593=CARTESIAN_POINT('',(-0.0251485628455149,-0.026,0.0880607711893453));
#8594=CARTESIAN_POINT('',(-0.0246954086875276,-0.021,0.0875065547442547));
#8595=CARTESIAN_POINT('',(-0.0246954086875276,-0.026,0.0875065547442547));
#8596=CARTESIAN_POINT('',(-0.0241314905109638,-0.021,0.0867866339829812));
#8597=CARTESIAN_POINT('',(-0.0241314905109638,-0.026,0.0867866339829812));
#8598=CARTESIAN_POINT('',(-0.0234669874606122,-0.021,0.0859353114758273));
#8599=CARTESIAN_POINT('',(-0.0234669874606122,-0.026,0.0859353114758273));
#8600=CARTESIAN_POINT('',(-0.0223438422171935,-0.021,0.0849143912454377));
#8601=CARTESIAN_POINT('',(-0.0223438422171935,-0.026,0.0849143912454377));
#8602=CARTESIAN_POINT('',(-0.0212030449328948,-0.021,0.0841118872883364));
#8603=CARTESIAN_POINT('',(-0.0212030449328948,-0.026,0.0841118872883364));
#8604=CARTESIAN_POINT('',(-0.0204629420405361,-0.021,0.0835900213039167));
#8605=CARTESIAN_POINT('',(-0.0204629420405361,-0.026,0.0835900213039167));
#8606=CARTESIAN_POINT('',(-0.0199048827347065,-0.021,0.083281054712104));
#8607=CARTESIAN_POINT('',(-0.0199048827347065,-0.026,0.083281054712104));
#8608=CARTESIAN_POINT('',(-0.0192197147623202,-0.021,0.0830800260386785));
#8609=CARTESIAN_POINT('',(-0.0192197147623202,-0.026,0.0830800260386785));
#8610=CARTESIAN_POINT('',(-0.0179685205822635,-0.021,0.0829916415406546));
#8611=CARTESIAN_POINT('',(-0.0179685205822635,-0.026,0.0829916415406546));
#8612=CARTESIAN_POINT('',(-0.0165766606495915,-0.021,0.0831391368125898));
#8613=CARTESIAN_POINT('',(-0.0165766606495915,-0.026,0.0831391368125898));
#8614=CARTESIAN_POINT('',(-0.0159564921897386,-0.021,0.0834537265682007));
#8615=CARTESIAN_POINT('',(-0.0159564921897386,-0.026,0.0834537265682007));
#8616=CARTESIAN_POINT('',(-0.0159034566900863,-0.021,0.0836469915296621));
#8617=CARTESIAN_POINT('',(-0.0159034566900863,-0.026,0.0836469915296621));
#8618=CARTESIAN_POINT('',(-0.0158691960367718,-0.021,0.0837435878078801));
#8619=CARTESIAN_POINT('',(-0.0158691960367718,-0.026,0.0837435878078801));
#8620=CARTESIAN_POINT('',(-0.0170809586801565,-0.020998,0.0878716386866958));
#8621=CARTESIAN_POINT('',(-0.0170809586801134,-0.021,0.0878716386864938));
#8622=CARTESIAN_POINT('',(-0.0170809586801134,-0.026,0.0878716386864938));
#8623=CARTESIAN_POINT('',(-0.0172242290602791,-0.021,0.0885442688362372));
#8624=CARTESIAN_POINT('',(-0.0172242290602791,-0.026,0.0885442688362372));
#8625=CARTESIAN_POINT('',(-0.0174387926297101,-0.021,0.089895926534392));
#8626=CARTESIAN_POINT('',(-0.0174387926297101,-0.026,0.089895926534392));
#8627=CARTESIAN_POINT('',(-0.0173889947294669,-0.021,0.0919873511235793));
#8628=CARTESIAN_POINT('',(-0.0173889947294669,-0.026,0.0919873511235793));
#8629=CARTESIAN_POINT('',(-0.0168341233225654,-0.021,0.0941735017087777));
#8630=CARTESIAN_POINT('',(-0.0168341233225654,-0.026,0.0941735017087777));
#8631=CARTESIAN_POINT('',(-0.0155627631537671,-0.021,0.0965340188656767));
#8632=CARTESIAN_POINT('',(-0.0155627631537671,-0.026,0.0965340188656767));
#8633=CARTESIAN_POINT('',(-0.0140020500468006,-0.021,0.0987503970399361));
#8634=CARTESIAN_POINT('',(-0.0140020500468006,-0.026,0.0987503970399361));
#8635=CARTESIAN_POINT('',(-0.0127187388750742,-0.021,0.100423192316319));
#8636=CARTESIAN_POINT('',(-0.0127187388750742,-0.026,0.100423192316319));
#8637=CARTESIAN_POINT('',(-0.0122697419785827,-0.021,0.101137512138573));
#8638=CARTESIAN_POINT('',(-0.0122697419785827,-0.026,0.101137512138573));
#8639=CARTESIAN_POINT('',(-0.0129753781444654,-0.021,0.100705472615325));
#8640=CARTESIAN_POINT('',(-0.0129753781444654,-0.026,0.100705472615325));
#8641=CARTESIAN_POINT('',(-0.013854559628076,-0.021,0.10036292929737));
#8642=CARTESIAN_POINT('',(-0.013854559628076,-0.026,0.10036292929737));
#8643=CARTESIAN_POINT('',(-0.0148455736565998,-0.021,0.10023164896409));
#8644=CARTESIAN_POINT('',(-0.0148455736565998,-0.026,0.10023164896409));
#8645=CARTESIAN_POINT('',(-0.0161531449890934,-0.021,0.100573977383587));
#8646=CARTESIAN_POINT('',(-0.0161531449890934,-0.026,0.100573977383587));
#8647=CARTESIAN_POINT('',(-0.0175848834562251,-0.021,0.101452664796983));
#8648=CARTESIAN_POINT('',(-0.0175848834562251,-0.026,0.101452664796983));
#8649=CARTESIAN_POINT('',(-0.018503564991676,-0.021,0.1025016991066));
#8650=CARTESIAN_POINT('',(-0.018503564991676,-0.026,0.1025016991066));
#8651=CARTESIAN_POINT('',(-0.0189662975353206,-0.021,0.103322255646982));
#8652=CARTESIAN_POINT('',(-0.0189662975353206,-0.026,0.103322255646982));
#8653=CARTESIAN_POINT('',(-0.0194838992103625,-0.021,0.103874690738478));
#8654=CARTESIAN_POINT('',(-0.0194838992103625,-0.026,0.103874690738478));
#8655=CARTESIAN_POINT('',(-0.0202209724587324,-0.021,0.104325080332086));
#8656=CARTESIAN_POINT('',(-0.0202209724587324,-0.026,0.104325080332086));
#8657=CARTESIAN_POINT('',(-0.0211158602956604,-0.021,0.104620158122089));
#8658=CARTESIAN_POINT('',(-0.0211158602956604,-0.026,0.104620158122089));
#8659=CARTESIAN_POINT('',(-0.0214596288312964,-0.021,0.10479872716008));
#8660=CARTESIAN_POINT('',(-0.0214596288312964,-0.026,0.10479872716008));
#8661=CARTESIAN_POINT('',(-0.0211962883300575,-0.021,0.10490824324977));
#8662=CARTESIAN_POINT('',(-0.0211962883300575,-0.026,0.10490824324977));
#8663=CARTESIAN_POINT('',(-0.0202689216674078,-0.021,0.104998722657246));
#8664=CARTESIAN_POINT('',(-0.0202689216674078,-0.026,0.104998722657246));
#8665=CARTESIAN_POINT('',(-0.0192425304468918,-0.021,0.105241587567763));
#8666=CARTESIAN_POINT('',(-0.0192425304468918,-0.026,0.105241587567763));
#8667=CARTESIAN_POINT('',(-0.0183588507269593,-0.021,0.105654822875296));
#8668=CARTESIAN_POINT('',(-0.0183588507269593,-0.026,0.105654822875296));
#8669=CARTESIAN_POINT('',(-0.0175075391282073,-0.021,0.106421600269495));
#8670=CARTESIAN_POINT('',(-0.0175075391282073,-0.026,0.106421600269495));
#8671=CARTESIAN_POINT('',(-0.0165566820676702,-0.021,0.107387591376244));
#8672=CARTESIAN_POINT('',(-0.0165566820676702,-0.026,0.107387591376244));
#8673=CARTESIAN_POINT('',(-0.0153309630691958,-0.021,0.108025304725736));
#8674=CARTESIAN_POINT('',(-0.0153309630691958,-0.026,0.108025304725736));
#8675=CARTESIAN_POINT('',(-0.0139220742747325,-0.021,0.10830999710554));
#8676=CARTESIAN_POINT('',(-0.0139220742747325,-0.026,0.10830999710554));
#8677=CARTESIAN_POINT('',(-0.0124333848537706,-0.021,0.108209498204867));
#8678=CARTESIAN_POINT('',(-0.0124333848537706,-0.026,0.108209498204867));
#8679=CARTESIAN_POINT('',(-0.0113726034454662,-0.021,0.107957872863725));
#8680=CARTESIAN_POINT('',(-0.0113726034454662,-0.026,0.107957872863725));
#8681=CARTESIAN_POINT('',(-0.0110191552524438,-0.021,0.108012379884566));
#8682=CARTESIAN_POINT('',(-0.0110191552524438,-0.026,0.108012379884566));
#8683=CARTESIAN_POINT('',(-0.0111160670636196,-0.021,0.108341226147278));
#8684=CARTESIAN_POINT('',(-0.0111160670636196,-0.026,0.108341226147278));
#8685=CARTESIAN_POINT('',(-0.0116093574093442,-0.021,0.109016367975749));
#8686=CARTESIAN_POINT('',(-0.0116093574093442,-0.026,0.109016367975749));
#8687=CARTESIAN_POINT('',(-0.011854566187058,-0.021,0.109878868216061));
#8688=CARTESIAN_POINT('',(-0.011854566187058,-0.026,0.109878868216061));
#8689=CARTESIAN_POINT('',(-0.0118164504360296,-0.021,0.110818785838578));
#8690=CARTESIAN_POINT('',(-0.0118164504360296,-0.026,0.110818785838578));
#8691=CARTESIAN_POINT('',(-0.0114039542576108,-0.021,0.112066259796771));
#8692=CARTESIAN_POINT('',(-0.0114039542576108,-0.026,0.112066259796771));
#8693=CARTESIAN_POINT('',(-0.010680509566451,-0.021,0.113435895503968));
#8694=CARTESIAN_POINT('',(-0.010680509566451,-0.026,0.113435895503968));
#8695=CARTESIAN_POINT('',(-0.0100922207458485,-0.021,0.11444649069381));
#8696=CARTESIAN_POINT('',(-0.0100922207458485,-0.026,0.11444649069381));
#8697=CARTESIAN_POINT('',(-0.00953510039005643,-0.021,0.115307706063227));
#8698=CARTESIAN_POINT('',(-0.00953510039005643,-0.026,0.115307706063227));
#8699=CARTESIAN_POINT('',(-0.00911114969469626,-0.021,0.115920216623581));
#8700=CARTESIAN_POINT('',(-0.00911114969469626,-0.026,0.115920216623581));
#8701=CARTESIAN_POINT('',(-0.00893964328324956,-0.021,0.116243556537721));
#8702=CARTESIAN_POINT('',(-0.00893964328324956,-0.026,0.116243556537721));
#8703=CARTESIAN_POINT('',(-0.00673817390677062,-0.0209999999999998,0.116243556517674));
#8704=CARTESIAN_POINT('',(-0.00673817390677062,-0.0259999999999998,0.116243556517674));
#8705=CARTESIAN_POINT('',(-0.00656539772999587,-0.0209999999999998,0.115853994315893));
#8706=CARTESIAN_POINT('',(-0.00656539772999587,-0.0259999999999998,0.115853994315893));
#8707=CARTESIAN_POINT('',(-0.00616796286073973,-0.0209999999999999,0.115142109419288));
#8708=CARTESIAN_POINT('',(-0.00616796286073973,-0.0259999999999998,0.115142109419288));
#8709=CARTESIAN_POINT('',(-0.00510788895602632,-0.0209999999999999,0.11429818285181));
#8710=CARTESIAN_POINT('',(-0.00510788895602632,-0.0259999999999998,0.11429818285181));
#8711=CARTESIAN_POINT('',(-0.00431256637888891,-0.0209999999999998,0.113088441539282));
#8712=CARTESIAN_POINT('',(-0.00431256637888891,-0.0259999999999998,0.113088441539282));
#8713=CARTESIAN_POINT('',(-0.00406765145789244,-0.0209999999999998,0.111719495097509));
#8714=CARTESIAN_POINT('',(-0.00406765145789244,-0.0259999999999998,0.111719495097509));
#8715=CARTESIAN_POINT('',(-0.00408011358332859,-0.0209999999999999,0.110587270445724));
#8716=CARTESIAN_POINT('',(-0.00408011358332859,-0.0259999999999998,0.110587270445724));
#8717=CARTESIAN_POINT('',(-0.0042442787652287,-0.0209999999999998,0.109462117606715));
#8718=CARTESIAN_POINT('',(-0.0042442787652287,-0.0259999999999998,0.109462117606715));
#8719=CARTESIAN_POINT('',(-0.00442145069511359,-0.0209999999999999,0.108558500729806));
#8720=CARTESIAN_POINT('',(-0.00442145069511359,-0.0259999999999998,0.108558500729806));
#8721=CARTESIAN_POINT('',(-0.00403817960639986,-0.0209999999999998,0.108415799833982));
#8722=CARTESIAN_POINT('',(-0.00403817960639986,-0.0259999999999998,0.108415799833982));
#8723=CARTESIAN_POINT('',(-0.00350593794541182,-0.0209999999999998,0.108649050902162));
#8724=CARTESIAN_POINT('',(-0.00350593794541182,-0.0259999999999998,0.108649050902162));
#8725=CARTESIAN_POINT('',(-0.00289284293999493,-0.0209999999999999,0.109051378568778));
#8726=CARTESIAN_POINT('',(-0.00289284293999493,-0.0259999999999998,0.109051378568778));
#8727=CARTESIAN_POINT('',(-0.0021875006577109,-0.0209999999999999,0.109601665269503));
#8728=CARTESIAN_POINT('',(-0.0021875006577109,-0.0259999999999998,0.109601665269503));
#8729=CARTESIAN_POINT('',(-0.00162572467355053,-0.0209999999999999,0.110053070634558));
#8730=CARTESIAN_POINT('',(-0.00162572467355053,-0.0259999999999998,0.110053070634558));
#8731=CARTESIAN_POINT('',(-0.000788134944383845,-0.0209999999999998,0.110352807696985));
#8732=CARTESIAN_POINT('',(-0.000788134944383845,-0.0259999999999998,0.110352807696985));
#8733=CARTESIAN_POINT('',(0.000270111747679541,-0.0209999999999999,0.110536138824178));
#8734=CARTESIAN_POINT('',(0.000270111747679541,-0.0259999999999998,0.110536138824178));
#8735=CARTESIAN_POINT('',(0.00146904814036661,-0.0209999999999999,0.110562047190298));
#8736=CARTESIAN_POINT('',(0.00146904814036661,-0.0259999999999998,0.110562047190298));
#8737=CARTESIAN_POINT('',(0.00249281168600765,-0.0209999999999998,0.110450162790845));
#8738=CARTESIAN_POINT('',(0.00249281168600765,-0.0259999999999998,0.110450162790845));
#8739=CARTESIAN_POINT('',(0.00331249431395067,-0.0209999999999999,0.110257184577816));
#8740=CARTESIAN_POINT('',(0.00331249431395067,-0.0259999999999998,0.110257184577816));
#8741=CARTESIAN_POINT('',(0.00415073698449158,-0.0209999999999998,0.109955162102748));
#8742=CARTESIAN_POINT('',(0.00415073698449158,-0.0259999999999998,0.109955162102748));
#8743=CARTESIAN_POINT('',(0.00541538701348929,-0.0209999999999999,0.10974245669125));
#8744=CARTESIAN_POINT('',(0.00541538701348929,-0.0259999999999998,0.10974245669125));
#8745=CARTESIAN_POINT('',(0.0065588391663182,-0.0209999999999998,0.109903638425616));
#8746=CARTESIAN_POINT('',(0.0065588391663182,-0.0259999999999998,0.109903638425616));
#8747=CARTESIAN_POINT('',(0.00740954575563319,-0.0209999999999998,0.110192318583987));
#8748=CARTESIAN_POINT('',(0.00740954575563319,-0.0259999999999998,0.110192318583987));
#8749=CARTESIAN_POINT('',(0.00794878360842222,-0.0209999999999998,0.110315952967071));
#8750=CARTESIAN_POINT('',(0.00794878360842222,-0.0259999999999998,0.110315952967071));
#8751=CARTESIAN_POINT('',(0.00834463105596499,-0.0209999999999998,0.110173340386935));
#8752=CARTESIAN_POINT('',(0.00834463105596499,-0.0259999999999998,0.110173340386935));
#8753=CARTESIAN_POINT('',(0.00849557052179889,-0.0209999999999999,0.109840049607518));
#8754=CARTESIAN_POINT('',(0.00849557052179889,-0.0259999999999998,0.109840049607518));
#8755=CARTESIAN_POINT('',(0.00820717834898375,-0.0209999999999999,0.109743326984221));
#8756=CARTESIAN_POINT('',(0.00820717834898375,-0.0259999999999998,0.109743326984221));
#8757=CARTESIAN_POINT('',(0.00769261557592319,-0.0209999999999998,0.109703749451424));
#8758=CARTESIAN_POINT('',(0.00769261557592319,-0.0259999999999998,0.109703749451424));
#8759=CARTESIAN_POINT('',(0.0072292629194641,-0.0209999999999998,0.109478725842218));
#8760=CARTESIAN_POINT('',(0.0072292629194641,-0.0259999999999998,0.109478725842218));
#8761=CARTESIAN_POINT('',(0.00669995090188049,-0.0209999999999999,0.108948051915738));
#8762=CARTESIAN_POINT('',(0.00669995090188049,-0.0259999999999998,0.108948051915738));
#8763=CARTESIAN_POINT('',(0.00603597857605261,-0.0209999999999998,0.108061962593625));
#8764=CARTESIAN_POINT('',(0.00603597857605261,-0.0259999999999998,0.108061962593625));
#8765=CARTESIAN_POINT('',(0.00529595176446289,-0.0209999999999999,0.107194260483081));
#8766=CARTESIAN_POINT('',(0.00529595176446289,-0.0259999999999998,0.107194260483081));
#8767=CARTESIAN_POINT('',(0.00484844917260289,-0.0209999999999998,0.106596774037446));
#8768=CARTESIAN_POINT('',(0.00484844917260289,-0.0259999999999998,0.106596774037446));
#8769=CARTESIAN_POINT('',(0.00458031851637827,-0.0209999999999999,0.106206637830587));
#8770=CARTESIAN_POINT('',(0.00458031851637827,-0.0259999999999998,0.106206637830587));
#8771=CARTESIAN_POINT('',(0.00428537063795505,-0.0209999999999998,0.105834791348142));
#8772=CARTESIAN_POINT('',(0.00428537063795505,-0.0259999999999998,0.105834791348142));
#8773=CARTESIAN_POINT('',(0.00372892992562075,-0.0209999999999999,0.105313315631892));
#8774=CARTESIAN_POINT('',(0.00372892992562075,-0.0259999999999998,0.105313315631892));
#8775=CARTESIAN_POINT('',(0.00275484714407846,-0.0209999999999998,0.104621308187212));
#8776=CARTESIAN_POINT('',(0.00275484714407846,-0.0259999999999998,0.104621308187212));
#8777=CARTESIAN_POINT('',(0.00176051069689816,-0.0209999999999999,0.103879121671562));
#8778=CARTESIAN_POINT('',(0.00176051069689816,-0.0259999999999998,0.103879121671562));
#8779=CARTESIAN_POINT('',(0.000912565316638957,-0.0209999999999998,0.103427241611069));
#8780=CARTESIAN_POINT('',(0.000912565316638957,-0.0259999999999998,0.103427241611069));
#8781=CARTESIAN_POINT('',(-0.000123357359011835,-0.0209999999999999,0.103218155950756));
#8782=CARTESIAN_POINT('',(-0.000123357359011835,-0.0259999999999998,0.103218155950756));
#8783=CARTESIAN_POINT('',(-0.000820014213674003,-0.0209999999999999,0.103087120026868));
#8784=CARTESIAN_POINT('',(-0.000820014213674003,-0.0259999999999998,0.103087120026868));
#8785=CARTESIAN_POINT('',(-0.00117930044722739,-0.0209999999999998,0.102929230554717));
#8786=CARTESIAN_POINT('',(-0.00117930044722739,-0.0259999999999998,0.102929230554717));
#8787=CARTESIAN_POINT('',(-0.000912353060249705,-0.0209999999999999,0.102688022055824));
#8788=CARTESIAN_POINT('',(-0.000912353060249705,-0.0259999999999998,0.102688022055824));
#8789=CARTESIAN_POINT('',(-0.000288776151603487,-0.0209999999999998,0.102385955627003));
#8790=CARTESIAN_POINT('',(-0.000288776151603487,-0.0259999999999998,0.102385955627003));
#8791=CARTESIAN_POINT('',(0.000619645719417355,-0.0209999999999999,0.101937676319667));
#8792=CARTESIAN_POINT('',(0.000619645719417355,-0.0259999999999998,0.101937676319667));
#8793=CARTESIAN_POINT('',(0.000964723676032492,-0.0209999999999999,0.10148557087204));
#8794=CARTESIAN_POINT('',(0.000964723676032492,-0.0259999999999998,0.10148557087204));
#8795=CARTESIAN_POINT('',(0.00125237923955215,-0.0209999999999998,0.100914189815522));
#8796=CARTESIAN_POINT('',(0.00125237923955215,-0.0259999999999998,0.100914189815522));
#8797=CARTESIAN_POINT('',(0.00164261116614765,-0.0209999999999999,0.100236276041627));
#8798=CARTESIAN_POINT('',(0.00164261116614765,-0.0259999999999998,0.100236276041627));
#8799=CARTESIAN_POINT('',(0.00224011813221031,-0.0209999999999998,0.0992290740472384));
#8800=CARTESIAN_POINT('',(0.00224011813221031,-0.0259999999999998,0.0992290740472384));
#8801=CARTESIAN_POINT('',(0.00302535066547462,-0.0209999999999998,0.0978385041124766));
#8802=CARTESIAN_POINT('',(0.00302535066547462,-0.0259999999999998,0.0978385041124766));
#8803=CARTESIAN_POINT('',(0.00371677502028261,-0.0209999999999998,0.0965872371934988));
#8804=CARTESIAN_POINT('',(0.00371677502028261,-0.0259999999999998,0.0965872371934988));
#8805=CARTESIAN_POINT('',(0.00407226954899228,-0.0209999999999999,0.0959365153067028));
#8806=CARTESIAN_POINT('',(0.00407226954899228,-0.0259999999999998,0.0959365153067028));
#8807=CARTESIAN_POINT('',(0.00454187988488797,-0.0209999999999998,0.0954633957870327));
#8808=CARTESIAN_POINT('',(0.00454187988488797,-0.0259999999999998,0.0954633957870327));
#8809=CARTESIAN_POINT('',(0.00498157581901213,-0.0209999999999998,0.0951033239709499));
#8810=CARTESIAN_POINT('',(0.00498157581901213,-0.0259999999999998,0.0951033239709499));
#8811=CARTESIAN_POINT('',(0.00532927581071032,-0.0209999999999998,0.0947639521458761));
#8812=CARTESIAN_POINT('',(0.00532927581071032,-0.0259999999999998,0.0947639521458761));
#8813=CARTESIAN_POINT('',(0.00542879514375171,-0.0209999999999998,0.0944131076758482));
#8814=CARTESIAN_POINT('',(0.00542879514375171,-0.0259999999999998,0.0944131076758482));
#8815=CARTESIAN_POINT('',(0.00520447596472384,-0.0209999999999999,0.0943237737114813));
#8816=CARTESIAN_POINT('',(0.00520447596472384,-0.0259999999999998,0.0943237737114813));
#8817=CARTESIAN_POINT('',(0.00471632279662178,-0.0209999999999999,0.0945695237984947));
#8818=CARTESIAN_POINT('',(0.00471632279662178,-0.0259999999999998,0.0945695237984947));
#8819=CARTESIAN_POINT('',(0.0041187898347129,-0.0209999999999998,0.0949029665696264));
#8820=CARTESIAN_POINT('',(0.0041187898347129,-0.0259999999999998,0.0949029665696264));
#8821=CARTESIAN_POINT('',(0.003572411841129,-0.0209999999999999,0.0951091608953957));
#8822=CARTESIAN_POINT('',(0.003572411841129,-0.0259999999999998,0.0951091608953957));
#8823=CARTESIAN_POINT('',(0.00309236402891391,-0.0209999999999999,0.0951642266351112));
#8824=CARTESIAN_POINT('',(0.00309236402891391,-0.0259999999999998,0.0951642266351112));
#8825=CARTESIAN_POINT('',(0.00245527339673111,-0.0209999999999998,0.0951533630391556));
#8826=CARTESIAN_POINT('',(0.00245527339673111,-0.0259999999999998,0.0951533630391556));
#8827=CARTESIAN_POINT('',(0.00155033229629103,-0.0209999999999999,0.0951464504230417));
#8828=CARTESIAN_POINT('',(0.00155033229629103,-0.0259999999999998,0.0951464504230417));
#8829=CARTESIAN_POINT('',(0.0002854202895767,-0.0209999999999998,0.0950900390027968));
#8830=CARTESIAN_POINT('',(0.0002854202895767,-0.0259999999999998,0.0950900390027968));
#8831=CARTESIAN_POINT('',(-0.00108416940025106,-0.0209999999999998,0.0950446818919156));
#8832=CARTESIAN_POINT('',(-0.00108416940025106,-0.0259999999999998,0.0950446818919156));
#8833=CARTESIAN_POINT('',(-0.00238336271619003,-0.0209999999999999,0.0952545318617179));
#8834=CARTESIAN_POINT('',(-0.00238336271619003,-0.0259999999999998,0.0952545318617179));
#8835=CARTESIAN_POINT('',(-0.00358450550822932,-0.0209999999999999,0.0956941999291462));
#8836=CARTESIAN_POINT('',(-0.00358450550822932,-0.0259999999999998,0.0956941999291462));
#8837=CARTESIAN_POINT('',(-0.00451590859559641,-0.0209999999999999,0.0961770109804117));
#8838=CARTESIAN_POINT('',(-0.00451590859559641,-0.0259999999999998,0.0961770109804117));
#8839=CARTESIAN_POINT('',(-0.00516232447816629,-0.0209999999999998,0.0967814979396768));
#8840=CARTESIAN_POINT('',(-0.00516232447816629,-0.0259999999999998,0.0967814979396768));
#8841=CARTESIAN_POINT('',(-0.00572900766254406,-0.0209999999999999,0.0976220376388265));
#8842=CARTESIAN_POINT('',(-0.00572900766254406,-0.0259999999999998,0.0976220376388265));
#8843=CARTESIAN_POINT('',(-0.00611022354670644,-0.0209999999999998,0.0985272214619567));
#8844=CARTESIAN_POINT('',(-0.00611022354670644,-0.0259999999999998,0.0985272214619567));
#8845=CARTESIAN_POINT('',(-0.00606236985689253,-0.0209999999999999,0.0982837707048864));
#8846=CARTESIAN_POINT('',(-0.00606236985689253,-0.0259999999999998,0.0982837707048864));
#8847=CARTESIAN_POINT('',(-0.00591232340976994,-0.0209999999999999,0.0976533254220265));
#8848=CARTESIAN_POINT('',(-0.00591232340976994,-0.0259999999999998,0.0976533254220265));
#8849=CARTESIAN_POINT('',(-0.0058057224647779,-0.0209999999999998,0.0968542961984419));
#8850=CARTESIAN_POINT('',(-0.0058057224647779,-0.0259999999999998,0.0968542961984419));
#8851=CARTESIAN_POINT('',(-0.00591400943061876,-0.0209999999999998,0.096167875123328));
#8852=CARTESIAN_POINT('',(-0.00591400943061876,-0.0259999999999998,0.096167875123328));
#8853=CARTESIAN_POINT('',(-0.00623047628524116,-0.0209999999999999,0.095625170120437));
#8854=CARTESIAN_POINT('',(-0.00623047628524116,-0.0259999999999998,0.095625170120437));
#8855=CARTESIAN_POINT('',(-0.00682200989925258,-0.0209999999999998,0.0949887470244643));
#8856=CARTESIAN_POINT('',(-0.00682200989925258,-0.0259999999999998,0.0949887470244643));
#8857=CARTESIAN_POINT('',(-0.00765567342588526,-0.0209999999999999,0.0941471364993399));
#8858=CARTESIAN_POINT('',(-0.00765567342588526,-0.0259999999999998,0.0941471364993399));
#8859=CARTESIAN_POINT('',(-0.0086588544427484,-0.0209999999999998,0.0930751322643733));
#8860=CARTESIAN_POINT('',(-0.0086588544427484,-0.0259999999999998,0.0930751322643733));
#8861=CARTESIAN_POINT('',(-0.00978380453512227,-0.0209999999999999,0.0923255169809198));
#8862=CARTESIAN_POINT('',(-0.00978380453512227,-0.0259999999999998,0.0923255169809198));
#8863=CARTESIAN_POINT('',(-0.0109343780205098,-0.0209999999999998,0.0917403472648659));
#8864=CARTESIAN_POINT('',(-0.0109343780205098,-0.0259999999999998,0.0917403472648659));
#8865=CARTESIAN_POINT('',(-0.0118024763898435,-0.0209999999999998,0.0911405913160859));
#8866=CARTESIAN_POINT('',(-0.0118024763898435,-0.0259999999999998,0.0911405913160859));
#8867=CARTESIAN_POINT('',(-0.0122532582956432,-0.0209999999999998,0.0905184681958419));
#8868=CARTESIAN_POINT('',(-0.0122532582956432,-0.0259999999999998,0.0905184681958419));
#8869=CARTESIAN_POINT('',(-0.0124604651963998,-0.0209999999999999,0.0897594567821104));
#8870=CARTESIAN_POINT('',(-0.0124604651963998,-0.0259999999999998,0.0897594567821104));
#8871=CARTESIAN_POINT('',(-0.0124782326089124,-0.0209999999999998,0.0889966657450023));
#8872=CARTESIAN_POINT('',(-0.0124782326089124,-0.0259999999999998,0.0889966657450023));
#8873=CARTESIAN_POINT('',(-0.0127241194301336,-0.0209999999999998,0.0886901540252201));
#8874=CARTESIAN_POINT('',(-0.0127241194301336,-0.0259999999999998,0.0886901540252201));
#8875=CARTESIAN_POINT('',(-0.0130013915952908,-0.0209999999999999,0.0887975482317622));
#8876=CARTESIAN_POINT('',(-0.0130013915952908,-0.0259999999999998,0.0887975482317622));
#8877=CARTESIAN_POINT('',(-0.0132452598449762,-0.0209999999999998,0.0891843570806695));
#8878=CARTESIAN_POINT('',(-0.0132452598449762,-0.0259999999999998,0.0891843570806695));
#8879=CARTESIAN_POINT('',(-0.0132216739786673,-0.0209999999999999,0.0898692152272339));
#8880=CARTESIAN_POINT('',(-0.0132216739786673,-0.0259999999999998,0.0898692152272339));
#8881=CARTESIAN_POINT('',(-0.0128024976044688,-0.0209999999999998,0.0907153875579681));
#8882=CARTESIAN_POINT('',(-0.0128024976044688,-0.0259999999999998,0.0907153875579681));
#8883=CARTESIAN_POINT('',(-0.0126077517771436,-0.0209999999999998,0.0916227117545094));
#8884=CARTESIAN_POINT('',(-0.0126077517771436,-0.0259999999999998,0.0916227117545094));
#8885=CARTESIAN_POINT('',(-0.0126582448787263,-0.0209999999999999,0.092538740376554));
#8886=CARTESIAN_POINT('',(-0.0126582448787263,-0.0259999999999998,0.092538740376554));
#8887=CARTESIAN_POINT('',(-0.0129780271681184,-0.0209999999999998,0.0936776426371968));
#8888=CARTESIAN_POINT('',(-0.0129780271681184,-0.0259999999999998,0.0936776426371968));
#8889=CARTESIAN_POINT('',(-0.0132474541613984,-0.0209999999999999,0.0949017960253417));
#8890=CARTESIAN_POINT('',(-0.0132474541613984,-0.0259999999999998,0.0949017960253417));
#8891=CARTESIAN_POINT('',(-0.0132955600657033,-0.0209999999999998,0.0961914911232136));
#8892=CARTESIAN_POINT('',(-0.0132955600657033,-0.0259999999999998,0.0961914911232136));
#8893=CARTESIAN_POINT('',(-0.01307725804562,-0.0209999999999999,0.0977199628482693));
#8894=CARTESIAN_POINT('',(-0.01307725804562,-0.0259999999999998,0.0977199628482693));
#8895=CARTESIAN_POINT('',(-0.0125449027452599,-0.0209999999999999,0.0990005868780151));
#8896=CARTESIAN_POINT('',(-0.0125449027452599,-0.0259999999999998,0.0990005868780151));
#8897=CARTESIAN_POINT('',(-0.0119077342100522,-0.0209999999999998,0.0998961894256116));
#8898=CARTESIAN_POINT('',(-0.0119077342100522,-0.0259999999999998,0.0998961894256116));
#8899=CARTESIAN_POINT('',(-0.0115381271702594,-0.0209999999999999,0.100348944797627));
#8900=CARTESIAN_POINT('',(-0.0115381271702594,-0.0259999999999998,0.100348944797627));
#8901=CARTESIAN_POINT('',(-0.011475514610738,-0.0209999999999998,0.10043157168822));
#8902=CARTESIAN_POINT('',(-0.011475514610738,-0.0259999999999998,0.10043157168822));
#8903=CARTESIAN_POINT('',(-0.0119429540730288,-0.0209999999999999,0.0999506119096114));
#8904=CARTESIAN_POINT('',(-0.0119429540730288,-0.0259999999999998,0.0999506119096114));
#8905=CARTESIAN_POINT('',(-0.0128908751849654,-0.0209999999999998,0.0988909511096602));
#8906=CARTESIAN_POINT('',(-0.0128908751849654,-0.0259999999999998,0.0988909511096602));
#8907=CARTESIAN_POINT('',(-0.0137613638181019,-0.0209999999999998,0.0977599741921084));
#8908=CARTESIAN_POINT('',(-0.0137613638181019,-0.0259999999999998,0.0977599741921084));
#8909=CARTESIAN_POINT('',(-0.0143967840924193,-0.0209999999999999,0.0967482057817495));
#8910=CARTESIAN_POINT('',(-0.0143967840924193,-0.0259999999999998,0.0967482057817495));
#8911=CARTESIAN_POINT('',(-0.0148690755133976,-0.0209999999999998,0.0956133573558707));
#8912=CARTESIAN_POINT('',(-0.0148690755133976,-0.0259999999999998,0.0956133573558707));
#8913=CARTESIAN_POINT('',(-0.0153374624578139,-0.0209999999999998,0.0941429948921737));
#8914=CARTESIAN_POINT('',(-0.0153374624578139,-0.0259999999999998,0.0941429948921737));
#8915=CARTESIAN_POINT('',(-0.0158699518386993,-0.0209999999999998,0.0924211854706375));
#8916=CARTESIAN_POINT('',(-0.0158699518386993,-0.0259999999999998,0.0924211854706375));
#8917=CARTESIAN_POINT('',(-0.0162145215915156,-0.0209999999999998,0.0905858196113082));
#8918=CARTESIAN_POINT('',(-0.0162145215915156,-0.0259999999999998,0.0905858196113082));
#8919=CARTESIAN_POINT('',(-0.0162060330854463,-0.0209999999999998,0.0887248970731426));
#8920=CARTESIAN_POINT('',(-0.0162060330854463,-0.0259999999999998,0.0887248970731426));
#8921=CARTESIAN_POINT('',(-0.0159692797174382,-0.0209999999999998,0.0869329248250686));
#8922=CARTESIAN_POINT('',(-0.0159692797174382,-0.0259999999999998,0.0869329248250686));
#8923=CARTESIAN_POINT('',(-0.0156600295377256,-0.0209999999999999,0.0853336863349737));
#8924=CARTESIAN_POINT('',(-0.0156600295377256,-0.0259999999999998,0.0853336863349737));
#8925=CARTESIAN_POINT('',(-0.0152421614357387,-0.0209999999999998,0.0838555493529721));
#8926=CARTESIAN_POINT('',(-0.0152421614357387,-0.0259999999999998,0.0838555493529721));
#8927=CARTESIAN_POINT('',(-0.014542301065304,-0.0209999999999998,0.0822686764552402));
#8928=CARTESIAN_POINT('',(-0.014542301065304,-0.0259999999999998,0.0822686764552402));
#8929=CARTESIAN_POINT('',(-0.0135690549692447,-0.0209999999999999,0.0806053647284681));
#8930=CARTESIAN_POINT('',(-0.0135690549692447,-0.0259999999999998,0.0806053647284681));
#8931=CARTESIAN_POINT('',(-0.0124762999069513,-0.0209999999999999,0.0791313123659702));
#8932=CARTESIAN_POINT('',(-0.0124762999069513,-0.0259999999999998,0.0791313123659702));
#8933=CARTESIAN_POINT('',(-0.0113808704330899,-0.0209999999999998,0.0780194895199966));
#8934=CARTESIAN_POINT('',(-0.0113808704330899,-0.0259999999999998,0.0780194895199966));
#8935=CARTESIAN_POINT('',(-0.0105081995319616,-0.0209999999999999,0.0770838991925282));
#8936=CARTESIAN_POINT('',(-0.0105081995319616,-0.0259999999999998,0.0770838991925282));
#8937=CARTESIAN_POINT('',(-0.00985539570871055,-0.0209999999999998,0.0761408164699629));
#8938=CARTESIAN_POINT('',(-0.00985539570871055,-0.0259999999999998,0.0761408164699629));
#8939=CARTESIAN_POINT('',(-0.00946373334166277,-0.0209999999999999,0.0755259268146362));
#8940=CARTESIAN_POINT('',(-0.00946373334166277,-0.0259999999999998,0.0755259268146362));
#8941=CARTESIAN_POINT('',(-0.00924634053927846,-0.0209999999999999,0.0752051145701903));
#8942=CARTESIAN_POINT('',(-0.00924634053927846,-0.0259999999999998,0.0752051145701903));
#8943=CARTESIAN_POINT('',(-0.00929665934172734,-0.0209999999999998,0.0754087858382266));
#8944=CARTESIAN_POINT('',(-0.00929665934172734,-0.0259999999999998,0.0754087858382266));
#8945=CARTESIAN_POINT('',(-0.00953983844056622,-0.0209999999999999,0.0760581625832283));
#8946=CARTESIAN_POINT('',(-0.00953983844056622,-0.0259999999999998,0.0760581625832283));
#8947=CARTESIAN_POINT('',(-0.00998184702535841,-0.0209999999999998,0.077336644957098));
#8948=CARTESIAN_POINT('',(-0.00998184702535841,-0.0259999999999998,0.077336644957098));
#8949=CARTESIAN_POINT('',(-0.0104845290713123,-0.0209999999999999,0.0793739810342787));
#8950=CARTESIAN_POINT('',(-0.0104845290713123,-0.0259999999999998,0.0793739810342787));
#8951=CARTESIAN_POINT('',(-0.0103228762939243,-0.0209999999999998,0.0816352525164102));
#8952=CARTESIAN_POINT('',(-0.0103228762939243,-0.0259999999999998,0.0816352525164102));
#8953=CARTESIAN_POINT('',(-0.00960644925320428,-0.0209999999999998,0.0837937950042316));
#8954=CARTESIAN_POINT('',(-0.00960644925320428,-0.0259999999999998,0.0837937950042316));
#8955=CARTESIAN_POINT('',(-0.00846721615537272,-0.0209999999999999,0.0858458170071206));
#8956=CARTESIAN_POINT('',(-0.00846721615537272,-0.0259999999999998,0.0858458170071206));
#8957=CARTESIAN_POINT('',(-0.00656588502479114,-0.0209999999999999,0.0884405659113464));
#8958=CARTESIAN_POINT('',(-0.00656588502479114,-0.0259999999999998,0.0884405659113464));
#8959=CARTESIAN_POINT('',(-0.0041302461930331,-0.0209999999999999,0.0905739940055993));
#8960=CARTESIAN_POINT('',(-0.0041302461930331,-0.0259999999999998,0.0905739940055993));
#8961=CARTESIAN_POINT('',(-0.00128207250525052,-0.0209999999999998,0.0917905049781821));
#8962=CARTESIAN_POINT('',(-0.00128207250525052,-0.0259999999999998,0.0917905049781821));
#8963=CARTESIAN_POINT('',(0.000895528168611786,-0.0209999999999999,0.0921635226768281));
#8964=CARTESIAN_POINT('',(0.000895528168611786,-0.0259999999999998,0.0921635226768281));
#8965=CARTESIAN_POINT('',(0.002961476725149,-0.0209999999999998,0.091908175933692));
#8966=CARTESIAN_POINT('',(0.002961476725149,-0.0259999999999998,0.091908175933692));
#8967=CARTESIAN_POINT('',(0.00472496973817914,-0.0209999999999999,0.0909678685097356));
#8968=CARTESIAN_POINT('',(0.00472496973817914,-0.0259999999999998,0.0909678685097356));
#8969=CARTESIAN_POINT('',(0.00583400945030353,-0.0209999999999998,0.0894990843261689));
#8970=CARTESIAN_POINT('',(0.00583400945030353,-0.0259999999999998,0.0894990843261689));
#8971=CARTESIAN_POINT('',(0.00589810742650391,-0.0209999999999998,0.0875770277406085));
#8972=CARTESIAN_POINT('',(0.00589810742650391,-0.0259999999999998,0.0875770277406085));
#8973=CARTESIAN_POINT('',(0.00514936170829877,-0.0209999999999999,0.0860796532394622));
#8974=CARTESIAN_POINT('',(0.00514936170829877,-0.0259999999999998,0.0860796532394622));
#8975=CARTESIAN_POINT('',(0.00416901371660253,-0.0209999999999998,0.0852882061318371));
#8976=CARTESIAN_POINT('',(0.00416901371660253,-0.0259999999999998,0.0852882061318371));
#8977=CARTESIAN_POINT('',(0.0029558047606818,-0.0209999999999999,0.0848842044278445));
#8978=CARTESIAN_POINT('',(0.0029558047606818,-0.0259999999999998,0.0848842044278445));
#8979=CARTESIAN_POINT('',(0.00123734478701923,-0.0209999999999998,0.0850490305893527));
#8980=CARTESIAN_POINT('',(0.00123734478701923,-0.0259999999999998,0.0850490305893527));
#8981=CARTESIAN_POINT('',(-0.000312197959522632,-0.0209999999999999,0.0860794204272656));
#8982=CARTESIAN_POINT('',(-0.000312197959522632,-0.0259999999999998,0.0860794204272656));
#8983=CARTESIAN_POINT('',(-0.000628652890405309,-0.0209999999999998,0.087667480255602));
#8984=CARTESIAN_POINT('',(-0.000628652890405309,-0.0259999999999998,0.087667480255602));
#8985=CARTESIAN_POINT('',(-1.80633588874331E-05,-0.0209999999999999,0.0888486236317598));
#8986=CARTESIAN_POINT('',(-1.80633588874331E-05,-0.0259999999999998,0.0888486236317598));
#8987=CARTESIAN_POINT('',(0.000867898812147548,-0.0209999999999998,0.0893822302676103));
#8988=CARTESIAN_POINT('',(0.000867898812147548,-0.0259999999999998,0.0893822302676103));
#8989=CARTESIAN_POINT('',(0.00159941666613326,-0.0209999999999999,0.08952037854812));
#8990=CARTESIAN_POINT('',(0.00159941666613326,-0.0259999999999998,0.08952037854812));
#8991=CARTESIAN_POINT('',(0.00229714618397749,-0.0209999999999998,0.0893403625148228));
#8992=CARTESIAN_POINT('',(0.00229714618397749,-0.0259999999999998,0.0893403625148228));
#8993=CARTESIAN_POINT('',(0.00302947223788343,-0.0209999999999999,0.0885650774756271));
#8994=CARTESIAN_POINT('',(0.00302947223788343,-0.0259999999999998,0.0885650774756271));
#8995=CARTESIAN_POINT('',(0.00336663147144837,-0.0209999999999998,0.0875742401113836));
#8996=CARTESIAN_POINT('',(0.00336663147144837,-0.0259999999999998,0.0875742401113836));
#8997=CARTESIAN_POINT('',(0.00311009293361322,-0.0209999999999998,0.0878481062526473));
#8998=CARTESIAN_POINT('',(0.00311009293361322,-0.0259999999999998,0.0878481062526473));
#8999=CARTESIAN_POINT('',(0.00268546111126844,-0.0209999999999998,0.0883438426928907));
#9000=CARTESIAN_POINT('',(0.00268546111126844,-0.0259999999999998,0.0883438426928907));
#9001=CARTESIAN_POINT('',(0.00211410369426566,-0.0209999999999998,0.0885796046232727));
#9002=CARTESIAN_POINT('',(0.00211410369426566,-0.0259999999999998,0.0885796046232727));
#9003=CARTESIAN_POINT('',(0.00149485113028358,-0.0209999999999998,0.0882619319334416));
#9004=CARTESIAN_POINT('',(0.00149485113028358,-0.0259999999999998,0.0882619319334416));
#9005=CARTESIAN_POINT('',(0.000984779569849779,-0.0209999999999999,0.0876623309477828));
#9006=CARTESIAN_POINT('',(0.000984779569849779,-0.0259999999999998,0.0876623309477828));
#9007=CARTESIAN_POINT('',(0.000638904735106936,-0.0209999999999998,0.0867305678037145));
#9008=CARTESIAN_POINT('',(0.000638904735106936,-0.0259999999999998,0.0867305678037145));
#9009=CARTESIAN_POINT('',(0.00113212840030309,-0.0209999999999999,0.0860361632428271));
#9010=CARTESIAN_POINT('',(0.00113212840030309,-0.0259999999999998,0.0860361632428271));
#9011=CARTESIAN_POINT('',(0.00197910845450129,-0.0209999999999998,0.0858337705731321));
#9012=CARTESIAN_POINT('',(0.00197910845450129,-0.0259999999999998,0.0858337705731321));
#9013=CARTESIAN_POINT('',(0.00288393997816664,-0.0209999999999999,0.0860343358469073));
#9014=CARTESIAN_POINT('',(0.00288393997816664,-0.0259999999999998,0.0860343358469073));
#9015=CARTESIAN_POINT('',(0.00399152364952766,-0.0209999999999998,0.0868601062382958));
#9016=CARTESIAN_POINT('',(0.00399152364952766,-0.0259999999999998,0.0868601062382958));
#9017=CARTESIAN_POINT('',(0.00476292317463022,-0.0209999999999998,0.0880883067001912));
#9018=CARTESIAN_POINT('',(0.00476292317463022,-0.0259999999999998,0.0880883067001912));
#9019=CARTESIAN_POINT('',(0.00478029085401704,-0.0209999999999998,0.0892801282287378));
#9020=CARTESIAN_POINT('',(0.00478029085401704,-0.0259999999999998,0.0892801282287378));
#9021=CARTESIAN_POINT('',(0.00404514034558325,-0.0209999999999998,0.090440501943071));
#9022=CARTESIAN_POINT('',(0.00404514034558325,-0.0259999999999998,0.090440501943071));
#9023=CARTESIAN_POINT('',(0.00279907559140498,-0.0209999999999999,0.0911496679738785));
#9024=CARTESIAN_POINT('',(0.00279907559140498,-0.0259999999999998,0.0911496679738785));
#9025=CARTESIAN_POINT('',(0.00127407913370508,-0.0209999999999998,0.0911708679038675));
#9026=CARTESIAN_POINT('',(0.00127407913370508,-0.0259999999999998,0.0911708679038675));
#9027=CARTESIAN_POINT('',(-0.000370443149121357,-0.0209999999999998,0.0908711409279793));
#9028=CARTESIAN_POINT('',(-0.000370443149121357,-0.0259999999999998,0.0908711409279793));
#9029=CARTESIAN_POINT('',(-0.00199742954069669,-0.0209999999999999,0.090426036828071));
#9030=CARTESIAN_POINT('',(-0.00199742954069669,-0.0259999999999998,0.090426036828071));
#9031=CARTESIAN_POINT('',(-0.00360075152178075,-0.0209999999999998,0.0896241849891082));
#9032=CARTESIAN_POINT('',(-0.00360075152178075,-0.0259999999999998,0.0896241849891082));
#9033=CARTESIAN_POINT('',(-0.00516147449081102,-0.0209999999999998,0.0882782893343028));
#9034=CARTESIAN_POINT('',(-0.00516147449081102,-0.0259999999999998,0.0882782893343028));
#9035=CARTESIAN_POINT('',(-0.00657364149979109,-0.0209999999999999,0.0866466643713565));
#9036=CARTESIAN_POINT('',(-0.00657364149979109,-0.0259999999999998,0.0866466643713565));
#9037=CARTESIAN_POINT('',(-0.00771274050389873,-0.0209999999999998,0.0850770129815459));
#9038=CARTESIAN_POINT('',(-0.00771274050389873,-0.0259999999999998,0.0850770129815459));
#9039=CARTESIAN_POINT('',(-0.00849584601649716,-0.0209999999999998,0.083712284919312));
#9040=CARTESIAN_POINT('',(-0.00849584601649716,-0.0259999999999998,0.083712284919312));
#9041=CARTESIAN_POINT('',(-0.00898805681214415,-0.0209999999999999,0.0820343186772836));
#9042=CARTESIAN_POINT('',(-0.00898805681214415,-0.0259999999999998,0.0820343186772836));
#9043=CARTESIAN_POINT('',(-0.00923635718911875,-0.0209999999999998,0.0794801035390087));
#9044=CARTESIAN_POINT('',(-0.00923635718911875,-0.0259999999999998,0.0794801035390087));
#9045=CARTESIAN_POINT('',(-0.00927125685028045,-0.0209999999999999,0.0777066875229537));
#9046=CARTESIAN_POINT('',(-0.00927125685028045,-0.0259999999999998,0.0777066875229537));
#9047=CARTESIAN_POINT('',(-0.00921327668332982,-0.0209999999999998,0.0772538628949998));
#9048=CARTESIAN_POINT('',(-0.00921327668332982,-0.0259999999999998,0.0772538628949998));
#9049=CARTESIAN_POINT('',(-0.00913124484216136,-0.0209999999999999,0.077574947144905));
#9050=CARTESIAN_POINT('',(-0.00913124484216136,-0.0259999999999998,0.077574947144905));
#9051=CARTESIAN_POINT('',(-0.00900111286193999,-0.0209999999999998,0.0783802684567712));
#9052=CARTESIAN_POINT('',(-0.00900111286193999,-0.0259999999999998,0.0783802684567712));
#9053=CARTESIAN_POINT('',(-0.00875055614302833,-0.0209999999999999,0.0798664254529426));
#9054=CARTESIAN_POINT('',(-0.00875055614302833,-0.0259999999999998,0.0798664254529426));
#9055=CARTESIAN_POINT('',(-0.00827060092133687,-0.0209999999999998,0.0820484383582544));
#9056=CARTESIAN_POINT('',(-0.00827060092133687,-0.0259999999999998,0.0820484383582544));
#9057=CARTESIAN_POINT('',(-0.00734397676468589,-0.0209999999999998,0.0838219125608349));
#9058=CARTESIAN_POINT('',(-0.00734397676468589,-0.0259999999999998,0.0838219125608349));
#9059=CARTESIAN_POINT('',(-0.00598382905403571,-0.0209999999999998,0.0847871333580928));
#9060=CARTESIAN_POINT('',(-0.00598382905403571,-0.0259999999999998,0.0847871333580928));
#9061=CARTESIAN_POINT('',(-0.00400012682879958,-0.0209999999999998,0.0849153291839317));
#9062=CARTESIAN_POINT('',(-0.00400012682879958,-0.0259999999999998,0.0849153291839317));
#9063=CARTESIAN_POINT('',(-0.00189490587528553,-0.0209999999999999,0.0843215434508515));
#9064=CARTESIAN_POINT('',(-0.00189490587528553,-0.0259999999999998,0.0843215434508515));
#9065=CARTESIAN_POINT('',(-0.000521237010710959,-0.0209999999999998,0.0831579290429465));
#9066=CARTESIAN_POINT('',(-0.000521237010710959,-0.0259999999999998,0.0831579290429465));
#9067=CARTESIAN_POINT('',(-0.000412892804164237,-0.0209999999999998,0.0816108829903681));
#9068=CARTESIAN_POINT('',(-0.000412892804164237,-0.0259999999999998,0.0816108829903681));
#9069=CARTESIAN_POINT('',(-0.00103043759631556,-0.0209999999999998,0.0800697328884749));
#9070=CARTESIAN_POINT('',(-0.00103043759631556,-0.0259999999999998,0.0800697328884749));
#9071=CARTESIAN_POINT('',(-0.00204066578847586,-0.0209999999999999,0.0788912041575266));
#9072=CARTESIAN_POINT('',(-0.00204066578847586,-0.0259999999999998,0.0788912041575266));
#9073=CARTESIAN_POINT('',(-0.00346953713436656,-0.0209999999999998,0.0785250299274004));
#9074=CARTESIAN_POINT('',(-0.00346953713436656,-0.0259999999999998,0.0785250299274004));
#9075=CARTESIAN_POINT('',(-0.00476392084886784,-0.0209999999999999,0.0790624817394982));
#9076=CARTESIAN_POINT('',(-0.00476392084886784,-0.0259999999999998,0.0790624817394982));
#9077=CARTESIAN_POINT('',(-0.00542953387970925,-0.0209999999999998,0.0798382988355534));
#9078=CARTESIAN_POINT('',(-0.00542953387970925,-0.0259999999999998,0.0798382988355534));
#9079=CARTESIAN_POINT('',(-0.00564560600272469,-0.0209999999999999,0.0805756501369802));
#9080=CARTESIAN_POINT('',(-0.00564560600272469,-0.0259999999999998,0.0805756501369802));
#9081=CARTESIAN_POINT('',(-0.00557545582203204,-0.0209999999999999,0.0813467073794946));
#9082=CARTESIAN_POINT('',(-0.00557545582203204,-0.0259999999999998,0.0813467073794946));
#9083=CARTESIAN_POINT('',(-0.00523879776135463,-0.0209999999999999,0.0820217203701037));
#9084=CARTESIAN_POINT('',(-0.00523879776135463,-0.0259999999999998,0.0820217203701037));
#9085=CARTESIAN_POINT('',(-0.00463178654110483,-0.0209999999999998,0.0824590603239256));
#9086=CARTESIAN_POINT('',(-0.00463178654110483,-0.0259999999999998,0.0824590603239256));
#9087=CARTESIAN_POINT('',(-0.00382618416393029,-0.0209999999999999,0.0825754319099699));
#9088=CARTESIAN_POINT('',(-0.00382618416393029,-0.0259999999999998,0.0825754319099699));
#9089=CARTESIAN_POINT('',(-0.00313764362796719,-0.0209999999999998,0.0824907581572981));
#9090=CARTESIAN_POINT('',(-0.00313764362796719,-0.0259999999999998,0.0824907581572981));
#9091=CARTESIAN_POINT('',(-0.00279083852179123,-0.0209999999999999,0.0822420368426393));
#9092=CARTESIAN_POINT('',(-0.00279083852179123,-0.0259999999999998,0.0822420368426393));
#9093=CARTESIAN_POINT('',(-0.00371456944657272,-0.0209999999999999,0.081948957825449));
#9094=CARTESIAN_POINT('',(-0.00371456944657272,-0.0259999999999998,0.081948957825449));
#9095=CARTESIAN_POINT('',(-0.00447768367646016,-0.0209999999999998,0.0813469539566418));
#9096=CARTESIAN_POINT('',(-0.00447768367646016,-0.0259999999999998,0.0813469539566418));
#9097=CARTESIAN_POINT('',(-0.00471419134978601,-0.0209999999999999,0.0807225930906399));
#9098=CARTESIAN_POINT('',(-0.00471419134978601,-0.0259999999999998,0.0807225930906399));
#9099=CARTESIAN_POINT('',(-0.00467287784488965,-0.0209999999999998,0.0800795740656551));
#9100=CARTESIAN_POINT('',(-0.00467287784488965,-0.0259999999999998,0.0800795740656551));
#9101=CARTESIAN_POINT('',(-0.0042648446140454,-0.0209999999999998,0.0793794968046311));
#9102=CARTESIAN_POINT('',(-0.0042648446140454,-0.0259999999999998,0.0793794968046311));
#9103=CARTESIAN_POINT('',(-0.00340468191297914,-0.0209999999999999,0.0791561839335069));
#9104=CARTESIAN_POINT('',(-0.00340468191297914,-0.0259999999999998,0.0791561839335069));
#9105=CARTESIAN_POINT('',(-0.00251485912328661,-0.0209999999999998,0.0794705334966287));
#9106=CARTESIAN_POINT('',(-0.00251485912328661,-0.0259999999999998,0.0794705334966287));
#9107=CARTESIAN_POINT('',(-0.0017410297249097,-0.0209999999999999,0.0801697054278296));
#9108=CARTESIAN_POINT('',(-0.0017410297249097,-0.0259999999999998,0.0801697054278296));
#9109=CARTESIAN_POINT('',(-0.00122932841361706,-0.0209999999999999,0.0812457637510312));
#9110=CARTESIAN_POINT('',(-0.00122932841361706,-0.0259999999999998,0.0812457637510312));
#9111=CARTESIAN_POINT('',(-0.00115491511484031,-0.0209999999999998,0.0823065083396391));
#9112=CARTESIAN_POINT('',(-0.00115491511484031,-0.0259999999999998,0.0823065083396391));
#9113=CARTESIAN_POINT('',(-0.00143419177444737,-0.0209999999999999,0.0832218454811546));
#9114=CARTESIAN_POINT('',(-0.00143419177444737,-0.0259999999999998,0.0832218454811546));
#9115=CARTESIAN_POINT('',(-0.00231501934620969,-0.0209999999999998,0.0840474585884731));
#9116=CARTESIAN_POINT('',(-0.00231501934620969,-0.0259999999999998,0.0840474585884731));
#9117=CARTESIAN_POINT('',(-0.00372290812004526,-0.0209999999999998,0.0843851896257197));
#9118=CARTESIAN_POINT('',(-0.00372290812004526,-0.0259999999999998,0.0843851896257197));
#9119=CARTESIAN_POINT('',(-0.00519175741973236,-0.0209999999999998,0.0840193749987192));
#9120=CARTESIAN_POINT('',(-0.00519175741973236,-0.0259999999999998,0.0840193749987192));
#9121=CARTESIAN_POINT('',(-0.00649453997571613,-0.0209999999999998,0.0829033948412931));
#9122=CARTESIAN_POINT('',(-0.00649453997571613,-0.0259999999999998,0.0829033948412931));
#9123=CARTESIAN_POINT('',(-0.00751227100589256,-0.0209999999999998,0.0812547679387082));
#9124=CARTESIAN_POINT('',(-0.00751227100589256,-0.0259999999999998,0.0812547679387082));
#9125=CARTESIAN_POINT('',(-0.00834916054101824,-0.0209999999999999,0.0787374077141187));
#9126=CARTESIAN_POINT('',(-0.00834916054101824,-0.0259999999999998,0.0787374077141187));
#9127=CARTESIAN_POINT('',(-0.0083280655554903,-0.0209999999999998,0.07617623112843));
#9128=CARTESIAN_POINT('',(-0.0083280655554903,-0.0259999999999998,0.07617623112843));
#9129=CARTESIAN_POINT('',(-0.0076654334666704,-0.0209999999999999,0.0741773118949984));
#9130=CARTESIAN_POINT('',(-0.0076654334666704,-0.0259999999999998,0.0741773118949984));
#9131=CARTESIAN_POINT('',(-0.00679068670048468,-0.0209999999999998,0.0727626803394103));
#9132=CARTESIAN_POINT('',(-0.00679068670048468,-0.0259999999999998,0.0727626803394103));
#9133=CARTESIAN_POINT('',(-0.00541310923410718,-0.0209999999999999,0.0711775865287801));
#9134=CARTESIAN_POINT('',(-0.00541310923410718,-0.0259999999999998,0.0711775865287801));
#9135=CARTESIAN_POINT('',(-0.00388122519346394,-0.0209999999999998,0.0694530072256266));
#9136=CARTESIAN_POINT('',(-0.00388122519346394,-0.0259999999999998,0.0694530072256266));
#9137=CARTESIAN_POINT('',(-0.00289242644727083,-0.0209999999999999,0.0680170687244315));
#9138=CARTESIAN_POINT('',(-0.00289242644727083,-0.0259999999999998,0.0680170687244315));
#9139=CARTESIAN_POINT('',(-0.00251971564992013,-0.0209999999999998,0.066899963158532));
#9140=CARTESIAN_POINT('',(-0.00251971564992013,-0.0259999999999998,0.066899963158532));
#9141=CARTESIAN_POINT('',(-0.00239946112501801,-0.0209999999999999,0.0662804174034538));
#9142=CARTESIAN_POINT('',(-0.00239946112501801,-0.0259999999999998,0.0662804174034538));
#9143=CARTESIAN_POINT('',(-0.00236214970468158,-0.0209999999999998,0.0661325993024259));
#9144=CARTESIAN_POINT('',(-0.00236214970468158,-0.0259999999999998,0.0661325993024259));
#9145=CARTESIAN_POINT('',(-0.00233494799498852,-0.0209999999999999,0.0668406173406349));
#9146=CARTESIAN_POINT('',(-0.00233494799498852,-0.0259999999999998,0.0668406173406349));
#9147=CARTESIAN_POINT('',(-0.00228627682547463,-0.0209999999999998,0.0683472508282142));
#9148=CARTESIAN_POINT('',(-0.00228627682547463,-0.0259999999999998,0.0683472508282142));
#9149=CARTESIAN_POINT('',(-0.00211349718981987,-0.0209999999999999,0.069651357617082));
#9150=CARTESIAN_POINT('',(-0.00211349718981987,-0.0259999999999998,0.069651357617082));
#9151=CARTESIAN_POINT('',(-0.00187456398592072,-0.0209999999999998,0.0702255579286481));
#9152=CARTESIAN_POINT('',(-0.00187456398592072,-0.0259999999999998,0.0702255579286481));
#9153=CARTESIAN_POINT('',(-0.00167100622459082,-0.0209999999999999,0.0705049085438974));
#9154=CARTESIAN_POINT('',(-0.00167100622459082,-0.0259999999999998,0.0705049085438974));
#9155=CARTESIAN_POINT('',(-0.00177483016422332,-0.0209999999999998,0.070774895551471));
#9156=CARTESIAN_POINT('',(-0.00177483016422332,-0.0259999999999998,0.070774895551471));
#9157=CARTESIAN_POINT('',(-0.00217963634321032,-0.0209999999999999,0.0711522587588449));
#9158=CARTESIAN_POINT('',(-0.00217963634321032,-0.0259999999999998,0.0711522587588449));
#9159=CARTESIAN_POINT('',(-0.00266995622090899,-0.0209999999999999,0.0716486409952916));
#9160=CARTESIAN_POINT('',(-0.00266995622090899,-0.0259999999999998,0.0716486409952916));
#9161=CARTESIAN_POINT('',(-0.00305489998844746,-0.0209999999999999,0.072307339340319));
#9162=CARTESIAN_POINT('',(-0.00305489998844746,-0.0259999999999998,0.072307339340319));
#9163=CARTESIAN_POINT('',(-0.00328869527971968,-0.0209999999999998,0.0733954631647974));
#9164=CARTESIAN_POINT('',(-0.00328869527971968,-0.0259999999999998,0.0733954631647974));
#9165=CARTESIAN_POINT('',(-0.00313958487604779,-0.0209999999999999,0.0750097119715969));
#9166=CARTESIAN_POINT('',(-0.00313958487604779,-0.0259999999999998,0.0750097119715969));
#9167=CARTESIAN_POINT('',(-0.00231879121520272,-0.0209999999999999,0.0769301267487164));
#9168=CARTESIAN_POINT('',(-0.00231879121520272,-0.0259999999999998,0.0769301267487164));
#9169=CARTESIAN_POINT('',(-0.00102327614915335,-0.0209999999999998,0.078534228906269));
#9170=CARTESIAN_POINT('',(-0.00102327614915335,-0.0259999999999998,0.078534228906269));
#9171=CARTESIAN_POINT('',(0.000442841601662567,-0.0209999999999999,0.0798124125012151));
#9172=CARTESIAN_POINT('',(0.000442841601662567,-0.0259999999999998,0.0798124125012151));
#9173=CARTESIAN_POINT('',(0.00174003229589841,-0.0209999999999998,0.0806497648818022));
#9174=CARTESIAN_POINT('',(0.00174003229589841,-0.0259999999999998,0.0806497648818022));
#9175=CARTESIAN_POINT('',(0.00278734439319132,-0.0209999999999998,0.0812774214182113));
#9176=CARTESIAN_POINT('',(0.00278734439319132,-0.0259999999999998,0.0812774214182113));
#9177=CARTESIAN_POINT('',(0.00375685071834572,-0.0209999999999999,0.0820058715942584));
#9178=CARTESIAN_POINT('',(0.00375685071834572,-0.0259999999999998,0.0820058715942584));
#9179=CARTESIAN_POINT('',(0.00479351382772003,-0.0209999999999998,0.08288152703643));
#9180=CARTESIAN_POINT('',(0.00479351382772003,-0.0259999999999998,0.08288152703643));
#9181=CARTESIAN_POINT('',(0.00565191325079027,-0.0209999999999999,0.0836234800244255));
#9182=CARTESIAN_POINT('',(0.00565191325079027,-0.0259999999999998,0.0836234800244255));
#9183=CARTESIAN_POINT('',(0.00576951513339419,-0.0209999999999998,0.0835441515247228));
#9184=CARTESIAN_POINT('',(0.00576951513339419,-0.0259999999999998,0.0835441515247228));
#9185=CARTESIAN_POINT('',(0.00540005030333424,-0.0209999999999999,0.0828839647032532));
#9186=CARTESIAN_POINT('',(0.00540005030333424,-0.0259999999999998,0.0828839647032532));
#9187=CARTESIAN_POINT('',(0.00454451862672943,-0.0209999999999999,0.0814302349220011));
#9188=CARTESIAN_POINT('',(0.00454451862672943,-0.0259999999999998,0.0814302349220011));
#9189=CARTESIAN_POINT('',(0.00439764805238178,-0.0209999999999998,0.0799604745929521));
#9190=CARTESIAN_POINT('',(0.00439764805238178,-0.0259999999999998,0.0799604745929521));
#9191=CARTESIAN_POINT('',(0.00465717942616246,-0.0209999999999999,0.0786004465667739));
#9192=CARTESIAN_POINT('',(0.00465717942616246,-0.0259999999999998,0.0786004465667739));
#9193=CARTESIAN_POINT('',(0.00473898754286366,-0.0209999999999998,0.0771007943367885));
#9194=CARTESIAN_POINT('',(0.00473898754286366,-0.0259999999999998,0.0771007943367885));
#9195=CARTESIAN_POINT('',(0.00461872283976863,-0.0209999999999998,0.0756178992237683));
#9196=CARTESIAN_POINT('',(0.00461872283976863,-0.0259999999999998,0.0756178992237683));
#9197=CARTESIAN_POINT('',(0.00425639766462207,-0.0209999999999999,0.0742889914153705));
#9198=CARTESIAN_POINT('',(0.00425639766462207,-0.0259999999999998,0.0742889914153705));
#9199=CARTESIAN_POINT('',(0.00369807821317008,-0.0209999999999998,0.0729615674575685));
#9200=CARTESIAN_POINT('',(0.00369807821317008,-0.0259999999999998,0.0729615674575685));
#9201=CARTESIAN_POINT('',(0.00305823463346421,-0.0209999999999998,0.0718373724727151));
#9202=CARTESIAN_POINT('',(0.00305823463346421,-0.0259999999999998,0.0718373724727151));
#9203=CARTESIAN_POINT('',(0.00231670975682699,-0.0209999999999999,0.0711811068243581));
#9204=CARTESIAN_POINT('',(0.00231670975682699,-0.0259999999999998,0.0711811068243581));
#9205=CARTESIAN_POINT('',(0.0013662570815706,-0.0209999999999998,0.0707838119272016));
#9206=CARTESIAN_POINT('',(0.0013662570815706,-0.0259999999999998,0.0707838119272016));
#9207=CARTESIAN_POINT('',(0.000190862158442311,-0.0209999999999998,0.0707028464913437));
#9208=CARTESIAN_POINT('',(0.000190862158442311,-0.0259999999999998,0.0707028464913437));
#9209=CARTESIAN_POINT('',(-0.000744909070185863,-0.0209999999999998,0.0704195636753558));
#9210=CARTESIAN_POINT('',(-0.000744909070185863,-0.0259999999999998,0.0704195636753558));
#9211=CARTESIAN_POINT('',(-0.00134915092940945,-0.0209999999999999,0.0698093035971367));
#9212=CARTESIAN_POINT('',(-0.00134915092940945,-0.0259999999999998,0.0698093035971367));
#9213=CARTESIAN_POINT('',(-0.00142525498913615,-0.0209999999999998,0.0686922151674916));
#9214=CARTESIAN_POINT('',(-0.00142525498913615,-0.0259999999999998,0.0686922151674916));
#9215=CARTESIAN_POINT('',(-0.00136406625106685,-0.0209999999999999,0.0675719132401038));
#9216=CARTESIAN_POINT('',(-0.00136406625106685,-0.0259999999999998,0.0675719132401038));
#9217=CARTESIAN_POINT('',(-0.00134420088736951,-0.0209999999999998,0.0666317220337367));
#9218=CARTESIAN_POINT('',(-0.00134420088736951,-0.0259999999999998,0.0666317220337367));
#9219=CARTESIAN_POINT('',(-0.00143118326200711,-0.0209999999999998,0.0659560908887375));
#9220=CARTESIAN_POINT('',(-0.00143118326200711,-0.0259999999999998,0.0659560908887375));
#9221=CARTESIAN_POINT('',(-0.00140340139768789,-0.0209999999999999,0.0649872669268279));
#9222=CARTESIAN_POINT('',(-0.00140340139768789,-0.0259999999999998,0.0649872669268279));
#9223=CARTESIAN_POINT('',(-0.00123870839578551,-0.0209999999999999,0.0636634026309311));
#9224=CARTESIAN_POINT('',(-0.00123870839578551,-0.0259999999999998,0.0636634026309311));
#9225=CARTESIAN_POINT('',(-0.000943215801943256,-0.0209999999999999,0.0622606341818282));
#9226=CARTESIAN_POINT('',(-0.000943215801943256,-0.0259999999999998,0.0622606341818282));
#9227=CARTESIAN_POINT('',(-0.000662240324314494,-0.0209999999999998,0.0616534348775751));
#9228=CARTESIAN_POINT('',(-0.000662240324314494,-0.0259999999999998,0.0616534348775751));
#9229=CARTESIAN_POINT('',(-0.00044689803978909,-0.0209999999999999,0.0619163497481687));
#9230=CARTESIAN_POINT('',(-0.00044689803978909,-0.0259999999999998,0.0619163497481687));
#9231=CARTESIAN_POINT('',(-0.000283571110092959,-0.0209999999999999,0.0631665561914428));
#9232=CARTESIAN_POINT('',(-0.000283571110092959,-0.0259999999999998,0.0631665561914428));
#9233=CARTESIAN_POINT('',(-4.29872365859112E-05,-0.0209999999999998,0.0645423205717839));
#9234=CARTESIAN_POINT('',(-4.29872365859112E-05,-0.0259999999999998,0.0645423205717839));
#9235=CARTESIAN_POINT('',(0.000292807444702498,-0.0209999999999999,0.0657011710853843));
#9236=CARTESIAN_POINT('',(0.000292807444702498,-0.0259999999999998,0.0657011710853843));
#9237=CARTESIAN_POINT('',(0.000915422685012428,-0.0209999999999998,0.0668221287948295));
#9238=CARTESIAN_POINT('',(0.000915422685012428,-0.0259999999999998,0.0668221287948295));
#9239=CARTESIAN_POINT('',(0.00205734828842621,-0.0209999999999999,0.0681952851780755));
#9240=CARTESIAN_POINT('',(0.00205734828842621,-0.0259999999999998,0.0681952851780755));
#9241=CARTESIAN_POINT('',(0.00362669903423628,-0.0209999999999998,0.0699872627112939));
#9242=CARTESIAN_POINT('',(0.00362669903423628,-0.0259999999999998,0.0699872627112939));
#9243=CARTESIAN_POINT('',(0.00542574226338685,-0.0209999999999998,0.0718277995065326));
#9244=CARTESIAN_POINT('',(0.00542574226338685,-0.0259999999999998,0.0718277995065326));
#9245=CARTESIAN_POINT('',(0.00727991814866634,-0.0209999999999999,0.0734230548442551));
#9246=CARTESIAN_POINT('',(0.00727991814866634,-0.0259999999999998,0.0734230548442551));
#9247=CARTESIAN_POINT('',(0.00900925283253391,-0.0209999999999998,0.0744561189664604));
#9248=CARTESIAN_POINT('',(0.00900925283253391,-0.0259999999999998,0.0744561189664604));
#9249=CARTESIAN_POINT('',(0.0103451047266108,-0.0209999999999999,0.0749598122495151));
#9250=CARTESIAN_POINT('',(0.0103451047266108,-0.0259999999999998,0.0749598122495151));
#9251=CARTESIAN_POINT('',(0.0113633577441537,-0.0209999999999998,0.0752136998924198));
#9252=CARTESIAN_POINT('',(0.0113633577441537,-0.0259999999999998,0.0752136998924198));
#9253=CARTESIAN_POINT('',(0.0120749807054298,-0.0209999999999998,0.0753506273922735));
#9254=CARTESIAN_POINT('',(0.0120749807054298,-0.0259999999999998,0.0753506273922735));
#9255=CARTESIAN_POINT('',(0.0125363355268673,-0.0209999999999999,0.0754853695108957));
#9256=CARTESIAN_POINT('',(0.0125363355268673,-0.0259999999999998,0.0754853695108957));
#9257=CARTESIAN_POINT('',(0.0125021291443921,-0.0209999999999998,0.0757325786594665));
#9258=CARTESIAN_POINT('',(0.0125021291443921,-0.0259999999999998,0.0757325786594665));
#9259=CARTESIAN_POINT('',(0.0115586289330124,-0.0209999999999999,0.0761435186253639));
#9260=CARTESIAN_POINT('',(0.0115586289330124,-0.0259999999999998,0.0761435186253639));
#9261=CARTESIAN_POINT('',(0.010819012861654,-0.0209999999999998,0.0767915163635683));
#9262=CARTESIAN_POINT('',(0.010819012861654,-0.0259999999999998,0.0767915163635683));
#9263=CARTESIAN_POINT('',(0.0103567423762085,-0.0209999999999998,0.0775851576600603));
#9264=CARTESIAN_POINT('',(0.0103567423762085,-0.0259999999999998,0.0775851576600603));
#9265=CARTESIAN_POINT('',(0.0100468833971254,-0.0209999999999998,0.0787106200205447));
#9266=CARTESIAN_POINT('',(0.0100468833971254,-0.0259999999999998,0.0787106200205447));
#9267=CARTESIAN_POINT('',(0.0096082178022666,-0.0209999999999998,0.0796905399331896));
#9268=CARTESIAN_POINT('',(0.0096082178022666,-0.0259999999999998,0.0796905399331896));
#9269=CARTESIAN_POINT('',(0.00914659383103156,-0.0209999999999999,0.0801877764109197));
#9270=CARTESIAN_POINT('',(0.00914659383103156,-0.0259999999999998,0.0801877764109197));
#9271=CARTESIAN_POINT('',(0.00874190039977712,-0.0209999999999998,0.0803556201995784));
#9272=CARTESIAN_POINT('',(0.00874190039977712,-0.0259999999999998,0.0803556201995784));
#9273=CARTESIAN_POINT('',(0.00831295423023284,-0.0209999999999999,0.0804296591960678));
#9274=CARTESIAN_POINT('',(0.00831295423023284,-0.0259999999999998,0.0804296591960678));
#9275=CARTESIAN_POINT('',(0.00788376375007561,-0.0209999999999999,0.0805801603100383));
#9276=CARTESIAN_POINT('',(0.00788376375007561,-0.0259999999999998,0.0805801603100383));
#9277=CARTESIAN_POINT('',(0.00756228299415338,-0.0209999999999999,0.0808197494262983));
#9278=CARTESIAN_POINT('',(0.00756228299415338,-0.0259999999999998,0.0808197494262983));
#9279=CARTESIAN_POINT('',(0.00755847954189664,-0.0209999999999998,0.0809908643235649));
#9280=CARTESIAN_POINT('',(0.00755847954189664,-0.0259999999999998,0.0809908643235649));
#9281=CARTESIAN_POINT('',(0.00793739632627117,-0.0209999999999998,0.0811448318215728));
#9282=CARTESIAN_POINT('',(0.00793739632627117,-0.0259999999999998,0.0811448318215728));
#9283=CARTESIAN_POINT('',(0.00889539914339746,-0.0209999999999999,0.0814322972469487));
#9284=CARTESIAN_POINT('',(0.00889539914339746,-0.0259999999999998,0.0814322972469487));
#9285=CARTESIAN_POINT('',(0.0102627912188953,-0.0209999999999998,0.0817707784540927));
#9286=CARTESIAN_POINT('',(0.0102627912188953,-0.0259999999999998,0.0817707784540927));
#9287=CARTESIAN_POINT('',(0.0115589422947233,-0.0209999999999999,0.0820810465921762));
#9288=CARTESIAN_POINT('',(0.0115589422947233,-0.0259999999999998,0.0820810465921762));
#9289=CARTESIAN_POINT('',(0.0126119765674231,-0.0209999999999998,0.0823467570733256));
#9290=CARTESIAN_POINT('',(0.0126119765674231,-0.0259999999999998,0.0823467570733256));
#9291=CARTESIAN_POINT('',(0.0133411713398584,-0.0209999999999998,0.0824644770280805));
#9292=CARTESIAN_POINT('',(0.0133411713398584,-0.0259999999999998,0.0824644770280805));
#9293=CARTESIAN_POINT('',(0.0141751452392705,-0.0209999999999998,0.08219550279108));
#9294=CARTESIAN_POINT('',(0.0141751452392705,-0.0259999999999998,0.08219550279108));
#9295=CARTESIAN_POINT('',(0.0151470203338329,-0.0209999999999998,0.0816492129402756));
#9296=CARTESIAN_POINT('',(0.0151470203338329,-0.0259999999999998,0.0816492129402756));
#9297=CARTESIAN_POINT('',(0.0159367471853869,-0.0209999999999998,0.0811395375391145));
#9298=CARTESIAN_POINT('',(0.0159367471853869,-0.0259999999999998,0.0811395375391145));
#9299=CARTESIAN_POINT('',(0.0158202775727565,-0.0209999999999999,0.0815101816574148));
#9300=CARTESIAN_POINT('',(0.0158202775727565,-0.0259999999999998,0.0815101816574148));
#9301=CARTESIAN_POINT('',(0.0155256808560835,-0.0209999999999999,0.0820969127426444));
#9302=CARTESIAN_POINT('',(0.0155256808560835,-0.0259999999999998,0.0820969127426444));
#9303=CARTESIAN_POINT('',(0.0153099718048059,-0.0209999999999999,0.0828306529120226));
#9304=CARTESIAN_POINT('',(0.0153099718048059,-0.0259999999999998,0.0828306529120226));
#9305=CARTESIAN_POINT('',(0.0154275983153332,-0.0209999999999998,0.0835661065528018));
#9306=CARTESIAN_POINT('',(0.0154275983153332,-0.0259999999999998,0.0835661065528018));
#9307=CARTESIAN_POINT('',(0.0157875859014284,-0.0209999999999998,0.0842889315824173));
#9308=CARTESIAN_POINT('',(0.0157875859014284,-0.0259999999999998,0.0842889315824173));
#9309=CARTESIAN_POINT('',(0.0165002594466476,-0.0209999999999999,0.0852108100262986));
#9310=CARTESIAN_POINT('',(0.0165002594466476,-0.0259999999999998,0.0852108100262986));
#9311=CARTESIAN_POINT('',(0.017592243886384,-0.0209999999999998,0.0862236538192818));
#9312=CARTESIAN_POINT('',(0.017592243886384,-0.0259999999999998,0.0862236538192818));
#9313=CARTESIAN_POINT('',(0.0188700265012528,-0.0209999999999998,0.0871510002751837));
#9314=CARTESIAN_POINT('',(0.0188700265012528,-0.0259999999999998,0.0871510002751837));
#9315=CARTESIAN_POINT('',(0.0202259279040774,-0.0209999999999999,0.0879509296009953));
#9316=CARTESIAN_POINT('',(0.0202259279040774,-0.0259999999999998,0.0879509296009953));
#9317=CARTESIAN_POINT('',(0.0212613162759716,-0.0209999999999999,0.0883965924214605));
#9318=CARTESIAN_POINT('',(0.0212613162759716,-0.0259999999999998,0.0883965924214605));
#9319=CARTESIAN_POINT('',(0.0215528477318637,-0.0209999999999998,0.0881204491907966));
#9320=CARTESIAN_POINT('',(0.0215528477318637,-0.0259999999999998,0.0881204491907966));
#9321=CARTESIAN_POINT('',(0.0215719124225265,-0.0209999999999999,0.0876285469224352));
#9322=CARTESIAN_POINT('',(0.0215719124225265,-0.0259999999999998,0.0876285469224352));
#9323=CARTESIAN_POINT('',(0.0215999935571805,-0.0209999999999998,0.086990809374758));
#9324=CARTESIAN_POINT('',(0.0215999935571805,-0.0259999999999998,0.086990809374758));
#9325=CARTESIAN_POINT('',(0.0218870389885356,-0.0209999999999999,0.0860995699113521));
#9326=CARTESIAN_POINT('',(0.0218870389885356,-0.0259999999999998,0.0860995699113521));
#9327=CARTESIAN_POINT('',(0.0223415012300505,-0.0209999999999999,0.0851345062605112));
#9328=CARTESIAN_POINT('',(0.0223415012300505,-0.0259999999999998,0.0851345062605112));
#9329=CARTESIAN_POINT('',(0.0225432051626072,-0.0209999999999998,0.0840657103275949));
#9330=CARTESIAN_POINT('',(0.0225432051626072,-0.0259999999999998,0.0840657103275949));
#9331=CARTESIAN_POINT('',(0.0224233217912491,-0.0209999999999999,0.0829119717101956));
#9332=CARTESIAN_POINT('',(0.0224233217912491,-0.0259999999999998,0.0829119717101956));
#9333=CARTESIAN_POINT('',(0.0221229521742778,-0.0209999999999998,0.0819133579951088));
#9334=CARTESIAN_POINT('',(0.0221229521742778,-0.0259999999999998,0.0819133579951088));
#9335=CARTESIAN_POINT('',(0.022377014658327,-0.0209999999999999,0.0817695170328081));
#9336=CARTESIAN_POINT('',(0.022377014658327,-0.0259999999999998,0.0817695170328081));
#9337=CARTESIAN_POINT('',(0.0228764847627047,-0.0209999999999998,0.0820522065642527));
#9338=CARTESIAN_POINT('',(0.0228764847627047,-0.0259999999999998,0.0820522065642527));
#9339=CARTESIAN_POINT('',(0.0235559075366878,-0.0209999999999998,0.0824660296718829));
#9340=CARTESIAN_POINT('',(0.0235559075366878,-0.0259999999999998,0.0824660296718829));
#9341=CARTESIAN_POINT('',(0.024568388625043,-0.0209999999999998,0.0828836935792428));
#9342=CARTESIAN_POINT('',(0.024568388625043,-0.0259999999999998,0.0828836935792428));
#9343=CARTESIAN_POINT('',(0.025829800966211,-0.0209999999999998,0.0827684062933271));
#9344=CARTESIAN_POINT('',(0.025829800966211,-0.0259999999999998,0.0827684062933271));
#9345=CARTESIAN_POINT('',(0.027009439540124,-0.0209999999999999,0.0823029670806922));
#9346=CARTESIAN_POINT('',(0.027009439540124,-0.0259999999999998,0.0823029670806922));
#9347=CARTESIAN_POINT('',(0.027848697320021,-0.0209999999999998,0.081967163298763));
#9348=CARTESIAN_POINT('',(0.027848697320021,-0.0259999999999998,0.081967163298763));
#9349=CARTESIAN_POINT('',(0.0284254747738281,-0.0209999999999999,0.081790881691842));
#9350=CARTESIAN_POINT('',(0.0284254747738281,-0.0259999999999998,0.081790881691842));
#9351=CARTESIAN_POINT('',(0.0289461860862576,-0.0209999999999998,0.0817544860824209));
#9352=CARTESIAN_POINT('',(0.0289461860862576,-0.0259999999999998,0.0817544860824209));
#9353=CARTESIAN_POINT('',(0.0294059024905386,-0.0209999999999999,0.0818931347173644));
#9354=CARTESIAN_POINT('',(0.0294059024905386,-0.0259999999999998,0.0818931347173644));
#9355=CARTESIAN_POINT('',(0.0297659712073662,-0.0209999999999999,0.0819450511421686));
#9356=CARTESIAN_POINT('',(0.0297659712073662,-0.0259999999999998,0.0819450511421686));
#9357=CARTESIAN_POINT('',(0.0299952936184622,-0.0209999999999998,0.0816412259108858));
#9358=CARTESIAN_POINT('',(0.0299952936184622,-0.0259999999999998,0.0816412259108858));
#9359=CARTESIAN_POINT('',(0.0299877191203272,-0.0209999999999999,0.0812211874792306));
#9360=CARTESIAN_POINT('',(0.0299877191203272,-0.0259999999999998,0.0812211874792306));
#9361=CARTESIAN_POINT('',(0.0296632958805239,-0.0209999999999998,0.0809183836119381));
#9362=CARTESIAN_POINT('',(0.0296632958805239,-0.0259999999999998,0.0809183836119381));
#9363=CARTESIAN_POINT('',(0.0292026106320112,-0.0209999999999999,0.0806122229930166));
#9364=CARTESIAN_POINT('',(0.0292026106320112,-0.0259999999999998,0.0806122229930166));
#9365=CARTESIAN_POINT('',(0.0287956615751779,-0.0209999999999999,0.0801890218479196));
#9366=CARTESIAN_POINT('',(0.0287956615751779,-0.0259999999999998,0.0801890218479196));
#9367=CARTESIAN_POINT('',(0.0285056340802865,-0.0209999999999998,0.0796230626949157));
#9368=CARTESIAN_POINT('',(0.0285056340802865,-0.0259999999999998,0.0796230626949157));
#9369=CARTESIAN_POINT('',(0.0281570983821383,-0.0209999999999999,0.078793043308682));
#9370=CARTESIAN_POINT('',(0.0281570983821383,-0.0259999999999998,0.078793043308682));
#9371=CARTESIAN_POINT('',(0.0276976605407133,-0.0209999999999999,0.0780072312332894));
#9372=CARTESIAN_POINT('',(0.0276976605407133,-0.0259999999999998,0.0780072312332894));
#9373=CARTESIAN_POINT('',(0.0270268153260414,-0.0209999999999998,0.0774502502602143));
#9374=CARTESIAN_POINT('',(0.0270268153260414,-0.0259999999999998,0.0774502502602143));
#9375=CARTESIAN_POINT('',(0.0264653660298294,-0.0209999999999998,0.0771506786600468));
#9376=CARTESIAN_POINT('',(0.0264653660298294,-0.0259999999999998,0.0771506786600468));
#9377=CARTESIAN_POINT('',(0.0258359894865365,-0.0209999999999998,0.0770090774986869));
#9378=CARTESIAN_POINT('',(0.0258359894865365,-0.0259999999999998,0.0770090774986869));
#9379=CARTESIAN_POINT('',(0.0253136243256517,-0.0209999999999998,0.0769412985412983));
#9380=CARTESIAN_POINT('',(0.0253136243256517,-0.0259999999999998,0.0769412985412983));
#9381=CARTESIAN_POINT('',(0.0252154228324544,-0.0209999999999999,0.0767825937931191));
#9382=CARTESIAN_POINT('',(0.0252154228324544,-0.0259999999999998,0.0767825937931191));
#9383=CARTESIAN_POINT('',(0.0256454656485975,-0.0209999999999998,0.0764548413609357));
#9384=CARTESIAN_POINT('',(0.0256454656485975,-0.0259999999999998,0.0764548413609357));
#9385=CARTESIAN_POINT('',(0.0263064178765092,-0.0209999999999998,0.0760291082303344));
#9386=CARTESIAN_POINT('',(0.0263064178765092,-0.0259999999999998,0.0760291082303344));
#9387=CARTESIAN_POINT('',(0.0271883500537844,-0.0209999999999998,0.075392960574511));
#9388=CARTESIAN_POINT('',(0.0271883500537844,-0.0259999999999998,0.075392960574511));
#9389=CARTESIAN_POINT('',(0.0275735668378,-0.0209999999999999,0.0747590687981762));
#9390=CARTESIAN_POINT('',(0.0275735668378,-0.0259999999999998,0.0747590687981762));
#9391=CARTESIAN_POINT('',(0.0276833666854808,-0.0209999999999999,0.0739523078604666));
#9392=CARTESIAN_POINT('',(0.0276833666854808,-0.0259999999999998,0.0739523078604666));
#9393=CARTESIAN_POINT('',(0.0276832726422733,-0.0209999999999998,0.0729577055690935));
#9394=CARTESIAN_POINT('',(0.0276832726422733,-0.0259999999999998,0.0729577055690935));
#9395=CARTESIAN_POINT('',(0.0276202996056001,-0.0209999999999998,0.0718055791583377));
#9396=CARTESIAN_POINT('',(0.0276202996056001,-0.0259999999999998,0.0718055791583377));
#9397=CARTESIAN_POINT('',(0.0276830317358266,-0.0209999999999999,0.0708066622549988));
#9398=CARTESIAN_POINT('',(0.0276830317358266,-0.0259999999999998,0.0708066622549988));
#9399=CARTESIAN_POINT('',(0.0279166591964198,-0.0209999999999998,0.070032516559353));
#9400=CARTESIAN_POINT('',(0.0279166591964198,-0.0259999999999998,0.070032516559353));
#9401=CARTESIAN_POINT('',(0.0281589919251352,-0.0209999999999998,0.0696332682502496));
#9402=CARTESIAN_POINT('',(0.0281589919251352,-0.0259999999999998,0.0696332682502496));
#9403=CARTESIAN_POINT('',(0.0281828622195413,-0.0209999999999998,0.0693303303693645));
#9404=CARTESIAN_POINT('',(0.0281828622195413,-0.0259999999999998,0.0693303303693645));
#9405=CARTESIAN_POINT('',(0.0279414426399054,-0.021,0.0687449190003446));
#9406=CARTESIAN_POINT('',(0.0279414426399054,-0.026,0.0687449190003446));
#9407=CARTESIAN_POINT('',(0.0277518047030067,-0.021,0.0687446953172361));
#9408=CARTESIAN_POINT('',(0.0277518047030067,-0.026,0.0687446953172361));
#9409=CARTESIAN_POINT('',(0.0273224618226738,-0.021,0.0693080445626863));
#9410=CARTESIAN_POINT('',(0.0273224618226738,-0.026,0.0693080445626863));
#9411=CARTESIAN_POINT('',(0.0265944075930896,-0.021,0.0701456291983752));
#9412=CARTESIAN_POINT('',(0.0265944075930896,-0.026,0.0701456291983752));
#9413=CARTESIAN_POINT('',(0.0260066759692264,-0.021,0.0705147193371587));
#9414=CARTESIAN_POINT('',(0.0260066759692264,-0.026,0.0705147193371587));
#9415=CARTESIAN_POINT('',(0.0253949940359955,-0.021,0.0706230873472923));
#9416=CARTESIAN_POINT('',(0.0253949940359955,-0.026,0.0706230873472923));
#9417=CARTESIAN_POINT('',(0.0245592570717384,-0.021,0.0706042666057163));
#9418=CARTESIAN_POINT('',(0.0245592570717384,-0.026,0.0706042666057163));
#9419=CARTESIAN_POINT('',(0.0235058117816572,-0.021,0.0705567579059129));
#9420=CARTESIAN_POINT('',(0.0235058117816572,-0.026,0.0705567579059129));
#9421=CARTESIAN_POINT('',(0.0223033049892929,-0.021,0.0711573987990204));
#9422=CARTESIAN_POINT('',(0.0223033049892929,-0.026,0.0711573987990204));
#9423=CARTESIAN_POINT('',(0.0214320473716736,-0.021,0.0725076944509425));
#9424=CARTESIAN_POINT('',(0.0214320473716736,-0.026,0.0725076944509425));
#9425=CARTESIAN_POINT('',(0.0209392815353941,-0.021,0.0730645281279605));
#9426=CARTESIAN_POINT('',(0.0209392815353941,-0.026,0.0730645281279605));
#9427=CARTESIAN_POINT('',(0.0207194393236809,-0.021,0.0729430008934151));
#9428=CARTESIAN_POINT('',(0.0207194393236809,-0.026,0.0729430008934151));
#9429=CARTESIAN_POINT('',(0.0205508895573017,-0.021,0.0723794611466039));
#9430=CARTESIAN_POINT('',(0.0205508895573017,-0.026,0.0723794611466039));
#9431=CARTESIAN_POINT('',(0.0202886230864929,-0.021,0.0716144509922828));
#9432=CARTESIAN_POINT('',(0.0202886230864929,-0.026,0.0716144509922828));
#9433=CARTESIAN_POINT('',(0.0197675476242232,-0.021,0.0708822884826094));
#9434=CARTESIAN_POINT('',(0.0197675476242232,-0.026,0.0708822884826094));
#9435=CARTESIAN_POINT('',(0.0187735664823258,-0.021,0.0700239171452615));
#9436=CARTESIAN_POINT('',(0.0187735664823258,-0.026,0.0700239171452615));
#9437=CARTESIAN_POINT('',(0.0175864478025737,-0.021,0.0692782045918954));
#9438=CARTESIAN_POINT('',(0.0175864478025737,-0.026,0.0692782045918954));
#9439=CARTESIAN_POINT('',(0.0166343467598665,-0.021,0.0685884549346473));
#9440=CARTESIAN_POINT('',(0.0166343467598665,-0.026,0.0685884549346473));
#9441=CARTESIAN_POINT('',(0.0160065232456725,-0.021,0.067909064751261));
#9442=CARTESIAN_POINT('',(0.0160065232456725,-0.026,0.067909064751261));
#9443=CARTESIAN_POINT('',(0.0156887139763731,-0.021,0.0672707007707227));
#9444=CARTESIAN_POINT('',(0.0156887139763731,-0.026,0.0672707007707227));
#9445=CARTESIAN_POINT('',(0.0151357928897138,-0.021,0.0666943623640314));
#9446=CARTESIAN_POINT('',(0.0151357928897138,-0.026,0.0666943623640314));
#9447=CARTESIAN_POINT('',(0.0147345827084632,-0.021,0.0664465061149212));
#9448=CARTESIAN_POINT('',(0.0147345827084632,-0.026,0.0664465061149212));
#9449=CARTESIAN_POINT('',(0.014646737031857,-0.021,0.0666615490347917));
#9450=CARTESIAN_POINT('',(0.014646737031857,-0.026,0.0666615490347917));
#9451=CARTESIAN_POINT('',(0.0148385746099164,-0.021,0.0672821352405704));
#9452=CARTESIAN_POINT('',(0.0148385746099164,-0.026,0.0672821352405704));
#9453=CARTESIAN_POINT('',(0.0151206148467123,-0.021,0.0680851475445435));
#9454=CARTESIAN_POINT('',(0.0151206148467123,-0.026,0.0680851475445435));
#9455=CARTESIAN_POINT('',(0.0153859673386368,-0.021,0.0691227119408548));
#9456=CARTESIAN_POINT('',(0.0153859673386368,-0.026,0.0691227119408548));
#9457=CARTESIAN_POINT('',(0.0152717605613418,-0.021,0.0700657148220447));
#9458=CARTESIAN_POINT('',(0.0152717605613418,-0.026,0.0700657148220447));
#9459=CARTESIAN_POINT('',(0.0147204272585463,-0.021,0.0712330951941694));
#9460=CARTESIAN_POINT('',(0.0147204272585463,-0.026,0.0712330951941694));
#9461=CARTESIAN_POINT('',(0.0143447326800931,-0.021,0.072411815801835));
#9462=CARTESIAN_POINT('',(0.0143447326800931,-0.026,0.072411815801835));
#9463=CARTESIAN_POINT('',(0.0145265902394393,-0.021,0.0735175198620171));
#9464=CARTESIAN_POINT('',(0.0145265902394393,-0.026,0.0735175198620171));
#9465=CARTESIAN_POINT('',(0.0149748557694475,-0.021,0.0746615745805123));
#9466=CARTESIAN_POINT('',(0.0149748557694475,-0.026,0.0746615745805123));
#9467=CARTESIAN_POINT('',(0.0153861760790289,-0.021,0.0755759534092582));
#9468=CARTESIAN_POINT('',(0.0153861760790289,-0.026,0.0755759534092582));
#9469=CARTESIAN_POINT('',(0.0149515527426061,-0.021,0.075704759805851));
#9470=CARTESIAN_POINT('',(0.0149515527426061,-0.026,0.075704759805851));
#9471=CARTESIAN_POINT('',(0.0143077264308827,-0.021,0.0755128416444103));
#9472=CARTESIAN_POINT('',(0.0143077264308827,-0.026,0.0755128416444103));
#9473=CARTESIAN_POINT('',(0.0135090355253752,-0.021,0.0751800997601952));
#9474=CARTESIAN_POINT('',(0.0135090355253752,-0.026,0.0751800997601952));
#9475=CARTESIAN_POINT('',(0.0124657379788328,-0.021,0.0747616054398447));
#9476=CARTESIAN_POINT('',(0.0124657379788328,-0.026,0.0747616054398447));
#9477=CARTESIAN_POINT('',(0.0113157700492122,-0.021,0.0743652804666391));
#9478=CARTESIAN_POINT('',(0.0113157700492122,-0.026,0.0743652804666391));
#9479=CARTESIAN_POINT('',(0.00996145134601098,-0.021,0.0737280225204247));
#9480=CARTESIAN_POINT('',(0.00996145134601098,-0.026,0.0737280225204247));
#9481=CARTESIAN_POINT('',(0.00855513667390226,-0.021,0.0727831188980359));
#9482=CARTESIAN_POINT('',(0.00855513667390226,-0.026,0.0727831188980359));
#9483=CARTESIAN_POINT('',(0.00675529145993253,-0.021,0.0713672699501446));
#9484=CARTESIAN_POINT('',(0.00675529145993253,-0.026,0.0713672699501446));
#9485=CARTESIAN_POINT('',(0.00515160348900065,-0.021,0.0699111950365874));
#9486=CARTESIAN_POINT('',(0.00515160348900065,-0.026,0.0699111950365874));
#9487=CARTESIAN_POINT('',(0.00349526452445214,-0.021,0.0682999522084362));
#9488=CARTESIAN_POINT('',(0.00349526452445214,-0.026,0.0682999522084362));
#9489=CARTESIAN_POINT('',(0.00241816786379339,-0.021,0.0669773708905015));
#9490=CARTESIAN_POINT('',(0.00241816786379339,-0.026,0.0669773708905015));
#9491=CARTESIAN_POINT('',(0.00170923042666187,-0.021,0.0655150614201033));
#9492=CARTESIAN_POINT('',(0.00170923042666187,-0.026,0.0655150614201033));
#9493=CARTESIAN_POINT('',(0.00125833036137666,-0.021,0.0640104471259004));
#9494=CARTESIAN_POINT('',(0.00125833036137666,-0.026,0.0640104471259004));
#9495=CARTESIAN_POINT('',(0.000861186152483671,-0.021,0.0625297414896703));
#9496=CARTESIAN_POINT('',(0.000861186152483671,-0.026,0.0625297414896703));
#9497=CARTESIAN_POINT('',(0.000393393118021128,-0.021,0.0608121915303813));
#9498=CARTESIAN_POINT('',(0.000393393118021128,-0.026,0.0608121915303813));
#9499=CARTESIAN_POINT('',(-0.00010032717085219,-0.021,0.0589652257542926));
#9500=CARTESIAN_POINT('',(-0.00010032717085219,-0.026,0.0589652257542926));
#9501=CARTESIAN_POINT('',(-0.000408954440165966,-0.021,0.0575440633909727));
#9502=CARTESIAN_POINT('',(-0.000408954440165966,-0.026,0.0575440633909727));
#9503=CARTESIAN_POINT('',(-0.000498987970803494,-0.021,0.0568184198319799));
#9504=CARTESIAN_POINT('',(-0.000498987970803494,-0.026,0.0568184198319799));
#9505=CARTESIAN_POINT('',(-0.000388825770979846,-0.021,0.0565972908054919));
#9506=CARTESIAN_POINT('',(-0.000388825770979846,-0.026,0.0565972908054919));
#9507=CARTESIAN_POINT('',(-5.95739940506797E-05,-0.021,0.056889063371241));
#9508=CARTESIAN_POINT('',(-5.95739940506797E-05,-0.026,0.056889063371241));
#9509=CARTESIAN_POINT('',(0.000446368578804275,-0.021,0.0574764720300841));
#9510=CARTESIAN_POINT('',(0.000446368578804275,-0.026,0.0574764720300841));
#9511=CARTESIAN_POINT('',(0.00132152067052953,-0.021,0.0583944831997212));
#9512=CARTESIAN_POINT('',(0.00132152067052953,-0.026,0.0583944831997212));
#9513=CARTESIAN_POINT('',(0.00266302014073453,-0.021,0.0595304334168687));
#9514=CARTESIAN_POINT('',(0.00266302014073453,-0.026,0.0595304334168687));
#9515=CARTESIAN_POINT('',(0.00390914688743357,-0.021,0.0604703857074505));
#9516=CARTESIAN_POINT('',(0.00390914688743357,-0.026,0.0604703857074505));
#9517=CARTESIAN_POINT('',(0.0045764142936962,-0.021,0.0609359082574274));
#9518=CARTESIAN_POINT('',(0.0045764142936962,-0.026,0.0609359082574274));
#9519=CARTESIAN_POINT('',(0.0049404961119403,-0.021,0.0612471277102954));
#9520=CARTESIAN_POINT('',(0.0049404961119403,-0.026,0.0612471277102954));
#9521=CARTESIAN_POINT('',(0.00523934577330071,-0.021,0.0616846635159258));
#9522=CARTESIAN_POINT('',(0.00523934577330071,-0.026,0.0616846635159258));
#9523=CARTESIAN_POINT('',(0.00563496017166818,-0.021,0.0626550588447208));
#9524=CARTESIAN_POINT('',(0.00563496017166818,-0.026,0.0626550588447208));
#9525=CARTESIAN_POINT('',(0.00604950984276632,-0.021,0.063974372352487));
#9526=CARTESIAN_POINT('',(0.00604950984276632,-0.026,0.063974372352487));
#9527=CARTESIAN_POINT('',(0.00651557781851113,-0.021,0.0651325213446249));
#9528=CARTESIAN_POINT('',(0.00651557781851113,-0.026,0.0651325213446249));
#9529=CARTESIAN_POINT('',(0.00702721620082596,-0.021,0.0659822817221035));
#9530=CARTESIAN_POINT('',(0.00702721620082596,-0.026,0.0659822817221035));
#9531=CARTESIAN_POINT('',(0.00762666330195046,-0.021,0.0663309817358409));
#9532=CARTESIAN_POINT('',(0.00762666330195046,-0.026,0.0663309817358409));
#9533=CARTESIAN_POINT('',(0.00837472908421995,-0.021,0.0668815615831932));
#9534=CARTESIAN_POINT('',(0.00837472908421995,-0.026,0.0668815615831932));
#9535=CARTESIAN_POINT('',(0.00901257071161735,-0.021,0.0675101884425146));
#9536=CARTESIAN_POINT('',(0.00901257071161735,-0.026,0.0675101884425146));
#9537=CARTESIAN_POINT('',(0.00962400310067863,-0.021,0.0681184486761708));
#9538=CARTESIAN_POINT('',(0.00962400310067863,-0.026,0.0681184486761708));
#9539=CARTESIAN_POINT('',(0.0101208638697229,-0.021,0.068520064729726));
#9540=CARTESIAN_POINT('',(0.0101208638697229,-0.026,0.068520064729726));
#9541=CARTESIAN_POINT('',(0.0103936690630924,-0.021,0.0684530657448526));
#9542=CARTESIAN_POINT('',(0.0103936690630924,-0.026,0.0684530657448526));
#9543=CARTESIAN_POINT('',(0.0104249437261355,-0.021,0.0679916451312545));
#9544=CARTESIAN_POINT('',(0.0104249437261355,-0.026,0.0679916451312545));
#9545=CARTESIAN_POINT('',(0.0102680137764057,-0.021,0.0675367433507942));
#9546=CARTESIAN_POINT('',(0.0102680137764057,-0.026,0.0675367433507942));
#9547=CARTESIAN_POINT('',(0.00992362044316966,-0.021,0.0669915111580411));
#9548=CARTESIAN_POINT('',(0.00992362044316966,-0.026,0.0669915111580411));
#9549=CARTESIAN_POINT('',(0.00960269374053586,-0.021,0.0664812264557214));
#9550=CARTESIAN_POINT('',(0.00960269374053586,-0.026,0.0664812264557214));
#9551=CARTESIAN_POINT('',(0.00952554234686695,-0.021,0.0657689351492397));
#9552=CARTESIAN_POINT('',(0.00952554234686695,-0.026,0.0657689351492397));
#9553=CARTESIAN_POINT('',(0.00932251948988457,-0.021,0.0649742363785234));
#9554=CARTESIAN_POINT('',(0.00932251948988457,-0.026,0.0649742363785234));
#9555=CARTESIAN_POINT('',(0.00886696252136998,-0.021,0.0640193884087667));
#9556=CARTESIAN_POINT('',(0.00886696252136998,-0.026,0.0640193884087667));
#9557=CARTESIAN_POINT('',(0.00824967240972261,-0.021,0.0630014415503272));
#9558=CARTESIAN_POINT('',(0.00824967240972261,-0.026,0.0630014415503272));
#9559=CARTESIAN_POINT('',(0.00844348684884345,-0.021,0.0625850983014091));
#9560=CARTESIAN_POINT('',(0.00844348684884345,-0.026,0.0625850983014091));
#9561=CARTESIAN_POINT('',(0.009342772451285,-0.021,0.0626758581914144));
#9562=CARTESIAN_POINT('',(0.009342772451285,-0.026,0.0626758581914144));
#9563=CARTESIAN_POINT('',(0.011317334774955,-0.021,0.0633543518707624));
#9564=CARTESIAN_POINT('',(0.011317334774955,-0.026,0.0633543518707624));
#9565=CARTESIAN_POINT('',(0.0138171105165371,-0.021,0.0640343209576333));
#9566=CARTESIAN_POINT('',(0.0138171105165371,-0.026,0.0640343209576333));
#9567=CARTESIAN_POINT('',(0.0150352332354103,-0.021,0.0636986500631539));
#9568=CARTESIAN_POINT('',(0.0150352332354103,-0.026,0.0636986500631539));
#9569=CARTESIAN_POINT('',(0.0158198616818776,-0.021,0.0634558136107298));
#9570=CARTESIAN_POINT('',(0.0158198616818776,-0.026,0.0634558136107298));
#9571=CARTESIAN_POINT('',(0.0165757427989123,-0.021,0.0634275035031817));
#9572=CARTESIAN_POINT('',(0.0165757427989123,-0.026,0.0634275035031817));
#9573=CARTESIAN_POINT('',(0.0173894994824321,-0.021,0.0637865724172301));
#9574=CARTESIAN_POINT('',(0.0173894994824321,-0.026,0.0637865724172301));
#9575=CARTESIAN_POINT('',(0.0183279174828743,-0.021,0.0641266442917411));
#9576=CARTESIAN_POINT('',(0.0183279174828743,-0.026,0.0641266442917411));
#9577=CARTESIAN_POINT('',(0.0193767694005227,-0.021,0.0643382795773394));
#9578=CARTESIAN_POINT('',(0.0193767694005227,-0.026,0.0643382795773394));
#9579=CARTESIAN_POINT('',(0.0204793786737261,-0.021,0.0643596898434975));
#9580=CARTESIAN_POINT('',(0.0204793786737261,-0.026,0.0643596898434975));
#9581=CARTESIAN_POINT('',(0.0214091357897198,-0.021,0.0642018055743191));
#9582=CARTESIAN_POINT('',(0.0214091357897198,-0.026,0.0642018055743191));
#9583=CARTESIAN_POINT('',(0.0221565974489654,-0.021,0.0639295416900076));
#9584=CARTESIAN_POINT('',(0.0221565974489654,-0.026,0.0639295416900076));
#9585=CARTESIAN_POINT('',(0.0229305255923607,-0.021,0.0634620150577644));
#9586=CARTESIAN_POINT('',(0.0229305255923607,-0.026,0.0634620150577644));
#9587=CARTESIAN_POINT('',(0.023912591708586,-0.021,0.0630320642114145));
#9588=CARTESIAN_POINT('',(0.023912591708586,-0.026,0.0630320642114145));
#9589=CARTESIAN_POINT('',(0.0247283504070777,-0.021,0.0626760957672926));
#9590=CARTESIAN_POINT('',(0.0247283504070777,-0.026,0.0626760957672926));
#9591=CARTESIAN_POINT('',(0.0251438535222201,-0.021,0.0624851202883338));
#9592=CARTESIAN_POINT('',(0.0251438535222201,-0.026,0.0624851202883338));
#9593=CARTESIAN_POINT('',(0.0253232119896708,-0.021,0.0623960468784979));
#9594=CARTESIAN_POINT('',(0.0253232119896708,-0.026,0.0623960468784979));
#9595=CARTESIAN_POINT('',(0.0251859383994021,-0.021,0.0620631763002398));
#9596=CARTESIAN_POINT('',(0.0251859383994021,-0.026,0.0620631763002398));
#9597=CARTESIAN_POINT('',(0.0249783529585952,-0.021,0.0620745846023642));
#9598=CARTESIAN_POINT('',(0.0249783529585952,-0.026,0.0620745846023642));
#9599=CARTESIAN_POINT('',(0.0244958062473268,-0.021,0.0620987243764591));
#9600=CARTESIAN_POINT('',(0.0244958062473268,-0.026,0.0620987243764591));
#9601=CARTESIAN_POINT('',(0.0235132313593368,-0.021,0.0620306687980048));
#9602=CARTESIAN_POINT('',(0.0235132313593368,-0.026,0.0620306687980048));
#9603=CARTESIAN_POINT('',(0.0225199594210521,-0.021,0.0618753013297913));
#9604=CARTESIAN_POINT('',(0.0225199594210521,-0.026,0.0618753013297913));
#9605=CARTESIAN_POINT('',(0.021549451858073,-0.021,0.0618061049267035));
#9606=CARTESIAN_POINT('',(0.021549451858073,-0.026,0.0618061049267035));
#9607=CARTESIAN_POINT('',(0.0208514780418072,-0.021,0.061831697910738));
#9608=CARTESIAN_POINT('',(0.0208514780418072,-0.026,0.061831697910738));
#9609=CARTESIAN_POINT('',(0.0203562235758256,-0.021,0.0618102272128314));
#9610=CARTESIAN_POINT('',(0.0203562235758256,-0.026,0.0618102272128314));
#9611=CARTESIAN_POINT('',(0.0202691267074089,-0.021,0.0616060104216452));
#9612=CARTESIAN_POINT('',(0.0202691267074089,-0.026,0.0616060104216452));
#9613=CARTESIAN_POINT('',(0.0206142089527359,-0.021,0.0611681937114881));
#9614=CARTESIAN_POINT('',(0.0206142089527359,-0.026,0.0611681937114881));
#9615=CARTESIAN_POINT('',(0.0211760344503398,-0.021,0.0605585014315918));
#9616=CARTESIAN_POINT('',(0.0211760344503398,-0.026,0.0605585014315918));
#9617=CARTESIAN_POINT('',(0.0217943011828343,-0.021,0.0598159440356997));
#9618=CARTESIAN_POINT('',(0.0217943011828343,-0.026,0.0598159440356997));
#9619=CARTESIAN_POINT('',(0.0224241530370592,-0.021,0.0587101699206663));
#9620=CARTESIAN_POINT('',(0.0224241530370592,-0.026,0.0587101699206663));
#9621=CARTESIAN_POINT('',(0.022728297765386,-0.021,0.0572083500892578));
#9622=CARTESIAN_POINT('',(0.022728297765386,-0.026,0.0572083500892578));
#9623=CARTESIAN_POINT('',(0.0226201111453858,-0.021,0.0560732826597121));
#9624=CARTESIAN_POINT('',(0.0226201111453858,-0.026,0.0560732826597121));
#9625=CARTESIAN_POINT('',(0.0225086803796649,-0.021,0.0555711706360936));
#9626=CARTESIAN_POINT('',(0.0225086803796649,-0.026,0.0555711706360936));
#9627=CARTESIAN_POINT('',(0.0220427139482849,-0.021,0.0544412620888132));
#9628=CARTESIAN_POINT('',(0.0220427139482849,-0.026,0.0544412620888132));
#9629=CARTESIAN_POINT('',(0.0219794477938412,-0.021,0.054475377776192));
#9630=CARTESIAN_POINT('',(0.0219794477938412,-0.026,0.054475377776192));
#9631=CARTESIAN_POINT('',(0.0220050198314047,-0.021,0.0551442273200196));
#9632=CARTESIAN_POINT('',(0.0220050198314047,-0.026,0.0551442273200196));
#9633=CARTESIAN_POINT('',(0.0220240367398679,-0.021,0.056852855786563));
#9634=CARTESIAN_POINT('',(0.0220240367398679,-0.026,0.056852855786563));
#9635=CARTESIAN_POINT('',(0.0216325663872113,-0.021,0.0583305327644223));
#9636=CARTESIAN_POINT('',(0.0216325663872113,-0.026,0.0583305327644223));
#9637=CARTESIAN_POINT('',(0.020931752926071,-0.021,0.0595785273512245));
#9638=CARTESIAN_POINT('',(0.020931752926071,-0.026,0.0595785273512245));
#9639=CARTESIAN_POINT('',(0.0199683899118896,-0.021,0.0604886695790806));
#9640=CARTESIAN_POINT('',(0.0199683899118896,-0.026,0.0604886695790806));
#9641=CARTESIAN_POINT('',(0.0188828543450978,-0.021,0.0611655188559816));
#9642=CARTESIAN_POINT('',(0.0188828543450978,-0.026,0.0611655188559816));
#9643=CARTESIAN_POINT('',(0.0178687652024006,-0.021,0.0617610113547735));
#9644=CARTESIAN_POINT('',(0.0178687652024006,-0.026,0.0617610113547735));
#9645=CARTESIAN_POINT('',(0.0167682988898518,-0.021,0.0622529215560628));
#9646=CARTESIAN_POINT('',(0.0167682988898518,-0.026,0.0622529215560628));
#9647=CARTESIAN_POINT('',(0.0152940155563737,-0.021,0.0625774777924755));
#9648=CARTESIAN_POINT('',(0.0152940155563737,-0.026,0.0625774777924755));
#9649=CARTESIAN_POINT('',(0.0136163296745815,-0.021,0.0627134784872724));
#9650=CARTESIAN_POINT('',(0.0136163296745815,-0.026,0.0627134784872724));
#9651=CARTESIAN_POINT('',(0.0120245433940551,-0.021,0.0626360830601897));
#9652=CARTESIAN_POINT('',(0.0120245433940551,-0.026,0.0626360830601897));
#9653=CARTESIAN_POINT('',(0.0106281853585793,-0.021,0.0623479183906524));
#9654=CARTESIAN_POINT('',(0.0106281853585793,-0.026,0.0623479183906524));
#9655=CARTESIAN_POINT('',(0.00918530455010254,-0.021,0.0619218333721809));
#9656=CARTESIAN_POINT('',(0.00918530455010254,-0.026,0.0619218333721809));
#9657=CARTESIAN_POINT('',(0.00742063835342947,-0.021,0.0614213631043126));
#9658=CARTESIAN_POINT('',(0.00742063835342947,-0.026,0.0614213631043126));
#9659=CARTESIAN_POINT('',(0.00632014528669731,-0.021,0.0608963621161709));
#9660=CARTESIAN_POINT('',(0.00632014528669731,-0.026,0.0608963621161709));
#9661=CARTESIAN_POINT('',(0.00720308661368684,-0.021,0.0604051121913726));
#9662=CARTESIAN_POINT('',(0.00720308661368684,-0.026,0.0604051121913726));
#9663=CARTESIAN_POINT('',(0.00885115191030556,-0.021,0.0599620575327308));
#9664=CARTESIAN_POINT('',(0.00885115191030556,-0.026,0.0599620575327308));
#9665=CARTESIAN_POINT('',(0.0101525605532905,-0.021,0.0595432453795889));
#9666=CARTESIAN_POINT('',(0.0101525605532905,-0.026,0.0595432453795889));
#9667=CARTESIAN_POINT('',(0.0112496115953735,-0.021,0.0590644478202634));
#9668=CARTESIAN_POINT('',(0.0112496115953735,-0.026,0.0590644478202634));
#9669=CARTESIAN_POINT('',(0.0119731190999167,-0.021,0.058510141639445));
#9670=CARTESIAN_POINT('',(0.0119731190999167,-0.026,0.058510141639445));
#9671=CARTESIAN_POINT('',(0.0123488392364908,-0.021,0.0579524571557416));
#9672=CARTESIAN_POINT('',(0.0123488392364908,-0.026,0.0579524571557416));
#9673=CARTESIAN_POINT('',(0.0124586214064659,-0.021,0.0575283454365094));
#9674=CARTESIAN_POINT('',(0.0124586214064659,-0.026,0.0575283454365094));
#9675=CARTESIAN_POINT('',(0.0123914745718721,-0.021,0.0572478840147185));
#9676=CARTESIAN_POINT('',(0.0123914745718721,-0.026,0.0572478840147185));
#9677=CARTESIAN_POINT('',(0.0121281434998462,-0.021,0.0573878196794895));
#9678=CARTESIAN_POINT('',(0.0121281434998462,-0.0259999999999999,0.0573878196794895));
#9679=CARTESIAN_POINT('',(0.0117310300052534,-0.021,0.0577713974001352));
#9680=CARTESIAN_POINT('',(0.0117310300052534,-0.026,0.0577713974001352));
#9681=CARTESIAN_POINT('',(0.0111143744314578,-0.021,0.0583211907796661));
#9682=CARTESIAN_POINT('',(0.0111143744314578,-0.026,0.0583211907796661));
#9683=CARTESIAN_POINT('',(0.0103846775140246,-0.021,0.0584391101637351));
#9684=CARTESIAN_POINT('',(0.0103846775140246,-0.026,0.0584391101637351));
#9685=CARTESIAN_POINT('',(0.00944630214381006,-0.021,0.0582575777465823));
#9686=CARTESIAN_POINT('',(0.00944630214381006,-0.026,0.0582575777465823));
#9687=CARTESIAN_POINT('',(0.00834446909942164,-0.021,0.0581683391655619));
#9688=CARTESIAN_POINT('',(0.00834446909942164,-0.026,0.0581683391655619));
#9689=CARTESIAN_POINT('',(0.00721271642976736,-0.021,0.0581179500115054));
#9690=CARTESIAN_POINT('',(0.00721271642976736,-0.026,0.0581179500115054));
#9691=CARTESIAN_POINT('',(0.00633246032701804,-0.021,0.0582119049125775));
#9692=CARTESIAN_POINT('',(0.00633246032701804,-0.026,0.0582119049125775));
#9693=CARTESIAN_POINT('',(0.00575441782783882,-0.021,0.0583870469763292));
#9694=CARTESIAN_POINT('',(0.00575441782783882,-0.026,0.0583870469763292));
#9695=CARTESIAN_POINT('',(0.0053319723898139,-0.021,0.0587234452716439));
#9696=CARTESIAN_POINT('',(0.0053319723898139,-0.026,0.0587234452716439));
#9697=CARTESIAN_POINT('',(0.0050524283120208,-0.021,0.0591694616177571));
#9698=CARTESIAN_POINT('',(0.0050524283120208,-0.026,0.0591694616177571));
#9699=CARTESIAN_POINT('',(0.00476950578537564,-0.021,0.0595155432147611));
#9700=CARTESIAN_POINT('',(0.00476950578537564,-0.0259999999999999,0.0595155432147611));
#9701=CARTESIAN_POINT('',(0.00433965173847598,-0.021,0.0595473138600431));
#9702=CARTESIAN_POINT('',(0.00433965173847598,-0.026,0.0595473138600431));
#9703=CARTESIAN_POINT('',(0.00372034609749381,-0.021,0.0592080575870439));
#9704=CARTESIAN_POINT('',(0.00372034609749381,-0.026,0.0592080575870439));
#9705=CARTESIAN_POINT('',(0.00275357499975869,-0.021,0.0584425964853437));
#9706=CARTESIAN_POINT('',(0.00275357499975869,-0.026,0.0584425964853437));
#9707=CARTESIAN_POINT('',(0.00169104240973362,-0.021,0.0574030514148903));
#9708=CARTESIAN_POINT('',(0.00169104240973362,-0.026,0.0574030514148903));
#9709=CARTESIAN_POINT('',(0.000789556253138967,-0.021,0.0565108905879168));
#9710=CARTESIAN_POINT('',(0.000789556253138967,-0.026,0.0565108905879168));
#9711=CARTESIAN_POINT('',(7.37172228602417E-05,-0.021,0.0558636064007358));
#9712=CARTESIAN_POINT('',(7.37172228602417E-05,-0.026,0.0558636064007358));
#9713=CARTESIAN_POINT('',(-0.00022202042838248,-0.021,0.0555208262129553));
#9714=CARTESIAN_POINT('',(-0.00022202042838248,-0.026,0.0555208262129553));
#9715=CARTESIAN_POINT('',(0.000983995295252413,-0.021,0.0557506016808892));
#9716=CARTESIAN_POINT('',(0.000983995295252413,-0.026,0.0557506016808892));
#9717=CARTESIAN_POINT('',(0.00262651236214084,-0.021,0.0560375567879079));
#9718=CARTESIAN_POINT('',(0.00262651236214084,-0.026,0.0560375567879079));
#9719=CARTESIAN_POINT('',(0.00390163883000103,-0.021,0.05594784167515));
#9720=CARTESIAN_POINT('',(0.00390163883000103,-0.026,0.05594784167515));
#9721=CARTESIAN_POINT('',(0.00510511509912873,-0.021,0.0557137286817482));
#9722=CARTESIAN_POINT('',(0.00510511509912873,-0.026,0.0557137286817482));
#9723=CARTESIAN_POINT('',(0.00638840724057107,-0.021,0.0554711938558663));
#9724=CARTESIAN_POINT('',(0.00638840724057107,-0.026,0.0554711938558663));
#9725=CARTESIAN_POINT('',(0.0075074308522355,-0.021,0.0550152961079767));
#9726=CARTESIAN_POINT('',(0.0075074308522355,-0.026,0.0550152961079767));
#9727=CARTESIAN_POINT('',(0.00828457204680698,-0.021,0.0542065610835831));
#9728=CARTESIAN_POINT('',(0.00828457204680698,-0.026,0.0542065610835831));
#9729=CARTESIAN_POINT('',(0.00904978001584382,-0.021,0.0535839392021358));
#9730=CARTESIAN_POINT('',(0.00904978001584382,-0.026,0.0535839392021358));
#9731=CARTESIAN_POINT('',(0.00980490380726756,-0.021,0.0533266065623609));
#9732=CARTESIAN_POINT('',(0.00980490380726756,-0.026,0.0533266065623609));
#9733=CARTESIAN_POINT('',(0.0104838554806001,-0.021,0.0530445844312769));
#9734=CARTESIAN_POINT('',(0.0104838554806001,-0.026,0.0530445844312769));
#9735=CARTESIAN_POINT('',(0.0109516949965992,-0.021,0.0527960992763936));
#9736=CARTESIAN_POINT('',(0.0109516949965992,-0.0259999999999999,0.0527960992763936));
#9737=CARTESIAN_POINT('',(0.0112461868880555,-0.021,0.0525326538475453));
#9738=CARTESIAN_POINT('',(0.0112461868880555,-0.026,0.0525326538475453));
#9739=CARTESIAN_POINT('',(0.0112239455876727,-0.021,0.0522623346779549));
#9740=CARTESIAN_POINT('',(0.0112239455876727,-0.026,0.0522623346779549));
#9741=CARTESIAN_POINT('',(0.0109485013799645,-0.021,0.0520690135318087));
#9742=CARTESIAN_POINT('',(0.0109485013799645,-0.026,0.0520690135318087));
#9743=CARTESIAN_POINT('',(0.0103906249194149,-0.021,0.0520273612431931));
#9744=CARTESIAN_POINT('',(0.0103906249194149,-0.026,0.0520273612431931));
#9745=CARTESIAN_POINT('',(0.00947745341731057,-0.021,0.052113820134091));
#9746=CARTESIAN_POINT('',(0.00947745341731057,-0.026,0.052113820134091));
#9747=CARTESIAN_POINT('',(0.00850686387806499,-0.021,0.0517090187715744));
#9748=CARTESIAN_POINT('',(0.00850686387806499,-0.0259999999999999,0.0517090187715744));
#9749=CARTESIAN_POINT('',(0.00751145232795801,-0.021,0.0509997505618759));
#9750=CARTESIAN_POINT('',(0.00751145232795801,-0.026,0.0509997505618759));
#9751=CARTESIAN_POINT('',(0.00642687872541361,-0.021,0.0501561303670568));
#9752=CARTESIAN_POINT('',(0.00642687872541361,-0.026,0.0501561303670568));
#9753=CARTESIAN_POINT('',(0.00539704998119195,-0.021,0.0493339389287975));
#9754=CARTESIAN_POINT('',(0.00539704998119195,-0.026,0.0493339389287975));
#9755=CARTESIAN_POINT('',(0.00451445052713299,-0.021,0.048671111890029));
#9756=CARTESIAN_POINT('',(0.00451445052713299,-0.026,0.048671111890029));
#9757=CARTESIAN_POINT('',(0.00368211597195406,-0.021,0.0483552564081024));
#9758=CARTESIAN_POINT('',(0.00368211597195406,-0.026,0.0483552564081024));
#9759=CARTESIAN_POINT('',(0.00291884823190973,-0.021,0.0482823618476172));
#9760=CARTESIAN_POINT('',(0.00291884823190973,-0.026,0.0482823618476172));
#9761=CARTESIAN_POINT('',(0.00224356360897187,-0.021,0.0481165443235624));
#9762=CARTESIAN_POINT('',(0.00224356360897187,-0.026,0.0481165443235624));
#9763=CARTESIAN_POINT('',(0.00100168268550631,-0.021,0.0480103504504346));
#9764=CARTESIAN_POINT('',(0.00100168268550631,-0.026,0.0480103504504346));
#9765=CARTESIAN_POINT('',(-0.000185270602880973,-0.021,0.0480072653609464));
#9766=CARTESIAN_POINT('',(-0.000185270602880973,-0.026,0.0480072653609464));
#9767=CARTESIAN_POINT('',(-0.000616711027637869,-0.021,0.0481429483793138));
#9768=CARTESIAN_POINT('',(-0.000616711027637869,-0.026,0.0481429483793138));
#9769=CARTESIAN_POINT('',(-0.00115446925711695,-0.021,0.048522614260296));
#9770=CARTESIAN_POINT('',(-0.00115446925711695,-0.026,0.048522614260296));
#9771=CARTESIAN_POINT('',(-0.0016106497370295,-0.021,0.0488507233930409));
#9772=CARTESIAN_POINT('',(-0.0016106497370295,-0.026,0.0488507233930409));
#9773=CARTESIAN_POINT('',(-0.00204048180311353,-0.021,0.0490918952608785));
#9774=CARTESIAN_POINT('',(-0.00204048180311353,-0.026,0.0490918952608785));
#9775=CARTESIAN_POINT('',(-0.00235204473097314,-0.021,0.0491083998784733));
#9776=CARTESIAN_POINT('',(-0.00235204473097314,-0.026,0.0491083998784733));
#9777=CARTESIAN_POINT('',(-0.00259501745425532,-0.021,0.0488715878502257));
#9778=CARTESIAN_POINT('',(-0.00259501745425532,-0.026,0.0488715878502257));
#9779=CARTESIAN_POINT('',(-0.00299961259856037,-0.021,0.048244730775852));
#9780=CARTESIAN_POINT('',(-0.00299961259856037,-0.026,0.048244730775852));
#9781=CARTESIAN_POINT('',(-0.00380644537102827,-0.021,0.0469153708280529));
#9782=CARTESIAN_POINT('',(-0.00380644537102827,-0.026,0.0469153708280529));
#9783=CARTESIAN_POINT('',(-0.00510730741944038,-0.021,0.0446744062440532));
#9784=CARTESIAN_POINT('',(-0.00510730741944038,-0.026,0.0446744062440532));
#9785=CARTESIAN_POINT('',(-0.0066324144223869,-0.021,0.042007105589908));
#9786=CARTESIAN_POINT('',(-0.0066324144223869,-0.0259999999999999,0.042007105589908));
#9787=CARTESIAN_POINT('',(-0.00771907230294848,-0.021,0.0400924051788685));
#9788=CARTESIAN_POINT('',(-0.00771907230294848,-0.026,0.0400924051788685));
#9789=CARTESIAN_POINT('',(-0.00826050832675885,-0.021,0.0391377567341761));
#9790=CARTESIAN_POINT('',(-0.00826050832675885,-0.026,0.0391377567341761));
#9791=CARTESIAN_POINT('',(-0.0102174578030755,-0.021,0.0386730339647974));
#9792=CARTESIAN_POINT('',(-0.0102174578030755,-0.026,0.0386730339647974));
#9793=CARTESIAN_POINT('',(-0.00888925609783534,-0.021,0.0404954297930311));
#9794=CARTESIAN_POINT('',(-0.00888925609783534,-0.026,0.0404954297930311));
#9795=CARTESIAN_POINT('',(-0.006225756300607,-0.021,0.0441236139848299));
#9796=CARTESIAN_POINT('',(-0.006225756300607,-0.026,0.0441236139848299));
#9797=CARTESIAN_POINT('',(-0.00405855433373707,-0.021,0.0480062538711749));
#9798=CARTESIAN_POINT('',(-0.00405855433373707,-0.026,0.0480062538711749));
#9799=CARTESIAN_POINT('',(-0.00321289728026967,-0.021,0.0500291790748785));
#9800=CARTESIAN_POINT('',(-0.00321289728026967,-0.026,0.0500291790748785));
#9801=CARTESIAN_POINT('',(-0.00321289728026967,-0.020998,0.0500291790748785));
#9802=CARTESIAN_POINT('',(-0.00321289728026967,-0.021,0.0500291790748785));
#9803=CARTESIAN_POINT('',(-0.00321289728026967,-0.026,0.0500291790748785));
#9804=CARTESIAN_POINT('',(-0.00229589173452026,-0.021,0.0522227794508542));
#9805=CARTESIAN_POINT('',(-0.00229589173452026,-0.026,0.0522227794508542));
#9806=CARTESIAN_POINT('',(-0.0016463607870943,-0.021,0.0544640528690085));
#9807=CARTESIAN_POINT('',(-0.0016463607870943,-0.026,0.0544640528690085));
#9808=CARTESIAN_POINT('',(-0.00134097742288905,-0.021,0.0565072789473205));
#9809=CARTESIAN_POINT('',(-0.00134097742288905,-0.026,0.0565072789473205));
#9810=CARTESIAN_POINT('',(-0.00134097742288952,-0.020998,0.0565072789473173));
#9811=CARTESIAN_POINT('',(-0.00134097742288952,-0.021,0.0565072789473173));
#9812=CARTESIAN_POINT('',(-0.00134097742288952,-0.026,0.0565072789473173));
#9813=CARTESIAN_POINT('',(-0.00149868818566356,-0.021,0.0572942843137299));
#9814=CARTESIAN_POINT('',(-0.00149868818566356,-0.026,0.0572942843137299));
#9815=CARTESIAN_POINT('',(-0.00181657249148778,-0.021,0.0588693490201932));
#9816=CARTESIAN_POINT('',(-0.00181657249148778,-0.026,0.0588693490201932));
#9817=CARTESIAN_POINT('',(-0.00245486851651235,-0.021,0.0611232642606585));
#9818=CARTESIAN_POINT('',(-0.00245486851651235,-0.026,0.0611232642606585));
#9819=CARTESIAN_POINT('',(-0.00345300854501789,-0.021,0.0631276043835399));
#9820=CARTESIAN_POINT('',(-0.00345300854501789,-0.026,0.0631276043835399));
#9821=CARTESIAN_POINT('',(-0.00480178296830852,-0.021,0.0648777484250439));
#9822=CARTESIAN_POINT('',(-0.00480178296830852,-0.026,0.0648777484250439));
#9823=CARTESIAN_POINT('',(-0.00630120171249968,-0.021,0.0664960799579132));
#9824=CARTESIAN_POINT('',(-0.00630120171249968,-0.026,0.0664960799579132));
#9825=CARTESIAN_POINT('',(-0.00786279856550368,-0.021,0.0680259928675232));
#9826=CARTESIAN_POINT('',(-0.00786279856550368,-0.026,0.0680259928675232));
#9827=CARTESIAN_POINT('',(-0.00963834284168256,-0.021,0.069332864556477));
#9828=CARTESIAN_POINT('',(-0.00963834284168256,-0.026,0.069332864556477));
#9829=CARTESIAN_POINT('',(-0.011759619744222,-0.021,0.0702986248754096));
#9830=CARTESIAN_POINT('',(-0.011759619744222,-0.026,0.0702986248754096));
#9831=CARTESIAN_POINT('',(-0.0140812747233186,-0.021,0.0709511481320931));
#9832=CARTESIAN_POINT('',(-0.0140812747233186,-0.026,0.0709511481320931));
#9833=CARTESIAN_POINT('',(-0.0171955983061663,-0.021,0.0714542372638004));
#9834=CARTESIAN_POINT('',(-0.0171955983061663,-0.026,0.0714542372638004));
#9835=CARTESIAN_POINT('',(-0.0209213358969423,-0.021,0.0714788784648715));
#9836=CARTESIAN_POINT('',(-0.0209213358969423,-0.026,0.0714788784648715));
#9837=CARTESIAN_POINT('',(-0.025002552883163,-0.021,0.0706125107485527));
#9838=CARTESIAN_POINT('',(-0.025002552883163,-0.026,0.0706125107485527));
#9839=CARTESIAN_POINT('',(-0.0265019280972038,-0.021,0.0684347184888484));
#9840=CARTESIAN_POINT('',(-0.0265019280972038,-0.026,0.0684347184888484));
#9841=CARTESIAN_POINT('',(-0.0274344470321842,-0.021,0.0675155199878421));
#9842=CARTESIAN_POINT('',(-0.0274344470321842,-0.026,0.0675155199878421));
#9843=CARTESIAN_POINT('',(0.,-0.016,0.035));
#9844=CARTESIAN_POINT('',(0.0011180339887499,-0.015,0.0323088891324554));
#9845=CARTESIAN_POINT('',(-0.0011180339887499,-0.015,0.0323088891324554));
#9846=CARTESIAN_POINT('',(0.00104711665405399,-0.0126323529411765,0.033498));
#9847=CARTESIAN_POINT('',(-5.42101086242752E-19,-0.01175,0.033498));
#9848=CARTESIAN_POINT('',(-0.00104711665405399,-0.0126323529411765,0.033498));
#9849=CARTESIAN_POINT('',(0.000559016994374948,-0.014375,0.0323088891324554));
#9850=CARTESIAN_POINT('',(-2.16840434497101E-19,-0.01375,0.0323088891324554));
#9851=CARTESIAN_POINT('',(-0.000559016994374948,-0.014375,0.0323088891324554));
#9852=CARTESIAN_POINT('',(3.83441443393418E-05,0.0259616558556607,-1.29271542029935E-08));
#9853=CARTESIAN_POINT('',(-0.00234455543377231,-0.026,1.4356261536964E-19));
#9854=CARTESIAN_POINT('',(-0.0303108891324553,-0.026,-0.01225));
#9855=CARTESIAN_POINT('',(-0.0303108891324553,-0.026,0.0175));
#9856=CARTESIAN_POINT('',(-0.0303108891324553,-0.026,-0.0175));
#9857=CARTESIAN_POINT('',(-0.0569332481564036,-0.026,0.037));
#9858=CARTESIAN_POINT('',(-0.0569332481564037,-0.026,0.004));
#9859=CARTESIAN_POINT('',(-0.0987230891588631,-0.026,0.004));
#9860=CARTESIAN_POINT('',(-0.140512930161323,-0.026,0.004));
#9861=CARTESIAN_POINT('',(-0.140512930161323,-0.026,-0.01));
#9862=CARTESIAN_POINT('',(-0.150310889132456,-0.026,1.7347234759768E-18));
#9863=CARTESIAN_POINT('',(-0.140512930161323,-0.026,0.01));
#9864=CARTESIAN_POINT('',(-0.140512930161323,-0.026,-0.004));
#9865=CARTESIAN_POINT('',(-0.0987230891588631,-0.026,-0.004));
#9866=CARTESIAN_POINT('',(-0.0569332481564037,-0.026,-0.004));
#9867=CARTESIAN_POINT('',(-0.0569332481564036,-0.026,-0.037));
#9868=CARTESIAN_POINT('',(-0.0335,-0.016,0.00325));
#9869=CARTESIAN_POINT('',(-0.0335,-0.016,2.05128338857182E-18));
#9870=CARTESIAN_POINT('',(-0.0335,-0.0135147058823529,0.00209423330810799));
#9871=CARTESIAN_POINT('',(-0.0335,-0.0135147058823529,-0.00209423330810798));
#9872=CARTESIAN_POINT('',(-0.0335,-0.0126323529411765,0.001047116654054));
#9873=CARTESIAN_POINT('',(-0.0335,-0.01175,1.50918230232906E-18));
#9874=CARTESIAN_POINT('',(-0.0335,-0.0126323529411765,-0.00104711665405399));
#9875=CARTESIAN_POINT('',(-0.0335,-0.014375,-0.000559016994374946));
#9876=CARTESIAN_POINT('',(-0.0335,-0.015,-0.00111803398874989));
#9877=CARTESIAN_POINT('',(-0.0335,-0.01375,1.83444295407472E-18));
#9878=CARTESIAN_POINT('',(-0.0335,-0.014375,0.00055901699437495));
#9879=CARTESIAN_POINT('',(-0.0335,-0.015,0.0011180339887499));
#9880=CARTESIAN_POINT('',(-0.0335,-0.016,2.05128338857182E-18));
#9881=CARTESIAN_POINT('',(-1.73472347597681E-18,-0.005998,-5.20417042793042E-18));
#9882=CARTESIAN_POINT('',(-1.73472347597681E-18,-0.021,-5.20417042793042E-18));
#9883=CARTESIAN_POINT('',(-0.0303108891324553,-0.021,0.0175));
#9884=CARTESIAN_POINT('',(-0.0303108891324553,-0.021,-0.0175));
#9885=CARTESIAN_POINT('',(-0.0303108891324553,-0.005998,0.0175));
#9886=CARTESIAN_POINT('',(-0.0303108891324553,-0.0106891108675446,0.0175));
#9887=CARTESIAN_POINT('',(-1.73472347597681E-18,-0.041,-5.20417042793042E-18));
#9888=CARTESIAN_POINT('',(-0.0303108891324553,-0.0106891108675446,-0.0175));
#9889=CARTESIAN_POINT('',(-0.0303108891324553,-0.005998,-0.0175));
#9890=CARTESIAN_POINT('',(-0.0349372893460728,-0.0135147058823529,0.00209423330810799));
#9891=CARTESIAN_POINT('',(-0.0349071309349861,-0.0139386609896666,0.00259735448867263));
#9892=CARTESIAN_POINT('',(-0.034840542669333,-0.0151102519350753,0.00334264007901329));
#9893=CARTESIAN_POINT('',(-0.0348503561774472,-0.0171854397445216,0.00324730483295617));
#9894=CARTESIAN_POINT('',(-0.0349574827444348,-0.018830797777679,0.0019872581443726));
#9895=CARTESIAN_POINT('',(-0.0350212050633286,-0.019459018898931,-3.29665611180336E-06));
#9896=CARTESIAN_POINT('',(-0.0349576968778899,-0.0188331252873256,-0.00198129866198979));
#9897=CARTESIAN_POINT('',(-0.0348503812938319,-0.0171877041562271,-0.00324801950313446));
#9898=CARTESIAN_POINT('',(-0.0348405654999223,-0.0151094213887395,-0.00334188711612466));
#9899=CARTESIAN_POINT('',(-0.0349070407816401,-0.0139399283300241,-0.00259885848229329));
#9900=CARTESIAN_POINT('',(-0.0349372893460728,-0.0135147058823529,-0.00209423330810799));
#9901=CARTESIAN_POINT('',(-0.0349372893460728,-0.0135147058823529,0.00209423330810799));
#9902=CARTESIAN_POINT('',(-0.0349372893460728,-0.0135147058823529,-0.00209423330810798));
#9903=CARTESIAN_POINT('',(-1.73472347597681E-18,-0.01175,-5.20417042793042E-18));
#9904=CARTESIAN_POINT('',(-0.035,-0.01175,1.60103081226512E-18));
#9905=CARTESIAN_POINT('',(-1.73472347597681E-18,-0.01175,-5.20417042793042E-18));
#9906=CARTESIAN_POINT('',(-0.035,-0.016,2.14313189850787E-18));
#9907=CARTESIAN_POINT('',(-0.033498,-0.0135147058823529,-0.00209423330810798));
#9908=CARTESIAN_POINT('',(-0.033498,-0.0135147058823529,0.00209423330810799));
#9909=CARTESIAN_POINT('',(-0.0313108891324554,-0.005998,-0.008));
#9910=CARTESIAN_POINT('',(-0.0323108891324553,-0.005998,-0.009));
#9911=CARTESIAN_POINT('',(-0.0323108891324553,-0.00868911086754465,-0.009));
#9912=CARTESIAN_POINT('',(-0.0323108891324553,-0.0165,-0.009));
#9913=CARTESIAN_POINT('',(-0.0319115819527784,-0.0171916203230276,-0.00860069282032303));
#9914=CARTESIAN_POINT('',(-0.0303108891324553,-0.0199641016151378,-0.007));
#9915=CARTESIAN_POINT('',(-0.0303108891324553,-0.005998,-0.007));
#9916=CARTESIAN_POINT('',(-0.0303108891324553,-0.0106891108675446,-0.007));
#9917=CARTESIAN_POINT('',(-0.0325412594216369,-0.0084587405783631,-0.00923037028918154));
#9918=CARTESIAN_POINT('',(-0.0323108891324553,-0.005998,5.44791829963694E-18));
#9919=CARTESIAN_POINT('',(-0.0323108891324553,-0.014375,0.00055901699437495));
#9920=CARTESIAN_POINT('',(-0.0323108891324553,-0.01375,1.76163091318622E-18));
#9921=CARTESIAN_POINT('',(-0.0323108891324553,-0.015,0.0011180339887499));
#9922=CARTESIAN_POINT('',(-0.0323108891324553,-0.014375,-0.000559016994374946));
#9923=CARTESIAN_POINT('',(-0.0323108891324553,-0.015,-0.00111803398874989));
#9924=CARTESIAN_POINT('',(-0.0323108891324553,-0.016,1.97847134768332E-18));
#9925=CARTESIAN_POINT('',(-0.0323108891324553,-0.0165,-0.00141421356237309));
#9926=CARTESIAN_POINT('',(-0.0323108891324553,-0.0165,5.44791829963694E-18));
#9927=CARTESIAN_POINT('',(-0.0323108891324553,-0.00868911086754465,5.44791829963694E-18));
#9928=CARTESIAN_POINT('',(-0.0323108891324553,-0.00868911086754464,0.009));
#9929=CARTESIAN_POINT('',(-0.0323108891324553,-0.005998,0.009));
#9930=CARTESIAN_POINT('',(-0.0323108891324553,-0.0165,0.009));
#9931=CARTESIAN_POINT('',(-0.0323108891324553,-0.0165,5.44791829963694E-18));
#9932=CARTESIAN_POINT('',(-0.0323108891324553,-0.0165,0.0014142135623731));
#9933=CARTESIAN_POINT('',(-0.0323108891324553,-0.016,1.97847134768332E-18));
#9934=CARTESIAN_POINT('',(-0.0313108891324554,-0.005998,0.008));
#9935=CARTESIAN_POINT('',(-0.0303108891324553,-0.005998,0.007));
#9936=CARTESIAN_POINT('',(-0.0303108891324553,-0.0106891108675446,0.007));
#9937=CARTESIAN_POINT('',(-0.0303108891324553,-0.0199641016151378,0.007));
#9938=CARTESIAN_POINT('',(-0.0319115819527784,-0.0171916203230276,0.00860069282032303));
#9939=CARTESIAN_POINT('',(-0.0325412594216369,-0.0084587405783631,0.00923037028918154));
#9940=CARTESIAN_POINT('',(-0.0326554445662277,-0.00834455543377233,0.0175));
#9941=CARTESIAN_POINT('',(-0.0303108891324553,-0.0106891108675446,-0.01225));
#9942=CARTESIAN_POINT('',(-0.0303108891324553,-0.0106891108675446,-0.01225));
#9943=CARTESIAN_POINT('',(-0.0303108891324553,-0.005998,-0.01225));
#9944=CARTESIAN_POINT('',(-0.0303108891324553,-0.021,0.0175));
#9945=CARTESIAN_POINT('',(-0.0303108891324553,-0.021,-0.0175));
#9946=CARTESIAN_POINT('',(-0.0303108891324553,-0.0199641016151378,-0.01225));
#9947=CARTESIAN_POINT('',(-0.0323108891324553,-0.0165,-0.0045));
#9948=CARTESIAN_POINT('',(-0.0325995642670502,-0.016,1.99614760166207E-18));
#9949=CARTESIAN_POINT('',(-0.035,-0.016,2.14313189850787E-18));
#9950=CARTESIAN_POINT('',(-0.0323088891324554,-0.015,0.0011180339887499));
#9951=CARTESIAN_POINT('',(-0.0323088891324554,-0.015,-0.00111803398874989));
#9952=CARTESIAN_POINT('',(-0.033498,-0.0126323529411765,0.001047116654054));
#9953=CARTESIAN_POINT('',(-0.033498,-0.01175,1.50905983764915E-18));
#9954=CARTESIAN_POINT('',(-0.033498,-0.0126323529411765,-0.00104711665405399));
#9955=CARTESIAN_POINT('',(-0.0323088891324554,-0.014375,0.00055901699437495));
#9956=CARTESIAN_POINT('',(-0.0323088891324554,-0.01375,1.76150844850631E-18));
#9957=CARTESIAN_POINT('',(-0.0323088891324554,-0.014375,-0.000559016994374946));
#9958=CARTESIAN_POINT('',(-0.0569332481564036,-0.021,0.037));
#9959=CARTESIAN_POINT('',(-0.0569332481564036,-0.021,0.037));
#9960=CARTESIAN_POINT('',(-0.0569332481564037,-0.021,0.004));
#9961=CARTESIAN_POINT('',(-0.0569332481564037,-0.021,0.004));
#9962=CARTESIAN_POINT('',(-0.0987230891588631,-0.021,0.004));
#9963=CARTESIAN_POINT('',(-0.0987230891588631,-0.021,0.004));
#9964=CARTESIAN_POINT('',(-0.140512930161323,-0.021,0.004));
#9965=CARTESIAN_POINT('',(-0.140512930161323,-0.021,0.004));
#9966=CARTESIAN_POINT('',(-0.140512930161323,-0.021,-0.01));
#9967=CARTESIAN_POINT('',(-0.140512930161323,-0.021,-0.01));
#9968=CARTESIAN_POINT('',(-0.150310889132456,-0.021,1.7347234759768E-18));
#9969=CARTESIAN_POINT('',(-0.150310889132456,-0.021,1.7347234759768E-18));
#9970=CARTESIAN_POINT('',(-0.140512930161323,-0.021,0.01));
#9971=CARTESIAN_POINT('',(-0.140512930161323,-0.021,0.01));
#9972=CARTESIAN_POINT('',(-0.140512930161323,-0.021,-0.004));
#9973=CARTESIAN_POINT('',(-0.140512930161323,-0.021,-0.004));
#9974=CARTESIAN_POINT('',(-0.0987230891588631,-0.021,-0.004));
#9975=CARTESIAN_POINT('',(-0.0987230891588631,-0.021,-0.004));
#9976=CARTESIAN_POINT('',(-0.0569332481564037,-0.021,-0.004));
#9977=CARTESIAN_POINT('',(-0.0569332481564037,-0.021,-0.004));
#9978=CARTESIAN_POINT('',(-0.0569332481564036,-0.021,-0.037));
#9979=CARTESIAN_POINT('',(-0.0569332481564036,-0.021,-0.037));
#9980=CARTESIAN_POINT('',(-0.0903108891324554,-0.021,3.46944695195361E-18));
#9981=CARTESIAN_POINT('',(-1.29271541804421E-08,0.0259616558556607,-3.83441443393487E-05));
#9982=CARTESIAN_POINT('',(-0.035,-0.016,4.28626379701574E-18));
#9983=CARTESIAN_POINT('',(-0.0175,-0.016,3.21469784776181E-18));
#9984=CARTESIAN_POINT('',(-0.0175,-0.0151,0.0012));
#9985=CARTESIAN_POINT('',(-0.0175,-0.0151,-0.0012));
#9986=CARTESIAN_POINT('',(-0.017498,-0.0151,-0.0012));
#9987=CARTESIAN_POINT('',(-0.0320608891324553,-0.0151,-0.0012));
#9988=CARTESIAN_POINT('',(-0.0320608891324553,-0.016,4.10629516120185E-18));
#9989=CARTESIAN_POINT('',(-0.0320608891324553,-0.0169330127018922,-0.00117451577175778));
#9990=CARTESIAN_POINT('',(-0.0325995642670502,-0.016,4.13927950016994E-18));
#9991=CARTESIAN_POINT('',(-0.0320608891324553,-0.0169330127018922,0.00117451577175778));
#9992=CARTESIAN_POINT('',(-0.0320608891324553,-0.016,4.10629516120185E-18));
#9993=CARTESIAN_POINT('',(-0.0320608891324553,-0.0151,0.0012));
#9994=CARTESIAN_POINT('',(-0.017498,-0.0151,0.0012));
#9995=CARTESIAN_POINT('',(-4.28626379701574E-18,-0.016,-0.035));
#9996=CARTESIAN_POINT('',(-2.14313189850787E-18,-0.016,-0.0175));
#9997=CARTESIAN_POINT('',(-0.0012,-0.0151,-0.0175));
#9998=CARTESIAN_POINT('',(0.0012,-0.0151,-0.0175));
#9999=CARTESIAN_POINT('',(0.0012,-0.0151,-0.017498));
#10000=CARTESIAN_POINT('',(0.0012,-0.0151,-0.0320608891324553));
#10001=CARTESIAN_POINT('',(-3.92632652538796E-18,-0.016,-0.0320608891324553));
#10002=CARTESIAN_POINT('',(0.00117451577175778,-0.0169330127018922,-0.0320608891324553));
#10003=CARTESIAN_POINT('',(-3.99229520332415E-18,-0.016,-0.0325995642670502));
#10004=CARTESIAN_POINT('',(-0.00117451577175778,-0.0169330127018922,-0.0320608891324553));
#10005=CARTESIAN_POINT('',(-3.92632652538796E-18,-0.016,-0.0320608891324553));
#10006=CARTESIAN_POINT('',(-0.0012,-0.0151,-0.0320608891324553));
#10007=CARTESIAN_POINT('',(-0.0012,-0.0151,-0.017498));
#10008=CARTESIAN_POINT('',(0.035,-0.016,-4.28626379701574E-18));
#10009=CARTESIAN_POINT('',(0.0175,-0.016,-1.07156594925393E-18));
#10010=CARTESIAN_POINT('',(0.0175,-0.0151,-0.0012));
#10011=CARTESIAN_POINT('',(0.0175,-0.0151,0.0012));
#10012=CARTESIAN_POINT('',(0.017498,-0.0151,0.0012));
#10013=CARTESIAN_POINT('',(0.0320608891324553,-0.0151,0.0012));
#10014=CARTESIAN_POINT('',(0.0320608891324553,-0.016,-3.74635788957407E-18));
#10015=CARTESIAN_POINT('',(0.0320608891324553,-0.0169330127018922,0.00117451577175778));
#10016=CARTESIAN_POINT('',(0.0325995642670502,-0.016,-3.84531090647834E-18));
#10017=CARTESIAN_POINT('',(0.0320608891324553,-0.0169330127018922,-0.00117451577175778));
#10018=CARTESIAN_POINT('',(0.0320608891324553,-0.016,-3.74635788957407E-18));
#10019=CARTESIAN_POINT('',(0.0320608891324553,-0.0151,-0.0012));
#10020=CARTESIAN_POINT('',(0.017498,-0.0151,-0.0012));
#10021=CARTESIAN_POINT('',(0.,-0.016,0.035));
#10022=CARTESIAN_POINT('',(0.,-0.016,0.0175));
#10023=CARTESIAN_POINT('',(0.0011180339887499,-0.015,0.0175));
#10024=CARTESIAN_POINT('',(-0.0011180339887499,-0.015,0.0175));
#10025=CARTESIAN_POINT('',(-0.0011180339887499,-0.015,0.017498));
#10026=CARTESIAN_POINT('',(-0.0011180339887499,-0.015,0.0320608891324553));
#10027=CARTESIAN_POINT('',(0.,-0.016,0.0320608891324553));
#10028=CARTESIAN_POINT('',(-0.00117451577175778,-0.0169330127018922,0.0320608891324553));
#10029=CARTESIAN_POINT('',(0.,-0.016,0.0325995642670502));
#10030=CARTESIAN_POINT('',(0.00117451577175778,-0.0169330127018922,0.0320608891324553));
#10031=CARTESIAN_POINT('',(0.,-0.016,0.0320608891324553));
#10032=CARTESIAN_POINT('',(0.0011180339887499,-0.015,0.0320608891324553));
#10033=CARTESIAN_POINT('',(0.0011180339887499,-0.015,0.017498));
#10034=CARTESIAN_POINT('',(0.0326554445662277,-0.00834455543377233,-0.0175));
#10035=CARTESIAN_POINT('',(0.0303108891324553,-0.0106891108675446,-0.0175));
#10036=CARTESIAN_POINT('',(0.0303108891324553,-0.0106891108675446,-0.0175));
#10037=CARTESIAN_POINT('',(0.0303108891324553,-0.0106891108675446,-0.00664644660940672));
#10038=CARTESIAN_POINT('',(0.,-0.041,2.14313189850787E-18));
#10039=CARTESIAN_POINT('',(0.0303108891324553,-0.0106891108675446,0.0175));
#10040=CARTESIAN_POINT('',(0.0303108891324553,-0.0106891108675446,-0.0175));
#10041=CARTESIAN_POINT('',(0.0303108891324553,-0.0106891108675446,0.00664644660940672));
#10042=CARTESIAN_POINT('',(0.032658443885168,-0.008341556114832,0.00899400136211936));
#10043=CARTESIAN_POINT('',(0.0320608891324553,-0.00893911086754465,0.00839644660940672));
#10044=CARTESIAN_POINT('',(0.0320608891324553,-0.00893911086754465,0.0045));
#10045=CARTESIAN_POINT('',(0.0320608891324553,-0.00893911086754465,-0.00839644660940671));
#10046=CARTESIAN_POINT('',(0.032658443885168,-0.008341556114832,-0.00899400136211936));
#10047=CARTESIAN_POINT('',(0.0303108891324553,-0.006,0.01225));
#10048=CARTESIAN_POINT('',(0.0303108891324553,-0.006,-0.0175));
#10049=CARTESIAN_POINT('',(0.0303108891324553,-0.026,-0.0175));
#10050=CARTESIAN_POINT('',(0.0303108891324553,-0.006,-0.00664644660940673));
#10051=CARTESIAN_POINT('',(0.0303108891324553,-0.0199641016151378,-0.00664644660940673));
#10052=CARTESIAN_POINT('',(0.0303108891324553,-0.0199641016151378,0.0045));
#10053=CARTESIAN_POINT('',(0.0303108891324553,-0.0199641016151378,0.00664644660940672));
#10054=CARTESIAN_POINT('',(0.0303108891324553,-0.006,0.00664644660940672));
#10055=CARTESIAN_POINT('',(0.0303108891324553,-0.006,0.0175));
#10056=CARTESIAN_POINT('',(0.0303108891324553,-0.026,0.0175));
#10057=CARTESIAN_POINT('',(0.0303108891324553,-0.026,0.01225));
#10058=CARTESIAN_POINT('',(-0.0175,-0.00834455543377233,-0.0326554445662277));
#10059=CARTESIAN_POINT('',(-0.0175,-0.0106891108675446,-0.0303108891324553));
#10060=CARTESIAN_POINT('',(-0.0175,-0.0106891108675446,-0.0303108891324553));
#10061=CARTESIAN_POINT('',(-0.00664644660940672,-0.0106891108675446,-0.0303108891324553));
#10062=CARTESIAN_POINT('',(0.,-0.041,2.14313189850787E-18));
#10063=CARTESIAN_POINT('',(0.0175,-0.0106891108675446,-0.0303108891324553));
#10064=CARTESIAN_POINT('',(-0.0175,-0.0106891108675446,-0.0303108891324553));
#10065=CARTESIAN_POINT('',(0.00664644660940672,-0.0106891108675446,-0.0303108891324553));
#10066=CARTESIAN_POINT('',(0.00899400136211936,-0.008341556114832,-0.032658443885168));
#10067=CARTESIAN_POINT('',(0.00839644660940672,-0.00893911086754465,-0.0320608891324553));
#10068=CARTESIAN_POINT('',(0.0045,-0.00893911086754465,-0.0320608891324553));
#10069=CARTESIAN_POINT('',(-0.00839644660940671,-0.00893911086754465,-0.0320608891324553));
#10070=CARTESIAN_POINT('',(-0.00899400136211936,-0.008341556114832,-0.032658443885168));
#10071=CARTESIAN_POINT('',(0.01225,-0.006,-0.0303108891324553));
#10072=CARTESIAN_POINT('',(-0.0175,-0.006,-0.0303108891324553));
#10073=CARTESIAN_POINT('',(-0.0175,-0.026,-0.0303108891324553));
#10074=CARTESIAN_POINT('',(-0.00664644660940673,-0.006,-0.0303108891324553));
#10075=CARTESIAN_POINT('',(-0.00664644660940673,-0.0199641016151378,-0.0303108891324553));
#10076=CARTESIAN_POINT('',(0.0045,-0.0199641016151378,-0.0303108891324553));
#10077=CARTESIAN_POINT('',(0.00664644660940673,-0.0199641016151378,-0.0303108891324553));
#10078=CARTESIAN_POINT('',(0.00664644660940673,-0.006,-0.0303108891324553));
#10079=CARTESIAN_POINT('',(0.0175,-0.006,-0.0303108891324553));
#10080=CARTESIAN_POINT('',(0.0175,-0.026,-0.0303108891324553));
#10081=CARTESIAN_POINT('',(0.01225,-0.026,-0.0303108891324553));
#10082=CARTESIAN_POINT('',(-0.0326554445662277,-0.00834455543377233,0.0175));
#10083=CARTESIAN_POINT('',(-0.0303108891324553,-0.0106891108675446,0.0175));
#10084=CARTESIAN_POINT('',(-0.0303108891324553,-0.0106891108675446,0.0175));
#10085=CARTESIAN_POINT('',(-0.0303108891324553,-0.0106891108675446,0.00664644660940671));
#10086=CARTESIAN_POINT('',(0.,-0.041,2.14313189850787E-18));
#10087=CARTESIAN_POINT('',(-0.0303108891324553,-0.0106891108675446,-0.0175));
#10088=CARTESIAN_POINT('',(-0.0303108891324553,-0.0106891108675446,0.0175));
#10089=CARTESIAN_POINT('',(-0.0303108891324553,-0.0106891108675446,-0.00664644660940672));
#10090=CARTESIAN_POINT('',(-0.032658443885168,-0.00834155611483201,-0.00899400136211937));
#10091=CARTESIAN_POINT('',(-0.0320608891324553,-0.00893911086754465,-0.00839644660940672));
#10092=CARTESIAN_POINT('',(-0.0320608891324553,-0.00893911086754465,-0.0045));
#10093=CARTESIAN_POINT('',(-0.0320608891324553,-0.00893911086754465,0.00839644660940671));
#10094=CARTESIAN_POINT('',(-0.032658443885168,-0.00834155611483201,0.00899400136211936));
#10095=CARTESIAN_POINT('',(-0.0303108891324553,-0.006,-0.01225));
#10096=CARTESIAN_POINT('',(-0.0303108891324553,-0.006,0.0175));
#10097=CARTESIAN_POINT('',(-0.0303108891324553,-0.026,0.0175));
#10098=CARTESIAN_POINT('',(-0.0303108891324553,-0.006,0.00664644660940672));
#10099=CARTESIAN_POINT('',(-0.0303108891324553,-0.0199641016151378,0.00664644660940672));
#10100=CARTESIAN_POINT('',(-0.0303108891324553,-0.0199641016151378,-0.0045));
#10101=CARTESIAN_POINT('',(-0.0303108891324553,-0.0199641016151378,-0.00664644660940672));
#10102=CARTESIAN_POINT('',(-0.0303108891324553,-0.006,-0.00664644660940672));
#10103=CARTESIAN_POINT('',(-0.0303108891324553,-0.006,-0.0175));
#10104=CARTESIAN_POINT('',(-0.0303108891324553,-0.026,-0.0175));
#10105=CARTESIAN_POINT('',(-0.0303108891324553,-0.026,-0.01225));
#10106=CARTESIAN_POINT('',(0.0175,-0.00834455543377233,0.0326554445662277));
#10107=CARTESIAN_POINT('',(0.0175,-0.0106891108675446,0.0303108891324553));
#10108=CARTESIAN_POINT('',(0.0175,-0.0106891108675446,0.0303108891324553));
#10109=CARTESIAN_POINT('',(0.00664644660940672,-0.0106891108675446,0.0303108891324553));
#10110=CARTESIAN_POINT('',(0.,-0.041,2.14313189850787E-18));
#10111=CARTESIAN_POINT('',(-0.0175,-0.0106891108675446,0.0303108891324553));
#10112=CARTESIAN_POINT('',(0.0175,-0.0106891108675446,0.0303108891324553));
#10113=CARTESIAN_POINT('',(-0.00664644660940671,-0.0106891108675446,0.0303108891324553));
#10114=CARTESIAN_POINT('',(-0.00899400136211936,-0.00834155611483201,0.032658443885168));
#10115=CARTESIAN_POINT('',(-0.00839644660940671,-0.00893911086754465,0.0320608891324553));
#10116=CARTESIAN_POINT('',(-0.0045,-0.00893911086754465,0.0320608891324553));
#10117=CARTESIAN_POINT('',(0.00839644660940672,-0.00893911086754465,0.0320608891324553));
#10118=CARTESIAN_POINT('',(0.00899400136211936,-0.00834155611483201,0.032658443885168));
#10119=CARTESIAN_POINT('',(-0.01225,-0.006,0.0303108891324553));
#10120=CARTESIAN_POINT('',(0.0175,-0.006,0.0303108891324553));
#10121=CARTESIAN_POINT('',(0.0175,-0.026,0.0303108891324553));
#10122=CARTESIAN_POINT('',(0.00664644660940673,-0.006,0.0303108891324553));
#10123=CARTESIAN_POINT('',(0.00664644660940673,-0.0199641016151378,0.0303108891324553));
#10124=CARTESIAN_POINT('',(-0.0045,-0.0199641016151378,0.0303108891324553));
#10125=CARTESIAN_POINT('',(-0.00664644660940672,-0.0199641016151378,0.0303108891324553));
#10126=CARTESIAN_POINT('',(-0.00664644660940672,-0.006,0.0303108891324553));
#10127=CARTESIAN_POINT('',(-0.0175,-0.006,0.0303108891324553));
#10128=CARTESIAN_POINT('',(-0.0175,-0.026,0.0303108891324553));
#10129=CARTESIAN_POINT('',(-0.01225,-0.026,0.0303108891324553));
#10130=CARTESIAN_POINT('',(0.,-0.026,0.));
#10131=CARTESIAN_POINT('',(0.,-0.026,2.14313189850787E-18));
#10132=CARTESIAN_POINT('',(0.,-0.026,2.14313189850787E-18));
#10133=CARTESIAN_POINT('',(0.,-0.026,2.14313189850787E-18));
#10134=CARTESIAN_POINT('',(0.,-0.026,2.14313189850787E-18));
#10135=CARTESIAN_POINT('',(0.0176776695296637,-0.026,-0.0176776695296637));
#10136=CARTESIAN_POINT('',(0.0176776695296637,-0.026,-0.0228276695296637));
#10137=CARTESIAN_POINT('',(-0.0176776695296637,-0.026,-0.0176776695296637));
#10138=CARTESIAN_POINT('',(-0.0176776695296637,-0.026,-0.0228276695296637));
#10139=CARTESIAN_POINT('',(-0.0176776695296637,-0.026,0.0176776695296637));
#10140=CARTESIAN_POINT('',(-0.0176776695296637,-0.026,0.0125276695296637));
#10141=CARTESIAN_POINT('',(0.0176776695296637,-0.026,0.0176776695296637));
#10142=CARTESIAN_POINT('',(0.0176776695296637,-0.026,0.0125276695296637));
#10143=CARTESIAN_POINT('',(0.0176776695296637,-0.026,-0.0176776695296637));
#10144=CARTESIAN_POINT('',(0.0176776695296637,-0.019,-0.0176776695296637));
#10145=CARTESIAN_POINT('',(0.0176776695296637,-0.019,-0.0228276695296637));
#10146=CARTESIAN_POINT('',(0.0176776695296637,-0.019,-0.0226776695296637));
#10147=CARTESIAN_POINT('',(0.0176776695296637,-0.019,-0.0176776695296637));
#10148=CARTESIAN_POINT('',(0.0176776695296637,-0.019,-0.0208276695296637));
#10149=CARTESIAN_POINT('',(0.0176776695296637,-0.026,-0.0176776695296637));
#10150=CARTESIAN_POINT('',(0.0176776695296637,0.,-0.0176776695296637));
#10151=CARTESIAN_POINT('',(0.0176776695296637,0.,-0.0208276695296637));
#10152=CARTESIAN_POINT('',(-0.0176776695296637,-0.026,-0.0176776695296637));
#10153=CARTESIAN_POINT('',(-0.0176776695296637,-0.019,-0.0176776695296637));
#10154=CARTESIAN_POINT('',(-0.0176776695296637,-0.019,-0.0228276695296637));
#10155=CARTESIAN_POINT('',(-0.0226776695296637,-0.019,-0.0176776695296637));
#10156=CARTESIAN_POINT('',(-0.0176776695296637,-0.019,-0.0176776695296637));
#10157=CARTESIAN_POINT('',(-0.0176776695296637,-0.019,-0.0208276695296637));
#10158=CARTESIAN_POINT('',(-0.0176776695296637,-0.026,-0.0176776695296637));
#10159=CARTESIAN_POINT('',(-0.0176776695296637,0.,-0.0176776695296637));
#10160=CARTESIAN_POINT('',(-0.0176776695296637,0.,-0.0208276695296637));
#10161=CARTESIAN_POINT('',(-0.0176776695296637,-0.026,0.0176776695296637));
#10162=CARTESIAN_POINT('',(-0.0176776695296637,-0.019,0.0176776695296637));
#10163=CARTESIAN_POINT('',(-0.0176776695296637,-0.019,0.0125276695296637));
#10164=CARTESIAN_POINT('',(-0.0176776695296637,-0.019,0.0226776695296637));
#10165=CARTESIAN_POINT('',(-0.0176776695296637,-0.019,0.0176776695296637));
#10166=CARTESIAN_POINT('',(-0.0176776695296637,-0.019,0.0145276695296637));
#10167=CARTESIAN_POINT('',(-0.0176776695296637,-0.026,0.0176776695296637));
#10168=CARTESIAN_POINT('',(-0.0176776695296637,0.,0.0176776695296637));
#10169=CARTESIAN_POINT('',(-0.0176776695296637,0.,0.0145276695296637));
#10170=CARTESIAN_POINT('',(0.,-0.026,2.14313189850787E-18));
#10171=CARTESIAN_POINT('',(0.,0.0065,2.14313189850787E-18));
#10172=CARTESIAN_POINT('',(0.,0.0065,-0.035));
#10173=CARTESIAN_POINT('',(0.,0.0065,1.94095232680274E-19));
#10174=CARTESIAN_POINT('',(0.,0.0065,1.94095232680274E-19));
#10175=CARTESIAN_POINT('',(0.,0.0065,-0.0318));
#10176=CARTESIAN_POINT('',(0.,0.,1.94095232680274E-19));
#10177=CARTESIAN_POINT('',(0.,0.,-0.0318));
#10178=CARTESIAN_POINT('',(0.,0.0065,0.));
#10179=CARTESIAN_POINT('',(0.,0.,0.));
#10180=CARTESIAN_POINT('',(0.0176776695296637,0.,0.0176776695296637));
#10181=CARTESIAN_POINT('',(0.0176776695296637,0.,0.0145276695296637));
#10182=CARTESIAN_POINT('',(0.,0.,-7.70314121648266E-19));
#10183=CARTESIAN_POINT('',(0.,0.,-0.01555));
#10184=CARTESIAN_POINT('',(0.,0.,0.025));
#10185=CARTESIAN_POINT('',(0.,0.,0.0222));
#10186=CARTESIAN_POINT('',(0.,0.0062,0.025));
#10187=CARTESIAN_POINT('',(0.,0.0062,0.025));
#10188=CARTESIAN_POINT('',(0.,0.0062,0.0222));
#10189=CARTESIAN_POINT('',(0.,0.0062,0.));
#10190=CARTESIAN_POINT('',(0.,0.0062,-7.70314121648266E-19));
#10191=CARTESIAN_POINT('',(0.,0.0062,-7.70314121648266E-19));
#10192=CARTESIAN_POINT('',(0.,0.0062,-0.01555));
#10193=CARTESIAN_POINT('',(0.,0.0062,0.));
#10194=CARTESIAN_POINT('',(0.0176776695296637,-0.026,0.0176776695296637));
#10195=CARTESIAN_POINT('',(0.0176776695296637,-0.019,0.0176776695296637));
#10196=CARTESIAN_POINT('',(0.0176776695296637,-0.019,0.0145276695296637));
#10197=CARTESIAN_POINT('',(0.0226776695296637,-0.019,0.0176776695296637));
#10198=CARTESIAN_POINT('',(0.0176776695296637,-0.019,0.0176776695296637));
#10199=CARTESIAN_POINT('',(0.0176776695296637,-0.019,0.0125276695296637));
#10200=CARTESIAN_POINT('',(0.0176776695296637,-0.026,0.0176776695296637));
#10201=CARTESIAN_POINT('',(-0.00782322330470336,-0.006,0.031487665827752));
#10202=CARTESIAN_POINT('',(-0.00781715728752538,-0.0179363712396728,0.031481599810574));
#10203=CARTESIAN_POINT('',(-0.00839644660940671,-0.0169330127018922,0.0320608891324553));
#10204=CARTESIAN_POINT('',(-0.00839644660940671,-0.006,0.0320608891324553));
#10205=CARTESIAN_POINT('',(-0.0045,-0.006,0.0320608891324553));
#10206=CARTESIAN_POINT('',(-0.000559016994374948,-0.014375,0.0320608891324553));
#10207=CARTESIAN_POINT('',(-2.16840434497101E-19,-0.01375,0.0320608891324553));
#10208=CARTESIAN_POINT('',(0.000559016994374948,-0.014375,0.0320608891324553));
#10209=CARTESIAN_POINT('',(-0.0045,-0.0169330127018922,0.0320608891324553));
#10210=CARTESIAN_POINT('',(0.00839644660940672,-0.0169330127018922,0.0320608891324553));
#10211=CARTESIAN_POINT('',(0.00839644660940671,-0.006,0.0320608891324553));
#10212=CARTESIAN_POINT('',(-0.0045,-0.0169330127018922,0.0320608891324553));
#10213=CARTESIAN_POINT('',(0.00782322330470336,-0.006,0.031487665827752));
#10214=CARTESIAN_POINT('',(0.01195446398342,-0.0107703458358884,0.0356189065064687));
#10215=CARTESIAN_POINT('',(0.031487665827752,-0.006,0.00782322330470336));
#10216=CARTESIAN_POINT('',(0.031481599810574,-0.0179363712396728,0.00781715728752538));
#10217=CARTESIAN_POINT('',(0.0320608891324553,-0.0169330127018922,0.00839644660940672));
#10218=CARTESIAN_POINT('',(0.0320608891324553,-0.006,0.00839644660940672));
#10219=CARTESIAN_POINT('',(0.0320608891324553,-0.006,0.0045));
#10220=CARTESIAN_POINT('',(0.0320608891324553,-0.0143,0.0006));
#10221=CARTESIAN_POINT('',(0.0320608891324553,-0.0135,-3.26615904461258E-18));
#10222=CARTESIAN_POINT('',(0.0320608891324553,-0.0143,-0.0006));
#10223=CARTESIAN_POINT('',(0.0320608891324553,-0.0169330127018922,0.0045));
#10224=CARTESIAN_POINT('',(0.0320608891324553,-0.0169330127018922,-0.00839644660940671));
#10225=CARTESIAN_POINT('',(0.0320608891324553,-0.006,-0.00839644660940671));
#10226=CARTESIAN_POINT('',(0.0320608891324553,-0.0169330127018922,0.0045));
#10227=CARTESIAN_POINT('',(0.031487665827752,-0.006,-0.00782322330470336));
#10228=CARTESIAN_POINT('',(0.0356189065064687,-0.0107703458358884,-0.01195446398342));
#10229=CARTESIAN_POINT('',(0.00782322330470336,-0.006,-0.031487665827752));
#10230=CARTESIAN_POINT('',(0.00781715728752538,-0.0179363712396728,-0.031481599810574));
#10231=CARTESIAN_POINT('',(0.00839644660940672,-0.0169330127018922,-0.0320608891324553));
#10232=CARTESIAN_POINT('',(0.00839644660940672,-0.006,-0.0320608891324553));
#10233=CARTESIAN_POINT('',(0.0045,-0.006,-0.0320608891324553));
#10234=CARTESIAN_POINT('',(0.0006,-0.0143,-0.0320608891324553));
#10235=CARTESIAN_POINT('',(4.55364912443912E-18,-0.0135,-0.0320608891324553));
#10236=CARTESIAN_POINT('',(-0.0006,-0.0143,-0.0320608891324553));
#10237=CARTESIAN_POINT('',(0.0045,-0.0169330127018922,-0.0320608891324553));
#10238=CARTESIAN_POINT('',(-0.00839644660940671,-0.0169330127018922,-0.0320608891324553));
#10239=CARTESIAN_POINT('',(-0.00839644660940671,-0.006,-0.0320608891324553));
#10240=CARTESIAN_POINT('',(0.0045,-0.0169330127018922,-0.0320608891324553));
#10241=CARTESIAN_POINT('',(-0.00782322330470336,-0.006,-0.031487665827752));
#10242=CARTESIAN_POINT('',(-0.01195446398342,-0.0107703458358884,-0.0356189065064687));
#10243=CARTESIAN_POINT('',(-0.031487665827752,-0.006,-0.00782322330470336));
#10244=CARTESIAN_POINT('',(-0.031481599810574,-0.0179363712396728,-0.00781715728752538));
#10245=CARTESIAN_POINT('',(-0.0320608891324553,-0.0169330127018922,-0.00839644660940672));
#10246=CARTESIAN_POINT('',(-0.0320608891324553,-0.006,-0.00839644660940672));
#10247=CARTESIAN_POINT('',(-0.0320608891324553,-0.006,-0.0045));
#10248=CARTESIAN_POINT('',(-0.0320608891324553,-0.0143,-0.0006));
#10249=CARTESIAN_POINT('',(-0.0320608891324553,-0.0135,-5.38712954453735E-18));
#10250=CARTESIAN_POINT('',(-0.0320608891324553,-0.0143,0.0006));
#10251=CARTESIAN_POINT('',(-0.0320608891324553,-0.0169330127018922,-0.0045));
#10252=CARTESIAN_POINT('',(-0.0320608891324553,-0.0169330127018922,0.00839644660940671));
#10253=CARTESIAN_POINT('',(-0.0320608891324553,-0.006,0.00839644660940671));
#10254=CARTESIAN_POINT('',(-0.0320608891324553,-0.0169330127018922,-0.0045));
#10255=CARTESIAN_POINT('',(-0.031487665827752,-0.006,0.00782322330470336));
#10256=CARTESIAN_POINT('',(-0.0356189065064687,-0.0107703458358884,0.01195446398342));
#10257=CARTESIAN_POINT('',(0.0323108891324553,-0.0165,0.0045));
#10258=CARTESIAN_POINT('',(0.0045,-0.0165,-0.0323108891324553));
#10259=CARTESIAN_POINT('',(-0.0323108891324553,-0.0165,-0.0045));
#10260=CARTESIAN_POINT('',(-0.0045,-0.0165,0.0323108891324553));
#10261=CARTESIAN_POINT('',(0.0015,-0.016,0.0175));
#10262=CARTESIAN_POINT('',(0.000559016994374948,-0.014375,0.0175));
#10263=CARTESIAN_POINT('',(-2.16840434497101E-19,-0.01375,0.0175));
#10264=CARTESIAN_POINT('',(-0.000559016994374948,-0.014375,0.0175));
#10265=CARTESIAN_POINT('',(-0.0175,-0.0145,3.21469784776181E-18));
#10266=CARTESIAN_POINT('',(-0.0175,-0.0143,0.0006));
#10267=CARTESIAN_POINT('',(-0.0175,-0.0135,-2.71233760421721E-18));
#10268=CARTESIAN_POINT('',(-0.0175,-0.0143,-0.0006));
#10269=CARTESIAN_POINT('',(0.0015,-0.016,-0.0175));
#10270=CARTESIAN_POINT('',(-0.0006,-0.0143,-0.0175));
#10271=CARTESIAN_POINT('',(2.77045449755903E-18,-0.0135,-0.0175));
#10272=CARTESIAN_POINT('',(0.0006,-0.0143,-0.0175));
#10273=CARTESIAN_POINT('',(0.0175,-0.0145,-1.07156594925393E-18));
#10274=CARTESIAN_POINT('',(0.0175,-0.0143,-0.0006));
#10275=CARTESIAN_POINT('',(0.0175,-0.0135,-4.15775635805263E-18));
#10276=CARTESIAN_POINT('',(0.0175,-0.0143,0.0006));
#10277=CARTESIAN_POINT('',(-0.000559016994374948,-0.014375,0.017498));
#10278=CARTESIAN_POINT('',(-2.16840434497101E-19,-0.01375,0.017498));
#10279=CARTESIAN_POINT('',(0.000559016994374948,-0.014375,0.017498));
#10280=CARTESIAN_POINT('',(0.017498,-0.0143,-0.0006));
#10281=CARTESIAN_POINT('',(0.017498,-0.0135,-4.15787882273254E-18));
#10282=CARTESIAN_POINT('',(0.017498,-0.0143,0.0006));
#10283=CARTESIAN_POINT('',(-0.0006,-0.0143,-0.017498));
#10284=CARTESIAN_POINT('',(2.77020956819919E-18,-0.0135,-0.017498));
#10285=CARTESIAN_POINT('',(0.0006,-0.0143,-0.017498));
#10286=CARTESIAN_POINT('',(-0.017498,-0.0143,0.0006));
#10287=CARTESIAN_POINT('',(-0.017498,-0.0135,-2.71197021017746E-18));
#10288=CARTESIAN_POINT('',(-0.017498,-0.0143,-0.0006));
#10289=CARTESIAN_POINT('',(0.,0.026,-8.67361737988404E-18));
#10290=MECHANICAL_DESIGN_GEOMETRIC_PRESENTATION_REPRESENTATION('',(#3757,#3758,#3759,#3760),#10291);
#10291=(
GEOMETRIC_REPRESENTATION_CONTEXT(3)
GLOBAL_UNCERTAINTY_ASSIGNED_CONTEXT((#10296))
GLOBAL_UNIT_ASSIGNED_CONTEXT((#10303,#10302,#10301))
REPRESENTATION_CONTEXT('Assembly 1','TOP_LEVEL_ASSEMBLY_PART')
);
#10292=(
GEOMETRIC_REPRESENTATION_CONTEXT(3)
GLOBAL_UNCERTAINTY_ASSIGNED_CONTEXT((#10297))
GLOBAL_UNIT_ASSIGNED_CONTEXT((#10303,#10302,#10301))
REPRESENTATION_CONTEXT('StraightRake','COMPONENT_PART')
);
#10293=(
GEOMETRIC_REPRESENTATION_CONTEXT(3)
GLOBAL_UNCERTAINTY_ASSIGNED_CONTEXT((#10298))
GLOBAL_UNIT_ASSIGNED_CONTEXT((#10303,#10302,#10301))
REPRESENTATION_CONTEXT('TriangularRake','COMPONENT_PART')
);
#10294=(
GEOMETRIC_REPRESENTATION_CONTEXT(3)
GLOBAL_UNCERTAINTY_ASSIGNED_CONTEXT((#10299))
GLOBAL_UNIT_ASSIGNED_CONTEXT((#10303,#10302,#10301))
REPRESENTATION_CONTEXT('Pen','COMPONENT_PART')
);
#10295=(
GEOMETRIC_REPRESENTATION_CONTEXT(3)
GLOBAL_UNCERTAINTY_ASSIGNED_CONTEXT((#10300))
GLOBAL_UNIT_ASSIGNED_CONTEXT((#10303,#10302,#10301))
REPRESENTATION_CONTEXT('Base','COMPONENT_PART')
);
#10296=UNCERTAINTY_MEASURE_WITH_UNIT(LENGTH_MEASURE(1.E-08),#10303,'DISTANCE_ACCURACY_VALUE','Maximum Tolerance applied to model');
#10297=UNCERTAINTY_MEASURE_WITH_UNIT(LENGTH_MEASURE(2.E-05),#10303,'DISTANCE_ACCURACY_VALUE','Maximum Tolerance applied to model');
#10298=UNCERTAINTY_MEASURE_WITH_UNIT(LENGTH_MEASURE(2.E-05),#10303,'DISTANCE_ACCURACY_VALUE','Maximum Tolerance applied to model');
#10299=UNCERTAINTY_MEASURE_WITH_UNIT(LENGTH_MEASURE(2.E-05),#10303,'DISTANCE_ACCURACY_VALUE','Maximum Tolerance applied to model');
#10300=UNCERTAINTY_MEASURE_WITH_UNIT(LENGTH_MEASURE(1.E-08),#10303,'DISTANCE_ACCURACY_VALUE','Maximum Tolerance applied to model');
#10301=(
NAMED_UNIT(*)
SI_UNIT($,.STERADIAN.)
SOLID_ANGLE_UNIT()
);
#10302=(
NAMED_UNIT(*)
PLANE_ANGLE_UNIT()
SI_UNIT($,.RADIAN.)
);
#10303=(
LENGTH_UNIT()
NAMED_UNIT(*)
SI_UNIT($,.METRE.)
);
#10304=PRODUCT_DEFINITION_SHAPE('','',#10313);
#10305=PRODUCT_DEFINITION_SHAPE('','',#10314);
#10306=PRODUCT_DEFINITION_SHAPE(' ','NAUO PRDDFN',#14);
#10307=PRODUCT_DEFINITION_SHAPE('','',#10315);
#10308=PRODUCT_DEFINITION_SHAPE(' ','NAUO PRDDFN',#15);
#10309=PRODUCT_DEFINITION_SHAPE('','',#10316);
#10310=PRODUCT_DEFINITION_SHAPE(' ','NAUO PRDDFN',#16);
#10311=PRODUCT_DEFINITION_SHAPE('','',#10317);
#10312=PRODUCT_DEFINITION_SHAPE(' ','NAUO PRDDFN',#17);
#10313=PRODUCT_DEFINITION('','',#10323,#10318);
#10314=PRODUCT_DEFINITION('','',#10324,#10319);
#10315=PRODUCT_DEFINITION('','',#10325,#10320);
#10316=PRODUCT_DEFINITION('','',#10326,#10321);
#10317=PRODUCT_DEFINITION('','',#10327,#10322);
#10318=PRODUCT_DEFINITION_CONTEXT('',#10349,'design');
#10319=PRODUCT_DEFINITION_CONTEXT('',#10349,'design');
#10320=PRODUCT_DEFINITION_CONTEXT('',#10349,'design');
#10321=PRODUCT_DEFINITION_CONTEXT('',#10349,'design');
#10322=PRODUCT_DEFINITION_CONTEXT('',#10349,'design');
#10323=PRODUCT_DEFINITION_FORMATION_WITH_SPECIFIED_SOURCE('','',#10333,.NOT_KNOWN.);
#10324=PRODUCT_DEFINITION_FORMATION_WITH_SPECIFIED_SOURCE('','',#10334,.NOT_KNOWN.);
#10325=PRODUCT_DEFINITION_FORMATION_WITH_SPECIFIED_SOURCE('','',#10335,.NOT_KNOWN.);
#10326=PRODUCT_DEFINITION_FORMATION_WITH_SPECIFIED_SOURCE('','',#10336,.NOT_KNOWN.);
#10327=PRODUCT_DEFINITION_FORMATION_WITH_SPECIFIED_SOURCE('','',#10337,.NOT_KNOWN.);
#10328=PRODUCT_RELATED_PRODUCT_CATEGORY('','',(#10333));
#10329=PRODUCT_RELATED_PRODUCT_CATEGORY('','',(#10334));
#10330=PRODUCT_RELATED_PRODUCT_CATEGORY('','',(#10335));
#10331=PRODUCT_RELATED_PRODUCT_CATEGORY('','',(#10336));
#10332=PRODUCT_RELATED_PRODUCT_CATEGORY('','',(#10337));
#10333=PRODUCT('Assembly 1','Assembly 1','Assembly 1',(#10343));
#10334=PRODUCT('StraightRake','StraightRake','StraightRake',(#10344));
#10335=PRODUCT('TriangularRake','TriangularRake','TriangularRake',(#10345));
#10336=PRODUCT('Pen','Pen','Pen',(#10346));
#10337=PRODUCT('Base','Base','Base',(#10347));
#10338=PRODUCT_CATEGORY('','');
#10339=PRODUCT_CATEGORY('','');
#10340=PRODUCT_CATEGORY('','');
#10341=PRODUCT_CATEGORY('','');
#10342=PRODUCT_CATEGORY('','');
#10343=PRODUCT_CONTEXT('',#10349,'mechanical');
#10344=PRODUCT_CONTEXT('',#10349,'mechanical');
#10345=PRODUCT_CONTEXT('',#10349,'mechanical');
#10346=PRODUCT_CONTEXT('',#10349,'mechanical');
#10347=PRODUCT_CONTEXT('',#10349,'mechanical');
#10348=APPLICATION_PROTOCOL_DEFINITION('international standard','ap242_managed_model_based_3d_engineering',2020,#10349);
#10349=APPLICATION_CONTEXT('managed model based 3d engineering');
ENDSEC;
END-ISO-10303-21;
