ply
format ascii 1.0
element vertex 5000
property float x
property float y
property float z
end_header
-0.537242 0.009670 -0.087431
-0.635397 0.091231 -0.094020
-0.610420 0.155805 -0.086246
-0.416883 0.149846 -0.092987
-0.425455 0.097191 -0.087828
-0.362734 0.036295 -0.088789
-0.633628 0.072236 -0.086163
-0.594590 0.044270 -0.086694
-0.628435 0.036067 -0.086451
-0.391294 0.020948 -0.088640
-0.503971 0.218347 -0.086324
-0.490895 -0.079107 -0.092360
-0.457220 0.034196 -0.087971
-0.565563 0.194562 -0.090735
-0.541295 0.214337 -0.086022
-0.548105 -0.047877 -0.095722
-0.464531 -0.034526 -0.088368
-0.551900 0.019420 -0.087237
-0.508714 -0.068372 -0.096206
-0.434020 0.004742 -0.096373
-0.390372 0.119122 -0.090358
-0.526042 0.220936 -0.094113
-0.604987 0.014580 -0.086802
-0.570060 -0.025887 -0.087381
-0.552513 0.082321 -0.086809
-0.417796 0.063180 -0.096124
-0.453739 -0.024398 -0.088395
-0.507482 -0.077337 -0.088277
-0.522589 0.068645 -0.087164
-0.528815 0.191932 -0.086282
-0.552979 0.060743 -0.086950
-0.378719 0.074126 -0.096395
-0.551691 0.048745 -0.095042
-0.586313 -0.007225 -0.087112
-0.378317 0.023854 -0.096735
-0.494799 0.133425 -0.094975
-0.500840 0.136486 -0.094901
-0.487001 0.046872 -0.087624
-0.505671 0.120971 -0.086962
-0.424776 0.061973 -0.096071
-0.589150 0.005292 -0.087003
-0.463765 -0.033768 -0.096370
-0.628346 0.028521 -0.086502
-0.480941 0.160213 -0.094917
-0.430538 0.033698 -0.096210
-0.364606 0.057669 -0.088629
-0.562721 -0.031666 -0.095484
-0.586364 0.120594 -0.086254
-0.622225 0.099135 -0.094083
-0.379214 0.094436 -0.088253
-0.500287 0.035401 -0.087584
-0.610547 0.062069 -0.094435
-0.469543 0.036057 -0.087850
-0.655485 0.045256 -0.086470
-0.430335 0.160269 -0.095362
-0.521153 0.168490 -0.094508
-0.360859 0.074867 -0.096547
-0.440507 0.120285 -0.087540
-0.538208 0.038210 -0.095231
-0.627827 0.013175 -0.091528
-0.449652 0.153661 -0.095237
-0.563108 -0.008702 -0.095327
-0.631989 0.070273 -0.094191
-0.558982 -0.045553 -0.087610
-0.446531 0.076874 -0.095779
-0.604306 0.033557 -0.086680
-0.608527 0.002614 -0.094851
-0.399751 0.069405 -0.088241
-0.485594 -0.064344 -0.096383
-0.520226 0.000208 -0.095645
-0.534676 0.057716 -0.087131
-0.346537 0.050592 -0.088835
-0.433801 0.133834 -0.095509
-0.466987 0.092860 -0.087491
-0.465849 0.155172 -0.095084
-0.398728 0.013229 -0.096627
-0.570391 -0.028854 -0.087398
-0.480295 0.080910 -0.087454
-0.497365 -0.055609 -0.088220
-0.413000 0.058839 -0.096195
-0.627388 0.073248 -0.086211
-0.368371 0.063875 -0.096554
-0.458294 0.023574 -0.096033
-0.400664 0.006267 -0.088656
-0.498741 0.091809 -0.095219
-0.612409 0.124510 -0.085999
-0.528749 0.065832 -0.087129
-0.494975 0.080033 -0.087331
-0.556809 0.049498 -0.094992
-0.543946 0.036016 -0.087195
-0.464833 0.075497 -0.087627
-0.351296 0.052918 -0.088778
-0.391879 0.120854 -0.094615
-0.392098 0.013247 -0.088685
-0.512235 0.071765 -0.087235
-0.495994 -0.039321 -0.088123
-0.574087 0.158789 -0.094107
-0.406434 0.131206 -0.087767
-0.460180 -0.023278 -0.088330
-0.420798 0.038673 -0.088261
-0.470465 0.001866 -0.096072
-0.554205 -0.035834 -0.095587
-0.511884 -0.094660 -0.088354
-0.442781 0.109657 -0.087592
-0.529643 0.188229 -0.094301
-0.540195 0.186922 -0.086216
-0.446834 0.127033 -0.095440
-0.505235 0.057015 -0.087395
-0.638262 0.131825 -0.088769
-0.612282 0.047152 -0.086519
-0.596334 0.148747 -0.085978
-0.422506 0.156379 -0.088622
-0.604501 0.086479 -0.086324
-0.335804 0.055843 -0.096550
-0.541749 0.043476 -0.087165
-0.424587 0.009582 -0.096424
-0.464776 0.156695 -0.087083
-0.540024 0.211609 -0.094052
-0.483879 0.082684 -0.087411
-0.538929 0.038429 -0.095224
-0.463429 0.068551 -0.095686
-0.441289 0.122762 -0.095517
-0.498658 0.008364 -0.087779
-0.565297 0.066420 -0.086803
-0.672085 0.071061 -0.093833
-0.598400 -0.014574 -0.095056
-0.461532 0.186896 -0.086909
-0.533238 0.161812 -0.094446
-0.573768 -0.033188 -0.095397
-0.514521 0.194013 -0.094395
-0.540709 -0.010027 -0.087533
-0.549594 -0.005824 -0.087426
-0.491956 0.210907 -0.086480
-0.651753 0.069543 -0.086021
-0.597013 0.002117 -0.094956
-0.492027 0.164131 -0.094793
-0.494220 -0.036409 -0.088119
-0.568896 0.191369 -0.085933
-0.503948 0.001199 -0.087781
-0.495948 0.003957 -0.095833
-0.577985 -0.044186 -0.087434
-0.517938 0.170422 -0.086523
-0.406298 0.065150 -0.088212
-0.576340 0.054470 -0.094787
-0.492558 0.211180 -0.094473
-0.461286 0.189519 -0.086893
-0.596565 0.167769 -0.087122
-0.434558 0.063364 -0.087975
-0.412508 0.122892 -0.095770
-0.362821 0.082699 -0.088477
-0.381646 0.015123 -0.091927
-0.365048 0.037965 -0.096758
-0.618568 0.004213 -0.094752
-0.622957 0.138652 -0.085811
-0.563621 0.114658 -0.094495
-0.538078 0.102205 -0.086803
-0.490086 0.200069 -0.086569
-0.610749 0.036682 -0.094603
-0.486287 0.061714 -0.087530
-0.588406 -0.032516 -0.089448
-0.464674 -0.034663 -0.096368
-0.502853 0.026659 -0.095620
-0.494333 0.174042 -0.094707
-0.430455 0.113638 -0.087674
-0.478920 0.111692 -0.087260
-0.488876 0.004460 -0.095892
-0.591905 -0.004992 -0.095049
-0.456073 0.075688 -0.087703
-0.477508 0.033147 -0.087799
-0.450282 -0.023922 -0.096422
-0.485991 -0.011495 -0.096025
-0.450085 -0.003826 -0.088289
-0.395133 0.035683 -0.096508
-0.508781 0.203941 -0.094379
-0.387835 0.083846 -0.088249
-0.457982 0.125640 -0.087351
-0.615593 0.148497 -0.085810
-0.503402 0.044858 -0.087493
-0.479026 0.093861 -0.087379
-0.591493 0.038694 -0.086759
-0.479919 -0.008754 -0.088059
-0.593146 0.087452 -0.094418
-0.554570 0.069676 -0.094876
-0.596646 0.097029 -0.086322
-0.530510 0.168833 -0.086423
-0.632137 0.096420 -0.094014
-0.486894 0.034281 -0.095710
-0.421742 0.028678 -0.088320
-0.526469 0.077731 -0.087069
-0.568711 0.075640 -0.086711
-0.622852 0.095214 -0.094104
-0.495354 0.048021 -0.095543
-0.462319 0.152367 -0.095134
-0.610099 0.156079 -0.093808
-0.442979 0.068673 -0.087865
-0.563137 0.036465 -0.087023
-0.449110 -0.043039 -0.094090
-0.504282 -0.010715 -0.087858
-0.509212 0.128813 -0.086878
-0.525982 0.107202 -0.086876
-0.495629 0.161872 -0.094777
-0.616810 0.127322 -0.093942
-0.532842 0.000237 -0.087533
-0.559185 0.011042 -0.095229
-0.556665 0.111003 -0.086580
-0.547199 0.035658 -0.087169
-0.500142 0.241183 -0.086204
-0.540886 0.177195 -0.094276
-0.457277 0.152179 -0.095179
-0.531291 0.091645 -0.086933
-0.559127 0.167498 -0.094180
-0.488688 0.052491 -0.095572
-0.543084 -0.013907 -0.095538
-0.593379 0.064128 -0.086571
-0.544728 0.081267 -0.094885
-0.432333 0.002134 -0.096406
-0.438070 0.146155 -0.087388
-0.500241 -0.012782 -0.095908
-0.509362 0.083087 -0.087184
-0.453973 -0.018163 -0.088351
-0.499317 0.048346 -0.087505
-0.509192 0.156111 -0.094696
-0.605712 0.000747 -0.094889
-0.513785 0.115648 -0.094927
-0.496533 0.219915 -0.086379
-0.533920 0.060638 -0.087118
-0.464368 -0.017590 -0.096256
-0.546247 -0.061227 -0.095828
-0.675851 0.098829 -0.085613
-0.504385 0.076128 -0.095275
-0.536999 -0.022280 -0.087647
-0.457880 0.057647 -0.095808
-0.435832 0.144621 -0.095419
-0.400097 0.061016 -0.088294
-0.521379 -0.005056 -0.095670
-0.634003 0.080273 -0.086106
-0.583502 0.034621 -0.094857
-0.412856 0.047258 -0.088274
-0.342687 0.062645 -0.096789
-0.512786 0.059626 -0.087311
-0.535589 -0.017549 -0.095629
-0.501313 0.092205 -0.087194
-0.383625 0.056463 -0.088469
-0.405576 0.019290 -0.096526
-0.423128 0.078360 -0.087975
-0.598844 0.043931 -0.086659
-0.650345 0.091266 -0.085888
-0.467928 0.064373 -0.087674
-0.544718 0.067202 -0.094980
-0.443785 0.117005 -0.087534
-0.406730 0.006430 -0.096602
-0.469826 -0.045977 -0.096398
-0.497787 0.080107 -0.087306
-0.376776 0.073025 -0.088419
-0.495329 0.097743 -0.095210
-0.410073 0.086142 -0.096038
-0.480427 -0.012063 -0.088077
-0.537136 0.212123 -0.094074
-0.539505 0.019272 -0.087347
-0.449438 0.024834 -0.088102
-0.485219 0.038081 -0.087698
-0.519328 -0.043977 -0.095949
-0.465555 0.165437 -0.087017
-0.567276 0.137430 -0.094310
-0.501436 0.026642 -0.095633
-0.496128 0.106449 -0.095144
-0.541737 0.130656 -0.086580
-0.578452 0.016328 -0.095024
-0.386290 0.054215 -0.096462
-0.511614 -0.096922 -0.096301
-0.584513 0.038443 -0.086822
-0.410293 0.065050 -0.088177
-0.545816 0.051518 -0.095075
-0.595467 0.095852 -0.086340
-0.427669 0.084116 -0.087896
-0.478127 0.199906 -0.086675
-0.500936 0.209214 -0.086412
-0.492862 0.224037 -0.094384
-0.500331 -0.081061 -0.088365
-0.455159 0.043454 -0.087927
-0.395947 0.024141 -0.096578
-0.567477 0.045473 -0.086925
-0.497875 0.189034 -0.086574
-0.462001 0.085346 -0.095586
-0.438818 0.056701 -0.087982
-0.525596 0.138984 -0.086666
-0.621300 0.006864 -0.094710
-0.438907 0.117367 -0.087574
-0.570345 0.016705 -0.087092
-0.536350 -0.005492 -0.095541
-0.485210 0.004889 -0.095922
-0.549403 0.057365 -0.095004
-0.344556 0.048020 -0.096870
-0.446938 0.092713 -0.095669
-0.462075 0.100108 -0.095486
-0.519552 -0.032995 -0.087873
-0.567871 0.074262 -0.094729
-0.444560 0.018817 -0.088186
-0.563318 0.024408 -0.087103
-0.391519 0.110072 -0.088040
-0.489763 0.106418 -0.087200
-0.634466 0.133159 -0.085747
-0.637091 0.132864 -0.090792
-0.521099 0.060793 -0.087230
-0.586610 -0.030480 -0.087266
-0.498669 0.224909 -0.086327
-0.574336 0.176598 -0.085985
-0.493565 -0.053013 -0.088236
-0.508972 0.100780 -0.087069
-0.400680 0.034152 -0.096469
-0.531284 0.142021 -0.094596
-0.509621 0.072883 -0.095251
-0.582210 0.055581 -0.086727
-0.488341 0.219866 -0.094452
-0.572251 0.114930 -0.086417
-0.595578 0.066971 -0.094534
-0.538345 -0.039083 -0.087748
-0.548936 0.189554 -0.094122
-0.537301 -0.053381 -0.095854
-0.480780 -0.001289 -0.088002
-0.565168 0.166953 -0.086130
-0.437114 0.125552 -0.095536
-0.468210 0.044219 -0.087807
-0.686868 0.084470 -0.093612
-0.589206 0.004332 -0.087009
-0.441273 -0.034067 -0.096570
-0.519492 -0.025424 -0.095823
-0.600038 0.110828 -0.086200
-0.499380 -0.021923 -0.095977
-0.489797 0.151845 -0.094895
-0.510832 0.007689 -0.087677
-0.547846 0.109626 -0.094668
-0.422595 0.002713 -0.096487
-0.419988 0.153459 -0.089042
-0.545227 0.022883 -0.095273
-0.442314 -0.030764 -0.088538
-0.446811 0.053840 -0.087931
-0.625495 0.015308 -0.086616
-0.538581 0.167030 -0.094364
-0.593880 0.166304 -0.085882
-0.357821 0.035663 -0.091124
-0.573486 0.072537 -0.086690
-0.564683 0.189692 -0.085982
-0.524872 0.129209 -0.086738
-0.525331 -0.021393 -0.087744
-0.565989 0.074547 -0.094743
-0.585736 0.042768 -0.094783
-0.650982 0.118585 -0.085699
-0.493151 0.195945 -0.094570
-0.397400 0.103310 -0.088034
-0.485828 0.081370 -0.087403
-0.536775 0.157115 -0.094446
-0.528759 0.046974 -0.087255
-0.565616 0.144374 -0.086278
-0.550295 0.158783 -0.094316
-0.512046 -0.084180 -0.096283
-0.545454 -0.020422 -0.087561
-0.442467 0.036558 -0.088085
-0.515639 -0.057668 -0.096073
-0.548640 -0.031109 -0.095605
-0.477997 0.132064 -0.087131
-0.579406 -0.002325 -0.087140
-0.499827 0.224037 -0.094323
-0.640434 0.070257 -0.094117
-0.599101 0.103369 -0.094258
-0.393656 0.122915 -0.094441
-0.514716 0.102496 -0.087007
-0.664993 0.094278 -0.093739
-0.478006 0.136379 -0.087102
-0.532328 0.091072 -0.094929
-0.445004 0.122721 -0.095485
-0.424091 0.075864 -0.095983
-0.558632 -0.037669 -0.095561
-0.584616 0.176824 -0.085893
-0.570251 0.111565 -0.086457
-0.533153 -0.024800 -0.087698
-0.535676 0.068101 -0.095053
-0.473359 0.098136 -0.095400
-0.451582 -0.029505 -0.096448
-0.503931 0.164249 -0.094688
-0.639884 0.130446 -0.090154
-0.530804 0.173123 -0.094392
-0.467987 -0.056884 -0.088487
-0.551793 0.000302 -0.095366
-0.485467 0.094616 -0.087317
-0.506388 -0.049772 -0.088101
-0.456246 0.150099 -0.095202
-0.422886 -0.018661 -0.096628
-0.424388 0.024541 -0.088325
-0.614661 0.092632 -0.086193
-0.394125 0.065738 -0.088315
-0.526307 0.144026 -0.086626
-0.588906 0.113726 -0.086278
-0.475220 0.115173 -0.087269
-0.394525 0.088061 -0.088161
-0.545526 0.033420 -0.095199
-0.526875 -0.080882 -0.088130
-0.551080 0.157384 -0.094319
-0.488726 -0.002396 -0.095940
-0.473120 0.108795 -0.095331
-0.571053 0.149967 -0.094193
-0.485451 0.077244 -0.087434
-0.522725 0.158522 -0.094561
-0.413459 -0.012260 -0.096002
-0.426923 0.061615 -0.096054
-0.472837 0.188442 -0.086799
-0.564675 0.148571 -0.094258
-0.492267 0.124656 -0.087056
-0.657474 0.060257 -0.094034
-0.616678 0.071810 -0.086315
-0.440162 0.004703 -0.088319
-0.576434 0.079858 -0.086615
-0.386698 0.070296 -0.088350
-0.540335 -0.026115 -0.087644
-0.426317 0.117908 -0.087681
-0.509651 -0.022483 -0.087890
-0.460162 0.005087 -0.088140
-0.411075 0.039529 -0.088341
-0.534026 0.031595 -0.087312
-0.486175 -0.058922 -0.096341
-0.407579 0.017273 -0.096522
-0.562470 0.123819 -0.094444
-0.495684 0.112888 -0.087104
-0.579602 0.117167 -0.094337
-0.613766 0.046404 -0.086511
-0.552117 0.059903 -0.086963
-0.526517 -0.020568 -0.087728
-0.582733 -0.017259 -0.087211
-0.539514 0.057769 -0.095089
-0.546638 -0.028165 -0.087602
-0.505268 0.089990 -0.095174
-0.546644 0.185309 -0.086170
-0.547289 0.165904 -0.086294
-0.574491 -0.033920 -0.087395
-0.524547 -0.068344 -0.088066
-0.410849 0.134106 -0.095709
-0.462815 -0.010358 -0.096221
-0.513248 0.237178 -0.094116
-0.674406 0.070810 -0.093814
-0.555971 0.109980 -0.086593
-0.648176 0.121732 -0.085703
-0.547801 0.106979 -0.094686
-0.443023 0.121242 -0.087512
-0.632749 0.074962 -0.086152
-0.561388 0.044390 -0.086985
-0.449977 0.036836 -0.088017
-0.450323 0.179933 -0.095054
-0.362057 0.074430 -0.096539
-0.515571 0.030266 -0.095484
-0.526531 0.215620 -0.094144
-0.595480 0.068512 -0.086524
-0.463609 0.152046 -0.087124
-0.588635 0.044693 -0.086744
-0.511378 -0.015423 -0.095827
-0.539415 0.125466 -0.086635
-0.531608 -0.014679 -0.087644
-0.391306 0.070690 -0.088306
-0.494769 0.147911 -0.094878
-0.545657 -0.010760 -0.095494
-0.507166 0.065570 -0.087321
-0.429662 0.097735 -0.087787
-0.615488 -0.001137 -0.093988
-0.577717 -0.012823 -0.095226
-0.638601 0.065124 -0.086167
-0.497463 0.084110 -0.087282
-0.548187 0.206719 -0.086013
-0.542499 0.166678 -0.094332
-0.510780 0.217771 -0.094268
-0.493332 0.211998 -0.094461
-0.480977 0.003770 -0.087966
-0.553103 -0.001894 -0.095369
-0.548985 -0.029887 -0.095593
-0.595045 0.032548 -0.086769
-0.526202 0.168014 -0.094466
-0.599980 0.032067 -0.094729
-0.455260 0.080455 -0.087678
-0.386679 0.081865 -0.088272
-0.488739 0.028160 -0.095734
-0.565474 0.059466 -0.094849
-0.588714 -0.021012 -0.095184
-0.478255 0.178384 -0.094819
-0.579617 0.111027 -0.086378
-0.444665 0.116372 -0.095531
-0.489381 0.039226 -0.095655
-0.582364 0.017014 -0.086984
-0.636832 0.036777 -0.086372
-0.526637 -0.077905 -0.088112
-0.486145 0.151550 -0.094929
-0.644690 0.045405 -0.086245
-0.605313 0.006029 -0.086856
-0.397134 0.023414 -0.096573
-0.353636 0.055234 -0.096742
-0.595782 0.125229 -0.086140
-0.573282 0.116970 -0.086394
-0.634445 0.039142 -0.086378
-0.481085 0.222764 -0.094496
-0.574507 0.035926 -0.086927
-0.430908 -0.019021 -0.088560
-0.468869 0.189913 -0.094824
-0.487936 0.024988 -0.087762
-0.522093 -0.050374 -0.095968
-0.492402 0.188291 -0.086627
-0.460282 0.005929 -0.088134
-0.583224 -0.002931 -0.095111
-0.467589 -0.059044 -0.089540
-0.373138 0.091448 -0.096328
-0.560309 -0.027795 -0.095480
-0.405313 0.011229 -0.088582
-0.381846 0.075639 -0.088356
-0.505032 0.119846 -0.086975
-0.561951 0.097890 -0.086622
-0.452313 0.184339 -0.095007
-0.463716 0.157149 -0.087089
-0.611723 0.038639 -0.086581
-0.534675 0.041933 -0.095238
-0.430416 0.048480 -0.088111
-0.425723 0.138773 -0.095547
-0.435638 0.105022 -0.087686
-0.484124 -0.070635 -0.096438
-0.556275 0.112068 -0.094577
-0.428412 0.118953 -0.095656
-0.510250 0.127249 -0.086880
-0.584737 0.024900 -0.094911
-0.390198 0.007765 -0.093229
-0.370692 0.090947 -0.096352
-0.558103 -0.026322 -0.087489
-0.594842 0.050190 -0.086652
-0.465549 0.120779 -0.095317
-0.553172 0.065236 -0.086918
-0.340273 0.051915 -0.096882
-0.503154 0.061756 -0.087382
-0.384020 0.062445 -0.088426
-0.406827 0.047605 -0.088325
-0.535100 -0.019026 -0.095643
-0.524597 -0.101039 -0.096285
-0.574694 0.096226 -0.094521
-0.514385 -0.064655 -0.096131
-0.489814 0.146109 -0.094934
-0.656730 0.103217 -0.093752
-0.466389 0.098127 -0.087461
-0.429214 0.038574 -0.088188
-0.391965 0.013884 -0.096682
-0.487408 -0.058927 -0.096330
-0.537883 0.207813 -0.086096
-0.535668 0.013185 -0.087421
-0.561377 0.186679 -0.094032
-0.569278 0.013944 -0.095121
-0.546379 0.081905 -0.086866
-0.514103 0.181692 -0.086481
-0.501011 0.142221 -0.086861
-0.485335 0.123742 -0.095123
-0.482131 0.208275 -0.094584
-0.423071 0.095010 -0.095864
-0.594994 -0.015864 -0.095094
-0.548334 -0.037356 -0.087649
-0.607152 0.068340 -0.094422
-0.511695 0.087482 -0.087134
-0.523377 0.021346 -0.095475
-0.653400 0.094926 -0.085836
-0.621235 0.116701 -0.085974
-0.531352 0.195320 -0.086237
-0.401201 0.097202 -0.088041
-0.595731 -0.018278 -0.095104
-0.569945 0.164866 -0.094102
-0.526398 0.096878 -0.094942
-0.565445 0.015937 -0.095141
-0.534475 -0.045441 -0.087825
-0.532790 -0.003325 -0.095558
-0.494650 -0.005915 -0.087910
-0.475897 0.218257 -0.093256
-0.487465 0.109593 -0.095199
-0.475240 0.175331 -0.094866
-0.613599 0.014307 -0.094728
-0.463317 0.107884 -0.095423
-0.565429 0.031130 -0.095039
-0.561773 0.169949 -0.094140
-0.469230 0.015906 -0.087988
-0.470199 0.094257 -0.095454
-0.498609 0.036874 -0.095589
-0.555684 -0.029642 -0.087532
-0.575537 0.039929 -0.086891
-0.534575 0.103871 -0.086823
-0.540033 -0.069597 -0.095939
-0.548574 0.159388 -0.086327
-0.549956 0.064275 -0.086953
-0.508892 -0.004228 -0.087774
-0.571186 0.175868 -0.086017
-0.604803 -0.008857 -0.094961
-0.621471 0.087295 -0.094169
-0.445176 0.051060 -0.095964
-0.446117 0.177240 -0.087109
-0.478313 -0.066524 -0.096461
-0.467345 0.022553 -0.087960
-0.441319 0.095103 -0.095703
-0.523820 0.057796 -0.087226
-0.431549 0.161718 -0.095342
-0.538029 0.079662 -0.086955
-0.460999 -0.050348 -0.096505
-0.398422 0.075437 -0.088212
-0.635549 0.032620 -0.094412
-0.521247 -0.105296 -0.091864
-0.547062 -0.041725 -0.087689
-0.587627 0.131556 -0.086170
-0.569302 0.055601 -0.086841
-0.513347 0.152198 -0.086685
-0.519938 0.181158 -0.086433
-0.525697 0.226140 -0.094081
-0.573439 0.152952 -0.086151
-0.523310 -0.107016 -0.096009
-0.540496 0.081479 -0.094921
-0.378252 0.066211 -0.096452
-0.472622 0.205784 -0.094685
-0.617505 0.067679 -0.094336
-0.483280 -0.053101 -0.096328
-0.546039 0.000648 -0.087414
-0.505927 -0.014716 -0.095871
-0.614760 0.073324 -0.086322
-0.626571 0.012215 -0.094628
-0.626860 0.067729 -0.094253
-0.524132 0.066127 -0.087168
-0.611265 0.150183 -0.085837
-0.432768 0.050043 -0.096080
-0.631761 0.092280 -0.094045
-0.569747 -0.043378 -0.087501
-0.523716 -0.040223 -0.087885
-0.579173 0.112373 -0.094373
-0.540222 0.046998 -0.087154
-0.497484 0.017877 -0.095726
-0.446063 -0.008316 -0.088354
-0.618709 0.058494 -0.086386
-0.524703 0.084588 -0.095039
-0.494839 0.147657 -0.086879
-0.375402 0.101772 -0.089547
-0.574405 0.054379 -0.094804
-0.521461 0.184019 -0.094401
-0.672325 0.078805 -0.085778
-0.485316 0.197514 -0.094628
-0.458129 0.019576 -0.096061
-0.556668 0.067017 -0.094876
-0.572289 0.088278 -0.086595
-0.583131 0.098602 -0.094431
-0.556361 -0.036546 -0.095573
-0.499709 0.190806 -0.086546
-0.463036 0.024635 -0.095984
-0.475244 0.065783 -0.087600
-0.598317 0.158210 -0.085897
-0.446230 0.181286 -0.087081
-0.555916 -0.016247 -0.095441
-0.376745 0.081333 -0.096364
-0.429466 0.076431 -0.095932
-0.446805 0.172718 -0.095134
-0.506072 0.126232 -0.094924
-0.430480 0.098344 -0.087776
-0.589904 0.061643 -0.094619
-0.508728 -0.010103 -0.087815
-0.476155 -0.062000 -0.088450
-0.556122 0.175819 -0.094151
-0.433292 -0.029451 -0.090112
-0.516798 0.155606 -0.094632
-0.446371 0.117287 -0.095509
-0.406773 0.009940 -0.088578
-0.541756 0.174290 -0.094287
-0.472073 -0.040680 -0.088342
-0.471397 0.201622 -0.094723
-0.523807 -0.068644 -0.096075
-0.469316 -0.007820 -0.096147
-0.474839 0.176085 -0.094864
-0.589205 0.053886 -0.094677
-0.602059 0.065188 -0.094488
-0.441768 0.043325 -0.096046
-0.477437 0.061522 -0.087610
-0.360782 0.047530 -0.096731
-0.466925 -0.017311 -0.088231
-0.578780 0.183173 -0.091573
-0.513624 0.163329 -0.094609
-0.399732 0.129972 -0.090691
-0.581214 0.059638 -0.086709
-0.662560 0.070408 -0.093921
-0.521662 0.006527 -0.087589
-0.340045 0.052690 -0.088878
-0.465639 -0.055247 -0.096497
-0.558032 0.001601 -0.095303
-0.599962 0.057073 -0.086561
-0.396420 0.097007 -0.096085
-0.538184 0.061340 -0.095077
-0.564063 0.032396 -0.095043
-0.622520 0.025500 -0.086574
-0.491274 0.007181 -0.087852
-0.506141 0.028444 -0.087579
-0.489279 -0.029061 -0.096114
-0.589632 -0.024697 -0.095201
-0.588956 0.066818 -0.094593
-0.415431 0.018606 -0.096444
-0.370970 0.076836 -0.088444
-0.563481 0.121883 -0.086447
-0.595457 0.156937 -0.093931
-0.519879 0.175506 -0.086471
-0.370576 0.036338 -0.096720
-0.457353 0.002793 -0.088180
-0.406635 -0.001451 -0.096656
-0.508694 0.078160 -0.087223
-0.366960 0.027797 -0.092313
-0.562056 0.158643 -0.086213
-0.480816 0.034037 -0.095765
-0.434903 0.159317 -0.095328
-0.596285 0.001219 -0.094968
-0.438096 -0.005612 -0.088406
-0.649133 0.080794 -0.093969
-0.545405 0.042289 -0.087140
-0.539332 0.164597 -0.086373
-0.456212 0.010740 -0.088137
-0.424203 0.149735 -0.095487
-0.451648 0.013770 -0.088157
-0.451714 0.004788 -0.096217
-0.467294 0.093507 -0.087484
-0.569699 0.140296 -0.086269
-0.486182 0.112408 -0.087191
-0.346742 0.045704 -0.088866
-0.484334 0.191756 -0.086675
-0.523968 0.079924 -0.095077
-0.532567 0.204915 -0.094163
-0.571507 0.020468 -0.087057
-0.606647 0.019060 -0.094757
-0.508485 -0.072632 -0.096237
-0.624622 0.027926 -0.094540
-0.580599 0.139942 -0.086175
-0.493335 0.077679 -0.087361
-0.556371 0.017065 -0.095213
-0.454300 0.056536 -0.095847
-0.443438 0.053789 -0.095961
-0.495998 0.113544 -0.087097
-0.482360 0.048734 -0.095653
-0.588842 0.018229 -0.086919
-0.543308 0.044026 -0.087147
-0.485592 0.029638 -0.087752
-0.439653 0.011529 -0.096278
-0.482472 0.010392 -0.087908
-0.510725 0.079310 -0.095198
-0.508066 0.163708 -0.094655
-0.483789 0.041810 -0.087686
-0.604459 0.080748 -0.094363
-0.551549 0.189675 -0.086097
-0.594158 0.007849 -0.086942
-0.525719 0.132271 -0.094710
-0.562148 0.197539 -0.092935
-0.482827 0.179593 -0.086770
-0.355594 0.048270 -0.088771
-0.554551 0.015500 -0.095240
-0.434851 0.120583 -0.087588
-0.582466 0.012267 -0.095016
-0.563475 0.004209 -0.095237
-0.499997 0.070342 -0.087352
-0.582368 -0.007940 -0.087152
-0.351132 0.049317 -0.088803
-0.583960 0.168520 -0.093955
-0.577667 -0.001267 -0.087148
-0.432108 0.138338 -0.095494
-0.462969 -0.009458 -0.096214
-0.554387 0.004195 -0.087317
-0.422528 0.095436 -0.087865
-0.423100 0.110566 -0.095759
-0.534189 -0.079325 -0.096055
-0.481005 0.076337 -0.087479
-0.449552 0.040142 -0.087999
-0.534784 0.147070 -0.094531
-0.485792 0.072473 -0.087463
-0.654185 0.072767 -0.093979
-0.420714 0.092877 -0.087899
-0.359939 0.063988 -0.088627
-0.521198 0.077797 -0.095116
-0.477842 0.212399 -0.094594
-0.568899 0.053186 -0.086860
-0.418356 -0.005271 -0.096578
-0.619576 0.014653 -0.086673
-0.683514 0.082188 -0.085657
-0.569863 0.094925 -0.094572
-0.538458 0.213160 -0.086055
-0.459765 -0.052306 -0.088805
-0.518704 0.022666 -0.095507
-0.574072 0.002780 -0.095153
-0.389765 0.047825 -0.096474
-0.381152 0.015562 -0.092824
-0.385242 0.030600 -0.088629
-0.577779 0.039654 -0.094873
-0.593943 -0.024891 -0.095164
-0.485794 0.153206 -0.094921
-0.505496 0.194646 -0.086470
-0.480285 0.013771 -0.095905
-0.497019 0.106928 -0.095133
-0.437910 0.078547 -0.095844
-0.488782 0.074469 -0.087423
-0.503772 0.199634 -0.094452
-0.559275 0.045422 -0.094998
-0.585403 0.151154 -0.086058
-0.574425 0.162930 -0.086076
-0.506676 0.040367 -0.095495
-0.671565 0.075360 -0.093808
-0.452559 0.154894 -0.095203
-0.414450 0.004657 -0.096546
-0.454447 0.010750 -0.088153
-0.474491 0.155801 -0.087003
-0.622592 0.081578 -0.086197
-0.535305 0.186099 -0.094265
-0.557032 0.057345 -0.086937
-0.622087 0.013375 -0.086659
-0.547129 0.184652 -0.094171
-0.461468 0.094724 -0.095528
-0.450805 0.036088 -0.096015
-0.546402 0.107551 -0.086694
-0.639920 0.030927 -0.086384
-0.549199 -0.056155 -0.095768
-0.498854 0.064717 -0.095400
-0.467972 0.027567 -0.087921
-0.385101 0.113003 -0.092722
-0.421632 0.068671 -0.096053
-0.460872 -0.051563 -0.096515
-0.413703 0.021699 -0.096438
-0.419197 0.143187 -0.087574
-0.403722 0.133729 -0.095775
-0.473328 -0.027844 -0.088245
-0.620737 0.038668 -0.086501
-0.456987 0.072964 -0.095713
-0.596653 0.137741 -0.094049
-0.460534 0.157166 -0.087117
-0.570404 -0.022278 -0.087353
-0.596513 0.111744 -0.094225
-0.543104 -0.024520 -0.095609
-0.641846 0.120640 -0.093766
-0.448354 0.156620 -0.087228
-0.447414 0.125448 -0.095446
-0.497873 -0.001263 -0.087851
-0.464775 0.010582 -0.088063
-0.619121 0.109259 -0.094043
-0.577826 0.184030 -0.093873
-0.548127 -0.008582 -0.095458
-0.448902 0.079586 -0.087740
-0.389412 0.117999 -0.093117
-0.603889 0.120123 -0.086103
-0.636865 0.076484 -0.094106
-0.450104 0.180512 -0.087052
-0.445849 -0.033759 -0.096527
-0.515504 0.194296 -0.086384
-0.548883 0.203368 -0.094030
-0.495243 -0.023505 -0.096024
-0.686690 0.081422 -0.088824
-0.351471 0.045102 -0.088829
-0.356600 0.058465 -0.088694
-0.602537 0.137427 -0.085999
-0.519310 -0.067054 -0.096104
-0.453444 -0.015164 -0.088335
-0.495591 -0.083140 -0.093588
-0.588826 -0.025211 -0.087211
-0.425767 0.089454 -0.087877
-0.400589 0.038867 -0.096439
-0.495779 0.237825 -0.086265
-0.417266 -0.015556 -0.095102
-0.512675 0.183403 -0.086482
-0.436505 0.005082 -0.096349
-0.604436 -0.001444 -0.086914
-0.569818 0.067659 -0.094756
-0.525721 -0.099013 -0.096262
-0.628411 0.115429 -0.085919
-0.482055 0.179817 -0.094776
-0.540949 -0.022889 -0.095617
-0.481777 0.018732 -0.087858
-0.508666 0.057610 -0.087361
-0.556754 0.158973 -0.086258
-0.618282 0.115623 -0.086007
-0.411712 0.103981 -0.095904
-0.380698 0.058918 -0.088479
-0.510000 -0.071049 -0.088212
-0.630812 0.071323 -0.086194
-0.555893 0.159534 -0.094262
-0.442695 0.179780 -0.089379
-0.561029 -0.027888 -0.087474
-0.509565 -0.053502 -0.096099
-0.520745 -0.088442 -0.088234
-0.440267 -0.031494 -0.088561
-0.545555 0.167743 -0.086297
-0.431326 0.127758 -0.095572
-0.538542 0.137867 -0.086560
-0.550004 -0.066114 -0.087827
-0.529292 -0.007649 -0.087617
-0.425865 -0.004475 -0.088506
-0.564473 -0.025577 -0.087428
-0.480752 0.223313 -0.094496
-0.500864 0.127101 -0.094964
-0.479131 0.171583 -0.086856
-0.484580 0.021436 -0.095816
-0.494942 0.154776 -0.086830
-0.511454 0.095732 -0.095081
-0.644322 0.087145 -0.093969
-0.481778 0.131027 -0.095106
-0.580957 -0.031090 -0.095320
-0.406873 0.075277 -0.096139
-0.450432 -0.024254 -0.088423
-0.579606 0.009829 -0.095057
-0.479960 0.053316 -0.095643
-0.581525 0.029244 -0.086910
-0.360157 0.071731 -0.088574
-0.435126 0.097228 -0.087743
-0.520337 -0.026581 -0.087823
-0.503186 0.072136 -0.087312
-0.442857 -0.014935 -0.096427
-0.675010 0.096708 -0.085634
-0.551707 -0.049739 -0.087702
-0.584013 0.168620 -0.085953
-0.639903 0.042589 -0.094307
-0.466415 0.108242 -0.095394
-0.529465 -0.046351 -0.095876
-0.472887 0.087039 -0.087478
-0.572545 0.054742 -0.086818
-0.408378 0.003520 -0.088607
-0.385590 0.070404 -0.096359
-0.450112 0.178737 -0.095064
-0.530178 0.143434 -0.086596
-0.511355 0.099151 -0.095059
-0.484032 0.002290 -0.095949
-0.531140 0.187889 -0.086289
-0.452622 0.191286 -0.090087
-0.486230 0.126274 -0.095098
-0.486328 -0.075179 -0.091534
-0.479494 0.037810 -0.095751
-0.559616 -0.062000 -0.087715
-0.678689 0.093157 -0.093626
-0.593703 0.167249 -0.093877
-0.499065 0.169259 -0.086696
-0.383950 0.097441 -0.088192
-0.376571 0.048430 -0.096586
-0.388586 0.075221 -0.088300
-0.556561 0.012652 -0.095241
-0.554260 0.029639 -0.087147
-0.540353 -0.071083 -0.087945
-0.473837 0.143050 -0.095095
-0.565720 0.111823 -0.086495
-0.419513 -0.017571 -0.089726
-0.521147 0.004018 -0.095611
-0.559820 0.178680 -0.094099
-0.620082 0.006828 -0.086721
-0.558238 0.010632 -0.087240
-0.622015 0.102512 -0.086062
-0.512589 0.039433 -0.087448
-0.619924 0.045397 -0.094464
-0.616413 0.143003 -0.093840
-0.461963 0.119793 -0.087355
-0.487103 0.143485 -0.094975
-0.538223 -0.043002 -0.087776
-0.437989 0.043072 -0.096081
-0.622827 0.110082 -0.086004
-0.536693 0.003679 -0.095476
-0.392135 0.078489 -0.088247
-0.516935 0.078216 -0.095150
-0.557091 0.087370 -0.086735
-0.427320 0.028349 -0.096274
-0.498317 0.120478 -0.095031
-0.554382 0.171003 -0.086198
-0.353263 0.039999 -0.096848
-0.670386 0.062524 -0.088143
-0.499974 0.240475 -0.086211
-0.437228 0.160703 -0.095299
-0.550693 0.010520 -0.087307
-0.531919 0.096493 -0.086895
-0.467132 0.079798 -0.087578
-0.621152 0.047303 -0.086440
-0.656578 0.106140 -0.093734
-0.611527 0.006664 -0.086797
-0.623972 0.023092 -0.094578
-0.489726 0.200998 -0.086566
-0.633656 0.107799 -0.085924
-0.497638 -0.046093 -0.088154
-0.586670 0.005168 -0.087026
-0.573049 -0.041721 -0.095461
-0.552697 0.079379 -0.086827
-0.471631 0.036514 -0.087828
-0.541104 0.138486 -0.086533
-0.504474 -0.080129 -0.096322
-0.537722 0.165369 -0.086382
-0.366311 0.049156 -0.088671
-0.664648 0.102814 -0.085685
-0.513104 -0.007889 -0.095762
-0.442049 -0.013211 -0.088422
-0.497504 0.199948 -0.086504
-0.361961 0.036576 -0.088794
-0.510735 0.187074 -0.094475
-0.542520 -0.023535 -0.095608
-0.493291 -0.016329 -0.087992
-0.539073 0.201042 -0.094132
-0.635214 0.081480 -0.094087
-0.637747 0.120471 -0.085803
-0.480670 0.190091 -0.086719
-0.625632 0.095236 -0.086079
-0.502015 -0.015668 -0.095912
-0.539222 0.162923 -0.086385
-0.359460 0.083272 -0.094788
-0.559198 0.033549 -0.087077
-0.500177 0.234534 -0.086249
-0.561308 0.144611 -0.094314
-0.456588 -0.024013 -0.096367
-0.559504 0.019526 -0.095169
-0.355225 0.043763 -0.096805
-0.350978 0.041598 -0.093386
-0.374116 0.034438 -0.088701
-0.496119 0.216294 -0.094407
-0.514573 -0.059946 -0.096098
-0.518752 0.232211 -0.086101
-0.388365 0.088540 -0.088212
-0.574205 0.143293 -0.094210
-0.623838 0.037406 -0.094483
-0.639787 0.027031 -0.093939
-0.619386 0.028131 -0.094584
-0.544541 -0.077567 -0.095952
-0.628269 0.140423 -0.087200
-0.511155 0.210110 -0.086316
-0.560526 -0.012332 -0.095374
-0.576890 0.160652 -0.094070
-0.368691 0.067448 -0.088527
-0.533876 -0.037402 -0.095777
-0.528580 0.039609 -0.095307
-0.450596 0.176671 -0.087073
-0.532571 0.025801 -0.087364
-0.569535 0.174391 -0.086042
-0.581999 0.132263 -0.086215
-0.549146 0.072265 -0.094907
-0.437412 0.143110 -0.087415
-0.385972 0.094154 -0.096196
-0.408053 0.078898 -0.096104
-0.517302 0.034774 -0.095439
-0.628373 0.063285 -0.094270
-0.467874 -0.046135 -0.096416
-0.533123 0.152780 -0.086507
-0.442723 -0.030504 -0.096533
-0.521814 -0.022848 -0.087785
-0.498680 -0.042264 -0.088119
-0.410457 -0.005659 -0.096650
-0.450928 0.129195 -0.095389
-0.517371 0.215162 -0.094228
-0.372864 0.094954 -0.096306
-0.510862 0.107766 -0.087005
-0.348201 0.060228 -0.088756
-0.517127 -0.081621 -0.096221
-0.558997 0.200159 -0.085996
-0.506880 0.197493 -0.094439
-0.624878 0.126430 -0.093877
-0.408166 0.091165 -0.096021
-0.524260 0.173024 -0.086449
-0.537736 -0.028233 -0.087681
-0.562385 -0.023450 -0.087432
-0.424576 0.092981 -0.095864
-0.583531 0.137464 -0.094167
-0.503511 0.189566 -0.094522
-0.449268 0.125607 -0.095428
-0.445343 0.018035 -0.096184
-0.626954 0.024402 -0.094543
-0.508389 0.035596 -0.087511
-0.494384 0.101502 -0.095193
-0.450185 0.025881 -0.088089
-0.601894 0.024953 -0.094760
-0.467739 0.056102 -0.087731
-0.538473 -0.022999 -0.095640
-0.469768 0.162475 -0.087000
-0.393898 0.123205 -0.091485
-0.551004 0.024372 -0.095212
-0.490455 0.021127 -0.087766
-0.388033 0.021085 -0.096668
-0.425858 0.087129 -0.087892
-0.430664 0.117267 -0.087647
-0.491023 0.204961 -0.086528
-0.466581 0.191068 -0.094837
-0.468966 0.027934 -0.087910
-0.498214 -0.083160 -0.096398
-0.548820 -0.007964 -0.095448
-0.484468 -0.064249 -0.088391
-0.441629 0.008055 -0.088284
-0.641275 0.081004 -0.094037
-0.464642 0.130255 -0.087261
-0.426238 0.138405 -0.095545
-0.524418 0.096661 -0.086960
-0.644409 0.064921 -0.094117
-0.647778 0.047807 -0.094203
-0.421907 0.116784 -0.087728
-0.538675 0.148579 -0.086486
-0.626851 0.020607 -0.094569
-0.487771 0.099207 -0.095266
-0.406432 0.018460 -0.088524
-0.415151 0.102889 -0.095881
-0.476963 0.059465 -0.095628
-0.417099 0.105738 -0.095845
-0.488560 -0.076846 -0.088440
-0.458547 0.110067 -0.095451
-0.474851 0.192804 -0.086752
-0.474421 -0.058262 -0.096440
-0.656579 0.088264 -0.085853
-0.522818 -0.040556 -0.095895
-0.441024 0.060939 -0.087934
-0.342990 0.064189 -0.092231
-0.520011 0.086335 -0.095069
-0.531149 0.185356 -0.094307
-0.401194 0.104993 -0.087989
-0.454580 0.056243 -0.095847
-0.485272 0.132252 -0.095067
-0.553075 -0.056173 -0.095734
-0.537096 0.197773 -0.086170
-0.581378 -0.031407 -0.095318
-0.525371 -0.065601 -0.096041
-0.444235 0.026948 -0.088134
-0.621415 0.084776 -0.094187
-0.540368 -0.032870 -0.095689
-0.580567 -0.019191 -0.087243
-0.525882 -0.051827 -0.095944
-0.548957 -0.078263 -0.093941
-0.487320 -0.023954 -0.088096
-0.392704 0.085658 -0.096194
-0.412596 0.088518 -0.087999
-0.571485 0.030813 -0.086988
-0.560866 -0.000195 -0.095290
-0.646252 0.043131 -0.094247
-0.547216 -0.031448 -0.095619
-0.446279 0.181932 -0.095077
-0.468554 0.070350 -0.095629
-0.417740 -0.004349 -0.088577
-0.453218 0.051015 -0.095894
-0.555117 -0.031679 -0.087551
-0.469467 0.107313 -0.095373
-0.570557 -0.041837 -0.087483
-0.536470 0.053091 -0.087146
-0.582915 0.010397 -0.087024
-0.501367 0.232381 -0.086253
-0.417753 -0.005436 -0.096585
-0.542634 0.193442 -0.094151
-0.426976 0.035568 -0.088228
-0.470154 0.113488 -0.095326
-0.629525 0.072058 -0.086200
-0.437418 0.077874 -0.087852
-0.546290 0.022615 -0.087264
-0.472695 0.108220 -0.087338
-0.408075 -0.007660 -0.092937
-0.577284 0.060095 -0.086740
-0.618687 0.050842 -0.094438
-0.469952 0.211386 -0.086670
-0.402773 0.013875 -0.088587
-0.538699 0.217759 -0.092423
-0.614099 0.098474 -0.094159
-0.431487 -0.012291 -0.088509
-0.594248 0.096285 -0.086348
-0.500399 0.131659 -0.086937
-0.527989 0.183264 -0.086348
-0.579633 0.174132 -0.085955
-0.592416 0.044875 -0.086709
-0.449061 -0.043040 -0.091089
-0.385895 0.076160 -0.088317
-0.505523 0.139024 -0.094843
-0.545608 0.035082 -0.095187
-0.555806 0.027245 -0.087150
-0.367016 0.083122 -0.096437
-0.631093 0.125941 -0.085825
-0.363529 0.088005 -0.090190
-0.558236 0.108272 -0.094585
-0.534193 0.173941 -0.086356
-0.596519 0.154686 -0.085936
-0.593994 0.011122 -0.094922
-0.660935 0.100341 -0.085734
-0.428170 0.023280 -0.088300
-0.625205 0.026768 -0.094542
-0.398003 0.110912 -0.095978
-0.502704 0.045020 -0.087498
-0.571506 0.109874 -0.086457
-0.555290 0.062121 -0.094921
-0.483355 -0.014649 -0.088068
-0.470259 0.101900 -0.095402
-0.492173 0.202263 -0.086536
-0.462711 0.086201 -0.095574
-0.474826 -0.050023 -0.088381
-0.458354 0.094949 -0.087553
-0.370721 0.039105 -0.088699
-0.375309 0.069486 -0.088455
-0.404270 0.107952 -0.095943
-0.486338 0.005715 -0.087906
-0.628670 0.076832 -0.094176
-0.572898 0.003800 -0.095157
-0.576329 0.090090 -0.086547
-0.596305 0.050845 -0.086635
-0.644259 0.032221 -0.092251
-0.530076 0.177198 -0.094371
-0.441035 0.070231 -0.095872
-0.433553 0.160194 -0.087334
-0.422522 -0.020098 -0.094553
-0.469004 0.133512 -0.087201
-0.490514 0.051764 -0.095560
-0.557349 0.064050 -0.086889
-0.453586 0.142134 -0.087279
-0.552128 0.105264 -0.094659
-0.529788 0.169002 -0.086428
-0.516639 0.034237 -0.095448
-0.570790 0.081504 -0.086654
-0.507202 0.012338 -0.087678
-0.550571 0.012523 -0.095295
-0.352340 0.057274 -0.088739
-0.581505 0.180773 -0.093894
-0.412341 0.032816 -0.096376
-0.569298 -0.008121 -0.095269
-0.442172 0.049573 -0.096001
-0.447084 0.156218 -0.095242
-0.626664 0.061120 -0.086299
-0.444385 0.059408 -0.095915
-0.457679 0.188485 -0.094932
-0.604800 0.043832 -0.086607
-0.480151 0.010783 -0.087926
-0.541211 0.014517 -0.095364
-0.559818 -0.065667 -0.092628
-0.630956 0.078174 -0.094147
-0.646413 0.118046 -0.085743
-0.469760 0.049384 -0.087759
-0.584565 0.058105 -0.086689
-0.547771 0.173454 -0.086240
-0.519322 0.234426 -0.089162
-0.395946 0.016612 -0.096629
-0.484767 -0.057136 -0.096342
-0.507600 0.154077 -0.094724
-0.464267 0.167268 -0.087016
-0.596098 0.156141 -0.093931
-0.539514 0.095885 -0.094833
-0.444810 -0.027073 -0.096492
-0.548470 0.096222 -0.086752
-0.535428 0.210030 -0.094103
-0.554477 -0.059959 -0.087746
-0.532091 0.115947 -0.086763
-0.487606 0.132019 -0.095048
-0.475102 -0.041404 -0.088321
-0.475108 0.196927 -0.094722
-0.555978 0.106733 -0.086615
-0.658157 0.093056 -0.085807
-0.518895 0.017281 -0.095542
-0.472597 0.198300 -0.094735
-0.535052 0.117938 -0.086724
-0.484760 -0.020959 -0.088098
-0.413278 0.055771 -0.088213
-0.512832 -0.012729 -0.095797
-0.568210 -0.042861 -0.095511
-0.506087 0.231239 -0.094219
-0.690503 0.086767 -0.089093
-0.520511 0.047823 -0.087322
-0.458309 0.064116 -0.095761
-0.570429 -0.053126 -0.087560
-0.506730 0.181841 -0.086545
-0.507692 0.143801 -0.094792
-0.473233 0.113136 -0.095301
-0.685408 0.091185 -0.090684
-0.466965 0.044742 -0.087814
-0.547912 0.144103 -0.094436
-0.471436 0.213087 -0.092746
-0.567035 0.035588 -0.094995
-0.534150 0.006098 -0.095483
-0.459605 0.014268 -0.088084
-0.540542 0.135853 -0.094556
-0.511225 -0.073625 -0.096219
-0.367815 0.027047 -0.091498
-0.452427 0.023020 -0.088088
-0.428476 0.044338 -0.096156
-0.406993 0.057859 -0.088254
-0.450094 0.171954 -0.087109
-0.542986 0.187469 -0.086188
-0.586731 -0.001791 -0.095073
-0.455850 0.049598 -0.095880
-0.508518 0.017034 -0.087634
-0.636979 0.070562 -0.086144
-0.491974 0.089992 -0.087291
-0.545755 0.034939 -0.087187
-0.554366 0.036136 -0.087103
-0.357323 0.046066 -0.096771
-0.530454 0.138144 -0.094629
-0.666782 0.099776 -0.085686
-0.373447 0.022252 -0.095828
-0.494507 0.141095 -0.086926
-0.478758 -0.068619 -0.093635
-0.521542 0.107098 -0.086916
-0.549193 -0.047357 -0.087708
-0.528952 0.209292 -0.094165
-0.577717 0.064840 -0.086705
-0.556384 0.188620 -0.086062
-0.524891 0.131870 -0.086720
-0.543465 0.056733 -0.087060
-0.624471 0.129958 -0.085856
-0.538009 0.210819 -0.094075
-0.451808 0.162390 -0.087159
-0.488355 0.067463 -0.095474
-0.585304 0.146225 -0.086092
-0.511947 0.148533 -0.094723
-0.378303 0.096041 -0.088251
-0.527530 0.096259 -0.086936
-0.484373 -0.004682 -0.095993
-0.615312 0.014916 -0.086709
-0.437790 0.174099 -0.087885
-0.547114 0.035078 -0.095174
-0.495900 0.178076 -0.086665
-0.600344 0.053081 -0.094585
-0.538406 0.097300 -0.094833
-0.515656 0.187615 -0.086427
-0.467574 0.012525 -0.088025
-0.477384 0.118972 -0.087225
-0.438459 0.162486 -0.087275
-0.521580 0.200074 -0.086292
-0.510644 0.013532 -0.095640
-0.530578 0.215425 -0.086109
-0.505798 0.098811 -0.087110
-0.547065 0.183142 -0.094181
-0.515340 0.200679 -0.094343
-0.414411 -0.010705 -0.096649
-0.487836 0.174702 -0.094759
-0.401321 -0.001804 -0.095051
-0.437880 0.123356 -0.095544
-0.418666 0.132614 -0.095651
-0.379185 0.046584 -0.088575
-0.497505 -0.047548 -0.096165
-0.542816 0.201687 -0.086094
-0.536049 -0.001419 -0.087516
-0.478761 0.047509 -0.095692
-0.495234 0.087968 -0.095276
-0.479742 -0.054056 -0.096365
-0.516303 0.087189 -0.095096
-0.522134 -0.039685 -0.095896
-0.631540 0.017497 -0.086665
-0.625948 0.058200 -0.094325
-0.519522 0.095286 -0.095013
-0.626714 0.131533 -0.093826
-0.532129 -0.029588 -0.095740
-0.445457 -0.011955 -0.096385
-0.633970 0.022454 -0.094494
-0.468316 -0.059598 -0.094618
-0.561290 0.198263 -0.091758
-0.408678 0.048780 -0.088300
-0.578337 0.162251 -0.094046
-0.644323 0.126636 -0.091485
-0.525330 0.090098 -0.086996
-0.542352 0.010686 -0.087379
-0.502207 0.197759 -0.094478
-0.591006 -0.027985 -0.087210
-0.390681 0.087009 -0.088202
-0.415188 0.012119 -0.096489
-0.454493 0.105920 -0.095514
-0.476105 0.043892 -0.095740
-0.579781 0.104998 -0.094417
-0.621968 0.069141 -0.094287
-0.476826 -0.037928 -0.096283
-0.556785 0.183947 -0.086090
-0.495101 0.240516 -0.093924
-0.550955 0.059045 -0.094980
-0.456667 0.039059 -0.087943
-0.502223 0.068472 -0.095345
-0.596096 0.053350 -0.086620
-0.554938 -0.071326 -0.092898
-0.577858 0.075616 -0.086631
-0.450757 0.189131 -0.088147
-0.626611 0.045105 -0.094407
-0.465734 0.170143 -0.094984
-0.358106 0.054163 -0.096710
-0.665512 0.088590 -0.093773
-0.445735 0.107503 -0.095581
-0.495417 0.107654 -0.087142
-0.519681 0.049906 -0.087316
-0.496058 0.086761 -0.095277
-0.470563 -0.053072 -0.096439
-0.492109 -0.062684 -0.088314
-0.603762 0.067548 -0.094458
-0.579127 0.046869 -0.094813
-0.490166 0.015578 -0.087806
-0.480621 0.049195 -0.087664
-0.356980 0.046328 -0.088772
-0.468096 0.011343 -0.096029
-0.613458 0.153269 -0.092133
-0.558324 0.115865 -0.086533
-0.496932 0.212074 -0.086428
-0.468570 0.161439 -0.087017
-0.606403 0.159369 -0.093176
-0.490466 0.098802 -0.087245
-0.484900 0.132304 -0.095070
-0.510770 0.194246 -0.086426
-0.359330 0.082667 -0.088507
-0.648798 0.074913 -0.094012
-0.466631 0.157701 -0.087060
-0.612578 0.153965 -0.087697
-0.553035 -0.061709 -0.095771
-0.424257 0.069035 -0.096028
-0.532039 -0.034932 -0.087776
-0.509771 0.110253 -0.086998
-0.444116 0.068658 -0.087855
-0.440768 0.051860 -0.087997
-0.489946 0.125172 -0.095073
-0.496684 -0.002002 -0.095867
-0.527101 0.149762 -0.086580
-0.648891 0.044129 -0.086217
-0.399775 0.046827 -0.088392
-0.659556 0.066647 -0.085972
-0.431353 0.040598 -0.088156
-0.461890 0.166499 -0.095043
-0.384954 0.031751 -0.088623
-0.363000 0.042869 -0.088742
-0.511776 0.215247 -0.094277
-0.552895 0.019533 -0.087227
-0.492682 0.066288 -0.087443
-0.374702 0.071149 -0.088449
-0.387918 0.071366 -0.088332
-0.508758 0.203855 -0.094380
-0.417974 0.041717 -0.096266
-0.475309 0.017951 -0.095921
-0.451743 0.004155 -0.088221
-0.545251 0.024077 -0.095264
-0.579493 -0.021093 -0.087265
-0.580126 0.082242 -0.086567
-0.545868 -0.080558 -0.095961
-0.437168 0.142532 -0.087421
-0.482564 0.086989 -0.095394
-0.496399 0.206854 -0.086468
-0.469305 0.012883 -0.088007
-0.505051 -0.090991 -0.088390
-0.511349 0.150969 -0.094712
-0.372739 0.084592 -0.088377
-0.401493 0.116980 -0.087906
-0.379454 0.052907 -0.088530
-0.515679 0.184973 -0.086445
-0.365946 0.079816 -0.096469
-0.579213 0.174749 -0.085954
-0.683259 0.083712 -0.093649
-0.485672 -0.009373 -0.088013
-0.559056 0.198730 -0.085971
-0.447877 -0.006826 -0.096329
-0.428405 0.022511 -0.088303
-0.515518 0.191730 -0.086401
-0.471090 -0.020324 -0.096215
-0.420064 -0.017670 -0.088646
-0.459545 0.178701 -0.094982
-0.370051 0.092115 -0.096350
-0.424413 0.158592 -0.087877
-0.557963 0.111922 -0.086563
-0.619662 0.122352 -0.093950
-0.591063 -0.029445 -0.092214
-0.558232 0.180520 -0.086100
-0.485017 0.169114 -0.086821
-0.519097 0.089198 -0.095058
-0.525117 0.086611 -0.087022
-0.651247 0.057328 -0.094108
-0.492163 0.183358 -0.086663
-0.357364 0.036075 -0.092371
-0.535220 -0.005375 -0.095550
-0.458481 0.147777 -0.087198
-0.582422 0.089335 -0.086499
-0.507196 0.184090 -0.094526
-0.439582 -0.034796 -0.095792
-0.450972 0.142345 -0.095301
-0.477829 -0.045345 -0.096324
-0.535559 -0.034525 -0.087742
-0.617284 0.130657 -0.085915
-0.594647 0.081056 -0.094447
-0.421471 0.070773 -0.096041
-0.599538 -0.019605 -0.087593
-0.455050 0.097369 -0.087566
-0.389068 0.021029 -0.096660
-0.533938 0.206522 -0.086139
-0.528624 0.212723 -0.094145
-0.584386 -0.016759 -0.095194
-0.614301 0.021322 -0.094675
-0.405313 0.136430 -0.093638
-0.546281 0.150464 -0.086407
-0.414372 0.062997 -0.088155
-0.545396 0.068111 -0.094968
-0.576035 0.012600 -0.095070
-0.426085 0.017459 -0.088357
-0.521746 0.085667 -0.087058
-0.480609 -0.021263 -0.088137
-0.490594 0.193747 -0.094607
-0.350836 0.071201 -0.096660
-0.595288 0.122168 -0.094166
-0.446128 0.144015 -0.087332
-0.605719 0.017100 -0.094779
-0.502935 0.179760 -0.094592
-0.616855 0.122462 -0.085973
-0.489447 0.059061 -0.087520
-0.462777 0.161383 -0.087069
-0.622747 0.022566 -0.094592
-0.519876 -0.093712 -0.088277
-0.386929 0.028910 -0.088625
-0.470958 -0.060125 -0.096483
-0.641797 0.050899 -0.086234
-0.466158 0.205956 -0.094740
-0.614559 -0.002191 -0.087240
-0.494158 -0.028552 -0.096067
-0.473632 0.153263 -0.087028
-0.564679 -0.020601 -0.087393
-0.560020 0.029800 -0.095096
-0.630893 0.039769 -0.086405
-0.655962 0.093389 -0.085824
-0.422037 0.055273 -0.088139
-0.535986 0.181961 -0.086286
-0.508848 0.231976 -0.094190
-0.464723 -0.048954 -0.088463
-0.458946 -0.045189 -0.096489
-0.589095 0.141347 -0.086091
-0.573615 0.018845 -0.087049
-0.438772 -0.019260 -0.088492
-0.499333 -0.069399 -0.088295
-0.371065 0.029260 -0.096763
-0.590080 -0.030588 -0.093011
-0.526807 0.091390 -0.086975
-0.343424 0.048112 -0.093207
-0.539755 -0.088933 -0.095024
-0.486209 0.230228 -0.087981
-0.542577 0.123018 -0.086624
-0.379024 0.091409 -0.088275
-0.533414 0.212219 -0.094106
-0.454921 0.001408 -0.096212
-0.469932 0.129161 -0.095222
-0.453731 -0.019750 -0.088364
-0.575630 0.034106 -0.086929
-0.479980 0.060514 -0.095594
-0.436904 -0.000208 -0.088381
-0.591004 0.017476 -0.086905
-0.531080 0.159631 -0.086479
-0.568750 0.066217 -0.086774
-0.672028 0.065332 -0.085871
-0.402755 0.000620 -0.096676
-0.435341 0.055324 -0.088022
-0.527968 0.028672 -0.087385
-0.417780 0.047829 -0.096227
-0.537494 0.097613 -0.094839
-0.532773 0.050173 -0.095199
-0.464518 0.019826 -0.088003
-0.387926 0.066093 -0.088367
-0.513134 -0.098315 -0.090657
-0.620871 0.012300 -0.094678
-0.512130 0.087684 -0.087129
-0.604539 0.016414 -0.094794
-0.516617 0.231276 -0.086126
-0.645969 0.045659 -0.094233
-0.477217 0.009627 -0.095960
-0.385253 0.084380 -0.096268
-0.553660 -0.012929 -0.095439
-0.503186 0.054086 -0.087433
-0.472456 0.072893 -0.095578
-0.434230 -0.005900 -0.088442
-0.624103 0.084977 -0.094162
-0.399560 0.060468 -0.088302
-0.604817 0.146487 -0.093919
-0.514225 -0.009869 -0.095765
-0.470514 -0.037543 -0.088335
-0.581351 -0.040714 -0.095270
-0.395583 0.112932 -0.087985
-0.665973 0.057631 -0.093976
-0.483954 0.086962 -0.095382
-0.492853 0.201364 -0.086536
-0.530092 0.050435 -0.095221
-0.414266 0.052825 -0.096225
-0.436228 0.051926 -0.096037
-0.521109 0.129876 -0.086767
-0.503117 -0.015570 -0.095901
-0.523608 -0.040165 -0.095886
-0.494331 0.059823 -0.087472
-0.357880 0.035642 -0.093199
-0.469034 0.118490 -0.087301
-0.511272 0.186922 -0.094471
-0.593711 0.112442 -0.094245
-0.546442 0.176552 -0.086230
-0.544545 0.127685 -0.086575
-0.396941 0.084092 -0.096167
-0.347225 0.069099 -0.092024
-0.660783 0.066090 -0.093965
-0.621963 0.018699 -0.094625
-0.506269 0.166208 -0.086654
-0.488544 0.070952 -0.095449
-0.462116 0.064463 -0.087725
-0.456393 0.087893 -0.087618
-0.497167 0.084602 -0.095282
-0.395980 0.039222 -0.088476
-0.568983 0.115612 -0.086441
-0.587543 0.102268 -0.086367
-0.486253 0.102459 -0.095258
-0.453287 0.067368 -0.095783
-0.459709 0.174529 -0.095008
-0.680636 0.077384 -0.093715
-0.520004 -0.047462 -0.095966
-0.469727 0.195346 -0.094780
-0.624725 0.138106 -0.093800
-0.581451 0.081928 -0.094558
-0.512145 -0.028469 -0.087908
-0.620265 0.073634 -0.086271
-0.477354 -0.000047 -0.096024
-0.484306 0.058833 -0.087567
-0.429576 0.162002 -0.095357
-0.508227 0.133863 -0.086853
-0.654110 0.061570 -0.094054
-0.525527 -0.054701 -0.095966
-0.564494 0.031919 -0.095042
-0.484230 0.150455 -0.086953
-0.568648 -0.039125 -0.087482
-0.496310 0.030837 -0.095650
-0.502141 0.033137 -0.087583
-0.437682 0.126852 -0.087521
-0.451873 0.102955 -0.095557
-0.527383 -0.035241 -0.087819
-0.512270 0.076181 -0.087205
-0.581371 0.136912 -0.086189
-0.610041 0.068698 -0.094395
-0.541882 -0.008496 -0.087512
-0.454103 0.170100 -0.087087
-0.633262 0.049877 -0.086316
-0.469908 0.048047 -0.095767
-0.619479 0.071464 -0.086292
-0.511928 -0.063602 -0.096146
-0.635003 0.127852 -0.085778
-0.461464 -0.053672 -0.095765
-0.578932 0.153541 -0.086099
-0.501868 0.077447 -0.087288
-0.485528 0.116804 -0.087168
-0.383249 0.037893 -0.088597
-0.415384 0.099658 -0.095901
-0.534770 -0.042018 -0.087799
-0.351168 0.060431 -0.096729
-0.514036 0.063604 -0.095274
-0.523612 0.230767 -0.091987
-0.403288 0.105396 -0.095969
-0.486078 0.092625 -0.087325
-0.482167 0.127410 -0.095126
-0.613307 0.034888 -0.094593
-0.519680 0.234100 -0.087903
-0.396055 0.055501 -0.096367
-0.566796 0.132681 -0.094346
-0.569503 0.159522 -0.086142
-0.425143 0.116315 -0.095703
-0.371899 0.029030 -0.096757
-0.521616 0.186043 -0.094386
-0.437720 -0.031044 -0.096581
-0.558214 -0.027552 -0.087496
-0.539442 0.090908 -0.086867
-0.636910 0.035449 -0.094381
-0.498123 0.152037 -0.086820
-0.554983 -0.002065 -0.087354
-0.645188 0.104633 -0.093844
-0.623174 0.026831 -0.094560
-0.509774 0.191070 -0.094456
-0.486696 0.005158 -0.095907
-0.549431 -0.075506 -0.095896
-0.600533 0.164328 -0.093837
-0.569828 0.093012 -0.086585
-0.581842 0.068408 -0.094645
-0.641155 0.096184 -0.093936
-0.394000 0.036284 -0.088513
-0.514996 0.124126 -0.094859
-0.522029 0.019382 -0.095500
-0.489486 -0.037213 -0.088166
-0.500698 0.135203 -0.086911
-0.481148 0.170637 -0.094845
-0.508059 -0.029240 -0.087949
-0.449685 0.164165 -0.095166
-0.530092 0.217421 -0.086100
-0.588388 0.137236 -0.094125
-0.460224 0.177536 -0.094983
-0.582063 0.106736 -0.094386
-0.664152 0.091326 -0.085766
-0.569565 0.059259 -0.094814
-0.422167 0.118633 -0.087713
-0.489973 0.162503 -0.086822
-0.382984 0.016595 -0.088742
-0.368623 0.031386 -0.088770
-0.460186 -0.035661 -0.096414
-0.653800 0.043282 -0.092139
-0.489435 0.151000 -0.086904
-0.660464 0.080729 -0.085870
-0.658428 0.114425 -0.088449
-0.464484 0.085403 -0.087563
-0.463771 0.072465 -0.095657
-0.475453 -0.025063 -0.088208
-0.433699 -0.011591 -0.088485
-0.576093 0.069662 -0.086687
-0.359503 0.056550 -0.088681
-0.492114 0.228896 -0.094358
-0.550798 -0.042409 -0.095661
-0.641105 0.059076 -0.086185
-0.617032 0.035024 -0.086558
-0.426738 0.161279 -0.090330
-0.461724 0.065797 -0.095720
-0.339050 0.051895 -0.093918
-0.418991 0.116915 -0.095753
-0.446520 0.024889 -0.096128
-0.498587 0.100310 -0.095164
-0.467312 0.138996 -0.095179
-0.472915 0.214820 -0.087675
-0.460557 -0.011593 -0.088249
-0.539135 0.059921 -0.095078
-0.621930 0.061957 -0.094335
-0.541031 0.022769 -0.087310
-0.519592 0.195944 -0.086337
-0.434195 0.137476 -0.095481
-0.359732 0.079294 -0.088527
-0.573412 0.102383 -0.094491
-0.640782 0.038625 -0.094326
-0.504874 0.142290 -0.086826
-0.385343 0.042247 -0.096550
-0.553998 0.016225 -0.087239
-0.385488 0.065603 -0.088392
-0.460297 0.003457 -0.096151
-0.414261 0.065035 -0.088142
-0.567086 0.149515 -0.094231
-0.417675 0.006897 -0.096503
-0.543435 -0.037226 -0.095692
-0.532674 0.042291 -0.095253
-0.681536 0.084841 -0.085656
-0.572976 0.119405 -0.086380
-0.403066 0.120856 -0.095867
-0.414456 -0.013219 -0.089050
-0.487415 0.212089 -0.094512
-0.622337 0.024570 -0.094582
-0.508290 -0.075615 -0.088258
-0.600779 0.130760 -0.086059
-0.407298 0.097967 -0.087983
-0.617708 0.005185 -0.086753
-0.576232 0.160256 -0.094078
-0.477575 0.148091 -0.095028
-0.498658 0.002907 -0.087816
-0.627455 0.114644 -0.085933
-0.564656 -0.046670 -0.095568
-0.562675 -0.009093 -0.087333
-0.468019 0.187102 -0.086850
-0.535158 -0.047595 -0.087833
-0.538930 0.136110 -0.086568
-0.507590 -0.092788 -0.088379
-0.506433 0.004343 -0.095738
-0.505122 -0.037235 -0.096029
-0.473709 0.136488 -0.087140
-0.546386 0.034036 -0.095188
-0.379345 0.034451 -0.088655
-0.599541 0.065364 -0.094509
-0.421587 0.089471 -0.095914
-0.502735 0.036945 -0.087552
-0.514411 0.192795 -0.094404
-0.474859 0.133359 -0.095151
-0.518482 -0.004249 -0.087689
-0.499478 0.079186 -0.095298
-0.462258 0.163260 -0.087061
-0.620644 0.141670 -0.093812
-0.578432 0.039438 -0.086869
-0.477307 0.107583 -0.095302
-0.525442 -0.017037 -0.095715
-0.602626 0.075621 -0.094413
-0.397593 0.016770 -0.088613
-0.507414 0.025379 -0.095589
-0.442337 -0.036878 -0.096579
-0.506108 0.178983 -0.086569
-0.428157 0.062469 -0.088037
-0.573045 -0.034965 -0.087415
-0.584646 0.100795 -0.094403
-0.545919 0.003255 -0.095398
-0.507164 -0.049187 -0.088091
-0.361645 0.049074 -0.096713
-0.444121 0.049051 -0.087987
-0.462782 0.002132 -0.096138
-0.391496 0.082641 -0.088224
-0.637484 0.072792 -0.086125
-0.598554 0.102998 -0.094266
-0.517691 -0.005900 -0.087708
-0.506109 0.182023 -0.086549
-0.637222 0.050634 -0.094277
-0.430546 -0.011138 -0.096510
-0.393545 0.036885 -0.096514
-0.351792 0.072613 -0.096642
-0.437169 0.014412 -0.088280
-0.562470 0.031894 -0.087060
-0.587161 -0.029831 -0.087257
-0.450402 0.091194 -0.087649
-0.479934 0.081449 -0.095454
-0.657283 0.063132 -0.086016
-0.639238 0.048177 -0.094275
-0.445839 -0.024055 -0.088462
-0.425318 0.141175 -0.095535
-0.500558 0.132857 -0.094928
-0.491161 0.235975 -0.086436
-0.538387 -0.087550 -0.096074
-0.487034 0.075847 -0.087429
-0.627682 0.015560 -0.086595
-0.491851 -0.079910 -0.093901
-0.507995 0.242573 -0.086126
-0.570469 -0.026762 -0.087383
-0.440286 -0.000218 -0.088351
-0.417655 0.047130 -0.088232
-0.438284 0.170060 -0.095227
-0.568231 0.088551 -0.094629
-0.495463 0.204465 -0.094492
-0.456160 -0.031314 -0.096420
-0.350782 0.052805 -0.096784
-0.514117 0.080759 -0.095158
-0.469787 0.170519 -0.094946
-0.520157 0.195535 -0.094335
-0.534825 -0.064900 -0.087953
-0.535669 0.169369 -0.094374
-0.654448 0.078101 -0.085940
-0.516484 0.184944 -0.094438
-0.434733 0.143982 -0.087432
-0.548091 0.062762 -0.094980
-0.636305 0.061209 -0.094214
-0.501579 0.004656 -0.087779
-0.577732 0.158935 -0.094074
-0.518217 0.045730 -0.095357
-0.592904 0.091769 -0.086390
-0.669299 0.101490 -0.093653
-0.578667 0.033288 -0.086908
-0.485690 0.229608 -0.093638
-0.391036 0.103424 -0.096090
-0.425827 0.101013 -0.095800
-0.642372 0.109887 -0.093834
-0.524987 -0.040900 -0.095879
-0.602037 0.138398 -0.085997
-0.392226 0.006040 -0.094886
-0.627249 0.013447 -0.086613
-0.481287 0.055655 -0.095616
-0.644134 0.050686 -0.094215
-0.460058 -0.022759 -0.088328
-0.420570 0.154130 -0.090204
-0.539090 0.168249 -0.086351
-0.341792 0.062800 -0.092245
-0.484854 -0.052007 -0.096306
-0.443311 0.039227 -0.096060
-0.661512 0.054521 -0.094037
-0.475278 0.156922 -0.086989
-0.599652 0.103979 -0.086249
-0.606276 0.119606 -0.094086
-0.498696 -0.032805 -0.088055
-0.623256 0.046424 -0.094428
-0.393463 0.059541 -0.096363
-0.580531 0.181673 -0.092221
-0.416824 0.074587 -0.096056
-0.497487 0.161772 -0.094761
-0.498475 -0.057359 -0.088222
-0.531757 -0.063012 -0.087967
-0.476288 0.170294 -0.094891
-0.598643 -0.019798 -0.095089
-0.644186 0.032146 -0.089915
-0.451378 0.101518 -0.095571
-0.600552 0.163615 -0.093841
-0.611869 0.140738 -0.093895
-0.630618 0.049467 -0.086342
-0.546090 0.097103 -0.094767
-0.513625 -0.075071 -0.096208
-0.372260 0.023289 -0.096756
-0.490111 0.116920 -0.087126
-0.423182 0.132060 -0.087614
-0.609835 0.098592 -0.094196
-0.535768 0.200089 -0.086167
-0.484568 0.134589 -0.095057
-0.502425 0.202847 -0.086442
-0.557608 0.031798 -0.095104
-0.563024 -0.044920 -0.095571
-0.452455 0.163604 -0.087145
-0.584429 0.032958 -0.094860
-0.433401 0.087297 -0.095825
-0.565479 0.085859 -0.094672
-0.427852 0.010289 -0.096390
-0.487606 0.051903 -0.095585
-0.523009 0.113363 -0.086861
-0.495372 0.125847 -0.095021
-0.375905 0.065492 -0.088477
-0.408229 0.069247 -0.088167
-0.581957 0.051097 -0.086759
-0.411904 0.039269 -0.096336
-0.473100 -0.054903 -0.096429
-0.470249 -0.030611 -0.096291
-0.650443 0.095665 -0.093858
-0.609256 0.020366 -0.094726
-0.525468 0.014346 -0.095504
-0.369095 0.039860 -0.096709
-0.496570 -0.024112 -0.096016
-0.488489 -0.075773 -0.088433
-0.650561 0.062841 -0.086077
-0.492175 0.218044 -0.086430
-0.553120 0.033108 -0.095134
-0.677918 0.097674 -0.092678
-0.493595 0.069771 -0.087412
-0.491300 0.008510 -0.095844
-0.563259 -0.010061 -0.087334
-0.582856 -0.016926 -0.095208
-0.372125 0.024084 -0.096788
-0.530769 0.138864 -0.094622
-0.496012 0.117353 -0.087072
-0.528399 0.010697 -0.087502
-0.520559 0.173288 -0.094481
-0.489197 0.024001 -0.087758
-0.494257 0.119605 -0.095072
-0.608782 0.117946 -0.086075
-0.589106 0.078227 -0.094515
-0.460973 0.180426 -0.094957
-0.487005 -0.056266 -0.096316
-0.489289 0.209411 -0.094514
-0.513766 -0.068728 -0.088164
-0.454861 0.042009 -0.095940
-0.436756 0.014855 -0.096281
-0.554837 0.184748 -0.094102
-0.512249 0.023138 -0.095561
-0.471951 0.174633 -0.094900
-0.639774 0.046428 -0.094282
-0.540158 0.216503 -0.092597
-0.579337 0.163220 -0.094031
-0.677597 0.076289 -0.085748
-0.565445 0.153134 -0.094221
-0.501382 -0.041308 -0.096089
-0.592926 0.115849 -0.094229
-0.651076 0.097434 -0.093841
-0.546603 0.102574 -0.094726
-0.652260 0.045269 -0.094180
-0.414561 0.069267 -0.088111
-0.564356 -0.017053 -0.095372
-0.473289 0.071656 -0.087578
-0.522090 0.090829 -0.087020
-0.349322 0.048577 -0.088824
-0.535233 -0.055177 -0.087884
-0.591565 0.035964 -0.094777
-0.465235 0.158080 -0.087069
-0.495484 -0.002589 -0.087881
-0.493222 0.083521 -0.095324
-0.403961 0.042611 -0.096384
-0.553803 0.204679 -0.088865
-0.544725 0.108326 -0.094704
-0.622799 0.019328 -0.086613
-0.588404 0.156518 -0.093996
-0.394197 0.004576 -0.088724
-0.351204 0.073716 -0.090708
-0.397389 0.075343 -0.088222
-0.396973 0.054311 -0.096367
-0.429272 -0.016013 -0.096554
-0.595114 -0.017488 -0.087104
-0.562780 -0.036481 -0.095516
-0.540952 -0.055128 -0.095833
-0.638972 0.026100 -0.090055
-0.489472 0.215206 -0.086473
-0.482953 0.212773 -0.086546
-0.540487 -0.072786 -0.095956
-0.476215 0.047304 -0.087716
-0.552269 -0.025004 -0.087531
-0.639443 0.081436 -0.086050
-0.499781 -0.041053 -0.096102
-0.573871 -0.049365 -0.089383
-0.548940 0.181880 -0.086173
-0.461597 0.106096 -0.087450
-0.526636 -0.069251 -0.088054
-0.642272 0.097761 -0.093916
-0.540773 -0.027700 -0.087651
-0.570379 -0.007054 -0.095252
-0.530509 0.143096 -0.086595
-0.517399 0.006560 -0.087627
-0.409093 0.078336 -0.096099
-0.350792 0.041791 -0.095666
-0.522929 0.125175 -0.094783
-0.564684 0.133109 -0.086361
-0.561074 0.145197 -0.086312
-0.554616 -0.019867 -0.087476
-0.556418 0.168522 -0.094197
-0.508496 0.174348 -0.086579
-0.537337 0.060803 -0.095088
-0.560214 0.002560 -0.087276
-0.515461 0.103111 -0.086996
-0.431873 0.045907 -0.096116
-0.581285 0.079440 -0.094576
-0.630949 0.050725 -0.086331
-0.577718 -0.001226 -0.095148
-0.612874 0.140640 -0.093887
-0.537491 0.002176 -0.087479
-0.568993 0.001989 -0.087203
-0.560984 -0.009644 -0.095352
-0.567015 0.073834 -0.094739
-0.595478 0.136591 -0.094067
-0.467769 0.093585 -0.087480
-0.457103 -0.050000 -0.089461
-0.425823 -0.012937 -0.096564
-0.546973 0.136438 -0.094495
-0.405262 0.103314 -0.095965
-0.364511 0.035057 -0.088781
-0.622696 0.122478 -0.085922
-0.502541 -0.066473 -0.096248
-0.662546 0.109678 -0.093657
-0.644502 0.048227 -0.086228
-0.546795 0.082326 -0.086859
-0.599796 0.096061 -0.086301
-0.660148 0.050639 -0.092900
-0.530194 0.002543 -0.095541
-0.407822 0.074332 -0.096137
-0.406033 0.073664 -0.096157
-0.524568 -0.033385 -0.087831
-0.564740 0.152530 -0.086231
-0.503888 0.227284 -0.086265
-0.526564 0.034910 -0.087356
-0.438385 0.025183 -0.096198
-0.562953 -0.039310 -0.095534
-0.436403 0.045399 -0.096079
-0.624467 0.043966 -0.094434
-0.617728 0.138898 -0.085856
-0.514649 0.012626 -0.087610
-0.653588 0.043052 -0.087726
-0.510592 0.097709 -0.087075
-0.606202 -0.006595 -0.094934
-0.487012 -0.050106 -0.096275
-0.511707 0.241038 -0.092150
-0.480384 0.220394 -0.086518
-0.527700 0.021409 -0.087436
-0.553503 -0.013273 -0.095442
-0.466053 0.052028 -0.095774
-0.404250 0.037817 -0.088413
-0.509975 0.215406 -0.094291
-0.362062 0.042613 -0.088752
-0.538982 0.166994 -0.094361
-0.552589 -0.008941 -0.095421
-0.532091 0.109794 -0.086805
-0.413438 0.002254 -0.088571
-0.390019 0.039750 -0.096526
-0.491638 0.093793 -0.095269
-0.541654 -0.021541 -0.095602
-0.519339 -0.077932 -0.096177
-0.631052 0.057500 -0.094285
-0.443203 0.125904 -0.095480
-0.491488 -0.048917 -0.096227
-0.567122 0.098952 -0.094569
-0.588774 0.128746 -0.086179
-0.414661 0.025742 -0.088402
-0.500465 0.061706 -0.087406
-0.575377 0.069785 -0.094692
-0.443633 0.148474 -0.087324
-0.427254 0.101563 -0.095783
-0.429375 0.046296 -0.088135
-0.591973 0.124589 -0.094179
-0.481778 -0.070824 -0.088459
-0.565854 0.037800 -0.094991
-0.593680 0.093970 -0.086369
-0.519317 0.022655 -0.087502
-0.527990 0.198941 -0.086243
-0.612644 0.151574 -0.093816
-0.523834 0.211005 -0.086198
-0.419975 0.003080 -0.096508
-0.680773 0.074549 -0.092905
-0.530376 -0.001544 -0.095567
-0.635319 0.108203 -0.093907
-0.398949 0.056173 -0.088336
-0.460245 0.058365 -0.095783
-0.546327 0.182016 -0.094195
-0.579789 0.063189 -0.086697
-0.391074 0.024946 -0.096616
-0.508040 0.145478 -0.094777
-0.549043 0.144533 -0.094423
-0.391935 0.079784 -0.096240
-0.542182 -0.051202 -0.095796
-0.636481 0.035802 -0.086382
-0.470567 0.124647 -0.095247
-0.602075 0.163028 -0.087972
-0.607312 0.038109 -0.094624
-0.373127 0.027180 -0.096759
-0.598561 0.008420 -0.094900
-0.470969 0.194941 -0.086772
-0.585603 -0.035767 -0.089966
-0.548213 0.052255 -0.087049
-0.462719 0.123690 -0.087322
-0.452598 -0.041242 -0.088518
-0.400109 0.081101 -0.096159
-0.385462 0.022529 -0.096681
-0.576316 0.185283 -0.090399
-0.485036 -0.025689 -0.096128
-0.651712 0.070332 -0.086016
-0.466738 0.108419 -0.095390
-0.534711 0.186071 -0.094270
-0.455303 0.059434 -0.095819
-0.614414 0.135657 -0.093907
-0.542747 -0.045714 -0.087754
-0.507113 0.093827 -0.095132
-0.382852 0.027134 -0.088673
-0.582990 0.072445 -0.094608
-0.534604 -0.071337 -0.087998
-0.516106 0.165781 -0.094570
-0.442226 0.128133 -0.095473
-0.572867 0.177590 -0.085991
-0.456254 0.186871 -0.094956
-0.474825 0.193754 -0.094746
-0.493537 -0.056318 -0.088258
-0.351396 0.067946 -0.088676
-0.501810 -0.031455 -0.096019
-0.584528 0.154366 -0.094045
-0.503312 0.021264 -0.095652
-0.614195 0.062363 -0.094401
-0.634956 0.077837 -0.086113
-0.648648 0.084537 -0.085948
-0.398010 0.046661 -0.096409
-0.483648 0.227237 -0.094435
-0.497067 -0.073765 -0.088344
-0.388840 0.008885 -0.089567
-0.497858 0.075867 -0.095334
-0.507392 -0.043093 -0.096048
-0.528828 -0.093295 -0.096196
-0.501367 -0.010111 -0.087879
-0.449389 0.100418 -0.095596
-0.541464 -0.057811 -0.087846
-0.568581 0.007142 -0.095173
-0.606259 -0.011822 -0.090076
-0.492414 -0.012822 -0.087976
-0.580833 0.144084 -0.094146
-0.646650 0.096057 -0.093889
-0.527563 0.073983 -0.087085
-0.566558 0.129152 -0.094372
-0.428151 0.062071 -0.088040
-0.539383 -0.046603 -0.095790
-0.507326 0.244843 -0.094013
-0.388471 0.071445 -0.096327
-0.425836 0.031483 -0.088265
-0.619510 0.079351 -0.094240
-0.411333 -0.010426 -0.096017
-0.474936 0.060688 -0.095638
-0.498651 0.173002 -0.094675
-0.434606 0.062114 -0.095983
-0.546213 0.128227 -0.094557
-0.554333 0.023987 -0.087184
-0.388836 0.012516 -0.088718
-0.504566 -0.084744 -0.096352
-0.507687 0.095374 -0.087116
-0.541614 0.106312 -0.086744
-0.517283 0.170968 -0.094525
-0.455205 0.135618 -0.087308
-0.463060 0.063146 -0.095726
-0.533448 -0.011656 -0.087607
-0.537970 0.100571 -0.094815
-0.453072 0.066807 -0.095789
-0.577054 0.165167 -0.094038
-0.537388 0.159474 -0.086425
-0.373079 0.081988 -0.096391
-0.502005 -0.057231 -0.088190
-0.520185 0.229669 -0.094106
-0.550414 -0.058686 -0.087774
-0.533150 0.158090 -0.094472
-0.459704 0.099514 -0.095511
-0.452011 0.127881 -0.087388
-0.387614 0.036716 -0.096567
-0.579414 0.079134 -0.094594
-0.625182 0.142271 -0.085767
-0.475474 -0.024719 -0.096206
-0.561151 0.186296 -0.094036
-0.476824 0.189594 -0.094756
-0.403416 0.064020 -0.096245
-0.573024 0.000764 -0.087176
-0.458957 0.055512 -0.095813
-0.560046 0.186815 -0.086042
-0.570845 0.069080 -0.086737
-0.452549 0.096367 -0.087595
-0.592598 0.118335 -0.086215
-0.436632 0.018091 -0.096261
-0.535097 0.199371 -0.086177
-0.387354 0.079997 -0.088279
-0.476851 0.219377 -0.089118
-0.639297 0.130987 -0.092559
-0.488232 0.087666 -0.087339
-0.526934 -0.023695 -0.087746
-0.606587 -0.011445 -0.091077
-0.548478 0.130466 -0.086522
-0.557369 0.130404 -0.094444
-0.532997 0.083647 -0.094973
-0.444871 0.139799 -0.095372
-0.630572 0.059724 -0.086274
-0.414552 0.045794 -0.088269
-0.440668 0.122861 -0.087522
-0.402041 0.019833 -0.096553
-0.481026 0.078733 -0.087463
-0.638001 0.093112 -0.093985
-0.552436 0.115867 -0.086585
-0.525451 0.193046 -0.094305
-0.641800 0.067612 -0.086122
-0.500621 -0.032700 -0.096038
-0.580150 0.182020 -0.093586
-0.647565 0.036062 -0.090142
-0.360363 0.081943 -0.096504
-0.640918 0.110160 -0.093845
-0.522618 0.067111 -0.087174
-0.388400 0.093024 -0.096183
-0.674098 0.098872 -0.085628
-0.590350 0.036100 -0.086786
-0.592167 -0.028175 -0.095019
-0.507207 -0.062047 -0.096177
-0.576307 -0.024602 -0.087317
-0.457032 -0.046277 -0.088512
-0.515543 0.023607 -0.087528
-0.409043 0.042161 -0.096342
-0.612347 0.069551 -0.086368
-0.455140 0.191516 -0.086934
-0.682961 0.077092 -0.091040
-0.489633 0.032958 -0.087694
-0.503853 -0.012486 -0.095874
-0.460613 0.184423 -0.086933
-0.597818 0.122813 -0.094139
-0.481904 0.215327 -0.086538
-0.483575 0.023986 -0.087807
-0.554843 0.157763 -0.086283
-0.602441 0.076301 -0.094411
-0.515931 -0.089032 -0.096281
-0.557753 0.114355 -0.086548
-0.378354 0.055587 -0.096522
-0.418623 0.036274 -0.088297
-0.533013 0.170124 -0.086392
-0.507804 0.219699 -0.094282
-0.501981 0.000240 -0.087805
-0.422847 0.138327 -0.095575
-0.584279 0.143489 -0.094120
-0.645299 0.098848 -0.085881
-0.512990 -0.036261 -0.087953
-0.588144 -0.010015 -0.095115
-0.438672 -0.003604 -0.096388
-0.455936 0.080646 -0.087671
-0.441001 0.020493 -0.096206
-0.506090 -0.016111 -0.095879
-0.553810 -0.031829 -0.087564
-0.625644 0.033889 -0.086490
-0.542848 0.119384 -0.086646
-0.554480 0.204087 -0.088226
-0.424186 0.097092 -0.087840
-0.506064 0.043344 -0.095480
-0.557069 0.008504 -0.087264
-0.558486 0.003323 -0.087287
-0.536476 0.055548 -0.095130
-0.456311 0.114149 -0.087443
-0.483434 0.135466 -0.087061
-0.516511 0.058631 -0.087285
-0.568350 0.157693 -0.094165
-0.523488 -0.047638 -0.095937
-0.600331 0.108650 -0.094212
-0.538979 0.049516 -0.087148
-0.550842 0.196624 -0.094058
-0.520652 -0.077747 -0.096164
-0.654237 0.044552 -0.086167
-0.546517 0.109266 -0.086681
-0.478841 0.111993 -0.095259
-0.535694 0.194508 -0.094205
-0.468216 0.067114 -0.095654
-0.541220 -0.065674 -0.095902
-0.601523 0.133074 -0.086037
-0.501273 0.060718 -0.095406
-0.440056 -0.023198 -0.096508
-0.459625 -0.030306 -0.096383
-0.400831 0.079671 -0.096163
-0.423703 0.060268 -0.096092
-0.364971 0.061046 -0.096603
-0.559189 -0.062531 -0.087722
-0.461518 -0.036445 -0.096407
-0.356257 0.037057 -0.094263
-0.478794 0.163458 -0.094914
-0.615638 0.107996 -0.094082
-0.525909 -0.018447 -0.087719
-0.459562 0.111096 -0.087434
-0.669574 0.084804 -0.085762
-0.565876 -0.018208 -0.095366
-0.451774 0.118328 -0.095455
-0.489215 0.139250 -0.094985
-0.463626 0.012959 -0.096057
-0.477069 0.180111 -0.094818
-0.598305 0.102083 -0.086273
-0.601133 0.142652 -0.093977
-0.658277 0.048479 -0.090343
-0.679515 0.081249 -0.085698
-0.555291 -0.045107 -0.095640
-0.478899 0.054485 -0.095644
-0.497451 0.202388 -0.086488
-0.605193 0.094894 -0.094262
-0.517938 -0.069794 -0.088134
-0.398542 0.085621 -0.096143
-0.532398 0.199740 -0.094199
-0.507798 -0.074914 -0.088258
-0.580054 0.090672 -0.086511
-0.618132 0.086024 -0.094207
-0.563150 0.087143 -0.086683
-0.380071 0.092960 -0.096256
-0.545690 0.136265 -0.086507
-0.482736 0.040372 -0.095705
-0.557085 0.058238 -0.094931
-0.371687 0.065151 -0.088516
-0.614073 0.087011 -0.086236
-0.586806 -0.013760 -0.095152
-0.421298 0.035648 -0.096278
-0.398202 0.000809 -0.089619
-0.510159 0.005941 -0.087694
-0.585165 0.065708 -0.094634
-0.452334 0.190787 -0.094964
-0.494060 0.095857 -0.087233
-0.610204 0.144499 -0.093885
-0.524355 0.013510 -0.087519
-0.597943 -0.021462 -0.090080
-0.592039 0.125068 -0.086174
-0.466441 0.112997 -0.087361
-0.536613 -0.063755 -0.087929
-0.404354 0.111829 -0.087915
-0.536131 -0.019821 -0.087639
-0.447295 0.160334 -0.095213
-0.492748 0.207541 -0.094496
-0.650511 0.103604 -0.085804
-0.601630 0.004026 -0.086902
-0.474296 0.070428 -0.095578
-0.477764 -0.048821 -0.088347
-0.641168 0.104407 -0.085881
-0.652140 0.061244 -0.086074
-0.542126 0.137287 -0.094532
-0.430228 0.012656 -0.088353
-0.529828 0.031709 -0.095349
-0.421277 0.081418 -0.095971
-0.478433 0.007766 -0.095962
-0.407536 0.041251 -0.096361
-0.482001 0.116230 -0.095203
-0.507765 0.239945 -0.086146
-0.491122 0.130060 -0.087029
-0.647931 0.106302 -0.093809
-0.681205 0.094806 -0.090377
-0.477350 -0.050647 -0.096363
-0.455936 0.051157 -0.087868
-0.508984 0.152403 -0.086722
-0.562045 -0.047947 -0.087599
-0.464400 0.019546 -0.096006
-0.497062 -0.046678 -0.088163
-0.582896 -0.018872 -0.095221
-0.640731 0.034798 -0.086351
-0.403849 0.097246 -0.088018
-0.439087 0.000109 -0.096360
-0.415878 0.094413 -0.095931
-0.500636 0.196720 -0.094499
-0.479959 0.077766 -0.095479
-0.657103 0.051352 -0.086096
-0.513711 -0.098744 -0.095414
-0.679554 0.096233 -0.090552
-0.461715 0.131332 -0.095280
-0.618500 0.038997 -0.094519
-0.644967 0.085499 -0.093974
-0.467434 0.006064 -0.096070
-0.577737 0.018850 -0.087013
-0.586423 0.105427 -0.086356
-0.526990 -0.031418 -0.095797
-0.458713 0.086499 -0.087607
-0.395305 0.064371 -0.088314
-0.590471 0.055407 -0.086656
-0.597128 0.133591 -0.094073
-0.491871 0.049956 -0.095561
-0.539355 -0.045379 -0.095782
-0.448876 -0.036076 -0.088516
-0.540670 0.158853 -0.094401
-0.402065 0.117194 -0.087900
-0.426811 0.077306 -0.095950
-0.462310 0.076179 -0.095645
-0.546988 0.105846 -0.094700
-0.508917 0.184995 -0.086504
-0.464381 0.019928 -0.096004
-0.533946 0.039093 -0.095263
-0.628762 0.078764 -0.094162
-0.395017 0.105846 -0.096038
-0.657128 0.047863 -0.094120
-0.534310 0.091176 -0.094910
-0.466405 0.002297 -0.088104
-0.556180 0.025903 -0.087155
-0.510521 0.229484 -0.086192
-0.491155 0.121357 -0.087087
-0.510799 0.179091 -0.094528
-0.484527 0.144827 -0.086988
-0.519004 -0.010755 -0.095729
-0.538187 -0.063604 -0.087914
-0.590055 0.145886 -0.094053
-0.447985 0.097967 -0.087624
-0.434838 0.050816 -0.088056
-0.480233 0.019996 -0.095864
-0.411131 0.037393 -0.096356
-0.422918 0.099622 -0.095834
-0.490533 0.057445 -0.087522
-0.452298 0.105605 -0.087535
-0.455705 0.185470 -0.086969
-0.520889 -0.027786 -0.087826
-0.403948 0.134850 -0.093070
-0.495810 0.229597 -0.094321
-0.504887 0.074924 -0.087278
-0.657096 0.060769 -0.094034
-0.517655 -0.092501 -0.096289
-0.508469 -0.038569 -0.088008
-0.645958 0.112068 -0.093787
-0.513099 -0.065841 -0.088150
-0.672552 0.077772 -0.093783
-0.512434 -0.008083 -0.095769
-0.533864 0.080596 -0.094985
-0.445046 0.161425 -0.087225
-0.462150 0.173335 -0.086994
-0.574472 0.021186 -0.087026
-0.505231 0.144900 -0.086806
-0.412015 0.039875 -0.096331
-0.389960 0.025049 -0.088624
-0.479235 0.164066 -0.086906
-0.527526 0.055160 -0.087211
-0.544185 0.033136 -0.095213
-0.416323 0.125291 -0.087720
-0.448809 -0.005712 -0.088313
-0.476778 0.089641 -0.095427
-0.395657 0.098108 -0.096085
-0.517567 0.166699 -0.094551
-0.499606 0.180556 -0.094616
-0.500439 -0.033373 -0.096044
-0.513696 0.017290 -0.095588
-0.371102 0.035897 -0.088718
-0.483842 0.125622 -0.087123
-0.433881 0.153257 -0.095378
-0.536357 0.093894 -0.094874
-0.457379 0.010448 -0.088129
-0.552980 0.048254 -0.095034
-0.574163 -0.022597 -0.087322
-0.448477 0.113356 -0.095517
-0.371117 0.095383 -0.096319
-0.587930 0.135983 -0.094138
-0.632640 0.118143 -0.085863
-0.379960 0.086711 -0.088299
-0.517199 0.105307 -0.094966
-0.469733 0.116987 -0.087305
-0.477612 0.153291 -0.094993
-0.517825 0.080030 -0.087130
-0.494204 0.057079 -0.095492
-0.546601 -0.065680 -0.095855
-0.540208 -0.081539 -0.096017
-0.506723 0.245301 -0.089556
-0.690565 0.085914 -0.088797
-0.463935 0.170974 -0.094995
-0.519105 -0.083079 -0.096213
-0.576660 0.007165 -0.087101
-0.419591 -0.010109 -0.096600
-0.493363 0.020469 -0.095745
-0.589278 -0.013940 -0.095132
-0.640541 0.046886 -0.086272
-0.519648 -0.097298 -0.096304
-0.538085 0.101097 -0.086810
-0.530142 0.057924 -0.087170
-0.636219 0.106924 -0.085907
-0.348374 0.043871 -0.095275
-0.380416 0.060499 -0.088471
-0.608549 0.039234 -0.086605
-0.553981 0.178454 -0.086151
-0.481349 -0.010570 -0.088059
-0.561554 -0.045621 -0.095588
-0.601528 0.103358 -0.086237
-0.470764 0.111560 -0.087333
-0.482786 0.174460 -0.086805
-0.472355 0.110674 -0.087325
-0.486790 0.063383 -0.095515
-0.618880 0.040738 -0.094504
-0.637499 0.095506 -0.085973
-0.433202 0.009997 -0.088345
-0.567784 0.175518 -0.094050
-0.398431 0.109696 -0.095982
-0.641772 0.038470 -0.094318
-0.582779 0.167582 -0.093971
-0.456190 0.161019 -0.087129
-0.538613 0.036162 -0.087241
-0.668217 0.076725 -0.085828
-0.427171 0.132370 -0.087577
-0.539741 -0.063289 -0.095899
-0.556156 -0.009303 -0.087392
-0.440125 -0.018868 -0.088477
-0.456163 -0.018620 -0.088335
-0.580947 0.131966 -0.086226
-0.426632 0.019069 -0.088342
-0.360535 0.072760 -0.096564
-0.504119 0.035705 -0.095548
-0.347449 0.044587 -0.089473
-0.558872 0.168656 -0.086174
-0.342554 0.058908 -0.088815
-0.407099 -0.004840 -0.096674
-0.413867 0.006762 -0.088537
-0.458116 0.073149 -0.087702
-0.429796 0.123836 -0.087611
-0.494945 0.162835 -0.094776
-0.402563 0.021278 -0.088539
-0.580296 0.120587 -0.086308
-0.449912 -0.028244 -0.088454
-0.553079 0.160468 -0.094280
-0.469737 0.057257 -0.087706
-0.512525 0.016877 -0.095601
-0.563822 0.004003 -0.095235
-0.510417 0.242175 -0.093843
-0.500646 0.073305 -0.087326
-0.665198 0.108553 -0.086149
-0.481806 0.109697 -0.087248
-0.497461 0.233394 -0.094281
-0.434366 0.110490 -0.087660
-0.512096 0.044541 -0.095419
-0.526093 0.128206 -0.086734
-0.484429 0.067429 -0.095509
-0.471967 -0.001846 -0.096083
-0.562743 0.029118 -0.087076
-0.488827 0.119533 -0.087120
-0.616167 0.097066 -0.094150
-0.557381 0.080506 -0.094779
-0.677304 0.088244 -0.093671
-0.625150 0.104149 -0.094024
-0.631938 0.019877 -0.094529
-0.441564 0.039953 -0.088070
-0.459998 0.084502 -0.087609
-0.532370 -0.067799 -0.087994
-0.490134 0.004415 -0.087881
-0.547524 -0.076977 -0.095922
-0.576699 0.103342 -0.094456
-0.454318 0.071612 -0.095746
-0.441575 0.118523 -0.087543
-0.466900 0.207841 -0.089230
-0.374738 0.028005 -0.088739
-0.435132 0.097873 -0.095739
-0.555904 -0.000950 -0.087338
-0.491165 0.169368 -0.094766
-0.525250 -0.090787 -0.096211
-0.552819 0.044784 -0.013738
-0.442758 0.039363 -0.004658
-0.533182 0.049795 -0.061920
-0.478720 0.032360 -0.001704
-0.484624 0.036852 -0.037194
-0.490261 0.035534 -0.024360
-0.467401 0.046860 -0.082615
-0.413995 0.044151 -0.053975
-0.438341 0.043926 -0.044123
-0.379011 0.027502 0.007819
-0.567603 0.036698 -0.008706
-0.580330 0.048043 -0.031870
-0.376868 0.034828 -0.037521
-0.606974 0.051625 -0.052977
-0.401398 0.027120 0.016601
-0.434339 0.033079 -0.022248
-0.583560 0.036573 -0.002428
-0.565853 0.052633 -0.074856
-0.424483 0.032310 -0.019066
-0.530886 0.044312 -0.084173
-0.458859 0.038656 0.006508
-0.457628 0.047806 -0.070123
-0.594018 0.046639 -0.015682
-0.560860 0.050249 -0.056626
-0.532053 0.039004 -0.039568
-0.566653 0.042577 0.009185
-0.530108 0.034293 -0.000961
-0.544490 0.050218 -0.061739
-0.488238 0.045342 -0.039555
-0.406648 0.031481 -0.018014
-0.560097 0.036863 -0.012538
-0.537653 0.051471 -0.074414
-0.589655 0.036744 -0.001859
-0.580991 0.046977 -0.087752
-0.609571 0.046957 -0.080412
-0.619723 0.051899 -0.051075
-0.609559 0.046239 -0.007262
-0.623218 0.052160 -0.052110
-0.569814 0.043271 0.004440
-0.465459 0.041215 -0.012644
-0.521713 0.033507 0.002837
-0.498213 0.037100 -0.034800
-0.376087 0.039985 -0.079287
-0.518619 0.045014 -0.026866
-0.593230 0.040919 -0.035471
-0.475603 0.035084 -0.025418
-0.587460 0.038030 -0.013296
-0.531545 0.037255 -0.025170
-0.603173 0.041459 -0.036704
-0.615652 0.050618 -0.041737
-0.540632 0.042136 -0.062846
-0.401190 0.042950 -0.048172
-0.587381 0.045022 -0.004392
-0.548162 0.042893 -0.066691
-0.401691 0.040309 -0.026004
-0.483764 0.037099 -0.039533
-0.383307 0.027669 0.006091
-0.432671 0.046496 -0.081083
-0.565077 0.053166 -0.079550
-0.564084 0.051151 -0.063089
-0.550701 0.044254 -0.077192
-0.489647 0.041196 -0.004557
-0.526542 0.045272 -0.026416
-0.625201 0.041391 -0.028915
-0.536960 0.041622 0.007400
-0.578625 0.041732 -0.047029
-0.469066 0.046264 -0.053522
-0.490221 0.050327 -0.080439
-0.441542 0.045952 -0.059954
-0.405371 0.040720 -0.028222
-0.540048 0.038824 -0.035451
-0.421089 0.035815 -0.049378
-0.504980 0.040530 -0.061155
-0.434292 0.031581 -0.009784
-0.377811 0.033444 -0.015552
-0.575607 0.042833 -0.057190
-0.624931 0.052703 -0.077198
-0.386090 0.040373 -0.031653
-0.603470 0.053977 -0.073720
-0.615676 0.045162 0.003720
-0.556025 0.037696 -0.020817
-0.516473 0.046518 -0.040098
-0.538390 0.044714 -0.085060
-0.614790 0.051666 -0.088730
-0.617778 0.039363 0.009470
-0.617541 0.042993 -0.044776
-0.625943 0.042636 -0.039044
-0.489525 0.032866 -0.002382
-0.385199 0.042323 -0.048191
-0.528031 0.041900 0.002157
-0.413120 0.032968 -0.028276
-0.420664 0.039505 -0.080260
-0.545454 0.048206 -0.044662
-0.590472 0.046996 -0.086995
-0.379774 0.037605 -0.010667
-0.444110 0.039346 -0.004079
-0.627192 0.044826 -0.029520
-0.454731 0.038349 -0.059464
-0.545997 0.046553 -0.030712
-0.459237 0.032378 -0.008245
-0.541611 0.045769 -0.086109
-0.497197 0.036364 -0.029001
-0.624189 0.041777 -0.032463
-0.607365 0.044695 -0.062287
-0.557542 0.034388 0.007243
-0.568650 0.052206 -0.070378
-0.521846 0.035233 -0.011506
-0.442455 0.039139 -0.002895
-0.414364 0.036866 -0.060343
-0.413254 0.046865 -0.076831
-0.442380 0.034890 -0.034697
-0.533248 0.050980 -0.071775
-0.464975 0.039194 0.004027
-0.531317 0.042214 -0.066553
-0.586809 0.046297 -0.082376
-0.464627 0.029902 0.014151
-0.537995 0.049614 -0.058838
-0.507159 0.049874 -0.071112
-0.614501 0.037002 0.004135
-0.544078 0.052514 -0.081001
-0.508260 0.042838 -0.079308
-0.600551 0.039291 -0.019503
-0.483026 0.044142 -0.031271
-0.557303 0.047233 -0.032670
-0.383326 0.038034 -0.013071
-0.536551 0.046530 -0.085790
-0.414059 0.032063 -0.020426
-0.377283 0.033697 -0.046100
-0.407123 0.037296 -0.066297
-0.470475 0.040770 -0.007295
-0.501196 0.044983 -0.032324
-0.485267 0.045210 -0.039438
-0.431896 0.039312 -0.074967
-0.628493 0.040011 -0.002402
-0.422507 0.031944 -0.016666
-0.481751 0.037690 -0.045116
-0.592774 0.036385 0.010252
-0.468521 0.043307 -0.029071
-0.593277 0.039076 -0.020099
-0.616633 0.056067 -0.086810
-0.422729 0.042502 -0.081104
-0.413490 0.039919 -0.018889
-0.448877 0.045729 -0.055685
-0.480856 0.033361 -0.009342
-0.552597 0.048930 -0.048351
-0.400197 0.044162 -0.058594
-0.523248 0.044165 -0.085447
-0.533303 0.041117 0.010408
-0.408072 0.036634 -0.060472
-0.415101 0.031653 -0.016670
-0.377147 0.034256 -0.031195
-0.608825 0.038936 -0.013831
-0.536601 0.038828 -0.036611
-0.513851 0.048869 -0.060544
-0.425369 0.037215 -0.059638
-0.417045 0.028430 0.010815
-0.512141 0.040313 -0.057002
-0.416931 0.037262 0.004378
-0.485042 0.047206 -0.056137
-0.517209 0.036461 -0.023253
-0.546971 0.039744 -0.040841
-0.620728 0.043141 -0.044967
-0.376638 0.035103 -0.042950
-0.425855 0.045131 -0.058252
-0.578028 0.049214 -0.042378
-0.485558 0.047636 -0.059546
-0.481830 0.041939 -0.080488
-0.406914 0.045962 -0.071385
-0.421526 0.035683 -0.048140
-0.591462 0.054963 -0.085864
-0.445582 0.042659 -0.082122
-0.625618 0.051790 -0.048233
-0.613695 0.044545 -0.058962
-0.500953 0.039670 -0.055318
-0.468691 0.038473 -0.055916
-0.414007 0.043373 -0.047489
-0.443926 0.032308 -0.012679
-0.592019 0.035966 0.010237
-0.579519 0.041523 -0.044992
-0.497227 0.031576 0.010894
-0.545887 0.052114 -0.077071
-0.627558 0.039079 -0.008883
-0.399692 0.038631 -0.012679
-0.569378 0.051234 -0.062040
-0.455172 0.046692 -0.061645
-0.384550 0.026759 0.014083
-0.442634 0.037642 -0.057538
-0.419824 0.032146 -0.019234
-0.551295 0.051444 -0.069724
-0.489037 0.041307 -0.005683
-0.427614 0.032876 -0.022763
-0.527878 0.042542 -0.003241
-0.384475 0.039169 -0.022149
-0.444775 0.036862 0.016835
-0.449541 0.032558 -0.012922
-0.481203 0.034987 -0.022780
-0.479555 0.044450 -0.034976
-0.623733 0.045023 -0.059656
-0.479392 0.044819 -0.083400
-0.482341 0.037055 -0.039629
-0.425025 0.039387 -0.077851
-0.565595 0.051156 -0.062631
-0.533130 0.043298 -0.074986
-0.503079 0.046500 -0.044338
-0.619385 0.046150 -0.070467
-0.377924 0.035373 -0.010601
-0.550628 0.045991 -0.024510
-0.440273 0.042078 -0.028096
-0.616415 0.048281 -0.022022
-0.566876 0.035595 0.000242
-0.554320 0.037212 -0.017340
-0.522137 0.052042 -0.084265
-0.466219 0.044374 -0.038711
-0.445086 0.038205 0.005747
-0.400433 0.036392 0.006215
-0.489667 0.035684 0.014845
-0.422045 0.046313 -0.069349
-0.397938 0.043335 -0.052442
-0.561699 0.037945 -0.021028
-0.505365 0.044395 -0.026055
-0.464446 0.039927 -0.069426
-0.543099 0.052950 -0.084954
-0.498685 0.039884 -0.057839
-0.423286 0.028125 0.016961
-0.587121 0.046239 -0.014615
-0.509942 0.042287 -0.006991
-0.507418 0.034145 -0.007170
-0.499841 0.035711 -0.022696
-0.492890 0.040415 0.003010
-0.404961 0.034968 -0.047617
-0.392050 0.041935 -0.042712
-0.618923 0.042888 -0.043446
-0.415778 0.044548 -0.056699
-0.462269 0.037963 0.013403
-0.582498 0.046093 -0.082089
-0.548801 0.051352 -0.069768
-0.382675 0.037019 -0.004832
-0.572484 0.049433 -0.046025
-0.611470 0.047350 -0.015889
-0.551584 0.035132 -0.000909
-0.410096 0.029398 0.000469
-0.545406 0.043702 -0.007156
-0.454405 0.047259 -0.066625
-0.498450 0.041517 -0.071519
-0.613840 0.041003 0.009843
-0.611078 0.048816 -0.028232
-0.377228 0.033627 -0.045530
-0.490620 0.046847 -0.051319
-0.419814 0.029242 0.017251
-0.497696 0.045720 -0.039605
-0.617001 0.038414 0.009393
-0.499500 0.042609 -0.080270
-0.533567 0.034840 -0.004382
-0.401425 0.032451 -0.027807
-0.395877 0.037364 -0.003373
-0.440633 0.034712 -0.033785
-0.547891 0.043033 -0.000766
-0.441530 0.032278 -0.013216
-0.584474 0.050389 -0.050056
-0.427901 0.046142 -0.066002
-0.468971 0.038420 0.011793
-0.529261 0.047745 -0.046126
-0.385156 0.031049 -0.021456
-0.610025 0.052586 -0.059984
-0.425454 0.032586 -0.021052
-0.620876 0.037769 -0.000167
-0.497972 0.035359 -0.020378
-0.452916 0.044044 -0.082291
-0.618261 0.041641 -0.033276
-0.393336 0.039434 -0.021452
-0.493267 0.045794 -0.041676
-0.444547 0.029445 0.011378
-0.611298 0.037562 -0.001574
-0.411060 0.034851 -0.044640
-0.482046 0.031110 0.009796
-0.455218 0.037800 -0.054730
-0.566040 0.035248 0.002864
-0.595628 0.038725 0.010399
-0.563497 0.043226 0.002743
-0.400433 0.045086 -0.066213
-0.620677 0.038811 -0.008910
-0.544602 0.038323 -0.029785
-0.507786 0.040177 0.009880
-0.503629 0.038488 -0.044587
-0.469246 0.031365 0.003473
-0.395854 0.043263 -0.052524
-0.462925 0.042381 -0.023188
-0.469720 0.030432 0.011406
-0.569847 0.044905 -0.076339
-0.542092 0.047993 -0.085868
-0.625586 0.049178 -0.064756
-0.476741 0.044644 -0.037512
-0.496972 0.034209 -0.011130
-0.615595 0.049674 -0.033894
-0.615830 0.053361 -0.064529
-0.422864 0.039547 -0.079886
-0.491984 0.042035 -0.010781
-0.593698 0.038130 -0.012080
-0.471123 0.040356 -0.070809
-0.463538 0.040106 -0.004037
-0.377178 0.042239 -0.050116
-0.521442 0.049257 -0.061290
-0.521252 0.044230 -0.019476
-0.625214 0.052649 -0.055525
-0.442500 0.041593 -0.023322
-0.412211 0.039425 -0.015190
-0.535688 0.040130 -0.047757
-0.412513 0.043664 -0.050410
-0.441781 0.031059 -0.002975
-0.423712 0.041432 -0.028137
-0.625961 0.049953 -0.032822
-0.385299 0.034626 0.015962
-0.453465 0.040911 -0.081224
-0.443042 0.031106 -0.002956
-0.510556 0.048921 -0.062058
-0.516679 0.041532 -0.065672
-0.404403 0.028562 0.005568
-0.488501 0.046244 -0.046984
-0.534398 0.044596 -0.085384
-0.408208 0.038692 -0.077573
-0.541014 0.037363 -0.022964
-0.534055 0.039327 -0.041605
-0.399652 0.030305 -0.010507
-0.452264 0.040854 -0.081136
-0.385532 0.043207 -0.055443
-0.430437 0.042208 -0.032400
-0.583667 0.037873 -0.013227
-0.524122 0.040265 -0.052676
-0.568432 0.042557 -0.057244
-0.430279 0.032270 -0.016833
-0.507486 0.035147 -0.015493
-0.455624 0.045896 -0.054870
-0.562569 0.035322 0.001110
-0.625898 0.044343 -0.053281
-0.599086 0.046607 -0.080933
-0.614866 0.055094 -0.079286
-0.576852 0.046457 -0.086968
-0.388726 0.045751 -0.075587
-0.556426 0.049278 -0.086366
-0.510844 0.039767 -0.052878
-0.402734 0.037458 -0.069087
-0.512139 0.045042 -0.029226
-0.617805 0.040244 -0.021789
-0.541822 0.042269 0.003605
-0.518728 0.040713 -0.058175
-0.569930 0.041921 0.011942
-0.461145 0.037550 -0.050702
-0.601260 0.049746 -0.039191
-0.433204 0.038506 -0.000657
-0.391256 0.029215 -0.004184
-0.390729 0.028844 -0.001264
-0.482573 0.047230 -0.057143
-0.532120 0.052084 -0.081335
-0.602385 0.041167 -0.034532
-0.477745 0.046825 -0.055352
-0.573293 0.042414 -0.054455
-0.491204 0.031768 0.007316
-0.387247 0.041361 -0.039500
-0.499184 0.042118 -0.009112
-0.619670 0.045292 -0.063233
-0.375581 0.041804 -0.061915
-0.486456 0.041630 -0.076391
-0.506998 0.051339 -0.083368
-0.495999 0.041438 -0.004495
-0.612975 0.051147 -0.047022
-0.528343 0.040187 -0.050640
-0.491635 0.031730 0.007775
-0.592623 0.037124 -0.004053
-0.557882 0.053137 -0.081661
-0.524087 0.045750 -0.031203
-0.388504 0.028080 0.004376
-0.404515 0.043520 -0.051829
-0.545812 0.037015 -0.018492
-0.471211 0.046129 -0.051699
-0.388042 0.040699 -0.033729
-0.540824 0.039959 -0.044653
-0.420156 0.046785 -0.073903
-0.418703 0.041680 -0.031845
-0.423361 0.029061 0.007628
-0.478638 0.033732 -0.013159
-0.539364 0.047432 -0.085811
-0.469740 0.044358 -0.037426
-0.439182 0.038892 -0.001911
-0.485737 0.040816 -0.002674
-0.539857 0.033370 0.009925
-0.569211 0.036152 -0.003629
-0.536669 0.034061 0.003123
-0.420425 0.040164 -0.018656
-0.626596 0.047739 -0.041155
-0.548418 0.044784 -0.015178
-0.405573 0.037205 0.001123
-0.484058 0.041678 -0.010406
-0.617737 0.048770 -0.025658
-0.541511 0.036803 -0.018136
-0.492216 0.046830 -0.083744
-0.601909 0.053013 -0.066194
-0.448284 0.037359 -0.053330
-0.443348 0.032101 -0.011142
-0.474443 0.040531 -0.004003
-0.609789 0.038563 -0.010410
-0.597101 0.043803 -0.058223
-0.448511 0.029336 0.013580
-0.453590 0.046153 -0.057675
-0.577140 0.040580 0.011457
-0.550131 0.047801 -0.039756
-0.535196 0.041114 0.011061
-0.508369 0.041078 -0.064610
-0.612535 0.055229 -0.081179
-0.396432 0.045507 -0.071030
-0.590241 0.045497 -0.074582
-0.384917 0.034198 -0.047766
-0.538497 0.043241 -0.005577
-0.478893 0.036745 -0.038181
-0.404605 0.036658 0.005369
-0.470508 0.031817 0.000126
-0.503513 0.040989 0.001713
-0.462103 0.035498 -0.033292
-0.386713 0.044551 -0.066255
-0.529018 0.046543 -0.036197
-0.539086 0.042467 -0.066110
-0.594706 0.038346 -0.013548
-0.559449 0.045143 -0.014554
-0.547229 0.042500 0.003458
-0.383868 0.030302 -0.015657
-0.591760 0.048710 -0.033677
-0.487219 0.040490 -0.066647
-0.591630 0.037185 -0.004883
-0.618558 0.046373 -0.005428
-0.538347 0.046499 -0.032766
-0.463590 0.031920 -0.003004
-0.483319 0.047981 -0.063160
-0.416392 0.031689 -0.016550
-0.604989 0.050295 -0.042546
-0.499027 0.039717 -0.056337
-0.432500 0.043062 -0.038837
-0.400109 0.030278 -0.010130
-0.564098 0.036435 -0.007661
-0.444756 0.045917 -0.081699
-0.438292 0.030030 0.004454
-0.569724 0.043106 0.005779
-0.518300 0.044345 -0.021400
-0.574802 0.053901 -0.082481
-0.601278 0.041707 -0.039393
-0.567807 0.053971 -0.086327
-0.626607 0.047173 -0.041507
-0.455939 0.040133 -0.006757
-0.563448 0.052779 -0.076855
-0.426859 0.029755 0.002997
-0.508238 0.033375 -0.000486
-0.432546 0.036051 -0.047591
-0.446385 0.043356 -0.036736
-0.467992 0.043068 -0.027256
-0.461726 0.039218 0.002764
-0.627101 0.037704 0.002419
-0.420140 0.030834 0.017424
-0.449087 0.036308 0.016759
-0.488901 0.032599 -0.000355
-0.625872 0.048092 -0.017351
-0.382598 0.034183 0.018773
-0.539346 0.039043 -0.037505
-0.433040 0.043131 -0.039233
-0.613313 0.041605 -0.034594
-0.429305 0.031780 -0.013075
-0.592820 0.043772 -0.059366
-0.566894 0.038025 -0.019990
-0.465503 0.042800 -0.025832
-0.467389 0.042879 -0.025873
-0.464263 0.037530 -0.049514
-0.572363 0.044896 -0.075438
-0.505869 0.040289 -0.058861
-0.581182 0.047261 -0.087727
-0.560086 0.045068 -0.080894
-0.472624 0.038674 0.010869
-0.500554 0.048461 -0.061508
-0.608703 0.036374 0.007470
-0.384801 0.041844 -0.044329
-0.558763 0.034034 0.010591
-0.627229 0.041639 -0.030320
-0.390343 0.029772 -0.009122
-0.580274 0.041396 -0.043685
-0.512698 0.043673 -0.017637
-0.428587 0.035836 -0.047101
-0.435936 0.036162 -0.047402
-0.517752 0.043830 -0.017284
-0.580001 0.045034 -0.074084
-0.488697 0.037945 -0.044960
-0.496139 0.043172 -0.018892
-0.596002 0.054656 -0.087525
-0.425287 0.030422 -0.003079
-0.386892 0.044072 -0.062206
-0.576962 0.043570 0.004290
-0.568306 0.045645 -0.015836
-0.414067 0.037245 0.003578
-0.481963 0.042612 -0.083777
-0.512619 0.034973 -0.012357
-0.436428 0.034646 -0.034617
-0.386503 0.034843 -0.052619
-0.467361 0.043008 -0.026962
-0.442859 0.043065 -0.035468
-0.384731 0.036190 -0.064427
-0.454480 0.038353 -0.059581
-0.445114 0.033460 -0.021891
-0.393465 0.027995 0.006706
-0.449526 0.048450 -0.078142
-0.442997 0.028948 0.015010
-0.626102 0.049503 -0.029026
-0.579183 0.046373 -0.085506
-0.502333 0.042663 -0.079797
-0.573886 0.036486 -0.004877
-0.454230 0.036814 -0.046839
-0.419248 0.032403 -0.021558
-0.465387 0.042807 -0.025935
-0.588128 0.045794 -0.010576
-0.388347 0.036796 -0.068291
-0.513289 0.046493 -0.040935
-0.379665 0.045064 -0.072835
-0.376511 0.034484 -0.052904
-0.588421 0.054500 -0.087199
-0.545782 0.036848 -0.017111
-0.456889 0.046435 -0.082188
-0.561053 0.035799 0.011621
-0.380792 0.034461 -0.051311
-0.559731 0.039395 -0.033752
-0.448996 0.045537 -0.054047
-0.547787 0.050234 -0.060788
-0.432955 0.028784 0.013083
-0.416591 0.037525 0.002071
-0.522186 0.035989 -0.017691
-0.461878 0.039096 0.003836
-0.626079 0.050056 -0.033641
-0.546608 0.045194 -0.019194
-0.386612 0.038481 -0.015716
-0.543128 0.050213 -0.062142
-0.409081 0.027767 0.013725
-0.573052 0.046402 -0.020583
-0.580215 0.046370 -0.085146
-0.407507 0.042486 -0.042231
-0.625735 0.038471 -0.004416
-0.475417 0.040779 -0.072927
-0.525549 0.051434 -0.078075
-0.480079 0.040657 -0.070379
-0.627507 0.038990 -0.008159
-0.611562 0.041566 -0.034851
-0.511046 0.046867 -0.044785
-0.618708 0.042515 -0.040413
-0.530974 0.042598 -0.002690
-0.576694 0.045522 -0.079238
-0.466592 0.046430 -0.082629
-0.559750 0.047468 -0.033822
-0.416359 0.044542 -0.056459
-0.519175 0.042462 -0.005428
-0.607035 0.045064 0.001699
-0.376920 0.036959 -0.033882
-0.431107 0.044126 -0.048156
-0.441521 0.040467 -0.081435
-0.454366 0.036900 -0.047508
-0.420392 0.036327 -0.053878
-0.549407 0.046325 -0.086397
-0.490124 0.030960 0.013697
-0.383942 0.037651 -0.076852
-0.512879 0.040090 -0.054901
-0.382473 0.037375 -0.007865
-0.614298 0.051114 -0.046315
-0.527866 0.038885 -0.039951
-0.537908 0.043761 -0.010108
-0.437190 0.048065 -0.078983
-0.476598 0.040267 -0.001096
-0.628950 0.038741 0.007588
-0.424622 0.044899 -0.056725
-0.384039 0.027234 0.009957
-0.414120 0.046929 -0.080190
-0.463963 0.038233 -0.055471
-0.377497 0.033695 -0.023093
-0.533056 0.045838 -0.028997
-0.501505 0.045576 -0.037160
-0.459119 0.049255 -0.081704
-0.528977 0.050814 -0.071791
-0.423644 0.045107 -0.058776
-0.622429 0.056333 -0.087126
-0.618215 0.049518 -0.031734
-0.389466 0.034680 -0.050296
-0.626422 0.038237 -0.002244
-0.457804 0.043828 -0.082538
-0.429040 0.036593 0.013922
-0.619257 0.038917 -0.010258
-0.611347 0.041412 -0.033636
-0.434138 0.037574 0.007415
-0.493475 0.040744 -0.066717
-0.606932 0.047688 -0.087363
-0.557213 0.039550 -0.035867
-0.384991 0.036044 -0.063122
-0.610706 0.043215 -0.048865
-0.399541 0.036324 0.006488
-0.423625 0.034371 -0.036520
-0.532373 0.046745 -0.036776
-0.405726 0.030165 -0.007349
-0.401935 0.040084 -0.024046
-0.429010 0.037655 0.005063
-0.515210 0.043706 -0.017084
-0.526221 0.047005 -0.040965
-0.426234 0.043826 -0.047257
-0.437463 0.039275 -0.072840
-0.577460 0.053646 -0.079485
-0.583241 0.050860 -0.054382
-0.425471 0.040543 -0.081460
-0.396234 0.040739 -0.031378
-0.623993 0.040393 -0.020999
-0.420948 0.046629 -0.072342
-0.415435 0.040556 -0.023552
-0.474481 0.040841 -0.006570
-0.430302 0.042768 -0.037109
-0.507857 0.040844 -0.062827
-0.540947 0.050949 -0.068992
-0.496581 0.043668 -0.022882
-0.518791 0.043809 -0.016774
-0.434034 0.040073 -0.013435
-0.462643 0.037978 -0.053781
-0.582084 0.038907 -0.022359
-0.396954 0.040813 -0.031758
-0.585061 0.045561 -0.076815
-0.621332 0.053703 -0.065581
-0.618905 0.046466 -0.073257
-0.520132 0.040857 -0.058916
-0.547661 0.041993 0.007817
-0.571626 0.035294 0.004311
-0.583240 0.049228 -0.040787
-0.503453 0.050616 -0.078507
-0.434206 0.040767 -0.019162
-0.463137 0.043254 -0.082848
-0.427921 0.030368 -0.001767
-0.498407 0.043579 -0.084409
-0.625036 0.049102 -0.026033
-0.426012 0.041877 -0.031097
-0.478171 0.044753 -0.037953
-0.565917 0.042701 0.007908
-0.490275 0.048983 -0.069224
-0.518107 0.043705 -0.016133
-0.413465 0.040725 -0.025607
-0.468923 0.032608 -0.006986
-0.584334 0.049031 -0.038786
-0.497180 0.039822 -0.057815
-0.425795 0.032088 0.017316
-0.494459 0.045500 -0.038835
-0.389723 0.039872 -0.026289
-0.455841 0.037169 -0.049269
-0.626808 0.040038 -0.017116
-0.555339 0.051722 -0.070710
-0.605752 0.043811 -0.055450
-0.429522 0.043160 -0.081334
-0.613338 0.048963 -0.028713
-0.609189 0.047453 -0.084667
-0.627438 0.040588 -0.021493
-0.588024 0.042189 -0.047755
-0.627348 0.045930 -0.024413
-0.498375 0.036227 -0.027480
-0.384732 0.034437 -0.049822
-0.426887 0.037453 -0.061129
-0.606394 0.046307 -0.076040
-0.431706 0.032378 -0.017272
-0.588456 0.039902 -0.028562
-0.508082 0.032471 0.006994
-0.537865 0.040678 0.013250
-0.512101 0.046898 -0.044700
-0.377083 0.039073 -0.027479
-0.589799 0.048419 -0.031897
-0.612878 0.038017 -0.004852
-0.590234 0.039001 -0.020471
-0.535834 0.048723 -0.052123
-0.405575 0.037784 -0.003692
-0.530630 0.052239 -0.083118
-0.435269 0.043844 -0.044448
-0.400963 0.030302 -0.010057
-0.594013 0.052012 -0.060450
-0.488411 0.036090 -0.029600
-0.537921 0.041467 0.009010
-0.609911 0.043586 -0.052213
-0.397413 0.039418 -0.019985
-0.578681 0.040177 -0.034059
-0.587225 0.038202 -0.014806
-0.551874 0.038130 0.012313
-0.501373 0.032258 0.006573
-0.627902 0.044315 -0.012393
-0.474797 0.047878 -0.065089
-0.458322 0.038355 0.008836
-0.382919 0.040068 -0.030148
-0.468592 0.036453 -0.039122
-0.406362 0.036611 0.006336
-0.480267 0.039077 0.010016
-0.418771 0.045422 -0.063003
-0.527851 0.043199 -0.075894
-0.384078 0.030914 -0.020688
-0.573325 0.043920 -0.066995
-0.606932 0.047503 -0.018654
-0.462336 0.038212 -0.055828
-0.492549 0.043482 -0.022655
-0.584059 0.043188 0.009801
-0.597767 0.045709 -0.006711
-0.581303 0.044148 -0.066274
-0.488705 0.030897 0.013755
-0.624062 0.048342 -0.087199
-0.556008 0.036978 -0.014836
-0.618133 0.037439 0.001687
-0.498430 0.041953 -0.075163
-0.527512 0.043832 -0.081276
-0.378972 0.028233 0.007646
-0.407121 0.032739 -0.028333
-0.438071 0.028816 0.014490
-0.560337 0.044619 -0.009897
-0.569806 0.046706 -0.024179
-0.606707 0.051964 -0.055887
-0.487975 0.047945 -0.083419
-0.488541 0.036544 -0.033340
-0.384943 0.033757 -0.044086
-0.497387 0.038655 -0.048029
-0.545932 0.043460 -0.072137
-0.514977 0.038932 -0.044570
-0.627636 0.038709 -0.005776
-0.498010 0.048420 -0.083818
-0.548906 0.034860 0.000479
-0.413010 0.031842 -0.018931
-0.446882 0.047632 -0.072195
-0.628081 0.042476 -0.009947
-0.605141 0.053475 -0.088079
-0.608693 0.052127 -0.056592
-0.437168 0.037228 0.011294
-0.462146 0.036998 0.016248
-0.445176 0.040629 -0.081592
-0.381407 0.032876 -0.037905
-0.403855 0.035356 0.015968
-0.506592 0.032025 0.010225
-0.455873 0.038301 0.008488
-0.384811 0.039393 -0.023908
-0.528496 0.044304 -0.084885
-0.500207 0.042099 -0.008621
-0.559951 0.049666 -0.052067
-0.527377 0.042368 -0.001951
-0.398223 0.036787 -0.064979
-0.486080 0.049681 -0.076411
-0.593248 0.047334 -0.021726
-0.439472 0.033954 -0.027852
-0.441775 0.031918 -0.010132
-0.483903 0.049136 -0.072590
-0.565233 0.048047 -0.036852
-0.468258 0.036712 -0.041391
-0.548337 0.046953 -0.033277
-0.395933 0.036956 -0.067133
-0.504591 0.045821 -0.038191
-0.466370 0.038154 0.013152
-0.466270 0.036185 -0.037650
-0.476584 0.042508 -0.019770
-0.404890 0.035534 0.014825
-0.444675 0.029456 0.011325
-0.536642 0.039186 -0.039581
-0.530081 0.044641 -0.019999
-0.456464 0.037431 0.015931
-0.589231 0.048305 -0.031132
-0.592833 0.046893 -0.085361
-0.483489 0.040259 -0.065943
-0.508614 0.036059 -0.022720
-0.509422 0.034598 -0.010286
-0.556877 0.034876 0.011701
-0.576368 0.042448 -0.053736
-0.494177 0.033225 -0.003846
-0.497258 0.049687 -0.083634
-0.517384 0.035695 -0.016810
-0.380020 0.035027 0.010891
-0.427058 0.040968 -0.023180
-0.628730 0.039339 0.002760
-0.516020 0.034355 -0.006096
-0.628664 0.039790 0.001633
-0.544989 0.042793 0.000277
-0.403712 0.031661 -0.020475
-0.476971 0.032798 -0.005925
-0.476281 0.034614 -0.021280
-0.551910 0.037897 -0.023835
-0.434192 0.043787 -0.044326
-0.380702 0.034832 -0.054437
-0.477420 0.043511 -0.027853
-0.578898 0.052673 -0.070913
-0.432896 0.043984 -0.046393
-0.486009 0.034858 -0.020127
-0.627794 0.047063 -0.008144
-0.402594 0.038294 -0.076093
-0.577163 0.052096 -0.066668
-0.429113 0.039175 -0.007564
-0.392404 0.033429 -0.038912
-0.375639 0.039677 -0.062817
-0.624372 0.045668 -0.064818
-0.436351 0.045953 -0.061662
-0.492930 0.031122 0.013266
-0.467782 0.042117 -0.019396
-0.576026 0.037831 -0.015379
-0.529852 0.052034 -0.081669
-0.411496 0.041299 -0.031035
-0.463009 0.047388 -0.064875
-0.405675 0.035982 -0.055825
-0.587368 0.051407 -0.057590
-0.617517 0.048436 -0.022955
-0.620497 0.050206 -0.036718
-0.584490 0.045407 -0.075716
-0.496082 0.049080 -0.068131
-0.459082 0.036979 -0.046620
-0.543526 0.042792 -0.000194
-0.540937 0.042791 -0.068209
-0.390614 0.035021 -0.052761
-0.463269 0.044866 -0.043776
-0.441353 0.038895 -0.068396
-0.624571 0.053550 -0.085248
-0.564149 0.039659 -0.034502
-0.585017 0.046781 -0.086996
-0.429932 0.042324 -0.033536
-0.426449 0.028932 0.009712
-0.390662 0.028188 0.004178
-0.565983 0.053356 -0.086317
-0.587290 0.039663 -0.026952
-0.399286 0.045668 -0.071441
-0.408290 0.032372 -0.024894
-0.584027 0.051704 -0.061156
-0.488582 0.046152 -0.046191
-0.473285 0.046953 -0.057883
-0.614419 0.050252 -0.088881
-0.383905 0.042697 -0.051728
-0.589946 0.035396 0.009469
-0.415853 0.031828 -0.017885
-0.548998 0.041473 -0.054585
-0.571405 0.044667 -0.073848
-0.588180 0.038328 -0.015535
-0.482631 0.041119 -0.073391
-0.615597 0.043915 -0.053092
-0.465019 0.041107 -0.011888
-0.491688 0.034619 -0.016276
-0.531039 0.034835 -0.005172
-0.397335 0.035573 0.012021
-0.381015 0.035435 -0.059353
-0.481229 0.042621 -0.019192
-0.514031 0.033325 0.001834
-0.378362 0.036028 0.001027
-0.529860 0.050801 -0.071390
-0.596839 0.042025 -0.043498
-0.598257 0.043378 -0.054303
-0.396614 0.032267 -0.027849
-0.501981 0.042080 -0.075052
-0.442772 0.040535 -0.014420
-0.508804 0.042193 -0.006581
-0.554951 0.043827 -0.005064
-0.514435 0.041709 -0.067882
-0.469900 0.048430 -0.071299
-0.530805 0.043620 -0.078432
-0.392431 0.037411 -0.072073
-0.397172 0.033276 -0.036071
-0.599839 0.041679 -0.039635
-0.498768 0.032382 0.004684
-0.451122 0.029871 0.009980
-0.392890 0.040714 -0.032265
-0.509974 0.049983 -0.071099
-0.445070 0.032344 -0.012603
-0.486061 0.034543 -0.017486
-0.547483 0.051674 -0.085677
-0.486091 0.035564 -0.025977
-0.615791 0.052156 -0.054505
-0.599803 0.040653 0.010438
-0.408954 0.042345 -0.040583
-0.588104 0.052567 -0.067009
-0.469252 0.038612 0.010279
-0.605378 0.043989 0.010114
-0.616177 0.056055 -0.086865
-0.378363 0.033624 -0.001588
-0.424991 0.035494 -0.045430
-0.584582 0.045266 -0.007338
-0.627926 0.041169 -0.015243
-0.520466 0.043181 -0.078169
-0.490271 0.050105 -0.078570
-0.388999 0.040000 -0.027593
-0.492142 0.042131 -0.078702
-0.416571 0.046154 -0.069822
-0.482503 0.035985 -0.030664
-0.403071 0.032112 -0.024438
-0.531379 0.043965 -0.013942
-0.551527 0.050379 -0.060769
-0.399610 0.046272 -0.076358
-0.427940 0.029616 0.004504
-0.396275 0.041678 -0.039184
-0.494712 0.032375 0.003410
-0.515228 0.041800 -0.001201
-0.451927 0.048213 -0.081753
-0.606432 0.042320 -0.042807
-0.494055 0.039521 0.010842
-0.560193 0.052351 -0.074362
-0.495211 0.035557 -0.022930
-0.598778 0.036795 0.000707
-0.549996 0.043986 -0.008017
-0.428864 0.039192 -0.074967
-0.447315 0.043715 -0.039419
-0.447453 0.032893 -0.016398
-0.377148 0.037026 -0.028110
-0.608880 0.054434 -0.075748
-0.506259 0.039738 0.013034
-0.517680 0.040602 0.009581
-0.498033 0.048085 -0.059201
-0.450741 0.039608 -0.004088
-0.615693 0.047491 -0.015681
-0.535443 0.034511 0.012630
-0.625021 0.044148 -0.051944
-0.616433 0.049778 -0.034483
-0.625155 0.050075 -0.074510
-0.491732 0.036147 -0.028984
-0.566491 0.053902 -0.085211
-0.408323 0.032994 -0.030063
-0.465204 0.032617 -0.008282
-0.475952 0.041874 -0.014697
-0.535812 0.038925 -0.037683
-0.541927 0.039877 -0.043607
-0.501508 0.049527 -0.070069
-0.382068 0.030482 -0.017748
-0.455264 0.036074 -0.040338
-0.454382 0.039852 -0.072095
-0.466846 0.038201 0.012917
-0.467158 0.048177 -0.070091
-0.615573 0.038918 0.009518
-0.421940 0.032099 -0.018143
-0.491968 0.035594 -0.024300
-0.585207 0.039039 -0.022439
-0.547446 0.035044 -0.001531
-0.619984 0.047870 -0.084605
-0.609945 0.045762 -0.003160
-0.415673 0.027748 0.016045
-0.509405 0.035267 -0.015860
-0.453100 0.045947 -0.056116
-0.596134 0.045232 -0.003268
-0.434717 0.036511 0.016466
-0.591125 0.040335 -0.031288
-0.555421 0.043780 -0.004519
-0.481506 0.049617 -0.077380
-0.427419 0.042828 -0.038559
-0.542900 0.036555 -0.015613
-0.447432 0.038485 -0.062990
-0.575320 0.041806 0.011684
-0.546902 0.045150 -0.018731
-0.546601 0.033719 0.009224
-0.521863 0.041934 -0.067322
-0.503582 0.041295 -0.000812
-0.571385 0.044435 -0.071919
-0.422535 0.039052 -0.075872
-0.377708 0.032148 -0.019542
-0.623872 0.038525 -0.005481
-0.498271 0.046698 -0.047568
-0.397639 0.037509 -0.004005
-0.527981 0.050490 -0.069415
-0.609713 0.048861 -0.029053
-0.458089 0.040494 -0.076228
-0.385363 0.040707 -0.034669
-0.378230 0.035740 -0.002563
-0.398255 0.031176 -0.018219
-0.529471 0.048005 -0.048226
-0.395667 0.043252 -0.052494
-0.473971 0.049884 -0.082075
-0.523893 0.042637 -0.005334
-0.418454 0.033658 -0.032279
-0.397124 0.037119 -0.000929
-0.573279 0.043636 0.002531
-0.450421 0.039769 -0.005529
-0.387872 0.029183 0.018692
-0.413221 0.028410 0.009727
-0.623822 0.051290 -0.044660
-0.568048 0.043661 -0.066565
-0.523061 0.046967 -0.041678
-0.445449 0.037388 -0.054497
-0.456270 0.039933 -0.072155
-0.517798 0.033535 0.013315
-0.625453 0.045623 -0.064094
-0.577351 0.054503 -0.086659
-0.446340 0.039492 -0.004557
-0.458937 0.034816 -0.028655
-0.400758 0.033250 -0.034677
-0.379988 0.036562 -0.001901
-0.466928 0.044378 -0.038513
-0.466783 0.041795 -0.017042
-0.465048 0.034514 -0.024134
-0.398559 0.039658 -0.021609
-0.505328 0.040478 0.006562
-0.485944 0.040088 0.003454
-0.538633 0.051756 -0.076468
-0.552969 0.042099 -0.058499
-0.386105 0.045391 -0.073453
-0.562159 0.039552 -0.034265
-0.624489 0.037313 0.004823
-0.421686 0.038966 -0.008259
-0.626737 0.049601 -0.035602
-0.495478 0.045327 -0.037065
-0.609914 0.042160 -0.040332
-0.467433 0.034681 -0.024739
-0.399118 0.030164 -0.009511
-0.534311 0.048381 -0.049774
-0.619414 0.042792 -0.042490
-0.536870 0.044825 -0.019308
-0.447281 0.038225 -0.060870
-0.577009 0.045880 -0.082109
-0.392895 0.031411 -0.021938
-0.489565 0.046161 -0.045948
-0.511986 0.040650 0.007316
-0.384556 0.027347 0.009188
-0.476718 0.045663 -0.083179
-0.423025 0.032208 -0.018701
-0.452625 0.040854 -0.013847
-0.505174 0.044003 -0.022852
-0.386296 0.031252 -0.022779
-0.525655 0.035164 -0.009677
-0.483010 0.044649 -0.035504
-0.416207 0.029614 0.017458
-0.431969 0.038493 -0.068126
-0.517796 0.050835 -0.075632
-0.542277 0.046543 -0.031848
-0.548800 0.045221 -0.018695
-0.408602 0.035852 -0.053784
-0.574578 0.044225 -0.001949
-0.502190 0.035716 -0.021967
-0.601796 0.035895 0.009190
-0.558776 0.038736 -0.028576
-0.452673 0.041289 -0.017458
-0.627840 0.045085 0.008346
-0.605778 0.043753 -0.054964
-0.618463 0.041582 -0.032721
-0.627730 0.044810 -0.016131
-0.454388 0.040268 -0.075558
-0.486632 0.032785 -0.002652
-0.545368 0.044611 -0.081912
-0.438398 0.041576 -0.024525
-0.459255 0.039517 -0.067711
-0.438279 0.043653 -0.041865
-0.490143 0.037953 -0.044555
-0.450458 0.034943 -0.032493
-0.379663 0.036531 -0.068929
-0.604754 0.055112 -0.082753
-0.561473 0.044199 -0.006030
-0.422920 0.042345 -0.036007
-0.391590 0.045768 -0.074794
-0.598175 0.051042 -0.051002
-0.538478 0.038762 -0.035449
-0.500820 0.045888 -0.039980
-0.626048 0.051324 -0.044213
-0.561808 0.050824 -0.061109
-0.448171 0.043677 -0.038824
-0.553491 0.041915 0.010385
-0.626632 0.049985 -0.032871
-0.480967 0.049668 -0.077977
-0.422216 0.045210 -0.060104
-0.622263 0.051291 -0.045176
-0.540165 0.040921 -0.052884
-0.584454 0.039038 -0.022672
-0.507659 0.041783 -0.003544
-0.378478 0.031181 -0.001396
-0.404345 0.028776 0.003768
-0.538528 0.047767 -0.043271
-0.455559 0.046968 -0.063818
-0.615140 0.055675 -0.084033
-0.552431 0.042416 -0.061314
-0.589851 0.043178 -0.055392
-0.506849 0.041433 -0.000893
-0.579698 0.039585 -0.028791
-0.518962 0.042676 -0.007278
-0.438860 0.047853 -0.076666
-0.566919 0.042710 -0.059010
-0.586398 0.035260 0.009435
-0.563433 0.045754 -0.018337
-0.387867 0.034850 -0.052230
-0.559227 0.047721 -0.036106
-0.624517 0.046039 -0.067862
-0.560722 0.044212 -0.073556
-0.441676 0.042257 -0.029128
-0.487344 0.041801 -0.010351
-0.408560 0.046673 -0.076768
-0.488387 0.035765 -0.026903
-0.379567 0.028718 -0.003875
-0.626071 0.048279 -0.053653
-0.380117 0.038942 -0.021686
-0.389445 0.027346 0.010794
-0.463672 0.041314 -0.081228
-0.493052 0.047503 -0.083702
-0.524954 0.042135 -0.067984
-0.399126 0.041737 -0.038739
-0.376283 0.036592 -0.050154
-0.437936 0.032886 -0.019460
-0.467258 0.031713 -0.000071
-0.507152 0.035453 -0.018149
-0.570633 0.045506 -0.013916
-0.409363 0.028523 0.007524
-0.406580 0.039391 -0.016751
-0.393144 0.043696 -0.057020
-0.544184 0.044452 -0.080978
-0.588110 0.036742 -0.002345
-0.388561 0.041862 -0.043243
-0.509137 0.042739 -0.078194
-0.510147 0.040272 0.009860
-0.378166 0.041052 -0.039906
-0.493456 0.047907 -0.059213
-0.613673 0.044116 -0.055401
-0.568828 0.053494 -0.081052
-0.424163 0.031763 -0.014615
-0.557876 0.051238 -0.065848
-0.474209 0.038150 -0.051420
-0.376876 0.034432 -0.052359
-0.523028 0.049937 -0.066433
-0.583963 0.039518 0.011022
-0.533289 0.035695 -0.011597
-0.605970 0.036507 0.005466
-0.438333 0.028791 0.014786
-0.514642 0.042212 -0.004827
-0.592830 0.040113 -0.028887
-0.514559 0.050145 -0.070945
-0.624683 0.049730 -0.086651
-0.569389 0.035654 0.000573
-0.491231 0.038871 -0.051845
-0.477522 0.035138 -0.025240
-0.473726 0.038130 0.015766
-0.548434 0.042480 0.004018
-0.435627 0.041781 -0.027141
-0.493010 0.032565 0.001273
-0.589426 0.037635 -0.009358
-0.624982 0.049725 -0.031246
-0.484684 0.032813 -0.003526
-0.543016 0.039541 -0.040450
-0.474646 0.032256 0.015121
-0.493121 0.037475 -0.039596
-0.562835 0.050897 -0.061382
-0.553878 0.043477 -0.069680
-0.582797 0.042036 -0.048190
-0.459802 0.038120 -0.055895
-0.571245 0.039407 0.011586
-0.474572 0.039025 0.008586
-0.581351 0.048581 -0.087579
-0.627316 0.037471 0.004429
-0.461992 0.042002 -0.020340
-0.389081 0.035300 -0.055587
-0.394007 0.026788 0.016943
-0.378212 0.037162 -0.074658
-0.547549 0.035154 -0.002418
-0.565280 0.041758 -0.051619
-0.434498 0.030122 0.002437
-0.390636 0.036791 -0.067493
-0.475205 0.049749 -0.080544
-0.541980 0.038007 -0.028008
-0.458456 0.045704 -0.052335
-0.518740 0.032387 0.011189
-0.614821 0.046881 -0.078053
-0.398295 0.035467 0.013219
-0.448586 0.040042 -0.075584
-0.529864 0.044494 -0.018845
-0.582730 0.050089 -0.087463
-0.608609 0.046932 -0.080515
-0.429397 0.047299 -0.075149
-0.376178 0.038273 -0.050931
-0.495467 0.036479 -0.030533
-0.605351 0.045239 -0.067479
-0.393758 0.045110 -0.068597
-0.403606 0.028353 0.007052
-0.608238 0.044148 0.009730
-0.570749 0.042450 -0.055593
-0.387866 0.045510 -0.073862
-0.464847 0.037990 0.014017
-0.576946 0.042534 -0.054258
-0.468785 0.031463 0.002512
-0.375951 0.037689 -0.057218
-0.381963 0.029366 -0.008481
-0.503561 0.038511 -0.044802
-0.412365 0.027954 0.017436
-0.548014 0.040061 -0.043142
-0.522237 0.041322 -0.062101
-0.468344 0.037559 -0.048417
-0.423798 0.046314 -0.068783
-0.589922 0.054088 -0.079083
-0.490864 0.034469 -0.015293
-0.596977 0.054463 -0.079891
-0.377280 0.032663 -0.029622
-0.584046 0.035865 0.003621
-0.438704 0.046759 -0.067600
-0.469829 0.047254 -0.082678
-0.458103 0.040809 -0.011677
-0.582782 0.046518 -0.018364
-0.517517 0.042185 -0.070838
-0.494313 0.038906 -0.051122
-0.589226 0.041653 -0.042892
-0.506534 0.037467 -0.035133
-0.381435 0.041564 -0.043101
-0.408641 0.045155 -0.064093
-0.597415 0.042279 -0.045426
-0.563867 0.040493 -0.041544
-0.467919 0.045919 -0.051026
-0.479602 0.033569 -0.011491
-0.526833 0.042367 -0.069297
-0.431370 0.044449 -0.050760
-0.443571 0.033677 -0.024204
-0.539476 0.041726 0.007364
-0.415320 0.044371 -0.055377
-0.436645 0.037677 0.007383
-0.618657 0.055577 -0.082065
-0.598635 0.048843 -0.032529
-0.389742 0.029298 -0.005370
-0.496168 0.040767 0.001150
-0.392729 0.026619 0.017929
-0.474437 0.048669 -0.071800
-0.433822 0.042686 -0.035268
-0.616805 0.048068 -0.020122
-0.436903 0.043300 -0.039382
-0.545160 0.046596 -0.031345
-0.556442 0.040539 0.012391
-0.576956 0.038330 -0.019231
-0.404989 0.037818 -0.004176
-0.403583 0.035394 -0.051615
-0.447238 0.037435 -0.054305
-0.479590 0.034813 -0.021859
-0.389737 0.036080 -0.061865
-0.574732 0.039280 -0.027882
-0.553990 0.047546 -0.036363
-0.464431 0.041053 -0.011635
-0.509804 0.041683 -0.002006
-0.596101 0.044541 0.002474
-0.577405 0.047000 -0.024135
-0.601745 0.036350 0.005390
-0.466875 0.039890 -0.068316
-0.590847 0.041016 -0.037056
-0.386697 0.030277 -0.014523
-0.598740 0.049723 -0.039831
-0.427300 0.046008 -0.065081
-0.515410 0.035287 -0.014058
-0.395337 0.036556 0.003174
-0.466380 0.048635 -0.074156
-0.491357 0.042581 -0.082710
-0.468641 0.039803 0.000163
-0.512370 0.048089 -0.054528
-0.488981 0.031334 0.014362
-0.598437 0.038551 -0.014037
-0.390238 0.028712 -0.000325
-0.600943 0.038669 0.010152
-0.514469 0.034704 0.013604
-0.625938 0.046334 -0.059102
-0.609542 0.043308 -0.050021
-0.579419 0.046726 -0.021200
-0.556354 0.034176 0.008618
-0.571762 0.034739 0.011010
-0.606990 0.046541 -0.077787
-0.431685 0.028675 0.013572
-0.590624 0.043695 0.007730
-0.548166 0.043757 -0.006713
-0.524455 0.040471 -0.054279
-0.376579 0.034950 -0.044591
-0.426805 0.032297 -0.018203
-0.413625 0.035990 -0.053288
-0.485735 0.047096 -0.054995
-0.403421 0.042395 -0.080241
-0.566943 0.039981 0.011848
-0.565522 0.037424 -0.015433
-0.429878 0.038346 -0.000411
-0.536460 0.047223 -0.039416
-0.391123 0.037704 -0.007772
-0.469645 0.040134 -0.069442
-0.406224 0.042448 -0.042338
-0.587918 0.044617 -0.000837
-0.436815 0.031062 -0.004632
-0.570180 0.044925 -0.076393
-0.412069 0.036027 0.013066
-0.454209 0.030421 0.015830
-0.401829 0.041828 -0.038610
-0.462265 0.047178 -0.082344
-0.450331 0.038671 -0.063586
-0.501779 0.038215 -0.042924
-0.574039 0.045010 -0.008667
-0.529407 0.036670 0.013159
-0.377127 0.038425 -0.027093
-0.378288 0.043214 -0.057873
-0.377220 0.041088 -0.040513
-0.626891 0.043560 -0.038422
-0.532021 0.051209 -0.074082
-0.490360 0.048353 -0.063948
-0.525060 0.044648 -0.021709
-0.430450 0.032977 -0.022669
-0.490105 0.039829 -0.060195
-0.393810 0.036443 -0.063560
-0.611178 0.046492 -0.008838
-0.533301 0.036354 -0.017083
-0.594349 0.045229 -0.003828
-0.436349 0.035464 -0.041452
-0.506525 0.033914 -0.005537
-0.510758 0.040992 0.004060
-0.509657 0.037215 0.014119
-0.578801 0.052989 -0.073576
-0.547497 0.053126 -0.084978
-0.431637 0.042503 -0.034464
-0.487872 0.042829 -0.018742
-0.473564 0.030819 0.009440
-0.431797 0.045065 -0.055751
-0.598891 0.046323 -0.011454
-0.533248 0.032991 0.012550
-0.625440 0.048794 -0.023336
-0.617641 0.052078 -0.053248
-0.625501 0.049551 -0.066459
-0.477777 0.036071 -0.032929
-0.455798 0.039111 -0.065456
-0.581252 0.043071 0.009849
-0.426372 0.036710 -0.055104
-0.520204 0.050903 -0.075410
-0.623235 0.047906 -0.016661
-0.433946 0.042465 -0.033388
-0.487745 0.032210 0.002506
-0.448088 0.047849 -0.081622
-0.628196 0.041665 -0.007989
-0.492470 0.032290 0.003385
-0.388832 0.038971 -0.079985
-0.462035 0.041029 -0.079393
-0.519474 0.042057 -0.069126
-0.628037 0.041396 -0.012245
-0.398265 0.032043 -0.025445
-0.609311 0.038696 -0.011676
-0.411327 0.040367 -0.023325
-0.497914 0.039957 0.008469
-0.520642 0.037399 -0.029938
-0.553334 0.046244 -0.025732
-0.546188 0.047535 -0.038829
-0.615727 0.040253 -0.022542
-0.437820 0.032444 -0.015817
-0.517338 0.049922 -0.068173
-0.516425 0.040424 -0.056525
-0.520269 0.033130 0.005503
-0.399229 0.037984 -0.007445
-0.626410 0.050149 -0.043159
-0.616830 0.051515 -0.048823
-0.445595 0.039811 -0.074633
-0.494720 0.044416 -0.029719
-0.622376 0.037089 0.005994
-0.424410 0.035628 -0.046733
-0.567806 0.047014 -0.027405
-0.602194 0.036689 0.002706
-0.404512 0.032579 -0.027859
-0.399709 0.029474 -0.003568
-0.476516 0.049132 -0.074972
-0.601595 0.044498 -0.062537
-0.458287 0.039811 -0.070475
-0.436929 0.035766 0.017246
-0.477940 0.032785 -0.005504
-0.562451 0.051715 -0.086351
-0.602978 0.051965 -0.057116
-0.463852 0.031054 0.004299
-0.451144 0.034041 -0.024753
-0.611430 0.047507 -0.084380
-0.391271 0.028121 0.004935
-0.392478 0.035759 -0.058297
-0.439025 0.039261 -0.072205
-0.447166 0.038902 -0.066546
-0.516228 0.034678 -0.008722
-0.523042 0.033957 -0.000480
-0.607128 0.037898 -0.005741
-0.495820 0.044299 -0.084206
-0.529029 0.044360 -0.085184
-0.475578 0.033051 -0.008488
-0.523936 0.038132 -0.034969
-0.506524 0.042675 -0.011346
-0.489724 0.034684 -0.017459
-0.457560 0.038912 0.003952
-0.426081 0.037023 -0.057810
-0.465397 0.041264 -0.080250
-0.603175 0.044289 0.006890
-0.528743 0.037481 -0.027968
-0.537820 0.041309 0.010289
-0.575689 0.053823 -0.081539
-0.489991 0.049983 -0.077648
-0.481247 0.038341 -0.050703
-0.593147 0.051680 -0.057962
-0.387364 0.042915 -0.052413
-0.459220 0.039886 -0.003624
-0.522734 0.034043 -0.001295
-0.526064 0.040906 -0.057377
-0.491486 0.038638 -0.049823
-0.394731 0.037647 -0.006113
-0.617947 0.037072 0.004684
-0.544016 0.037587 -0.023844
-0.549527 0.050647 -0.063660
-0.434318 0.047962 -0.079065
-0.498358 0.039315 0.013964
-0.397107 0.032947 0.018719
-0.498854 0.041672 -0.072682
-0.578986 0.039291 -0.026576
-0.627787 0.043968 -0.015629
-0.480033 0.034092 -0.015704
-0.489956 0.033102 -0.004200
-0.508988 0.037998 -0.038752
-0.524105 0.041190 -0.060390
-0.414244 0.032281 -0.022186
-0.519335 0.034999 -0.010378
-0.493681 0.034225 -0.012335
-0.437545 0.037756 0.007019
-0.381068 0.032959 -0.038706
-0.416424 0.046670 -0.074167
-0.437509 0.037496 -0.058005
-0.601816 0.038235 -0.010292
-0.568068 0.053629 -0.082425
-0.496262 0.049701 -0.083588
-0.613193 0.043060 -0.046760
-0.449726 0.034924 -0.032567
-0.489291 0.043937 -0.027514
-0.411204 0.035099 -0.046660
-0.398399 0.036557 0.004174
-0.434542 0.047337 -0.073780
-0.394079 0.035214 -0.053228
-0.439614 0.042788 -0.034227
-0.428213 0.040890 -0.022147
-0.440635 0.044653 -0.049425
-0.398238 0.044173 -0.059325
-0.484469 0.046890 -0.053694
-0.377601 0.035721 -0.018267
-0.521496 0.044078 -0.018122
-0.385687 0.028934 -0.003667
-0.407363 0.036246 0.009699
-0.551243 0.042271 -0.060498
-0.433319 0.040315 -0.015685
-0.398105 0.027711 0.010592
-0.451379 0.035474 -0.036610
-0.578936 0.044211 -0.067576
-0.536352 0.039854 -0.045243
-0.522229 0.049126 -0.059938
-0.381232 0.026395 0.016027
-0.450248 0.031561 -0.004384
-0.565317 0.047223 -0.029960
-0.551300 0.048765 -0.047404
-0.610553 0.039573 -0.018578
-0.595366 0.038904 0.010432
-0.465208 0.038257 0.011909
-0.585005 0.035968 0.003079
-0.451570 0.037403 0.014554
-0.559822 0.053453 -0.083657
-0.577985 0.049755 -0.046898
-0.569669 0.046665 -0.023884
-0.595507 0.045393 -0.071990
-0.513001 0.047131 -0.046340
-0.508055 0.046565 -0.043248
-0.618204 0.044530 0.009811
-0.491319 0.031386 0.010540
-0.401430 0.030534 -0.011837
-0.409347 0.034667 -0.043666
-0.500833 0.042935 -0.082549
-0.557238 0.047721 -0.086587
-0.382982 0.036645 -0.068792
-0.413699 0.039045 -0.011540
-0.625951 0.048559 -0.021210
-0.392536 0.042982 -0.079678
-0.396050 0.031056 -0.017941
-0.553409 0.039308 -0.035104
-0.547088 0.049814 -0.057518
-0.403453 0.038466 -0.010074
-0.606936 0.045746 -0.071184
-0.510462 0.041085 -0.063983
-0.412835 0.027482 0.017329
-0.513852 0.045980 -0.036479
-0.514561 0.041161 -0.063277
-0.536889 0.048139 -0.046912
-0.391883 0.036199 -0.062152
-0.599127 0.051373 -0.088055
-0.434542 0.041473 -0.024927
-0.551368 0.048112 -0.041937
-0.431147 0.033144 -0.023834
-0.446810 0.044786 -0.048512
-0.488535 0.045193 -0.083770
-0.508503 0.045929 -0.037802
-0.401498 0.038783 -0.080530
-0.510816 0.033129 0.002411
-0.523433 0.050621 -0.084711
-0.497292 0.031589 0.010805
-0.569318 0.045022 -0.010314
-0.613591 0.041962 -0.037478
-0.537282 0.044250 -0.014385
-0.608279 0.053585 -0.068874
-0.518005 0.048828 -0.058843
-0.444999 0.042683 -0.031581
-0.535522 0.034544 -0.001278
-0.424317 0.040767 -0.081381
-0.534583 0.034316 0.000314
-0.569258 0.045558 -0.081969
-0.607153 0.048744 -0.028915
-0.577266 0.045636 -0.079993
-0.584839 0.048866 -0.037251
-0.379960 0.034877 0.012120
-0.511648 0.046229 -0.039275
-0.387527 0.032165 -0.029978
-0.405906 0.034906 -0.046787
-0.421675 0.039653 -0.013985
-0.506423 0.035352 -0.017545
-0.596807 0.040506 -0.030853
-0.491815 0.040609 0.001039
-0.610576 0.036636 0.005900
-0.624856 0.050998 -0.080954
-0.499813 0.045854 -0.040031
-0.397633 0.041909 -0.040668
-0.508587 0.036506 0.014084
-0.582070 0.036377 -0.001289
-0.439786 0.038897 -0.068925
-0.575286 0.044883 -0.074370
-0.575788 0.046442 -0.087192
-0.428569 0.041510 -0.027194
-0.557781 0.043893 -0.071866
-0.384871 0.043791 -0.060527
-0.585340 0.041632 -0.043991
-0.449005 0.043694 -0.082155
-0.604507 0.052084 -0.057603
-0.419701 0.033720 -0.032387
-0.594956 0.043697 -0.058041
-0.461590 0.035996 -0.037610
-0.387965 0.031893 0.019009
-0.419266 0.037734 -0.065966
-0.398489 0.030244 -0.010381
-0.589411 0.045913 -0.078321
-0.422833 0.038961 -0.007843
-0.512650 0.050951 -0.078281
-0.509995 0.042222 -0.073607
-0.380012 0.026939 0.011093
-0.601967 0.046676 -0.013384
-0.586623 0.048153 -0.030720
-0.497947 0.038550 -0.046968
-0.566951 0.047813 -0.034336
-0.467287 0.039487 0.002352
-0.468099 0.048912 -0.075904
-0.402191 0.041011 -0.080349
-0.603534 0.055505 -0.086423
-0.568626 0.035417 0.002306
-0.603732 0.042081 -0.041705
-0.528437 0.038217 -0.034200
-0.531903 0.039442 -0.043266
-0.384188 0.027010 0.011874
-0.391349 0.046028 -0.079264
-0.500352 0.035685 -0.022316
-0.565038 0.037127 -0.013118
-0.458180 0.029686 0.013839
-0.593792 0.038092 -0.011734
-0.549789 0.041199 -0.052044
-0.387596 0.033482 -0.040925
-0.579021 0.053474 -0.077544
-0.621610 0.039609 -0.015254
-0.590825 0.048563 -0.032760
-0.530206 0.037292 -0.025916
-0.377831 0.042971 -0.056000
-0.515099 0.035317 -0.014414
-0.519706 0.046198 -0.036375
-0.527348 0.039852 -0.048174
-0.567041 0.042269 -0.055301
-0.501174 0.042268 -0.009714
-0.523891 0.043245 -0.077574
-0.466805 0.032164 -0.003982
-0.607734 0.046629 -0.011103
-0.406737 0.031292 -0.016410
-0.416412 0.036561 -0.057129
-0.456739 0.039990 -0.005301
-0.605316 0.047242 -0.084181
-0.465781 0.030407 0.010320
-0.565998 0.036893 -0.010856
-0.609600 0.036772 0.004447
-0.498170 0.044283 -0.027478
-0.468146 0.039889 -0.000720
-0.595053 0.048016 -0.026816
-0.450401 0.041389 -0.019030
-0.495877 0.042588 -0.014110
-0.387203 0.034641 -0.050707
-0.402745 0.033084 -0.032647
-0.471986 0.041124 -0.076926
-0.612477 0.047401 -0.083152
-0.537230 0.048788 -0.052201
-0.516293 0.041513 -0.065637
-0.615036 0.036471 0.008733
-0.496688 0.048668 -0.064495
-0.406867 0.046414 -0.075163
-0.559431 0.043384 0.000093
-0.475321 0.048041 -0.066282
-0.387154 0.026562 0.016577
-0.499570 0.036238 -0.027178
-0.511092 0.041090 0.003359
-0.556623 0.051655 -0.069728
-0.492831 0.050639 -0.082177
-0.472287 0.040118 -0.068448
-0.578318 0.035971 0.000862
-0.500950 0.033715 0.014100
-0.388525 0.031157 -0.021255
-0.497656 0.031924 0.008133
-0.544411 0.035948 -0.010062
-0.447379 0.038053 0.007764
-0.476818 0.034830 -0.022909
-0.544405 0.041817 0.008221
-0.464651 0.036475 -0.040598
-0.398120 0.036631 0.003461
-0.595868 0.037146 -0.003174
-0.488729 0.038893 -0.052849
-0.426266 0.034973 -0.040671
-0.600681 0.051622 -0.055015
-0.414143 0.037910 -0.069115
-0.601186 0.039701 -0.022710
-0.588176 0.035453 0.008410
-0.423619 0.028294 0.014100
-0.501813 0.033833 -0.006407
-0.501114 0.049939 -0.073632
-0.556599 0.033914 0.010879
-0.560199 0.035888 -0.004385
-0.451997 0.047640 -0.070583
-0.608777 0.039574 -0.019162
-0.511115 0.038537 -0.042544
-0.586568 0.052756 -0.069085
-0.447850 0.039336 -0.069944
-0.569490 0.038484 -0.022962
-0.419540 0.039844 -0.016279
-0.609622 0.051128 -0.047963
-0.523320 0.050686 -0.072577
-0.604744 0.051714 -0.054449
-0.510792 0.043943 -0.020514
-0.465235 0.049376 -0.080704
-0.512276 0.040315 -0.056973
-0.448408 0.032059 -0.009139
-0.405357 0.034453 -0.043197
-0.473183 0.047676 -0.063938
-0.627902 0.042869 -0.013983
-0.375417 0.040205 -0.067756
-0.556283 0.034864 0.002866
-0.435186 0.046012 -0.062530
-0.418568 0.036005 0.015383
-0.583858 0.035906 0.003218
-0.510510 0.051257 -0.081529
-0.612545 0.047354 -0.082742
-0.513783 0.041755 -0.001306
-0.584015 0.052980 -0.071787
-0.515665 0.047739 -0.050538
-0.558551 0.037815 -0.020978
-0.379827 0.027314 0.018836
-0.485280 0.036333 -0.032650
-0.541329 0.039060 -0.036996
-0.628113 0.040796 -0.010997
-0.609637 0.042196 -0.040724
-0.597096 0.046396 -0.012651
-0.485624 0.048653 -0.068002
-0.434969 0.041250 -0.022938
-0.495586 0.042463 -0.013169
-0.530911 0.040228 -0.050142
-0.535452 0.041739 0.005932
-0.422846 0.040395 -0.019787
-0.503151 0.033879 -0.006354
-0.504049 0.040953 0.002190
-0.385450 0.036782 -0.069125
-0.474355 0.046945 -0.057464
-0.469607 0.032780 -0.008192
-0.383178 0.027057 0.011147
-0.549704 0.041990 0.008515
-0.528762 0.045184 -0.024962
-0.495874 0.038414 -0.046513
-0.462893 0.029765 0.014723
-0.573310 0.034925 0.007938
-0.400748 0.034670 -0.046511
-0.455149 0.038370 -0.059498
-0.457974 0.036764 -0.045192
-0.501428 0.048143 -0.084006
-0.466959 0.033651 -0.016315
-0.589667 0.038470 -0.016233
-0.411851 0.038605 -0.008479
-0.393559 0.044854 -0.066532
-0.563238 0.043850 -0.069715
-0.387986 0.046114 -0.078853
-0.613997 0.041059 -0.029828
-0.622954 0.046788 -0.007443
-0.624416 0.055646 -0.086799
-0.535268 0.047930 -0.045700
-0.488563 0.033430 0.014628
-0.381563 0.041810 -0.045109
-0.422643 0.041088 -0.025623
-0.549427 0.035426 -0.004066
-0.563610 0.044725 -0.076881
-0.528435 0.051824 -0.080384
-0.494821 0.038632 -0.048681
-0.587574 0.036586 -0.001224
-0.550630 0.041622 0.011883
-0.421591 0.033937 -0.033576
-0.511708 0.041904 -0.070399
-0.527416 0.044228 -0.084606
-0.613460 0.052317 -0.088593
-0.526543 0.033511 0.004384
-0.555738 0.042629 0.005173
-0.503348 0.044072 -0.024026
-0.387459 0.032190 0.019067
-0.446824 0.044082 -0.042638
-0.497451 0.031509 0.011521
-0.567404 0.042159 -0.054263
-0.497131 0.039365 0.013149
-0.518834 0.035683 -0.016241
-0.411638 0.036248 0.011091
-0.532536 0.033915 0.002984
-0.506190 0.049556 -0.068778
-0.393881 0.043013 -0.051090
-0.454645 0.048167 -0.074102
-0.412523 0.040994 -0.028161
-0.477850 0.037208 -0.042382
-0.519957 0.040875 -0.059124
-0.499231 0.037164 -0.034999
-0.383537 0.039812 -0.027816
-0.556894 0.039356 -0.034358
-0.377842 0.032272 -0.034047
-0.402394 0.040509 -0.027438
-0.403687 0.043538 -0.052252
-0.605517 0.041225 0.010246
-0.460243 0.037683 0.015066
-0.405800 0.027570 0.014293
-0.403943 0.039556 -0.080601
-0.500889 0.050949 -0.082122
-0.506536 0.032371 0.007325
-0.411032 0.028041 0.012081
-0.481441 0.046431 -0.050858
-0.624846 0.045836 -0.066065
-0.441856 0.037426 -0.055996
-0.413052 0.028306 0.010538
-0.590235 0.043529 0.008978
-0.470895 0.039800 0.000921
-0.436491 0.039545 -0.008227
-0.596392 0.038550 -0.014699
-0.461763 0.045851 -0.052481
-0.530397 0.039647 -0.045468
-0.560030 0.049699 -0.052319
-0.471967 0.041151 -0.077155
-0.622070 0.046692 -0.074105
-0.605065 0.050063 -0.040586
-0.497861 0.041487 -0.071462
-0.413185 0.034464 -0.040714
-0.415983 0.037258 0.004095
-0.580590 0.044766 -0.071661
-0.434533 0.038756 -0.002301
-0.543441 0.047600 -0.040270
-0.481420 0.039551 -0.060729
-0.376618 0.036745 -0.041643
-0.515688 0.045068 -0.085016
-0.574470 0.044405 -0.070659
-0.521297 0.042667 -0.073613
-0.491655 0.040493 -0.065219
-0.561526 0.048697 -0.043482
-0.512367 0.041392 0.001257
-0.496724 0.049085 -0.067959
-0.589778 0.037332 -0.006713
-0.495465 0.034382 -0.013058
-0.453776 0.029793 0.011497
-0.537458 0.046524 -0.033271
-0.518114 0.050054 -0.069015
-0.575243 0.049537 -0.045985
-0.519551 0.042559 -0.006110
-0.575876 0.036786 -0.006724
-0.490292 0.046087 -0.045088
-0.511422 0.039650 -0.051716
-0.607694 0.043390 -0.051308
-0.466406 0.047512 -0.064796
-0.605100 0.038473 -0.011198
-0.474188 0.034619 -0.022007
-0.476722 0.035946 -0.032233
-0.532364 0.051937 -0.080031
-0.469078 0.036864 -0.042392
-0.512298 0.045911 -0.036412
-0.494645 0.048340 -0.062437
-0.566655 0.046002 -0.086526
-0.396685 0.042450 -0.045478
-0.385351 0.033844 0.019358
-0.452981 0.034045 -0.024178
-0.628209 0.040436 -0.009017
-0.489781 0.048678 -0.066846
-0.417775 0.032383 -0.021878
-0.495210 0.043919 -0.025422
-0.594543 0.050916 -0.051140
-0.510281 0.033587 -0.001580
-0.424681 0.044714 -0.055163
-0.515471 0.036890 -0.027395
-0.469013 0.047649 -0.065082
-0.512502 0.046954 -0.045031
-0.540980 0.051611 -0.074496
-0.491875 0.047836 -0.059145
-0.603113 0.037777 -0.006053
-0.569493 0.051410 -0.063470
-0.396088 0.028484 0.003489
-0.497556 0.047456 -0.054113
-0.524200 0.043614 -0.013376
-0.606168 0.052696 -0.062159
-0.447651 0.047601 -0.081631
-0.426035 0.039559 -0.078954
-0.613120 0.053391 -0.065676
-0.548723 0.042198 0.006458
-0.474726 0.030804 0.009950
-0.396602 0.038958 -0.016422
-0.610056 0.037489 -0.001373
-0.469629 0.045281 -0.045151
-0.581991 0.054162 -0.082296
-0.378620 0.032897 0.004014
-0.419439 0.027953 0.015575
-0.625740 0.049475 -0.060584
-0.500920 0.032579 0.013967
-0.548949 0.035434 -0.004295
-0.592825 0.044198 -0.062918
-0.610429 0.050936 -0.046104
-0.539742 0.043550 -0.007743
-0.472748 0.034832 -0.024260
-0.502774 0.046328 -0.043007
-0.624489 0.053884 -0.086924
-0.391011 0.027500 0.010023
-0.442493 0.030048 0.005677
-0.530559 0.042042 -0.065370
-0.600730 0.041616 -0.038819
-0.588916 0.040884 -0.036590
-0.518125 0.051042 -0.077243
-0.406826 0.034155 -0.040230
-0.602108 0.049796 -0.039333
-0.505560 0.043212 -0.083309
-0.626475 0.044802 -0.047404
-0.546818 0.033522 0.010941
-0.449787 0.040453 -0.078612
-0.398084 0.034321 -0.044476
-0.594042 0.039305 -0.021756
-0.418569 0.037633 -0.065352
-0.507423 0.034662 -0.011474
-0.626043 0.046752 -0.056028
-0.600503 0.049180 -0.034727
-0.414067 0.038389 -0.005954
-0.493676 0.039211 -0.053877
-0.531719 0.035195 -0.007951
-0.413983 0.044294 -0.055169
-0.447208 0.034175 0.016592
-0.559177 0.047136 -0.031245
-0.466998 0.045491 -0.082758
-0.538400 0.043815 -0.077568
-0.614490 0.052108 -0.054537
-0.423315 0.037309 0.006079
-0.453239 0.033483 -0.019419
-0.562678 0.050536 -0.058424
-0.542931 0.035843 -0.009671
-0.440903 0.040129 -0.078821
-0.475587 0.049227 -0.076069
-0.595100 0.054316 -0.079283
-0.627266 0.047313 -0.024940
-0.427193 0.041937 -0.031202
-0.397972 0.031596 0.018520
-0.574163 0.037404 -0.012435
-0.513771 0.033295 0.001998
-0.565784 0.053256 -0.080062
-0.611190 0.051127 -0.047443
-0.423857 0.029055 0.017045
-0.605291 0.039884 -0.022888
-0.488763 0.034759 -0.018397
-0.395847 0.046057 -0.079465
-0.605093 0.045862 -0.072756
-0.392415 0.035917 0.007538
-0.596646 0.039238 -0.020347
-0.510995 0.042964 -0.079461
-0.574737 0.043460 -0.062694
-0.548755 0.040339 -0.045212
-0.611449 0.044633 0.006743
-0.392993 0.032490 -0.030895
-0.522240 0.051591 -0.080470
-0.441953 0.048298 -0.079355
-0.529781 0.042893 -0.072714
-0.533541 0.036068 -0.014622
-0.443989 0.035272 -0.037352
-0.578532 0.053640 -0.079083
-0.497488 0.045598 -0.038661
-0.461804 0.047687 -0.067760
-0.578459 0.053109 -0.074684
-0.603256 0.048181 -0.025504
-0.431316 0.043506 -0.081375
-0.623001 0.055361 -0.088666
-0.575418 0.047296 -0.027257
-0.462460 0.037724 -0.051720
-0.504298 0.048420 -0.084103
-0.551893 0.050400 -0.060825
-0.380663 0.027202 0.009115
-0.571033 0.038814 -0.025206
-0.551974 0.047249 -0.034554
-0.584662 0.044754 -0.003051
-0.564266 0.036255 -0.006105
-0.424821 0.036088 0.016744
-0.603088 0.038223 -0.009778
-0.426416 0.046354 -0.068254
-0.482072 0.036968 -0.038991
-0.547051 0.043820 -0.007596
-0.502172 0.034035 -0.007975
-0.565742 0.043530 -0.066226
-0.494263 0.039859 -0.059078
-0.466502 0.039908 -0.001413
-0.593520 0.053866 -0.087506
-0.542385 0.041728 0.008297
-0.532028 0.050455 -0.067795
-0.391380 0.036613 0.001409
-0.391746 0.037052 -0.002136
-0.455689 0.033719 -0.020582
-0.461767 0.033173 0.015813
-0.395382 0.036629 -0.064593
-0.549995 0.048269 -0.043701
-0.448853 0.038433 -0.062088
-0.432392 0.043363 -0.041381
-0.521317 0.046757 -0.040506
-0.465047 0.033981 -0.019694
-0.491859 0.041196 -0.071007
-0.415244 0.035899 -0.051994
-0.510373 0.044581 -0.025964
-0.598255 0.054861 -0.082793
-0.409365 0.038061 -0.071934
-0.626452 0.044415 -0.048425
-0.591994 0.047035 -0.019645
-0.516559 0.041282 0.003544
-0.622717 0.045001 0.007364
-0.477733 0.034590 -0.020609
-0.624590 0.045788 -0.065746
-0.513463 0.047159 -0.046423
-0.532296 0.048754 -0.053542
-0.519526 0.035408 -0.013719
-0.618040 0.037289 0.002903
-0.482430 0.047832 -0.062207
-0.517146 0.035932 -0.018865
-0.494258 0.035591 -0.023526
-0.386398 0.037606 -0.075671
-0.481103 0.036253 -0.033352
-0.593397 0.038005 0.010415
-0.613493 0.056014 -0.087404
-0.566073 0.042350 0.010884
-0.502646 0.050062 -0.083834
-0.498370 0.045597 -0.038365
-0.503396 0.039246 0.014643
-0.503827 0.033309 -0.001380
-0.497939 0.040450 0.004379
-0.399448 0.031404 -0.019731
-0.457326 0.033355 -0.017008
-0.558849 0.043693 -0.069848
-0.444715 0.044934 -0.050426
-0.379860 0.031162 0.019290
-0.540700 0.045284 -0.021877
-0.401051 0.035554 0.013395
-0.482408 0.043401 -0.025301
-0.587162 0.045034 -0.071739
-0.596434 0.042033 -0.043694
-0.502408 0.043305 -0.017946
-0.518272 0.036308 -0.021625
-0.441353 0.037419 -0.056100
-0.626725 0.047001 -0.007977
-0.431397 0.044794 -0.053629
-0.584136 0.043585 0.006517
-0.508958 0.039012 0.014364
-0.524819 0.047193 -0.042990
-0.616023 0.043771 -0.051753
-0.570877 0.042460 0.011540
-0.586927 0.036064 0.002912
-0.541934 0.036937 0.012623
-0.598445 0.040749 -0.032340
-0.594788 0.051516 -0.056059
-0.547914 0.036494 -0.013457
-0.608587 0.050854 -0.046021
-0.557916 0.039730 -0.037138
-0.525358 0.036173 -0.018180
-0.426863 0.044996 -0.056798
-0.531600 0.049329 -0.058557
-0.381520 0.028452 -0.001020
-0.539188 0.042662 -0.000534
-0.624561 0.038330 0.009040
-0.506596 0.049735 -0.070137
-0.555599 0.048778 -0.046101
-0.568492 0.052235 -0.070676
-0.479790 0.039413 -0.060107
-0.494415 0.049391 -0.083540
-0.398610 0.036400 0.005553
-0.618270 0.051705 -0.049939
-0.607620 0.046558 -0.010555
-0.564262 0.038011 -0.020742
-0.551975 0.046088 -0.024876
-0.434178 0.043979 -0.045924
-0.405916 0.042923 -0.080292
-0.406909 0.037337 0.000466
-0.430722 0.034196 -0.032737
-0.486071 0.047493 -0.058186
-0.575475 0.039665 -0.030845
-0.423444 0.039666 -0.013515
-0.531406 0.036662 -0.020269
-0.584868 0.042839 -0.054202
-0.492721 0.043072 -0.019178
-0.532065 0.034960 -0.005878
-0.541294 0.041553 -0.057778
-0.534086 0.034524 -0.001586
-0.526380 0.032700 0.012827
-0.425180 0.030929 -0.007339
-0.395778 0.039338 -0.080256
-0.569187 0.046164 -0.019866
-0.428941 0.034908 -0.039256
-0.557407 0.039554 0.012230
-0.445882 0.037818 0.009237
-0.530281 0.046584 -0.036122
-0.488906 0.035367 0.014842
-0.457472 0.045845 -0.053839
-0.608368 0.044116 -0.057136
-0.493164 0.033397 -0.005606
-0.514193 0.040889 0.006045
-0.565595 0.038720 -0.026209
-0.598875 0.046255 -0.010897
-0.423405 0.033830 0.017630
-0.377564 0.036932 -0.017854
-0.400390 0.043710 -0.054763
-0.548662 0.050810 -0.065305
-0.585078 0.047799 -0.028278
-0.415194 0.043100 -0.044831
-0.602415 0.051556 -0.053894
-0.558899 0.043504 -0.068256
-0.551811 0.043995 -0.007497
-0.404971 0.032264 -0.025087
-0.600547 0.047376 -0.086858
-0.542784 0.042928 -0.001563
-0.513147 0.041117 -0.063370
-0.459076 0.038920 -0.062793
-0.480827 0.034375 -0.017800
-0.616541 0.050230 -0.038216
-0.535491 0.035309 -0.007664
-0.378853 0.029477 -0.010432
-0.380646 0.045266 -0.074199
-0.597848 0.054592 -0.080682
-0.615418 0.053869 -0.068896
-0.598160 0.054408 -0.079052
-0.624812 0.051356 -0.044886
-0.489037 0.045092 -0.037215
-0.607449 0.047390 -0.084710
-0.433264 0.033495 -0.026064
-0.598926 0.047606 -0.022134
-0.625529 0.048718 -0.066692
-0.626185 0.048495 -0.050570
-0.591451 0.051039 -0.053183
-0.382789 0.036237 0.001724
-0.569526 0.042066 -0.052790
-0.474394 0.040535 -0.071230
-0.405030 0.038071 -0.073441
-0.574199 0.039083 -0.026412
-0.403107 0.042334 -0.042412
-0.578782 0.046392 -0.018622
-0.424067 0.038566 -0.071320
-0.379641 0.042870 -0.054569
-0.518467 0.048863 -0.058981
-0.610450 0.053412 -0.066719
-0.522590 0.043278 -0.011104
-0.565030 0.045338 -0.014352
-0.432358 0.037443 0.007927
-0.582419 0.054086 -0.081525
-0.410073 0.033825 -0.036415
-0.467605 0.039866 -0.067880
-0.400808 0.036308 -0.060140
-0.457850 0.034836 -0.029174
-0.501859 0.033761 -0.005793
-0.546328 0.038292 -0.028956
-0.486473 0.046136 -0.046749
-0.556402 0.042136 0.009499
-0.535142 0.043306 -0.007221
-0.377803 0.042015 -0.048046
-0.497300 0.042859 -0.083080
-0.428339 0.035561 -0.044887
-0.580424 0.047031 -0.023407
-0.625534 0.043560 -0.046878
-0.605846 0.055167 -0.082849
-0.568741 0.052147 -0.069860
-0.491831 0.045227 -0.083916
-0.506999 0.042073 -0.073351
-0.552215 0.051678 -0.085891
-0.383700 0.037826 -0.011219
-0.546929 0.049719 -0.056783
-0.522953 0.043241 -0.010678
-0.513163 0.038503 -0.041590
-0.588877 0.037535 -0.008706
-0.470020 0.034701 -0.024058
-0.378885 0.038856 -0.021377
-0.454637 0.031432 -0.001872
-0.624703 0.046696 -0.006101
-0.600013 0.037777 -0.007069
-0.507001 0.041861 -0.004412
-0.399557 0.040954 -0.032078
-0.424472 0.031381 -0.011334
-0.379019 0.037787 -0.012425
-0.507418 0.040290 0.008814
-0.429100 0.034604 -0.036664
-0.399741 0.032087 -0.025323
-0.522381 0.048878 -0.057820
-0.454633 0.040672 -0.011675
-0.398624 0.041170 -0.034183
-0.517443 0.033711 -0.000262
-0.468985 0.030952 0.006829
-0.595307 0.051525 -0.055963
-0.521203 0.038052 -0.035195
-0.588613 0.035286 0.009948
-0.587575 0.053520 -0.075118
-0.459961 0.042611 -0.082780
-0.409555 0.037549 -0.067611
-0.605725 0.039395 -0.018672
-0.473721 0.042489 -0.020548
-0.539793 0.033393 0.009713
-0.484741 0.043808 -0.027927
-0.392516 0.033775 -0.041752
-0.440048 0.036805 -0.051411
-0.450308 0.038437 0.005527
-0.491494 0.032392 0.002215
-0.447818 0.033963 -0.025194
-0.439191 0.040027 -0.078533
-0.452580 0.045865 -0.055604
-0.437934 0.036159 -0.046727
-0.621954 0.056393 -0.087787
-0.595377 0.055236 -0.086858
-0.582069 0.040615 -0.036592
-0.453197 0.048386 -0.076402
-0.606585 0.045722 -0.071102
-0.505786 0.034775 -0.012953
-0.421626 0.037628 0.002868
-0.493455 0.044618 -0.031815
-0.418429 0.044750 -0.080643
-0.382089 0.030789 -0.020299
-0.481744 0.033824 -0.012908
-0.400122 0.037330 -0.068880
-0.447585 0.041168 -0.018117
-0.379026 0.041223 -0.041051
-0.480284 0.040007 -0.064896
-0.575489 0.048581 -0.037942
-0.458861 0.032778 -0.011702
-0.395495 0.027534 0.011212
-0.383830 0.044268 -0.064838
-0.517995 0.051532 -0.084357
-0.567863 0.043953 -0.001887
-0.511683 0.042691 -0.076961
-0.536897 0.034915 -0.003914
-0.417242 0.033759 -0.033517
-0.469148 0.041522 -0.081166
-0.537614 0.035325 -0.007099
-0.395817 0.038866 -0.015907
-0.529990 0.042457 -0.069008
-0.541403 0.034456 0.001382
-0.409215 0.030707 -0.010720
-0.594997 0.050588 -0.048261
-0.411252 0.035816 0.014562
-0.552407 0.050637 -0.062629
-0.414481 0.034712 -0.042356
-0.561112 0.042940 0.004345
-0.611661 0.043765 -0.053133
-0.420784 0.044571 -0.055248
-0.393477 0.045928 -0.075508
-0.522861 0.032918 0.008119
-0.494189 0.034056 0.014447
-0.403007 0.032691 -0.029282
-0.417589 0.034404 -0.038771
-0.465999 0.039143 0.004789
-0.603480 0.043571 -0.054197
-0.436978 0.033368 -0.023785
-0.385846 0.038227 -0.013856
-0.561519 0.051949 -0.070572
-0.420544 0.030974 -0.009234
-0.503608 0.042705 -0.079730
-0.455156 0.033824 -0.021629
-0.495854 0.037261 -0.036920
-0.607551 0.055322 -0.083584
-0.520988 0.047659 -0.048122
-0.541279 0.034276 0.002841
-0.483296 0.039226 0.009774
-0.565664 0.047616 -0.033116
-0.586265 0.051755 -0.060848
-0.547308 0.036150 -0.010793
-0.461754 0.040499 -0.007899
-0.545578 0.033909 0.007312
-0.396921 0.041575 -0.080043
-0.391815 0.036653 0.001219
-0.476376 0.043813 -0.083382
-0.444684 0.038834 -0.066793
-0.500894 0.044040 -0.024562
-0.474234 0.043786 -0.031187
-0.586024 0.051396 -0.057938
-0.600116 0.055475 -0.087298
-0.534241 0.039570 -0.043567
-0.533846 0.041079 -0.056272
-0.399344 0.034539 -0.045883
-0.518649 0.034349 -0.005183
-0.477413 0.032236 -0.001098
-0.517413 0.038750 -0.042251
-0.493023 0.033548 -0.006911
-0.601506 0.039212 -0.018531
-0.503980 0.040101 0.009265
-0.540883 0.044632 -0.083556
-0.434999 0.042590 -0.034088
-0.587788 0.053766 -0.077097
-0.401764 0.043024 -0.048600
-0.593015 0.047794 -0.025636
-0.595048 0.046823 -0.016881
-0.415149 0.039131 -0.078955
-0.570586 0.049714 -0.048988
-0.562071 0.045882 -0.019855
-0.422879 0.037788 0.001941
-0.474208 0.044458 -0.036798
-0.431319 0.047532 -0.076465
-0.522275 0.039365 0.013801
-0.410988 0.042775 -0.043499
-0.454459 0.033783 -0.021511
-0.571956 0.046275 -0.087063
-0.421409 0.033425 0.017673
-0.528090 0.035677 -0.013153
-0.573780 0.053831 -0.082233
-0.385688 0.035808 -0.060931
-0.489168 0.048927 -0.069123
-0.507258 0.034169 -0.007418
-0.387189 0.044833 -0.068444
-0.451569 0.046138 -0.081982
-0.621366 0.054990 -0.076286
-0.511105 0.051164 -0.080564
-0.608480 0.049595 -0.088689
-0.574687 0.043419 -0.062375
-0.436896 0.038666 -0.067954
-0.563354 0.049203 -0.047099
-0.437320 0.042390 -0.031656
-0.610703 0.055046 -0.080250
-0.463864 0.034578 -0.025055
-0.419712 0.043756 -0.048814
-0.457772 0.040983 -0.013233
-0.556410 0.040858 -0.047032
-0.589563 0.046405 -0.082375
-0.492197 0.045236 -0.083931
-0.601670 0.036328 0.005548
-0.438885 0.029987 0.005007
-0.379066 0.031091 0.013144
-0.575268 0.053026 -0.075041
-0.498648 0.044148 -0.026198
-0.407986 0.028191 0.009836
-0.567785 0.043145 0.004820
-0.555912 0.049250 -0.049925
-0.558587 0.045062 -0.014163
-0.389535 0.040858 -0.034563
-0.450274 0.030960 0.016073
-0.414780 0.039590 -0.015722
-0.538443 0.040199 -0.047429
-0.424609 0.037611 -0.063186
-0.512048 0.045656 -0.034370
-0.461824 0.037730 -0.051981
-0.538660 0.048420 -0.048670
-0.539673 0.041556 -0.058329
-0.495113 0.039512 -0.055914
-0.619174 0.056251 -0.087509
-0.612308 0.042848 0.010130
-0.466982 0.043259 -0.029174
-0.573748 0.049808 -0.048733
-0.526081 0.034395 -0.003133
-0.567224 0.050228 -0.054367
-0.450028 0.042487 -0.028301
-0.564596 0.040939 -0.045019
-0.499941 0.049946 -0.074078
-0.479433 0.032815 -0.005261
-0.460375 0.048384 -0.074031
-0.546300 0.046913 -0.033613
-0.598846 0.042534 0.010704
-0.532143 0.038365 0.013236
-0.386058 0.041301 -0.039389
-0.565224 0.052142 -0.070971
-0.477089 0.039639 -0.062879
-0.556261 0.043812 -0.071689
-0.467115 0.041612 -0.082585
-0.492834 0.043397 -0.021845
-0.522497 0.042039 -0.067988
-0.471324 0.031672 0.001604
-0.562943 0.052143 -0.071723
-0.414533 0.033417 -0.031552
-0.542640 0.044700 -0.016374
-0.488718 0.046440 -0.048548
-0.532934 0.039131 -0.040336
-0.496220 0.036155 -0.027584
-0.431188 0.042460 -0.034249
-0.515961 0.032045 0.013124
-0.559769 0.038191 -0.023711
-0.608480 0.038679 -0.011803
-0.512890 0.041481 0.000689
-0.532083 0.043917 -0.080492
-0.538034 0.038858 -0.036393
-0.389559 0.029089 -0.003685
-0.396253 0.031071 -0.018005
-0.416702 0.037478 0.002503
-0.404997 0.033125 -0.032252
-0.623787 0.043956 -0.050750
-0.480326 0.044598 -0.083468
-0.430946 0.034164 0.017328
-0.423090 0.032586 -0.021824
-0.546024 0.049433 -0.054695
-0.589314 0.042026 -0.045970
-0.566907 0.044919 -0.010241
-0.605695 0.045557 -0.002843
-0.508580 0.041853 -0.071000
-0.437467 0.034606 -0.033941
-0.611480 0.054155 -0.072578
-0.427412 0.032621 -0.020698
-0.482102 0.039909 -0.063488
-0.611688 0.045254 0.001642
-0.497158 0.045532 -0.038219
-0.525080 0.038567 -0.038216
-0.479175 0.035646 0.015316
-0.446270 0.032357 -0.012322
-0.412582 0.046029 -0.070088
-0.612615 0.046986 -0.079657
-0.543865 0.035694 -0.008120
-0.616800 0.044804 0.007073
-0.621847 0.048519 -0.089395
-0.450704 0.037718 -0.055530
-0.530347 0.050714 -0.070505
-0.428772 0.033907 -0.030968
-0.501827 0.044118 -0.024904
-0.581014 0.045862 -0.013473
-0.390361 0.035080 -0.053335
-0.485359 0.044241 -0.031331
-0.581828 0.053498 -0.076818
-0.407905 0.044907 -0.062275
-0.570755 0.045552 -0.081435
-0.584216 0.048238 -0.032222
-0.601333 0.044856 -0.065607
-0.389297 0.039811 -0.079906
-0.506598 0.043511 -0.018283
-0.395313 0.039691 -0.022945
-0.552176 0.038282 -0.026956
-0.563639 0.047078 -0.029306
-0.440042 0.043212 -0.037618
-0.439247 0.033803 -0.026671
-0.628659 0.040324 0.009090
-0.571172 0.042140 -0.052871
-0.445056 0.036093 -0.043840
-0.547976 0.043789 -0.007039
-0.507306 0.044244 -0.024162
-0.411730 0.044676 -0.059095
-0.502624 0.035955 -0.023819
-0.413066 0.038175 -0.071673
-0.600227 0.039019 -0.017346
-0.595752 0.040699 0.010627
-0.538178 0.045759 -0.026660
-0.437291 0.041996 -0.028387
-0.447987 0.039687 -0.005647
-0.408053 0.042028 -0.038241
-0.488655 0.039359 0.010423
-0.536341 0.037183 -0.022993
-0.506669 0.048723 -0.061685
-0.586911 0.053902 -0.078521
-0.577725 0.052987 -0.073914
-0.600003 0.051369 -0.053128
-0.499799 0.035292 -0.019218
-0.383941 0.034289 -0.048848
-0.560630 0.043457 -0.000120
-0.543066 0.048243 -0.045752
-0.569329 0.041965 0.011975
-0.621633 0.047096 -0.010442
-0.407397 0.036772 -0.061846
-0.570425 0.049824 -0.049953
-0.549501 0.048519 -0.045938
-0.416877 0.041883 -0.034138
-0.566403 0.039317 -0.030919
-0.511965 0.032070 0.011610
-0.520766 0.043311 -0.011973
-0.513125 0.042156 -0.072030
-0.487215 0.030876 0.013438
-0.572578 0.036588 0.011192
-0.437836 0.045020 -0.053404
-0.423179 0.033837 -0.032222
-0.420982 0.046914 -0.074700
-0.399726 0.043097 -0.049870
-0.523447 0.043873 -0.082950
-0.561532 0.038955 -0.029499
-0.584822 0.053146 -0.072904
-0.602798 0.046807 -0.081378
-0.595484 0.041040 -0.035733
-0.514609 0.046151 -0.037653
-0.411450 0.032821 -0.027603
-0.388349 0.032569 -0.033075
-0.549802 0.045984 -0.024725
-0.431316 0.032764 -0.020615
-0.410019 0.041156 -0.030327
-0.610099 0.045847 -0.070994
-0.389247 0.031680 -0.025373
-0.553665 0.035202 0.011885
-0.397801 0.031081 -0.017583
-0.494934 0.038331 -0.046132
-0.556217 0.045899 -0.021913
-0.417478 0.035701 -0.049616
-0.420997 0.035885 0.017181
-0.403097 0.046285 -0.075331
-0.405160 0.029555 -0.002456
-0.436007 0.041909 -0.081776
-0.468626 0.034418 -0.022161
-0.619431 0.056166 -0.086719
-0.469155 0.040912 -0.076084
-0.470906 0.039044 0.007227
-0.395870 0.036752 -0.065451
-0.540093 0.047260 -0.038539
-0.446696 0.040829 -0.015581
-0.554219 0.049738 -0.086212
-0.501266 0.049122 -0.066781
-0.501986 0.048145 -0.058401
-0.476149 0.038551 0.013049
-0.445816 0.032667 0.016477
-0.444732 0.038083 0.006653
-0.551713 0.043730 -0.072495
-0.470760 0.033124 -0.010681
-0.487042 0.049579 -0.083184
-0.456165 0.043345 -0.033438
-0.456708 0.038465 0.007395
-0.394910 0.040444 -0.080086
-0.602944 0.046451 -0.011197
-0.607070 0.036509 0.005809
-0.505236 0.041421 -0.001326
-0.541066 0.043809 -0.009467
-0.407262 0.041678 -0.035581
-0.471343 0.030887 0.008150
-0.422566 0.047547 -0.079454
-0.551641 0.042884 -0.065470
-0.528527 0.036268 -0.017934
-0.541395 0.049764 -0.058972
-0.418051 0.035109 -0.044494
-0.458200 0.038043 -0.055776
-0.577678 0.054428 -0.086721
-0.443961 0.044832 -0.049825
-0.538452 0.036145 0.012687
-0.496647 0.047153 -0.051890
-0.537880 0.043897 -0.078418
-0.421370 0.028433 0.012209
-0.559728 0.034701 0.011551
-0.570025 0.049457 -0.047023
-0.555909 0.040008 -0.040109
-0.494515 0.043832 -0.024921
-0.488694 0.042166 -0.012948
-0.379149 0.035450 0.007085
-0.515991 0.032083 0.012817
-0.377149 0.039766 -0.029526
-0.589031 0.043365 0.009954
-0.432225 0.042653 -0.035521
-0.529091 0.042276 -0.067799
-0.562188 0.039859 -0.036816
-0.400141 0.038545 -0.011819
-0.467902 0.044935 -0.042835
-0.576466 0.042176 -0.051436
-0.593889 0.051097 -0.052862
-0.513022 0.033358 0.001224
-0.392188 0.045094 -0.068978
-0.443351 0.039053 -0.001884
-0.418857 0.028930 0.007240
-0.520184 0.033025 0.006345
-0.613427 0.045897 -0.070319
-0.523699 0.035662 -0.014466
-0.447736 0.030457 0.003993
-0.584094 0.046046 -0.081177
-0.441463 0.044706 -0.049595
-0.554184 0.052876 -0.080702
-0.470232 0.039346 -0.062687
-0.605317 0.036062 0.008957
-0.516416 0.048093 -0.084692
-0.620037 0.044002 -0.052366
-0.436382 0.030582 -0.000772
-0.544401 0.038042 -0.027511
-0.507263 0.039948 -0.055563
-0.615993 0.050491 -0.040567
-0.385170 0.036969 -0.003600
-0.543912 0.042949 -0.068547
-0.622783 0.044788 -0.058009
-0.496981 0.041881 -0.075037
-0.455939 0.043283 -0.032992
-0.534728 0.046529 -0.034210
-0.430226 0.040616 -0.019206
-0.549073 0.050966 -0.066469
-0.526171 0.034356 -0.002782
-0.457449 0.045275 -0.049091
-0.457062 0.041426 -0.017159
-0.447901 0.039968 -0.008013
-0.396137 0.037205 -0.069145
-0.445496 0.044809 -0.049128
-0.384108 0.033672 -0.043652
-0.616210 0.052843 -0.088656
-0.587250 0.047391 -0.087987
-0.622236 0.045560 0.002556
-0.600402 0.042825 -0.048995
-0.453974 0.029964 0.010143
-0.450734 0.046776 -0.063799
-0.536518 0.050506 -0.066748
-0.488756 0.038398 -0.048717
-0.544119 0.038306 -0.029802
-0.577852 0.044006 -0.066221
-0.617667 0.053425 -0.088653
-0.382918 0.038894 -0.020373
-0.411437 0.034120 -0.038425
-0.614734 0.055133 -0.079658
-0.388303 0.034593 0.017226
-0.461502 0.048775 -0.076926
-0.589142 0.047566 -0.025005
-0.484011 0.042858 -0.020252
-0.556308 0.039674 -0.037202
-0.501948 0.036761 -0.030751
-0.429407 0.033782 -0.029722
-0.475357 0.034814 0.015391
-0.523850 0.040746 0.010403
-0.450718 0.032099 -0.008712
-0.519017 0.044272 -0.020558
-0.543045 0.041946 -0.060479
-0.407961 0.038835 -0.011666
-0.426772 0.038920 -0.073383
-0.579675 0.052939 -0.072869
-0.378678 0.039067 -0.023204
-0.512052 0.043065 -0.012780
-0.617611 0.040548 -0.024384
-0.410786 0.028421 0.008835
-0.551180 0.037330 -0.019352
-0.595150 0.045978 -0.009807
-0.553678 0.045160 -0.016592
-0.614425 0.041963 -0.037213
-0.439544 0.037693 0.008194
-0.513493 0.042989 -0.011680
-0.466182 0.037425 -0.048009
-0.445089 0.048196 -0.077480
-0.557543 0.042416 -0.059638
-0.513390 0.035412 0.013737
