ply
format ascii 1.0
element vertex 5000
property float x
property float y
property float z
end_header
-0.619580 0.147549 -0.044403
-0.533866 -0.022694 -0.049340
-0.551519 0.132010 -0.037084
-0.642940 0.045884 -0.039061
-0.595127 0.104549 -0.045661
-0.629506 0.001982 -0.040300
-0.418056 0.019282 -0.040648
-0.401587 0.024735 -0.048567
-0.560885 -0.040224 -0.049710
-0.512703 0.161452 -0.044440
-0.443462 0.127244 -0.037629
-0.579383 0.052041 -0.047143
-0.424535 0.125542 -0.037749
-0.577971 0.087122 -0.038196
-0.551785 0.108485 -0.037719
-0.405614 -0.002736 -0.041292
-0.557777 0.116470 -0.037480
-0.593333 0.028557 -0.039721
-0.395291 0.036485 -0.048274
-0.619113 0.081122 -0.038199
-0.660671 0.172413 -0.043572
-0.572030 0.188919 -0.043468
-0.477133 0.061926 -0.039267
-0.532843 0.040962 -0.047622
-0.429072 0.026314 -0.040416
-0.442341 0.067883 -0.047243
-0.529341 0.173526 -0.036046
-0.638914 0.181549 -0.043409
-0.467489 0.008670 -0.048748
-0.453999 0.057835 -0.047470
-0.425778 0.183217 -0.044186
-0.652864 0.146270 -0.036307
-0.514351 0.086749 -0.046454
-0.614490 0.116973 -0.037247
-0.408902 0.146183 -0.045253
-0.603460 0.091857 -0.037969
-0.439976 0.124306 -0.037722
-0.567379 0.138948 -0.036835
-0.415685 0.130587 -0.045649
-0.562266 0.037747 -0.047595
-0.651899 0.090071 -0.037831
-0.527725 0.146137 -0.036793
-0.505642 0.092495 -0.038330
-0.492354 0.187855 -0.043804
-0.635469 0.029031 -0.039546
-0.576956 -0.031980 -0.041422
-0.650329 0.092700 -0.045769
-0.394663 0.005499 -0.041112
-0.609005 0.000577 -0.040418
-0.596684 0.063646 -0.046762
-0.447249 0.087136 -0.046703
-0.643278 0.032160 -0.039431
-0.601008 0.073993 -0.046465
-0.539687 0.178954 -0.035859
-0.532376 0.127269 -0.037286
-0.585110 0.179238 -0.035676
-0.613820 0.093321 -0.037890
-0.419296 0.026067 -0.040460
-0.624856 0.115661 -0.045246
-0.644742 0.068100 -0.046456
-0.552390 0.014082 -0.040271
-0.574565 0.162533 -0.044172
-0.641656 0.110704 -0.045315
-0.442658 0.041740 -0.039946
-0.405014 0.129893 -0.037706
-0.531716 -0.015323 -0.041146
-0.540263 -0.024831 -0.041370
-0.642363 0.177308 -0.043510
-0.573312 -0.043471 -0.046514
-0.483851 0.109192 -0.045965
-0.468065 0.086179 -0.046649
-0.473697 0.098781 -0.038283
-0.430597 0.038228 -0.048090
-0.568408 0.083036 -0.046346
-0.566763 0.004479 -0.048478
-0.435174 0.100627 -0.038382
-0.508162 0.129196 -0.045330
-0.494093 0.047080 -0.047606
-0.425908 0.191403 -0.035961
-0.660105 0.196946 -0.041290
-0.540394 0.016892 -0.048244
-0.469693 0.123129 -0.037640
-0.412107 0.168878 -0.044627
-0.464155 -0.014664 -0.041389
-0.515158 0.074329 -0.046787
-0.619817 -0.037884 -0.049419
-0.615818 0.103208 -0.037615
-0.531744 0.087930 -0.046355
-0.590109 0.024439 -0.047848
-0.629886 0.200346 -0.042935
-0.569049 0.054579 -0.047114
-0.504449 -0.023144 -0.049466
-0.628065 0.050643 -0.038989
-0.477142 0.142569 -0.045088
-0.494556 0.138460 -0.045132
-0.465026 0.183169 -0.044036
-0.411439 0.170490 -0.036583
-0.655098 0.106422 -0.045379
-0.453077 0.079146 -0.038894
-0.418739 -0.009517 -0.049428
-0.419636 0.042921 -0.048006
-0.562776 0.207047 -0.035010
-0.482251 0.079540 -0.046773
-0.520321 0.137867 -0.037045
-0.510991 0.181448 -0.035902
-0.636209 0.166514 -0.043826
-0.526901 -0.027210 -0.049489
-0.591147 -0.044542 -0.041707
-0.477333 0.145962 -0.036992
-0.420167 -0.025465 -0.042361
-0.631130 0.164683 -0.035892
-0.448390 0.067254 -0.047236
-0.447554 0.123116 -0.037725
-0.452360 0.006707 -0.040856
-0.505108 -0.030417 -0.049660
-0.653756 0.111165 -0.045256
-0.423115 0.224835 -0.035758
-0.425876 0.183466 -0.036176
-0.429857 0.113934 -0.038042
-0.410421 0.026378 -0.048489
-0.409598 0.161114 -0.036844
-0.435716 0.111665 -0.046084
-0.524295 0.125296 -0.037370
-0.629809 0.163882 -0.035919
-0.448881 0.125043 -0.045671
-0.557133 -0.041541 -0.047082
-0.459688 0.065697 -0.047235
-0.618595 0.168435 -0.035839
-0.552636 0.005214 -0.040510
-0.562233 -0.032566 -0.041495
-0.456655 0.040167 -0.047937
-0.469565 0.066048 -0.047187
-0.511153 0.209569 -0.035141
-0.417600 0.012146 -0.040843
-0.438565 0.035136 -0.048143
-0.432638 0.167212 -0.044593
-0.591884 0.185374 -0.035484
-0.453131 0.211817 -0.043307
-0.528286 -0.004765 -0.048877
-0.461167 0.037412 -0.039991
-0.440747 0.213070 -0.043321
-0.657281 0.131707 -0.044687
-0.415265 0.148994 -0.037150
-0.627452 0.143595 -0.036477
-0.655335 0.195353 -0.042972
-0.642868 -0.023365 -0.046175
-0.504890 0.074395 -0.046825
-0.407195 0.023603 -0.040573
-0.450730 0.200917 -0.035608
-0.520452 -0.036954 -0.041775
-0.544012 0.189939 -0.043548
-0.540662 0.019600 -0.040167
-0.537834 0.129190 -0.045216
-0.480663 0.069879 -0.039038
-0.590330 0.120375 -0.045252
-0.476956 0.061221 -0.047289
-0.597199 0.165777 -0.043997
-0.509570 0.036361 -0.047836
-0.409644 0.006412 -0.049032
-0.626661 0.199221 -0.042978
-0.577939 -0.028852 -0.049337
-0.428873 -0.026411 -0.045427
-0.478206 -0.012294 -0.041271
-0.592765 0.055131 -0.039004
-0.591865 -0.045718 -0.044612
-0.551756 0.085792 -0.046336
-0.406486 0.123681 -0.045872
-0.599338 -0.012923 -0.048823
-0.632342 -0.003819 -0.048449
-0.414085 0.120194 -0.037934
-0.410545 0.072002 -0.047254
-0.505109 -0.006580 -0.049015
-0.442438 -0.026044 -0.041781
-0.569657 -0.021895 -0.049180
-0.657806 0.131706 -0.044685
-0.536448 0.211451 -0.036676
-0.489428 0.094900 -0.038327
-0.579881 0.056628 -0.039014
-0.581854 0.194533 -0.043278
-0.438706 0.220436 -0.043129
-0.619633 -0.013167 -0.040748
-0.521357 0.175931 -0.036012
-0.477003 0.011261 -0.040638
-0.401305 0.113757 -0.040475
-0.504313 0.015597 -0.048418
-0.445038 0.009347 -0.040813
-0.617539 0.153404 -0.036250
-0.472927 0.155102 -0.044765
-0.624726 0.053585 -0.038923
-0.566769 0.106961 -0.045705
-0.432704 0.165241 -0.044646
-0.629844 0.099298 -0.037666
-0.413742 -0.021236 -0.049764
-0.553142 0.165512 -0.044174
-0.450988 0.138525 -0.045298
-0.496482 -0.026591 -0.049590
-0.430199 0.151384 -0.045031
-0.422305 0.223921 -0.035096
-0.612202 0.039871 -0.039342
-0.400040 0.103074 -0.039233
-0.427806 0.024261 -0.048479
-0.428526 0.143601 -0.037245
-0.456066 0.122869 -0.045702
-0.577880 0.041400 -0.047436
-0.527780 0.036859 -0.047752
-0.511568 -0.018664 -0.049317
-0.443022 0.044912 -0.039859
-0.571605 0.185405 -0.043564
-0.410929 0.195076 -0.042080
-0.528997 0.166513 -0.044240
-0.398443 0.089548 -0.044100
-0.608666 0.053943 -0.046978
-0.403069 0.067184 -0.039410
-0.638638 0.172676 -0.043650
-0.637087 0.085199 -0.038020
-0.639209 0.008280 -0.040093
-0.623608 0.171568 -0.035735
-0.638267 0.086903 -0.037969
-0.403255 -0.009519 -0.041485
-0.519379 0.124829 -0.037402
-0.637221 0.193196 -0.035097
-0.453748 -0.007986 -0.049251
-0.435227 -0.018392 -0.041601
-0.596950 0.016871 -0.040023
-0.530394 -0.038180 -0.049772
-0.419105 0.123137 -0.037835
-0.470644 0.193874 -0.043725
-0.490963 0.005361 -0.048747
-0.418900 -0.015835 -0.041595
-0.521911 0.148516 -0.036751
-0.591238 0.017811 -0.040020
-0.427272 0.125402 -0.037742
-0.449533 0.138952 -0.037289
-0.616201 0.085712 -0.038087
-0.544703 0.075637 -0.046638
-0.452717 0.114236 -0.037946
-0.469309 0.170702 -0.036354
-0.583667 -0.042298 -0.041675
-0.410438 0.190942 -0.039389
-0.524117 0.165315 -0.036288
-0.416500 0.006904 -0.040989
-0.465652 -0.024147 -0.049643
-0.470976 0.099999 -0.038260
-0.478456 0.087416 -0.038572
-0.619396 0.057211 -0.046848
-0.513622 0.213935 -0.043016
-0.432700 0.217861 -0.035219
-0.461173 -0.007459 -0.049208
-0.407860 0.029502 -0.048414
-0.639782 0.105892 -0.045453
-0.618227 0.045672 -0.039162
-0.613188 0.012832 -0.048073
-0.477878 0.146890 -0.036965
-0.455636 0.000853 -0.041002
-0.530402 0.196582 -0.035418
-0.540223 -0.029892 -0.041507
-0.445047 0.107357 -0.046164
-0.530027 0.074978 -0.046712
-0.477272 0.037156 -0.039936
-0.490363 0.113392 -0.045826
-0.493692 0.128438 -0.037403
-0.408590 0.007791 -0.048999
-0.623038 0.097987 -0.037728
-0.436519 0.223389 -0.040844
-0.566924 -0.012614 -0.040937
-0.577532 0.008277 -0.040331
-0.617667 0.026916 -0.047675
-0.423838 0.032981 -0.048258
-0.515149 0.143381 -0.036916
-0.500595 -0.025534 -0.041542
-0.442173 -0.028015 -0.044299
-0.658137 0.105672 -0.044104
-0.399900 0.101850 -0.046382
-0.515917 0.023042 -0.040169
-0.517994 -0.018385 -0.049285
-0.448640 0.108530 -0.038116
-0.464477 0.173403 -0.036300
-0.492599 0.142104 -0.045041
-0.599503 -0.006736 -0.040652
-0.649163 0.127060 -0.044844
-0.494467 0.101217 -0.046140
-0.476586 0.126744 -0.037515
-0.412677 0.105784 -0.046332
-0.444501 -0.012789 -0.049417
-0.616866 0.116642 -0.037247
-0.450594 0.015101 -0.048639
-0.443157 0.159808 -0.044753
-0.496095 0.213391 -0.035096
-0.396800 0.005768 -0.041096
-0.539975 -0.027829 -0.049455
-0.525648 0.196046 -0.035451
-0.659930 0.120842 -0.040115
-0.580241 0.060905 -0.038896
-0.569459 0.029998 -0.047777
-0.565905 0.104115 -0.037783
-0.601744 0.101878 -0.045708
-0.549821 0.080779 -0.038476
-0.457168 0.167373 -0.044494
-0.587271 0.113037 -0.037459
-0.519657 0.191818 -0.035588
-0.483292 0.193325 -0.043691
-0.481261 -0.020850 -0.041490
-0.546410 0.126096 -0.037263
-0.602213 0.135614 -0.036790
-0.498468 0.187085 -0.043801
-0.517347 0.148083 -0.044784
-0.599231 0.061475 -0.046811
-0.539864 0.100941 -0.045972
-0.627500 0.028929 -0.047582
-0.479916 0.190760 -0.035770
-0.584007 0.023624 -0.039891
-0.573535 0.014585 -0.048178
-0.499699 0.188763 -0.043751
-0.585332 0.007385 -0.040325
-0.462532 0.072370 -0.039040
-0.622553 0.012810 -0.048037
-0.417354 0.006487 -0.049000
-0.552165 0.088130 -0.046271
-0.591212 0.116176 -0.045362
-0.608291 0.035754 -0.039469
-0.660684 0.127190 -0.044792
-0.401815 0.076794 -0.047158
-0.576364 0.071892 -0.038614
-0.433038 -0.026858 -0.047096
-0.397856 0.084600 -0.043255
-0.503332 0.192426 -0.043638
-0.585438 0.112587 -0.045481
-0.529243 0.129574 -0.045238
-0.468329 0.023975 -0.048330
-0.512743 0.027634 -0.040057
-0.449575 -0.028848 -0.045855
-0.466556 -0.030854 -0.045991
-0.606260 0.034902 -0.047503
-0.626053 0.083995 -0.046098
-0.479865 0.061956 -0.039255
-0.521451 -0.034622 -0.041708
-0.591058 0.119195 -0.045281
-0.512743 -0.013938 -0.041182
-0.436086 0.065863 -0.039319
-0.520835 0.132703 -0.037183
-0.656952 0.155910 -0.036030
-0.619482 0.050303 -0.039032
-0.597710 0.087899 -0.038099
-0.518948 0.169591 -0.036192
-0.491027 0.142821 -0.045027
-0.565872 0.107352 -0.037695
-0.527977 0.014358 -0.048360
-0.584676 0.090455 -0.038080
-0.537365 0.184940 -0.035706
-0.448445 0.085618 -0.038736
-0.471205 0.155936 -0.044749
-0.503085 -0.010086 -0.041115
-0.479236 -0.016818 -0.049392
-0.458116 -0.029859 -0.045853
-0.432460 0.056685 -0.047584
-0.458083 0.033452 -0.048114
-0.643608 0.137160 -0.036589
-0.532670 -0.008449 -0.048959
-0.652870 0.075272 -0.038227
-0.577559 0.167008 -0.044039
-0.614884 0.071197 -0.038484
-0.455090 0.002469 -0.040960
-0.544778 0.196463 -0.043369
-0.523077 0.188120 -0.035675
-0.542546 0.118850 -0.045477
-0.560398 0.040353 -0.047532
-0.528009 0.063433 -0.047033
-0.528412 0.166679 -0.036235
-0.408495 0.174522 -0.038286
-0.441018 0.046322 -0.039828
-0.466513 -0.026488 -0.049703
-0.533387 -0.026590 -0.041444
-0.420100 0.016998 -0.048705
-0.419734 0.155688 -0.036951
-0.661421 0.196671 -0.036932
-0.632245 0.095754 -0.037753
-0.578415 0.195246 -0.035269
-0.618571 0.097937 -0.037747
-0.654645 0.169833 -0.035662
-0.522641 0.041345 -0.039648
-0.404437 0.001572 -0.041180
-0.582848 0.100207 -0.045826
-0.565925 0.041938 -0.047468
-0.525067 -0.008932 -0.040999
-0.548869 0.122711 -0.045348
-0.387847 -0.021442 -0.049573
-0.580846 -0.000589 -0.040558
-0.558258 0.080030 -0.038464
-0.410945 -0.017042 -0.049662
-0.472349 0.205615 -0.035398
-0.456623 -0.016332 -0.041463
-0.608957 0.046573 -0.047176
-0.558304 -0.016886 -0.049089
-0.437001 0.098584 -0.038430
-0.583559 0.134708 -0.044890
-0.643851 0.087363 -0.037935
-0.597269 0.029296 -0.047689
-0.456800 0.083465 -0.046765
-0.613632 -0.025637 -0.049112
-0.394813 -0.007856 -0.041472
-0.566153 0.057338 -0.039047
-0.568646 0.124370 -0.037224
-0.557041 -0.002938 -0.040713
-0.640636 0.153403 -0.044164
-0.456231 -0.020012 -0.041564
-0.488411 0.198369 -0.043535
-0.496302 0.119653 -0.037631
-0.587174 0.042924 -0.039356
-0.454523 -0.011807 -0.041349
-0.514276 0.084402 -0.046518
-0.646423 0.018549 -0.039787
-0.577004 0.097513 -0.045921
-0.463490 0.183982 -0.036017
-0.653504 0.073427 -0.038275
-0.644671 0.132077 -0.036722
-0.614179 -0.031597 -0.049271
-0.542301 0.187085 -0.035629
-0.642066 0.044496 -0.039102
-0.475400 -0.005961 -0.049113
-0.638229 0.034378 -0.039390
-0.414433 0.091744 -0.046705
-0.593525 -0.006947 -0.048684
-0.446243 0.206045 -0.043490
-0.580874 0.206233 -0.038092
-0.434470 0.199013 -0.035722
-0.613550 0.053336 -0.038973
-0.483282 0.151066 -0.044834
-0.453346 0.065242 -0.039269
-0.552941 -0.018375 -0.049150
-0.428534 -0.014061 -0.041510
-0.493330 0.128574 -0.037401
-0.428531 0.073694 -0.047139
-0.575332 0.201439 -0.043116
-0.470508 0.194568 -0.043707
-0.489940 -0.016436 -0.049340
-0.642946 0.146948 -0.036327
-0.458403 0.100611 -0.046295
-0.657853 0.106597 -0.037361
-0.507702 0.145120 -0.036898
-0.614336 0.156556 -0.044180
-0.473986 0.140724 -0.037147
-0.422241 0.098656 -0.046488
-0.530712 -0.010632 -0.041023
-0.488258 0.196287 -0.035589
-0.585621 0.117226 -0.037352
-0.593728 0.005710 -0.040338
-0.497393 0.061866 -0.047193
-0.568610 0.187075 -0.035528
-0.424773 0.071656 -0.039205
-0.636948 0.164421 -0.035877
-0.403010 0.042099 -0.040089
-0.641917 0.122973 -0.036979
-0.474172 0.176084 -0.044193
-0.651496 0.113094 -0.037209
-0.613723 0.068486 -0.046565
-0.538570 0.098444 -0.046045
-0.449176 0.154978 -0.036857
-0.509641 -0.024349 -0.049478
-0.444772 0.125076 -0.045686
-0.426322 0.121497 -0.045854
-0.557074 0.103743 -0.045830
-0.471913 0.111929 -0.037934
-0.642270 0.176842 -0.035520
-0.507911 0.214832 -0.036850
-0.492407 0.195197 -0.043605
-0.656332 0.178620 -0.043421
-0.472404 0.088627 -0.046566
-0.581772 0.146559 -0.044576
-0.467781 0.128692 -0.037496
-0.583277 0.176014 -0.035770
-0.621113 0.139559 -0.036611
-0.541573 0.204548 -0.043162
-0.578589 -0.044082 -0.047010
-0.410413 0.091844 -0.046718
-0.551598 0.001697 -0.048612
-0.456041 0.195135 -0.043747
-0.663143 0.148018 -0.036728
-0.545703 -0.003869 -0.040782
-0.550386 0.072301 -0.038703
-0.457990 -0.012499 -0.041354
-0.407335 0.034632 -0.048277
-0.622528 -0.030309 -0.041201
-0.537883 0.190448 -0.035555
-0.438905 0.150100 -0.037029
-0.442175 0.095388 -0.046499
-0.412086 0.048455 -0.039882
-0.592932 0.204876 -0.040637
-0.450372 0.130234 -0.045525
-0.503454 0.053552 -0.039392
-0.460669 0.086317 -0.046673
-0.454725 -0.012446 -0.041365
-0.556087 0.179301 -0.035786
-0.455770 0.007033 -0.040834
-0.511335 0.203453 -0.035306
-0.480145 -0.025492 -0.041620
-0.455970 0.061703 -0.039354
-0.431032 0.028019 -0.048365
-0.479405 0.069218 -0.047064
-0.581921 0.108681 -0.037597
-0.581603 0.114798 -0.045436
-0.549520 0.123787 -0.037314
-0.598242 0.020940 -0.047911
-0.540725 0.019161 -0.040178
-0.567145 -0.033331 -0.041497
-0.605038 0.172466 -0.035782
-0.459259 0.216805 -0.043148
-0.587093 0.011525 -0.040206
-0.639943 0.093948 -0.037772
-0.459848 0.159975 -0.036681
-0.551906 0.176824 -0.035870
-0.535809 0.183393 -0.035754
-0.432295 0.163964 -0.036679
-0.495065 0.040800 -0.047772
-0.520313 0.158507 -0.036487
-0.458130 0.207425 -0.035404
-0.470406 0.205457 -0.035409
-0.400410 0.104800 -0.038403
-0.523561 0.120498 -0.037503
-0.421885 0.016987 -0.048699
-0.498308 0.207446 -0.035248
-0.631060 0.078478 -0.038225
-0.580972 0.173617 -0.043847
-0.531910 0.186207 -0.043696
-0.430900 0.213183 -0.035353
-0.502748 0.101229 -0.046107
-0.567238 0.149270 -0.044559
-0.616848 0.005123 -0.040264
-0.448057 0.076784 -0.038977
-0.431696 0.001079 -0.049091
-0.468126 0.060146 -0.047353
-0.647922 0.080243 -0.046115
-0.446356 0.134798 -0.037414
-0.575140 0.115239 -0.045449
-0.435283 0.010932 -0.048811
-0.501421 0.017670 -0.048373
-0.559324 0.113435 -0.037556
-0.636420 0.143064 -0.044460
-0.540422 0.017456 -0.048229
-0.434321 -0.026001 -0.041811
-0.425644 -0.011520 -0.049455
-0.621735 0.094885 -0.045820
-0.503784 0.081500 -0.046637
-0.520644 0.203404 -0.035271
-0.403715 0.039255 -0.048166
-0.437915 -0.018473 -0.049596
-0.518470 0.164992 -0.044322
-0.398601 0.060907 -0.047600
-0.435050 0.044575 -0.039899
-0.461365 0.070604 -0.047096
-0.550704 0.034991 -0.047714
-0.603533 -0.027920 -0.049213
-0.547773 0.181215 -0.043770
-0.582154 0.046317 -0.047287
-0.409433 -0.024149 -0.044017
-0.522495 0.213267 -0.043000
-0.543799 0.192960 -0.043467
-0.649933 0.127251 -0.036832
-0.478272 0.188434 -0.043843
-0.652910 0.061528 -0.039800
-0.526351 -0.002186 -0.040811
-0.609893 0.021913 -0.039837
-0.442936 0.133456 -0.045466
-0.479028 -0.019633 -0.041466
-0.631773 0.012146 -0.040017
-0.453862 -0.003004 -0.049116
-0.445430 0.103400 -0.046270
-0.506150 0.175860 -0.036072
-0.559366 0.191110 -0.035454
-0.492280 0.036784 -0.039888
-0.484632 0.217553 -0.035624
-0.647358 0.177229 -0.043493
-0.460237 0.155002 -0.036814
-0.463064 0.035602 -0.040033
-0.523360 0.213090 -0.039959
-0.655658 0.103053 -0.037465
-0.646732 0.138431 -0.036542
-0.555233 0.122391 -0.045332
-0.458598 0.039484 -0.039945
-0.477693 0.077795 -0.038835
-0.665123 0.164735 -0.038397
-0.596225 0.174222 -0.043772
-0.645265 0.015306 -0.047882
-0.437890 0.120944 -0.045824
-0.478471 0.179775 -0.044076
-0.535561 -0.022623 -0.049332
-0.609654 0.079835 -0.046274
-0.552700 -0.009325 -0.040903
-0.630948 0.046191 -0.039099
-0.590709 0.116289 -0.037358
-0.528790 0.199937 -0.043336
-0.589038 0.092463 -0.046012
-0.473404 0.103699 -0.046154
-0.423589 0.143510 -0.037266
-0.570866 -0.036633 -0.049574
-0.577892 0.192225 -0.043356
-0.643541 0.143232 -0.044428
-0.426642 0.044323 -0.039938
-0.574489 0.110278 -0.045586
-0.511642 0.139263 -0.045044
-0.414441 0.053493 -0.039737
-0.483564 0.004184 -0.048807
-0.439727 -0.020950 -0.041653
-0.628974 0.119520 -0.045126
-0.430723 0.065927 -0.039338
-0.521746 0.055335 -0.047276
-0.577191 -0.013620 -0.040924
-0.459604 0.079978 -0.046849
-0.501467 0.159735 -0.036527
-0.655211 0.197436 -0.038042
-0.465974 0.156132 -0.044764
-0.518369 0.044124 -0.039589
-0.429919 0.015309 -0.040710
-0.464501 0.027402 -0.048252
-0.592326 0.075918 -0.046447
-0.462854 0.116625 -0.045845
-0.443586 0.060595 -0.039432
-0.422871 0.011155 -0.048853
-0.557336 0.061821 -0.046963
-0.578353 0.150420 -0.044485
-0.406092 0.079186 -0.047077
-0.519465 -0.021056 -0.049351
-0.592235 0.077233 -0.038408
-0.618160 -0.046572 -0.041658
-0.453335 0.065365 -0.039265
-0.461971 0.104612 -0.046173
-0.512286 0.202150 -0.043340
-0.568706 0.089974 -0.038154
-0.634117 -0.050678 -0.046051
-0.437237 -0.012132 -0.041424
-0.574307 0.003054 -0.040484
-0.545275 0.120986 -0.045409
-0.522407 -0.037361 -0.049686
-0.622436 -0.049400 -0.042262
-0.506270 0.144335 -0.036925
-0.549655 0.199693 -0.043263
-0.461355 0.176183 -0.044239
-0.612523 0.202518 -0.039176
-0.643341 0.171577 -0.043662
-0.460155 0.214426 -0.043209
-0.417320 0.136369 -0.045486
-0.578896 0.070398 -0.046648
-0.575159 0.147971 -0.044563
-0.651733 0.051548 -0.044940
-0.566279 0.009236 -0.040348
-0.442363 0.047872 -0.047784
-0.446979 0.074357 -0.047050
-0.566960 -0.017039 -0.049059
-0.463660 0.187923 -0.035910
-0.430870 0.005013 -0.048988
-0.474256 0.148839 -0.044929
-0.468853 0.133556 -0.037361
-0.566113 0.112761 -0.037548
-0.526282 0.023774 -0.048112
-0.502220 -0.027455 -0.049591
-0.429031 0.088889 -0.038723
-0.520457 0.040222 -0.047690
-0.425893 0.070052 -0.039245
-0.514199 0.041165 -0.047688
-0.613309 0.020585 -0.047863
-0.562678 -0.038558 -0.041655
-0.635310 0.122263 -0.037024
-0.450162 0.048203 -0.047745
-0.432590 0.177947 -0.036300
-0.562443 0.029801 -0.047810
-0.637377 0.073794 -0.046330
-0.609906 0.131568 -0.036870
-0.414228 0.106613 -0.038300
-0.526208 0.009722 -0.048493
-0.559772 -0.006134 -0.048792
-0.433890 -0.011004 -0.041407
-0.427899 0.059611 -0.039519
-0.659105 0.170000 -0.035641
-0.513874 0.163608 -0.036374
-0.512030 0.081204 -0.038610
-0.626181 -0.017515 -0.040841
-0.612972 -0.042435 -0.049569
-0.536865 0.077807 -0.038607
-0.619972 0.070313 -0.038489
-0.642819 0.130139 -0.044785
-0.557076 0.115106 -0.045522
-0.385632 -0.018725 -0.048393
-0.568934 0.102145 -0.045827
-0.494065 0.075822 -0.038825
-0.630113 -0.007767 -0.048565
-0.419145 0.174533 -0.036444
-0.443437 0.035498 -0.048115
-0.536001 -0.002274 -0.040776
-0.471666 0.196067 -0.043662
-0.416515 0.092512 -0.038673
-0.577693 -0.032361 -0.049433
-0.495936 0.088294 -0.046484
-0.474277 0.076750 -0.046880
-0.426860 0.218230 -0.035232
-0.514775 -0.003539 -0.040893
-0.580751 0.168956 -0.043974
-0.577529 0.085945 -0.046232
-0.518593 0.038862 -0.047734
-0.494070 0.090155 -0.038438
-0.475613 0.106077 -0.046081
-0.505104 0.040567 -0.047740
-0.395799 0.017195 -0.040791
-0.473467 0.030303 -0.048139
-0.408963 0.111826 -0.046183
-0.656781 0.094241 -0.039691
-0.649904 0.036103 -0.043617
-0.488666 0.209715 -0.043227
-0.494557 0.210105 -0.035190
-0.646553 0.179831 -0.035423
-0.656892 0.195593 -0.034957
-0.608394 0.158597 -0.044148
-0.559714 0.105159 -0.045781
-0.424816 0.096881 -0.038523
-0.397936 -0.015017 -0.041654
-0.456054 0.181240 -0.044123
-0.495073 -0.020338 -0.049426
-0.639347 -0.011930 -0.040639
-0.668707 0.195007 -0.041559
-0.587880 0.089166 -0.046105
-0.618356 0.020294 -0.039848
-0.640273 0.028040 -0.039554
-0.571560 0.010118 -0.040304
-0.579787 0.100281 -0.037833
-0.465756 0.192844 -0.035769
-0.542554 0.033369 -0.039787
-0.545044 0.150779 -0.036601
-0.578925 0.008294 -0.040325
-0.427672 0.186556 -0.036086
-0.567316 0.079485 -0.038444
-0.414440 0.150491 -0.045115
-0.632504 0.051412 -0.046955
-0.546150 0.150545 -0.036603
-0.431310 -0.026744 -0.043778
-0.575654 0.202416 -0.035086
-0.562324 0.183043 -0.035661
-0.558314 0.120013 -0.045385
-0.484569 0.025921 -0.048215
-0.483384 0.197050 -0.035587
-0.508648 0.154072 -0.036652
-0.486694 0.157589 -0.044645
-0.553391 0.076186 -0.046590
-0.561406 0.173324 -0.043931
-0.667173 0.182073 -0.036455
-0.541762 -0.033514 -0.041599
-0.543906 -0.019381 -0.049212
-0.641664 0.085447 -0.037995
-0.474714 0.058616 -0.047369
-0.486689 0.070435 -0.039000
-0.607116 0.175697 -0.035687
-0.488713 0.028528 -0.040126
-0.632154 -0.024737 -0.041013
-0.592620 -0.039745 -0.041572
-0.420434 0.014063 -0.040780
-0.651525 0.086827 -0.037920
-0.409743 0.014814 -0.048804
-0.598942 0.202207 -0.043004
-0.429911 0.128108 -0.045661
-0.517245 0.003824 -0.040684
-0.628839 -0.030190 -0.049176
-0.420760 -0.007436 -0.041361
-0.483814 0.155603 -0.044709
-0.477115 0.107274 -0.038040
-0.442122 0.168791 -0.044514
-0.662436 0.196615 -0.039270
-0.385541 -0.021287 -0.045293
-0.513267 0.036219 -0.047826
-0.522048 0.176517 -0.043996
-0.636449 0.127314 -0.036883
-0.425799 -0.019831 -0.049680
-0.486878 0.099430 -0.046217
-0.573449 0.144673 -0.044659
-0.454237 0.090873 -0.046575
-0.580291 0.121998 -0.037243
-0.525352 0.197743 -0.035406
-0.536291 0.130792 -0.037175
-0.426575 0.212962 -0.043379
-0.628378 0.060940 -0.046713
-0.651714 0.081466 -0.046067
-0.551878 0.175384 -0.035909
-0.530684 0.155097 -0.036539
-0.455315 -0.027539 -0.041771
-0.623189 0.094243 -0.045832
-0.594190 0.014253 -0.040105
-0.392807 -0.012290 -0.041600
-0.527878 0.117312 -0.037572
-0.579734 0.044789 -0.047337
-0.582218 0.163781 -0.036105
-0.557869 0.050010 -0.047280
-0.435320 0.153647 -0.036947
-0.397118 0.066291 -0.039457
-0.608257 0.011916 -0.040114
-0.483461 0.037457 -0.039904
-0.613389 -0.018508 -0.040917
-0.470407 0.162159 -0.044584
-0.559937 0.094050 -0.038078
-0.492597 0.092194 -0.046391
-0.428909 0.058933 -0.039534
-0.605057 0.130667 -0.036913
-0.446838 -0.019018 -0.041574
-0.524557 0.077675 -0.046661
-0.620811 0.078515 -0.038263
-0.574074 0.145993 -0.036618
-0.639117 0.114043 -0.037232
-0.426119 0.023146 -0.048516
-0.415135 0.149047 -0.045152
-0.624685 0.070735 -0.038459
-0.541587 -0.030114 -0.049511
-0.412280 -0.024333 -0.049577
-0.636899 -0.013558 -0.048695
-0.624609 0.155169 -0.036175
-0.431071 0.077954 -0.039011
-0.567551 0.076770 -0.038516
-0.535572 0.085886 -0.046396
-0.461090 0.220333 -0.035447
-0.385731 -0.017889 -0.047135
-0.471243 -0.020975 -0.041532
-0.530280 0.096248 -0.046136
-0.637291 -0.051029 -0.046966
-0.446206 -0.003256 -0.049153
-0.568319 0.054570 -0.039114
-0.404094 0.137326 -0.040500
-0.667058 0.181068 -0.042786
-0.431027 -0.026636 -0.046509
-0.466416 0.109680 -0.046019
-0.428409 0.200671 -0.043704
-0.430190 0.128219 -0.045657
-0.617773 0.155850 -0.044186
-0.642309 0.177482 -0.035503
-0.647947 0.128697 -0.036801
-0.420019 0.208104 -0.043535
-0.487908 0.007237 -0.048708
-0.644182 0.126943 -0.036863
-0.612618 0.117707 -0.045238
-0.578164 0.016589 -0.040103
-0.497177 0.050077 -0.047513
-0.541931 0.151046 -0.036606
-0.554693 0.107074 -0.037746
-0.643846 0.181746 -0.043385
-0.557863 0.158198 -0.036351
-0.634813 0.040976 -0.039225
-0.642677 0.030886 -0.039468
-0.429719 0.075187 -0.047094
-0.414333 0.138864 -0.037427
-0.603327 0.005441 -0.040308
-0.506942 0.115397 -0.045708
-0.481988 0.159640 -0.036604
-0.535415 0.190779 -0.043559
-0.414065 0.189369 -0.044065
-0.526119 0.184104 -0.043775
-0.470028 0.084512 -0.038683
-0.582854 -0.025203 -0.049219
-0.411328 0.185430 -0.044182
-0.571271 0.159544 -0.044265
-0.574503 0.171687 -0.035921
-0.428834 0.199480 -0.035732
-0.612457 0.198719 -0.043047
-0.602218 0.034128 -0.047539
-0.410616 -0.006908 -0.041386
-0.623287 -0.007122 -0.048574
-0.587354 0.152499 -0.044394
-0.549282 0.092756 -0.046157
-0.448426 0.057396 -0.047503
-0.475060 -0.006986 -0.041139
-0.622499 0.101411 -0.045640
-0.463153 0.200348 -0.043579
-0.495593 0.178936 -0.036030
-0.551512 0.114802 -0.045552
-0.426942 0.045547 -0.039903
-0.516871 0.091793 -0.038305
-0.616205 0.098621 -0.037737
-0.615066 -0.014970 -0.048818
-0.475894 0.089616 -0.038522
-0.407873 0.023118 -0.048587
-0.492628 0.152672 -0.036752
-0.435069 0.003481 -0.049013
-0.511534 0.017421 -0.040338
-0.489031 0.066882 -0.047090
-0.474504 0.032916 -0.048065
-0.563808 0.115482 -0.037483
-0.412071 0.166249 -0.044698
-0.471504 0.002019 -0.040909
-0.547070 0.010530 -0.048390
-0.414261 0.188368 -0.036088
-0.594984 -0.027300 -0.041226
-0.647662 0.100256 -0.037572
-0.646792 0.164740 -0.035830
-0.516753 0.135510 -0.045126
-0.620116 0.190849 -0.043230
-0.544821 -0.040080 -0.047223
-0.532338 -0.014485 -0.041121
-0.563595 0.192128 -0.035410
-0.623586 0.063994 -0.046649
-0.644777 0.117658 -0.045115
-0.430274 0.181199 -0.044224
-0.580522 -0.018282 -0.049041
-0.415281 0.076744 -0.039104
-0.426276 0.002989 -0.049060
-0.553746 0.111448 -0.037631
-0.465499 0.120537 -0.037726
-0.448092 0.198999 -0.043673
-0.523079 0.106349 -0.045891
-0.520238 0.083476 -0.046520
-0.593261 0.194794 -0.035224
-0.491268 0.216855 -0.038785
-0.452114 -0.022730 -0.049657
-0.624210 0.055471 -0.046877
-0.637010 0.191296 -0.043153
-0.580370 0.022037 -0.039947
-0.519686 0.184265 -0.035793
-0.547783 0.094868 -0.038103
-0.429519 0.218523 -0.035214
-0.458834 0.104750 -0.046182
-0.532765 0.092157 -0.046237
-0.426843 -0.003724 -0.041237
-0.455782 -0.025665 -0.041719
-0.564966 0.114865 -0.037495
-0.512066 0.120026 -0.037560
-0.533819 -0.020189 -0.049273
-0.438970 0.025771 -0.040392
-0.442285 0.203330 -0.035575
-0.507790 0.051724 -0.047427
-0.462107 0.026770 -0.040276
-0.422742 0.134618 -0.037510
-0.558104 0.192290 -0.043430
-0.502326 0.010972 -0.048551
-0.533126 0.170268 -0.036119
-0.410125 0.157182 -0.044951
-0.489082 0.068510 -0.047045
-0.515655 0.130467 -0.045267
-0.474857 0.015359 -0.048538
-0.413809 0.184963 -0.036182
-0.527920 -0.032636 -0.041629
-0.433992 0.041841 -0.039977
-0.530110 0.011289 -0.040432
-0.615942 0.195211 -0.035125
-0.412240 0.206145 -0.043520
-0.606546 0.126918 -0.045012
-0.433415 0.191247 -0.035937
-0.614682 -0.001582 -0.048457
-0.587680 0.149841 -0.044465
-0.536841 0.124451 -0.037345
-0.593704 0.056673 -0.046962
-0.506374 0.121023 -0.045558
-0.667331 0.183403 -0.037319
-0.496450 0.198237 -0.043507
-0.510296 0.035601 -0.047854
-0.520249 0.198285 -0.043414
-0.528494 0.185336 -0.035730
-0.560780 0.132757 -0.037028
-0.492263 0.030974 -0.040046
-0.506449 0.042903 -0.047671
-0.475157 0.099841 -0.038249
-0.486809 -0.023151 -0.049534
-0.431016 0.217533 -0.043238
-0.490083 0.132365 -0.037311
-0.653344 0.178687 -0.035428
-0.494155 0.151357 -0.036781
-0.539607 0.086018 -0.046377
-0.515611 0.072400 -0.038835
-0.634011 -0.043667 -0.049521
-0.418394 -0.020735 -0.049733
-0.480986 0.155189 -0.036729
-0.603603 -0.034676 -0.041392
-0.560447 0.174234 -0.035907
-0.604084 0.066494 -0.038653
-0.466061 0.146540 -0.045023
-0.551916 -0.028815 -0.049436
-0.656257 0.163292 -0.043836
-0.576072 0.022912 -0.047943
-0.609062 0.054687 -0.046956
-0.546421 0.125965 -0.037267
-0.639882 0.125528 -0.036918
-0.572146 0.147813 -0.044579
-0.459627 0.038830 -0.039959
-0.575825 0.119017 -0.037341
-0.516865 -0.036039 -0.049767
-0.611908 0.011647 -0.040107
-0.628160 0.071982 -0.038412
-0.458998 0.175766 -0.036257
-0.415104 0.052487 -0.047764
-0.589460 0.007034 -0.040318
-0.647754 0.125315 -0.036893
-0.645684 0.008614 -0.040059
-0.654792 0.127437 -0.036809
-0.545251 0.047017 -0.047410
-0.435445 0.177742 -0.044297
-0.564644 0.119102 -0.037382
-0.471309 0.093206 -0.046446
-0.507817 -0.001471 -0.048866
-0.556453 0.046495 -0.047381
-0.438082 0.001306 -0.041057
-0.628071 0.043188 -0.039191
-0.469259 0.219568 -0.043035
-0.413677 0.218308 -0.039472
-0.470845 0.163378 -0.044549
-0.457578 0.220830 -0.038387
-0.417440 0.225515 -0.036057
-0.514613 -0.024740 -0.041467
-0.597680 0.100078 -0.037769
-0.413669 -0.024699 -0.042260
-0.624175 0.149503 -0.036330
-0.494774 0.206723 -0.043284
-0.534036 0.028204 -0.047962
-0.504125 0.133374 -0.045232
-0.389024 -0.003573 -0.041379
-0.573679 0.139463 -0.036796
-0.559531 0.067681 -0.038793
-0.485050 0.017808 -0.048433
-0.618086 0.141138 -0.044583
-0.573247 0.007840 -0.048362
-0.571418 0.207340 -0.037672
-0.590605 0.203125 -0.035009
-0.527875 -0.000184 -0.048754
-0.618224 0.012831 -0.040050
-0.615074 -0.026012 -0.041114
-0.630943 0.163962 -0.035913
-0.434112 -0.026820 -0.049837
-0.596004 0.204365 -0.035247
-0.407185 0.061530 -0.039547
-0.571145 0.201164 -0.043140
-0.510503 0.111519 -0.045799
-0.607524 -0.004733 -0.040567
-0.530118 0.039315 -0.039674
-0.614076 -0.033258 -0.041313
-0.470542 0.052285 -0.039553
-0.657996 0.141968 -0.036403
-0.398379 0.089002 -0.045298
-0.395227 0.062362 -0.045865
-0.505696 0.071706 -0.038892
-0.484721 0.193401 -0.043683
-0.454725 -0.020123 -0.049576
-0.618502 -0.010640 -0.040684
-0.474575 0.140430 -0.037153
-0.441295 0.136550 -0.045389
-0.535405 0.178227 -0.035895
-0.488429 0.118669 -0.037688
-0.402884 0.040009 -0.048149
-0.578621 -0.003198 -0.048640
-0.623311 0.096109 -0.037778
-0.621720 0.168317 -0.035830
-0.627854 -0.050025 -0.042867
-0.445625 0.024019 -0.040414
-0.486546 0.029257 -0.048117
-0.609195 0.093845 -0.037893
-0.572034 0.003448 -0.040483
-0.545451 0.176975 -0.035890
-0.618428 0.048170 -0.039094
-0.430589 0.217443 -0.035239
-0.635674 0.157467 -0.044073
-0.491408 0.116784 -0.037727
-0.614413 -0.038647 -0.041458
-0.623819 -0.024399 -0.049039
-0.405289 0.127568 -0.037768
-0.387753 -0.019652 -0.049822
-0.534126 0.207647 -0.043107
-0.535733 0.172081 -0.036060
-0.608908 0.097257 -0.045805
-0.519713 0.052909 -0.047349
-0.594751 -0.029432 -0.049287
-0.600973 0.077790 -0.038360
-0.548161 -0.017843 -0.049154
-0.649122 0.136980 -0.044575
-0.625014 0.088012 -0.037990
-0.577537 0.158794 -0.036258
-0.579540 0.090793 -0.038091
-0.420160 0.045692 -0.047929
-0.422853 0.030000 -0.040340
-0.555956 0.153532 -0.036484
-0.454111 0.067327 -0.047212
-0.464819 0.185086 -0.035982
-0.459514 0.086677 -0.038665
-0.468192 0.092927 -0.038462
-0.529219 -0.008498 -0.048974
-0.566728 0.049147 -0.039267
-0.635828 0.095314 -0.037751
-0.588665 0.114288 -0.045423
-0.525667 0.058335 -0.047180
-0.648488 0.024155 -0.040501
-0.579937 0.078896 -0.046414
-0.498009 0.125031 -0.037479
-0.513699 0.095300 -0.046226
-0.510448 0.122806 -0.045494
-0.497816 -0.011187 -0.041165
-0.530476 0.044397 -0.047538
-0.604798 0.126320 -0.037032
-0.595894 0.073475 -0.046499
-0.437365 0.079013 -0.038958
-0.489405 0.154500 -0.044718
-0.582039 -0.035654 -0.049505
-0.616095 0.141410 -0.036580
-0.443854 0.203082 -0.035576
-0.409931 -0.000193 -0.041207
-0.577318 0.031216 -0.039711
-0.472670 0.020680 -0.048403
-0.588901 -0.017150 -0.040975
-0.448810 0.060335 -0.039419
-0.603358 0.001268 -0.040421
-0.571902 0.088741 -0.038175
-0.536411 0.002246 -0.048656
-0.504282 0.107074 -0.037940
-0.488004 0.138120 -0.045166
-0.448353 0.156938 -0.044810
-0.581861 -0.030786 -0.049374
-0.617382 0.150042 -0.044344
-0.592781 0.034418 -0.039565
-0.533079 0.043059 -0.039561
-0.560682 0.054073 -0.039157
-0.522560 0.177768 -0.043960
-0.531288 0.182837 -0.043789
-0.511588 0.187535 -0.035735
-0.419771 0.148041 -0.037158
-0.418283 0.193331 -0.043942
-0.588423 0.136558 -0.044821
-0.628208 0.155948 -0.044143
-0.548609 0.140762 -0.036858
-0.630958 0.042768 -0.047194
-0.441144 0.161008 -0.044728
-0.513744 0.023237 -0.048175
-0.425907 0.212041 -0.043406
-0.661328 0.154308 -0.036056
-0.517175 0.164962 -0.036325
-0.574631 0.140494 -0.044768
-0.507044 0.062502 -0.039136
-0.528766 0.084034 -0.038469
-0.589671 0.004173 -0.048398
-0.480904 0.127950 -0.037466
-0.526508 0.045307 -0.039526
-0.517702 0.090422 -0.046342
-0.535641 0.075108 -0.046687
-0.661792 0.136570 -0.041678
-0.424860 0.132582 -0.037557
-0.481795 0.026542 -0.048209
-0.426438 0.216622 -0.043280
-0.421848 0.125140 -0.037770
-0.573939 0.045093 -0.039349
-0.587913 0.019711 -0.039981
-0.491904 -0.013270 -0.041244
-0.647734 0.132473 -0.036700
-0.458573 0.025659 -0.040319
-0.538470 0.049850 -0.047360
-0.548291 0.165643 -0.044189
-0.580889 0.101245 -0.037803
-0.639672 0.148744 -0.036291
-0.427257 0.010330 -0.040855
-0.419812 0.102617 -0.038387
-0.566435 0.127677 -0.045146
-0.549117 -0.002675 -0.040737
-0.574924 0.137703 -0.044842
-0.516403 0.180657 -0.035903
-0.393142 -0.022206 -0.044591
-0.502507 0.084193 -0.046569
-0.623650 0.133418 -0.036767
-0.542790 0.020561 -0.048135
-0.657531 0.151145 -0.044160
-0.479009 0.019813 -0.040399
-0.552174 0.082201 -0.038429
-0.419685 0.089873 -0.038732
-0.598686 -0.030642 -0.041302
-0.447497 0.058919 -0.047465
-0.503227 0.009466 -0.040585
-0.562562 0.154935 -0.036421
-0.578218 0.168755 -0.043989
-0.542633 0.078846 -0.038556
-0.408695 -0.024045 -0.044628
-0.605058 0.151809 -0.044344
-0.407577 0.070489 -0.047306
-0.461160 0.137516 -0.045286
-0.396271 0.050922 -0.047879
-0.435911 -0.004499 -0.049226
-0.400365 0.089357 -0.046824
-0.565500 0.007041 -0.048414
-0.637019 0.066525 -0.038525
-0.391616 0.015937 -0.048844
-0.560671 0.003528 -0.048527
-0.407162 -0.013592 -0.049583
-0.576846 0.130618 -0.045026
-0.455249 0.007043 -0.040836
-0.611021 0.097529 -0.037787
-0.590500 0.083109 -0.038256
-0.419408 0.189319 -0.036043
-0.583659 -0.038173 -0.049567
-0.534346 0.012576 -0.048384
-0.500667 0.196692 -0.043533
-0.639453 0.131036 -0.044774
-0.566019 0.184747 -0.043604
-0.457871 0.033252 -0.048120
-0.537971 -0.039234 -0.048514
-0.499099 -0.014296 -0.049247
-0.558432 -0.026014 -0.049335
-0.556870 0.209068 -0.042981
-0.578511 0.097220 -0.045924
-0.585619 -0.011440 -0.040833
-0.422161 0.169943 -0.044559
-0.637136 -0.025025 -0.041002
-0.449754 0.051107 -0.047668
-0.469460 0.195318 -0.035687
-0.470599 0.203303 -0.043470
-0.432707 0.175202 -0.044376
-0.418903 0.119245 -0.045944
-0.513886 0.182188 -0.043874
-0.611455 0.089815 -0.045997
-0.549696 0.069831 -0.046776
-0.493266 0.029011 -0.040095
-0.648052 0.049797 -0.038935
-0.597689 0.102075 -0.045718
-0.472491 0.028504 -0.048192
-0.499958 0.142393 -0.045005
-0.656795 0.197380 -0.042816
-0.525997 0.200939 -0.043320
-0.507774 -0.027266 -0.049564
-0.451070 0.001214 -0.049013
-0.465042 -0.018834 -0.049501
-0.606607 0.110237 -0.037460
-0.654161 0.073161 -0.038280
-0.546283 0.128070 -0.037210
-0.577583 0.164628 -0.044103
-0.595659 0.061290 -0.046829
-0.462706 0.072581 -0.039034
-0.409461 0.016680 -0.040752
-0.439503 0.177596 -0.036282
-0.479110 0.206412 -0.035350
-0.528324 0.004355 -0.040627
-0.442729 0.011796 -0.048759
-0.521850 0.105948 -0.037903
-0.570252 0.053381 -0.047142
-0.546793 0.076563 -0.046605
-0.476570 -0.007257 -0.041141
-0.426196 0.125884 -0.037733
-0.412341 0.207020 -0.039604
-0.597668 0.069263 -0.038603
-0.580591 -0.020358 -0.049097
-0.481407 0.020511 -0.040371
-0.633458 0.138796 -0.036584
-0.454324 0.150580 -0.044959
-0.403197 0.031072 -0.048390
-0.424362 0.080088 -0.046982
-0.543379 0.170776 -0.036066
-0.577527 0.189170 -0.043440
-0.483097 0.091155 -0.038453
-0.658607 0.192290 -0.043042
-0.477996 0.099286 -0.046256
-0.604421 0.170132 -0.035848
-0.510479 0.032790 -0.039926
-0.518946 0.037457 -0.039767
-0.539547 0.207165 -0.043099
-0.410979 0.075431 -0.039157
-0.611505 0.077891 -0.038316
-0.548808 0.210145 -0.042381
-0.658399 0.186880 -0.043190
-0.430499 0.022209 -0.048524
-0.442682 -0.000081 -0.041077
-0.608239 0.199725 -0.035033
-0.421032 0.140741 -0.037351
-0.423238 0.211551 -0.035427
-0.526258 0.102248 -0.037986
-0.598591 0.085181 -0.038169
-0.552531 0.142619 -0.036793
-0.476924 0.024893 -0.040269
-0.460942 -0.004963 -0.041139
-0.588483 0.137156 -0.044805
-0.612391 -0.027799 -0.041172
-0.443709 0.143495 -0.037189
-0.436945 0.191072 -0.043931
-0.436899 0.146728 -0.037128
-0.649827 0.059424 -0.038668
-0.627112 0.105506 -0.037509
-0.497661 0.030529 -0.048040
-0.486387 0.116602 -0.045755
-0.570392 0.089560 -0.038159
-0.493408 -0.003254 -0.040967
-0.595424 0.073410 -0.046502
-0.483347 0.051440 -0.047529
-0.483900 0.014840 -0.040514
-0.422407 -0.010413 -0.041435
-0.527422 0.119840 -0.045509
-0.564313 0.056226 -0.039084
-0.518065 0.213685 -0.038812
-0.496979 0.180118 -0.035992
-0.428465 0.129381 -0.045632
-0.592436 0.047061 -0.039224
-0.391305 0.029230 -0.044615
-0.584914 0.160272 -0.044193
-0.477972 0.162791 -0.044538
-0.516778 0.017507 -0.040315
-0.459771 0.195951 -0.035708
-0.590809 0.031743 -0.047648
-0.518818 0.032519 -0.039901
-0.517020 0.051012 -0.047411
-0.497396 0.145331 -0.044935
-0.403115 0.052567 -0.047808
-0.536230 0.056925 -0.047177
-0.564774 0.142512 -0.036748
-0.638209 0.031489 -0.047472
-0.440573 0.183749 -0.036112
-0.553279 -0.009690 -0.048913
-0.517384 0.093695 -0.046255
-0.563123 0.052047 -0.047205
-0.413521 0.142801 -0.045327
-0.421809 0.193586 -0.043921
-0.466245 0.014243 -0.040599
-0.437098 0.110499 -0.046110
-0.420301 0.113559 -0.038089
-0.413041 0.037683 -0.040170
-0.485481 0.120098 -0.045664
-0.634129 0.179347 -0.035484
-0.410386 -0.024199 -0.046316
-0.460922 -0.002119 -0.049065
-0.589602 0.034171 -0.039584
-0.523972 -0.004573 -0.048888
-0.565297 0.179935 -0.035734
-0.612725 0.170181 -0.035815
-0.636774 -0.018796 -0.048838
-0.493005 0.080474 -0.038704
-0.652648 0.072066 -0.038315
-0.449543 0.006921 -0.040861
-0.600304 0.056247 -0.046948
-0.430396 0.093243 -0.038600
-0.601397 0.156316 -0.044236
-0.639885 -0.048584 -0.048302
-0.444094 0.107566 -0.038159
-0.620876 0.149229 -0.036350
-0.609662 -0.041353 -0.049552
-0.585284 0.071300 -0.046599
-0.536005 0.020799 -0.040152
-0.426489 0.102380 -0.046371
-0.617899 0.127690 -0.044947
-0.643571 0.181563 -0.043391
-0.410639 0.126273 -0.045785
-0.482017 0.114997 -0.037812
-0.640381 0.171657 -0.035668
-0.532096 -0.032361 -0.049608
-0.530127 0.161657 -0.044367
-0.596673 0.087994 -0.046103
-0.484045 0.105415 -0.046066
-0.524595 0.114794 -0.037653
-0.390481 -0.021805 -0.047711
-0.427331 0.210607 -0.043439
-0.554124 0.112174 -0.045613
-0.661998 0.145819 -0.044287
-0.515134 0.194553 -0.043535
-0.415866 0.008450 -0.040950
-0.494689 0.154331 -0.036699
-0.505560 0.214020 -0.043045
-0.536215 -0.034238 -0.049643
-0.573940 0.012458 -0.040231
-0.592841 0.145454 -0.036560
-0.493740 -0.002507 -0.040946
-0.430777 0.218823 -0.035201
-0.482270 0.015611 -0.048503
-0.501549 0.037802 -0.039825
-0.580444 0.108983 -0.037595
-0.635315 -0.033647 -0.041242
-0.428962 0.172063 -0.036473
-0.483362 0.102085 -0.038156
-0.403205 0.119553 -0.045996
-0.645781 0.001254 -0.044791
-0.427437 0.055078 -0.047647
-0.413364 -0.000264 -0.049198
-0.416217 0.198030 -0.035819
-0.391030 0.026930 -0.040649
-0.602441 -0.033270 -0.049362
-0.537717 -0.014353 -0.049100
-0.540141 0.010974 -0.040402
-0.424454 0.118078 -0.037951
-0.466844 0.117192 -0.037811
-0.489042 0.048396 -0.047590
-0.597337 0.179757 -0.043618
-0.579299 0.021170 -0.047978
-0.568652 -0.006459 -0.048767
-0.454194 0.191426 -0.043855
-0.630180 0.084007 -0.046082
-0.625787 0.164200 -0.043929
-0.459182 0.143095 -0.045143
-0.505024 0.009867 -0.040567
-0.449046 0.205693 -0.035485
-0.660547 0.127330 -0.036789
-0.590195 0.072142 -0.038554
-0.630562 -0.050344 -0.042923
-0.504659 -0.002324 -0.040899
-0.427473 0.027132 -0.048403
-0.608529 0.180020 -0.035565
-0.480908 0.048720 -0.047612
-0.642660 0.129602 -0.044800
-0.434237 0.105773 -0.046249
-0.508917 0.137373 -0.045106
-0.504096 0.189976 -0.035698
-0.528063 -0.013994 -0.041124
-0.424692 0.047507 -0.047862
-0.566048 -0.015510 -0.049022
-0.558002 0.015153 -0.048223
-0.416368 0.057756 -0.047617
-0.491254 0.097885 -0.046242
-0.510498 0.158538 -0.036524
-0.632840 0.098031 -0.037689
-0.408828 0.072194 -0.039252
-0.557387 0.101634 -0.037883
-0.493366 0.131880 -0.037311
-0.406126 0.147559 -0.037224
-0.485984 0.145893 -0.036961
-0.527978 0.068692 -0.046890
-0.612185 0.060509 -0.046787
-0.648087 0.020758 -0.041296
-0.586688 0.011744 -0.040202
-0.477785 0.022705 -0.040325
-0.612675 -0.024067 -0.041070
-0.595102 0.122214 -0.037180
-0.499200 0.002787 -0.048784
-0.508105 -0.033214 -0.041721
-0.499999 -0.033534 -0.049764
-0.456036 0.192664 -0.043814
-0.466167 0.067580 -0.047159
-0.659644 0.179253 -0.043391
-0.439898 0.137437 -0.037367
-0.449155 0.028571 -0.048280
-0.482946 0.073523 -0.038930
-0.644064 0.043442 -0.047126
-0.455106 -0.029543 -0.044391
-0.573552 0.184200 -0.043589
-0.529116 0.127693 -0.045290
-0.454225 0.155851 -0.036814
-0.591297 0.200426 -0.043082
-0.518327 0.073791 -0.038787
-0.511395 0.158565 -0.036520
-0.468259 0.033085 -0.048084
-0.535672 0.150023 -0.044660
-0.480238 0.113783 -0.045855
-0.487289 0.116950 -0.045742
-0.432383 0.066997 -0.047305
-0.522983 0.042190 -0.039624
-0.487139 0.133016 -0.037305
-0.426428 0.022057 -0.040541
-0.506777 0.156808 -0.036585
-0.491782 0.039528 -0.047819
-0.602884 0.139953 -0.044673
-0.416889 0.171010 -0.044551
-0.578227 0.172939 -0.035873
-0.475816 0.049850 -0.039598
-0.510965 0.059658 -0.039197
-0.661317 0.151942 -0.036121
-0.538223 0.057902 -0.039140
-0.638481 -0.050511 -0.041686
-0.408621 0.175580 -0.040843
-0.426192 0.180849 -0.036246
-0.423131 0.103522 -0.038350
-0.559584 0.150753 -0.036545
-0.418109 0.074942 -0.039142
-0.403197 -0.015188 -0.041638
-0.632886 0.071378 -0.038410
-0.573140 0.193127 -0.035347
-0.631635 0.150991 -0.044264
-0.554165 0.193929 -0.035398
-0.559005 0.022418 -0.040020
-0.473101 0.173848 -0.044257
-0.604474 -0.014003 -0.048833
-0.407749 0.035656 -0.040245
-0.473921 0.115319 -0.045838
-0.505038 0.185206 -0.035824
-0.602160 -0.001143 -0.048494
-0.578931 0.180084 -0.043680
-0.449277 0.212939 -0.035289
-0.614269 0.008526 -0.040182
-0.395452 0.025439 -0.040569
-0.501293 0.161961 -0.036467
-0.564379 0.127230 -0.037163
-0.418111 0.057461 -0.047618
-0.470384 0.115662 -0.037839
-0.604931 0.084230 -0.046173
-0.556241 0.105446 -0.045787
-0.602712 0.187951 -0.043375
-0.460443 0.158199 -0.036726
-0.462683 0.209257 -0.035336
-0.648799 0.184020 -0.035301
-0.436741 -0.024417 -0.049762
-0.465749 0.046456 -0.039729
-0.405509 0.058537 -0.039635
-0.613070 0.051391 -0.047030
-0.582589 0.007585 -0.040330
-0.554097 0.060669 -0.047007
-0.638382 0.199525 -0.041604
-0.580551 0.104814 -0.037707
-0.406796 0.160138 -0.043879
-0.470116 0.171358 -0.036333
-0.559751 0.140217 -0.044833
-0.546821 0.017296 -0.048208
-0.432359 0.173741 -0.036414
-0.451534 0.062932 -0.047341
-0.497119 0.189009 -0.035751
-0.417860 0.063124 -0.047466
-0.581468 0.111984 -0.037510
-0.461917 0.109122 -0.038049
-0.657429 0.132026 -0.036674
-0.586019 0.019500 -0.039994
-0.525624 0.066321 -0.038961
-0.621452 -0.017350 -0.048858
-0.420898 0.080718 -0.046978
-0.560864 -0.021605 -0.049206
-0.461466 0.196629 -0.035683
-0.564045 0.098133 -0.037952
-0.438045 0.062280 -0.039408
-0.447884 0.196445 -0.035740
-0.566649 0.162917 -0.036189
-0.550439 0.014363 -0.040271
-0.536346 0.040289 -0.039624
-0.394284 -0.011355 -0.041569
-0.400255 0.059646 -0.047628
-0.621154 0.050446 -0.047024
-0.453629 0.163662 -0.036605
-0.558748 0.011096 -0.040327
-0.583154 0.147531 -0.044545
-0.640137 0.130090 -0.036793
-0.401869 0.103239 -0.038439
-0.468762 0.142983 -0.045109
-0.523283 0.144234 -0.036862
-0.589157 -0.004282 -0.048629
-0.463991 0.004330 -0.040876
-0.531423 0.017040 -0.048275
-0.632325 0.153186 -0.036199
-0.497184 0.150363 -0.036797
-0.621256 0.010540 -0.040101
-0.485783 0.036479 -0.039922
-0.457563 0.125094 -0.037633
-0.519413 -0.025902 -0.049483
-0.623626 0.056244 -0.038855
-0.489416 0.011847 -0.040574
-0.596797 0.062972 -0.038777
-0.630790 0.016854 -0.039893
-0.503120 0.126313 -0.037424
-0.620787 0.037854 -0.047367
-0.470848 -0.000993 -0.040993
-0.593527 0.060679 -0.046854
-0.553612 0.054842 -0.047166
-0.618475 0.161828 -0.036018
-0.640978 0.131513 -0.036752
-0.620909 -0.017061 -0.040849
-0.410675 0.055567 -0.039695
-0.528273 0.044293 -0.047549
-0.438328 0.096106 -0.038492
-0.570739 0.071382 -0.038650
-0.494513 0.196557 -0.035557
-0.418593 0.031172 -0.048328
-0.476561 0.140178 -0.037152
-0.615202 0.008581 -0.048180
-0.655918 0.193379 -0.035020
-0.477208 0.078476 -0.038819
-0.599453 0.029858 -0.039662
-0.554059 0.084787 -0.038351
-0.456002 0.087529 -0.046659
-0.458453 0.165195 -0.044548
-0.601277 0.135652 -0.036793
-0.536640 0.190062 -0.043573
-0.468957 0.056036 -0.047461
-0.597986 0.054336 -0.047009
-0.448340 0.066447 -0.047258
-0.586266 0.074922 -0.038494
-0.487605 0.193748 -0.043663
-0.636139 0.086459 -0.037989
-0.524811 -0.033923 -0.049679
-0.420458 0.163857 -0.036728
-0.554893 0.017916 -0.048160
-0.644380 -0.010568 -0.041774
-0.521033 0.146389 -0.036812
-0.486967 -0.007252 -0.041100
-0.527336 0.019975 -0.040208
-0.435282 0.027361 -0.048366
-0.621012 -0.010101 -0.040660
-0.414228 0.017463 -0.048715
-0.520664 -0.020727 -0.049338
-0.651470 0.187698 -0.043194
-0.551290 0.190748 -0.043498
-0.501658 0.116231 -0.045706
-0.584918 0.040448 -0.047435
-0.554028 0.190726 -0.035485
-0.519575 -0.022327 -0.049385
-0.493903 0.192647 -0.035665
-0.615000 0.189738 -0.035277
-0.606349 0.181063 -0.043548
-0.574712 0.013179 -0.048212
-0.425373 0.086174 -0.038810
-0.478395 0.212442 -0.043193
-0.494726 -0.028342 -0.041641
-0.388934 0.009183 -0.047012
-0.526246 0.038700 -0.047709
-0.542333 0.191197 -0.043521
-0.557582 -0.002185 -0.040691
-0.470222 0.087896 -0.038591
-0.568468 0.047303 -0.039310
-0.633427 -0.047741 -0.041631
-0.443309 0.023940 -0.040425
-0.545933 0.191429 -0.043500
-0.631880 0.010166 -0.040070
-0.453851 0.212577 -0.043284
-0.496309 0.064822 -0.047117
-0.518238 0.206064 -0.043211
-0.620131 0.201705 -0.042319
-0.557322 0.008501 -0.048406
-0.653685 0.132527 -0.036675
-0.605365 0.161122 -0.036088
-0.520577 0.101519 -0.038028
-0.407688 0.164489 -0.044763
-0.461979 0.064312 -0.047264
-0.425971 -0.011101 -0.041440
-0.431462 0.115150 -0.046006
-0.513022 0.157278 -0.044551
-0.583493 -0.041205 -0.041646
-0.459016 0.212631 -0.043262
-0.561903 -0.018542 -0.049120
-0.425303 0.083972 -0.046873
-0.531880 0.145922 -0.036783
-0.492246 0.039862 -0.039805
-0.455246 0.058111 -0.039454
-0.579576 0.166937 -0.036030
-0.410341 0.190124 -0.039226
-0.523518 0.161685 -0.036389
-0.634237 0.067024 -0.038523
-0.622414 0.055480 -0.046883
-0.410544 0.184658 -0.036203
-0.404717 0.037935 -0.040195
-0.608558 -0.026315 -0.049150
-0.521641 0.053924 -0.047314
-0.557282 0.061529 -0.046971
-0.407988 0.126205 -0.037794
-0.664481 0.195977 -0.042920
-0.521142 -0.037211 -0.049676
-0.463037 0.017669 -0.040518
-0.411771 0.202212 -0.038058
-0.631496 0.073067 -0.038370
-0.590819 0.182904 -0.043558
-0.649052 0.108336 -0.045351
-0.452539 -0.014235 -0.049425
-0.537230 0.198584 -0.043340
-0.581951 0.030618 -0.039709
-0.614208 0.034399 -0.047485
-0.404906 0.042352 -0.048078
-0.492738 0.125845 -0.037477
-0.624083 0.123971 -0.045024
-0.633285 0.053260 -0.046902
-0.625593 0.111097 -0.045366
-0.395035 -0.018277 -0.041753
-0.531348 0.096932 -0.046113
-0.600148 0.199399 -0.043076
-0.579509 0.027565 -0.039801
-0.525779 0.182673 -0.043815
-0.473681 -0.014206 -0.041340
-0.391030 0.026920 -0.041438
-0.508474 0.187591 -0.043749
-0.543975 0.157231 -0.036430
-0.596904 0.198494 -0.043113
-0.452626 0.096055 -0.046441
-0.578150 0.019465 -0.048029
-0.573633 0.068061 -0.038728
-0.409881 0.007286 -0.049007
-0.410285 0.189637 -0.040603
-0.625719 -0.008448 -0.048600
-0.531379 0.133219 -0.045132
-0.471770 0.041307 -0.039845
-0.546081 0.199144 -0.043291
-0.514882 0.167217 -0.036272
-0.518415 0.025510 -0.040093
-0.447894 0.196525 -0.035738
-0.527282 0.163553 -0.044327
-0.587896 0.176366 -0.043746
-0.438071 0.082308 -0.038866
-0.613683 0.054273 -0.046950
-0.566015 0.036241 -0.047622
-0.504032 0.095081 -0.046269
-0.461921 0.110979 -0.037998
-0.634652 0.165263 -0.035863
-0.601352 0.059113 -0.046866
-0.387880 -0.000751 -0.049310
-0.559228 -0.005916 -0.048788
-0.485545 0.114149 -0.045824
-0.585592 0.054607 -0.039046
-0.590393 0.031516 -0.039652
-0.507785 0.094542 -0.046269
-0.455584 0.058128 -0.047456
-0.657441 0.154788 -0.036059
-0.456557 0.191047 -0.035853
-0.419231 0.087062 -0.046813
-0.575689 0.156100 -0.036338
-0.433126 0.076072 -0.047057
-0.526697 0.182376 -0.035817
-0.433907 0.081030 -0.046920
-0.494579 0.108013 -0.045955
-0.631247 0.190672 -0.043192
-0.642796 0.078893 -0.046171
-0.565563 -0.024295 -0.041258
-0.541353 0.145323 -0.044766
-0.637481 0.134278 -0.036690
-0.430616 -0.026601 -0.045995
-0.450849 -0.028905 -0.049264
-0.610465 0.036410 -0.047445
-0.562975 -0.041304 -0.049731
-0.652393 0.094068 -0.037721
-0.465834 0.103327 -0.046193
-0.481901 0.190347 -0.043777
-0.547043 0.002299 -0.040610
-0.602912 0.086229 -0.046127
-0.463816 0.200940 -0.035557
-0.663224 0.148689 -0.038082
-0.592065 0.107861 -0.037580
-0.585192 -0.044139 -0.041719
-0.493791 0.206373 -0.035294
-0.461089 0.014596 -0.048612
-0.619360 0.076349 -0.046331
-0.409745 0.066784 -0.039395
-0.549831 0.209883 -0.037246
-0.488552 0.128815 -0.037413
-0.509776 0.110385 -0.045833
-0.431226 0.012954 -0.040769
-0.544583 -0.026106 -0.041388
-0.452907 0.068365 -0.039186
-0.465870 0.195394 -0.043702
-0.552364 0.209663 -0.040143
-0.626708 0.129471 -0.036862
-0.636054 -0.050067 -0.041683
-0.510930 0.084256 -0.038532
-0.591492 0.075148 -0.046471
-0.627768 0.117240 -0.045192
-0.466112 0.121297 -0.045706
-0.422017 0.216442 -0.043302
-0.435077 0.027794 -0.048355
-0.648340 0.117349 -0.037107
-0.473122 0.152323 -0.044839
-0.389583 -0.000922 -0.049308
-0.406817 -0.008980 -0.041456
-0.593497 0.157615 -0.036229
-0.419318 0.000346 -0.049159
-0.459661 0.214304 -0.035212
-0.633770 0.117993 -0.045148
-0.618392 -0.048837 -0.045352
-0.546741 -0.017294 -0.049144
-0.626215 0.198104 -0.035007
-0.439321 -0.006492 -0.049267
-0.642444 0.177717 -0.043499
-0.451870 0.104136 -0.038222
-0.408678 0.023941 -0.048562
-0.430258 0.021785 -0.040534
-0.405700 -0.013129 -0.049576
-0.448778 0.040338 -0.047963
-0.576340 0.102341 -0.037790
-0.591700 0.165887 -0.036012
-0.436752 0.092926 -0.038584
-0.604318 0.136244 -0.044768
-0.530290 0.004339 -0.040620
-0.519051 -0.037151 -0.042877
-0.637565 -0.026831 -0.041049
-0.567757 0.088164 -0.046210
-0.454289 0.084318 -0.038749
-0.395908 -0.009855 -0.041522
-0.473460 -0.003126 -0.049044
-0.481329 0.216949 -0.043059
-0.502908 0.196324 -0.043534
-0.461717 0.057415 -0.047451
-0.616102 0.133644 -0.044793
-0.634007 0.117650 -0.045157
-0.518907 0.045127 -0.047563
-0.424519 0.095786 -0.038554
-0.521170 -0.007967 -0.048991
-0.494441 0.058836 -0.047286
-0.407763 -0.015917 -0.049643
-0.635290 0.110897 -0.045334
-0.561805 0.011244 -0.048314
-0.640563 0.068249 -0.038465
-0.614342 0.202242 -0.036962
-0.629170 0.079196 -0.038213
-0.482096 0.139583 -0.037147
-0.530465 0.109356 -0.045781
-0.544773 0.082416 -0.046454
-0.502836 -0.024399 -0.049506
-0.651537 0.142661 -0.036409
-0.455789 0.198231 -0.043664
-0.600750 0.061140 -0.038811
-0.470996 0.060603 -0.039326
-0.616358 0.178954 -0.043566
-0.577533 0.145889 -0.036608
-0.541858 -0.038029 -0.041721
-0.631351 -0.037705 -0.041367
-0.421417 -0.001980 -0.041211
-0.645337 0.094664 -0.037732
-0.562664 0.085873 -0.046292
-0.634770 -0.024852 -0.041006
-0.648833 0.099907 -0.037577
-0.636515 0.198735 -0.034950
-0.405587 0.125669 -0.045821
-0.622634 0.190446 -0.043231
-0.612216 0.178534 -0.035591
-0.520133 0.064395 -0.047037
-0.572778 0.024790 -0.039902
-0.455793 -0.007010 -0.049217
-0.470942 0.079371 -0.046822
-0.430928 -0.020003 -0.049665
-0.424166 0.209909 -0.035467
-0.404490 -0.008710 -0.041458
-0.512733 0.193171 -0.043581
-0.445070 0.138872 -0.037309
-0.570198 -0.006984 -0.040772
-0.427911 0.149452 -0.037089
-0.631459 0.036454 -0.047363
-0.439328 0.190774 -0.035927
-0.588059 0.052891 -0.039083
-0.557824 0.180524 -0.035747
-0.496076 -0.031196 -0.049716
-0.525534 0.044441 -0.039553
-0.556301 0.091151 -0.038171
-0.643259 0.070252 -0.038400
-0.573818 -0.013618 -0.040937
-0.397124 0.018652 -0.040746
-0.634066 0.019388 -0.047815
-0.474380 0.204372 -0.043426
-0.419483 0.134425 -0.045531
-0.413390 0.168682 -0.044627
-0.565806 0.029696 -0.047799
-0.411685 0.146981 -0.045221
-0.504819 0.127738 -0.045382
-0.486444 0.205507 -0.043349
-0.493769 0.120618 -0.037615
-0.592453 0.036526 -0.039509
-0.619722 0.088165 -0.038007
-0.569827 -0.003421 -0.048680
-0.409130 0.068115 -0.047365
-0.438270 0.103207 -0.038300
-0.637505 -0.035395 -0.049284
-0.474049 0.034752 -0.040014
-0.445790 0.179975 -0.036194
-0.497203 0.019600 -0.048337
-0.414567 0.077160 -0.039096
-0.518935 0.164921 -0.044322
-0.609646 0.180059 -0.035559
-0.431353 0.197056 -0.035787
-0.506331 0.082274 -0.038603
-0.624404 0.015475 -0.039955
-0.558366 -0.026388 -0.041343
-0.586569 0.179019 -0.035676
-0.484337 0.173495 -0.036220
-0.386931 -0.007742 -0.045975
-0.507447 0.076999 -0.038742
-0.554265 0.009846 -0.040378
-0.497383 0.118029 -0.045674
-0.633130 0.151429 -0.036243
-0.570166 0.001272 -0.048552
-0.570138 0.150008 -0.044528
-0.497051 0.072988 -0.046894
-0.568473 0.019232 -0.040069
-0.402274 0.064791 -0.039478
-0.502879 0.051496 -0.047452
-0.427364 0.002265 -0.041073
-0.537095 0.052113 -0.047304
-0.464194 0.140199 -0.037199
-0.513900 0.171934 -0.036149
-0.544539 -0.014017 -0.049064
-0.398479 0.042680 -0.048094
-0.565334 -0.005558 -0.048755
-0.568026 -0.041848 -0.041724
-0.455534 0.145144 -0.037099
-0.451119 0.195687 -0.043751
-0.419906 0.151935 -0.037052
-0.454725 0.101630 -0.046282
-0.550297 0.200725 -0.035229
-0.560379 -0.010541 -0.048909
-0.560477 0.139502 -0.044849
-0.437020 0.060535 -0.047462
-0.469681 0.206043 -0.035396
-0.482339 0.166936 -0.036406
-0.408861 0.176257 -0.036437
-0.412654 -0.013516 -0.041557
-0.636534 0.032705 -0.039442
-0.598666 0.025444 -0.047788
-0.646867 0.137272 -0.036573
-0.544218 0.129229 -0.045190
-0.462377 0.166863 -0.036485
-0.629370 0.141291 -0.044535
-0.622798 -0.046428 -0.049639
-0.626284 0.118005 -0.037174
-0.556296 0.158323 -0.036353
-0.621732 0.051290 -0.038996
-0.565311 -0.009228 -0.048854
-0.586344 0.004738 -0.040392
-0.432375 0.053732 -0.039661
-0.443464 0.038023 -0.048046
-0.652623 0.109525 -0.037302
-0.518452 0.037185 -0.047780
-0.412687 0.209932 -0.040818
-0.655043 0.165106 -0.043792
-0.466299 0.042372 -0.047840
-0.602612 0.203663 -0.038148
-0.561457 0.011507 -0.048308
-0.404326 0.078856 -0.039090
-0.478926 0.089834 -0.046508
-0.450724 0.020943 -0.048480
-0.477626 0.144864 -0.045024
-0.427420 0.020101 -0.048593
-0.463076 0.129585 -0.045493
-0.412179 0.205647 -0.040149
-0.639575 0.062061 -0.046639
-0.418633 0.128899 -0.045683
-0.538661 -0.006347 -0.048879
-0.496508 0.161235 -0.044508
-0.402742 0.091260 -0.046763
-0.576962 -0.012083 -0.040884
-0.593497 0.196978 -0.035164
-0.424689 0.058188 -0.047573
-0.424925 0.082904 -0.038901
-0.578534 0.064751 -0.046802
-0.570145 0.190122 -0.043442
-0.619260 0.194343 -0.035136
-0.414196 -0.017877 -0.049672
-0.407229 0.163818 -0.039829
-0.605231 0.133870 -0.044829
-0.572157 0.168079 -0.044031
-0.579308 0.117487 -0.037369
-0.496130 0.215057 -0.043053
-0.458594 -0.025913 -0.049718
-0.557502 0.207825 -0.043012
-0.530503 0.015278 -0.048326
-0.625630 -0.010427 -0.040651
-0.406009 0.116470 -0.038065
-0.395369 0.051564 -0.047866
-0.631471 0.094291 -0.045798
-0.470785 0.136151 -0.045286
-0.629382 0.056823 -0.046820
-0.540688 0.019231 -0.040177
-0.576502 -0.012369 -0.048896
-0.556860 0.058723 -0.039046
-0.443734 0.128403 -0.045600
-0.486955 0.201552 -0.043454
-0.550110 0.107706 -0.037747
-0.564542 0.073749 -0.038610
-0.602777 0.203496 -0.042955
-0.612400 0.114477 -0.045326
-0.607819 0.054614 -0.038960
-0.552658 0.079079 -0.038511
-0.602416 -0.046900 -0.047034
-0.530016 0.139166 -0.044976
-0.499727 0.036044 -0.047883
-0.547577 -0.007648 -0.040877
-0.475503 -0.023397 -0.049584
-0.643195 0.071685 -0.046365
-0.601201 -0.030041 -0.041276
-0.545490 0.202855 -0.043193
-0.472615 0.087731 -0.046589
-0.452967 0.004030 -0.040926
-0.554608 0.069909 -0.038752
-0.568612 0.036332 -0.039606
-0.625857 0.066314 -0.046577
-0.589144 0.066079 -0.046725
-0.615875 0.171907 -0.043759
-0.466559 0.192168 -0.035784
-0.543144 0.027882 -0.047936
-0.527404 -0.017873 -0.049235
-0.634987 0.106230 -0.045462
-0.454070 0.076943 -0.046952
-0.648222 0.043995 -0.047095
-0.608445 0.109821 -0.045467
-0.518618 -0.012239 -0.049116
-0.546192 0.048455 -0.047368
-0.592478 0.167503 -0.035965
-0.634115 0.158032 -0.044064
-0.461759 -0.013484 -0.041366
-0.596853 0.094693 -0.037918
-0.651422 0.048916 -0.046879
-0.540986 0.153711 -0.044540
-0.621618 -0.026703 -0.041107
-0.519350 -0.002283 -0.040841
-0.551213 -0.014882 -0.049062
-0.565663 0.187045 -0.035540
-0.490019 0.166860 -0.036378
-0.499583 0.082047 -0.038636
-0.583408 0.084763 -0.038239
-0.628432 0.122427 -0.037046
-0.428686 0.204286 -0.035602
-0.467483 0.121209 -0.045703
-0.503603 0.018224 -0.040347
-0.642897 0.171697 -0.035657
-0.476794 0.066840 -0.039135
-0.531382 0.078628 -0.046608
-0.663468 0.170930 -0.035599
-0.535079 0.211695 -0.039653
-0.385469 -0.020087 -0.045032
-0.474095 0.037256 -0.039946
-0.557539 0.015649 -0.040208
-0.547077 0.073521 -0.038683
-0.587142 0.166020 -0.044029
-0.615567 0.202140 -0.038527
-0.595610 0.083165 -0.038235
-0.509496 -0.015868 -0.049249
-0.516504 0.172220 -0.044134
-0.489746 0.150825 -0.044816
-0.439473 0.019166 -0.048572
-0.556739 0.048887 -0.047315
-0.442183 0.117911 -0.045890
-0.623305 0.201231 -0.038751
-0.497163 0.186490 -0.035819
-0.441419 0.210516 -0.035384
-0.412021 0.062374 -0.039506
-0.514881 0.181104 -0.035897
-0.494936 -0.004473 -0.040994
-0.654489 0.161119 -0.043902
-0.400031 0.102989 -0.040369
-0.464296 0.113343 -0.045928
-0.605916 0.083925 -0.046178
-0.510320 0.187895 -0.043734
-0.595841 0.204481 -0.038774
-0.414083 0.192011 -0.043994
-0.598427 0.039673 -0.039401
-0.626730 0.165373 -0.035891
-0.400335 0.007814 -0.041027
-0.400988 -0.015039 -0.041643
-0.418633 0.198083 -0.043812
-0.515289 0.193581 -0.035558
-0.652003 0.174318 -0.035551
-0.505651 0.201699 -0.035375
-0.511203 0.156845 -0.036567
-0.643588 0.152893 -0.036163
-0.642478 -0.026671 -0.047006
-0.613973 0.023374 -0.039782
-0.594205 -0.009028 -0.048738
-0.612353 0.005728 -0.040265
-0.635565 0.029908 -0.047525
-0.434728 0.102767 -0.038325
-0.568339 0.174478 -0.035870
-0.591210 0.121169 -0.045227
-0.476906 0.144806 -0.045028
-0.562257 0.208467 -0.039235
-0.495532 -0.033230 -0.049773
-0.405476 0.104721 -0.038385
-0.632094 0.031745 -0.039485
-0.414428 0.222721 -0.043161
-0.444605 0.200562 -0.043644
-0.542457 0.024200 -0.048038
-0.634472 0.182671 -0.043396
-0.543081 -0.025362 -0.049377
-0.482672 0.106471 -0.046043
-0.623121 -0.026949 -0.041108
-0.453207 0.095886 -0.038440
-0.549837 0.130313 -0.045139
-0.456770 0.119761 -0.037781
-0.428589 0.205244 -0.043580
-0.508590 0.069290 -0.046949
-0.471754 0.004610 -0.048841
-0.581308 -0.026067 -0.049248
-0.477715 0.130587 -0.045410
-0.537408 -0.000080 -0.048715
-0.575774 0.150244 -0.044500
-0.456996 0.105040 -0.038178
-0.437832 0.096371 -0.038486
-0.459949 0.194401 -0.035749
-0.449135 0.160692 -0.044706
-0.576288 0.040992 -0.039450
-0.642896 0.100960 -0.037571
-0.563562 0.032816 -0.047724
-0.442420 0.136328 -0.045391
-0.418705 0.126498 -0.045748
-0.459411 0.013724 -0.040639
-0.642048 -0.016602 -0.040755
-0.466198 0.008897 -0.040744
-0.623406 0.097511 -0.045742
-0.443498 0.123142 -0.037740
-0.450943 0.084263 -0.038763
-0.625170 0.174099 -0.043664
-0.590740 -0.032700 -0.049391
-0.603487 0.047510 -0.047172
-0.501434 0.002064 -0.040792
-0.544313 -0.002151 -0.040741
-0.621008 0.148574 -0.044370
-0.624366 -0.034525 -0.049311
-0.587016 0.163649 -0.044094
-0.561305 0.197040 -0.043289
-0.553196 -0.030933 -0.049488
-0.533419 0.107857 -0.037807
-0.655499 0.121484 -0.036967
-0.584528 0.007435 -0.040326
-0.638664 0.011614 -0.048008
-0.523762 0.178216 -0.043944
-0.487128 0.182881 -0.043959
-0.588728 0.002403 -0.040446
-0.561634 0.060192 -0.046990
-0.441882 0.045657 -0.039843
-0.413478 0.134450 -0.045553
-0.473062 0.004109 -0.048850
-0.409206 0.010462 -0.048924
-0.546882 -0.007003 -0.040862
-0.630417 0.067273 -0.038530
-0.629712 0.145780 -0.044412
-0.453913 0.043746 -0.047851
-0.388027 0.001542 -0.043291
-0.549327 0.082909 -0.038420
-0.494121 0.216621 -0.042559
-0.541549 0.073913 -0.046697
-0.577683 0.107171 -0.045658
-0.522417 0.161014 -0.036411
-0.537268 0.069501 -0.038830
-0.522139 -0.010547 -0.049057
-0.642556 0.143882 -0.044414
-0.474002 0.048190 -0.039650
-0.513504 -0.006885 -0.040988
-0.453452 0.048013 -0.047737
-0.640209 0.145692 -0.044374
-0.474000 0.126424 -0.045537
-0.440848 0.184568 -0.036089
-0.610116 0.121974 -0.037129
-0.455247 0.177183 -0.044236
-0.479886 0.022948 -0.048314
-0.623703 0.079921 -0.046217
-0.425508 0.187644 -0.036065
-0.444338 0.194812 -0.043801
-0.452026 -0.010289 -0.049320
-0.468001 0.062963 -0.039274
-0.556145 0.141378 -0.044815
-0.441204 0.173117 -0.044400
-0.412399 0.136541 -0.045501
-0.420032 0.132363 -0.045584
-0.534297 0.162444 -0.036327
-0.477620 0.071368 -0.039009
-0.452459 0.028720 -0.048263
-0.590583 -0.023482 -0.041140
-0.505158 0.191992 -0.035640
-0.537289 0.123111 -0.037379
-0.514168 0.146996 -0.044825
-0.632428 0.020320 -0.047796
-0.502022 0.151519 -0.036747
-0.443361 0.058371 -0.039493
-0.667495 0.184770 -0.039662
-0.473435 0.194541 -0.035693
-0.527911 0.007236 -0.048553
-0.518322 -0.031398 -0.041633
-0.583708 0.194389 -0.043275
-0.510542 0.018414 -0.040315
-0.455377 0.181544 -0.036114
-0.538120 0.084767 -0.038413
-0.475535 0.195656 -0.035655
-0.448568 0.042336 -0.047910
-0.563578 0.208306 -0.039035
-0.609650 0.064018 -0.038699
-0.394857 0.014870 -0.040857
-0.481250 0.159567 -0.044612
-0.505181 0.130618 -0.037300
-0.624720 0.101593 -0.045627
-0.476789 0.027238 -0.048209
-0.389735 -0.008785 -0.049520
-0.625997 -0.049776 -0.043927
-0.569774 -0.024053 -0.041235
-0.465169 0.034199 -0.048066
-0.450241 -0.018223 -0.049542
-0.387886 -0.017797 -0.041768
-0.586832 0.026764 -0.047798
-0.509578 0.100240 -0.038105
-0.482735 0.077917 -0.046815
-0.420981 0.008916 -0.040918
-0.496079 -0.027284 -0.049610
-0.512887 0.051240 -0.047421
-0.500238 0.062272 -0.047171
-0.471052 0.013302 -0.040606
-0.596991 0.068484 -0.046630
-0.566800 0.101547 -0.045852
-0.396933 0.076788 -0.045035
-0.531585 0.117152 -0.045565
-0.580735 0.044297 -0.047347
-0.552739 0.146458 -0.036688
-0.534288 -0.015909 -0.049155
-0.614529 0.027081 -0.039679
-0.483039 0.176673 -0.044142
-0.505767 0.151581 -0.044734
-0.595156 0.184607 -0.043495
-0.652566 0.194135 -0.043016
-0.648105 0.031437 -0.047435
-0.506080 0.184566 -0.035837
-0.609664 0.168485 -0.035872
-0.519252 0.136871 -0.037077
-0.640359 0.076867 -0.038233
-0.584053 0.091535 -0.038053
-0.515767 0.090113 -0.038355
-0.545664 0.049111 -0.039349
-0.406048 0.056632 -0.039684
-0.557750 0.202813 -0.043147
-0.451281 -0.023161 -0.041668
-0.497342 -0.019823 -0.049403
-0.437826 0.047409 -0.047814
-0.516182 0.158009 -0.044519
-0.586421 0.166603 -0.036013
-0.640628 0.197096 -0.042982
-0.547137 0.110690 -0.045680
-0.408159 0.039491 -0.048143
-0.666893 0.179670 -0.043178
-0.436342 0.009889 -0.048835
-0.609224 0.034631 -0.047498
-0.587938 0.181186 -0.035613
-0.520570 -0.021581 -0.041358
-0.419092 0.071982 -0.039219
-0.646286 0.005518 -0.045119
-0.584091 0.128304 -0.045061
-0.536285 0.041765 -0.047587
-0.457645 0.134305 -0.045387
-0.542439 -0.006596 -0.040869
-0.401578 -0.018351 -0.049733
-0.614981 0.122800 -0.045091
-0.529789 0.199093 -0.035352
-0.599403 0.088184 -0.046087
-0.576672 0.058193 -0.038984
-0.577738 -0.008871 -0.048797
-0.429625 0.117672 -0.045945
-0.450454 0.131486 -0.037488
-0.439617 -0.027647 -0.046705
-0.460535 -0.014244 -0.041391
-0.663753 0.174893 -0.035490
-0.441152 0.123689 -0.037735
-0.465326 0.050421 -0.039624
-0.431826 0.032047 -0.048253
-0.543621 0.037523 -0.047673
-0.463839 0.106842 -0.046106
-0.560109 0.050738 -0.039249
-0.555279 0.168097 -0.044096
-0.479766 -0.001610 -0.040975
-0.519535 0.110441 -0.045793
-0.664662 0.160818 -0.042496
-0.542007 0.125848 -0.037287
-0.608238 0.096452 -0.045830
-0.603354 0.014608 -0.040060
-0.630558 0.047620 -0.047065
-0.629648 -0.002154 -0.048415
-0.510059 0.046718 -0.039551
-0.655335 0.170525 -0.035641
-0.650058 0.079702 -0.038118
-0.440395 -0.021330 -0.041661
-0.570360 0.064083 -0.038849
-0.516740 0.184437 -0.043802
-0.453643 0.169820 -0.036438
-0.616740 -0.047731 -0.049698
-0.604978 -0.022020 -0.049047
-0.486682 0.107676 -0.045995
-0.523541 0.203174 -0.043269
-0.656032 0.103141 -0.037461
-0.484062 0.000922 -0.040890
-0.512709 0.118288 -0.045608
-0.454383 0.145089 -0.037105
-0.498751 0.077210 -0.046773
-0.472872 0.182640 -0.036017
-0.619771 -0.004464 -0.048515
-0.573250 0.036701 -0.039578
-0.459882 0.152018 -0.044899
-0.638901 0.034652 -0.047383
-0.626594 0.019336 -0.039842
-0.476774 0.052866 -0.039513
-0.432139 0.027896 -0.048364
-0.453545 0.109757 -0.046067
-0.591687 -0.002302 -0.040562
-0.444297 0.160558 -0.044728
-0.635610 0.090736 -0.045879
-0.470556 0.063291 -0.047258
-0.572570 0.091306 -0.038104
-0.501134 0.149145 -0.036814
-0.436572 0.050247 -0.047742
-0.512477 0.143961 -0.044914
-0.466367 -0.025565 -0.041675
-0.410596 0.085009 -0.046902
-0.469391 -0.030584 -0.041799
-0.395429 0.064094 -0.041603
-0.548844 0.006068 -0.048504
-0.428405 0.156635 -0.036892
-0.533588 -0.038892 -0.042107
-0.553108 -0.017857 -0.041132
-0.427500 0.156004 -0.036913
-0.477044 0.173330 -0.036253
-0.475230 0.020580 -0.040393
-0.628490 0.175674 -0.043608
-0.517632 0.188138 -0.035696
-0.526260 -0.037989 -0.043403
-0.498596 0.071360 -0.038929
-0.586497 0.039086 -0.039463
-0.401111 -0.000139 -0.049242
-0.414474 0.221331 -0.035196
-0.556553 0.072816 -0.046669
-0.585917 0.030585 -0.047698
-0.536835 0.034024 -0.047794
-0.565486 0.175053 -0.035865
-0.525496 -0.006310 -0.048929
-0.506150 0.104630 -0.046002
-0.493211 0.020451 -0.048330
-0.625493 0.161579 -0.035998
-0.441295 0.159002 -0.036779
-0.424874 0.181785 -0.044229
-0.542160 0.049634 -0.047351
-0.614437 0.164267 -0.043971
-0.630005 0.053826 -0.038896
-0.537677 0.123685 -0.037362
-0.505286 0.025484 -0.048147
-0.616312 0.035653 -0.039440
-0.516032 0.089651 -0.046369
-0.546948 0.151403 -0.036576
-0.531445 -0.038604 -0.043367
-0.573528 -0.037487 -0.041584
-0.568818 0.148291 -0.036576
-0.515222 0.123610 -0.045454
-0.658362 0.107587 -0.041729
-0.575943 -0.038765 -0.049613
-0.587277 0.045456 -0.039287
-0.652608 0.170340 -0.035656
-0.563981 0.151956 -0.036496
-0.451792 0.106452 -0.038160
-0.422301 0.123758 -0.037805
-0.414532 0.042318 -0.048042
-0.480453 0.032022 -0.040063
-0.526800 0.188047 -0.035663
-0.642726 -0.002462 -0.040370
-0.597628 0.090213 -0.046039
-0.524318 0.188035 -0.043676
-0.554042 0.140333 -0.044852
-0.478402 -0.025851 -0.041637
-0.666550 0.182445 -0.035275
-0.538944 0.000855 -0.040680
-0.548497 0.165462 -0.036190
-0.504753 -0.004881 -0.048971
-0.463602 0.105482 -0.038140
-0.548977 0.033671 -0.047757
-0.541040 0.160827 -0.044347
-0.453315 0.196307 -0.043726
-0.544551 0.043324 -0.039510
-0.469672 0.214326 -0.043175
-0.481902 0.211696 -0.035196
-0.558169 -0.041809 -0.041807
-0.606448 -0.016838 -0.040899
-0.547396 0.194111 -0.035419
-0.541295 0.177623 -0.035889
-0.447838 0.045578 -0.039822
-0.434556 0.067258 -0.047290
-0.659586 0.117937 -0.040700
-0.565188 -0.038645 -0.049651
-0.479698 0.059634 -0.039319
-0.426432 0.087230 -0.046781
-0.643663 0.119637 -0.037063
-0.550280 -0.016418 -0.049107
-0.477775 0.068670 -0.039082
-0.647760 0.035803 -0.047318
-0.494810 0.042881 -0.047717
-0.501333 0.156539 -0.036614
-0.625210 -0.028923 -0.041153
-0.520146 0.028384 -0.048011
-0.391587 0.014244 -0.040887
-0.478800 -0.021772 -0.041525
-0.508429 0.152939 -0.044687
-0.450360 -0.006807 -0.049233
-0.592544 0.174337 -0.035780
-0.498540 0.107738 -0.045948
-0.529061 -0.015196 -0.041153
-0.401549 0.058890 -0.047643
-0.484502 0.190240 -0.043770
-0.565552 0.191667 -0.043418
-0.589618 0.119887 -0.037264
-0.622210 0.037287 -0.039373
-0.389320 0.003889 -0.049179
-0.507660 0.131974 -0.037254
-0.631075 -0.024867 -0.049024
-0.563820 0.167383 -0.044082
-0.537061 0.097125 -0.046086
-0.568247 0.047045 -0.047321
-0.514508 0.164718 -0.044344
-0.430025 0.191538 -0.035942
-0.497060 0.211265 -0.035149
-0.467891 -0.031090 -0.043145
-0.592441 0.059121 -0.038898
-0.578991 0.128046 -0.045088
-0.622324 0.155841 -0.036166
-0.545769 0.013634 -0.040308
-0.388764 0.007740 -0.047596
-0.434932 0.094718 -0.046545
-0.429768 0.171039 -0.044500
-0.636628 0.145514 -0.036390
-0.560753 0.073373 -0.046637
-0.586668 -0.022365 -0.049127
-0.529395 0.086296 -0.046409
-0.498424 0.078060 -0.038748
-0.570152 0.102087 -0.045824
-0.543243 0.128828 -0.045205
-0.577398 0.122228 -0.045251
-0.417843 0.043945 -0.047985
-0.611664 0.100669 -0.045702
-0.478091 0.097757 -0.038294
-0.450299 0.054997 -0.047561
-0.466137 0.039646 -0.047915
-0.467604 0.111682 -0.045960
-0.486422 0.048065 -0.047609
-0.552282 -0.040973 -0.046871
-0.563797 0.059419 -0.039000
-0.646900 0.196846 -0.034961
-0.582097 0.087311 -0.046178
-0.524657 0.039231 -0.047700
-0.424453 0.033642 -0.040235
-0.412931 0.074296 -0.039180
-0.409267 0.181044 -0.039941
-0.566726 0.098634 -0.037928
-0.622898 0.031251 -0.039534
-0.541433 0.168653 -0.036131
-0.651660 0.165663 -0.043790
-0.633486 0.009388 -0.048088
-0.416787 0.125744 -0.045776
-0.434090 0.110716 -0.046116
-0.622893 0.073861 -0.038381
-0.606560 0.054827 -0.046962
-0.481815 0.014582 -0.048532
-0.396798 0.016297 -0.048814
-0.480490 0.128194 -0.037461
-0.452861 0.047246 -0.039758
-0.597097 -0.021206 -0.041053
-0.600939 -0.007893 -0.048681
-0.472070 0.104863 -0.038125
-0.429625 0.118375 -0.037923
-0.619658 0.057586 -0.046837
-0.612567 0.090935 -0.045962
-0.608801 0.203016 -0.041282
-0.434879 -0.022391 -0.041711
-0.425655 -0.023986 -0.049793
-0.548325 0.179834 -0.043805
-0.661586 0.134820 -0.042848
-0.520292 0.117569 -0.045598
-0.415562 0.143636 -0.045297
-0.489556 0.046543 -0.039635
-0.522095 0.194007 -0.043523
-0.405169 0.044091 -0.048030
-0.488582 0.104250 -0.038077
-0.581830 0.097014 -0.045916
-0.658163 0.109389 -0.045287
-0.530990 0.194677 -0.035467
-0.558840 0.108440 -0.045696
-0.591373 0.012437 -0.040165
-0.601110 0.051366 -0.039074
-0.452027 0.120811 -0.045773
-0.409933 0.186657 -0.041872
-0.590905 0.160813 -0.036152
-0.433908 0.170244 -0.044506
-0.451518 0.170100 -0.044442
-0.658681 0.110280 -0.042061
-0.462218 -0.012505 -0.049341
-0.584756 0.114450 -0.037430
-0.473435 0.205753 -0.035390
-0.561890 0.206733 -0.035022
-0.563392 0.180205 -0.035734
-0.392539 -0.018075 -0.049761
-0.501556 -0.018371 -0.041345
-0.641266 0.053086 -0.038872
-0.471681 0.133165 -0.045363
-0.584116 0.118982 -0.037310
-0.532271 0.096238 -0.046129
-0.474855 0.022937 -0.048333
-0.541438 -0.039625 -0.049237
-0.583866 0.127357 -0.045088
-0.574449 -0.012226 -0.040897
-0.425629 0.207861 -0.043520
-0.401588 0.116120 -0.044632
-0.527007 0.046452 -0.039493
-0.644250 -0.007098 -0.040489
-0.421951 0.113100 -0.046098
-0.562538 0.158454 -0.044329
-0.630451 0.105781 -0.045492
-0.504787 0.059174 -0.039234
-0.472140 0.118658 -0.037751
-0.454976 0.012530 -0.040689
-0.607497 -0.013376 -0.040801
-0.597288 0.080599 -0.046301
-0.609894 0.151788 -0.036323
-0.561262 0.089799 -0.046191
-0.585024 0.133689 -0.036909
-0.417366 0.066715 -0.039368
-0.518358 0.031494 -0.039931
-0.635290 0.125102 -0.044950
-0.442242 0.052004 -0.039670
-0.510519 0.030704 -0.039983
-0.560849 0.085614 -0.046306
-0.503007 0.056275 -0.039320
-0.591553 0.012680 -0.048160
-0.462572 0.159060 -0.044698
-0.638984 0.092365 -0.037819
-0.449599 0.165154 -0.044583
-0.388837 -0.006905 -0.041470
-0.463905 0.029477 -0.040196
-0.452750 0.089088 -0.046629
-0.631946 0.055754 -0.038836
-0.554479 0.158844 -0.044349
-0.484407 0.217687 -0.039524
-0.568530 0.171710 -0.043947
-0.459793 0.219192 -0.035079
-0.563705 0.054443 -0.047138
-0.485790 0.201937 -0.035445
-0.562603 0.124115 -0.037254
-0.624283 -0.030747 -0.041206
-0.392755 0.041475 -0.046178
-0.504594 -0.024275 -0.049496
-0.522118 0.196360 -0.043459
-0.474570 -0.007177 -0.041146
-0.623387 0.061236 -0.046724
-0.585360 0.004859 -0.040393
-0.547945 0.048666 -0.047355
-0.656007 0.098237 -0.045597
-0.479425 0.132045 -0.045364
-0.456324 0.180015 -0.036152
-0.632767 0.200186 -0.041457
-0.392294 0.037588 -0.044229
-0.561487 0.104996 -0.045779
-0.413628 0.120122 -0.045940
-0.596537 0.134238 -0.044852
-0.541493 0.032574 -0.039812
-0.659439 0.133765 -0.036620
-0.537319 0.028593 -0.047939
-0.563627 0.108609 0.016186
-0.455307 0.004889 0.053702
-0.486789 0.031932 0.024770
-0.597719 0.127413 0.024165
-0.606224 0.134796 0.056768
-0.491776 0.036262 0.044530
-0.560853 0.095630 -0.002905
-0.508262 0.060899 -0.012458
-0.510487 0.052237 -0.023895
-0.601715 0.141392 0.015619
-0.506878 0.049152 -0.012858
-0.461915 0.010576 0.053604
-0.505981 0.059040 0.042604
-0.592260 0.122660 -0.004162
-0.578787 0.111175 0.054313
-0.627668 0.163757 0.029243
-0.527641 0.067107 0.031147
-0.599703 0.129188 0.059501
-0.469751 0.017181 -0.020224
-0.503208 0.056664 0.048049
-0.513813 0.065718 0.008899
-0.546943 0.094205 -0.006315
-0.636918 0.163862 0.056448
-0.544422 0.081427 -0.034281
-0.623173 0.149363 0.045259
-0.574746 0.118150 0.000636
-0.621060 0.158122 0.057184
-0.457825 0.017623 0.059485
-0.449410 -0.000292 -0.001555
-0.555576 0.098424 0.064645
-0.523975 0.074468 0.010643
-0.545078 0.082080 0.012189
-0.477678 0.034652 0.028357
-0.515866 0.057031 0.062345
-0.591093 0.121785 0.063601
-0.568649 0.102426 0.042075
-0.565840 0.110510 0.014266
-0.627832 0.163861 0.010154
-0.449444 -0.000145 0.060463
-0.471404 0.029148 -0.026198
-0.556734 0.101898 0.064644
-0.500675 0.045686 -0.034410
-0.481391 0.037849 0.028885
-0.636763 0.164098 0.010385
-0.541049 0.078682 0.049355
-0.538559 0.086937 -0.033730
-0.486461 0.042253 0.050017
-0.540676 0.081877 -0.034369
-0.574686 0.118105 0.004249
-0.503753 0.056987 -0.029231
-0.514662 0.055896 0.010501
-0.476415 0.033522 0.005774
-0.554699 0.100955 0.032288
-0.572381 0.105668 0.057622
-0.447256 0.001067 -0.009826
-0.566004 0.110589 -0.018530
-0.541825 0.080869 -0.034367
-0.567674 0.101555 0.025703
-0.467413 0.025734 -0.015148
-0.449271 0.009318 -0.034469
-0.488478 0.041164 -0.034427
-0.600447 0.129833 0.061846
-0.541489 0.078995 0.014628
-0.543828 0.091559 0.011502
-0.456168 0.005472 -0.029422
-0.636366 0.164504 0.055506
-0.568053 0.101921 0.046280
-0.575906 0.119187 0.020994
-0.575635 0.119022 0.057147
-0.469908 0.017450 0.050240
-0.444126 0.005714 -0.002194
-0.577623 0.110058 -0.006182
-0.504644 0.052291 0.064592
-0.566198 0.110898 0.056057
-0.473584 0.022975 0.064561
-0.614730 0.141951 -0.030741
-0.501963 0.044909 -0.019367
-0.450190 0.000397 0.007887
-0.516145 0.067681 -0.014613
-0.455212 0.015353 0.048520
-0.584590 0.126632 0.004914
-0.612419 0.150570 -0.003001
-0.508204 0.060821 -0.027610
-0.609282 0.147972 0.050766
-0.462689 0.021782 0.045319
-0.482874 0.028535 0.010530
-0.533913 0.072474 0.014219
-0.620550 0.147038 0.010162
-0.621172 0.151209 0.064716
-0.506909 0.049172 -0.016033
-0.474487 0.031934 0.043731
-0.529018 0.068320 0.045273
-0.543123 0.091011 0.043225
-0.535543 0.084427 0.011693
-0.544682 0.092239 -0.017448
-0.538089 0.080838 -0.034373
-0.581291 0.123876 0.048900
-0.512748 0.054177 -0.027618
-0.536709 0.074885 0.016714
-0.590492 0.131358 0.064680
-0.503265 0.046161 0.049897
-0.456372 0.005651 -0.027429
-0.546741 0.094040 -0.001956
-0.558311 0.093385 -0.032229
-0.613220 0.140801 0.047971
-0.485542 0.041360 -0.003549
-0.543913 0.081141 0.045713
-0.596569 0.126348 -0.015484
-0.604359 0.133070 -0.006872
-0.561842 0.107033 -0.004701
-0.605507 0.134070 -0.000489
-0.506525 0.048818 -0.028373
-0.462396 0.021446 0.001041
-0.451886 0.012380 -0.009320
-0.563527 0.108514 0.011448
-0.545302 0.082204 -0.023690
-0.505394 0.058418 -0.018704
-0.564281 0.109090 -0.026740
-0.455825 0.005257 0.012773
-0.546029 0.093506 0.039584
-0.550500 0.097257 -0.011622
-0.573981 0.117514 0.012346
-0.596418 0.136739 -0.033807
-0.587973 0.129139 -0.034323
-0.635021 0.166132 0.002691
-0.554456 0.090177 0.025524
-0.599694 0.129091 0.012791
-0.556050 0.091511 0.005063
-0.498863 0.052909 0.040160
-0.555370 0.090990 0.038991
-0.524540 0.064379 0.000220
-0.622273 0.148513 0.005683
-0.498432 0.041928 0.011613
-0.548809 0.095827 0.001531
-0.571919 0.115688 -0.014530
-0.526461 0.076631 0.022549
-0.465442 0.013492 -0.009765
-0.484628 0.040543 -0.019432
-0.628566 0.164451 -0.012157
-0.510269 0.062599 -0.027137
-0.480929 0.037451 0.029128
-0.568231 0.102027 0.021407
-0.475731 0.032981 0.030743
-0.489488 0.034192 -0.008182
-0.530468 0.080117 0.042278
-0.505290 0.058394 0.015739
-0.462313 0.010840 0.012013
-0.595113 0.135690 0.005625
-0.613135 0.140636 -0.000528
-0.460878 0.020214 0.040695
-0.552567 0.099102 0.023328
-0.460902 0.009572 -0.016005
-0.566875 0.100804 -0.007707
-0.453255 0.013529 -0.024778
-0.512508 0.064545 -0.017177
-0.487131 0.042751 0.009006
-0.461017 0.013700 0.064546
-0.553089 0.089012 0.031240
-0.460366 0.019742 0.023694
-0.493311 0.048116 0.032407
-0.464986 0.023684 0.005706
-0.578854 0.121662 -0.011711
-0.447028 0.008233 0.008688
-0.630263 0.166038 0.054191
-0.606683 0.135129 0.023798
-0.488258 0.033249 0.052505
-0.606735 0.135200 0.037988
-0.512097 0.053605 -0.033392
-0.472651 0.030328 0.030116
-0.563863 0.098182 -0.023052
-0.456290 0.005616 -0.008727
-0.444212 0.004533 0.048321
-0.445149 0.006690 0.048149
-0.465405 0.024110 0.040044
-0.480960 0.037449 0.013407
-0.622119 0.148434 0.034009
-0.458830 0.007792 -0.014136
-0.503759 0.046531 0.020523
-0.591878 0.122314 -0.013536
-0.609657 0.137615 -0.015161
-0.485809 0.031138 0.051000
-0.445756 0.002777 0.016427
-0.614877 0.152722 0.016094
-0.593443 0.134282 0.021116
-0.612318 0.150534 0.023840
-0.503560 0.046410 0.047276
-0.515111 0.066884 0.034423
-0.575018 0.118338 -0.023864
-0.490860 0.035374 -0.007894
-0.561183 0.106562 0.046443
-0.625728 0.162003 -0.015156
-0.613540 0.141082 0.051034
-0.501461 0.044543 0.015249
-0.486667 0.042328 -0.003711
-0.577566 0.120512 -0.033586
-0.482216 0.028012 0.033235
-0.624248 0.160759 0.000394
-0.606501 0.135041 0.060585
-0.517034 0.068572 0.051730
-0.577966 0.120892 -0.015092
-0.454424 0.004094 0.035664
-0.617794 0.144604 -0.022477
-0.495053 0.039056 0.030371
-0.604753 0.133362 -0.031207
-0.477814 0.034729 0.007504
-0.606030 0.145011 -0.034297
-0.515292 0.056509 0.047481
-0.537178 0.075207 -0.026048
-0.467759 0.015580 0.039723
-0.585591 0.116910 -0.009424
-0.451634 0.001722 0.050877
-0.564183 0.109084 0.014402
-0.555121 0.090754 0.027548
-0.510028 0.062476 0.017422
-0.525863 0.065501 -0.008941
-0.507962 0.060697 0.016639
-0.455363 0.015406 0.008182
-0.490580 0.042694 0.064576
-0.523087 0.073779 0.050295
-0.615280 0.142571 0.046386
-0.508633 0.050739 0.027330
-0.443974 0.004867 0.001149
-0.470593 0.017920 -0.012727
-0.599114 0.128618 0.026165
-0.588837 0.119727 0.002604
-0.450647 0.000875 0.052099
-0.554436 0.100757 0.047374
-0.444409 0.005917 -0.023581
-0.519989 0.071089 0.037934
-0.591206 0.121705 -0.029689
-0.515762 0.056935 0.059012
-0.633908 0.158631 0.060296
-0.499881 0.053722 0.007032
-0.538222 0.076275 0.062641
-0.585311 0.124829 -0.034324
-0.505669 0.058193 0.064590
-0.546914 0.083648 0.005782
-0.455477 0.004912 -0.011322
-0.593292 0.123557 0.000124
-0.537296 0.086014 0.052799
-0.459499 0.018887 -0.033258
-0.542368 0.090402 0.064055
-0.444385 0.004327 0.052231
-0.509715 0.062123 -0.026851
-0.467198 0.014989 -0.017341
-0.511259 0.053045 0.051494
-0.536020 0.084850 0.018119
-0.509455 0.051341 -0.028199
-0.478209 0.024535 0.018573
-0.539581 0.087817 -0.033366
-0.542852 0.089708 -0.034370
-0.625517 0.151361 0.035200
-0.609939 0.140488 -0.034295
-0.555658 0.101819 0.052592
-0.544065 0.081156 -0.015008
-0.586933 0.128693 0.028366
-0.606195 0.134727 0.033733
-0.602122 0.141777 0.033600
-0.544701 0.084086 0.064636
-0.590379 0.131691 0.045227
-0.529030 0.068312 0.035831
-0.497935 0.052033 -0.000713
-0.627262 0.163332 -0.010519
-0.636212 0.164778 -0.022134
-0.636332 0.164544 0.054708
-0.606339 0.145332 -0.005842
-0.504275 0.057427 -0.033640
-0.544881 0.092449 0.003073
-0.569770 0.113822 -0.023042
-0.542429 0.090370 0.020057
-0.501133 0.052878 0.064586
-0.541605 0.089645 0.011879
-0.558015 0.103810 0.032616
-0.581412 0.124000 0.059657
-0.486212 0.041921 -0.012031
-0.594473 0.124634 0.031734
-0.616558 0.143693 0.057991
-0.490421 0.045592 0.013313
-0.630232 0.165930 0.011591
-0.501159 0.054880 0.037615
-0.580368 0.112510 0.040811
-0.478443 0.035300 0.022812
-0.523672 0.063659 0.014025
-0.561627 0.106968 0.058439
-0.575638 0.118909 -0.003741
-0.491781 0.046791 0.028598
-0.516365 0.057372 0.015470
-0.466907 0.016746 0.064554
-0.560131 0.105683 0.060137
-0.463381 0.022357 0.034352
-0.602459 0.131566 0.062154
-0.501733 0.044821 0.038539
-0.604807 0.133457 -0.006190
-0.489309 0.044548 -0.032459
-0.457062 0.016829 -0.012105
-0.565076 0.109761 -0.034040
-0.491087 0.046145 0.002846
-0.451027 0.011733 0.039532
-0.587897 0.129074 0.064677
-0.630582 0.166288 0.041640
-0.534776 0.083824 0.041959
-0.486539 0.042214 -0.005841
-0.519711 0.070811 0.017320
-0.604329 0.133000 -0.029817
-0.624800 0.150613 -0.033765
-0.543652 0.091454 0.036505
-0.593037 0.133917 0.012874
-0.465794 0.024332 -0.019439
-0.594662 0.124688 -0.025462
-0.459588 0.019129 0.053469
-0.523034 0.073624 -0.007224
-0.521796 0.062070 0.028297
-0.504754 0.047328 -0.010812
-0.616081 0.143263 0.048062
-0.476837 0.023352 0.017533
-0.598531 0.138583 -0.020591
-0.586775 0.128550 0.024523
-0.454221 0.010396 0.064538
-0.477144 0.034123 -0.007902
-0.599607 0.139656 0.056851
-0.612354 0.140067 0.053824
-0.605920 0.134426 -0.000002
-0.468781 0.027019 0.041282
-0.565517 0.099738 0.046340
-0.472589 0.030211 -0.003355
-0.523957 0.074378 -0.028910
-0.559239 0.094264 0.009419
-0.473710 0.020618 -0.004739
-0.586330 0.117550 -0.007401
-0.505245 0.055701 -0.034409
-0.624366 0.150275 -0.015201
-0.488202 0.033149 0.025128
-0.486173 0.031432 0.040757
-0.532471 0.081833 0.038058
-0.513526 0.065469 0.008037
-0.465008 0.013109 -0.014613
-0.624814 0.161285 0.021509
-0.465737 0.023050 -0.034452
-0.540343 0.077924 -0.030001
-0.481429 0.037787 -0.020706
-0.560017 0.102331 -0.034351
-0.578463 0.121379 0.016028
-0.597687 0.137959 0.033859
-0.602073 0.141661 -0.005124
-0.634113 0.158794 0.052793
-0.541265 0.089407 0.040041
-0.492623 0.047563 0.053107
-0.451811 0.012370 0.019555
-0.454610 0.004139 -0.025248
-0.629572 0.154798 0.006683
-0.585912 0.117165 -0.020353
-0.593176 0.123452 -0.002481
-0.542613 0.090518 0.014461
-0.621578 0.158506 0.024547
-0.563595 0.108593 0.022466
-0.466228 0.014177 -0.004888
-0.622238 0.148522 0.026274
-0.509033 0.061708 0.064033
-0.507528 0.060291 -0.000277
-0.552201 0.098818 0.039059
-0.557216 0.092501 -0.001919
-0.547352 0.084132 0.062067
-0.597316 0.127117 0.050761
-0.603148 0.132000 -0.021066
-0.582910 0.114719 0.051559
-0.522465 0.063891 0.064613
-0.585254 0.116638 0.000116
-0.577398 0.109970 0.049476
-0.580400 0.112515 0.028915
-0.585830 0.117166 0.016812
-0.475106 0.021790 -0.020598
-0.505713 0.058752 0.012116
-0.613943 0.141445 0.059515
-0.543115 0.090934 0.006183
-0.535515 0.084501 0.063044
-0.564542 0.098895 0.044437
-0.603382 0.142879 0.043064
-0.547082 0.083808 0.014056
-0.531924 0.081366 0.040046
-0.583414 0.125573 -0.019293
-0.611592 0.139423 0.060418
-0.526001 0.065689 0.027893
-0.467481 0.015331 0.034247
-0.570370 0.103802 -0.013325
-0.634329 0.160303 0.064731
-0.611205 0.149508 -0.011669
-0.525842 0.076109 0.028581
-0.529177 0.078956 0.016050
-0.584195 0.115687 -0.020983
-0.443744 0.005155 -0.015057
-0.460472 0.018582 -0.034457
-0.482576 0.028335 0.040476
-0.611042 0.149344 -0.024497
-0.484590 0.030104 0.059207
-0.536932 0.075106 0.032044
-0.503932 0.057297 0.053014
-0.519576 0.070602 -0.031312
-0.478778 0.032800 0.064563
-0.608363 0.136573 0.023311
-0.623359 0.159977 0.064715
-0.523279 0.063327 0.017714
-0.502824 0.056363 0.063160
-0.521680 0.061960 0.022487
-0.556548 0.091944 0.007808
-0.636937 0.161066 -0.030212
-0.512294 0.064455 0.032129
-0.604727 0.133427 0.014454
-0.452735 0.013134 0.002739
-0.614189 0.141502 -0.022069
-0.518862 0.070105 0.030267
-0.544690 0.092256 -0.011701
-0.510927 0.052638 -0.012269
-0.588712 0.130242 0.037637
-0.526670 0.076757 -0.005605
-0.635081 0.165998 0.054830
-0.610460 0.138275 -0.031219
-0.618582 0.155882 0.000490
-0.551030 0.087127 -0.027679
-0.451365 0.001350 -0.022999
-0.555543 0.091150 0.045029
-0.457468 0.006707 0.031642
-0.494238 0.038317 0.010580
-0.476020 0.033210 0.020622
-0.508366 0.050392 -0.034327
-0.579118 0.121986 0.038437
-0.600981 0.140731 0.000534
-0.541283 0.089343 -0.001351
-0.509759 0.051729 0.038509
-0.602228 0.141757 -0.024791
-0.585140 0.116581 0.021318
-0.612754 0.140424 0.060661
-0.467504 0.025946 0.055311
-0.502651 0.045618 0.042074
-0.510476 0.062911 0.043113
-0.507017 0.049353 0.029997
-0.589233 0.130557 -0.032085
-0.587333 0.118548 0.063621
-0.564809 0.101150 0.064657
-0.492337 0.047268 0.027592
-0.557515 0.103368 0.026965
-0.458284 0.007406 0.029774
-0.544236 0.081287 -0.023998
-0.631121 0.166763 0.046946
-0.459877 0.019390 0.060274
-0.480461 0.026498 0.031296
-0.632868 0.157694 0.038122
-0.539013 0.076839 0.001580
-0.476458 0.033527 -0.010814
-0.513102 0.065183 0.049171
-0.518216 0.069578 0.046065
-0.524248 0.074732 0.025656
-0.627402 0.152954 0.019418
-0.451427 0.001487 0.020709
-0.444122 0.004677 0.015779
-0.454431 0.004003 -0.015548
-0.570966 0.115012 0.061436
-0.544872 0.081934 0.028564
-0.542925 0.090879 0.063484
-0.540923 0.089001 -0.018565
-0.559951 0.094832 -0.013935
-0.605098 0.133671 -0.024760
-0.485121 0.041026 0.011372
-0.624450 0.154777 -0.034281
-0.547593 0.094848 0.037225
-0.553942 0.089670 -0.008796
-0.622651 0.159459 0.040047
-0.446635 0.001727 0.041073
-0.550155 0.091607 0.064640
-0.473004 0.030519 -0.029647
-0.633632 0.167707 0.033798
-0.568341 0.112734 0.051593
-0.525590 0.075851 0.006790
-0.497010 0.051334 0.050578
-0.593080 0.123453 0.040961
-0.510586 0.062956 0.017405
-0.499994 0.043358 0.056431
-0.509789 0.062179 -0.030755
-0.470129 0.028142 0.022066
-0.594066 0.124341 0.062327
-0.576338 0.108951 -0.007028
-0.562960 0.100084 0.064655
-0.471420 0.028176 0.064554
-0.480345 0.037008 0.060360
-0.549194 0.096212 0.030062
-0.478345 0.024733 0.061354
-0.488827 0.033742 0.054367
-0.543991 0.081162 0.021523
-0.563642 0.108593 0.001332
-0.637097 0.163683 0.032880
-0.626441 0.152196 0.055794
-0.506993 0.059936 0.055384
-0.589159 0.130577 0.011847
-0.603942 0.143245 -0.018187
-0.577177 0.109711 0.013199
-0.616461 0.154050 -0.002596
-0.537053 0.085667 -0.019820
-0.522572 0.073211 -0.015669
-0.558401 0.104118 0.020090
-0.599556 0.139580 0.039909
-0.453060 0.013388 -0.010411
-0.549704 0.086154 0.060975
-0.537507 0.075604 0.033599
-0.604897 0.144006 -0.034305
-0.483202 0.028915 0.061997
-0.561900 0.107205 0.059569
-0.451341 0.001367 -0.003108
-0.470422 0.017903 0.055800
-0.504534 0.057665 -0.026201
-0.613768 0.151817 0.042152
-0.464585 0.012759 -0.007103
-0.520291 0.071237 -0.021016
-0.493703 0.037800 -0.018857
-0.517202 0.058168 0.055635
-0.500072 0.043440 0.064406
-0.585697 0.127651 0.040440
-0.480101 0.026071 -0.030347
-0.478600 0.035459 0.035561
-0.445776 0.007168 0.015626
-0.617376 0.144297 0.005308
-0.476216 0.033379 0.020915
-0.609469 0.139500 -0.034295
-0.539600 0.087858 -0.020662
-0.615098 0.142404 0.040668
-0.540050 0.088402 0.062136
-0.450073 0.010946 0.057554
-0.610924 0.149288 -0.000397
-0.458829 0.007808 -0.005494
-0.525814 0.068788 -0.034385
-0.606614 0.135121 0.051127
-0.569335 0.103035 0.052393
-0.479902 0.036450 -0.033028
-0.460934 0.020197 0.006092
-0.595142 0.126058 -0.034310
-0.571070 0.114995 0.005140
-0.632022 0.167398 -0.027027
-0.445333 0.003217 0.059108
-0.533483 0.072642 -0.034375
-0.620076 0.157137 -0.015488
-0.465681 0.013779 0.033184
-0.549071 0.085463 -0.016051
-0.516667 0.057643 0.021013
-0.453018 0.011870 0.064535
-0.515159 0.056376 0.037710
-0.443829 0.005060 -0.018706
-0.446971 0.001378 0.006808
-0.577764 0.120791 0.023550
-0.555344 0.101559 0.057928
-0.479574 0.025775 0.053051
-0.528800 0.068152 0.055828
-0.554941 0.090573 0.013859
-0.629492 0.154757 0.021568
-0.525550 0.075923 0.062780
-0.531858 0.081178 -0.029198
-0.554214 0.100503 0.014064
-0.608123 0.146702 0.064699
-0.584689 0.116204 0.027362
-0.530542 0.069668 0.064622
-0.568137 0.112573 0.059333
-0.533067 0.082314 0.020912
-0.455913 0.005424 0.060965
-0.551723 0.087722 -0.029095
-0.531855 0.070757 0.043003
-0.596423 0.136808 0.000360
-0.548645 0.095696 0.007241
-0.564903 0.099148 0.013941
-0.623208 0.159837 -0.013011
-0.546250 0.085756 0.064637
-0.454440 0.003985 -0.029161
-0.458078 0.016880 -0.034460
-0.497296 0.040878 -0.026544
-0.550577 0.097306 -0.020688
-0.565446 0.110250 0.055527
-0.535255 0.073614 0.005991
-0.536769 0.074840 -0.034300
-0.516812 0.068330 0.025063
-0.448481 -0.000383 0.012073
-0.481549 0.027311 -0.033157
-0.530028 0.069100 -0.001805
-0.615007 0.142300 0.027661
-0.482206 0.027965 0.013381
-0.516837 0.068327 0.012282
-0.637993 0.162632 0.040507
-0.588785 0.130203 -0.015678
-0.544346 0.092042 0.031806
-0.606318 0.136135 -0.034298
-0.526173 0.072298 -0.034386
-0.467137 0.025583 0.030527
-0.565657 0.099711 -0.031116
-0.549970 0.096770 -0.027829
-0.568907 0.113092 -0.016444
-0.595521 0.135985 -0.024002
-0.549613 0.085922 -0.019922
-0.602662 0.142131 -0.024305
-0.587816 0.129385 -0.007484
-0.535849 0.084657 -0.005876
-0.571321 0.115311 0.058281
-0.594640 0.135236 -0.019112
-0.579530 0.111789 0.041245
-0.496298 0.040185 0.060634
-0.628853 0.154174 0.004346
-0.590493 0.121198 0.026716
-0.489111 0.044503 0.033441
-0.448535 0.009598 0.044362
-0.451260 0.001424 0.063404
-0.584199 0.115806 0.039613
-0.475852 0.033110 0.044083
-0.494715 0.041110 -0.034417
-0.604227 0.143483 -0.021557
-0.549484 0.096388 -0.008606
-0.511077 0.059217 0.064598
-0.608647 0.136829 0.028981
-0.477901 0.034768 -0.011616
-0.467798 0.015552 0.006893
-0.553628 0.089521 0.055147
-0.560282 0.095214 0.037182
-0.556384 0.102313 -0.016117
-0.584658 0.116173 0.025136
-0.605052 0.133706 0.013919
-0.582178 0.124481 -0.034211
-0.584329 0.115879 0.019401
-0.462879 0.021953 0.049082
-0.485531 0.041394 0.019176
-0.496094 0.039889 -0.002477
-0.572582 0.105835 0.054657
-0.574624 0.107559 0.037057
-0.622580 0.159315 -0.003654
-0.595483 0.125434 -0.004493
-0.523817 0.074292 -0.010497
-0.522305 0.062509 0.028237
-0.522669 0.062752 -0.008730
-0.458185 0.007218 -0.024277
-0.611077 0.138850 -0.007768
-0.473379 0.030995 0.051220
-0.513507 0.054825 -0.029638
-0.590817 0.121382 -0.023529
-0.506970 0.059899 0.045880
-0.487893 0.032836 0.000472
-0.586005 0.117222 -0.033000
-0.504109 0.046835 0.022124
-0.489083 0.044425 0.005313
-0.477821 0.030234 -0.034437
-0.460969 0.020210 -0.002644
-0.471002 0.019692 0.064558
-0.621114 0.158039 -0.011016
-0.457409 0.017237 0.045366
-0.635437 0.165588 0.051498
-0.547641 0.089024 0.064638
-0.585381 0.116791 0.022726
-0.456057 0.005481 0.026075
-0.583101 0.125387 0.024110
-0.478028 0.034911 0.006109
-0.489083 0.033850 -0.004783
-0.523479 0.063454 -0.005871
-0.464986 0.013156 0.020009
-0.453812 0.003541 0.021489
-0.467670 0.026068 0.044506
-0.496785 0.040501 0.006295
-0.472673 0.019895 -0.034439
-0.617664 0.144651 0.060858
-0.600629 0.140399 -0.015063
-0.474769 0.032116 0.011495
-0.615771 0.153505 0.023161
-0.626971 0.163143 0.022140
-0.508062 0.050192 -0.002115
-0.614798 0.142137 0.036629
-0.537138 0.075208 -0.007758
-0.512094 0.062390 -0.034402
-0.446873 0.001505 -0.003921
-0.446694 0.007914 -0.007997
-0.628012 0.164068 0.037121
-0.465981 0.024562 0.017180
-0.560580 0.106038 0.043386
-0.602752 0.134556 0.064697
-0.476695 0.033782 0.015886
-0.526035 0.076201 -0.010641
-0.465125 0.023771 -0.011858
-0.585674 0.117092 0.048586
-0.635037 0.166076 0.033511
-0.626037 0.151769 0.014346
-0.532568 0.071294 0.002655
-0.555049 0.101239 0.023260
-0.563385 0.097911 0.050424
-0.611504 0.149832 0.023134
-0.556264 0.091744 0.030973
-0.451989 0.012553 0.035387
-0.461072 0.020324 0.010244
-0.482000 0.027781 0.009727
-0.555766 0.091219 -0.019766
-0.446500 0.007739 -0.012001
-0.515470 0.056554 -0.009018
-0.512757 0.064808 0.008704
-0.618546 0.155837 -0.007016
-0.547674 0.094926 0.041425
-0.488204 0.043686 0.014605
-0.462441 0.010927 -0.000328
-0.507212 0.051826 -0.034404
-0.491722 0.046721 0.018106
-0.514445 0.066291 0.024095
-0.567603 0.111972 -0.014748
-0.482183 0.027896 -0.012691
-0.614761 0.142047 0.005455
-0.600460 0.140315 0.017071
-0.463169 0.022115 0.003083
-0.454988 0.015102 0.017764
-0.601030 0.130170 -0.024630
-0.512460 0.054052 0.037178
-0.576645 0.109256 0.014793
-0.466966 0.014833 0.005632
-0.564262 0.109070 -0.028953
-0.574620 0.107540 -0.034331
-0.581898 0.124415 0.057793
-0.567597 0.101378 -0.032640
-0.609225 0.147859 0.017296
-0.512099 0.064199 -0.014060
-0.593504 0.134417 0.064215
-0.443811 0.005407 -0.021093
-0.454184 0.014385 0.005180
-0.454125 0.014409 0.044192
-0.633408 0.158105 0.009602
-0.632841 0.168158 0.002358
-0.488709 0.044170 0.040410
-0.523372 0.068189 0.064612
-0.443818 0.005483 0.015958
-0.633768 0.158489 0.048867
-0.513226 0.065196 0.000093
-0.504025 0.046707 -0.007188
-0.536883 0.075013 0.005464
-0.512875 0.054409 0.037436
-0.596602 0.137038 0.040481
-0.586253 0.128096 0.022329
-0.613213 0.151372 0.059043
-0.492789 0.037153 0.054939
-0.503631 0.056875 -0.032287
-0.616795 0.143909 0.064292
-0.597775 0.127419 0.001800
-0.508317 0.050392 -0.012245
-0.594664 0.124727 -0.005796
-0.460242 0.019563 -0.014260
-0.582883 0.114657 0.031480
-0.496166 0.050617 0.055918
-0.545017 0.081999 -0.002718
-0.565260 0.110098 0.059990
-0.574003 0.117632 0.064169
-0.549088 0.085583 0.039219
-0.464146 0.023024 0.038815
-0.555557 0.091048 -0.015446
-0.616879 0.154463 0.025280
-0.507994 0.060650 -0.022228
-0.623143 0.149327 0.039714
-0.565215 0.099409 0.010092
-0.519114 0.070325 0.032380
-0.495241 0.039174 0.007369
-0.536668 0.085350 -0.011869
-0.543752 0.091410 -0.032137
-0.529383 0.068527 -0.010822
-0.573811 0.117308 -0.018779
-0.544584 0.092169 -0.009191
-0.499397 0.053301 0.004845
-0.495003 0.038955 0.000025
-0.457229 0.017096 0.052387
-0.600355 0.129751 0.060215
-0.531779 0.081233 0.035614
-0.566514 0.100478 -0.015843
-0.614487 0.141769 -0.016448
-0.575214 0.118496 -0.029183
-0.618006 0.155481 0.050474
-0.568990 0.102665 0.013860
-0.552554 0.088493 0.000477
-0.503079 0.056483 0.011523
-0.587851 0.129537 0.056818
-0.544006 0.091640 -0.026163
-0.582010 0.124476 0.039369
-0.517770 0.058588 0.019274
-0.573094 0.106177 0.002612
-0.556303 0.091833 0.059873
-0.529467 0.079255 0.041829
-0.472251 0.029942 0.008235
-0.507657 0.049816 -0.016092
-0.536332 0.082294 -0.034376
-0.497615 0.041325 0.063753
-0.582717 0.125009 -0.000231
-0.496699 0.050950 -0.010598
-0.520035 0.060579 0.041062
-0.611415 0.139211 0.028552
-0.629026 0.154298 -0.009131
-0.566073 0.110644 -0.020650
-0.626384 0.152086 0.023596
-0.445883 0.007321 0.047674
-0.538613 0.087141 0.049219
-0.466044 0.014109 0.042238
-0.459915 0.008731 -0.011288
-0.444987 0.003724 -0.026097
-0.454526 0.014696 0.013791
-0.479256 0.035938 -0.009236
-0.449520 0.005625 0.064533
-0.459237 0.018771 0.024286
-0.623207 0.149314 0.004120
-0.571081 0.104446 0.003395
-0.563780 0.098219 0.033748
-0.539836 0.077611 0.035040
-0.563933 0.108957 0.060770
-0.503549 0.056810 -0.029275
-0.475580 0.032893 0.053206
-0.536361 0.085047 -0.032959
-0.521842 0.072689 0.040916
-0.478283 0.024619 0.029308
-0.630503 0.155532 -0.028318
-0.603603 0.142936 -0.027412
-0.524979 0.064838 0.042947
-0.477269 0.023657 -0.017389
-0.473085 0.026001 0.064558
-0.454233 0.014413 -0.002466
-0.573937 0.117437 -0.008349
-0.589128 0.125989 -0.034319
-0.486970 0.031981 -0.031400
-0.534173 0.083330 0.055108
-0.544192 0.091802 -0.025393
-0.634151 0.158829 0.053848
-0.550161 0.086374 -0.030478
-0.465597 0.024158 -0.021687
-0.533873 0.072511 0.051684
-0.620555 0.157621 0.021821
-0.544882 0.092457 0.007213
-0.476173 0.022829 0.043185
-0.494118 0.038284 0.047760
-0.628944 0.154338 0.049115
-0.450591 0.000814 0.045523
-0.494036 0.038151 0.014956
-0.468451 0.016165 0.034196
-0.633073 0.157832 0.018048
-0.524310 0.074842 0.056011
-0.524669 0.064431 -0.030786
-0.588227 0.119200 0.001430
-0.495848 0.050239 0.000874
-0.483816 0.039863 -0.009287
-0.524952 0.064687 -0.024624
-0.614902 0.143050 -0.034289
-0.492118 0.036438 -0.017783
-0.445734 0.002765 0.047488
-0.501621 0.049213 -0.034411
-0.466253 0.024772 0.004305
-0.476623 0.023124 -0.005934
-0.596789 0.137123 0.000375
-0.619067 0.145746 0.001635
-0.589272 0.120217 0.063482
-0.560679 0.095463 -0.011666
-0.474901 0.032221 0.006906
-0.598080 0.138221 -0.006610
-0.479040 0.025292 0.040346
-0.553952 0.089667 -0.014464
-0.580021 0.112199 0.034326
-0.484035 0.029615 0.053052
-0.616750 0.143765 0.008500
-0.584109 0.126226 0.009544
-0.625526 0.161880 0.011483
-0.577585 0.110006 -0.016606
-0.576854 0.119916 -0.024989
-0.510434 0.052301 0.033200
-0.609196 0.147763 -0.020452
-0.559978 0.094921 0.020539
-0.586480 0.128194 -0.028735
-0.569517 0.113618 -0.016249
-0.548227 0.084805 0.019722
-0.636286 0.164635 0.024929
-0.635344 0.165781 -0.018013
-0.463869 0.022817 0.055633
-0.530657 0.069746 0.053838
-0.624983 0.161439 0.025257
-0.599539 0.129011 0.040423
-0.617403 0.154913 0.024654
-0.491100 0.046212 0.032361
-0.628254 0.153715 0.033794
-0.602083 0.131096 -0.014512
-0.556044 0.102000 -0.027119
-0.542589 0.079951 0.018970
-0.546483 0.083347 0.042506
-0.490416 0.035101 0.049388
-0.602803 0.142340 0.021557
-0.545498 0.082467 0.025483
-0.445962 0.007357 0.030674
-0.499534 0.042944 0.046623
-0.590688 0.131972 0.052869
-0.522997 0.073622 0.008564
-0.492851 0.046133 -0.034423
-0.557399 0.103330 0.059170
-0.530060 0.069071 -0.030770
-0.628095 0.164028 -0.021523
-0.533189 0.071909 0.044951
-0.497880 0.051989 0.000918
-0.581992 0.124408 0.011646
-0.516064 0.057128 0.023581
-0.478443 0.035297 0.021197
-0.490878 0.035377 -0.014168
-0.491379 0.046457 0.034691
-0.529004 0.078791 0.007488
-0.621273 0.158145 -0.027291
-0.546678 0.083431 -0.001869
-0.598285 0.127971 0.061370
-0.499222 0.053189 0.024808
-0.573349 0.116894 -0.027847
-0.607808 0.136099 0.024992
-0.453266 0.013596 0.005443
-0.587684 0.129237 -0.025471
-0.572362 0.116039 -0.030037
-0.555956 0.091396 -0.012381
-0.595832 0.125757 0.007456
-0.522736 0.073494 0.059127
-0.570219 0.114359 0.056178
-0.621563 0.158453 0.003409
-0.493619 0.048359 0.020964
-0.571289 0.109649 -0.034338
-0.498231 0.041838 0.055031
-0.482620 0.038943 0.047662
-0.616678 0.151481 -0.034291
-0.546579 0.093858 -0.024527
-0.473245 0.030798 0.008371
-0.622008 0.148248 -0.013872
-0.592208 0.122716 0.048513
-0.547908 0.084579 0.045030
-0.519134 0.059708 -0.009159
-0.470875 0.028854 0.058609
-0.635499 0.165595 -0.012918
-0.551357 0.098114 0.051201
-0.623166 0.157879 0.064716
-0.445685 0.002922 -0.032830
-0.548110 0.084763 0.050871
-0.556709 0.092080 0.006180
-0.578225 0.110673 0.044609
-0.474509 0.031858 -0.006346
-0.523261 0.063216 -0.032344
-0.633591 0.158180 -0.033253
-0.530637 0.069585 -0.021659
-0.564301 0.098635 0.016981
-0.628622 0.164621 0.051849
-0.495184 0.049611 -0.028932
-0.596796 0.126611 0.020273
-0.620453 0.146989 0.028343
-0.594677 0.124726 -0.034310
-0.593589 0.123835 0.011994
-0.449766 0.010551 -0.011493
-0.511422 0.053147 0.031556
-0.607102 0.135427 -0.008978
-0.455921 0.005405 0.047360
-0.472530 0.019728 0.061172
-0.628548 0.154001 0.051649
-0.631095 0.156208 0.058971
-0.619712 0.156953 0.052784
-0.545049 0.092708 0.063287
-0.562180 0.096828 0.026936
-0.468304 0.015909 -0.034042
-0.563010 0.108083 0.018884
-0.618059 0.155377 -0.028084
-0.459642 0.008634 0.060848
-0.567638 0.111980 -0.026528
-0.474113 0.021005 0.016416
-0.467143 0.025494 -0.019168
-0.581050 0.123620 0.023697
-0.613170 0.151185 -0.019713
-0.629429 0.165161 -0.029404
-0.623456 0.160167 0.047797
-0.564580 0.098949 0.056044
-0.575544 0.108348 0.035586
-0.582464 0.124825 0.016979
-0.563953 0.103485 0.064655
-0.529523 0.068694 0.013798
-0.447763 0.008910 0.032188
-0.563506 0.097951 0.017200
-0.548861 0.095829 -0.021024
-0.512437 0.054029 0.035701
-0.519789 0.060955 -0.034390
-0.513447 0.065383 -0.001304
-0.483226 0.028887 0.036610
-0.524737 0.075123 0.010253
-0.528359 0.078257 0.018838
-0.593141 0.133976 -0.003368
-0.514679 0.066517 0.036841
-0.560716 0.095626 0.057083
-0.520356 0.060828 0.026952
-0.477400 0.023741 -0.032733
-0.521243 0.072162 0.034340
-0.488123 0.043618 0.015571
-0.582218 0.114008 -0.008883
-0.605966 0.134487 0.010786
-0.574230 0.117740 0.018826
-0.575375 0.108072 -0.033201
-0.514320 0.055532 -0.026213
-0.493608 0.037749 -0.002756
-0.604604 0.143872 0.011852
-0.575181 0.107935 -0.017182
-0.618262 0.155649 0.022838
-0.618789 0.156060 0.000897
-0.517248 0.058125 0.012231
-0.630005 0.155094 -0.033376
-0.484328 0.040273 -0.025703
-0.498624 0.052583 -0.023382
-0.534443 0.083509 0.026783
-0.495790 0.039714 0.042849
-0.498828 0.052865 0.032578
-0.582069 0.124509 0.030242
-0.525111 0.075449 0.012307
-0.516479 0.067961 -0.018452
-0.454571 0.014824 0.060781
-0.628342 0.164298 0.008706
-0.578467 0.121399 0.024823
-0.477455 0.034512 0.055907
-0.475791 0.032989 0.008225
-0.508740 0.050781 0.000968
-0.583378 0.115115 0.048351
-0.463411 0.011847 0.044440
-0.510859 0.052627 0.012756
-0.468023 0.015728 -0.002360
-0.463880 0.012212 0.024550
-0.570610 0.114593 0.002230
-0.502404 0.045434 0.057221
-0.455190 0.005137 -0.034458
-0.621022 0.155541 0.064714
-0.456457 0.005862 0.045142
-0.498323 0.041883 0.036589
-0.603606 0.142929 -0.032549
-0.475882 0.032993 -0.030912
-0.484249 0.029773 0.039045
-0.600977 0.139552 0.064692
-0.486601 0.042318 0.021047
-0.469989 0.023617 0.064555
-0.494931 0.049436 -0.006258
-0.552333 0.098834 -0.012342
-0.505570 0.048135 0.044284
-0.601618 0.130732 0.004374
-0.622642 0.148793 -0.014120
-0.575548 0.108252 -0.016439
-0.596694 0.126484 -0.000496
-0.557450 0.092651 -0.028865
-0.540215 0.077865 -0.003093
-0.510925 0.052651 -0.004493
-0.458746 0.018273 -0.015335
-0.505051 0.058140 -0.009860
-0.533150 0.071798 0.004190
-0.507843 0.050063 0.029424
-0.480493 0.037080 0.031388
-0.535193 0.084164 0.031433
-0.553506 0.093109 -0.034356
-0.575561 0.118790 -0.031630
-0.497131 0.040895 0.056910
-0.540817 0.078469 0.042118
-0.597228 0.126920 -0.012841
-0.532010 0.081313 -0.026789
-0.572192 0.105482 0.045811
-0.591802 0.132821 -0.004715
-0.521901 0.062212 0.055069
-0.474351 0.021194 0.008152
-0.577035 0.109662 0.051794
-0.525659 0.067573 -0.034384
-0.512005 0.064081 -0.033623
-0.458074 0.007277 0.057351
-0.484861 0.030296 0.037476
-0.612875 0.151045 0.040137
-0.582611 0.114403 0.020605
-0.501829 0.044768 -0.033131
-0.498779 0.052872 0.058330
-0.456572 0.016475 0.022943
-0.622947 0.149160 0.041187
-0.592346 0.122767 0.012862
-0.454828 0.004357 -0.009245
-0.491154 0.046157 -0.020825
-0.480676 0.026691 0.035823
-0.636092 0.164886 0.003771
-0.637609 0.161646 -0.029766
-0.549908 0.096779 0.005054
-0.502399 0.055942 0.034662
-0.498501 0.042085 0.062684
-0.555393 0.090919 -0.008536
-0.479657 0.036250 -0.026685
-0.499680 0.043025 0.023025
-0.593696 0.134442 -0.009275
-0.563493 0.097887 -0.010425
-0.564852 0.109749 0.061298
-0.560963 0.106298 0.006569
-0.496829 0.051137 0.028457
-0.481894 0.038313 0.045441
-0.561719 0.106992 0.029426
-0.540596 0.078250 0.026994
-0.619845 0.146374 -0.019963
-0.528202 0.067591 0.031846
-0.632130 0.167655 0.059368
-0.522639 0.062749 0.003704
-0.468469 0.026701 0.016022
-0.500383 0.043521 -0.033936
-0.516163 0.057128 -0.021366
-0.524415 0.074838 0.005711
-0.546484 0.083226 -0.021652
-0.552682 0.099244 0.045207
-0.618854 0.156144 0.015664
-0.615523 0.142748 0.029112
-0.611411 0.149704 -0.002149
-0.572848 0.116599 0.044178
-0.494205 0.040383 0.064583
-0.575536 0.118951 0.064385
-0.496667 0.040492 0.055256
-0.513599 0.054976 0.007408
-0.576678 0.119889 0.040541
-0.483859 0.039927 0.005092
-0.481793 0.038243 0.054086
-0.593530 0.134264 -0.027637
-0.578161 0.121182 0.049573
-0.617002 0.144011 0.024126
-0.508531 0.061115 -0.020952
-0.585523 0.127200 -0.034325
-0.542177 0.079665 0.055255
-0.451600 0.005898 -0.034464
-0.522562 0.062763 0.045796
-0.576139 0.108754 -0.020118
-0.596908 0.137169 -0.029543
-0.534584 0.073065 0.021612
-0.463788 0.012201 0.060068
-0.597073 0.137448 0.042793
-0.621238 0.147593 -0.009432
-0.476148 0.022807 0.043021
-0.557695 0.103564 0.048310
-0.534558 0.083650 0.048806
-0.618867 0.145528 -0.022214
-0.451509 0.001512 -0.003331
-0.449020 0.009934 0.001439
-0.469810 0.017287 0.008499
-0.540779 0.078386 0.015386
-0.456260 0.016117 -0.023899
-0.445341 0.006765 0.000780
-0.554350 0.100680 0.045706
-0.578323 0.121246 0.009774
-0.634464 0.159069 0.038654
-0.533193 0.071861 0.017982
-0.464965 0.023654 -0.000686
-0.459677 0.019106 0.001198
-0.603649 0.132570 0.051676
-0.483021 0.028719 0.040391
-0.609408 0.147926 -0.030867
-0.516279 0.058300 -0.034393
-0.593671 0.134486 0.025070
-0.549685 0.096630 0.027245
-0.570747 0.114819 0.058751
-0.618473 0.155778 -0.004554
-0.490284 0.038003 -0.034422
-0.489997 0.034611 -0.018604
-0.511923 0.053559 0.020927
-0.521389 0.061773 0.056258
-0.624520 0.160970 -0.011844
-0.539486 0.087794 -0.002581
-0.515191 0.066910 0.012117
-0.451729 0.001734 0.014345
-0.607902 0.146668 -0.010144
-0.477943 0.034842 0.008361
-0.603954 0.132813 0.041767
-0.465051 0.023705 -0.012902
-0.524778 0.075244 0.055314
-0.598891 0.128444 0.035721
-0.565992 0.100097 0.020087
-0.483681 0.039767 0.000712
-0.452039 0.012554 0.013195
-0.568930 0.113138 -0.002281
-0.509892 0.062425 0.052482
-0.602067 0.141686 0.010959
-0.619174 0.156460 0.036950
-0.609126 0.137225 0.020762
-0.478825 0.035703 0.062175
-0.573072 0.106179 0.013959
-0.550620 0.086807 -0.010860
-0.635591 0.160034 0.035884
-0.517415 0.058341 0.049695
-0.595397 0.125370 0.000639
-0.618464 0.145164 -0.031421
-0.444158 0.005804 0.030628
-0.525420 0.075777 0.044936
-0.593487 0.123774 0.025973
-0.536557 0.085254 -0.012914
-0.519921 0.060356 -0.024844
-0.603677 0.143100 0.026010
-0.520758 0.071621 -0.030525
-0.635652 0.160033 0.008045
-0.625207 0.151046 0.009799
-0.562741 0.107766 -0.025884
-0.630435 0.166029 -0.028554
-0.523770 0.074257 -0.007855
-0.605784 0.144820 -0.023509
-0.587267 0.128959 0.017234
-0.445537 0.007042 0.057402
-0.632379 0.167867 0.058337
-0.564645 0.109577 0.064236
-0.479263 0.025448 0.021837
-0.459580 0.008431 -0.017950
-0.551815 0.098364 -0.024954
-0.534549 0.082168 0.064621
-0.562206 0.096825 0.013210
-0.483280 0.039383 -0.019337
-0.470143 0.028197 0.044590
-0.477770 0.034720 0.022765
-0.595363 0.125337 -0.001062
-0.528543 0.078496 0.061255
-0.635329 0.165788 -0.009035
-0.579553 0.120988 -0.034331
-0.464226 0.023128 0.057604
-0.637913 0.162755 0.015795
-0.625517 0.161881 0.016096
-0.540517 0.078213 0.043173
-0.491518 0.046500 -0.005826
-0.536586 0.074751 0.002111
-0.555613 0.091087 -0.020129
-0.443691 0.005191 0.005094
-0.540577 0.088703 -0.018494
-0.619812 0.156940 0.000279
-0.493743 0.037836 -0.017888
-0.637027 0.163809 -0.004266
-0.580052 0.112228 0.035462
-0.623538 0.149610 0.010068
-0.472280 0.019499 0.053643
-0.559808 0.105297 0.003041
-0.507819 0.060526 -0.007910
-0.634178 0.158843 0.049192
-0.591383 0.121964 0.026404
-0.544723 0.081807 0.029521
-0.549849 0.086186 0.011718
-0.517161 0.057978 -0.025975
-0.633540 0.167806 0.040161
-0.534286 0.083327 0.002138
-0.624768 0.150621 -0.014993
-0.484253 0.040270 0.006536
-0.538217 0.086657 -0.026370
-0.638262 0.162372 -0.001175
-0.447875 0.009042 0.050998
-0.454902 0.015072 0.041642
-0.508073 0.052213 -0.034403
-0.519159 0.059795 0.025037
-0.515190 0.056363 0.017111
-0.527990 0.067414 0.034473
-0.586972 0.118128 0.005988
-0.612557 0.150784 0.047432
-0.504738 0.047340 0.002745
-0.496058 0.050464 0.023678
-0.448920 0.009854 0.004701
-0.609135 0.137214 0.011045
-0.635123 0.163565 0.064731
-0.477542 0.023977 0.027035
-0.631115 0.166610 -0.030526
-0.618352 0.145240 0.059526
-0.532876 0.071501 -0.027467
-0.569043 0.113282 0.022461
-0.564290 0.098623 0.015960
-0.446833 0.001572 -0.020266
-0.444239 0.005788 -0.014746
-0.471346 0.029207 0.031123
-0.631052 0.166562 -0.027041
-0.549712 0.096692 0.048244
-0.634997 0.159425 -0.015820
-0.613781 0.151764 0.008557
-0.600518 0.140364 0.016937
-0.617561 0.144561 0.060605
-0.574005 0.117618 0.056067
-0.550339 0.097240 0.052511
-0.626509 0.152131 -0.009214
-0.443601 0.005279 0.019120
-0.550303 0.086568 0.007453
-0.472079 0.019241 0.009769
-0.542078 0.090070 0.021027
-0.493334 0.037464 -0.028868
-0.464497 0.023374 0.063974
-0.455348 0.004940 0.061649
-0.478589 0.024831 0.002278
-0.615338 0.153032 -0.029548
-0.636224 0.160551 0.021188
-0.617066 0.154592 0.008888
-0.570225 0.114231 -0.014077
-0.518725 0.069967 0.020085
-0.504835 0.047403 -0.008008
-0.528338 0.078274 0.036880
-0.608347 0.147131 0.031532
-0.607923 0.136152 0.000699
-0.483304 0.039401 -0.020995
-0.628353 0.164351 0.031543
-0.496964 0.040742 0.052457
-0.537108 0.085831 0.041718
-0.449508 0.010319 -0.016883
-0.488132 0.043685 0.046414
-0.499832 0.043186 0.039004
-0.594100 0.134879 0.037775
-0.443807 0.005477 0.017768
-0.483237 0.039332 -0.026712
-0.510605 0.062979 0.020247
-0.520877 0.061214 -0.006041
-0.571966 0.115821 0.034009
-0.455672 0.015756 0.052513
-0.606572 0.134935 -0.027660
-0.457996 0.017727 0.036974
-0.622638 0.159336 -0.018902
-0.634624 0.166530 0.053992
-0.496985 0.051228 0.005671
-0.596297 0.136697 -0.001021
-0.471497 0.018787 0.034202
-0.469063 0.027133 -0.026411
-0.477518 0.023873 -0.017028
-0.568175 0.101957 0.010461
-0.449227 0.010164 0.028834
-0.632432 0.157257 0.005498
-0.590820 0.132055 0.037516
-0.489128 0.033960 0.032600
-0.454664 0.014780 -0.004533
-0.539552 0.077351 0.026710
-0.581427 0.123943 0.022898
-0.451889 0.001786 -0.031000
-0.528027 0.067372 -0.004478
-0.560441 0.095234 -0.024193
-0.612347 0.140409 -0.034291
-0.524671 0.064522 0.016271
-0.540809 0.078459 0.040322
-0.498206 0.041727 0.007801
-0.487525 0.032476 -0.022304
-0.518736 0.069944 0.002715
-0.476834 0.033886 0.007516
-0.491838 0.036227 -0.001919
-0.590664 0.131881 0.016548
-0.462614 0.011033 -0.023128
-0.447267 0.001031 0.009522
-0.454697 0.004206 -0.029378
-0.570378 0.103954 0.062965
-0.566473 0.109475 -0.034345
-0.451801 0.001757 -0.006583
-0.518488 0.069723 -0.000582
-0.559207 0.104887 0.059354
-0.560680 0.106118 0.040108
-0.448053 0.009070 -0.015146
-0.444084 0.005677 -0.002756
-0.574883 0.107817 0.055482
-0.569494 0.103015 -0.030750
-0.545514 0.092368 0.064633
-0.545871 0.082688 -0.027066
-0.591806 0.122294 0.008694
-0.455056 0.015077 -0.025671
-0.530901 0.069949 0.049754
-0.582145 0.114066 0.054827
-0.587760 0.129359 0.004451
-0.560380 0.105840 0.029607
-0.610687 0.138609 0.041489
-0.457441 0.006712 0.046461
-0.570201 0.114355 0.062377
-0.560684 0.095609 0.062631
-0.475850 0.022707 -0.034436
-0.509796 0.051640 -0.025472
-0.491287 0.046423 0.058481
-0.451361 0.011953 0.003774
-0.563159 0.097658 0.019698
-0.486477 0.031565 -0.026878
-0.513612 0.065619 0.048052
-0.581653 0.124046 -0.025601
-0.449938 0.010692 -0.015117
-0.472616 0.030346 0.055187
-0.509543 0.062006 -0.010142
-0.514023 0.065883 0.000949
-0.537751 0.086344 0.020296
-0.594026 0.131826 0.064685
-0.489846 0.045019 -0.027347
-0.556650 0.092138 0.063381
-0.516726 0.057668 0.007770
-0.592489 0.123177 -0.034312
-0.475936 0.022540 -0.001576
-0.543051 0.090875 0.003986
-0.583565 0.125759 0.010034
-0.457543 0.006773 0.032577
-0.588399 0.129934 0.017588
-0.475486 0.022136 -0.010564
-0.498917 0.052882 0.001264
-0.493460 0.037693 0.035151
-0.614394 0.141835 0.060055
-0.602710 0.142216 -0.001356
-0.581854 0.113761 0.026098
-0.613191 0.151299 0.030973
-0.514950 0.056221 0.050847
-0.514461 0.066308 0.025486
-0.511561 0.053291 0.044343
-0.629084 0.164869 -0.026812
-0.626421 0.152194 0.063806
-0.637407 0.161556 0.014600
-0.580407 0.112508 0.022164
-0.567617 0.101574 0.061880
-0.474396 0.031749 -0.012228
-0.596416 0.126310 0.033804
-0.583176 0.114894 0.023500
-0.591304 0.121956 0.058085
-0.553535 0.089405 0.036085
-0.557758 0.093022 0.026849
-0.457575 0.006821 0.043526
-0.611190 0.149528 0.005421
-0.515353 0.056551 0.041962
-0.462511 0.011011 0.012057
-0.528412 0.078336 0.036020
-0.632539 0.157281 -0.030752
-0.584133 0.126216 -0.006408
-0.489821 0.034445 -0.026065
-0.613920 0.151814 -0.028316
-0.524697 0.064488 -0.013912
-0.624084 0.160671 0.029029
-0.536991 0.075088 -0.004443
-0.617387 0.154871 0.010088
-0.576182 0.119360 -0.013358
-0.542689 0.090520 -0.018889
-0.467785 0.015494 -0.017111
-0.622068 0.158936 0.029007
-0.511727 0.063997 0.048221
-0.619244 0.145906 0.006132
-0.573081 0.106202 0.022032
-0.601432 0.130533 -0.015933
-0.450708 0.007258 -0.034466
-0.449079 -0.000458 0.061266
-0.611643 0.149948 0.021177
-0.475842 0.022541 0.041345
-0.532452 0.071214 0.013055
-0.456587 0.005949 0.031820
-0.546338 0.093757 0.031401
-0.452850 0.013249 0.011191
-0.467272 0.017013 0.064554
-0.529781 0.079424 -0.011144
-0.552975 0.088815 -0.020914
-0.469681 0.017187 0.014947
-0.586609 0.126053 -0.034323
-0.528139 0.067579 0.054058
-0.488199 0.033115 0.008669
-0.506686 0.049030 0.009993
-0.484185 0.029730 0.045616
-0.622958 0.159755 0.056522
-0.497097 0.051287 -0.013637
-0.500715 0.054494 0.035176
-0.571763 0.115567 -0.007565
-0.464885 0.013006 -0.013417
-0.579838 0.122485 -0.024586
-0.515806 0.067459 0.022298
-0.605315 0.133978 0.037983
-0.452087 0.002133 0.061985
-0.475302 0.021932 -0.034093
-0.572101 0.105429 0.058937
-0.603654 0.132465 -0.005471
-0.482750 0.038976 0.006673
-0.589656 0.120386 -0.021563
-0.569176 0.102855 0.029533
-0.577065 0.120199 0.028159
-0.566005 0.100176 0.056283
-0.546734 0.083423 -0.031293
-0.484202 0.040256 0.022456
-0.519340 0.059988 0.044513
-0.530168 0.079790 0.005880
-0.565032 0.109846 0.030794
-0.547187 0.083929 0.029639
-0.606186 0.145168 -0.022203
-0.634609 0.159103 -0.009509
-0.473601 0.031171 0.043411
-0.613085 0.140652 0.030662
-0.622051 0.158826 -0.021651
-0.602208 0.131193 -0.020368
-0.565031 0.109733 -0.028381
-0.561769 0.107010 0.016346
-0.558938 0.104538 -0.002192
-0.556437 0.102396 0.003521
-0.494016 0.038181 0.039751
-0.511942 0.059185 0.064599
-0.575069 0.118474 0.024666
-0.450625 0.011309 -0.001619
-0.494138 0.048845 0.041501
-0.464608 0.012791 -0.000938
-0.611775 0.149957 -0.033844
-0.584368 0.126535 0.054567
-0.557584 0.092806 -0.008268
-0.460703 0.020102 0.060890
-0.477556 0.024039 0.053310
-0.575819 0.119125 0.027701
-0.607054 0.145978 0.010731
-0.632761 0.157597 0.035473
-0.525804 0.076009 -0.006820
-0.524508 0.064333 -0.009614
-0.630510 0.163988 -0.034277
-0.638185 0.162433 0.020817
-0.516365 0.067972 0.038938
-0.544100 0.081237 0.011516
-0.494401 0.038423 -0.007204
-0.486080 0.031265 -0.005313
-0.478141 0.034966 -0.015893
-0.566647 0.111206 0.014639
-0.544972 0.092612 0.047893
-0.522598 0.073343 0.042380
-0.504011 0.046698 -0.005362
-0.463227 0.022102 -0.030473
-0.499295 0.053245 0.021046
-0.445189 0.003436 0.016472
-0.478029 0.024430 0.045158
-0.522764 0.062864 0.006966
-0.468934 0.027132 0.032242
-0.467043 0.025471 0.014425
-0.477563 0.034550 0.027066
-0.555938 0.101987 0.013912
-0.569801 0.113954 0.032217
-0.518305 0.059082 0.036824
-0.452023 0.012562 0.024373
-0.529571 0.079327 0.032948
-0.479714 0.025784 -0.005807
-0.573608 0.117174 0.002369
-0.456231 0.016145 0.003916
-0.499982 0.053903 0.056530
-0.481329 0.031447 -0.034432
-0.548727 0.095861 0.056738
-0.489465 0.034300 0.058769
-0.562253 0.107439 0.022915
-0.599043 0.128482 -0.013416
-0.600053 0.129456 0.042167
-0.514380 0.066299 0.058162
-0.444902 0.006478 0.048403
-0.551121 0.087227 -0.016228
-0.520476 0.064511 0.064610
-0.542864 0.080093 -0.030631
-0.443846 0.004992 0.020625
-0.481528 0.037861 -0.026906
-0.581286 0.120214 0.064672
-0.478989 0.035762 0.018705
-0.483137 0.039321 0.012780
-0.594210 0.124372 0.013429
-0.534152 0.072739 0.045589
-0.590585 0.131771 -0.006289
-0.631369 0.156298 -0.017491
-0.547737 0.094986 0.044693
-0.544002 0.091704 0.009363
-0.526434 0.065997 -0.006057
-0.495996 0.039751 -0.030709
-0.509155 0.061669 -0.011786
-0.480025 0.036681 0.033069
-0.496624 0.040402 0.027503
-0.498793 0.042337 0.062990
-0.596043 0.136528 0.025213
-0.530273 0.069349 0.018874
-0.637439 0.161620 0.033751
-0.520838 0.061173 -0.010241
-0.579765 0.111979 0.034771
-0.515006 0.056158 -0.007582
-0.610480 0.138416 0.034143
-0.564850 0.109681 0.026638
-0.547602 0.084243 0.007228
-0.606539 0.134951 -0.004233
-0.476135 0.022693 -0.011379
-0.519505 0.060055 0.005202
-0.579661 0.122420 0.021203
-0.550934 0.097735 0.043116
-0.605654 0.144752 -0.000424
-0.576567 0.119801 0.044748
-0.515372 0.056426 -0.032505
-0.518019 0.069322 0.000397
-0.454717 0.004310 0.016114
-0.605969 0.145053 0.014914
-0.566956 0.100990 0.053558
-0.520126 0.071183 0.025388
-0.523133 0.072188 0.064609
-0.560151 0.095026 -0.002602
-0.565530 0.099706 0.023830
-0.547532 0.084289 0.063546
-0.575620 0.109252 -0.034331
-0.513665 0.065600 0.013901
-0.617918 0.155353 0.023211
-0.560415 0.105833 0.010487
-0.543515 0.080711 -0.000065
-0.473886 0.031273 -0.031742
-0.561135 0.106413 -0.010592
-0.574400 0.117867 0.008865
-0.495165 0.039139 0.023307
-0.527856 0.077767 -0.011083
-0.539358 0.077206 0.038236
-0.503630 0.056887 -0.025488
-0.466068 0.021422 -0.034450
-0.621001 0.157919 -0.023042
-0.499684 0.052885 0.064584
-0.497797 0.041400 0.021061
-0.529846 0.072648 0.064619
-0.598416 0.128863 -0.034306
-0.445530 0.006989 0.032618
-0.500737 0.054427 -0.010051
-0.530749 0.080304 0.013243
-0.624526 0.161105 0.057124
-0.536628 0.083520 -0.034376
-0.559602 0.105182 0.036260
-0.603343 0.142742 -0.011474
-0.581667 0.124225 0.062490
-0.519819 0.060437 0.064217
-0.581638 0.113582 0.029354
-0.601027 0.130187 -0.014585
-0.538527 0.086954 -0.010363
-0.559814 0.097438 -0.034348
-0.630499 0.155654 0.037559
-0.559329 0.104860 -0.010222
-0.579509 0.111652 -0.021631
-0.636237 0.161151 -0.034266
-0.474131 0.021015 0.013057
-0.500277 0.054157 0.056036
-0.478651 0.024930 0.025917
-0.518252 0.065411 -0.034394
-0.489193 0.033911 -0.022439
-0.507986 0.060767 0.042954
-0.491837 0.036244 0.007602
-0.501784 0.055303 -0.023349
-0.491168 0.046277 0.035645
-0.456581 0.016447 0.004398
-0.459441 0.008364 0.009802
-0.519637 0.070786 0.037643
-0.618978 0.156170 -0.027188
-0.587929 0.129480 -0.008536
-0.468854 0.016402 -0.023714
-0.497158 0.040923 0.059606
-0.544031 0.081197 0.021501
-0.475771 0.033034 0.040773
-0.529524 0.079224 0.000185
-0.586152 0.127975 0.004406
-0.455399 0.004846 -0.010527
-0.562117 0.107343 0.033615
-0.502993 0.045942 0.057729
-0.587330 0.118435 0.005144
-0.539368 0.087742 0.023149
-0.480899 0.028510 -0.034431
-0.478092 0.030927 -0.034437
-0.615297 0.142557 0.031127
-0.627981 0.153432 0.008553
-0.502234 0.055736 0.000409
-0.560906 0.106344 0.056667
-0.546679 0.083441 0.003461
-0.615066 0.148970 0.064708
-0.604459 0.143825 0.052750
-0.629496 0.165315 0.021229
-0.604722 0.133392 -0.001931
-0.449301 0.010184 0.006115
-0.633913 0.167371 0.041596
-0.590970 0.132145 0.016591
-0.526250 0.076364 -0.022098
-0.606891 0.145921 0.054699
-0.521641 0.072301 0.064607
-0.524959 0.064814 0.039169
-0.589740 0.131130 0.039168
-0.620225 0.146816 0.040281
-0.616205 0.153952 0.061660
-0.484998 0.030309 -0.017712
-0.607669 0.135938 0.003233
-0.566785 0.108611 -0.034344
-0.560909 0.106311 0.038033
-0.480186 0.036755 -0.000978
-0.570346 0.114455 0.049163
-0.445083 0.006484 -0.030351
-0.477406 0.023753 -0.029022
-0.485212 0.041100 0.008877
-0.618294 0.145168 0.047742
-0.506939 0.059853 0.036121
-0.482951 0.039168 0.016579
-0.527854 0.067185 -0.024230
-0.462247 0.010778 0.009676
-0.597936 0.138210 0.053030
-0.456830 0.016612 -0.021400
-0.544597 0.092190 -0.004040
-0.606327 0.145276 -0.029756
-0.479185 0.035930 0.018165
-0.523461 0.073958 -0.025220
-0.483504 0.039705 0.049036
-0.485953 0.041727 0.003283
-0.494143 0.038237 0.012034
-0.620959 0.157887 -0.020948
-0.573867 0.117361 -0.016180
-0.612819 0.150931 0.005797
-0.585272 0.127225 0.008454
-0.526749 0.066226 -0.028271
-0.553323 0.089111 -0.022504
-0.563482 0.108568 0.060190
-0.460347 0.019786 0.055622
-0.532116 0.070861 -0.020508
-0.552171 0.098744 0.014249
-0.582717 0.114470 0.008304
-0.489116 0.033932 0.023455
-0.546442 0.083346 0.060845
-0.497521 0.041203 0.042126
-0.539833 0.077664 0.063999
-0.592603 0.133486 -0.017626
-0.513764 0.065708 0.025817
-0.549557 0.085903 -0.005078
-0.584600 0.126575 -0.029323
-0.500471 0.054169 -0.025025
-0.445865 0.006004 -0.034473
-0.576515 0.109105 -0.005846
-0.508553 0.050568 -0.026260
-0.581852 0.124286 0.011182
-0.511526 0.063796 0.033300
-0.499944 0.053772 0.004139
-0.597239 0.126911 -0.022705
-0.608919 0.136944 -0.033388
-0.560237 0.105634 -0.013434
-0.560649 0.095511 0.026985
-0.583153 0.125410 0.013069
-0.619748 0.156834 -0.026559
-0.529660 0.068862 0.040251
-0.560031 0.105487 0.001930
-0.507157 0.059977 0.002446
-0.590706 0.121344 0.006789
-0.492527 0.036939 0.060366
-0.629689 0.154926 0.021254
-0.470294 0.028329 0.045318
-0.531813 0.081264 0.036739
-0.629707 0.154847 -0.028338
-0.637953 0.162764 -0.028464
-0.518398 0.059201 0.057411
-0.478569 0.035331 -0.017886
-0.490756 0.045962 0.056303
-0.549190 0.085718 0.064013
-0.532587 0.071326 0.011134
-0.483516 0.039720 0.051176
-0.519096 0.059795 0.053893
-0.529496 0.079297 0.050829
-0.579687 0.111833 -0.007331
-0.542115 0.079461 -0.023947
-0.560717 0.106034 -0.020435
-0.629923 0.155142 0.028849
-0.588397 0.129920 0.011129
-0.568824 0.113052 0.000316
-0.504200 0.057385 -0.021903
-0.635523 0.159943 0.018877
-0.462206 0.010813 0.046424
-0.494936 0.038975 0.040484
-0.458712 0.007820 0.054139
-0.524440 0.064259 -0.017329
-0.633216 0.157965 0.022747
-0.507086 0.059933 0.011844
-0.601094 0.140882 0.028681
-0.579846 0.112095 0.058792
-0.635831 0.160134 -0.019859
-0.616556 0.154231 0.049484
-0.520165 0.067185 -0.034393
-0.552289 0.098938 0.062814
-0.445097 0.006636 0.043421
-0.515144 0.066862 0.008184
-0.521462 0.072299 0.007386
-0.458506 0.007624 0.044025
-0.540054 0.084301 -0.034371
-0.581634 0.124169 0.048305
-0.469065 0.027224 0.020708
-0.521113 0.072082 0.051341
-0.610658 0.149051 -0.004610
-0.618394 0.155729 0.005110
-0.628451 0.164336 -0.020773
-0.478366 0.024695 0.031690
-0.484310 0.040279 -0.014236
-0.540850 0.078358 -0.031214
-0.633849 0.158868 0.064732
-0.481931 0.038261 0.001056
-0.552998 0.099549 0.062816
-0.462593 0.021683 0.036505
-0.502463 0.055944 0.006727
-0.620755 0.157838 0.045632
-0.521415 0.061736 0.024995
-0.554755 0.095654 0.064645
-0.494445 0.038556 0.042949
-0.478171 0.024459 -0.004295
-0.590094 0.120895 0.048133
-0.491809 0.046813 0.027462
-0.477101 0.034095 -0.003545
-0.499035 0.042371 -0.028924
-0.582652 0.124925 -0.015454
-0.450094 0.000366 0.035009
-0.600524 0.129731 -0.026773
-0.562889 0.097388 0.000135
-0.565533 0.110300 0.042605
-0.522659 0.062797 0.019401
-0.581913 0.113698 -0.033819
-0.490461 0.045677 0.039923
-0.457865 0.007085 0.051146
-0.489068 0.040793 -0.034426
-0.458606 0.018301 0.063041
-0.453392 0.013792 0.051366
-0.563266 0.104681 0.064653
-0.599354 0.139353 0.012119
-0.598878 0.139036 0.060711
-0.473803 0.031374 0.058372
-0.538399 0.086836 -0.014644
-0.443727 0.005076 0.064370
-0.505813 0.058107 0.064591
-0.585506 0.116940 0.044716
-0.590340 0.120983 -0.017715
-0.551271 0.098036 0.049197
-0.593682 0.134555 0.056240
-0.600220 0.140141 0.034495
-0.553044 0.088864 -0.025859
-0.575497 0.118883 0.046366
-0.494536 0.038521 -0.016842
-0.622348 0.148527 -0.020986
-0.502048 0.055602 0.014257
-0.446529 0.007740 -0.024582
-0.571370 0.104793 0.055206
-0.535667 0.073971 0.007428
-0.560593 0.105963 -0.002065
-0.489178 0.044475 -0.011243
-0.625140 0.161526 0.000179
-0.446146 0.002360 -0.012251
-0.562644 0.107733 0.000781
-0.479161 0.035927 0.027830
-0.470059 0.028052 0.006501
-0.462885 0.011279 -0.016195
-0.544366 0.081427 -0.009262
-0.595982 0.136428 0.000181
-0.445419 0.003174 0.013088
-0.618499 0.145312 0.030285
-0.571684 0.104967 0.004541
-0.591375 0.121863 -0.023053
-0.592638 0.124440 0.064687
-0.602485 0.131468 -0.000815
-0.621324 0.147757 0.037889
-0.445197 0.003470 -0.017423
-0.550605 0.097489 0.062904
-0.503177 0.046003 0.006447
-0.565995 0.100117 0.029467
-0.520821 0.061150 -0.014428
-0.604732 0.133482 0.041147
-0.591176 0.121695 -0.021085
-0.632562 0.157412 0.027988
-0.551221 0.098018 0.062045
-0.603138 0.132095 0.033312
-0.456842 0.006165 0.029973
-0.547775 0.084464 0.044945
-0.623061 0.149157 -0.012209
-0.540588 0.078135 -0.030121
-0.548736 0.085191 -0.007472
-0.605086 0.133672 -0.018937
-0.589570 0.129974 0.064679
-0.556124 0.102056 -0.033518
-0.625114 0.156646 -0.034281
-0.623528 0.149676 0.049538
-0.484287 0.029732 0.000453
-0.534399 0.083499 0.041576
-0.607011 0.146037 0.061092
-0.573585 0.106639 0.023874
-0.626709 0.162866 -0.005301
-0.485835 0.041661 0.021763
-0.487183 0.042784 0.002266
-0.482161 0.038496 0.020593
-0.592362 0.133355 0.022802
-0.450368 0.000589 0.028078
-0.571900 0.105177 0.017410
-0.465500 0.013676 0.060665
-0.624032 0.149978 -0.020397
-0.526396 0.066097 0.063184
-0.467830 0.023552 -0.034449
-0.481458 0.027409 0.059171
-0.497616 0.051836 0.040578
-0.556978 0.092277 -0.011793
-0.484484 0.030008 0.056714
-0.507943 0.060620 -0.014924
-0.482509 0.028245 0.023388
-0.480957 0.037476 0.029557
-0.504463 0.057752 0.052223
-0.598576 0.138675 0.007779
-0.465851 0.024384 -0.017789
-0.499795 0.043081 0.000375
-0.509615 0.051638 0.056014
-0.447892 0.000351 -0.027785
-0.554462 0.090076 -0.030917
-0.564636 0.098941 0.026245
-0.489842 0.040089 0.064576
-0.444715 0.004040 -0.027098
-0.533924 0.072415 -0.021766
-0.480002 0.036699 0.052801
-0.445435 0.006965 0.063192
-0.572362 0.116057 -0.021247
-0.462298 0.021304 -0.029101
-0.605345 0.144518 0.016339
-0.593730 0.123936 0.001483
-0.597406 0.137663 0.005204
-0.534702 0.073125 -0.000246
-0.593457 0.134330 0.039624
-0.475553 0.022283 0.036642
-0.545506 0.082542 0.061383
-0.496955 0.051184 -0.003111
-0.462933 0.011375 0.012670
-0.570592 0.114648 0.039419
-0.577073 0.114091 0.064669
-0.484281 0.029810 0.044406
-0.539814 0.077558 0.016572
-0.532450 0.071239 0.027000
-0.451958 0.012484 0.012709
-0.537419 0.085985 -0.018014
-0.465947 0.013913 -0.016768
-0.622303 0.159023 -0.031901
-0.610457 0.138379 0.024902
-0.497749 0.041326 0.004008
-0.522502 0.062596 -0.014911
-0.536248 0.085125 0.059208
-0.628506 0.164493 0.036710
-0.483138 0.035732 0.064568
-0.529564 0.068760 0.029748
-0.484125 0.029692 0.052450
-0.493298 0.037518 0.015932
-0.607373 0.135753 0.040097
-0.499200 0.053216 0.049107
-0.603752 0.132522 -0.019853
-0.493544 0.048249 -0.002938
-0.485891 0.041695 0.014848
-0.531373 0.070234 -0.014081
-0.630813 0.166445 0.019273
-0.551888 0.098508 0.017967
-0.498896 0.052838 -0.012283
-0.560298 0.095278 0.063347
-0.596540 0.126366 0.006898
-0.595218 0.125177 -0.019504
-0.477771 0.026390 -0.034435
-0.505692 0.048245 0.047010
-0.588079 0.129742 0.061498
-0.532878 0.082064 -0.024938
-0.446103 0.002431 -0.029409
-0.516521 0.057478 0.000980
-0.622040 0.158905 0.025176
-0.637102 0.163658 0.047970
-0.528157 0.067467 -0.013359
-0.621687 0.148053 0.028888
-0.569267 0.113482 0.025730
-0.458016 0.017733 0.031462
-0.529598 0.079314 0.013364
-0.470221 0.028259 0.042169
-0.576070 0.108695 -0.020234
-0.494530 0.038591 0.023054
-0.574872 0.118258 0.000044
-0.537547 0.086242 0.058816
-0.502273 0.045156 -0.029830
-0.571560 0.115506 0.052106
-0.622456 0.148764 0.054863
-0.558813 0.093833 -0.024481
-0.462397 0.010869 -0.010596
-0.593810 0.124024 0.011123
-0.564621 0.098939 0.031792
-0.605830 0.134318 -0.016344
-0.514242 0.055685 0.064605
-0.514063 0.055379 0.009690
-0.549239 0.096193 -0.000763
-0.471148 0.018490 0.035511
-0.478405 0.024627 -0.021752
-0.486697 0.031763 -0.022531
-0.470961 0.018284 0.012014
-0.445532 0.003080 -0.017185
-0.622801 0.148928 -0.014923
-0.475422 0.022125 0.013215
-0.482331 0.038559 -0.023136
-0.554680 0.090368 0.024072
-0.452887 0.002809 0.055665
-0.448992 0.009959 0.027704
-0.489427 0.044739 0.014872
-0.461695 0.020933 0.048977
-0.446379 0.007760 0.054072
-0.481938 0.027714 0.002524
-0.518797 0.070020 0.015343
-0.623199 0.149348 0.025887
-0.583705 0.115329 0.012743
-0.570796 0.104282 0.046627
-0.541191 0.087565 0.064629
-0.560274 0.105720 0.014520
-0.576706 0.109315 0.018204
-0.606349 0.145288 -0.032822
-0.447659 0.000515 0.058755
-0.562183 0.107344 0.004695
-0.489119 0.044494 0.025781
-0.602988 0.131946 0.022684
-0.634686 0.166559 -0.027768
-0.622580 0.148766 -0.000305
-0.539192 0.076948 -0.022471
-0.569895 0.103370 -0.025192
-0.496841 0.040653 0.061004
-0.605297 0.134007 0.061643
-0.499801 0.043049 -0.018931
-0.616652 0.143601 -0.033066
-0.587654 0.129038 -0.034323
-0.455537 0.005035 0.026475
-0.482089 0.027960 0.063636
-0.527307 0.077334 0.009862
-0.529094 0.068391 0.048820
-0.543458 0.080626 -0.019127
-0.511497 0.063712 0.002593
-0.632579 0.167955 0.013995
-0.465876 0.024459 0.010153
-0.552826 0.099240 -0.021846
-0.461365 0.010112 0.058162
-0.548587 0.085170 0.048793
-0.580734 0.112768 0.010680
-0.464089 0.012393 0.025039
-0.603691 0.143183 0.062702
-0.478451 0.024721 0.007010
-0.575018 0.107861 0.017790
-0.507020 0.049292 -0.003173
-0.577362 0.120420 0.010150
-0.629696 0.154867 -0.012753
-0.502011 0.055647 0.055093
-0.602571 0.142070 -0.015347
-0.638227 0.162355 0.044844
-0.600521 0.129740 -0.020382
-0.469849 0.024601 -0.034446
-0.498781 0.042147 -0.031272
-0.547625 0.084369 0.062863
-0.500444 0.054307 0.059684
-0.496792 0.051134 0.043770
-0.457039 0.006307 0.015707
-0.466060 0.018319 -0.034449
-0.606845 0.145862 0.043795
-0.572723 0.116483 0.039436
-0.512402 0.053975 0.023273
-0.561500 0.106804 0.029520
-0.452663 0.002512 0.000360
-0.595596 0.136155 0.031277
-0.539381 0.077220 0.035401
-0.596262 0.136760 0.048176
-0.561256 0.106557 0.010243
-0.536607 0.085439 0.062012
-0.558752 0.104455 0.038485
-0.583367 0.115042 0.014379
-0.510203 0.052143 0.055255
-0.627931 0.153451 0.041441
-0.502344 0.052376 -0.034412
-0.523778 0.074219 -0.031402
-0.535507 0.073894 0.039710
-0.454717 0.004397 0.061947
-0.634465 0.166702 0.064106
-0.521792 0.061994 -0.010072
-0.546569 0.083365 0.013402
-0.514640 0.066405 -0.004505
-0.547249 0.083938 0.006554
-0.483383 0.029010 0.029850
-0.509718 0.051735 0.060179
-0.443746 0.005398 0.003488
-0.624363 0.160872 0.008509
-0.623248 0.159842 -0.028997
-0.554519 0.099691 -0.034358
-0.530605 0.080096 -0.030913
-0.573720 0.117302 0.019168
-0.583763 0.125905 -0.002856
-0.500264 0.043506 0.012006
-0.579523 0.113022 0.064673
-0.495680 0.039524 -0.006988
-0.637993 0.162656 0.020841
-0.496844 0.051035 -0.031449
-0.620547 0.157656 0.044194
-0.580584 0.112678 0.031326
-0.545294 0.082184 -0.030756
-0.608222 0.147032 0.036569
-0.535443 0.084229 0.064622
-0.483211 0.028910 0.054824
-0.592743 0.133756 0.061229
-0.492726 0.047521 -0.015382
-0.512791 0.054321 0.028860
-0.457698 0.017364 -0.019223
-0.509290 0.056148 -0.034403
-0.446421 0.001984 0.034161
-0.522475 0.073184 0.014439
-0.484411 0.040387 -0.003423
-0.604245 0.133051 0.034988
-0.583427 0.120656 0.064675
-0.500300 0.054123 0.028013
-0.540527 0.078210 0.036952
-0.607958 0.136144 -0.019067
-0.555629 0.091121 -0.009110
-0.511278 0.063532 0.006750
-0.530488 0.080032 -0.012005
-0.574861 0.118346 0.051572
-0.566137 0.100237 0.028216
-0.556311 0.091719 -0.003191
-0.580433 0.112434 -0.028567
-0.492231 0.047086 -0.020178
-0.504250 0.057537 0.035049
-0.453816 0.014054 -0.002404
-0.491958 0.036441 0.056242
-0.526588 0.076794 0.050854
-0.448903 0.009835 0.002395
-0.555320 0.090881 0.004472
-0.557293 0.103201 0.039065
-0.510879 0.052556 -0.034081
-0.627694 0.156310 -0.034277
-0.463155 0.016739 0.064548
-0.589288 0.120093 -0.009280
-0.504787 0.047427 0.026342
-0.601372 0.141106 0.020431
-0.606306 0.145333 0.010005
-0.567385 0.101341 0.043688
-0.465677 0.013779 0.034765
-0.575315 0.108101 0.009293
-0.534512 0.081841 0.064621
-0.626469 0.152058 -0.029401
-0.515972 0.057048 0.023268
-0.624555 0.150443 -0.012021
-0.447117 0.008296 0.001598
-0.540321 0.088494 -0.012384
-0.634950 0.166177 0.032788
-0.500026 0.053795 -0.020529
-0.449391 -0.000204 0.053567
-0.572357 0.116114 0.011690
-0.451772 0.012382 0.043281
-0.565103 0.109787 -0.032632
-0.615501 0.153307 0.041076
-0.542542 0.089846 0.064629
-0.567020 0.111436 -0.033202
-0.599714 0.129162 0.040476
-0.505791 0.058821 0.012715
-0.516964 0.065539 -0.034397
-0.481788 0.038105 -0.016363
-0.612165 0.150460 0.054114
-0.612471 0.150677 0.029410
-0.593722 0.134555 0.038654
-0.494856 0.049350 -0.017882
-0.476576 0.025836 0.064564
-0.452026 0.002079 0.060857
-0.583396 0.125655 0.031726
-0.587339 0.123369 -0.034320
-0.480174 0.026209 0.009421
-0.586987 0.128737 0.027066
-0.501487 0.044479 -0.030167
-0.458345 0.007476 0.039201
-0.445580 0.003023 -0.016433
-0.567040 0.100988 0.014513
-0.545186 0.082215 0.034192
-0.563628 0.098071 0.024647
-0.521898 0.072615 -0.023622
-0.509155 0.051202 0.034709
-0.563245 0.108353 0.054707
-0.530517 0.080088 0.004733
-0.519686 0.060318 0.061840
-0.564564 0.098855 0.013399
-0.493703 0.048357 -0.018053
-0.476426 0.022926 -0.020388
-0.592306 0.127553 0.064685
-0.586536 0.128279 -0.009337
-0.606924 0.145785 -0.032146
-0.444849 0.006397 0.029804
-0.541513 0.078998 0.005053
-0.541537 0.087717 0.064629
-0.468960 0.027166 0.037814
-0.460334 0.019688 0.010257
-0.596840 0.126589 -0.011546
-0.501194 0.054805 -0.018015
-0.510415 0.062755 -0.011311
-0.499806 0.053633 -0.005764
-0.551695 0.087815 0.033115
-0.579373 0.122105 -0.014212
-0.504439 0.047098 0.010754
-0.630046 0.165851 0.053790
-0.564633 0.098871 -0.009733
-0.521926 0.072748 0.033600
-0.443869 0.005443 -0.028320
-0.454477 0.014749 0.063501
-0.600399 0.140345 0.060915
-0.506483 0.048818 -0.009502
-0.546691 0.094038 0.019798
-0.619652 0.156787 -0.007393
-0.592158 0.133152 0.008436
-0.617815 0.155299 0.041730
-0.453244 0.013573 0.003706
-0.540271 0.077966 0.025046
-0.529829 0.079475 -0.005736
-0.478533 0.035338 0.002246
-0.455198 0.015369 0.063095
-0.600092 0.129345 -0.034064
-0.466321 0.017297 -0.034448
-0.530630 0.080241 0.034217
-0.509855 0.062407 0.059396
-0.539431 0.087715 -0.019491
-0.543920 0.081044 -0.008301
-0.538044 0.086583 0.013264
-0.627453 0.152952 -0.004699
-0.575918 0.108699 0.051292
-0.539013 0.076841 0.002041
-0.593799 0.134526 -0.012191
-0.480098 0.036675 -0.002907
-0.508930 0.061461 -0.019375
-0.502770 0.056281 0.044675
-0.473120 0.020188 0.035763
-0.547491 0.094749 0.031395
-0.459725 0.008546 -0.023029
-0.452150 0.012622 -0.001723
-0.504106 0.046765 -0.012890
-0.474692 0.032061 0.017698
-0.607919 0.146706 0.001972
-0.596140 0.126044 0.018851
-0.455397 0.015500 0.042226
-0.462652 0.011225 0.060758
-0.614837 0.152624 -0.017343
-0.586867 0.127478 -0.034324
-0.450355 0.011158 0.041074
-0.463573 0.022538 0.042570
-0.573966 0.110488 -0.034334
-0.621571 0.147976 0.041191
-0.493133 0.047966 0.034035
-0.627973 0.153494 0.045000
-0.518317 0.069659 0.042725
-0.495528 0.039485 0.041194
-0.447211 0.008384 0.005454
-0.459432 0.008289 -0.025188
-0.472079 0.029753 -0.013261
-0.465376 0.023995 -0.007041
-0.548721 0.085153 -0.020476
-0.471347 0.029158 0.004739
-0.454563 0.014684 -0.009476
-0.605923 0.145029 0.023417
-0.510379 0.052183 -0.003244
-0.589022 0.130468 0.016323
-0.593445 0.123633 -0.029631
-0.575697 0.119086 0.062024
-0.490670 0.035339 0.059832
-0.546004 0.093383 -0.014021
-0.623765 0.149863 0.040414
-0.584473 0.120038 -0.034323
-0.493125 0.047853 -0.021197
-0.623694 0.149839 0.059798
-0.611894 0.150135 0.005939
-0.507892 0.050005 -0.023199
-0.620829 0.157821 0.003502
-0.563822 0.108837 0.048141
-0.491916 0.046864 0.005485
-0.606450 0.145472 0.018193
-0.596770 0.137058 -0.025309
-0.609732 0.137788 0.042528
-0.593052 0.123326 -0.012637
-0.468957 0.016494 -0.022024
-0.599021 0.133323 -0.034308
-0.577856 0.110356 0.044950
-0.572753 0.116524 0.047774
-0.533690 0.072350 0.050052
-0.550905 0.097716 0.046690
-0.619392 0.145972 -0.026743
-0.521866 0.062067 -0.005334
-0.456704 0.016513 -0.016728
-0.577709 0.110243 0.052012
-0.516971 0.063504 -0.034395
-0.564968 0.099211 0.017720
-0.612324 0.141737 0.064708
-0.512012 0.064254 0.054149
-0.630299 0.155373 -0.019752
-0.450963 0.001111 0.033417
-0.594144 0.134861 0.008266
-0.474012 0.031511 0.036243
-0.617243 0.154702 -0.014061
-0.559557 0.105068 -0.003766
-0.478929 0.025237 0.061892
-0.527292 0.066722 -0.013761
-0.535434 0.073712 -0.022867
-0.513044 0.054471 -0.006543
-0.581827 0.113735 0.024360
-0.570714 0.114743 0.033627
-0.514587 0.066426 0.031116
-0.477451 0.023910 0.033121
-0.525405 0.065069 -0.028644
-0.552523 0.088420 -0.023850
-0.497187 0.051334 -0.029693
-0.585464 0.127339 -0.018573
-0.476369 0.022980 0.033596
-0.459145 0.018674 0.015074
-0.518255 0.058983 0.007215
-0.445432 0.006944 0.053395
-0.450073 0.000305 0.012238
-0.525289 0.064972 -0.027295
-0.535356 0.084327 0.043488
-0.610862 0.149278 0.022635
-0.457590 0.006773 0.011492
-0.467172 0.025538 -0.008860
-0.516959 0.068405 -0.002247
-0.586862 0.128637 0.031161
-0.504893 0.047574 0.056080
-0.454678 0.014879 0.041217
-0.637966 0.162735 -0.016998
-0.556796 0.102714 0.008171
-0.443867 0.005479 -0.008429
-0.610950 0.138763 0.003794
-0.526995 0.066445 -0.024991
-0.507328 0.060221 0.053629
-0.567644 0.102899 0.064661
-0.501501 0.044512 -0.019092
-0.617960 0.144905 0.060989
-0.472114 0.019276 0.011807
-0.517004 0.068422 -0.013593
-0.538879 0.087375 0.051966
-0.539255 0.076992 -0.027807
-0.520962 0.068977 -0.034392
-0.501113 0.054748 -0.011283
-0.637762 0.161937 0.053817
-0.488048 0.043556 0.016853
-0.586481 0.117640 -0.028525
-0.609713 0.145638 -0.034298
-0.516468 0.058117 -0.034393
-0.468672 0.026811 -0.018441
-0.504886 0.048381 0.064595
-0.594316 0.135069 0.039706
-0.529073 0.068229 -0.027113
-0.525702 0.065348 -0.016310
-0.619803 0.146394 0.008975
-0.576306 0.109037 0.052791
-0.566148 0.100213 0.010680
-0.593368 0.123664 0.022102
-0.625089 0.150865 -0.032062
-0.471661 0.029522 0.054303
-0.481993 0.027842 0.044740
-0.631282 0.166747 -0.034276
-0.465195 0.013275 -0.012190
-0.567652 0.108594 0.064658
-0.546565 0.093932 0.020943
-0.549146 0.096209 0.050248
-0.450310 0.000490 0.002737
-0.479928 0.036641 0.055942
-0.516837 0.057787 0.020349
-0.604909 0.144186 0.039246
-0.557161 0.092440 -0.008892
-0.599644 0.131461 -0.034306
-0.637928 0.162018 0.021195
-0.485674 0.030979 0.028310
-0.611441 0.139166 -0.006475
-0.545128 0.082043 -0.030003
-0.514223 0.066077 0.012049
-0.491674 0.039470 0.064579
-0.453506 0.003273 0.019413
-0.527795 0.074516 0.064615
-0.508958 0.061500 -0.011478
-0.525743 0.065350 -0.033857
-0.545333 0.082345 0.035938
-0.443957 0.005672 0.052165
-0.609686 0.137610 -0.030231
-0.447919 0.000275 0.008277
-0.489917 0.034655 0.040706
-0.476933 0.023488 0.045562
-0.447568 0.000646 0.038726
-0.472676 0.019686 -0.026890
-0.577553 0.120686 0.063638
-0.636500 0.164358 0.048016
-0.545770 0.093157 -0.026834
-0.591196 0.132330 0.011633
-0.560595 0.105957 -0.005601
-0.585238 0.116721 0.050687
-0.626120 0.151835 0.011126
-0.502574 0.056031 0.002240
-0.584368 0.115909 0.017489
-0.569452 0.103086 0.025873
-0.556058 0.102082 0.010076
-0.541988 0.089915 -0.019952
-0.540885 0.089047 0.023113
-0.520348 0.060706 -0.034152
-0.510608 0.062933 -0.005150
-0.491301 0.035788 0.010412
-0.595592 0.136176 0.044236
-0.587704 0.128809 -0.034323
-0.538548 0.086989 -0.001579
-0.460440 0.009186 -0.010023
-0.584269 0.115775 -0.007890
-0.482045 0.027900 0.051890
-0.596813 0.137155 0.006395
-0.458553 0.018207 0.036941
-0.622464 0.159332 0.057767
-0.549395 0.096358 0.015689
-0.456234 0.005576 -0.004670
-0.622427 0.159201 0.005619
-0.637362 0.161605 0.060519
-0.623935 0.160454 -0.017787
-0.618389 0.155809 0.050039
-0.466905 0.016144 -0.034446
-0.456549 0.005909 0.028254
-0.601895 0.131032 0.037237
-0.583783 0.116305 -0.034322
-0.519314 0.070425 -0.005838
-0.460708 0.009536 0.052715
-0.596192 0.126171 0.062240
-0.614152 0.152143 0.039661
-0.530065 0.079719 0.015592
-0.527707 0.067150 0.023649
-0.519823 0.070900 0.013596
-0.464808 0.023507 -0.007081
-0.500419 0.054232 0.031350
-0.566773 0.111255 -0.016596
-0.592144 0.133130 0.002893
-0.574810 0.118175 -0.015434
-0.479517 0.036118 -0.032755
-0.618351 0.145229 0.053731
-0.478326 0.024595 -0.003031
-0.559447 0.104963 -0.009496
-0.520248 0.071234 -0.002708
-0.473592 0.020534 0.004727
-0.455435 0.015413 -0.021144
-0.619291 0.146009 0.038374
-0.588514 0.129939 -0.031775
-0.524981 0.075329 0.008274
-0.525469 0.075758 0.012601
-0.444225 0.005782 -0.011458
-0.609687 0.148260 0.019083
-0.470538 0.024328 0.064555
-0.498924 0.052938 0.027796
-0.615136 0.152912 -0.001222
-0.564318 0.109295 0.064059
-0.463918 0.012188 -0.005756
-0.467166 0.025496 -0.028562
-0.545406 0.092860 -0.018195
-0.637267 0.161479 0.036904
-0.496744 0.040504 0.026867
-0.472742 0.019899 0.055201
-0.535457 0.084311 -0.010434
-0.486525 0.042293 0.042030
-0.449162 0.006729 -0.034468
-0.510759 0.063060 -0.006334
-0.607580 0.146529 0.062138
-0.453416 0.003172 0.006712
-0.517037 0.068562 0.045233
-0.557047 0.092395 0.018793
-0.503365 0.046243 0.047690
-0.465431 0.024110 0.028378
-0.542068 0.090001 -0.010470
-0.610355 0.138262 0.009533
-0.588528 0.119529 0.038453
-0.487839 0.043292 -0.027363
-0.499205 0.042623 0.026946
-0.554117 0.089845 0.003856
-0.534147 0.083267 0.033325
-0.569836 0.103432 0.033789
-0.615605 0.153331 0.006850
-0.534327 0.081429 0.064621
-0.528913 0.078685 -0.006933
-0.516113 0.067715 0.017716
-0.519132 0.070234 -0.023771
-0.518846 0.059591 0.059476
-0.542546 0.090490 0.029955
-0.498889 0.042335 0.018626
-0.572546 0.115004 0.064662
-0.561647 0.106951 0.040491
-0.551377 0.097976 -0.030882
-0.595145 0.135698 -0.004610
-0.606771 0.135169 0.005450
-0.456743 0.016563 -0.008111
-0.504926 0.047618 0.063896
-0.605734 0.144774 -0.025084
-0.614332 0.141692 0.013224
-0.538623 0.076520 0.010024
-0.611287 0.139139 0.049188
-0.508337 0.052746 0.064598
-0.580703 0.112837 0.061505
-0.627608 0.153054 -0.021045
-0.571752 0.115528 -0.023397
-0.447595 0.000656 0.005345
-0.574418 0.117926 0.031489
-0.545844 0.082825 0.057287
-0.450403 0.011058 -0.033146
-0.588306 0.119240 -0.013034
-0.576108 0.119247 -0.034336
-0.507852 0.060550 -0.010884
-0.472486 0.030140 0.005558
-0.633820 0.167529 0.000517
-0.620358 0.146880 0.013809
-0.497004 0.040735 0.030183
-0.526100 0.076222 -0.029178
-0.542112 0.090107 0.025521
-0.471664 0.018824 -0.021907
-0.527780 0.077721 -0.000960
-0.618016 0.155346 -0.025174
-0.514231 0.066039 -0.011409
-0.566149 0.100266 0.038514
-0.559563 0.094619 0.049640
-0.554249 0.100528 0.011500
-0.622841 0.159642 0.050559
-0.629923 0.155104 0.009102
-0.628355 0.153780 0.022780
-0.626776 0.152313 -0.034125
-0.534484 0.072894 -0.023418
-0.627450 0.163583 0.036405
-0.569947 0.103479 0.008549
-0.495755 0.039643 0.021479
-0.613315 0.144640 -0.034292
-0.589396 0.130706 -0.027794
-0.574045 0.107033 0.022601
-0.544208 0.081341 0.017433
-0.467316 0.025621 -0.030631
-0.474870 0.032210 0.015263
-0.577089 0.120191 0.013194
-0.564738 0.109506 -0.014951
-0.529014 0.078890 0.055154
-0.488277 0.033267 0.052941
-0.557036 0.092374 0.012812
-0.527118 0.077248 0.049720
-0.619359 0.156520 -0.015604
-0.477223 0.034193 -0.007017
-0.505116 0.047759 0.052049
-0.613049 0.151125 0.003468
-0.559741 0.094759 0.042749
-0.470962 0.028912 0.049708
-0.620582 0.147129 0.043635
-0.553585 0.096015 0.064643
-0.482906 0.028591 0.025503
-0.579355 0.111651 0.047462
-0.463135 0.011601 0.040213
-0.516115 0.067796 0.060112
-0.516115 0.057195 0.035963
-0.469689 0.027664 -0.029922
-0.452294 0.002232 0.020357
-0.567576 0.112062 0.044548
-0.556988 0.094309 -0.034351
-0.453445 0.013817 0.040860
-0.510740 0.063021 -0.018284
-0.514547 0.066395 0.032821
-0.460422 0.019765 0.010446
-0.451475 0.012071 0.014598
-0.449615 -0.000022 0.047400
-0.577292 0.109741 -0.023386
-0.630824 0.155873 0.005771
-0.486806 0.042500 0.023530
-0.590699 0.131959 0.041694
-0.472388 0.020293 -0.034440
-0.620114 0.146638 -0.002965
