ply
format ascii 1.0
element vertex 10000
property float x
property float y
property float z
end_header
-0.437834 0.054850 -0.090392
-0.513565 -0.047728 -0.098919
-0.579440 -0.026757 -0.090266
-0.584825 0.166901 -0.092477
-0.531730 0.161305 -0.087761
-0.474606 0.227486 -0.087522
-0.494659 -0.045034 -0.091109
-0.469023 -0.004426 -0.090848
-0.458857 -0.037729 -0.091439
-0.457617 0.199877 -0.088115
-0.648087 0.075825 -0.087555
-0.351944 0.106411 -0.094633
-0.466991 0.133291 -0.088937
-0.620774 0.015848 -0.093522
-0.641903 0.038802 -0.088150
-0.379801 0.047566 -0.099198
-0.397963 0.130023 -0.089818
-0.446711 0.039646 -0.090499
-0.361643 0.088089 -0.098848
-0.438991 0.158363 -0.096925
-0.555686 0.195095 -0.089365
-0.649429 0.053827 -0.095849
-0.438778 -0.013063 -0.091335
-0.400423 0.024175 -0.091276
-0.509465 0.035346 -0.089800
-0.498274 0.171131 -0.096029
-0.408704 0.140202 -0.089545
-0.352718 0.089659 -0.090932
-0.497561 0.066018 -0.089513
-0.620267 0.052574 -0.088218
-0.487897 0.036145 -0.090050
-0.511484 0.209497 -0.095330
-0.476043 0.038320 -0.098164
-0.418103 0.006856 -0.091305
-0.461323 0.212847 -0.095889
-0.563897 0.090146 -0.096373
-0.566600 0.083936 -0.096428
-0.477906 0.102820 -0.089234
-0.550783 0.079838 -0.088675
-0.496661 0.164235 -0.096145
-0.430432 0.003290 -0.091206
-0.398812 0.130929 -0.097797
-0.451331 -0.037198 -0.091523
-0.591447 0.102409 -0.095868
-0.468100 0.160141 -0.096548
-0.495832 0.224364 -0.087309
-0.395130 0.032025 -0.099231
-0.545693 -0.000690 -0.089868
-0.522224 -0.035043 -0.098636
-0.531682 0.207626 -0.087111
-0.465678 0.090230 -0.089558
-0.485906 -0.021212 -0.098881
-0.468129 0.120881 -0.089098
-0.466452 -0.065263 -0.092053
-0.594460 0.152921 -0.095121
-0.597361 0.061782 -0.096367
-0.513266 0.227282 -0.095058
-0.553905 0.144926 -0.087723
-0.466314 0.052397 -0.098084
-0.436071 -0.035666 -0.096604
-0.586735 0.134026 -0.095480
-0.418030 0.030292 -0.098978
-0.492843 -0.043097 -0.099105
-0.381438 0.036386 -0.091334
-0.510265 0.141644 -0.096298
-0.457762 -0.013496 -0.091112
-0.426674 -0.015709 -0.099520
-0.505495 0.188593 -0.087695
-0.367014 0.110931 -0.098462
-0.429430 0.072576 -0.098246
-0.485945 0.054594 -0.089814
-0.489823 0.242816 -0.087122
-0.567869 0.151011 -0.095470
-0.524981 0.120102 -0.088421
-0.587297 0.117769 -0.095702
-0.449525 0.193095 -0.096310
-0.397442 0.024018 -0.091314
-0.512275 0.107518 -0.088752
-0.374999 0.098484 -0.090539
-0.494221 0.176174 -0.096007
-0.496035 -0.038865 -0.091005
-0.501855 0.220427 -0.095293
-0.456373 0.133028 -0.097071
-0.442415 0.191384 -0.088418
-0.522124 0.088651 -0.096899
-0.548081 -0.026918 -0.090208
-0.494393 0.060034 -0.089635
-0.510542 0.092916 -0.088978
-0.476496 0.033168 -0.098231
-0.463742 0.046613 -0.090195
-0.507774 0.123270 -0.088585
-0.491867 0.237929 -0.087166
-0.557353 0.193589 -0.093648
-0.449883 0.199526 -0.088214
-0.501280 0.076171 -0.089325
-0.391339 0.098897 -0.090336
-0.584585 0.009512 -0.097256
-0.566796 0.178298 -0.087098
-0.409446 0.133706 -0.089627
-0.473588 0.169386 -0.088350
-0.433991 0.122151 -0.097494
-0.391467 0.040770 -0.099152
-0.335169 0.086280 -0.091192
-0.543163 0.143280 -0.087876
-0.616569 0.052150 -0.096270
-0.614602 0.041508 -0.088442
-0.560318 0.138400 -0.095738
-0.486965 0.084023 -0.089388
-0.553891 -0.053083 -0.093553
-0.470866 -0.022255 -0.091076
-0.573215 -0.012293 -0.089699
-0.590993 0.160806 -0.088216
-0.510579 -0.016794 -0.090519
-0.495737 0.253399 -0.094558
-0.471317 0.048368 -0.090078
-0.444374 0.167495 -0.096732
-0.588833 0.118566 -0.087671
-0.639302 0.040417 -0.096160
-0.513837 0.103837 -0.088785
-0.466491 0.051665 -0.098092
-0.500970 0.125264 -0.096641
-0.556379 0.144186 -0.095705
-0.438784 0.093442 -0.089838
-0.492845 0.023516 -0.090167
-0.491288 -0.083168 -0.099687
-0.410107 -0.004592 -0.099564
-0.619170 0.120033 -0.087283
-0.589989 0.050111 -0.096620
-0.392965 0.021087 -0.099411
-0.623227 0.066906 -0.095982
-0.417969 0.052544 -0.090665
-0.421646 0.043427 -0.090749
-0.641361 0.088255 -0.087462
-0.490913 -0.062969 -0.091406
-0.426850 -0.004186 -0.099356
-0.594712 0.091112 -0.095987
-0.394349 0.100497 -0.090277
-0.617364 0.012598 -0.088815
-0.431322 0.088581 -0.089997
-0.434590 0.096591 -0.097846
-0.381693 0.017337 -0.091598
-0.599430 0.064693 -0.088300
-0.500865 0.182307 -0.087839
-0.480318 0.013380 -0.098463
-0.641647 0.087824 -0.095465
-0.621803 0.120125 -0.087250
-0.592197 -0.013609 -0.090761
-0.497431 0.154203 -0.088275
-0.558190 0.172908 -0.095279
-0.520922 0.224678 -0.087001
-0.452385 0.209922 -0.091200
-0.476185 0.225264 -0.095535
-0.427683 -0.025826 -0.099650
-0.561582 -0.038276 -0.090204
-0.541143 0.022547 -0.097598
-0.530157 0.048589 -0.089364
-0.630652 0.090757 -0.087556
-0.460552 -0.019925 -0.099170
-0.492763 0.102662 -0.089056
-0.392746 0.006301 -0.093804
-0.397865 0.130074 -0.097820
-0.456849 0.088367 -0.097693
-0.604471 0.088230 -0.095909
-0.547857 0.155350 -0.087649
-0.543083 0.107086 -0.088385
-0.435506 0.103621 -0.097736
-0.420052 0.001329 -0.099361
-0.508477 0.132003 -0.088454
-0.464759 0.113101 -0.089248
-0.409428 0.143811 -0.097487
-0.419747 0.107436 -0.097873
-0.429453 0.142643 -0.089260
-0.472149 0.195367 -0.096004
-0.633472 0.072054 -0.095786
-0.520606 0.199641 -0.087357
-0.558230 0.127168 -0.087920
-0.571840 -0.031503 -0.089985
-0.474936 0.086566 -0.089498
-0.525278 0.108025 -0.088588
-0.463638 -0.001007 -0.090865
-0.422791 0.113151 -0.089755
-0.512261 -0.005330 -0.098339
-0.496770 0.034219 -0.097971
-0.521570 -0.009571 -0.090285
-0.597109 0.052236 -0.088503
-0.518935 -0.044778 -0.098813
-0.465390 0.103850 -0.097372
-0.463555 0.169030 -0.088477
-0.506405 0.061612 -0.089468
-0.501849 0.019568 -0.090114
-0.518274 -0.035439 -0.098690
-0.478611 0.094600 -0.097342
-0.584703 0.121458 -0.095682
-0.579777 -0.026277 -0.097817
-0.502239 0.145485 -0.088340
-0.463069 0.027429 -0.090472
-0.390398 0.146044 -0.095215
-0.419410 0.088946 -0.090136
-0.558405 0.075843 -0.088639
-0.535852 0.060371 -0.089129
-0.592246 0.087650 -0.096065
-0.550678 -0.031290 -0.098239
-0.428674 0.059795 -0.090434
-0.437969 0.033051 -0.098698
-0.537854 0.029519 -0.089539
-0.463194 0.043386 -0.090247
-0.671107 0.078307 -0.087242
-0.604899 0.041574 -0.096560
-0.584810 0.126502 -0.095609
-0.520013 0.055983 -0.089383
-0.594153 0.023934 -0.096938
-0.483463 0.100992 -0.097193
-0.414004 0.050586 -0.098742
-0.488917 -0.004381 -0.090607
-0.508915 0.043364 -0.097695
-0.436486 0.160200 -0.096930
-0.579871 0.145842 -0.087396
-0.417630 0.093287 -0.098098
-0.512750 0.078375 -0.089156
-0.414914 0.139603 -0.089479
-0.478658 0.090439 -0.089398
-0.585703 0.074448 -0.096330
-0.424974 -0.012790 -0.099500
-0.545042 0.072236 -0.096853
-0.650087 0.083158 -0.087428
-0.488907 0.055177 -0.089770
-0.414926 0.129378 -0.097623
-0.366583 0.050203 -0.099321
-0.518740 -0.088741 -0.091432
-0.506142 0.083937 -0.097159
-0.405954 0.056965 -0.090748
-0.490410 0.131443 -0.096682
-0.578519 0.148352 -0.095378
-0.497100 0.188740 -0.087794
-0.424108 0.071734 -0.098322
-0.502661 -0.045879 -0.091024
-0.460086 0.007395 -0.098791
-0.482622 0.176810 -0.088137
-0.502127 0.246138 -0.094928
-0.489130 0.076333 -0.089470
-0.410807 0.058281 -0.098672
-0.522322 0.085875 -0.088935
-0.493518 0.205450 -0.087603
-0.455175 0.185903 -0.096342
-0.513069 0.164733 -0.087938
-0.468436 -0.008652 -0.090915
-0.512680 -0.062837 -0.091141
-0.496490 0.120833 -0.088756
-0.494875 0.044199 -0.097853
-0.550439 0.141846 -0.087808
-0.442271 0.185505 -0.096504
-0.386270 0.125594 -0.098023
-0.510451 0.090104 -0.089019
-0.510450 0.211315 -0.087315
-0.528247 0.091709 -0.096782
-0.521646 0.177494 -0.095657
-0.419458 0.112838 -0.089800
-0.639984 0.043270 -0.096112
-0.447287 0.052028 -0.090318
-0.458100 0.141608 -0.088928
-0.469234 0.105114 -0.089306
-0.385375 0.076063 -0.098730
-0.597514 0.117275 -0.087584
-0.563662 0.017563 -0.097396
-0.456915 0.089782 -0.097672
-0.536891 0.090401 -0.096696
-0.558344 0.043268 -0.089098
-0.442120 0.013508 -0.098923
-0.491165 0.203107 -0.095665
-0.332973 0.086867 -0.099141
-0.463795 0.005975 -0.090765
-0.500532 0.178326 -0.087899
-0.479155 0.044023 -0.098046
-0.520464 -0.008326 -0.090281
-0.518549 0.159863 -0.087941
-0.631187 0.102704 -0.087382
-0.639147 0.079390 -0.087613
-0.654463 0.086766 -0.095325
-0.349419 0.097016 -0.090869
-0.476353 0.134805 -0.088803
-0.460580 0.195230 -0.096146
-0.471808 0.022568 -0.090435
-0.619182 0.083629 -0.087795
-0.517818 0.125705 -0.096431
-0.490531 0.150341 -0.088413
-0.567600 0.058892 -0.088766
-0.430170 -0.028709 -0.099660
-0.551085 0.146694 -0.087732
-0.442923 0.021393 -0.090801
-0.422798 0.056815 -0.098548
-0.436148 0.107256 -0.097678
-0.484781 0.040099 -0.098033
-0.487419 0.245130 -0.095120
-0.526053 0.140309 -0.096126
-0.532550 0.124765 -0.096266
-0.396277 0.075009 -0.090612
-0.500570 0.020673 -0.098115
-0.452378 0.146830 -0.088924
-0.451023 0.027955 -0.090611
-0.546571 0.194426 -0.087116
-0.537185 0.096571 -0.088604
-0.555426 -0.049443 -0.090436
-0.555008 -0.051929 -0.095543
-0.489810 0.067966 -0.089579
-0.394871 0.007923 -0.091571
-0.654946 0.080733 -0.087403
-0.602301 0.008033 -0.089061
-0.377813 0.102124 -0.090454
-0.530435 0.077727 -0.088951
-0.470297 0.189919 -0.096103
-0.570347 0.053222 -0.096814
-0.502597 0.078901 -0.097272
-0.481038 0.007269 -0.090538
-0.650563 0.091524 -0.095306
-0.540864 0.013731 -0.089724
-0.491674 -0.006557 -0.098605
-0.389103 0.056607 -0.090957
-0.616765 0.032814 -0.096539
-0.374938 0.058673 -0.099101
-0.430192 0.111854 -0.089684
-0.593209 0.017750 -0.089035
-0.559408 0.148190 -0.095612
-0.476354 0.121733 -0.088987
-0.503809 -0.098711 -0.099754
-0.429470 0.003291 -0.091218
-0.399827 0.153399 -0.097468
-0.403886 0.074812 -0.098524
-0.535146 -0.013767 -0.090180
-0.408556 0.094683 -0.098188
-0.582577 0.094059 -0.096092
-0.437399 0.081329 -0.090025
-0.537042 0.038589 -0.097422
-0.437633 0.169887 -0.096780
-0.588228 0.163500 -0.088590
-0.450605 0.046290 -0.098359
-0.403016 0.151980 -0.089448
-0.487209 0.142530 -0.088563
-0.438307 -0.033578 -0.091629
-0.594886 0.044471 -0.096640
-0.590884 -0.010872 -0.089465
-0.474275 0.232480 -0.089744
-0.498474 0.014983 -0.090219
-0.615936 0.016901 -0.088772
-0.557885 0.060188 -0.088865
-0.407521 0.068561 -0.090566
-0.500964 0.022536 -0.098084
-0.468088 0.004686 -0.098733
-0.539914 -0.065075 -0.090843
-0.626403 0.088125 -0.095646
-0.539477 0.188952 -0.087279
-0.512411 0.101968 -0.088828
-0.585094 0.046856 -0.096725
-0.475567 0.061130 -0.089848
-0.570643 0.018627 -0.089295
-0.585969 0.033261 -0.096906
-0.345669 0.085689 -0.099075
-0.407315 0.048417 -0.090852
-0.470210 0.147879 -0.088693
-0.371924 0.080548 -0.098830
-0.396508 0.046048 -0.099017
-0.563473 0.106812 -0.088143
-0.423397 0.013464 -0.091148
-0.654056 0.079813 -0.095428
-0.492334 -0.051526 -0.099229
-0.527802 -0.012208 -0.098248
-0.559305 0.191691 -0.093507
-0.531813 0.071892 -0.089016
-0.514878 -0.077450 -0.099321
-0.567780 0.106550 -0.088094
-0.519427 0.055168 -0.097402
-0.556121 0.140480 -0.095760
-0.510568 0.164104 -0.095979
-0.389376 0.036460 -0.099238
-0.601926 -0.002242 -0.089210
-0.537621 0.015924 -0.089732
-0.403663 0.060953 -0.090720
-0.496300 0.053172 -0.097710
-0.529923 0.113617 -0.096454
-0.403779 0.142840 -0.097569
-0.594134 0.079223 -0.096161
-0.552428 -0.054589 -0.094981
-0.601422 0.051877 -0.096457
-0.375443 0.127884 -0.090121
-0.427680 0.041059 -0.098710
-0.525654 0.101551 -0.088674
-0.380299 0.089134 -0.090606
-0.582794 0.127652 -0.095618
-0.416280 0.170850 -0.097024
-0.459271 0.166631 -0.088562
-0.516128 -0.027296 -0.090600
-0.502163 0.194425 -0.087653
-0.572592 0.057887 -0.088720
-0.538689 -0.002825 -0.089983
-0.546774 0.110574 -0.088292
-0.524423 0.192716 -0.087408
-0.461105 0.045373 -0.098245
-0.348047 0.070508 -0.091258
-0.584527 0.032560 -0.096933
-0.428671 0.104173 -0.097811
-0.540578 0.113231 -0.096331
-0.575956 0.013057 -0.097311
-0.508315 0.102585 -0.088869
-0.587319 0.060798 -0.096502
-0.423216 0.179868 -0.096148
-0.496178 0.162113 -0.096181
-0.620053 0.108657 -0.087433
-0.574935 0.019506 -0.097232
-0.555245 0.093002 -0.088436
-0.481356 -0.067950 -0.099593
-0.495225 -0.028090 -0.090864
-0.438546 0.152048 -0.089018
-0.505609 0.011612 -0.090180
-0.507147 0.201571 -0.087492
-0.401931 0.053861 -0.090840
-0.552361 0.159230 -0.087540
-0.407349 0.084277 -0.090347
-0.437761 0.132061 -0.089308
-0.475010 0.179041 -0.088198
-0.459908 0.056774 -0.090098
-0.372393 0.110034 -0.098410
-0.453045 0.184022 -0.096395
-0.550356 0.023159 -0.097478
-0.543298 0.090281 -0.088619
-0.542714 0.006447 -0.097805
-0.470034 -0.023693 -0.091107
-0.487110 0.037055 -0.090046
-0.408276 0.067328 -0.090574
-0.408295 0.011018 -0.091365
-0.485763 0.049946 -0.097883
-0.399516 0.047688 -0.090956
-0.519927 0.082243 -0.097016
-0.612615 0.035165 -0.088555
-0.593206 0.035659 -0.088783
-0.392145 0.020223 -0.091431
-0.360699 0.072096 -0.091083
-0.569481 0.173907 -0.095129
-0.422236 0.130504 -0.097519
-0.666390 0.065646 -0.095478
-0.490902 -0.085470 -0.099724
-0.536873 0.030271 -0.089540
-0.543219 -0.062458 -0.090766
-0.534402 0.038789 -0.097451
-0.554713 0.142358 -0.087749
-0.497433 -0.044317 -0.091065
-0.471083 0.028711 -0.090357
-0.470049 0.140366 -0.088801
-0.612921 0.131816 -0.095195
-0.512760 0.226111 -0.095081
-0.459707 0.075460 -0.097840
-0.644094 0.053650 -0.095916
-0.493171 -0.006736 -0.090588
-0.584260 0.120003 -0.087706
-0.469794 0.001494 -0.090756
-0.414344 0.082324 -0.098292
-0.553299 0.045891 -0.089122
-0.413856 0.061901 -0.090583
-0.507270 0.196948 -0.087556
-0.578360 0.089326 -0.096210
-0.416996 0.047834 -0.098744
-0.495393 0.081594 -0.089320
-0.532028 0.157074 -0.087817
-0.422518 -0.022457 -0.098838
-0.413064 0.015951 -0.099240
-0.487270 -0.049581 -0.091262
-0.514466 0.090193 -0.088969
-0.633897 0.032369 -0.088337
-0.594305 0.040581 -0.096702
-0.647161 0.069247 -0.095660
-0.642418 0.087003 -0.095468
-0.435231 0.111360 -0.089630
-0.425411 0.039880 -0.098754
-0.397708 0.045633 -0.099008
-0.457295 -0.004192 -0.090987
-0.596591 0.056770 -0.096447
-0.456574 -0.008904 -0.099063
-0.513283 0.132535 -0.088388
-0.518696 0.200911 -0.087362
-0.459171 0.102368 -0.097468
-0.485941 0.023934 -0.098246
-0.404247 0.005454 -0.099494
-0.609744 0.104024 -0.095624
-0.536538 0.006606 -0.089877
-0.549803 0.141191 -0.095826
-0.470181 0.101078 -0.097353
-0.442529 0.009377 -0.090974
-0.459076 -0.046153 -0.091555
-0.351032 0.070571 -0.091221
-0.582496 0.097722 -0.096042
-0.467230 -0.054503 -0.091573
-0.430223 -0.012887 -0.091436
-0.459785 0.194088 -0.096172
-0.494090 0.235643 -0.095173
-0.549770 -0.010362 -0.089955
-0.542840 0.012582 -0.089716
-0.461576 -0.043909 -0.091493
-0.653880 0.098597 -0.095166
-0.461867 0.016112 -0.090646
-0.415405 0.162677 -0.089148
-0.621801 0.112718 -0.095356
-0.456005 0.103170 -0.089494
-0.378828 0.073678 -0.098843
-0.618759 0.089136 -0.087722
-0.438595 0.131892 -0.089300
-0.422616 0.009874 -0.099210
-0.373315 0.128432 -0.091173
-0.529101 0.214052 -0.095053
-0.399135 0.034206 -0.099152
-0.447096 0.186453 -0.088431
-0.512764 0.206101 -0.087361
-0.549697 0.080542 -0.088678
-0.524455 0.025012 -0.089764
-0.617204 0.129571 -0.095174
-0.589348 0.119597 -0.087650
-0.462401 -0.021198 -0.091164
-0.470237 0.055706 -0.097990
-0.482816 0.159210 -0.088382
-0.573271 0.158786 -0.095295
-0.538953 0.150682 -0.087823
-0.360821 0.112768 -0.098511
-0.538987 0.030031 -0.097519
-0.553328 0.157264 -0.095558
-0.556782 0.074899 -0.088672
-0.450310 0.006732 -0.098919
-0.444548 0.201848 -0.092737
-0.528744 0.216524 -0.095022
-0.400687 0.036136 -0.091104
-0.474918 -0.005025 -0.090785
-0.552982 0.120086 -0.096084
-0.492372 0.035689 -0.090002
-0.491557 0.249177 -0.095013
-0.491819 0.085822 -0.089304
-0.499466 0.204705 -0.087541
-0.483320 0.182808 -0.088044
-0.409361 0.058856 -0.098682
-0.328106 0.074150 -0.099449
-0.522097 0.012575 -0.097969
-0.365022 0.082210 -0.098890
-0.576850 0.094379 -0.096157
-0.524284 -0.069726 -0.099099
-0.530274 0.120389 -0.088353
-0.472997 0.160990 -0.088476
-0.450574 0.199807 -0.096203
-0.372316 0.108804 -0.098428
-0.635590 0.042591 -0.088173
-0.441434 0.056214 -0.090330
-0.613169 0.020564 -0.096755
-0.440277 0.022806 -0.098814
-0.509408 0.041493 -0.089714
-0.610905 0.067860 -0.088116
-0.572268 0.083243 -0.088368
-0.554784 0.100162 -0.096343
-0.639356 0.098403 -0.095345
-0.529740 0.163999 -0.095748
-0.409018 -0.001117 -0.099529
-0.390243 0.046534 -0.091085
-0.492364 -0.018191 -0.098761
-0.517001 0.075789 -0.089141
-0.450346 0.068191 -0.098055
-0.516155 -0.066102 -0.091145
-0.539771 -0.035271 -0.090426
-0.623501 0.049843 -0.088217
-0.533158 0.185516 -0.087403
-0.406566 -0.001711 -0.099567
-0.590893 0.013290 -0.097127
-0.525569 0.060746 -0.097250
-0.442490 0.026515 -0.098736
-0.382982 0.060843 -0.090971
-0.425169 0.060241 -0.098471
-0.424764 0.098280 -0.089940
-0.649676 0.104009 -0.093825
-0.540536 0.098865 -0.096533
-0.606872 0.107213 -0.095614
-0.438050 -0.021457 -0.099463
-0.540240 0.123070 -0.096197
-0.457657 0.025640 -0.098564
-0.596445 0.021149 -0.096949
-0.448031 0.122375 -0.089320
-0.526236 0.116999 -0.096451
-0.467293 0.092004 -0.097515
-0.397514 0.038746 -0.091106
-0.465802 0.014848 -0.090616
-0.532024 0.051988 -0.089293
-0.358591 0.056898 -0.099323
-0.586626 0.034758 -0.088875
-0.491600 0.038956 -0.089965
-0.425617 0.083964 -0.090131
-0.601756 0.011220 -0.089023
-0.415440 -0.011320 -0.099594
-0.510449 -0.033595 -0.098758
-0.484576 0.144511 -0.096568
-0.610432 0.135987 -0.087165
-0.365263 0.118327 -0.098379
-0.454777 0.123866 -0.089218
-0.528767 0.145778 -0.096016
-0.486660 0.065425 -0.089653
-0.595835 0.151624 -0.095123
-0.507656 0.049959 -0.089617
-0.382423 0.134662 -0.097942
-0.511594 0.189567 -0.087607
-0.455048 -0.044443 -0.099581
-0.324026 0.077639 -0.094970
-0.385956 0.048061 -0.091115
-0.556563 -0.002593 -0.089764
-0.481811 0.020153 -0.090348
-0.581506 0.070345 -0.088437
-0.610031 0.062067 -0.088208
-0.654644 0.053867 -0.095785
-0.578749 0.010315 -0.089314
-0.322213 0.075777 -0.099170
-0.509374 0.047576 -0.097631
-0.503610 0.210427 -0.095412
-0.637424 0.108041 -0.095232
-0.491100 -0.028486 -0.098921
-0.378373 0.112582 -0.098301
-0.428314 0.046597 -0.090623
-0.415367 0.087725 -0.098203
-0.496847 -0.026263 -0.090818
-0.435204 -0.034284 -0.099678
-0.490604 -0.037828 -0.099058
-0.494958 0.064625 -0.089564
-0.573775 -0.027281 -0.089902
-0.484286 0.156957 -0.096397
-0.514825 -0.044160 -0.098854
-0.382981 0.025512 -0.091468
-0.388819 0.071277 -0.090754
-0.537954 0.007156 -0.097853
-0.474922 0.049686 -0.090016
-0.448396 0.094242 -0.097712
-0.425205 0.146921 -0.089251
-0.481813 -0.029336 -0.091043
-0.513399 0.063159 -0.097363
-0.578055 0.089086 -0.088215
-0.539234 0.211031 -0.088280
-0.480340 0.015317 -0.098435
-0.612845 0.060564 -0.096197
-0.498957 -0.084047 -0.091605
-0.628428 0.095854 -0.095513
-0.452391 0.133427 -0.097113
-0.493993 0.032281 -0.098032
-0.514256 0.015255 -0.090024
-0.523976 0.004013 -0.098066
-0.390629 0.038660 -0.099192
-0.620843 0.081695 -0.087802
-0.457155 0.128232 -0.097129
-0.497469 0.113447 -0.088848
-0.582545 -0.014828 -0.089621
-0.614464 0.135636 -0.087121
-0.410919 0.037915 -0.098957
-0.518793 0.211045 -0.095220
-0.510820 0.158705 -0.096052
-0.605924 0.135750 -0.095224
-0.556058 0.079315 -0.096620
-0.532588 0.156222 -0.087822
-0.486687 -0.000580 -0.098582
-0.419761 0.084472 -0.090195
-0.369858 0.120031 -0.090298
-0.602635 0.026446 -0.096800
-0.404862 0.160944 -0.090803
-0.584754 0.066885 -0.096448
-0.550616 0.139434 -0.095841
-0.445725 0.185070 -0.088467
-0.601947 0.040876 -0.096605
-0.391379 0.122855 -0.089998
-0.633341 0.109507 -0.095261
-0.360490 0.073039 -0.099073
-0.424390 0.123866 -0.097586
-0.607648 0.107569 -0.095599
-0.478984 0.000572 -0.098659
-0.489515 -0.012922 -0.098721
-0.477054 0.148366 -0.096605
-0.493088 0.111507 -0.088928
-0.485982 0.228961 -0.095365
-0.415008 0.126623 -0.089660
-0.608639 0.003343 -0.094723
-0.592649 0.069601 -0.096314
-0.565973 0.185127 -0.089869
-0.485145 0.008026 -0.090478
-0.491192 -0.073621 -0.099554
-0.435607 0.070586 -0.090198
-0.492296 0.249173 -0.087003
-0.377261 0.130317 -0.098066
-0.428612 0.034755 -0.098788
-0.481489 -0.010539 -0.090783
-0.533290 0.190486 -0.095333
-0.489405 0.051065 -0.097823
-0.459000 0.026930 -0.098530
-0.448655 -0.031205 -0.091471
-0.438035 0.100882 -0.089743
-0.458392 0.084794 -0.089723
-0.402020 0.105184 -0.098119
-0.400515 0.004754 -0.099549
-0.491908 0.000062 -0.098510
-0.453917 0.176105 -0.096495
-0.514594 0.216887 -0.087187
-0.548317 0.022077 -0.089517
-0.581489 -0.011712 -0.097592
-0.604392 0.062457 -0.088271
-0.474238 0.219841 -0.095635
-0.435636 0.135000 -0.089293
-0.434409 0.186062 -0.096591
-0.507871 0.079330 -0.089201
-0.465897 0.223848 -0.091183
-0.585095 0.021344 -0.089082
-0.465502 0.109932 -0.097285
-0.593242 0.148417 -0.095199
-0.425996 -0.003408 -0.099355
-0.428370 0.154716 -0.089103
-0.502344 -0.060827 -0.099239
-0.469918 0.044789 -0.090146
-0.592366 0.043679 -0.088680
-0.443635 0.135673 -0.089186
-0.584302 0.159660 -0.095150
-0.446927 0.140051 -0.089085
-0.438004 0.140697 -0.097185
-0.525609 0.119757 -0.088419
-0.566334 0.014790 -0.089401
-0.543373 0.099795 -0.088484
-0.484932 0.242898 -0.087180
-0.622690 0.096986 -0.087565
-0.508787 0.064166 -0.097405
-0.633056 0.048253 -0.096125
-0.446611 0.020012 -0.090776
-0.443200 -0.014797 -0.099307
-0.357404 0.088568 -0.098893
-0.451001 -0.033260 -0.099473
-0.565344 0.003930 -0.089566
-0.508288 0.094690 -0.088980
-0.444145 0.035507 -0.098589
-0.489509 0.135082 -0.096641
-0.487402 0.146085 -0.096512
-0.543934 0.089929 -0.088616
-0.480082 0.107529 -0.097142
-0.443363 0.002839 -0.091056
-0.471775 0.046780 -0.090095
-0.460783 0.105237 -0.089407
-0.445438 0.152342 -0.096932
-0.441753 0.109480 -0.089577
-0.508948 0.077421 -0.097216
-0.593352 0.075127 -0.096228
-0.473040 0.106323 -0.089243
-0.504908 -0.016231 -0.098581
-0.616686 0.030013 -0.088578
-0.432692 -0.001859 -0.091251
-0.560939 0.059349 -0.096842
-0.623959 0.019133 -0.095627
-0.610637 0.099203 -0.087679
-0.486976 0.233911 -0.087282
-0.442689 0.037415 -0.098580
-0.554533 0.150555 -0.087636
-0.437832 0.009740 -0.099028
-0.430898 0.029169 -0.098838
-0.500575 0.088470 -0.089161
-0.417619 0.010836 -0.091255
-0.488282 0.238303 -0.087204
-0.593723 -0.000915 -0.097292
-0.424555 0.015137 -0.091111
-0.572464 0.152437 -0.095394
-0.423125 0.130298 -0.097511
-0.431367 0.038056 -0.090706
-0.530150 0.164330 -0.087737
-0.545266 0.163058 -0.095574
-0.349221 0.063301 -0.099347
-0.507668 0.107077 -0.088814
-0.473375 0.140597 -0.088758
-0.575183 0.049432 -0.096809
-0.503531 0.102526 -0.088928
-0.494036 -0.065400 -0.099404
-0.527701 0.166291 -0.087739
-0.502413 0.228652 -0.087169
-0.506825 0.067056 -0.097388
-0.643723 0.102442 -0.095235
-0.479424 0.020697 -0.090369
-0.429911 0.174586 -0.096807
-0.437999 -0.027630 -0.091549
-0.501681 -0.095415 -0.091732
-0.521081 0.017473 -0.097912
-0.640895 0.041703 -0.088121
-0.380495 0.135829 -0.090224
-0.451937 0.072778 -0.097971
-0.428852 0.018675 -0.099011
-0.484584 0.200013 -0.095788
-0.452857 0.210411 -0.092084
-0.467606 0.205352 -0.087917
-0.465445 0.012812 -0.098650
-0.400070 0.000461 -0.099615
-0.584170 0.097976 -0.096018
-0.624338 0.075692 -0.087844
-0.445302 0.111651 -0.097505
-0.537318 0.089484 -0.096704
-0.512439 0.150152 -0.096152
-0.505349 0.099424 -0.088949
-0.629466 0.077307 -0.095761
-0.472283 0.030945 -0.098313
-0.576255 -0.001523 -0.089510
-0.588652 0.008745 -0.089216
-0.470310 0.083747 -0.097595
-0.495610 -0.082901 -0.099631
-0.587796 0.131052 -0.095509
-0.440050 0.177903 -0.096638
-0.443748 0.137434 -0.089160
-0.587372 0.108920 -0.087824
-0.504630 -0.034565 -0.090841
-0.614113 0.046623 -0.096377
-0.484269 0.032299 -0.090148
-0.436576 -0.030062 -0.091601
-0.611977 0.034906 -0.096568
-0.527212 0.125688 -0.096317
-0.469302 0.139770 -0.096820
-0.535007 0.039966 -0.089426
-0.453056 -0.048892 -0.091666
-0.371473 0.046960 -0.099307
-0.495074 0.090127 -0.097206
-0.459746 0.122947 -0.089170
-0.549900 0.200769 -0.091632
-0.503531 0.166980 -0.096023
-0.381217 0.134860 -0.097954
-0.457105 0.177649 -0.096435
-0.578011 0.164855 -0.087151
-0.569521 0.181044 -0.095028
-0.404119 0.120849 -0.089873
-0.461904 -0.030198 -0.091296
-0.505752 0.131436 -0.096496
-0.562256 -0.011780 -0.097825
-0.589550 0.122772 -0.087603
-0.404005 0.023620 -0.091240
-0.536313 -0.010116 -0.098116
-0.403409 0.051189 -0.098861
-0.542546 -0.055890 -0.098683
-0.589717 0.134963 -0.087430
-0.558703 0.137914 -0.095765
-0.429220 0.094790 -0.089935
-0.442978 0.127134 -0.089314
-0.532512 -0.032538 -0.098477
-0.609563 0.004299 -0.096995
-0.419026 0.045240 -0.098756
-0.512787 0.138933 -0.088304
-0.554637 0.196184 -0.092106
-0.544199 -0.018156 -0.090132
-0.498758 -0.048328 -0.099107
-0.613465 0.131815 -0.087187
-0.399867 0.148813 -0.097532
-0.623405 0.065723 -0.087995
-0.630558 0.032057 -0.096383
-0.407218 0.098905 -0.098145
-0.500749 -0.098466 -0.094976
-0.484054 0.238213 -0.087257
-0.497094 0.232310 -0.087182
-0.561552 -0.017821 -0.089917
-0.362340 0.077434 -0.098989
-0.417939 0.139955 -0.089437
-0.347651 0.101989 -0.095989
-0.400001 0.005403 -0.091545
-0.523988 0.161448 -0.087852
-0.475009 0.189733 -0.096049
-0.668009 0.082861 -0.087215
-0.419698 0.176241 -0.095352
-0.612695 0.069185 -0.088076
-0.439186 0.155862 -0.096958
-0.422815 -0.011573 -0.091507
-0.493865 0.019117 -0.098218
-0.330063 0.072908 -0.099443
-0.538081 -0.042359 -0.090546
-0.610952 0.100147 -0.095664
-0.405163 0.053244 -0.098811
-0.450120 0.109684 -0.089473
-0.487358 0.080564 -0.089432
-0.585734 0.026618 -0.089000
-0.538867 -0.032259 -0.090394
-0.539359 0.174812 -0.095480
-0.496139 0.208227 -0.087532
-0.358849 0.086776 -0.090899
-0.493913 -0.042169 -0.091077
-0.586391 0.027630 -0.096980
-0.613181 0.139306 -0.089342
-0.398953 0.033307 -0.091165
-0.376437 0.086367 -0.098693
-0.340859 0.077071 -0.091253
-0.402407 0.154066 -0.089427
-0.595143 0.037282 -0.088737
-0.561948 0.153838 -0.095502
-0.565729 0.046034 -0.088969
-0.361438 0.046554 -0.091433
-0.421010 0.063801 -0.090470
-0.430220 0.166858 -0.088910
-0.401059 0.029734 -0.091190
-0.654447 0.098897 -0.095155
-0.557230 0.084462 -0.096534
-0.602856 0.103363 -0.087715
-0.452702 0.106914 -0.097482
-0.585155 0.088566 -0.088137
-0.525298 0.075731 -0.097042
-0.508965 -0.056398 -0.099097
-0.562265 0.103284 -0.096208
-0.394639 0.013788 -0.099493
-0.510988 0.181326 -0.095732
-0.409040 0.143494 -0.089495
-0.435566 0.012738 -0.099013
-0.484796 0.109656 -0.097056
-0.454787 0.009498 -0.090825
-0.510130 0.227981 -0.087085
-0.531203 0.151649 -0.087903
-0.402634 0.073850 -0.090551
-0.502179 0.085182 -0.089188
-0.418833 0.150695 -0.097277
-0.516671 -0.087778 -0.091443
-0.377685 0.043894 -0.091274
-0.593772 -0.001159 -0.089293
-0.464746 -0.049373 -0.099533
-0.540417 0.119956 -0.096238
-0.382413 0.066083 -0.098906
-0.518826 0.114553 -0.088574
-0.480765 0.016966 -0.090405
-0.439222 0.183845 -0.088563
-0.507366 0.202856 -0.095473
-0.611740 0.132096 -0.095205
-0.571775 0.054057 -0.088784
-0.528717 0.075630 -0.097003
-0.433623 0.108584 -0.097690
-0.616096 0.050490 -0.088298
-0.624092 0.128742 -0.090231
-0.557260 0.099119 -0.096327
-0.356127 0.110721 -0.093682
-0.469345 0.111031 -0.097223
-0.364983 0.036718 -0.091528
-0.512958 -0.091055 -0.099535
-0.591885 -0.010566 -0.097450
-0.599372 0.083600 -0.088035
-0.534405 0.202723 -0.087146
-0.485958 0.213148 -0.095587
-0.511953 0.199397 -0.087465
-0.439729 0.035576 -0.098642
-0.456773 0.036691 -0.090418
-0.357042 0.056479 -0.091346
-0.574730 0.110506 -0.095956
-0.538144 0.020431 -0.089663
-0.417524 0.173992 -0.090039
-0.433180 0.071433 -0.098217
-0.605275 0.022587 -0.096822
-0.430158 -0.027677 -0.091645
-0.437568 0.033834 -0.090691
-0.525561 -0.035217 -0.090597
-0.468984 0.077713 -0.089694
-0.468715 -0.029595 -0.099207
-0.566355 -0.031814 -0.098057
-0.552160 0.123537 -0.088044
-0.574390 0.097238 -0.096147
-0.385198 0.056959 -0.090999
-0.477022 0.152153 -0.096552
-0.533069 -0.036471 -0.090524
-0.431933 0.055935 -0.098450
-0.515007 0.195663 -0.087480
-0.507493 0.071286 -0.097320
-0.514238 0.030479 -0.089811
-0.462948 0.163667 -0.096561
-0.550767 0.087393 -0.096571
-0.597882 0.028280 -0.088830
-0.478903 0.236909 -0.095339
-0.482831 -0.081105 -0.093998
-0.670409 0.078518 -0.087247
-0.594490 0.146015 -0.095218
-0.437897 0.041373 -0.090581
-0.524815 0.055072 -0.089337
-0.511934 0.120723 -0.088570
-0.470500 -0.031118 -0.091205
-0.527211 -0.069745 -0.099064
-0.430494 -0.019127 -0.091521
-0.446213 -0.032327 -0.099517
-0.631601 0.091062 -0.087540
-0.530159 -0.047147 -0.090709
-0.384482 0.097653 -0.090436
-0.430453 0.005774 -0.091171
-0.384489 0.022305 -0.099496
-0.506518 0.035335 -0.089836
-0.468463 0.118769 -0.089124
-0.566198 0.043441 -0.089000
-0.350154 0.093011 -0.098918
-0.593231 0.045240 -0.088648
-0.487235 0.223161 -0.087430
-0.523372 -0.077792 -0.091222
-0.421764 0.080160 -0.098232
-0.420553 0.151215 -0.089247
-0.630098 0.083359 -0.087667
-0.474931 0.228242 -0.087507
-0.616521 0.071093 -0.096004
-0.404426 0.051713 -0.098842
-0.414448 0.100247 -0.090037
-0.628809 0.041986 -0.096265
-0.503842 -0.046974 -0.099026
-0.542569 -0.051974 -0.090627
-0.621241 0.100741 -0.087529
-0.518086 -0.038401 -0.090732
-0.414646 0.091686 -0.098156
-0.590701 0.043887 -0.088698
-0.521728 0.228146 -0.093229
-0.460388 0.031532 -0.090447
-0.664467 0.078663 -0.087317
-0.571179 0.023100 -0.097227
-0.408969 0.137521 -0.097581
-0.446420 0.032234 -0.098608
-0.482546 0.234729 -0.095325
-0.480613 0.239015 -0.091817
-0.472087 0.216233 -0.087710
-0.646544 0.083969 -0.095460
-0.369712 0.081746 -0.098840
-0.661063 0.060257 -0.087617
-0.525261 0.198837 -0.087312
-0.569110 0.010303 -0.097432
-0.460510 -0.033033 -0.099354
-0.449219 -0.048356 -0.099233
-0.451512 -0.028045 -0.099393
-0.350371 0.052865 -0.099479
-0.563048 -0.043649 -0.091709
-0.639444 0.069137 -0.087753
-0.414558 0.033083 -0.098981
-0.586281 0.006604 -0.097276
-0.505355 0.219713 -0.087259
-0.391089 0.061156 -0.098870
-0.468274 0.061927 -0.097926
-0.609602 0.131549 -0.087237
-0.454209 0.058567 -0.090142
-0.600379 0.012955 -0.089015
-0.557596 0.002983 -0.089673
-0.499671 0.039482 -0.097862
-0.576870 0.146677 -0.087420
-0.531052 0.201082 -0.095211
-0.514533 0.179935 -0.095708
-0.464106 0.073468 -0.097814
-0.486079 -0.039077 -0.099130
-0.386226 0.127552 -0.097996
-0.580932 0.050570 -0.088722
-0.403299 0.151742 -0.097450
-0.406274 0.072157 -0.090531
-0.388244 0.096388 -0.090408
-0.429985 0.182494 -0.096695
-0.562238 0.134187 -0.095774
-0.644172 0.062821 -0.095786
-0.532616 0.214120 -0.095009
-0.537298 0.075430 -0.088900
-0.499345 0.240590 -0.087038
-0.347926 0.080467 -0.099121
-0.626716 0.021964 -0.088604
-0.627147 0.074330 -0.095830
-0.549317 -0.039292 -0.098368
-0.526772 0.179103 -0.095572
-0.601658 0.058230 -0.088364
-0.399969 0.056579 -0.090826
-0.403304 0.031693 -0.091135
-0.527627 0.162616 -0.095793
-0.562747 0.001335 -0.097635
-0.619431 0.078157 -0.095870
-0.558753 0.136055 -0.095790
-0.451600 0.146280 -0.096942
-0.447347 -0.035381 -0.099547
-0.465400 0.082131 -0.089676
-0.532055 0.092432 -0.096726
-0.459102 0.140801 -0.088927
-0.449361 -0.010398 -0.099171
-0.488244 0.121506 -0.088846
-0.405198 0.055722 -0.098776
-0.594311 0.113244 -0.087679
-0.559563 0.191364 -0.090556
-0.451754 0.040436 -0.098428
-0.452004 0.100881 -0.089574
-0.457991 0.203310 -0.096064
-0.521663 0.161494 -0.087880
-0.551467 0.154929 -0.087612
-0.635481 0.089535 -0.087515
-0.623087 0.114934 -0.095309
-0.460054 0.121933 -0.089181
-0.347495 0.099437 -0.098860
-0.419602 0.044512 -0.098759
-0.367128 0.111864 -0.090446
-0.441807 0.150387 -0.089002
-0.503013 -0.052996 -0.099121
-0.562447 0.120249 -0.087966
-0.572873 0.158293 -0.095307
-0.525421 0.062550 -0.089225
-0.486775 -0.055181 -0.099348
-0.469495 -0.057540 -0.099590
-0.551496 0.163698 -0.087488
-0.576415 0.045274 -0.088851
-0.443565 -0.035056 -0.099588
-0.530150 0.099168 -0.096654
-0.454250 0.184911 -0.088366
-0.538068 0.171443 -0.095543
-0.491109 0.112288 -0.096942
-0.540798 0.169332 -0.095540
-0.354314 0.108518 -0.090648
-0.542698 0.127703 -0.096102
-0.624290 0.106391 -0.087413
-0.373738 0.121729 -0.098229
-0.509318 -0.068884 -0.091266
-0.388586 0.072379 -0.098743
-0.494633 0.147890 -0.088398
-0.503624 0.245639 -0.090372
-0.515418 0.067740 -0.097274
-0.613613 0.050815 -0.096325
-0.540936 0.185066 -0.087316
-0.489200 0.134819 -0.096649
-0.563283 0.099725 -0.096246
-0.371229 0.043092 -0.099364
-0.625615 0.043965 -0.088274
-0.394298 0.013386 -0.099503
-0.363436 0.071299 -0.099062
-0.460514 0.146678 -0.088828
-0.507938 -0.033393 -0.098786
-0.395233 0.054410 -0.098915
-0.406493 0.013294 -0.091355
-0.377156 0.069981 -0.098915
-0.349408 0.048451 -0.097576
-0.407185 0.106654 -0.090035
-0.522178 0.194861 -0.095406
-0.523824 0.174651 -0.087669
-0.456939 0.019428 -0.090659
-0.426653 0.032032 -0.098849
-0.464916 -0.055743 -0.099620
-0.396253 0.047490 -0.099000
-0.615153 0.135735 -0.095113
-0.502466 0.120043 -0.096696
-0.430820 0.174961 -0.088789
-0.484062 0.136485 -0.096687
-0.395513 0.039431 -0.091121
-0.539311 0.116964 -0.096294
-0.384472 0.024614 -0.091462
-0.481223 0.053074 -0.089892
-0.435892 0.009215 -0.091057
-0.662248 0.077601 -0.087359
-0.429782 0.175197 -0.096800
-0.621014 0.038877 -0.096403
-0.470128 0.163400 -0.088476
-0.545435 0.115917 -0.096234
-0.494722 -0.040928 -0.091050
-0.511749 0.150497 -0.088154
-0.450228 0.045058 -0.090380
-0.539980 0.113503 -0.088333
-0.428105 0.184901 -0.092935
-0.485831 0.011922 -0.090415
-0.474224 -0.028679 -0.099127
-0.643125 0.110192 -0.087132
-0.449886 0.188833 -0.088364
-0.645510 0.041342 -0.094472
-0.522039 -0.026892 -0.098524
-0.422089 0.161705 -0.089081
-0.520966 -0.007134 -0.090258
-0.561760 0.084474 -0.088477
-0.611663 0.053907 -0.088303
-0.599530 0.002890 -0.089167
-0.469754 -0.002291 -0.090809
-0.390383 0.146023 -0.092213
-0.513048 0.202028 -0.087415
-0.568860 0.079113 -0.096468
-0.462760 0.045194 -0.098228
-0.454294 0.035288 -0.090468
-0.521147 0.220651 -0.095056
-0.548418 -0.045653 -0.090467
-0.526188 0.223701 -0.088707
-0.535083 0.028297 -0.097591
-0.601994 0.048261 -0.088500
-0.579132 -0.012825 -0.089634
-0.436016 -0.001701 -0.099210
-0.521120 -0.073940 -0.091195
-0.457791 0.162930 -0.088632
-0.449811 -0.033774 -0.099494
-0.547078 0.188090 -0.095200
-0.475139 0.087253 -0.089486
-0.535860 0.014770 -0.089770
-0.489186 0.033944 -0.098066
-0.416705 0.110066 -0.089872
-0.533862 0.116491 -0.096366
-0.632720 0.088545 -0.087562
-0.518631 0.124946 -0.096432
-0.381892 0.120655 -0.090144
-0.527571 0.128597 -0.088271
-0.476944 0.219349 -0.087608
-0.507004 0.212987 -0.087334
-0.543757 0.182007 -0.095326
-0.436860 0.105895 -0.089687
-0.499585 -0.040168 -0.098982
-0.429939 0.019787 -0.098982
-0.515829 0.011116 -0.090064
-0.475486 -0.006523 -0.090799
-0.454129 -0.053162 -0.097627
-0.605533 0.052365 -0.096401
-0.503955 0.147520 -0.096292
-0.594150 0.149528 -0.087171
-0.414854 0.171248 -0.094948
-0.565444 0.115704 -0.087994
-0.482631 0.099212 -0.097229
-0.490944 0.031589 -0.090077
-0.574951 0.130589 -0.087670
-0.532437 0.034570 -0.097535
-0.597321 0.052948 -0.088490
-0.463608 0.074161 -0.097811
-0.507582 0.017149 -0.090079
-0.442252 0.084680 -0.089920
-0.439950 0.041563 -0.098555
-0.496155 0.236632 -0.087133
-0.606097 0.000818 -0.097118
-0.468282 0.178357 -0.096290
-0.418249 0.024079 -0.099063
-0.483267 0.147597 -0.096541
-0.589437 0.136439 -0.095414
-0.483970 -0.037430 -0.091131
-0.492956 0.144811 -0.096463
-0.621028 0.123972 -0.095207
-0.467990 -0.014592 -0.091003
-0.442280 0.111774 -0.089539
-0.442488 0.050790 -0.098394
-0.361340 0.036844 -0.096461
-0.500791 -0.042530 -0.099001
-0.539642 -0.060483 -0.090782
-0.481420 0.119883 -0.088951
-0.483420 0.004771 -0.090545
-0.600714 0.034735 -0.088705
-0.663259 0.059629 -0.090680
-0.453064 0.195673 -0.096231
-0.374258 0.111334 -0.098369
-0.583765 0.076157 -0.096329
-0.599417 0.118453 -0.087544
-0.580656 -0.012305 -0.097610
-0.523811 0.047712 -0.097454
-0.406602 0.149458 -0.097442
-0.523578 0.038566 -0.089584
-0.637995 0.045097 -0.096110
-0.367321 0.041729 -0.091429
-0.544225 0.053759 -0.089121
-0.562914 0.097409 -0.096283
-0.390480 0.119874 -0.090051
-0.628438 0.106078 -0.095369
-0.533632 0.030455 -0.089577
-0.514010 -0.070740 -0.091236
-0.446551 0.072904 -0.098035
-0.629955 0.108505 -0.095316
-0.546039 0.050687 -0.089142
-0.410324 0.109034 -0.089964
-0.491094 0.175890 -0.088047
-0.416948 0.080715 -0.098283
-0.383634 0.027203 -0.099438
-0.660879 0.073142 -0.095439
-0.505864 -0.102578 -0.095311
-0.476897 0.069314 -0.089717
-0.496842 0.130635 -0.096615
-0.373210 0.025404 -0.091588
-0.611484 0.075211 -0.088006
-0.573502 0.076667 -0.096446
-0.544904 0.112864 -0.096284
-0.510581 -0.097714 -0.096761
-0.476949 0.122945 -0.088962
-0.571455 0.036501 -0.097036
-0.644773 0.108752 -0.093234
-0.462014 0.023776 -0.098538
-0.434496 0.058331 -0.098385
-0.446958 0.132079 -0.089197
-0.563649 0.044342 -0.097020
-0.356253 0.085890 -0.098944
-0.465093 0.223018 -0.090392
-0.456115 0.138731 -0.088992
-0.478842 0.161575 -0.096398
-0.493546 0.182041 -0.087931
-0.604922 0.132327 -0.087283
-0.614984 0.038690 -0.088477
-0.423550 0.006306 -0.099249
-0.482493 0.133941 -0.096742
-0.446863 0.083090 -0.089886
-0.492793 -0.048281 -0.091177
-0.520659 0.095327 -0.088822
-0.462561 0.044870 -0.090233
-0.463253 0.036204 -0.090347
-0.484723 0.232500 -0.095330
-0.566526 0.054278 -0.096845
-0.520215 -0.079744 -0.091287
-0.460003 0.217779 -0.094875
-0.571524 0.089802 -0.088284
-0.363129 0.117941 -0.095573
-0.536008 0.064809 -0.089065
-0.380209 0.046264 -0.091210
-0.637635 0.051605 -0.096023
-0.490542 0.011211 -0.090368
-0.615351 0.025248 -0.088661
-0.560540 0.060013 -0.088836
-0.484451 0.045878 -0.089955
-0.552815 -0.039278 -0.090324
-0.638632 0.042475 -0.096139
-0.595275 0.131176 -0.087416
-0.498428 0.100446 -0.097020
-0.571341 -0.001134 -0.089564
-0.577978 0.072143 -0.096456
-0.533337 0.208441 -0.087079
-0.524838 0.059467 -0.089275
-0.426643 0.108652 -0.097773
-0.438510 -0.023389 -0.091484
-0.607787 0.144499 -0.087759
-0.462668 0.043691 -0.098250
-0.608358 0.086243 -0.087889
-0.477529 -0.010500 -0.098832
-0.525289 0.048735 -0.097422
-0.616727 0.065963 -0.088073
-0.444754 0.124227 -0.089334
-0.550440 0.108192 -0.088281
-0.596151 0.144496 -0.087218
-0.628817 0.059319 -0.088020
-0.443290 0.081360 -0.097955
-0.643615 0.049437 -0.087980
-0.528654 0.081010 -0.088926
-0.610474 0.035057 -0.096584
-0.629834 0.065698 -0.095919
-0.424717 0.178843 -0.096810
-0.605509 0.094676 -0.095806
-0.434358 0.191349 -0.094863
-0.557171 0.147555 -0.095648
-0.567535 0.166191 -0.095261
-0.483915 0.210461 -0.087648
-0.383085 0.098057 -0.098449
-0.629188 0.038026 -0.088315
-0.426834 0.056691 -0.090499
-0.479069 0.111194 -0.097103
-0.518495 0.092377 -0.096891
-0.377626 0.116169 -0.098260
-0.516486 0.071392 -0.097210
-0.389496 0.073010 -0.098723
-0.440140 -0.039737 -0.091810
-0.481145 -0.036359 -0.099152
-0.524381 0.067703 -0.097166
-0.554303 -0.041423 -0.098338
-0.398991 0.062441 -0.098757
-0.421655 0.147925 -0.097281
-0.444992 -0.042270 -0.099672
-0.372750 0.127857 -0.096269
-0.624725 0.019921 -0.094427
-0.484384 0.180892 -0.088058
-0.587793 0.005066 -0.097280
-0.548373 -0.058766 -0.096434
-0.518816 0.062025 -0.089312
-0.438550 0.049689 -0.090456
-0.627685 0.078979 -0.095759
-0.397105 0.003389 -0.091608
-0.523598 0.196615 -0.087363
-0.447456 0.176729 -0.096565
-0.538796 0.131993 -0.096089
-0.475614 0.114057 -0.097105
-0.530556 0.006982 -0.097945
-0.492298 -0.033027 -0.098970
-0.393896 0.118135 -0.098036
-0.610662 0.025121 -0.088720
-0.670780 0.083557 -0.094843
-0.486368 0.038451 -0.098037
-0.471878 0.133558 -0.088875
-0.498625 0.086544 -0.097213
-0.478000 -0.006462 -0.090768
-0.355977 0.042053 -0.096643
-0.501291 0.010439 -0.090249
-0.622037 0.130684 -0.088258
-0.468034 -0.036253 -0.099309
-0.602248 0.117006 -0.095532
-0.492759 0.231244 -0.095251
-0.509170 -0.077635 -0.099393
-0.540887 0.140642 -0.095942
-0.538089 0.090854 -0.088674
-0.479025 0.070020 -0.089681
-0.517242 0.091625 -0.096917
-0.379144 0.125275 -0.098114
-0.368244 0.104145 -0.090541
-0.491772 -0.014760 -0.098720
-0.472568 0.011043 -0.098589
-0.446482 0.101496 -0.089632
-0.480597 0.109052 -0.089113
-0.484957 0.232642 -0.087324
-0.443590 0.123961 -0.097353
-0.576765 -0.029504 -0.096235
-0.542610 0.027578 -0.089508
-0.642236 0.083220 -0.087522
-0.593347 0.114500 -0.087673
-0.583273 -0.022796 -0.097083
-0.529541 0.096316 -0.088701
-0.563357 0.100093 -0.096240
-0.623631 0.070451 -0.087926
-0.521094 0.228165 -0.086950
-0.496494 -0.060148 -0.099300
-0.589728 0.116655 -0.087687
-0.577485 -0.028770 -0.091776
-0.365706 0.043456 -0.099426
-0.503742 0.164338 -0.096058
-0.393615 0.062658 -0.090817
-0.539844 0.076373 -0.088856
-0.502158 0.144351 -0.088357
-0.485585 0.148678 -0.088496
-0.555942 0.095474 -0.096394
-0.428599 0.096206 -0.097924
-0.578271 0.056757 -0.088667
-0.465711 -0.058622 -0.091650
-0.482955 0.189893 -0.087949
-0.487566 -0.070588 -0.091553
-0.474893 0.158737 -0.088484
-0.598835 0.121057 -0.095516
-0.468772 0.205572 -0.087900
-0.481153 0.226835 -0.087452
-0.644583 0.068401 -0.095703
-0.446765 0.038646 -0.090512
-0.496955 0.096010 -0.089099
-0.508699 0.213495 -0.087306
-0.508144 0.200290 -0.087498
-0.633388 0.072082 -0.095787
-0.476839 0.172212 -0.096273
-0.449766 0.116373 -0.097385
-0.437323 0.140520 -0.089195
-0.451795 0.046196 -0.098346
-0.404657 0.014477 -0.091361
-0.507773 0.007786 -0.090208
-0.347308 0.051715 -0.099532
-0.576307 0.146955 -0.087423
-0.518257 0.105082 -0.096715
-0.637057 0.084057 -0.087573
-0.445010 0.122478 -0.089355
-0.339230 0.092885 -0.091050
-0.580444 0.072596 -0.096420
-0.522233 0.214666 -0.087126
-0.552885 0.184065 -0.087185
-0.490211 0.209821 -0.087581
-0.614087 0.066095 -0.088103
-0.517909 0.221913 -0.095078
-0.600171 0.003273 -0.089154
-0.503264 -0.095064 -0.099709
-0.421837 0.107444 -0.089847
-0.625287 0.021988 -0.088587
-0.426634 0.145209 -0.097259
-0.457010 0.162740 -0.088644
-0.620842 0.065859 -0.088024
-0.411804 0.122829 -0.097753
-0.417387 0.173423 -0.088973
-0.611153 0.122682 -0.095344
-0.529947 0.217094 -0.095000
-0.593087 0.158756 -0.087506
-0.538695 0.028169 -0.089547
-0.545550 -0.033846 -0.098337
-0.395673 0.003534 -0.096619
-0.607157 0.023879 -0.088780
-0.600048 0.097632 -0.087829
-0.518329 0.068484 -0.097229
-0.515347 0.062441 -0.089348
-0.478796 -0.061562 -0.099534
-0.613849 0.089663 -0.087774
-0.474720 0.232941 -0.090977
-0.422980 0.057936 -0.098530
-0.580298 0.125372 -0.087678
-0.514719 0.005078 -0.090162
-0.613749 0.074801 -0.095986
-0.399194 0.155111 -0.096655
-0.575361 0.133373 -0.095627
-0.386434 0.117569 -0.098134
-0.393816 0.059121 -0.090865
-0.553933 -0.032145 -0.090211
-0.505788 -0.006453 -0.098433
-0.505639 0.167018 -0.095997
-0.404975 -0.005607 -0.092153
-0.530179 0.131753 -0.088195
-0.457875 0.202280 -0.096080
-0.634532 0.046604 -0.088129
-0.641080 0.051731 -0.095980
-0.408745 0.009524 -0.099382
-0.445011 -0.022570 -0.099395
-0.572112 0.179248 -0.092917
-0.577852 0.037571 -0.088942
-0.498244 0.174374 -0.087982
-0.495742 0.043469 -0.097853
-0.438540 0.016139 -0.098929
-0.452102 0.165352 -0.088667
-0.514603 0.065862 -0.089309
-0.410263 0.113196 -0.089906
-0.624359 0.090806 -0.095633
-0.510193 0.237502 -0.094952
-0.546791 -0.009504 -0.097980
-0.577264 0.137923 -0.087539
-0.441298 -0.013756 -0.099316
-0.609676 0.079308 -0.095972
-0.545777 -0.031236 -0.090297
-0.489930 0.099664 -0.089133
-0.593629 0.120286 -0.087589
-0.445760 -0.031073 -0.099505
-0.335648 0.078247 -0.091299
-0.465821 0.203767 -0.087961
-0.372081 0.125295 -0.098199
-0.472883 -0.051938 -0.091469
-0.637974 0.114483 -0.095135
-0.421480 -0.021625 -0.092075
-0.402243 0.100284 -0.098186
-0.584890 0.109926 -0.087840
-0.406014 0.029236 -0.091137
-0.456645 0.031117 -0.098500
-0.462410 -0.040400 -0.091434
-0.514471 -0.068569 -0.091200
-0.490086 0.167176 -0.088182
-0.609895 0.046000 -0.088436
-0.661454 0.070343 -0.095472
-0.383549 0.130678 -0.089983
-0.387692 0.136409 -0.097854
-0.566250 -0.004632 -0.089675
-0.444868 0.018003 -0.090825
-0.414707 0.154841 -0.089267
-0.361119 0.097327 -0.090723
-0.467144 0.219768 -0.095722
-0.394595 0.004600 -0.097397
-0.520020 0.060474 -0.089319
-0.487555 0.246169 -0.091431
-0.339299 0.058284 -0.098490
-0.660994 0.092896 -0.088739
-0.550670 0.042878 -0.089196
-0.528671 0.207993 -0.087142
-0.640297 0.046980 -0.096056
-0.434442 0.137695 -0.097271
-0.561093 0.115219 -0.096055
-0.413344 0.139937 -0.089493
-0.459985 0.015097 -0.090683
-0.491980 0.109214 -0.096975
-0.433834 0.155589 -0.089025
-0.442486 0.000726 -0.091097
-0.587890 0.052207 -0.088615
-0.492441 0.020081 -0.090220
-0.485525 -0.082961 -0.091752
-0.436703 0.189814 -0.096511
-0.489360 0.153892 -0.088377
-0.457345 0.062993 -0.090042
-0.482951 0.172047 -0.096201
-0.525655 0.049626 -0.097405
-0.478573 0.057121 -0.097869
-0.452220 0.126849 -0.089207
-0.502879 0.200592 -0.087558
-0.331461 0.085300 -0.093541
-0.435621 -0.028599 -0.099593
-0.517177 0.075343 -0.089145
-0.440682 -0.012538 -0.099306
-0.660255 0.062443 -0.087596
-0.467456 -0.055608 -0.099588
-0.441345 0.114956 -0.097507
-0.521337 0.202373 -0.095311
-0.414363 0.039971 -0.098887
-0.484161 0.086240 -0.089391
-0.504777 0.115999 -0.096725
-0.428308 0.158591 -0.089050
-0.507982 -0.036087 -0.098823
-0.496585 0.189308 -0.087792
-0.570510 -0.020442 -0.097847
-0.419721 0.079157 -0.098271
-0.394602 0.124228 -0.089940
-0.385009 0.013956 -0.099496
-0.549189 0.190202 -0.087144
-0.478238 -0.076279 -0.099748
-0.518149 0.103696 -0.096736
-0.631783 0.087919 -0.087582
-0.478992 0.059783 -0.097827
-0.488144 0.175262 -0.096093
-0.485963 0.153392 -0.096427
-0.558771 0.063905 -0.088802
-0.414679 0.090579 -0.098172
-0.388931 0.071568 -0.098750
-0.490405 0.094743 -0.089196
-0.474263 0.232471 -0.091820
-0.550446 0.116556 -0.088163
-0.616338 0.070565 -0.096014
-0.537174 -0.007360 -0.098066
-0.603884 0.035880 -0.088651
-0.555215 0.040639 -0.089172
-0.520367 0.190723 -0.095486
-0.508277 0.241121 -0.090242
-0.486986 -0.071595 -0.099576
-0.441945 -0.030064 -0.099537
-0.595905 0.076588 -0.088175
-0.501900 0.100054 -0.096984
-0.496919 0.126629 -0.088669
-0.520642 0.130968 -0.088321
-0.515022 0.090645 -0.096957
-0.475586 0.194127 -0.087979
-0.541735 0.016953 -0.089668
-0.527330 -0.000792 -0.090092
-0.533485 0.100493 -0.096596
-0.500382 0.135458 -0.096505
-0.606979 0.122764 -0.095394
-0.497100 -0.092075 -0.099742
-0.381857 0.075593 -0.098779
-0.627174 0.111543 -0.095307
-0.560981 -0.039824 -0.098235
-0.507430 0.006668 -0.098229
-0.401228 0.082138 -0.090452
-0.496835 -0.031777 -0.090896
-0.431680 0.115387 -0.097617
-0.490003 0.104809 -0.089059
-0.596233 0.153578 -0.095091
-0.563503 0.076530 -0.088568
-0.482863 -0.064668 -0.099529
-0.374307 0.070504 -0.098942
-0.458499 0.026527 -0.098542
-0.581467 0.099512 -0.088028
-0.387291 0.026360 -0.091404
-0.461402 0.094654 -0.097549
-0.463310 0.088512 -0.089611
-0.560625 0.147361 -0.087607
-0.535988 0.134783 -0.096083
-0.393577 0.067324 -0.090752
-0.505686 0.075877 -0.089276
-0.562274 0.003338 -0.089611
-0.492553 -0.021095 -0.098799
-0.419429 0.051283 -0.090665
-0.602837 0.128434 -0.087363
-0.472362 -0.043358 -0.091355
-0.480124 0.119999 -0.096967
-0.494716 -0.030864 -0.090909
-0.366217 0.084601 -0.098842
-0.550098 -0.049668 -0.090503
-0.379073 0.134375 -0.097228
-0.579017 0.004797 -0.089388
-0.507557 0.086186 -0.089109
-0.547800 0.100190 -0.088425
-0.475003 0.206914 -0.087806
-0.534829 0.171400 -0.095583
-0.386381 0.060348 -0.090937
-0.499422 0.237802 -0.095078
-0.493076 0.075038 -0.097442
-0.659372 0.055628 -0.093622
-0.541263 0.183138 -0.095340
-0.523631 0.101058 -0.088705
-0.558630 0.103108 -0.096255
-0.458612 -0.022374 -0.099228
-0.662905 0.059262 -0.089432
-0.491879 0.193284 -0.095795
-0.558949 0.018321 -0.097442
-0.585537 0.013859 -0.089182
-0.550886 0.160682 -0.095539
-0.466865 0.218950 -0.095737
-0.614856 0.060291 -0.096176
-0.403052 0.156768 -0.097382
-0.399453 0.036098 -0.091120
-0.518800 0.047890 -0.089511
-0.457793 -0.045967 -0.099569
-0.582235 0.085551 -0.088215
-0.425083 0.037828 -0.090786
-0.526371 -0.058287 -0.098913
-0.449993 -0.031751 -0.099464
-0.620566 0.071817 -0.095945
-0.436330 0.105756 -0.097696
-0.352143 0.047862 -0.099528
-0.588570 -0.017212 -0.097583
-0.519126 0.017434 -0.089935
-0.493911 0.007071 -0.098387
-0.518173 -0.053766 -0.098948
-0.472768 0.196276 -0.087982
-0.553435 0.070531 -0.096775
-0.448465 0.069651 -0.098057
-0.393823 0.105270 -0.090216
-0.565280 0.083967 -0.088442
-0.601841 0.101590 -0.095753
-0.400697 0.086262 -0.090400
-0.597218 0.133377 -0.095363
-0.645637 0.049805 -0.087950
-0.562235 -0.003500 -0.097709
-0.609950 0.122073 -0.095368
-0.532158 0.004602 -0.097959
-0.511933 -0.076623 -0.091344
-0.485495 0.019862 -0.098309
-0.553327 0.163331 -0.087471
-0.593158 0.093072 -0.087977
-0.453757 0.208427 -0.088042
-0.469361 0.221896 -0.087664
-0.397131 0.134612 -0.097765
-0.464614 -0.063334 -0.097690
-0.581708 0.094284 -0.088098
-0.501570 -0.072321 -0.091408
-0.535343 -0.072199 -0.093786
-0.517683 0.123038 -0.088468
-0.504858 0.124693 -0.096602
-0.406771 0.118565 -0.089873
-0.422659 0.159456 -0.089106
-0.495451 0.012549 -0.090290
-0.495013 0.229524 -0.087246
-0.659357 0.087228 -0.095260
-0.385102 0.044557 -0.099176
-0.481086 -0.051726 -0.091367
-0.458482 -0.026286 -0.091283
-0.595648 0.156335 -0.090002
-0.498321 0.127128 -0.096647
-0.491591 0.250330 -0.092022
-0.551844 0.166788 -0.095442
-0.458372 0.144704 -0.096883
-0.530619 0.088306 -0.096801
-0.571065 0.117257 -0.095905
-0.646386 0.107057 -0.088190
-0.421088 0.132645 -0.089502
-0.487933 0.050199 -0.097853
-0.485129 -0.032569 -0.099050
-0.450689 0.050299 -0.090301
-0.624811 0.061545 -0.088037
-0.571482 0.150405 -0.095435
-0.517704 0.227961 -0.086994
-0.528319 0.013493 -0.097881
-0.460737 -0.050019 -0.099590
-0.572111 0.079384 -0.088424
-0.479273 0.204754 -0.095786
-0.443398 0.037739 -0.090565
-0.502533 0.203054 -0.087527
-0.436174 0.132208 -0.097327
-0.500285 0.174366 -0.087958
-0.575736 0.017044 -0.097257
-0.442097 0.174553 -0.096660
-0.390706 0.051604 -0.099009
-0.470711 0.057682 -0.097956
-0.504444 -0.093596 -0.091673
-0.545289 0.012744 -0.089684
-0.556709 0.182453 -0.095163
-0.422159 0.178768 -0.089225
-0.642854 0.092904 -0.095380
-0.447784 -0.030782 -0.099477
-0.354390 0.088751 -0.090925
-0.554999 -0.015675 -0.089966
-0.533566 0.179385 -0.087485
-0.428657 -0.025211 -0.091628
-0.585925 0.007285 -0.097271
-0.579544 0.106479 -0.095954
-0.433336 0.093762 -0.089900
-0.537353 -0.041359 -0.090541
-0.380039 0.030974 -0.099428
-0.417619 0.030562 -0.090978
-0.618997 0.113545 -0.087377
-0.380791 0.060288 -0.091006
-0.563953 0.045750 -0.088995
-0.337289 0.090456 -0.091108
-0.434363 0.086102 -0.097996
-0.392935 0.089849 -0.098445
-0.568140 0.110833 -0.088030
-0.461670 0.044478 -0.098251
-0.471795 0.211012 -0.087787
-0.489838 -0.010419 -0.098682
-0.524297 0.165805 -0.095789
-0.467076 0.087696 -0.089577
-0.622018 0.067088 -0.095994
-0.564996 0.110055 -0.096080
-0.425035 0.074392 -0.090272
-0.509481 0.088656 -0.097052
-0.595534 0.120694 -0.087560
-0.564777 -0.035959 -0.098135
-0.465143 0.011987 -0.090664
-0.539123 0.109122 -0.096406
-0.411911 0.068380 -0.098517
-0.499897 -0.014099 -0.098612
-0.453079 0.193834 -0.088255
-0.455305 0.083889 -0.097774
-0.396959 0.152501 -0.097516
-0.608667 0.075999 -0.088029
-0.496912 0.160644 -0.088191
-0.391186 0.021728 -0.091422
-0.526077 0.002373 -0.098064
-0.430971 0.046749 -0.098590
-0.380837 0.088326 -0.090611
-0.487473 0.228010 -0.095360
-0.482585 0.145496 -0.088577
-0.434706 0.129805 -0.097378
-0.519190 0.196058 -0.087424
-0.494989 -0.048916 -0.091159
-0.527464 -0.011640 -0.098244
-0.423434 0.075279 -0.090279
-0.611702 0.075821 -0.087995
-0.472933 -0.047169 -0.099403
-0.423342 0.162762 -0.097053
-0.473442 0.196881 -0.095967
-0.511546 0.236465 -0.094950
-0.448413 0.154466 -0.088865
-0.458545 0.028363 -0.090514
-0.395486 0.007335 -0.091572
-0.524287 0.136754 -0.088196
-0.512882 0.108032 -0.096739
-0.484190 -0.068113 -0.091560
-0.470362 -0.049037 -0.099460
-0.409508 0.148067 -0.089425
-0.575692 0.159049 -0.095262
-0.562994 0.084431 -0.096464
-0.666433 0.087581 -0.087285
-0.340766 0.059593 -0.099501
-0.506827 0.101088 -0.088908
-0.438430 -0.035775 -0.091659
-0.351096 0.105540 -0.096199
-0.672035 0.070387 -0.087342
-0.399525 0.023818 -0.091292
-0.433627 0.152213 -0.089075
-0.482213 0.172027 -0.088209
-0.603770 0.144413 -0.095128
-0.514813 0.019476 -0.097960
-0.634774 0.085317 -0.095584
-0.401706 0.138377 -0.097657
-0.491832 0.238634 -0.095158
-0.510196 0.073951 -0.097250
-0.602387 0.112939 -0.095587
-0.624417 0.061191 -0.096048
-0.363536 0.061635 -0.091195
-0.597391 0.047241 -0.096571
-0.499298 -0.066161 -0.091349
-0.614059 0.065479 -0.096113
-0.577897 0.149300 -0.087371
-0.490246 0.041092 -0.097953
-0.483543 -0.046874 -0.099270
-0.434912 0.090743 -0.089923
-0.584518 0.005865 -0.097308
-0.474989 0.071912 -0.097705
-0.516537 -0.005528 -0.090289
-0.521826 -0.082171 -0.099303
-0.458991 0.012113 -0.090737
-0.660438 0.093581 -0.094386
-0.540010 0.195484 -0.095182
-0.535571 0.160896 -0.095721
-0.531781 -0.055784 -0.098812
-0.388116 0.070234 -0.098779
-0.562551 -0.017379 -0.089899
-0.442717 0.199964 -0.094448
-0.436347 -0.035219 -0.091676
-0.487054 0.108194 -0.097049
-0.472581 -0.054072 -0.099504
-0.409971 0.133798 -0.089620
-0.588870 0.162906 -0.089762
-0.596026 0.043706 -0.088636
-0.502307 0.246916 -0.090364
-0.379373 0.110947 -0.098312
-0.472873 0.147067 -0.096674
-0.475394 -0.071644 -0.099717
-0.588446 0.108068 -0.087823
-0.528331 -0.012979 -0.090251
-0.543591 -0.020322 -0.098171
-0.397686 0.095817 -0.090302
-0.469546 -0.032981 -0.099244
-0.496063 0.195635 -0.095711
-0.607042 0.001698 -0.095419
-0.509718 0.171432 -0.095886
-0.592038 0.085800 -0.096094
-0.373188 0.097478 -0.090575
-0.365601 0.064586 -0.091129
-0.601783 0.106462 -0.095686
-0.404879 -0.004528 -0.099627
-0.454044 -0.053140 -0.095290
-0.534583 0.135361 -0.096092
-0.587857 -0.017190 -0.097592
-0.564359 -0.027145 -0.098016
-0.472106 -0.040695 -0.091320
-0.524644 0.041076 -0.097537
-0.354669 0.083579 -0.098996
-0.461113 0.218925 -0.095770
-0.547648 0.095608 -0.088492
-0.566670 0.161530 -0.087335
-0.522406 -0.022643 -0.098460
-0.628003 0.045155 -0.088229
-0.565656 0.100291 -0.096209
-0.632705 0.078277 -0.087706
-0.458781 0.033407 -0.098442
-0.381881 0.032500 -0.099384
-0.596449 0.130460 -0.087412
-0.458372 0.006566 -0.098824
-0.521437 0.154140 -0.095987
-0.512287 0.022380 -0.097950
-0.444889 0.164194 -0.096772
-0.482940 0.102107 -0.097184
-0.542175 0.062977 -0.089016
-0.556299 0.090018 -0.096467
-0.502982 0.212627 -0.087387
-0.504842 0.180140 -0.087821
-0.476576 0.007785 -0.090585
-0.474749 0.178415 -0.096211
-0.377169 0.122850 -0.098172
-0.401585 0.124271 -0.097857
-0.517113 -0.063008 -0.099091
-0.444351 -0.017478 -0.099331
-0.443237 0.066514 -0.098164
-0.477840 0.221113 -0.095574
-0.406535 0.097616 -0.098171
-0.355389 0.108526 -0.090635
-0.484292 -0.061386 -0.091464
-0.648473 0.087618 -0.087384
-0.460350 0.037811 -0.098361
-0.517507 -0.090573 -0.098549
-0.500378 0.094894 -0.089073
-0.439407 0.100963 -0.097727
-0.416618 0.030035 -0.090998
-0.408667 0.011061 -0.099362
-0.461915 0.219014 -0.095796
-0.567226 0.053921 -0.096842
-0.547736 0.089691 -0.088574
-0.439375 0.063617 -0.090250
-0.602186 0.062094 -0.096304
-0.454946 0.101968 -0.089523
-0.550133 0.091497 -0.096521
-0.541740 -0.022913 -0.090228
-0.503288 -0.000757 -0.098383
-0.612792 0.121155 -0.095346
-0.374996 0.109050 -0.098392
-0.640072 0.091191 -0.095437
-0.360946 0.082881 -0.090928
-0.474975 0.135373 -0.096813
-0.448927 0.155038 -0.096852
-0.611623 0.027205 -0.096680
-0.452785 0.079194 -0.097871
-0.606368 0.110538 -0.095573
-0.468586 -0.049470 -0.099488
-0.644171 0.039963 -0.094686
-0.588702 0.004011 -0.097284
-0.496137 -0.089162 -0.091711
-0.579445 0.018470 -0.097192
-0.389088 0.093821 -0.098436
-0.540621 -0.006775 -0.098017
-0.518841 -0.063742 -0.099080
-0.530075 0.040243 -0.097483
-0.466699 -0.061865 -0.099685
-0.504492 0.173818 -0.087914
-0.409621 0.029536 -0.099091
-0.503447 0.115054 -0.088753
-0.519735 0.065216 -0.089256
-0.487649 0.240154 -0.087186
-0.373219 0.060657 -0.091092
-0.460956 -0.000733 -0.098895
-0.590188 0.118026 -0.087662
-0.428036 0.097252 -0.089915
-0.514174 0.094646 -0.096911
-0.478549 0.186148 -0.096056
-0.631549 0.026950 -0.091330
-0.535927 0.041781 -0.097391
-0.442477 -0.031122 -0.091544
-0.581482 -0.004646 -0.097492
-0.441105 0.197939 -0.088342
-0.512646 0.236849 -0.088999
-0.511561 0.190603 -0.087593
-0.490637 0.192437 -0.095822
-0.418550 0.164320 -0.097089
-0.407343 -0.001328 -0.091550
-0.390320 0.032248 -0.099286
-0.372981 0.055131 -0.099174
-0.448315 -0.047579 -0.095335
-0.645798 0.090483 -0.087377
-0.643750 0.097133 -0.087308
-0.355381 0.056632 -0.099366
-0.478967 0.113561 -0.089070
-0.402343 0.041883 -0.091004
-0.503504 -0.051378 -0.091091
-0.389436 0.095404 -0.098409
-0.376774 0.021791 -0.093474
-0.609058 0.033075 -0.088628
-0.538509 0.124706 -0.088193
-0.359672 0.070065 -0.091124
-0.519682 -0.054973 -0.098947
-0.400323 0.053516 -0.090865
-0.419251 0.022938 -0.099067
-0.571418 0.053747 -0.088792
-0.435888 0.074840 -0.090135
-0.513912 0.178931 -0.095730
-0.480830 0.239243 -0.094092
-0.554019 0.062550 -0.096880
-0.559453 0.020218 -0.089408
-0.571730 0.023112 -0.089219
-0.407334 0.039238 -0.090981
-0.595334 0.026579 -0.096886
-0.603901 0.073888 -0.088116
-0.488918 0.051942 -0.097817
-0.429395 0.032335 -0.090811
-0.532383 0.071113 -0.089020
-0.480209 0.158092 -0.096430
-0.504955 0.006980 -0.098255
-0.473343 -0.041098 -0.091311
-0.424640 0.015270 -0.099109
-0.564202 -0.028143 -0.098032
-0.430338 0.055041 -0.090480
-0.428312 0.023606 -0.090946
-0.417214 0.032468 -0.098958
-0.500194 0.021553 -0.098107
-0.561177 -0.010540 -0.097821
-0.525660 0.119278 -0.088425
-0.382955 0.138366 -0.090807
-0.421822 0.167582 -0.097003
-0.563857 0.037888 -0.097108
-0.539069 0.181290 -0.095393
-0.473265 0.225785 -0.087562
-0.545452 -0.037068 -0.090382
-0.363899 0.094140 -0.098736
-0.530394 -0.075910 -0.099112
-0.470058 -0.054481 -0.091539
-0.509804 0.041053 -0.089716
-0.520419 -0.012659 -0.090342
-0.471592 -0.070082 -0.098566
-0.431178 0.062489 -0.098367
-0.509989 0.180434 -0.095756
-0.509426 0.182259 -0.095737
-0.395595 0.070025 -0.090690
-0.578836 0.019023 -0.089191
-0.657013 0.075384 -0.087453
-0.463654 0.064028 -0.089951
-0.459142 0.152807 -0.096759
-0.387485 0.032242 -0.099320
-0.479437 0.153600 -0.096503
-0.467022 -0.034046 -0.099290
-0.562133 -0.033071 -0.090125
-0.442104 0.077229 -0.090026
-0.464370 -0.063211 -0.093274
-0.527275 0.076289 -0.089009
-0.417617 -0.012848 -0.099589
-0.381145 0.108681 -0.098323
-0.670322 0.066913 -0.093459
-0.651508 0.099250 -0.087184
-0.450110 0.063686 -0.090120
-0.414029 0.040149 -0.098888
-0.484323 0.123613 -0.096865
-0.473699 0.185955 -0.088116
-0.644847 0.070189 -0.095675
-0.480952 0.227787 -0.087441
-0.594826 0.044073 -0.096646
-0.418406 0.040807 -0.098826
-0.538082 0.054121 -0.089190
-0.437662 0.178868 -0.088652
-0.476508 0.200233 -0.095883
-0.524520 0.095625 -0.096772
-0.406467 0.052461 -0.098807
-0.351480 0.078044 -0.099112
-0.480147 -0.041413 -0.099235
-0.559403 0.142092 -0.095698
-0.382070 0.104143 -0.098375
-0.525260 0.019973 -0.097826
-0.553691 -0.003573 -0.089812
-0.461038 0.176270 -0.088405
-0.491927 0.088510 -0.089265
-0.495663 0.013443 -0.098276
-0.581861 0.140153 -0.087452
-0.536037 0.159439 -0.095736
-0.480696 0.160377 -0.088391
-0.549401 -0.006337 -0.097904
-0.360721 0.114935 -0.090481
-0.464290 0.024825 -0.098496
-0.518689 -0.006432 -0.090276
-0.451843 0.071981 -0.089982
-0.627312 0.052986 -0.088127
-0.575131 -0.028553 -0.097905
-0.639597 0.056428 -0.087930
-0.438152 0.172481 -0.096737
-0.494257 -0.092065 -0.098947
-0.427088 0.062547 -0.098415
-0.530512 -0.048645 -0.098727
-0.492333 0.190170 -0.087832
-0.490988 0.129040 -0.096708
-0.609393 0.035861 -0.096586
-0.488774 0.009240 -0.090417
-0.461668 0.200048 -0.096065
-0.575155 0.076222 -0.096433
-0.571818 0.035347 -0.097047
-0.516359 0.195972 -0.095461
-0.376828 0.053674 -0.099148
-0.458123 -0.045745 -0.091560
-0.556551 0.114850 -0.096115
-0.587147 -0.018811 -0.091763
-0.462178 -0.016578 -0.099103
-0.464946 0.217832 -0.095776
-0.433052 -0.006102 -0.099308
-0.626650 0.110140 -0.087332
-0.389667 0.009301 -0.094271
-0.479703 0.041401 -0.090075
-0.556006 0.122554 -0.088012
-0.391955 0.142328 -0.089718
-0.517196 0.187736 -0.095567
-0.459583 0.205791 -0.096010
-0.610881 0.005652 -0.093482
-0.405634 0.109222 -0.098019
-0.491703 -0.062974 -0.091396
-0.540575 0.119624 -0.096241
-0.614119 0.047218 -0.096369
-0.492344 0.133911 -0.096623
-0.559138 -0.029387 -0.098110
-0.382226 0.052602 -0.091096
-0.523650 0.080176 -0.097000
-0.464285 0.207941 -0.087921
-0.497873 0.005688 -0.098358
-0.357124 0.062233 -0.091265
-0.594951 0.066980 -0.096323
-0.561686 0.142936 -0.095658
-0.603377 0.009441 -0.089028
-0.619501 0.125489 -0.095204
-0.625287 0.106547 -0.095400
-0.374515 0.102346 -0.090491
-0.506863 0.236948 -0.086999
-0.398899 0.092816 -0.098331
-0.579560 -0.000651 -0.097460
-0.451437 0.088225 -0.097760
-0.485987 -0.024870 -0.098932
-0.500173 -0.046689 -0.091065
-0.506061 -0.060749 -0.091192
-0.482940 0.191851 -0.095923
-0.658196 0.095776 -0.095145
-0.356892 0.099845 -0.090739
-0.445723 0.203053 -0.089038
-0.506262 0.090468 -0.097066
-0.386955 0.087926 -0.098544
-0.335589 0.069472 -0.099425
-0.420183 0.091821 -0.090086
-0.533601 0.137411 -0.096075
-0.370226 0.054592 -0.091214
-0.433527 0.023900 -0.098881
-0.412367 -0.012712 -0.094759
-0.418000 0.100917 -0.089985
-0.569512 0.003640 -0.097521
-0.517726 -0.059244 -0.099031
-0.502599 0.060740 -0.089526
-0.555441 0.018765 -0.097478
-0.496515 0.160674 -0.088196
-0.381582 0.056198 -0.099055
-0.674387 0.071105 -0.095200
-0.508237 0.199919 -0.095504
-0.466116 0.164778 -0.088506
-0.502634 -0.031172 -0.098819
-0.425172 0.181883 -0.096104
-0.492449 0.114239 -0.096899
-0.603179 0.083980 -0.095985
-0.496228 0.154414 -0.096288
-0.555706 0.039128 -0.097189
-0.451127 0.036949 -0.090483
-0.449344 0.202825 -0.088174
-0.345542 0.093189 -0.098971
-0.525113 0.079327 -0.088993
-0.534050 0.044818 -0.089370
-0.600061 0.065500 -0.096282
-0.568352 0.129355 -0.087767
-0.495596 0.125950 -0.096696
-0.416767 0.059887 -0.090576
-0.528580 0.048978 -0.097379
-0.499834 0.135705 -0.096508
-0.590779 0.006176 -0.097228
-0.587366 0.045919 -0.088709
-0.519661 0.214666 -0.095158
-0.373110 0.093947 -0.090626
-0.658489 0.059162 -0.095665
-0.368829 0.045709 -0.091355
-0.586278 0.050417 -0.096661
-0.532097 0.127167 -0.096237
-0.560815 0.132997 -0.087807
-0.473620 0.202811 -0.095882
-0.504760 0.008865 -0.098230
-0.565065 -0.040710 -0.090196
-0.407161 0.118710 -0.097867
-0.612799 0.020812 -0.096756
-0.621018 0.104795 -0.095476
-0.499953 0.185436 -0.095807
-0.426853 0.019653 -0.091020
-0.488215 0.130493 -0.096721
-0.613335 0.021699 -0.088736
-0.495177 0.017823 -0.090219
-0.529325 0.134308 -0.088169
-0.543074 -0.006780 -0.089986
-0.452165 0.154973 -0.096813
-0.627326 0.045867 -0.088227
-0.516793 0.200347 -0.087393
-0.650715 0.102895 -0.089705
-0.553016 -0.053979 -0.097369
-0.518556 0.099199 -0.088793
-0.405130 0.067095 -0.090616
-0.412730 -0.013039 -0.095765
-0.557761 0.036550 -0.089199
-0.557226 0.027864 -0.097329
-0.511976 0.054935 -0.097496
-0.573176 0.139612 -0.095566
-0.482348 -0.041250 -0.091204
-0.481061 0.175203 -0.088178
-0.556467 0.144614 -0.087696
-0.455924 0.189400 -0.096284
-0.510059 0.106916 -0.088787
-0.515291 -0.050437 -0.098936
-0.542956 0.033455 -0.089422
-0.621623 0.056052 -0.096154
-0.489566 -0.052920 -0.091281
-0.397725 0.094076 -0.098327
-0.607420 0.002090 -0.096772
-0.457758 -0.056736 -0.095579
-0.520358 0.227362 -0.094971
-0.532138 -0.054349 -0.098788
-0.496028 0.066079 -0.089531
-0.529783 0.198725 -0.095260
-0.518885 -0.086994 -0.091405
-0.461115 0.000286 -0.090877
-0.396893 0.002423 -0.099443
-0.368045 0.089223 -0.098755
-0.401341 0.017863 -0.091353
-0.386671 0.138198 -0.089840
-0.453014 0.075692 -0.089916
-0.477804 0.181101 -0.096136
-0.493222 -0.023634 -0.090825
-0.624156 0.126143 -0.087137
-0.496656 -0.094440 -0.097124
-0.463862 0.101008 -0.089429
-0.417714 0.089664 -0.098148
-0.616755 0.121095 -0.087298
-0.547287 -0.012067 -0.098010
-0.646361 0.098029 -0.087264
-0.455259 0.107582 -0.089441
-0.584638 0.028596 -0.088986
-0.500587 -0.013954 -0.098602
-0.340598 0.082097 -0.099187
-0.541137 0.028236 -0.089517
-0.492998 0.210948 -0.095533
-0.471320 0.171698 -0.088345
-0.598252 0.049662 -0.088525
-0.649260 0.072105 -0.095594
-0.430481 0.090601 -0.089979
-0.572994 0.161682 -0.095258
-0.568717 0.000235 -0.097578
-0.520543 -0.058245 -0.090981
-0.393400 0.081751 -0.090552
-0.415258 0.005378 -0.099362
-0.430388 0.154208 -0.097088
-0.513435 0.131849 -0.088396
-0.454307 0.150471 -0.096851
-0.413965 0.087644 -0.098221
-0.395440 0.040744 -0.091103
-0.456846 -0.034816 -0.091422
-0.547027 0.042820 -0.089241
-0.630915 0.026294 -0.090709
-0.531706 0.162578 -0.087743
-0.473317 0.084183 -0.097552
-0.435512 0.035126 -0.090698
-0.430257 0.034016 -0.090777
-0.483723 0.053110 -0.097863
-0.546856 0.129510 -0.088025
-0.566551 0.101186 -0.088185
-0.487920 0.072672 -0.089536
-0.583826 0.015302 -0.097184
-0.381478 0.072125 -0.098832
-0.533002 -0.013745 -0.098207
-0.477509 0.050779 -0.089970
-0.623712 0.030496 -0.096488
-0.351588 0.076721 -0.099129
-0.465821 -0.063983 -0.091724
-0.536713 0.039751 -0.089409
-0.543436 0.107332 -0.096379
-0.622484 0.045742 -0.096289
-0.499256 0.120570 -0.096727
-0.362437 0.055482 -0.099297
-0.557265 -0.016553 -0.089951
-0.490940 0.087947 -0.097286
-0.410748 0.153976 -0.097328
-0.402510 0.134858 -0.097697
-0.515727 0.187099 -0.095593
-0.495022 0.165406 -0.096149
-0.499229 0.223987 -0.095274
-0.364478 0.037175 -0.091528
-0.396271 0.133329 -0.097793
-0.475777 0.234033 -0.092839
-0.594812 0.104362 -0.095799
-0.531455 -0.028987 -0.098440
-0.410428 0.067811 -0.090542
-0.543619 0.126444 -0.088107
-0.505105 -0.081653 -0.091497
-0.408380 0.028087 -0.099126
-0.551341 0.133980 -0.095909
-0.570038 0.095378 -0.096225
-0.445464 0.128327 -0.097269
-0.611537 0.105107 -0.095587
-0.526517 -0.011524 -0.090252
-0.566897 -0.016540 -0.097836
-0.469529 -0.068148 -0.095975
-0.500976 -0.091368 -0.091683
-0.382146 0.040231 -0.099273
-0.486025 0.110647 -0.097027
-0.632537 0.083269 -0.087638
-0.518986 -0.017793 -0.098433
-0.359638 0.078779 -0.091002
-0.521800 0.189035 -0.095493
-0.627899 0.048725 -0.096181
-0.355119 0.089201 -0.090910
-0.516193 0.007364 -0.090112
-0.509376 -0.030188 -0.098723
-0.513657 0.024445 -0.089903
-0.530206 0.207043 -0.095138
-0.563712 0.038994 -0.089093
-0.471712 0.107644 -0.097242
-0.485205 0.032380 -0.098137
-0.502888 0.216856 -0.087329
-0.510551 -0.026380 -0.090654
-0.411597 0.006933 -0.099384
-0.470586 0.169250 -0.096390
-0.437116 0.194183 -0.089348
-0.435694 0.082103 -0.090035
-0.491022 0.003912 -0.098466
-0.623639 0.129172 -0.095102
-0.526391 0.092901 -0.088787
-0.568211 -0.025703 -0.097949
-0.442420 0.067488 -0.090159
-0.403229 -0.003849 -0.094611
-0.549828 -0.006617 -0.089902
-0.545115 0.119466 -0.088187
-0.364575 0.059783 -0.091209
-0.547575 0.181511 -0.087285
-0.408460 0.057688 -0.090708
-0.593534 0.135988 -0.095371
-0.638002 0.087848 -0.095509
-0.524986 -0.063726 -0.091005
-0.428438 -0.009093 -0.091404
-0.502209 0.114306 -0.096780
-0.382920 0.117652 -0.090174
-0.526333 -0.054447 -0.090858
-0.482606 -0.062868 -0.091505
-0.564988 0.042676 -0.097027
-0.447065 0.161498 -0.088782
-0.460314 0.061144 -0.098033
-0.516276 0.166587 -0.095875
-0.439416 0.113851 -0.097545
-0.476983 0.182659 -0.096124
-0.547480 0.103930 -0.096378
-0.669425 0.070771 -0.087368
-0.560706 0.093828 -0.088359
-0.527877 -0.061123 -0.098934
-0.514439 -0.093739 -0.096339
-0.381168 0.118358 -0.098187
-0.483998 0.133578 -0.088728
-0.581966 0.074687 -0.088370
-0.378869 0.033469 -0.091406
-0.451994 0.127168 -0.097206
-0.383932 0.098262 -0.090434
-0.406723 0.011136 -0.099384
-0.456873 -0.049929 -0.091634
-0.533047 0.182870 -0.087442
-0.434070 0.153576 -0.097052
-0.529564 0.171215 -0.095649
-0.626740 0.080608 -0.095747
-0.509203 0.108223 -0.096781
-0.472441 -0.067242 -0.091689
-0.331027 0.084860 -0.098312
-0.515961 -0.092170 -0.096469
-0.563740 0.123294 -0.095909
-0.462410 -0.027798 -0.099258
-0.507284 -0.056945 -0.099125
-0.438359 0.124931 -0.097403
-0.444633 0.013888 -0.090886
-0.530549 0.000141 -0.090040
-0.397464 0.067678 -0.098702
-0.519114 0.128734 -0.088371
-0.500730 0.193326 -0.087686
-0.480381 -0.000967 -0.090662
-0.558086 -0.012011 -0.097879
-0.480746 0.097963 -0.097269
-0.382806 0.056154 -0.099041
-0.397330 0.145741 -0.089605
-0.586602 0.042866 -0.096763
-0.553065 0.183482 -0.087191
-0.511848 0.161303 -0.096003
-0.508650 0.125934 -0.096538
-0.533318 0.039667 -0.097452
-0.614505 0.072844 -0.088003
-0.452377 0.127165 -0.097202
-0.467445 0.056600 -0.098011
-0.501508 -0.040374 -0.098962
-0.542196 0.191368 -0.095213
-0.469004 -0.066878 -0.099727
-0.519415 0.053182 -0.097430
-0.434612 0.125993 -0.089432
-0.452932 0.034993 -0.090489
-0.658822 0.068634 -0.087526
-0.552016 0.094305 -0.088457
-0.608548 0.071496 -0.096095
-0.575832 0.099545 -0.088095
-0.418558 0.074438 -0.098352
-0.364634 0.058203 -0.091230
-0.570772 -0.005671 -0.097636
-0.531189 0.138771 -0.088084
-0.484889 0.154659 -0.088421
-0.451519 0.111338 -0.097434
-0.472921 0.179297 -0.096221
-0.534352 0.163882 -0.095694
-0.488253 0.098674 -0.089167
-0.538561 0.134017 -0.088062
-0.618087 0.125933 -0.087214
-0.401399 0.073369 -0.090573
-0.570611 0.180690 -0.092324
-0.659841 0.083498 -0.095306
-0.504863 0.083321 -0.089182
-0.481889 -0.067602 -0.099582
-0.337035 0.080578 -0.099251
-0.391360 0.086400 -0.090511
-0.533748 -0.059492 -0.098840
-0.363866 0.083377 -0.090886
-0.497959 -0.084028 -0.099618
-0.421609 0.080840 -0.098225
-0.508880 0.054248 -0.097543
-0.594707 0.137983 -0.087327
-0.605597 0.120211 -0.087445
-0.447155 0.017010 -0.090811
-0.574696 0.078874 -0.088400
-0.475348 0.178269 -0.096206
-0.461789 0.200968 -0.088049
-0.595347 0.103699 -0.087801
-0.483811 0.061881 -0.089737
-0.460900 0.046729 -0.098229
-0.560314 0.168773 -0.087310
-0.427644 0.144027 -0.089262
-0.521243 0.110702 -0.096600
-0.534433 0.191183 -0.095310
-0.595783 0.065467 -0.096334
-0.610664 0.082584 -0.095914
-0.397064 0.094297 -0.098332
-0.446863 0.078093 -0.097958
-0.473719 0.219156 -0.087649
-0.556701 0.101356 -0.088301
-0.587253 0.149793 -0.095252
-0.522008 0.050980 -0.097430
-0.443275 0.134525 -0.089207
-0.475478 0.037063 -0.098188
-0.403468 0.019886 -0.091299
-0.546570 0.137562 -0.095916
-0.533147 0.215839 -0.094979
-0.561011 -0.002969 -0.097716
-0.540544 -0.046740 -0.090578
-0.523926 0.207335 -0.087208
-0.534521 0.069434 -0.097019
-0.548905 0.115945 -0.088191
-0.584732 0.106137 -0.095896
-0.509204 0.070106 -0.089315
-0.487721 0.095217 -0.097223
-0.362117 0.050112 -0.099376
-0.346659 0.057423 -0.099460
-0.674852 0.071577 -0.090728
-0.505007 -0.102597 -0.095020
-0.603183 0.118753 -0.095496
-0.346355 0.078579 -0.099166
-0.433031 0.015648 -0.091001
-0.425010 0.173637 -0.096880
-0.451224 0.098203 -0.097623
-0.411273 0.004476 -0.099423
-0.468950 -0.050448 -0.091496
-0.332129 0.078870 -0.099334
-0.529050 0.048646 -0.089376
-0.486417 0.059107 -0.089745
-0.529135 -0.049654 -0.090757
-0.483045 0.241525 -0.093634
-0.497734 0.208416 -0.087510
-0.463180 -0.018065 -0.091110
-0.605343 0.028243 -0.088740
-0.420894 0.111830 -0.089796
-0.381268 0.034009 -0.099371
-0.527602 -0.014816 -0.090286
-0.543428 0.115235 -0.088267
-0.605515 0.099546 -0.087736
-0.542450 0.113698 -0.088300
-0.494447 0.102248 -0.097043
-0.464126 -0.028280 -0.099244
-0.517663 -0.050263 -0.090904
-0.444238 0.158685 -0.088856
-0.601653 0.014823 -0.096975
-0.545839 0.187734 -0.095220
-0.460525 -0.050998 -0.099607
-0.592855 0.000319 -0.097285
-0.593651 0.126882 -0.087496
-0.464200 0.051927 -0.090114
-0.497120 -0.079825 -0.091568
-0.566748 0.157530 -0.087390
-0.364904 0.056819 -0.099248
-0.417789 0.037082 -0.090884
-0.415019 0.153467 -0.089282
-0.414329 0.137444 -0.089516
-0.557361 0.004051 -0.089661
-0.453677 0.164712 -0.088657
-0.511182 0.227729 -0.095077
-0.465805 0.086573 -0.097610
-0.483779 0.242272 -0.087808
-0.595277 0.023935 -0.088923
-0.498358 0.246304 -0.086970
-0.430998 0.185798 -0.096636
-0.442137 0.178176 -0.088607
-0.505823 0.130112 -0.088512
-0.558075 0.155410 -0.087525
-0.593247 0.088276 -0.096044
-0.457288 0.188608 -0.088277
-0.546041 0.005368 -0.089779
-0.405088 0.144247 -0.089532
-0.587489 0.030384 -0.096928
-0.489280 0.119444 -0.088862
-0.446520 0.079286 -0.097945
-0.430671 0.028834 -0.098846
-0.671542 0.068172 -0.095115
-0.503495 0.087649 -0.089137
-0.529071 -0.078666 -0.091673
-0.540923 0.104321 -0.088450
-0.663534 0.081627 -0.095288
-0.544486 0.151631 -0.087743
-0.474160 0.078091 -0.097628
-0.556813 0.059028 -0.088895
-0.498624 0.104368 -0.096963
-0.430198 0.120869 -0.097558
-0.455759 0.028253 -0.090549
-0.550331 0.096736 -0.088443
-0.520513 -0.028875 -0.098570
-0.507416 0.030778 -0.097890
-0.508136 -0.089386 -0.099570
-0.527058 -0.038257 -0.098623
-0.442539 -0.040091 -0.099671
-0.473652 0.148581 -0.088642
-0.517046 0.127568 -0.088412
-0.360786 0.064255 -0.091192
-0.435340 0.102182 -0.089757
-0.350786 0.049853 -0.099517
-0.529084 0.010156 -0.097918
-0.504558 0.134179 -0.096472
-0.552084 0.143963 -0.087758
-0.639779 0.113504 -0.089636
-0.465629 0.215990 -0.087792
-0.531893 0.151792 -0.095894
-0.426143 0.036843 -0.090787
-0.599990 0.091666 -0.095915
-0.338302 0.072896 -0.099344
-0.467457 0.032756 -0.079489
-0.520003 0.061013 -0.002049
-0.499734 0.073098 -0.074287
-0.469517 0.054339 -0.056284
-0.485216 0.071088 -0.019058
-0.477419 0.066621 -0.091615
-0.508468 0.020096 -0.003480
-0.518036 0.023373 -0.038200
-0.523782 0.048637 -0.062071
-0.465821 0.052446 -0.060010
-0.501645 0.072890 -0.041974
-0.522852 0.052068 -0.087639
-0.482030 0.073170 -0.083385
-0.479480 0.022514 -0.087869
-0.469178 0.050746 -0.004393
-0.506347 0.074793 -0.030251
-0.492816 0.073203 -0.086450
-0.495897 0.073476 0.000467
-0.516015 0.021740 0.005553
-0.467258 0.035488 -0.010587
-0.516923 0.022511 -0.057410
-0.525221 0.034430 -0.040056
-0.476058 0.022160 -0.019039
-0.520506 0.059299 -0.044146
-0.470240 0.035929 -0.013576
-0.475275 0.068429 -0.058707
-0.473065 0.065619 -0.007907
-0.469045 0.029392 -0.091459
-0.500135 0.072967 -0.094042
-0.482266 0.017601 -0.062326
-0.496207 0.017440 -0.039694
-0.524754 0.046009 0.003234
-0.515974 0.021841 -0.076455
-0.491302 0.073002 -0.061092
-0.468911 0.048088 0.004984
-0.470588 0.056001 -0.016770
-0.503569 0.075355 -0.080768
-0.466333 0.054037 -0.051788
-0.523544 0.043752 -0.094211
-0.524879 0.034736 -0.079938
-0.481965 0.017573 -0.085796
-0.501187 0.014833 -0.040223
-0.501838 0.018018 -0.058236
-0.474092 0.023988 -0.023353
-0.470928 0.057870 -0.060690
-0.526736 0.050657 -0.044546
-0.502280 0.075955 -0.009067
-0.499291 0.014595 -0.029047
-0.494972 0.076380 -0.055308
-0.524564 0.057361 -0.062898
-0.513790 0.067020 -0.059747
-0.522151 0.028366 -0.036600
-0.471414 0.063781 -0.026658
-0.480148 0.068312 -0.035956
-0.491041 0.014949 -0.019027
-0.527195 0.050175 -0.014076
-0.494890 0.014535 -0.010070
-0.473785 0.062043 -0.033355
-0.524052 0.058523 -0.062564
-0.494751 0.014367 -0.089707
-0.496469 0.014392 -0.068963
-0.478369 0.024395 0.003124
-0.523352 0.052168 -0.045677
-0.526949 0.038392 0.004627
-0.522389 0.036916 -0.085625
-0.475222 0.023131 -0.003277
-0.479412 0.023359 -0.012577
-0.467928 0.057986 -0.038038
-0.465369 0.044177 -0.031746
-0.512221 0.067984 -0.083319
-0.510427 0.017976 -0.061506
-0.508493 0.020085 0.002040
-0.482358 0.017836 -0.024825
-0.504714 0.075423 -0.003079
-0.483442 0.017371 -0.016152
-0.524111 0.039846 -0.003463
-0.518792 0.061533 -0.066527
-0.513915 0.023813 -0.050931
-0.524530 0.058201 -0.036359
-0.524417 0.031668 -0.004585
-0.473952 0.067391 -0.079976
-0.466607 0.055671 -0.073212
-0.509173 0.017348 -0.060299
-0.468079 0.033411 -0.007962
-0.518551 0.067454 -0.003868
-0.506715 0.019596 -0.076366
-0.517604 0.026852 -0.000479
-0.487229 0.071960 -0.049288
-0.477658 0.020677 -0.035518
-0.517553 0.063504 -0.045345
-0.525473 0.054284 -0.078292
-0.470465 0.033614 -0.071111
-0.491069 0.075999 -0.063306
-0.524331 0.032480 -0.046044
-0.512260 0.071954 -0.041160
-0.498309 0.014501 -0.040285
-0.465479 0.048927 -0.037113
-0.514640 0.066368 -0.053950
-0.518731 0.062854 0.003447
-0.486102 0.015964 -0.071529
-0.468904 0.037454 -0.079989
-0.511080 0.068773 -0.083416
-0.522866 0.029565 -0.040122
-0.521586 0.057483 -0.034682
-0.479108 0.067340 -0.010982
-0.526748 0.042954 -0.072493
-0.481125 0.069132 -0.063004
-0.522401 0.056169 -0.016624
-0.488241 0.072309 -0.066492
-0.495605 0.017456 -0.031806
-0.473681 0.028208 -0.077116
-0.515161 0.024970 -0.057933
-0.526723 0.050424 -0.048860
-0.525340 0.036503 -0.090234
-0.465542 0.052471 -0.084340
-0.515883 0.025403 -0.032783
-0.514006 0.070611 -0.061917
-0.511984 0.072280 -0.023135
-0.472402 0.028994 0.006068
-0.466722 0.054073 -0.019206
-0.501834 0.017984 -0.017242
-0.490461 0.075883 -0.047072
-0.506648 0.019352 -0.013717
-0.503507 0.015377 -0.091166
-0.474697 0.022931 -0.056968
-0.471516 0.058412 -0.033489
-0.485807 0.071429 -0.046593
-0.508869 0.020430 -0.037774
-0.468027 0.057718 -0.018596
-0.470519 0.033707 -0.063582
-0.499736 0.016908 0.005757
-0.486664 0.071794 -0.062270
-0.523059 0.054189 -0.021911
-0.527625 0.047432 -0.002853
-0.506236 0.019240 -0.026627
-0.469597 0.062200 -0.092704
-0.521126 0.057726 -0.060884
-0.520694 0.064176 -0.057796
-0.501702 0.075819 -0.072019
-0.524376 0.032728 -0.052075
-0.526621 0.041882 -0.074898
-0.467840 0.044737 -0.074569
-0.521798 0.027452 -0.011711
-0.516717 0.026727 -0.073022
-0.467642 0.034236 -0.016448
-0.526382 0.036936 -0.011380
-0.513734 0.066742 -0.087375
-0.490548 0.075906 -0.053885
-0.471628 0.059170 -0.059871
-0.527176 0.040332 -0.009558
-0.465507 0.038746 -0.078080
-0.512958 0.067368 -0.088135
-0.518834 0.062110 -0.032257
-0.520396 0.026693 -0.089450
-0.517954 0.023317 -0.040733
-0.526155 0.036810 -0.027750
-0.482826 0.017781 -0.001533
-0.474805 0.063841 -0.072718
-0.494033 0.017418 -0.085324
-0.521017 0.026255 -0.000757
-0.519651 0.065701 -0.042717
-0.527445 0.045206 -0.023261
-0.520905 0.063249 -0.092772
-0.508121 0.074291 -0.005072
-0.489165 0.018292 -0.052115
-0.467751 0.047071 -0.085257
-0.482399 0.069662 -0.021103
-0.516437 0.026258 -0.060090
-0.520754 0.063713 -0.079229
-0.522260 0.034596 -0.022452
-0.522012 0.035981 -0.090623
-0.491826 0.014627 -0.077782
-0.524022 0.059933 -0.010300
-0.498018 0.017464 -0.082699
-0.491534 0.017717 -0.074433
-0.487954 0.072154 -0.033730
-0.515604 0.065275 -0.068731
-0.520143 0.031335 -0.065515
-0.524621 0.042855 0.001884
-0.472575 0.029774 -0.074615
-0.478998 0.023734 -0.007716
-0.490742 0.014904 -0.045548
-0.466164 0.037790 -0.042976
-0.467770 0.033246 -0.037893
-0.466678 0.054567 -0.035181
-0.480694 0.068520 -0.011588
-0.467044 0.055299 -0.024393
-0.510695 0.017889 -0.014471
-0.513453 0.067450 -0.045526
-0.465188 0.047405 -0.050182
-0.509791 0.073013 -0.079039
-0.487878 0.072104 -0.021036
-0.522409 0.036338 -0.066767
-0.523205 0.030159 -0.040805
-0.520564 0.064912 -0.023906
-0.508268 0.020307 -0.076714
-0.483344 0.073693 -0.059110
-0.482673 0.069696 0.001721
-0.508665 0.074044 -0.007444
-0.527530 0.042539 -0.004291
-0.520447 0.058287 -0.091588
-0.469424 0.054935 -0.082015
-0.508755 0.070736 -0.004580
-0.517070 0.064595 -0.009143
-0.517640 0.022947 -0.034051
-0.524379 0.031687 -0.008877
-0.484387 0.070668 -0.011441
-0.513112 0.067685 -0.047886
-0.522298 0.034341 -0.009609
-0.518024 0.063315 -0.022372
-0.520342 0.058458 -0.093047
-0.489773 0.075776 -0.081337
-0.475797 0.025810 -0.075333
-0.519961 0.065894 -0.007151
-0.517053 0.026566 -0.028127
-0.521701 0.027277 -0.008991
-0.515108 0.069963 -0.045235
-0.488648 0.015487 -0.018129
-0.483210 0.073418 -0.008591
-0.471033 0.033674 -0.024555
-0.520220 0.060702 -0.000624
-0.491693 0.014809 -0.030129
-0.521016 0.033362 -0.083061
-0.470071 0.035733 -0.032836
-0.473859 0.028328 -0.056660
-0.520331 0.058466 -0.093567
-0.467305 0.055623 -0.011356
-0.515057 0.021135 -0.083039
-0.487914 0.075352 -0.080802
-0.516933 0.064658 -0.014742
-0.474808 0.062901 0.000334
-0.468778 0.044152 0.001607
-0.523366 0.030093 -0.022985
-0.473217 0.030379 0.004046
-0.506958 0.016295 -0.020191
-0.482310 0.017387 -0.088163
-0.503635 0.018122 0.005708
-0.509427 0.069708 -0.090955
-0.471934 0.030608 -0.082913
-0.465129 0.043242 -0.056332
-0.517449 0.067452 -0.084976
-0.466907 0.037296 0.005542
-0.488825 0.015115 -0.090305
-0.502314 0.018066 -0.001908
-0.507340 0.070944 -0.067473
-0.482276 0.021451 -0.007280
-0.466438 0.053960 -0.040875
-0.523784 0.048568 -0.062619
-0.506460 0.017813 -0.094333
-0.520051 0.065240 -0.042931
-0.506568 0.016216 -0.042225
-0.497186 0.073443 -0.024124
-0.506502 0.016100 -0.008632
-0.465562 0.050385 -0.046885
-0.521043 0.058311 -0.044323
-0.471859 0.026050 -0.054942
-0.471237 0.033226 -0.025209
-0.506700 0.074593 -0.042146
-0.477686 0.020876 -0.015117
-0.475913 0.068586 -0.013687
-0.467770 0.044523 -0.080635
-0.498850 0.017566 -0.028281
-0.466166 0.054314 -0.072987
-0.472905 0.024929 -0.047123
-0.475611 0.022417 -0.030313
-0.511014 0.072349 -0.079849
-0.526812 0.042161 -0.061850
-0.520760 0.026477 -0.041070
-0.527275 0.048036 -0.028067
-0.488110 0.075410 -0.087058
-0.482857 0.017599 -0.023920
-0.527331 0.050672 0.003813
-0.467726 0.032543 -0.065837
-0.510760 0.072926 -0.026759
-0.525045 0.034957 -0.072113
-0.486003 0.071444 -0.027454
-0.480429 0.068346 -0.012317
-0.518493 0.067263 -0.021617
-0.471767 0.026265 -0.049094
-0.467046 0.055196 -0.021153
-0.483486 0.070245 -0.018237
-0.515482 0.020957 -0.018214
-0.516376 0.026140 -0.054956
-0.470900 0.027630 -0.037859
-0.481177 0.072780 -0.093537
-0.500763 0.017815 -0.068821
-0.522630 0.035123 -0.008531
-0.485308 0.016649 -0.004142
-0.466590 0.036521 -0.036893
-0.524673 0.034320 -0.084120
-0.483890 0.070356 0.003294
-0.470170 0.033667 -0.092288
-0.483977 0.070775 -0.083440
-0.519774 0.025647 -0.070417
-0.526937 0.045579 -0.064955
-0.501076 0.017846 -0.030190
-0.522184 0.028335 -0.031832
-0.514178 0.019986 -0.015734
-0.484519 0.016428 -0.089167
-0.468355 0.032489 -0.018498
-0.464907 0.045901 -0.068620
-0.519187 0.065783 -0.071913
-0.527436 0.041510 -0.002206
-0.522409 0.056273 -0.012541
-0.518001 0.027312 -0.001641
-0.465567 0.042909 -0.022283
-0.467582 0.032822 -0.067348
-0.514853 0.069752 -0.082827
-0.523728 0.052041 -0.017648
-0.522558 0.062681 0.002698
-0.493264 0.017650 -0.021610
-0.474461 0.062887 -0.030696
-0.522914 0.052877 -0.065082
-0.469016 0.039894 -0.022424
-0.522737 0.037879 -0.079768
-0.522321 0.062999 0.001012
-0.495318 0.076416 -0.034844
-0.484644 0.016964 0.001369
-0.520027 0.025688 -0.050012
-0.495998 0.076456 -0.019838
-0.468975 0.049614 -0.004919
-0.475513 0.026088 -0.076425
-0.526941 0.038831 -0.004797
-0.477762 0.066201 -0.012561
-0.524832 0.033679 -0.047885
-0.519206 0.024761 -0.052118
-0.471097 0.032879 -0.049718
-0.515457 0.065642 -0.051391
-0.517150 0.064715 0.005220
-0.499783 0.014633 -0.062417
-0.482852 0.070220 -0.082233
-0.512117 0.068749 -0.013528
-0.520139 0.060864 0.001120
-0.468344 0.031064 -0.073796
-0.527022 0.044929 -0.057720
-0.514022 0.066514 -0.085978
-0.503924 0.075444 -0.042385
-0.498056 0.014455 -0.082821
-0.522186 0.035094 -0.046277
-0.511371 0.018560 -0.074454
-0.506541 0.016270 -0.065194
-0.509433 0.073237 -0.072404
-0.465460 0.046872 -0.025018
-0.465789 0.037435 -0.080770
-0.474403 0.062482 -0.006069
-0.467718 0.056959 -0.018756
-0.467071 0.033643 -0.079559
-0.508253 0.016846 -0.035442
-0.521102 0.060128 0.005431
-0.468092 0.045493 -0.052540
-0.501443 0.073060 -0.007918
-0.470389 0.057337 -0.085631
-0.469250 0.030099 -0.044574
-0.503196 0.075635 -0.041010
-0.504284 0.075375 -0.037004
-0.520511 0.059031 -0.055534
-0.488718 0.018498 -0.032949
-0.466002 0.053214 -0.059887
-0.522224 0.028302 -0.026330
-0.466729 0.054120 -0.019743
-0.517403 0.026676 -0.004517
-0.479990 0.068263 -0.044644
-0.470439 0.034889 -0.029589
-0.523471 0.053784 0.000203
-0.476296 0.026251 -0.007227
-0.476878 0.021630 -0.005109
-0.494633 0.073329 -0.087497
-0.470413 0.035621 -0.009269
-0.468434 0.040491 -0.060570
-0.468465 0.041730 -0.042260
-0.519513 0.060170 -0.080709
-0.526325 0.036877 -0.014820
-0.469056 0.041289 0.000840
-0.525452 0.033890 -0.001102
-0.500000 0.076322 0.004067
-0.468726 0.039475 -0.053232
-0.489934 0.075767 -0.031715
-0.478569 0.023132 -0.093237
-0.465293 0.050538 -0.072068
-0.527494 0.048643 -0.005678
-0.471475 0.057543 0.001701
-0.470627 0.056502 -0.031052
-0.505034 0.071756 -0.084532
-0.523708 0.052532 -0.009236
-0.479696 0.019514 -0.008034
-0.473133 0.066452 -0.071147
-0.487280 0.075077 -0.030581
-0.527292 0.050732 0.001484
-0.523664 0.052019 -0.023169
-0.493750 0.014606 -0.013784
-0.497937 0.014440 -0.091987
-0.522356 0.034255 -0.001044
-0.514741 0.020311 -0.006090
-0.475512 0.064707 -0.080535
-0.474827 0.026776 -0.080358
-0.501156 0.076147 -0.006045
-0.520886 0.064040 -0.051400
-0.487366 0.015886 -0.011954
-0.469563 0.037114 -0.035725
-0.484230 0.016536 -0.088941
-0.511296 0.021606 -0.002463
-0.466275 0.036432 -0.064018
-0.507709 0.071993 -0.094433
-0.523664 0.037680 0.004872
-0.467761 0.042757 -0.089811
-0.464888 0.041448 -0.090392
-0.480867 0.021824 -0.062497
-0.526802 0.041208 -0.052218
-0.524225 0.051074 0.005000
-0.497119 0.076310 -0.089259
-0.515981 0.021354 -0.018219
-0.524245 0.045598 -0.039475
-0.468632 0.031833 -0.021207
-0.493195 0.017653 -0.023241
-0.475484 0.022876 -0.003960
-0.524652 0.045381 -0.006211
-0.475131 0.068372 -0.066560
-0.521440 0.033235 -0.040623
-0.510821 0.021849 -0.093077
-0.491241 0.072953 -0.014048
-0.509164 0.020842 -0.089789
-0.516312 0.065155 -0.025101
-0.501978 0.018039 -0.049896
-0.512193 0.022576 -0.063018
-0.502757 0.075692 -0.049327
-0.487523 0.075210 -0.058997
-0.514223 0.070979 -0.009606
-0.478845 0.023714 -0.020359
-0.499802 0.017664 -0.010557
-0.468783 0.050740 -0.037726
-0.469629 0.038548 0.001997
-0.491653 0.076073 -0.003570
-0.468983 0.040454 -0.016656
-0.485874 0.074568 -0.015866
-0.523931 0.046584 -0.063857
-0.512430 0.072061 -0.017660
-0.469140 0.041103 0.005016
-0.479656 0.019150 -0.051052
-0.523600 0.030173 -0.006175
-0.466421 0.037356 -0.031936
-0.509873 0.020901 -0.024487
-0.502016 0.072847 -0.033562
-0.470353 0.062008 -0.012920
-0.477732 0.070654 -0.089749
-0.523150 0.039451 -0.077852
-0.468648 0.042406 -0.020786
-0.481987 0.019638 -0.094041
-0.522782 0.060609 -0.077273
-0.483464 0.073794 -0.073012
-0.465090 0.041523 -0.073187
-0.481541 0.072680 -0.033461
-0.480930 0.021939 -0.045536
-0.509032 0.069908 -0.093062
-0.490921 0.014744 -0.084029
-0.510946 0.021923 -0.091454
-0.494256 0.076373 -0.030267
-0.482833 0.020938 -0.030486
-0.495614 0.076420 -0.042984
-0.522056 0.028061 -0.027226
-0.515989 0.065608 -0.015269
-0.521928 0.057627 -0.002491
-0.526092 0.038600 -0.072688
-0.502056 0.014987 -0.036578
-0.495154 0.076422 -0.021969
-0.502277 0.072771 -0.038901
-0.466166 0.052131 -0.024290
-0.489853 0.015029 -0.058806
-0.478021 0.019885 -0.087062
-0.526443 0.040901 -0.079125
-0.475308 0.022767 -0.025200
-0.471741 0.064434 -0.041311
-0.519654 0.024755 -0.009635
-0.466506 0.035125 -0.079801
-0.493215 0.073260 -0.042063
-0.527143 0.039978 -0.006920
-0.471255 0.033818 -0.002168
-0.519731 0.025400 -0.055918
-0.526263 0.037013 -0.023503
-0.468515 0.044246 -0.019599
-0.525599 0.042264 -0.094603
-0.477519 0.020553 -0.056846
-0.487696 0.015800 -0.008520
-0.505582 0.075203 0.001349
-0.473987 0.066881 -0.028936
-0.470597 0.057686 -0.081583
-0.469055 0.053892 -0.083101
-0.470697 0.034058 -0.037471
-0.513268 0.071747 0.004894
-0.473367 0.024876 -0.016279
-0.485119 0.019992 -0.003092
-0.466174 0.036540 -0.069682
-0.496727 0.076407 -0.047669
-0.464966 0.040639 -0.092986
-0.470429 0.057242 -0.078207
-0.493221 0.076260 -0.071027
-0.521377 0.027376 -0.045229
-0.513244 0.019476 -0.033844
-0.495861 0.076361 -0.078706
-0.466018 0.052114 -0.036593
-0.515197 0.021305 -0.089470
-0.468392 0.042134 -0.044329
-0.484797 0.071120 -0.078674
-0.501607 0.014888 -0.009182
-0.469900 0.037630 0.003484
-0.465312 0.044132 -0.036531
-0.513669 0.023698 -0.061438
-0.474348 0.063552 -0.091427
-0.518774 0.024301 -0.054067
-0.466484 0.037823 -0.016657
-0.515737 0.025531 -0.058529
-0.523070 0.029922 -0.040587
-0.514452 0.024441 -0.070775
-0.471801 0.032676 -0.002995
-0.469203 0.053783 -0.067031
-0.483946 0.073893 -0.043607
-0.522175 0.054871 -0.073979
-0.499428 0.017613 -0.064953
-0.507515 0.016739 -0.093193
-0.486634 0.071791 -0.065229
-0.512690 0.071867 -0.021351
-0.506059 0.015969 -0.014068
-0.507739 0.016613 -0.029852
-0.493356 0.073278 -0.030763
-0.489471 0.075688 -0.045786
-0.527078 0.039089 0.001798
-0.466868 0.034437 -0.071337
-0.521109 0.057781 -0.060049
-0.494572 0.014516 -0.026182
-0.491900 0.073082 -0.024640
-0.489414 0.018442 -0.006516
-0.497064 0.017507 0.004364
-0.511277 0.072495 -0.044370
-0.496012 0.014375 -0.080866
-0.467382 0.057129 -0.054040
-0.472029 0.065401 -0.086669
-0.489034 0.015197 -0.059512
-0.495941 0.014433 -0.044986
-0.480124 0.072141 -0.081992
-0.523499 0.042111 -0.085660
-0.513991 0.023640 -0.023049
-0.523993 0.046537 -0.058772
-0.487895 0.015791 0.001311
-0.468786 0.037611 -0.086042
-0.492908 0.014476 -0.090692
-0.490194 0.015077 -0.029686
-0.466103 0.037028 -0.064588
-0.478244 0.070376 -0.000850
-0.490480 0.017837 -0.089509
-0.473014 0.061392 -0.060628
-0.488580 0.018269 -0.089411
-0.478877 0.067375 -0.037669
-0.469224 0.059689 0.004209
-0.519296 0.024812 -0.047949
-0.473645 0.066707 -0.045098
-0.482914 0.017080 -0.091208
-0.478408 0.023951 -0.031694
-0.479293 0.019929 0.005997
-0.490988 0.075948 0.000393
-0.465400 0.042555 -0.038021
-0.470281 0.033376 -0.093751
-0.518581 0.028476 -0.034902
-0.471737 0.031170 -0.071923
-0.491548 0.076072 -0.078573
-0.497462 0.017470 -0.036246
-0.470493 0.056561 -0.045186
-0.501635 0.075829 -0.072875
-0.481310 0.018059 -0.066218
-0.521458 0.034417 -0.086256
-0.496314 0.014357 -0.094202
-0.510755 0.021614 -0.060886
-0.518114 0.023303 -0.024232
-0.466752 0.037464 -0.003096
-0.509844 0.021006 -0.048762
-0.512609 0.068067 -0.048103
-0.495229 0.017419 -0.055544
-0.490438 0.014929 -0.053588
-0.521561 0.034381 -0.076018
-0.520933 0.059126 -0.018816
-0.476816 0.025385 -0.031407
-0.521739 0.056725 -0.094579
-0.518381 0.066897 -0.055899
-0.473655 0.024813 0.001121
-0.527566 0.048709 0.000805
-0.504246 0.075430 -0.027549
-0.494481 0.014376 -0.091202
-0.502270 0.015042 -0.051771
-0.524487 0.056941 -0.082174
-0.522131 0.034479 -0.029658
-0.513751 0.019847 -0.038314
-0.523235 0.029627 -0.010358
-0.501130 0.017851 -0.014113
-0.509229 0.020565 -0.026614
-0.514690 0.020306 -0.010512
-0.464926 0.045181 -0.066762
-0.527060 0.048000 -0.045954
-0.497359 0.076422 -0.033309
-0.527415 0.048319 -0.014939
-0.489444 0.018235 -0.048782
-0.469604 0.055145 -0.072839
-0.472070 0.030865 -0.059916
-0.468115 0.047478 -0.057484
-0.508374 0.017017 -0.070316
-0.526328 0.049538 -0.091992
-0.469308 0.040114 0.004942
-0.468615 0.040362 -0.047755
-0.525706 0.034445 0.001782
-0.494918 0.014461 -0.042404
-0.527560 0.043735 -0.009876
-0.524393 0.059137 -0.012725
-0.486725 0.015998 -0.028633
-0.468690 0.041202 -0.029994
-0.518392 0.066597 -0.076468
-0.522827 0.054093 -0.042817
-0.469797 0.053281 -0.003535
-0.491629 0.073050 -0.063140
-0.507967 0.016661 -0.016419
-0.469049 0.039105 -0.033854
-0.475589 0.064391 -0.045325
-0.504595 0.018618 0.005576
-0.467957 0.043740 -0.068118
-0.525989 0.055715 -0.000035
-0.526332 0.051003 -0.072488
-0.517915 0.027676 -0.037285
-0.473821 0.029325 -0.004061
-0.474068 0.062732 -0.055484
-0.471002 0.063846 -0.068586
-0.470967 0.058504 -0.086459
-0.523506 0.060457 -0.028148
-0.490796 0.072880 -0.030969
-0.500169 0.073095 -0.055382
-0.522378 0.053668 -0.089668
-0.469857 0.056029 -0.081539
-0.487578 0.075285 -0.091916
-0.523808 0.048581 -0.060482
-0.473146 0.029741 0.006058
-0.499560 0.076319 -0.013236
-0.519314 0.030137 -0.073894
-0.522727 0.035763 -0.022187
-0.512359 0.022327 -0.008116
-0.519151 0.024919 -0.070497
-0.500225 0.014699 -0.069232
-0.511290 0.072416 -0.053185
-0.481011 0.018718 -0.006086
-0.505804 0.074746 -0.070906
-0.493752 0.017457 -0.074811
-0.475366 0.022424 -0.047551
-0.476938 0.020699 -0.084513
-0.490293 0.018092 -0.036513
-0.511297 0.020199 0.005612
-0.481945 0.072905 -0.035090
-0.516900 0.068078 -0.076371
-0.508105 0.070542 -0.073198
-0.521925 0.033942 -0.026350
-0.523660 0.051599 -0.031043
-0.524285 0.046081 -0.035433
-0.523394 0.061245 -0.002115
-0.499983 0.073077 -0.069029
-0.496064 0.014512 0.003669
-0.486516 0.071556 0.001935
-0.465617 0.037568 -0.091576
-0.520038 0.026078 -0.078059
-0.473582 0.066535 -0.035973
-0.466846 0.035611 -0.040101
-0.513921 0.066868 -0.063242
-0.490198 0.072746 -0.022584
-0.467467 0.039151 -0.093896
-0.501301 0.014872 -0.077538
-0.492515 0.014704 -0.025011
-0.523407 0.059044 -0.092986
-0.481448 0.072586 -0.024641
-0.524597 0.034092 -0.082761
-0.510650 0.072760 -0.054179
-0.477722 0.020602 -0.037887
-0.526591 0.038411 -0.026299
-0.491949 0.017846 -0.018139
-0.520647 0.026944 -0.083177
-0.478023 0.066669 -0.038062
-0.475775 0.021967 -0.055768
-0.480467 0.068629 -0.051450
-0.515846 0.065772 -0.012918
-0.475433 0.068357 -0.035833
-0.478964 0.067521 -0.047956
-0.469712 0.029245 -0.047268
-0.493837 0.073324 -0.028279
-0.495147 0.017364 -0.089749
-0.518872 0.024784 -0.085274
-0.521863 0.035168 -0.077035
-0.520435 0.059559 -0.038146
-0.526596 0.045560 -0.093109
-0.523302 0.039176 -0.059408
-0.518555 0.023646 -0.014444
-0.511094 0.072348 -0.074607
-0.476777 0.069358 -0.017494
-0.524187 0.057974 -0.071066
-0.506788 0.071047 -0.087241
-0.499157 0.014587 -0.017237
-0.520298 0.026280 -0.069109
-0.514183 0.071121 0.001983
-0.523766 0.060428 -0.009385
-0.516979 0.063675 -0.076942
-0.473364 0.061959 -0.066282
-0.498427 0.076342 -0.042425
-0.525881 0.038282 -0.084279
-0.498679 0.017542 -0.046990
-0.475844 0.026055 0.006031
-0.467897 0.041793 -0.087998
-0.482541 0.070027 -0.077042
-0.522860 0.036905 -0.044503
-0.526819 0.051520 -0.025528
-0.498436 0.014553 0.004634
-0.466618 0.052892 -0.000848
-0.512157 0.022346 -0.031754
-0.468432 0.031385 -0.054358
-0.518024 0.023356 -0.037798
-0.466189 0.051777 -0.015209
-0.520487 0.026689 -0.080914
-0.504481 0.018667 -0.034351
-0.527083 0.051149 -0.009596
-0.476622 0.065532 -0.052311
-0.466368 0.036419 -0.056871
-0.526090 0.055593 0.004802
-0.484886 0.016621 -0.034681
-0.519726 0.025910 -0.094388
-0.476156 0.064605 -0.010059
-0.527007 0.046347 -0.057887
-0.523705 0.041857 -0.065457
-0.517380 0.027170 -0.048004
-0.485519 0.071223 -0.021601
-0.465918 0.039160 -0.037549
-0.472779 0.065940 -0.061477
-0.492873 0.076249 0.000029
-0.491168 0.072986 -0.080733
-0.510023 0.017755 -0.060581
-0.468831 0.046886 0.005657
-0.482679 0.070111 -0.079049
-0.522936 0.052886 -0.063203
-0.486855 0.071871 -0.065377
-0.492521 0.017769 -0.014561
-0.470000 0.054778 -0.027479
-0.472575 0.026024 -0.002680
-0.515012 0.066157 -0.043750
-0.473759 0.066286 0.001283
-0.472282 0.026535 0.005575
-0.482701 0.020712 -0.066787
-0.524053 0.032807 -0.083703
-0.524462 0.044188 -0.019179
-0.490076 0.075804 -0.042586
-0.513532 0.071073 -0.048238
-0.479653 0.023016 -0.027246
-0.471739 0.031686 -0.049050
-0.483540 0.073873 -0.086823
-0.520831 0.032691 -0.070032
-0.525965 0.053985 -0.045523
-0.500726 0.017788 0.003488
-0.522187 0.035261 -0.052047
-0.526247 0.036419 -0.010183
-0.522795 0.029466 -0.041266
-0.524144 0.059305 -0.025506
-0.506844 0.019507 -0.035183
-0.520527 0.063882 -0.087348
-0.489119 0.072472 -0.018714
-0.488901 0.075515 -0.023503
-0.509436 0.020613 -0.013590
-0.469998 0.056222 -0.075930
-0.520792 0.026302 -0.025086
-0.471137 0.063244 -0.016273
-0.488245 0.072267 -0.045511
-0.522856 0.055384 -0.004661
-0.521854 0.062434 -0.063196
-0.503586 0.075608 -0.026154
-0.511696 0.018567 -0.041434
-0.472068 0.025928 -0.046413
-0.522532 0.036405 -0.058158
-0.467687 0.043622 -0.091006
-0.470596 0.035493 0.001255
-0.483585 0.073840 -0.071817
-0.492935 0.017522 -0.079050
-0.520939 0.058028 -0.063539
-0.500207 0.014692 -0.046057
-0.487393 0.019131 0.005060
-0.469110 0.061306 -0.086096
-0.502210 0.018059 -0.018339
-0.468949 0.040578 -0.017697
-0.494211 0.073359 -0.030789
-0.469150 0.036928 -0.073424
-0.525510 0.034894 -0.029974
-0.482808 0.020858 -0.041869
-0.510365 0.017705 -0.010163
-0.488000 0.075343 -0.059584
-0.517810 0.028191 -0.085371
-0.483048 0.072727 -0.094136
-0.493695 0.014643 -0.002628
-0.526639 0.046035 -0.088853
-0.526375 0.050510 -0.075823
-0.489001 0.015500 0.003989
-0.505284 0.018974 -0.053656
-0.468154 0.043194 -0.055120
-0.482357 0.020991 -0.055934
-0.479934 0.022432 -0.064549
-0.477726 0.024009 -0.075831
-0.465489 0.048747 -0.034256
-0.503677 0.018377 0.000517
-0.480451 0.072366 -0.088659
-0.523485 0.060127 -0.044248
-0.501965 0.075744 -0.076981
-0.510139 0.069398 -0.078893
-0.475130 0.064438 -0.092159
-0.525220 0.057601 -0.003238
-0.477811 0.023938 -0.075664
-0.519066 0.029852 -0.079512
-0.487194 0.015959 -0.008452
-0.515631 0.021387 -0.056525
-0.525623 0.035083 -0.025815
-0.506704 0.016200 -0.018728
-0.523024 0.052190 -0.071431
-0.510465 0.072846 -0.056236
-0.524145 0.031960 -0.041506
-0.482900 0.069876 -0.007271
-0.505847 0.071718 -0.040956
-0.512724 0.019447 -0.082829
-0.482107 0.069406 -0.007185
-0.506201 0.074799 -0.037739
-0.514374 0.070979 0.000946
-0.507500 0.070786 -0.079965
-0.473073 0.028840 -0.087003
-0.471789 0.032404 -0.014605
-0.524565 0.045059 -0.012833
-0.514583 0.066808 -0.020765
-0.520729 0.059574 -0.014853
-0.468305 0.043484 -0.041063
-0.502746 0.075882 -0.003058
-0.523813 0.049492 -0.050958
-0.481401 0.069422 -0.084436
-0.497928 0.017497 -0.029876
-0.526761 0.047481 -0.073416
-0.518883 0.061629 -0.054398
-0.494551 0.014373 -0.091120
-0.521249 0.057634 -0.054940
-0.490816 0.014870 -0.052192
-0.500469 0.014734 -0.067134
-0.517523 0.067918 -0.043443
-0.507695 0.020047 -0.079691
-0.480399 0.072175 -0.059062
-0.493938 0.073321 -0.057984
-0.486355 0.071480 0.004618
-0.505593 0.071846 -0.035386
-0.525609 0.036945 -0.078078
-0.467900 0.031671 -0.084392
-0.512189 0.068803 -0.002969
-0.467694 0.039069 -0.093898
-0.468233 0.042338 -0.055299
-0.471880 0.032454 -0.005569
-0.479265 0.067853 -0.062236
-0.492034 0.076137 -0.049933
-0.471734 0.026263 -0.051681
-0.471931 0.061088 -0.093984
-0.513354 0.019424 -0.014676
-0.496315 0.073445 -0.026011
-0.501106 0.075898 -0.080370
-0.482311 0.020819 -0.079932
-0.526586 0.037751 -0.013581
-0.512230 0.072091 -0.028051
-0.468368 0.042888 -0.039281
-0.473094 0.024945 -0.032053
-0.473528 0.023947 -0.067797
-0.464639 0.044104 -0.092139
-0.468899 0.049017 -0.004815
-0.488012 0.075306 -0.034054
-0.481196 0.068904 -0.018620
-0.486468 0.074833 -0.034635
-0.521002 0.026252 -0.001969
-0.481540 0.021744 -0.025277
-0.482710 0.070198 -0.093271
-0.524885 0.057434 -0.035301
-0.482162 0.020813 -0.090676
-0.498489 0.073269 -0.065110
-0.467730 0.047112 -0.087271
-0.465247 0.042239 -0.053411
-0.468334 0.044903 -0.033462
-0.521691 0.028619 -0.093272
-0.490439 0.017862 -0.085493
-0.479684 0.071419 -0.006017
-0.527499 0.042900 -0.009330
-0.501157 0.014846 -0.080439
-0.469671 0.029480 -0.039335
-0.518560 0.063493 -0.094551
-0.502727 0.075556 -0.084148
-0.468577 0.046239 -0.013787
-0.520125 0.064760 -0.065931
-0.474905 0.068241 -0.074551
-0.521619 0.032699 -0.000474
-0.526072 0.038691 -0.076205
-0.518501 0.028621 -0.051860
-0.523227 0.060000 -0.069365
-0.527005 0.048147 -0.049555
-0.468422 0.030590 -0.086826
-0.514894 0.066671 -0.010050
-0.487700 0.071986 0.002458
-0.514301 0.070365 -0.065142
-0.515772 0.021190 -0.019443
-0.479907 0.068124 -0.034200
-0.521554 0.028345 -0.089435
-0.517277 0.022379 -0.009510
-0.503792 0.018445 -0.026375
-0.522994 0.036329 -0.015841
-0.475011 0.064089 -0.074252
-0.467994 0.032177 -0.057620
-0.466250 0.051286 -0.002459
-0.511098 0.072445 -0.062479
-0.515568 0.069346 -0.068116
-0.506310 0.016086 -0.028396
-0.485980 0.019620 -0.003735
-0.507349 0.074045 -0.090884
-0.505885 0.015894 -0.003712
-0.518706 0.066921 -0.030294
-0.514275 0.020507 -0.078788
-0.474375 0.027402 -0.073344
-0.475281 0.027336 -0.010304
-0.477650 0.066112 -0.013864
-0.523606 0.040572 -0.057480
-0.467282 0.057753 -0.085493
-0.472510 0.025364 -0.048248
-0.469180 0.059858 -0.007515
-0.476443 0.021187 -0.074361
-0.493679 0.014664 0.004175
-0.492634 0.073185 -0.008155
-0.516007 0.065832 0.003359
-0.481232 0.021748 -0.045974
-0.526990 0.042605 -0.049938
-0.503783 0.072331 -0.053069
-0.476325 0.064648 0.005965
-0.516608 0.064480 -0.051372
-0.486923 0.071831 -0.042336
-0.471209 0.063237 -0.009292
-0.495429 0.017532 0.000262
-0.494003 0.073335 -0.039134
-0.471022 0.057591 -0.040109
-0.501079 0.014824 -0.071608
-0.495272 0.073399 -0.047509
-0.526898 0.045584 -0.068179
-0.523354 0.036672 0.005116
-0.497905 0.073309 -0.068741
-0.519694 0.059662 -0.090781
-0.480242 0.022019 -0.084891
-0.469729 0.037538 -0.012235
-0.486584 0.071591 0.000014
-0.503801 0.075612 -0.013453
-0.468615 0.058425 0.004709
-0.481983 0.069474 -0.032215
-0.523673 0.043826 -0.083929
-0.471281 0.027053 -0.040148
-0.518371 0.023264 0.003833
-0.485569 0.071484 -0.092149
-0.525613 0.056025 -0.021291
-0.512032 0.022248 -0.029682
-0.501444 0.017960 -0.081872
-0.465870 0.051321 -0.035277
-0.464646 0.045287 -0.089672
-0.470860 0.026741 -0.088992
-0.466995 0.054693 -0.010997
-0.471253 0.057165 -0.002664
-0.474321 0.028304 -0.023333
-0.495190 0.076402 -0.042459
-0.480826 0.018214 -0.079823
-0.515019 0.024782 -0.051850
-0.522518 0.028729 -0.024993
-0.493070 0.073229 -0.081661
-0.492055 0.017866 -0.007628
-0.470094 0.056790 -0.089553
-0.497450 0.014465 -0.038754
-0.526152 0.036660 -0.024311
-0.523206 0.056321 0.005412
-0.523604 0.060772 -0.006687
-0.526185 0.055271 0.003878
-0.491539 0.076071 -0.084070
-0.482097 0.073206 -0.084630
-0.484806 0.070827 -0.001795
-0.524076 0.051751 0.005135
-0.520952 0.057595 -0.079522
-0.504716 0.075018 -0.083977
-0.498494 0.017525 -0.044737
-0.522624 0.034818 0.001537
-0.486555 0.071764 -0.065699
-0.501304 0.076004 -0.040657
-0.515864 0.025317 -0.026557
-0.500420 0.073041 -0.059806
-0.523753 0.040181 -0.038967
-0.508203 0.073868 -0.062843
-0.516080 0.065584 -0.010530
-0.466830 0.055335 -0.044013
-0.469455 0.029265 -0.065909
-0.519427 0.061664 -0.011344
-0.520563 0.030781 0.001071
-0.515408 0.021341 -0.072981
-0.520915 0.027046 -0.065509
-0.498771 0.076200 -0.084594
-0.470602 0.057903 -0.091104
-0.524233 0.032746 -0.065405
-0.467835 0.032593 -0.055569
-0.525124 0.034517 -0.051562
-0.500566 0.017768 -0.010364
-0.484494 0.074285 -0.092119
-0.473023 0.066113 -0.053082
-0.502320 0.075843 -0.034616
-0.484344 0.073918 -0.002888
-0.526006 0.052263 -0.077636
-0.518924 0.028832 -0.027154
-0.489028 0.072480 -0.039650
-0.511619 0.021827 -0.006982
-0.514890 0.024756 -0.061700
-0.523450 0.041633 -0.084451
-0.465989 0.053681 -0.093901
-0.477663 0.070362 -0.057124
-0.469382 0.051567 -0.001377
-0.498945 0.014575 0.000879
-0.476642 0.021009 -0.076689
-0.510470 0.021611 -0.090329
-0.518752 0.028169 0.003374
-0.527058 0.051251 -0.010218
-0.503188 0.018368 -0.077291
-0.521706 0.032891 -0.001599
-0.485844 0.016016 -0.076844
-0.525149 0.055519 -0.071914
-0.485815 0.016445 -0.006875
-0.514687 0.070045 -0.067436
-0.516919 0.068828 -0.014926
-0.469549 0.055341 -0.084484
-0.485230 0.071285 -0.074455
-0.488281 0.072337 -0.073834
-0.511891 0.022020 -0.009466
-0.482672 0.070122 -0.081940
-0.496121 0.075378 0.005709
-0.524045 0.040213 -0.014761
-0.517889 0.027972 -0.061721
-0.526583 0.040904 -0.067321
-0.515079 0.020797 -0.037225
-0.477944 0.021506 -0.093995
-0.524318 0.040689 0.001058
-0.512062 0.018980 -0.074915
-0.498072 0.076395 -0.027842
-0.499374 0.014602 -0.030832
-0.516489 0.021832 -0.024846
-0.468159 0.049798 -0.076140
-0.470030 0.054501 -0.016687
-0.515435 0.024617 0.005543
-0.524188 0.058841 -0.040310
-0.468596 0.046528 -0.012961
-0.465874 0.052871 -0.063993
-0.498310 0.073287 -0.065354
-0.517668 0.062776 -0.081066
-0.468310 0.043732 -0.039215
-0.498115 0.014518 -0.015979
-0.526999 0.046799 -0.057771
-0.523591 0.053514 0.003065
-0.511535 0.021752 -0.002723
-0.467937 0.033421 -0.018702
-0.473218 0.061783 -0.067897
-0.522294 0.054847 -0.065350
-0.489220 0.075659 -0.071370
-0.526411 0.049277 -0.087768
-0.476527 0.025750 -0.025827
-0.479113 0.067803 -0.070679
-0.508517 0.070396 -0.065816
-0.517299 0.022840 -0.055661
-0.523518 0.049231 -0.077754
-0.473604 0.023770 -0.074825
-0.467687 0.046889 -0.089366
-0.517108 0.022500 -0.038365
-0.471193 0.063440 -0.024200
-0.472426 0.059312 0.004096
-0.469299 0.035366 0.006096
-0.496988 0.017497 -0.002043
-0.505166 0.071810 -0.067548
-0.465900 0.037583 -0.068577
-0.501283 0.073079 -0.009689
-0.489632 0.075709 -0.033571
-0.466675 0.034305 -0.090608
-0.527600 0.043220 -0.003004
-0.505905 0.074577 -0.093495
-0.498263 0.076379 -0.029900
-0.469766 0.036646 -0.031934
-0.469460 0.054954 -0.079479
-0.468826 0.040623 -0.027014
-0.488484 0.075377 0.000391
-0.516262 0.026030 -0.055509
-0.526725 0.046195 -0.081493
-0.521769 0.056136 -0.067400
-0.524001 0.045934 -0.059072
-0.513013 0.071758 -0.011338
-0.519476 0.061244 -0.030199
-0.472607 0.065682 -0.056028
-0.470138 0.028656 -0.043449
-0.471149 0.033280 -0.029886
-0.468768 0.030560 -0.061422
-0.465581 0.046686 -0.014569
-0.481951 0.018144 -0.012903
-0.466077 0.051760 -0.024500
-0.468535 0.038948 -0.078044
-0.524314 0.048693 -0.018180
-0.465513 0.045167 -0.018243
-0.523757 0.031021 -0.033392
-0.504411 0.075109 -0.084790
-0.526994 0.039281 -0.008766
-0.492803 0.076234 -0.038454
-0.495592 0.073426 -0.035283
-0.492346 0.017820 -0.007748
-0.501942 0.015010 -0.092753
-0.494255 0.073346 -0.054437
-0.496041 0.014448 -0.035573
-0.472935 0.061485 -0.074056
-0.522860 0.055099 -0.013060
-0.523138 0.029433 -0.008850
-0.479888 0.068507 -0.092268
-0.472616 0.061296 -0.090582
-0.467920 0.057386 -0.016039
-0.489753 0.018035 -0.078050
-0.512306 0.067955 -0.080032
-0.467399 0.033760 -0.050137
-0.476785 0.069302 -0.010023
-0.468562 0.038624 -0.081715
-0.509726 0.069784 -0.061600
-0.512806 0.019560 -0.091560
-0.524220 0.044494 -0.040134
-0.477625 0.025058 0.006011
-0.524268 0.033414 -0.087920
-0.526585 0.045750 -0.093711
-0.479351 0.071242 -0.013210
-0.510813 0.072468 -0.078817
-0.468481 0.045580 -0.020254
-0.526101 0.046775 0.005392
-0.516366 0.068893 -0.049156
-0.526919 0.048893 -0.050133
-0.476191 0.026361 -0.007130
-0.507397 0.071369 -0.000772
-0.513413 0.019390 -0.003472
-0.497402 0.014461 -0.040462
-0.465460 0.048367 -0.033895
-0.466442 0.035479 -0.075644
-0.486527 0.074759 -0.000142
-0.504386 0.075220 -0.064358
-0.496314 0.014465 -0.024283
-0.520666 0.031864 -0.094527
-0.514981 0.024835 -0.061133
-0.491131 0.072923 -0.002666
-0.494846 0.076353 -0.076152
-0.527129 0.043451 -0.044025
-0.520987 0.063802 -0.056794
-0.521055 0.033694 -0.092996
-0.485648 0.074673 -0.083073
-0.511954 0.071825 -0.076361
-0.484906 0.070940 -0.017315
-0.500142 0.017720 -0.082955
-0.498279 0.076437 -0.003710
-0.492819 0.073215 -0.023516
-0.478503 0.023784 -0.039024
-0.520970 0.027240 -0.073377
-0.526773 0.050622 -0.042028
-0.521207 0.064019 -0.028445
-0.464928 0.047277 -0.071091
-0.467048 0.034731 -0.048156
-0.472029 0.064631 -0.029343
-0.473904 0.062282 -0.038393
-0.471416 0.063328 0.003616
-0.468552 0.040920 -0.045129
-0.501202 0.073067 -0.016908
-0.468449 0.044612 -0.024460
-0.467936 0.043241 -0.072736
-0.468808 0.038806 -0.058608
-0.523809 0.038479 -0.002177
-0.523208 0.031285 -0.094247
-0.466048 0.050909 -0.013765
-0.468749 0.051627 -0.056672
-0.526005 0.054757 -0.023902
-0.521682 0.033933 -0.047402
-0.506729 0.074541 -0.049001
-0.522476 0.029159 -0.053854
-0.472264 0.060119 -0.052643
-0.477639 0.066441 -0.049536
-0.518113 0.067626 -0.023147
-0.501266 0.075842 -0.088579
-0.522674 0.029467 -0.052249
-0.519478 0.024419 0.001977
-0.469592 0.029049 -0.065997
-0.510876 0.018375 -0.093328
-0.466300 0.039503 -0.000657
-0.470560 0.029000 0.005670
-0.523534 0.049024 -0.078512
-0.519036 0.029682 -0.072178
-0.524324 0.058885 -0.028024
-0.486757 0.015918 -0.041739
-0.472793 0.029250 -0.086066
-0.527018 0.045476 -0.058456
-0.517056 0.022852 -0.080433
-0.527403 0.043107 -0.018795
-0.498880 0.073176 -0.083413
-0.490917 0.075975 -0.052756
-0.472377 0.025075 -0.076883
-0.504086 0.015422 -0.022903
-0.505762 0.074648 -0.090502
-0.474419 0.023962 -0.001154
-0.493986 0.076345 -0.043382
-0.469625 0.053169 -0.015614
-0.524038 0.059133 -0.040443
-0.523366 0.051956 -0.048275
-0.522272 0.055794 -0.038243
-0.491665 0.014800 -0.034114
-0.509225 0.017234 -0.027165
-0.469082 0.060741 -0.059029
-0.513597 0.023576 -0.054045
-0.473046 0.024738 -0.049021
-0.473102 0.029407 -0.054173
-0.478645 0.023550 -0.049208
-0.469694 0.034751 -0.092527
-0.510314 0.017776 -0.033052
-0.520227 0.026078 -0.060633
-0.490263 0.018207 -0.009829
-0.476263 0.064957 -0.032707
-0.471610 0.059499 -0.078818
-0.519633 0.061683 0.005308
-0.517589 0.063391 -0.049996
-0.474794 0.022488 -0.084244
-0.527191 0.050500 -0.009889
-0.468392 0.050970 -0.074444
-0.498759 0.017554 -0.035618
-0.521374 0.063483 -0.044676
-0.474310 0.024163 0.005014
-0.525926 0.038877 -0.092313
-0.497929 0.017453 -0.088240
-0.501098 0.014821 -0.045672
-0.524325 0.040631 0.002583
-0.507569 0.073025 0.005574
-0.483015 0.020887 -0.024500
-0.473189 0.061930 -0.080379
-0.506451 0.074859 -0.011861
-0.519735 0.029996 -0.027477
-0.522561 0.061232 -0.066898
-0.507839 0.016731 -0.051976
-0.486575 0.071766 -0.063769
-0.479400 0.019486 -0.031372
-0.524435 0.043397 -0.017324
-0.496552 0.076338 -0.090516
-0.478209 0.066485 0.000697
-0.523658 0.050926 -0.043280
-0.500539 0.076020 -0.070760
-0.481863 0.069465 -0.043303
-0.491458 0.014921 -0.008487
-0.512533 0.019393 -0.094094
-0.527068 0.050941 -0.013737
-0.482960 0.073630 -0.087927
-0.469138 0.059841 -0.010500
-0.489452 0.072640 -0.077342
-0.502889 0.075616 -0.061278
-0.471571 0.026630 -0.042158
-0.473487 0.029703 -0.009002
-0.509145 0.073868 -0.003129
-0.469493 0.029553 -0.049784
-0.488437 0.018373 -0.075038
-0.491297 0.014808 -0.048279
-0.515639 0.024844 0.001341
-0.515594 0.025173 -0.037522
-0.467815 0.057736 -0.037967
-0.521066 0.033173 -0.071071
-0.497894 0.076478 0.005108
-0.492091 0.073104 0.002839
-0.521793 0.035044 -0.078841
-0.527403 0.050028 0.000768
-0.484631 0.019966 -0.038055
-0.465055 0.043887 -0.058707
-0.519466 0.024515 -0.007217
-0.512889 0.019049 0.000281
-0.521387 0.057783 -0.038361
-0.493452 0.076303 -0.022276
-0.466829 0.055212 -0.040446
-0.482086 0.021118 -0.058693
-0.494808 0.017402 -0.073263
-0.485675 0.074536 -0.030155
-0.489932 0.018308 -0.006380
-0.486061 0.074639 -0.017307
-0.525287 0.036368 -0.091495
-0.474332 0.067850 -0.088833
-0.471973 0.058995 -0.019819
-0.474469 0.067506 -0.041751
-0.526411 0.038416 -0.041717
-0.526270 0.039514 -0.073717
-0.497583 0.017462 -0.049427
-0.515022 0.065984 -0.056494
-0.470629 0.062633 -0.024926
-0.521134 0.027688 -0.088121
-0.511907 0.068977 -0.004543
-0.503637 0.018479 -0.066454
-0.497947 0.076276 -0.084316
-0.476017 0.021676 -0.063076
-0.524822 0.034185 -0.066409
-0.467490 0.033232 -0.060255
-0.519088 0.060797 -0.082565
-0.509956 0.017779 -0.072847
-0.522703 0.053743 -0.061878
-0.473673 0.028073 -0.085710
-0.519667 0.024984 -0.027572
-0.470086 0.055894 -0.056881
-0.488367 0.075412 -0.043921
-0.524449 0.042104 -0.005592
-0.523810 0.059123 -0.058545
-0.481010 0.021537 -0.084438
-0.467255 0.034593 -0.036076
-0.518727 0.029501 -0.089419
-0.500105 0.073115 -0.052550
-0.516647 0.064804 -0.025388
-0.496095 0.014367 -0.085488
-0.487262 0.072347 -0.094187
-0.473056 0.060756 -0.018548
-0.502698 0.072542 -0.068310
-0.516521 0.026373 -0.061824
-0.508342 0.016949 -0.054705
-0.498548 0.017517 -0.076700
-0.522416 0.054231 -0.071888
-0.468367 0.031813 -0.042509
-0.466221 0.049003 0.006111
-0.489772 0.014962 -0.079501
-0.505824 0.019277 -0.091259
-0.474679 0.028318 0.004325
-0.503465 0.015350 -0.080198
-0.521993 0.036006 -0.092990
-0.525376 0.055471 -0.055105
-0.483586 0.073558 0.000516
-0.469640 0.060926 -0.018738
-0.508523 0.017172 -0.092029
-0.515842 0.068805 -0.094283
-0.469187 0.050720 -0.003208
-0.510708 0.021392 -0.027108
-0.482032 0.017531 -0.087000
-0.521411 0.033239 -0.043345
-0.492437 0.073165 -0.050806
-0.508470 0.017131 -0.088341
-0.470066 0.036615 -0.008936
-0.468936 0.051267 -0.033477
-0.471484 0.026528 -0.054755
-0.466092 0.036932 -0.067621
-0.472209 0.031252 -0.031935
-0.517753 0.028181 -0.089907
-0.468350 0.033139 0.003806
-0.468870 0.051154 -0.036890
-0.496093 0.014511 0.002929
-0.510142 0.071509 0.005546
-0.469237 0.029432 -0.074850
-0.526679 0.050461 -0.051908
-0.473721 0.028812 -0.039364
-0.523771 0.047009 -0.074743
-0.466569 0.035173 -0.073610
-0.514196 0.020037 -0.021595
-0.523883 0.058639 -0.071736
-0.484623 0.074320 -0.088270
-0.526637 0.051792 -0.035332
-0.502820 0.018208 -0.029992
-0.464881 0.041656 -0.088947
-0.476579 0.020952 -0.086535
-0.526964 0.045344 -0.063095
-0.470638 0.035501 0.004798
-0.518262 0.027821 -0.016062
-0.500076 0.014682 0.002193
-0.513860 0.023734 -0.046936
-0.524111 0.031052 -0.003336
-0.496660 0.076404 -0.049493
-0.524222 0.049040 -0.022261
-0.465547 0.049847 -0.041451
-0.521417 0.057243 -0.056404
-0.521315 0.027052 -0.029295
-0.523359 0.050703 -0.071008
-0.478194 0.066467 0.001236
-0.481346 0.072789 -0.076868
-0.474711 0.063228 -0.032984
-0.469672 0.061157 -0.028023
-0.483375 0.070445 -0.073099
-0.518894 0.066346 -0.057147
-0.477545 0.066639 -0.081383
-0.469932 0.028099 -0.086365
-0.473545 0.029768 -0.001099
-0.490785 0.072889 -0.045335
-0.469084 0.052071 -0.036872
-0.469227 0.052528 -0.034004
-0.494628 0.017401 -0.077955
-0.483903 0.070589 -0.047425
-0.475886 0.025868 -0.064649
-0.478415 0.024311 -0.000666
-0.468316 0.050101 -0.067486
-0.481980 0.021409 -0.032222
-0.524117 0.050589 -0.011177
-0.498372 0.076319 -0.054203
-0.475656 0.064866 -0.081768
-0.524167 0.047334 -0.040387
-0.509077 0.073365 -0.078552
-0.492208 0.073140 -0.093767
-0.507029 0.074326 -0.066225
-0.511512 0.068663 -0.064423
-0.526385 0.054567 0.001272
-0.514700 0.024513 -0.054415
-0.497222 0.076432 -0.030355
-0.506813 0.071302 -0.047896
-0.465643 0.039295 -0.057325
-0.503588 0.018391 -0.024342
-0.527239 0.048617 -0.026718
-0.519755 0.060070 -0.067064
-0.471609 0.026787 -0.029989
-0.471372 0.064422 -0.074537
-0.484562 0.019893 -0.053245
-0.467878 0.044733 -0.071384
-0.522904 0.036003 -0.014033
-0.496673 0.014410 -0.058392
-0.521437 0.058719 0.002303
-0.465932 0.052379 -0.049164
-0.524635 0.058487 0.005391
-0.524233 0.040456 -0.002527
-0.502401 0.072516 -0.090254
-0.473307 0.066126 -0.027572
-0.516831 0.067971 -0.089655
-0.482482 0.017928 -0.004290
-0.521222 0.063614 -0.049115
-0.519825 0.030339 -0.039566
-0.488570 0.073653 -0.094205
-0.503707 0.015400 -0.073060
-0.468189 0.041947 -0.062678
-0.520004 0.060434 -0.030251
-0.507571 0.071172 -0.019041
-0.509927 0.070222 0.005094
-0.470035 0.029566 -0.007484
-0.512491 0.019069 -0.045199
-0.491675 0.076080 -0.023947
-0.510328 0.017757 -0.026750
-0.523632 0.047022 -0.086127
-0.525184 0.057087 -0.022743
-0.518611 0.024151 -0.056371
-0.469319 0.052275 -0.020922
-0.523083 0.050742 -0.092820
-0.512214 0.068019 -0.080541
-0.484904 0.070866 0.000064
-0.483267 0.020430 -0.064934
-0.526484 0.038262 -0.032422
-0.520202 0.030587 -0.020212
-0.468011 0.047425 -0.065863
-0.474886 0.068089 -0.060451
-0.480043 0.067989 -0.002547
-0.511525 0.068895 -0.039730
-0.524112 0.058083 -0.073171
-0.475543 0.063969 -0.014327
-0.518600 0.023624 -0.008129
-0.490615 0.075898 -0.028428
-0.494335 0.073326 -0.077696
-0.527447 0.042202 -0.008839
-0.468391 0.050730 -0.070877
-0.527514 0.041918 -0.000118
-0.470569 0.056287 -0.028347
-0.511137 0.072217 -0.087557
-0.502864 0.017877 -0.094290
-0.526541 0.052487 -0.030571
-0.464862 0.047826 -0.080298
-0.526424 0.052833 -0.033764
-0.501055 0.017845 -0.034719
-0.511204 0.069491 0.004329
-0.488088 0.015582 -0.028903
-0.466568 0.055274 -0.064914
-0.501216 0.017922 -0.090573
-0.466629 0.053669 -0.017212
-0.512792 0.067517 -0.086164
-0.511871 0.018478 -0.005673
-0.495909 0.076439 -0.030173
-0.509383 0.070175 -0.037060
-0.471314 0.063206 0.002338
-0.479048 0.023719 -0.005375
-0.466594 0.055235 -0.061450
-0.465952 0.038404 -0.048385
-0.480350 0.022550 -0.023573
-0.514691 0.070218 -0.051142
-0.509512 0.020855 -0.054443
-0.501663 0.014894 0.003798
-0.474323 0.023355 -0.051440
-0.493380 0.076297 -0.020184
-0.502448 0.072903 0.002265
-0.522887 0.053904 -0.043057
-0.521284 0.057806 -0.045514
-0.521641 0.028256 -0.076325
-0.465311 0.042720 -0.044392
-0.470745 0.027489 -0.057291
-0.465545 0.044729 -0.016328
-0.523920 0.044665 -0.065470
-0.512846 0.071230 -0.080146
-0.518398 0.024028 -0.065083
-0.492436 0.014654 -0.045614
-0.522398 0.034289 0.001294
-0.523099 0.036564 -0.013766
-0.523184 0.059785 -0.081213
-0.497974 0.017485 -0.043596
-0.512692 0.071929 -0.014423
-0.506454 0.074417 -0.086375
-0.465434 0.046642 -0.026646
-0.490950 0.018014 -0.022207
-0.523470 0.030418 -0.030664
-0.466412 0.035386 -0.080473
-0.523759 0.044460 -0.078292
-0.465204 0.051092 -0.088203
-0.526387 0.041272 -0.087951
-0.481966 0.073093 -0.072464
-0.495428 0.014422 -0.053440
-0.489292 0.075582 -0.002187
-0.469116 0.050106 0.000206
-0.479711 0.071843 -0.073619
-0.489754 0.018055 -0.073030
-0.480552 0.022478 -0.016779
-0.467923 0.032182 -0.062997
-0.526901 0.038931 -0.010175
-0.524326 0.042780 -0.022303
-0.479507 0.018904 -0.088462
-0.514103 0.023917 -0.044832
-0.491183 0.014821 -0.049798
-0.517595 0.067548 -0.066952
-0.476645 0.020893 -0.087299
-0.524728 0.034223 -0.075896
-0.521075 0.027389 -0.073656
-0.473966 0.028377 -0.045732
-0.480954 0.022236 -0.013255
-0.490006 0.075827 -0.088351
-0.488080 0.072291 -0.080926
-0.495709 0.076393 -0.059448
-0.519829 0.024804 0.002663
-0.507709 0.071073 -0.024867
-0.521695 0.034428 -0.065935
-0.505798 0.019175 -0.059746
-0.518610 0.067347 -0.007121
-0.512440 0.022371 -0.006622
-0.484467 0.070641 0.004242
-0.500702 0.076053 -0.053757
-0.517676 0.063264 -0.051542
-0.485434 0.071202 -0.025889
-0.513259 0.023143 -0.032037
-0.479861 0.068016 -0.024291
-0.513289 0.023168 -0.032421
-0.468660 0.050173 -0.039458
-0.507285 0.074433 -0.032826
-0.499768 0.073319 -0.000194
-0.476143 0.065347 -0.080446
-0.518672 0.061449 -0.080150
-0.512752 0.067860 -0.057184
-0.466114 0.053848 -0.065988
-0.466063 0.051111 -0.015631
-0.467130 0.057076 -0.074178
-0.488255 0.075384 -0.044115
-0.523196 0.052197 -0.057591
-0.526619 0.040238 -0.055342
-0.518892 0.028985 -0.040298
-0.467916 0.058112 -0.044212
-0.485698 0.019477 -0.042913
-0.487952 0.075380 -0.093414
-0.483712 0.016826 -0.078347
-0.521771 0.057904 -0.003764
-0.468274 0.050262 -0.073556
-0.478079 0.024097 -0.042962
-0.495243 0.014530 -0.003392
-0.513640 0.070907 -0.057521
-0.468601 0.031319 -0.043802
-0.498021 0.076350 -0.049027
-0.523699 0.050617 -0.044621
-0.515004 0.069682 -0.078568
-0.509564 0.017317 -0.008352
-0.465180 0.040241 -0.081200
-0.523129 0.054361 -0.011811
-0.526311 0.052425 -0.050175
-0.471018 0.032449 -0.072783
-0.519808 0.025468 -0.053838
-0.493637 0.014482 -0.064640
-0.464800 0.042330 -0.088910
-0.486692 0.015697 -0.086721
-0.523712 0.042202 -0.068721
-0.481509 0.018264 -0.027935
-0.497564 0.014425 -0.082490
-0.525467 0.037078 -0.093557
-0.509195 0.017272 -0.039614
-0.511422 0.018447 -0.048395
-0.487044 0.074955 -0.006326
-0.506360 0.016152 -0.045724
-0.480578 0.072075 -0.022774
-0.472073 0.065243 -0.070927
-0.477247 0.069569 0.003743
-0.480293 0.022260 -0.056905
-0.478428 0.023958 -0.029678
-0.481944 0.021069 -0.074123
-0.513120 0.071612 -0.020156
-0.500587 0.014754 -0.079693
-0.472428 0.059804 -0.021426
-0.526053 0.054207 -0.033562
-0.510763 0.069495 -0.025514
-0.502108 0.014964 0.004788
-0.491306 0.074416 0.005769
-0.467363 0.035478 -0.002517
-0.523305 0.050455 -0.078831
-0.493702 0.014413 -0.094150
-0.499449 0.073180 -0.060949
-0.468283 0.030983 -0.081742
-0.513616 0.021436 -0.094425
-0.519829 0.065343 -0.052710
-0.526574 0.049782 -0.069500
-0.523869 0.059263 -0.048507
-0.520627 0.057998 -0.088963
-0.466639 0.053863 -0.021137
-0.527532 0.042238 -0.002092
-0.465922 0.037539 -0.067825
-0.508623 0.020468 -0.072980
-0.475662 0.064784 -0.073513
-0.471431 0.058337 -0.037541
-0.491120 0.017772 -0.077144
-0.516923 0.022432 -0.049125
-0.465975 0.052841 -0.054774
-0.515646 0.024641 -0.094455
-0.470581 0.062565 -0.025313
-0.467856 0.045623 -0.072214
-0.474775 0.027240 -0.054102
-0.477011 0.070085 -0.085401
-0.499823 0.014646 -0.028268
-0.495165 0.014391 -0.073788
-0.469252 0.052335 -0.027857
-0.468438 0.049656 -0.050660
-0.526154 0.052375 -0.063687
-0.510455 0.073259 -0.002523
-0.516827 0.064909 -0.004682
-0.480047 0.018863 -0.056042
-0.465637 0.042303 -0.021008
-0.506905 0.074529 -0.040237
-0.472469 0.060881 -0.079025
-0.510675 0.018055 -0.050382
-0.475865 0.021640 -0.077068
-0.484033 0.074003 -0.064941
-0.527011 0.043029 -0.051025
-0.468663 0.058747 -0.004034
-0.484204 0.016906 -0.035221
-0.476203 0.064758 -0.019740
-0.466405 0.052925 -0.019668
-0.476941 0.025431 -0.018666
-0.472773 0.025719 -0.005874
-0.520880 0.057840 -0.075499
-0.468233 0.040830 -0.072168
-0.501710 0.014946 -0.069444
-0.468345 0.059366 -0.058886
-0.526058 0.052161 -0.075324
-0.474550 0.067246 -0.009671
-0.500258 0.017739 -0.093510
-0.497891 0.074092 0.005690
-0.519142 0.024934 -0.072537
-0.469601 0.037577 -0.021585
-0.469659 0.029880 -0.022661
-0.502637 0.018185 -0.045812
-0.524175 0.044028 -0.042648
-0.506659 0.071102 -0.087334
-0.497302 0.076471 -0.006084
-0.524287 0.033089 -0.074422
-0.520235 0.065036 -0.041280
-0.526273 0.036263 -0.004153
-0.526994 0.050728 -0.022707
-0.508005 0.016801 -0.052229
-0.473182 0.065771 -0.009688
-0.491707 0.017699 -0.071808
-0.519311 0.060692 -0.070633
-0.506953 0.074227 -0.087374
-0.526703 0.037952 -0.007534
-0.466461 0.036270 -0.053377
-0.481220 0.072717 -0.076134
-0.513661 0.067272 -0.047225
-0.522757 0.054435 -0.039457
-0.482364 0.073127 -0.035321
-0.525774 0.052850 -0.085747
-0.503822 0.072399 -0.036439
-0.506429 0.074417 -0.088018
-0.468746 0.038021 -0.080187
-0.523845 0.051672 -0.014852
-0.468765 0.044967 0.002254
-0.475663 0.026800 -0.016658
-0.468500 0.049747 -0.046484
-0.523274 0.029478 0.000928
-0.516400 0.022033 -0.057415
-0.520331 0.060298 -0.011833
-0.526191 0.054527 -0.015187
-0.521682 0.062856 -0.055114
-0.494788 0.014376 -0.084191
-0.523811 0.052651 0.001560
-0.502228 0.072683 -0.062871
-0.501272 0.075983 -0.048387
-0.490899 0.075980 -0.089981
-0.513509 0.019857 -0.064689
-0.501519 0.073061 -0.004331
-0.524495 0.047916 -0.010133
-0.500117 0.017704 -0.015380
-0.488915 0.072500 -0.073222
-0.467804 0.057914 -0.046050
-0.498051 0.076265 -0.086514
-0.469340 0.036262 -0.075840
-0.527298 0.046796 -0.033185
-0.493126 0.017637 -0.031394
-0.468772 0.038046 -0.077511
-0.469404 0.051501 0.001810
-0.468417 0.048304 -0.037830
-0.527305 0.040418 0.000073
-0.465722 0.049420 -0.022045
-0.492186 0.073137 -0.092818
-0.474789 0.023489 -0.007576
-0.469723 0.055200 -0.064458
-0.526797 0.045756 -0.076190
-0.468301 0.057913 -0.002283
-0.495581 0.073467 0.005083
-0.522331 0.035574 -0.050340
-0.465738 0.053365 -0.086323
-0.492460 0.073160 -0.005070
-0.484996 0.074383 -0.062720
-0.527495 0.048836 0.005372
-0.494011 0.017083 -0.094182
-0.517238 0.068323 -0.032754
-0.476817 0.065541 -0.034691
-0.471562 0.026543 -0.048011
-0.488336 0.075475 -0.093115
-0.514880 0.069950 -0.062559
-0.470957 0.033395 -0.040245
-0.519718 0.059696 -0.087465
-0.493981 0.073293 -0.094251
-0.522444 0.034416 0.000198
-0.498390 0.016976 -0.094235
-0.484071 0.020230 -0.039142
-0.523499 0.060782 -0.014375
-0.469091 0.060182 -0.030318
-0.497279 0.073427 -0.031055
-0.499172 0.073152 -0.081105
-0.506507 0.074852 -0.009794
-0.499792 0.014633 -0.054896
-0.501665 0.076101 0.003797
-0.493894 0.017453 -0.072862
-0.522745 0.029676 -0.056790
-0.523501 0.059863 -0.053512
-0.516829 0.026120 -0.010055
-0.502367 0.015055 -0.044431
-0.465338 0.047396 -0.037530
-0.526516 0.041646 -0.081165
-0.496656 0.076472 -0.007700
-0.508277 0.073746 -0.076298
-0.505980 0.074778 -0.054615
-0.472088 0.065388 -0.080348
-0.512748 0.023110 -0.078806
-0.510369 0.017901 -0.052513
-0.506347 0.019326 -0.042610
-0.477339 0.021342 0.003378
-0.524013 0.059232 -0.038535
-0.465342 0.043399 -0.037937
-0.499437 0.017618 -0.084203
-0.526610 0.038278 -0.021985
-0.506790 0.074692 -0.020168
-0.519279 0.061038 -0.056228
-0.481147 0.018342 -0.042769
-0.488076 0.072154 -0.016044
-0.504219 0.072057 -0.078912
-0.475018 0.063310 -0.010738
-0.526490 0.037120 -0.006631
-0.513260 0.019564 -0.045539
-0.523939 0.046723 -0.062576
-0.525163 0.057758 -0.002185
-0.508711 0.020295 -0.023494
-0.522473 0.056051 -0.014547
-0.524311 0.045224 -0.034394
-0.473548 0.066260 -0.016276
-0.517658 0.063219 -0.055560
-0.481101 0.021377 -0.094033
-0.502312 0.018138 -0.069527
-0.516349 0.064199 -0.089719
-0.493872 0.014478 -0.060608
-0.471802 0.025572 -0.087479
-0.515087 0.070440 -0.002614
-0.482252 0.017633 -0.058891
-0.471087 0.027197 -0.047018
-0.471243 0.027890 0.002066
-0.470756 0.026974 -0.084184
-0.526502 0.037949 -0.024660
-0.488640 0.015153 -0.090275
-0.488740 0.015423 -0.026771
-0.469734 0.053490 -0.014105
-0.515212 0.066278 -0.019843
-0.491101 0.076002 -0.052977
-0.466122 0.051886 -0.023177
-0.482647 0.073289 -0.041951
-0.506608 0.071497 -0.030857
-0.467239 0.056446 -0.042760
-0.525037 0.034097 0.005424
-0.486861 0.071915 -0.080751
-0.527442 0.042981 -0.014609
-0.516241 0.068599 -0.083024
-0.475018 0.063214 -0.003573
-0.515919 0.024575 0.005549
-0.521803 0.027775 -0.032796
-0.501316 0.017925 -0.070234
-0.508845 0.073615 -0.059636
-0.491811 0.014736 -0.046081
-0.503309 0.018332 -0.031473
-0.513240 0.071002 -0.075716
-0.525156 0.055162 -0.080657
-0.515068 0.065546 -0.087111
-0.519513 0.061405 -0.018789
-0.497712 0.076300 -0.079061
-0.492464 0.014661 -0.042195
-0.474325 0.062833 -0.039223
-0.469880 0.035511 -0.054648
-0.511811 0.069006 -0.007889
-0.480168 0.019236 -0.006545
-0.497535 0.073306 -0.079397
-0.475489 0.026794 -0.030005
-0.493389 0.014651 -0.011386
-0.467614 0.033565 -0.039120
-0.500869 0.073093 -0.024397
-0.480752 0.022214 -0.029573
-0.523815 0.041892 -0.056599
-0.491906 0.073085 -0.035721
-0.521861 0.057667 -0.006109
-0.486023 0.019419 -0.031198
-0.470068 0.028842 -0.039686
-0.474374 0.027886 -0.044199
-0.512246 0.022362 -0.025076
-0.473150 0.029201 -0.061588
-0.491029 0.072959 -0.071938
-0.523436 0.039087 -0.046170
-0.510346 0.069829 -0.014580
-0.513031 0.068287 0.003480
-0.483143 0.017031 -0.084030
-0.517852 0.023145 -0.034278
-0.507163 0.016313 0.000177
-0.478222 0.024373 -0.009333
-0.518761 0.026915 -0.094496
-0.468173 0.058003 -0.017205
-0.467611 0.056051 0.002441
-0.470526 0.057231 -0.069307
-0.470903 0.027129 -0.064642
-0.518243 0.023946 -0.072185
-0.515780 0.021637 -0.071456
-0.519228 0.025050 -0.074139
-0.465615 0.049887 -0.036189
-0.486023 0.073415 0.005834
-0.475936 0.026138 -0.041707
-0.467652 0.045555 -0.088992
-0.472649 0.061173 -0.079970
-0.481016 0.069018 -0.054567
-0.493617 0.014443 -0.082545
-0.483070 0.069929 0.000421
-0.502110 0.075951 -0.018612
-0.519938 0.030475 -0.037448
-0.485732 0.071518 -0.083246
-0.515447 0.069750 -0.040903
-0.516645 0.064061 -0.076737
-0.525558 0.054126 -0.074889
-0.467306 0.035505 -0.006372
-0.506740 0.074409 -0.070120
-0.510160 0.017854 -0.065825
-0.518652 0.029065 -0.067602
-0.478626 0.067437 -0.070624
-0.492449 0.014750 -0.013102
-0.500450 0.073109 -0.038623
-0.481254 0.069261 -0.071773
-0.482628 0.017761 -0.017156
-0.493240 0.014489 -0.073954
-0.503835 0.072394 -0.036759
-0.473273 0.066773 -0.086644
-0.520410 0.063932 -0.093564
-0.526614 0.037865 -0.013448
-0.525723 0.053081 -0.084786
-0.467725 0.032789 -0.057364
-0.470161 0.056108 -0.057796
-0.466494 0.036150 -0.053960
-0.512746 0.022886 -0.049097
-0.465573 0.043367 -0.019186
-0.512786 0.023150 -0.080287
-0.468858 0.047750 0.002793
-0.498920 0.017574 -0.025862
-0.512638 0.067624 -0.087036
-0.479384 0.071306 -0.019579
-0.476519 0.021577 -0.035388
-0.523768 0.043811 -0.075840
-0.524577 0.048857 0.004890
-0.498428 0.073210 -0.088177
-0.500219 0.017724 -0.041906
-0.505822 0.019048 -0.010849
-0.516371 0.026488 -0.085450
-0.517396 0.068594 -0.000259
-0.488785 0.018474 -0.034324
-0.483285 0.071665 -0.094138
-0.512979 0.067703 -0.055621
-0.483415 0.073478 0.000396
-0.469911 0.029397 -0.024590
-0.482837 0.017346 -0.059106
-0.473670 0.061822 -0.029227
-0.467724 0.047068 -0.087489
-0.510352 0.021428 -0.070906
-0.474132 0.062302 -0.018862
-0.491833 0.076100 -0.009874
-0.521714 0.033148 -0.012792
-0.526729 0.039619 -0.036458
-0.496799 0.017404 -0.071892
-0.524062 0.041412 -0.030529
-0.511134 0.072598 -0.041568
-0.465242 0.044929 -0.041017
-0.503270 0.018301 -0.016647
-0.488273 0.018833 0.004572
-0.470942 0.033120 -0.052303
-0.524373 0.049724 -0.002399
-0.495062 0.014476 -0.032139
-0.469791 0.034855 -0.081635
-0.489662 0.075667 0.002575
-0.526649 0.039278 -0.037980
-0.493460 0.014677 0.000723
-0.518118 0.027736 -0.023032
-0.473641 0.066577 -0.033945
-0.474887 0.023346 -0.010887
-0.499681 0.073240 -0.031248
-0.493420 0.073280 -0.039202
-0.502272 0.075856 -0.033689
-0.511658 0.071914 -0.086856
-0.524208 0.031186 -0.000942
-0.526698 0.043529 -0.080543
-0.524420 0.048313 -0.013221
-0.519326 0.061787 -0.012367
-0.475268 0.068429 -0.059305
-0.478139 0.070290 0.000067
-0.512205 0.022609 -0.066231
-0.471345 0.027585 -0.006598
-0.469129 0.039956 -0.012192
-0.526158 0.042623 -0.094610
-0.523672 0.041410 -0.063333
-0.481751 0.021407 -0.048144
-0.473148 0.061658 -0.066063
-0.485273 0.071368 -0.093183
-0.479907 0.018915 -0.059874
-0.506323 0.071696 -0.015448
-0.526790 0.038191 -0.004921
-0.518654 0.027180 0.005512
-0.521139 0.057567 -0.066175
-0.504459 0.072006 -0.074429
-0.508270 0.020137 -0.035744
-0.493284 0.014661 -0.011624
-0.481564 0.021285 -0.074484
-0.478168 0.068687 -0.094071
-0.518703 0.024323 -0.062664
-0.469420 0.053239 -0.034922
-0.519628 0.059742 -0.092375
-0.512509 0.071912 -0.028825
-0.521546 0.027237 -0.020539
-0.493626 0.017455 -0.078453
-0.513659 0.071427 -0.003558
-0.510118 0.021321 -0.076910
-0.522619 0.028540 -0.004608
-0.468528 0.042145 -0.033135
-0.468524 0.040995 -0.046368
-0.468335 0.048604 -0.047733
-0.482334 0.017696 -0.045111
-0.504161 0.075370 -0.045026
-0.474919 0.063977 -0.073460
-0.498900 0.017584 0.004269
-0.491092 0.014955 -0.014974
-0.471240 0.026845 -0.054479
-0.502354 0.018128 -0.055098
-0.480523 0.022304 -0.036462
-0.473353 0.024086 -0.070857
-0.485747 0.019349 -0.059764
-0.507046 0.071210 -0.046752
-0.523914 0.050991 -0.021485
-0.474745 0.062796 0.002367
-0.475898 0.026566 -0.014436
-0.522382 0.055055 -0.052063
-0.524039 0.039654 -0.006033
-0.503485 0.015374 -0.092820
-0.517351 0.063981 -0.029427
-0.475594 0.063794 0.005031
-0.523619 0.060768 -0.005729
-0.496974 0.073362 -0.067867
-0.500401 0.015781 -0.094257
-0.523486 0.060645 -0.021404
-0.465200 0.046376 -0.045379
-0.505598 0.019047 -0.039377
-0.526480 0.037840 -0.024342
-0.480600 0.068993 -0.093893
-0.480987 0.068708 -0.010108
-0.469082 0.038241 -0.048451
-0.522601 0.053043 -0.086513
-0.509509 0.073651 -0.011930
-0.514624 0.024675 -0.078807
-0.469324 0.054395 -0.074685
-0.512536 0.022839 -0.063708
-0.465218 0.040226 -0.078342
-0.468179 0.049635 -0.072182
-0.478005 0.070726 -0.072797
-0.464633 0.045217 -0.090841
-0.472991 0.024414 -0.074180
-0.526637 0.051289 0.005378
-0.499953 0.014661 -0.076985
-0.521744 0.056169 -0.068243
-0.498346 0.073447 0.003890
-0.503020 0.075552 -0.069291
-0.469046 0.031174 -0.014917
-0.523557 0.047368 -0.090244
-0.498611 0.014528 -0.035372
-0.496089 0.076440 -0.029226
-0.482057 0.072889 -0.019599
-0.517663 0.026945 -0.002657
-0.468953 0.059897 -0.029425
-0.521962 0.034849 -0.057353
-0.501628 0.075997 -0.028106
-0.487693 0.018585 -0.075817
-0.469443 0.030532 -0.010576
-0.478965 0.071217 -0.049036
-0.466894 0.037248 0.003485
-0.474050 0.067273 -0.059646
-0.471077 0.033045 -0.044734
-0.476714 0.025872 -0.003420
-0.478185 0.024307 -0.017516
-0.498100 0.014470 -0.062131
-0.514813 0.020687 -0.049136
-0.485150 0.019506 -0.073472
-0.480558 0.068965 -0.093568
-0.474720 0.023743 0.005419
-0.524033 0.046140 -0.056092
-0.510329 0.070002 0.005382
-0.527209 0.048840 -0.026950
-0.522661 0.036259 -0.042610
-0.517891 0.028169 -0.076230
-0.472143 0.060166 -0.066269
-0.526927 0.042749 -0.056200
-0.466766 0.055529 -0.055286
-0.478904 0.071438 -0.088742
-0.500734 0.014767 -0.036010
-0.511776 0.072215 -0.045090
-0.465253 0.045108 -0.039827
-0.471155 0.026381 -0.088169
-0.512093 0.022228 -0.020367
-0.478454 0.020093 -0.035965
-0.517839 0.062749 -0.069823
-0.474238 0.023390 -0.055142
-0.521509 0.027837 -0.063463
-0.497720 0.076428 -0.021625
-0.469197 0.052087 -0.027617
-0.516393 0.064862 -0.039998
-0.477097 0.069666 -0.022468
-0.486347 0.015777 -0.092071
-0.471950 0.060199 -0.085643
-0.472615 0.025704 -0.018666
-0.521816 0.028069 -0.049392
-0.521697 0.032771 0.003139
-0.525457 0.054590 -0.071812
-0.498894 0.014552 -0.041236
-0.491176 0.014858 -0.039435
-0.526470 0.036929 -0.003644
-0.521648 0.063152 -0.041734
-0.493297 0.073267 -0.042221
-0.478954 0.019651 -0.045796
-0.514693 0.020713 -0.064497
-0.486414 0.019018 -0.073631
-0.515259 0.066537 0.004837
-0.519585 0.061416 -0.012704
-0.513736 0.019698 -0.017134
-0.521232 0.026889 -0.026078
-0.497096 0.076470 -0.007529
-0.483713 0.070589 -0.069021
-0.521618 0.033554 -0.037818
-0.524171 0.041226 -0.019333
-0.526438 0.051609 -0.054594
-0.495464 0.076341 -0.092101
-0.523719 0.032213 -0.089184
-0.476820 0.025776 -0.002404
-0.504339 0.075496 -0.008288
-0.511473 0.018720 -0.091604
-0.522902 0.055445 0.000834
-0.468765 0.031606 -0.019732
-0.521540 0.033971 -0.061502
-0.505356 0.015725 0.000895
-0.482947 0.017711 -0.002976
-0.512991 0.022854 -0.020297
-0.513576 0.067809 -0.003580
-0.471610 0.026641 -0.038629
-0.480007 0.071964 -0.063471
-0.475271 0.026696 -0.052551
-0.512392 0.067829 -0.085567
-0.471366 0.031566 -0.083107
-0.482238 0.017505 -0.076987
-0.523767 0.030609 0.005445
-0.474635 0.065745 -0.094024
-0.467864 0.045426 -0.071427
-0.507331 0.016660 -0.092494
-0.524691 0.057631 -0.043586
-0.475034 0.022609 -0.057435
-0.526485 0.051610 -0.050844
-0.516846 0.027125 -0.094137
-0.495044 0.076390 -0.047789
-0.513384 0.019940 -0.090081
-0.520041 0.025419 -0.028682
-0.506767 0.074656 -0.027541
-0.486750 0.015896 -0.046166
-0.527246 0.048392 -0.028372
-0.487803 0.072119 -0.038992
-0.520910 0.064638 -0.014151
-0.501305 0.014865 -0.067652
-0.521190 0.063190 -0.074449
-0.486788 0.074865 -0.004874
-0.495586 0.076433 -0.029938
-0.486898 0.074983 -0.041223
-0.525703 0.054642 -0.050887
-0.486248 0.016212 -0.018890
-0.524609 0.042514 0.003430
-0.465844 0.052211 -0.053376
-0.503553 0.015285 -0.019915
-0.507937 0.020154 -0.077807
-0.465919 0.051374 -0.031881
-0.508424 0.070435 -0.066675
-0.521243 0.034018 -0.089487
-0.493248 0.014663 -0.012383
-0.488969 0.018377 -0.044773
-0.468448 0.046311 -0.024667
-0.468270 0.050251 -0.073732
-0.520921 0.064148 -0.042403
-0.486757 0.071723 -0.024366
-0.474638 0.067275 -0.004064
-0.526595 0.051178 -0.048759
-0.496733 0.073490 0.002905
-0.479032 0.023291 -0.045784
-0.525809 0.053520 -0.068203
-0.517413 0.027435 -0.065745
-0.481087 0.018219 -0.061756
-0.465264 0.038993 -0.093209
-0.522338 0.062840 -0.006249
-0.524472 0.034098 -0.093902
-0.506688 0.071371 -0.045500
-0.485139 0.016463 -0.045287
-0.526741 0.044995 -0.081214
-0.518043 0.066828 -0.085719
-0.470134 0.034361 -0.070928
-0.517992 0.023605 -0.064107
-0.517422 0.022764 -0.035898
-0.525330 0.055235 -0.064968
-0.490208 0.072797 -0.071757
-0.527394 0.043627 -0.022986
-0.521305 0.032509 -0.019560
-0.510926 0.073007 -0.005509
-0.516027 0.065659 -0.008554
-0.473545 0.067021 -0.083977
-0.526499 0.042204 -0.088286
-0.491648 0.076070 0.004717
-0.476198 0.068857 -0.015062
-0.523938 0.046023 -0.064170
-0.493392 0.076290 -0.039551
-0.470047 0.028321 -0.066740
-0.466120 0.037599 -0.050687
-0.486680 0.074861 -0.017389
-0.504526 0.018677 -0.032864
-0.486110 0.019058 -0.085799
-0.518329 0.023476 -0.020048
-0.527244 0.045843 -0.039140
-0.473099 0.066625 -0.089300
-0.511625 0.021873 -0.014353
-0.501096 0.014819 -0.033596
-0.475748 0.069023 -0.078797
-0.471660 0.027280 0.000828
-0.526393 0.052398 -0.044073
-0.522085 0.056842 -0.018077
-0.511855 0.072173 -0.044634
-0.469214 0.036874 -0.069773
-0.468663 0.046564 -0.007429
-0.523979 0.042270 -0.046986
-0.499554 0.076153 -0.071990
-0.524614 0.033919 -0.075326
-0.525789 0.036845 -0.060141
-0.494880 0.076417 -0.014392
-0.521574 0.032836 -0.010778
-0.469763 0.062116 -0.072687
-0.520196 0.058827 -0.088836
-0.497065 0.017397 -0.089717
-0.509209 0.020745 -0.065211
-0.520870 0.063571 -0.078164
-0.508246 0.073795 -0.071086
-0.474688 0.063298 -0.040320
-0.496443 0.017371 -0.087960
-0.468440 0.038684 -0.090396
-0.472060 0.065307 -0.076868
-0.501193 0.014830 -0.018956
-0.526344 0.049503 -0.091034
-0.527629 0.046524 -0.006259
-0.504657 0.015572 -0.027344
-0.474207 0.062389 -0.017773
-0.525883 0.037511 -0.068437
-0.474435 0.062702 -0.019357
-0.464811 0.045877 -0.076514
-0.467624 0.044428 -0.092857
-0.524108 0.058689 -0.052378
-0.513178 0.068409 0.005514
-0.515043 0.020926 -0.058031
-0.526300 0.050421 -0.083146
-0.524355 0.044104 -0.027864
-0.521591 0.063258 -0.040363
-0.526591 0.047216 -0.088854
-0.480744 0.072250 -0.035800
-0.478907 0.022585 0.005999
-0.472786 0.066003 -0.066091
-0.508913 0.020369 -0.018066
-0.492607 0.076210 0.003084
-0.469518 0.038964 0.001291
-0.519621 0.025087 -0.040475
-0.478255 0.066761 -0.026262
-0.502283 0.015020 -0.021637
-0.526111 0.037802 -0.055128
-0.485257 0.071031 0.000874
-0.473351 0.066484 -0.053363
-0.519339 0.029997 -0.063357
-0.479284 0.071478 -0.055914
-0.482100 0.072868 -0.010796
-0.522692 0.060953 -0.069100
-0.500791 0.076034 -0.055374
-0.527434 0.048242 -0.013820
-0.468835 0.049577 -0.016325
-0.502907 0.072723 -0.018269
-0.518165 0.062309 -0.071397
-0.503705 0.015314 -0.013777
-0.469898 0.036935 -0.013837
-0.466940 0.035226 -0.042745
-0.484759 0.071054 -0.064050
-0.466820 0.054122 -0.012034
-0.520676 0.060063 0.003044
-0.518879 0.028760 -0.026611
-0.517610 0.023277 -0.069669
-0.490121 0.072705 -0.007003
-0.493923 0.014419 -0.085648
-0.468402 0.039436 -0.080015
-0.478749 0.020147 -0.009868
-0.465584 0.051846 -0.068304
-0.476210 0.025280 -0.083559
-0.508677 0.020284 -0.024645
-0.491508 0.076064 -0.071780
-0.526819 0.052543 -0.007156
-0.467896 0.031958 -0.073453
-0.520235 0.065652 -0.002486
-0.472338 0.059177 0.003319
-0.517091 0.026907 -0.053078
-0.520401 0.059375 -0.048879
-0.513596 0.067481 -0.032477
-0.487646 0.018819 -0.034827
-0.466909 0.035988 -0.025224
-0.465778 0.053661 -0.090239
-0.510077 0.020945 -0.011010
-0.507720 0.070911 -0.048245
-0.522683 0.055025 -0.029270
-0.507575 0.016670 -0.066095
-0.512108 0.072372 -0.003721
-0.523124 0.039450 -0.080009
-0.503797 0.018568 -0.086095
-0.519718 0.063412 0.005443
-0.527116 0.051298 -0.004871
-0.522068 0.036256 -0.093889
-0.518906 0.061601 -0.054223
-0.475562 0.068280 -0.015380
-0.510405 0.073027 -0.036954
-0.516543 0.026733 -0.089840
-0.517943 0.067346 -0.056274
-0.527435 0.045797 -0.023444
-0.480706 0.072182 -0.027955
-0.473319 0.030085 -0.002547
-0.521019 0.027537 -0.088653
-0.473593 0.024581 -0.018555
-0.468390 0.031554 -0.050936
-0.523052 0.030418 -0.068117
-0.471704 0.059215 -0.055504
-0.520429 0.031409 -0.043805
-0.470581 0.062223 -0.005036
-0.477648 0.021001 -0.006262
-0.503063 0.072455 -0.066597
-0.472893 0.030851 0.002296
-0.515759 0.025806 -0.082163
-0.517397 0.022730 -0.034733
-0.465794 0.038671 -0.056341
-0.524147 0.046032 -0.046891
-0.501337 0.014871 -0.067622
-0.521730 0.063053 -0.040884
-0.473700 0.061503 -0.005275
-0.526792 0.043294 -0.071154
-0.520727 0.032641 -0.094529
-0.504321 0.015458 -0.007329
-0.495233 0.014455 -0.037175
-0.501433 0.017957 -0.081064
-0.477539 0.020377 -0.071696
-0.468769 0.031096 -0.039559
-0.523353 0.039036 -0.052244
-0.523995 0.041373 -0.035768
-0.487209 0.071956 -0.050487
-0.495872 0.073426 -0.038971
-0.487627 0.072166 -0.086793
-0.468371 0.043256 -0.036926
-0.524735 0.045380 0.000642
-0.465739 0.047422 -0.004236
-0.524574 0.042288 0.002921
-0.527135 0.039199 0.004407
-0.502995 0.072382 -0.085753
-0.483604 0.016994 -0.060214
-0.503427 0.075376 -0.084168
-0.466859 0.054114 -0.008439
-0.500539 0.073036 -0.055991
-0.465764 0.047492 -0.002589
-0.524016 0.045133 -0.058681
-0.474518 0.067320 -0.019725
-0.512445 0.068288 -0.037318
-0.501793 0.014920 -0.017968
-0.479803 0.022783 -0.038182
-0.523798 0.046386 -0.075121
-0.487938 0.072247 -0.080284
-0.509652 0.069973 -0.043655
-0.520986 0.063793 -0.057305
-0.486057 0.016246 -0.024940
-0.517532 0.062763 -0.092057
-0.488088 0.015541 -0.037710
-0.519135 0.024499 -0.036858
-0.520452 0.059170 -0.054003
-0.468062 0.042058 -0.071938
-0.525892 0.055750 -0.006884
-0.523389 0.037147 -0.005591
-0.488585 0.015268 -0.068289
-0.514241 0.024268 -0.072722
-0.512571 0.068320 -0.094486
-0.490309 0.014998 -0.043383
-0.500467 0.072958 -0.081787
-0.483843 0.073784 -0.024442
-0.475571 0.022493 -0.027302
-0.518434 0.023802 -0.040593
-0.494554 0.076346 -0.069966
-0.499909 0.017675 -0.023291
-0.474461 0.028384 -0.008092
-0.468202 0.042676 -0.054472
-0.518399 0.066773 -0.063435
-0.470331 0.056070 -0.041620
-0.470373 0.033867 -0.069425
-0.473563 0.066667 -0.049127
-0.509744 0.017545 -0.042469
-0.468143 0.059532 -0.084515
-0.511550 0.022101 -0.056686
-0.519204 0.065959 -0.059209
-0.517036 0.067678 0.005468
-0.469398 0.030521 -0.014556
-0.505000 0.015807 -0.090250
-0.516834 0.068943 -0.011305
-0.519909 0.061614 0.005443
-0.520251 0.030711 -0.023044
-0.468144 0.040125 -0.089146
-0.471441 0.026293 -0.071946
-0.499537 0.017629 -0.066370
-0.481381 0.072461 -0.006689
-0.466905 0.055534 -0.043352
-0.519661 0.030990 -0.090613
-0.506898 0.074414 -0.059742
-0.471556 0.057716 0.001774
-0.465671 0.038058 -0.077206
-0.506528 0.074849 -0.009236
-0.497276 0.014478 -0.017732
-0.507437 0.073436 0.005575
-0.491480 0.073007 -0.021972
-0.499937 0.014667 -0.003694
-0.527053 0.044764 -0.054676
-0.520358 0.058548 -0.088256
-0.477339 0.025345 0.003537
-0.466112 0.051612 -0.019190
-0.514727 0.020621 -0.048798
-0.482936 0.070034 -0.035510
-0.522790 0.062142 -0.005887
-0.512903 0.019570 -0.083236
-0.496127 0.017406 -0.060635
-0.526239 0.036450 -0.011683
-0.494589 0.076339 -0.078303
-0.512421 0.018802 -0.006080
-0.508463 0.017066 -0.073736
-0.474403 0.062612 -0.015597
-0.518622 0.065218 0.005453
-0.526717 0.038052 -0.008372
-0.526849 0.041739 -0.054174
-0.523575 0.051372 -0.041959
-0.516299 0.068647 -0.074857
-0.479309 0.067650 -0.030695
-0.523823 0.060187 -0.015585
-0.519605 0.025202 -0.051553
-0.526121 0.055167 -0.003949
-0.519202 0.065423 -0.094251
-0.482736 0.073376 -0.052547
-0.487329 0.015673 -0.053864
-0.517751 0.068233 -0.002489
-0.470260 0.027935 -0.069983
-0.495749 0.076439 -0.031136
-0.521618 0.034826 -0.086588
-0.515156 0.021209 -0.082038
-0.526416 0.052470 -0.040919
-0.469744 0.053844 -0.022053
-0.477133 0.021886 -0.093985
-0.475943 0.026683 -0.003426
-0.524655 0.032588 -0.021924
-0.511220 0.018453 -0.071711
-0.500102 0.014680 -0.065432
-0.494721 0.017520 -0.022540
-0.466615 0.053322 -0.009902
-0.515539 0.025246 -0.050442
-0.476862 0.069895 -0.074835
-0.472940 0.029905 -0.040264
-0.479570 0.067699 -0.011155
-0.523549 0.030341 -0.019553
-0.514134 0.070714 -0.042555
-0.468096 0.042545 -0.064385
-0.475176 0.027299 -0.020460
-0.497392 0.017431 -0.070905
-0.522246 0.034136 -0.005962
-0.509843 0.020766 -0.000211
-0.469008 0.029770 -0.077704
-0.473060 0.029334 -0.061246
-0.505979 0.074787 -0.052854
-0.485111 0.016297 -0.074630
-0.519493 0.025052 -0.049488
-0.527044 0.045103 -0.056347
-0.522644 0.061591 -0.044027
-0.491222 0.018050 0.000671
-0.493483 0.076303 -0.029287
-0.524537 0.046072 -0.014586
-0.486196 0.015883 -0.081063
-0.481020 0.072511 -0.056186
-0.517883 0.023174 -0.034114
-0.464763 0.043669 -0.083897
-0.492507 0.073176 -0.054100
-0.521927 0.061820 -0.087668
-0.468465 0.039996 -0.064959
-0.526346 0.036340 0.000257
-0.473021 0.061167 -0.046000
-0.522676 0.035061 -0.002313
-0.481291 0.021910 -0.023931
-0.479665 0.018859 -0.082741
-0.474278 0.062177 0.002791
-0.496338 0.073346 -0.086601
-0.524110 0.031563 -0.026957
-0.489888 0.014946 -0.077572
-0.474154 0.067366 -0.058469
-0.476556 0.026064 -0.001404
-0.522893 0.060100 -0.091044
-0.524128 0.041076 -0.020981
-0.506325 0.016273 -0.094248
-0.515066 0.020784 -0.036785
-0.511352 0.072500 -0.038826
-0.474393 0.022918 -0.080042
-0.471583 0.032045 -0.045353
-0.515886 0.064978 -0.069073
-0.503514 0.018337 0.000446
-0.508533 0.073922 -0.033944
-0.511337 0.068730 -0.069781
-0.524294 0.059238 -0.016427
-0.467207 0.057568 -0.084711
-0.527309 0.045637 -0.034142
-0.471935 0.059668 -0.058445
-0.473073 0.030336 -0.009108
-0.486720 0.075031 -0.089465
-0.465789 0.048645 -0.008182
-0.468078 0.044942 -0.054518
-0.474313 0.028007 -0.041564
-0.518315 0.063313 -0.000658
-0.512099 0.068517 -0.038228
-0.465783 0.040953 -0.022473
-0.483747 0.070680 -0.086897
-0.506195 0.071757 -0.013171
-0.502435 0.015037 -0.006474
-0.515969 0.069674 -0.011016
-0.472933 0.029345 -0.070337
-0.484853 0.071187 -0.091488
-0.493448 0.017461 -0.081693
-0.502728 0.018206 -0.044492
-0.471704 0.064847 -0.075524
-0.509472 0.017283 -0.010859
-0.465025 0.045711 -0.058316
-0.484468 0.071005 -0.085045
-0.473582 0.061959 -0.046363
-0.464949 0.045786 -0.064807
-0.465663 0.052886 -0.082282
-0.507625 0.016727 -0.076615
-0.477514 0.066576 -0.076988
-0.465878 0.038329 -0.055727
-0.473162 0.060877 -0.016118
-0.527722 0.043563 0.004854
-0.469783 0.037232 -0.015210
-0.486151 0.016058 -0.051117
-0.508178 0.020263 -0.076355
-0.474960 0.063247 -0.011403
-0.517716 0.027110 -0.011483
-0.475649 0.068200 0.001432
-0.485523 0.071229 -0.023092
-0.523074 0.060119 -0.076292
-0.517312 0.063903 -0.037320
-0.467305 0.055720 -0.014224
-0.498362 0.014531 -0.013795
-0.493900 0.017459 -0.070266
-0.515465 0.069715 -0.042826
-0.487894 0.075359 -0.088837
-0.525771 0.036009 -0.040357
-0.523735 0.031142 -0.040840
-0.523215 0.040797 -0.094122
-0.516851 0.064730 -0.015698
-0.468043 0.044985 -0.057410
-0.525608 0.054086 -0.071807
-0.485022 0.074249 -0.017375
-0.500111 0.014679 -0.015105
-0.468227 0.041672 -0.062272
-0.485669 0.088135 -0.075070
-0.433870 -0.055900 -0.007211
-0.435850 0.035218 -0.073091
-0.508453 0.089003 0.009353
-0.418281 0.041105 -0.019693
-0.410815 -0.055253 0.007901
-0.503408 0.015412 -0.004420
-0.534843 0.045945 -0.009078
-0.450249 -0.022437 -0.079617
-0.503338 0.071071 -0.082438
-0.491518 0.031215 0.001624
-0.541259 0.040332 -0.028465
-0.481420 0.079904 -0.000632
-0.439539 -0.029826 0.000574
-0.488752 0.070367 -0.081316
-0.468730 0.107659 -0.034578
-0.397719 -0.034293 -0.089133
-0.438933 0.050824 -0.073871
-0.444140 0.073735 -0.056297
-0.398382 0.003452 -0.064388
-0.458293 0.026400 0.004146
-0.490993 -0.013299 -0.017607
-0.443486 -0.077901 -0.043398
-0.434673 0.057753 -0.042041
-0.417111 -0.026459 -0.084459
-0.487092 0.093100 0.004099
-0.423419 0.016655 0.002623
-0.435676 -0.044406 -0.002781
-0.472228 0.023971 0.004134
-0.418507 0.014762 -0.080993
-0.391868 0.015965 -0.043355
-0.481589 -0.005893 -0.077272
-0.393636 0.017874 -0.044834
-0.402638 0.022092 -0.019610
-0.508420 0.080267 0.005688
-0.474000 -0.009448 -0.007030
-0.443970 0.027219 0.000871
-0.384896 -0.013723 -0.065784
-0.430377 -0.058481 0.000952
-0.518268 0.031921 -0.062957
-0.410205 0.015918 -0.014589
-0.501716 0.040071 0.000901
-0.483346 0.083649 -0.075867
-0.486388 0.047743 -0.088871
-0.434524 0.015750 0.000679
-0.461333 0.066757 -0.079480
-0.453965 0.039089 -0.079888
-0.412263 0.010085 -0.000569
-0.399616 -0.027225 -0.088064
-0.434028 -0.033749 -0.088404
-0.511365 0.066486 -0.087556
-0.424685 0.014335 -0.077062
-0.515697 0.078545 -0.081943
-0.434145 0.050004 -0.059131
-0.472410 -0.013608 -0.079191
-0.522227 0.045866 -0.069939
-0.507985 0.009395 -0.014257
-0.488986 -0.022989 -0.046335
-0.471113 0.095916 -0.055701
-0.464045 0.088716 -0.053863
-0.434439 0.003593 0.002967
-0.431277 0.053654 -0.036501
-0.416290 0.009510 -0.005444
-0.392914 -0.048326 0.008254
-0.518867 0.027150 -0.056507
-0.389888 -0.017850 -0.080965
-0.450663 0.061321 -0.075821
-0.448746 -0.056553 -0.070287
-0.532291 0.034581 -0.058613
-0.449679 -0.008372 -0.082855
-0.408501 -0.012880 -0.000647
-0.489499 0.044394 0.010613
-0.508075 0.008558 -0.063020
-0.509513 0.080832 -0.088233
-0.468600 0.071993 -0.073510
-0.475022 0.081355 -0.072433
-0.404195 0.030755 -0.041807
-0.521399 0.034802 -0.071989
-0.456680 -0.050050 -0.053035
-0.460915 -0.004459 -0.087169
-0.405318 -0.026740 -0.089203
-0.488302 0.088160 -0.076296
-0.413546 0.031949 -0.046083
-0.438369 0.040367 -0.079566
-0.467919 0.096044 -0.029288
-0.458390 0.016462 -0.083596
-0.509256 0.026137 -0.067387
-0.436616 -0.019071 0.009225
-0.471349 -0.013828 -0.007820
-0.490929 0.060290 -0.082644
-0.531730 0.036511 -0.062078
-0.406070 -0.048514 0.002950
-0.502864 0.047301 0.002581
-0.444839 0.007585 -0.083683
-0.448307 0.012201 -0.083561
-0.526421 0.029526 -0.016042
-0.475162 0.004526 0.005643
-0.427089 -0.022005 -0.084405
-0.448574 -0.058910 -0.054860
-0.472881 -0.022442 -0.006184
-0.371578 -0.029381 -0.074694
-0.438086 0.060519 -0.048213
-0.454346 0.076024 -0.021875
-0.393466 -0.022615 0.003113
-0.531526 0.059749 -0.078969
-0.421299 0.034461 -0.059707
-0.456549 -0.040673 -0.005705
-0.440914 -0.062235 -0.018462
-0.510451 0.036141 -0.004929
-0.476032 0.093705 -0.073853
-0.467767 0.096550 -0.045404
-0.492196 0.028269 0.000522
-0.515044 0.061420 -0.086019
-0.410063 0.036071 -0.029354
-0.535754 0.068024 -0.078203
-0.436201 -0.076117 -0.032732
-0.374994 -0.009417 -0.059042
-0.425950 -0.009751 0.009182
-0.404715 0.018144 -0.025423
-0.497384 0.043138 -0.086986
-0.477773 0.025873 -0.082221
-0.508514 0.030389 0.000888
-0.539462 0.055141 -0.060251
-0.394698 0.018886 -0.034150
-0.398415 -0.007149 -0.080494
-0.401487 0.000357 -0.010768
-0.430020 -0.066135 -0.079319
-0.513497 0.017551 -0.065603
-0.389051 0.011419 -0.031244
-0.477278 -0.035708 -0.029015
-0.415483 0.021712 -0.013995
-0.454776 0.038635 -0.086652
-0.438637 -0.039859 -0.078747
-0.481792 0.007123 0.003984
-0.470079 0.057207 -0.079784
-0.375630 -0.023370 -0.017359
-0.474866 -0.006647 -0.006000
-0.483226 0.081750 -0.083375
-0.486965 0.086222 -0.000384
-0.423957 -0.070611 -0.001292
-0.429650 -0.046437 0.005481
-0.444909 0.069700 -0.034409
-0.455047 0.079375 -0.026320
-0.510267 0.057464 0.003086
-0.528559 0.033033 -0.036474
-0.504821 0.004782 -0.036060
-0.383178 -0.003729 -0.038313
-0.479843 0.039964 0.010860
-0.461097 -0.024032 -0.080918
-0.511082 0.025889 -0.065427
-0.384107 -0.012756 -0.073913
-0.445131 0.073093 -0.018892
-0.468995 0.061952 0.000114
-0.427620 0.058506 -0.043606
-0.507942 0.084562 -0.087974
-0.430585 -0.062626 -0.001088
-0.505065 0.083567 0.011305
-0.418416 0.025626 -0.004979
-0.395702 -0.019518 0.003022
-0.438757 -0.027758 -0.088349
-0.365716 -0.015338 -0.037468
-0.431573 0.037423 -0.068452
-0.470137 -0.043632 -0.027576
-0.467756 0.047910 0.009362
-0.377426 -0.002559 -0.050136
-0.402373 0.010937 -0.019216
-0.437658 -0.053698 -0.080768
-0.469472 -0.044505 -0.027803
-0.436850 0.022495 -0.079154
-0.483149 0.093031 -0.071105
-0.465170 -0.013456 -0.075986
-0.479916 -0.003804 0.000134
-0.477740 -0.026623 -0.064979
-0.448728 0.074014 -0.032921
-0.439324 0.004880 -0.083482
-0.456229 -0.034462 -0.001716
-0.425821 -0.064214 -0.082671
-0.422281 -0.070604 -0.081820
-0.393090 0.002883 -0.069676
-0.435933 -0.023504 -0.089501
-0.442301 -0.055938 -0.004922
-0.396531 -0.008569 -0.072210
-0.450384 -0.052632 -0.060936
-0.445225 -0.027919 -0.079904
-0.469593 0.099285 -0.062534
-0.478636 0.071618 -0.084892
-0.367685 -0.017148 -0.024469
-0.497343 0.094908 -0.084151
-0.465523 0.017604 -0.083170
-0.460890 0.049238 -0.079153
-0.452000 -0.058330 -0.016696
-0.464987 0.083621 -0.015347
-0.488268 0.012112 0.003066
-0.433813 -0.061431 -0.079316
-0.452155 0.013817 -0.089649
-0.426215 0.044695 -0.066677
-0.482460 0.047136 0.011021
-0.499870 0.024182 -0.004836
-0.422736 0.017063 -0.082094
-0.447103 -0.071673 -0.052102
-0.490605 0.031818 0.008424
-0.502312 0.061686 0.011133
-0.479251 -0.024356 -0.049280
-0.526909 0.058544 -0.080871
-0.478758 0.114832 -0.035473
-0.459703 0.037442 0.003082
-0.460290 0.031596 0.010032
-0.430627 -0.020101 0.003537
-0.489777 0.063607 0.011013
-0.543782 0.060986 -0.063533
-0.427939 -0.052917 -0.002692
-0.479440 0.074587 -0.084299
-0.426230 0.034777 -0.065505
-0.453403 0.087201 -0.026503
-0.451581 0.077368 -0.045122
-0.455168 0.088212 -0.023970
-0.511629 0.026623 -0.065478
-0.361532 -0.020751 -0.034839
-0.434857 -0.077119 -0.015238
-0.447925 -0.065086 -0.019205
-0.390334 -0.000761 -0.058106
-0.494365 0.065679 -0.088508
-0.403665 0.022538 -0.061710
-0.458699 -0.050441 -0.016661
-0.504833 0.090103 -0.080814
-0.465728 -0.017036 -0.081438
-0.469657 -0.006548 0.003976
-0.492576 0.035152 -0.080376
-0.476084 0.114789 -0.049097
-0.428306 -0.003838 -0.089311
-0.486715 0.025369 0.001470
-0.501376 0.030290 -0.002681
-0.420857 -0.047784 0.001140
-0.470265 0.014600 0.003073
-0.442430 0.049164 -0.069060
-0.519863 0.050823 -0.081322
-0.447116 0.001104 -0.083876
-0.472375 0.047412 0.004125
-0.462530 0.010840 0.003706
-0.390631 -0.004209 -0.062908
-0.483966 -0.007744 -0.004879
-0.464447 0.080841 -0.013329
-0.472513 0.083568 -0.077446
-0.503240 0.002287 -0.062563
-0.497734 0.074959 -0.088007
-0.387980 0.001647 -0.045656
-0.455951 -0.027146 0.001957
-0.455421 0.057338 -0.080710
-0.420508 0.007715 -0.084692
-0.477134 -0.000396 -0.075144
-0.492522 0.100380 0.003928
-0.396311 -0.042344 0.008165
-0.524115 0.022397 -0.022839
-0.486889 -0.025815 -0.044580
-0.515710 0.027187 -0.016435
-0.472628 -0.011951 -0.072056
-0.424602 -0.033996 -0.083993
-0.386990 0.009779 -0.046114
-0.379020 -0.022460 -0.005326
-0.395527 -0.001916 -0.005429
-0.422357 0.026346 -0.002482
-0.494215 -0.002056 -0.021446
-0.473333 0.109804 -0.023305
-0.489936 0.051635 -0.088771
-0.428014 0.028779 -0.000108
-0.476477 -0.020495 -0.007842
-0.493065 0.096548 -0.075065
-0.502754 0.067576 0.005454
-0.491159 0.044066 0.010417
-0.376304 -0.025058 -0.076192
-0.413288 0.041563 -0.042495
-0.428601 -0.002847 0.002751
-0.494141 -0.013815 -0.024388
-0.501507 0.078103 0.005249
-0.432704 -0.067599 -0.005299
-0.455153 -0.055057 -0.017221
-0.499222 -0.000515 -0.048744
-0.490821 0.090520 -0.083274
-0.455237 -0.016746 0.005899
-0.387253 -0.006160 -0.071624
-0.423819 -0.026211 0.009450
-0.453716 -0.052116 -0.055883
-0.520682 0.055487 -0.075658
-0.481755 0.108132 -0.020261
-0.470955 0.060562 -0.079112
-0.392193 -0.026842 -0.085673
-0.426270 0.035671 -0.074216
-0.481293 0.002762 -0.081532
-0.421540 -0.030804 -0.084496
-0.422312 -0.012275 0.002828
-0.495772 -0.000976 -0.068555
-0.466885 0.049548 0.002622
-0.426121 0.023304 -0.073500
-0.377855 -0.003310 -0.027753
-0.374067 -0.009699 -0.057632
-0.493554 0.041682 -0.081370
-0.466590 -0.040987 -0.038326
-0.458192 0.073442 -0.064247
-0.520524 0.026779 -0.011396
-0.389525 -0.033314 -0.001814
-0.383192 -0.029961 0.001036
-0.436095 0.061630 -0.060371
-0.370716 -0.012484 -0.026449
-0.418761 -0.053398 -0.088521
-0.488394 0.105763 -0.001091
-0.510945 0.086982 0.006289
-0.533845 0.041253 -0.027979
-0.443832 -0.060149 -0.009214
-0.449325 -0.044835 -0.011587
-0.471117 0.089455 -0.072910
-0.394108 0.010105 -0.063281
-0.455769 -0.017553 0.005483
-0.474413 0.002943 0.005408
-0.437724 -0.002202 0.003821
-0.460187 0.074339 -0.065511
-0.418800 0.024667 -0.075774
-0.538622 0.065474 -0.071310
-0.499539 0.032847 0.006021
-0.397650 -0.023030 -0.001783
-0.433186 -0.072588 -0.062062
-0.468990 0.088248 -0.072000
-0.492963 0.044389 -0.081878
-0.514681 0.033195 -0.001421
-0.486363 0.076153 0.008775
-0.536864 0.067085 -0.077790
-0.509311 0.014693 -0.023032
-0.454172 -0.058732 -0.020588
-0.418752 0.045446 -0.026505
-0.463680 0.040092 -0.082015
-0.422644 -0.039655 0.008403
-0.538797 0.052795 -0.007149
-0.469142 0.104582 -0.022986
-0.484470 0.024308 0.001858
-0.367325 -0.019585 -0.021236
-0.435922 -0.074829 -0.053589
-0.420115 -0.067770 -0.005230
-0.530118 0.055750 -0.077925
-0.506362 0.012756 -0.057612
-0.497973 0.078660 -0.087618
-0.441957 0.062091 -0.023580
-0.454070 0.080449 -0.044547
-0.483500 -0.014884 -0.057708
-0.382283 -0.017971 -0.014816
-0.399223 -0.052760 0.002884
-0.438983 -0.073691 -0.045308
-0.448253 0.049880 -0.005743
-0.521663 0.071541 -0.086269
-0.446929 0.069184 -0.025550
-0.457583 0.079560 -0.021312
-0.375667 -0.004288 -0.032661
-0.383974 -0.006871 -0.025542
-0.397337 0.017324 -0.022123
-0.501881 0.080614 -0.081773
-0.445231 0.062178 -0.070856
-0.427514 0.014686 0.005051
-0.488580 0.039954 -0.088204
-0.428775 0.060089 -0.041541
-0.469200 0.021584 -0.089088
-0.397950 0.006353 -0.020162
-0.490647 0.038219 -0.087647
-0.504664 0.016886 -0.013795
-0.462503 -0.020119 -0.074436
-0.456804 0.022932 -0.089325
-0.448977 -0.055799 -0.059048
-0.376597 -0.002975 -0.033424
-0.495681 0.015466 0.000755
-0.451508 -0.054564 -0.024877
-0.409810 -0.036020 0.003118
-0.381537 -0.023758 -0.070769
-0.456998 0.092394 -0.028953
-0.399726 0.022695 -0.026922
-0.497592 -0.002032 -0.028883
-0.469634 -0.034411 -0.027240
-0.504777 0.070696 -0.082412
-0.453837 0.066812 -0.074677
-0.461697 -0.024198 -0.080518
-0.455462 -0.052217 -0.029624
-0.463125 0.053539 -0.085168
-0.390345 0.008373 -0.059513
-0.409152 -0.044344 -0.084847
-0.368096 -0.021653 -0.040460
-0.501953 0.016626 -0.075729
-0.500105 0.094159 0.008782
-0.483668 0.002255 -0.006688
-0.370585 -0.029985 -0.007905
-0.423200 -0.055598 -0.001736
-0.405496 -0.031875 0.002337
-0.422781 -0.061237 0.003230
-0.470349 0.097948 -0.011932
-0.488889 0.086425 0.000391
-0.512017 0.082740 0.011781
-0.422098 0.043162 -0.063018
-0.450806 -0.059001 -0.047748
-0.482383 0.111515 -0.022362
-0.465431 0.015026 0.003875
-0.429482 0.022777 -0.082867
-0.516873 0.072301 -0.081184
-0.524089 0.033803 -0.020426
-0.410930 -0.007346 -0.086093
-0.429945 -0.013771 -0.090258
-0.424530 0.048436 -0.019341
-0.441602 -0.068880 -0.051482
-0.386664 -0.009620 -0.017653
-0.434163 0.055583 -0.049043
-0.413022 0.037625 -0.055143
-0.464288 0.015196 -0.083140
-0.477537 -0.021666 -0.058353
-0.446871 -0.018733 -0.088012
-0.466229 -0.012845 0.003039
-0.456036 0.082212 -0.046871
-0.500232 -0.009948 -0.043807
-0.450956 0.035560 0.001050
-0.496802 0.077850 -0.081462
-0.440612 -0.047650 -0.081812
-0.512074 0.077632 0.005653
-0.498212 0.004316 -0.070484
-0.476546 0.094399 -0.003060
-0.513042 0.008579 -0.024295
-0.484874 0.007593 0.002787
-0.520296 0.025310 -0.049963
-0.486658 -0.007429 -0.062156
-0.395498 -0.015148 -0.082653
-0.459943 -0.043226 -0.010755
-0.504233 0.080306 -0.088057
-0.452543 -0.060644 -0.020582
-0.526467 0.030744 -0.042834
-0.489883 0.084375 -0.084789
-0.400370 -0.031359 -0.082856
-0.452716 0.085512 -0.024483
-0.450430 0.080740 -0.056995
-0.443993 0.031718 -0.078727
-0.433254 -0.010931 0.003763
-0.462648 0.087878 -0.024993
-0.518932 0.045564 0.002472
-0.391143 0.005200 -0.046635
-0.371929 -0.023655 -0.071341
-0.464763 0.092187 -0.048095
-0.438865 0.069234 -0.025440
-0.364569 -0.018597 -0.052527
-0.446705 0.077302 -0.055296
-0.493706 -0.000982 -0.059714
-0.446435 0.069274 -0.051153
-0.436152 -0.073655 -0.055354
-0.483949 0.059679 -0.082172
-0.411693 0.023058 -0.059871
-0.481129 0.034324 0.004334
-0.410564 -0.059014 0.001091
-0.486525 0.103776 -0.001285
-0.456641 0.089880 -0.023753
-0.452101 0.084211 -0.054294
-0.417016 -0.043902 -0.090188
-0.465716 -0.021034 -0.071739
-0.502065 0.012342 -0.063141
-0.430307 -0.005339 -0.089714
-0.420409 0.006606 -0.078225
-0.402243 0.007299 -0.006046
-0.424070 -0.073432 -0.002846
-0.500747 -0.001054 -0.016601
-0.446346 -0.061823 -0.027008
-0.510297 0.047428 -0.077501
-0.465689 0.038397 -0.088656
-0.437073 0.054862 -0.009645
-0.393342 0.006541 -0.066371
-0.406689 0.012585 -0.015461
-0.490295 0.076696 0.009644
-0.381128 0.002467 -0.033425
-0.468367 -0.047936 -0.035671
-0.379868 0.000234 -0.030787
-0.517068 0.068520 0.010115
-0.506837 -0.000170 -0.051062
-0.407889 0.033989 -0.048778
-0.453052 0.077737 -0.012823
-0.528422 0.028881 -0.020359
-0.423629 0.032014 -0.004952
-0.504789 0.057275 -0.087555
-0.395647 0.020138 -0.034795
-0.424165 -0.000953 0.001426
-0.422878 -0.045305 -0.088982
-0.496262 0.012539 -0.069097
-0.431263 0.056763 -0.059221
-0.390639 -0.007087 -0.015417
-0.473161 0.082890 -0.070280
-0.419081 -0.004686 -0.087733
-0.388130 -0.022214 -0.007128
-0.428790 0.033399 -0.001978
-0.481672 0.007232 -0.075990
-0.432145 -0.018176 -0.090233
-0.511453 0.071546 0.011272
-0.525833 0.041082 -0.014303
-0.510625 0.032299 -0.007303
-0.420321 0.034762 -0.057739
-0.410487 0.037051 -0.048852
-0.473109 0.105219 -0.060278
-0.406532 0.029226 -0.023435
-0.441951 0.003603 -0.083794
-0.478098 -0.009649 -0.077584
-0.495406 0.081604 -0.086764
-0.452290 0.078454 -0.033880
-0.400016 -0.047878 -0.090965
-0.452055 0.075363 -0.052379
-0.517944 0.015493 -0.022131
-0.441642 0.037978 0.003262
-0.446359 -0.049398 -0.068692
-0.372690 -0.030829 -0.005005
-0.438694 -0.019612 0.002826
-0.474024 -0.030486 -0.030319
-0.372129 -0.018169 -0.032282
-0.383509 -0.017078 -0.067342
-0.459346 -0.042613 -0.009608
-0.518883 0.013895 -0.049806
-0.425700 -0.062317 -0.083470
-0.457046 0.068459 -0.010616
-0.449694 0.075749 -0.040648
-0.464529 0.046966 -0.080833
-0.473002 -0.022559 -0.063693
-0.474161 -0.030400 -0.030525
-0.382278 -0.024166 -0.002094
-0.479837 0.065183 -0.086741
-0.483493 0.088122 -0.081148
-0.439257 -0.071357 -0.014567
-0.521413 0.028305 -0.053433
-0.472780 0.032296 0.004704
-0.528074 0.072665 0.005074
-0.448634 -0.029027 0.004364
-0.477447 -0.023866 -0.024698
-0.459135 0.022085 0.010415
-0.395135 0.002131 -0.008586
-0.374755 -0.033582 -0.002969
-0.506545 0.044427 -0.078060
-0.483992 0.111021 -0.062120
-0.542761 0.045179 -0.055316
-0.430435 -0.051913 0.003491
-0.484548 0.110584 -0.063411
-0.438370 -0.008271 0.009844
-0.503590 0.046982 0.002305
-0.362477 -0.022488 -0.040804
-0.424771 0.034363 -0.005574
-0.534862 0.067009 0.003760
-0.503412 0.009400 -0.009008
-0.445888 0.069139 -0.049944
-0.388936 -0.008906 -0.006180
-0.546232 0.057606 -0.065732
-0.449859 -0.028551 -0.002845
-0.364248 -0.023566 -0.059711
-0.531110 0.040350 -0.053964
-0.432513 0.023752 -0.076831
-0.422266 0.041036 -0.013678
-0.465702 0.094126 -0.031873
-0.427427 0.039211 -0.072633
-0.543592 0.056024 -0.067230
-0.472469 -0.016936 -0.077425
-0.382532 0.002585 -0.028368
-0.392725 0.016958 -0.043571
-0.508038 0.048065 -0.078589
-0.399497 -0.002535 -0.078730
-0.435718 0.047902 -0.063565
-0.451713 -0.057686 -0.065668
-0.451510 0.023464 0.009591
-0.454252 0.058594 -0.079519
-0.433509 -0.009755 0.003774
-0.420970 -0.047859 0.007356
-0.530312 0.057174 -0.070717
-0.437352 0.063680 -0.018912
-0.520676 0.055889 -0.001080
-0.424264 0.043355 -0.028862
-0.535047 0.034907 -0.053491
-0.469450 -0.045594 -0.049729
-0.532059 0.044791 -0.007289
-0.459879 -0.030192 -0.070504
-0.458900 -0.059326 -0.044682
-0.429080 -0.074766 -0.065066
-0.522105 0.027405 -0.027819
-0.434456 0.047386 -0.062598
-0.498784 0.031918 -0.083964
-0.506235 0.006282 -0.038958
-0.405610 -0.003313 -0.075167
-0.503496 0.062514 -0.088206
-0.502816 -0.005206 -0.050475
-0.472551 0.054998 0.009269
-0.459562 -0.004016 0.007891
-0.414945 -0.007931 0.006687
-0.418082 -0.068215 -0.079661
-0.425192 -0.051663 -0.001171
-0.452606 0.029458 0.009030
-0.440493 0.058334 -0.057943
-0.458080 0.087864 -0.017551
-0.520240 0.027722 -0.010147
-0.511514 0.013468 -0.032018
-0.367041 -0.024346 -0.032116
-0.426522 0.054977 -0.052045
-0.446527 0.002482 0.004088
-0.530956 0.027251 -0.045826
-0.418895 -0.049326 -0.082974
-0.457106 -0.013168 -0.000232
-0.448543 0.011073 0.004090
-0.362066 -0.020781 -0.050112
-0.526364 0.054728 -0.004746
-0.452491 -0.040959 -0.002949
-0.424808 -0.063793 -0.076055
-0.435880 0.030307 -0.003736
-0.534262 0.040623 -0.031484
-0.442007 -0.005670 -0.083989
-0.493148 -0.001763 -0.008354
-0.486121 -0.024744 -0.027704
-0.426449 -0.049051 -0.000791
-0.447242 0.010460 -0.083621
-0.452125 0.004314 -0.083673
-0.487748 -0.006745 -0.071857
-0.518917 0.042868 0.001182
-0.492519 -0.017376 -0.028270
-0.436586 -0.056851 -0.009682
-0.414101 -0.053972 -0.083287
-0.469795 0.053642 -0.080606
-0.478924 0.107840 -0.025609
-0.434540 0.066830 -0.042983
-0.519444 0.042500 -0.007294
-0.494946 0.047359 0.004242
-0.490281 -0.011865 -0.032478
-0.382958 -0.038731 -0.079428
-0.407129 -0.031831 -0.084112
-0.513442 0.019395 -0.054662
-0.420410 0.016947 -0.080983
-0.417123 -0.057992 -0.081592
-0.470794 -0.039145 -0.020569
-0.480921 0.052981 0.010789
-0.515227 0.018104 -0.046762
-0.463338 -0.017261 -0.082546
-0.402657 -0.025401 0.006935
-0.486529 0.015241 -0.001904
-0.445406 -0.065993 -0.045296
-0.478693 0.032939 -0.082809
-0.427594 0.051033 -0.017789
-0.480993 0.075613 -0.084508
-0.470780 -0.009301 -0.081994
-0.380796 -0.037796 0.002805
-0.491557 0.066969 -0.082172
-0.489398 0.091587 -0.082359
-0.458365 -0.036908 -0.004610
-0.460401 0.019589 -0.089540
-0.511739 0.005691 -0.050958
-0.510766 0.013729 -0.013076
-0.384194 -0.000889 -0.018785
-0.420157 -0.064443 -0.003773
-0.478951 0.114912 -0.056087
-0.451683 0.056162 0.000928
-0.438533 -0.061721 -0.075756
-0.520631 0.035180 -0.063310
-0.488684 0.081862 0.001686
-0.498069 0.016492 -0.070236
-0.476524 0.043491 0.004834
-0.478687 -0.003085 -0.006454
-0.483595 0.062550 -0.081728
-0.515148 0.025283 -0.059947
-0.463763 0.077416 -0.075217
-0.439092 -0.037198 0.005141
-0.457528 0.059124 -0.004564
-0.479031 0.019504 0.002128
-0.549032 0.048653 -0.044422
-0.520211 0.058671 -0.083770
-0.380088 -0.007311 -0.041160
-0.496879 0.021582 -0.081213
-0.478448 0.061988 0.003183
-0.444045 -0.065490 -0.014281
-0.530427 0.072538 -0.080719
-0.506502 -0.002029 -0.046117
-0.503281 0.006379 -0.053372
-0.457538 -0.011691 0.006592
-0.438155 -0.053214 -0.008520
-0.479240 0.000598 -0.081697
-0.433803 0.015719 -0.080211
-0.531480 0.065891 0.005034
-0.517725 0.030540 -0.072175
-0.401901 0.001483 -0.069579
-0.483628 0.063064 0.004138
-0.512187 0.033884 -0.007447
-0.420930 -0.072278 -0.001561
-0.431076 -0.072704 -0.064691
-0.449886 -0.054081 -0.021310
-0.496406 0.047030 -0.081605
-0.513806 0.029659 -0.074755
-0.434805 0.050706 -0.059219
-0.492627 0.033613 -0.086394
-0.475504 0.042073 0.010824
-0.412562 -0.058218 0.000817
-0.487473 0.073172 0.003336
-0.371248 -0.021360 -0.013508
-0.472909 0.010064 0.007822
-0.483398 0.068608 -0.086817
-0.455619 0.036560 0.002243
-0.453296 0.050147 -0.075605
-0.473818 -0.009787 -0.007107
-0.363875 -0.023690 -0.039347
-0.490256 -0.006045 -0.009111
-0.479807 0.042694 -0.083043
-0.470544 -0.040452 -0.022185
-0.421118 0.044833 -0.059187
-0.470902 -0.015704 -0.079087
-0.415062 0.037616 -0.059318
-0.460081 -0.049922 -0.018019
-0.454415 -0.062536 -0.028320
-0.533127 0.057663 0.000414
-0.446816 0.054890 -0.068595
-0.437745 0.003089 -0.083513
-0.442941 -0.045848 0.000215
-0.463839 0.070836 0.001164
-0.435346 0.057242 -0.013954
-0.443352 0.054842 -0.074584
-0.448925 -0.058224 -0.055357
-0.437814 -0.072316 -0.054040
-0.431221 -0.015332 0.009700
-0.493876 -0.011000 -0.019128
-0.481986 -0.009926 -0.004810
-0.460508 0.075882 -0.064476
-0.370387 -0.024196 -0.058004
-0.418073 0.000601 -0.086087
-0.397268 -0.028036 -0.081182
-0.489996 0.026826 0.000836
-0.453774 0.088803 -0.047542
-0.474480 0.059186 0.002707
-0.525115 0.073270 0.003008
-0.418530 -0.056899 -0.000510
-0.492372 0.104205 -0.071444
-0.515855 0.014217 -0.057965
-0.478387 -0.011022 -0.067963
-0.449717 -0.056955 -0.055879
-0.392399 -0.022296 0.002533
-0.457559 -0.051785 -0.038777
-0.436516 -0.006915 -0.084123
-0.365141 -0.024624 -0.045243
-0.406791 -0.044684 -0.084918
-0.401998 0.011791 -0.059727
-0.420500 0.041789 -0.062401
-0.421099 0.044449 -0.059743
-0.490550 0.011069 -0.080131
-0.386148 -0.000133 -0.042164
-0.480062 0.105105 -0.018938
-0.468088 -0.020605 -0.070151
-0.442842 0.073968 -0.025303
-0.449016 0.009034 0.004171
-0.396464 -0.035947 0.001085
-0.460734 -0.046415 -0.030815
-0.519102 0.022909 -0.030525
-0.447311 0.065667 -0.069999
-0.377889 -0.033708 -0.082018
-0.485589 0.008045 0.002628
-0.424812 0.037432 -0.018299
-0.519576 0.022503 -0.034936
-0.479471 0.109267 -0.049020
-0.483666 0.032095 0.009817
-0.473107 0.014289 -0.081365
-0.383873 -0.023084 -0.001653
-0.486425 -0.000431 -0.076979
-0.464811 0.094336 -0.015377
-0.409311 -0.014709 -0.081163
-0.502152 0.041806 -0.085444
-0.440749 -0.064835 -0.010096
-0.481951 -0.018049 -0.011170
-0.498812 0.013513 -0.002263
-0.525744 0.029997 -0.033838
-0.430668 0.020950 -0.084043
-0.392179 0.016277 -0.036911
-0.465859 0.089790 -0.009404
-0.466795 -0.014119 0.002269
-0.419614 -0.047922 -0.089269
-0.392309 -0.048502 0.007287
-0.427681 0.055238 -0.054541
-0.437160 0.041559 -0.008928
-0.443053 -0.068872 -0.036819
-0.431173 -0.032177 -0.083072
-0.427974 0.047006 -0.052115
-0.508223 0.027178 -0.077270
-0.388360 -0.014183 -0.011928
-0.433230 -0.068097 -0.066545
-0.419396 0.023815 -0.068035
-0.520273 0.023137 -0.036699
-0.396541 -0.045956 -0.084554
-0.420805 0.007565 -0.078023
-0.402595 0.019138 -0.035336
-0.433709 -0.076020 -0.025673
-0.437075 0.009934 -0.082426
-0.417693 -0.015172 0.002383
-0.467910 0.070278 -0.003693
-0.457600 0.004130 0.009573
-0.525959 0.055880 -0.080300
-0.494733 0.002067 -0.072022
-0.459300 0.005654 0.009551
-0.396546 -0.001900 -0.076339
-0.541347 0.049646 -0.047232
-0.466738 0.105350 -0.041645
-0.418957 -0.007589 -0.088316
-0.470815 -0.034571 -0.049084
-0.422713 0.002766 0.006560
-0.479529 0.029321 0.010003
-0.373318 -0.032224 -0.010177
-0.441051 0.022675 0.007487
-0.433986 -0.051240 -0.076549
-0.496658 0.047681 -0.081643
-0.530974 0.072002 -0.077062
-0.516712 0.043032 0.002467
-0.430114 -0.021337 -0.090265
-0.438104 0.060985 -0.014391
-0.449970 0.037792 -0.085516
-0.521968 0.025465 -0.043473
-0.469366 0.087244 -0.013681
-0.462598 0.065001 -0.073570
-0.493523 0.060298 0.011305
-0.435833 0.057705 -0.030051
-0.454418 -0.031564 -0.073714
-0.375285 -0.021770 -0.062464
-0.440035 -0.041849 0.003243
-0.487724 -0.012814 -0.012652
-0.480081 0.029815 0.003889
-0.430172 -0.052451 -0.084978
-0.393555 -0.028803 -0.080122
-0.498396 0.031566 -0.000749
-0.431810 0.037440 -0.010618
-0.463554 -0.029175 -0.012262
-0.453949 -0.051452 -0.056524
-0.492524 -0.002488 -0.019356
-0.491967 0.026020 -0.078129
-0.453679 -0.024676 -0.003027
-0.526075 0.032916 -0.065628
-0.431874 0.056734 -0.018465
-0.463402 0.018224 0.004321
-0.489315 -0.014715 -0.062445
-0.489173 0.046398 0.010824
-0.441444 0.046831 -0.069901
-0.418777 0.030411 -0.061052
-0.507086 0.020721 -0.074377
-0.490203 -0.021712 -0.034090
-0.457253 -0.022908 -0.076190
-0.451381 0.069018 -0.006936
-0.449353 -0.058692 -0.027893
-0.369570 -0.020477 -0.046780
-0.475645 -0.029943 -0.035932
-0.483555 -0.020043 -0.033302
-0.443165 0.019794 0.008533
-0.399534 0.018342 -0.060789
-0.537853 0.062452 -0.008183
-0.485678 -0.020434 -0.018840
-0.461997 0.051801 0.007061
-0.443768 -0.070890 -0.020483
-0.475963 0.073050 -0.083570
-0.525265 0.029264 -0.062779
-0.551462 0.053326 -0.050409
-0.392485 -0.024518 0.003341
-0.491441 0.103543 -0.004333
-0.457337 0.017576 0.010379
-0.520407 0.014090 -0.042734
-0.460263 -0.030297 -0.010238
-0.541910 0.054300 -0.021115
-0.492125 -0.012895 -0.060360
-0.379684 -0.021323 -0.076304
-0.481749 -0.007884 -0.003307
-0.514419 0.026214 -0.005806
-0.439612 0.053790 -0.062195
-0.408407 0.028657 -0.060954
-0.411972 -0.048561 0.002529
-0.403695 -0.040928 -0.090718
-0.409596 0.008687 -0.078923
-0.438190 0.050113 -0.014570
-0.528361 0.028951 -0.057315
-0.423657 0.027115 -0.010397
-0.390394 -0.032911 -0.001598
-0.479748 0.011214 -0.085039
-0.490962 0.017085 -0.082357
-0.443009 0.038396 0.003744
-0.446703 -0.070405 -0.025482
-0.488172 0.107664 -0.068772
-0.469757 -0.036780 -0.045416
-0.504353 0.029101 -0.072988
-0.536278 0.037764 -0.056033
-0.437519 -0.002845 0.009837
-0.452904 0.072347 -0.019220
-0.384910 0.005958 -0.029779
-0.466724 0.088414 -0.018309
-0.375302 -0.025979 -0.076037
-0.451240 0.075014 -0.026851
-0.422896 0.050598 -0.052268
-0.523700 0.033153 -0.020693
-0.443040 -0.078445 -0.038782
-0.448033 -0.071072 -0.031104
-0.412234 -0.041408 -0.090758
-0.400015 -0.035658 -0.089772
-0.536009 0.050257 -0.006588
-0.494564 -0.013121 -0.024017
-0.453008 0.086060 -0.024925
-0.496346 -0.005478 -0.041254
-0.367315 -0.025434 -0.028498
-0.428322 0.052686 -0.060100
-0.404859 -0.039994 -0.084697
-0.504744 0.079828 0.011495
-0.428845 0.044287 -0.058433
-0.472044 -0.002758 0.004369
-0.410397 0.025637 -0.026647
-0.449681 -0.001388 0.003715
-0.508111 0.016204 -0.059323
-0.437204 -0.033951 0.000147
-0.486695 0.108816 -0.064810
-0.470570 0.027643 0.004565
-0.487062 -0.006495 -0.062600
-0.505176 0.024375 -0.000254
-0.525986 0.030580 -0.032444
-0.477211 0.115806 -0.049949
-0.527257 0.069034 0.007684
-0.432767 -0.052419 0.002334
-0.426237 -0.075133 -0.075527
-0.480768 -0.013832 -0.006567
-0.409100 -0.025897 0.002221
-0.412472 -0.041164 -0.090751
-0.459240 -0.001759 0.002162
-0.444846 -0.050375 -0.011840
-0.452152 -0.013664 -0.087637
-0.487397 0.087979 0.006044
-0.396846 -0.018544 -0.084594
-0.458554 0.066420 0.000108
-0.372578 -0.030342 -0.068982
-0.471331 -0.029558 -0.069729
-0.491966 -0.015076 -0.021966
-0.441613 -0.029877 0.006408
-0.493995 0.085313 -0.079296
-0.443679 0.050392 -0.001172
-0.459713 -0.044168 -0.023713
-0.410183 -0.019811 -0.082639
-0.448273 -0.068803 -0.026027
-0.450253 0.014169 -0.083536
-0.409558 0.023061 -0.056235
-0.481835 -0.025843 -0.059665
-0.389715 -0.034056 0.005083
-0.441178 0.007461 0.009655
-0.426272 -0.012049 -0.083954
-0.472121 -0.021619 -0.074888
-0.481478 0.013976 -0.000248
-0.420649 -0.070403 -0.077888
-0.390667 -0.020657 -0.082662
-0.456420 0.022633 -0.083301
-0.437977 0.048351 -0.065606
-0.452478 0.014119 0.004235
-0.497998 0.034653 -0.085009
-0.468667 -0.006950 -0.083827
-0.421919 0.046913 -0.021882
-0.406768 -0.060555 0.004757
-0.506050 0.065041 -0.088110
-0.490260 0.104537 -0.004614
-0.533388 0.056472 -0.076215
-0.463816 0.084299 -0.017624
-0.374200 -0.009149 -0.024732
-0.445971 -0.065328 -0.064929
-0.410892 -0.035271 0.003161
-0.448330 -0.006185 0.003333
-0.484174 0.105529 -0.062557
-0.465051 0.060990 0.005563
-0.531515 0.047958 -0.014068
-0.462646 -0.045291 -0.045490
-0.437860 0.057913 -0.024912
-0.395022 -0.026096 -0.079747
-0.383527 -0.008882 -0.011200
-0.449875 -0.052662 -0.072326
-0.401654 -0.004876 -0.081188
-0.397136 0.021809 -0.046260
-0.447475 -0.072950 -0.045178
-0.426420 -0.018289 -0.090360
-0.419145 0.029322 -0.016973
-0.460795 0.055260 -0.001157
-0.444886 0.075046 -0.022484
-0.436255 -0.062351 -0.068256
-0.493672 0.097500 -0.074949
-0.393929 0.014038 -0.023528
-0.507750 0.047386 -0.078494
-0.471259 -0.004804 -0.076431
-0.418497 -0.003934 -0.080981
-0.475473 0.083812 -0.079035
-0.399876 -0.025249 -0.081205
-0.399628 -0.028383 -0.088343
-0.440131 -0.045201 0.001900
-0.456179 -0.040189 -0.075607
-0.472570 -0.004385 -0.083000
-0.514554 0.010763 -0.023483
-0.517114 0.047470 -0.003033
-0.387932 -0.022180 -0.074414
-0.483750 0.039961 0.004657
-0.453189 0.068963 -0.005283
-0.426362 -0.042895 -0.082302
-0.508634 0.018408 -0.071475
-0.479986 -0.017377 -0.060053
-0.518369 0.082719 -0.084649
-0.527850 0.053722 -0.078314
-0.477953 -0.035481 -0.049380
-0.477216 0.021987 0.009271
-0.415624 -0.048303 -0.089956
-0.439033 0.072261 -0.036013
-0.440384 -0.072320 -0.042465
-0.493436 0.032449 0.001383
-0.419462 0.022109 -0.077782
-0.460760 0.087279 -0.012965
-0.405020 -0.042954 0.009038
-0.477759 0.106554 -0.050632
-0.499797 0.027318 0.003930
-0.464320 -0.052986 -0.043208
-0.462714 0.040665 -0.081749
-0.485453 0.020786 0.000527
-0.467292 0.059712 -0.084726
-0.462667 -0.032887 -0.065840
-0.422550 -0.052137 -0.081286
-0.465738 0.083684 -0.072575
-0.436107 -0.077555 -0.064677
-0.510647 0.028440 -0.067821
-0.440140 -0.041746 0.003237
-0.460795 0.045271 -0.086629
-0.508885 0.060177 0.010145
-0.419859 -0.003077 -0.081158
-0.493000 -0.000769 -0.071506
-0.434099 0.025425 -0.083821
-0.468530 0.001275 -0.086220
-0.440976 0.074313 -0.044328
-0.463557 -0.006527 -0.079280
-0.431832 -0.052104 -0.084368
-0.479241 0.002193 -0.075121
-0.463346 0.072784 -0.077593
-0.468112 0.082749 -0.066180
-0.485273 0.083833 -0.000300
-0.434578 0.057646 -0.036915
-0.487549 0.044234 -0.082624
-0.466786 0.104729 -0.031100
-0.398114 -0.037152 0.001667
-0.453148 0.018562 -0.089419
-0.468624 0.098319 -0.040815
-0.443887 0.024500 0.001507
-0.426784 0.036258 -0.074220
-0.440462 0.057780 -0.019911
-0.448603 -0.065600 -0.021065
-0.532699 0.066393 -0.073907
-0.381892 -0.007644 -0.052455
-0.522609 0.077136 -0.080745
-0.544184 0.056740 -0.054919
-0.414778 0.033679 -0.044833
-0.397102 -0.022655 0.004583
-0.471510 0.078049 -0.072044
-0.457046 0.089667 -0.022369
-0.510286 0.041056 -0.082171
-0.503477 0.003668 -0.033167
-0.509181 0.024986 -0.075382
-0.491722 0.047271 0.010693
-0.502251 0.004374 -0.051870
-0.465693 -0.008575 0.004830
-0.491646 0.099508 -0.003513
-0.446683 -0.055574 -0.008205
-0.476402 -0.035767 -0.053629
-0.396297 0.006511 -0.023088
-0.480794 -0.022685 -0.048735
-0.542148 0.043094 -0.024084
-0.392577 -0.047916 0.002082
-0.536293 0.034870 -0.027229
-0.386529 0.000730 -0.063876
-0.418191 -0.008570 -0.082069
-0.473392 0.044669 0.010556
-0.413298 0.031592 -0.015288
-0.472947 0.098258 -0.021427
-0.473499 -0.010107 -0.080214
-0.442917 0.037257 -0.083136
-0.477791 -0.002145 -0.005380
-0.439771 -0.021194 -0.089120
-0.391331 -0.022146 0.001987
-0.446851 -0.016164 -0.088448
-0.439691 0.043329 -0.070870
-0.493816 -0.006964 -0.048901
-0.497137 -0.001141 -0.025657
-0.517178 0.021426 -0.028202
-0.393504 0.008300 -0.045235
-0.400044 0.014622 -0.066115
-0.467454 0.067405 -0.082177
-0.498012 0.075949 -0.081876
-0.489504 0.099590 -0.004926
-0.481426 -0.023791 -0.016682
-0.471465 0.094850 -0.069108
-0.539329 0.063000 -0.000569
-0.398619 -0.017756 -0.085017
-0.428965 0.034219 -0.077085
-0.527793 0.057686 0.003376
-0.493914 0.022266 -0.075856
-0.452788 -0.059631 -0.019572
-0.520398 0.014591 -0.032168
-0.489788 0.009065 -0.071928
-0.484564 0.053392 0.005032
-0.430230 -0.011191 -0.084150
-0.444137 0.032381 -0.000559
-0.497303 -0.002656 -0.049239
-0.422851 0.029650 -0.075575
-0.402747 -0.027552 0.001074
-0.478283 0.039335 0.004863
-0.435850 0.038930 -0.070845
-0.503121 0.061848 -0.082167
-0.440781 -0.071793 -0.043105
-0.443453 0.033463 0.005539
-0.399855 -0.002082 -0.070444
-0.483738 0.030445 -0.081699
-0.455612 0.035134 0.002517
-0.434878 0.050113 -0.007971
-0.413811 0.042267 -0.038324
-0.399592 0.007364 -0.072275
-0.402542 0.028020 -0.047272
-0.391242 0.006866 -0.063129
-0.449871 0.059408 -0.067886
-0.429355 0.023098 -0.082684
-0.483254 -0.030468 -0.041485
-0.425137 -0.003379 -0.088746
-0.387977 -0.007914 -0.073654
-0.524950 0.049131 -0.069877
-0.416552 0.044323 -0.048594
-0.446223 0.077331 -0.023808
-0.434188 0.057485 -0.015820
-0.440148 0.032634 -0.002469
-0.449094 -0.059880 -0.014611
-0.382244 -0.015466 -0.017196
-0.398388 -0.017760 0.003590
-0.444775 -0.042584 -0.074228
-0.374653 -0.014013 -0.044239
-0.439518 0.024808 -0.079359
-0.407138 0.027168 -0.060948
-0.487148 0.051228 -0.082856
-0.462812 -0.046743 -0.062644
-0.496513 0.100925 -0.080182
-0.383633 -0.018382 -0.077335
-0.531800 0.028268 -0.031588
-0.506491 0.028781 -0.079136
-0.427885 -0.076645 -0.069348
-0.461531 -0.056425 -0.041321
-0.433223 -0.042361 -0.086762
-0.499125 0.069776 -0.088449
-0.420370 -0.058076 -0.086995
-0.433139 0.065347 -0.037731
-0.394869 -0.018525 -0.004850
-0.479955 -0.034090 -0.044785
-0.428004 0.047954 -0.029080
-0.447840 -0.039540 -0.073818
-0.426252 0.057124 -0.037956
-0.459198 -0.058587 -0.046962
-0.491706 -0.007273 -0.054006
-0.446096 0.071246 -0.042852
-0.436028 0.065155 -0.024069
-0.488506 0.106063 -0.007234
-0.451072 0.084090 -0.051921
-0.444949 -0.058964 -0.072116
-0.402315 -0.014224 -0.078382
-0.478023 0.107351 -0.026999
-0.416981 -0.043143 -0.090262
-0.471730 0.054989 0.002813
-0.491262 0.028740 0.000994
-0.528896 0.073879 -0.083474
-0.404227 0.027052 -0.024636
-0.384854 -0.030687 -0.084078
-0.406049 -0.060008 0.007313
-0.532514 0.041820 -0.053582
-0.439804 0.062740 -0.030810
-0.427439 0.055379 -0.025236
-0.384067 -0.017720 -0.077238
-0.469592 0.033030 0.004698
-0.481236 0.079863 -0.076422
-0.469165 0.087727 -0.004664
-0.440344 0.036785 0.003089
-0.496495 0.038532 -0.086352
-0.392310 0.000826 -0.059133
-0.426084 0.054003 -0.025846
-0.457503 -0.059682 -0.030583
-0.487715 -0.024487 -0.046476
-0.521433 0.033792 -0.071219
-0.433521 -0.067859 -0.006089
-0.487229 0.039757 0.010358
-0.525793 0.067733 0.007770
-0.522569 0.051139 0.003106
-0.449897 -0.002651 0.003566
-0.527247 0.022367 -0.043462
-0.487479 0.044411 -0.082642
-0.425136 -0.037904 0.002149
-0.467429 0.042141 -0.088408
-0.492037 0.104595 -0.076550
-0.379067 -0.007125 -0.018771
-0.422970 0.019053 -0.006051
-0.492385 -0.009100 -0.014509
-0.457453 0.072383 -0.013413
-0.505793 0.020994 -0.075501
-0.471676 0.073986 0.003977
-0.476837 0.108083 -0.035539
-0.374818 -0.007287 -0.027002
-0.464021 0.004356 -0.088010
-0.477647 0.003051 -0.083346
-0.491282 0.038792 -0.087608
-0.463010 0.039340 -0.088187
-0.418808 -0.022995 0.009298
-0.366367 -0.025480 -0.053165
-0.458920 -0.017345 -0.077604
-0.419977 0.037954 -0.028306
-0.424484 0.018051 -0.075256
-0.450785 0.059132 -0.009438
-0.456829 0.061082 -0.006040
-0.485406 0.087289 -0.001544
-0.419939 -0.017788 0.003029
-0.466792 -0.047880 -0.028341
-0.388061 -0.007265 -0.008074
-0.399406 -0.003965 -0.071368
-0.447721 0.011236 0.004025
-0.512513 0.051942 -0.084625
-0.428749 -0.036365 -0.089138
-0.488561 0.091334 0.005419
-0.508647 0.090005 -0.087522
-0.487041 0.101611 -0.007967
-0.492171 -0.012003 -0.061481
-0.383844 -0.004505 -0.031017
-0.524219 0.027770 -0.039045
-0.521170 0.025311 -0.030702
-0.481085 0.112730 -0.028352
-0.461986 0.078672 -0.004530
-0.494911 0.071084 0.011066
-0.394459 0.000575 -0.072934
-0.427496 0.053246 -0.057752
-0.377506 -0.019002 -0.072835
-0.399410 -0.010558 0.001438
-0.390341 0.011023 -0.026086
-0.525856 0.028296 -0.016766
-0.451853 0.087093 -0.045142
-0.503515 0.088477 0.004410
-0.529609 0.041202 -0.057910
-0.425995 -0.001911 0.002074
-0.454887 0.033224 0.008924
-0.491955 -0.005387 -0.068785
-0.457160 -0.011414 -0.080236
-0.484123 0.111023 -0.067310
-0.461726 0.052540 0.006771
-0.494105 -0.000074 -0.060230
-0.495695 0.057975 0.005229
-0.549559 0.049139 -0.032735
-0.537940 0.062514 -0.008211
-0.516727 0.052582 -0.083270
-0.440761 0.063404 -0.049031
-0.514535 0.085990 -0.087432
-0.472791 0.068400 -0.083921
-0.496216 0.077548 -0.081416
-0.531515 0.049867 -0.073731
-0.475893 0.043648 -0.082957
-0.511492 0.003662 -0.033839
-0.373576 -0.017595 -0.067461
-0.413111 0.004955 -0.075310
-0.462552 -0.004643 -0.080186
-0.436848 -0.017073 -0.089917
-0.507436 0.000818 -0.051700
-0.380348 -0.013753 -0.059849
-0.489251 0.046085 0.004753
-0.482224 0.086903 -0.003098
-0.494730 0.085355 0.002780
-0.462944 -0.048383 -0.060178
-0.463045 -0.051826 -0.027109
-0.438141 -0.080198 -0.057206
-0.439623 0.044523 -0.078165
-0.466933 -0.023638 -0.077517
-0.428481 0.055601 -0.023194
-0.468912 -0.022972 -0.003493
-0.408950 -0.024881 -0.083354
-0.502208 0.036754 -0.084104
-0.452914 0.058900 -0.078625
-0.449412 -0.039458 -0.080565
-0.500045 -0.001107 -0.038754
-0.445320 0.065857 -0.023073
-0.443284 0.009159 0.003713
-0.441636 -0.048758 -0.080758
-0.371877 -0.022474 -0.070242
-0.419563 0.046146 -0.025848
-0.445989 0.071611 -0.015554
-0.414249 0.009923 -0.073364
-0.462983 0.100971 -0.040135
-0.398976 -0.023893 -0.087040
-0.492617 0.029555 -0.078956
-0.383014 0.005491 -0.039243
-0.423354 0.053594 -0.036983
-0.443752 -0.006842 -0.083820
-0.433781 -0.082141 -0.043373
-0.525297 0.031983 -0.025986
-0.408956 -0.033654 0.002947
-0.490239 0.011623 0.001879
-0.431213 -0.006887 -0.089930
-0.439495 -0.046493 -0.082863
-0.432782 -0.049807 -0.003640
-0.384425 -0.034196 -0.085201
-0.532748 0.055523 -0.067758
-0.485404 -0.016988 -0.049182
-0.499166 -0.010536 -0.031637
-0.487496 0.008392 -0.005699
-0.444526 0.025727 -0.087074
-0.523533 0.046655 -0.077497
-0.393273 -0.017663 -0.082648
-0.513961 0.080186 0.011716
-0.420939 0.021818 -0.070772
-0.494576 -0.006268 -0.048258
-0.526206 0.030570 -0.043608
-0.470523 0.049491 0.009677
-0.367684 -0.026666 -0.025388
-0.399600 0.024773 -0.034212
-0.503142 0.062696 -0.082215
-0.436196 0.059678 -0.038882
-0.421586 0.024220 -0.077961
-0.465128 0.024185 0.010549
-0.506024 0.071931 -0.088381
-0.376973 -0.002457 -0.047654
-0.398385 -0.019936 -0.085667
-0.463273 0.044925 0.002589
-0.369257 -0.022283 -0.030399
-0.425306 -0.072521 -0.011481
-0.475756 -0.029285 -0.033166
-0.488191 0.081579 0.008098
-0.533652 0.044126 -0.055136
-0.381237 -0.014849 -0.072981
-0.443174 -0.015521 -0.089234
-0.379082 -0.035479 -0.083357
-0.482839 0.061877 0.010283
-0.478338 0.013229 0.000638
-0.364642 -0.020194 -0.025707
-0.517253 0.013748 -0.023876
-0.535868 0.059071 -0.008966
-0.455822 0.090905 -0.028733
-0.450194 0.001416 -0.089717
-0.515694 0.043378 -0.080468
-0.537641 0.044033 -0.042169
-0.438613 -0.068376 -0.059025
-0.478546 0.112459 -0.059096
-0.498365 0.056145 0.004902
-0.425006 0.000570 -0.087972
-0.466962 0.026882 -0.089375
-0.437785 0.008018 -0.088996
-0.414215 0.014636 -0.078571
-0.398460 0.017974 -0.059448
-0.451136 0.076719 -0.032199
-0.411032 -0.048234 0.008710
-0.400996 -0.052536 -0.091071
-0.434252 -0.038039 0.006369
-0.460818 0.097440 -0.046588
-0.524960 0.033437 -0.022542
-0.524855 0.060106 -0.075409
-0.545579 0.050192 -0.057899
-0.447503 0.044610 -0.075119
-0.462623 -0.014475 -0.083875
-0.508927 0.021963 -0.064296
-0.475051 0.016560 -0.087574
-0.487807 0.106646 -0.007157
-0.483634 0.031579 0.009752
-0.529998 0.029882 -0.021836
-0.417310 0.015197 -0.007798
-0.379590 -0.008267 -0.064927
-0.508596 0.026901 -0.009376
-0.448132 0.054177 -0.000258
-0.467373 0.067632 -0.002804
-0.505223 0.023095 -0.000973
-0.450684 0.076595 -0.034252
-0.433223 -0.082021 -0.027186
-0.468944 0.033504 -0.083228
-0.409689 0.029260 -0.017751
-0.473283 0.024453 -0.082773
-0.454135 -0.029642 0.001767
-0.420844 0.007127 -0.002035
-0.540330 0.047014 -0.038766
-0.386192 -0.013821 -0.014281
-0.492615 0.088353 0.007850
-0.452797 0.020322 -0.083203
-0.419731 0.012568 0.002405
-0.431704 -0.048016 -0.078967
-0.447954 -0.062031 -0.032258
-0.442860 0.064190 -0.052971
-0.464559 0.056304 0.000108
-0.500463 0.020064 -0.070610
-0.423213 -0.035568 -0.084037
-0.432421 0.009553 0.001501
-0.543289 0.041417 -0.034642
-0.489346 -0.008797 -0.022982
-0.479617 -0.033733 -0.048408
-0.477055 0.090068 -0.000218
-0.507972 0.034434 0.003052
-0.437118 -0.021065 0.008951
-0.432082 -0.040610 0.006318
-0.465173 0.103432 -0.042044
-0.485207 0.110128 -0.067869
-0.469160 0.031796 0.004684
-0.457611 0.060157 -0.073098
-0.422975 -0.066868 -0.006388
-0.457377 -0.045865 -0.010444
-0.446618 0.010352 -0.083593
-0.420771 -0.029452 -0.090566
-0.441703 -0.058380 -0.075381
-0.511824 0.032950 -0.077932
-0.429781 0.018399 -0.077748
-0.403184 -0.027716 -0.088983
-0.470904 0.025092 0.004368
-0.538191 0.057011 -0.063636
-0.433472 -0.081626 -0.055285
-0.457080 0.068612 -0.010697
-0.485096 -0.025588 -0.026757
-0.383851 -0.014039 -0.016659
-0.462274 -0.049791 -0.021539
-0.391235 0.005513 -0.035291
-0.468272 -0.032368 -0.021177
-0.546318 0.057825 -0.015248
-0.470616 -0.012347 0.001139
-0.448961 0.066748 -0.059918
-0.543488 0.052501 -0.048057
-0.414678 0.039952 -0.054339
-0.421760 0.040631 -0.065475
-0.368063 -0.027543 -0.023252
-0.428560 0.026109 -0.073496
-0.507170 0.036180 0.004142
-0.432681 -0.036243 0.007176
-0.432993 0.053888 -0.028898
-0.477258 0.066515 0.001847
-0.440901 -0.015946 0.003022
-0.511516 0.024608 -0.004534
-0.479928 0.080063 -0.075752
-0.365134 -0.022103 -0.060747
-0.511107 0.021761 -0.006251
-0.533994 0.043331 -0.053113
-0.522417 0.025619 -0.039098
-0.418884 -0.015475 -0.089605
-0.451470 0.070902 -0.069678
-0.448563 0.050836 -0.080136
-0.451719 0.039326 0.006851
-0.440254 0.047855 -0.010644
-0.392087 -0.006589 -0.014285
-0.476431 0.031127 -0.082920
-0.531026 0.045752 -0.061214
-0.444334 -0.020624 -0.081997
-0.446801 -0.009667 0.003070
-0.392342 -0.042687 0.007512
-0.440210 -0.049072 0.000164
-0.495879 0.101397 -0.077458
-0.466988 -0.019839 -0.079449
-0.412440 0.031306 -0.039408
-0.492977 0.098579 -0.074117
-0.433498 0.065603 -0.035663
-0.381233 -0.009825 -0.068617
-0.463160 0.072097 -0.069782
-0.365884 -0.024840 -0.035497
-0.537100 0.041023 -0.059507
-0.431044 0.005256 0.001990
-0.475007 0.057198 0.009448
-0.445335 -0.018662 0.008002
-0.407983 0.025747 -0.043704
-0.449970 0.072121 -0.066993
-0.478694 0.051261 -0.082537
-0.465252 0.080674 -0.074233
-0.494044 0.025867 -0.077172
-0.371427 -0.017861 -0.044290
-0.489803 0.010054 -0.006250
-0.489707 0.036343 0.003292
-0.452880 -0.042084 -0.012666
-0.524247 0.075804 0.008133
-0.473831 0.106458 -0.059734
-0.415129 0.034180 -0.035426
-0.473297 0.052072 0.009840
-0.409761 -0.047959 0.002797
-0.415088 -0.045895 0.008559
-0.405707 -0.058433 0.008164
-0.475212 0.004130 -0.001245
-0.395211 0.011739 -0.017828
-0.382517 -0.016861 -0.075523
-0.417354 -0.068721 -0.004251
-0.460652 -0.045811 -0.051751
-0.433710 0.037072 -0.078527
-0.479269 -0.012509 -0.004445
-0.456494 0.071933 -0.073328
-0.505850 0.010614 -0.023035
-0.465457 0.061191 -0.001169
-0.514582 0.007412 -0.044737
-0.448304 -0.047265 -0.068503
-0.419536 0.047916 -0.030814
-0.428260 0.058375 -0.030747
-0.451465 -0.030021 -0.004274
-0.426662 0.016963 -0.076894
-0.451202 0.016252 0.010099
-0.494944 0.009228 -0.067888
-0.463684 0.004741 0.008741
-0.449775 -0.044499 -0.011721
-0.483533 0.035000 -0.082353
-0.414990 -0.059692 -0.088272
-0.450127 -0.027201 0.004418
-0.390059 0.004484 -0.038102
-0.472975 -0.025613 -0.060408
-0.436758 -0.050651 -0.006165
-0.449905 -0.043622 -0.069729
-0.530949 0.028445 -0.049909
-0.452296 -0.008163 0.008565
-0.457723 0.010881 0.010159
-0.444123 0.040660 -0.003746
-0.405823 0.032769 -0.040495
-0.492450 -0.018779 -0.046636
-0.465071 0.079523 -0.011563
-0.456522 -0.015167 0.005945
-0.525120 0.069921 0.008568
-0.440970 -0.044216 0.001914
-0.421222 0.021086 -0.079422
-0.440264 -0.068651 -0.013043
-0.377374 -0.008591 -0.019524
-0.506628 0.036668 -0.075189
-0.488591 0.067015 -0.087918
-0.441026 -0.028768 -0.087569
-0.472287 0.045695 0.004283
-0.491729 0.097547 -0.002540
-0.440488 0.038277 -0.074302
-0.385775 -0.000238 -0.017167
-0.386577 -0.012255 -0.066237
-0.441444 0.019794 -0.081331
-0.438507 0.014036 0.002207
-0.398970 -0.051969 -0.090929
-0.476724 0.054229 0.004034
-0.487829 0.018407 0.005578
-0.507610 0.077830 0.005671
-0.372033 -0.023144 -0.070995
-0.412101 -0.010819 0.000048
-0.494206 0.085298 0.009019
-0.494112 0.077918 -0.087158
-0.496073 0.040376 -0.086817
-0.383994 -0.003244 -0.065100
-0.445862 0.073481 -0.059861
-0.447190 0.002815 -0.083885
-0.473019 0.062582 -0.085669
-0.415884 0.001081 0.004666
-0.485401 -0.020543 -0.018538
-0.474921 0.114738 -0.032361
-0.449403 0.072143 -0.052543
-0.508501 0.011435 -0.027495
-0.503445 0.019536 -0.067784
-0.479610 -0.033136 -0.050428
-0.453538 -0.016077 -0.086731
-0.451140 -0.039501 -0.009329
-0.372187 -0.016202 -0.064002
-0.479798 -0.033862 -0.047066
-0.518707 0.051328 -0.082029
-0.483905 0.027284 -0.087370
-0.376350 -0.033945 -0.008713
-0.415941 -0.022553 -0.090089
-0.402034 0.028143 -0.042426
-0.440346 -0.071721 -0.065440
-0.530806 0.051110 -0.066272
-0.444483 0.069092 -0.033863
-0.464734 -0.052613 -0.039564
-0.546678 0.048570 -0.023824
-0.433186 -0.068004 -0.015212
-0.396933 0.010200 -0.028341
-0.440574 -0.073743 -0.019225
-0.479451 -0.004988 -0.008141
-0.496554 0.072254 0.005118
-0.384062 -0.002566 -0.041010
-0.436718 -0.021330 0.008969
-0.431104 0.011703 -0.080498
-0.456431 0.050566 -0.076929
-0.441819 -0.074744 -0.058955
-0.417818 0.031859 -0.010132
-0.417094 0.037151 -0.063190
-0.478304 0.054564 -0.082098
-0.403612 0.020108 -0.046232
-0.495415 0.018339 -0.080642
-0.501602 0.044681 -0.079858
-0.450382 -0.013067 0.001784
-0.538299 0.036863 -0.028318
-0.427836 0.036598 -0.004553
-0.520730 0.029922 -0.020330
-0.398379 0.003862 -0.073855
-0.469383 0.090008 -0.006102
-0.476743 0.052987 0.004193
-0.521797 0.078643 -0.087250
-0.515759 0.044075 -0.073358
-0.447344 0.071225 -0.048971
-0.518479 0.012751 -0.030344
-0.432297 0.033142 -0.071909
-0.472131 -0.041589 -0.028434
-0.379837 -0.015932 -0.019844
-0.437948 0.023384 0.006363
-0.464313 -0.030703 -0.005047
-0.474749 0.026974 0.004198
-0.546518 0.052814 -0.016455
-0.458298 0.086539 -0.061910
-0.501658 0.021865 0.000548
-0.388180 -0.005098 -0.020689
-0.461440 -0.040380 -0.070792
-0.536141 0.042058 -0.036807
-0.441615 0.030310 -0.084989
-0.476545 0.037176 0.010818
-0.463797 0.091097 -0.047950
-0.434821 0.054974 -0.052397
-0.410684 0.034559 -0.055711
-0.451788 0.038527 -0.079336
-0.489421 0.066318 0.004708
-0.504416 0.091450 -0.086687
-0.462853 0.051355 0.007440
-0.394762 -0.045114 0.008209
-0.395366 -0.027762 0.005349
-0.493487 0.072482 0.004685
-0.393486 -0.032782 -0.000501
-0.379984 -0.007997 -0.035168
-0.431181 -0.020078 0.009529
-0.442961 -0.069069 -0.044266
-0.405449 -0.006352 -0.083653
-0.513513 0.058473 0.008845
-0.428067 0.025076 0.001595
-0.448194 0.058694 -0.066906
-0.462414 0.050664 -0.079236
-0.375567 -0.026650 -0.067622
-0.423570 -0.005717 -0.088865
-0.429155 -0.015362 0.003661
-0.529249 0.025397 -0.046585
-0.407002 -0.008181 -0.002839
-0.451844 0.080766 -0.059511
-0.423801 -0.060406 -0.085021
-0.499715 0.080190 0.010905
-0.436937 0.029740 -0.076408
-0.384015 -0.016205 -0.005370
-0.423965 0.054040 -0.044453
-0.533472 0.031249 -0.027979
-0.455504 0.054609 0.003587
-0.372560 -0.030319 -0.069332
-0.510217 0.016033 -0.022596
-0.460343 -0.056277 -0.030464
-0.418946 -0.030234 0.009384
-0.452521 0.077253 -0.049253
-0.422713 -0.000610 -0.087702
-0.432133 -0.008729 -0.090111
-0.512347 0.011425 -0.060089
-0.548140 0.051144 -0.022118
-0.397588 0.013249 -0.035966
-0.469546 0.099499 -0.037757
-0.447502 -0.056317 -0.071725
-0.508427 0.084808 -0.081962
-0.502591 0.065803 -0.082411
-0.445438 -0.019117 -0.088284
-0.366102 -0.024602 -0.016690
-0.420223 -0.013012 -0.083334
-0.444133 -0.046149 -0.072687
-0.421885 -0.065233 -0.004981
-0.466421 0.047669 -0.087388
-0.468608 -0.008359 -0.003309
-0.438507 0.019328 -0.080642
-0.482369 0.053629 -0.082635
-0.452013 -0.002674 -0.083158
-0.494746 0.075912 -0.087552
-0.498754 0.011222 -0.065787
-0.457744 0.088657 -0.019297
-0.379533 -0.007307 -0.017819
-0.451496 -0.008448 -0.088663
-0.440056 0.070532 -0.025115
-0.501085 0.024192 -0.080097
-0.499816 0.085416 0.010308
-0.501707 0.002772 -0.049623
-0.501992 0.004436 -0.012078
-0.375320 -0.027690 -0.077174
-0.429018 0.000729 -0.082552
-0.495229 0.097233 -0.075802
-0.468611 -0.033905 -0.011445
-0.464429 0.102283 -0.044011
-0.455318 0.091789 -0.040832
-0.517057 0.075975 -0.087658
-0.452288 -0.038836 -0.001638
-0.482431 0.023347 0.002163
-0.393631 -0.047289 -0.084369
-0.478821 0.009404 -0.078157
-0.477644 -0.012385 -0.076365
-0.520583 0.071784 0.003794
-0.543538 0.050896 -0.040202
-0.428859 0.050893 -0.038022
-0.489663 -0.003222 -0.006348
-0.372418 -0.027698 -0.016947
-0.452938 0.077490 -0.027872
-0.411681 0.034351 -0.021584
-0.436711 -0.038570 0.005507
-0.395368 -0.014615 -0.082354
-0.471348 0.096313 -0.055510
-0.435709 0.031700 0.002795
-0.476588 0.107712 -0.041688
-0.548632 0.056110 -0.025630
-0.449012 -0.049343 -0.066056
-0.428556 -0.038436 -0.082601
-0.438783 0.018379 0.007739
-0.482418 0.016305 -0.078890
-0.468269 0.044324 0.009928
-0.460418 -0.025548 -0.072940
-0.475507 0.055474 -0.081500
-0.440759 -0.070446 -0.031836
-0.418850 0.046222 -0.051148
-0.423222 0.039026 -0.022922
-0.483787 -0.016341 -0.024623
-0.522525 0.022491 -0.058243
-0.504451 0.058682 -0.081655
-0.448087 0.003978 -0.083862
-0.417893 -0.040197 0.008870
-0.456891 0.078442 -0.020906
-0.529834 0.054022 -0.077258
-0.473638 0.035377 -0.089201
-0.431012 0.055091 -0.061155
-0.495209 0.036501 -0.079897
-0.487657 0.069783 0.003964
-0.453273 -0.008121 -0.088343
-0.426787 0.046297 -0.050514
-0.525901 0.031530 -0.048604
-0.433726 -0.003408 -0.089832
-0.520299 0.037190 -0.011949
-0.392773 0.004981 -0.027870
-0.467911 -0.001468 -0.085730
-0.415104 0.040403 -0.054456
-0.435502 0.067678 -0.033453
-0.512067 0.013184 -0.015427
-0.446192 -0.027607 -0.086234
-0.480526 -0.023066 -0.065167
-0.415359 0.033423 -0.048640
-0.408563 0.022614 -0.025113
-0.498737 0.006598 -0.006863
-0.393074 0.005045 -0.053630
-0.488867 -0.001309 -0.013606
-0.438482 -0.058692 -0.012566
-0.404967 0.029943 -0.029359
-0.462692 -0.041473 -0.025053
-0.479137 0.099431 -0.013897
-0.471697 0.045570 -0.088502
-0.436826 0.033283 -0.081993
-0.482655 0.102724 -0.012988
-0.422353 0.002228 0.006576
-0.422040 -0.042533 -0.083393
-0.400505 -0.015245 -0.003277
-0.500134 0.000590 -0.048766
-0.406097 0.009551 -0.076064
-0.429944 -0.074395 -0.017712
-0.458423 0.085408 -0.031957
-0.544498 0.047505 -0.055696
-0.375631 -0.019753 -0.060480
-0.475180 0.054133 -0.087840
-0.502310 -0.003203 -0.056229
-0.428145 0.006863 0.007236
-0.448128 0.048882 -0.080785
-0.550716 0.050701 -0.031843
-0.431360 0.046702 -0.059172
-0.437105 0.049489 -0.015223
-0.377684 -0.009360 -0.063520
-0.467525 -0.030060 -0.062866
-0.395388 -0.007591 -0.002242
-0.430486 0.034786 -0.009890
-0.438422 -0.046418 -0.076228
-0.495128 0.091092 -0.077971
-0.442723 -0.016253 -0.089221
-0.489036 0.105930 -0.075561
-0.507679 0.030237 -0.006484
-0.402110 0.012161 -0.070767
-0.500118 0.083548 0.004461
-0.519251 0.074688 0.004597
-0.517481 0.019746 -0.040245
-0.447614 0.070166 -0.052259
-0.454120 0.069573 -0.073044
-0.494294 0.002492 -0.016021
-0.384363 -0.025564 -0.081652
-0.398357 -0.049105 -0.090979
-0.540470 0.043461 -0.019745
-0.452376 -0.031176 -0.075199
-0.405594 -0.046461 0.009039
-0.444445 -0.071267 -0.059460
-0.524744 0.038622 -0.005485
-0.419000 0.032162 -0.070482
-0.463028 0.101053 -0.037549
-0.515959 0.021624 -0.066677
-0.503735 0.063028 -0.088214
-0.424830 -0.013147 0.003263
-0.386731 0.009522 -0.035204
-0.537512 0.038102 -0.053922
-0.444088 0.034200 -0.001201
-0.531156 0.037523 -0.064010
-0.527252 0.061491 -0.001885
-0.434455 -0.082821 -0.037963
-0.456608 0.041042 0.007930
-0.516476 0.023479 -0.022481
-0.488478 0.070864 -0.081184
-0.458736 -0.034939 -0.076865
-0.470743 -0.008276 -0.082412
-0.497141 0.097030 -0.083436
-0.478846 -0.003936 0.000665
-0.477409 0.012256 -0.086079
-0.455620 -0.042935 -0.074247
-0.381674 -0.022753 -0.003249
-0.417736 -0.042803 -0.084114
-0.431772 -0.022872 0.003246
-0.427940 0.031601 -0.069619
-0.443591 0.014940 0.003149
-0.456587 0.006407 -0.083369
-0.438292 0.066584 -0.056756
-0.431289 0.027385 -0.005041
-0.494468 0.102545 -0.075906
-0.534075 0.031108 -0.046257
-0.493739 0.017740 0.002820
-0.362271 -0.022445 -0.034832
-0.392271 -0.042267 0.001222
-0.499206 0.088614 -0.086183
-0.472997 0.084912 -0.077022
-0.466532 -0.016108 0.001526
-0.447888 -0.039378 -0.073872
-0.500928 0.035137 -0.077359
-0.511976 0.013387 -0.042866
-0.466541 0.033592 -0.089142
-0.494850 -0.006647 -0.033446
-0.445714 -0.073832 -0.031132
-0.463877 -0.008031 -0.085368
-0.510844 0.076140 -0.088222
-0.473034 0.041307 -0.088979
-0.469191 -0.010867 -0.082164
-0.462407 0.089487 -0.013179
-0.460967 0.005913 -0.088801
-0.483781 0.056767 0.010841
-0.408803 0.008537 -0.001957
-0.442486 -0.002746 -0.084005
-0.465173 0.087434 -0.057830
-0.429770 -0.017237 -0.090327
-0.406160 0.012081 -0.064836
-0.458262 0.083310 -0.051045
-0.387389 0.010459 -0.044651
-0.513968 0.059925 0.002715
-0.477102 0.116460 -0.046736
-0.458180 0.094746 -0.032793
-0.496901 0.045893 0.003670
-0.435361 -0.021637 0.003005
-0.475723 0.116206 -0.036833
-0.378670 -0.032316 -0.081774
-0.448464 -0.062693 -0.041206
-0.511225 0.034641 0.001452
-0.464898 -0.038737 -0.055638
-0.466534 0.095914 -0.039256
-0.421634 0.038864 -0.025977
-0.458425 0.031672 -0.088600
-0.449082 -0.003514 0.003556
-0.512151 0.014317 -0.046401
-0.438036 -0.074321 -0.047805
-0.468031 0.023850 -0.083280
-0.482453 -0.020576 -0.030523
-0.435344 -0.082534 -0.059025
-0.401491 -0.055147 0.008792
-0.384011 -0.004990 -0.052131
-0.361815 -0.021846 -0.044885
-0.514548 0.030309 -0.012107
-0.461997 0.095070 -0.021349
-0.482523 -0.021915 -0.042322
-0.438319 0.060100 -0.050133
-0.378069 -0.008462 -0.062969
-0.440166 -0.080276 -0.030650
-0.367844 -0.026031 -0.069174
-0.521776 0.074333 0.004052
-0.445481 0.078573 -0.029051
-0.506312 -0.002510 -0.033871
-0.428769 0.043641 -0.019988
-0.462781 -0.035907 -0.062806
-0.400269 -0.032733 0.001429
-0.447715 0.026010 -0.081473
-0.542299 0.049360 -0.038481
-0.515599 0.057766 0.008115
-0.548706 0.054672 -0.017452
-0.396792 -0.029223 -0.000312
-0.489558 0.055331 0.011202
-0.501663 0.066862 -0.088492
-0.436053 -0.021130 0.009069
-0.433006 -0.038168 0.006661
-0.469992 0.074765 -0.072876
-0.435617 0.068080 -0.035079
-0.511320 0.088684 -0.087532
-0.452772 0.037811 0.001075
-0.479689 0.055554 0.010457
-0.468163 -0.047751 -0.047386
-0.480150 -0.008529 -0.011176
-0.513912 0.033577 -0.009003
-0.487347 0.105840 -0.074458
-0.432986 -0.081196 -0.040683
-0.453761 -0.056847 -0.017415
-0.465661 0.052751 -0.079672
-0.377840 -0.036142 -0.004094
-0.446306 0.006278 0.010099
-0.472751 0.007982 -0.086494
-0.478967 -0.001762 -0.073345
-0.415451 0.030627 -0.011630
-0.458050 0.007713 0.009895
-0.414954 -0.035994 0.009252
-0.424827 0.041311 -0.023476
-0.458757 -0.039740 -0.006858
-0.475263 0.114540 -0.029670
-0.442595 -0.048649 -0.080230
-0.395552 0.003726 -0.009448
-0.422983 0.013754 -0.076468
-0.419010 -0.066679 -0.084952
-0.475174 -0.029082 -0.049810
-0.420954 -0.018304 -0.084081
-0.525412 0.074811 0.008966
-0.508203 0.019456 -0.005483
-0.508093 0.019299 -0.005505
-0.463255 -0.038603 -0.058894
-0.473668 0.047046 0.004346
-0.400943 0.009079 -0.072159
-0.481414 0.097267 -0.066933
-0.515154 0.007803 -0.042717
-0.430207 0.030046 -0.007137
-0.400172 -0.053020 -0.088859
-0.411827 -0.062003 -0.082282
-0.532080 0.037164 -0.037697
-0.390401 -0.035748 0.005714
-0.433208 0.052889 -0.026082
-0.455567 0.028093 -0.088696
-0.460278 -0.008436 0.000145
-0.434721 0.043885 -0.003792
-0.460619 -0.007119 -0.086665
-0.429171 0.040840 -0.016258
-0.516276 0.076045 0.005210
-0.481307 0.020413 0.008114
-0.406115 -0.038017 0.008968
-0.460965 0.051460 0.000184
-0.416831 -0.000397 -0.085972
-0.488669 -0.023153 -0.032288
-0.470872 -0.005365 -0.076398
-0.423647 0.035578 -0.061668
-0.401515 0.017818 -0.035192
-0.446687 0.081491 -0.040893
-0.429567 -0.012549 -0.084202
-0.503483 -0.003556 -0.026121
-0.432015 -0.047524 -0.079001
-0.465286 -0.034775 -0.071514
-0.422275 0.042544 -0.034284
-0.502298 -0.000879 -0.059906
-0.504942 0.019595 -0.002843
-0.434761 0.049935 -0.060105
-0.469512 0.023685 -0.089182
-0.459678 -0.058663 -0.040179
-0.546884 0.049914 -0.054893
-0.536646 0.035036 -0.049138
-0.455446 -0.010993 0.000937
-0.410997 -0.027666 -0.090135
-0.470962 0.047446 0.003874
-0.439904 -0.065357 -0.020742
-0.504270 0.094540 -0.085368
-0.442510 0.027749 -0.079480
-0.485314 0.031809 -0.081576
-0.479559 0.001649 -0.074678
-0.443443 -0.047605 -0.008813
-0.458445 0.007132 0.009798
-0.443517 0.050931 -0.009959
-0.481832 0.054784 0.004734
-0.526025 0.025560 -0.056363
-0.389468 -0.016131 -0.001641
-0.508192 0.088476 -0.087634
-0.410567 -0.052325 -0.084202
-0.433592 0.014650 -0.080441
-0.453003 0.079486 -0.042744
-0.511263 0.070790 -0.087948
-0.472527 0.079582 0.002120
-0.482707 -0.027924 -0.054193
-0.417856 0.045910 -0.030855
-0.462626 -0.050616 -0.057212
-0.446307 -0.060847 -0.025126
-0.511199 0.008452 -0.020578
-0.514561 0.017271 -0.046634
-0.480792 0.027900 -0.081929
-0.511879 0.013165 -0.041798
-0.455063 0.004259 0.003774
-0.458342 0.064792 0.000770
-0.434081 -0.004990 0.003671
-0.384181 0.004254 -0.053535
-0.426817 -0.054843 -0.078749
-0.481052 0.010129 -0.001480
-0.497388 0.064487 -0.088587
-0.466838 0.082466 -0.012193
-0.451685 -0.063817 -0.057266
-0.447660 0.076550 -0.019462
-0.476153 -0.038431 -0.046008
-0.472853 -0.037173 -0.021295
-0.446816 -0.056004 -0.062059
-0.384134 -0.003807 -0.032049
-0.549592 0.053522 -0.020885
-0.487891 0.031696 -0.087213
-0.516934 0.010964 -0.030180
-0.426253 0.045290 -0.066135
-0.401948 -0.037360 0.002392
-0.451621 0.049581 -0.082155
-0.487233 -0.016313 -0.037410
-0.473157 0.070426 -0.076545
-0.443672 -0.041344 0.001844
-0.470064 -0.042361 -0.024612
-0.475117 0.112658 -0.024822
-0.451995 0.068542 -0.072008
-0.517157 0.021532 -0.065117
-0.419183 0.037092 -0.028530
-0.540397 0.049964 -0.065203
-0.406114 -0.055268 0.008465
-0.395873 -0.019133 -0.077388
-0.398123 -0.000753 -0.076770
-0.398300 0.005401 -0.072645
-0.535883 0.054159 -0.013001
-0.368353 -0.026889 -0.065004
-0.470453 0.102566 -0.017136
-0.410905 0.031827 -0.060628
-0.484868 0.074958 -0.079380
-0.477020 0.049607 0.010613
-0.405004 -0.022723 0.007019
-0.432212 -0.073299 -0.019423
-0.461137 -0.048353 -0.017612
-0.479599 0.093716 -0.067988
-0.437404 -0.027994 0.001570
-0.433821 -0.044434 -0.086004
-0.442244 -0.063020 -0.071516
-0.539160 0.057388 -0.003993
-0.441851 0.060749 -0.068748
-0.447120 0.057215 -0.075838
-0.479551 0.096534 -0.002112
-0.447117 0.041755 0.004385
-0.478638 -0.023584 -0.052950
-0.454412 -0.045455 -0.063470
-0.531037 0.029195 -0.025755
-0.453406 0.061516 -0.069326
-0.474464 0.086921 -0.068599
-0.493569 0.001866 -0.072922
-0.499360 -0.009764 -0.029745
-0.500670 0.011447 -0.073477
-0.464171 -0.046285 -0.061068
-0.460123 0.004859 -0.082682
-0.488530 0.105942 -0.002553
-0.511384 0.052871 -0.085217
-0.454515 -0.009691 0.007833
-0.418658 0.038428 -0.043932
-0.513929 0.006481 -0.043906
-0.479430 -0.020005 -0.057433
-0.470665 -0.021573 -0.076034
-0.538437 0.048631 -0.066246
-0.529796 0.032702 -0.060226
-0.387508 -0.019653 -0.080519
-0.459536 -0.039206 -0.007125
-0.451911 -0.032282 0.001716
-0.375965 -0.009662 -0.061194
-0.445260 -0.061052 -0.011390
-0.533277 0.038614 -0.040018
-0.431478 -0.045182 -0.079998
-0.426783 0.020601 -0.082522
-0.479508 0.114229 -0.036655
-0.512824 0.070151 0.004895
-0.423609 -0.072804 -0.010314
-0.408444 -0.040145 -0.084833
-0.479867 0.109841 -0.064185
-0.442029 -0.000123 -0.089978
-0.521110 0.025403 -0.047529
-0.369955 -0.016708 -0.061165
-0.545609 0.057468 -0.010033
-0.500311 0.004678 -0.022092
-0.427495 0.056392 -0.027480
-0.472494 -0.027426 -0.070309
-0.428647 -0.029035 0.008974
-0.450194 -0.063228 -0.061060
-0.455521 -0.053515 -0.015883
-0.439186 0.002840 -0.089711
-0.435717 0.029125 0.003752
-0.495934 0.027819 -0.083825
-0.462413 0.076896 -0.074560
-0.538634 0.038877 -0.052782
-0.457641 -0.046002 -0.022758
-0.489712 0.001912 -0.011713
-0.404948 -0.005016 0.001998
-0.494235 -0.012390 -0.021945
-0.549222 0.048390 -0.035531
-0.438247 0.051866 -0.016214
-0.497108 0.076959 0.010849
-0.468091 0.083139 -0.011493
-0.469336 0.046664 -0.088056
-0.447088 -0.064348 -0.040710
-0.430365 -0.074090 -0.074194
-0.421741 0.037253 -0.056492
-0.453167 0.027043 0.009447
-0.403159 0.019452 -0.015512
-0.392901 -0.006652 -0.013424
-0.508243 0.008597 -0.062834
-0.466035 0.096177 -0.061222
-0.497471 0.098618 -0.076255
-0.473822 0.033238 -0.089207
-0.434648 -0.067999 -0.007091
-0.399177 -0.007431 -0.000016
-0.416119 0.038763 -0.020096
-0.509090 0.051549 0.001896
-0.533980 0.041359 -0.048920
-0.453841 0.067632 -0.003872
-0.380209 -0.012807 -0.023347
-0.448768 0.009749 0.010148
-0.504196 0.006971 -0.052361
-0.465186 0.063399 -0.082724
-0.398973 0.011496 -0.068030
-0.413453 0.016205 -0.011591
-0.519678 0.026007 -0.024653
-0.442583 -0.033241 -0.085974
-0.482124 -0.001441 0.000057
-0.442623 -0.047017 -0.007893
-0.441020 0.028171 0.006144
-0.419396 -0.063627 0.003725
-0.369556 -0.022994 -0.027973
-0.496275 0.089310 0.002312
-0.523331 0.038540 -0.004359
-0.443660 0.035852 0.004890
-0.493498 0.103419 -0.078743
-0.505647 0.093283 -0.080513
-0.475470 -0.038496 -0.049251
-0.432667 0.026970 -0.004036
-0.435279 0.043375 -0.003076
-0.462009 0.009776 -0.089028
-0.470522 0.029421 -0.083285
-0.446057 0.078712 -0.027412
-0.422391 -0.012033 0.008910
-0.409650 -0.006366 0.004507
-0.444215 -0.012163 -0.083336
-0.414923 -0.035261 0.003277
-0.433037 -0.047488 0.004022
-0.500419 0.034330 -0.000562
-0.380886 -0.013470 -0.060336
-0.403205 -0.018824 -0.080373
-0.453790 0.055679 0.002305
-0.426618 -0.036607 -0.089495
-0.389343 0.008309 -0.023221
-0.466936 0.069116 0.003548
-0.447044 0.071490 -0.047045
-0.440912 -0.062808 -0.062488
-0.415708 -0.061132 -0.000833
-0.493676 -0.016960 -0.047984
-0.542890 0.047938 -0.017306
-0.495040 0.075263 -0.081572
-0.413348 0.031330 -0.047633
-0.479138 0.089962 -0.006766
-0.504833 0.009348 -0.010519
-0.392904 -0.016048 -0.007256
-0.467698 0.102078 -0.021539
-0.488129 0.013450 0.003657
-0.474849 0.065994 0.007676
-0.489338 -0.015658 -0.018182
-0.427000 -0.002967 0.002458
-0.442758 0.009949 0.009647
-0.477615 0.111819 -0.058463
-0.383623 -0.003783 -0.046841
-0.472527 0.034871 0.004765
-0.391827 -0.038984 0.006783
-0.469438 -0.025888 -0.074253
-0.408458 -0.001682 -0.075957
-0.517296 0.012767 -0.051861
-0.490117 0.044414 0.010556
-0.471313 0.078955 -0.005979
-0.389407 -0.015970 -0.009821
-0.431384 -0.044709 -0.080179
-0.524536 0.047416 -0.077259
-0.446151 0.069993 -0.029685
-0.382675 -0.006826 -0.052692
-0.478888 0.056312 -0.081941
-0.483824 -0.006614 -0.066165
-0.436658 -0.011684 -0.084136
-0.463454 -0.020620 0.001079
-0.513110 0.037562 -0.071687
-0.482331 0.090451 -0.079590
-0.493599 -0.002031 -0.020402
-0.528810 0.052476 -0.007847
-0.496461 0.059562 -0.088607
-0.453851 0.076753 -0.066896
-0.478457 0.040423 -0.083081
-0.442333 -0.029618 -0.080484
-0.534237 0.035053 -0.021525
-0.532786 0.029442 -0.031581
-0.406500 -0.010526 0.004547
-0.442395 -0.055609 -0.004777
-0.504532 0.087915 0.004688
-0.440082 -0.025265 0.001544
-0.483786 0.058729 0.004642
-0.366060 -0.025302 -0.049503
-0.471349 -0.001006 0.005239
-0.455998 0.027077 -0.082785
-0.525738 0.049921 -0.069767
-0.435753 0.036563 -0.072241
-0.507604 0.017821 -0.006164
-0.526887 0.047556 -0.009767
-0.485927 -0.019193 -0.061981
-0.498869 0.001322 -0.053902
-0.422328 0.047511 -0.057180
-0.379908 -0.034745 -0.076186
-0.437142 -0.020950 -0.083475
-0.452409 -0.014036 0.001020
-0.527103 0.031651 -0.043641
-0.380799 -0.024849 -0.070939
-0.450769 0.084546 -0.027906
-0.487134 0.088089 -0.082698
-0.480731 0.094673 -0.008524
-0.504616 0.006164 -0.049308
-0.450857 0.062212 -0.011655
-0.412265 0.022166 -0.007839
-0.432983 -0.001031 -0.089532
-0.483022 0.089935 -0.072753
-0.433844 -0.005012 -0.083928
-0.492174 0.095591 -0.082045
-0.431299 -0.046235 -0.086391
-0.437286 0.017512 0.007522
-0.432358 0.050070 -0.022888
-0.514534 0.025663 -0.006301
-0.509950 0.040842 -0.002323
-0.405933 0.019776 -0.012341
-0.433585 0.050036 -0.069706
-0.460542 0.086976 -0.048660
-0.435431 0.045497 -0.013449
-0.426278 -0.024103 -0.084402
-0.457220 0.084335 -0.043882
-0.467491 0.001933 0.000846
-0.462049 0.056207 -0.000934
-0.421992 0.050580 -0.049278
-0.459727 0.096473 -0.032074
-0.521078 0.036401 -0.004041
-0.484945 0.027147 0.002418
-0.499750 0.095097 0.001965
-0.462086 0.078915 -0.063356
-0.409500 -0.051027 -0.084473
-0.468861 0.055026 0.001987
-0.426713 0.046745 -0.030078
-0.394939 -0.039294 0.007532
-0.548435 0.052198 -0.055579
-0.442518 0.003966 -0.083802
-0.435661 -0.035063 0.006713
-0.462977 -0.038432 -0.059542
-0.522774 0.049995 -0.071920
-0.418455 0.017252 -0.071884
-0.450859 -0.045981 -0.076092
-0.432319 0.033688 0.000115
-0.422955 -0.061789 -0.004001
-0.485117 0.070549 0.009505
-0.480098 0.044077 0.010959
-0.457252 -0.041366 -0.006772
-0.538093 0.035591 -0.044713
-0.458519 0.095696 -0.039262
-0.492387 0.071295 -0.087855
-0.429546 -0.053807 -0.077818
-0.490347 0.012129 -0.005447
-0.447661 -0.072259 -0.047819
-0.463574 0.012802 -0.083017
-0.408642 -0.056358 -0.090170
-0.409884 0.006846 -0.080054
-0.382518 -0.009149 -0.012072
-0.371571 -0.029463 -0.070640
-0.424262 -0.029404 -0.090386
-0.458731 0.095627 -0.043051
-0.513456 0.055127 0.008038
-0.490630 -0.005170 -0.008738
-0.383041 -0.003908 -0.043370
-0.403932 0.018670 -0.028426
-0.383029 -0.011438 -0.020581
-0.420522 0.003703 0.005615
-0.447665 -0.042247 -0.080269
-0.467681 0.051118 0.002522
-0.490341 -0.011346 -0.014347
-0.494598 0.021302 -0.003259
-0.441134 -0.037198 -0.078572
-0.508009 0.004201 -0.021365
-0.459752 0.004380 -0.082687
-0.449337 -0.069366 -0.050976
-0.418350 -0.049171 0.007616
-0.533457 0.037959 -0.061261
-0.472739 0.020689 0.009759
-0.396646 -0.028753 -0.081191
-0.517040 0.069438 0.010274
-0.427284 0.029039 -0.008701
-0.482831 0.001577 0.001135
-0.436776 -0.017672 -0.083844
-0.494697 -0.015954 -0.032131
-0.440211 0.018233 -0.087682
-0.459784 0.069799 -0.068680
-0.461234 0.098065 -0.045988
-0.488483 0.030256 0.008579
-0.418966 -0.010313 -0.088831
-0.450898 -0.019032 -0.080359
-0.440770 -0.052423 -0.001843
-0.439173 -0.069207 -0.025054
-0.465535 -0.017208 0.001540
-0.455206 -0.048989 -0.010971
-0.488063 -0.020120 -0.056759
-0.486130 0.103935 -0.065984
-0.433704 0.056140 -0.045015
-0.413577 -0.032021 -0.090630
-0.439743 -0.062634 -0.074142
-0.443124 0.074686 -0.026200
-0.479366 0.114420 -0.040016
-0.452284 -0.067459 -0.042004
-0.471006 -0.042387 -0.027057
-0.362464 -0.022290 -0.049516
-0.478466 0.024738 -0.088093
-0.496606 0.067579 -0.082479
-0.476245 -0.018875 -0.006424
-0.505724 0.007674 -0.013241
-0.378456 -0.018081 -0.008800
-0.468631 -0.022293 -0.002897
-0.506736 0.005218 -0.017597
-0.529735 0.034801 -0.033551
-0.368422 -0.026124 -0.057385
-0.475352 -0.009663 -0.071410
-0.527089 0.057616 -0.073073
-0.543837 0.061005 -0.066556
-0.510770 0.022587 -0.015187
-0.460013 0.026648 -0.089251
-0.446043 0.066242 -0.055923
-0.405699 -0.031114 0.002277
-0.468904 0.015164 0.009533
-0.445617 -0.061297 -0.056916
-0.475300 0.033398 -0.089126
-0.429731 0.048451 -0.025606
-0.417855 -0.029323 -0.090610
-0.426655 0.043259 -0.056147
-0.449251 -0.050818 -0.074227
-0.468848 0.057828 0.001269
-0.422171 0.029481 -0.013630
-0.482637 0.092971 0.001798
-0.461035 0.067016 0.001321
-0.445433 0.061716 -0.017384
-0.479243 -0.035245 -0.038463
-0.454039 0.089503 -0.031415
-0.500707 0.014850 -0.075590
-0.456170 -0.059550 -0.055004
-0.456772 0.092834 -0.031604
-0.473654 -0.041833 -0.037108
-0.469332 0.063641 -0.000309
-0.503583 0.075890 -0.088305
-0.498901 0.055159 0.004750
-0.460534 -0.051542 -0.059833
-0.423813 0.036321 -0.061050
-0.463164 -0.041167 -0.055080
-0.491181 0.077119 0.003524
-0.500015 0.084600 -0.087068
-0.477133 -0.035894 -0.051084
-0.451983 -0.036048 -0.000039
-0.498075 0.037839 0.001460
-0.447580 0.070548 -0.051331
-0.442906 -0.028705 -0.087020
-0.497313 -0.011866 -0.050355
-0.412647 0.035409 -0.058299
-0.432534 0.047724 -0.059610
-0.369917 -0.021913 -0.029389
-0.489583 0.071443 0.004115
-0.529141 0.073416 -0.084610
-0.403136 0.003875 -0.011850
-0.515955 0.055807 -0.084471
-0.501796 0.078740 -0.088012
-0.419376 0.016424 -0.073007
-0.446423 0.079197 -0.050314
-0.508124 0.031144 -0.071566
-0.434715 -0.023124 0.002892
-0.381009 -0.017910 -0.006689
-0.468027 0.096850 -0.031606
-0.538758 0.065452 -0.075623
-0.501630 0.003908 -0.052429
-0.445481 0.069818 -0.063925
-0.412079 0.030211 -0.046060
-0.443824 -0.065477 -0.053205
-0.472479 0.105876 -0.018370
-0.486176 0.032307 -0.087679
-0.514727 0.017219 -0.063659
-0.438184 0.000469 0.003743
-0.422776 -0.009166 0.002522
-0.377737 -0.010290 -0.043858
-0.525524 0.074797 0.005249
-0.492482 0.077891 0.009925
-0.432526 -0.033525 -0.088776
-0.527959 0.036749 -0.054318
-0.537028 0.034558 -0.045887
-0.533953 0.032043 -0.027377
-0.463689 0.007585 -0.082385
-0.484873 0.018130 0.006518
-0.424247 0.035620 -0.062393
-0.476666 0.112882 -0.054899
-0.477815 0.067237 0.008279
-0.482804 0.047476 0.005030
-0.482940 -0.005636 -0.067809
-0.403102 0.016370 -0.012391
-0.531742 0.062019 -0.072394
-0.473650 0.098256 -0.008470
-0.450162 0.075656 -0.045240
-0.419518 0.032256 -0.019795
-0.467909 -0.003594 -0.001078
-0.440267 0.007243 -0.083329
-0.484556 -0.018719 -0.046789
-0.453137 0.015953 -0.089587
-0.416434 -0.019335 0.002683
-0.363890 -0.017456 -0.044147
-0.425794 -0.028562 -0.084265
-0.400047 -0.008039 -0.074279
-0.478621 0.068961 0.008125
-0.395578 -0.011395 -0.007974
-0.458546 0.009443 -0.083359
-0.438654 -0.052328 -0.008335
-0.498764 0.023148 -0.073488
-0.452947 -0.065966 -0.033925
-0.441760 0.009387 0.003486
-0.480501 0.108891 -0.052472
-0.382692 -0.011569 -0.020937
-0.499647 0.030251 -0.001834
-0.473818 0.030198 -0.083116
-0.442215 0.065488 -0.030363
-0.414972 0.034288 -0.041449
-0.510326 0.079292 -0.082259
-0.391679 0.011586 -0.024009
-0.480075 -0.027705 -0.060059
-0.463560 -0.042583 -0.029515
-0.397617 -0.016549 0.002835
-0.498321 0.099428 -0.080986
-0.454260 -0.025056 -0.003484
-0.375452 -0.025383 -0.006279
-0.532586 0.065848 -0.080930
-0.537487 0.066477 -0.073757
-0.430395 0.037707 -0.003300
-0.484093 0.038751 0.004500
-0.503081 0.043215 0.001410
-0.472554 -0.028832 -0.056714
-0.437626 -0.082814 -0.029364
-0.506607 0.039077 -0.076175
-0.438622 -0.023645 0.002185
-0.396967 0.003658 -0.008056
-0.470773 0.096387 -0.022644
-0.482012 0.030472 0.003685
-0.462429 -0.037659 -0.061319
-0.531988 0.031143 -0.053352
-0.400691 0.024145 -0.052664
-0.433877 -0.055862 0.000355
-0.430015 -0.049241 -0.079285
-0.428297 -0.005116 0.002981
-0.445296 0.070484 -0.040981
-0.460589 -0.045805 -0.066788
-0.469283 0.029952 -0.089314
-0.455899 0.023506 -0.083176
-0.467120 -0.026002 -0.076008
-0.437160 0.029630 -0.076567
-0.430308 -0.014286 -0.084281
-0.423467 0.030648 -0.004202
-0.369794 -0.021553 -0.030596
-0.456008 0.090641 -0.027294
-0.438813 -0.059310 -0.068178
-0.397792 0.011143 -0.028122
-0.408551 -0.001070 -0.082950
-0.506573 0.007775 -0.047008
-0.441080 0.004036 0.009847
-0.412747 -0.016604 0.007763
-0.459176 0.072879 -0.074742
-0.433784 -0.038888 0.006288
-0.440580 -0.069950 -0.067049
-0.474578 -0.022447 -0.072214
-0.490164 0.013606 -0.074062
-0.488126 -0.024672 -0.040288
-0.393889 0.003266 -0.010730
-0.420494 0.015237 -0.074371
-0.472482 -0.002130 -0.002504
-0.546350 0.054027 -0.014667
-0.522733 0.039363 -0.003352
-0.438861 0.039508 -0.072617
-0.453938 0.089085 -0.047245
-0.477642 -0.028383 -0.016870
-0.538717 0.042522 -0.018015
-0.472863 0.065875 0.000426
-0.542698 0.044238 -0.053678
-0.529974 0.025977 -0.032159
-0.487303 0.096211 0.002943
-0.425527 0.039286 -0.059877
-0.481737 0.003933 0.002744
-0.405848 -0.016898 -0.000483
-0.449434 -0.061351 -0.037396
-0.447644 0.038213 -0.084615
-0.526763 0.035419 -0.054515
-0.453779 -0.004245 0.002792
-0.497436 0.002552 -0.020302
-0.425562 0.002029 0.001172
-0.419505 0.032597 -0.009049
-0.515615 0.027250 -0.006059
-0.508364 0.063593 0.010721
-0.415288 0.037357 -0.019516
-0.398061 -0.021271 0.004535
-0.451148 0.004957 0.010096
-0.429614 -0.040323 -0.088265
-0.448257 -0.054217 -0.072643
-0.417622 0.022312 -0.012337
-0.435692 -0.071030 -0.060226
-0.384391 -0.034040 -0.085133
-0.439826 0.030328 0.005080
-0.409367 0.036726 -0.035688
-0.401268 -0.006692 -0.006700
-0.496485 0.002950 -0.060375
-0.541964 0.040555 -0.046155
-0.439285 -0.054137 -0.079570
-0.490876 0.053249 -0.082750
-0.413516 -0.006046 0.005804
-0.484400 0.062936 -0.087901
-0.405005 0.004999 -0.069637
-0.449299 0.037795 -0.000197
-0.404488 -0.002129 -0.073838
-0.470328 0.084492 -0.001736
-0.456267 -0.001970 -0.082466
-0.453057 0.078072 -0.029007
-0.539589 0.047196 -0.046134
-0.430625 -0.008392 0.003540
-0.535481 0.046897 -0.008895
-0.379837 -0.004134 -0.021656
-0.449225 -0.044770 -0.002979
-0.476374 -0.000623 -0.075460
-0.487923 -0.007119 -0.060772
-0.424042 -0.030706 -0.084307
-0.503402 0.005821 -0.051982
-0.436113 -0.077431 -0.042081
-0.529562 0.067023 -0.000646
-0.430880 0.033167 -0.000503
-0.454101 0.047448 -0.077121
-0.390862 -0.042325 -0.089277
-0.389495 -0.008098 -0.015767
-0.449443 0.037869 0.019365
-0.433752 0.022519 0.055297
-0.437543 0.021065 0.065707
-0.485284 0.018292 0.022606
-0.421156 -0.012011 0.086236
-0.432251 0.016014 0.082379
-0.442884 0.025757 0.034067
-0.464143 0.028468 0.053933
-0.477791 0.007409 0.063375
-0.460800 0.030326 0.064136
-0.433106 0.010985 0.037805
-0.444103 0.025741 0.083756
-0.478207 0.010211 0.047181
-0.459578 0.043531 0.015849
-0.441071 0.018707 0.094248
-0.473410 -0.007769 0.058316
-0.441425 -0.013751 0.062333
-0.444761 -0.008236 0.045288
-0.441994 0.022229 0.097230
-0.444425 0.005418 0.010752
-0.474457 0.022613 0.048758
-0.470877 -0.005968 0.015066
-0.469998 -0.004362 0.029410
-0.444036 -0.015881 0.053239
-0.467888 -0.013156 0.057338
-0.438719 0.025854 0.074281
-0.432307 0.012579 0.059679
-0.431989 0.013062 0.042550
-0.475188 -0.000415 0.042320
-0.424804 0.014119 0.088954
-0.438604 -0.000698 0.042898
-0.426831 0.009885 0.061958
-0.470409 0.006274 0.087282
-0.447561 0.035931 0.028041
-0.470364 -0.010400 0.043858
-0.441768 -0.009863 0.041962
-0.439244 0.007473 0.020900
-0.424389 0.009248 0.072676
-0.453042 -0.019796 0.062340
-0.474093 -0.001909 0.031719
-0.458214 -0.016992 0.083564
-0.474784 0.013427 0.069783
-0.475814 0.029569 0.034915
-0.463946 0.042807 0.009015
-0.445888 0.003980 0.020666
-0.431206 0.014653 0.076066
-0.440684 0.020630 0.011754
-0.473412 0.008283 0.077275
-0.457635 -0.015334 0.046085
-0.439534 0.011476 0.017082
-0.426296 -0.010331 0.083261
-0.434761 0.018344 0.076839
-0.425790 0.000023 0.077954
-0.477620 0.007551 0.063984
-0.480490 0.007565 0.053420
-0.452396 0.034397 0.026915
-0.442065 0.030891 0.042783
-0.454997 0.024215 0.085884
-0.438906 -0.006706 0.040656
-0.468100 0.022893 0.060541
-0.444180 0.026095 0.024081
-0.434145 0.023394 0.065151
-0.456898 -0.019333 0.063596
-0.466259 -0.014101 0.087634
-0.447385 -0.009571 0.033762
-0.477814 0.016554 0.046871
-0.485296 0.011117 0.015384
-0.445029 -0.020391 0.065296
-0.456263 0.034458 0.053016
-0.466568 -0.008353 0.074962
-0.484083 0.006085 0.035699
-0.471632 0.008610 0.082213
-0.464951 0.003402 0.103603
-0.474899 0.037732 0.018981
-0.468652 0.009148 0.089755
-0.474069 0.034736 0.038261
-0.420319 -0.006350 0.083961
-0.485089 0.004158 0.022685
-0.462627 0.027668 0.057549
-0.450658 -0.005737 0.020680
-0.471889 -0.003585 0.053875
-0.446868 0.035475 0.026664
-0.435340 0.024478 0.064630
-0.485950 0.012343 0.014589
-0.483271 0.014450 0.029260
-0.429306 0.012675 0.081349
-0.470151 0.018028 0.064448
-0.456235 -0.019771 0.064901
-0.473239 -0.004608 0.073096
-0.473181 0.009107 0.064577
-0.449797 -0.019602 0.061119
-0.431585 0.011338 0.043402
-0.442352 0.020113 0.005456
-0.440285 0.018395 0.095003
-0.430859 0.002501 0.047834
-0.471913 -0.001778 0.012323
-0.454002 -0.018644 0.058065
-0.441663 0.028171 0.067555
-0.430551 0.019651 0.068886
-0.455904 -0.006597 0.017459
-0.461491 0.012295 0.101812
-0.432458 -0.021376 0.087508
-0.445580 -0.023091 0.073902
-0.465860 -0.003875 0.089266
-0.467448 0.022435 0.073378
-0.454578 -0.017912 0.074986
-0.425933 0.015388 0.088079
-0.449125 0.037795 0.010913
-0.441233 0.000720 0.024208
-0.465861 -0.002389 0.012723
-0.445723 0.027386 0.055091
-0.473566 -0.000800 0.015931
-0.434028 -0.017778 0.070039
-0.475156 -0.000542 0.069884
-0.455572 0.028575 0.072915
-0.450269 -0.025299 0.084752
-0.450029 -0.007745 0.026255
-0.454844 0.039583 0.029141
-0.487425 0.009093 0.023599
-0.476051 -0.005519 0.032614
-0.433951 0.017260 0.098552
-0.460468 -0.014332 0.095549
-0.464974 -0.003798 0.019022
-0.438804 -0.007923 0.053863
-0.436046 0.019090 0.079979
-0.484025 0.005090 0.010581
-0.489614 0.023741 0.020650
-0.482655 0.000690 0.016741
-0.474075 -0.006891 0.031574
-0.451622 -0.004204 0.015885
-0.463084 -0.006842 0.014687
-0.431362 0.007171 0.044156
-0.459151 -0.021350 0.095144
-0.486202 0.009144 0.030020
-0.442378 0.018432 0.096005
-0.438420 0.021794 0.065597
-0.458194 -0.001548 0.013800
-0.440234 0.028856 0.054172
-0.463791 0.017425 0.088864
-0.463055 -0.002750 0.014933
-0.422932 -0.002907 0.087953
-0.434269 0.016806 0.035705
-0.456047 0.031036 0.050293
-0.462950 0.019532 0.086442
-0.423521 0.006566 0.092632
-0.423841 0.003624 0.070438
-0.436286 0.022148 0.033881
-0.471603 0.025404 0.049853
-0.443600 0.012822 0.016988
-0.428048 -0.010023 0.078787
-0.470159 0.042576 0.010959
-0.439043 0.025299 0.025523
-0.451924 -0.021072 0.067096
-0.439101 0.010642 0.018853
-0.435647 0.013927 0.045390
-0.483373 0.009828 0.023526
-0.459488 0.018863 0.093231
-0.468167 -0.005396 0.030792
-0.472864 0.022070 0.063831
-0.456752 0.026083 0.079257
-0.439094 -0.016911 0.072761
-0.445665 0.011070 0.012579
-0.483286 0.009843 0.043452
-0.433676 0.014945 0.057249
-0.489790 0.018630 0.010695
-0.462666 0.025822 0.073550
-0.465078 -0.008142 0.086589
-0.449287 0.032222 0.015111
-0.445952 -0.000018 0.027005
-0.479845 0.009694 0.056197
-0.460420 0.012883 0.092043
-0.459007 0.043430 0.015436
-0.487207 0.035766 0.012522
-0.442834 0.024653 0.064851
-0.450209 0.025370 0.085511
-0.480928 0.034445 0.017092
-0.445307 -0.000367 0.017935
-0.444855 0.018222 0.005388
-0.430075 -0.021463 0.083624
-0.429486 -0.000435 0.053805
-0.489907 0.026802 0.017822
-0.482209 0.024479 0.028406
-0.449168 0.022549 0.094909
-0.483871 0.006294 0.037204
-0.467726 -0.009321 0.027781
-0.426657 0.011092 0.064206
-0.461775 -0.019168 0.096335
-0.443865 0.023712 0.019284
-0.437038 0.007822 0.026631
-0.446129 0.030883 0.061403
-0.440712 -0.015324 0.055542
-0.491531 0.017379 0.014403
-0.485601 0.003808 0.013910
-0.470074 -0.005377 0.059817
-0.469846 0.037683 0.023877
-0.457791 -0.014995 0.064789
-0.464630 -0.010764 0.077410
-0.423872 0.013284 0.093021
-0.429168 -0.019755 0.081572
-0.476057 -0.004871 0.052090
-0.429628 -0.008869 0.073716
-0.475714 -0.005365 0.026440
-0.464358 0.022403 0.067558
-0.435016 0.024211 0.059109
-0.484967 0.031518 0.024686
-0.477765 -0.003384 0.019161
-0.470657 -0.003531 0.064766
-0.475748 0.029973 0.034288
-0.473847 0.026407 0.044032
-0.480894 -0.000891 0.016433
-0.438483 0.026488 0.034420
-0.435282 -0.022470 0.079211
-0.431636 -0.011070 0.072595
-0.482073 0.000128 0.018312
-0.486222 0.027471 0.015192
-0.449652 0.025305 0.085929
-0.457497 -0.012802 0.036330
-0.428317 0.017502 0.094131
-0.425637 0.006029 0.082753
-0.428229 -0.015544 0.075589
-0.437537 0.015455 0.022306
-0.485142 0.005820 0.010361
-0.475142 0.033579 0.039156
-0.465287 -0.009774 0.053576
-0.462938 -0.017940 0.093714
-0.441357 0.019255 0.008941
-0.457107 -0.013322 0.055011
-0.449803 0.035020 0.045142
-0.443469 0.019537 0.016635
-0.440359 0.011075 0.014967
-0.428756 -0.011442 0.079091
-0.473419 0.004843 0.078540
-0.467034 0.008862 0.094111
-0.445719 -0.026608 0.087047
-0.423717 -0.008434 0.088016
-0.457105 0.014158 0.095503
-0.447717 -0.007688 0.028925
-0.457636 -0.016018 0.070979
-0.481738 0.021981 0.043719
-0.434848 0.023767 0.071581
-0.481914 0.028080 0.024977
-0.470543 0.004272 0.087914
-0.449565 -0.019236 0.059877
-0.458890 -0.018670 0.063390
-0.479976 0.014862 0.041010
-0.464498 0.006316 0.091451
-0.451554 -0.007876 0.036873
-0.466275 0.030435 0.058225
-0.452743 0.023587 0.089489
-0.467724 -0.006842 0.039604
-0.467688 0.020446 0.076505
-0.472217 0.002952 0.067513
-0.474588 0.009902 0.072885
-0.464131 0.045289 0.012412
-0.459544 0.009373 0.099337
-0.463116 0.042250 0.008798
-0.432541 0.016503 0.097941
-0.428264 -0.016234 0.087530
-0.448205 -0.009285 0.032114
-0.464293 -0.015581 0.096795
-0.450969 0.029144 0.072371
-0.426678 0.003035 0.075239
-0.449380 0.021231 0.085593
-0.443417 -0.019672 0.064169
-0.431761 0.020747 0.063743
-0.459048 -0.013672 0.039924
-0.431062 0.020087 0.066365
-0.469352 -0.006545 0.051188
-0.426748 -0.016132 0.079383
-0.462456 0.025519 0.074518
-0.436535 0.019849 0.100002
-0.443483 -0.015484 0.052770
-0.468776 -0.012659 0.065198
-0.460753 -0.017419 0.096682
-0.428595 0.013207 0.057816
-0.464736 0.026847 0.057221
-0.463382 -0.007750 0.100090
-0.428895 0.015134 0.059987
-0.477132 0.002893 0.064364
-0.462271 -0.009996 0.098330
-0.424573 0.011192 0.075657
-0.432822 0.001573 0.043121
-0.486464 0.009208 0.028818
-0.460755 0.018659 0.080737
-0.455291 -0.014821 0.043686
-0.455158 -0.015528 0.063407
-0.429667 0.013538 0.088953
-0.447494 0.030517 0.021690
-0.462686 0.022790 0.080252
-0.430389 -0.000688 0.051562
-0.466007 0.028842 0.062301
-0.470553 0.038350 0.021439
-0.442191 0.018159 0.101154
-0.480330 0.003968 0.051212
-0.443019 0.026338 0.040112
-0.433828 0.012113 0.051690
-0.475248 0.004635 0.055952
-0.442298 0.001981 0.031150
-0.443966 0.016930 0.014384
-0.468669 -0.002049 0.095251
-0.475721 0.008986 0.069914
-0.477695 -0.003872 0.025566
-0.469442 0.030324 0.043194
-0.441653 0.019489 0.024168
-0.480818 0.027858 0.038750
-0.433465 0.016555 0.065814
-0.453381 -0.014174 0.041840
-0.473916 0.026016 0.055421
-0.439246 0.020809 0.080209
-0.426849 0.000955 0.074247
-0.469668 -0.005063 0.033581
-0.429411 0.013238 0.094384
-0.427277 -0.008566 0.078896
-0.435265 0.018739 0.064147
-0.459388 0.039304 0.015243
-0.489196 0.017192 0.023341
-0.486549 0.035210 0.015971
-0.472091 -0.003778 0.048686
-0.469733 0.013058 0.071469
-0.489868 0.032134 0.012763
-0.470599 -0.003167 0.022998
-0.473000 0.002214 0.080107
-0.430645 0.007303 0.046501
-0.440129 0.007340 0.018717
-0.446668 0.005183 0.008929
-0.423448 0.009767 0.078731
-0.465884 0.003335 0.089608
-0.469893 0.045343 0.013169
-0.482314 0.001967 0.034815
-0.474419 0.006202 0.060336
-0.457824 -0.018006 0.095684
-0.437835 -0.017358 0.075278
-0.464829 -0.007316 0.089822
-0.478519 0.002603 0.028904
-0.477299 0.042129 0.016994
-0.453623 0.041477 0.004368
-0.478150 0.000687 0.057043
-0.457726 -0.015808 0.069821
-0.468224 -0.002219 0.014232
-0.450742 0.028190 0.075802
-0.440959 0.008037 0.015913
-0.422329 0.010635 0.089257
-0.471514 0.031758 0.048336
-0.460089 -0.013228 0.038557
-0.463191 0.029827 0.063192
-0.445290 0.018626 0.095447
-0.427372 -0.015197 0.087561
-0.463993 -0.004016 0.101291
-0.426237 0.000131 0.076401
-0.479912 0.003616 0.014027
-0.457082 0.020312 0.093416
-0.471789 0.003276 0.069375
-0.475354 0.024587 0.054928
-0.470465 0.024387 0.053699
-0.460966 -0.014033 0.042651
-0.437765 0.020489 0.076621
-0.475952 -0.004310 0.017538
-0.470295 -0.010325 0.042604
-0.473635 0.036360 0.023786
-0.433498 0.015662 0.060799
-0.463562 -0.006421 0.029290
-0.442586 0.012090 0.008018
-0.479317 0.005522 0.036720
-0.444405 0.012038 0.015182
-0.480084 -0.001783 0.023945
-0.453171 -0.023050 0.077336
-0.452313 -0.019195 0.078014
-0.471085 0.034141 0.032146
-0.432363 0.015838 0.089145
-0.467017 0.040246 0.016849
-0.454800 0.040227 0.025274
-0.427941 0.017407 0.088789
-0.427100 -0.011665 0.083025
-0.444494 0.032314 0.013672
-0.461160 0.026890 0.072771
-0.451284 -0.025895 0.089516
-0.451671 0.040227 0.005841
-0.468953 0.000410 0.094184
-0.447657 -0.020786 0.080991
-0.464850 0.005448 0.103095
-0.465903 -0.013898 0.052075
-0.439602 0.022702 0.065124
-0.465651 -0.006296 0.030953
-0.432660 0.003214 0.042239
-0.445149 0.028427 0.036386
-0.464408 0.038750 0.036726
-0.469175 0.001867 0.078860
-0.436638 0.024908 0.042096
-0.470280 0.043017 0.020536
-0.435786 0.019004 0.078840
-0.438222 0.021516 0.097943
-0.450937 0.023584 0.077296
-0.457091 -0.018146 0.058017
-0.461467 -0.013680 0.089671
-0.443686 0.023656 0.092110
-0.491917 0.016988 0.009852
-0.483345 0.028429 0.021266
-0.452432 0.035427 0.011107
-0.456988 -0.001089 0.012204
-0.441411 -0.003968 0.042167
-0.477720 0.017273 0.058587
-0.431645 0.014713 0.096894
-0.462049 0.029242 0.053850
-0.465095 0.011159 0.084769
-0.432309 0.014135 0.063560
-0.446976 -0.019350 0.075252
-0.440790 -0.008120 0.050908
-0.469567 -0.005259 0.034789
-0.439220 0.021491 0.018315
-0.472977 -0.000342 0.079397
-0.473742 0.036058 0.035738
-0.482961 0.009941 0.026034
-0.440841 0.025890 0.079396
-0.446802 -0.004901 0.024097
-0.436845 0.009621 0.026077
-0.467692 0.044864 0.015148
-0.457689 -0.004215 0.021834
-0.440619 -0.016179 0.069275
-0.439310 0.008194 0.020093
-0.452843 0.037218 0.038549
-0.466629 -0.009174 0.062799
-0.467153 -0.005921 0.031597
-0.473007 -0.007276 0.029002
-0.463979 0.046073 0.008773
-0.484356 0.030234 0.027788
-0.467828 0.038884 0.034423
-0.450382 0.021011 0.085859
-0.424477 -0.005891 0.084091
-0.429040 -0.002886 0.057110
-0.458900 -0.014600 0.065172
-0.459400 -0.004893 0.023093
-0.432984 0.022284 0.068420
-0.459811 0.022108 0.074459
-0.427022 0.008693 0.080935
-0.485051 0.015537 0.022740
-0.437051 0.024279 0.035481
-0.478866 0.022148 0.050576
-0.440624 0.017627 0.027059
-0.471238 0.018532 0.061382
-0.481226 0.006571 0.027545
-0.465960 -0.007296 0.037155
-0.456904 0.011533 0.100819
-0.441041 0.021559 0.099582
-0.437235 -0.011782 0.052915
-0.439952 -0.010251 0.056509
-0.489140 0.022558 0.022671
-0.461319 -0.014017 0.072865
-0.436436 -0.016718 0.075505
-0.463160 0.044674 0.014413
-0.441127 -0.020021 0.079436
-0.454053 -0.003601 0.023132
-0.439460 0.026367 0.073120
-0.442735 -0.002513 0.037219
-0.443502 0.024072 0.070590
-0.430136 0.013916 0.051347
-0.473290 0.006251 0.078578
-0.437979 0.019232 0.042619
-0.463660 0.010754 0.088561
-0.483456 0.003703 0.033312
-0.432276 0.021490 0.076598
-0.459214 -0.020153 0.074127
-0.440238 -0.015865 0.057402
-0.465717 0.016484 0.086832
-0.434604 0.021435 0.091893
-0.468569 -0.008381 0.024137
-0.422908 -0.001033 0.088279
-0.478134 -0.003319 0.021745
-0.441319 0.024729 0.047175
-0.466199 0.025686 0.068983
-0.468296 0.007256 0.092425
-0.446153 0.023163 0.078297
-0.482391 0.026267 0.037355
-0.473400 0.018600 0.067587
-0.470078 -0.006781 0.085763
-0.436890 0.025545 0.067113
-0.475333 -0.004210 0.014424
-0.463670 -0.009283 0.092054
-0.471467 0.028707 0.054718
-0.426913 -0.010031 0.081439
-0.446983 0.028805 0.072419
-0.446390 0.033089 0.048453
-0.454317 0.031640 0.063249
-0.463501 0.043053 0.021420
-0.467870 0.043911 0.018491
-0.465298 -0.009090 0.024031
-0.456778 0.040947 0.006247
-0.459700 -0.008550 0.036202
-0.477011 -0.002435 0.056045
-0.458188 0.026227 0.065386
-0.440695 0.023426 0.065133
-0.460681 -0.011179 0.048886
-0.470971 0.032325 0.036613
-0.427009 0.007720 0.059717
-0.455726 -0.010809 0.044178
-0.477353 0.042457 0.016118
-0.470160 0.002862 0.089644
-0.482035 0.038572 0.018322
-0.436933 0.018820 0.048217
-0.482841 0.038787 0.016590
-0.425673 0.014711 0.083230
-0.446163 0.029489 0.068544
-0.473987 -0.000981 0.019081
-0.471234 -0.008034 0.027952
-0.439910 -0.006938 0.039273
-0.467473 0.038006 0.037230
-0.425582 0.011283 0.094518
-0.477976 0.020674 0.054403
-0.450903 0.039453 0.009787
-0.460724 0.042025 0.024285
-0.455226 -0.016825 0.070117
-0.434787 0.019903 0.099517
-0.473915 0.037171 0.032943
-0.466554 0.035179 0.033473
-0.462888 0.031341 0.047226
-0.466699 -0.006992 0.079736
-0.485240 0.017351 0.036894
-0.463510 0.023439 0.077677
-0.479711 -0.001803 0.035170
-0.476507 0.006322 0.067872
-0.460466 -0.004777 0.022399
-0.467356 -0.012491 0.086821
-0.454556 -0.019653 0.062648
-0.472165 0.042199 0.011458
-0.435027 0.013346 0.047577
-0.436428 0.024123 0.078652
-0.443490 0.015874 0.016144
-0.445853 -0.004651 0.036007
-0.469341 0.017902 0.077327
-0.439560 0.005987 0.033237
-0.436380 0.018223 0.049912
-0.490096 0.016608 0.019730
-0.433715 0.018765 0.040959
-0.459079 -0.013589 0.039605
-0.466463 -0.014740 0.066202
-0.469161 -0.005856 0.038033
-0.424956 0.014460 0.091796
-0.450108 -0.010429 0.045205
-0.472212 -0.000982 0.013446
-0.429526 0.013129 0.083044
-0.427050 0.015580 0.074958
-0.443179 -0.004713 0.029528
-0.450295 0.018803 0.092532
-0.484262 0.010161 0.039696
-0.420119 0.000296 0.083527
-0.443471 -0.008273 0.047156
-0.438944 0.023046 0.021424
-0.467550 0.039491 0.032819
-0.457261 0.025304 0.068719
-0.425820 -0.000307 0.064321
-0.467208 0.032339 0.040825
-0.478061 0.010689 0.061935
-0.441145 0.018707 0.009672
-0.463228 0.017004 0.090622
-0.469628 0.044751 0.015238
-0.452247 -0.020973 0.088297
-0.425240 0.009630 0.069015
-0.466706 -0.006587 0.034600
-0.443397 0.018444 0.016510
-0.451216 0.038652 0.024174
-0.453956 0.033604 0.055892
-0.469332 0.004690 0.091358
-0.481208 0.017168 0.036371
-0.435601 -0.020682 0.086005
-0.426555 0.002261 0.061059
-0.451213 0.015237 0.101167
-0.462394 0.002064 0.100586
-0.471835 0.010771 0.079953
-0.466346 0.002519 0.101406
-0.479348 0.009013 0.042002
-0.446399 0.034654 0.034320
-0.462657 0.038796 0.037083
-0.432599 0.016357 0.078581
-0.421430 0.000115 0.090262
-0.449156 -0.002151 0.014851
-0.488497 0.014990 0.025284
-0.421400 0.006605 0.083508
-0.440506 -0.002965 0.042218
-0.463738 -0.017458 0.078663
-0.431425 -0.012725 0.075686
-0.442840 0.031083 0.048621
-0.475979 0.001384 0.045357
-0.467700 -0.006813 0.039284
-0.429768 -0.003164 0.055500
-0.444596 0.022706 0.014254
-0.470115 0.007890 0.086973
-0.472817 0.037046 0.034565
-0.446305 -0.011834 0.040538
-0.452426 -0.010892 0.032312
-0.441776 -0.003027 0.029025
-0.455193 -0.015576 0.063675
-0.477579 -0.003923 0.024808
-0.483379 0.013304 0.043822
-0.432306 0.020901 0.058368
-0.462039 0.017244 0.092284
-0.473288 -0.002703 0.035040
-0.445291 -0.023707 0.076079
-0.462710 0.020811 0.084317
-0.482387 0.011296 0.030777
-0.467302 -0.005022 0.026800
-0.433764 0.022220 0.052661
-0.433486 -0.007872 0.063959
-0.448805 -0.017879 0.069927
-0.429754 -0.016352 0.085031
-0.443552 0.026893 0.040742
-0.432842 0.012798 0.039075
-0.441758 0.006193 0.027347
-0.449687 0.023031 0.093146
-0.482004 0.020203 0.032453
-0.469436 -0.011661 0.071410
-0.448441 -0.004199 0.031299
-0.423646 0.005794 0.072237
-0.444718 0.022739 0.013743
-0.465926 -0.009015 0.076919
-0.472886 0.020014 0.055753
-0.473172 0.033123 0.043029
-0.472500 0.014187 0.063290
-0.430936 0.002095 0.060591
-0.483123 0.010972 0.044507
-0.439969 -0.003132 0.043547
-0.457211 0.027928 0.073730
-0.446031 0.034693 0.017196
-0.467051 -0.007294 0.040459
-0.430919 0.008961 0.045463
-0.451262 0.031832 0.041628
-0.450280 -0.006905 0.023911
-0.429281 0.009853 0.070639
-0.464531 0.016756 0.088652
-0.462269 0.036315 0.031165
-0.463199 0.005366 0.095718
-0.458520 -0.017760 0.057847
-0.445489 -0.007654 0.031861
-0.462617 -0.008003 0.099633
-0.443205 -0.006343 0.032610
-0.468748 -0.012511 0.071187
-0.476648 0.026531 0.049315
-0.428508 -0.008597 0.075972
-0.431004 0.014711 0.080335
-0.491705 0.015667 0.012306
-0.460673 0.039437 0.034817
-0.439460 0.012892 0.016552
-0.469354 0.034349 0.033457
-0.435883 0.007123 0.030393
-0.488194 0.028978 0.020322
-0.443022 0.024144 0.089892
-0.469173 0.031972 0.051021
-0.448366 -0.019361 0.060578
-0.468839 0.009389 0.089043
-0.443826 0.030856 0.055714
-0.489585 0.029113 0.011803
-0.449463 -0.006388 0.035106
-0.436886 0.018779 0.048390
-0.444472 0.026866 0.025512
-0.444168 0.027160 0.031215
-0.471142 -0.002051 0.017437
-0.459300 -0.010104 0.042409
-0.447491 0.021552 0.098869
-0.460361 0.034710 0.051366
-0.470025 -0.010691 0.044681
-0.433879 0.017462 0.080836
-0.438196 0.023821 0.085989
-0.434278 0.006719 0.048430
-0.426830 0.009813 0.086745
-0.473001 -0.008397 0.056772
-0.427958 0.011289 0.058331
-0.456079 -0.005712 0.027313
-0.470574 0.022928 0.066903
-0.478683 0.042278 0.015012
-0.434653 0.013947 0.050022
-0.432864 0.021976 0.062193
-0.447665 -0.025455 0.083222
-0.422169 -0.008777 0.088030
-0.444201 0.026166 0.058546
-0.480280 0.021091 0.036587
-0.440208 0.024938 0.018118
-0.439966 0.006030 0.020451
-0.460250 0.023058 0.071676
-0.468161 -0.004226 0.077942
-0.431712 0.017709 0.049791
-0.441781 0.027814 0.015631
-0.458048 0.023646 0.072582
-0.467158 -0.004670 0.082338
-0.434400 -0.013192 0.071193
-0.479636 0.003058 0.011422
-0.459871 0.033252 0.042292
-0.468803 0.003115 0.080252
-0.421588 -0.003966 0.078957
-0.444992 0.030908 0.058891
-0.481359 0.010989 0.035000
-0.467736 0.023420 0.060178
-0.479632 0.009254 0.056938
-0.441247 0.027191 0.072701
-0.419768 0.003160 0.086745
-0.428937 0.016456 0.063800
-0.438995 0.005773 0.034943
-0.450695 0.038602 0.021519
-0.479424 0.037510 0.013546
-0.429581 -0.022237 0.085997
-0.476473 0.023615 0.054045
-0.479674 0.010052 0.041378
-0.441307 0.029259 0.024869
-0.452070 0.036342 0.041967
-0.431242 0.005052 0.045280
-0.484457 0.026610 0.020569
-0.449420 -0.016643 0.065419
-0.455732 -0.002846 0.019512
-0.470936 0.002804 0.072508
-0.465290 -0.014132 0.051493
-0.434536 -0.003758 0.044905
-0.444608 0.027419 0.028070
-0.437957 -0.009126 0.046678
-0.471066 -0.007119 0.079759
-0.438392 0.026642 0.036281
-0.474506 0.023864 0.057755
-0.473606 0.044243 0.014777
-0.457767 -0.013851 0.058408
-0.446827 -0.005035 0.024338
-0.440835 0.027546 0.069286
-0.456649 0.036567 0.044986
-0.460281 0.023132 0.071460
-0.471510 -0.008700 0.071266
-0.421571 0.002425 0.078721
-0.442953 0.024628 0.065473
-0.484040 0.029986 0.028817
-0.455463 0.032980 0.041954
-0.459750 -0.021326 0.094973
-0.435544 0.023764 0.045314
-0.446044 -0.013289 0.044497
-0.454738 0.037232 0.040913
-0.447020 0.023112 0.078904
-0.465566 0.041314 0.012515
-0.479801 0.000644 0.047527
-0.459377 0.024793 0.079954
-0.470937 0.004262 0.072789
-0.465806 -0.015166 0.083899
-0.449161 -0.017491 0.068510
-0.450840 -0.016544 0.050491
-0.486877 0.006159 0.017931
-0.425690 -0.002102 0.078644
-0.466677 0.009265 0.083030
-0.423271 -0.009838 0.078687
-0.462446 -0.005958 0.026785
-0.421676 -0.006926 0.088398
-0.427656 0.017138 0.089434
-0.468180 -0.010159 0.089181
-0.468568 -0.000490 0.095596
-0.465188 0.025173 0.071548
-0.471681 0.002050 0.084760
-0.463206 -0.004598 0.012736
-0.472799 -0.006102 0.019625
-0.433862 0.017189 0.066610
-0.444101 0.029435 0.006001
-0.463517 -0.017667 0.079370
-0.453907 -0.009524 0.027291
-0.429303 0.018645 0.076646
-0.468365 0.042709 0.022375
-0.451971 0.021339 0.096380
-0.438891 0.025058 0.025806
-0.469142 -0.001997 0.076478
-0.471144 -0.004261 0.084085
-0.428817 0.012700 0.090650
-0.455317 0.013377 0.099874
-0.474620 0.043956 0.014817
-0.459870 0.013798 0.091479
-0.456715 -0.023220 0.088493
-0.436427 0.023039 0.086529
-0.485747 0.016461 0.035440
-0.443926 0.030306 0.009398
-0.440845 -0.013817 0.063193
-0.436833 0.018294 0.025954
-0.465878 0.002984 0.102408
-0.486969 0.007947 0.023573
-0.428631 -0.017351 0.077966
-0.435539 -0.007868 0.059801
-0.481677 -0.000120 0.013177
-0.464880 -0.015329 0.093100
-0.430478 -0.001071 0.063717
-0.482567 0.006238 0.043534
-0.441751 0.029977 0.053054
-0.463711 0.026279 0.059822
-0.422961 0.011827 0.090464
-0.487992 0.028299 0.021535
-0.456379 -0.021695 0.075854
-0.427041 0.009554 0.083804
-0.473658 -0.006051 0.066348
-0.474641 0.008432 0.073483
-0.462241 -0.002524 0.012700
-0.442209 0.029639 0.019147
-0.470343 -0.004292 0.087591
-0.453352 -0.009720 0.041093
-0.449043 0.032979 0.003926
-0.457751 -0.021798 0.081098
-0.471763 -0.009731 0.050241
-0.444065 0.026521 0.054806
-0.478565 0.043275 0.012739
-0.459159 0.039763 0.032994
-0.484304 0.037575 0.012738
-0.458174 -0.017295 0.093059
-0.440414 -0.017865 0.073903
-0.482806 0.027878 0.034363
-0.433256 -0.011578 0.059451
-0.464767 0.019683 0.083081
-0.470381 -0.001836 0.088927
-0.462418 0.032540 0.056630
-0.474583 0.030446 0.046265
-0.481629 0.025071 0.029235
-0.443547 0.021206 0.017436
-0.426218 0.008642 0.063496
-0.484344 0.016999 0.025870
-0.468163 0.039991 0.030945
-0.453063 -0.000494 0.011498
-0.468176 0.036923 0.039679
-0.441380 -0.020321 0.067603
-0.440268 -0.009537 0.043615
-0.474382 0.038929 0.016531
-0.471906 0.019408 0.069757
-0.430864 -0.014767 0.080234
-0.426820 -0.017682 0.081823
-0.453613 0.034464 0.031020
-0.456893 -0.015234 0.064348
-0.460049 -0.006274 0.013738
-0.480338 -0.001330 0.016327
-0.467827 0.024576 0.068688
-0.467876 0.029110 0.059210
-0.467286 -0.005931 0.031967
-0.426181 0.015360 0.083015
-0.429017 0.018131 0.073666
-0.440112 0.027134 0.024435
-0.464895 0.010646 0.097055
-0.462044 0.006375 0.097625
-0.464899 -0.010209 0.055584
-0.453124 0.000441 0.011423
-0.442568 0.016634 0.019253
-0.431381 0.016042 0.048314
-0.457294 -0.005338 0.012812
-0.434308 0.022066 0.086220
-0.455178 -0.014649 0.059374
-0.455105 -0.024272 0.089798
-0.436339 -0.004490 0.053041
-0.450501 -0.000483 0.020368
-0.453692 0.031795 0.045775
-0.481292 0.027145 0.038703
-0.432378 -0.005481 0.063155
-0.447138 -0.014053 0.045465
-0.440778 0.019095 0.092263
-0.424979 -0.012076 0.087926
-0.463422 -0.017766 0.086578
-0.457652 0.035504 0.032369
-0.432952 0.010939 0.038347
-0.460997 0.027709 0.058969
-0.488026 0.024643 0.012125
-0.443302 -0.026804 0.089116
-0.443519 0.025118 0.025051
-0.465449 -0.002202 0.012915
-0.466330 0.028657 0.062303
-0.474249 0.008521 0.061179
-0.442257 0.025548 0.041245
-0.431503 -0.019563 0.077536
-0.479915 0.008896 0.055911
-0.449102 -0.017598 0.054568
-0.436040 0.000173 0.047899
-0.475237 -0.004839 0.059582
-0.448074 -0.018481 0.057823
-0.451971 0.034871 0.006908
-0.430186 0.012392 0.072052
-0.443050 -0.027214 0.088793
-0.425174 -0.006714 0.070746
-0.449217 0.023587 0.091667
-0.458957 -0.019743 0.070266
-0.441210 0.023197 0.069723
-0.435520 0.019139 0.066702
-0.472717 0.000473 0.062573
-0.457973 -0.015497 0.046947
-0.458500 -0.016904 0.094958
-0.446489 0.021593 0.084684
-0.462474 -0.017821 0.069760
-0.448214 0.029973 0.009968
-0.465524 -0.010313 0.099998
-0.432370 0.020961 0.058133
-0.430493 0.018807 0.095967
-0.448081 -0.021319 0.067366
-0.464170 0.043125 0.009044
-0.443104 0.024383 0.067641
-0.483704 0.012968 0.026556
-0.472391 -0.009034 0.057937
-0.476946 0.005236 0.066159
-0.430916 0.020155 0.070051
-0.472542 -0.006192 0.019538
-0.470210 0.002729 0.075207
-0.473034 -0.000624 0.013196
-0.480215 0.037392 0.023567
-0.441843 -0.005656 0.033570
-0.447577 0.024343 0.074116
-0.474310 0.018582 0.065529
-0.447859 -0.003712 0.020038
-0.431438 0.020788 0.072770
-0.459285 0.029505 0.054920
-0.449331 -0.010983 0.035216
-0.430378 -0.014773 0.081123
-0.460099 -0.014967 0.074043
-0.441964 0.029287 0.019449
-0.448728 -0.005726 0.023138
-0.462572 -0.017615 0.068267
-0.450596 -0.025898 0.088277
-0.449748 -0.019007 0.074652
-0.467570 0.011451 0.078541
-0.463859 0.037817 0.039944
-0.468926 -0.006795 0.060235
-0.466109 -0.014530 0.086216
-0.454105 -0.024074 0.092953
-0.430205 0.011139 0.048684
-0.476841 0.041179 0.019852
-0.464667 0.023302 0.076224
-0.442567 -0.015478 0.053745
-0.449983 0.038610 0.007105
-0.432947 0.019895 0.097328
-0.463497 0.008042 0.103536
-0.469080 -0.007578 0.020764
-0.459664 0.032087 0.059879
-0.441998 0.014509 0.021354
-0.451674 0.039656 0.016706
-0.448801 -0.018869 0.058815
-0.444529 0.016018 0.012724
-0.443447 -0.013272 0.058896
-0.443536 0.023011 0.003302
-0.422346 0.010173 0.093288
-0.463761 -0.015438 0.055605
-0.442856 0.031640 0.040255
-0.481149 0.005043 0.018665
-0.472002 0.031022 0.038141
-0.429119 -0.009554 0.064662
-0.443140 -0.018061 0.072320
-0.439450 0.014865 0.015873
-0.480413 0.020044 0.037075
-0.426554 -0.004474 0.077194
-0.447084 0.002345 0.020860
-0.478643 0.022829 0.038986
-0.459134 -0.020384 0.075590
-0.443971 0.003872 0.013875
-0.463221 0.033423 0.040731
-0.477027 0.021087 0.044857
-0.479123 0.002902 0.014765
-0.466396 0.035007 0.046459
-0.438503 -0.018272 0.065225
-0.460579 -0.014849 0.077635
-0.463045 0.037486 0.026858
-0.462342 0.035367 0.048356
-0.450704 0.004054 0.011257
-0.482606 0.003876 0.010814
-0.433697 -0.005344 0.059972
-0.482147 0.028361 0.024092
-0.430789 -0.010337 0.073211
-0.420638 0.006173 0.086686
-0.458444 0.011212 0.103890
-0.421677 -0.005490 0.079460
-0.457074 0.026791 0.077042
-0.463632 -0.011031 0.086058
-0.452956 0.033729 0.054994
-0.463742 -0.014493 0.049324
-0.480012 0.020213 0.038038
-0.470089 0.019950 0.061786
-0.471844 -0.009420 0.044605
-0.457781 -0.002714 0.017390
-0.421935 0.006208 0.080275
-0.479908 0.002388 0.050907
-0.463011 -0.000140 0.099965
-0.460293 0.037354 0.042453
-0.471461 -0.010043 0.051968
-0.468498 0.010708 0.088531
-0.450069 0.029622 0.051901
-0.451075 0.021563 0.083789
-0.474982 0.000422 0.071592
-0.479706 0.039784 0.012634
-0.445190 0.027039 0.020422
-0.436867 0.017756 0.045430
-0.470896 0.000649 0.071362
-0.448280 0.024311 0.074547
-0.484116 0.008175 0.038644
-0.456728 -0.011911 0.048628
-0.470981 0.016359 0.075939
-0.474482 0.005616 0.074856
-0.452356 0.035351 0.011657
-0.466599 0.014195 0.077444
-0.448524 -0.017380 0.054146
-0.451074 0.026554 0.066530
-0.483721 0.010874 0.023768
-0.438894 0.017827 0.034930
-0.434881 0.008301 0.046165
-0.461486 -0.012234 0.097248
-0.448998 -0.017247 0.053497
-0.483678 0.030793 0.017447
-0.441369 0.028795 0.021914
-0.453034 0.025230 0.084506
-0.431623 0.007601 0.043190
-0.433659 -0.008764 0.054048
-0.444772 0.026486 0.021268
-0.474080 0.011216 0.060931
-0.458128 0.010517 0.103608
-0.468966 -0.006478 0.043480
-0.442937 -0.025512 0.082743
-0.440199 -0.003478 0.043639
-0.477081 -0.004318 0.025217
-0.486109 0.009597 0.031086
-0.451147 -0.009909 0.030656
-0.446682 -0.023581 0.090968
-0.474960 0.026677 0.041483
-0.441737 0.022105 0.097640
-0.486847 0.025182 0.027439
-0.460828 -0.005106 0.023466
-0.487166 0.033609 0.012432
-0.463748 -0.001159 0.097865
-0.444374 -0.012018 0.043236
-0.459721 0.040055 0.032055
-0.491927 0.027880 0.011379
-0.450728 -0.018196 0.056074
-0.472357 -0.008799 0.061842
-0.445733 0.028667 0.071999
-0.456960 0.032716 0.043945
-0.442318 0.014987 0.006865
-0.428663 0.018064 0.079670
-0.470483 0.031419 0.050522
-0.464345 0.018050 0.075912
-0.468108 -0.002248 0.080913
-0.482722 0.039598 0.015205
-0.453170 -0.009675 0.041048
-0.476170 -0.002492 0.061201
-0.456412 -0.005778 0.027304
-0.434585 0.017941 0.081823
-0.481406 0.033009 0.029564
-0.465277 0.039951 0.032491
-0.449231 0.031129 0.004544
-0.426320 -0.008526 0.069778
-0.464670 0.030986 0.046811
-0.426034 0.012708 0.070829
-0.443962 0.025558 0.062235
-0.456125 0.029269 0.070478
-0.443971 0.017903 0.014339
-0.466889 -0.007192 0.039079
-0.463201 0.003505 0.103131
-0.422923 0.007342 0.077045
-0.481462 0.011139 0.034683
-0.439149 0.028001 0.039902
-0.449962 -0.019710 0.061497
-0.452300 -0.011084 0.032956
-0.450093 0.025855 0.068998
-0.431732 0.020717 0.063831
-0.467982 -0.006214 0.096157
-0.462123 -0.014159 0.044551
-0.440393 0.015323 0.012698
-0.489773 0.011584 0.015846
-0.464213 -0.016935 0.075019
-0.448976 0.026787 0.080924
-0.475350 0.039793 0.013320
-0.476746 -0.004817 0.043241
-0.446111 0.022880 0.094996
-0.464509 0.026541 0.058224
-0.474127 -0.004363 0.068582
-0.491449 0.019185 0.015422
-0.478270 0.008799 0.061662
-0.478386 0.002909 0.032955
-0.472063 -0.008550 0.035680
-0.447034 0.028878 0.014275
-0.478175 0.004258 0.040263
-0.462106 0.021372 0.073054
-0.424259 0.011434 0.094181
-0.476302 -0.005048 0.047536
-0.453700 -0.020088 0.086856
-0.483583 0.005214 0.036656
-0.468822 0.026647 0.063012
-0.433756 0.017463 0.076946
-0.445865 0.034073 0.037014
-0.473447 -0.004773 0.013051
-0.471683 0.037313 0.035193
-0.475098 -0.004704 0.061169
-0.447009 0.030124 0.033922
-0.462667 0.014181 0.085614
-0.434256 -0.014752 0.063548
-0.456087 -0.016199 0.068236
-0.458863 0.040092 0.008564
-0.419096 0.002528 0.090258
-0.459772 -0.020485 0.079913
-0.425881 -0.006034 0.068270
-0.459865 0.011319 0.095685
-0.458093 -0.017362 0.090148
-0.470773 0.025437 0.062107
-0.442991 0.031694 0.041400
-0.459247 0.027665 0.072736
-0.439894 0.025189 0.081532
-0.443190 -0.021984 0.084897
-0.445450 -0.018589 0.072836
-0.473421 0.003904 0.078653
-0.477181 0.019646 0.045999
-0.436313 0.019136 0.028896
-0.488694 0.019308 0.025128
-0.444471 0.012451 0.014697
-0.482033 0.003257 0.040977
-0.443899 -0.003246 0.036444
-0.480079 0.019376 0.050490
-0.472439 0.024786 0.049411
-0.467698 0.007411 0.093858
-0.429690 0.017360 0.061878
-0.468986 -0.011382 0.045178
-0.479441 0.037101 0.014387
-0.449788 0.024496 0.088508
-0.487035 0.010767 0.028191
-0.468307 -0.002502 0.096510
-0.481888 0.006469 0.021908
-0.451537 0.040025 0.008927
-0.486336 0.012707 0.013226
-0.485912 0.004436 0.016302
-0.463678 -0.017267 0.090628
-0.460357 -0.009052 0.022773
-0.425019 -0.005643 0.082353
-0.447086 0.035220 0.033087
-0.457714 0.027455 0.062085
-0.480639 0.004330 0.015926
-0.476796 0.000925 0.017771
-0.476894 0.018703 0.059233
-0.454221 0.021470 0.081921
-0.429170 -0.005505 0.059480
-0.473693 0.043651 0.016421
-0.490060 0.030655 0.013916
-0.435301 0.003364 0.046979
-0.427881 0.011400 0.058805
-0.439784 0.015276 0.014677
-0.489251 0.018439 0.010814
-0.463687 -0.016589 0.064824
-0.467272 -0.013975 0.075397
-0.456308 -0.023471 0.088677
-0.479182 0.020242 0.040249
-0.475861 0.030104 0.033851
-0.428665 0.017750 0.074349
-0.445754 -0.013622 0.057639
-0.434429 0.017590 0.035774
-0.484980 0.005598 0.029321
-0.434625 0.006829 0.047281
-0.478460 0.003253 0.058950
-0.483099 0.007356 0.015926
-0.450576 -0.023081 0.074828
-0.446323 0.022412 0.005149
-0.454461 -0.022486 0.076406
-0.456577 0.040582 0.026698
-0.461274 -0.012759 0.037233
-0.477393 0.012716 0.049967
-0.464909 -0.016308 0.073866
-0.474530 0.007240 0.074306
-0.445103 -0.000154 0.017943
-0.475201 0.019059 0.062877
-0.435499 -0.025143 0.087342
-0.459694 -0.015842 0.087251
-0.471642 0.009103 0.069357
-0.452996 0.028348 0.074792
-0.489123 0.021966 0.022988
-0.442984 0.030850 0.018887
-0.481851 0.034773 0.014849
-0.434172 0.008375 0.048633
-0.476458 -0.004403 0.021098
-0.458929 -0.010276 0.027252
-0.420578 0.004729 0.091286
-0.473676 -0.001698 0.024116
-0.442992 0.003625 0.016334
-0.436622 0.006254 0.028971
-0.468465 -0.007516 0.092616
-0.448052 -0.013084 0.054376
-0.475454 0.040953 0.021961
-0.422657 0.004010 0.091683
-0.460493 0.037372 0.042375
-0.449591 -0.000099 0.020980
-0.461716 0.043975 0.007915
-0.442869 -0.004834 0.030285
-0.459709 0.040037 0.011565
-0.461639 0.039129 0.036023
-0.481191 0.023647 0.031820
-0.442102 0.001962 0.031603
-0.433771 0.017089 0.085589
-0.472515 0.019358 0.057455
-0.483829 0.016352 0.041708
-0.423971 0.003916 0.087767
-0.447108 0.031163 0.061454
-0.460577 0.044017 0.014809
-0.472280 0.036259 0.025538
-0.477648 -0.000080 0.058253
-0.486920 0.015050 0.014225
-0.464626 0.014725 0.091758
-0.431678 -0.020179 0.078567
-0.459012 0.028877 0.057006
-0.482729 0.006767 0.015336
-0.439143 0.022187 0.047403
-0.475576 0.000304 0.011944
-0.419844 0.003207 0.086454
-0.467881 0.007885 0.092941
-0.472767 -0.001627 0.056896
-0.464765 0.033474 0.039688
-0.470231 -0.005710 0.050048
-0.435782 0.008277 0.029980
-0.455417 0.037854 0.010568
-0.450344 -0.020297 0.063627
-0.439884 0.005137 0.033166
-0.482308 0.038400 0.012756
-0.472782 0.017469 0.059172
-0.432269 0.015857 0.043744
-0.459964 -0.013000 0.037557
-0.471916 -0.001773 0.082843
-0.467726 -0.006478 0.097042
-0.447589 0.017159 0.099184
-0.450850 0.023572 0.090839
-0.456371 -0.011883 0.048382
-0.468563 -0.005517 0.032775
-0.437072 0.023689 0.084070
-0.424821 -0.011489 0.076830
-0.430307 -0.015814 0.083083
-0.457629 0.044300 0.006085
-0.433772 0.022203 0.052472
-0.425741 -0.001229 0.078247
-0.432664 0.009076 0.039457
-0.436471 0.012932 0.041182
-0.446183 0.023101 0.004892
-0.471282 -0.004613 0.050355
-0.429327 -0.017280 0.087482
-0.420683 0.007213 0.088673
-0.452871 -0.011405 0.033495
-0.446531 -0.016762 0.053515
-0.460738 0.034578 0.037499
-0.491632 0.028767 0.011536
-0.458958 -0.016437 0.093964
-0.454819 -0.024136 0.087645
-0.483976 0.002022 0.015411
-0.436935 0.018807 0.048156
-0.428279 0.001700 0.069305
-0.474908 0.008946 0.072438
-0.482652 0.017015 0.045028
-0.459254 0.021640 0.076249
-0.458639 -0.016755 0.085438
-0.438773 0.008862 0.033500
-0.448390 0.019600 0.103321
-0.431474 0.002756 0.058645
-0.445162 -0.006684 0.041317
-0.430793 0.004525 0.046892
-0.436298 -0.020089 0.083765
-0.424681 -0.000557 0.081861
-0.423415 0.003703 0.090228
-0.471903 0.044111 0.016267
-0.474656 -0.005710 0.060086
-0.424350 0.008804 0.093484
-0.470844 -0.007892 0.025900
-0.473936 -0.001388 0.048420
-0.477729 0.001912 0.032423
-0.472232 -0.005285 0.077202
-0.468375 -0.005312 0.074093
-0.458392 0.023406 0.072856
-0.456564 0.036688 0.044472
-0.440724 0.025974 0.078703
-0.459139 -0.016227 0.082561
-0.452062 -0.019560 0.061078
-0.463139 -0.008726 0.021625
-0.427292 0.006889 0.075804
-0.466853 0.007161 0.084403
-0.452142 -0.004503 0.027439
-0.438584 0.012710 0.033195
-0.472786 0.017412 0.059229
-0.451615 0.027958 0.061103
-0.449144 0.029038 0.053461
-0.457068 -0.015604 0.046966
-0.431702 0.007316 0.043018
-0.455585 0.038937 0.033683
-0.455351 0.024447 0.084940
-0.471987 -0.006616 0.020790
-0.453108 0.015149 0.099124
-0.467321 0.022184 0.063194
-0.447027 0.035752 0.016437
-0.450590 0.038856 0.017227
-0.446856 0.035095 0.009218
-0.424959 0.000321 0.066758
-0.463058 0.016153 0.092424
-0.483678 0.037220 0.018086
-0.448052 -0.017329 0.054234
-0.444035 0.026702 0.079461
-0.466302 -0.006492 0.083478
-0.428505 -0.016259 0.087126
-0.446481 0.019389 0.092582
-0.479843 0.019589 0.050905
-0.440614 -0.016392 0.069831
-0.474663 0.000284 0.050608
-0.476987 0.004559 0.065828
-0.448961 -0.015002 0.046698
-0.485738 0.026162 0.029394
-0.447338 0.027924 0.056180
-0.473017 0.039915 0.015116
-0.425288 -0.009861 0.085210
-0.486116 0.020336 0.019610
-0.478848 0.030637 0.027505
-0.441086 0.018240 0.009877
-0.476305 0.015166 0.064221
-0.432620 -0.002539 0.047809
-0.464981 -0.008749 0.085418
-0.483907 0.009079 0.040417
-0.437617 0.020327 0.077331
-0.486253 0.012239 0.032830
-0.455752 0.032485 0.044327
-0.435661 0.023996 0.075675
-0.447831 0.034941 0.039899
-0.451828 0.019664 0.088900
-0.457103 -0.018323 0.094538
-0.477887 0.020892 0.042950
-0.470015 -0.005324 0.060967
-0.475506 0.016579 0.053227
-0.447507 -0.013713 0.044213
-0.478235 0.040335 0.020113
-0.447502 -0.017342 0.054580
-0.451225 -0.017640 0.069708
-0.452407 0.029923 0.069501
-0.472117 -0.006784 0.074291
-0.437177 0.023723 0.084162
-0.440549 -0.001230 0.039462
-0.449840 0.038456 0.012641
-0.463184 0.044919 0.008348
-0.479314 0.024684 0.035206
-0.463974 -0.011618 0.076351
-0.491146 0.019643 0.016609
-0.463782 -0.010831 0.085813
-0.466141 0.038147 0.024291
-0.455773 0.030593 0.051926
-0.466590 -0.006878 0.036101
-0.451751 0.040319 0.004131
-0.485354 0.005985 0.028101
-0.461188 0.031165 0.061475
-0.481726 0.037390 0.021123
-0.432475 -0.010903 0.059798
-0.443848 -0.010413 0.040201
-0.465749 0.019025 0.071659
-0.472590 -0.001891 0.020503
-0.490886 0.017176 0.010198
-0.452686 0.039574 0.023175
-0.465387 -0.006292 0.012720
-0.445530 -0.011426 0.040423
-0.462536 0.010937 0.090772
-0.434015 0.022452 0.081028
-0.447343 -0.000192 0.014003
-0.439729 0.026270 0.074598
-0.476603 0.023841 0.053446
-0.443316 0.022733 0.077576
-0.454084 -0.018384 0.057053
-0.468150 0.028227 0.049630
-0.451966 0.030210 0.051456
-0.438194 0.023180 0.089571
-0.468081 0.007920 0.092386
-0.485250 0.010832 0.014783
-0.450578 0.033023 0.029552
-0.435288 0.018883 0.066505
-0.473555 0.005881 0.063491
-0.484816 0.006976 0.033501
-0.466788 -0.002768 0.086163
-0.443445 -0.009802 0.039407
-0.458222 0.017822 0.086244
-0.474882 -0.003404 0.066527
-0.452767 0.038600 0.030314
-0.470376 -0.004676 0.061727
-0.472967 0.028788 0.041216
-0.422766 0.008810 0.093033
-0.472950 -0.008138 0.060615
-0.486808 0.029992 0.022537
-0.441378 0.010983 0.024596
-0.428405 0.009706 0.055140
-0.465913 0.004193 0.101393
-0.465980 0.031736 0.043599
-0.483455 0.029582 0.030646
-0.460162 -0.006628 0.014803
-0.449195 -0.017307 0.053595
-0.487225 0.019774 0.015788
-0.477312 -0.004449 0.035281
-0.460432 0.033598 0.041023
-0.454705 0.032317 0.060803
-0.480522 0.004323 0.019035
-0.428246 0.017403 0.076548
-0.490789 0.011997 0.011109
-0.440498 0.023581 0.090569
-0.460878 0.008284 0.098017
-0.475179 0.034167 0.037883
-0.444915 0.027962 0.074479
-0.471724 0.036495 0.025512
-0.460096 -0.015154 0.076510
-0.484686 0.012328 0.039003
-0.466123 0.031868 0.054895
-0.464574 0.023783 0.075376
-0.436680 0.017739 0.026230
-0.460876 -0.013434 0.039907
-0.455016 -0.006694 0.030912
-0.444944 0.032767 0.044808
-0.437265 0.018458 0.044856
-0.476360 -0.001432 0.062528
-0.470219 -0.003052 0.021355
-0.483361 0.008779 0.042504
-0.443879 -0.022149 0.085449
-0.437644 -0.007288 0.054829
-0.425980 -0.001921 0.077660
-0.440412 0.008668 0.028819
-0.456280 -0.016867 0.072649
-0.432484 0.010711 0.056288
-0.466842 -0.008762 0.054524
-0.475604 -0.000248 0.038558
-0.472092 0.027505 0.056005
-0.475180 -0.006297 0.034491
-0.463312 -0.014678 0.049430
-0.437012 0.023468 0.085359
-0.459219 0.042940 0.007003
-0.441280 0.002700 0.021337
-0.438279 0.021092 0.099934
-0.424195 -0.005240 0.072090
-0.426513 -0.011992 0.073691
-0.480841 0.006487 0.029880
-0.474478 0.026198 0.054059
-0.445700 0.030497 0.062762
-0.464268 0.025855 0.060129
-0.457215 0.043727 0.008905
-0.455777 0.028084 0.060886
-0.443261 0.017475 0.099715
-0.443637 0.032350 0.024816
-0.463058 -0.010125 0.099345
-0.428727 0.016469 0.065392
-0.483403 0.005516 0.038244
-0.458627 -0.003877 0.020244
-0.426131 0.004613 0.078534
-0.438410 -0.024951 0.083043
-0.466990 0.008047 0.083307
-0.462755 0.005550 0.096699
-0.469281 0.044497 0.016190
-0.472972 0.014127 0.062107
-0.431720 0.014423 0.069154
-0.448054 0.030986 0.018673
-0.459893 0.012842 0.103968
-0.478236 0.032597 0.025153
-0.483651 0.001785 0.018326
-0.466637 -0.005245 0.084042
-0.481880 0.014928 0.034515
-0.426480 -0.016683 0.080807
-0.484704 0.006411 0.032981
-0.473946 -0.000866 0.074947
-0.442607 0.031377 0.028739
-0.435697 0.004574 0.032857
-0.427442 0.016949 0.088386
-0.477322 0.001112 0.025914
-0.451655 -0.024586 0.083047
-0.440098 -0.022802 0.075613
-0.449857 0.002537 0.015492
-0.422873 -0.001505 0.088297
-0.460926 -0.005582 0.025167
-0.440563 0.018269 0.095801
-0.474738 0.010288 0.059220
-0.435307 0.024486 0.063430
-0.439742 -0.000394 0.028962
-0.454325 0.018360 0.089958
-0.471966 -0.007962 0.030036
-0.474446 0.026865 0.052990
-0.439099 0.027734 0.058529
-0.430858 0.020211 0.078791
-0.465151 0.029624 0.061513
-0.460281 0.010396 0.096297
-0.470028 0.009471 0.085875
-0.485347 0.015493 0.021522
-0.440463 0.028476 0.027991
-0.441018 -0.008368 0.040111
-0.454792 0.032151 0.045125
-0.427616 0.000201 0.071778
-0.469844 -0.001825 0.073364
-0.440756 0.027623 0.021687
-0.446966 -0.002383 0.029692
-0.457560 0.036954 0.043728
-0.438090 0.027185 0.051575
-0.469921 -0.006000 0.052309
-0.492445 0.018280 0.011214
-0.437135 -0.009802 0.049344
-0.442965 -0.004129 0.039684
-0.483878 0.019645 0.039883
-0.435916 -0.016802 0.065240
-0.425622 0.004791 0.081031
-0.462256 -0.014428 0.046114
-0.423930 -0.001832 0.084462
-0.463602 -0.011208 0.032119
-0.438091 0.005420 0.025810
-0.443437 0.028390 0.007475
-0.470677 -0.005206 0.052205
-0.475802 -0.004083 0.015148
-0.443607 -0.022236 0.071753
-0.448765 -0.009276 0.043181
-0.477195 0.034262 0.034585
-0.465746 -0.007561 0.084098
-0.455714 0.037176 0.018749
-0.475263 -0.006298 0.035954
-0.459043 0.038680 0.037362
-0.451836 0.034752 0.007578
-0.442110 0.000208 0.023151
-0.468738 0.037079 0.038747
-0.430746 -0.017213 0.084957
-0.428493 0.009557 0.054707
-0.444713 0.027391 0.076923
-0.445344 0.033609 0.038383
-0.435951 0.019587 0.067899
-0.453238 0.021444 0.094947
-0.435516 -0.013841 0.059725
-0.440561 -0.021925 0.085562
-0.443533 0.021669 0.082965
-0.442465 0.013454 0.007361
-0.484027 0.010712 0.021802
-0.432659 0.009009 0.054404
-0.427494 -0.004612 0.074643
-0.491765 0.022142 0.010594
-0.434990 -0.016151 0.076243
-0.452625 -0.011698 0.047759
-0.479733 0.003525 0.011747
-0.425082 0.011400 0.073167
-0.426327 -0.008496 0.081190
-0.424426 0.010629 0.075109
-0.445402 0.028676 0.034989
-0.438708 -0.004715 0.048543
-0.459015 -0.017404 0.056734
-0.480139 0.006934 0.054519
-0.453163 0.024382 0.073937
-0.430795 0.004801 0.060443
-0.466228 0.033515 0.038511
-0.467313 -0.001650 0.084744
-0.476109 0.019423 0.060308
-0.472944 0.007101 0.065763
-0.462840 0.016579 0.081221
-0.474996 -0.001024 0.037795
-0.455646 -0.022969 0.082144
-0.474861 0.007143 0.073265
-0.465446 0.014167 0.090939
-0.447275 0.028925 0.072094
-0.474810 0.006738 0.059014
-0.467145 -0.002407 0.100634
-0.438388 -0.020695 0.083385
-0.470479 -0.004716 0.034724
-0.441921 0.024023 0.089764
-0.487224 0.015968 0.030341
-0.483397 0.032462 0.015641
-0.427121 0.008172 0.059479
-0.452757 -0.017432 0.069898
-0.445833 0.010580 0.012614
-0.470285 0.040429 0.015341
-0.474140 -0.005852 0.022273
-0.459935 0.039339 0.016110
-0.439729 -0.019496 0.066950
-0.470121 -0.005021 0.035579
-0.450425 -0.010239 0.032201
-0.474537 -0.001359 0.041231
-0.450606 0.038418 0.003355
-0.439025 -0.010633 0.047769
-0.421597 -0.007528 0.081027
-0.426764 -0.010275 0.070857
-0.465628 0.020463 0.080159
-0.470155 -0.009577 0.035407
-0.455326 0.013451 0.099707
-0.448218 -0.000676 0.024321
-0.443869 -0.015565 0.052587
-0.479353 0.036482 0.026750
-0.437257 0.026374 0.055476
-0.478516 0.000684 0.055077
-0.450772 0.024627 0.073686
-0.479375 0.034454 0.030621
-0.475937 0.007552 0.069674
-0.485468 0.019577 0.035254
-0.444563 0.033263 0.021994
-0.422628 -0.001752 0.089152
-0.475434 0.034100 0.037640
-0.426735 -0.005799 0.077671
-0.457553 0.032711 0.044143
-0.439657 -0.005325 0.047739
-0.448624 0.030530 0.042160
-0.455735 -0.005904 0.028101
-0.490880 0.012189 0.011027
-0.469968 -0.007167 0.085697
-0.450084 0.025814 0.069159
-0.462949 -0.012071 0.062278
-0.452631 -0.002960 0.011725
-0.422857 -0.015325 0.086238
-0.463005 -0.004335 0.020652
-0.469821 0.018033 0.065156
-0.478423 0.000020 0.054187
-0.482884 0.032793 0.027077
-0.442265 0.014655 0.020438
-0.453850 -0.006613 0.019341
-0.445330 -0.002771 0.033116
-0.447466 -0.018381 0.057799
-0.421427 -0.005083 0.079968
-0.444120 0.002337 0.015821
-0.448584 -0.001469 0.025316
-0.426954 0.004786 0.075112
-0.443828 0.021633 0.099664
-0.454550 -0.016733 0.068573
-0.441924 0.025656 0.082202
-0.436612 0.020462 0.029089
-0.479966 0.022933 0.047042
-0.433406 0.011784 0.036778
-0.442909 0.012575 0.006745
-0.442864 0.030850 0.019992
-0.424065 0.000644 0.084439
-0.458768 0.022635 0.085865
-0.456304 0.026035 0.067214
-0.466623 -0.007861 0.019591
-0.452707 0.014262 0.101675
-0.430576 0.004898 0.061218
-0.479377 0.037337 0.024975
-0.459262 -0.009175 0.038547
-0.445392 0.020689 0.009638
-0.428737 0.017091 0.068347
-0.483184 0.008908 0.022215
-0.485586 0.037328 0.014426
-0.420174 -0.003574 0.088889
-0.449486 -0.009287 0.042544
-0.430835 -0.005630 0.055686
-0.450341 0.036540 0.003729
-0.470253 0.027703 0.047686
-0.478398 0.004054 0.038163
-0.453080 -0.007652 0.035041
-0.487363 0.012895 0.028689
-0.470168 0.017221 0.065506
-0.444413 0.030356 0.060887
-0.468268 0.012145 0.087438
-0.465236 -0.008139 0.040588
-0.467472 0.012360 0.077754
-0.437778 0.018416 0.022177
-0.473226 0.007068 0.064799
-0.443636 0.024824 0.087364
-0.434762 -0.023402 0.087610
-0.430231 0.013586 0.078315
-0.456639 0.026241 0.066390
-0.485080 0.031800 0.013001
-0.446647 -0.010359 0.048116
-0.430609 0.004889 0.061100
-0.475796 -0.005312 0.026455
-0.425282 0.011937 0.073339
-0.428406 0.010672 0.078254
-0.443238 0.025857 0.056391
-0.451626 0.018437 0.092462
-0.470819 0.024513 0.052838
-0.441509 -0.017448 0.059850
-0.442213 0.027229 0.074485
-0.459285 0.038116 0.039622
-0.471332 -0.006138 0.080375
-0.462440 -0.010075 0.045916
-0.475015 0.020316 0.050538
-0.469226 0.022850 0.058645
-0.471101 0.026731 0.048255
-0.426582 0.011100 0.064589
-0.439447 -0.020250 0.069185
-0.432014 0.015499 0.090413
-0.444293 0.024168 0.071575
-0.462842 -0.018136 0.092686
-0.485846 0.014919 0.018971
-0.476210 -0.005302 0.045699
-0.464764 0.038672 0.036824
-0.422158 0.002829 0.076596
-0.479366 0.030876 0.036997
-0.440112 -0.015098 0.055757
-0.481223 0.040509 0.015607
-0.476808 0.001055 0.016163
-0.451467 -0.008089 0.037540
-0.469546 0.031527 0.040265
-0.435876 -0.022414 0.078408
-0.464576 0.016246 0.089415
-0.478875 0.031150 0.037446
-0.433140 0.005156 0.052548
-0.446398 0.002230 0.022363
-0.463280 -0.010489 0.050529
-0.467741 0.020078 0.066170
-0.465020 0.010308 0.085980
-0.438721 0.021320 0.045541
-0.445190 0.030834 0.059819
-0.464583 -0.012119 0.037599
-0.432590 0.021092 0.085903
-0.487248 0.006424 0.016205
-0.467661 -0.013630 0.063274
-0.483059 0.026049 0.036059
-0.477065 0.020952 0.056232
-0.439616 0.021318 0.077876
-0.448814 0.023002 0.079613
-0.467588 -0.001611 0.083631
-0.462384 0.041142 0.010477
-0.445918 0.025799 0.065509
-0.438573 -0.018628 0.077682
-0.460852 0.010451 0.104369
-0.444011 -0.021017 0.067768
-0.456360 0.037687 0.017317
-0.425472 -0.015241 0.080547
-0.485302 0.015914 0.021934
-0.438690 0.022560 0.093448
-0.427920 0.010902 0.058120
-0.441977 0.025364 0.048635
-0.446171 0.034915 0.025968
-0.446582 -0.001122 0.027897
-0.464925 -0.015555 0.091164
-0.443073 0.010004 0.008582
-0.469593 0.012743 0.083582
-0.457306 0.013580 0.096306
-0.476926 0.000754 0.023960
-0.475993 0.043688 0.014346
-0.440941 0.029705 0.048876
-0.445499 -0.019491 0.062268
-0.463961 0.042641 0.023153
-0.483246 0.001266 0.015818
-0.465986 -0.006608 0.084963
-0.469174 -0.001041 0.077355
-0.435736 0.024512 0.049137
-0.482140 0.030105 0.021723
-0.462826 -0.002289 0.013397
-0.438981 0.014498 0.017488
-0.457311 -0.022591 0.085907
-0.486534 0.007153 0.024075
-0.461505 -0.005605 0.025255
-0.454497 0.035125 0.049957
-0.436822 0.022098 0.030763
-0.444711 0.002047 0.015083
-0.455297 -0.000172 0.013220
-0.470106 0.040853 0.014071
-0.439396 0.028448 0.045655
-0.465092 -0.010536 0.062467
-0.441560 -0.021474 0.083675
-0.424588 0.009700 0.072396
-0.467088 -0.004970 0.026213
-0.444343 0.017619 0.099089
-0.482816 0.001366 0.026263
-0.441360 -0.003423 0.030475
-0.419268 0.000281 0.086815
-0.481801 0.020206 0.033037
-0.460155 -0.020078 0.078163
-0.427983 0.011001 0.083126
-0.459326 -0.021358 0.086855
-0.487866 0.008381 0.019252
-0.427947 0.017421 0.088001
-0.476987 0.033548 0.025404
-0.464456 0.039054 0.035716
-0.435145 -0.007636 0.049320
-0.427440 0.007145 0.057858
-0.446114 0.023864 0.075226
-0.463070 -0.012809 0.039062
-0.463046 0.045998 0.008132
-0.460212 -0.010227 0.043649
-0.456212 -0.019011 0.092282
-0.431286 -0.021963 0.082976
-0.468617 -0.003209 0.077328
-0.459496 0.035839 0.047862
-0.457398 -0.009761 0.025986
-0.462966 0.044520 0.014951
-0.449890 -0.025151 0.091453
-0.438766 0.018769 0.037040
-0.439963 0.005090 0.021468
-0.455064 0.019099 0.098763
-0.435170 0.008555 0.031662
-0.434416 0.018189 0.036566
-0.467017 -0.012287 0.090170
-0.438332 0.026431 0.067714
-0.448754 -0.022906 0.073301
-0.436914 0.025464 0.043365
-0.442026 0.003163 0.019074
-0.470389 0.002538 0.088997
-0.467408 -0.008257 0.065518
-0.473045 -0.000252 0.059309
-0.475256 0.017222 0.053288
-0.443927 0.026824 0.050483
-0.470884 0.001082 0.071777
-0.470769 -0.003673 0.027105
-0.432951 -0.001724 0.057609
-0.428744 0.018087 0.078147
-0.427972 0.011030 0.083431
-0.476905 0.043094 0.014999
-0.483053 0.003665 0.035816
-0.457459 -0.018098 0.058195
-0.427502 -0.000223 0.059263
-0.473837 0.003037 0.077177
-0.472311 -0.001405 0.081457
-0.471136 -0.007899 0.077178
-0.438728 -0.002682 0.034438
-0.427805 0.017269 0.089870
-0.462076 0.039498 0.018084
-0.467666 -0.007094 0.096737
-0.459428 -0.014348 0.042908
-0.465965 -0.009216 0.052187
-0.433551 -0.012163 0.070793
-0.427388 0.009751 0.082047
-0.432949 0.017675 0.043025
-0.437308 0.010445 0.024261
-0.430692 0.008327 0.061991
-0.461603 0.013454 0.088846
-0.484105 0.002085 0.011555
-0.448994 -0.011199 0.036115
-0.422766 0.010477 0.085225
-0.478805 0.014280 0.057945
-0.420352 -0.002099 0.082468
-0.468709 -0.003047 0.018653
-0.470454 0.039933 0.029445
-0.464566 -0.001409 0.102171
-0.433999 -0.002597 0.044624
-0.458415 0.016694 0.088341
-0.461744 -0.016475 0.056693
-0.442079 0.020121 0.006421
-0.423056 0.004760 0.073983
-0.457954 -0.013432 0.038697
-0.462410 0.044433 0.008122
-0.442670 0.026040 0.045331
-0.478445 0.002194 0.022370
-0.449825 0.038133 0.019705
-0.460147 0.043412 0.017270
-0.459964 -0.019419 0.071404
-0.471301 0.033034 0.045819
-0.477711 0.010176 0.049021
-0.449546 0.032026 0.033215
-0.445151 -0.019537 0.076116
-0.447283 -0.011078 0.037572
-0.467011 0.012862 0.089416
-0.429226 -0.015356 0.084241
-0.449656 0.002693 0.015559
-0.435563 0.015381 0.047713
-0.447541 0.033005 0.052125
-0.468726 -0.004340 0.025676
-0.459253 0.023556 0.083094
-0.467622 -0.008126 0.095816
-0.445712 -0.010544 0.038109
-0.476364 -0.002843 0.058980
-0.490251 0.020038 0.019770
-0.474539 0.004597 0.058990
-0.462966 -0.010963 0.030595
-0.428134 -0.017410 0.078968
-0.449031 0.025286 0.070912
-0.486634 0.022150 0.030329
-0.466060 -0.005520 0.086511
-0.439261 0.020848 0.039310
-0.487945 0.008805 0.019953
-0.437906 0.025242 0.033038
-0.456191 -0.000683 0.012066
-0.469959 0.006960 0.088095
-0.468919 -0.006291 0.014392
-0.480683 0.002393 0.011121
-0.485050 0.016200 0.037812
-0.474119 0.000453 0.075214
-0.436059 0.024629 0.046238
-0.435534 0.005549 0.044943
-0.451976 0.022523 0.080347
-0.430854 0.019816 0.087223
-0.471301 0.020744 0.058104
-0.432482 0.020210 0.093389
-0.466866 -0.013248 0.087089
-0.469753 -0.005588 0.088963
-0.458875 -0.018843 0.064359
-0.454672 -0.014132 0.041344
-0.448932 0.031363 0.036157
-0.431235 0.015032 0.082603
-0.481089 -0.000730 0.026260
-0.436981 0.024296 0.079493
-0.435203 -0.020959 0.075623
-0.435733 0.018641 0.030995
-0.445283 -0.016458 0.053643
-0.421368 0.007285 0.084957
-0.457527 0.016345 0.090410
-0.440712 0.003609 0.021440
-0.435102 0.022751 0.084053
-0.454774 -0.017916 0.075464
-0.423777 0.002464 0.070475
-0.437802 0.025435 0.073926
-0.456899 -0.015252 0.045504
-0.473207 -0.007592 0.062211
-0.465261 0.002644 0.091826
-0.468341 0.013814 0.085184
-0.469673 -0.005067 0.012404
-0.428943 0.004685 0.067135
-0.423945 0.011854 0.082062
-0.477430 0.005810 0.064493
-0.444780 0.025787 0.063137
-0.459322 -0.003542 0.018843
-0.440461 0.000491 0.026167
-0.439967 -0.014379 0.054313
-0.449229 -0.005678 0.033667
-0.448396 0.028715 0.073519
-0.465246 0.013248 0.081695
-0.463685 -0.011467 0.082635
-0.469787 -0.000187 0.075451
-0.451489 0.034895 0.048539
-0.482728 0.013728 0.045980
-0.450312 -0.006806 0.035220
-0.435166 -0.017560 0.067945
-0.464360 -0.008292 0.090408
-0.468578 0.004759 0.093534
-0.428081 -0.007162 0.063994
-0.486316 0.035976 0.015257
-0.447113 0.028721 0.072863
-0.473977 0.032675 0.031752
-0.459633 -0.013925 0.041239
-0.475006 0.000161 0.014111
-0.466636 -0.012256 0.092826
-0.473350 0.024146 0.059599
-0.472052 0.019402 0.058414
-0.421523 0.009416 0.090111
-0.490279 0.021001 0.010850
-0.449750 0.030094 0.068478
-0.447938 -0.022993 0.073491
-0.476510 -0.004747 0.025465
-0.461270 0.016089 0.084879
-0.482649 0.027625 0.035046
-0.450811 -0.025800 0.088093
-0.443491 0.030216 0.059199
-0.446082 0.029315 0.030795
-0.431336 0.020357 0.084438
-0.471170 0.022138 0.056205
-0.467101 0.006662 0.084070
-0.451526 0.017333 0.103594
-0.428405 0.017881 0.084485
-0.426387 -0.013398 0.086943
-0.457989 0.033301 0.056821
-0.445961 -0.005789 0.038248
-0.444017 -0.021070 0.067929
-0.470698 0.039067 0.019260
-0.419326 -0.000691 0.086251
-0.489651 0.031640 0.013850
-0.428229 -0.020445 0.084442
-0.481368 0.014171 0.050254
-0.453177 -0.019952 0.084175
-0.449299 0.035548 0.040612
-0.433288 0.019567 0.045139
-0.450939 0.032591 0.035399
-0.463533 0.031843 0.057585
-0.440197 0.014789 0.027606
-0.422783 0.001897 0.073980
-0.451884 -0.014958 0.044943
-0.441113 -0.010279 0.043811
-0.433633 0.017329 0.073579
-0.466079 0.030756 0.057694
-0.471639 0.021066 0.056928
-0.442382 0.019950 0.021384
-0.464771 -0.000137 0.094280
-0.447854 -0.021820 0.085587
-0.480461 0.003926 0.050533
-0.443857 -0.019846 0.064373
-0.474195 0.005166 0.075879
-0.431119 -0.015779 0.081623
-0.480607 0.040332 0.012671
-0.485160 0.018409 0.023037
-0.451343 0.002570 0.010777
-0.465773 -0.012656 0.042937
-0.471124 -0.010225 0.062909
-0.448599 0.031709 0.026640
-0.443944 0.032608 0.038105
-0.422491 0.009454 0.083651
-0.445676 0.017295 0.099767
-0.486297 0.019563 0.032737
-0.453093 -0.010987 0.045263
-0.461027 0.035600 0.033713
-0.482226 0.038686 0.017788
-0.432278 0.001765 0.056704
-0.481647 0.000272 0.030629
-0.420082 -0.008224 0.085801
-0.442840 0.031139 0.047925
-0.472461 0.040267 0.026774
-0.432962 0.015098 0.039879
-0.481280 -0.000299 0.029633
-0.434691 0.022432 0.084904
-0.477122 0.001122 0.018555
-0.431571 -0.017974 0.085152
-0.468224 0.000700 0.096500
-0.470699 -0.010122 0.043196
-0.467698 0.029363 0.047638
-0.444755 0.024460 0.070765
-0.483722 0.005436 0.010707
-0.450938 0.033071 0.031301
-0.480049 0.009784 0.055484
-0.463156 0.000784 0.099121
-0.442802 -0.009718 0.051242
-0.437369 0.019758 0.081143
-0.436993 0.019888 0.077847
-0.432226 -0.010516 0.070551
-0.481276 0.027235 0.027501
-0.456496 -0.009654 0.039992
-0.433069 0.022231 0.062632
-0.435734 0.017391 0.029911
-0.449357 0.021321 0.085310
-0.446254 -0.023546 0.075447
-0.444739 -0.004515 0.026550
-0.472687 -0.003286 0.044888
-0.433221 0.014071 0.038142
-0.486100 0.023091 0.031181
-0.440930 -0.003205 0.041789
-0.451073 0.030691 0.047829
-0.448065 0.030026 0.067836
-0.426470 0.002146 0.061366
-0.446081 -0.021076 0.081643
-0.473105 -0.001239 0.017512
-0.469335 0.017551 0.077854
-0.476844 0.026271 0.049327
-0.463844 0.041086 0.012409
-0.438436 0.003510 0.026936
-0.431753 0.021082 0.074578
-0.461030 0.032499 0.057774
-0.440504 0.004312 0.032437
-0.443930 0.021055 0.085945
-0.442667 0.021080 0.021257
-0.473211 0.007323 0.064834
-0.477710 0.035292 0.020738
-0.459579 0.030545 0.064480
-0.435768 -0.011743 0.055288
-0.458301 0.027809 0.060661
-0.455864 -0.006728 0.030515
-0.424467 0.002477 0.083870
-0.460581 -0.007264 0.016690
-0.438610 0.020017 0.083662
-0.487334 0.014361 0.011151
-0.470886 0.044541 0.015453
-0.492246 0.023991 0.012411
-0.456457 0.026628 0.077994
-0.424120 0.004296 0.069563
-0.427899 0.006240 0.072281
-0.446212 0.026842 0.060119
-0.463390 0.036324 0.044849
-0.442282 0.019517 0.021478
-0.469454 -0.002571 0.092227
-0.473449 0.024306 0.059149
-0.434753 0.018841 0.035822
-0.447029 0.034880 0.036393
-0.471470 0.004851 0.084804
-0.446642 0.010076 0.011113
-0.453779 0.036154 0.017733
-0.440854 0.024448 0.086806
-0.462210 -0.004978 0.012726
-0.469065 0.035928 0.041469
-0.477892 0.009083 0.062899
-0.484799 0.005174 0.010375
-0.452649 0.037720 0.035393
-0.433354 0.016955 0.071731
-0.429514 0.005881 0.065364
-0.438771 0.016522 0.017983
-0.449780 0.027360 0.078825
-0.441249 0.019011 0.093029
-0.460993 -0.014375 0.074820
-0.460718 -0.009512 0.040837
-0.434230 0.023220 0.072894
-0.480746 0.000081 0.038460
-0.448509 0.033463 0.051454
-0.473583 -0.005104 0.015349
-0.450219 -0.009485 0.030429
-0.454867 -0.016027 0.065481
-0.445975 -0.012326 0.053923
-0.466757 -0.013466 0.052456
-0.468735 -0.000235 0.079795
-0.474837 -0.001283 0.033259
-0.469829 0.034887 0.031581
-0.470359 -0.011131 0.058016
-0.444751 -0.013066 0.057042
-0.438147 0.019811 0.100452
-0.470135 0.027081 0.060054
-0.444365 0.026870 0.026546
-0.440623 0.023842 0.059169
-0.448738 0.018979 0.093008
-0.445651 -0.004467 0.035938
-0.452961 0.015828 0.097701
-0.477903 0.034104 0.022835
-0.464888 0.039304 0.020237
-0.476103 0.030953 0.042732
-0.450558 0.025448 0.070664
-0.483497 0.017017 0.028856
-0.475017 0.004318 0.056671
-0.437950 -0.008662 0.056698
-0.462302 -0.013323 0.078941
-0.480442 -0.001370 0.028027
-0.452015 -0.019697 0.061596
-0.427861 0.000693 0.070850
-0.449740 -0.025971 0.091185
-0.459761 0.014774 0.089907
-0.483559 0.007444 0.040377
-0.471832 0.035691 0.038986
-0.486053 0.011485 0.011605
-0.440330 -0.005577 0.046950
-0.459338 -0.017088 0.055577
-0.451590 -0.016173 0.049010
-0.481771 0.005572 0.015496
-0.440223 -0.019515 0.066497
-0.481468 0.000658 0.010727
-0.457429 0.034037 0.038718
-0.460018 -0.012892 0.037144
-0.467635 0.036358 0.041693
-0.437647 0.009219 0.036856
-0.472570 -0.003278 0.047715
-0.431661 -0.010985 0.072411
-0.483270 0.014356 0.029229
-0.452792 0.017412 0.103978
-0.463039 -0.017637 0.095545
-0.481500 0.009722 0.033045
-0.451887 0.026005 0.068690
-0.475009 0.017401 0.065267
-0.429629 0.013508 0.089548
-0.438822 -0.004949 0.037832
-0.421253 -0.001331 0.079326
-0.459642 -0.015605 0.048679
-0.469132 0.039825 0.017778
-0.433273 0.016988 0.079673
-0.459922 0.012642 0.104250
-0.479721 0.015254 0.041738
-0.479361 0.029501 0.039252
-0.430856 0.009899 0.045774
-0.489694 0.013233 0.010013
-0.456547 0.012811 0.099038
-0.463860 -0.017333 0.078030
-0.432610 0.016375 0.079599
-0.476070 0.038989 0.026001
-0.443477 -0.023781 0.076769
-0.445335 -0.002763 0.022209
-0.452543 0.022113 0.081291
-0.426934 0.005475 0.059427
-0.468874 0.019069 0.065594
-0.457592 0.032798 0.058609
-0.474657 -0.006283 0.056512
-0.454182 0.032897 0.058652
-0.461277 0.029994 0.052265
-0.420702 0.005304 0.084944
-0.480422 0.032067 0.022138
-0.444847 0.023139 0.013582
-0.454710 -0.010527 0.029714
-0.475661 0.006384 0.070776
-0.440943 -0.022585 0.074385
-0.483302 0.010406 0.025106
-0.482620 0.029902 0.020980
-0.485092 0.015285 0.022437
-0.452054 -0.021061 0.088305
-0.468970 0.000946 0.079397
-0.441057 0.024089 0.060193
-0.458343 -0.016712 0.080931
-0.483375 0.014362 0.028823
-0.449710 0.004567 0.012181
-0.464519 0.036615 0.029872
-0.448837 0.006657 0.010579
-0.422941 -0.000933 0.088179
-0.439412 0.024112 0.086565
-0.456079 0.027227 0.063600
-0.470075 -0.005248 0.060907
-0.445714 -0.008102 0.043726
-0.429888 0.017320 0.060272
-0.462406 0.020036 0.086339
-0.451802 0.028967 0.072957
-0.445569 0.017971 0.008857
-0.469419 0.035610 0.030035
-0.491652 0.022661 0.014681
-0.437724 -0.002365 0.036069
-0.459460 -0.004767 0.022661
-0.441081 0.022361 0.096331
-0.464530 -0.016592 0.072801
-0.442171 0.019132 0.006091
-0.468481 0.018207 0.078621
-0.444215 0.026975 0.028856
-0.476516 -0.001385 0.061776
-0.456236 0.019480 0.096418
-0.423429 0.012557 0.091127
-0.468992 0.028841 0.058217
-0.424088 0.005011 0.069984
-0.442528 -0.014934 0.052444
-0.430030 -0.001628 0.065374
-0.466061 -0.009672 0.067609
-0.444056 0.027865 0.073974
-0.475616 -0.004597 0.057687
-0.476771 -0.003816 0.051951
-0.452386 0.038654 0.028867
-0.448226 0.031592 0.060754
-0.465664 -0.011739 0.037326
-0.455587 0.018025 0.089288
-0.444352 0.017065 0.101471
-0.446740 0.012576 0.007591
-0.464381 -0.008613 0.041460
-0.436748 0.023652 0.035299
-0.474639 -0.001471 0.034528
-0.456048 0.027405 0.076096
-0.454154 0.036943 0.010121
-0.430207 0.014036 0.085751
-0.473435 0.043521 0.011595
-0.458981 -0.005744 0.012745
-0.485700 0.015704 0.020199
-0.453993 0.036813 0.010193
-0.474312 0.008531 0.060963
-0.433071 0.006867 0.038852
-0.450978 0.039562 0.003263
-0.478412 0.002203 0.024246
-0.474918 0.044387 0.013371
-0.427164 -0.002711 0.061966
-0.470873 0.007223 0.085326
-0.429517 0.005866 0.050501
-0.447476 0.029793 0.042937
-0.428921 0.009752 0.072392
-0.448568 -0.010291 0.034208
-0.450862 -0.008987 0.028492
-0.470601 -0.004242 0.062124
-0.476236 0.035055 0.023404
-0.464300 0.003290 0.094340
-0.446925 -0.002998 0.030987
-0.459908 0.027480 0.060502
-0.486583 0.017287 0.032512
-0.472555 -0.004549 0.076862
-0.446085 0.024010 0.091027
-0.439946 0.028512 0.056062
-0.472552 0.000288 0.063105
-0.437206 0.002107 0.031492
-0.431721 0.019877 0.057434
-0.455859 0.038294 0.008798
-0.461482 0.032603 0.044110
-0.451687 -0.018790 0.058124
-0.472647 -0.001862 0.020501
-0.462356 -0.006141 0.027483
-0.433467 0.022716 0.064210
-0.438842 0.017749 0.035077
-0.444087 -0.016266 0.054200
-0.436365 -0.016178 0.063255
-0.465155 -0.014381 0.052881
-0.459475 -0.007703 0.018518
-0.485098 0.020632 0.022852
-0.422997 -0.012412 0.082208
-0.429078 0.008957 0.070104
-0.447747 -0.013153 0.042484
-0.452651 -0.005802 0.018500
-0.450311 0.020030 0.101412
-0.468031 0.040743 0.028745
-0.467607 0.036320 0.029404
-0.440753 0.009669 0.014973
-0.476073 0.021727 0.046346
-0.447634 -0.025363 0.082811
-0.441162 0.008886 0.014577
-0.429072 0.008627 0.069607
-0.463813 0.020791 0.082584
-0.476018 0.037517 0.029437
-0.453024 0.018908 0.089921
-0.426049 -0.004983 0.066857
-0.482792 0.014881 0.031201
-0.456168 -0.020771 0.070014
-0.447318 0.001672 0.021567
-0.478969 0.007547 0.042217
-0.442384 0.021750 0.005626
-0.448420 -0.002000 0.026648
-0.462017 0.043426 0.019066
-0.433523 0.016788 0.067126
-0.452630 0.034091 0.053282
-0.466964 0.034267 0.047891
-0.443624 0.029556 0.009103
-0.467297 0.033939 0.036445
-0.457082 -0.016959 0.052637
-0.447682 0.001515 0.021177
-0.432389 0.020905 0.086535
-0.449713 0.028978 0.072858
-0.469441 0.001675 0.077822
-0.459067 -0.014258 0.063367
-0.434520 -0.020994 0.076542
-0.443206 -0.013374 0.059408
-0.443786 0.029660 0.008392
-0.474710 -0.006918 0.040572
-0.457654 -0.007129 0.031049
-0.467319 0.019258 0.068337
-0.461319 0.034803 0.036658
-0.429103 -0.017619 0.077627
-0.449116 0.026716 0.081168
-0.486837 0.012741 0.030750
-0.479991 -0.001640 0.032815
-0.481629 0.028341 0.036322
-0.442633 0.026009 0.043943
-0.453949 0.036988 0.041251
-0.455405 0.024587 0.072100
-0.477313 0.001268 0.030829
-0.464247 0.035918 0.032292
-0.431283 -0.009703 0.060281
-0.454403 -0.020229 0.091570
-0.439799 -0.025612 0.084199
-0.423311 0.005249 0.073259
-0.462563 -0.013034 0.073235
-0.460392 -0.010646 0.028501
-0.437094 0.026211 0.056705
-0.438556 0.024144 0.025495
-0.489016 0.029760 0.017454
-0.469830 0.040359 0.015782
-0.426697 -0.009756 0.070355
-0.445027 0.006181 0.019520
-0.462625 -0.008173 0.099758
-0.471293 -0.000676 0.067905
-0.464092 -0.010405 0.052916
-0.429906 0.004773 0.063590
-0.443004 0.023668 0.091832
-0.457647 0.013068 0.096697
-0.433139 0.018767 0.044091
-0.446156 0.034783 0.029336
-0.431884 0.003603 0.044171
-0.459444 0.040145 0.031553
-0.444327 0.023133 0.076891
-0.458361 0.010408 0.103645
-0.447365 0.029263 0.047032
-0.486427 0.011806 0.031832
-0.474850 0.003279 0.056246
-0.466820 0.013586 0.077766
-0.443279 -0.015359 0.052667
-0.473273 0.022220 0.051825
-0.456801 0.043915 0.005586
-0.436026 -0.005527 0.055213
-0.460963 -0.004082 0.019920
-0.467877 0.037353 0.038749
-0.466251 -0.007437 0.017559
-0.469515 -0.006027 0.042554
-0.471363 -0.009590 0.066835
-0.469688 0.027940 0.059047
-0.462837 -0.002818 0.015210
-0.467858 0.040714 0.028928
-0.456975 -0.022623 0.084513
-0.444151 -0.009430 0.037601
-0.468307 -0.006872 0.094124
-0.475516 0.000056 0.042390
-0.477552 0.017282 0.047094
-0.457659 0.034627 0.036323
-0.473167 -0.004135 0.074425
-0.444631 0.032440 0.046156
-0.424115 -0.009181 0.075894
-0.474083 -0.005280 0.066197
-0.451810 0.018520 0.103949
-0.491007 0.025715 0.015431
-0.435515 0.011261 0.029591
-0.461352 -0.013722 0.090683
-0.483177 0.033881 0.024745
-0.428137 -0.009247 0.077611
-0.467886 0.022701 0.072133
-0.454467 -0.006245 0.017770
-0.439521 0.015948 0.015418
-0.420436 -0.005936 0.083380
-0.457761 0.039301 0.034108
-0.435633 0.018433 0.056843
-0.470243 -0.004898 0.061597
-0.466358 0.015508 0.087070
-0.450475 0.030164 0.049654
-0.457207 -0.007028 0.017706
-0.426126 -0.009511 0.082755
-0.463278 0.017440 0.089764
-0.424819 0.011021 0.073766
-0.431478 -0.008044 0.057451
-0.469413 0.041361 0.012610
-0.446472 0.021622 0.005825
-0.471998 0.033076 0.033569
-0.464240 0.005561 0.103993
-0.472515 0.005295 0.067224
-0.473613 -0.004541 0.071170
-0.482713 0.013038 0.046121
-0.466616 0.001739 0.101052
-0.437609 0.004917 0.039407
-0.448645 0.004122 0.014941
-0.444231 0.030155 0.061683
-0.442324 -0.021893 0.084778
-0.480819 0.034531 0.017136
-0.473769 0.040425 0.013069
-0.484874 0.028495 0.017546
-0.446026 0.029270 0.031937
-0.463626 0.043766 0.018566
-0.489035 0.028450 0.011847
-0.435298 0.017597 0.031927
-0.483197 0.007582 0.016414
-0.443387 0.021611 0.083103
-0.429876 -0.009483 0.073969
-0.457239 0.033563 0.040601
-0.438192 0.003180 0.027899
-0.487064 0.027615 0.024567
-0.464924 0.000766 0.102871
-0.447897 0.036016 0.030042
-0.490653 0.017161 0.010265
-0.433863 0.023035 0.070480
-0.460896 0.007501 0.098984
-0.458619 -0.016380 0.079079
-0.433840 0.003636 0.038661
-0.455523 -0.020850 0.069419
-0.460060 -0.013975 0.064615
-0.483053 0.007148 0.014780
-0.434276 0.023091 0.075475
-0.441909 -0.003704 0.029945
-0.448818 -0.018975 0.059159
-0.438747 0.013815 0.032748
-0.452967 0.038563 0.031073
-0.426562 -0.005692 0.078054
-0.453101 -0.004330 0.014378
-0.442581 0.022044 0.098095
-0.439468 0.021159 0.016971
-0.487179 0.018739 0.030241
-0.467488 -0.012799 0.084123
-0.463126 0.014283 0.084545
-0.432667 0.015711 0.068094
-0.461171 -0.013330 0.039669
-0.481829 0.020849 0.044559
-0.463561 0.006230 0.093967
-0.434346 0.023272 0.055213
-0.428358 0.002633 0.068973
-0.479117 0.004095 0.056849
-0.426124 0.015656 0.095569
-0.488216 0.007829 0.009698
-0.467720 -0.007093 0.041757
-0.421632 -0.005716 0.079722
-0.457396 -0.003824 0.012400
-0.471003 -0.004708 0.054232
-0.447606 -0.017385 0.054652
-0.422832 -0.012085 0.087310
-0.480217 0.022914 0.046465
-0.451598 0.025887 0.083298
-0.452523 -0.023105 0.076733
-0.480964 0.019259 0.036058
-0.466115 0.039862 0.032441
-0.438569 -0.000800 0.043111
-0.441889 0.022776 0.008025
-0.474447 0.008513 0.060510
-0.430941 0.011219 0.064371
-0.445228 -0.021592 0.069000
-0.455757 -0.006458 0.017193
-0.468360 0.030793 0.043446
-0.488111 0.029868 0.012100
-0.485156 0.024708 0.032307
-0.440966 0.029216 0.055872
-0.484225 0.009354 0.016659
-0.472536 -0.005199 0.075724
-0.454260 -0.010251 0.042455
-0.483565 0.013231 0.027380
-0.452071 0.035043 0.008550
-0.471061 -0.006858 0.020189
-0.473372 -0.006989 0.064357
-0.478596 0.029950 0.029134
-0.470283 0.009677 0.085021
-0.464601 -0.009233 0.046000
-0.476558 0.024290 0.041894
-0.453941 0.023480 0.076331
-0.483844 0.023143 0.025213
-0.482576 0.000923 0.024786
-0.440697 0.005958 0.030281
-0.447220 0.011208 0.008065
-0.461055 -0.019870 0.083797
-0.464293 0.018983 0.085193
-0.427241 0.012595 0.063716
-0.453008 0.031727 0.062913
-0.427961 0.000753 0.057353
-0.438347 0.025772 0.031932
-0.438009 0.021409 0.055050
-0.429399 -0.015817 0.084731
-0.460551 -0.011607 0.032189
-0.465097 0.019036 0.072818
-0.473366 0.038947 0.017462
-0.425680 0.014425 0.080832
-0.480722 -0.000552 0.034470
-0.430681 0.018907 0.061245
-0.461765 0.030362 0.050856
-0.457399 -0.014392 0.060665
-0.442971 0.017358 0.101156
-0.454903 -0.019700 0.089312
-0.466957 0.031087 0.044304
-0.431146 0.012707 0.045783
-0.438445 0.024634 0.081657
-0.472566 0.001711 0.081618
-0.429037 -0.001497 0.055892
-0.441730 0.000263 0.034805
-0.439370 -0.026225 0.086323
-0.426509 0.006614 0.061210
-0.442539 -0.002846 0.038156
-0.425580 0.002341 0.079243
-0.447254 -0.023277 0.074476
-0.457621 0.027886 0.060801
-0.452677 0.033002 0.057865
-0.439396 -0.017334 0.073501
-0.433991 0.004409 0.037647
-0.434591 -0.020023 0.074203
-0.453149 0.040461 0.017857
-0.469647 0.027142 0.049763
-0.451429 -0.007914 0.037085
-0.459436 -0.013542 0.039542
-0.445697 0.028691 0.041972
-0.464618 0.012643 0.083893
-0.475510 0.000765 0.046330
-0.433153 0.020593 0.049369
-0.479792 0.037532 0.012966
-0.434698 0.023459 0.052273
-0.419508 -0.007705 0.087564
-0.438785 0.022015 0.066613
-0.460823 0.014717 0.098991
-0.456008 -0.015335 0.063491
-0.440747 0.025743 0.016763
-0.426630 0.012322 0.066492
-0.430286 -0.014989 0.070817
-0.473762 -0.006077 0.022536
-0.479925 0.016818 0.053031
-0.439413 -0.003491 0.034317
-0.443944 0.025594 0.061908
-0.466413 -0.006669 0.014469
-0.473717 0.006336 0.062993
-0.449298 0.037579 0.022285
-0.487618 0.006997 0.009769
-0.479597 0.003452 0.054011
-0.453287 -0.021076 0.093211
-0.446576 0.035292 0.017208
-0.429716 -0.020699 0.082594
-0.441160 0.030138 0.040767
-0.464983 0.040461 0.030897
-0.445486 -0.002540 0.032415
-0.432691 0.015176 0.064843
-0.462100 -0.017336 0.063706
-0.457937 0.031472 0.048774
-0.443140 0.026407 0.047359
-0.463483 0.041666 0.009307
-0.436237 0.018170 0.028364
-0.446197 -0.009549 0.046586
-0.466747 0.020971 0.066428
-0.454028 0.038354 0.034420
-0.466770 0.045773 0.009539
-0.429023 0.007398 0.052110
-0.469608 -0.006303 0.050829
-0.461349 0.026544 0.073413
-0.433659 0.000530 0.041932
