ply
format ascii 1.0
element vertex 7500
property float x
property float y
property float z
end_header
-0.602512 0.168403 -0.028553
-0.497333 0.240401 -0.037711
-0.441977 0.199070 -0.028684
-0.500384 0.014339 -0.029255
-0.548710 0.037074 -0.024746
-0.624376 -0.006715 -0.024125
-0.516078 0.244125 -0.029935
-0.553612 0.214170 -0.029411
-0.552296 0.248959 -0.030312
-0.631373 0.024932 -0.025001
-0.410758 0.079680 -0.024906
-0.700559 0.147816 -0.032620
-0.600685 0.084754 -0.026353
-0.416896 0.145241 -0.031457
-0.404461 0.116677 -0.025829
-0.654948 0.194232 -0.037594
-0.664826 0.110465 -0.027469
-0.589141 0.179854 -0.028760
-0.685388 0.161907 -0.036960
-0.635357 0.070178 -0.034215
-0.537157 -0.002715 -0.025995
-0.402277 0.099947 -0.033380
-0.579353 0.232241 -0.030062
-0.627797 0.209638 -0.029806
-0.528445 0.163348 -0.027908
-0.583538 0.038688 -0.033033
-0.658016 0.097330 -0.027079
-0.694335 0.163420 -0.029058
-0.549748 0.138278 -0.027400
-0.429417 0.110760 -0.025847
-0.549083 0.169662 -0.028216
-0.583637 -0.001881 -0.031972
-0.560994 0.171422 -0.036347
-0.605416 0.220203 -0.029928
-0.632123 0.011395 -0.032655
-0.494989 0.093675 -0.033858
-0.490399 0.098654 -0.033956
-0.580383 0.109959 -0.026871
-0.503999 0.107781 -0.026286
-0.582800 0.045730 -0.033212
-0.592600 0.219530 -0.029821
-0.664320 0.109260 -0.035437
-0.559581 0.250924 -0.030414
-0.472983 0.073062 -0.033166
-0.608440 0.058958 -0.033735
-0.603299 -0.010723 -0.023874
-0.635371 0.203887 -0.037711
-0.482405 0.185512 -0.028169
-0.493312 0.225581 -0.037295
-0.563943 -0.006663 -0.023708
-0.587807 0.125858 -0.027339
-0.532158 0.224421 -0.037534
-0.595541 0.096103 -0.026614
-0.536094 0.272474 -0.031133
-0.486698 0.024363 -0.031988
-0.454075 0.109498 -0.033988
-0.587784 -0.019264 -0.031547
-0.522391 0.045277 -0.024779
-0.574801 0.161313 -0.036179
-0.574499 0.254434 -0.035528
-0.487801 0.044743 -0.032528
-0.613168 0.198018 -0.037404
-0.518429 0.242819 -0.037920
-0.649736 0.204326 -0.029819
-0.562541 0.062609 -0.033513
-0.561277 0.226428 -0.029785
-0.589920 0.238636 -0.038305
-0.582442 0.019898 -0.024531
-0.687804 0.138570 -0.036366
-0.616262 0.154342 -0.036283
-0.556976 0.152876 -0.027832
-0.615026 -0.026182 -0.023551
-0.511193 0.034882 -0.032432
-0.541576 0.078206 -0.025773
-0.481940 0.059914 -0.032884
-0.636793 0.033919 -0.033277
-0.630562 0.210763 -0.029855
-0.549455 0.094256 -0.026247
-0.676180 0.147782 -0.028524
-0.589020 0.035253 -0.032981
-0.516802 0.237846 -0.029776
-0.596317 -0.009049 -0.031873
-0.610630 0.088412 -0.034520
-0.642950 0.037936 -0.025421
-0.533963 0.108778 -0.034522
-0.471549 0.209504 -0.028721
-0.550779 0.144968 -0.027582
-0.546304 0.108617 -0.026601
-0.558877 0.176140 -0.036456
-0.575336 0.167692 -0.028346
-0.558871 0.080853 -0.025961
-0.611493 -0.022236 -0.023630
-0.535088 -0.001876 -0.030286
-0.638564 0.027798 -0.025126
-0.549563 0.127469 -0.027116
-0.660878 0.142037 -0.028267
-0.449007 0.163058 -0.035354
-0.521154 0.009531 -0.023835
-0.655186 0.103222 -0.027213
-0.606288 0.048498 -0.025444
-0.628208 0.106020 -0.035102
-0.641699 0.196827 -0.037570
-0.709807 0.172363 -0.029399
-0.532000 0.050354 -0.024978
-0.432771 0.112301 -0.033914
-0.431141 0.123069 -0.026181
-0.514192 0.049269 -0.032829
-0.565662 0.124744 -0.027156
-0.457481 0.232287 -0.032267
-0.546025 0.230407 -0.029783
-0.452601 0.187452 -0.028013
-0.492559 0.018112 -0.025027
-0.510298 0.212232 -0.029061
-0.612908 -0.038185 -0.030880
-0.568754 0.163550 -0.028192
-0.633266 0.059788 -0.033929
-0.480751 0.058729 -0.024842
-0.407448 0.115933 -0.033834
-0.546772 0.097222 -0.026306
-0.574394 0.161947 -0.036192
-0.565952 0.081128 -0.034021
-0.519810 0.045094 -0.032759
-0.614268 0.131639 -0.027673
-0.540269 0.179969 -0.028425
-0.506760 0.281178 -0.038842
-0.609215 0.233565 -0.038306
-0.452571 0.047400 -0.024351
-0.457213 0.122938 -0.034361
-0.633830 0.214928 -0.037989
-0.431319 0.096181 -0.033482
-0.620522 0.177091 -0.028905
-0.614060 0.184497 -0.029054
-0.421188 0.070143 -0.024728
-0.513737 0.262293 -0.030394
-0.593531 0.227695 -0.038044
-0.466195 0.082663 -0.033370
-0.658559 0.139539 -0.028186
-0.419053 0.149471 -0.026788
-0.619723 0.138676 -0.027895
-0.619262 0.129967 -0.035667
-0.643250 0.222236 -0.030243
-0.453076 0.106142 -0.025890
-0.584755 0.027353 -0.024742
-0.548779 0.193578 -0.036842
-0.420776 0.070386 -0.032735
-0.450115 0.046451 -0.024309
-0.434236 0.182462 -0.029030
-0.578784 0.055025 -0.025424
-0.527516 0.017371 -0.032087
-0.579699 -0.019242 -0.023488
-0.639609 0.017130 -0.028018
-0.622155 -0.005205 -0.032152
-0.585649 0.247861 -0.038517
-0.455071 0.215807 -0.028772
-0.494321 0.164983 -0.035718
-0.513240 0.144057 -0.027298
-0.432126 0.071290 -0.024834
-0.556532 0.231515 -0.037888
-0.566296 0.105238 -0.026651
-0.629189 0.229018 -0.032508
-0.664934 0.110378 -0.035471
-0.595537 0.130440 -0.035515
-0.456030 0.082187 -0.033287
-0.531522 0.037414 -0.024636
-0.520207 0.084567 -0.025791
-0.620701 0.123027 -0.035495
-0.601762 0.224713 -0.038023
-0.561070 0.072373 -0.025755
-0.596174 0.104557 -0.026840
-0.658515 0.093613 -0.034988
-0.636839 0.124589 -0.035648
-0.639215 0.088223 -0.026710
-0.616164 0.024358 -0.032884
-0.423328 0.087961 -0.033212
-0.571788 0.004510 -0.024055
-0.512483 0.060634 -0.025112
-0.447601 0.206048 -0.028465
-0.577859 0.126285 -0.027281
-0.537337 0.089516 -0.026039
-0.559820 0.212705 -0.029416
-0.635839 0.118264 -0.027473
-0.512467 0.200782 -0.036779
-0.540069 0.168502 -0.036126
-0.502283 0.201808 -0.028733
-0.451184 0.118668 -0.026205
-0.493228 0.235855 -0.037563
-0.592544 0.113016 -0.035039
-0.615649 0.052123 -0.025603
-0.539949 0.139541 -0.027365
-0.530467 0.180747 -0.028377
-0.496914 0.227250 -0.037364
-0.577021 0.117420 -0.035046
-0.485600 0.057280 -0.032841
-0.441815 0.198439 -0.036229
-0.571384 0.061683 -0.025547
-0.569681 0.186032 -0.028787
-0.677225 0.097762 -0.032754
-0.631097 0.142235 -0.028067
-0.495489 0.109056 -0.026260
-0.511723 0.131062 -0.026948
-0.467389 0.086741 -0.033485
-0.467662 0.212711 -0.036781
-0.612786 0.166734 -0.028580
-0.595236 0.188878 -0.037041
-0.499716 0.159547 -0.027610
-0.574795 0.170919 -0.028427
-0.389825 0.069790 -0.024502
-0.440329 0.126115 -0.034327
-0.487153 0.052480 -0.032726
-0.525247 0.140398 -0.027286
-0.444697 0.146300 -0.034885
-0.574533 0.109793 -0.034830
-0.623626 0.180169 -0.037010
-0.534833 0.207607 -0.029110
-0.531593 0.155884 -0.035738
-0.638326 0.069264 -0.034211
-0.498160 0.035902 -0.024366
-0.634201 0.138647 -0.035997
-0.539450 0.121628 -0.026893
-0.651953 0.095860 -0.026998
-0.575614 0.121407 -0.027138
-0.469242 0.101355 -0.033880
-0.592482 0.236436 -0.038265
-0.506929 0.116771 -0.034544
-0.411273 0.072098 -0.024711
-0.554370 0.151355 -0.027774
-0.648588 0.105443 -0.035228
-0.668300 0.196073 -0.037735
-0.478999 0.277516 -0.030551
-0.547516 0.118469 -0.034869
-0.633323 0.176853 -0.028987
-0.577955 0.078753 -0.034042
-0.500260 0.033904 -0.032331
-0.590420 0.022511 -0.024654
-0.621014 0.156882 -0.036383
-0.508242 0.242300 -0.029833
-0.565929 0.205863 -0.037282
-0.600187 0.038525 -0.025141
-0.604490 -0.033424 -0.031292
-0.561095 0.131298 -0.027296
-0.629169 0.173948 -0.036885
-0.532866 0.111407 -0.026580
-0.599284 0.007902 -0.024334
-0.629097 0.038860 -0.033352
-0.567463 0.039953 -0.024951
-0.552781 0.218354 -0.029515
-0.493217 0.255034 -0.030062
-0.568733 0.086853 -0.026187
-0.545131 0.159696 -0.035931
-0.524655 0.049323 -0.024900
-0.641158 0.043465 -0.033556
-0.674420 0.118409 -0.035746
-0.545467 0.111303 -0.026665
-0.585210 -0.003188 -0.023946
-0.529181 0.103883 -0.034361
-0.563544 0.025017 -0.032537
-0.638885 0.119652 -0.027530
-0.407739 0.113015 -0.033759
-0.592656 0.167970 -0.028473
-0.611812 0.079812 -0.026301
-0.589328 0.110634 -0.026951
-0.659025 0.165488 -0.036871
-0.472126 0.057103 -0.024740
-0.471413 0.162311 -0.035489
-0.595938 0.129082 -0.035482
-0.520586 0.102285 -0.034260
-0.484866 0.139845 -0.026992
-0.584907 0.205976 -0.037417
-0.600737 0.010814 -0.032423
-0.712073 0.172458 -0.037349
-0.561961 0.206059 -0.029257
-0.583764 0.031223 -0.024836
-0.559924 0.165015 -0.036172
-0.503736 0.200994 -0.028721
-0.560690 0.042757 -0.024978
-0.435537 0.059830 -0.024558
-0.420373 0.079243 -0.024961
-0.408322 0.067184 -0.032565
-0.699864 0.157553 -0.028943
-0.592337 0.080255 -0.026178
-0.627049 0.028279 -0.033062
-0.559832 0.187759 -0.028764
-0.440625 0.081782 -0.025167
-0.550179 0.075190 -0.033756
-0.584036 0.060934 -0.025615
-0.481244 0.122054 -0.026502
-0.582354 0.249769 -0.038544
-0.525634 0.044532 -0.024782
-0.586734 0.198337 -0.029226
-0.617360 0.171403 -0.036737
-0.621286 0.119383 -0.035404
-0.553322 0.166877 -0.036175
-0.618055 -0.027651 -0.031537
-0.547189 0.058696 -0.033304
-0.535954 0.071249 -0.033555
-0.648381 0.162981 -0.028729
-0.532037 0.180052 -0.036373
-0.618929 0.076755 -0.026270
-0.581234 0.189484 -0.028957
-0.545549 0.000926 -0.023779
-0.522332 0.096432 -0.026116
-0.457225 0.228373 -0.029115
-0.456804 0.230812 -0.034244
-0.557709 0.138978 -0.027473
-0.627713 0.226809 -0.030255
-0.405887 0.072796 -0.024692
-0.431787 0.158719 -0.027118
-0.674715 0.143421 -0.028399
-0.522530 0.116444 -0.026641
-0.616128 0.030110 -0.033034
-0.476789 0.126438 -0.034588
-0.549214 0.124388 -0.035036
-0.546096 0.199185 -0.028967
-0.413565 0.063968 -0.032517
-0.491695 0.173474 -0.027918
-0.531514 0.208687 -0.037118
-0.649125 0.182715 -0.029250
-0.426246 0.130501 -0.034345
-0.663184 0.185334 -0.037419
-0.628421 0.117064 -0.027390
-0.443562 0.152521 -0.027037
-0.518261 0.040320 -0.032623
-0.588050 0.092603 -0.026471
-0.489834 0.291756 -0.039001
-0.593508 0.219845 -0.029836
-0.670729 0.087703 -0.034918
-0.641128 0.160603 -0.036619
-0.488082 0.201321 -0.028622
-0.643231 0.140302 -0.036103
-0.478625 0.083857 -0.033488
-0.611605 0.143534 -0.027966
-0.503456 0.151176 -0.035420
-0.640418 0.059738 -0.033977
-0.496055 0.016471 -0.025387
-0.587640 0.172231 -0.036553
-0.667252 0.088070 -0.026900
-0.584615 0.069401 -0.025840
-0.573072 0.251773 -0.030529
-0.450738 0.126661 -0.034414
-0.436374 0.180319 -0.027715
-0.626325 -0.011344 -0.026306
-0.532153 0.186184 -0.028531
-0.421812 0.145874 -0.026713
-0.490848 0.124013 -0.026619
-0.635645 0.165387 -0.028703
-0.532275 0.178163 -0.036325
-0.557482 0.205798 -0.037222
-0.466755 0.248222 -0.029700
-0.435276 0.075098 -0.032958
-0.550456 0.008422 -0.024009
-0.547506 0.099455 -0.026369
-0.460770 0.127618 -0.034508
-0.568923 0.150104 -0.027842
-0.465168 0.159089 -0.027359
-0.455486 0.140172 -0.034800
-0.699693 0.169409 -0.037255
-0.629234 0.184481 -0.029158
-0.602427 0.069919 -0.025977
-0.673203 0.165660 -0.036973
-0.638666 0.190189 -0.037376
-0.500855 0.078143 -0.025489
-0.602581 0.212225 -0.029699
-0.406427 0.073885 -0.032727
-0.516146 0.250948 -0.038117
-0.495530 0.202185 -0.036699
-0.532621 -0.000722 -0.030154
-0.519316 0.121504 -0.026751
-0.486348 0.268045 -0.038357
-0.496700 0.076979 -0.025430
-0.525533 0.141289 -0.035314
-0.518838 0.048680 -0.032846
-0.569619 0.041296 -0.033004
-0.642260 0.201584 -0.037699
-0.428772 0.168548 -0.027354
-0.495478 0.172465 -0.027918
-0.636794 0.173837 -0.028932
-0.546726 0.150754 -0.035708
-0.534781 0.082640 -0.033844
-0.663533 0.096381 -0.035095
-0.462843 0.094082 -0.033646
-0.458370 0.234177 -0.033713
-0.446991 0.117523 -0.034149
-0.685400 0.119866 -0.027857
-0.607582 0.184685 -0.037017
-0.534858 0.095507 -0.026178
-0.668107 0.154877 -0.028653
-0.489434 0.052054 -0.032731
-0.660907 0.065827 -0.034278
-0.618910 0.055793 -0.025722
-0.501612 0.220334 -0.029212
-0.587502 0.015482 -0.024450
-0.476199 0.121367 -0.026449
-0.488322 0.189824 -0.028323
-0.517865 0.080063 -0.025657
-0.565912 0.009800 -0.024152
-0.577419 0.169655 -0.036415
-0.692469 0.183040 -0.029558
-0.456619 0.141307 -0.034837
-0.627339 0.124746 -0.035586
-0.524589 0.079512 -0.033692
-0.458321 0.162537 -0.035404
-0.551579 0.100213 -0.026417
-0.463240 0.113719 -0.034162
-0.657311 0.055041 -0.033305
-0.582561 0.047893 -0.033267
-0.448008 0.057856 -0.024593
-0.461401 0.156781 -0.035275
-0.504100 0.093884 -0.025923
-0.521132 0.270059 -0.038651
-0.521100 0.227934 -0.029546
-0.633708 0.076360 -0.026362
-0.524306 0.187030 -0.028499
-0.585136 0.007098 -0.024215
-0.636106 0.181104 -0.029118
-0.528539 0.032273 -0.024481
-0.640960 0.150599 -0.028354
-0.627896 0.095496 -0.026822
-0.608110 0.038912 -0.025206
-0.582289 0.159351 -0.028176
-0.682428 0.137655 -0.036305
-0.630493 0.041335 -0.033427
-0.485819 0.161387 -0.035565
-0.514495 0.100370 -0.026165
-0.487558 0.179676 -0.036055
-0.546340 0.232037 -0.029828
-0.550125 0.169060 -0.028208
-0.634527 0.166304 -0.028720
-0.616047 0.219486 -0.029982
-0.555624 0.157254 -0.035940
-0.636363 0.187726 -0.029293
-0.533937 0.115551 -0.034699
-0.430939 0.129711 -0.026354
-0.449437 0.135606 -0.026636
-0.634322 0.216084 -0.030020
-0.681038 0.177393 -0.029332
-0.517177 0.012727 -0.031894
-0.642052 0.101983 -0.035093
-0.390129 0.083224 -0.032858
-0.506370 0.283479 -0.038900
-0.500889 0.159158 -0.027608
-0.464490 0.244667 -0.029592
-0.506015 0.151852 -0.035455
-0.520786 0.047439 -0.024824
-0.513694 0.242538 -0.029877
-0.562531 0.182195 -0.028637
-0.600116 0.077069 -0.026148
-0.462337 0.038248 -0.032182
-0.587879 -0.017992 -0.031580
-0.588605 0.141695 -0.035761
-0.407260 0.101863 -0.033464
-0.530042 0.208437 -0.029098
-0.485542 0.058870 -0.024879
-0.554825 0.208325 -0.029267
-0.633711 0.150079 -0.036293
-0.490492 0.139022 -0.027009
-0.627476 0.169601 -0.028757
-0.583504 0.011425 -0.024317
-0.481057 0.089709 -0.033657
-0.619897 0.181788 -0.037026
-0.556904 0.124276 -0.027083
-0.547042 0.040973 -0.024837
-0.591634 0.246379 -0.037692
-0.613158 0.213192 -0.037801
-0.521569 0.250842 -0.030148
-0.541703 0.109903 -0.026602
-0.409916 0.125378 -0.026095
-0.450011 0.130525 -0.034510
-0.409476 0.086125 -0.033068
-0.419778 0.070908 -0.032742
-0.623499 0.115878 -0.027325
-0.609339 0.186543 -0.037077
-0.637397 0.190189 -0.037367
-0.564768 0.217793 -0.029583
-0.453159 0.114485 -0.034112
-0.563903 0.222409 -0.037701
-0.556704 0.070296 -0.025670
-0.574009 0.003936 -0.024055
-0.597933 0.116454 -0.035166
-0.546927 0.181766 -0.036521
-0.618046 0.225997 -0.038169
-0.456227 0.065540 -0.032854
-0.493447 0.181621 -0.028144
-0.525040 0.050079 -0.032926
-0.587109 0.114065 -0.035028
-0.583166 0.209816 -0.029502
-0.549328 0.256844 -0.030497
-0.689670 0.182003 -0.029512
-0.479902 0.080423 -0.033407
-0.538887 0.262058 -0.030562
-0.587493 0.234879 -0.030187
-0.627426 0.029618 -0.033099
-0.608643 -0.020877 -0.031649
-0.475382 0.193312 -0.028324
-0.489452 0.173912 -0.027914
-0.547702 0.253905 -0.030409
-0.412751 0.056200 -0.032308
-0.567106 0.197116 -0.029059
-0.659055 0.073904 -0.026473
-0.447687 0.053376 -0.032476
-0.601188 0.116806 -0.027195
-0.664428 0.169887 -0.037023
-0.442829 0.076719 -0.025050
-0.627053 0.095383 -0.026813
-0.602141 0.215802 -0.037793
-0.687589 0.120037 -0.028912
-0.568487 -0.011958 -0.031604
-0.632302 0.200514 -0.037602
-0.636911 0.041060 -0.025461
-0.581315 0.000979 -0.024028
-0.505256 0.107472 -0.026286
-0.510896 0.168196 -0.027913
-0.457556 0.038964 -0.032168
-0.480603 0.057586 -0.024811
-0.554368 0.232183 -0.029887
-0.572180 0.156903 -0.036045
-0.594234 0.055086 -0.025532
-0.508639 0.025768 -0.032176
-0.538404 0.044742 -0.024876
-0.694257 0.138865 -0.036419
-0.498813 0.158621 -0.035582
-0.526980 0.033742 -0.032512
-0.496712 0.110480 -0.026306
-0.574948 0.209693 -0.037445
-0.644365 0.027313 -0.029645
-0.569635 -0.014175 -0.031554
-0.631469 0.198254 -0.029534
-0.547846 0.212803 -0.029336
-0.515117 0.068972 -0.033351
-0.544706 0.168626 -0.028159
-0.615472 -0.032830 -0.031384
-0.561666 0.121454 -0.027043
-0.593420 0.006656 -0.024260
-0.601494 0.032630 -0.024996
-0.630724 0.173879 -0.036894
-0.712501 0.186065 -0.037779
-0.509045 0.180645 -0.036229
-0.680269 0.166352 -0.037040
-0.484140 0.085432 -0.033567
-0.479995 0.257667 -0.038042
-0.536671 0.076199 -0.025686
-0.604093 0.056622 -0.025641
-0.638003 0.027235 -0.033110
-0.682097 0.138842 -0.036334
-0.411668 0.115167 -0.025840
-0.599558 0.165934 -0.028468
-0.425627 0.143250 -0.034674
-0.589697 0.197798 -0.037236
-0.530515 0.157560 -0.027771
-0.443274 0.099389 -0.025646
-0.484818 0.097523 -0.025885
-0.506882 0.087201 -0.033771
-0.426409 0.061144 -0.032532
-0.551473 0.035112 -0.032717
-0.611384 0.230640 -0.038245
-0.644746 0.191855 -0.029459
-0.527047 0.219450 -0.037368
-0.534586 0.122678 -0.026887
-0.595065 0.151629 -0.036066
-0.488863 0.256979 -0.030082
-0.476662 0.220117 -0.029034
-0.425467 0.112279 -0.025860
-0.555300 0.013738 -0.024182
-0.613506 0.232005 -0.038295
-0.444286 0.157422 -0.035173
-0.521559 0.134007 -0.035096
-0.588823 0.193569 -0.037119
-0.656297 0.180720 -0.029247
-0.616244 0.167390 -0.036624
-0.629099 0.131664 -0.027776
-0.418497 0.052478 -0.030934
-0.519918 0.093096 -0.034015
-0.459986 0.063469 -0.032825
-0.577288 0.240337 -0.038262
-0.528133 0.070330 -0.033476
-0.574207 0.189425 -0.036910
-0.441618 0.148179 -0.034913
-0.615018 0.101279 -0.026884
-0.539373 0.080654 -0.033824
-0.586862 0.123582 -0.035275
-0.635323 0.196829 -0.029523
-0.562974 0.197020 -0.029028
-0.512590 0.140235 -0.027194
-0.678045 0.192369 -0.037705
-0.455357 0.138613 -0.026755
-0.546506 0.165793 -0.028097
-0.623599 0.144907 -0.028085
-0.433346 0.155888 -0.027055
-0.601972 0.238172 -0.038377
-0.504911 0.228074 -0.037441
-0.587750 0.068321 -0.033837
-0.466058 0.035195 -0.024125
-0.691883 0.132158 -0.036227
-0.609134 0.097659 -0.026749
-0.546418 0.052641 -0.033141
-0.559853 0.142411 -0.027578
-0.484974 0.025137 -0.031996
-0.534945 0.150138 -0.027608
-0.681028 0.111105 -0.035601
-0.576999 0.016980 -0.024417
-0.553693 0.256477 -0.038521
-0.717500 0.184147 -0.033283
-0.649296 0.191818 -0.029489
-0.471512 0.183747 -0.028047
-0.549589 0.186762 -0.028667
-0.471862 0.106678 -0.026035
-0.442200 0.105148 -0.025789
-0.397363 0.098200 -0.033300
-0.454784 0.164284 -0.027423
-0.718602 0.186462 -0.037504
-0.532541 0.151754 -0.035636
-0.591381 -0.000179 -0.032071
-0.431394 0.052673 -0.032345
-0.524866 0.229589 -0.037618
-0.677614 0.133288 -0.036157
-0.608799 0.179318 -0.028882
-0.634515 0.144643 -0.036156
-0.520166 0.225677 -0.029481
-0.575771 0.253385 -0.038593
-0.522272 0.238576 -0.037835
-0.551751 0.140447 -0.027471
-0.447156 0.201426 -0.028341
-0.592105 0.056661 -0.033562
-0.497313 0.236618 -0.037611
-0.644714 0.214092 -0.030040
-0.654203 0.168951 -0.028925
-0.492288 0.180566 -0.036111
-0.565781 0.161125 -0.028108
-0.605448 0.127662 -0.035511
-0.644630 0.085575 -0.026679
-0.533362 0.233507 -0.029777
-0.533847 0.135717 -0.035226
-0.481267 0.090107 -0.025666
-0.557924 -0.012366 -0.024827
-0.549392 0.191741 -0.036798
-0.439048 0.105574 -0.033781
-0.499227 0.279566 -0.030745
-0.435897 0.067134 -0.032754
-0.614523 0.089339 -0.034572
-0.542057 0.171243 -0.036212
-0.517332 0.180755 -0.028286
-0.504463 0.188117 -0.036393
-0.641798 0.199095 -0.037630
-0.438421 0.083065 -0.025186
-0.608318 0.092685 -0.034616
-0.565385 0.093509 -0.026338
-0.442955 0.186788 -0.027929
-0.462134 0.034205 -0.024072
-0.622386 0.193149 -0.037341
-0.577240 -0.005739 -0.031827
-0.567611 0.046313 -0.033122
-0.470238 0.036824 -0.032200
-0.498843 0.106475 -0.034219
-0.546233 0.041595 -0.024847
-0.538184 0.204677 -0.037059
-0.629298 0.146346 -0.028162
-0.688101 0.129115 -0.028118
-0.437507 0.141147 -0.034701
-0.668446 0.078984 -0.028175
-0.467658 0.108810 -0.034064
-0.523696 0.051472 -0.032953
-0.637753 0.042815 -0.025513
-0.442888 0.127742 -0.034388
-0.668696 0.119393 -0.027729
-0.435732 0.052627 -0.032374
-0.681544 0.176500 -0.037315
-0.637841 0.107548 -0.035209
-0.459369 0.062878 -0.032806
-0.545839 0.206114 -0.037150
-0.531466 0.215407 -0.037293
-0.596121 0.067146 -0.033864
-0.568888 0.096777 -0.026447
-0.614111 -0.011908 -0.031921
-0.647609 0.108089 -0.027288
-0.424260 0.161022 -0.032800
-0.461090 0.103657 -0.033884
-0.524170 0.003325 -0.026551
-0.542463 0.197124 -0.028888
-0.509980 0.272192 -0.038629
-0.609775 0.154268 -0.028234
-0.614774 -0.032997 -0.023371
-0.684479 0.116901 -0.035776
-0.604635 0.190335 -0.037144
-0.539830 0.215858 -0.029360
-0.556803 0.008929 -0.032069
-0.552550 0.155004 -0.035860
-0.573360 0.187766 -0.036860
-0.564073 0.246140 -0.030320
-0.617415 0.124857 -0.027517
-0.592908 0.133381 -0.027571
-0.652849 0.132526 -0.035966
-0.621342 0.227881 -0.038242
-0.533463 0.202359 -0.036966
-0.627073 0.048527 -0.033591
-0.583123 -0.009809 -0.023759
-0.487391 0.163148 -0.027619
-0.444974 0.184120 -0.035876
-0.447655 0.106627 -0.025866
-0.622216 0.000556 -0.032303
-0.630868 0.093417 -0.026788
-0.648768 0.045516 -0.033663
-0.544373 0.122325 -0.026946
-0.631410 -0.000455 -0.027843
-0.452406 0.151786 -0.027079
-0.594433 0.107235 -0.034900
-0.486372 0.029016 -0.032107
-0.594593 0.227239 -0.038040
-0.644196 0.077175 -0.026456
-0.503640 0.256452 -0.038174
-0.568902 0.167390 -0.028294
-0.452860 0.128306 -0.026469
-0.623531 0.090159 -0.026652
-0.498504 0.021327 -0.031990
-0.621857 0.084945 -0.026504
-0.630498 0.087188 -0.034626
-0.540870 0.078325 -0.025771
-0.467980 0.164125 -0.027510
-0.517543 0.091359 -0.025950
-0.619673 -0.024657 -0.023623
-0.441690 0.068016 -0.024815
-0.538535 0.136277 -0.035273
-0.415918 0.110578 -0.033752
-0.582797 0.198433 -0.029202
-0.574606 0.232358 -0.038035
-0.689550 0.162844 -0.037013
-0.561183 0.247240 -0.038331
-0.465356 0.174708 -0.027768
-0.549015 0.107680 -0.026595
-0.590206 0.184533 -0.036892
-0.579998 0.075611 -0.033974
-0.585597 0.065908 -0.033759
-0.513778 0.100494 -0.026163
-0.579870 0.104725 -0.034734
-0.580235 0.215718 -0.029636
-0.567801 0.164901 -0.028221
-0.597352 0.113288 -0.027076
-0.627293 0.073752 -0.034252
-0.616721 0.115517 -0.027268
-0.542729 0.123704 -0.034973
-0.462238 0.098207 -0.033749
-0.586129 0.108244 -0.026866
-0.515839 0.213488 -0.037135
-0.425403 0.133244 -0.026408
-0.588776 0.223653 -0.029903
-0.487686 0.123734 -0.034593
-0.414965 0.141074 -0.033525
-0.453804 0.069872 -0.024947
-0.614796 -0.016837 -0.023794
-0.592207 0.183208 -0.036872
-0.523643 0.039755 -0.024643
-0.587723 0.210941 -0.037566
-0.600644 0.194862 -0.037235
-0.554263 0.116083 -0.026851
-0.607178 0.216602 -0.029846
-0.615002 -0.021415 -0.023676
-0.436956 0.169912 -0.035449
-0.602036 0.210266 -0.029644
-0.507320 0.032029 -0.032331
-0.641144 0.101887 -0.035084
-0.603115 0.186385 -0.029027
-0.551195 0.034736 -0.024702
-0.536496 0.030911 -0.032504
-0.688996 0.189392 -0.037703
-0.553662 0.096182 -0.026326
-0.597050 0.075761 -0.026093
-0.470978 0.128433 -0.034600
-0.556078 0.101838 -0.026491
-0.509989 0.263494 -0.038402
-0.554151 0.033686 -0.024695
-0.598488 -0.016930 -0.023679
-0.541336 0.134190 -0.035238
-0.423608 0.055898 -0.032376
-0.552023 0.187031 -0.028691
-0.649255 0.057830 -0.033988
-0.575313 0.246256 -0.030400
-0.492927 0.289411 -0.030959
-0.511611 0.176352 -0.036135
-0.406365 0.114267 -0.025780
-0.683232 0.110703 -0.027879
-0.595066 0.146775 -0.035939
-0.599136 0.205444 -0.037501
-0.605941 0.015894 -0.032592
-0.639323 0.016506 -0.028896
-0.623731 0.016487 -0.024727
-0.562643 0.198989 -0.037080
-0.620355 0.232082 -0.038345
-0.478404 0.079635 -0.033376
-0.433151 0.087589 -0.025267
-0.614080 0.112232 -0.035167
-0.519882 0.103011 -0.034274
-0.563277 0.053861 -0.033289
-0.553343 0.104172 -0.026533
-0.428835 0.084312 -0.033155
-0.562129 0.179620 -0.036570
-0.453259 0.176282 -0.027726
-0.444914 0.162520 -0.027308
-0.581305 0.130392 -0.035415
-0.502764 0.279510 -0.038771
-0.485824 0.047204 -0.032579
-0.640763 0.051374 -0.033760
-0.624002 0.088458 -0.026611
-0.478968 0.068319 -0.025081
-0.510092 0.230968 -0.029549
-0.433279 0.118327 -0.034075
-0.551250 0.174484 -0.028357
-0.575859 0.249020 -0.030477
-0.431455 0.130094 -0.034370
-0.541300 0.072127 -0.033615
-0.600626 0.077806 -0.034174
-0.505830 0.150612 -0.027418
-0.554117 0.261404 -0.030650
-0.662616 0.197534 -0.037734
-0.560002 0.116250 -0.034898
-0.604139 0.096899 -0.026694
-0.544484 -0.006197 -0.028232
-0.577210 0.040886 -0.033046
-0.682231 0.111313 -0.035615
-0.624568 0.046024 -0.033508
-0.506152 0.018553 -0.023967
-0.519479 0.005973 -0.031734
-0.656002 0.117112 -0.027582
-0.551888 0.240846 -0.030097
-0.563458 0.073731 -0.033810
-0.463121 0.190488 -0.036169
-0.481452 0.054521 -0.024737
-0.624231 0.208989 -0.029765
-0.488175 0.197419 -0.036523
-0.633832 0.183072 -0.037156
-0.467279 0.238612 -0.037456
-0.485291 0.042952 -0.024461
-0.515558 0.050257 -0.032865
-0.623745 0.133500 -0.027787
-0.621352 0.098440 -0.026854
-0.484415 0.219844 -0.037084
-0.423701 0.159796 -0.035061
-0.617129 0.183573 -0.037054
-0.559271 0.064415 -0.025534
-0.538504 -0.003424 -0.028730
-0.478090 0.202499 -0.028583
-0.511125 0.245821 -0.037948
-0.461825 0.038141 -0.024173
-0.669187 0.092021 -0.035020
-0.430764 0.097312 -0.025505
-0.412967 0.126695 -0.034153
-0.645879 0.136753 -0.036028
-0.492806 0.292570 -0.034231
-0.618966 -0.019943 -0.023742
-0.604712 -0.018641 -0.023677
-0.461806 0.196496 -0.028314
-0.681237 0.171742 -0.037188
-0.649211 0.094536 -0.026945
-0.703165 0.153389 -0.034026
-0.622041 0.227508 -0.030234
-0.556070 0.039477 -0.024860
-0.611615 0.028742 -0.032967
-0.394245 0.066505 -0.024447
-0.659445 0.059628 -0.032550
-0.442017 0.097551 -0.025589
-0.634353 0.072476 -0.034268
-0.594922 0.236065 -0.030270
-0.537861 0.183719 -0.036509
-0.710245 0.186596 -0.037777
-0.475934 0.227366 -0.029219
-0.453815 0.068806 -0.032922
-0.632850 0.180556 -0.037084
-0.608883 0.112581 -0.027137
-0.564156 0.127882 -0.027228
-0.453531 0.146595 -0.026951
-0.478503 0.217569 -0.028980
-0.545931 0.021745 -0.032329
-0.597718 0.004419 -0.024232
-0.687598 0.164134 -0.029030
-0.517723 0.241663 -0.029882
-0.453241 0.145353 -0.034920
-0.464549 0.031139 -0.026266
-0.632180 0.201494 -0.029624
-0.670848 0.158685 -0.036775
-0.701412 0.179197 -0.029520
-0.668511 0.086298 -0.026863
-0.448139 0.133438 -0.026570
-0.517714 0.034152 -0.032458
-0.478796 0.134812 -0.026818
-0.671965 0.201278 -0.029893
-0.621341 0.165462 -0.028606
-0.646430 0.065099 -0.026156
-0.629019 0.204179 -0.029672
-0.412314 0.055731 -0.032293
-0.499424 0.101228 -0.034086
-0.462518 0.068493 -0.024971
-0.605535 0.114281 -0.035162
-0.474389 0.088272 -0.025571
-0.526728 0.119941 -0.034764
-0.498837 0.250098 -0.037974
-0.500839 0.081800 -0.033587
-0.629855 0.221274 -0.038128
-0.574869 0.024891 -0.032612
-0.658778 0.094110 -0.027000
-0.590846 0.208852 -0.037533
-0.576114 0.101172 -0.034615
-0.571626 0.205684 -0.029314
-0.590977 -0.018825 -0.023577
-0.546043 0.046368 -0.024971
-0.641995 0.161993 -0.028659
-0.551669 0.118663 -0.026900
-0.651887 0.084027 -0.034691
-0.481269 0.277284 -0.030561
-0.655744 0.198465 -0.029707
-0.436830 0.170198 -0.027453
-0.542915 0.257956 -0.038485
-0.526945 0.073213 -0.033544
-0.658551 0.175885 -0.037139
-0.545572 0.085464 -0.025990
-0.549533 0.190116 -0.028754
-0.643494 0.046104 -0.025639
-0.585350 0.005741 -0.032184
-0.463545 0.038370 -0.032194
-0.475715 0.125252 -0.026547
-0.523465 0.118917 -0.034715
-0.624108 0.118957 -0.035412
-0.432675 0.114095 -0.025957
-0.450777 0.037533 -0.027211
-0.504202 0.087374 -0.033757
-0.698021 0.142382 -0.031621
-0.591162 0.104937 -0.034818
-0.665391 0.209406 -0.030060
-0.483701 0.281526 -0.038692
-0.435528 0.179630 -0.035694
-0.459330 0.088302 -0.025467
-0.559763 -0.002923 -0.023777
-0.608949 0.003037 -0.032276
-0.579884 0.007577 -0.024191
-0.594401 0.185916 -0.036958
-0.578666 0.179347 -0.028674
-0.679372 0.193343 -0.029737
-0.491431 0.070893 -0.033237
-0.496462 0.168036 -0.027809
-0.660763 0.062513 -0.027263
-0.612345 0.154193 -0.036252
-0.433748 0.143926 -0.034748
-0.582705 0.248870 -0.030520
-0.595873 0.188340 -0.029028
-0.490104 0.224723 -0.029248
-0.580580 0.136597 -0.027569
-0.545650 0.237973 -0.037981
-0.452680 0.208067 -0.036556
-0.517026 0.066053 -0.025285
-0.487402 0.083537 -0.033540
-0.652930 0.183662 -0.029301
-0.597392 0.063579 -0.033779
-0.482599 0.223447 -0.029162
-0.608442 0.169241 -0.036619
-0.575773 0.010103 -0.024228
-0.542092 0.129975 -0.035133
-0.522341 0.166381 -0.027945
-0.614464 0.057316 -0.033734
-0.506491 0.100578 -0.034118
-0.442600 0.141044 -0.026731
-0.623404 -0.017095 -0.031850
-0.515426 0.282053 -0.033162
-0.390553 0.069820 -0.024508
-0.484406 0.030876 -0.032142
-0.598034 0.181112 -0.028854
-0.520412 0.139685 -0.027234
-0.554106 0.081895 -0.025956
-0.543465 0.238898 -0.029988
-0.477223 0.256725 -0.037998
-0.585191 0.240684 -0.030323
-0.566012 0.247929 -0.038383
-0.431329 0.070691 -0.024813
-0.481849 0.234485 -0.029446
-0.666948 0.145458 -0.028399
-0.593394 0.217177 -0.029765
-0.642237 0.216556 -0.038090
-0.531227 0.164325 -0.027953
-0.594533 0.097988 -0.026656
-0.477503 0.137108 -0.026869
-0.697856 0.161023 -0.037023
-0.452554 0.126548 -0.026420
-0.611027 -0.006769 -0.024031
-0.478212 0.265656 -0.030236
-0.625991 0.149692 -0.036229
-0.650433 0.083044 -0.026653
-0.430223 0.078459 -0.025008
-0.624316 -0.007535 -0.024103
-0.439027 0.094424 -0.033490
-0.633043 0.182243 -0.037129
-0.639490 0.133187 -0.027888
-0.417875 0.117890 -0.033957
-0.506766 0.242876 -0.037841
-0.468542 0.234977 -0.029366
-0.444289 0.064944 -0.024752
-0.496122 0.230181 -0.029432
-0.636495 0.141138 -0.036078
-0.454500 0.128656 -0.026489
-0.580074 -0.022838 -0.029685
-0.573559 0.183036 -0.028735
-0.396214 0.071630 -0.024594
-0.466127 0.154617 -0.035251
-0.656886 0.099704 -0.035136
-0.586985 0.186879 -0.036932
-0.619248 -0.016230 -0.031844
-0.622480 -0.019614 -0.028306
-0.623065 0.004740 -0.024416
-0.414886 0.072422 -0.032747
-0.675686 0.165253 -0.036980
-0.393396 0.090132 -0.025059
-0.567127 0.003744 -0.024002
-0.463886 0.167383 -0.035570
-0.552274 0.243910 -0.038183
-0.557917 0.262088 -0.038223
-0.562410 0.242148 -0.038207
-0.684488 0.198873 -0.037920
-0.451924 0.220389 -0.030318
-0.416730 0.088830 -0.025186
-0.617363 0.196520 -0.037394
-0.446451 0.165249 -0.035393
-0.592777 -0.009451 -0.023835
-0.648739 0.177696 -0.037119
-0.576074 0.151670 -0.035935
-0.465387 0.039659 -0.024237
-0.588261 0.159525 -0.028222
-0.435216 0.154701 -0.027037
-0.472364 0.178141 -0.027907
-0.539053 0.162580 -0.035964
-0.501270 0.036097 -0.024392
-0.562392 -0.000346 -0.031866
-0.571064 0.025043 -0.032589
-0.583796 0.142135 -0.035739
-0.526137 0.241239 -0.037932
-0.675103 0.116574 -0.035703
-0.465921 0.125545 -0.026487
-0.666906 0.088130 -0.034903
-0.638002 0.162398 -0.028642
-0.662980 0.145421 -0.028371
-0.651777 0.050336 -0.033810
-0.510997 0.052620 -0.032895
-0.410193 0.093174 -0.033257
-0.565189 -0.013174 -0.031549
-0.515294 0.116364 -0.026588
-0.605300 -0.027200 -0.023457
-0.695848 0.173602 -0.037338
-0.413288 0.137559 -0.026471
-0.430050 0.087884 -0.033257
-0.466324 0.220715 -0.036981
-0.559228 0.021818 -0.032423
-0.448852 0.111517 -0.026002
-0.638851 0.179180 -0.029086
-0.627541 0.201593 -0.029594
-0.553015 0.037110 -0.032780
-0.466957 0.177939 -0.035867
-0.438595 0.086798 -0.033287
-0.514901 0.051997 -0.032906
-0.619484 0.077458 -0.034295
-0.563940 0.250442 -0.038434
-0.585415 0.133600 -0.027525
-0.525821 0.101952 -0.034287
-0.610601 0.080246 -0.026304
-0.570228 0.226184 -0.037843
-0.576743 0.088920 -0.026296
-0.633629 0.178204 -0.037028
-0.473830 0.061961 -0.024879
-0.532271 -0.000472 -0.027206
-0.584635 0.177384 -0.036667
-0.604218 0.120279 -0.027306
-0.632144 0.021495 -0.032919
-0.558283 0.040196 -0.024894
-0.527973 0.036628 -0.024591
-0.427163 0.070862 -0.024789
-0.447199 0.050861 -0.032407
-0.603515 0.097756 -0.026713
-0.702475 0.155825 -0.036919
-0.616346 0.184072 -0.037061
-0.688003 0.137723 -0.028342
-0.630083 0.076860 -0.026350
-0.505576 0.248836 -0.037988
-0.506230 0.065787 -0.025203
-0.508853 0.026364 -0.032193
-0.522291 0.132423 -0.027057
-0.520199 0.256222 -0.038282
-0.535751 0.264114 -0.038597
-0.530821 0.028336 -0.024394
-0.468452 0.132028 -0.026674
-0.567619 0.251374 -0.038484
-0.529829 0.096213 -0.034165
-0.629647 0.040171 -0.025388
-0.546046 0.025350 -0.032424
-0.571013 0.096617 -0.034461
-0.542774 0.026450 -0.032430
-0.699011 0.145084 -0.028611
-0.527331 0.065148 -0.033335
-0.443262 0.058608 -0.024580
-0.684991 0.126168 -0.036022
-0.494410 0.261848 -0.030248
-0.654784 0.167915 -0.036905
-0.579358 0.061905 -0.025608
-0.602913 -0.033403 -0.026736
-0.533442 0.130728 -0.035093
-0.435126 0.114531 -0.033989
-0.547804 0.011614 -0.024074
-0.580204 0.075960 -0.033984
-0.498710 0.084828 -0.033652
-0.661579 0.201267 -0.037824
-0.421543 0.117138 -0.025960
-0.630045 0.221765 -0.038142
-0.678189 0.177178 -0.037309
-0.611193 0.074231 -0.026151
-0.507349 0.228705 -0.037474
-0.642612 0.182710 -0.037208
-0.618495 0.217927 -0.029959
-0.664796 0.173926 -0.037131
-0.683952 0.203374 -0.036057
-0.648452 0.129515 -0.027854
-0.568735 0.008439 -0.032139
-0.560555 0.027060 -0.024567
-0.572849 0.195599 -0.029059
-0.605592 0.193549 -0.037235
-0.540665 0.263916 -0.038625
-0.639381 0.188912 -0.037347
-0.461514 0.033814 -0.032060
-0.562827 0.085569 -0.034115
-0.648520 0.057250 -0.025965
-0.585605 0.076070 -0.034024
-0.637437 0.196838 -0.029538
-0.527009 0.076402 -0.033627
-0.643011 0.214452 -0.030037
-0.560939 0.155859 -0.027937
-0.589384 0.212144 -0.029606
-0.397962 0.073361 -0.024652
-0.649577 0.057295 -0.033976
-0.424220 0.123382 -0.034144
-0.607594 0.055286 -0.025630
-0.520880 0.075384 -0.033558
-0.517366 0.240226 -0.029842
-0.564043 0.053833 -0.025291
-0.587593 0.173589 -0.028585
-0.525243 0.079523 -0.025694
-0.654343 0.048712 -0.030035
-0.543093 0.193220 -0.028791
-0.540746 0.235302 -0.037878
-0.426714 0.048844 -0.024210
-0.635055 0.037897 -0.025366
-0.401887 0.113039 -0.032119
-0.496159 0.217943 -0.037115
-0.652421 0.072632 -0.026394
-0.503652 0.199703 -0.028687
-0.495149 0.099804 -0.026016
-0.437983 0.112320 -0.025948
-0.432718 0.164486 -0.027275
-0.553622 0.211914 -0.029352
-0.677233 0.097814 -0.029753
-0.579712 0.004732 -0.024115
-0.486684 0.102469 -0.034030
-0.575797 0.169283 -0.036394
-0.580548 0.181485 -0.028743
-0.578165 -0.015584 -0.031576
-0.465088 0.227089 -0.029136
-0.574403 -0.020061 -0.025186
-0.501932 0.161539 -0.035680
-0.445266 0.120823 -0.026220
-0.446836 0.186015 -0.027936
-0.585687 0.222343 -0.037850
-0.481603 0.262755 -0.030183
-0.619095 0.059774 -0.025827
-0.562139 0.248116 -0.038361
-0.542992 0.006673 -0.031915
-0.577893 0.125569 -0.027262
-0.496763 0.174132 -0.027971
-0.547143 0.171248 -0.036247
-0.640577 0.123172 -0.027634
-0.532002 0.078634 -0.033720
-0.429447 0.072701 -0.024852
-0.549163 0.075640 -0.033761
-0.676937 0.124581 -0.027922
-0.541916 0.069333 -0.025543
-0.619499 0.000205 -0.024272
-0.589015 -0.003638 -0.023961
-0.544135 0.013507 -0.032101
-0.620168 0.120507 -0.027423
-0.513020 0.237843 -0.037752
-0.598474 0.204038 -0.037460
-0.514489 0.184148 -0.028355
-0.546818 0.214032 -0.029361
-0.551702 0.265033 -0.036643
-0.443268 0.115715 -0.034076
-0.570429 0.059128 -0.033476
-0.485879 0.027741 -0.024067
-0.662385 0.065936 -0.032202
-0.501909 0.069098 -0.025260
-0.574736 0.111746 -0.034882
-0.544711 0.172967 -0.028272
-0.497807 0.051922 -0.024782
-0.506488 0.156480 -0.035579
-0.451217 0.117927 -0.026186
-0.584493 0.141643 -0.035731
-0.524259 0.181154 -0.028345
-0.608119 0.138779 -0.027817
-0.596155 0.180188 -0.036820
-0.607016 -0.022416 -0.023594
-0.425834 0.164219 -0.035224
-0.614241 0.041692 -0.033324
-0.610924 0.203815 -0.037540
-0.589998 0.065836 -0.033787
-0.486039 0.041577 -0.032433
-0.528670 0.240446 -0.029926
-0.579932 0.065291 -0.033703
-0.452107 0.042999 -0.032236
-0.551255 0.224111 -0.029655
-0.616975 0.113177 -0.027209
-0.596783 0.170641 -0.036575
-0.668873 0.210437 -0.035003
-0.511106 0.239678 -0.037787
-0.468517 0.243974 -0.029602
-0.582657 0.092690 -0.026436
-0.543026 0.200765 -0.028987
-0.442040 0.134018 -0.026543
-0.391114 0.089977 -0.028121
-0.634295 0.030324 -0.033165
-0.681092 0.135816 -0.036248
-0.471633 0.100377 -0.033871
-0.470714 0.055366 -0.024685
-0.445565 0.184953 -0.035902
-0.518946 0.146895 -0.035415
-0.663036 0.089205 -0.034904
-0.516169 0.155681 -0.027623
-0.410218 0.111940 -0.033748
-0.664825 0.203907 -0.029913
-0.501645 0.134563 -0.026970
-0.498299 0.087137 -0.033709
-0.668568 0.122504 -0.027810
-0.439240 0.057473 -0.032525
-0.504011 0.160047 -0.027653
-0.489369 0.262063 -0.030219
-0.600196 0.148422 -0.036017
-0.438602 0.054684 -0.032448
-0.498923 0.136871 -0.027011
-0.646267 0.126239 -0.027753
-0.591881 0.036617 -0.025033
-0.630723 0.150745 -0.036289
-0.644650 0.212209 -0.037993
-0.397793 0.077950 -0.032774
-0.486626 0.294775 -0.034585
-0.570350 0.141938 -0.027638
-0.571613 0.077407 -0.033963
-0.653909 0.217396 -0.030190
-0.445137 0.092256 -0.025472
-0.481495 0.103258 -0.034015
-0.520381 0.078442 -0.033635
-0.483764 0.288620 -0.035981
-0.587886 0.091263 -0.026435
-0.470261 0.141868 -0.034947
-0.424685 0.049610 -0.030318
-0.569480 0.189758 -0.036886
-0.606806 0.166137 -0.036526
-0.619213 0.092465 -0.026683
-0.480205 0.137021 -0.034889
-0.689760 0.165750 -0.037090
-0.631897 0.000599 -0.027061
-0.612744 0.083180 -0.026395
-0.598763 0.054083 -0.033541
-0.591582 0.030003 -0.024858
-0.470063 0.040458 -0.024290
-0.429856 0.125606 -0.026239
-0.600090 0.218865 -0.037859
-0.586253 0.078988 -0.034105
-0.603241 0.138769 -0.027783
-0.516777 0.247803 -0.030036
-0.537537 0.103023 -0.026394
-0.575879 0.169725 -0.028403
-0.572384 0.177684 -0.028587
-0.616461 -0.014838 -0.031861
-0.480746 0.126693 -0.034622
-0.480555 0.268534 -0.030327
-0.634988 0.007177 -0.031603
-0.487672 0.091571 -0.025749
-0.693772 0.133248 -0.033431
-0.513030 0.126819 -0.026846
-0.654136 0.195399 -0.029616
-0.412691 0.105911 -0.033608
-0.538409 0.192347 -0.028735
-0.425102 0.138182 -0.026535
-0.488282 0.123308 -0.026583
-0.555530 0.161599 -0.028050
-0.463025 0.219627 -0.028927
-0.408756 0.114209 -0.033798
-0.478799 0.044706 -0.024462
-0.560216 0.105403 -0.034616
-0.458030 0.177526 -0.027791
-0.475784 0.106065 -0.034049
-0.562647 -0.007974 -0.023665
-0.521831 0.135526 -0.027135
-0.630724 0.121180 -0.035516
-0.576220 0.242082 -0.030298
-0.471347 0.028015 -0.024656
-0.575391 0.170732 -0.036429
-0.451707 0.082860 -0.025272
-0.543583 0.217048 -0.037420
-0.517885 0.145444 -0.035370
-0.437152 0.099273 -0.025601
-0.618721 0.100604 -0.026892
-0.513620 0.081111 -0.025655
-0.482339 0.031838 -0.024150
-0.423551 0.101586 -0.025567
-0.606048 0.141503 -0.035877
-0.406331 0.106071 -0.025565
-0.525289 0.113926 -0.026594
-0.432925 0.130444 -0.034389
-0.424682 0.095157 -0.033410
-0.655557 0.055512 -0.033971
-0.457163 0.075758 -0.033127
-0.650550 0.040554 -0.031891
-0.520166 0.041653 -0.032671
-0.516486 0.020653 -0.032097
-0.609998 0.006316 -0.024366
-0.668400 0.145463 -0.036412
-0.416220 0.121578 -0.026039
-0.613507 0.170269 -0.028678
-0.582029 0.101596 -0.034667
-0.538613 0.106448 -0.034493
-0.679496 0.130145 -0.036088
-0.533630 0.126928 -0.034995
-0.654131 0.167020 -0.036877
-0.569321 0.256989 -0.030757
-0.531690 0.240288 -0.037945
-0.524962 0.127825 -0.034958
-0.460915 0.221094 -0.036954
-0.641696 0.173892 -0.036971
-0.648312 0.085719 -0.034711
-0.563905 0.257721 -0.038624
-0.687935 0.120720 -0.034014
-0.414499 0.140090 -0.032317
-0.599860 0.034092 -0.025022
-0.444519 0.166206 -0.035405
-0.460831 0.239439 -0.035213
-0.528359 0.135084 -0.027168
-0.600143 0.173042 -0.028658
-0.431066 0.083316 -0.033144
-0.624117 0.230360 -0.030323
-0.567970 0.006388 -0.024077
-0.633382 0.050056 -0.033675
-0.532424 0.062374 -0.033298
-0.586232 0.100025 -0.034655
-0.499220 0.183156 -0.036227
-0.522245 0.233486 -0.037702
-0.664769 0.122956 -0.035798
-0.429490 0.139838 -0.026608
-0.391854 0.064870 -0.032060
-0.551283 0.167914 -0.036188
-0.596156 0.082900 -0.026273
-0.555472 0.118470 -0.034925
-0.544464 0.213151 -0.029321
-0.675647 0.207274 -0.035157
-0.528001 0.189553 -0.028590
-0.453355 0.036389 -0.025228
-0.544111 0.244486 -0.038141
-0.467565 0.055734 -0.032676
-0.608457 -0.016285 -0.031768
-0.491680 0.270090 -0.038448
-0.533284 0.053520 -0.033073
-0.519604 0.101536 -0.026231
-0.568572 0.140573 -0.027590
-0.539550 0.107569 -0.034529
-0.681047 0.121046 -0.035861
-0.684417 0.144649 -0.028499
-0.528732 0.216404 -0.037300
-0.555334 0.198325 -0.037012
-0.609636 0.121509 -0.027376
-0.579884 0.103190 -0.026691
-0.616287 -0.014977 -0.023853
-0.619732 0.101166 -0.034917
-0.443602 0.202489 -0.034683
-0.494585 0.159822 -0.027582
-0.418711 0.074613 -0.024828
-0.475153 0.061090 -0.024865
-0.439654 0.194010 -0.035455
-0.529470 0.099179 -0.026237
-0.498761 0.084456 -0.033643
-0.432100 0.092771 -0.025396
-0.580680 -0.022593 -0.023407
-0.509389 0.257728 -0.038247
-0.479278 0.060241 -0.024872
-0.443164 0.201598 -0.030216
-0.666917 0.202734 -0.037899
-0.576145 0.043312 -0.033102
-0.646847 0.175520 -0.029046
-0.513198 0.114638 -0.026529
-0.571089 0.062781 -0.025573
-0.588164 0.064126 -0.025727
-0.504251 0.091249 -0.033858
-0.624795 0.132295 -0.035766
-0.470463 0.120572 -0.026388
-0.538971 0.266447 -0.030677
-0.604162 0.026057 -0.024842
-0.514401 0.270587 -0.030615
-0.601564 0.058129 -0.025663
-0.472117 0.053027 -0.032636
-0.622702 0.015897 -0.024705
-0.617977 -0.008245 -0.024041
-0.411634 0.087769 -0.033126
-0.588762 0.180781 -0.028781
-0.560154 0.110147 -0.026736
-0.587580 -0.004673 -0.023924
-0.583775 0.007981 -0.024228
-0.423417 0.087962 -0.033213
-0.604142 0.044692 -0.033332
-0.611411 0.106309 -0.034994
-0.631084 0.087649 -0.026639
-0.586485 0.171930 -0.036537
-0.620618 0.217410 -0.029960
-0.521008 0.189935 -0.028552
-0.687005 0.200962 -0.037992
-0.501892 0.036019 -0.024395
-0.543003 0.094525 -0.034212
-0.423878 0.075519 -0.024888
-0.617906 0.102172 -0.026928
-0.708136 0.164793 -0.029190
-0.473603 0.104828 -0.034001
-0.575178 -0.010215 -0.023693
-0.536187 0.008644 -0.023916
-0.603841 0.004856 -0.024286
-0.439688 0.100014 -0.025638
-0.581638 -0.015715 -0.031597
-0.432238 0.163914 -0.027257
-0.491545 0.288489 -0.038928
-0.634869 0.123967 -0.027615
-0.414647 0.138005 -0.026458
-0.642718 0.086652 -0.034696
-0.619770 0.060209 -0.025843
-0.433230 0.098022 -0.025541
-0.649390 0.112653 -0.035423
-0.660706 0.063105 -0.026202
-0.461013 0.047454 -0.032414
-0.568686 -0.015108 -0.031523
-0.489909 0.019369 -0.024328
-0.498478 0.160546 -0.027627
-0.471668 0.216806 -0.036916
-0.625516 0.230647 -0.035336
-0.432394 0.142161 -0.026689
-0.463292 0.074827 -0.025142
-0.530936 0.129071 -0.035032
-0.531772 0.135827 -0.027211
-0.525645 0.264864 -0.038546
-0.447641 0.077830 -0.025113
-0.626055 -0.011937 -0.027534
-0.617555 0.170284 -0.036709
-0.491045 0.055097 -0.024819
-0.513558 0.190216 -0.028508
-0.442862 0.091831 -0.033448
-0.671888 0.086300 -0.034092
-0.498331 0.049087 -0.032715
-0.671633 0.125936 -0.035924
-0.645497 0.178795 -0.029122
-0.464308 0.212523 -0.028750
-0.518214 0.203964 -0.036902
-0.575231 0.040159 -0.033014
-0.613732 0.236273 -0.030919
-0.540486 0.065497 -0.025433
-0.631916 0.022506 -0.032944
-0.413984 0.111723 -0.025766
-0.409478 0.104663 -0.033553
-0.615131 0.220678 -0.038010
-0.570346 0.239107 -0.038182
-0.516443 0.006839 -0.029630
-0.464569 0.138833 -0.026825
-0.584630 0.035706 -0.024959
-0.544072 0.160102 -0.035934
-0.589152 0.204664 -0.037412
-0.625263 0.059350 -0.025859
-0.533597 0.132840 -0.027146
-0.647688 0.122328 -0.027661
-0.438086 0.073235 -0.032929
-0.594039 -0.027910 -0.031364
-0.478477 0.193407 -0.036351
-0.498027 0.044236 -0.024583
-0.576745 0.231998 -0.038040
-0.448187 0.088908 -0.033409
-0.472310 0.214337 -0.028853
-0.567989 0.108999 -0.026761
-0.476784 0.055533 -0.024731
-0.566851 0.246893 -0.038361
-0.706720 0.179794 -0.029572
-0.624898 0.018569 -0.024790
-0.687726 0.123343 -0.035967
-0.534387 0.257782 -0.030419
-0.432987 0.046408 -0.032192
-0.592887 0.245994 -0.030925
-0.651031 0.137081 -0.036073
-0.481643 0.068182 -0.025096
-0.624175 0.203025 -0.029608
-0.576959 0.184583 -0.036802
-0.548065 0.250317 -0.030318
-0.489645 0.259861 -0.030163
-0.589977 0.045178 -0.025244
-0.437061 0.120368 -0.026152
-0.396332 0.080405 -0.032828
-0.678658 0.114571 -0.027672
-0.676622 0.107728 -0.035482
-0.461692 0.182499 -0.027947
-0.583785 0.200901 -0.029273
-0.657145 0.081535 -0.026660
-0.688914 0.153424 -0.028759
-0.628894 0.002950 -0.032412
-0.626885 0.229986 -0.036109
-0.526713 0.136154 -0.027185
-0.618268 -0.028645 -0.027838
-0.696725 0.197392 -0.036919
-0.404162 0.059311 -0.025908
-0.491987 0.142729 -0.027117
-0.566908 -0.006022 -0.023745
-0.408660 0.109408 -0.033671
-0.632878 0.091191 -0.034747
-0.505859 0.070911 -0.033337
-0.653546 0.096059 -0.027014
-0.568551 0.198692 -0.029110
-0.569183 0.099235 -0.034516
-0.639320 0.074560 -0.026354
-0.580371 0.218001 -0.029697
-0.459884 0.121718 -0.026345
-0.539524 0.183346 -0.028508
-0.512273 0.282943 -0.030923
-0.647830 0.041220 -0.033544
-0.586308 0.057964 -0.025553
-0.586750 0.154317 -0.028075
-0.598314 0.042844 -0.033244
-0.517832 0.144482 -0.035344
-0.564768 0.152834 -0.035887
-0.612527 0.095680 -0.026721
-0.588847 0.009422 -0.024301
-0.712988 0.174484 -0.031767
-0.577241 0.247879 -0.038459
-0.534274 0.123041 -0.026894
-0.577726 0.231050 -0.038022
-0.394876 0.088332 -0.025022
-0.538310 0.262957 -0.038584
-0.618901 0.110407 -0.035153
-0.571993 0.001618 -0.031983
-0.619806 0.190078 -0.037242
-0.569037 0.123569 -0.027149
-0.559318 0.088632 -0.034171
-0.645525 0.073535 -0.026370
-0.506425 0.231236 -0.037534
-0.591094 0.022143 -0.024649
-0.452483 0.195964 -0.036238
-0.627592 0.151308 -0.036282
-0.666101 0.117040 -0.027650
-0.639008 0.224272 -0.038158
-0.541691 0.004058 -0.023834
-0.521346 0.278948 -0.038885
-0.542651 0.095869 -0.034245
-0.430127 0.073600 -0.024881
-0.565246 0.150183 -0.035821
-0.594462 0.038106 -0.033093
-0.589352 0.059478 -0.033616
-0.491229 0.120212 -0.026522
-0.636101 0.142172 -0.036102
-0.654192 0.168568 -0.036918
-0.565927 0.113491 -0.026864
-0.626333 -0.011350 -0.028382
-0.516356 0.073209 -0.025467
-0.439027 0.094983 -0.033504
-0.488265 0.194534 -0.036448
-0.439421 0.131897 -0.026469
-0.486960 0.143354 -0.027098
-0.569089 0.012940 -0.032259
-0.597036 -0.030659 -0.026629
-0.514618 0.271656 -0.038647
-0.570786 0.247190 -0.038396
-0.460306 0.096061 -0.025677
-0.556807 0.104636 -0.034572
-0.570228 0.081238 -0.026050
-0.549238 0.069364 -0.025594
-0.541326 0.109222 -0.034585
-0.612513 0.024474 -0.024859
-0.491929 0.170145 -0.027833
-0.499719 0.191627 -0.028449
-0.527113 0.093869 -0.034085
-0.569850 0.071692 -0.033801
-0.464983 0.048745 -0.032475
-0.498348 0.287686 -0.038954
-0.662195 0.167085 -0.036935
-0.442225 0.052725 -0.032421
-0.455131 0.217395 -0.036817
-0.520964 0.191032 -0.036583
-0.646041 0.154625 -0.028494
-0.518369 0.230889 -0.029604
-0.628174 0.113167 -0.035289
-0.569607 0.104115 -0.026644
-0.485238 0.023162 -0.031946
-0.490898 0.106736 -0.026168
-0.520785 0.266465 -0.038554
-0.667658 0.174366 -0.037163
-0.573702 0.188311 -0.036877
-0.481462 0.079141 -0.025381
-0.640920 0.211878 -0.029956
-0.593297 0.123010 -0.035305
-0.589481 0.128257 -0.027413
-0.516840 0.040776 -0.024623
-0.535990 0.060660 -0.033278
-0.648412 0.171125 -0.028942
-0.545304 0.126303 -0.027056
-0.468061 0.176273 -0.027828
-0.525916 0.222132 -0.037431
-0.618730 0.177804 -0.028911
-0.470756 0.044818 -0.024409
-0.537693 0.249849 -0.030234
-0.583919 0.092934 -0.034454
-0.520671 0.230722 -0.029616
-0.679924 0.163702 -0.036969
-0.462185 0.230331 -0.029201
-0.684098 0.112481 -0.034899
-0.452723 0.169408 -0.027542
-0.546917 0.115951 -0.026797
-0.513490 0.089535 -0.025874
-0.617256 0.012587 -0.024581
-0.549091 0.026453 -0.032474
-0.652923 0.180073 -0.029207
-0.604313 -0.024664 -0.031520
-0.556942 0.131157 -0.035266
-0.393474 0.095006 -0.031108
-0.546862 0.013256 -0.032114
-0.536608 0.096636 -0.026220
-0.504215 0.083158 -0.033646
-0.557562 0.234463 -0.037972
-0.391329 0.090451 -0.026876
-0.596843 0.019859 -0.032632
-0.476114 0.163140 -0.035543
-0.449533 0.158711 -0.027241
-0.530408 0.031314 -0.032472
-0.628889 0.003814 -0.032435
-0.437058 0.105173 -0.033757
-0.668786 0.083464 -0.034794
-0.632623 0.198695 -0.029553
-0.523739 0.148440 -0.027486
-0.550600 0.257018 -0.038514
-0.476159 0.092076 -0.025682
-0.608977 0.188660 -0.029127
-0.481773 0.246178 -0.037754
-0.562630 0.246146 -0.038313
-0.435444 0.092414 -0.033412
-0.620623 0.120740 -0.035435
-0.681174 0.203017 -0.038005
-0.436480 0.186994 -0.035893
-0.513446 0.177101 -0.028164
-0.533868 0.195082 -0.036778
-0.491001 0.244594 -0.037776
-0.615879 0.023367 -0.024853
-0.498442 0.115632 -0.034456
-0.597321 0.150866 -0.036061
-0.660621 0.135203 -0.028087
-0.491657 0.099129 -0.025974
-0.462895 0.070429 -0.033028
-0.647895 0.150903 -0.028409
-0.477684 0.041919 -0.032384
-0.404542 0.105061 -0.025526
-0.465856 0.182674 -0.035983
-0.461950 0.048424 -0.032446
-0.496926 0.184878 -0.036256
-0.489402 0.268301 -0.030382
-0.546013 0.185759 -0.036619
-0.528971 0.028083 -0.024375
-0.468306 0.081392 -0.025349
-0.637823 0.018121 -0.024868
-0.627498 0.000285 -0.024330
-0.667116 0.106332 -0.035380
-0.538463 0.271204 -0.036759
-0.479521 0.084000 -0.025495
-0.500603 0.267633 -0.030442
-0.468737 0.256425 -0.032717
-0.549433 0.077825 -0.025817
-0.562092 0.080393 -0.033975
-0.652748 0.118400 -0.027593
-0.651146 0.074570 -0.026436
-0.534211 0.189474 -0.028631
-0.605764 -0.015328 -0.023771
-0.403849 0.065144 -0.032481
-0.648953 0.195336 -0.037582
-0.526707 0.254894 -0.030290
-0.556403 0.238272 -0.030061
-0.486695 0.020794 -0.026836
-0.569066 0.080236 -0.034019
-0.615819 -0.033904 -0.028382
-0.531504 0.025232 -0.032321
-0.612569 0.076727 -0.034228
-0.525824 0.106319 -0.034402
-0.497107 0.065717 -0.033141
-0.422606 0.050728 -0.025285
-0.643840 0.100409 -0.027061
-0.553656 0.156305 -0.035901
-0.529168 0.235402 -0.037800
-0.588876 0.168488 -0.028461
-0.428066 0.100797 -0.025578
-0.507581 0.034271 -0.032391
-0.583816 -0.021289 -0.023463
-0.503469 0.177739 -0.036114
-0.546490 0.259880 -0.038560
-0.483702 0.101220 -0.025974
-0.612512 0.013156 -0.032565
-0.591645 0.182741 -0.028853
-0.589982 0.007210 -0.024251
-0.629443 0.095806 -0.034844
-0.582699 0.035044 -0.024929
-0.459836 0.158843 -0.035318
-0.637731 0.053867 -0.033805
-0.645969 0.186844 -0.037339
-0.572380 0.154881 -0.035994
-0.490912 0.286787 -0.030876
-0.487192 0.172956 -0.027874
-0.532045 0.008842 -0.031896
-0.657949 0.056488 -0.026395
-0.421301 0.065192 -0.032603
-0.565035 0.245954 -0.038324
-0.692458 0.163730 -0.029053
-0.468700 0.196616 -0.028364
-0.552904 0.019395 -0.024313
-0.584932 0.247032 -0.030487
-0.447011 0.164722 -0.035383
-0.485563 0.073119 -0.033255
-0.619519 0.133122 -0.027748
-0.476950 0.226660 -0.029207
-0.649282 0.209826 -0.037963
-0.613646 0.197969 -0.029403
-0.450608 0.053585 -0.024499
-0.658184 0.181962 -0.029293
-0.480381 0.135662 -0.026851
-0.709173 0.167724 -0.029273
-0.616037 0.139949 -0.035905
-0.656403 0.149988 -0.036447
-0.497765 0.072815 -0.025328
-0.576592 0.170315 -0.036426
-0.621630 0.009767 -0.024537
-0.531982 0.212937 -0.037232
-0.557207 0.035189 -0.032759
-0.585655 0.127794 -0.027374
-0.432521 0.096406 -0.033497
-0.500478 0.074510 -0.033394
-0.621010 0.154139 -0.028308
-0.545909 0.112917 -0.034713
-0.475118 0.054523 -0.024693
-0.452812 0.212500 -0.036673
-0.562659 0.199938 -0.029102
-0.524616 0.083870 -0.033806
-0.631438 0.164047 -0.036642
-0.521272 0.213117 -0.037163
-0.633679 0.032127 -0.025205
-0.595527 0.135176 -0.035639
-0.673144 0.089491 -0.034981
-0.448056 0.092435 -0.025497
-0.581387 0.049111 -0.025287
-0.635721 0.214977 -0.030001
-0.501940 0.188978 -0.036398
-0.606339 0.178232 -0.036839
-0.667334 0.155463 -0.028663
-0.612390 -0.011498 -0.031920
-0.589955 0.068114 -0.025844
-0.630042 0.098557 -0.034920
-0.571952 0.008359 -0.024156
-0.514494 0.247683 -0.030017
-0.496036 0.201759 -0.036691
-0.622814 0.153826 -0.028312
-0.445131 0.091609 -0.025455
-0.535903 0.253190 -0.038312
-0.651583 0.071152 -0.034353
-0.615440 0.022504 -0.032830
-0.592421 -0.027374 -0.031367
-0.625179 0.070842 -0.026159
-0.574261 0.186633 -0.028834
-0.626940 0.227163 -0.030259
-0.547693 0.062704 -0.025410
-0.549049 0.093501 -0.034227
-0.518402 0.269355 -0.030611
-0.537719 0.255798 -0.038393
-0.659836 0.089637 -0.026890
-0.506438 0.024726 -0.032134
-0.493969 0.099369 -0.033999
-0.397281 0.062562 -0.024482
-0.695769 0.195665 -0.037914
-0.552492 0.102116 -0.026473
-0.572235 0.253808 -0.030577
-0.701074 0.148903 -0.034197
-0.386352 0.076967 -0.024666
-0.628529 0.210270 -0.029828
-0.638409 0.077816 -0.026433
-0.599005 0.043177 -0.025254
-0.475114 0.029348 -0.032038
-0.518189 0.176514 -0.036184
-0.426448 0.075006 -0.032895
-0.664028 0.101276 -0.035226
-0.611756 -0.022962 -0.031616
-0.540412 0.126573 -0.035032
-0.466100 0.059531 -0.032765
-0.428322 0.101189 -0.033593
-0.674927 0.186344 -0.029523
-0.449279 0.123223 -0.034314
-0.504770 0.262560 -0.030338
-0.439512 0.100534 -0.033653
-0.501159 0.033283 -0.024318
-0.548485 0.164148 -0.036071
-0.525976 0.249434 -0.038145
-0.617040 0.135457 -0.027792
-0.447875 0.166525 -0.035436
-0.573004 0.140037 -0.035610
-0.508363 0.199638 -0.028718
-0.478236 0.270228 -0.038358
-0.568512 0.201836 -0.029192
-0.404911 0.058796 -0.031550
-0.552093 0.002006 -0.031856
-0.544947 0.036131 -0.032699
-0.477483 0.242041 -0.037616
-0.654525 0.170095 -0.036960
-0.461007 0.195751 -0.028289
-0.645477 0.029679 -0.031378
-0.574386 0.253966 -0.030596
-0.573502 0.101813 -0.034614
-0.533972 0.259826 -0.038472
-0.654720 0.102964 -0.027203
-0.495253 0.016811 -0.026562
-0.449411 0.127081 -0.026413
-0.604576 -0.034178 -0.026721
-0.676133 0.134505 -0.036179
-0.599644 0.069743 -0.033956
-0.525553 0.275502 -0.038824
-0.477674 0.068771 -0.025084
-0.494778 0.202811 -0.028707
-0.477953 0.204674 -0.036642
-0.653873 0.142865 -0.028241
-0.543754 0.240899 -0.038045
-0.593661 0.016267 -0.032516
-0.425230 0.163093 -0.033514
-0.572825 0.034652 -0.032853
-0.466979 0.088556 -0.033530
-0.677561 0.149326 -0.028574
-0.673945 0.182881 -0.029426
-0.464548 0.065846 -0.032919
-0.614176 0.235219 -0.038384
-0.551790 0.265060 -0.034306
-0.537507 0.060574 -0.033286
-0.437161 0.187207 -0.035903
-0.456096 0.204311 -0.036481
-0.538807 0.247417 -0.030178
-0.515984 0.152890 -0.035551
-0.690498 0.168452 -0.037166
-0.634315 0.005723 -0.032486
-0.512132 0.093912 -0.025979
-0.515775 0.025411 -0.024213
-0.497206 0.213810 -0.037014
-0.419676 0.115232 -0.025897
-0.496653 0.083516 -0.033603
-0.426094 0.082406 -0.025083
-0.575692 0.181720 -0.036718
-0.648043 0.207781 -0.037901
-0.477455 0.044999 -0.024460
-0.567278 0.207207 -0.037327
-0.556084 0.047145 -0.033064
-0.521528 0.174599 -0.036157
-0.631697 0.062737 -0.033995
-0.575393 0.108911 -0.034812
-0.506603 0.126529 -0.026794
-0.502125 0.096286 -0.033975
-0.592696 -0.001979 -0.024030
-0.580287 0.028097 -0.024730
-0.550480 0.200161 -0.029023
-0.608150 0.039518 -0.033225
-0.682118 0.123984 -0.035945
-0.659518 0.114640 -0.035545
-0.488972 0.253671 -0.038000
-0.572639 0.234513 -0.038078
-0.601231 0.155543 -0.036211
-0.619230 -0.001826 -0.032220
-0.646102 0.138195 -0.036068
-0.697999 0.144724 -0.028595
-0.520511 0.262968 -0.030458
-0.414261 0.068414 -0.024635
-0.575653 0.177046 -0.036596
-0.479562 0.279587 -0.037687
-0.556555 0.110079 -0.026710
-0.616145 0.124259 -0.035496
-0.614419 0.198795 -0.029430
-0.615708 0.219251 -0.037977
-0.633586 0.005376 -0.032508
-0.479967 0.126801 -0.034620
-0.510109 0.099472 -0.026111
-0.603930 0.159616 -0.028333
-0.449620 0.107623 -0.033908
-0.601794 0.118288 -0.027237
-0.508435 0.096909 -0.034035
-0.478853 0.207798 -0.028727
-0.522444 0.199403 -0.036812
-0.458965 0.048359 -0.032423
-0.679646 0.137731 -0.036288
-0.423368 0.067722 -0.032683
-0.684340 0.167126 -0.029086
-0.593824 0.080099 -0.034187
-0.624881 0.070062 -0.034139
-0.429265 0.137484 -0.034548
-0.596368 0.140437 -0.035782
-0.461552 0.060494 -0.032758
-0.539255 0.256789 -0.038429
-0.402699 0.114778 -0.032349
-0.443314 0.166905 -0.035415
-0.500214 0.285322 -0.030902
-0.456800 0.156281 -0.035230
-0.661340 0.147497 -0.036416
-0.485201 0.192852 -0.036383
-0.487098 0.253799 -0.037990
-0.510580 0.151896 -0.035488
-0.536974 0.269116 -0.038736
-0.578545 0.034183 -0.024877
-0.620864 0.201488 -0.037548
-0.560266 0.090031 -0.026211
-0.528537 0.131768 -0.027083
-0.616207 -0.022955 -0.023644
-0.665459 0.184095 -0.029399
-0.562443 0.213255 -0.037451
-0.479293 0.058795 -0.024834
-0.625671 0.131563 -0.027750
-0.543439 0.105721 -0.034508
-0.607096 0.030968 -0.032994
-0.410357 0.131240 -0.029140
-0.505556 0.148526 -0.035365
-0.569937 0.248086 -0.030411
-0.447297 0.177448 -0.035718
-0.646337 0.032175 -0.025294
-0.591508 -0.028045 -0.025409
-0.577371 0.016011 -0.024394
-0.597738 0.021066 -0.032670
-0.656621 0.071251 -0.034390
-0.612898 0.231459 -0.030274
-0.639988 0.205253 -0.037779
-0.663871 0.189321 -0.037528
-0.559026 0.261685 -0.034322
-0.417727 0.066585 -0.024611
-0.421842 0.060975 -0.024493
-0.680990 0.193672 -0.037760
-0.582903 0.099465 -0.026615
-0.631789 0.192283 -0.029380
-0.505643 0.247218 -0.029943
-0.661530 0.145888 -0.036376
-0.649357 0.219624 -0.032096
-0.433614 0.132852 -0.026454
-0.530306 0.069423 -0.025465
-0.681342 0.179649 -0.029393
-0.489179 0.245240 -0.037781
-0.637512 0.181957 -0.029150
-0.609604 0.204564 -0.037551
-0.475950 0.125662 -0.026559
-0.610904 0.150159 -0.028134
-0.571321 0.026195 -0.032621
-0.622350 -0.019920 -0.030577
-0.495273 0.122979 -0.034626
-0.476261 0.161254 -0.027492
-0.465611 0.154496 -0.027242
-0.626207 0.193145 -0.029364
-0.444448 0.143415 -0.034808
-0.451867 0.095991 -0.025617
-0.553297 0.154335 -0.035847
-0.603103 0.192435 -0.029185
-0.518522 0.122053 -0.026760
-0.596329 0.056924 -0.033598
-0.523405 0.191548 -0.036614
-0.537507 0.247393 -0.030169
-0.601999 0.210041 -0.037641
-0.455917 0.205305 -0.036506
-0.609656 0.170679 -0.028662
-0.601263 0.201035 -0.029398
-0.614652 0.196230 -0.037368
-0.532681 0.179344 -0.036359
-0.464547 0.189670 -0.036157
-0.540665 0.078762 -0.025781
-0.681739 0.107495 -0.028433
-0.654599 0.067097 -0.034267
-0.477893 0.143048 -0.035030
-0.548328 0.015721 -0.032188
-0.625084 -0.004669 -0.024183
-0.470705 0.219952 -0.028989
-0.685241 0.155452 -0.036790
-0.472195 0.261505 -0.038088
-0.536223 0.261111 -0.030518
-0.529996 0.157846 -0.027775
-0.502357 0.205102 -0.028819
-0.529658 0.275283 -0.037671
-0.611303 0.163298 -0.036483
-0.575520 0.026061 -0.032647
-0.576650 0.024522 -0.032614
-0.647391 0.167912 -0.028851
-0.457557 0.156030 -0.027226
-0.402182 0.077171 -0.024781
-0.581129 0.151271 -0.027957
-0.614499 0.068821 -0.034035
-0.642664 0.206188 -0.037822
-0.595585 0.061420 -0.033710
-0.545790 0.242732 -0.038107
-0.456257 0.210710 -0.028647
-0.605815 0.145864 -0.027986
-0.538734 0.271207 -0.032344
-0.525045 0.118838 -0.026721
-0.599414 0.238902 -0.038378
-0.673716 0.136064 -0.036203
-0.386830 0.080757 -0.030817
-0.415207 0.056432 -0.024328
-0.593811 0.156033 -0.028169
-0.620180 0.190020 -0.037243
-0.581137 0.088143 -0.034309
-0.611615 0.032811 -0.025070
-0.411970 0.085993 -0.033082
-0.618479 -0.009078 -0.024022
-0.450664 0.127056 -0.034424
-0.616260 0.187963 -0.037163
-0.507566 0.136235 -0.027055
-0.643336 0.051316 -0.025774
-0.613642 0.018333 -0.032709
-0.533986 0.101406 -0.034330
-0.631361 0.180868 -0.037081
-0.691696 0.174726 -0.037339
-0.530975 0.245389 -0.038074
-0.516266 0.046082 -0.032760
-0.671354 0.140047 -0.036291
-0.508482 0.172621 -0.036015
-0.473904 0.185615 -0.028113
-0.620401 0.046109 -0.025479
-0.562446 0.118880 -0.026981
-0.534302 0.188489 -0.036609
-0.494415 0.040624 -0.024463
-0.544029 0.037354 -0.032724
-0.596619 0.054678 -0.025538
-0.477050 0.189560 -0.036241
-0.695062 0.136923 -0.028370
-0.567673 0.188021 -0.036828
-0.506034 0.199786 -0.028706
-0.594894 0.147629 -0.027957
-0.422897 0.108061 -0.025732
-0.445458 0.202112 -0.036350
-0.412419 0.100784 -0.025469
-0.640778 0.057118 -0.033911
-0.501038 0.288616 -0.038169
-0.615187 0.164583 -0.036544
-0.481023 0.235713 -0.037475
-0.595393 0.022723 -0.024694
-0.576620 0.080833 -0.034087
-0.434210 0.130039 -0.034388
-0.539433 0.194789 -0.028806
-0.627601 0.023372 -0.032937
-0.479788 0.103137 -0.034000
-0.469539 0.142840 -0.034967
-0.574597 0.009296 -0.032202
-0.659759 0.189437 -0.037502
-0.550362 0.256771 -0.030503
-0.510029 0.072748 -0.033414
-0.437300 0.189024 -0.030090
-0.556094 0.227821 -0.037788
-0.630335 0.005499 -0.032489
-0.587044 0.227471 -0.037993
-0.442262 0.054293 -0.024460
-0.633081 0.227189 -0.032959
-0.558548 0.167384 -0.028222
-0.513070 0.065721 -0.025249
-0.674536 0.100811 -0.027284
-0.571106 0.016801 -0.032374
-0.631454 0.018630 -0.032840
-0.422899 0.158117 -0.031532
-0.650758 0.127527 -0.035821
-0.512989 0.262039 -0.030382
-0.526687 0.073475 -0.033549
-0.433468 0.117763 -0.034062
-0.576936 0.075788 -0.033957
-0.460293 0.208141 -0.036611
-0.654309 0.188752 -0.029444
-0.529743 0.116283 -0.034689
-0.627717 0.015129 -0.024719
-0.529672 0.195090 -0.036750
-0.681181 0.187881 -0.029607
-0.458056 0.105379 -0.033908
-0.514387 0.044536 -0.032707
-0.431231 0.157037 -0.027070
-0.454047 0.042067 -0.032225
-0.442370 0.058062 -0.032562
-0.677903 0.144293 -0.028444
-0.597004 -0.026224 -0.023425
-0.651742 0.145231 -0.036291
-0.450422 0.174305 -0.035657
-0.600603 0.132348 -0.035600
-0.530882 0.227850 -0.037615
-0.510327 0.243880 -0.029888
-0.500154 0.255231 -0.030115
-0.604818 0.024142 -0.032800
-0.407749 0.057450 -0.032297
-0.693732 0.152430 -0.028767
-0.643650 0.025823 -0.025934
-0.549544 0.112261 -0.034721
-0.661422 0.153764 -0.036581
-0.703898 0.188031 -0.037771
-0.631309 0.139266 -0.027990
-0.539107 0.058960 -0.033255
-0.666298 0.190805 -0.029580
-0.596432 0.198977 -0.037313
-0.604419 0.240538 -0.033562
-0.636354 0.131390 -0.027819
-0.461322 0.173544 -0.035713
-0.489627 0.249915 -0.037906
-0.543259 0.141612 -0.027442
-0.479574 0.163870 -0.035586
-0.581772 0.049212 -0.025293
-0.656095 0.185494 -0.037374
-0.384364 0.075448 -0.032511
-0.583564 0.008230 -0.032236
-0.611836 0.055299 -0.025660
-0.513089 0.228346 -0.037504
-0.656124 0.052497 -0.033238
-0.570387 0.094335 -0.034397
-0.455857 0.086624 -0.033402
-0.579989 0.055149 -0.033438
-0.486000 0.144549 -0.035126
-0.584084 0.180954 -0.028754
-0.640155 0.024859 -0.025060
-0.702272 0.162366 -0.037089
-0.528083 0.116677 -0.026685
-0.508326 0.146343 -0.027324
-0.452744 0.105102 -0.033864
-0.503637 0.055251 -0.024910
-0.571254 0.082241 -0.034086
-0.624066 0.170549 -0.028758
-0.514856 0.144135 -0.035315
-0.570448 0.071638 -0.033804
-0.442062 0.164179 -0.035335
-0.458318 0.127829 -0.026494
-0.577607 -0.009444 -0.031733
-0.676477 0.152687 -0.028654
-0.395467 0.091939 -0.033123
-0.664706 0.199653 -0.029801
-0.460819 0.123865 -0.034410
-0.537170 0.069129 -0.033508
-0.511952 0.054281 -0.024942
-0.617216 0.016844 -0.032695
-0.524208 0.189832 -0.036574
-0.450983 0.216964 -0.028774
-0.652427 0.118065 -0.035585
-0.426057 0.143137 -0.034674
-0.445829 0.061117 -0.032666
-0.586642 0.024626 -0.032686
-0.601346 0.205247 -0.029508
-0.579716 0.080370 -0.034096
-0.425843 0.142195 -0.026645
-0.536199 0.184583 -0.028517
-0.542130 0.063363 -0.025388
-0.482883 0.192123 -0.028345
-0.621800 0.069063 -0.034092
-0.420550 0.114782 -0.025891
-0.575623 0.005093 -0.024096
-0.417152 0.053226 -0.026821
-0.458014 0.233386 -0.036094
-0.540793 0.100056 -0.026339
-0.637423 0.167555 -0.028772
-0.603969 0.240719 -0.034570
-0.483214 0.146382 -0.027151
-0.480870 0.154690 -0.035355
-0.532495 0.143951 -0.035432
-0.502442 0.043910 -0.032608
-0.528950 0.244585 -0.030036
-0.601135 0.040554 -0.025200
-0.519868 0.044733 -0.024747
-0.629536 0.035312 -0.033263
-0.551351 0.095551 -0.026294
-0.494815 0.242395 -0.037745
-0.496186 0.154158 -0.027444
-0.429276 0.106959 -0.033750
-0.518304 0.253242 -0.030189
-0.653264 0.144426 -0.036280
-0.425001 0.162587 -0.034863
-0.547102 0.267237 -0.034614
-0.581111 -0.021664 -0.031438
-0.477616 0.240567 -0.037578
-0.551217 0.138723 -0.027422
-0.562818 0.002296 -0.031938
-0.479435 0.275818 -0.030510
-0.562628 0.212311 -0.029425
-0.623999 0.231272 -0.038166
-0.679712 0.158738 -0.036837
-0.624861 0.215299 -0.029934
-0.678174 0.106444 -0.027456
-0.595005 0.143741 -0.027856
-0.606145 0.035979 -0.033118
-0.524453 0.224382 -0.029476
-0.449865 0.039995 -0.024139
-0.497992 0.290089 -0.036358
-0.593057 0.116272 -0.027124
-0.632933 0.142041 -0.036077
-0.455201 0.047188 -0.024364
-0.477168 0.195665 -0.036401
-0.419669 0.059272 -0.024434
-0.603339 0.112883 -0.027107
-0.455215 0.145086 -0.026924
-0.520668 0.212754 -0.037149
-0.703305 0.174464 -0.037412
-0.496194 0.159683 -0.027589
-0.601577 0.002807 -0.032219
-0.609188 0.047057 -0.025426
-0.449260 0.120726 -0.026245
-0.408430 0.082738 -0.032972
-0.621180 0.137044 -0.027862
-0.509850 0.023123 -0.032116
-0.460956 0.177022 -0.035801
-0.487294 0.248119 -0.029840
-0.653310 0.157556 -0.028621
-0.607619 0.222460 -0.038005
-0.642122 0.076922 -0.034438
-0.556336 0.070895 -0.025684
-0.618300 0.072613 -0.034160
-0.635812 0.145179 -0.036179
-0.637938 0.195621 -0.029510
-0.555151 0.246866 -0.030277
-0.495410 0.143978 -0.027173
-0.410742 0.132073 -0.028527
-0.549150 0.035880 -0.024718
-0.578607 0.128995 -0.035360
-0.598239 0.187794 -0.029030
-0.602839 0.190565 -0.029135
-0.558588 0.154935 -0.035900
-0.523995 0.062150 -0.025231
-0.496102 0.082449 -0.025569
-0.561038 0.135152 -0.027396
-0.451623 0.157837 -0.035235
-0.661416 0.170484 -0.037018
-0.490113 0.201932 -0.036655
-0.563696 0.159244 -0.028045
-0.418924 0.130413 -0.034292
-0.691161 0.175940 -0.037367
-0.537110 0.271475 -0.030795
-0.504149 0.150257 -0.027398
-0.519955 0.084148 -0.033781
-0.425082 0.116415 -0.033968
-0.566032 0.086124 -0.034152
-0.673947 0.192446 -0.037679
-0.466271 0.196703 -0.028350
-0.563192 0.119663 -0.035009
-0.660600 0.083578 -0.034740
-0.662115 0.104336 -0.035293
-0.572285 0.017884 -0.032411
-0.584733 0.045162 -0.033210
-0.599965 -0.011551 -0.031833
-0.666017 0.209140 -0.030058
-0.667508 0.107825 -0.035422
-0.625415 -0.013331 -0.029384
-0.470444 0.070115 -0.033072
-0.486577 0.216836 -0.037020
-0.632652 0.165143 -0.028676
-0.526049 0.066107 -0.025349
-0.494204 0.275289 -0.030598
-0.621562 0.203264 -0.037599
-0.521223 0.056386 -0.033064
-0.490903 0.086720 -0.033647
-0.619394 0.096427 -0.034791
-0.454888 0.063929 -0.032802
-0.496969 0.202031 -0.028702
-0.457176 0.193463 -0.036205
-0.532240 0.274155 -0.035071
-0.494919 0.285819 -0.030879
-0.650327 0.200392 -0.037723
-0.575278 0.099833 -0.034574
-0.427890 0.077745 -0.024974
-0.502028 0.210349 -0.036957
-0.684231 0.171429 -0.029198
-0.567182 0.014066 -0.032276
-0.420944 0.111823 -0.033820
-0.691918 0.163065 -0.029032
-0.512915 0.187574 -0.028434
-0.507042 0.225207 -0.037380
-0.520911 0.172271 -0.028089
-0.565146 -0.005699 -0.031745
-0.478393 0.142123 -0.027007
-0.587815 0.107361 -0.034858
-0.550391 0.174030 -0.036342
-0.594172 -0.005944 -0.023936
-0.507182 0.221296 -0.029276
-0.611587 0.222191 -0.038025
-0.609078 0.049539 -0.033493
-0.648874 0.037022 -0.026343
-0.613469 0.143362 -0.027974
-0.535562 0.199013 -0.036893
-0.451346 0.037232 -0.032080
-0.531326 0.103437 -0.026361
-0.452930 0.201687 -0.036391
-0.602323 0.154962 -0.028200
-0.615958 0.235163 -0.033367
-0.476555 0.189756 -0.028239
-0.522347 0.072208 -0.025483
-0.673338 0.187754 -0.029549
-0.540366 0.012796 -0.024054
-0.631192 0.175350 -0.028933
-0.482021 0.040661 -0.032381
-0.424227 0.071558 -0.032789
-0.481299 0.251841 -0.029896
-0.590423 0.231880 -0.030129
-0.561188 0.091072 -0.034248
-0.674981 0.127081 -0.027974
-0.483069 0.242634 -0.029667
-0.521618 0.264921 -0.030517
-0.478395 0.138155 -0.034906
-0.628758 0.064641 -0.026021
-0.583337 0.155019 -0.036073
-0.565040 0.037080 -0.032862
-0.620361 0.112083 -0.035207
-0.607431 0.034777 -0.033096
-0.515018 0.086036 -0.033796
-0.388943 0.077460 -0.024697
-0.499212 0.091314 -0.025822
-0.479421 0.248363 -0.037795
-0.481423 0.283604 -0.035513
-0.676867 0.126916 -0.035986
-0.584713 0.078909 -0.026090
-0.472851 0.102426 -0.025930
-0.651207 0.207924 -0.029923
-0.612845 0.095381 -0.034718
-0.667668 0.145064 -0.028394
-0.617569 0.219818 -0.038005
-0.550171 0.261133 -0.030615
-0.554536 0.016274 -0.024243
-0.638437 0.076312 -0.034396
-0.554005 0.028353 -0.032558
-0.432493 0.082087 -0.033122
-0.552587 0.094526 -0.034278
-0.529787 0.272384 -0.030769
-0.713253 0.175000 -0.036543
-0.480499 0.281622 -0.035625
-0.506006 0.062416 -0.033116
-0.552195 0.238342 -0.038036
-0.500245 0.251166 -0.038012
-0.624992 0.101964 -0.034974
-0.582659 0.204865 -0.029369
-0.496984 0.189691 -0.028379
-0.644855 0.169445 -0.036876
-0.549949 0.071975 -0.025668
-0.588496 0.016989 -0.024497
-0.544016 0.207180 -0.029162
-0.466985 0.192073 -0.036237
-0.576107 0.113544 -0.034939
-0.654925 0.185135 -0.037356
-0.670578 0.095826 -0.027126
-0.458038 0.130892 -0.034575
-0.535826 0.009135 -0.023927
-0.567491 0.043521 -0.033048
-0.558916 0.077978 -0.033890
-0.507327 0.151377 -0.035452
-0.441507 0.093502 -0.025480
-0.612482 0.095259 -0.034712
-0.575111 0.156973 -0.036067
-0.511136 0.237407 -0.037728
-0.548679 0.005177 -0.031915
-0.533153 0.273094 -0.038813
-0.524893 0.143168 -0.035359
-0.628882 0.102260 -0.027006
-0.581737 0.182210 -0.028770
-0.398259 0.082954 -0.024905
-0.507578 0.093711 -0.025943
-0.446691 0.096656 -0.033601
-0.486796 0.080956 -0.025465
-0.627144 0.156147 -0.036406
-0.672764 0.189227 -0.029584
-0.457078 0.181927 -0.035903
-0.541833 0.058537 -0.025260
-0.590782 0.058705 -0.025603
-0.608103 0.110490 -0.035080
-0.610166 0.039284 -0.033232
-0.547077 0.033710 -0.032650
-0.569248 0.110484 -0.026808
-0.533309 0.060611 -0.025255
-0.455529 0.042183 -0.024235
-0.643005 0.162851 -0.028688
-0.518334 0.005974 -0.029029
-0.402169 0.068509 -0.032557
-0.548523 0.119541 -0.026902
-0.520742 0.269556 -0.038635
-0.706174 0.177066 -0.037500
-0.656761 0.153834 -0.028547
-0.474409 0.244898 -0.037669
-0.681744 0.165700 -0.029031
-0.500175 0.279804 -0.038761
-0.626361 0.149100 -0.036216
-0.535195 0.145615 -0.035494
-0.481568 0.038463 -0.024318
-0.465452 0.051681 -0.024552
-0.581299 0.201089 -0.029261
-0.481092 0.100853 -0.025946
-0.607536 0.039459 -0.033219
-0.627789 0.022534 -0.024914
-0.469723 0.070636 -0.025077
-0.561382 0.146692 -0.027701
-0.578057 0.168442 -0.036388
-0.524155 0.020652 -0.024147
-0.641377 0.087509 -0.026707
-0.542025 0.088238 -0.034041
-0.555951 0.007896 -0.032036
-0.456775 0.106535 -0.033929
-0.448328 0.085489 -0.033320
-0.653961 0.144434 -0.036285
-0.601601 0.143418 -0.035896
-0.622482 0.001444 -0.024325
-0.505464 0.085516 -0.025714
-0.492481 0.029679 -0.032167
-0.521721 0.144399 -0.035369
-0.623495 0.091362 -0.026684
-0.561116 0.172794 -0.036384
-0.623515 0.212692 -0.029856
-0.526905 0.054566 -0.033056
-0.565251 -0.014972 -0.031503
-0.467185 0.182574 -0.035990
-0.472171 0.230697 -0.029280
-0.571174 -0.003845 -0.023832
-0.515951 0.122866 -0.034766
-0.517612 0.074291 -0.025504
-0.480549 0.071741 -0.033184
-0.540089 0.130601 -0.027132
-0.568617 0.113852 -0.034895
-0.672489 0.197623 -0.037804
-0.689489 0.195784 -0.037874
-0.384080 0.074889 -0.028034
-0.487429 0.295076 -0.034297
-0.467255 0.053777 -0.032622
-0.696713 0.175900 -0.037404
-0.594196 0.207005 -0.029505
-0.653573 0.060333 -0.034083
-0.604075 0.122993 -0.035379
-0.611087 0.224617 -0.038085
-0.538591 0.257665 -0.030445
-0.710248 0.180288 -0.037612
-0.514304 0.144366 -0.027314
-0.558010 0.148458 -0.027723
-0.481994 0.237189 -0.029517
-0.621005 -0.022798 -0.030094
-0.596273 0.003718 -0.024203
-0.554660 0.228968 -0.029805
-0.435539 0.138633 -0.026619
-0.637197 0.120134 -0.027531
-0.649117 0.206556 -0.037876
-0.494865 0.204785 -0.028759
-0.522554 0.076757 -0.025603
-0.458755 0.071227 -0.025017
-0.522974 0.078529 -0.025652
-0.564568 0.105006 -0.034635
-0.550416 0.238235 -0.038021
-0.492632 0.241524 -0.029704
-0.630507 0.068225 -0.026127
-0.434624 0.152448 -0.034977
-0.544045 0.007416 -0.031941
-0.546369 0.260874 -0.038585
-0.438180 0.169030 -0.035435
-0.478926 0.049295 -0.024583
-0.576646 0.162522 -0.028220
-0.502347 0.276180 -0.030678
-0.514390 0.029164 -0.024302
-0.672055 0.190374 -0.037612
-0.615623 0.191755 -0.029254
-0.656399 0.082730 -0.026686
-0.651797 0.098092 -0.027055
-0.472936 0.177210 -0.027886
-0.623565 0.059439 -0.025849
-0.589900 -0.019003 -0.031568
-0.586488 0.129200 -0.035420
-0.620557 -0.023693 -0.024260
-0.443636 0.146002 -0.026867
-0.608107 -0.032274 -0.023344
-0.651903 0.046883 -0.033720
-0.638882 0.050503 -0.025722
-0.562958 0.075029 -0.025838
-0.521888 0.034008 -0.024481
-0.466649 0.085822 -0.033456
-0.627989 0.035683 -0.025259
-0.484063 0.179676 -0.028028
-0.662759 0.094694 -0.027043
-0.453108 0.142391 -0.034842
-0.575088 0.090528 -0.026327
-0.602317 0.142403 -0.035875
-0.600748 0.195252 -0.037246
-0.386091 0.079152 -0.032459
-0.551235 0.115902 -0.026825
-0.472542 0.264609 -0.030677
-0.521342 0.087886 -0.025886
-0.398066 0.069066 -0.032543
-0.533488 0.042032 -0.024771
-0.575813 0.134473 -0.035484
-0.491480 0.125461 -0.026661
-0.561317 0.101635 -0.034525
-0.631371 0.108475 -0.035189
-0.576858 0.187650 -0.028879
-0.509967 0.091967 -0.025914
-0.496951 0.220316 -0.037183
-0.528883 0.168263 -0.036043
-0.488804 0.281529 -0.038727
-0.487692 0.227033 -0.037294
-0.566938 0.256467 -0.038612
-0.599406 0.068128 -0.025909
-0.551521 0.073754 -0.025725
-0.678385 0.184771 -0.029506
-0.620387 0.124512 -0.027529
-0.683109 0.201582 -0.037981
-0.501651 0.180640 -0.036178
-0.565486 0.071531 -0.033766
-0.523796 0.046784 -0.024828
-0.430961 0.046790 -0.026696
-0.629087 0.007086 -0.024519
-0.545436 0.045936 -0.032958
-0.607653 0.189243 -0.029133
-0.461390 0.080410 -0.033278
-0.702458 0.183907 -0.037653
-0.618145 0.167468 0.043932
-0.510481 0.144078 0.053250
-0.598069 0.168112 -0.004327
-0.547100 0.143198 0.056315
-0.552267 0.147838 0.020729
-0.558012 0.147750 0.033583
-0.533737 0.153868 -0.024879
-0.481446 0.142966 0.003872
-0.505468 0.146992 0.013700
-0.449550 0.122089 0.066053
-0.634052 0.162055 0.049121
-0.644780 0.174849 0.025702
-0.446337 0.127976 0.020567
-0.670515 0.182340 0.004492
-0.471670 0.125613 0.074816
-0.503264 0.136108 0.035809
-0.649794 0.164712 0.055382
-0.629850 0.176045 -0.017358
-0.493665 0.133784 0.039018
-0.596770 0.161844 -0.026452
-0.526449 0.146292 0.064410
-0.523911 0.153452 -0.012400
-0.658471 0.176083 0.041901
-0.625276 0.173261 0.000925
-0.598688 0.157769 0.018257
-0.632096 0.168080 0.066881
-0.597454 0.153637 0.056958
-0.609151 0.170407 -0.004167
-0.554429 0.156756 0.018180
-0.476210 0.130034 0.040108
-0.626632 0.160890 0.045295
-0.602232 0.170235 -0.016859
-0.655774 0.165903 0.055941
-0.645749 0.172698 -0.030145
-0.673919 0.177574 -0.022838
-0.683038 0.184763 0.006374
-0.673843 0.178447 0.050311
-0.686444 0.185578 0.005329
-0.635110 0.169186 0.062119
-0.532582 0.149494 0.045200
-0.589296 0.151552 0.060782
-0.565620 0.150386 0.023102
-0.444817 0.132028 -0.021300
-0.584413 0.161743 0.030839
-0.658691 0.169885 0.022242
-0.543634 0.144854 0.032551
-0.653425 0.166560 0.044482
-0.598441 0.156272 0.032689
-0.668411 0.172038 0.020986
-0.679212 0.183027 0.015742
-0.606689 0.161775 -0.005094
-0.469003 0.139785 0.009714
-0.652166 0.173633 0.053231
-0.613998 0.163687 -0.008963
-0.469880 0.137744 0.031934
-0.551383 0.147889 0.018387
-0.453764 0.122929 0.064316
-0.499544 0.147787 -0.023301
-0.629009 0.176341 -0.022062
-0.628322 0.174545 -0.005559
-0.616303 0.165222 -0.019493
-0.556418 0.153659 0.053258
-0.592182 0.163320 0.031275
-0.690126 0.175790 0.028750
-0.602976 0.162180 0.065151
-0.644183 0.168016 0.010685
-0.535404 0.154186 0.004218
-0.555661 0.161116 -0.022805
-0.508329 0.149178 -0.002175
-0.473446 0.138711 0.029703
-0.606593 0.159006 0.022368
-0.489813 0.136022 0.008642
-0.571792 0.154320 -0.003329
-0.503435 0.134893 0.048303
-0.447441 0.127244 0.042560
-0.641049 0.168381 0.000506
-0.688106 0.185855 -0.019766
-0.454498 0.135099 0.026302
-0.666722 0.183629 -0.016293
-0.680026 0.178636 0.061307
-0.622498 0.160858 0.037005
-0.582081 0.162584 0.017580
-0.604106 0.163465 -0.027356
-0.678306 0.182902 -0.031262
-0.683046 0.173391 0.067179
-0.682346 0.175758 0.012867
-0.690677 0.176922 0.018597
-0.557673 0.145474 0.055614
-0.453337 0.136516 0.009727
-0.594138 0.160861 0.059913
-0.482372 0.132351 0.029809
-0.488859 0.138922 -0.022313
-0.610392 0.168953 0.012948
-0.655094 0.174305 -0.029398
-0.448676 0.131778 0.047350
-0.511817 0.144299 0.053828
-0.691522 0.179494 0.028069
-0.522594 0.143878 -0.001535
-0.611167 0.167714 0.026930
-0.527899 0.139846 0.049797
-0.607110 0.165016 -0.028432
-0.564725 0.149617 0.028917
-0.689073 0.175927 0.025196
-0.672072 0.175370 -0.004665
-0.624473 0.158455 0.065128
-0.632668 0.176184 -0.012874
-0.589177 0.152967 0.046405
-0.510216 0.143846 0.055017
-0.483034 0.135707 -0.002336
-0.480323 0.145025 -0.019036
-0.510925 0.138957 0.023316
-0.597963 0.169079 -0.014205
-0.532398 0.147783 0.061912
-0.597498 0.160228 -0.008792
-0.651586 0.173109 -0.024761
-0.533569 0.138782 0.072235
-0.602838 0.168798 -0.001247
-0.572416 0.163678 -0.013489
-0.680219 0.170405 0.061901
-0.608412 0.172186 -0.023474
-0.574688 0.156746 -0.021531
-0.666142 0.169838 0.038234
-0.549467 0.154889 0.026494
-0.622208 0.170216 0.024945
-0.452113 0.132736 0.044934
-0.601993 0.164935 -0.028123
-0.483429 0.131784 0.037676
-0.446955 0.126745 0.012014
-0.475836 0.134802 -0.008290
-0.537589 0.150003 0.050552
-0.567249 0.158707 0.025402
-0.551520 0.156137 0.018304
-0.499954 0.140707 -0.017030
-0.693535 0.175550 0.055284
-0.491770 0.133148 0.041429
-0.549314 0.148017 0.012794
-0.658879 0.166328 0.068053
-0.535296 0.151709 0.028728
-0.659005 0.168408 0.037651
-0.679390 0.187588 -0.029440
-0.490401 0.142201 -0.023224
-0.481562 0.139469 0.039043
-0.515589 0.150266 0.002090
-0.549059 0.144374 0.048655
-0.617325 0.170770 0.009237
-0.467849 0.140590 -0.000730
-0.589265 0.160405 -0.027715
-0.599446 0.161141 0.068173
-0.476867 0.134432 -0.002453
-0.484515 0.131634 0.041439
-0.446691 0.127595 0.026903
-0.674346 0.170982 0.043903
-0.603195 0.158413 0.021211
-0.579156 0.164025 -0.002909
-0.493827 0.137890 -0.001651
-0.486897 0.129373 0.068985
-0.578879 0.155382 0.000820
-0.485338 0.137922 0.062358
-0.551010 0.157706 0.001566
-0.584431 0.153155 0.034639
-0.613281 0.160943 0.016950
-0.685465 0.176428 0.012670
-0.446078 0.128093 0.015133
-0.492991 0.145805 -0.000438
-0.642343 0.175394 0.015174
-0.551457 0.158142 -0.001853
-0.548776 0.151455 -0.022662
-0.474207 0.143201 -0.013565
-0.490262 0.135991 0.009882
-0.654748 0.182348 -0.028442
-0.512914 0.146121 -0.024271
-0.688862 0.185694 0.009210
-0.678332 0.176343 -0.001345
-0.567947 0.152931 0.002530
-0.536332 0.146390 0.001994
-0.481571 0.142341 0.010374
-0.512823 0.137143 0.045382
-0.658204 0.165789 0.068048
-0.645094 0.168002 0.012726
-0.565449 0.145765 0.068906
-0.610253 0.172176 -0.019538
-0.692784 0.174335 0.048826
-0.468152 0.136046 0.045294
-0.633527 0.175527 -0.004518
-0.521652 0.152130 -0.003897
-0.455121 0.122410 0.072325
-0.510777 0.141218 0.000420
-0.489097 0.132847 0.038860
-0.615678 0.172571 -0.012184
-0.555801 0.153643 0.052131
-0.496667 0.134782 0.035307
-0.593894 0.161351 0.054502
-0.453081 0.133850 0.035832
-0.512831 0.142412 0.074790
-0.518319 0.138315 0.045128
-0.549165 0.145745 0.035184
-0.546002 0.154537 0.022787
-0.688154 0.178463 -0.002060
-0.545902 0.153826 -0.025633
-0.549987 0.147607 0.018293
-0.493173 0.139581 -0.019907
-0.629811 0.174810 -0.005103
-0.599128 0.161415 -0.017248
-0.568885 0.160254 0.013357
-0.683706 0.178620 -0.012888
-0.447220 0.129272 0.047467
-0.615811 0.168062 0.033138
-0.507639 0.145837 0.029761
-0.680302 0.181277 0.035502
-0.633495 0.161041 0.058091
-0.620889 0.160173 0.040493
-0.586861 0.168014 -0.026702
-0.532873 0.152171 0.019070
-0.512943 0.143548 0.063675
-0.469207 0.134370 0.064232
-0.557303 0.148648 0.072776
-0.489066 0.146099 -0.011554
-0.465743 0.139533 0.005441
-0.628053 0.162039 0.036782
-0.571442 0.158953 0.031679
-0.531938 0.146829 -0.011540
-0.607384 0.172368 -0.027435
-0.565682 0.152711 0.000008
-0.493087 0.130240 0.075130
-0.651734 0.174569 0.042984
-0.576258 0.158046 0.050779
-0.575118 0.149596 0.050780
-0.567425 0.149548 0.035231
-0.559727 0.153591 0.060837
-0.474043 0.132553 0.010439
-0.460144 0.137388 0.015206
-0.683723 0.175912 0.014198
-0.483146 0.143594 0.001138
-0.529910 0.146322 0.071315
-0.647368 0.172199 -0.024465
-0.613234 0.172065 -0.012224
-0.451619 0.131806 0.053194
-0.636848 0.174613 0.011529
-0.675564 0.179672 0.041660
-0.618495 0.158024 0.056968
-0.479910 0.128952 0.058629
-0.610997 0.165315 0.050544
-0.520814 0.152454 -0.008887
-0.565214 0.153986 -0.013704
-0.678889 0.174364 0.067520
-0.674966 0.180786 0.029287
-0.446911 0.126679 0.012585
-0.556558 0.158381 0.006384
-0.489477 0.130772 0.075399
-0.563694 0.158695 0.018111
-0.682437 0.172325 0.067124
-0.566091 0.155048 -0.022478
-0.600784 0.154675 0.053523
-0.470924 0.129913 0.030303
-0.464577 0.134366 0.054630
-0.509230 0.138511 0.024233
-0.613543 0.165205 0.056943
-0.510466 0.136705 0.044849
-0.648524 0.177455 0.007464
-0.494860 0.146973 -0.008211
-0.536447 0.147849 0.069688
-0.594503 0.165782 0.011513
-0.455096 0.125972 0.036700
-0.673383 0.183642 -0.002537
-0.494582 0.134175 0.037026
-0.686390 0.172125 0.057576
-0.565635 0.148942 0.037558
-0.519918 0.148699 -0.024478
-0.683251 0.174793 0.024393
-0.461773 0.135594 0.036513
-0.559319 0.157990 0.016045
-0.513849 0.134943 0.069496
-0.676982 0.170302 0.056184
-0.480070 0.133512 0.013410
-0.550557 0.142766 0.067836
-0.523154 0.143520 0.003210
-0.632722 0.160616 0.060722
-0.661305 0.169111 0.068147
-0.628892 0.168058 0.060430
-0.467948 0.141376 -0.008368
-0.686042 0.172930 0.048812
-0.611152 0.159389 0.028038
-0.574439 0.155973 0.067694
-0.570756 0.152441 0.013281
-0.537908 0.140760 0.061524
-0.463700 0.139115 0.005363
-0.529916 0.149996 0.034636
-0.538510 0.140089 0.069474
-0.635074 0.169056 -0.018677
-0.607215 0.167294 -0.028240
-0.689305 0.182757 -0.007252
-0.543201 0.154207 0.020251
-0.564816 0.147843 0.046831
-0.679293 0.182257 0.023603
-0.678990 0.185268 -0.007105
-0.491020 0.139336 -0.021942
-0.558599 0.154739 0.047015
-0.659557 0.167718 0.045688
-0.538455 0.148328 -0.012939
-0.530849 0.148269 0.053832
-0.445446 0.135062 0.007813
-0.586579 0.165650 -0.003672
-0.587120 0.161566 0.038242
-0.688340 0.186317 0.001902
-0.509904 0.145831 0.034542
-0.480373 0.138849 0.042753
-0.602107 0.159304 0.010040
-0.480057 0.142318 0.007449
-0.510890 0.135766 0.055114
-0.491415 0.142454 0.029753
-0.689467 0.184274 0.024657
-0.454551 0.130332 0.074032
-0.520975 0.145724 -0.023344
-0.512126 0.136022 0.055131
-0.575902 0.163497 -0.004420
-0.583174 0.157149 -0.007879
-0.474422 0.127294 0.063751
-0.554558 0.157529 0.010733
-0.600189 0.162680 -0.027674
-0.476703 0.136114 -0.019595
-0.607756 0.157996 0.034882
-0.600615 0.158375 0.016210
-0.469487 0.127877 0.047647
-0.519801 0.145470 -0.023253
-0.453537 0.137286 0.002457
-0.497930 0.144242 0.025466
-0.649710 0.165778 0.044558
-0.590691 0.157414 0.005132
-0.634020 0.166919 0.000466
-0.499381 0.134754 0.041246
-0.575041 0.150415 0.042437
-0.522213 0.151567 0.002893
-0.629291 0.160076 0.058970
-0.690386 0.178290 0.004326
-0.663638 0.175480 -0.023339
-0.677789 0.186499 -0.021894
-0.641751 0.171516 -0.029345
-0.456316 0.139888 -0.017741
-0.621139 0.170926 -0.028781
-0.577680 0.154718 0.004957
-0.471489 0.134174 -0.011078
-0.578023 0.160645 0.028487
-0.683005 0.173588 0.035908
-0.607673 0.163541 0.061336
-0.585312 0.156843 -0.000369
-0.635430 0.168036 0.069649
-0.529031 0.144343 0.007236
-0.665157 0.179838 0.018322
-0.501192 0.141737 0.057279
-0.461373 0.125549 0.054002
-0.460907 0.125158 0.056930
-0.548574 0.157299 0.000562
-0.596692 0.169773 -0.023785
-0.667677 0.171667 0.023165
-0.543875 0.156138 0.002366
-0.638831 0.167644 0.003253
-0.559487 0.144879 0.065332
-0.455495 0.136095 0.018434
-0.565682 0.156050 0.048674
-0.684111 0.177978 -0.005637
-0.443973 0.134113 -0.003972
-0.553379 0.152004 -0.018565
-0.572045 0.164831 -0.025774
-0.562642 0.154952 0.053308
-0.676498 0.182991 0.010450
-0.594862 0.158081 0.007165
-0.559916 0.144923 0.065791
-0.658644 0.166722 0.053736
-0.621924 0.175073 -0.024163
-0.589694 0.163281 0.026481
-0.458826 0.124158 0.062588
-0.472197 0.140819 0.006042
-0.612535 0.158545 0.039355
-0.537538 0.154448 0.006041
-0.456374 0.135699 0.024218
-0.607193 0.160055 0.013142
-0.487136 0.146153 -0.016115
-0.486443 0.141788 0.026046
-0.493030 0.130973 0.065778
-0.546820 0.144289 0.044833
-0.604618 0.166290 -0.028167
-0.536345 0.152767 0.020350
-0.507026 0.143081 0.056011
-0.552620 0.152677 0.055153
-0.607194 0.154578 0.067851
-0.635715 0.161893 0.054207
-0.603953 0.154584 0.061039
-0.488360 0.140865 0.039263
-0.690481 0.182016 0.016374
-0.613808 0.166707 0.042496
-0.474154 0.135914 0.059118
-0.550841 0.153082 0.047407
-0.681534 0.181899 0.031854
-0.608327 0.157630 0.039720
-0.558216 0.157927 -0.026035
-0.665323 0.182582 -0.008746
-0.516385 0.141966 0.004626
-0.512283 0.136876 0.046925
-0.541533 0.150496 0.053843
-0.675350 0.170848 0.047330
-0.662088 0.172878 -0.000571
-0.517771 0.135541 0.071695
-0.520171 0.151422 0.000086
-0.642763 0.167899 0.069184
-0.615059 0.169435 0.017857
-0.601312 0.161465 0.068824
-0.575051 0.155347 -0.006799
-0.675473 0.186205 -0.023787
-0.463945 0.141023 -0.013188
-0.655084 0.173057 -0.016956
-0.454405 0.128468 0.010328
-0.604256 0.163749 0.052140
-0.546635 0.146762 0.019751
-0.473280 0.135305 0.063376
-0.539087 0.141342 0.058166
-0.570111 0.155889 0.059516
-0.530272 0.142855 0.024685
-0.454506 0.138573 -0.008383
-0.594438 0.164772 0.021466
-0.605117 0.161774 -0.008363
-0.660519 0.168067 0.044214
-0.624626 0.168903 0.043100
-0.612968 0.164661 0.061179
-0.453935 0.125147 0.042516
-0.655946 0.177361 0.023868
-0.554296 0.151218 -0.008799
-0.657656 0.166599 0.052906
-0.682691 0.180110 0.052131
-0.603637 0.166348 0.024886
-0.532255 0.140229 0.055042
-0.549200 0.158033 -0.005471
-0.485782 0.131886 0.041556
-0.668752 0.180925 0.014952
-0.566043 0.152636 0.001512
-0.499838 0.145286 0.019009
-0.469941 0.127934 0.048024
-0.630636 0.161237 0.050175
-0.511559 0.149205 -0.023918
-0.507601 0.134334 0.062567
-0.635046 0.169038 0.063461
-0.584195 0.161149 0.036319
-0.638485 0.178613 -0.025018
-0.666508 0.171911 0.018295
-0.631585 0.177440 -0.028857
-0.690586 0.181453 0.016035
-0.523358 0.146978 0.051120
-0.627460 0.175747 -0.019356
-0.496375 0.132136 0.061129
-0.576038 0.149118 0.057478
-0.501067 0.138192 0.010410
-0.513477 0.147923 0.021088
-0.534809 0.151426 0.030548
-0.529193 0.147240 0.060652
-0.692532 0.173148 0.060155
-0.489534 0.132399 0.075537
-0.517176 0.142579 0.074721
-0.557097 0.145150 0.057647
-0.689648 0.182759 0.040166
-0.451954 0.129508 0.076855
-0.605869 0.159061 0.020310
-0.500361 0.145435 0.018611
-0.678382 0.173908 0.023082
-0.498492 0.134191 0.045015
-0.657875 0.172113 -0.001708
-0.633161 0.163001 0.037812
-0.532396 0.150779 0.031980
-0.534243 0.151168 0.031936
-0.532105 0.144865 0.008420
-0.637555 0.169483 -0.017778
-0.572702 0.154279 -0.001031
-0.645891 0.173010 -0.030126
-0.625432 0.167500 -0.023224
-0.540010 0.148685 0.068754
-0.566113 0.161398 -0.003849
-0.674597 0.168897 0.065254
-0.453015 0.136062 0.013599
-0.625728 0.158380 0.068482
-0.692088 0.176341 0.027338
-0.460393 0.125840 0.049054
-0.645856 0.168030 0.014035
-0.578773 0.159639 0.040102
-0.497197 0.137335 0.010909
-0.504391 0.138867 0.010593
-0.583730 0.160639 0.040446
-0.645060 0.170914 -0.016436
-0.556121 0.149423 0.012936
-0.562529 0.156373 0.038876
-0.659280 0.182762 -0.030101
-0.494730 0.132402 0.055042
-0.454752 0.138218 -0.004325
-0.642110 0.170662 0.061954
-0.633280 0.170838 0.041797
-0.482518 0.137414 0.061562
-0.548805 0.152068 -0.025965
-0.580123 0.151162 0.045570
-0.505096 0.137732 0.023407
-0.455874 0.129261 0.005461
-0.534196 0.151268 0.030845
-0.510045 0.147079 0.022366
-0.453932 0.130041 -0.006372
-0.522346 0.143838 -0.001652
-0.513826 0.138277 0.036146
-0.463726 0.124947 0.064913
-0.515834 0.152570 -0.020422
-0.512394 0.134275 0.073139
-0.689670 0.183935 0.028462
-0.644061 0.171852 -0.027883
-0.568874 0.155581 -0.022010
-0.640273 0.162970 0.052947
-0.522323 0.142555 0.011121
-0.488492 0.132954 0.036531
-0.532280 0.150765 0.031878
-0.652790 0.174384 0.047031
-0.457408 0.131154 -0.010252
-0.578947 0.162013 0.016747
-0.447488 0.137768 -0.014965
-0.446080 0.127245 0.005195
-0.651829 0.181359 -0.029764
-0.612529 0.158405 0.040739
-0.523440 0.151717 -0.024432
-0.627690 0.160523 0.069470
-0.450301 0.127967 0.006784
-0.625904 0.162867 0.024032
-0.515734 0.150131 0.003731
-0.612397 0.170990 -0.003220
-0.502523 0.132407 0.071227
-0.484965 0.138076 0.060046
-0.589403 0.153635 0.040204
-0.529360 0.147168 0.061726
-0.689567 0.184377 0.023837
-0.611965 0.166725 0.038475
-0.455287 0.133664 0.042276
-0.607810 0.170168 -0.004569
-0.479146 0.127462 0.071918
-0.637847 0.172268 0.037030
-0.645078 0.172028 -0.027525
-0.475295 0.140503 0.015657
-0.691075 0.173530 0.053307
-0.542625 0.149411 -0.015071
-0.590311 0.168113 -0.020504
-0.547237 0.150119 -0.012525
-0.692746 0.174254 0.049551
-0.676662 0.173575 0.022827
-0.576683 0.161927 0.012893
-0.683565 0.175574 0.017238
-0.596937 0.161931 0.055049
-0.641731 0.170736 -0.021596
-0.533010 0.153310 -0.024883
-0.624586 0.170828 0.023786
-0.483720 0.143689 0.001378
-0.585330 0.159783 0.052327
-0.671526 0.177064 0.059298
-0.446026 0.130165 0.024158
-0.498311 0.145903 0.009671
-0.509271 0.143302 -0.023532
-0.522445 0.142647 0.010450
-0.489051 0.136314 0.004132
-0.614707 0.166851 -0.028740
-0.558540 0.144041 0.071730
-0.452943 0.131081 -0.018825
-0.579638 0.155330 0.002924
-0.451368 0.132058 0.050154
-0.677806 0.183193 0.011155
-0.594581 0.156950 0.017880
-0.603600 0.164067 0.047599
-0.503735 0.150129 -0.021240
-0.543695 0.150655 0.056753
-0.694171 0.174589 0.065299
-0.491810 0.145405 0.001095
-0.454548 0.122705 0.068190
-0.481175 0.145158 -0.022397
-0.531708 0.145380 0.002449
-0.447109 0.127276 0.035015
-0.598519 0.164902 0.028674
-0.567468 0.159238 0.020555
-0.525170 0.154877 -0.024011
-0.593779 0.168207 -0.014212
-0.490816 0.145404 -0.000959
-0.685062 0.188804 -0.029768
-0.681897 0.182584 0.025764
-0.458817 0.129643 0.007784
-0.691786 0.173460 0.055482
-0.524774 0.149290 -0.024726
-0.497366 0.139476 0.071901
-0.684628 0.172770 0.047464
-0.676472 0.173413 0.024045
-0.502247 0.141148 0.065368
-0.560423 0.152504 -0.008881
-0.671213 0.177707 -0.029800
-0.623401 0.162557 0.021917
-0.454210 0.129968 -0.005064
-0.675580 0.174755 0.008782
-0.468338 0.134161 0.064507
-0.492521 0.135297 0.021525
-0.597715 0.165514 0.020879
-0.475493 0.128814 0.050801
-0.470153 0.137604 0.033896
-0.497182 0.140326 0.063021
-0.581243 0.160099 0.040651
-0.591615 0.164661 0.016692
-0.493553 0.144819 0.010582
-0.505445 0.141640 -0.014909
-0.641141 0.178867 -0.022021
-0.647241 0.177622 0.003131
-0.493430 0.140716 -0.023541
-0.464440 0.137147 0.026558
-0.689080 0.174778 0.036687
-0.487939 0.146164 -0.014551
-0.483387 0.140318 0.034364
-0.541526 0.150752 0.051271
-0.497715 0.144670 0.020746
-0.574581 0.155070 -0.005011
-0.605554 0.170384 -0.011431
-0.562892 0.156850 0.034876
-0.584757 0.160802 0.040955
-0.501783 0.143143 0.044469
-0.530444 0.144947 0.004146
-0.648000 0.166337 0.035407
-0.465139 0.137331 0.026176
-0.649970 0.172213 -0.019184
-0.684362 0.186496 -0.008170
-0.683187 0.178791 -0.015684
-0.586674 0.157202 -0.001114
-0.613466 0.164328 0.065548
-0.638219 0.161619 0.062162
-0.647476 0.176306 0.016758
-0.568657 0.163636 -0.020894
-0.501851 0.143732 0.038728
-0.530130 0.149601 -0.025029
-0.497334 0.132814 0.056353
-0.564862 0.155734 -0.026636
-0.688678 0.183428 0.031464
-0.493617 0.143211 0.026781
-0.544595 0.154542 0.019806
-0.631352 0.168053 0.065603
-0.555909 0.160042 -0.011564
-0.584098 0.160600 0.041599
-0.481421 0.140113 0.032308
-0.537410 0.141705 0.051040
-0.648583 0.176337 0.018761
-0.564208 0.152401 0.000034
-0.494903 0.134570 0.075396
-0.560536 0.157959 0.018889
-0.458150 0.135323 0.031672
-0.523859 0.143119 0.008683
-0.691906 0.174978 0.040575
-0.619623 0.173494 -0.013181
-0.670612 0.174379 0.002191
-0.496992 0.143971 -0.023476
-0.677172 0.181295 0.028801
-0.673471 0.177908 -0.027102
-0.692447 0.175530 0.036186
-0.653379 0.170009 0.009940
-0.691480 0.180720 0.033150
-0.565906 0.149711 0.030439
-0.454187 0.128628 0.008268
-0.495288 0.138344 -0.003148
-0.670882 0.176502 -0.018449
-0.500772 0.135088 0.040802
-0.654135 0.168241 0.029177
-0.576015 0.148362 0.064976
-0.604010 0.161525 0.071018
-0.577717 0.162134 0.012976
-0.445821 0.132415 0.030514
-0.654057 0.176788 0.025656
-0.678472 0.170942 0.052895
-0.656018 0.167822 0.037284
-0.600838 0.167707 0.005488
-0.474072 0.136380 0.054291
-0.595201 0.169640 -0.025570
-0.502453 0.146395 0.013380
-0.470780 0.128102 0.048095
-0.657688 0.180412 -0.002973
-0.556108 0.147878 0.028333
-0.603946 0.162221 0.066763
-0.674742 0.174916 0.005427
-0.465793 0.136286 0.037976
-0.644464 0.166773 0.023687
-0.653168 0.166658 0.042968
-0.618251 0.161315 0.070122
-0.569435 0.147031 0.064567
-0.692264 0.179479 0.045202
-0.540818 0.156477 -0.007388
-0.525964 0.145957 0.066745
-0.451418 0.134305 0.027818
-0.536527 0.144746 0.018828
-0.475017 0.135571 0.064342
-0.547482 0.150331 0.067884
-0.485968 0.144816 -0.005187
-0.593941 0.160423 -0.018148
-0.454053 0.125677 0.037473
-0.638644 0.168863 -0.009317
-0.671071 0.179011 0.038897
-0.530107 0.145082 0.002095
-0.558947 0.156003 0.035112
-0.649158 0.171581 0.067465
-0.662301 0.175982 0.050886
-0.646472 0.170425 -0.008611
-0.557150 0.143745 0.071791
-0.687997 0.181195 -0.029670
-0.622587 0.160276 0.042999
-0.683734 0.171385 0.059439
-0.565131 0.154335 -0.017357
-0.593515 0.160874 -0.023542
-0.449391 0.122800 0.065864
-0.476494 0.131129 0.029764
-0.507560 0.133318 0.072627
-0.625577 0.168634 0.047766
-0.634604 0.171952 0.033432
-0.670203 0.182567 0.001576
-0.553849 0.158331 -0.025730
-0.556171 0.148267 0.024584
-0.454494 0.128117 0.014017
-0.564581 0.151497 0.009844
-0.611719 0.163758 -0.014418
-0.581873 0.154760 0.013276
-0.692914 0.174050 0.051940
-0.563667 0.160454 -0.026150
-0.615895 0.157342 0.058365
-0.482428 0.131425 0.039177
-0.513348 0.151454 -0.014456
-0.692739 0.177748 0.047688
-0.668490 0.183100 -0.030639
-0.672136 0.183041 0.000866
-0.505283 0.141392 0.069250
-0.529942 0.145413 0.074181
-0.512849 0.144064 -0.023697
-0.451138 0.126796 0.020220
-0.472730 0.134127 0.074001
-0.574611 0.147745 0.068217
-0.523559 0.145490 0.066401
-0.453379 0.134088 0.034068
-0.594416 0.161425 -0.027161
-0.566693 0.156212 0.049164
-0.624465 0.172634 0.005497
-0.593426 0.161124 0.055796
-0.467140 0.132854 -0.006952
-0.551674 0.159880 -0.018759
-0.657612 0.176510 0.035845
-0.508195 0.137700 0.030183
-0.510759 0.136457 0.047940
-0.549608 0.159065 -0.014925
-0.629904 0.172243 0.020738
-0.536160 0.144897 0.016554
-0.613415 0.168441 0.024355
-0.464860 0.132594 -0.009106
-0.570473 0.159969 0.019515
-0.533923 0.147185 0.071055
-0.534278 0.144128 0.020308
-0.543357 0.152459 0.038035
-0.473724 0.134449 0.072854
-0.513974 0.134975 0.069442
-0.603184 0.158709 0.018234
-0.595760 0.163423 0.037700
-0.524267 0.144891 0.073860
-0.653514 0.176598 0.026424
-0.657435 0.174630 -0.027765
-0.550655 0.150387 -0.008086
-0.576019 0.151345 0.035190
-0.577028 0.150308 0.047652
-0.623725 0.158922 0.069575
-0.641856 0.168203 0.003967
-0.562204 0.146567 0.054137
-0.562715 0.161582 -0.025993
-0.584714 0.152567 0.041097
-0.449291 0.129743 0.068960
-0.494779 0.142659 0.034715
-0.693867 0.175037 0.060459
-0.583564 0.151252 0.051840
-0.693730 0.175447 0.059322
-0.610718 0.164511 0.057995
-0.473292 0.129672 0.037647
-0.545312 0.143249 0.052088
-0.544370 0.144593 0.036698
-0.618415 0.160309 0.033988
-0.501401 0.146163 0.013505
-0.450159 0.128251 0.003650
-0.544035 0.153411 0.029931
-0.642699 0.178332 -0.013431
-0.500095 0.146098 0.011435
-0.553919 0.146471 0.037834
-0.691691 0.182262 0.049390
-0.471229 0.134823 -0.018100
-0.641073 0.177567 -0.009172
-0.497064 0.141569 0.050364
-0.461894 0.129143 0.019189
-0.444384 0.132007 -0.004828
-0.688690 0.179093 -0.007236
-0.503214 0.148282 -0.003877
-0.561281 0.144657 0.071293
-0.534741 0.150622 0.038427
-0.642187 0.164423 0.042416
-0.594464 0.169341 -0.024115
-0.479398 0.140236 0.026872
-0.529273 0.154045 -0.007150
-0.474600 0.133493 0.002209
-0.651229 0.178776 -0.000093
-0.681366 0.181592 0.034564
-0.684046 0.183533 0.020763
-0.649430 0.171990 -0.018081
-0.561616 0.161124 -0.010479
-0.527080 0.143526 0.011331
-0.609276 0.164257 0.057526
-0.606893 0.162356 -0.010470
-0.459898 0.130116 0.005311
-0.529895 0.152057 0.013998
-0.509334 0.142006 -0.010461
-0.687631 0.186455 -0.027833
-0.630220 0.163844 0.023271
-0.649750 0.173189 -0.029389
-0.497415 0.144248 0.024329
-0.496090 0.131403 0.067862
-0.460936 0.124618 0.062384
-0.629888 0.176532 -0.028832
-0.653021 0.167846 0.030793
-0.466733 0.141646 -0.013606
-0.477699 0.131036 0.033209
-0.647894 0.178438 -0.003661
-0.554651 0.157468 0.011528
-0.539462 0.155470 -0.000161
-0.678175 0.181443 -0.031381
-0.452008 0.136594 0.006184
-0.656256 0.164867 0.067295
-0.485231 0.131905 0.040219
-0.615028 0.162687 0.003170
-0.636643 0.169133 -0.016182
-0.654092 0.166924 0.042236
-0.549684 0.150932 -0.015550
-0.680297 0.176164 0.004536
-0.532163 0.149331 0.045958
-0.559550 0.147260 0.041683
-0.598293 0.154234 0.052736
-0.466273 0.133175 0.070058
-0.450381 0.128790 -0.001278
-0.547917 0.153353 0.038605
-0.581754 0.150078 0.059792
-0.447514 0.130241 0.059078
-0.594651 0.168348 -0.013812
-0.662088 0.171400 0.014189
-0.663289 0.172735 0.003356
-0.466209 0.128933 0.030270
-0.568611 0.155050 -0.017253
-0.510326 0.145026 0.043465
-0.575150 0.157773 0.051192
-0.620384 0.167065 0.052621
-0.580937 0.156904 -0.010091
-0.535913 0.156076 -0.013603
-0.596791 0.161273 -0.020698
-0.461343 0.132355 -0.014051
-0.466613 0.129843 0.022028
-0.665094 0.171640 0.018056
-0.566851 0.146681 0.062679
-0.520266 0.136423 0.068081
-0.461149 0.136549 0.025676
-0.575174 0.164253 -0.013482
-0.513944 0.137370 0.045457
-0.554016 0.146226 0.040481
-0.611921 0.171821 -0.028135
-0.553898 0.147053 0.031970
-0.679127 0.184291 0.002943
-0.665103 0.171705 0.068139
-0.476741 0.140639 0.017306
-0.651785 0.179837 -0.009536
-0.536696 0.148053 0.068170
-0.670049 0.175911 0.067736
-0.678942 0.187500 -0.029495
-0.447920 0.127815 0.056515
-0.493703 0.136438 0.012592
-0.649373 0.173346 0.050283
-0.692816 0.176319 0.042422
-0.586666 0.159132 -0.020414
-0.555743 0.160946 -0.020931
-0.457418 0.135301 0.030366
-0.558909 0.153391 -0.020892
-0.483695 0.145025 -0.012017
-0.550301 0.146773 0.027279
-0.472594 0.129924 0.033676
-0.597137 0.163102 0.043768
-0.616061 0.171753 -0.003209
-0.466965 0.142188 -0.018535
-0.497461 0.132211 0.062638
-0.464344 0.137911 0.018733
-0.562855 0.145974 0.061409
-0.581537 0.158567 0.056572
-0.518250 0.152657 -0.024030
-0.671497 0.173295 0.014863
-0.561004 0.153071 0.068685
-0.624315 0.174840 -0.016851
-0.562886 0.148624 0.035006
-0.664756 0.167521 0.058495
-0.615479 0.166337 0.049672
-0.496984 0.140087 -0.017024
-0.514342 0.148373 0.018397
-0.516214 0.138224 0.041648
-0.446225 0.130394 0.029927
-0.671987 0.184932 -0.018337
-0.572998 0.155355 0.070859
-0.584126 0.158025 0.067375
-0.563683 0.160660 -0.001532
-0.518312 0.145656 0.053806
-0.679706 0.180516 0.041860
-0.602645 0.155030 0.070536
-0.689550 0.177981 0.005667
-0.680104 0.182486 0.023011
-0.688756 0.183359 -0.017022
-0.559372 0.148498 0.028945
-0.630296 0.177177 -0.027738
-0.477642 0.131542 0.028028
-0.533744 0.141070 0.049748
-0.542825 0.151839 0.043121
-0.602404 0.158355 0.020138
-0.608291 0.160179 0.014188
-0.566899 0.162422 -0.012432
-0.452136 0.124981 0.040423
-0.523449 0.142137 0.017636
-0.522032 0.145028 -0.014195
-0.534385 0.147305 0.070819
-0.533248 0.155398 -0.012387
-0.680945 0.172588 0.067239
-0.491189 0.133175 0.039949
-0.559685 0.148093 0.033639
-0.651059 0.166984 0.035321
-0.614430 0.157238 0.056353
-0.684047 0.180110 -0.027061
-0.674292 0.178129 0.054421
-0.485644 0.128586 0.074230
-0.576914 0.150843 0.042065
-0.519718 0.151171 0.001650
-0.660761 0.175315 0.054340
-0.502971 0.140391 0.074440
-0.656702 0.169050 0.026439
-0.620854 0.167108 0.053167
-0.547177 0.159038 -0.019722
-0.494865 0.144220 0.019299
-0.609731 0.157670 0.042247
-0.515382 0.142726 -0.005054
-0.640765 0.168811 0.069387
-0.612261 0.166741 0.038938
-0.613789 0.156025 0.067135
-0.588223 0.158369 -0.009543
-0.570135 0.156147 0.056985
-0.636657 0.168943 -0.014249
-0.490768 0.138880 -0.017918
-0.447564 0.125863 0.038598
-0.689232 0.173252 0.052243
-0.564119 0.159583 0.010128
-0.466292 0.134787 0.053993
-0.592845 0.167773 -0.011830
-0.673615 0.180586 0.028467
-0.525593 0.146187 -0.018345
-0.453733 0.135242 0.023281
-0.447442 0.129857 0.055494
-0.467985 0.128338 0.039920
-0.594673 0.166028 0.009407
-0.463517 0.139074 0.005393
-0.539713 0.157951 -0.024413
-0.589954 0.160739 0.052412
-0.487528 0.133829 0.025787
-0.465841 0.134384 0.057078
-0.638472 0.170079 0.060198
-0.517974 0.145730 0.052362
-0.457983 0.125451 0.076877
-0.483132 0.128696 0.067902
-0.687166 0.184981 0.012796
-0.633482 0.167742 -0.008875
-0.588506 0.164084 0.015983
-0.513588 0.141499 0.003463
-0.523882 0.145421 -0.014259
-0.585405 0.151159 0.071261
-0.689761 0.179244 -0.006512
-0.640910 0.179539 -0.029211
-0.513993 0.144801 0.053344
-0.527251 0.141759 0.029339
-0.470150 0.130441 0.023418
-0.449037 0.130973 0.056137
-0.533571 0.152297 0.019267
-0.533802 0.150190 0.040789
-0.533316 0.142571 0.033859
-0.466888 0.136678 0.036346
-0.571974 0.155791 0.064373
-0.552930 0.152127 0.061296
-0.603157 0.170634 -0.018920
-0.618850 0.163878 -0.000761
-0.453785 0.139145 -0.015597
-0.628274 0.163414 0.023513
-0.690015 0.172381 0.062571
-0.489776 0.140117 0.049682
-0.690297 0.183995 0.021885
-0.561565 0.157996 0.020662
-0.674951 0.173768 0.017337
-0.535641 0.143117 0.033248
-0.468982 0.127672 0.048646
-0.599387 0.167168 0.007847
-0.684221 0.175920 0.015155
-0.602423 0.164745 0.038379
-0.515272 0.142491 -0.002929
-0.641990 0.171078 -0.024475
-0.462669 0.127601 0.036202
-0.555618 0.157646 0.011769
-0.578509 0.157080 0.065115
-0.455041 0.122885 0.067418
-0.543124 0.154220 -0.025427
-0.492243 0.133451 0.039388
-0.519988 0.146985 0.044019
-0.571311 0.158605 0.034890
-0.456190 0.126333 0.035372
-0.592941 0.153569 0.048231
-0.549379 0.155295 0.022252
-0.485858 0.130545 0.075602
-0.500145 0.140061 -0.010173
-0.582758 0.166291 -0.018041
-0.607502 0.167063 0.025799
-0.614121 0.167125 0.038970
-0.477503 0.133894 0.004250
-0.639666 0.170778 0.055705
-0.569739 0.149958 0.035958
-0.667860 0.167318 0.066993
-0.625059 0.162171 0.029222
-0.519972 0.147345 0.040399
-0.692023 0.180676 0.065920
-0.670646 0.174337 0.002679
-0.683460 0.174780 0.024949
-0.692021 0.179857 0.041455
-0.521979 0.145365 -0.017666
-0.554834 0.144908 0.055350
-0.610996 0.164588 -0.024214
-0.505865 0.145108 0.033344
-0.526883 0.145601 -0.009810
-0.505447 0.146761 0.015964
-0.557544 0.149679 0.013340
-0.518877 0.140395 0.025509
-0.448889 0.129440 -0.010874
-0.667823 0.184766 -0.025350
-0.626757 0.168493 0.051640
-0.490502 0.143053 0.021866
-0.459136 0.140397 -0.016951
-0.661930 0.180349 0.006489
-0.605055 0.158685 0.022372
-0.566748 0.159371 0.017730
-0.689354 0.185393 0.013240
-0.626128 0.173888 -0.003570
-0.515190 0.148490 0.018992
-0.619223 0.165272 0.068110
-0.690123 0.184416 0.024607
-0.546638 0.158985 -0.020319
-0.489394 0.145240 -0.002287
-0.685629 0.184712 0.012282
-0.606404 0.160716 0.004893
-0.650317 0.166852 0.035089
-0.574082 0.157245 0.054238
-0.448439 0.125429 0.056761
-0.474333 0.127457 0.061946
-0.603631 0.167401 0.014356
-0.521993 0.152419 -0.006076
-0.677975 0.187014 -0.026654
-0.618274 0.164040 -0.003581
-0.655035 0.171121 0.002281
-0.573334 0.156823 0.056898
-0.645551 0.166471 0.028965
-0.585089 0.159918 0.050473
-0.505411 0.150246 -0.018922
-0.632507 0.166781 -0.001301
-0.652780 0.164144 0.067268
-0.628463 0.170084 0.039300
-0.457217 0.129503 0.005848
-0.624034 0.170942 0.021497
-0.688779 0.179417 -0.010287
-0.626183 0.166920 -0.015869
-0.508997 0.146224 0.028724
-0.554062 0.153749 0.047455
-0.475726 0.144059 -0.018964
-0.556132 0.147613 0.031038
-0.449926 0.123128 0.054335
-0.689905 0.182191 0.003868
-0.448819 0.132913 0.036305
-0.459858 0.123729 0.069019
-0.530975 0.147812 -0.023368
-0.558929 0.158730 -0.026009
-0.591240 0.159065 -0.010213
-0.467145 0.138451 0.019174
-0.445499 0.129345 0.007899
-0.506837 0.136574 0.038597
-0.535899 0.140696 0.057975
-0.574667 0.150604 0.039775
-0.635593 0.171129 0.043717
-0.479315 0.128120 0.065701
-0.474830 0.137849 0.041200
-0.460967 0.138995 0.000861
-0.609853 0.164255 -0.023276
-0.654252 0.165634 0.055457
-0.456717 0.136725 0.014680
-0.575568 0.156818 -0.020416
-0.576752 0.156458 0.067669
-0.446591 0.134277 0.018046
-0.559200 0.159725 -0.001535
-0.678372 0.175994 0.002224
-0.632657 0.177253 -0.023574
-0.493428 0.133288 0.043481
-0.622193 0.173543 -0.008312
-0.541816 0.147084 0.006490
-0.446448 0.127267 0.005740
-0.588044 0.166471 -0.008830
-0.649669 0.167974 0.068765
-0.600386 0.155316 0.046291
-0.671884 0.168531 0.063252
-0.507821 0.133343 0.072924
-0.580900 0.158798 0.052938
-0.658415 0.169167 0.028843
-0.579668 0.165176 -0.013336
-0.688378 0.182678 -0.029152
-0.635963 0.161523 0.058419
-0.558484 0.150607 0.006031
-0.545517 0.145230 0.032726
-0.541175 0.148437 0.073661
-0.614158 0.164854 0.061738
-0.503104 0.144795 0.030728
-0.561150 0.145833 0.059271
-0.655419 0.166581 0.048425
-0.688535 0.183921 0.026239
-0.552910 0.144594 0.054477
-0.609413 0.160096 0.017351
-0.543057 0.142784 0.073143
-0.560548 0.149809 0.018305
-0.627129 0.174125 -0.003846
-0.619546 0.165145 -0.011970
-0.648250 0.168982 0.009513
-0.527625 0.144570 0.002033
-0.637144 0.165768 0.069345
-0.541878 0.149305 0.066462
-0.645838 0.174343 -0.030007
-0.692778 0.172998 0.062170
-0.529052 0.149529 0.037493
-0.458348 0.130076 0.002481
-0.464435 0.124068 0.075173
-0.447369 0.129697 -0.016614
-0.614515 0.157345 0.055463
-0.631029 0.165730 0.006111
-0.503849 0.133753 0.060554
-0.459664 0.131545 -0.009457
-0.540949 0.158055 -0.022880
-0.608614 0.158681 0.029824
-0.525031 0.151901 0.005428
-0.586529 0.150137 0.069160
-0.679103 0.178420 -0.020483
-0.467235 0.133255 0.071256
-0.516294 0.144181 -0.017680
-0.595568 0.163267 0.038857
-0.646948 0.176061 -0.029925
-0.672974 0.177387 -0.022939
-0.496166 0.148164 -0.017383
-0.445119 0.130968 0.007086
-0.563004 0.149412 0.027385
-0.670009 0.175460 -0.009865
-0.461367 0.140241 -0.010745
-0.473667 0.126988 0.065240
-0.672844 0.176533 0.067345
-0.636319 0.167233 0.002117
-0.455504 0.139545 -0.016010
-0.532446 0.146790 0.071926
-0.642413 0.168372 0.003443
-0.537440 0.140758 0.060561
-0.445008 0.130219 0.000813
-0.452194 0.124064 0.049713
-0.570685 0.152447 0.013066
-0.482344 0.128271 0.075621
-0.614263 0.161379 0.014642
-0.588680 0.157941 -0.004311
-0.536122 0.145594 0.009511
-0.490792 0.146403 -0.010990
-0.653356 0.181377 -0.021642
-0.558760 0.146996 0.042670
-0.660254 0.182898 -0.022466
-0.447083 0.126081 0.028510
-0.650375 0.164226 0.061445
-0.505416 0.149337 -0.009834
-0.536066 0.154658 -0.024954
-0.525393 0.147896 0.046183
-0.647417 0.174044 0.039235
-0.583905 0.157820 -0.013060
-0.561516 0.151167 0.006749
-0.654640 0.169784 0.014812
-0.573767 0.152120 0.022752
-0.449738 0.135254 0.014836
-0.476025 0.142849 -0.006259
-0.662618 0.171704 0.012255
-0.629821 0.164467 0.016213
-0.534324 0.153710 0.006722
-0.547794 0.144325 0.046503
-0.593058 0.159577 -0.011533
-0.498523 0.146208 0.007061
-0.512274 0.138185 0.033831
-0.605441 0.162698 0.065109
-0.482720 0.143372 0.002464
-0.504703 0.141664 0.065331
-0.681455 0.187543 -0.024688
-0.662701 0.178656 0.025005
-0.459869 0.125354 0.052816
-0.562906 0.154441 0.058966
-0.463200 0.123711 0.076165
-0.540348 0.157052 -0.014114
-0.501196 0.145212 0.022584
-0.680717 0.181173 0.037406
-0.504142 0.146240 0.018455
-0.610335 0.167604 0.026297
-0.622356 0.164448 0.070142
-0.643032 0.164986 0.038553
-0.473490 0.136307 0.053808
-0.472624 0.132658 0.006433
-0.515344 0.141847 0.003651
-0.547602 0.145326 0.036110
-0.458881 0.130817 -0.003813
-0.640702 0.165368 0.029886
-0.618899 0.169896 0.021250
-0.531592 0.149186 0.046213
-0.576209 0.157535 0.055776
-0.660828 0.174753 0.060096
-0.642050 0.173502 0.033461
-0.667744 0.167675 0.063184
-0.534337 0.147218 -0.010432
-0.656329 0.169551 0.020659
-0.456727 0.125616 0.043648
-0.662677 0.179384 0.017685
-0.494287 0.146761 -0.007286
-0.582828 0.151897 0.043860
-0.464162 0.133622 0.061194
-0.532414 0.155632 -0.016460
-0.558071 0.153618 -0.024908
-0.535922 0.148906 0.058031
-0.577810 0.163140 0.003124
-0.557348 0.144235 0.072388
-0.664165 0.168877 0.043717
-0.460442 0.124967 0.057872
-0.666557 0.169932 0.067894
-0.581927 0.151765 0.071529
-0.690110 0.180134 -0.001538
-0.674419 0.174629 0.007626
-0.644074 0.173630 0.036399
-0.623333 0.158079 0.066508
-0.638428 0.161239 0.068871
-0.671436 0.176793 -0.020202
-0.501287 0.132100 0.071720
-0.655554 0.173124 0.065375
-0.613709 0.165837 0.050982
-0.590990 0.157638 0.003526
-0.446049 0.127896 0.013496
-0.495954 0.134176 0.039879
-0.482433 0.134873 0.004737
-0.551709 0.157738 0.002708
-0.471375 0.138914 -0.022338
-0.632806 0.165627 0.069600
-0.631896 0.162280 0.042382
-0.497937 0.141033 0.057532
-0.601672 0.166606 0.018224
-0.459844 0.133819 0.050230
-0.537031 0.147894 -0.011566
-0.474036 0.140251 0.015552
-0.652754 0.173399 0.056794
-0.505996 0.134910 0.053463
-0.635400 0.169129 -0.018731
-0.480726 0.136087 0.071076
-0.523205 0.137603 0.073915
-0.469795 0.138991 0.019298
-0.528618 0.153336 -0.024610
-0.518212 0.143377 -0.005658
-0.568973 0.151901 0.014952
-0.639021 0.171318 0.048972
-0.596334 0.156169 0.071025
-0.445970 0.131792 0.030914
-0.446399 0.136039 0.000035
-0.445654 0.134142 0.017439
-0.691457 0.178003 0.019197
-0.596721 0.169051 -0.016515
-0.556084 0.159549 -0.006275
-0.590812 0.162561 0.035996
-0.499448 0.135353 0.035396
-0.557236 0.151184 -0.002337
-0.462842 0.131814 -0.005520
-0.675401 0.178930 0.048728
-0.600302 0.155849 0.040792
-0.659002 0.175004 0.053783
-0.504900 0.138376 0.016557
-0.574272 0.149256 0.052418
-0.577250 0.157144 0.061854
-0.576765 0.153455 0.071995
-0.642558 0.178570 -0.016100
-0.611693 0.173270 -0.027467
-0.499069 0.144687 0.023395
-0.554433 0.154668 0.039044
-0.542243 0.141066 0.067496
-0.498856 0.146779 0.002057
-0.663319 0.176670 0.046130
-0.600733 0.153166 0.070491
-0.689121 0.183250 0.034167
-0.680960 0.184548 0.004199
-0.689164 0.183074 -0.008962
-0.545633 0.146025 0.025018
-0.523536 0.144676 -0.007543
-0.646409 0.171002 0.067518
-0.494888 0.137656 0.002892
-0.585122 0.166762 -0.017823
-0.687077 0.182153 0.040862
-0.501350 0.145055 0.024469
-0.556014 0.144637 0.060517
-0.514524 0.151664 -0.023886
-0.692981 0.177010 0.049662
-0.560658 0.145518 0.061390
-0.457555 0.133125 -0.021990
-0.529403 0.147300 -0.021525
-0.585852 0.158055 -0.011347
-0.692880 0.176626 0.045414
-0.467869 0.129039 0.032677
-0.674859 0.170873 0.046062
-0.479366 0.139455 0.034600
-0.564744 0.154090 0.066300
-0.587677 0.154503 0.027931
-0.618441 0.168733 0.031908
-0.611212 0.168539 0.018794
-0.680956 0.173236 0.035157
-0.506786 0.136198 0.042250
-0.582439 0.165476 -0.010563
-0.583084 0.156213 0.001289
-0.587928 0.150999 0.063458
-0.467791 0.135445 0.050542
-0.689902 0.184317 0.014318
-0.680243 0.183954 0.008637
-0.513380 0.143477 -0.016722
-0.560950 0.157130 0.028027
-0.687966 0.171836 0.063748
-0.493112 0.136445 0.011287
-0.632589 0.171855 0.030202
-0.668137 0.168026 0.060492
-0.473947 0.130550 0.030244
-0.469664 0.127218 0.054603
-0.542330 0.157784 -0.017297
-0.666416 0.174214 -0.004904
-0.525887 0.145671 -0.012579
-0.505274 0.140040 0.075233
-0.546269 0.143406 0.052508
-0.626677 0.174328 -0.028826
-0.666528 0.181923 0.000351
-0.532638 0.139576 0.062362
-0.519684 0.139787 0.033266
-0.675671 0.178338 -0.026819
-0.461545 0.124670 0.063143
-0.461628 0.131033 -0.000242
-0.506987 0.141898 -0.014275
-0.515060 0.143016 -0.008619
-0.583722 0.151549 0.049206
-0.590541 0.152145 0.057455
-0.672824 0.169852 0.052015
-0.562191 0.156019 -0.026446
-0.594933 0.161563 -0.027462
-0.543904 0.143212 0.049521
-0.590817 0.155664 0.022882
-0.572834 0.157768 0.046420
-0.557605 0.146973 0.040501
-0.525132 0.146273 0.061851
-0.494556 0.137858 0.000180
-0.532682 0.148070 -0.022391
-0.667835 0.175772 0.064509
-0.595648 0.155970 0.029890
-0.603869 0.162076 0.068045
-0.639370 0.178703 -0.024076
-0.555484 0.160799 -0.020006
-0.548723 0.148454 0.007195
-0.656883 0.179994 -0.000477
-0.455385 0.137368 0.005491
-0.526627 0.147346 0.054254
-0.590225 0.152161 0.056639
-0.592512 0.158266 0.000417
-0.558769 0.150463 0.008056
-0.463407 0.134396 0.051886
-0.683604 0.171057 0.062443
-0.610682 0.158695 0.033994
-0.614052 0.171623 -0.006102
-0.500919 0.149549 -0.021318
-0.565274 0.153649 0.071806
-0.466467 0.130693 0.076811
-0.565590 0.154182 -0.014871
-0.644892 0.166112 0.031186
-0.692216 0.179047 0.041975
-0.548142 0.144821 0.042280
-0.558063 0.145738 0.053791
-0.576107 0.152972 0.019119
-0.590540 0.158157 -0.002600
-0.483579 0.131992 0.035911
-0.586737 0.152344 0.047541
-0.561572 0.147287 0.045629
-0.505578 0.141883 0.064965
-0.450792 0.126804 0.019418
-0.483474 0.145415 -0.016373
-0.505748 0.140215 -0.000038
-0.667541 0.169206 0.047465
-0.631889 0.177230 -0.024949
-0.561730 0.161432 -0.025946
-0.678053 0.175060 0.010887
-0.518159 0.140253 0.025436
-0.555670 0.155807 0.030248
-0.480176 0.133737 0.011386
-0.467180 0.134151 0.062190
-0.501231 0.149084 -0.016020
-0.463285 0.130870 0.004835
-0.506888 0.146295 0.023617
-0.495929 0.142795 0.035748
-0.507623 0.147974 0.008381
-0.465917 0.140260 -0.001459
-0.550491 0.157353 0.004015
-0.446863 0.129395 0.039796
-0.587383 0.161485 0.039598
-0.455926 0.124360 0.054531
-0.476056 0.135450 0.067710
-0.617125 0.163718 -0.002761
-0.501043 0.143214 0.042216
-0.468339 0.125520 0.068799
-0.519708 0.140982 0.021380
-0.644131 0.170067 -0.009911
-0.602802 0.159197 0.012559
-0.587374 0.165680 -0.002318
-0.451903 0.121543 0.074281
-0.519161 0.137634 0.053685
-0.630106 0.171593 0.027646
-0.616072 0.170414 0.010188
-0.675956 0.171794 0.039141
-0.661017 0.169245 0.068176
-0.532763 0.147068 0.069812
-0.651304 0.164474 0.060900
-0.519448 0.144023 0.072490
-0.623789 0.175663 -0.026168
-0.642223 0.175823 0.010642
-0.634476 0.171896 0.033728
-0.660287 0.173883 -0.014368
-0.578570 0.162477 0.011330
-0.573779 0.161167 0.014439
-0.682609 0.178564 0.067407
-0.559655 0.144591 0.068564
-0.471206 0.128370 0.046311
-0.478409 0.133068 0.014390
-0.567357 0.155541 -0.024765
-0.622198 0.169520 -0.028969
-0.452143 0.130105 -0.010744
-0.481895 0.138801 0.046409
-0.689658 0.183149 0.036297
-0.460543 0.137701 -0.021775
-0.465830 0.127860 0.040202
-0.619688 0.161705 0.022689
-0.611769 0.170530 0.000059
-0.471883 0.136563 0.047898
-0.671498 0.176143 -0.013583
-0.577113 0.155714 -0.006174
-0.482886 0.127882 0.075523
-0.579575 0.161697 0.021213
-0.581141 0.156484 -0.005474
-0.601963 0.167418 0.010710
-0.460978 0.131284 -0.004105
-0.662906 0.180032 -0.030563
-0.502081 0.144359 0.032948
-0.616233 0.169899 0.015668
-0.500110 0.135608 0.034227
-0.513689 0.149149 0.009284
-0.554857 0.155703 -0.026022
-0.574312 0.160731 0.019898
-0.470078 0.135028 -0.022545
-0.578614 0.149365 0.060376
-0.588376 0.166817 -0.027119
-0.565511 0.145787 0.068818
-0.634368 0.170512 0.047330
-0.678603 0.174244 0.020190
-0.602913 0.164353 0.043313
-0.671517 0.184144 -0.011445
-0.583255 0.164710 -0.001213
-0.512209 0.147141 0.026259
-0.602753 0.154775 0.056630
-0.492255 0.140748 -0.023465
-0.601860 0.154429 0.058227
-0.634399 0.169480 -0.024319
-0.671109 0.180049 0.028611
-0.642279 0.170926 -0.022354
-0.649104 0.176291 0.020299
-0.449253 0.129611 0.070191
-0.577367 0.161517 0.018415
-0.457271 0.127281 0.028153
-0.474984 0.132666 0.011269
-0.489666 0.140669 0.043942
-0.573963 0.150396 0.040382
-0.662276 0.170170 0.026864
-0.558639 0.153561 0.058864
-0.676404 0.169432 0.063677
-0.688324 0.184080 -0.023484
-0.565761 0.159170 0.017681
-0.465649 0.138332 0.017244
-0.575826 0.152577 0.071976
-0.648354 0.164297 0.056528
-0.507789 0.141737 -0.010989
-0.640437 0.169978 -0.016713
-0.640706 0.171321 -0.029567
-0.496189 0.143356 0.030688
-0.623332 0.166155 -0.014169
-0.452801 0.137642 -0.002638
-0.650814 0.169096 0.013718
-0.516119 0.147708 -0.024330
-0.668018 0.182283 -0.000140
-0.488748 0.134094 0.025676
-0.659990 0.172421 -0.000384
-0.529694 0.143167 0.020358
-0.457625 0.128145 0.077134
-0.487738 0.137253 -0.007982
-0.468350 0.127627 0.047776
-0.654205 0.173249 -0.020702
-0.490907 0.140311 0.050096
-0.577671 0.165495 -0.020686
-0.576488 0.156550 -0.015820
-0.450623 0.121771 0.069337
-0.666298 0.177486 0.044189
-0.650965 0.176024 0.026842
-0.565148 0.151509 0.010906
-0.631631 0.172351 0.023256
-0.534633 0.148418 0.060227
-0.534068 0.156153 -0.018215
-0.470392 0.137343 -0.022414
-0.666564 0.184871 -0.029026
-0.635245 0.161199 0.060157
-0.668872 0.172636 0.015972
-0.595240 0.156510 0.023644
-0.598478 0.158096 0.014550
-0.454728 0.122550 0.070112
-0.458866 0.140517 -0.021426
-0.567933 0.149616 0.035612
-0.631462 0.161957 0.044704
-0.527248 0.137494 0.071935
-0.659655 0.167704 0.046034
-0.615847 0.162603 0.005715
-0.457148 0.128354 0.017181
-0.642704 0.178999 -0.020078
-0.686845 0.173734 0.042451
-0.655046 0.177081 0.024789
-0.597116 0.156071 0.031944
-0.445983 0.135765 0.001914
-0.582517 0.151868 0.043504
-0.585312 0.162885 0.021306
-0.593929 0.157639 0.009639
-0.632691 0.166447 0.002417
-0.567621 0.156516 0.048066
-0.590032 0.159775 -0.019824
-0.535387 0.140981 0.054056
-0.671988 0.178445 0.046464
-0.476326 0.129898 0.041716
-0.485096 0.135815 0.000882
-0.524167 0.147000 0.052578
-0.669685 0.177069 -0.026607
-0.534633 0.139389 0.068393
-0.632442 0.161935 0.046969
-0.675423 0.169372 0.062223
-0.564369 0.157619 0.030267
-0.535421 0.148890 0.057147
-0.659292 0.177371 0.030739
-0.517719 0.147032 0.038828
-0.562355 0.155857 0.043670
-0.456593 0.129219 0.007376
-0.472133 0.130652 0.025448
-0.539195 0.149097 -0.019072
-0.676718 0.178434 -0.025590
-0.602205 0.168000 0.005407
-0.582796 0.157067 -0.007844
-0.680823 0.170070 0.066508
-0.562274 0.160897 -0.006836
-0.474095 0.143557 -0.017352
-0.624863 0.167483 0.057782
-0.541311 0.156699 -0.008584
-0.457715 0.122702 0.074820
-0.567083 0.149927 0.030739
-0.577564 0.157280 0.061151
-0.620898 0.173661 -0.012199
-0.558187 0.161818 -0.024552
-0.539637 0.148338 -0.010574
-0.644715 0.163321 0.058690
-0.568758 0.148561 0.072061
-0.458400 0.126641 0.036896
-0.565821 0.146120 0.066138
-0.611308 0.157442 0.047808
-0.515225 0.143822 0.065692
-0.544868 0.144860 0.035064
-0.610284 0.163623 0.065959
-0.532640 0.144082 0.017356
-0.466894 0.134163 0.061476
-0.661837 0.167301 0.054611
-0.556015 0.150192 0.005029
-0.495035 0.136238 0.017359
-0.664315 0.181250 0.002461
-0.482664 0.136510 -0.011129
-0.666708 0.170278 0.035017
-0.654504 0.164607 0.066238
-0.493395 0.130400 0.072265
-0.569641 0.148376 0.051556
-0.566451 0.162686 -0.016003
-0.623612 0.157910 0.068774
-0.626873 0.160123 0.053467
-0.518386 0.152345 -0.012850
-0.674206 0.171488 0.038559
-0.578125 0.153774 0.015314
-0.650244 0.179724 -0.011614
-0.515671 0.143485 -0.012026
-0.635652 0.163820 0.034827
-0.487534 0.140454 0.041647
-0.673197 0.182396 0.009513
-0.588223 0.167125 -0.014989
-0.668306 0.182026 0.003022
-0.576855 0.159527 0.037221
-0.531179 0.156031 -0.023021
-0.579011 0.155407 0.000849
-0.517275 0.137717 0.048923
-0.474508 0.132206 0.014868
-0.539257 0.156035 -0.006231
-0.692507 0.178018 0.043644
-0.444091 0.132384 -0.009777
-0.623163 0.158620 0.060743
-0.502057 0.148127 -0.004744
-0.487133 0.137192 0.073386
-0.650183 0.164226 0.061042
-0.575518 0.165371 -0.023938
-0.676792 0.178408 -0.025179
-0.580120 0.158281 0.056470
-0.647697 0.179463 -0.014317
-0.581107 0.163428 0.007117
-0.624971 0.161391 0.036838
-0.450359 0.122277 0.077070
-0.552988 0.147533 0.025283
-0.607821 0.159417 0.020816
-0.693052 0.176074 0.046674
-0.674674 0.173749 0.016944
-0.661540 0.176419 0.044933
-0.551374 0.158973 -0.010329
-0.502533 0.144253 0.034942
-0.562086 0.155707 0.044615
-0.597386 0.158558 0.007659
-0.601474 0.162013 0.063682
-0.490712 0.141469 0.038124
-0.570953 0.148645 0.051606
-0.570645 0.155952 0.059993
-0.454555 0.130642 -0.011082
-0.540518 0.155649 0.000256
-0.538059 0.141962 0.049830
-0.453725 0.122414 0.069385
-0.615480 0.164679 0.066243
-0.594382 0.163633 0.032728
-0.563125 0.151041 0.011366
-0.531880 0.138372 0.072813
-0.639932 0.161612 0.065794
-0.469936 0.131584 0.011556
-0.523003 0.143967 -0.001570
-0.526020 0.143161 0.012765
-0.567084 0.160743 -0.026336
-0.535324 0.142206 0.041693
-0.655536 0.167296 0.041533
-0.480137 0.138127 0.049481
-0.461208 0.140000 -0.008674
-0.628714 0.167063 -0.012024
-0.455535 0.140052 -0.021013
-0.679134 0.173587 0.027858
-0.686962 0.181204 0.050103
-0.687134 0.188463 -0.029429
-0.600395 0.166970 0.011928
-0.556588 0.146238 0.072609
-0.449829 0.135475 0.012823
-0.490412 0.141992 0.032275
-0.616326 0.157889 0.053808
-0.628955 0.167832 -0.019207
-0.593098 0.168927 -0.022825
-0.562056 0.151035 0.009195
-0.653746 0.165416 0.056581
-0.616446 0.164542 0.069617
-0.490579 0.134596 0.024480
-0.578222 0.156590 -0.012608
-0.593363 0.161177 -0.026880
-0.676886 0.183327 -0.031138
-0.594055 0.152391 0.062323
-0.621334 0.166236 0.062881
-0.569501 0.158344 0.033716
-0.457077 0.128355 0.077186
-0.513804 0.148584 0.015172
-0.565679 0.145750 0.069534
-0.633065 0.166421 0.003457
-0.564058 0.153477 0.070992
-0.586145 0.152809 0.041665
-0.480269 0.136190 0.069097
-0.599902 0.153752 0.060908
-0.571508 0.163254 -0.011147
-0.461792 0.138573 0.006804
-0.520919 0.153227 -0.016383
-0.480453 0.140168 0.029750
-0.545540 0.146955 0.015542
-0.586499 0.157186 -0.001322
-0.566614 0.150614 0.022901
-0.452063 0.134206 0.030154
-0.623114 0.162346 0.023429
-0.447712 0.125693 0.024094
-0.470543 0.138026 0.030495
-0.471378 0.140691 0.005619
-0.670643 0.173211 0.067928
-0.527954 0.145747 0.072986
-0.475941 0.126736 0.072494
-0.472361 0.136194 -0.022636
-0.566082 0.163461 -0.024513
-0.574506 0.148014 0.065311
-0.481029 0.128020 0.070266
-0.547574 0.156459 0.006864
-0.689132 0.179311 -0.008487
-0.510042 0.140910 0.001967
-0.482981 0.128583 0.068715
-0.655194 0.172924 0.066628
-0.538143 0.149294 0.058786
-0.504281 0.143142 0.049685
-0.662150 0.168523 0.043058
-0.528268 0.152591 0.005275
-0.596964 0.158001 0.012346
-0.624539 0.172675 0.005245
-0.539172 0.149115 -0.019302
-0.686274 0.179521 -0.016541
-0.668861 0.180751 0.016916
-0.564638 0.153860 -0.013646
-0.482220 0.133567 0.017341
-0.484403 0.137755 0.062076
-0.645680 0.170800 -0.014009
-0.502465 0.142168 0.055628
-0.608497 0.168116 0.017354
-0.548718 0.149459 -0.002855
-0.445783 0.129736 0.016404
-0.581659 0.160052 -0.027295
-0.639701 0.169452 -0.012993
-0.587560 0.158862 -0.015848
-0.558666 0.151987 -0.007376
-0.626158 0.172126 0.014099
-0.578777 0.157744 0.059041
-0.562248 0.161239 -0.010308
-0.655810 0.166398 0.051075
-0.563307 0.147721 0.044901
-0.522893 0.136819 0.069597
-0.602757 0.166215 0.024382
-0.583185 0.165716 -0.011409
-0.639551 0.175173 0.011564
-0.585687 0.159926 0.051643
-0.642191 0.163555 0.051092
-0.556346 0.157711 0.012630
-0.578266 0.154724 0.006120
-0.672586 0.174375 0.006339
-0.532603 0.154732 -0.007078
-0.670743 0.169965 0.046550
-0.542306 0.144235 0.035973
-0.544611 0.145742 0.025718
-0.596953 0.169696 -0.022479
-0.536946 0.145162 0.015549
-0.578055 0.161373 0.021283
-0.560308 0.160280 -0.004768
-0.631770 0.169388 -0.028882
-0.464637 0.138603 0.012424
-0.454723 0.129642 0.077444
-0.521494 0.140107 0.033839
-0.693201 0.175778 0.048661
-0.555466 0.159711 -0.009179
-0.487044 0.132684 0.036213
-0.561505 0.156815 0.032333
-0.658369 0.179620 0.006358
-0.578020 0.149641 0.056377
-0.491895 0.145266 0.002660
-0.582656 0.153200 0.030491
-0.535152 0.155293 -0.007369
-0.578104 0.162248 0.012644
-0.605490 0.170923 -0.016947
-0.557651 0.159395 -0.001464
-0.668885 0.169061 0.051711
-0.633614 0.175688 -0.005952
-0.466239 0.125795 0.061684
-0.563304 0.160070 0.003570
-0.590115 0.161579 0.044351
-0.669566 0.183063 -0.004710
-0.514134 0.151347 -0.023890
-0.494143 0.139894 -0.021015
-0.676315 0.184825 -0.008249
-0.614483 0.164677 0.064183
-0.543390 0.141254 0.068005
-0.465060 0.135776 0.041549
-0.675769 0.170029 0.056388
-0.536102 0.153491 0.012608
-0.645531 0.180066 -0.024848
-0.448280 0.127262 0.062132
-0.489325 0.129402 0.073752
-0.689397 0.183165 -0.003087
-0.568917 0.147433 0.071953
-0.615855 0.157813 0.053580
-0.657818 0.172457 -0.005270
-0.674020 0.182382 0.011375
-0.605438 0.164213 0.049966
-0.540857 0.144158 0.033717
-0.568610 0.160063 0.014691
-0.687498 0.186735 -0.029516
-0.461379 0.124124 0.068243
-0.511738 0.135075 0.063785
-0.596776 0.159959 -0.007604
-0.665981 0.171743 0.018872
-0.654446 0.169111 0.021129
-0.583053 0.166514 -0.019656
-0.475999 0.132220 0.017840
-0.665986 0.180025 0.018178
-0.571974 0.156581 -0.025536
-0.690864 0.178965 0.010191
-0.614031 0.155903 0.068855
-0.517418 0.144719 -0.020718
-0.467361 0.130842 0.013600
-0.659726 0.168725 0.035988
-0.487066 0.137052 -0.007365
-0.575048 0.150014 0.046466
-0.690136 0.180629 0.001527
-0.664494 0.179251 0.022799
-0.482352 0.138336 0.052007
-0.560843 0.151303 0.003989
-0.598911 0.154642 0.049949
-0.481414 0.143079 0.002675
-0.515676 0.140160 0.074602
-0.624069 0.170462 0.026370
-0.533567 0.152449 -0.024992
-0.604245 0.162742 -0.019847
-0.677852 0.184028 0.002913
-0.491621 0.139063 0.064050
-0.521829 0.139700 0.038609
-0.627026 0.173806 -0.000880
-0.609866 0.157102 0.048203
-0.508711 0.142922 -0.020911
-0.541401 0.157700 -0.018395
-0.658426 0.182456 -0.021853
-0.691171 0.182057 0.032593
-0.494772 0.143462 0.026673
-0.467544 0.129500 0.076641
-0.640413 0.163757 0.045371
-0.581501 0.150009 0.059957
-0.629693 0.176535 -0.022576
-0.674742 0.182667 0.010031
-0.493496 0.131253 0.075193
-0.670726 0.171135 0.034832
-0.556648 0.146867 0.039562
-0.463297 0.141286 -0.021633
-0.669666 0.175918 -0.015155
-0.461375 0.132602 0.065574
-0.662301 0.169121 0.037395
-0.577366 0.157320 -0.021690
-0.640101 0.168736 -0.005009
-0.614953 0.161731 0.012566
-0.675938 0.177479 0.064345
-0.462610 0.128487 0.027224
-0.587028 0.167668 -0.022899
-0.508394 0.151139 -0.021623
-0.595886 0.160510 -0.014964
-0.600580 0.155660 0.043259
-0.512456 0.139543 0.020651
-0.642199 0.179048 -0.021620
-0.563507 0.158562 0.019059
-0.528043 0.154077 -0.010040
-0.642203 0.178607 -0.017210
-0.667351 0.178922 0.032037
-0.498704 0.144608 -0.023526
-0.685791 0.187907 -0.031287
-0.640049 0.173398 0.030335
-0.530301 0.144710 0.006213
-0.569868 0.161489 -0.026443
-0.616419 0.171833 -0.003266
-0.451226 0.122096 0.067353
-0.637125 0.164352 0.032576
-0.616955 0.169308 0.023067
-0.649526 0.172947 0.054581
-0.630828 0.161121 0.051735
-0.493282 0.138340 0.074738
-0.668796 0.169416 0.047977
-0.493366 0.146887 -0.010465
-0.549735 0.147490 0.018933
-0.612601 0.165694 0.050099
-0.569965 0.148601 0.049983
-0.631228 0.167238 -0.008532
-0.561329 0.151927 -0.001226
-0.533799 0.148621 0.056456
-0.656962 0.181572 -0.030062
-0.608307 0.163203 0.066039
-0.596837 0.168444 -0.010213
-0.460254 0.132983 0.059432
-0.460552 0.133401 0.055879
-0.524209 0.140313 0.037438
-0.530203 0.141569 0.073829
-0.464364 0.132236 -0.006559
-0.614858 0.169788 0.013903
-0.516790 0.142930 -0.004153
-0.499688 0.145510 0.016460
-0.586819 0.163614 0.017162
-0.533392 0.142142 0.038309
-0.558766 0.152589 -0.013178
-0.484041 0.135079 0.006031
-0.576351 0.159969 0.031760
-0.661456 0.183440 -0.025377
-0.477935 0.135806 -0.013945
-0.690907 0.178557 0.009178
-0.656420 0.176052 0.037933
-0.582923 0.158380 0.061326
-0.686987 0.179723 0.064946
-0.545804 0.144825 0.037367
-0.688887 0.179228 -0.008167
-0.579022 0.162580 0.011247
-0.597348 0.167120 0.004073
-0.586866 0.152706 0.044192
-0.683664 0.171248 0.060658
-0.548346 0.157759 -0.004514
-0.584445 0.152717 0.039038
-0.561942 0.148487 0.034411
-0.455370 0.131469 -0.017645
-0.548884 0.146747 0.024587
-0.659225 0.168032 0.068181
-0.676303 0.187003 -0.030029
-0.631558 0.167797 0.068586
-0.567967 0.162840 -0.026207
-0.564376 0.158713 0.019353
-0.570253 0.154430 0.072481
-0.571701 0.148302 0.056591
-0.564697 0.154491 0.062199
-0.469128 0.128728 0.038401
-0.525875 0.140303 0.041017
-0.624413 0.166178 -0.012148
-0.511603 0.148906 0.007369
-0.449752 0.126087 0.077440
-0.606131 0.165776 0.035796
-0.469938 0.133802 0.071428
-0.548966 0.154185 0.032479
-0.652117 0.172152 -0.014100
-0.661688 0.171336 0.013994
-0.568687 0.157564 0.039813
-0.585500 0.153215 0.036269
-0.509547 0.140817 0.001864
-0.690647 0.182027 0.049560
-0.498501 0.146491 0.004185
-0.649177 0.171914 0.064173
-0.575776 0.155116 0.072200
-0.590206 0.164570 0.014665
-0.680738 0.176122 0.005877
-0.636275 0.168716 0.069234
-0.653184 0.164884 0.060728
-0.608645 0.158498 0.070468
-0.663855 0.170649 0.025371
-0.658523 0.180145 0.001427
-0.614681 0.158487 0.044398
-0.672216 0.181997 0.011462
-0.624068 0.162824 0.020641
-0.592502 0.154331 0.039709
-0.494004 0.145871 0.001018
-0.596578 0.167463 -0.000952
-0.451889 0.123251 0.057192
-0.605021 0.163403 0.057193
-0.689908 0.173487 0.066764
-0.571882 0.163469 -0.012511
-0.620306 0.171167 0.011486
-0.632509 0.176181 -0.013173
-0.547132 0.149066 -0.002229
-0.559960 0.160821 -0.025890
-0.467410 0.134061 0.063572
-0.681634 0.184356 0.007515
-0.671886 0.178369 0.047013
-0.630569 0.162536 0.037063
-0.617124 0.168373 0.032768
-0.501359 0.146315 0.011903
-0.473748 0.139847 -0.022403
-0.475451 0.136250 0.058457
-0.499539 0.136383 0.025303
-0.551983 0.158115 -0.000491
-0.641378 0.165806 0.026914
-0.491407 0.140985 0.044410
-0.598391 0.155770 0.037603
-0.650175 0.169987 0.003483
-0.559175 0.155702 0.038597
-0.599286 0.154513 0.052026
-0.607425 0.161420 -0.000015
-0.601341 0.154511 0.056324
-0.594007 0.151747 0.070782
-0.494552 0.132793 0.050772
-0.464345 0.134633 -0.022278
-0.634073 0.171408 0.037756
-0.497680 0.136649 0.018772
-0.623471 0.163633 0.070002
-0.513784 0.143373 0.067172
-0.595677 0.165023 0.021538
-0.556605 0.148209 0.072780
-0.524041 0.151845 0.003923
-0.673145 0.175077 0.000496
-0.561182 0.146530 0.052376
-0.580649 0.157654 0.063838
-0.631780 0.163337 0.031581
-0.663313 0.176613 0.046688
-0.492258 0.135898 0.075675
-0.446625 0.130592 0.040183
-0.468104 0.140259 0.003109
-0.613176 0.171605 -0.007750
-0.649495 0.175472 0.029293
-0.482780 0.142326 0.013036
-0.666034 0.181496 0.003582
-0.624489 0.166034 -0.010553
-0.617266 0.166658 0.050189
-0.474445 0.130376 0.033022
-0.664967 0.176352 -0.029281
-0.608526 0.164238 0.056155
-0.579754 0.156204 -0.005565
-0.526793 0.145089 -0.004880
-0.548884 0.145186 0.040176
-0.680145 0.182869 0.019270
-0.602611 0.155386 0.050229
-0.449113 0.123616 0.047764
-0.448424 0.138101 -0.016334
-0.661094 0.183153 -0.023261
-0.678511 0.185607 -0.011481
-0.661428 0.183059 -0.021627
-0.688131 0.185206 0.012567
-0.555253 0.156693 0.020524
-0.671765 0.177556 -0.027142
-0.502145 0.136257 0.031987
-0.663167 0.177710 0.035424
-0.689329 0.182252 -0.009177
-0.689974 0.182489 0.006945
-0.655305 0.179185 0.004317
-0.451844 0.131196 0.059765
-0.635169 0.166712 0.004929
-0.541652 0.149038 -0.013367
-0.473662 0.135065 -0.015447
-0.640206 0.165117 0.031361
-0.470981 0.139620 0.015484
-0.643495 0.173251 0.038985
-0.492348 0.138753 -0.013359
-0.447782 0.135997 0.003345
-0.583706 0.164818 -0.001352
-0.673682 0.184380 -0.009290
-0.588577 0.161030 0.046631
-0.630097 0.170025 0.043292
-0.500512 0.140734 0.065885
-0.645964 0.180079 -0.024075
-0.479246 0.132515 0.021657
-0.535060 0.147325 -0.009996
-0.469757 0.132915 -0.002106
-0.526177 0.141586 0.028821
-0.569696 0.148326 0.052171
-0.612857 0.159662 0.028865
-0.552575 0.157091 0.010973
-0.622059 0.165953 0.067216
-0.600941 0.163222 0.050498
-0.446094 0.134990 0.009887
-0.563887 0.154869 -0.025291
-0.496993 0.137070 0.013129
-0.645020 0.174049 0.034185
-0.690140 0.177596 0.010744
-0.668891 0.184998 -0.025449
-0.632767 0.176153 -0.012355
-0.558103 0.156280 -0.026171
-0.573557 0.155912 -0.015558
-0.616587 0.172605 -0.028354
-0.452511 0.132634 0.046789
-0.611626 0.170427 0.000795
-0.588939 0.161063 0.047058
-0.580148 0.154101 0.016267
-0.654892 0.166406 0.049079
-0.538188 0.143581 0.033925
-0.447618 0.132632 0.036617
-0.523504 0.138289 0.056194
-0.688699 0.181432 0.051445
-0.665830 0.168525 0.050698
-0.573422 0.157195 0.053369
-0.467683 0.137895 0.025850
-0.493788 0.133034 0.046770
-0.447905 0.131793 0.045590
-0.574060 0.156001 0.066626
-0.497881 0.136430 0.021370
-0.469317 0.129329 0.032796
-0.587560 0.165506 -0.000196
-0.521993 0.147186 0.046193
-0.466732 0.137907 0.023741
-0.585059 0.150979 0.057684
-0.537711 0.140382 0.064888
-0.659034 0.180242 0.001522
-0.588135 0.155127 0.022661
-0.654959 0.164548 0.067778
-0.651126 0.180514 -0.017663
-0.527104 0.148443 -0.024943
-0.478196 0.135426 -0.009612
-0.671225 0.170816 0.039057
-0.540539 0.151949 0.037260
-0.607128 0.154585 0.067639
-0.551205 0.154916 0.029843
-0.461954 0.129440 0.016342
-0.508350 0.140096 0.006566
-0.518055 0.144638 0.063444
-0.559681 0.145432 0.060218
-0.516418 0.139150 0.032830
-0.507039 0.142544 -0.020618
-0.519217 0.151015 0.002164
-0.506361 0.139211 0.011266
-0.684585 0.188771 -0.030430
-0.658565 0.183245 -0.029446
-0.647738 0.167711 0.021140
-0.519461 0.153153 -0.018685
-0.671155 0.176063 -0.013500
-0.573419 0.149822 0.044986
-0.489910 0.139028 0.060835
-0.559674 0.157074 0.025928
-0.485787 0.143714 -0.022808
-0.452112 0.125232 0.037867
-0.549867 0.144900 0.045079
-0.468933 0.133620 -0.010865
-0.514976 0.146368 0.039749
-0.447414 0.134563 0.016896
-0.547533 0.149630 -0.007030
-0.639932 0.174446 0.019625
-0.527471 0.140103 0.046333
-0.465793 0.124927 0.069426
-0.451707 0.137847 -0.006957
-0.582861 0.166822 -0.026779
-0.633089 0.169399 0.055781
-0.578083 0.157219 -0.019186
-0.604054 0.155311 0.053985
-0.486319 0.133701 0.024548
-0.536340 0.148926 -0.023317
-0.604701 0.155766 0.050792
-0.464301 0.135566 0.042066
-0.596156 0.160194 -0.011250
-0.608560 0.155720 0.059285
-0.478852 0.129854 0.047415
-0.658864 0.179434 0.009243
-0.479952 0.135776 0.072577
-0.616891 0.172113 -0.005075
-0.483461 0.133991 0.015693
-0.626584 0.167415 0.062040
-0.676441 0.175363 0.004502
-0.488076 0.144477 0.002583
-0.460972 0.140852 -0.017671
-0.590513 0.151276 0.066074
-0.562033 0.147783 0.072408
-0.472447 0.130380 0.028821
-0.486568 0.134280 0.019280
-0.533414 0.147918 0.062673
-0.668408 0.173793 0.003452
-0.505823 0.136796 0.034264
-0.454568 0.133328 0.044142
-0.625680 0.174745 -0.013055
-0.489976 0.132027 0.048882
-0.570124 0.155836 -0.021945
-0.523669 0.140306 0.036390
-0.563273 0.150109 0.020982
-0.670549 0.185418 -0.026189
-0.586364 0.164283 0.009528
-0.608464 0.155554 0.060748
-0.550446 0.150974 0.067636
-0.630392 0.171970 0.024481
-0.650091 0.178865 -0.003357
-0.614133 0.158106 0.047070
-0.529035 0.148277 0.049964
-0.612753 0.156001 0.065221
-0.465101 0.137033 -0.022115
-0.460678 0.133091 0.059241
-0.543094 0.152336 -0.025590
-0.512625 0.142532 -0.008862
-0.567089 0.157895 0.033183
-0.540856 0.153082 0.026596
-0.649906 0.178535 -0.000440
-0.663200 0.184257 -0.029896
-0.600763 0.158603 0.014243
-0.600155 0.159751 0.001509
-0.468571 0.131236 0.012188
-0.586155 0.151701 0.052749
-0.545830 0.142872 0.056925
-0.584300 0.155034 0.015595
-0.561020 0.146627 0.051068
-0.667094 0.169939 0.039207
-0.570700 0.155254 0.067085
-0.606574 0.163830 -0.025854
-0.502369 0.145338 0.023765
-0.651300 0.180749 -0.019647
-0.469558 0.139944 0.009284
-0.657316 0.176840 0.031926
-0.659460 0.176409 0.040697
-0.483479 0.137668 -0.020994
-0.634937 0.174511 0.008562
-0.627102 0.169952 0.037781
-0.491122 0.139374 0.059903
-0.540733 0.153620 0.020972
-0.498027 0.148684 -0.018705
-0.588853 0.157659 0.071616
-0.478682 0.141337 0.014380
-0.522988 0.140152 0.036509
-0.636954 0.170524 -0.029430
-0.490356 0.135169 0.075728
-0.595266 0.154403 0.044741
-0.637488 0.178380 -0.024768
-0.454931 0.129899 -0.002869
-0.554827 0.159806 -0.011460
-0.574957 0.149588 0.050532
-0.454934 0.138882 -0.010578
-0.518242 0.150546 -0.024213
-0.684209 0.187538 -0.018900
-0.576118 0.165400 -0.022971
-0.672427 0.179815 -0.031169
-0.640058 0.168695 -0.004689
-0.504975 0.141052 -0.010009
-0.627886 0.172850 0.010470
-0.504685 0.145578 0.026198
-0.673694 0.185740 -0.022852
-0.532140 0.142418 0.032938
-0.487137 0.143636 0.009035
-0.525041 0.147979 0.044625
-0.622420 0.163473 0.010726
-0.654284 0.173672 -0.024766
-0.558462 0.156348 -0.026188
-0.667673 0.167644 0.063342
-0.508192 0.134401 0.063121
-0.448997 0.125752 0.071298
-0.639071 0.177989 -0.017562
-0.564859 0.157593 0.031548
-0.478006 0.127615 0.068022
-0.633129 0.168734 0.062504
-0.620546 0.171601 0.007652
-0.623788 0.168689 0.043494
-0.457822 0.136085 0.023379
-0.519234 0.137488 0.074150
-0.482881 0.139426 0.042214
-0.604812 0.159836 0.010364
-0.493021 0.138077 -0.005206
-0.577845 0.161125 0.023331
-0.529673 0.144605 0.005952
-0.603667 0.167951 0.008944
-0.605828 0.161142 -0.000565
-0.562216 0.151794 0.001944
-0.681867 0.188175 -0.030146
-0.677072 0.175935 0.067770
-0.533786 0.151404 0.028627
-0.638039 0.175133 0.008812
-0.593472 0.153023 0.054790
-0.631550 0.174344 0.003177
-0.517193 0.147852 0.029536
-0.630475 0.164952 0.012728
-0.565294 0.162489 -0.016448
-0.547736 0.143688 0.052749
-0.526533 0.154392 -0.016323
-0.611413 0.168057 0.024022
-0.663847 0.173406 0.068365
-0.598751 0.158296 0.071061
-0.454332 0.135841 0.018548
-0.629302 0.175541 -0.013463
-0.544438 0.148781 -0.005001
-0.621846 0.165827 -0.013989
-0.534324 0.148648 -0.024735
-0.559240 0.155983 0.035923
-0.588833 0.158563 -0.010212
-0.539912 0.141365 0.059646
-0.627055 0.175147 -0.014212
-0.483699 0.132957 0.026523
-0.608127 0.165641 0.041309
-0.554743 0.157724 0.009165
-0.599539 0.158023 0.017484
-0.563793 0.149281 0.030340
-0.498633 0.144574 0.023611
-0.583841 0.149381 0.071104
-0.626117 0.161904 0.034096
-0.674043 0.170715 0.045936
-0.579280 0.157906 0.058471
-0.598006 0.161733 -0.022765
-0.604604 0.158685 0.021427
-0.459719 0.125153 0.054505
-0.466027 0.127908 0.040138
-0.485080 0.138057 0.060479
-0.474346 0.131074 0.025840
-0.688361 0.177613 0.006867
-0.546860 0.153761 -0.025698
-0.499639 0.137471 0.075357
-0.492251 0.133766 0.036258
-0.610776 0.170040 0.002891
-0.654673 0.170100 0.011726
-0.632007 0.170011 0.047409
-0.670135 0.177229 0.054748
-0.575147 0.156008 -0.013204
-0.506125 0.137878 0.024083
-0.674589 0.185157 -0.015164
-0.496505 0.134541 0.037377
-0.549338 0.149866 -0.005623
-0.676083 0.178021 0.059231
-0.563191 0.158451 0.019501
-0.591881 0.156212 0.019625
-0.546961 0.146882 0.073259
-0.515125 0.137588 0.045736
-0.479782 0.144235 -0.012277
-0.676914 0.178124 -0.022087
-0.610807 0.157143 0.049755
-0.681186 0.178541 0.064665
-0.685788 0.180954 -0.031866
-0.518717 0.142674 0.002417
-0.595143 0.168362 -0.012926
-0.497659 0.135813 0.027080
-0.567997 0.158118 0.032839
-0.645771 0.173209 0.044141
-0.459641 0.130120 0.004736
-0.551752 0.155372 0.026430
-0.645467 0.179503 -0.019356
-0.475336 0.142523 -0.004435
-0.635875 0.169734 -0.023786
-0.648582 0.175678 0.025342
-0.666105 0.174457 -0.007981
-0.457874 0.134032 -0.021931
-0.572786 0.158454 0.039467
-0.463684 0.136143 0.035012
-0.618621 0.160665 0.030858
-0.628474 0.171187 0.028305
-0.507248 0.146711 0.020217
-0.507996 0.137539 0.031367
-0.693618 0.176134 0.066766
-0.636781 0.167057 0.004845
-0.513388 0.140388 0.014146
-0.613517 0.165829 0.050656
-0.573377 0.159167 0.033572
-0.479139 0.142998 -0.001255
-0.570133 0.150226 0.034100
-0.481565 0.136537 -0.013690
-0.665862 0.169563 0.040396
-0.661100 0.171083 0.068331
-0.603577 0.165723 0.031008
-0.504713 0.145255 0.029475
-0.515588 0.145244 0.052248
-0.475899 0.140228 0.019656
-0.555707 0.152007 0.068276
-0.603178 0.157043 0.034862
-0.572100 0.162666 -0.004038
-0.650417 0.180707 -0.021073
-0.641497 0.178382 -0.016437
-0.663683 0.180929 0.004355
-0.567445 0.149203 0.038718
-0.453430 0.128373 0.009246
-0.626034 0.167748 0.057566
-0.608033 0.168570 0.011860
-0.634829 0.167981 0.069681
-0.685615 0.181224 0.047100
-0.476182 0.134427 -0.003829
-0.634763 0.174572 0.007596
-0.614334 0.169904 0.011661
-0.484615 0.141636 0.023750
-0.632490 0.163958 0.026858
-0.579900 0.148710 0.069595
-0.586775 0.160741 0.045764
-0.579581 0.157037 -0.014246
-0.555684 0.143471 0.071477
-0.638926 0.163201 0.069011
-0.504812 0.147787 0.004397
-0.492158 0.134790 0.025834
-0.487931 0.146399 -0.016916
-0.467540 0.139650 0.008015
-0.589503 0.160205 -0.025212
-0.627742 0.162824 0.028291
-0.648467 0.179736 -0.015438
-0.667266 0.176282 -0.023793
-0.660895 0.170372 0.021976
-0.580297 0.161966 0.020035
-0.480748 0.131944 0.030487
-0.458022 0.127748 0.025048
-0.614998 0.167914 0.032924
-0.500332 0.135332 0.037453
-0.477963 0.139865 0.027584
-0.674600 0.176771 -0.013398
-0.459036 0.127187 0.032766
-0.620503 0.158715 0.069756
-0.467552 0.128183 0.040558
-0.562211 0.150812 0.011750
-0.621332 0.168954 0.035731
-0.486271 0.135306 0.008410
-0.489543 0.137515 0.075184
-0.470399 0.142802 -0.017512
-0.475024 0.128225 0.055707
-0.503595 0.143802 -0.023898
-0.536856 0.143112 0.035830
-0.682132 0.188151 -0.029355
-0.536435 0.148436 -0.018223
-0.538263 0.148686 0.065108
-0.464827 0.132418 -0.007420
-0.605247 0.167264 0.019096
-0.514149 0.145940 0.042293
-0.618886 0.171017 -0.028635
-0.566719 0.162054 -0.009136
-0.567570 0.161391 -0.000737
-0.543501 0.149195 0.070933
-0.514554 0.138441 0.074522
-0.512612 0.143388 0.064584
-0.617376 0.164975 -0.014788
-0.539145 0.142438 0.047332
-0.552657 0.159792 -0.025529
-0.523115 0.149604 0.024375
-0.524357 0.145766 0.065304
-0.463305 0.135584 -0.022131
-0.667294 0.177474 0.046379
-0.672968 0.168723 0.063593
-0.571746 0.156535 0.056466
-0.606706 0.164651 0.048236
-0.475171 0.139809 0.022324
-0.540044 0.140736 0.066207
-0.489400 0.147183 -0.021684
-0.617427 0.164281 -0.007746
-0.595610 0.154955 0.039948
-0.606166 0.169506 -0.001388
-0.486921 0.134928 0.013543
-0.526057 0.144231 0.002155
-0.641244 0.179518 -0.029272
-0.510875 0.148693 0.007973
-0.605342 0.157141 0.070554
-0.562453 0.159669 0.005800
-0.603721 0.162718 -0.020698
-0.491158 0.130122 0.070374
-0.626566 0.159219 0.069426
-0.634422 0.174207 0.010533
-0.622050 0.162700 0.017667
-0.560833 0.156624 0.032836
-0.555339 0.154276 0.044850
-0.448371 0.129933 0.065146
-0.583865 0.149417 0.070797
-0.445776 0.133065 0.028452
-0.654032 0.172583 0.067608
-0.499626 0.144909 0.022334
-0.595296 0.159894 -0.010036
-0.628258 0.163666 0.020956
-0.468608 0.136055 0.046156
-0.534450 0.152914 0.014933
-0.641991 0.168001 0.006272
-0.657699 0.179652 0.004633
-0.580754 0.149931 0.059183
-0.459823 0.139957 -0.011124
-0.511111 0.143931 0.056029
-0.488610 0.130089 0.065399
-0.587859 0.150900 0.064302
-0.677872 0.177387 -0.012729
-0.590941 0.153632 0.043434
-0.516845 0.136310 0.062086
-0.648947 0.172437 -0.023554
-0.508432 0.148160 0.008209
-0.618317 0.174224 -0.023195
-0.537724 0.147360 -0.004796
-0.671305 0.168060 0.066752
-0.581874 0.163163 -0.027037
-0.684659 0.177002 0.005254
-0.505639 0.134448 0.057333
-0.610995 0.159128 0.030317
-0.574125 0.154246 0.002272
-0.679566 0.182984 0.016914
-0.454084 0.132197 0.054424
-0.609802 0.162997 -0.010815
-0.687251 0.178110 -0.000408
-0.563714 0.154026 -0.017228
-0.522902 0.149515 0.024822
-0.600067 0.165748 0.023447
-0.497952 0.142922 0.038692
-0.613558 0.171802 -0.008918
-0.593566 0.153008 0.055141
-0.524102 0.151381 0.008683
-0.524278 0.148213 0.040690
-0.515462 0.145455 0.049877
-0.465025 0.132830 -0.011123
-0.512390 0.148940 0.008668
-0.453683 0.127904 0.014454
-0.679511 0.184299 -0.031215
-0.651853 0.174139 -0.030395
-0.686432 0.180090 0.060127
-0.665482 0.172660 0.008672
-0.523063 0.136991 0.068239
-0.517267 0.151430 -0.006048
-0.601254 0.169261 -0.009173
-0.556113 0.149798 0.009171
-0.610678 0.159292 0.028021
-0.643092 0.169714 -0.008551
-0.680852 0.185115 -0.031226
-0.451586 0.133359 0.037615
-0.480547 0.132988 0.019639
-0.677654 0.186508 -0.022268
-0.457515 0.130824 0.075293
-0.527587 0.154902 -0.019227
-0.653533 0.175987 0.032566
-0.550624 0.154024 0.037538
-0.622491 0.162501 0.020580
-0.569350 0.150759 0.027153
-0.498303 0.135822 0.028328
-0.543333 0.145430 0.073356
-0.590185 0.159208 0.068187
-0.519546 0.138149 0.049346
-0.584912 0.161214 0.037162
-0.609093 0.162040 -0.002726
-0.476271 0.137639 0.046294
-0.494962 0.139506 -0.015431
-0.643427 0.178680 -0.015393
-0.447383 0.132766 0.034786
-0.578224 0.159037 0.044972
-0.682770 0.173800 0.033307
-0.480731 0.128284 0.067014
-0.617778 0.159726 0.038482
-0.659682 0.175746 0.047788
-0.618937 0.167920 0.041069
-0.679425 0.174389 0.020454
-0.507557 0.142178 0.066139
-0.579655 0.159225 0.046072
-0.534011 0.145112 0.009925
-0.511499 0.151599 -0.019750
-0.623310 0.164923 -0.001911
-0.580745 0.152287 0.071647
-0.663020 0.112101 -0.073202
-0.472542 0.104477 -0.069445
-0.620781 0.056485 -0.080284
-0.580146 0.175347 -0.079676
-0.613750 0.107623 -0.072226
-0.534611 0.181274 -0.078790
-0.462939 -0.018402 -0.077061
-0.461043 -0.035578 -0.068995
-0.467750 0.136328 -0.069402
-0.631492 0.009042 -0.072417
-0.571763 -0.039926 -0.079166
-0.559423 0.115006 -0.071170
-0.562388 -0.056454 -0.078955
-0.590839 0.099137 -0.079764
-0.599467 0.066458 -0.079881
-0.437743 -0.020623 -0.076562
-0.609216 0.068612 -0.080076
-0.543856 0.137347 -0.078901
-0.469141 -0.046171 -0.069137
-0.602386 0.139077 -0.080055
-0.702653 0.139229 -0.074025
-0.681035 0.051696 -0.073460
-0.526201 0.017748 -0.078363
-0.530090 0.077216 -0.070533
-0.473898 -0.011280 -0.077288
-0.517188 -0.016319 -0.070129
-0.649419 0.019121 -0.080787
-0.701978 0.115641 -0.073974
-0.473661 0.031070 -0.069349
-0.512857 -0.001548 -0.070068
-0.615372 -0.079105 -0.071959
-0.675670 0.142860 -0.081502
-0.564142 0.041441 -0.071145
-0.633123 0.120040 -0.080629
-0.574668 -0.079152 -0.071159
-0.605689 0.120386 -0.080090
-0.567646 -0.041885 -0.079082
-0.633657 0.068056 -0.080556
-0.563270 -0.066525 -0.070955
-0.539328 0.105335 -0.070759
-0.624091 0.165227 -0.080523
-0.623809 0.028979 -0.080300
-0.565826 0.031060 -0.079163
-0.647123 -0.020407 -0.072677
-0.561709 0.175515 -0.079313
-0.481955 0.147477 -0.077700
-0.625784 0.162785 -0.072551
-0.440715 -0.033999 -0.076599
-0.524855 0.163190 -0.078569
-0.577145 0.125959 -0.071536
-0.536750 -0.019814 -0.070508
-0.567788 0.181332 -0.079442
-0.588355 0.125616 -0.071756
-0.658640 0.026296 -0.080980
-0.608548 0.041017 -0.080019
-0.677679 0.067535 -0.081421
-0.611306 0.129213 -0.080214
-0.469631 -0.020079 -0.077190
-0.636162 0.130095 -0.072703
-0.601071 0.167873 -0.072073
-0.513745 0.106057 -0.078259
-0.658054 0.064918 -0.073029
-0.638594 0.147440 -0.072778
-0.493563 -0.005291 -0.077684
-0.558278 -0.076028 -0.078843
-0.478419 0.099397 -0.077554
-0.473294 0.111111 -0.077472
-0.699542 0.120536 -0.073934
-0.469952 0.148956 -0.072700
-0.571970 0.004389 -0.071240
-0.544485 -0.000466 -0.070691
-0.558343 -0.000625 -0.078965
-0.485325 -0.014746 -0.069505
-0.583111 0.092194 -0.071599
-0.510891 0.123190 -0.070229
-0.544096 -0.036463 -0.078628
-0.600239 0.018248 -0.071818
-0.519640 0.039404 -0.070267
-0.622933 -0.082447 -0.080104
-0.724772 0.128551 -0.076062
-0.511292 0.094047 -0.070190
-0.578861 -0.014341 -0.079347
-0.596661 -0.085620 -0.071581
-0.451085 0.037612 -0.076918
-0.553165 0.047313 -0.070939
-0.494247 0.189016 -0.070007
-0.621137 0.126942 -0.080404
-0.572409 0.056789 -0.071332
-0.538721 0.136190 -0.070797
-0.715363 0.099646 -0.074211
-0.557461 0.104549 -0.071115
-0.459970 0.077880 -0.069155
-0.578330 0.159835 -0.079615
-0.599592 -0.015525 -0.071751
-0.603050 0.002029 -0.071847
-0.631556 -0.043350 -0.072335
-0.597906 -0.086969 -0.079605
-0.640252 0.161451 -0.072833
-0.531936 -0.011277 -0.078429
-0.436942 -0.005794 -0.068569
-0.485067 -0.026667 -0.069481
-0.693770 0.035698 -0.081686
-0.544304 0.015196 -0.070713
-0.613215 0.025658 -0.080086
-0.649046 -0.000863 -0.080748
-0.687167 0.119397 -0.073689
-0.465550 0.100004 -0.069300
-0.476382 0.165593 -0.077620
-0.602814 -0.016829 -0.079814
-0.423058 0.002033 -0.075800
-0.683452 0.115456 -0.081611
-0.519116 -0.010552 -0.070177
-0.569696 -0.034493 -0.079134
-0.465670 0.018032 -0.077173
-0.453619 0.081488 -0.069036
-0.644017 0.158267 -0.072902
-0.652220 -0.098811 -0.079963
-0.615692 -0.079193 -0.079967
-0.554016 -0.046808 -0.078806
-0.466192 -0.028214 -0.069108
-0.588606 -0.084768 -0.079425
-0.554320 -0.040461 -0.070821
-0.603410 0.034476 -0.079907
-0.682176 0.114584 -0.081584
-0.571946 -0.034007 -0.071178
-0.465017 0.133432 -0.072021
-0.522369 0.000379 -0.070258
-0.681686 0.102491 -0.081555
-0.505771 0.109949 -0.078109
-0.475333 0.134313 -0.077549
-0.497866 0.008177 -0.069789
-0.526772 0.009226 -0.070359
-0.674723 -0.012347 -0.081235
-0.456252 -0.015865 -0.076934
-0.485804 -0.006212 -0.069529
-0.603633 -0.066239 -0.071749
-0.686068 0.071165 -0.081591
-0.652727 -0.066030 -0.072715
-0.486563 0.091981 -0.069701
-0.497275 0.013350 -0.077787
-0.648748 -0.077824 -0.072617
-0.664181 0.152979 -0.073290
-0.579912 -0.074595 -0.079271
-0.662726 0.120829 -0.081212
-0.721338 0.124882 -0.074369
-0.517019 0.203973 -0.073241
-0.548980 0.037936 -0.070841
-0.462383 -0.030078 -0.077031
-0.641861 -0.063782 -0.080506
-0.454063 0.098088 -0.077073
-0.670379 0.025764 -0.073209
-0.513922 0.093097 -0.078242
-0.612502 0.045267 -0.072102
-0.534902 0.017672 -0.078534
-0.626180 0.096709 -0.072453
-0.525433 0.017953 -0.070346
-0.670367 0.084184 -0.073302
-0.516278 0.057930 -0.070230
-0.447688 -0.020663 -0.068756
-0.713005 0.097175 -0.074161
-0.485157 0.147151 -0.069761
-0.425776 0.010380 -0.072793
-0.459053 0.049424 -0.077093
-0.567822 0.125839 -0.079354
-0.475589 0.166760 -0.074731
-0.578736 0.075893 -0.071487
-0.553177 -0.072044 -0.070748
-0.508512 0.160046 -0.070241
-0.530448 0.186330 -0.070715
-0.553196 -0.063757 -0.078763
-0.507792 -0.046973 -0.069896
-0.475327 0.071629 -0.069447
-0.431743 0.022545 -0.076513
-0.488068 0.136734 -0.069802
-0.664397 0.153458 -0.073295
-0.686884 0.009921 -0.079825
-0.561313 0.015303 -0.079049
-0.563859 0.113489 -0.079256
-0.690210 0.058318 -0.073651
-0.654613 -0.082729 -0.072725
-0.516733 0.178551 -0.078434
-0.648308 0.010857 -0.080752
-0.480006 0.038586 -0.077488
-0.542035 -0.072709 -0.076211
-0.495195 0.061732 -0.069822
-0.465047 0.010275 -0.077148
-0.667561 0.107746 -0.081286
-0.609263 -0.024547 -0.071926
-0.579628 0.155578 -0.079634
-0.604222 0.080806 -0.071996
-0.601866 -0.065363 -0.071716
-0.623375 0.141330 -0.080471
-0.424204 -0.005496 -0.068319
-0.651909 0.044180 -0.072875
-0.585096 -0.037666 -0.071430
-0.453537 0.072051 -0.069019
-0.588210 -0.061912 -0.071453
-0.651057 -0.099177 -0.080630
-0.561961 0.149847 -0.079277
-0.531793 -0.069456 -0.077551
-0.471452 -0.011510 -0.069238
-0.580483 -0.060291 -0.079305
-0.572937 -0.026567 -0.071209
-0.549111 0.118040 -0.070972
-0.524260 0.074303 -0.070414
-0.466994 0.082508 -0.069301
-0.496602 -0.006272 -0.077742
-0.677659 0.052763 -0.073395
-0.620044 -0.097546 -0.073864
-0.642837 0.021783 -0.072661
-0.518785 -0.065274 -0.072808
-0.573262 0.140882 -0.071484
-0.500366 -0.051861 -0.077743
-0.693783 0.119060 -0.073818
-0.613531 0.153756 -0.080297
-0.544359 0.187504 -0.078991
-0.686612 0.105759 -0.081657
-0.615570 0.154125 -0.080338
-0.430591 -0.019965 -0.076423
-0.600953 0.030194 -0.079852
-0.711937 0.109208 -0.082161
-0.452811 0.025448 -0.068931
-0.435730 0.012815 -0.076576
-0.534709 0.145474 -0.078734
-0.457005 0.107721 -0.069145
-0.557952 -0.060404 -0.078862
-0.643628 -0.042663 -0.072573
-0.480353 0.053811 -0.069517
-0.431307 -0.003108 -0.076464
-0.623571 0.022701 -0.080285
-0.533203 0.139885 -0.078696
-0.563392 -0.053905 -0.078979
-0.584936 -0.039241 -0.079426
-0.605361 0.134527 -0.080106
-0.566572 0.073672 -0.071244
-0.563744 -0.026119 -0.079031
-0.622026 -0.034368 -0.080163
-0.475333 0.157854 -0.077587
-0.616096 -0.096310 -0.076592
-0.639782 0.017761 -0.080596
-0.451023 -0.014699 -0.076833
-0.443016 0.042971 -0.068766
-0.558327 -0.003606 -0.078960
-0.549961 0.008409 -0.078815
-0.580675 0.149299 -0.071643
-0.679667 -0.011830 -0.073331
-0.649837 -0.087207 -0.080625
-0.456361 0.031990 -0.069011
-0.467978 -0.031838 -0.069137
-0.633437 0.147725 -0.072678
-0.569736 0.152934 -0.079435
-0.537693 0.162003 -0.070818
-0.603884 -0.016717 -0.079835
-0.461694 0.023436 -0.077104
-0.670854 0.010551 -0.081195
-0.468668 0.113168 -0.077384
-0.554255 -0.030183 -0.070836
-0.559904 0.060582 -0.071092
-0.503700 0.028120 -0.077937
-0.578487 0.008580 -0.071374
-0.593618 0.005314 -0.079668
-0.448507 -0.022193 -0.068770
-0.619367 0.135676 -0.080383
-0.656412 -0.085962 -0.074969
-0.495443 0.130332 -0.077938
-0.518854 0.131349 -0.078400
-0.552371 0.160256 -0.071104
-0.477752 -0.018729 -0.069350
-0.616099 0.018669 -0.080132
-0.456253 0.075285 -0.077080
-0.429821 0.023142 -0.074013
-0.640834 0.164516 -0.074133
-0.530574 -0.069012 -0.070414
-0.506825 0.069143 -0.078064
-0.469904 0.088244 -0.069367
-0.556861 -0.027471 -0.078893
-0.622488 -0.039885 -0.080163
-0.605559 -0.001261 -0.071891
-0.514266 0.157563 -0.078352
-0.656593 0.147510 -0.073132
-0.569096 0.017353 -0.071204
-0.585003 -0.009560 -0.079475
-0.539438 -0.059005 -0.070498
-0.444614 0.019015 -0.068759
-0.633804 0.122340 -0.080646
-0.472532 0.013027 -0.069298
-0.601239 -0.053599 -0.071722
-0.671977 -0.027637 -0.081156
-0.441844 -0.032165 -0.076624
-0.470392 0.112163 -0.069415
-0.668401 0.006444 -0.081140
-0.655413 0.159840 -0.077984
-0.567902 0.112047 -0.079334
-0.535245 0.115089 -0.070695
-0.601325 0.081122 -0.079941
-0.614054 0.114752 -0.072244
-0.573424 0.076130 -0.079385
-0.613922 -0.043972 -0.071987
-0.618285 0.096886 -0.080300
-0.662074 0.002738 -0.081010
-0.648357 -0.030921 -0.072685
-0.452524 0.055745 -0.076975
-0.613283 0.054280 -0.080133
-0.645023 0.101151 -0.080832
-0.648950 -0.014522 -0.072723
-0.621237 0.018799 -0.072231
-0.576220 0.129176 -0.071523
-0.587615 0.058800 -0.071634
-0.558269 0.168377 -0.071233
-0.644679 -0.033007 -0.080611
-0.535508 0.130897 -0.078727
-0.522894 0.125175 -0.070468
-0.650987 -0.014095 -0.072764
-0.521267 0.138820 -0.078460
-0.529675 0.000134 -0.078403
-0.541544 0.170539 -0.070907
-0.450944 -0.013674 -0.068831
-0.581034 0.075298 -0.071531
-0.622721 0.099249 -0.072389
-0.556595 0.147990 -0.079169
-0.661475 0.157946 -0.073249
-0.508547 -0.056903 -0.069895
-0.576305 0.103973 -0.079486
-0.427080 0.014372 -0.071153
-0.514043 -0.063770 -0.073698
-0.655824 -0.012302 -0.072861
-0.617064 0.095476 -0.072272
-0.609300 0.037286 -0.072026
-0.487946 0.025504 -0.069621
-0.509695 0.064354 -0.078113
-0.432113 0.030241 -0.072507
-0.437306 0.046532 -0.072488
-0.554927 0.146567 -0.071132
-0.607819 0.144282 -0.072168
-0.527357 0.020222 -0.078389
-0.456600 0.098033 -0.077123
-0.625406 0.097860 -0.072440
-0.471836 0.081549 -0.077396
-0.512815 -0.021253 -0.078037
-0.608725 0.028263 -0.080002
-0.686139 0.142595 -0.081707
-0.574471 0.152161 -0.079527
-0.599708 0.116787 -0.079966
-0.641538 0.011286 -0.080620
-0.605563 -0.002988 -0.071888
-0.604260 0.079753 -0.079997
-0.503851 0.083789 -0.070027
-0.596646 0.103863 -0.079886
-0.663132 0.021706 -0.081061
-0.535915 -0.018172 -0.078496
-0.609310 -0.026460 -0.071924
-0.471351 0.071163 -0.077370
-0.455306 0.052308 -0.069023
-0.434724 0.038435 -0.072568
-0.502904 -0.020684 -0.069842
-0.492340 0.012254 -0.069687
-0.663547 0.138201 -0.081256
-0.485021 0.097496 -0.069679
-0.611015 0.172232 -0.080278
-0.663367 0.065793 -0.073135
-0.591599 0.139332 -0.079843
-0.462940 0.022272 -0.077126
-0.676637 0.023764 -0.073328
-0.660120 0.007382 -0.080979
-0.605033 0.053834 -0.071969
-0.540928 0.102556 -0.070786
-0.548556 0.063520 -0.070874
-0.642800 0.021108 -0.080660
-0.600348 -0.091302 -0.077846
-0.497058 -0.008680 -0.077747
-0.441239 0.044724 -0.068734
-0.468849 0.105578 -0.077376
-0.461652 -0.015522 -0.069039
-0.587856 -0.073295 -0.079429
-0.725094 0.129823 -0.080430
-0.621141 0.144981 -0.080433
-0.689489 0.054818 -0.081632
-0.617475 0.131629 -0.080339
-0.697865 0.134735 -0.081925
-0.526274 0.067695 -0.078444
-0.441179 -0.023476 -0.076625
-0.604719 0.098239 -0.072034
-0.544657 0.106932 -0.070867
-0.481490 0.090699 -0.077600
-0.611165 0.057994 -0.072096
-0.413311 -0.028990 -0.068364
-0.512151 0.138034 -0.078279
-0.576230 0.084122 -0.079453
-0.426866 -0.009777 -0.068364
-0.655078 -0.046042 -0.080794
-0.446451 0.031444 -0.076817
-0.566671 0.144195 -0.071359
-0.487936 0.124325 -0.069779
-0.542991 -0.033954 -0.078610
-0.636432 0.084616 -0.072635
-0.618297 0.159020 -0.080400
-0.546104 0.140700 -0.070949
-0.537356 -0.009599 -0.070537
-0.502843 0.178319 -0.070159
-0.428614 -0.028340 -0.076370
-0.558829 0.100696 -0.079137
-0.620905 0.075239 -0.080317
-0.500169 0.117332 -0.078010
-0.677057 0.128850 -0.073505
-0.442939 0.032609 -0.076749
-0.655068 -0.028346 -0.072821
-0.586697 0.011323 -0.079542
-0.554394 0.125797 -0.079090
-0.449705 0.027660 -0.076875
-0.561974 0.042343 -0.071104
-0.556693 0.189825 -0.079238
-0.599849 0.094033 -0.071931
-0.631714 -0.045160 -0.080336
-0.609597 0.173573 -0.080252
-0.659357 0.141271 -0.081178
-0.497641 0.181283 -0.070061
-0.667125 0.025313 -0.081145
-0.578522 0.175125 -0.079643
-0.463607 0.044324 -0.069173
-0.567720 0.175817 -0.079432
-0.527378 -0.051598 -0.070273
-0.511551 0.152282 -0.070288
-0.644624 -0.069914 -0.072549
-0.700491 0.052541 -0.078716
-0.633404 -0.077799 -0.080317
-0.574781 0.145505 -0.079522
-0.609868 -0.013450 -0.071956
-0.519386 -0.005281 -0.078192
-0.484363 0.120058 -0.069702
-0.436906 0.004930 -0.076587
-0.593593 0.004928 -0.079667
-0.516769 -0.031296 -0.070097
-0.693802 0.049523 -0.073707
-0.644204 -0.043074 -0.072584
-0.460080 0.061895 -0.069132
-0.672187 0.133550 -0.081418
-0.553633 -0.015232 -0.070848
-0.641602 0.163812 -0.080865
-0.614603 0.011169 -0.080090
-0.669055 0.103601 -0.073307
-0.596659 -0.017710 -0.079691
-0.536901 -0.047348 -0.070467
-0.482276 0.096542 -0.077625
-0.653160 -0.027698 -0.080786
-0.621417 0.093650 -0.080356
-0.523213 0.147157 -0.078511
-0.534470 0.036293 -0.070553
-0.677994 0.049271 -0.081397
-0.513412 -0.033949 -0.078028
-0.685619 0.120861 -0.081662
-0.477497 -0.041538 -0.077310
-0.649928 0.142529 -0.080995
-0.628886 -0.032093 -0.072300
-0.644891 0.155337 -0.080916
-0.588597 0.139471 -0.071783
-0.584807 0.058654 -0.071579
-0.599382 -0.046195 -0.079699
-0.461019 0.083105 -0.069184
-0.570278 -0.037762 -0.071139
-0.559390 -0.053081 -0.070900
-0.597283 0.073310 -0.071848
-0.569579 -0.007687 -0.079175
-0.699131 0.120569 -0.081927
-0.678163 -0.017458 -0.079456
-0.653831 -0.023396 -0.072805
-0.706512 0.132711 -0.074090
-0.548509 0.002472 -0.070775
-0.646486 0.078087 -0.072823
-0.583137 -0.018383 -0.079424
-0.673986 0.067200 -0.081347
-0.656431 0.116727 -0.081082
-0.682675 0.017501 -0.073437
-0.471574 0.154017 -0.072241
-0.525808 -0.055300 -0.070236
-0.502087 0.110533 -0.070036
-0.638739 -0.056480 -0.072455
-0.681509 0.151501 -0.081122
-0.494633 0.107393 -0.077886
-0.565936 0.080151 -0.079244
-0.450507 0.031103 -0.076896
-0.472432 -0.034438 -0.069220
-0.502318 0.188277 -0.078166
-0.668362 0.019899 -0.081161
-0.590693 -0.053529 -0.079517
-0.542167 -0.027847 -0.070602
-0.487038 -0.035904 -0.077507
-0.704225 0.064105 -0.076254
-0.577291 -0.034797 -0.071281
-0.529458 0.045176 -0.078471
-0.541553 -0.007256 -0.070623
-0.449206 0.028108 -0.076866
-0.665737 0.041085 -0.081143
-0.467378 0.021002 -0.077211
-0.669228 -0.009652 -0.081131
-0.447836 0.056649 -0.076884
-0.517248 -0.001428 -0.078156
-0.476208 -0.010127 -0.069334
-0.533728 0.016874 -0.070508
-0.612105 0.093816 -0.080173
-0.617493 0.091070 -0.072273
-0.612465 0.058067 -0.080123
-0.538897 0.145042 -0.070815
-0.513548 0.093335 -0.078235
-0.476668 0.139103 -0.077583
-0.679752 0.088480 -0.081495
-0.659804 -0.062514 -0.072859
-0.525766 0.138710 -0.078548
-0.622678 0.152738 -0.080476
-0.608345 -0.038545 -0.079888
-0.661752 0.038302 -0.081061
-0.661079 0.020929 -0.081020
-0.600586 -0.065282 -0.079692
-0.514323 0.042887 -0.070168
-0.632009 0.017113 -0.080442
-0.650848 -0.059736 -0.080689
-0.654130 -0.047745 -0.080773
-0.533523 -0.069841 -0.078366
-0.598738 0.035792 -0.079818
-0.462379 -0.013892 -0.069056
-0.667479 -0.023164 -0.081075
-0.604917 0.151048 -0.080124
-0.670797 0.066167 -0.073281
-0.661977 0.016289 -0.073028
-0.644833 -0.086910 -0.080527
-0.572531 0.024887 -0.071283
-0.642946 0.063733 -0.072730
-0.532238 0.168451 -0.078723
-0.527709 -0.014871 -0.078340
-0.451949 0.001621 -0.068875
-0.520802 0.010358 -0.070243
-0.613444 0.165745 -0.072313
-0.579839 -0.040416 -0.079324
-0.615222 0.085004 -0.072219
-0.462405 0.000810 -0.069080
-0.495887 0.058241 -0.069830
-0.607092 0.071275 -0.080039
-0.665898 0.129289 -0.073286
-0.511818 0.093839 -0.070200
-0.428425 0.015137 -0.076436
-0.437973 0.001322 -0.068600
-0.615951 0.135846 -0.072315
-0.554993 0.033991 -0.070953
-0.673033 -0.001155 -0.081219
-0.475146 -0.039646 -0.069265
-0.436715 0.015370 -0.068598
-0.637099 0.012827 -0.072534
-0.492750 -0.053258 -0.069590
-0.492999 -0.013391 -0.077660
-0.527531 -0.000124 -0.070359
-0.532037 0.095948 -0.070601
-0.496588 0.170069 -0.070023
-0.663990 0.032797 -0.073094
-0.555355 0.119898 -0.071098
-0.419807 -0.008268 -0.074069
-0.682728 -0.003476 -0.073405
-0.673043 0.024321 -0.073259
-0.657138 0.148058 -0.081146
-0.641828 -0.033468 -0.072552
-0.598508 0.177965 -0.078840
-0.488165 0.089078 -0.077729
-0.544653 0.155173 -0.078945
-0.577150 -0.042900 -0.071266
-0.452709 0.053208 -0.076975
-0.544805 0.179134 -0.078987
-0.457396 0.023491 -0.069018
-0.550810 -0.028197 -0.070771
-0.641956 -0.002959 -0.080605
-0.677846 0.039185 -0.081378
-0.509567 0.041938 -0.078074
-0.671024 -0.039790 -0.080521
-0.701534 0.125116 -0.073980
-0.603977 -0.036134 -0.079806
-0.496411 0.015827 -0.077774
-0.682944 -0.002643 -0.076452
-0.637468 0.163279 -0.080783
-0.665995 0.140519 -0.081308
-0.613504 0.063921 -0.072151
-0.498099 0.010154 -0.077798
-0.540884 0.011694 -0.078642
-0.697537 0.146408 -0.079301
-0.677654 0.079804 -0.073438
-0.553209 0.190185 -0.071168
-0.563670 -0.042319 -0.071002
-0.634024 -0.029706 -0.072405
-0.473308 0.105990 -0.069462
-0.597250 0.131072 -0.071939
-0.492557 0.116021 -0.077859
-0.575468 0.164301 -0.079566
-0.622668 0.098670 -0.080389
-0.673191 0.007770 -0.073235
-0.600226 0.107079 -0.071960
-0.562649 -0.002852 -0.071045
-0.578359 -0.064748 -0.079256
-0.475146 0.143930 -0.069559
-0.686469 0.055666 -0.073573
-0.668996 0.135702 -0.073357
-0.489293 -0.020942 -0.077575
-0.610435 0.086463 -0.072127
-0.610846 0.017253 -0.072025
-0.492600 -0.035844 -0.077616
-0.476222 0.047561 -0.069426
-0.435260 0.017970 -0.076575
-0.641379 0.132248 -0.072809
-0.510655 -0.026162 -0.077987
-0.538592 0.061168 -0.070674
-0.498772 0.140096 -0.078019
-0.535340 -0.005605 -0.070503
-0.625335 -0.000553 -0.080282
-0.723216 0.123862 -0.079277
-0.607326 -0.031304 -0.071878
-0.527038 0.062655 -0.078451
-0.464225 -0.005957 -0.077106
-0.489484 0.020601 -0.069644
-0.586518 0.116916 -0.071706
-0.570058 -0.017803 -0.071166
-0.511118 -0.012246 -0.078018
-0.457476 -0.010582 -0.068965
-0.559214 0.090889 -0.071127
-0.648589 0.073377 -0.072856
-0.512493 -0.053998 -0.069977
-0.468080 0.090688 -0.069335
-0.587731 0.116214 -0.079730
-0.485703 0.191027 -0.077844
-0.519493 -0.005342 -0.078194
-0.558753 -0.013639 -0.070951
-0.668382 -0.008173 -0.073115
-0.589605 0.089521 -0.079724
-0.488532 0.207294 -0.073583
-0.442262 0.012056 -0.076703
-0.512765 0.130573 -0.078279
-0.608107 0.055435 -0.072032
-0.454449 0.100110 -0.069178
-0.484891 0.196095 -0.077292
-0.613296 0.010190 -0.080063
-0.681596 0.026868 -0.073431
-0.623677 -0.043803 -0.072179
-0.710187 0.082904 -0.077849
-0.694727 0.123797 -0.073844
-0.658008 -0.060714 -0.072827
-0.569212 -0.067428 -0.071070
-0.575939 0.106970 -0.071482
-0.645038 0.071482 -0.072784
-0.588900 0.181066 -0.073791
-0.515075 0.120707 -0.078309
-0.498973 -0.008022 -0.069785
-0.525001 -0.014774 -0.070285
-0.491376 0.132270 -0.069860
-0.635373 -0.046635 -0.080406
-0.455190 -0.000759 -0.068935
-0.604109 -0.020747 -0.071831
-0.588009 -0.019419 -0.079518
-0.609285 0.077735 -0.080092
-0.511724 0.078352 -0.070174
-0.455123 0.077633 -0.069060
-0.530867 -0.037200 -0.078366
-0.524295 0.066245 -0.070401
-0.512415 -0.032267 -0.078012
-0.522567 0.060157 -0.070358
-0.544803 0.158907 -0.070953
-0.470061 0.137198 -0.077450
-0.646549 0.136808 -0.080919
-0.502499 -0.001059 -0.069865
-0.613442 -0.070797 -0.079936
-0.532165 0.108783 -0.070624
-0.603211 0.158811 -0.072101
-0.644519 0.109829 -0.080836
-0.540888 -0.058010 -0.078530
-0.498897 0.084096 -0.069931
-0.498335 0.121215 -0.069979
-0.441904 0.008541 -0.076691
-0.503736 -0.026121 -0.077851
-0.699861 0.138727 -0.081971
-0.633992 0.009142 -0.080468
-0.558185 0.041547 -0.079030
-0.515481 0.186311 -0.078422
-0.487273 0.184667 -0.069863
-0.565360 0.065564 -0.079209
-0.592897 0.144331 -0.079877
-0.656774 0.140461 -0.073125
-0.607632 0.068611 -0.072044
-0.414877 -0.032141 -0.069504
-0.600731 0.084769 -0.071934
-0.545856 0.027416 -0.078765
-0.525932 0.185933 -0.070625
-0.604774 -0.081626 -0.079748
-0.488148 -0.001926 -0.069581
-0.492074 0.097900 -0.077820
-0.646047 -0.042640 -0.072621
-0.528991 -0.050095 -0.078309
-0.481860 0.148379 -0.069698
-0.557935 0.024035 -0.070995
-0.538467 0.009090 -0.070588
-0.647758 -0.092676 -0.080576
-0.482147 0.079098 -0.077595
-0.666461 0.067894 -0.073199
-0.589532 0.099296 -0.071737
-0.522286 0.065110 -0.070360
-0.558912 0.021492 -0.079012
-0.565727 -0.001824 -0.071107
-0.518261 0.052124 -0.070260
-0.451836 -0.037803 -0.076812
-0.495834 0.027565 -0.069780
-0.543405 -0.064885 -0.070567
-0.629894 0.167966 -0.078650
-0.574090 0.185773 -0.075255
-0.665506 -0.032807 -0.073019
-0.668349 -0.027678 -0.081085
-0.703624 0.123233 -0.082020
-0.722253 0.126127 -0.082391
-0.668456 0.097347 -0.073285
-0.599664 0.075128 -0.071897
-0.536402 -0.044344 -0.078464
-0.423385 -0.022534 -0.076277
-0.626090 -0.050722 -0.072215
-0.458649 0.068183 -0.069114
-0.526010 0.195989 -0.078644
-0.726561 0.137188 -0.075862
-0.596745 0.107387 -0.071892
-0.546677 0.163549 -0.078999
-0.562793 0.180299 -0.079342
-0.518062 0.125151 -0.078375
-0.603573 0.095347 -0.080008
-0.640722 -0.046762 -0.080511
-0.527244 0.089124 -0.078497
-0.635197 0.042827 -0.080546
-0.519446 0.132611 -0.078414
-0.619249 -0.078836 -0.080037
-0.579478 0.092595 -0.079530
-0.580882 -0.075892 -0.071286
-0.580813 0.163632 -0.071668
-0.635441 0.043931 -0.080552
-0.426491 0.012721 -0.074459
-0.694878 0.049338 -0.081730
-0.671723 0.045215 -0.081268
-0.612612 0.067710 -0.072140
-0.496433 0.039484 -0.069811
-0.651841 -0.032452 -0.080752
-0.623146 0.008328 -0.080254
-0.617220 -0.013042 -0.072101
-0.570665 0.081355 -0.071337
-0.662440 0.048474 -0.073089
-0.714184 0.141090 -0.081084
-0.466007 0.116068 -0.077337
-0.479711 0.112248 -0.069598
-0.615648 0.157820 -0.080346
-0.522134 0.016989 -0.070280
-0.537900 0.022928 -0.078601
-0.683554 0.089035 -0.081570
-0.500574 0.042105 -0.077898
-0.511374 0.194737 -0.078355
-0.481360 0.164950 -0.077717
-0.459169 -0.014078 -0.076994
-0.620982 0.166228 -0.080464
-0.455380 -0.024049 -0.068902
-0.704264 0.070703 -0.073947
-0.566894 -0.052548 -0.071049
-0.489872 0.078301 -0.077745
-0.504985 0.194048 -0.070226
-0.439725 -0.004889 -0.076626
-0.614220 -0.014842 -0.072039
-0.567490 -0.001026 -0.079144
-0.608993 -0.058257 -0.071867
-0.725447 0.130792 -0.078099
-0.412527 -0.031194 -0.072629
-0.517677 0.061354 -0.070263
-0.649075 0.011319 -0.072767
-0.651620 0.135755 -0.081017
-0.430468 0.004900 -0.068458
-0.564331 0.011182 -0.071100
-0.641328 0.071290 -0.072710
-0.543043 -0.014997 -0.070640
-0.623560 0.086824 -0.080387
-0.669824 0.005472 -0.081167
-0.613375 0.043125 -0.080117
-0.642790 -0.090682 -0.072480
-0.587784 0.155935 -0.071793
-0.616125 0.168692 -0.072371
-0.660430 0.038872 -0.081036
-0.633191 0.027967 -0.080483
-0.435705 0.034888 -0.076611
-0.615967 0.137436 -0.072318
-0.531184 0.144044 -0.078663
-0.423747 -0.028331 -0.076275
-0.597621 0.041041 -0.079804
-0.552963 0.118326 -0.071048
-0.662408 0.071296 -0.081126
-0.548677 0.096259 -0.070929
-0.592441 -0.058260 -0.079543
-0.497092 -0.056910 -0.077671
-0.534872 0.157819 -0.078757
-0.506533 0.033630 -0.078001
-0.509287 0.175076 -0.078282
-0.614647 -0.029761 -0.072024
-0.589692 0.079852 -0.079710
-0.560107 0.019382 -0.071030
-0.503536 -0.024921 -0.077849
-0.641694 0.105787 -0.080774
-0.439960 0.023645 -0.076677
-0.560098 0.054486 -0.071086
-0.600714 0.141702 -0.080026
-0.642841 0.071239 -0.080742
-0.640638 0.143674 -0.080814
-0.469738 -0.012585 -0.069202
-0.579854 -0.074661 -0.071268
-0.595230 0.148447 -0.079929
-0.468978 0.114576 -0.069391
-0.420780 -0.005549 -0.068528
-0.523464 0.194507 -0.070590
-0.672091 0.113453 -0.081384
-0.521751 -0.030820 -0.078197
-0.577103 0.093932 -0.079485
-0.572130 0.061119 -0.071334
-0.663824 -0.062377 -0.080536
-0.415687 -0.032409 -0.070755
-0.448269 0.046675 -0.076877
-0.579379 0.052015 -0.071461
-0.489520 0.210338 -0.072689
-0.454000 0.016625 -0.068940
-0.557204 0.103813 -0.079110
-0.564647 -0.079912 -0.075971
-0.713179 0.141460 -0.074762
-0.426455 0.012444 -0.071725
-0.565206 -0.011688 -0.071081
-0.632355 -0.083928 -0.072285
-0.567111 -0.052339 -0.071053
-0.669833 0.107022 -0.073328
-0.699730 0.120340 -0.081939
-0.657633 0.145652 -0.081151
-0.635655 -0.094642 -0.072333
-0.480798 0.050253 -0.069521
-0.654479 0.142950 -0.081085
-0.632966 0.118105 -0.072621
-0.526685 0.128487 -0.078549
-0.523645 0.040973 -0.070348
-0.634152 0.039883 -0.080520
-0.599384 0.069691 -0.079885
-0.704197 0.120050 -0.074024
-0.647253 0.051430 -0.080797
-0.572317 0.169978 -0.079513
-0.566379 0.181311 -0.079414
-0.518621 -0.030832 -0.070134
-0.570301 -0.071254 -0.079087
-0.526937 0.156009 -0.078599
-0.587168 0.022845 -0.071568
-0.617194 -0.018249 -0.080094
-0.667590 0.017589 -0.073141
-0.616132 -0.092314 -0.071953
-0.657667 0.011886 -0.072936
-0.543831 0.001937 -0.078684
-0.490513 0.150118 -0.069871
-0.611413 -0.093176 -0.071859
-0.653970 0.063156 -0.072946
-0.666417 0.061001 -0.081189
-0.631499 -0.083124 -0.080271
-0.706674 0.084451 -0.074016
-0.552550 0.143207 -0.071080
-0.436011 -0.014343 -0.076538
-0.523696 0.179452 -0.070571
-0.654204 0.080713 -0.072979
-0.584055 0.070760 -0.071583
-0.510153 -0.006442 -0.070007
-0.462586 0.044364 -0.077155
-0.622210 0.133843 -0.072435
-0.646427 -0.052162 -0.072613
-0.640392 -0.013843 -0.080557
-0.605054 0.063672 -0.071985
-0.490532 -0.021175 -0.077599
-0.569830 0.041575 -0.079259
-0.617119 0.129192 -0.080329
-0.513151 0.175213 -0.070357
-0.550905 0.005166 -0.078828
-0.462170 -0.029186 -0.069027
-0.615248 -0.005679 -0.080076
-0.455531 0.003698 -0.068949
-0.499894 0.067478 -0.077925
-0.535581 0.026605 -0.070560
-0.498642 0.027427 -0.069835
-0.610810 0.074511 -0.080117
-0.594252 -0.084566 -0.071535
-0.469317 0.037402 -0.077276
-0.508258 0.102757 -0.070144
-0.615354 -0.091795 -0.079940
-0.493670 0.161954 -0.077954
-0.631615 0.157156 -0.080658
-0.689980 0.129692 -0.081762
-0.609541 0.023459 -0.072009
-0.702674 0.094679 -0.073954
-0.461256 0.121619 -0.071795
-0.479439 0.099616 -0.077574
-0.680523 0.042614 -0.081437
-0.588585 0.150309 -0.071800
-0.646217 0.147406 -0.072928
-0.615394 -0.074176 -0.071968
-0.495851 0.145132 -0.069968
-0.514121 -0.044697 -0.078025
-0.451447 -0.004104 -0.068856
-0.602976 0.067018 -0.079951
-0.574767 -0.017088 -0.079262
-0.638971 -0.065316 -0.072445
-0.585600 0.041280 -0.071567
-0.563595 0.048154 -0.071145
-0.695217 0.068522 -0.081767
-0.673111 -0.033430 -0.077405
-0.438709 0.030058 -0.068661
-0.581080 0.154402 -0.071659
-0.710067 0.109875 -0.074124
-0.532559 0.128242 -0.078665
-0.655206 0.005889 -0.080880
-0.585412 0.068447 -0.079608
-0.649124 -0.090376 -0.080606
-0.557581 -0.016552 -0.070923
-0.576680 0.055970 -0.071415
-0.445620 -0.000885 -0.076749
-0.437604 0.034538 -0.076648
-0.610727 0.075821 -0.080117
-0.593555 0.025522 -0.079699
-0.474805 0.103398 -0.069488
-0.477496 -0.002044 -0.077373
-0.640566 -0.072469 -0.080467
-0.529532 0.049954 -0.070478
-0.487971 0.018608 -0.077612
-0.569911 -0.061842 -0.079095
-0.678348 0.037622 -0.073384
-0.490161 0.061836 -0.069723
-0.648017 0.023915 -0.080768
-0.585191 -0.082587 -0.071360
-0.537084 0.025978 -0.070588
-0.604494 0.024545 -0.071911
-0.482799 0.035011 -0.069535
-0.612066 -0.090799 -0.079877
-0.461082 0.103102 -0.077219
-0.490072 -0.013223 -0.077603
-0.501990 0.086927 -0.077997
-0.704974 0.089000 -0.081992
-0.630656 -0.100915 -0.072323
-0.638843 0.108768 -0.072721
-0.625895 -0.075547 -0.080173
-0.525183 0.169325 -0.070584
-0.651918 0.082108 -0.072936
-0.607828 0.046249 -0.080013
-0.569562 0.126130 -0.071387
-0.592057 0.020001 -0.071659
-0.715455 0.140692 -0.080208
-0.658271 -0.020972 -0.072896
-0.515886 0.058905 -0.070224
-0.668155 0.000677 -0.073125
-0.659824 0.013466 -0.080983
-0.625290 0.064609 -0.080386
-0.504269 0.044326 -0.077974
-0.520945 0.052381 -0.070313
-0.559912 0.000266 -0.078997
-0.452670 0.061821 -0.068986
-0.648789 -0.088529 -0.072601
-0.595702 0.000403 -0.079701
-0.705390 0.129889 -0.082065
-0.614682 -0.003745 -0.080068
-0.573919 0.064738 -0.071375
-0.551648 0.048449 -0.078912
-0.494849 0.204332 -0.070043
-0.426584 -0.001468 -0.068372
-0.612727 -0.017320 -0.080008
-0.490518 0.172853 -0.077909
-0.662925 0.047150 -0.081098
-0.582850 0.131445 -0.079658
-0.598627 -0.027257 -0.071713
-0.474431 0.123443 -0.069513
-0.692522 0.138983 -0.073825
-0.531526 0.124041 -0.070636
-0.574103 0.140934 -0.071500
-0.613168 0.054345 -0.080131
-0.651413 0.139620 -0.081020
-0.643648 0.068804 -0.072752
-0.497929 0.011362 -0.077797
-0.618998 0.083990 -0.080293
-0.453361 0.094518 -0.069052
-0.536137 0.161254 -0.078788
-0.597802 0.151095 -0.079984
-0.622375 -0.045851 -0.080152
-0.491905 -0.034750 -0.069603
-0.522654 0.142724 -0.078493
-0.654474 0.146876 -0.081091
-0.547340 0.193261 -0.079059
-0.659316 0.152405 -0.081195
-0.540735 0.086009 -0.070756
-0.614384 -0.068038 -0.071958
-0.614452 0.073776 -0.080187
-0.552226 -0.000419 -0.070844
-0.481100 0.071982 -0.069561
-0.544891 0.096424 -0.070855
-0.454848 0.007267 -0.076943
-0.571543 0.162924 -0.079487
-0.666454 -0.054552 -0.073003
-0.642351 -0.104672 -0.076260
-0.615938 -0.029866 -0.072049
-0.662804 -0.065753 -0.077571
-0.650491 -0.104257 -0.079625
-0.462771 0.087720 -0.077228
-0.610787 0.111722 -0.080176
-0.421070 -0.004201 -0.075856
-0.666752 0.115402 -0.081282
-0.665306 -0.026008 -0.073026
-0.518965 0.083579 -0.070324
-0.602375 0.012845 -0.071851
-0.430121 -0.035381 -0.076389
-0.636730 0.073579 -0.080625
-0.565510 0.090389 -0.079252
-0.489244 0.043278 -0.069675
-0.656564 0.113393 -0.073077
-0.516632 0.127703 -0.070349
-0.697593 0.043470 -0.079070
-0.701705 0.062658 -0.081885
-0.490565 0.089712 -0.069776
-0.539827 0.166515 -0.078869
-0.503150 0.179713 -0.078169
-0.682718 0.115584 -0.081597
-0.427540 0.015360 -0.068418
-0.705064 0.067063 -0.081666
-0.496918 -0.045775 -0.077685
-0.691821 0.045825 -0.073662
-0.585109 0.027692 -0.071535
-0.519407 0.164038 -0.078463
-0.527517 0.075342 -0.078481
-0.496138 0.181802 -0.078034
-0.514696 0.015735 -0.078133
-0.673874 0.149312 -0.081477
-0.518254 -0.065096 -0.071615
-0.492691 -0.056948 -0.071292
-0.546917 0.039708 -0.078805
-0.649018 -0.029650 -0.072700
-0.442162 0.031357 -0.068731
-0.518567 0.176476 -0.078467
-0.596635 -0.017052 -0.079692
-0.579289 -0.045674 -0.071303
-0.656207 0.022698 -0.080927
-0.582546 0.004562 -0.079449
-0.475489 -0.040715 -0.069271
-0.508803 0.137161 -0.070210
-0.617769 0.136700 -0.080353
-0.682870 0.105385 -0.081583
-0.486559 0.201292 -0.076724
-0.478652 0.004740 -0.077407
-0.500288 0.039905 -0.069887
-0.609871 0.124785 -0.080179
-0.512184 0.128341 -0.078264
-0.659221 0.032363 -0.081001
-0.572094 0.152083 -0.079480
-0.648583 -0.088955 -0.080598
-0.678706 0.122652 -0.073527
-0.582061 0.008054 -0.079445
-0.491370 0.184338 -0.077945
-0.508182 0.187082 -0.070278
-0.556275 -0.074816 -0.078806
-0.414901 -0.029814 -0.068097
-0.682418 0.009439 -0.073419
-0.650746 0.025539 -0.080824
-0.612808 0.123187 -0.072233
-0.535541 0.060320 -0.070613
-0.491580 0.162698 -0.069913
-0.591851 0.123939 -0.079823
-0.482870 0.115486 -0.069666
-0.665610 0.143370 -0.073303
-0.611100 0.141600 -0.080230
-0.655930 0.069096 -0.080995
-0.594831 0.099047 -0.079842
-0.487807 -0.027336 -0.069534
-0.474683 -0.018468 -0.077292
-0.642215 0.051623 -0.080698
-0.521548 -0.005373 -0.070233
-0.633269 -0.044406 -0.080368
-0.541457 -0.008531 -0.078621
-0.550735 -0.003215 -0.078811
-0.483549 0.094374 -0.069645
-0.551607 0.104608 -0.079001
-0.622221 0.148426 -0.080460
-0.619948 0.097712 -0.072332
-0.542944 0.063496 -0.070764
-0.562646 0.189394 -0.078480
-0.584108 0.104404 -0.071638
-0.592300 0.010653 -0.079651
-0.571660 0.037311 -0.071286
-0.595365 0.022974 -0.071729
-0.468169 0.066820 -0.077300
-0.532239 0.073640 -0.070569
-0.637628 0.107348 -0.080697
-0.585769 0.121175 -0.071698
-0.525319 -0.025528 -0.078276
-0.615528 -0.009296 -0.072074
-0.480658 0.153699 -0.069683
-0.656041 0.111393 -0.081065
-0.640989 -0.070938 -0.080477
-0.441844 -0.017744 -0.076647
-0.539656 0.121666 -0.078794
-0.486741 0.030819 -0.069606
-0.500400 0.152218 -0.078071
-0.513041 -0.007381 -0.078064
-0.523150 0.157762 -0.078527
-0.589804 0.092942 -0.079734
-0.496307 0.096478 -0.069899
-0.578541 0.023792 -0.079401
-0.600031 -0.003796 -0.071778
-0.600775 -0.047681 -0.071723
-0.485018 0.151522 -0.069766
-0.664382 0.109069 -0.073224
-0.548966 0.134420 -0.078997
-0.532150 0.076489 -0.078574
-0.553593 0.097065 -0.079028
-0.650426 0.011267 -0.072793
-0.658651 0.017117 -0.072964
-0.654836 -0.002837 -0.080859
-0.580907 -0.070098 -0.079298
-0.621484 -0.090112 -0.072062
-0.640128 0.088279 -0.072714
-0.674237 0.116483 -0.073430
-0.627548 0.050216 -0.080407
-0.572303 0.165801 -0.071505
-0.601501 -0.055928 -0.071724
-0.506052 0.067158 -0.070044
-0.641675 -0.090909 -0.072457
-0.686490 0.147242 -0.081721
-0.636590 0.011587 -0.080523
-0.638011 0.074094 -0.072650
-0.539092 0.044742 -0.078659
-0.567682 0.055614 -0.079239
-0.520084 0.144173 -0.070443
-0.587886 -0.006128 -0.079537
-0.531480 0.069577 -0.078549
-0.568872 0.042973 -0.071240
-0.562343 0.065639 -0.071148
-0.670493 0.155049 -0.076277
-0.568933 -0.059071 -0.079080
-0.495852 0.036703 -0.069795
-0.646066 -0.092321 -0.072542
-0.560910 -0.058735 -0.078923
-0.550897 0.112850 -0.079000
-0.533559 0.136072 -0.078697
-0.463828 0.062299 -0.077208
-0.660984 0.143896 -0.081215
-0.485499 0.015851 -0.077559
-0.540511 0.078662 -0.070740
-0.650023 0.039710 -0.072831
-0.604907 0.095952 -0.080035
-0.672468 0.129826 -0.081418
-0.458591 -0.006322 -0.076995
-0.539557 -0.051273 -0.078515
-0.622950 0.071933 -0.072350
-0.497133 0.110008 -0.077939
-0.635589 0.075515 -0.072604
-0.650564 0.004392 -0.080786
-0.414838 -0.023900 -0.073383
-0.556917 0.031714 -0.070987
-0.651886 0.121578 -0.081000
-0.515624 0.094711 -0.070276
-0.681986 0.145167 -0.073628
-0.488624 0.036874 -0.077655
-0.575691 0.077684 -0.079432
-0.527899 -0.046117 -0.078294
-0.492158 0.166708 -0.077932
-0.511156 -0.007917 -0.070024
-0.489215 0.063205 -0.077708
-0.646224 0.057058 -0.080785
-0.665230 0.065670 -0.073171
-0.568691 0.070385 -0.079282
-0.419593 -0.008978 -0.073453
-0.660895 0.097117 -0.073136
-0.505187 -0.049049 -0.069841
-0.588382 -0.027987 -0.071510
-0.482693 -0.051250 -0.069395
-0.448612 0.007765 -0.068820
-0.519388 -0.063420 -0.070097
-0.512701 0.120980 -0.070261
-0.596495 0.161418 -0.079975
-0.448908 -0.041017 -0.068747
-0.507506 0.118036 -0.070154
-0.428444 -0.014649 -0.068387
-0.629932 0.080196 -0.072501
-0.467171 0.020524 -0.077207
-0.613982 0.124924 -0.080260
-0.592365 0.112204 -0.079815
-0.618348 -0.087503 -0.080006
-0.479034 0.156216 -0.069655
-0.504861 0.090326 -0.070058
-0.658608 -0.016494 -0.072910
-0.656199 0.137025 -0.073108
-0.674750 0.047949 -0.073330
-0.492071 0.012145 -0.069681
-0.459185 0.115044 -0.070457
-0.465816 0.069349 -0.069257
-0.479677 0.128217 -0.069623
-0.693116 0.029559 -0.073662
-0.600206 0.095526 -0.071941
-0.504242 0.146868 -0.078138
-0.601789 -0.076908 -0.071696
-0.513171 0.199392 -0.078397
-0.504975 -0.002631 -0.069911
-0.644506 -0.044412 -0.080589
-0.652197 -0.046604 -0.072735
-0.610938 -0.069481 -0.071887
-0.554272 -0.058903 -0.070790
-0.650864 0.001541 -0.072786
-0.607083 0.128583 -0.072129
-0.563349 0.080620 -0.071192
-0.502896 0.046051 -0.077950
-0.585824 0.178383 -0.079792
-0.612557 0.110979 -0.072208
-0.493792 0.027420 -0.069739
-0.608865 0.005320 -0.071966
-0.723788 0.125372 -0.074514
-0.672948 0.004812 -0.073226
-0.457591 0.082612 -0.069116
-0.460082 0.019204 -0.069064
-0.447602 0.040218 -0.068852
-0.623730 0.115648 -0.080437
-0.609627 0.174281 -0.080253
-0.615027 0.053348 -0.080166
-0.661209 0.066800 -0.073094
-0.574575 0.126000 -0.071485
-0.529939 0.000205 -0.078408
-0.457016 -0.025151 -0.076934
-0.615981 -0.064358 -0.079996
-0.658599 -0.040216 -0.080873
-0.494937 0.088169 -0.077861
-0.466270 0.007233 -0.069166
-0.584780 0.040253 -0.079550
-0.556867 0.106139 -0.071106
-0.568280 0.075191 -0.071280
-0.462964 0.045851 -0.077164
-0.563385 -0.055084 -0.078977
-0.631520 -0.101221 -0.076231
-0.582719 0.124457 -0.079645
-0.493989 0.146052 -0.069933
-0.490251 0.038770 -0.077690
-0.660840 0.128283 -0.081187
-0.597453 -0.039615 -0.071670
-0.467480 -0.036733 -0.069119
-0.520869 -0.037737 -0.070167
-0.652719 0.033040 -0.080875
-0.683536 0.056597 -0.073517
-0.555285 0.011088 -0.078924
-0.719901 0.129128 -0.074348
-0.560527 0.003155 -0.071013
-0.677371 0.088883 -0.081449
-0.513454 0.060160 -0.078180
-0.521205 0.065938 -0.078342
-0.684221 0.014574 -0.073463
-0.511147 -0.048070 -0.077961
-0.596298 0.133487 -0.079926
-0.690768 0.021767 -0.074205
-0.714888 0.131176 -0.074252
-0.470696 -0.008209 -0.069228
-0.455487 0.012029 -0.076963
-0.705899 0.080119 -0.081996
-0.574781 -0.065931 -0.079184
-0.640178 -0.093212 -0.080426
-0.583233 0.045797 -0.079529
-0.597597 0.118714 -0.079928
-0.630861 0.053019 -0.080477
-0.492389 0.032875 -0.077722
-0.458591 0.030673 -0.077054
-0.640698 0.088087 -0.072725
-0.500414 0.178010 -0.078112
-0.586665 -0.046424 -0.079449
-0.627143 -0.072186 -0.072202
-0.586794 -0.053960 -0.079439
-0.595325 0.176016 -0.079975
-0.627899 0.136274 -0.080552
-0.506042 0.049499 -0.070016
-0.579766 0.003632 -0.071392
-0.589926 0.091228 -0.079733
-0.473571 0.059526 -0.077395
-0.585515 0.120774 -0.071692
-0.519168 0.027817 -0.070239
-0.486118 0.043385 -0.077616
-0.437695 -0.002158 -0.076591
-0.599682 0.039654 -0.071841
-0.557055 0.099481 -0.079100
-0.681304 -0.007720 -0.077563
-0.642042 -0.013070 -0.080591
-0.567456 -0.054390 -0.071057
-0.560337 0.128877 -0.079212
-0.460911 -0.046835 -0.072844
-0.660274 0.075276 -0.073089
-0.618351 -0.023135 -0.072107
-0.502141 0.072217 -0.077977
-0.641077 -0.053496 -0.080507
-0.545661 0.133806 -0.070930
-0.516655 0.067865 -0.078255
-0.532701 0.058653 -0.070554
-0.610481 0.001773 -0.071993
-0.487021 -0.045699 -0.069489
-0.546028 0.073698 -0.070841
-0.635825 0.064210 -0.080592
-0.565028 0.177068 -0.071380
-0.622027 -0.065929 -0.080113
-0.492412 0.116773 -0.069855
-0.571722 0.041329 -0.071294
-0.552705 0.100200 -0.071014
-0.573498 -0.073547 -0.071145
-0.623174 -0.087007 -0.072100
-0.478275 0.027558 -0.077436
-0.553830 -0.038720 -0.070814
-0.549724 -0.055354 -0.078708
-0.477624 -0.030579 -0.077330
-0.582576 0.001361 -0.071443
-0.698046 0.112121 -0.081892
-0.420141 -0.007359 -0.071776
-0.461120 0.029553 -0.069100
-0.547427 0.131629 -0.078962
-0.484955 0.087973 -0.069663
-0.670122 0.049207 -0.081243
-0.680849 0.096425 -0.081529
-0.518641 0.196560 -0.070499
-0.549654 0.024527 -0.078835
-0.608004 0.173356 -0.080220
-0.464700 0.015379 -0.077150
-0.571903 0.132316 -0.071443
-0.535396 -0.037758 -0.078455
-0.663486 0.091920 -0.073179
-0.492809 0.211702 -0.071344
-0.554104 -0.031212 -0.078833
-0.665138 0.112512 -0.081246
-0.486889 0.181206 -0.069850
-0.579401 0.112414 -0.071559
-0.513088 0.088361 -0.078218
-0.542049 -0.045021 -0.070572
-0.644240 0.118785 -0.072844
-0.703916 0.119876 -0.074019
-0.557255 -0.069335 -0.070832
-0.576551 0.000243 -0.079325
-0.693628 0.120994 -0.081820
-0.463007 0.106864 -0.069261
-0.638883 0.024821 -0.072588
-0.599313 0.115878 -0.071956
-0.568610 0.006127 -0.071176
-0.593970 0.039093 -0.079729
-0.414082 -0.026460 -0.070244
-0.640958 -0.089020 -0.072446
-0.603741 0.067137 -0.071965
-0.678983 0.151437 -0.073579
-0.662642 -0.002437 -0.073011
-0.452169 -0.015916 -0.076853
-0.617611 -0.004489 -0.080124
-0.676411 -0.019206 -0.073255
-0.463001 0.111391 -0.069268
-0.521176 0.126350 -0.078438
-0.650109 0.088548 -0.080912
-0.474389 0.059519 -0.077411
-0.649917 -0.089355 -0.080624
-0.486094 0.041656 -0.069611
-0.514327 0.049956 -0.078181
-0.611770 0.092346 -0.080164
-0.504566 0.201301 -0.078231
-0.606583 -0.071666 -0.079800
-0.565348 0.006808 -0.079115
-0.548061 -0.073324 -0.070645
-0.540648 0.196435 -0.074400
-0.499364 -0.024593 -0.069766
-0.443146 -0.014514 -0.068677
-0.624962 -0.094011 -0.080125
-0.458729 -0.046171 -0.076830
-0.491265 0.171287 -0.069920
-0.481732 0.104533 -0.069626
-0.505851 0.096190 -0.078088
-0.555556 -0.053441 -0.078826
-0.572276 -0.014480 -0.079217
-0.518750 0.034261 -0.070241
-0.683155 0.078527 -0.073544
-0.531274 0.127700 -0.070637
-0.501710 0.129433 -0.070058
-0.634597 -0.056629 -0.072373
-0.609536 0.148035 -0.072208
-0.680751 0.110865 -0.073549
-0.592645 -0.032095 -0.071588
-0.490323 0.064675 -0.077732
-0.645514 -0.067291 -0.080572
-0.661598 0.157689 -0.081249
-0.582251 0.116463 -0.079623
-0.487388 0.203890 -0.076687
-0.479070 0.069385 -0.077519
-0.473929 -0.013000 -0.069284
-0.688075 0.088535 -0.081659
-0.515682 0.026722 -0.070169
-0.656218 0.140538 -0.073114
-0.548343 -0.039370 -0.070705
-0.607998 0.015554 -0.071966
-0.653962 -0.010668 -0.080829
-0.478119 0.095520 -0.077542
-0.491334 -0.023960 -0.069609
-0.492391 0.130806 -0.069877
-0.516989 0.110799 -0.070329
-0.497226 -0.035778 -0.069706
-0.564733 0.015805 -0.071116
-0.627979 0.008164 -0.080348
-0.623460 0.144582 -0.080478
-0.507310 -0.048690 -0.077885
-0.595544 0.074393 -0.079817
-0.596618 0.003592 -0.079724
-0.574826 -0.082323 -0.079158
-0.606328 -0.008925 -0.079895
-0.553333 0.061317 -0.070964
-0.580697 0.141370 -0.071630
-0.559382 0.190440 -0.077717
-0.525798 0.138252 -0.078548
-0.490752 0.034564 -0.077693
-0.503930 0.176725 -0.078179
-0.629879 0.100219 -0.080533
-0.481415 0.062374 -0.069552
-0.452363 0.085299 -0.077019
-0.448668 0.078126 -0.068933
-0.636487 -0.055463 -0.072412
-0.526763 0.005499 -0.070353
-0.708458 0.135465 -0.074133
-0.579572 -0.047387 -0.079308
-0.484204 0.006145 -0.069517
-0.539165 0.018244 -0.078618
-0.578335 0.177455 -0.071642
-0.433777 0.035550 -0.074009
-0.677367 0.055033 -0.073393
-0.607534 0.037949 -0.071993
-0.602265 -0.041959 -0.079763
-0.699480 0.064478 -0.073843
-0.554038 0.050347 -0.078962
-0.628375 0.008970 -0.080357
-0.496214 0.021671 -0.069778
-0.630580 0.034681 -0.072440
-0.574657 -0.000800 -0.071284
-0.580456 0.004309 -0.071406
-0.512263 -0.025020 -0.070019
-0.527184 0.067656 -0.078462
-0.595078 -0.002547 -0.079684
-0.468928 -0.011927 -0.077189
-0.624865 0.005493 -0.080283
-0.511807 0.040424 -0.070114
-0.649199 0.100041 -0.072911
-0.600580 -0.082148 -0.071664
-0.669098 0.063874 -0.081246
-0.514658 0.021544 -0.078142
-0.538123 0.049489 -0.078648
-0.684331 0.148210 -0.081680
-0.547795 0.075034 -0.078879
-0.490517 0.211158 -0.077971
-0.601347 -0.091600 -0.075279
-0.613439 -0.077822 -0.079925
-0.541753 -0.048625 -0.078562
-0.641184 0.056076 -0.080685
-0.513650 -0.041376 -0.078021
-0.425404 -0.017673 -0.076324
-0.599206 0.155648 -0.080019
-0.685379 0.050892 -0.081545
-0.671139 0.121653 -0.073377
-0.678263 0.033284 -0.081377
-0.524072 0.108632 -0.078466
-0.626407 -0.032143 -0.072251
-0.509651 0.165169 -0.070272
-0.473589 -0.034559 -0.077245
-0.573444 -0.007187 -0.071250
-0.650008 -0.007838 -0.080756
-0.520406 0.157744 -0.070471
-0.675842 0.061633 -0.073373
-0.652208 -0.070077 -0.080699
-0.534271 0.164695 -0.078757
-0.459200 -0.041529 -0.076951
-0.627291 -0.001632 -0.080319
-0.621745 0.070172 -0.080325
-0.497678 -0.034069 -0.069717
-0.572346 -0.010624 -0.079225
-0.599300 0.124954 -0.071970
-0.598489 0.071847 -0.071869
-0.692840 0.080031 -0.073737
-0.606974 -0.037269 -0.079863
-0.654398 -0.056348 -0.080764
-0.708368 0.123545 -0.082114
-0.430816 0.016760 -0.068484
-0.507405 0.013782 -0.077987
-0.493500 -0.046063 -0.077618
-0.572759 0.145947 -0.071482
-0.520315 0.136240 -0.078437
-0.556825 0.088416 -0.071076
-0.718137 0.107709 -0.075599
-0.608018 0.094168 -0.080094
-0.586513 -0.086851 -0.072384
-0.622957 -0.033905 -0.080182
-0.631606 0.060661 -0.072502
-0.514317 0.099732 -0.070259
-0.609516 -0.069267 -0.079861
-0.516479 -0.005902 -0.070132
-0.650197 -0.016620 -0.080745
-0.502732 -0.036640 -0.069813
-0.614926 0.092037 -0.080226
-0.562890 -0.015628 -0.079031
-0.664586 0.152908 -0.081300
-0.532584 0.134434 -0.078675
-0.550252 0.060080 -0.078903
-0.513623 0.182012 -0.070377
-0.520010 -0.041151 -0.070145
-0.484698 0.128608 -0.069723
-0.642395 -0.052233 -0.080535
-0.595109 0.081903 -0.079820
-0.510361 -0.017987 -0.077994
-0.636611 -0.064523 -0.080402
-0.655183 0.057478 -0.080962
-0.513195 0.104164 -0.078245
-0.530978 0.080610 -0.078557
-0.425209 -0.027374 -0.076305
-0.492285 -0.051231 -0.069584
-0.575241 0.153698 -0.071543
-0.609132 -0.045733 -0.079892
-0.513655 0.113081 -0.078269
-0.647942 0.078943 -0.072853
-0.655673 0.137965 -0.081101
-0.532705 -0.067866 -0.078353
-0.596504 -0.023327 -0.071678
-0.620238 0.025722 -0.080224
-0.512171 0.147203 -0.070293
-0.468315 0.029606 -0.077244
-0.507718 0.085818 -0.070107
-0.673476 0.121300 -0.081424
-0.615029 -0.000576 -0.080080
-0.538994 0.170223 -0.078858
-0.506603 0.036148 -0.078007
-0.575635 -0.026198 -0.079264
-0.463645 0.092645 -0.069251
-0.581596 0.153476 -0.079669
-0.485673 0.049645 -0.077617
-0.576630 0.126266 -0.079528
-0.548685 0.176292 -0.079059
-0.595581 0.014777 -0.079722
-0.563622 0.158573 -0.071322
-0.466302 0.038050 -0.077218
-0.573137 0.124312 -0.071455
-0.551318 0.090384 -0.070971
-0.675619 0.105114 -0.081440
-0.657317 0.138142 -0.081133
-0.513715 0.181324 -0.078379
-0.492932 -0.040130 -0.077616
-0.531234 0.071677 -0.070546
-0.541284 -0.031721 -0.078580
-0.573515 0.099062 -0.079423
-0.655993 -0.022115 -0.080851
-0.473936 -0.022757 -0.069269
-0.597227 -0.015140 -0.079706
-0.534654 0.165596 -0.070764
-0.719834 0.126155 -0.082343
-0.541303 0.010970 -0.078649
-0.547571 0.142382 -0.078982
-0.578826 0.078331 -0.079494
-0.540728 -0.012007 -0.070599
-0.612470 -0.041901 -0.071962
-0.644670 0.100283 -0.080824
-0.667444 0.019002 -0.073140
-0.517404 0.012814 -0.070180
-0.569204 0.130995 -0.071388
-0.518360 -0.010264 -0.070162
-0.583158 0.111735 -0.079633
-0.650526 -0.027168 -0.072734
-0.614285 0.152371 -0.080310
-0.458573 0.100877 -0.069165
-0.595595 -0.076015 -0.079577
-0.518220 0.106824 -0.070347
-0.529324 0.200019 -0.077524
-0.621270 0.022782 -0.080240
-0.467267 0.055315 -0.077264
-0.508754 0.080809 -0.078121
-0.477366 -0.005985 -0.069363
-0.520095 0.178538 -0.078500
-0.459647 -0.021061 -0.068990
-0.468875 0.091643 -0.069352
-0.712769 0.124530 -0.074200
-0.674125 0.032056 -0.073292
-0.585742 0.017689 -0.071532
-0.551153 0.124842 -0.071023
-0.675290 0.034484 -0.081321
-0.466968 0.091313 -0.069314
-0.652180 -0.021053 -0.080777
-0.699600 0.090406 -0.081888
-0.688070 0.086192 -0.073653
-0.522100 0.126829 -0.070455
-0.526882 -0.039408 -0.078285
-0.663742 -0.043286 -0.072968
-0.451269 0.071103 -0.076975
-0.441662 -0.040684 -0.070630
-0.525302 0.072145 -0.070431
-0.670832 0.023715 -0.073214
-0.501078 0.117513 -0.078028
-0.546993 0.000714 -0.078744
-0.550647 0.106955 -0.078986
-0.490950 0.205411 -0.077970
-0.477622 0.002664 -0.077383
-0.672531 0.026896 -0.073253
-0.543045 0.180051 -0.078954
-0.653717 -0.065689 -0.072735
-0.536713 0.034084 -0.070594
-0.674408 -0.004372 -0.073240
-0.712571 0.090196 -0.074758
-0.510650 0.112930 -0.070208
-0.663494 0.149292 -0.081273
-0.669556 0.093470 -0.081302
-0.580220 0.040926 -0.079462
-0.590838 -0.087829 -0.071463
-0.522056 0.003038 -0.070256
-0.438542 0.001372 -0.076613
-0.555735 -0.045776 -0.070840
-0.627822 0.011058 -0.072348
-0.476257 0.157244 -0.077604
-0.655902 -0.061008 -0.072785
-0.487916 0.128287 -0.069785
-0.524795 -0.038486 -0.070243
-0.625330 0.032851 -0.080336
-0.512356 0.040635 -0.078127
-0.513677 -0.000601 -0.078087
-0.664189 0.067585 -0.081155
-0.615311 -0.096061 -0.076763
-0.636228 0.018718 -0.080527
-0.595800 0.158679 -0.079957
-0.580346 0.152763 -0.071642
-0.610439 -0.093645 -0.079841
-0.474411 -0.038262 -0.077255
-0.500127 0.173980 -0.070099
-0.537263 0.061655 -0.070649
-0.558926 0.090960 -0.071122
-0.556149 -0.071794 -0.078808
-0.725688 0.132951 -0.074468
-0.454062 0.098896 -0.069179
-0.480068 0.023220 -0.077464
-0.626916 -0.099767 -0.077820
-0.600170 0.153684 -0.080035
-0.683326 0.071291 -0.073536
-0.639495 0.155154 -0.072809
-0.446621 0.026932 -0.068811
-0.675448 0.016014 -0.073293
-0.541027 0.126132 -0.078828
-0.557755 0.154012 -0.071200
-0.478459 -0.039843 -0.069330
-0.590862 0.005518 -0.079614
-0.643410 0.125954 -0.072839
-0.582819 0.163580 -0.071708
-0.632310 0.132653 -0.072631
-0.419216 -0.023827 -0.076193
-0.580443 0.052704 -0.071484
-0.702205 0.072962 -0.073910
-0.537237 0.125172 -0.078752
-0.656224 0.012169 -0.072909
-0.455441 0.046095 -0.077017
-0.458715 -0.046160 -0.076042
-0.653548 -0.005621 -0.072827
-0.640630 0.039185 -0.080647
-0.700039 0.070383 -0.073863
-0.547096 -0.018608 -0.070714
-0.529246 0.127359 -0.070596
-0.571687 0.103072 -0.079394
-0.448582 -0.020809 -0.068773
-0.614836 -0.095899 -0.075391
-0.523494 0.182214 -0.070571
-0.613502 0.037723 -0.072109
-0.505205 0.021394 -0.077956
-0.679618 0.023841 -0.073387
-0.637695 0.008566 -0.080540
-0.510106 0.070397 -0.078131
-0.636689 -0.064547 -0.080403
-0.639433 0.021446 -0.072593
-0.676164 0.071334 -0.073395
-0.528611 -0.026248 -0.078340
-0.575637 0.145313 -0.071537
-0.539506 0.109371 -0.070769
-0.567463 0.028599 -0.071190
-0.564582 -0.016392 -0.079063
-0.685437 0.118423 -0.081655
-0.574946 0.132084 -0.071503
-0.432166 -0.037516 -0.068424
-0.498308 0.120629 -0.069977
-0.577185 0.003880 -0.071341
-0.564379 0.119525 -0.079276
-0.545336 0.133447 -0.078924
-0.568524 0.032239 -0.071216
-0.513780 -0.000228 -0.070088
-0.685319 0.143504 -0.081692
-0.635281 -0.054394 -0.080392
-0.525098 -0.045294 -0.070239
-0.652713 0.068528 -0.080931
-0.520835 -0.028097 -0.070182
-0.656385 0.013053 -0.080915
-0.525673 -0.029436 -0.070275
-0.575332 0.014643 -0.071322
-0.707116 0.104887 -0.074058
-0.610095 0.161636 -0.072241
-0.484243 0.133925 -0.077724
-0.628649 0.041798 -0.072414
-0.658388 0.133814 -0.081147
-0.426319 0.012051 -0.072237
-0.432565 0.031456 -0.069106
-0.558039 0.149772 -0.071198
-0.467630 0.138678 -0.069403
-0.627935 0.164024 -0.080597
-0.559180 -0.009591 -0.070966
-0.645070 -0.030956 -0.072620
-0.500805 0.106063 -0.078005
-0.600286 0.122289 -0.071985
-0.647292 -0.051877 -0.080632
-0.682143 0.151309 -0.079762
-0.615553 0.103391 -0.080257
-0.474287 0.160004 -0.077570
-0.664634 -0.026833 -0.081013
-0.476411 0.022791 -0.069390
-0.598089 0.141351 -0.071972
-0.502762 -0.045617 -0.077800
-0.690986 0.022760 -0.079348
-0.591837 0.000478 -0.079625
-0.583776 0.027499 -0.071509
-0.462622 -0.003793 -0.077078
-0.473919 0.115572 -0.077491
-0.522047 -0.006973 -0.078241
-0.643039 -0.047639 -0.072554
-0.691814 0.025184 -0.076468
-0.649557 0.125994 -0.080961
-0.489918 0.208765 -0.077955
-0.560510 0.039283 -0.079072
-0.585473 0.116474 -0.071684
-0.638804 0.132092 -0.072758
-0.575659 -0.016770 -0.071278
-0.644075 -0.096272 -0.072496
-0.477676 -0.006351 -0.069369
-0.647461 0.150704 -0.080960
-0.606813 -0.023221 -0.071880
-0.432714 -0.035895 -0.068437
-0.432554 -0.016944 -0.076466
-0.661456 0.084116 -0.081128
-0.446163 -0.009346 -0.068744
-0.657745 -0.061188 -0.080823
-0.641971 0.137245 -0.072829
-0.483712 0.192209 -0.074173
-0.482783 0.113966 -0.069662
-0.711856 0.097156 -0.082140
-0.448206 0.011694 -0.068818
-0.699947 0.120440 -0.073941
-0.554195 -0.022713 -0.078848
-0.463252 -0.028793 -0.069049
-0.470263 -0.008327 -0.077221
-0.428261 -0.016171 -0.068381
-0.494764 0.000935 -0.069716
-0.604025 0.091357 -0.080011
-0.668245 0.079057 -0.081254
-0.537735 -0.031840 -0.078510
-0.646415 0.102881 -0.072861
-0.495735 0.089966 -0.077879
-0.453297 0.096904 -0.075965
-0.511703 0.200530 -0.078370
-0.587512 0.089481 -0.071681
-0.537147 -0.012313 -0.078530
-0.427247 -0.026516 -0.076346
-0.465387 0.041385 -0.069203
-0.669060 -0.042480 -0.073073
-0.659199 -0.014301 -0.072925
-0.515666 0.005652 -0.070135
-0.648919 0.114685 -0.072929
-0.641757 0.137603 -0.072825
-0.528121 0.062804 -0.070471
-0.535282 -0.044162 -0.078442
-0.480705 0.086826 -0.069577
-0.530490 0.034859 -0.070473
-0.426575 -0.013140 -0.068353
-0.636137 0.141565 -0.072721
-0.515001 0.115877 -0.070298
-0.599531 0.163932 -0.080038
-0.710702 0.084654 -0.080076
-0.604790 0.149031 -0.080118
-0.598973 -0.009854 -0.079749
-0.591393 0.046761 -0.071689
-0.572775 0.070931 -0.071362
-0.458160 0.076930 -0.069118
-0.671834 0.143145 -0.081427
-0.641453 -0.057991 -0.072506
-0.576596 0.130624 -0.079534
-0.522458 0.012708 -0.078281
-0.690288 0.096178 -0.073713
-0.644176 0.074430 -0.080773
-0.461935 0.118022 -0.077260
-0.499232 0.199370 -0.078123
-0.444966 -0.006547 -0.076727
-0.625561 0.157353 -0.080540
-0.583320 0.085791 -0.071593
-0.512350 0.197167 -0.078378
-0.631781 0.158367 -0.080664
-0.716689 0.106274 -0.082250
-0.554616 -0.073685 -0.070773
-0.703348 0.097139 -0.073971
-0.688246 0.092506 -0.081668
-0.546176 0.055951 -0.070815
-0.531927 0.120191 -0.078639
-0.454546 0.026906 -0.068967
-0.539475 0.004969 -0.070602
-0.432432 0.009641 -0.068505
-0.639067 -0.091687 -0.080406
-0.431838 -0.019175 -0.076448
-0.660390 -0.004051 -0.072964
-0.583018 -0.043272 -0.079382
-0.501924 0.130984 -0.078067
-0.585558 -0.063271 -0.079400
-0.566759 0.168868 -0.071400
-0.627909 -0.069968 -0.080222
-0.563836 0.122480 -0.079270
-0.667569 0.042160 -0.081181
-0.449175 0.073587 -0.068936
-0.530290 0.069048 -0.078525
-0.585548 0.077740 -0.079626
-0.602470 0.165558 -0.080099
-0.497380 0.137025 -0.077987
-0.453711 -0.037200 -0.076850
-0.552295 0.178301 -0.071131
-0.654733 -0.043604 -0.072790
-0.568336 -0.064655 -0.071058
-0.597014 -0.084372 -0.071590
-0.533459 0.111888 -0.070655
-0.576546 -0.076948 -0.071199
-0.597529 0.015808 -0.071760
-0.660755 -0.033090 -0.072925
-0.586528 0.008618 -0.079534
-0.550749 0.133250 -0.079030
-0.609051 0.136719 -0.080182
-0.504963 0.129247 -0.070122
-0.503668 -0.046653 -0.069815
-0.547726 -0.034711 -0.078702
-0.503827 0.204091 -0.070220
-0.500179 0.026179 -0.077865
-0.620747 -0.059618 -0.080098
-0.495900 0.053603 -0.069823
-0.514205 -0.045518 -0.078026
-0.637228 0.013280 -0.072537
-0.688572 0.089536 -0.081670
-0.630333 -0.079827 -0.080254
-0.556803 0.035915 -0.078993
-0.544789 0.171049 -0.078974
-0.479362 0.128238 -0.077619
-0.678083 0.068954 -0.081431
-0.630783 -0.021841 -0.080355
-0.425430 -0.035522 -0.071822
-0.552461 0.039114 -0.078913
-0.510663 0.109516 -0.078204
-0.585613 0.013053 -0.071522
-0.672208 0.122759 -0.081401
-0.509377 0.127614 -0.070206
-0.644818 0.066068 -0.072771
-0.544457 0.031381 -0.070742
-0.525086 0.118570 -0.078502
-0.497857 -0.051595 -0.077694
-0.527295 0.045577 -0.070427
-0.451290 -0.002889 -0.076857
-0.542003 0.076475 -0.070766
-0.592133 -0.026409 -0.079588
-0.641585 0.005721 -0.080612
-0.484857 0.110605 -0.069697
-0.476100 -0.045831 -0.069274
-0.501159 0.126040 -0.070042
-0.469276 0.143428 -0.077445
-0.593055 -0.036339 -0.079590
-0.637207 -0.061190 -0.072417
-0.584509 -0.071586 -0.079366
-0.553041 -0.019003 -0.070830
-0.682853 0.026951 -0.081457
-0.494573 0.123590 -0.069909
-0.631255 0.061617 -0.072497
-0.508296 -0.018125 -0.069952
-0.654364 -0.048648 -0.080776
-0.623984 -0.020947 -0.080223
-0.602092 -0.091703 -0.079680
-0.430837 -0.009754 -0.076444
-0.565496 0.174965 -0.079387
-0.543174 0.143565 -0.070896
-0.664996 0.141122 -0.081289
-0.615177 0.051063 -0.072164
-0.615663 -0.039092 -0.080031
-0.661369 0.123603 -0.073188
-0.487699 0.195265 -0.069888
-0.638940 0.130350 -0.080759
-0.646719 0.049952 -0.080784
-0.576301 0.153801 -0.079565
-0.497808 0.127537 -0.069979
-0.519275 0.140837 -0.078424
-0.500232 -0.019614 -0.077792
-0.490459 -0.002946 -0.069625
-0.642107 0.157840 -0.080866
-0.520701 0.065675 -0.070330
-0.634306 -0.102099 -0.074991
-0.693672 0.137127 -0.073845
-0.503861 0.016046 -0.069919
-0.707138 0.073397 -0.078810
-0.515097 0.115451 -0.070299
-0.511515 -0.055544 -0.077957
-0.552304 0.007911 -0.070859
-0.477906 0.010729 -0.069400
-0.601882 -0.016034 -0.071795
-0.467504 -0.010141 -0.069162
-0.581952 -0.022962 -0.071392
-0.630199 -0.100796 -0.075698
-0.593435 0.165666 -0.071920
-0.562952 -0.063142 -0.070954
-0.489412 0.102082 -0.069773
-0.624598 -0.005615 -0.072258
-0.522104 -0.062043 -0.070153
-0.500077 0.139252 -0.078044
-0.697302 0.067834 -0.081807
-0.501060 -0.028381 -0.069793
-0.523719 -0.038463 -0.078224
-0.570646 0.108977 -0.071381
-0.681352 0.049482 -0.073462
-0.705555 0.092380 -0.082008
-0.427450 -0.006472 -0.068381
-0.590069 -0.088015 -0.076401
-0.644630 0.104695 -0.072829
-0.662109 0.060432 -0.073101
-0.619045 0.087794 -0.080300
-0.673456 -0.028221 -0.073183
-0.438489 0.037275 -0.068668
-0.692245 0.030649 -0.073646
-0.505733 0.085709 -0.070068
-0.521708 0.182878 -0.078539
-0.546465 -0.069570 -0.078621
-0.482905 -0.052337 -0.069398
-0.619436 0.144956 -0.072398
-0.591119 -0.018659 -0.071579
-0.584450 0.158552 -0.071732
-0.513596 0.093273 -0.078236
-0.499574 0.139025 -0.070032
-0.556248 0.091663 -0.079072
-0.572879 -0.040083 -0.071186
-0.657364 -0.030988 -0.072862
-0.598065 0.065256 -0.079852
-0.573108 0.092442 -0.079404
-0.707023 0.073661 -0.074006
-0.629933 0.119243 -0.072563
-0.573576 0.139759 -0.079489
-0.573049 0.079416 -0.079382
-0.478859 0.176877 -0.072381
-0.618354 0.034022 -0.072199
-0.511919 0.049099 -0.070131
-0.491967 0.110663 -0.077838
-0.447771 0.051630 -0.068873
-0.603695 0.164981 -0.072120
-0.493744 0.168749 -0.077966
-0.682753 0.021768 -0.073445
-0.547780 0.003035 -0.070762
-0.463483 0.019693 -0.077133
-0.565503 0.084985 -0.079243
-0.540716 0.111624 -0.078798
-0.591636 0.151417 -0.071862
-0.576242 0.118087 -0.071506
-0.683671 0.098653 -0.073587
-0.640438 -0.045752 -0.080507
-0.522438 0.092005 -0.070406
-0.474261 0.096599 -0.069466
-0.631762 0.143220 -0.072637
-0.530288 -0.009388 -0.070398
-0.580557 0.181011 -0.071691
-0.624058 0.117568 -0.072445
-0.475759 0.086270 -0.069479
-0.542434 0.086270 -0.070790
-0.670039 0.079097 -0.081289
-0.678577 0.120999 -0.073522
-0.451169 0.034942 -0.076915
-0.605540 0.113197 -0.080075
-0.586363 0.181889 -0.071877
-0.636136 0.037994 -0.072555
-0.505226 0.185957 -0.078220
-0.485182 0.082744 -0.077660
-0.486829 0.117040 -0.069746
-0.676749 0.046600 -0.081369
-0.627090 -0.013923 -0.080296
-0.553807 0.029865 -0.078925
-0.590939 0.105063 -0.079775
-0.643855 0.130478 -0.080856
-0.635815 -0.085246 -0.080353
-0.576146 -0.015486 -0.071290
-0.497346 0.059924 -0.077863
-0.694705 0.123268 -0.081844
-0.530535 0.015407 -0.078444
-0.563788 0.060306 -0.071168
-0.702511 0.142315 -0.082028
-0.686520 0.008601 -0.076839
-0.413592 -0.031758 -0.072878
-0.502478 0.025185 -0.077908
-0.517301 0.110097 -0.078336
-0.565679 0.076635 -0.079233
-0.666429 0.074927 -0.073210
-0.711105 0.085826 -0.078519
-0.594529 0.116833 -0.079865
-0.468683 0.079465 -0.069329
-0.642870 0.008048 -0.072639
-0.612321 -0.007465 -0.072014
-0.471636 0.001220 -0.069262
-0.547188 0.095695 -0.070899
-0.562682 -0.037156 -0.070990
-0.713475 0.093250 -0.078349
-0.647921 -0.015538 -0.080702
-0.646752 -0.076230 -0.080582
-0.499687 -0.041721 -0.077746
-0.650342 0.002821 -0.080779
-0.473092 0.061422 -0.077388
-0.689812 0.138272 -0.073771
-0.531704 -0.069419 -0.076416
-0.567665 -0.015133 -0.071124
-0.599429 0.125977 -0.071974
-0.654587 -0.004066 -0.072850
-0.705080 0.066900 -0.078137
-0.618546 -0.093390 -0.071999
-0.556086 0.137388 -0.079142
-0.682261 0.111164 -0.081580
-0.445168 -0.029793 -0.076693
-0.424626 -0.019746 -0.076306
-0.625956 -0.091758 -0.072147
-0.661873 -0.001968 -0.080998
-0.700857 0.130475 -0.081977
-0.665281 -0.014101 -0.081046
-0.626728 0.009507 -0.080326
-0.677866 0.131675 -0.081527
-0.513842 0.204992 -0.072440
-0.547670 0.158284 -0.079010
-0.509936 0.153761 -0.070259
-0.530930 0.164108 -0.078690
-0.562496 0.175314 -0.071327
-0.545861 -0.037754 -0.078660
-0.666410 0.054234 -0.081178
-0.627266 0.097182 -0.072475
-0.601532 -0.016666 -0.071787
-0.694821 0.034678 -0.077444
-0.447098 0.073933 -0.068896
-0.535545 -0.065195 -0.078414
-0.562786 0.171320 -0.079328
-0.646655 -0.105779 -0.072532
-0.638953 -0.069138 -0.072439
-0.518801 0.092903 -0.070336
-0.701163 0.111132 -0.073950
-0.473923 0.113971 -0.069487
-0.569005 0.004441 -0.071181
-0.505625 0.187428 -0.078230
-0.547234 -0.018083 -0.078719
-0.618488 0.055731 -0.072236
-0.570450 -0.024714 -0.079165
-0.636594 -0.085657 -0.072366
-0.545861 0.043417 -0.070789
-0.471726 0.036632 -0.069320
-0.489086 0.149068 -0.069842
-0.588917 -0.010048 -0.071550
-0.494601 0.098348 -0.069869
-0.647362 0.071102 -0.072829
-0.557137 -0.018420 -0.078913
-0.541320 -0.032282 -0.078580
-0.639738 -0.052693 -0.080482
-0.604517 -0.048522 -0.071795
-0.548133 0.116684 -0.078952
-0.630285 0.152526 -0.080625
-0.535373 0.108555 -0.070687
-0.579552 -0.044558 -0.071310
-0.560794 -0.062084 -0.070913
-0.474976 0.021550 -0.077362
-0.522872 0.200380 -0.078590
-0.473386 0.029726 -0.077343
-0.619034 0.136282 -0.072376
-0.568042 -0.038197 -0.079096
-0.535714 -0.015337 -0.078497
-0.689511 0.106209 -0.073714
-0.486946 0.160399 -0.069818
-0.565263 0.138828 -0.071323
-0.481732 0.064634 -0.077563
-0.495623 0.105417 -0.077902
-0.664544 0.112977 -0.073233
-0.499187 0.191769 -0.070109
-0.664218 0.075793 -0.073168
-0.683996 0.038572 -0.073497
-0.473032 0.125484 -0.069488
-0.591301 0.049997 -0.079694
-0.654187 0.155511 -0.081100
-0.520981 0.138068 -0.078453
-0.547117 0.185702 -0.071041
-0.651331 0.012177 -0.072812
-0.640432 -0.023108 -0.072542
-0.518134 0.143973 -0.078406
-0.559507 0.095476 -0.071140
-0.496810 -0.007618 -0.077744
-0.565875 -0.070132 -0.071000
-0.471812 0.038030 -0.069324
-0.451194 -0.022737 -0.068822
-0.492267 0.109764 -0.077843
-0.594448 0.155097 -0.079924
-0.665599 0.122057 -0.073269
-0.499991 0.004200 -0.069824
-0.434354 -0.038385 -0.074420
-0.575159 0.074800 -0.079417
-0.674053 -0.030701 -0.073650
-0.563698 0.071513 -0.071184
-0.608926 0.090656 -0.072104
-0.635161 0.017992 -0.080505
-0.557962 0.069366 -0.079070
-0.478756 0.088776 -0.069542
-0.669180 0.134537 -0.073359
-0.512397 0.020579 -0.078096
-0.478573 0.079324 -0.077525
-0.503686 0.002016 -0.069893
-0.669859 0.131652 -0.073368
-0.583590 -0.011708 -0.071442
-0.622887 -0.066017 -0.080129
-0.635869 0.113988 -0.080673
-0.622061 -0.049777 -0.072138
-0.491789 0.036451 -0.069714
-0.603137 0.143827 -0.072076
-0.619345 -0.081256 -0.080035
-0.633605 -0.067002 -0.072337
-0.450002 0.024833 -0.068874
-0.523369 0.009004 -0.078293
-0.631172 0.056897 -0.072488
-0.612553 -0.060882 -0.071933
-0.567334 -0.071980 -0.071026
-0.566684 -0.063301 -0.071027
-0.641376 0.028218 -0.080644
-0.535000 0.014285 -0.078530
-0.485705 0.009092 -0.069551
-0.495328 0.156368 -0.077978
-0.656237 -0.010535 -0.080874
-0.606793 0.047211 -0.079994
-0.618933 0.016354 -0.072182
-0.552467 0.176424 -0.071132
-0.618082 0.003351 -0.080146
-0.509000 -0.011530 -0.077978
-0.716751 0.140298 -0.077853
-0.645442 -0.040472 -0.080614
-0.497338 0.086676 -0.069904
-0.458242 0.093851 -0.077148
-0.690845 0.060066 -0.073666
-0.500388 0.066163 -0.077933
-0.626140 -0.051538 -0.080217
-0.572217 0.063827 -0.079341
-0.647325 -0.039021 -0.080653
-0.496497 -0.000083 -0.069749
-0.695221 0.035945 -0.077653
-0.582897 0.137537 -0.079669
-0.449329 -0.037699 -0.076763
-0.616770 -0.018816 -0.072083
-0.600354 0.014872 -0.079816
-0.623294 0.135789 -0.072459
-0.494416 0.031857 -0.069759
-0.425616 -0.032504 -0.068303
-0.486011 0.199509 -0.075651
-0.486204 0.137658 -0.077768
-0.495950 0.018398 -0.069767
-0.442038 0.026490 -0.068720
-0.416697 -0.030534 -0.076132
-0.539483 0.132244 -0.070806
-0.574507 0.031440 -0.079334
-0.543027 0.016308 -0.070690
-0.454708 -0.011451 -0.076910
-0.452739 0.071971 -0.069004
-0.531199 0.054795 -0.070519
-0.536016 0.038715 -0.070588
-0.479405 0.032324 -0.077466
-0.581677 0.124237 -0.071622
-0.599304 0.083073 -0.071903
-0.506537 -0.061365 -0.071989
-0.598956 0.044557 -0.071834
-0.552929 0.119441 -0.071049
-0.634443 0.051621 -0.080545
-0.478897 0.102055 -0.069566
-0.551276 0.157256 -0.079079
-0.633088 -0.024263 -0.072395
-0.619634 0.006809 -0.072181
-0.686670 0.074535 -0.073607
-0.719084 0.122864 -0.074322
-0.569073 0.186099 -0.071474
-0.649856 -0.006624 -0.080755
-0.678039 0.094339 -0.081471
-0.611867 0.025097 -0.080059
-0.607295 0.160181 -0.080185
-0.597372 0.102849 -0.079898
-0.567843 0.041264 -0.079219
-0.542865 0.085444 -0.078799
-0.491988 -0.044784 -0.077590
-0.687784 0.032948 -0.073562
-0.438025 0.029405 -0.076648
-0.460056 0.070035 -0.069144
-0.496675 -0.011961 -0.069733
-0.629795 0.013633 -0.072391
-0.666715 0.073955 -0.081215
-0.716844 0.110771 -0.074258
-0.599500 0.061389 -0.071872
-0.477198 -0.035697 -0.069312
-0.711836 0.141891 -0.074383
-0.461893 0.002206 -0.069072
-0.555905 0.149378 -0.071156
-0.680622 0.069305 -0.081481
-0.468111 0.091837 -0.077339
-0.511360 -0.039256 -0.077980
-0.544737 0.195135 -0.074033
-0.630821 0.087749 -0.072530
-0.532245 0.080017 -0.070580
-0.584005 -0.029859 -0.071421
-0.490800 0.105550 -0.077807
-0.421802 -0.017764 -0.068252
-0.638580 0.118150 -0.072731
-0.672888 0.008955 -0.081233
-0.600615 0.118285 -0.071985
-0.563956 0.109920 -0.079253
-0.503271 0.138704 -0.070104
-0.557272 -0.048491 -0.070866
-0.578517 -0.035314 -0.079306
-0.429084 0.020685 -0.071588
-0.449971 0.034141 -0.076890
-0.706238 0.140935 -0.082100
-0.567570 -0.040559 -0.079083
-0.510841 0.011757 -0.078051
-0.480205 -0.011071 -0.069411
-0.531414 0.088452 -0.070577
-0.561556 -0.012860 -0.071007
-0.550320 0.097923 -0.078965
-0.655147 0.045058 -0.072940
-0.469428 0.046425 -0.077292
-0.587861 0.036361 -0.071603
-0.693753 0.147646 -0.075237
-0.611236 0.050374 -0.080087
-0.611798 0.122909 -0.072212
-0.535296 0.152241 -0.078757
-0.576555 0.163429 -0.071584
-0.530850 0.183188 -0.070717
-0.525964 0.054017 -0.078416
-0.698780 0.135078 -0.081944
-0.613888 0.167839 -0.080327
-0.435191 0.018736 -0.076575
-0.566711 0.101737 -0.079294
-0.654093 0.003210 -0.072852
-0.614746 -0.048267 -0.079998
-0.484007 0.190288 -0.069808
-0.502559 0.168944 -0.070138
-0.571759 0.007593 -0.071241
-0.673968 0.001652 -0.073241
-0.637702 0.163584 -0.080788
-0.473510 0.049289 -0.077377
-0.592185 0.026900 -0.071673
-0.592529 -0.037364 -0.079578
-0.549005 0.031183 -0.070831
-0.634371 -0.036062 -0.080403
-0.524663 0.175151 -0.070583
-0.542969 0.115694 -0.078849
-0.601061 -0.035149 -0.071748
-0.568195 0.176390 -0.071441
-0.549211 0.171445 -0.079061
-0.517801 0.021168 -0.078203
-0.476554 -0.009068 -0.069342
-0.559954 -0.023439 -0.070959
-0.515072 0.148613 -0.078353
-0.602394 -0.052872 -0.071746
-0.617909 0.150195 -0.072376
-0.524671 0.011269 -0.070321
-0.592416 0.092489 -0.079784
-0.615553 0.003524 -0.080097
-0.498741 -0.014277 -0.069770
-0.615469 0.016070 -0.072114
-0.442073 0.044134 -0.076751
-0.519658 -0.052306 -0.070120
-0.438752 0.048964 -0.076693
-0.494379 -0.057520 -0.075537
-0.504929 0.106217 -0.070085
-0.592303 -0.065792 -0.079529
-0.457727 0.110852 -0.076835
-0.484956 0.119922 -0.077715
-0.591354 -0.066355 -0.079509
-0.627617 -0.028413 -0.080283
-0.487761 0.033117 -0.077632
-0.692317 0.108580 -0.073772
-0.657885 0.002416 -0.080927
-0.455511 0.103819 -0.075488
-0.543666 0.033387 -0.078731
-0.550618 0.126768 -0.079017
-0.438194 -0.025722 -0.068561
-0.645461 -0.105236 -0.080511
-0.568903 0.085628 -0.071309
-0.542584 0.129831 -0.070863
-0.525423 0.083720 -0.070451
-0.665755 0.051399 -0.081160
-0.484003 0.090080 -0.069647
-0.577035 0.026578 -0.071375
-0.495025 0.049616 -0.069799
-0.678295 0.111607 -0.081503
-0.599788 -0.055035 -0.079693
-0.613694 -0.079336 -0.071926
-0.541840 0.082111 -0.070772
-0.676118 0.100504 -0.073441
-0.582031 0.160285 -0.079689
-0.607476 0.047327 -0.080008
-0.504601 0.058528 -0.070002
-0.559820 0.155334 -0.079244
-0.567480 0.041770 -0.071211
-0.636551 0.044303 -0.080575
-0.457095 0.108794 -0.075560
-0.475523 0.146633 -0.077573
-0.642761 0.065502 -0.080731
-0.598071 0.026987 -0.071789
-0.642686 0.163907 -0.076491
-0.475304 0.149434 -0.069571
-0.556742 0.124844 -0.079135
-0.697484 0.132671 -0.081914
-0.644098 0.059582 -0.080748
-0.556272 -0.023742 -0.078887
-0.559838 -0.057751 -0.078903
-0.482408 -0.031065 -0.069422
-0.500340 0.033140 -0.077879
-0.661593 0.010801 -0.081013
-0.536030 0.195149 -0.078840
-0.601729 0.115830 -0.072003
-0.660503 0.008621 -0.072987
-0.629352 0.055415 -0.072449
-0.446788 0.055210 -0.076861
-0.714272 0.140358 -0.082257
-0.496141 0.099285 -0.077902
-0.649995 0.039898 -0.080832
-0.476728 0.070603 -0.069473
-0.560271 -0.012588 -0.078984
-0.530121 0.094922 -0.070562
-0.642639 0.035099 -0.072678
-0.638679 -0.059448 -0.072449
-0.537135 0.086825 -0.078688
-0.661852 -0.052007 -0.072916
-0.664565 -0.039859 -0.080991
-0.465236 0.134437 -0.077304
-0.507939 0.168065 -0.078244
-0.675630 0.027046 -0.081315
-0.658092 0.028311 -0.080973
-0.499200 -0.002163 -0.077800
-0.513400 -0.023149 -0.070044
-0.652623 0.160734 -0.077425
-0.470967 0.139593 -0.069470
-0.525174 0.021031 -0.078348
-0.528229 -0.038807 -0.070310
-0.647612 0.145499 -0.080954
-0.485045 0.116826 -0.069711
-0.532607 0.015543 -0.078485
-0.572906 0.183980 -0.071545
-0.516112 0.041794 -0.070201
-0.622369 0.000647 -0.080226
-0.504690 0.190146 -0.078216
-0.513386 0.070858 -0.070194
-0.447407 -0.040417 -0.076720
-0.450668 0.053885 -0.076935
-0.621971 0.008671 -0.072229
-0.452484 0.021875 -0.068918
-0.676290 0.076331 -0.081407
-0.576719 0.018363 -0.071355
-0.477436 0.096927 -0.077531
-0.492132 -0.049740 -0.069583
-0.646048 -0.028543 -0.072643
-0.680859 0.044661 -0.073445
-0.625493 0.096189 -0.080440
-0.563746 0.160028 -0.079329
-0.436987 -0.038124 -0.068518
-0.602614 0.016568 -0.079863
-0.510756 0.193883 -0.070339
-0.658028 0.053128 -0.073010
-0.582981 0.057826 -0.071542
-0.550269 0.106935 -0.070977
-0.635213 0.009334 -0.072491
-0.624758 -0.078754 -0.080146
-0.670441 -0.025880 -0.081129
-0.437662 0.047819 -0.075345
-0.571322 0.123893 -0.079420
-0.628477 0.083213 -0.072477
-0.671759 0.111096 -0.081374
-0.510600 0.100215 -0.078188
-0.440274 -0.040237 -0.070059
-0.538562 -0.034164 -0.070521
-0.605932 -0.070435 -0.071788
-0.668268 0.128390 -0.081333
-0.571147 0.089222 -0.071359
-0.494674 0.152416 -0.069957
-0.569950 0.055325 -0.071281
-0.549696 0.030459 -0.078845
-0.601182 0.085902 -0.071944
-0.614408 0.050341 -0.072148
-0.622520 0.084168 -0.072361
-0.485258 -0.028723 -0.069482
-0.617054 0.124284 -0.072318
-0.559227 0.003799 -0.078990
-0.508743 -0.003743 -0.069983
-0.501312 0.017026 -0.069871
-0.567520 -0.011434 -0.071127
-0.517365 0.032013 -0.070210
-0.463530 0.128778 -0.072199
-0.559749 0.097690 -0.079150
-0.719263 0.116511 -0.082317
-0.592664 0.102889 -0.071804
-0.525130 0.070479 -0.070424
-0.478661 -0.018517 -0.077370
-0.510920 -0.045823 -0.077960
-0.606596 -0.093279 -0.076131
-0.596674 0.084136 -0.079854
-0.558534 0.163151 -0.079231
-0.649981 0.032146 -0.080819
-0.692780 0.133816 -0.073822
-0.542949 0.181909 -0.070953
-0.559315 -0.063518 -0.070882
-0.552784 -0.041549 -0.070789
-0.597336 0.145523 -0.079966
-0.573197 0.138599 -0.071479
-0.484968 0.041668 -0.069589
-0.451378 -0.036448 -0.068803
-0.587938 -0.006606 -0.079537
-0.502796 0.001720 -0.077877
-0.500094 0.161358 -0.078079
-0.513754 0.159424 -0.070343
-0.563209 -0.004622 -0.079054
-0.557965 -0.048856 -0.078881
-0.581124 0.149383 -0.071652
-0.608563 0.129133 -0.072159
-0.709088 0.079329 -0.075717
-0.431944 0.014152 -0.076504
-0.426625 0.006487 -0.068385
-0.662960 0.033871 -0.073076
-0.668807 0.155595 -0.075123
-0.594666 0.034102 -0.071733
-0.575102 -0.072035 -0.071179
-0.517328 0.035422 -0.078217
-0.665022 0.004126 -0.073069
-0.480151 -0.040323 -0.069363
-0.569478 0.010665 -0.079202
-0.601390 0.098633 -0.071969
-0.644221 0.163014 -0.072914
-0.669363 0.011874 -0.081168
-0.602291 0.072975 -0.071946
-0.528366 0.142231 -0.078605
-0.567844 0.134994 -0.079369
-0.569393 -0.029393 -0.071135
-0.611969 -0.094975 -0.074148
-0.663296 0.080432 -0.081158
-0.606919 -0.066337 -0.071813
-0.614070 -0.050243 -0.071980
-0.645268 0.163087 -0.076134
-0.452198 0.035029 -0.068934
-0.618531 0.094011 -0.080300
-0.655652 -0.045110 -0.080807
-0.693119 0.035021 -0.081672
-0.669581 0.047361 -0.081229
-0.418316 -0.026108 -0.068170
-0.463173 0.073197 -0.077212
-0.586013 0.170843 -0.079784
-0.588770 -0.016608 -0.071536
-0.622394 0.091554 -0.080372
-0.580193 0.053832 -0.071480
-0.489700 0.031875 -0.069666
-0.460259 0.118369 -0.069758
-0.629866 0.087936 -0.072512
-0.498908 0.137023 -0.078017
-0.637754 -0.089434 -0.072383
-0.544276 -0.073390 -0.072034
-0.532730 0.069558 -0.078574
-0.532438 0.198454 -0.078775
-0.549935 -0.053587 -0.070714
-0.649367 0.055655 -0.072843
-0.629477 0.139275 -0.072586
-0.535128 0.044064 -0.078580
-0.575801 -0.010264 -0.079293
-0.472055 0.018006 -0.077299
-0.511525 0.167588 -0.078314
-0.592833 0.119497 -0.071834
-0.662929 0.101455 -0.081185
-0.586316 0.082891 -0.071647
-0.636163 0.086297 -0.080634
-0.505851 -0.038650 -0.077872
-0.515531 0.067869 -0.078233
-0.649074 0.135690 -0.072966
-0.502738 -0.009916 -0.077857
-0.511570 0.061059 -0.078144
-0.582334 0.084246 -0.071571
-0.531752 0.043643 -0.078513
-0.528609 0.142369 -0.070608
-0.608586 -0.035613 -0.071895
-0.620841 0.152519 -0.080439
-0.608772 -0.049945 -0.071876
-0.427010 -0.034174 -0.076329
-0.491180 0.019126 -0.077676
-0.540802 -0.015613 -0.070595
-0.584589 0.161254 -0.079740
-0.646389 0.048156 -0.072773
-0.671027 -0.040014 -0.076619
-0.663916 0.055627 -0.073129
-0.662251 -0.063089 -0.080908
-0.555128 0.099739 -0.071061
-0.657286 -0.032283 -0.080860
-0.618174 0.069844 -0.080254
-0.502646 0.190057 -0.078175
-0.472649 -0.050562 -0.071169
-0.459000 0.078480 -0.069137
-0.667175 0.003174 -0.073109
-0.462209 0.043998 -0.077147
-0.585991 0.151269 -0.071750
-0.518978 0.139890 -0.078416
-0.543350 0.087780 -0.070810
-0.633174 0.165664 -0.072701
-0.590952 -0.009094 -0.071591
-0.625138 -0.050043 -0.080199
-0.716418 0.102322 -0.075708
-0.468932 -0.049393 -0.073154
-0.600248 0.076810 -0.071911
-0.552889 -0.064069 -0.070755
-0.641371 0.096626 -0.072752
-0.526081 0.088487 -0.078474
-0.667001 0.154019 -0.081349
-0.520677 0.086407 -0.070362
