ply
format ascii 1.0
element vertex 5000
property float x
property float y
property float z
end_header
-0.520014 0.101980 -0.047181
-0.646274 0.119640 -0.038423
-0.677413 0.057965 -0.047399
-0.542869 -0.081440 -0.046127
-0.509707 -0.039576 -0.050637
-0.422457 -0.045097 -0.050997
-0.631125 0.131302 -0.046182
-0.584178 0.121191 -0.046549
-0.600848 0.151757 -0.045765
-0.430284 -0.013643 -0.050214
-0.652200 -0.062847 -0.050831
-0.423067 0.127210 -0.042894
-0.484401 0.026262 -0.049107
-0.675913 -0.001395 -0.044487
-0.674313 -0.032521 -0.050039
-0.484587 0.148475 -0.038144
-0.438418 0.077844 -0.047977
-0.537086 0.106281 -0.047032
-0.442937 0.133082 -0.038624
-0.446888 0.028665 -0.041144
-0.502340 -0.080345 -0.049275
-0.668842 -0.048456 -0.042437
-0.569177 0.148834 -0.045918
-0.515736 0.150163 -0.046024
-0.584082 0.064476 -0.047923
-0.479264 -0.022606 -0.042302
-0.438667 0.063050 -0.048335
-0.435577 0.138403 -0.046517
-0.553843 0.051511 -0.048316
-0.649333 -0.026708 -0.049963
-0.568414 0.079318 -0.047604
-0.461109 -0.058890 -0.043228
-0.558555 0.086216 -0.039460
-0.540480 0.149659 -0.045972
-0.423607 -0.025413 -0.042514
-0.583035 -0.012793 -0.041796
-0.589362 -0.010378 -0.041721
-0.513802 0.039792 -0.048703
-0.581226 0.003832 -0.049400
-0.483060 -0.016628 -0.042148
-0.551656 0.143350 -0.046096
-0.438357 0.076558 -0.040006
-0.595201 0.156761 -0.045659
-0.593561 -0.041049 -0.042453
-0.465992 0.006633 -0.041628
-0.439544 -0.058071 -0.051267
-0.506416 0.148404 -0.038089
-0.635176 0.063824 -0.047807
-0.643275 0.104579 -0.038796
-0.476591 -0.071958 -0.051507
-0.514235 0.057335 -0.048277
-0.607976 0.120836 -0.038493
-0.494060 0.034135 -0.048892
-0.625828 0.165601 -0.045046
-0.559594 -0.078551 -0.043449
-0.626715 -0.016841 -0.041780
-0.449655 -0.072609 -0.043590
-0.536926 -0.043949 -0.050672
-0.541692 0.083312 -0.039574
-0.583420 0.166557 -0.040532
-0.567682 -0.059811 -0.042974
-0.523683 0.133263 -0.038411
-0.628462 0.131197 -0.038189
-0.493726 0.155175 -0.045960
-0.508716 -0.010534 -0.041933
-0.582774 0.135580 -0.046204
-0.562587 0.159284 -0.037680
-0.471855 -0.039938 -0.050744
-0.430383 0.113260 -0.039137
-0.501464 0.095530 -0.039383
-0.553872 0.067801 -0.047921
-0.422160 -0.066693 -0.051521
-0.542346 -0.058225 -0.043002
-0.534410 -0.005920 -0.049757
-0.579686 -0.048835 -0.042677
-0.429455 -0.003164 -0.041960
-0.513761 0.152402 -0.045975
-0.534503 0.011961 -0.049324
-0.444870 0.116315 -0.047028
-0.472825 -0.023241 -0.042334
-0.627681 0.126002 -0.046320
-0.446563 -0.059663 -0.043285
-0.477148 0.033983 -0.040937
-0.425709 0.003156 -0.049819
-0.554864 0.018085 -0.041120
-0.655579 0.080474 -0.047350
-0.555900 0.057961 -0.048154
-0.543719 0.023417 -0.049023
-0.562552 0.089498 -0.039370
-0.544031 0.089243 -0.047427
-0.520103 0.004151 -0.049550
-0.427081 -0.064733 -0.051460
-0.504578 -0.080505 -0.044990
-0.425121 -0.007875 -0.050088
-0.549196 0.041750 -0.048564
-0.456012 0.104358 -0.047289
-0.655104 0.028864 -0.040600
-0.522115 -0.076510 -0.051499
-0.443825 0.067066 -0.048224
-0.463239 -0.003709 -0.049888
-0.469250 0.057578 -0.040386
-0.497606 0.144900 -0.038196
-0.425706 0.153299 -0.046182
-0.530583 -0.035125 -0.050475
-0.647039 -0.023817 -0.041897
-0.653270 -0.014918 -0.049667
-0.546067 -0.044007 -0.042648
-0.533568 0.046478 -0.048490
-0.678329 0.094619 -0.043901
-0.598202 0.132352 -0.046242
-0.662726 0.052290 -0.048015
-0.551543 -0.081555 -0.050380
-0.622099 0.100170 -0.046960
-0.418733 -0.078367 -0.044155
-0.548079 0.082604 -0.047577
-0.444133 0.018430 -0.041399
-0.580200 -0.050443 -0.050717
-0.671330 -0.031839 -0.042028
-0.538226 0.013422 -0.049279
-0.542339 0.083698 -0.039563
-0.513908 0.007568 -0.041481
-0.539178 -0.045244 -0.042695
-0.493117 0.074293 -0.047921
-0.580897 0.084624 -0.047443
-0.655992 0.160352 -0.037412
-0.543051 0.163334 -0.037632
-0.600387 -0.073135 -0.051215
-0.629891 -0.003408 -0.041447
-0.512713 0.157604 -0.037849
-0.641161 -0.038898 -0.042277
-0.507757 0.117780 -0.046830
-0.516841 0.121534 -0.046715
-0.638615 -0.066743 -0.050961
-0.641312 0.146529 -0.045787
-0.554481 0.151094 -0.037899
-0.603914 -0.035475 -0.042291
-0.456976 0.101088 -0.047366
-0.675852 0.003343 -0.049166
-0.491366 0.083024 -0.047714
-0.487924 0.075038 -0.039914
-0.507509 0.168325 -0.045606
-0.626093 -0.020309 -0.049868
-0.473103 -0.032232 -0.050554
-0.579359 0.100617 -0.039057
-0.639114 -0.066691 -0.042956
-0.602164 -0.075079 -0.051257
-0.676951 0.039648 -0.047010
-0.490772 -0.010111 -0.049972
-0.519933 -0.066638 -0.043264
-0.456882 -0.076208 -0.051661
-0.419444 -0.016955 -0.047159
-0.425141 -0.044716 -0.042978
-0.570519 0.165643 -0.037505
-0.673141 0.078781 -0.047346
-0.615387 0.050765 -0.040172
-0.589106 0.040431 -0.048493
-0.629331 -0.060846 -0.050842
-0.589311 0.138041 -0.038125
-0.524314 0.029293 -0.048930
-0.523125 0.168142 -0.043385
-0.438306 0.077832 -0.039975
-0.509377 0.064898 -0.040104
-0.612803 -0.040426 -0.042388
-0.525248 -0.046924 -0.050775
-0.556377 -0.009738 -0.049793
-0.483544 0.069464 -0.040060
-0.545783 0.152089 -0.037897
-0.514358 -0.002463 -0.049726
-0.497258 0.041986 -0.048693
-0.436588 0.059961 -0.040412
-0.469790 0.078048 -0.039888
-0.451446 0.046524 -0.048702
-0.443669 -0.020911 -0.042353
-0.644655 -0.049817 -0.042533
-0.474541 -0.058461 -0.051185
-0.552636 -0.034609 -0.050405
-0.675483 0.066716 -0.047632
-0.523332 0.053288 -0.048352
-0.543243 0.002320 -0.049535
-0.577968 0.122643 -0.046530
-0.467846 0.071921 -0.048044
-0.615081 0.090900 -0.039200
-0.575992 0.074284 -0.039704
-0.624633 0.087267 -0.047266
-0.633365 -0.009934 -0.049598
-0.647925 0.113741 -0.038562
-0.504298 0.047963 -0.040528
-0.456471 0.003704 -0.049726
-0.563180 0.048279 -0.048370
-0.590019 0.080956 -0.047509
-0.640793 0.107677 -0.038727
-0.520158 0.044995 -0.040558
-0.575236 -0.049564 -0.042707
-0.677298 0.057345 -0.039852
-0.500363 -0.007444 -0.049883
-0.557260 0.103149 -0.047056
-0.421676 0.072002 -0.042631
-0.482767 0.091275 -0.047536
-0.589414 0.001185 -0.049443
-0.584678 0.028119 -0.048802
-0.604661 -0.031290 -0.042188
-0.660511 0.081633 -0.039307
-0.510071 0.105061 -0.047132
-0.535669 0.117094 -0.038771
-0.608113 0.048281 -0.048253
-0.545952 0.091892 -0.047358
-0.666539 -0.081023 -0.051235
-0.646424 -0.008081 -0.041517
-0.571708 -0.053171 -0.042803
-0.576725 0.042501 -0.048475
-0.651500 0.011938 -0.041019
-0.518989 0.037057 -0.040754
-0.506371 0.121936 -0.038730
-0.598071 0.106952 -0.046858
-0.577962 0.059211 -0.040064
-0.443822 0.029168 -0.041140
-0.554447 -0.063133 -0.051092
-0.478412 0.089462 -0.039589
-0.555649 0.032016 -0.048783
-0.443441 0.059034 -0.048419
-0.523171 0.047920 -0.048482
-0.609509 -0.017379 -0.041838
-0.559312 0.158454 -0.037708
-0.582629 0.013206 -0.041167
-0.648362 -0.069407 -0.051000
-0.555528 0.065279 -0.047978
-0.450744 0.066135 -0.040226
-0.473452 0.156068 -0.037988
-0.679195 0.144694 -0.045733
-0.547044 0.032797 -0.040784
-0.496188 0.123266 -0.046727
-0.502104 0.010785 -0.041434
-0.551699 -0.063969 -0.043117
-0.465875 -0.034045 -0.050616
-0.498340 0.099920 -0.039284
-0.637329 0.126180 -0.046290
-0.569473 0.119254 -0.038632
-0.464260 -0.015357 -0.050168
-0.428391 -0.077851 -0.043772
-0.540575 0.050313 -0.048379
-0.498637 0.118834 -0.038825
-0.556994 0.019932 -0.049073
-0.451433 -0.043181 -0.050875
-0.438547 -0.002166 -0.041913
-0.494197 -0.028648 -0.050412
-0.586786 0.124567 -0.046460
-0.656453 0.130892 -0.046127
-0.513945 0.013915 -0.049330
-0.567538 0.068653 -0.039862
-0.536700 -0.039318 -0.050561
-0.429798 0.007328 -0.041705
-0.433388 0.089247 -0.039711
-0.545664 0.025450 -0.048968
-0.459096 -0.059378 -0.051248
-0.556966 0.011572 -0.041273
-0.491079 -0.043750 -0.042784
-0.465737 0.074521 -0.047987
-0.669770 -0.034323 -0.042092
-0.528646 0.097204 -0.047274
-0.472237 0.026791 -0.049126
-0.506094 0.044380 -0.048612
-0.468137 0.124551 -0.038766
-0.587198 -0.055740 -0.050828
-0.634709 0.038171 -0.040427
-0.508413 0.063860 -0.040132
-0.563950 0.006314 -0.041382
-0.612637 0.024026 -0.048829
-0.552531 0.127806 -0.038468
-0.451451 -0.039908 -0.042793
-0.423742 0.154412 -0.038228
-0.573091 0.117645 -0.046664
-0.475714 -0.029208 -0.050474
-0.556661 0.080002 -0.039616
-0.622970 0.087185 -0.047272
-0.501511 -0.029153 -0.050406
-0.621174 -0.069589 -0.051075
-0.643397 -0.058957 -0.050760
-0.648840 -0.075103 -0.043135
-0.428014 0.135610 -0.046604
-0.489872 0.018516 -0.049281
-0.435668 -0.012553 -0.042172
-0.566849 0.100310 -0.047100
-0.626394 -0.047666 -0.050530
-0.525387 -0.004772 -0.041751
-0.488701 -0.002481 -0.049793
-0.607957 0.006482 -0.049266
-0.574318 0.165884 -0.037489
-0.533690 -0.043172 -0.050662
-0.547471 0.121760 -0.046630
-0.508078 0.111296 -0.038983
-0.481398 0.066462 -0.040139
-0.563401 0.078731 -0.039629
-0.418817 -0.066642 -0.043526
-0.520720 -0.020874 -0.042153
-0.536369 -0.014635 -0.041961
-0.476529 0.117548 -0.046916
-0.588327 0.081051 -0.039508
-0.464503 0.027222 -0.049136
-0.548453 0.111384 -0.046879
-0.496440 -0.073353 -0.051490
-0.559758 0.001832 -0.049504
-0.676807 0.090993 -0.047040
-0.678285 0.093001 -0.041920
-0.547027 0.055683 -0.048232
-0.523457 0.165502 -0.045633
-0.653496 -0.071180 -0.051030
-0.668568 0.017294 -0.048847
-0.444239 0.111758 -0.047140
-0.568491 0.019841 -0.049045
-0.446263 -0.015776 -0.042222
-0.613921 0.008442 -0.041201
-0.548159 0.038854 -0.040635
-0.584236 0.104426 -0.046955
-0.642713 -0.075648 -0.043164
-0.621496 0.057180 -0.048003
-0.601547 0.106460 -0.038858
-0.484650 0.135551 -0.046459
-0.660986 -0.010424 -0.041536
-0.473251 0.144174 -0.038277
-0.473953 0.067544 -0.048134
-0.655264 0.016986 -0.048889
-0.538439 -0.050209 -0.042818
-0.499209 0.027664 -0.049035
-0.675857 0.162287 -0.037313
-0.550983 0.144036 -0.046081
-0.423020 0.060108 -0.040444
-0.481987 0.112207 -0.039029
-0.637132 0.080508 -0.047397
-0.471064 0.094965 -0.039475
-0.593316 -0.028871 -0.042158
-0.500798 0.083760 -0.047672
-0.601059 0.042467 -0.040410
-0.437707 0.021570 -0.041340
-0.547683 -0.081466 -0.050009
-0.535058 0.098804 -0.039216
-0.426274 0.058869 -0.048468
-0.491953 0.005358 -0.049594
-0.583499 0.163527 -0.045525
-0.637346 -0.002957 -0.041417
-0.674079 0.038678 -0.048315
-0.418656 -0.048370 -0.048797
-0.590931 0.086576 -0.047370
-0.671779 0.001350 -0.049225
-0.600230 0.012512 -0.049140
-0.489004 0.114032 -0.046969
-0.587272 0.079466 -0.039549
-0.577008 0.115435 -0.038705
-0.677114 0.113010 -0.046506
-0.628230 -0.056016 -0.042726
-0.495385 -0.064456 -0.051277
-0.538563 0.015748 -0.049222
-0.628789 0.002366 -0.041310
-0.541940 0.070639 -0.047883
-0.638843 0.032487 -0.048556
-0.639111 0.011255 -0.041068
-0.433469 0.146169 -0.038332
-0.503247 0.128276 -0.046587
-0.476235 0.013754 -0.049432
-0.455519 0.131017 -0.038642
-0.497366 0.137605 -0.038374
-0.570844 -0.024108 -0.050104
-0.539466 0.141253 -0.046179
-0.653521 -0.069946 -0.042998
-0.634125 0.137460 -0.038023
-0.630871 0.084615 -0.039312
-0.507301 -0.080570 -0.045129
-0.573623 0.022941 -0.048957
-0.668420 0.139503 -0.037885
-0.574046 -0.027000 -0.050165
-0.576889 0.043444 -0.040449
-0.541645 -0.042465 -0.042622
-0.492888 -0.026468 -0.042360
-0.499222 0.149409 -0.038083
-0.675644 0.024753 -0.048648
-0.617660 0.057961 -0.047994
-0.491737 0.122111 -0.046766
-0.562128 0.061356 -0.040053
-0.542492 -0.004957 -0.041711
-0.433327 0.064674 -0.040307
-0.612000 -0.026741 -0.042058
-0.678379 0.096710 -0.042460
-0.636632 -0.012809 -0.041657
-0.424183 0.095423 -0.047588
-0.522747 0.118837 -0.038763
-0.548130 0.006582 -0.049419
-0.455257 0.119074 -0.046934
-0.569476 -0.052536 -0.042794
-0.422073 0.036145 -0.041027
-0.455185 0.008443 -0.049615
-0.633484 0.103557 -0.046848
-0.465358 -0.041639 -0.050802
-0.612168 0.003620 -0.049325
-0.631798 0.070319 -0.047658
-0.556468 -0.014815 -0.049916
-0.482159 -0.056340 -0.051114
-0.543062 0.091947 -0.039362
-0.445985 0.155141 -0.046084
-0.638602 0.012776 -0.041032
-0.478366 0.073960 -0.039965
-0.550226 -0.012296 -0.041869
-0.646532 0.032545 -0.040533
-0.535254 0.018241 -0.049170
-0.620389 -0.008980 -0.041606
-0.420488 0.024884 -0.041970
-0.484238 -0.014798 -0.042100
-0.609129 -0.065804 -0.051015
-0.641211 0.028762 -0.040638
-0.574948 -0.008567 -0.049716
-0.638171 0.156794 -0.037544
-0.619419 0.119040 -0.046510
-0.451095 0.033448 -0.049020
-0.598333 0.083840 -0.047417
-0.463743 -0.050200 -0.051013
-0.495590 0.128312 -0.046606
-0.525629 -0.052856 -0.050917
-0.477659 0.103156 -0.047262
-0.464820 0.047996 -0.048631
-0.457339 -0.011482 -0.050092
-0.534091 0.084870 -0.047559
-0.434789 0.110047 -0.039204
-0.438399 0.000671 -0.041844
-0.621399 0.043758 -0.040326
-0.568529 0.001869 -0.049480
-0.627985 0.060910 -0.039893
-0.598646 0.133953 -0.046202
-0.567213 0.079244 -0.047609
-0.490413 0.114355 -0.046957
-0.530642 0.153750 -0.045899
-0.557056 0.071138 -0.039829
-0.498308 0.134356 -0.046452
-0.557903 0.024138 -0.040966
-0.656410 -0.009060 -0.049517
-0.642472 0.004455 -0.049226
-0.512764 0.158841 -0.045822
-0.453706 0.144995 -0.046310
-0.527122 -0.075400 -0.043457
-0.455056 0.060127 -0.040361
-0.672273 -0.068840 -0.042922
-0.657365 0.162238 -0.037362
-0.606890 0.048454 -0.048252
-0.677558 0.108819 -0.046607
-0.599069 0.044212 -0.040373
-0.539325 -0.042728 -0.050636
-0.632553 0.128820 -0.046239
-0.561954 0.096529 -0.047204
-0.481488 0.019126 -0.049288
-0.587590 -0.076965 -0.043338
-0.450137 -0.071428 -0.043561
-0.520596 0.071890 -0.039906
-0.665234 -0.044522 -0.042351
-0.602731 0.105563 -0.046879
-0.575973 -0.048184 -0.050674
-0.580490 0.116497 -0.046672
-0.483942 0.099481 -0.039332
-0.607232 0.025793 -0.048800
-0.498195 0.114168 -0.046942
-0.467131 -0.047052 -0.050928
-0.593744 -0.022547 -0.042004
-0.510431 0.121725 -0.038725
-0.541201 0.042159 -0.048575
-0.512937 -0.036827 -0.050562
-0.564497 0.166979 -0.038315
-0.530449 0.146846 -0.038064
-0.629200 0.139762 -0.045982
-0.548411 0.022520 -0.049032
-0.673303 -0.022301 -0.049794
-0.639718 0.000179 -0.041334
-0.656241 -0.057628 -0.042692
-0.640240 -0.066667 -0.042953
-0.477833 0.064291 -0.048203
-0.522001 0.121282 -0.038705
-0.498502 0.137040 -0.038385
-0.575803 0.129402 -0.046372
-0.629756 -0.012783 -0.041674
-0.578655 0.133169 -0.038271
-0.517343 -0.006268 -0.049810
-0.472297 -0.057986 -0.051180
-0.501004 0.053441 -0.040403
-0.575758 0.089216 -0.039343
-0.531775 0.160489 -0.037730
-0.605214 -0.055246 -0.042767
-0.623556 0.065256 -0.047802
-0.536715 -0.038451 -0.042537
-0.509631 0.046482 -0.040550
-0.555777 0.130451 -0.046398
-0.607017 0.157496 -0.045610
-0.448029 0.152965 -0.046132
-0.590643 -0.031377 -0.042226
-0.618688 0.157517 -0.045579
-0.563064 0.154820 -0.045789
-0.435927 -0.011186 -0.042138
-0.430261 -0.064766 -0.043451
-0.644937 0.067681 -0.047688
-0.623700 0.056573 -0.048012
-0.607164 0.154140 -0.045691
-0.639983 -0.082967 -0.043348
-0.564502 0.111928 -0.046824
-0.427306 0.042535 -0.048861
-0.607444 -0.069940 -0.043117
-0.498223 0.055187 -0.048371
-0.465258 0.130895 -0.038620
-0.622166 -0.051219 -0.050627
-0.465524 0.047520 -0.048641
-0.541476 0.144278 -0.038098
-0.422302 0.096553 -0.046530
-0.470187 -0.074659 -0.043587
-0.507662 0.144017 -0.038192
-0.432507 0.003265 -0.049799
-0.464439 -0.057381 -0.051185
-0.579963 0.004115 -0.049396
-0.601954 0.061003 -0.047961
-0.592190 -0.078452 -0.043363
-0.579824 -0.051533 -0.050745
-0.591523 0.137657 -0.046131
-0.542075 0.078195 -0.039697
-0.476966 -0.003178 -0.049840
-0.540574 -0.067524 -0.043232
-0.522349 -0.037299 -0.050549
-0.424736 0.116398 -0.039076
-0.608532 0.047067 -0.040279
-0.527703 -0.052217 -0.042894
-0.588953 0.003005 -0.049400
-0.563104 0.126699 -0.038468
-0.419724 -0.005716 -0.045558
-0.468172 -0.076133 -0.043628
-0.507379 0.141605 -0.046253
-0.588733 0.117400 -0.046629
-0.554013 -0.025951 -0.042190
-0.571872 0.076443 -0.047665
-0.418823 -0.072429 -0.043666
-0.535680 0.041752 -0.048599
-0.456128 -0.046908 -0.050953
-0.460465 -0.020053 -0.050291
-0.497214 0.119464 -0.038814
-0.429418 0.166787 -0.037843
-0.609178 0.071345 -0.039689
-0.449500 0.134783 -0.038566
-0.589079 -0.025005 -0.042076
-0.669487 0.127381 -0.038175
-0.537909 -0.009901 -0.049845
-0.468822 0.002588 -0.049721
-0.425396 -0.008611 -0.042103
-0.435613 0.110963 -0.039179
-0.667188 -0.030664 -0.050013
-0.521560 0.098454 -0.047262
-0.667218 0.000717 -0.041250
-0.544601 0.122615 -0.038615
-0.579651 0.060215 -0.048038
-0.631863 -0.030720 -0.050106
-0.593833 -0.013894 -0.049797
-0.569504 -0.013294 -0.041843
-0.629956 -0.072459 -0.043119
-0.506382 -0.040085 -0.042655
-0.539807 0.161680 -0.037681
-0.492641 0.141786 -0.046287
-0.610339 0.114109 -0.038650
-0.560473 0.030791 -0.048800
-0.519235 0.083662 -0.039624
-0.661217 0.130695 -0.046119
-0.655727 0.092254 -0.047065
-0.653547 -0.027106 -0.049962
-0.493415 -0.057539 -0.051114
-0.538515 0.163847 -0.037631
-0.656821 0.021715 -0.040768
-0.577204 0.035154 -0.040649
-0.543501 0.118439 -0.038719
-0.477340 0.136957 -0.046444
-0.507290 0.107205 -0.039085
-0.479848 0.080920 -0.047795
-0.633176 -0.083744 -0.044701
-0.560457 -0.002211 -0.041598
-0.600926 -0.055426 -0.042782
-0.574654 0.155183 -0.037748
-0.542963 -0.018941 -0.042048
-0.554742 0.108220 -0.038937
-0.655094 0.012250 -0.041002
-0.478926 0.047441 -0.048608
-0.537496 -0.004691 -0.041717
-0.514091 0.054894 -0.040334
-0.503293 0.142044 -0.046253
-0.568159 0.110002 -0.046861
-0.587986 0.036719 -0.048586
-0.463077 0.157091 -0.037991
-0.638510 0.009784 -0.049107
-0.568999 0.074707 -0.047714
-0.490670 0.090330 -0.047539
-0.665911 0.015452 -0.048899
-0.551589 0.164234 -0.037588
-0.633999 0.111975 -0.038641
-0.488688 0.005806 -0.041589
-0.582876 -0.078060 -0.051380
-0.423875 0.109335 -0.039249
-0.482582 0.041580 -0.048741
-0.518714 -0.026639 -0.042298
-0.546636 0.059711 -0.048136
-0.561483 -0.078626 -0.043446
-0.572379 0.055540 -0.048170
-0.424219 0.085649 -0.039822
-0.475428 -0.044974 -0.050856
-0.602968 0.159130 -0.037579
-0.424075 0.167285 -0.042325
-0.488550 0.143779 -0.046249
-0.644143 0.057393 -0.047939
-0.575576 0.094857 -0.047209
-0.609511 -0.011464 -0.049697
-0.635388 -0.026042 -0.049983
-0.672464 -0.052208 -0.042519
-0.650454 0.032516 -0.048525
-0.424131 0.169858 -0.038110
-0.575275 0.055936 -0.040151
-0.454933 -0.053918 -0.043124
-0.621720 -0.077824 -0.043271
-0.616807 0.122217 -0.038437
-0.437154 0.103993 -0.039344
-0.519245 0.114554 -0.046878
-0.480801 0.094971 -0.039450
-0.619250 0.116603 -0.046569
-0.581823 0.166191 -0.037462
-0.623131 0.129109 -0.038254
-0.553016 0.054345 -0.048249
-0.673823 0.062379 -0.047741
-0.479596 -0.002697 -0.041819
-0.644607 0.116244 -0.038510
-0.502572 0.161684 -0.045779
-0.473974 0.125487 -0.046730
-0.624147 0.063813 -0.039833
-0.549662 0.079108 -0.047658
-0.499265 0.066823 -0.040084
-0.445418 0.046563 -0.048716
-0.610921 0.129490 -0.046279
-0.566963 0.042156 -0.040506
-0.593710 -0.022116 -0.049996
-0.479444 -0.079742 -0.050379
-0.577992 0.099246 -0.039094
-0.638423 -0.027045 -0.041997
-0.661996 0.155536 -0.045515
-0.624127 -0.062870 -0.042902
-0.474075 0.036547 -0.040883
-0.575432 0.077624 -0.039625
-0.601783 0.075115 -0.047620
-0.616608 0.075995 -0.039557
-0.498528 0.146974 -0.038144
-0.628938 -0.047499 -0.050520
-0.481120 0.036781 -0.040859
-0.519906 0.018384 -0.049206
-0.671067 0.047401 -0.048111
-0.585949 -0.080694 -0.051435
-0.513261 0.133007 -0.038444
-0.465119 -0.065192 -0.043371
-0.496920 -0.022870 -0.042263
-0.579882 -0.074721 -0.043304
-0.585284 0.000385 -0.041470
-0.513937 -0.036631 -0.050555
-0.593788 0.105839 -0.038894
-0.486208 0.094156 -0.047458
-0.425883 0.104907 -0.047354
-0.655644 0.004123 -0.041198
-0.421162 0.051268 -0.047162
-0.614247 -0.011409 -0.041681
-0.538538 -0.037802 -0.042517
-0.432535 0.005211 -0.049752
-0.644857 -0.005484 -0.041458
-0.438929 0.087562 -0.047740
-0.617815 -0.075934 -0.043235
-0.452878 0.144438 -0.038324
-0.461305 0.063235 -0.040269
-0.601215 -0.056230 -0.042801
-0.587573 0.110534 -0.038796
-0.604582 0.112456 -0.038705
-0.480669 0.008480 -0.041545
-0.518225 0.022870 -0.049102
-0.429358 -0.054300 -0.043199
-0.452777 0.068051 -0.048177
-0.676348 0.016017 -0.043185
-0.617833 -0.018947 -0.041854
-0.516659 -0.080717 -0.048758
-0.586571 0.100963 -0.047033
-0.649106 0.153738 -0.037590
-0.507216 0.092557 -0.047442
-0.419351 -0.072908 -0.051679
-0.423710 0.092376 -0.039660
-0.527902 0.122583 -0.038659
-0.597270 0.116566 -0.046627
-0.489950 -0.061157 -0.043209
-0.558805 0.067754 -0.039907
-0.554761 0.106358 -0.038982
-0.589048 0.154477 -0.045730
-0.487279 0.069622 -0.048049
-0.513017 0.066343 -0.048062
-0.458989 0.092284 -0.039571
-0.529662 0.163644 -0.037659
-0.596983 0.101661 -0.038986
-0.444664 0.005589 -0.041709
-0.458016 -0.066236 -0.051417
-0.620752 0.046017 -0.048275
-0.668094 0.045929 -0.040152
-0.631163 -0.022288 -0.049903
-0.427651 -0.039530 -0.042846
-0.461233 0.047458 -0.048654
-0.423898 0.012553 -0.041594
-0.551552 0.034832 -0.048726
-0.418956 -0.036352 -0.047288
-0.647019 0.020266 -0.048831
-0.500033 0.043627 -0.040644
-0.561958 -0.074529 -0.043346
-0.553327 0.151159 -0.037900
-0.442066 0.038848 -0.048912
-0.647775 0.136821 -0.038003
-0.549657 0.086109 -0.047488
-0.636156 -0.000557 -0.049364
-0.466351 0.041274 -0.048790
-0.547672 -0.076013 -0.043419
-0.465528 0.035860 -0.048924
-0.458813 0.041734 -0.040796
-0.535096 -0.006128 -0.049761
-0.638568 0.038250 -0.048417
-0.561787 -0.004843 -0.049660
-0.418678 -0.063258 -0.051446
-0.619310 -0.059519 -0.050836
-0.563015 0.044745 -0.040453
-0.661362 -0.032863 -0.042079
-0.551039 0.120093 -0.046661
-0.573503 0.146843 -0.037953
-0.439628 0.135775 -0.038568
-0.592149 0.154193 -0.037726
-0.645630 0.046557 -0.048198
-0.540874 0.023785 -0.049021
-0.538238 0.110964 -0.038913
-0.498875 0.008881 -0.041489
-0.489541 0.002686 -0.041663
-0.569225 0.001661 -0.049484
-0.511954 0.034896 -0.040824
-0.561030 0.134431 -0.046288
-0.549534 0.083389 -0.047554
-0.500091 0.050328 -0.048484
-0.455700 0.028275 -0.041131
-0.483741 0.060949 -0.048269
-0.553661 0.035353 -0.040705
-0.614378 -0.023317 -0.041969
-0.507894 0.040816 -0.048694
-0.617719 0.103780 -0.038881
-0.662939 -0.008361 -0.049483
-0.556915 0.145339 -0.046034
-0.602960 0.010873 -0.041171
-0.675793 -0.005981 -0.042408
-0.609290 -0.052463 -0.050691
-0.426527 -0.058428 -0.051309
-0.535856 0.110668 -0.038927
-0.533345 -0.048336 -0.050788
-0.552221 0.133505 -0.038331
-0.533492 0.124860 -0.038589
-0.539918 0.033646 -0.048785
-0.537299 0.147219 -0.046040
-0.424304 -0.062435 -0.051412
-0.668946 0.029636 -0.040545
-0.539082 0.139255 -0.046228
-0.544543 -0.062504 -0.043100
-0.455826 0.059636 -0.040370
-0.527481 0.118351 -0.046765
-0.506441 -0.040564 -0.050669
-0.517922 -0.050515 -0.042878
-0.451945 0.159300 -0.037966
-0.531594 0.015558 -0.049244
-0.483651 0.016591 -0.049344
-0.620012 0.007641 -0.041205
-0.531949 0.021698 -0.049095
-0.645225 0.145954 -0.037788
-0.503326 -0.040188 -0.050668
-0.441088 -0.065771 -0.051449
-0.559578 0.044123 -0.040477
-0.630128 -0.078403 -0.043263
-0.573517 0.096181 -0.047182
-0.428945 0.023796 -0.041308
-0.579035 0.159585 -0.045632
-0.672020 0.161546 -0.045344
-0.604968 0.068643 -0.039766
-0.671535 -0.033831 -0.050078
-0.422044 0.086254 -0.047540
-0.517073 0.079316 -0.039735
-0.539554 0.133665 -0.038360
-0.449054 -0.033042 -0.042633
-0.419425 -0.017640 -0.046279
-0.433366 -0.024608 -0.050472
-0.569355 0.111636 -0.038816
-0.532416 0.166966 -0.037572
-0.591633 -0.032750 -0.042257
-0.635672 -0.045794 -0.050461
-0.484666 0.056850 -0.040363
-0.564904 0.006652 -0.041371
-0.504162 -0.018039 -0.042127
-0.535437 0.022571 -0.049064
-0.638100 -0.050632 -0.042570
-0.561191 0.094062 -0.039263
-0.657162 0.042581 -0.048264
-0.658506 0.026542 -0.048649
-0.522099 0.058519 -0.040226
-0.658826 0.157079 -0.037484
-0.570548 -0.058487 -0.042935
-0.433674 0.014234 -0.041528
-0.465172 0.039961 -0.048825
-0.586067 -0.042650 -0.050513
-0.630627 0.116855 -0.046534
-0.649267 -0.018194 -0.041755
-0.568621 0.084601 -0.047476
-0.579777 0.162303 -0.045564
-0.656141 -0.008469 -0.041501
-0.531974 -0.011468 -0.041896
-0.481383 0.020032 -0.041264
-0.598660 0.043002 -0.048406
-0.604760 0.163712 -0.045465
-0.479192 0.154846 -0.038003
-0.534876 0.036369 -0.040729
-0.486717 0.038675 -0.048801
-0.494235 -0.080196 -0.047015
-0.485908 -0.023455 -0.042306
-0.423234 0.086372 -0.039807
-0.445792 0.002232 -0.041787
-0.539565 -0.075110 -0.051420
-0.522053 -0.080423 -0.043592
-0.449279 0.079868 -0.047900
-0.597601 0.144311 -0.045954
-0.512847 -0.000166 -0.041672
-0.654681 0.059711 -0.039853
-0.577698 -0.053900 -0.050808
-0.518640 0.147994 -0.046069
-0.635334 0.077073 -0.039483
-0.498525 0.129080 -0.038577
-0.672388 0.104656 -0.038719
-0.569108 -0.062550 -0.051039
-0.545284 -0.042513 -0.042613
-0.485459 0.080180 -0.047798
-0.471990 0.047720 -0.048620
-0.648687 0.095480 -0.039002
-0.676310 0.014676 -0.040920
-0.513704 0.122091 -0.038707
-0.512426 -0.010391 -0.049923
-0.500826 -0.080373 -0.046535
-0.646604 0.077114 -0.047455
-0.636338 0.130634 -0.038183
-0.587978 -0.077306 -0.051348
-0.426324 0.063288 -0.040358
-0.642139 -0.038150 -0.050259
-0.671181 -0.019745 -0.041736
-0.467112 0.092966 -0.039534
-0.673545 0.164329 -0.042082
-0.421410 -0.059352 -0.051345
-0.434753 -0.064533 -0.051436
-0.658511 0.064488 -0.047730
-0.451034 0.140041 -0.038435
-0.445307 0.056628 -0.048473
-0.423219 0.133363 -0.041502
-0.528848 0.163602 -0.045665
-0.504186 -0.034147 -0.050520
-0.449694 -0.019010 -0.042292
-0.661119 -0.081997 -0.051272
-0.420617 0.029940 -0.042737
-0.632170 -0.032926 -0.050158
-0.448810 0.030276 -0.041100
-0.556940 0.159191 -0.045699
-0.584745 0.086928 -0.039375
-0.431674 0.166258 -0.037850
-0.659607 0.098421 -0.046905
-0.608828 -0.053395 -0.042712
-0.498284 0.126389 -0.038643
-0.489451 0.054831 -0.048402
-0.536313 0.048617 -0.048431
-0.643700 0.016118 -0.048940
-0.652944 0.090792 -0.047107
-0.505392 -0.054522 -0.043008
-0.451283 -0.046997 -0.050968
-0.441927 0.136042 -0.046558
-0.628556 0.129830 -0.046225
-0.643429 0.014895 -0.040968
-0.582427 -0.082359 -0.049227
-0.508185 0.144822 -0.046173
-0.454522 0.123722 -0.038821
-0.436266 0.155682 -0.046097
-0.424357 0.057844 -0.048498
-0.642669 0.001936 -0.049287
-0.536182 -0.055975 -0.042963
-0.615830 0.016816 -0.048996
-0.472465 0.162343 -0.045841
-0.501845 0.107731 -0.047088
-0.434689 0.029030 -0.049169
-0.512211 0.145819 -0.046139
-0.640166 -0.083582 -0.043363
-0.582428 -0.004054 -0.041585
-0.600873 -0.049818 -0.050649
-0.493229 0.054879 -0.040389
-0.599052 -0.026822 -0.050096
-0.566313 0.024860 -0.040927
-0.649245 0.128993 -0.038189
-0.572509 -0.020822 -0.042017
-0.519097 0.161517 -0.037738
-0.480882 -0.038820 -0.042691
-0.436551 0.060506 -0.048402
-0.548494 0.133026 -0.038352
-0.513735 0.030041 -0.040937
-0.564270 0.121612 -0.046590
-0.446969 -0.070812 -0.051556
-0.516234 -0.032441 -0.050447
-0.481806 0.113820 -0.046993
-0.543389 0.034802 -0.048748
-0.438254 0.048427 -0.040688
-0.677059 0.145497 -0.045719
-0.485737 0.152601 -0.046043
-0.669164 0.029818 -0.048542
-0.613278 0.155655 -0.037636
-0.545310 -0.016888 -0.041993
-0.473191 0.133650 -0.038532
-0.534064 0.002359 -0.049558
-0.577119 0.097834 -0.047133
-0.428858 0.010712 -0.049628
-0.462970 -0.051302 -0.043040
-0.586563 -0.076317 -0.043325
-0.614332 0.006883 -0.049240
-0.568778 0.022490 -0.040978
-0.478682 0.067336 -0.040125
-0.647902 -0.022270 -0.049859
-0.597608 -0.082762 -0.048325
-0.571981 -0.014333 -0.041861
-0.422917 0.121211 -0.043880
-0.501938 0.040113 -0.040724
-0.481972 0.166694 -0.045711
-0.676793 0.150396 -0.037599
-0.674553 0.037702 -0.040335
-0.612549 -0.033500 -0.050223
-0.481999 -0.070471 -0.051457
-0.440635 -0.043216 -0.042902
-0.468659 -0.052110 -0.051047
-0.535098 0.114069 -0.038846
-0.546239 0.101163 -0.047132
-0.462300 0.158536 -0.045960
-0.576077 -0.034778 -0.042346
-0.614807 0.054433 -0.048087
-0.420707 0.033098 -0.048031
-0.504904 0.093652 -0.039419
-0.660247 0.004938 -0.041166
-0.573580 0.165217 -0.045510
-0.534837 0.116878 -0.046781
-0.645743 0.102364 -0.046845
-0.525488 0.063734 -0.048093
-0.601931 0.138979 -0.038070
-0.671858 0.070804 -0.039540
-0.550980 -0.027733 -0.050243
-0.585314 -0.025249 -0.042091
-0.481665 0.138093 -0.046405
-0.477942 0.005852 -0.041616
-0.651894 0.097880 -0.046938
-0.515100 0.105389 -0.039108
-0.473464 -0.051678 -0.051024
-0.557024 0.040686 -0.040567
-0.590898 0.064473 -0.047906
-0.459868 0.007845 -0.041615
-0.575811 -0.001490 -0.041540
-0.651015 0.006280 -0.049160
-0.418727 -0.054807 -0.043239
-0.648605 0.164980 -0.043081
-0.665901 -0.080672 -0.051228
-0.564547 -0.073739 -0.043320
-0.529683 0.111367 -0.046928
-0.580738 0.039709 -0.048532
-0.524834 0.002963 -0.049567
-0.604276 0.138816 -0.046070
-0.671549 0.125304 -0.038220
-0.567710 0.158994 -0.045676
-0.588132 0.156960 -0.037670
-0.629778 -0.061737 -0.050863
-0.657481 0.107430 -0.046692
-0.452101 0.110125 -0.047159
-0.549897 0.141596 -0.046143
-0.505910 0.162805 -0.037741
-0.582026 0.066589 -0.047877
-0.495802 0.035373 -0.048857
-0.618010 0.018296 -0.048954
-0.431380 0.137842 -0.038539
-0.635647 -0.002268 -0.049407
-0.434386 -0.051089 -0.051111
-0.674618 0.133723 -0.046011
-0.490681 0.095698 -0.039406
-0.439095 0.046881 -0.048725
-0.634227 -0.055273 -0.050694
-0.422145 -0.045858 -0.051016
-0.633477 -0.037039 -0.042252
-0.498862 0.127986 -0.038603
-0.471222 0.086910 -0.047672
-0.662866 -0.025444 -0.041895
-0.638930 0.126056 -0.038287
-0.669615 0.101946 -0.046794
-0.615615 -0.061113 -0.050884
-0.642785 0.109931 -0.046670
-0.477467 0.092714 -0.039513
-0.634843 0.000486 -0.049342
-0.454963 -0.079247 -0.045452
-0.552454 0.102192 -0.047091
-0.661638 -0.076530 -0.051138
-0.636016 0.028929 -0.040647
-0.440759 0.064691 -0.040287
-0.542167 0.111630 -0.038887
-0.422834 -0.055883 -0.043255
-0.418423 -0.057482 -0.046776
-0.428731 -0.035423 -0.050746
-0.645295 -0.067490 -0.042959
-0.453114 0.131759 -0.038630
-0.672401 -0.061218 -0.050740
-0.478374 -0.061222 -0.051242
-0.643707 0.039362 -0.040375
-0.598643 0.147244 -0.037878
-0.601684 0.166034 -0.037888
-0.588783 0.150180 -0.037832
-0.460204 0.165783 -0.037787
-0.678002 0.081486 -0.045820
-0.650927 -0.051994 -0.050572
-0.519259 0.133789 -0.038410
-0.658368 0.029688 -0.040571
-0.449531 -0.061617 -0.051327
-0.482783 0.130903 -0.038574
-0.536258 0.075244 -0.039784
-0.585465 -0.074361 -0.051283
-0.528821 0.087685 -0.047504
-0.663708 0.015222 -0.048910
-0.640884 0.052753 -0.048060
-0.574264 0.068530 -0.039848
-0.551749 -0.061574 -0.051061
-0.480816 -0.066975 -0.043373
-0.484356 -0.040379 -0.042720
-0.525098 0.070143 -0.039936
-0.620856 0.133215 -0.038160
-0.431960 0.087909 -0.039747
-0.623232 0.002785 -0.049316
-0.426633 0.058788 -0.040467
-0.485563 0.112405 -0.047017
-0.455637 0.108324 -0.047194
-0.423350 0.018209 -0.041458
-0.550420 -0.042429 -0.042598
-0.658738 -0.050996 -0.042525
-0.472599 -0.077216 -0.043643
-0.574935 0.016547 -0.049108
-0.430415 -0.071935 -0.051626
-0.438779 0.148212 -0.038269
-0.675708 -0.009892 -0.049453
-0.638602 -0.046892 -0.042478
-0.665273 0.088205 -0.039136
-0.493518 -0.048536 -0.042893
-0.632268 -0.017377 -0.049781
-0.492275 0.127810 -0.046627
-0.512383 0.142845 -0.046210
-0.505890 -0.037609 -0.042597
-0.645658 0.050182 -0.040108
-0.630468 -0.044061 -0.042430
-0.546647 -0.041248 -0.042579
-0.464342 0.028117 -0.041112
-0.591106 0.158288 -0.037630
-0.519825 0.063202 -0.048121
-0.559115 0.008347 -0.041345
-0.473514 0.026640 -0.049126
-0.574674 0.139365 -0.038131
-0.507693 0.019332 -0.049215
-0.496539 0.124630 -0.038690
-0.587836 -0.050631 -0.050702
-0.507717 -0.080509 -0.048079
-0.540043 0.102081 -0.039124
-0.497057 0.059646 -0.048266
-0.428086 -0.016359 -0.042283
-0.502525 -0.032518 -0.050484
-0.528076 -0.049208 -0.050823
-0.633585 -0.063439 -0.050894
-0.606762 -0.072410 -0.043178
-0.487656 0.039165 -0.048786
-0.424929 0.135244 -0.038619
-0.514628 0.122189 -0.038703
-0.429804 0.112572 -0.047158
-0.454563 0.032282 -0.049039
-0.642650 0.130863 -0.038161
-0.560529 -0.032779 -0.050340
-0.540648 -0.066895 -0.043216
-0.575821 0.034043 -0.048682
-0.632845 0.143988 -0.037868
-0.622434 0.157979 -0.037556
-0.521833 -0.055366 -0.050988
-0.623852 0.009717 -0.049147
-0.588227 0.160761 -0.037577
-0.552971 0.004993 -0.041443
-0.438615 -0.000765 -0.049881
-0.506894 -0.051243 -0.042924
-0.516274 0.023691 -0.041085
-0.510313 -0.051714 -0.042927
-0.423225 0.124065 -0.046896
-0.541374 -0.023938 -0.042174
-0.613713 -0.067244 -0.051038
-0.427378 0.100902 -0.039444
-0.658419 0.137525 -0.045961
-0.473015 0.124835 -0.038746
-0.493322 -0.003695 -0.049810
-0.429800 -0.078544 -0.048331
-0.565104 0.037508 -0.040623
-0.645924 -0.020771 -0.041826
-0.499181 -0.062778 -0.051226
-0.498846 0.009286 -0.041479
-0.575764 -0.019058 -0.041966
-0.481783 0.157727 -0.037927
-0.659224 -0.024502 -0.049884
-0.519146 0.162042 -0.037725
-0.456183 0.143551 -0.038336
-0.470306 0.021518 -0.049259
-0.632097 0.113626 -0.038606
-0.490502 0.132664 -0.038511
-0.527755 0.153444 -0.045914
-0.466727 0.134676 -0.038524
-0.462683 0.169571 -0.039666
-0.461563 0.087612 -0.047680
-0.479048 -0.056284 -0.043119
-0.494642 -0.043269 -0.050765
-0.558684 0.113126 -0.046810
-0.528476 0.125887 -0.038577
-0.617946 0.159991 -0.037519
-0.496157 0.136779 -0.038397
-0.586353 -0.081301 -0.043447
-0.518684 0.010154 -0.041406
-0.429322 0.022931 -0.049331
-0.494059 0.011790 -0.041431
-0.501404 0.142993 -0.046235
-0.546673 -0.014003 -0.041919
-0.504257 0.161248 -0.045786
-0.551652 0.072237 -0.047819
-0.551247 0.135304 -0.046292
-0.660844 -0.074203 -0.051084
-0.428418 0.023460 -0.041318
-0.659630 -0.017701 -0.041716
-0.465092 0.002950 -0.049722
-0.551707 -0.017644 -0.041994
-0.628236 0.128384 -0.046260
-0.503440 -0.017742 -0.050124
-0.535682 0.099982 -0.047188
-0.549622 -0.012013 -0.049866
-0.420318 0.017888 -0.045223
-0.584268 0.097747 -0.047117
-0.605132 0.134404 -0.038172
-0.624182 -0.083355 -0.051401
-0.432760 -0.000394 -0.049887
-0.675017 -0.036910 -0.043742
-0.637324 0.099007 -0.038946
-0.432678 0.038443 -0.048946
-0.622470 0.085991 -0.047302
-0.585598 -0.007251 -0.049657
-0.642358 -0.021496 -0.049855
-0.670302 0.022872 -0.048708
-0.583165 0.119175 -0.046600
-0.421683 0.072045 -0.045632
-0.467546 -0.054733 -0.051113
-0.594388 -0.008616 -0.041665
-0.544349 0.090891 -0.039384
-0.545506 0.103916 -0.047068
-0.459907 -0.073597 -0.043588
-0.669195 0.093344 -0.047003
-0.461264 -0.079295 -0.049969
-0.607039 0.051068 -0.040186
-0.639623 -0.010639 -0.049599
-0.667248 0.048437 -0.048096
-0.559121 0.142809 -0.038088
-0.670290 0.132636 -0.046048
-0.456793 0.012089 -0.049522
-0.591683 0.155403 -0.037698
-0.501311 -0.069327 -0.043377
-0.522983 0.052662 -0.048368
-0.617252 0.060026 -0.047945
-0.570880 0.079893 -0.039582
-0.465790 0.078426 -0.047892
-0.543196 -0.009781 -0.041826
-0.632359 -0.060775 -0.050833
-0.526497 -0.004822 -0.041749
-0.433860 0.095877 -0.047552
-0.530155 -0.013714 -0.049957
-0.429905 -0.041072 -0.050880
-0.455489 -0.058087 -0.051226
-0.503332 -0.062699 -0.043211
-0.482876 0.066953 -0.048125
-0.631089 0.124333 -0.038349
-0.539521 0.132111 -0.038398
-0.605841 0.076888 -0.047566
-0.590200 0.118043 -0.046610
-0.608555 0.165900 -0.039488
-0.639161 -0.016085 -0.041730
-0.500103 -0.010139 -0.041946
-0.561809 -0.075909 -0.051382
-0.420792 0.036896 -0.043100
-0.565872 -0.031738 -0.050301
-0.519678 0.038897 -0.040707
-0.573800 0.080331 -0.047566
-0.561897 -0.048945 -0.050729
-0.600707 0.048567 -0.040263
-0.633005 -0.010583 -0.049615
-0.524254 0.070013 -0.039942
-0.595759 0.078556 -0.047552
-0.501802 0.077949 -0.047810
-0.530976 0.109721 -0.038962
-0.431009 -0.066887 -0.051502
-0.676370 0.019586 -0.040769
-0.453110 -0.006245 -0.041974
-0.528273 0.137454 -0.038297
-0.485568 0.004581 -0.041627
-0.567850 -0.063430 -0.043062
-0.618213 0.133614 -0.046160
-0.494339 -0.000389 -0.041725
-0.598866 -0.077265 -0.043317
-0.590716 0.129043 -0.046342
-0.482471 0.058967 -0.048320
-0.526163 0.101452 -0.039175
-0.479326 0.169179 -0.040767
-0.633620 0.125125 -0.038323
-0.673643 0.109991 -0.046588
-0.504076 0.025341 -0.049079
-0.587688 0.104473 -0.046945
-0.648387 -0.000260 -0.049325
-0.674383 -0.062365 -0.047681
-0.430091 -0.007496 -0.042064
-0.435165 0.107806 -0.039257
-0.606932 -0.017191 -0.041840
-0.587689 -0.057924 -0.050879
-0.667935 0.046938 -0.040128
-0.585283 0.045531 -0.040377
-0.430577 0.058027 -0.040475
-0.591659 0.052144 -0.048202
-0.667073 -0.034181 -0.042096
-0.480029 0.161518 -0.045842
-0.595261 0.026767 -0.048808
-0.577160 -0.017174 -0.041917
-0.440429 0.090291 -0.047670
-0.616831 -0.070033 -0.043095
-0.604490 0.050640 -0.048205
-0.663028 0.135473 -0.045999
-0.513213 0.083074 -0.039654
-0.616161 -0.072815 -0.043164
-0.598725 0.027621 -0.048778
-0.462061 0.083705 -0.047774
-0.470848 -0.020763 -0.050282
-0.486913 0.098748 -0.039342
-0.501814 0.159988 -0.037820
-0.663062 -0.070151 -0.042978
-0.680061 0.163552 -0.041745
-0.537026 0.063962 -0.048058
-0.507183 0.006757 -0.041518
-0.495811 0.168737 -0.045626
-0.627018 -0.036278 -0.050253
-0.599385 -0.010219 -0.041691
-0.553516 -0.015128 -0.041929
-0.679888 0.156770 -0.040333
-0.498760 0.026392 -0.049067
-0.626638 0.019353 -0.040904
-0.626358 -0.083559 -0.045298
-0.559123 0.106414 -0.038969
-0.515183 0.101881 -0.039193
-0.471244 0.041416 -0.048774
-0.615575 0.019440 -0.040930
-0.440734 0.138470 -0.038500
-0.418987 -0.035193 -0.048073
-0.472903 0.030222 -0.049041
-0.472487 -0.002041 -0.041822
-0.468171 -0.026819 -0.050435
-0.581634 -0.071564 -0.051225
-0.655551 -0.013218 -0.049620
-0.544677 0.146107 -0.038045
-0.494778 0.014690 -0.041358
-0.506165 0.075768 -0.047852
-0.632137 0.134908 -0.046092
-0.549078 0.014504 -0.049225
-0.544449 0.091306 -0.047376
-0.551123 0.096877 -0.047224
-0.425949 -0.055878 -0.043246
-0.610492 0.010432 -0.041162
-0.673802 0.137344 -0.045925
-0.419161 -0.027916 -0.043548
-0.588627 -0.017953 -0.049908
-0.422660 0.111146 -0.042046
-0.581618 0.024902 -0.048888
-0.485811 0.149140 -0.046127
-0.662174 -0.038479 -0.042213
-0.588073 0.094880 -0.047176
-0.665408 -0.004073 -0.049373
-0.602214 0.010738 -0.049178
-0.559051 0.074969 -0.047734
-0.667720 0.085743 -0.047191
-0.669392 -0.032801 -0.042056
-0.575703 -0.063870 -0.051054
-0.529854 0.026752 -0.040975
-0.653445 0.045819 -0.048195
-0.605748 -0.010249 -0.041675
-0.477168 -0.073710 -0.051548
-0.577615 0.036617 -0.048615
-0.473747 0.072273 -0.040018
-0.576365 0.156252 -0.045720
-0.574945 -0.082132 -0.050817
-0.545358 0.092009 -0.039354
-0.616951 -0.041766 -0.050412
-0.594463 0.119321 -0.038565
-0.585587 0.043759 -0.040419
-0.637293 -0.033550 -0.050160
-0.475309 0.048486 -0.048592
-0.560736 -0.015766 -0.049928
-0.566803 -0.073817 -0.051318
-0.650501 -0.037534 -0.050223
-0.504891 0.079485 -0.039762
-0.667916 -0.041186 -0.050266
-0.564900 0.018815 -0.049079
-0.654980 -0.007501 -0.041481
-0.646648 -0.042770 -0.042357
-0.422270 0.024526 -0.041308
-0.608926 -0.045679 -0.042525
-0.420088 0.008899 -0.043347
-0.537327 -0.048166 -0.042771
-0.531271 -0.068610 -0.043282
-0.441133 -0.039831 -0.050821
-0.450826 0.110794 -0.039144
-0.665967 -0.022897 -0.049828
-0.511000 0.108547 -0.047045
-0.508628 0.033055 -0.040878
-0.549663 0.018068 -0.041134
-0.434069 0.102016 -0.039400
-0.563244 0.034189 -0.040709
-0.473202 0.123744 -0.038772
-0.589181 0.166529 -0.045321
-0.615461 0.134836 -0.038135
-0.571405 0.031133 -0.040761
-0.670285 0.086136 -0.039173
-0.487396 0.124360 -0.038721
-0.442208 0.048350 -0.040679
-0.594378 0.164790 -0.037464
-0.422311 0.097330 -0.041430
-0.675768 -0.007072 -0.043614
-0.462579 -0.019472 -0.050272
-0.660524 0.029685 -0.040566
-0.678523 0.102520 -0.040974
-0.571573 0.039127 -0.048570
-0.524201 0.105080 -0.047095
-0.635659 -0.050531 -0.042573
-0.528259 0.167080 -0.045582
-0.478797 -0.058479 -0.051175
-0.439696 0.009767 -0.041620
-0.535578 -0.024154 -0.042194
-0.504165 0.033519 -0.040878
-0.619093 0.069218 -0.039715
-0.620889 0.124540 -0.038370
-0.444054 0.089022 -0.039689
-0.662216 -0.000636 -0.049298
-0.662554 -0.084508 -0.043657
-0.565689 0.078751 -0.039623
-0.487630 0.022585 -0.049188
-0.539920 0.036340 -0.040717
-0.591916 0.116205 -0.046650
-0.471853 0.169363 -0.040592
-0.596148 0.087744 -0.047328
-0.594785 -0.082643 -0.050301
-0.606209 0.144125 -0.037934
-0.590696 -0.058978 -0.042895
-0.432472 -0.060737 -0.043347
-0.664556 0.143709 -0.037793
-0.530865 -0.031700 -0.042389
-0.564473 0.005188 -0.049410
-0.538011 0.061948 -0.048104
-0.549322 0.019490 -0.041101
-0.428629 0.094560 -0.039595
-0.436099 0.117178 -0.047030
-0.607474 0.112131 -0.038706
-0.575604 0.107787 -0.038893
-0.492753 0.063160 -0.048192
-0.511235 0.033509 -0.048862
-0.426020 -0.056098 -0.051254
-0.474677 0.049457 -0.040568
-0.677497 0.061763 -0.041409
-0.612829 0.046242 -0.048290
-0.642823 -0.063843 -0.050880
-0.586263 -0.050821 -0.050711
-0.677260 0.052415 -0.040614
-0.554590 0.007470 -0.049381
-0.575553 -0.019368 -0.041974
-0.638920 -0.041622 -0.050352
-0.454511 -0.078771 -0.051729
-0.643195 0.140524 -0.037925
-0.582192 -0.049746 -0.050695
-0.677481 0.060760 -0.045873
-0.477657 0.161417 -0.037848
-0.487942 -0.021757 -0.042259
-0.483486 0.128094 -0.046643
-0.576044 0.014069 -0.049165
-0.501116 -0.006592 -0.049860
-0.486426 0.002215 -0.049685
-0.573662 -0.010841 -0.041773
-0.484005 0.079587 -0.039814
-0.616950 0.000355 -0.049391
-0.620567 0.161484 -0.045478
-0.455149 -0.024751 -0.050419
-0.644411 0.154251 -0.045592
-0.471758 0.002811 -0.049708
-0.585414 -0.059376 -0.042918
-0.434024 -0.025595 -0.050494
-0.427505 -0.049317 -0.051086
-0.655041 -0.055195 -0.042636
-0.537838 0.106943 -0.047014
-0.532000 0.030954 -0.048870
-0.456313 -0.059653 -0.051262
-0.465355 -0.050016 -0.051005
-0.644577 -0.049776 -0.042532
-0.463488 -0.008055 -0.041991
-0.484418 0.050357 -0.040521
-0.458471 0.042390 -0.048784
-0.535958 0.098021 -0.039233
-0.525625 0.153927 -0.045908
-0.602580 0.084972 -0.047379
-0.458881 0.168775 -0.037718
-0.551157 -0.061367 -0.051057
-0.540422 0.009347 -0.041370
-0.638600 -0.060731 -0.050815
-0.476737 0.049527 -0.048564
-0.423832 0.145777 -0.046369
-0.607151 -0.012327 -0.041722
-0.464949 -0.070137 -0.051493
-0.508259 -0.070610 -0.051392
-0.445996 -0.043879 -0.050906
-0.635351 -0.031757 -0.050122
-0.456739 -0.072167 -0.043561
-0.670477 0.022146 -0.048725
-0.672870 0.160124 -0.037373
-0.471254 0.076596 -0.047922
-0.674691 -0.008887 -0.049466
-0.447633 0.046695 -0.040705
-0.456382 0.012780 -0.049507
-0.640247 -0.036416 -0.050222
-0.453236 0.072948 -0.040055
-0.421018 0.033600 -0.049094
-0.592875 -0.069310 -0.043139
-0.468606 -0.077391 -0.043657
-0.554474 -0.081611 -0.051088
-0.609666 0.048624 -0.048241
-0.658747 0.087084 -0.039180
-0.527148 0.167972 -0.040567
-0.660651 0.002737 -0.049221
-0.603000 -0.043802 -0.050497
-0.566610 0.034908 -0.040682
-0.568847 0.041313 -0.048524
-0.631817 0.154152 -0.037625
-0.618352 -0.048081 -0.050561
-0.418638 -0.049018 -0.047568
-0.507405 0.110381 -0.039007
-0.569365 -0.049112 -0.050713
-0.609376 0.081906 -0.047435
-0.628888 -0.037654 -0.042279
-0.421355 0.059366 -0.041264
-0.560188 -0.051232 -0.042786
-0.439235 0.094747 -0.039563
-0.486153 0.130426 -0.046579
-0.663407 0.079953 -0.047343
-0.611352 0.096309 -0.039079
-0.487356 -0.024987 -0.042339
-0.540191 0.167753 -0.045021
-0.529727 -0.017786 -0.050057
-0.428740 -0.015556 -0.042262
-0.663581 -0.032717 -0.050072
-0.664494 -0.041027 -0.042268
-0.532016 0.154428 -0.037876
-0.580322 0.150990 -0.037835
-0.525151 -0.081005 -0.045703
-0.630360 0.014082 -0.049024
-0.476935 -0.024808 -0.050364
-0.568667 0.068545 -0.039862
-0.548146 0.128521 -0.038462
-0.451081 0.014457 -0.049480
-0.565883 0.039451 -0.048577
-0.459046 0.080836 -0.047851
-0.624884 -0.056432 -0.042744
-0.440205 -0.077566 -0.043735
-0.642231 0.069162 -0.039657
-0.558277 -0.055729 -0.050902
-0.571427 0.147473 -0.037943
-0.622818 -0.037900 -0.042301
-0.657050 0.085141 -0.047233
-0.524472 0.033415 -0.048830
-0.582329 -0.055072 -0.050824
-0.586919 0.156406 -0.037686
-0.431779 0.158579 -0.046038
-0.433248 -0.022224 -0.050415
-0.423671 0.099590 -0.039486
-0.620813 0.151684 -0.045715
-0.617504 -0.082725 -0.043401
-0.563184 0.167176 -0.045079
-0.462646 0.095554 -0.039483
-0.583610 -0.041581 -0.050494
-0.516034 0.142629 -0.046206
-0.550122 0.105110 -0.039024
-0.605242 0.151089 -0.045770
-0.661801 0.133625 -0.046046
-0.476366 -0.013945 -0.050102
-0.646768 -0.014700 -0.049679
-0.665463 -0.068602 -0.042934
-0.427862 0.087679 -0.047766
-0.426660 0.080663 -0.039937
-0.652380 0.051903 -0.048051
-0.551253 0.122744 -0.046597
-0.432413 0.048518 -0.048703
-0.435980 0.127037 -0.046791
-0.422738 -0.034413 -0.042735
-0.525630 0.167992 -0.039791
-0.573523 0.039353 -0.048559
-0.418173 -0.067445 -0.047220
-0.448584 0.169903 -0.038765
-0.649041 -0.084020 -0.049772
-0.607544 0.029779 -0.048703
-0.474221 -0.070065 -0.051467
-0.667340 -0.037143 -0.042167
-0.458465 0.046378 -0.040685
-0.563166 -0.028338 -0.042224
-0.442104 0.059921 -0.048401
-0.563910 0.113982 -0.046776
-0.519079 0.025221 -0.041040
-0.445268 0.034335 -0.049013
-0.561925 0.136536 -0.046235
-0.626933 -0.003330 -0.049455
-0.583067 0.087316 -0.047372
-0.651818 0.164368 -0.045328
-0.422824 0.008288 -0.041700
-0.485344 -0.004129 -0.049841
-0.527855 0.082348 -0.047636
-0.467884 -0.012305 -0.042082
-0.585206 0.042874 -0.040441
-0.546899 0.071251 -0.039853
-0.478663 0.041319 -0.048757
-0.461455 -0.046467 -0.050929
-0.423809 0.156620 -0.043816
-0.578055 0.161915 -0.037576
-0.560914 0.030977 -0.048795
-0.570127 0.147061 -0.037956
-0.670274 -0.062171 -0.050768
-0.619628 0.158083 -0.037561
-0.479536 0.057362 -0.040364
-0.473094 -0.060941 -0.043247
-0.514203 0.129108 -0.038536
-0.530022 0.046928 -0.048488
-0.523190 0.011334 -0.041366
-0.439255 0.036181 -0.048984
-0.634052 0.115481 -0.038556
-0.465108 -0.034075 -0.050619
-0.666644 0.059879 -0.039818
-0.489968 0.097858 -0.039356
-0.440205 0.084300 -0.047816
-0.512237 0.168278 -0.037704
-0.501289 -0.072266 -0.051451
-0.641938 0.164849 -0.037339
-0.541337 0.010394 -0.041342
-0.632150 -0.059667 -0.050806
-0.545291 0.069090 -0.039910
-0.469223 -0.018263 -0.042223
-0.483315 -0.001400 -0.041778
-0.598196 0.009278 -0.049224
-0.478281 0.093465 -0.039493
-0.473836 0.125157 -0.038736
-0.528319 0.036518 -0.048745
-0.418652 -0.048367 -0.046721
-0.554767 -0.021624 -0.050085
-0.633726 -0.036539 -0.042239
-0.633968 0.074530 -0.039548
-0.649788 -0.003326 -0.049396
-0.612324 0.028101 -0.048731
-0.480735 -0.052095 -0.043013
-0.436284 -0.078704 -0.048456
-0.644715 0.155324 -0.037563
-0.583528 0.158424 -0.037646
-0.615130 -0.026116 -0.050038
-0.532565 0.024547 -0.041022
-0.510106 0.009552 -0.049446
-0.523613 -0.010426 -0.049895
-0.548468 0.021761 -0.041048
-0.446967 -0.022451 -0.050385
-0.619805 0.054303 -0.048077
-0.622395 0.077008 -0.047520
-0.554359 0.001684 -0.041519
-0.506217 0.000854 -0.041664
-0.589895 -0.066386 -0.043076
-0.666421 0.162434 -0.037334
-0.466010 0.127392 -0.038702
-0.612045 -0.072955 -0.043178
-0.673817 0.080248 -0.039306
-0.603131 0.085953 -0.039351
-0.474903 0.109024 -0.047127
-0.623180 0.120470 -0.046465
-0.472463 0.063963 -0.040222
-0.520849 0.029762 -0.048928
-0.560367 -0.080277 -0.043489
-0.592492 -0.002937 -0.049535
-0.636882 0.153421 -0.037629
-0.464361 0.136345 -0.038490
-0.554698 0.106998 -0.038967
-0.588653 -0.031849 -0.050245
-0.504983 0.158013 -0.045862
-0.508074 0.057247 -0.040293
-0.513805 0.060229 -0.048208
-0.539891 -0.050451 -0.050822
-0.531621 -0.024101 -0.042203
-0.480127 0.124855 -0.046730
-0.552490 0.038809 -0.048627
-0.643905 0.049164 -0.048139
-0.612545 0.116007 -0.038599
-0.509679 0.117620 -0.046828
-0.582955 -0.067350 -0.051120
-0.614321 0.146052 -0.045868
-0.503078 0.026140 -0.041060
-0.621045 0.121345 -0.046450
-0.448629 0.132257 -0.038630
-0.673238 0.094955 -0.046954
-0.422081 0.088247 -0.040524
-0.654582 0.036187 -0.048426
-0.546436 0.030258 -0.048850
-0.564603 -0.008281 -0.049736
-0.437427 -0.030984 -0.050616
-0.504658 -0.048899 -0.042873
-0.480073 0.134876 -0.046487
-0.432451 -0.070085 -0.043574
-0.544254 0.048356 -0.040415
-0.674517 -0.056805 -0.044706
-0.500778 -0.061709 -0.043194
-0.547066 0.008372 -0.049378
-0.570091 -0.018103 -0.041958
-0.589701 0.141140 -0.038049
-0.674399 -0.061848 -0.048926
-0.458966 -0.033543 -0.042620
-0.630868 0.041007 -0.040368
-0.652674 0.025188 -0.048697
-0.523552 -0.052865 -0.042921
-0.423127 -0.033641 -0.042715
-0.640026 -0.028290 -0.042023
-0.422871 0.055447 -0.040557
-0.506542 0.142513 -0.046233
-0.581657 0.049031 -0.048304
-0.605978 0.158237 -0.037592
-0.599161 -0.022626 -0.049994
-0.523246 0.122999 -0.046663
-0.662778 0.117885 -0.038423
-0.590365 0.153858 -0.037739
-0.635791 -0.040434 -0.042329
-0.482596 0.067382 -0.040113
-0.465017 0.168018 -0.037721
-0.676979 0.044721 -0.040159
-0.603636 0.070112 -0.047736
-0.593380 0.095326 -0.039149
-0.653811 0.120575 -0.038381
-0.443461 -0.021943 -0.050381
-0.589721 0.008406 -0.041265
-0.516876 0.083984 -0.039622
-0.453199 0.098124 -0.047447
-0.588424 -0.009410 -0.049702
-0.601421 -0.047899 -0.042598
-0.471586 0.106517 -0.047196
-0.575483 -0.066844 -0.043125
-0.669068 -0.042887 -0.050304
-0.648753 0.053932 -0.040009
-0.592467 -0.068025 -0.043109
-0.621914 0.069739 -0.039695
-0.665776 0.141074 -0.045856
-0.578354 0.092384 -0.039260
-0.523377 -0.056416 -0.051009
-0.601435 -0.035691 -0.050305
-0.421476 -0.016870 -0.050315
-0.422778 -0.037440 -0.050810
-0.434550 0.075180 -0.040049
-0.623158 0.165531 -0.039412
-0.592554 -0.028362 -0.050150
-0.655450 0.145463 -0.045776
-0.678999 0.121244 -0.043513
-0.527205 -0.002763 -0.049700
-0.517037 0.005191 -0.041531
-0.452767 0.079572 -0.047898
-0.434683 0.039610 -0.048913
-0.590553 0.090438 -0.047277
-0.435286 -0.061097 -0.051351
-0.651936 -0.078922 -0.043219
-0.490447 0.146794 -0.038169
-0.626404 0.145678 -0.045846
-0.592413 0.144016 -0.045975
-0.557993 -0.081760 -0.048589
-0.510723 0.008156 -0.041475
-0.418026 -0.073243 -0.046663
-0.519862 -0.057823 -0.043050
-0.470209 0.024384 -0.041187
-0.561056 0.012259 -0.041246
-0.568689 -0.036885 -0.042416
-0.628703 -0.083495 -0.050339
-0.452731 0.059495 -0.048384
-0.558394 0.069412 -0.039868
-0.615543 0.129338 -0.038268
-0.532261 0.095985 -0.047294
-0.646106 -0.036231 -0.050202
-0.545308 -0.060381 -0.043046
-0.452284 -0.076208 -0.051673
-0.612877 0.066259 -0.039803
-0.610933 0.158970 -0.037562
-0.596479 -0.011081 -0.049722
-0.441951 -0.032568 -0.042640
-0.536129 0.109981 -0.046945
-0.459453 -0.047942 -0.050970
-0.463595 0.048981 -0.040608
-0.478369 -0.026260 -0.050395
-0.643531 0.029912 -0.040604
-0.437499 0.015116 -0.041497
-0.489337 0.137861 -0.038388
-0.540995 0.076474 -0.039742
-0.672657 0.158300 -0.045421
-0.625298 0.054711 -0.048053
-0.512079 -0.072259 -0.043420
-0.420541 0.026449 -0.048884
-0.636331 -0.071108 -0.043070
-0.588127 0.154757 -0.037723
-0.437395 0.137844 -0.046526
-0.652391 0.067665 -0.047669
-0.498079 -0.053540 -0.051005
-0.570769 0.164563 -0.045533
-0.657632 0.029466 -0.040578
-0.582322 -0.035397 -0.042345
-0.489075 0.077960 -0.047843
-0.658383 0.098241 -0.046913
-0.496604 0.159916 -0.037835
-0.523210 0.133414 -0.046411
-0.604899 -0.068471 -0.051090
-0.476203 0.138910 -0.046399
-0.614789 0.018283 -0.048963
-0.424207 0.148863 -0.046293
-0.495256 0.082541 -0.039713
-0.463583 0.109504 -0.039142
-0.571238 -0.030255 -0.050252
-0.544097 0.092170 -0.039353
-0.432255 -0.031561 -0.050643
-0.603020 0.110474 -0.038757
-0.501282 -0.037462 -0.042605
-0.517024 0.058111 -0.048251
-0.640185 -0.038161 -0.042262
-0.569586 -0.027511 -0.042187
-0.497098 0.097444 -0.047350
-0.546011 0.027110 -0.040925
-0.583371 -0.056718 -0.050861
-0.673714 0.074833 -0.039438
-0.569741 0.112475 -0.046797
-0.552142 -0.008381 -0.041769
-0.492197 0.110977 -0.039032
-0.612689 0.105867 -0.038844
-0.431423 -0.006174 -0.050030
-0.511495 0.069135 -0.039996
-0.421654 0.062784 -0.040383
-0.624484 -0.034818 -0.050224
-0.485808 -0.014248 -0.050085
-0.511018 0.158473 -0.045835
-0.619250 0.075643 -0.039559
-0.520987 0.112504 -0.038921
-0.456211 0.119255 -0.046927
-0.431081 -0.054699 -0.043205
-0.486599 0.006584 -0.049578
-0.464284 0.051711 -0.040541
-0.476109 -0.054941 -0.051096
-0.634128 0.133783 -0.046114
-0.630228 0.084459 -0.039317
-0.495344 0.097967 -0.047342
-0.626735 -0.036860 -0.050268
-0.617434 0.148265 -0.037804
-0.432792 0.036762 -0.040984
-0.443492 -0.022894 -0.042402
-0.441893 -0.077807 -0.043736
-0.456273 0.024710 -0.049218
-0.553427 0.105727 -0.047003
-0.524307 0.165474 -0.045631
-0.522031 -0.017078 -0.050060
-0.534553 0.011121 -0.041342
-0.640280 0.154930 -0.045586
-0.616969 0.151409 -0.037729
-0.433612 0.056971 -0.048495
-0.542081 -0.069437 -0.043274
-0.586485 -0.008148 -0.041674
-0.656645 -0.084176 -0.051219
-0.448675 0.167934 -0.037765
-0.535283 0.020351 -0.049119
-0.585155 0.164977 -0.045486
-0.423094 0.128416 -0.041320
-0.672845 -0.076143 -0.051100
-0.515362 0.151055 -0.046004
-0.447533 0.036846 -0.048946
-0.467390 -0.011717 -0.050072
-0.572187 -0.079245 -0.043434
-0.599151 0.071717 -0.039706
-0.636094 -0.060029 -0.042802
-0.435064 0.069279 -0.040191
-0.426544 -0.065247 -0.043472
-0.557014 0.036891 -0.040659
-0.593698 -0.056231 -0.042820
-0.646075 -0.035748 -0.042188
-0.463163 0.150289 -0.046157
-0.637122 -0.006685 -0.041507
-0.649460 0.142775 -0.045857
-0.635763 -0.031352 -0.042109
-0.550595 -0.064143 -0.051126
-0.566517 0.074133 -0.039732
-0.624650 0.140482 -0.037974
-0.492334 0.078947 -0.047810
-0.657661 0.031464 -0.040530
-0.533826 0.063460 -0.040076
-0.618223 0.088030 -0.047264
-0.676655 0.137846 -0.037903
-0.565345 0.116780 -0.046705
-0.648157 -0.084135 -0.044127
-0.491084 -0.069454 -0.043407
-0.512679 -0.042078 -0.042687
-0.664778 0.112270 -0.038554
-0.474218 0.126673 -0.038699
-0.658894 0.063465 -0.047754
-0.419787 -0.003099 -0.043831
-0.583299 0.166076 -0.045464
-0.516359 0.029453 -0.040945
-0.622118 0.153348 -0.037669
-0.444127 0.066627 -0.048234
-0.548556 -0.081517 -0.048837
-0.638699 -0.003191 -0.049421
-0.427966 -0.078498 -0.048340
-0.439022 0.104423 -0.039329
-0.478671 0.012375 -0.041456
-0.636636 0.163637 -0.037382
-0.587426 -0.042821 -0.050514
-0.631800 0.084823 -0.047307
-0.647718 0.079018 -0.039404
-0.462653 0.101980 -0.047329
-0.604930 0.140755 -0.038019
-0.460215 -0.038176 -0.042729
-0.676405 0.018305 -0.042476
-0.487059 -0.030990 -0.042485
-0.605836 -0.029848 -0.042150
-0.444320 0.118313 -0.046981
-0.462501 0.146750 -0.046245
-0.597900 -0.051267 -0.042689
-0.539346 0.167024 -0.037552
-0.608482 0.165959 -0.041825
-0.530225 -0.023502 -0.042192
-0.676464 0.045214 -0.040148
-0.667126 0.068962 -0.039597
-0.612240 0.144371 -0.045915
-0.590605 0.049580 -0.040265
-0.441276 0.141219 -0.038432
-0.419119 -0.029516 -0.042662
-0.567769 -0.004965 -0.049648
-0.534003 -0.064684 -0.051182
-0.634547 0.095771 -0.039032
-0.660046 -0.027040 -0.049944
-0.577021 -0.021149 -0.042014
-0.639682 -0.053578 -0.050639
-0.549981 0.101982 -0.039101
-0.496803 0.157533 -0.037892
-0.577036 -0.064206 -0.051059
-0.568865 0.121058 -0.038589
-0.507612 -0.027257 -0.042341
-0.595308 0.071489 -0.039722
-0.446851 0.020372 -0.041345
-0.517827 0.036651 -0.040767
-0.587243 0.021780 -0.048949
-0.577808 -0.007277 -0.041675
-0.452931 -0.054962 -0.051157
-0.477435 -0.033555 -0.050575
-0.580744 0.107251 -0.046895
-0.457595 -0.010904 -0.042075
-0.428978 0.097667 -0.039519
-0.445053 0.079237 -0.039923
-0.659669 0.127800 -0.038191
-0.576223 0.147898 -0.037920
-0.515457 0.089912 -0.039482
-0.429264 -0.042993 -0.042926
-0.467555 0.094356 -0.039499
-0.423971 0.123292 -0.046913
-0.635546 0.150150 -0.045714
-0.644048 -0.071376 -0.051059
-0.547935 0.097779 -0.039208
-0.679633 0.146815 -0.038603
-0.535192 0.029291 -0.048902
-0.488173 0.068539 -0.040071
-0.522886 0.134497 -0.046385
-0.530864 0.153407 -0.037904
-0.419617 -0.030151 -0.042640
-0.611237 0.010182 -0.041166
-0.572056 -0.000888 -0.049538
-0.514831 0.094744 -0.047369
-0.629870 -0.020504 -0.041861
-0.498340 0.056784 -0.048332
-0.572436 -0.003909 -0.041608
-0.648280 0.082199 -0.047327
-0.605534 0.094108 -0.039147
-0.595112 -0.069411 -0.043136
-0.437313 0.108877 -0.039225
-0.635607 -0.067922 -0.042995
-0.446177 0.137271 -0.046517
-0.488494 0.019057 -0.041269
-0.456216 0.023896 -0.041235
-0.661393 -0.002827 -0.041351
-0.513084 0.074220 -0.039869
-0.598199 -0.057393 -0.042837
-0.616035 0.152981 -0.037694
-0.675065 -0.034991 -0.043517
-0.661914 0.029774 -0.040560
-0.663675 0.161130 -0.045375
-0.645108 0.026266 -0.040688
-0.458053 0.109471 -0.039157
-0.635963 0.071659 -0.039612
-0.661404 0.127080 -0.038204
-0.595002 0.046285 -0.040333
-0.623566 0.163003 -0.037431
-0.481705 -0.028881 -0.050450
-0.518337 0.139797 -0.038266
-0.522942 0.012991 -0.049329
-0.569937 0.036238 -0.048644
-0.422539 -0.063278 -0.051437
-0.470639 0.144059 -0.046289
-0.575887 0.124321 -0.038492
-0.581534 -0.051033 -0.050728
-0.482872 0.079303 -0.047826
-0.545017 0.019566 -0.041110
-0.454732 -0.019029 -0.042279
-0.675528 -0.016849 -0.046768
-0.597999 0.041030 -0.040453
-0.584664 0.158831 -0.045636
-0.663043 0.040989 -0.040285
-0.420111 -0.000495 -0.049922
-0.442394 -0.078828 -0.049693
-0.474665 -0.045676 -0.050875
-0.458702 -0.032063 -0.042585
-0.428325 0.039094 -0.040939
-0.538793 0.163069 -0.045652
-0.502890 0.151683 -0.038018
-0.474411 0.148050 -0.038180
-0.600500 0.166158 -0.041786
-0.640129 -0.071470 -0.051072
-0.633947 -0.074662 -0.051165
-0.461020 0.159569 -0.037936
-0.506873 0.031517 -0.048922
-0.504433 0.136400 -0.046387
-0.641846 0.129426 -0.046200
-0.457166 0.108115 -0.039192
-0.500884 0.168710 -0.043735
-0.655413 -0.005056 -0.049423
-0.540590 -0.018803 -0.050054
-0.454438 0.147150 -0.046256
-0.655730 0.120342 -0.038382
-0.494711 0.129701 -0.046575
-0.529789 0.137538 -0.038291
-0.614304 0.007356 -0.049229
-0.504375 0.089380 -0.047526
-0.484639 -0.039232 -0.042691
-0.418410 -0.057809 -0.044504
-0.595830 0.013574 -0.041124
-0.629875 0.039366 -0.048413
-0.636401 0.028572 -0.048657
-0.509815 0.134687 -0.046415
-0.650438 0.009244 -0.041087
-0.622655 -0.029937 -0.050111
-0.557839 0.067488 -0.039916
-0.530186 0.123763 -0.046626
-0.574578 0.023079 -0.048951
-0.475931 -0.000580 -0.041777
-0.601175 0.087502 -0.039319
-0.613394 0.143770 -0.045926
-0.539038 0.139056 -0.038231
-0.667729 0.069772 -0.039576
-0.514631 0.107199 -0.047068
-0.535663 0.130646 -0.046446
-0.521558 0.132323 -0.038439
-0.587435 0.080704 -0.039519
-0.653040 0.059614 -0.039860
-0.535473 -0.005828 -0.049752
-0.421954 0.082717 -0.046977
-0.428286 0.034474 -0.041051
-0.620329 0.023808 -0.040812
-0.500563 -0.058849 -0.043125
-0.422734 -0.042950 -0.050944
-0.660988 0.089455 -0.047119
-0.440195 0.127236 -0.038773
-0.678180 0.127345 -0.038154
-0.620652 0.155482 -0.045624
-0.580243 0.060239 -0.048036
-0.626034 0.090249 -0.047190
-0.632861 0.165266 -0.038528
-0.509892 0.101341 -0.039220
-0.480820 -0.037483 -0.042659
-0.479122 -0.038358 -0.042684
-0.479611 0.121524 -0.046812
-0.644295 0.026359 -0.048691
-0.658762 -0.068912 -0.050961
-0.531531 0.077118 -0.047753
-0.464960 0.018163 -0.041352
-0.500911 0.153711 -0.037974
-0.478599 0.003114 -0.041681
-0.603925 0.143303 -0.037960
-0.669809 0.074745 -0.047452
-0.507019 0.083268 -0.047668
-0.622904 0.165645 -0.043828
-0.567306 0.023104 -0.048969
-0.554204 0.163750 -0.037593
-0.441880 0.104744 -0.039314
-0.674122 -0.072523 -0.044961
-0.637864 -0.081683 -0.051325
-0.522296 0.087030 -0.047537
-0.513843 0.129223 -0.038534
-0.503435 0.020611 -0.041193
-0.451484 -0.015385 -0.050202
-0.653949 -0.056635 -0.042674
-0.426684 -0.049840 -0.051101
-0.637588 -0.002637 -0.041408
-0.516437 0.125636 -0.038614
-0.590703 0.030900 -0.048719
-0.431321 0.015309 -0.049510
-0.443244 -0.027429 -0.042512
-0.551560 0.011493 -0.041289
-0.499756 0.126005 -0.038649
-0.442997 0.147370 -0.038278
-0.618372 0.139085 -0.038024
-0.542790 -0.045937 -0.042703
-0.445769 0.107259 -0.039243
-0.606109 0.063909 -0.039877
-0.642833 0.060130 -0.047876
-0.449538 0.000435 -0.049823
-0.533836 0.039794 -0.048651
-0.590055 0.089615 -0.039296
-0.559903 -0.060573 -0.051015
-0.514046 -0.041391 -0.042667
-0.474649 -0.002481 -0.049829
-0.641795 0.065082 -0.039757
-0.423127 0.114999 -0.047116
-0.559967 0.104054 -0.039024
-0.620375 0.087126 -0.047280
-0.517584 0.079986 -0.047720
-0.653969 -0.032027 -0.050080
-0.675672 0.062255 -0.039737
-0.660111 -0.043209 -0.050335
-0.436218 0.019384 -0.041396
-0.664424 0.164462 -0.038119
-0.506987 0.104221 -0.039158
-0.658791 0.108180 -0.038668
-0.461516 -0.031641 -0.050569
-0.504225 0.012054 -0.041398
-0.653650 -0.007292 -0.041479
-0.588244 0.097522 -0.047112
-0.432989 -0.016702 -0.042279
-0.600860 -0.011088 -0.041708
-0.627716 0.019901 -0.040888
-0.474181 -0.052906 -0.043049
-0.478145 0.146323 -0.038212
-0.606059 0.157892 -0.045603
-0.560250 -0.024835 -0.042146
-0.677131 0.046890 -0.045967
-0.588058 0.134538 -0.038213
-0.422583 -0.031489 -0.042664
-0.560189 0.148005 -0.037959
-0.612687 -0.071553 -0.051145
-0.518828 0.168239 -0.042922
-0.558925 0.081493 -0.047576
-0.554375 -0.029792 -0.050284
-0.425425 0.073522 -0.048115
-0.480649 -0.047740 -0.042908
-0.427428 -0.019233 -0.042355
-0.676270 0.012807 -0.044445
-0.458635 0.086877 -0.039703
-0.641868 0.145969 -0.045799
-0.545658 -0.016768 -0.041989
-0.648847 -0.018615 -0.041766
-0.501695 0.007677 -0.041510
-0.665073 0.074260 -0.039474
-0.482697 0.143265 -0.046277
-0.561985 0.022926 -0.040985
-0.429192 -0.024049 -0.050469
-0.597141 0.093464 -0.039185
-0.458248 0.154450 -0.046069
-0.621317 -0.018757 -0.041841
-0.543785 -0.048158 -0.042754
-0.668316 0.015539 -0.048891
-0.596714 -0.077235 -0.043321
-0.614291 -0.068111 -0.043055
-0.441773 0.113958 -0.047093
-0.438278 -0.074755 -0.051674
-0.465638 0.103169 -0.039290
-0.658845 0.039565 -0.040331
-0.505691 0.068862 -0.040018
-0.610645 0.123338 -0.038426
-0.636166 0.128522 -0.046237
-0.650329 0.134158 -0.046063
-0.453733 -0.026156 -0.042454
-0.645018 -0.084074 -0.043371
-0.431224 0.128293 -0.046773
-0.419690 -0.007377 -0.049266
-0.542464 0.028141 -0.040909
-0.460770 0.115120 -0.039013
-0.437996 0.164717 -0.037871
-0.481255 0.088711 -0.047602
-0.528073 -0.024236 -0.042215
-0.472876 0.150442 -0.046129
-0.539095 0.126670 -0.038531
-0.550437 0.167432 -0.042407
-0.473230 0.083905 -0.047740
-0.648747 0.043738 -0.040256
-0.657411 0.124729 -0.038271
-0.561139 0.051607 -0.048294
-0.628096 0.043201 -0.040322
-0.485508 -0.013986 -0.050080
-0.479669 0.141162 -0.038333
-0.673971 -0.078371 -0.043253
-0.465677 -0.049868 -0.042998
-0.461300 0.004851 -0.049686
-0.626799 0.115860 -0.038565
-0.420417 0.022077 -0.042030
-0.515818 0.021370 -0.041142
-0.614934 -0.036530 -0.042288
-0.489771 -0.009446 -0.041956
-0.613738 0.028761 -0.040709
-0.542103 0.105014 -0.047050
-0.422388 -0.009798 -0.050142
-0.428024 0.141011 -0.038471
-0.563624 0.022522 -0.048993
-0.594524 0.040290 -0.048482
-0.625950 -0.021370 -0.041892
-0.558159 -0.043368 -0.050603
-0.509657 0.010925 -0.041411
-0.501670 0.113499 -0.046949
-0.587717 0.041239 -0.040474
-0.505656 0.001072 -0.041660
-0.661822 0.026776 -0.040633
-0.631056 0.001445 -0.049329
-0.463141 -0.068347 -0.043452
-0.446787 0.120840 -0.046913
-0.671373 -0.058660 -0.042678
-0.478242 0.157656 -0.045940
-0.627075 -0.000972 -0.041395
-0.534336 -0.015992 -0.041999
-0.550282 -0.040535 -0.050555
-0.439381 -0.027171 -0.042516
-0.599692 0.086322 -0.039351
-0.677316 0.077997 -0.047354
-0.452928 0.079147 -0.039905
-0.666782 0.000807 -0.041249
-0.612555 -0.063836 -0.042956
-0.470222 -0.033816 -0.042597
-0.537465 0.134454 -0.046349
-0.501246 0.013018 -0.041382
-0.666531 -0.000149 -0.049275
-0.586595 0.086943 -0.047372
-0.527305 -0.018965 -0.050092
-0.637691 0.069956 -0.047651
-0.458530 0.021630 -0.041284
-0.659064 -0.027055 -0.049946
-0.471368 -0.056231 -0.051140
-0.634703 -0.083683 -0.048819
-0.678353 0.095849 -0.040077
-0.544841 0.013297 -0.049265
-0.488377 0.116765 -0.046904
-0.550924 0.167395 -0.041400
-0.617026 0.029144 -0.048694
-0.622847 0.035558 -0.040521
-0.571841 0.048928 -0.040329
-0.554202 -0.054037 -0.042870
-0.619805 0.137445 -0.046063
-0.464316 -0.013118 -0.050113
-0.538942 -0.045559 -0.050706
-0.436573 -0.005148 -0.041990
-0.533382 0.013964 -0.049278
-0.649417 0.120304 -0.038399
-0.608874 0.041882 -0.048406
-0.647790 -0.030156 -0.042048
-0.633192 0.140458 -0.045955
-0.463917 0.103125 -0.039296
-0.676388 0.017753 -0.041126
-0.613649 0.165821 -0.041531
-0.454562 -0.077730 -0.043702
-0.664002 0.111010 -0.038586
-0.552727 0.052564 -0.048293
-0.481610 -0.064419 -0.043309
-0.678049 0.143367 -0.045768
-0.575278 0.123540 -0.046515
-0.528792 0.167862 -0.037742
-0.446608 0.127717 -0.038745
-0.520886 0.153925 -0.045920
-0.424676 0.080186 -0.047956
-0.515753 0.076553 -0.047808
-0.457815 -0.014965 -0.042173
-0.614835 0.117352 -0.046562
-0.599513 -0.080971 -0.051407
-0.667803 0.164422 -0.039939
-0.505266 0.051089 -0.048452
-0.481059 0.091938 -0.039522
-0.597938 -0.072154 -0.051197
-0.644408 0.070602 -0.039616
-0.635134 -0.077154 -0.051222
-0.494550 0.052632 -0.048442
-0.641519 0.015517 -0.048960
-0.613069 0.105273 -0.038857
-0.432486 0.152305 -0.038186
-0.611328 0.046834 -0.048280
-0.447134 -0.046704 -0.042969
-0.460001 -0.003708 -0.049897
-0.636003 -0.008949 -0.049568
-0.655669 -0.061127 -0.042778
-0.489334 0.082211 -0.047739
-0.538312 -0.069353 -0.043282
-0.650623 0.046689 -0.040179
-0.658677 0.122063 -0.046335
-0.469700 0.114885 -0.046998
-0.539536 0.152679 -0.037899
-0.443833 0.037716 -0.040933
-0.517939 -0.005895 -0.049799
-0.463244 0.023251 -0.041233
-0.479878 0.096029 -0.039426
-0.500414 0.142127 -0.046259
-0.597360 0.151154 -0.045789
-0.605035 0.032421 -0.048645
-0.675552 -0.015933 -0.047383
-0.508781 -0.040449 -0.050660
-0.523893 0.056066 -0.040281
-0.532475 0.117441 -0.046774
-0.529590 0.121972 -0.046671
-0.553368 0.070381 -0.039857
-0.543002 -0.028126 -0.050273
-0.577017 -0.022368 -0.050045
-0.542343 0.053739 -0.048291
-0.650437 0.025354 -0.040697
-0.468221 0.130090 -0.038631
-0.635608 0.081978 -0.039363
-0.550691 0.076496 -0.047718
-0.667503 -0.013763 -0.041600
-0.444017 0.148218 -0.038255
-0.624473 0.165158 -0.045379
-0.600007 0.041935 -0.048428
-0.556439 -0.010208 -0.041802
-0.655756 -0.023556 -0.041868
-0.516062 0.012077 -0.041367
-0.466780 0.155334 -0.038024
-0.654605 0.066661 -0.047687
-0.533539 0.040847 -0.040624
-0.430252 0.051904 -0.040624
-0.438139 0.071167 -0.040137
-0.480075 -0.046245 -0.042873
-0.481076 -0.016277 -0.042144
-0.442183 -0.060279 -0.043311
-0.481292 0.166735 -0.045712
-0.434864 0.076692 -0.040012
-0.418595 -0.050547 -0.045715
-0.594521 -0.044819 -0.042542
-0.645411 0.093749 -0.039053
-0.491575 0.112481 -0.047000
-0.542926 -0.023668 -0.050165
-0.664589 0.149470 -0.045655
-0.518503 0.141698 -0.038220
-0.542941 -0.034503 -0.042425
-0.583596 -0.020840 -0.041989
-0.472869 0.045063 -0.040679
-0.605696 -0.057284 -0.042815
-0.629491 0.085100 -0.047306
-0.661329 0.059728 -0.039836
-0.630038 0.165400 -0.041120
-0.668638 0.159218 -0.045409
-0.491468 0.151933 -0.038042
-0.513887 0.028471 -0.040975
-0.635999 -0.056951 -0.050731
-0.628688 0.094819 -0.039070
-0.448191 0.141075 -0.046420
-0.482944 -0.051936 -0.043003
-0.657416 -0.029511 -0.042008
-0.437584 0.137009 -0.046546
-0.608775 0.079255 -0.047501
-0.630814 0.110357 -0.038688
-0.594801 0.069111 -0.047783
-0.475966 -0.070542 -0.043472
-0.619447 0.023184 -0.048832
-0.506014 0.040793 -0.040697
-0.569211 0.083831 -0.039490
-0.449845 -0.057856 -0.051235
-0.628926 0.106899 -0.046779
-0.535863 0.154205 -0.037872
-0.461227 -0.001517 -0.041838
-0.420000 0.004977 -0.048885
-0.499052 0.084436 -0.047660
-0.593614 0.099600 -0.039045
-0.596979 -0.082768 -0.043455
-0.554824 0.012109 -0.049268
-0.668793 0.065202 -0.039684
-0.514198 0.089860 -0.047489
-0.537711 0.167755 -0.042566
-0.642303 0.065019 -0.047759
-0.548957 -0.019853 -0.050057
-0.465213 0.150844 -0.046139
-0.506367 -0.065032 -0.051262
-0.497427 0.120971 -0.046779
-0.571039 -0.066039 -0.043117
-0.636546 -0.064105 -0.042900
-0.665702 0.122727 -0.046300
-0.559105 0.153439 -0.045833
-0.522602 0.014352 -0.041295
-0.436724 0.097244 -0.047511
-0.660017 0.115270 -0.046496
-0.635425 0.152391 -0.045660
-0.617701 0.019649 -0.040920
-0.450308 0.020751 -0.049329
-0.531245 0.081476 -0.039646
-0.495110 -0.032282 -0.042496
-0.478975 0.059513 -0.040313
-0.456128 -0.015470 -0.042189
-0.561699 -0.010715 -0.041801
-0.670745 -0.074548 -0.051067
-0.578180 -0.013045 -0.049817
-0.665858 0.118794 -0.038393
-0.679749 0.151236 -0.040788
-0.434986 0.097955 -0.039496
-0.496099 0.013916 -0.049376
-0.606731 -0.014832 -0.049786
-0.494012 0.159052 -0.045865
-0.478268 0.041210 -0.040759
-0.451281 0.110092 -0.047162
-0.529450 0.154744 -0.037875
-0.608172 0.161712 -0.045505
-0.495227 -0.055608 -0.051063
-0.446862 0.035529 -0.040978
-0.501105 -0.045009 -0.042788
-0.633834 -0.050995 -0.042589
-0.531842 0.013615 -0.041288
-0.631434 0.162711 -0.045420
-0.423814 0.157211 -0.039041
-0.679694 0.149050 -0.040670
-0.559251 -0.035879 -0.042417
-0.596234 0.142224 -0.038006
-0.648460 0.130576 -0.038153
-0.470322 0.052514 -0.040505
-0.554027 0.125791 -0.046516
-0.623982 0.074057 -0.047588
-0.482587 0.121785 -0.038795
-0.524138 -0.007772 -0.049829
-0.465139 -0.039847 -0.050759
-0.589659 0.110659 -0.046790
-0.651927 0.062851 -0.039784
-0.519251 0.041117 -0.040655
-0.480558 0.140318 -0.038352
-0.426749 0.067296 -0.048263
-0.632694 0.004082 -0.041258
-0.508802 -0.070331 -0.051384
-0.495784 -0.025422 -0.042328
-0.518806 0.001615 -0.041613
-0.597683 0.044371 -0.040373
-0.630823 -0.036778 -0.050255
-0.478539 0.040939 -0.040765
-0.539481 0.079563 -0.039671
-0.632582 0.123104 -0.038375
-0.495553 -0.068134 -0.043363
-0.628760 0.164864 -0.037373
-0.578299 0.044842 -0.040411
-0.466949 0.054492 -0.048469
-0.544764 0.105095 -0.047041
-0.664850 -0.065480 -0.050862
-0.571757 -0.007173 -0.049691
-0.627608 -0.031628 -0.042136
-0.584685 -0.027848 -0.050158
-0.492523 0.101991 -0.039249
-0.466383 0.151907 -0.046110
-0.656279 0.049354 -0.040100
-0.525422 -0.023418 -0.050205
-0.481668 -0.001474 -0.049786
-0.489242 0.052629 -0.040454
-0.455686 -0.010216 -0.042063
-0.509694 -0.043297 -0.042725
-0.524006 0.035305 -0.048786
-0.533978 -0.025356 -0.050229
-0.595415 -0.076490 -0.051309
-0.481285 0.115039 -0.046965
-0.523072 -0.080938 -0.046298
-0.654939 -0.076656 -0.043156
-0.546597 0.034188 -0.048754
-0.638296 0.156170 -0.037559
-0.431076 0.155912 -0.038102
-0.464952 0.113088 -0.047054
-0.668803 0.113460 -0.038515
-0.447866 0.134838 -0.046571
-0.661275 0.156189 -0.037499
-0.490087 0.095332 -0.039417
-0.570164 0.051619 -0.040268
-0.570444 -0.068227 -0.051174
-0.590759 -0.063567 -0.051008
-0.553563 0.121805 -0.046613
-0.598652 -0.012570 -0.049752
-0.458119 -0.011230 -0.042081
-0.432425 -0.017386 -0.050299
-0.595377 -0.044691 -0.050539
-0.547174 0.064226 -0.048025
-0.541951 0.091145 -0.039384
-0.524381 -0.065215 -0.051220
-0.449192 0.046847 -0.048700
-0.538498 0.003281 -0.041522
-0.490253 -0.062461 -0.043239
-0.622979 -0.018292 -0.041825
-0.621170 -0.040899 -0.042378
-0.463296 0.103443 -0.039290
-0.509726 0.079219 -0.039756
-0.427785 -0.038634 -0.050826
-0.570001 -0.015453 -0.049896
-0.556784 -0.071216 -0.043279
-0.581687 0.044531 -0.040410
-0.466919 0.042335 -0.048763
-0.559058 0.087499 -0.039428
-0.520930 0.150991 -0.045991
-0.537043 -0.033603 -0.042419
-0.471743 -0.078799 -0.043683
-0.647517 0.054434 -0.040000
-0.664460 0.099729 -0.046861
-0.471371 -0.066216 -0.051382
-0.577265 0.022680 -0.040951
-0.554124 -0.020096 -0.050050
-0.586198 -0.038863 -0.042419
-0.559074 0.040336 -0.048573
-0.526094 0.038058 -0.040711
-0.470392 0.159321 -0.037918
-0.454350 0.165244 -0.037816
-0.673964 -0.079008 -0.047729
-0.679475 0.164179 -0.042032
-0.590102 -0.060868 -0.042942
-0.439028 0.150655 -0.038209
-0.544649 0.132845 -0.046369
-0.426193 0.027960 -0.041215
-0.498416 0.062031 -0.040202
-0.537391 0.156155 -0.037821
-0.616997 0.153451 -0.045682
-0.428863 0.160611 -0.037994
-0.588291 0.041181 -0.048477
-0.550979 0.064306 -0.048013
-0.658556 0.109915 -0.046629
-0.418331 -0.060986 -0.044980
-0.452265 -0.048268 -0.050996
-0.589830 0.134908 -0.046202
-0.656264 0.000978 -0.049275
-0.467462 0.074200 -0.047990
-0.495296 0.156915 -0.037911
-0.632601 0.086629 -0.047261
-0.550798 -0.015688 -0.049952
-0.605460 -0.049045 -0.050618
-0.551211 -0.013913 -0.049908
-0.525781 0.028334 -0.040948
-0.597779 0.141335 -0.038023
-0.650960 0.118534 -0.046440
-0.450338 0.024739 -0.049232
-0.663258 0.012959 -0.040964
-0.500699 -0.068193 -0.043351
-0.611484 0.159806 -0.037540
-0.667458 0.029392 -0.040555
-0.577633 -0.059704 -0.050948
-0.540555 0.085197 -0.047534
-0.657694 0.153893 -0.045566
-0.536914 -0.061940 -0.051108
-0.467552 0.152637 -0.038087
-0.518673 0.128729 -0.046536
-0.433613 0.049256 -0.048682
-0.444574 0.060963 -0.048370
-0.639957 0.052173 -0.048076
-0.452641 0.013780 -0.049492
-0.447877 -0.071434 -0.043566
-0.516927 0.059758 -0.040209
-0.418317 -0.062000 -0.050812
-0.652295 0.011181 -0.049038
-0.425642 -0.075229 -0.051718
-0.421699 0.015173 -0.041536
-0.434948 0.012598 -0.049567
-0.513851 0.000756 -0.049649
-0.532357 -0.054264 -0.050934
-0.604914 -0.032443 -0.042215
-0.438102 -0.005523 -0.049997
-0.631092 0.059336 -0.047926
-0.433246 0.062801 -0.048355
-0.642229 0.012184 -0.041037
-0.509891 0.020036 -0.049192
-0.508633 0.078630 -0.039773
-0.533572 0.125256 -0.038579
-0.674075 -0.074285 -0.043315
-0.542548 0.032136 -0.048814
-0.679230 0.130262 -0.045575
-0.556839 -0.006261 -0.049708
-0.658861 -0.077984 -0.043178
-0.525544 -0.041914 -0.050652
-0.528833 0.059727 -0.040179
-0.600309 0.014090 -0.049102
-0.527190 0.023868 -0.041052
-0.467511 0.061184 -0.040303
-0.551555 0.107793 -0.046958
-0.568841 -0.007671 -0.049711
-0.637672 0.101484 -0.038885
-0.585901 0.069090 -0.039804
-0.672225 0.152671 -0.037556
-0.648954 0.103376 -0.038810
-0.591104 0.165018 -0.037467
-0.478142 0.010804 -0.049498
-0.523523 -0.005478 -0.049775
-0.459367 0.150420 -0.046164
-0.484464 0.070636 -0.048032
-0.462645 0.167595 -0.037737
-0.615796 0.068048 -0.039752
-0.510053 -0.001233 -0.041705
-0.536339 -0.041974 -0.050626
-0.619472 -0.083298 -0.048902
-0.424384 -0.030642 -0.050641
-0.516607 -0.033080 -0.042459
-0.524691 0.122931 -0.046661
-0.607213 -0.039631 -0.042383
-0.437449 0.160383 -0.037977
-0.575120 0.073219 0.011126
-0.464348 -0.025548 -0.032152
-0.492977 0.002886 -0.001633
-0.596711 0.105951 0.004644
-0.605585 0.114779 -0.027499
-0.498198 0.008080 -0.021122
-0.561468 0.070925 0.029807
-0.522530 0.020959 0.036916
-0.513769 0.023527 0.048205
-0.610728 0.108596 0.013640
-0.510704 0.020486 0.036992
-0.470525 -0.019411 -0.031716
-0.521949 0.020401 -0.018218
-0.590806 0.100074 0.032669
-0.579855 0.089213 -0.026449
-0.635385 0.133100 0.001355
-0.531365 0.041028 -0.005916
-0.599563 0.108796 -0.030562
-0.475773 -0.014223 0.042453
-0.519510 0.017979 -0.023801
-0.528325 0.026723 0.015860
-0.558881 0.057077 0.032756
-0.636922 0.143085 -0.025545
-0.545215 0.054766 0.060318
-0.621113 0.130202 -0.015132
-0.585082 0.083111 0.027233
-0.629993 0.127752 -0.026902
-0.477386 -0.023869 -0.037548
-0.457274 -0.032596 0.022759
-0.565621 0.067374 -0.037786
-0.537878 0.036215 0.014637
-0.547139 0.056695 0.013918
-0.495076 -0.006304 -0.005430
-0.521232 0.030972 -0.037691
-0.591626 0.100911 -0.035099
-0.570027 0.079445 -0.014738
-0.577136 0.075221 0.013158
-0.635000 0.132710 0.020436
-0.459055 -0.030805 -0.039207
-0.487670 -0.013682 0.048761
-0.569173 0.068256 -0.037667
-0.506203 0.013961 0.058256
-0.498564 -0.002839 -0.005768
-0.635934 0.141599 0.020483
-0.544418 0.054004 -0.023424
-0.550267 0.048509 0.059720
-0.503902 0.002472 -0.026623
-0.545371 0.050996 0.060302
-0.585127 0.083157 0.023620
-0.517840 0.016293 0.053446
-0.518643 0.028382 0.014049
-0.493258 -0.008118 0.017070
-0.567224 0.065379 -0.005419
-0.573957 0.083354 -0.030082
-0.458244 -0.035083 0.030991
-0.576364 0.074443 0.045936
-0.544455 0.052220 0.060311
-0.568654 0.078075 0.001570
-0.484249 -0.017076 0.037516
-0.465975 -0.034423 0.055875
-0.500751 0.002159 0.057792
-0.600325 0.109554 -0.032868
-0.543851 0.053428 0.011297
-0.556471 0.054688 0.014794
-0.462809 -0.027106 0.050950
-0.637495 0.142457 -0.024606
-0.569589 0.079011 -0.018971
-0.586740 0.084765 0.006951
-0.587506 0.085539 -0.029188
-0.477907 -0.012078 -0.027946
-0.462834 -0.038348 0.023381
-0.577059 0.086415 0.033939
-0.515698 0.020223 -0.040392
-0.578650 0.076739 -0.028581
-0.484074 -0.008439 -0.042011
-0.611073 0.120200 0.060376
-0.505924 0.015734 0.043245
-0.458270 -0.031602 0.013364
-0.529843 0.028223 0.039473
-0.474633 -0.026608 -0.026725
-0.594409 0.092379 0.023462
-0.620214 0.118015 0.032793
-0.522049 0.020475 0.052054
-0.618796 0.116625 -0.021092
-0.481536 -0.019751 -0.023145
-0.488914 -0.001156 0.012396
-0.536754 0.046377 0.011319
-0.617670 0.126769 0.019803
-0.623310 0.128618 -0.034591
-0.510644 0.020425 0.040166
-0.492525 -0.008833 -0.020954
-0.533052 0.042709 -0.019960
-0.556705 0.054932 -0.016940
-0.548727 0.046995 0.014180
-0.556453 0.054661 0.043765
-0.544135 0.048499 0.060202
-0.592564 0.090562 -0.020658
-0.515779 0.025523 0.052040
-0.539439 0.049046 0.008969
-0.601149 0.099596 -0.035966
-0.509095 0.018908 -0.025897
-0.463056 -0.026860 0.048969
-0.558816 0.057013 0.028391
-0.558263 0.067731 0.058977
-0.611881 0.121030 -0.018350
-0.501531 0.000098 0.026853
-0.546995 0.056563 -0.019639
-0.594518 0.103757 0.044202
-0.602047 0.111241 0.035995
-0.572862 0.070968 0.031906
-0.603300 0.112488 0.029676
-0.509937 0.019718 0.052476
-0.480013 -0.021279 0.021083
-0.469891 -0.031339 0.030898
-0.574894 0.072992 0.015856
-0.546336 0.055884 0.049780
-0.519671 0.018116 0.043011
-0.574521 0.072609 0.054051
-0.463678 -0.026227 0.008770
-0.559321 0.057530 -0.013153
-0.562059 0.060232 0.038241
-0.584696 0.082732 0.015493
-0.604380 0.102272 0.062756
-0.596138 0.094436 0.062832
-0.637623 0.139484 0.028168
-0.556286 0.065787 0.001074
-0.598237 0.107463 0.016110
-0.557200 0.066688 0.021600
-0.515224 0.013717 -0.016140
-0.557521 0.067018 -0.012336
-0.527592 0.037270 0.024827
-0.619155 0.128243 0.024366
-0.503495 0.013332 0.012108
-0.560848 0.059034 0.025012
-0.582009 0.080053 0.042242
-0.540539 0.038863 0.002868
-0.472037 -0.017930 0.031783
-0.500229 -0.001201 0.042677
-0.635058 0.132760 0.042768
-0.523993 0.022407 0.051687
-0.498139 -0.003261 -0.006034
-0.569054 0.078471 0.005892
-0.493323 -0.008045 -0.007914
-0.494571 0.004459 0.031431
-0.544843 0.043146 -0.016640
-0.520546 0.018996 0.008590
-0.469725 -0.020220 0.009862
-0.604271 0.102178 0.023289
-0.610433 0.119575 0.030105
-0.479711 -0.021566 -0.018617
-0.564977 0.063144 0.003424
-0.467615 -0.022326 0.037785
-0.566964 0.076385 0.034913
-0.470735 -0.030506 0.046414
-0.526369 0.024771 0.041849
-0.503372 0.001931 0.014389
-0.473856 -0.020237 -0.042603
-0.555169 0.064679 -0.004708
-0.478754 -0.022523 -0.001655
-0.509812 0.008338 -0.008677
-0.482567 -0.018740 0.016554
-0.588575 0.086577 0.039780
-0.465856 -0.035343 0.012656
-0.638516 0.136218 -0.023441
-0.605085 0.114270 0.005469
-0.495133 0.005038 -0.029271
-0.605533 0.114720 -0.008707
-0.515007 0.024754 0.057777
-0.490425 -0.010925 -0.007444
-0.563714 0.073150 0.050092
-0.463507 -0.026405 0.030278
-0.462992 -0.036731 -0.027122
-0.465211 -0.035970 -0.026870
-0.483928 -0.017377 -0.017735
-0.497725 -0.003678 0.009676
-0.619809 0.128903 -0.003945
-0.465730 -0.024199 0.035812
-0.508729 0.018535 0.003478
-0.590185 0.099454 0.042016
-0.606768 0.115929 0.044549
-0.492799 0.002719 -0.027892
-0.460523 -0.035963 0.004753
-0.623051 0.120840 0.013839
-0.603146 0.101065 0.007725
-0.620877 0.118683 0.005968
-0.509297 0.019109 -0.023263
-0.530258 0.028653 -0.009577
-0.584645 0.082668 0.051727
-0.495864 0.005743 0.031212
-0.573687 0.071806 -0.019232
-0.632319 0.130038 0.045619
-0.612266 0.121414 -0.021395
-0.506431 0.016250 0.008631
-0.502580 0.001140 0.027073
-0.586754 0.084760 0.061572
-0.488938 -0.001123 -0.010325
-0.631374 0.129104 0.030005
-0.605952 0.115144 -0.031298
-0.532545 0.030931 -0.026771
-0.587650 0.085657 0.043112
-0.463013 -0.026881 -0.014173
-0.614172 0.123283 0.052275
-0.500864 0.010724 -0.006807
-0.601728 0.110916 0.060331
-0.494615 -0.006769 0.015413
-0.613356 0.111190 0.063738
-0.520275 0.030016 -0.022869
-0.538672 0.048268 0.051721
-0.475600 -0.014374 -0.017548
-0.584421 0.093728 0.037586
-0.460833 -0.029041 -0.029517
-0.575590 0.073685 0.012937
-0.556965 0.066462 -0.000915
-0.525024 0.023447 0.007151
-0.528572 0.038239 0.034049
-0.523071 0.021505 0.007827
-0.473636 -0.027613 0.013588
-0.505044 0.006957 -0.041035
-0.538166 0.036515 -0.025028
-0.613762 0.122899 -0.016662
-0.513480 0.023257 -0.003074
-0.462066 -0.038338 0.020016
-0.476771 -0.013228 0.035005
-0.598073 0.107304 0.002716
-0.587796 0.097085 0.025733
-0.459944 -0.029924 -0.030788
-0.567404 0.065563 -0.020506
-0.462496 -0.038692 0.044765
-0.534919 0.033285 -0.012835
-0.589101 0.098371 0.058122
-0.521040 0.030780 -0.034366
-0.631577 0.140603 -0.029608
-0.515241 0.013723 0.017014
-0.542150 0.051754 -0.036844
-0.591637 0.092119 0.062649
-0.521659 0.020783 -0.040218
-0.548675 0.058218 0.020414
-0.462673 -0.027234 0.032829
-0.591893 0.101155 0.028439
-0.551525 0.049789 -0.026804
-0.476337 -0.024944 0.055207
-0.556587 0.054822 -0.037792
-0.462904 -0.036431 -0.031029
-0.523483 0.021901 0.051373
-0.473466 -0.016514 0.039443
-0.516617 0.026382 -0.027085
-0.549354 0.047620 0.007783
-0.512683 0.022446 0.052453
-0.484777 -0.005263 0.004120
-0.551233 0.049469 0.059410
-0.553344 0.052552 0.060558
-0.623021 0.132094 -0.004961
-0.609150 0.115440 0.063746
-0.568694 0.066847 -0.025658
-0.545425 0.054982 0.041042
-0.597262 0.095222 0.000148
-0.604908 0.114098 -0.004483
-0.611616 0.109485 -0.004305
-0.550488 0.057657 -0.038452
-0.600960 0.098902 -0.016523
-0.532796 0.042452 -0.010525
-0.513203 0.011695 0.024653
-0.633885 0.131595 0.041064
-0.635714 0.140069 0.052978
-0.637511 0.142398 -0.023808
-0.614448 0.112285 0.035321
-0.518204 0.016653 0.057877
-0.557218 0.055428 0.023271
-0.579760 0.077815 0.050638
-0.555403 0.053630 0.006174
-0.516011 0.016678 -0.040480
-0.554402 0.052633 0.014304
-0.570335 0.068470 -0.005577
-0.592980 0.090978 -0.031400
-0.501920 0.000481 0.035362
-0.593889 0.103149 -0.003086
-0.615285 0.124416 -0.028192
-0.506571 0.005111 0.010253
-0.637286 0.134981 0.019124
-0.517299 0.015778 -0.013479
-0.580953 0.090299 -0.012876
-0.495636 -0.005750 0.000150
-0.527170 0.036855 0.010989
-0.574441 0.072559 -0.031195
-0.585792 0.083815 0.031652
-0.508274 0.006808 -0.004949
-0.520377 0.030106 0.009171
-0.477349 -0.014606 -0.042357
-0.573090 0.071217 -0.032968
-0.481874 -0.019419 -0.012152
-0.602216 0.111433 -0.033072
-0.507342 0.017163 -0.014627
-0.602485 0.111676 0.035337
-0.504240 0.002779 0.055933
-0.474653 -0.026609 0.033946
-0.575059 0.073141 0.061386
-0.506898 0.005433 0.020746
-0.470465 -0.030752 -0.017959
-0.598672 0.097187 -0.036098
-0.638460 0.136158 -0.010884
-0.548863 0.047140 -0.016101
-0.502400 0.000960 0.029194
-0.534078 0.032443 0.007748
-0.601371 0.110562 0.058921
-0.620406 0.129472 0.063912
-0.557011 0.055233 -0.010198
-0.602533 0.100454 0.015940
-0.482613 -0.018703 0.041721
-0.592453 0.101703 0.054075
-0.478866 -0.022401 -0.031447
-0.536494 0.034834 0.032442
-0.525818 0.035516 -0.003367
-0.508776 0.018571 0.034839
-0.614559 0.123691 -0.018296
-0.483465 -0.006567 0.005089
-0.606729 0.104611 0.049659
-0.597006 0.094966 0.003980
-0.470038 -0.026752 -0.042880
-0.493554 -0.007829 0.030773
-0.609919 0.107807 -0.027666
-0.611236 0.120391 -0.024243
-0.603700 0.112886 0.029211
-0.487120 -0.014205 -0.018799
-0.567219 0.076656 -0.019160
-0.489422 -0.011933 0.025996
-0.536746 0.035077 0.054158
-0.560306 0.069775 0.017410
-0.479912 -0.010104 0.027183
-0.585169 0.094472 0.035602
-0.516538 0.017732 0.058634
-0.620524 0.129595 0.045341
-0.494308 0.004209 -0.001918
-0.492852 0.002767 -0.017639
-0.546598 0.044888 -0.012321
-0.528031 0.026431 0.016707
-0.471494 -0.018471 0.036604
-0.632498 0.130228 0.008936
-0.480937 -0.019087 0.056689
-0.541521 0.051097 0.055833
-0.497201 -0.004210 0.043785
-0.567254 0.068672 0.061365
-0.588992 0.087001 0.012043
-0.607474 0.105370 -0.004791
-0.610477 0.108340 0.034385
-0.631558 0.140582 -0.022100
-0.554878 0.053116 -0.013853
-0.509752 0.008286 -0.029396
-0.470635 -0.030591 0.002042
-0.461469 -0.028435 0.046699
-0.626010 0.135054 0.023740
-0.584412 0.093716 0.048522
-0.591711 0.100973 0.031036
-0.555418 0.053643 0.011775
-0.629557 0.127307 0.005735
-0.575267 0.073367 0.004849
-0.472909 -0.017062 0.026950
-0.619703 0.128794 0.003790
-0.525408 0.023845 -0.039474
-0.522187 0.020622 0.024708
-0.565079 0.063251 -0.012312
-0.558094 0.067573 0.028636
-0.550672 0.060222 -0.035804
-0.597084 0.106330 -0.021952
-0.600513 0.109712 0.050117
-0.583633 0.092966 -0.023485
-0.528639 0.037076 -0.039592
-0.584374 0.093685 0.028036
-0.578419 0.087785 -0.021686
-0.580647 0.089991 -0.000988
-0.585384 0.094694 0.011383
-0.480771 -0.009257 0.043101
-0.520839 0.019287 0.012232
-0.612882 0.122029 -0.029848
-0.555653 0.053874 0.020073
-0.550149 0.048425 -0.037132
-0.566253 0.075696 -0.017309
-0.613061 0.110923 -0.013697
-0.549066 0.058609 0.012155
-0.546142 0.044436 -0.014336
-0.592626 0.090600 0.047588
-0.610709 0.119870 -0.030871
-0.529739 0.039412 -0.002748
-0.475185 -0.014787 -0.012090
-0.570075 0.079473 0.040705
-0.633392 0.141020 -0.033987
-0.618834 0.116641 0.041392
-0.540130 0.038459 -0.003190
-0.542896 0.041203 0.009501
-0.582789 0.092103 0.049064
-0.461909 -0.039053 0.036209
-0.476076 -0.023985 0.056427
-0.489479 -0.000583 -0.017542
-0.618320 0.116125 0.054202
-0.491891 0.001819 -0.036156
-0.540080 0.049688 -0.006338
-0.520327 0.018792 -0.028724
-0.532581 0.030938 0.056334
-0.494269 -0.004030 -0.041620
-0.606642 0.115817 0.006041
-0.632218 0.130112 -0.034312
-0.526906 0.036594 0.007283
-0.519577 0.018051 -0.038919
-0.525545 0.035244 0.002432
-0.557743 0.067228 0.018882
-0.631858 0.140851 0.060983
-0.527559 0.025970 -0.007429
-0.602992 0.112187 0.014705
-0.471025 -0.030209 0.018893
-0.610811 0.119944 0.051683
-0.533650 0.032021 -0.005233
-0.556622 0.054830 0.038023
-0.514508 0.024266 0.036610
-0.599187 0.097138 -0.009025
-0.539940 0.038259 0.031010
-0.638866 0.141041 -0.023933
-0.607066 0.116219 0.060635
-0.626077 0.123841 0.029620
-0.551581 0.061094 0.054059
-0.458498 -0.031387 0.044286
-0.557853 0.067350 -0.018360
-0.465747 -0.024165 -0.009999
-0.499544 0.009406 0.012926
-0.493307 -0.008064 0.002215
-0.511491 0.021260 0.058520
-0.590237 0.088246 -0.010315
-0.609616 0.107486 0.028676
-0.553728 0.051958 0.027507
-0.514848 0.024620 -0.014186
-0.610068 0.107927 0.054044
-0.584866 0.094181 0.006846
-0.611803 0.120957 -0.031054
-0.486321 -0.014994 -0.032883
-0.508300 0.018117 -0.018112
-0.526168 0.024592 -0.018497
-0.512043 0.021831 -0.005822
-0.597708 0.095644 0.060668
-0.588109 0.097418 -0.035312
-0.569053 0.076362 -0.037452
-0.508765 0.007296 -0.003916
-0.569708 0.067845 0.000043
-0.466458 -0.023460 -0.008091
-0.545331 0.054885 0.050033
-0.639114 0.136811 -0.016158
-0.479327 -0.021940 -0.038231
-0.487243 -0.002809 -0.008478
-0.629979 0.139008 -0.007505
-0.541167 0.050757 0.024208
-0.492831 -0.008549 0.033648
-0.528795 0.027205 -0.024416
-0.533491 0.031868 -0.021051
-0.538557 0.036895 -0.000350
-0.624340 0.133399 0.010905
-0.459789 -0.030089 0.000617
-0.462273 -0.037759 0.005397
-0.461576 -0.028326 0.036998
-0.583261 0.081322 -0.033713
-0.547408 0.056967 -0.002454
-0.557091 0.055323 -0.037192
-0.552906 0.051136 0.044689
-0.560312 0.069774 0.040782
-0.602233 0.111419 0.053907
-0.501559 0.000131 0.011923
-0.624515 0.128784 0.064517
-0.560718 0.058916 -0.010715
-0.554838 0.064336 0.035340
-0.630998 0.128744 -0.009697
-0.460192 -0.034303 -0.019872
-0.558407 0.062504 -0.038110
-0.489070 -0.012292 0.052289
-0.639904 0.138864 -0.002920
-0.580528 0.078604 -0.024011
-0.539280 0.037607 0.018570
-0.513784 0.012290 -0.026645
-0.592846 0.102116 -0.012376
-0.525546 0.023965 0.007196
-0.506220 0.016055 -0.032593
-0.523443 0.021859 0.055277
-0.487839 -0.013497 0.000470
-0.594371 0.103638 -0.033675
-0.575834 0.085198 0.034719
-0.567847 0.074603 -0.037531
-0.489090 -0.011002 -0.041946
-0.498473 -0.002918 -0.037271
-0.562013 0.060201 -0.003477
-0.486110 -0.003923 -0.038620
-0.495717 0.005619 -0.031103
-0.546386 0.055949 0.004536
-0.574715 0.072811 0.025969
-0.636137 0.142605 -0.001994
-0.624467 0.133538 -0.025491
-0.523257 0.021704 -0.030936
-0.598877 0.096821 0.016768
-0.611857 0.109707 0.047533
-0.577190 0.086551 0.014551
-0.624006 0.121782 0.032595
-0.549251 0.047504 0.045745
-0.535824 0.034165 0.040856
-0.570343 0.068474 0.006958
-0.609393 0.107279 -0.010740
-0.470958 -0.030280 0.032048
-0.552841 0.062376 -0.034592
-0.540662 0.050266 -0.007861
-0.612266 0.110140 0.063687
-0.490671 0.000608 -0.039014
-0.574728 0.072845 -0.032310
-0.459036 -0.030845 0.024410
-0.478543 -0.011443 -0.033475
-0.518656 0.017105 0.050457
-0.622749 0.120549 -0.012255
-0.471310 -0.018651 0.029079
-0.533540 0.031894 0.046083
-0.498213 0.008074 0.042312
-0.522292 0.032022 -0.030918
-0.506518 0.016353 -0.040559
-0.596446 0.094415 -0.011980
-0.485167 -0.004892 0.053098
-0.496142 -0.005242 -0.012581
-0.464880 -0.036310 0.005660
-0.614564 0.123682 0.024491
-0.493499 -0.007873 0.001932
-0.608129 0.115048 0.063708
-0.551609 0.049847 0.046716
-0.613431 0.122568 -0.010958
-0.554364 0.052613 -0.035992
-0.470081 -0.031128 -0.036016
-0.618889 0.116700 0.030115
-0.465973 -0.023954 0.027176
-0.531175 0.037208 0.059551
-0.605791 0.114981 -0.021842
-0.570960 0.080375 -0.025013
-0.495426 -0.005978 0.056020
-0.478788 -0.022495 0.015961
-0.593622 0.101821 0.062964
-0.581771 0.079823 0.022544
-0.637871 0.135549 0.057803
-0.462051 -0.035203 -0.037897
-0.535610 0.044550 0.059867
-0.627024 0.124776 0.045661
-0.473472 -0.016490 -0.011120
-0.550077 0.059604 0.042340
-0.520816 0.030544 0.003649
-0.471414 -0.028066 -0.042879
-0.519876 0.029616 -0.013113
-0.461725 -0.039064 0.039856
-0.458970 -0.034918 0.014368
-0.588550 0.086565 0.004491
-0.568551 0.066706 -0.031006
-0.487026 -0.003016 -0.030260
-0.533145 0.042806 -0.030519
-0.556411 0.065907 0.012754
-0.626355 0.135402 0.008863
-0.540821 0.039158 -0.037378
-0.544128 0.042411 0.054850
-0.566257 0.064412 0.012766
-0.617807 0.115967 -0.035079
-0.584614 0.093933 0.000783
-0.535023 0.044674 -0.039216
-0.580555 0.078634 -0.031756
-0.546672 0.044956 0.004842
-0.465119 -0.024779 -0.039378
-0.552190 0.061698 0.055509
-0.535640 0.045280 -0.017547
-0.605348 0.103246 0.028616
-0.560856 0.059044 0.019298
-0.565731 0.075166 0.013181
-0.630022 0.127756 0.043347
-0.552273 0.059070 -0.038367
-0.461200 -0.028704 0.050601
-0.474194 -0.026238 0.056316
-0.501357 0.011195 0.050177
-0.561875 0.060047 0.047303
-0.577931 0.076025 -0.028091
-0.537777 0.047391 0.019609
-0.538057 0.047655 0.059946
-0.531585 0.029968 -0.000137
-0.457470 -0.033125 0.009111
-0.486442 -0.003626 0.055980
-0.532669 0.042312 0.027132
-0.612979 0.122114 0.002035
-0.488369 -0.001696 0.009512
-0.531248 0.029629 0.012635
-0.635360 0.143798 -0.009613
-0.597752 0.095694 0.044251
-0.557527 0.055745 -0.005467
-0.604531 0.112171 0.063534
-0.534701 0.037291 0.059648
-0.485279 -0.016037 -0.008137
-0.565165 0.074589 0.058241
-0.561106 0.059280 0.054408
-0.579139 0.077200 0.044000
-0.603817 0.101717 0.052913
-0.550475 0.059997 0.046235
-0.610488 0.108344 0.053581
-0.597077 0.095026 0.036015
-0.548517 0.046780 0.031750
-0.583503 0.081562 -0.030541
-0.603131 0.101037 0.047982
-0.580181 0.089532 -0.013353
-0.502882 0.012740 -0.036982
-0.625271 0.134319 0.026039
-0.590024 0.099308 0.001725
-0.505913 0.004465 -0.009925
-0.468271 -0.032931 -0.022913
-0.460836 -0.029034 -0.042053
-0.584502 0.093825 -0.011483
-0.493812 -0.007554 -0.021237
-0.501181 0.008379 0.057971
-0.612029 0.109876 0.050916
-0.561193 0.059374 0.035176
-0.523099 0.026092 -0.040036
-0.607068 0.116242 0.000390
-0.494158 -0.007230 0.034522
-0.474711 -0.015268 0.015259
-0.556347 0.065858 -0.028568
-0.562064 0.071531 -0.010277
-0.567435 0.065572 0.043033
-0.584523 0.093841 0.003006
-0.603281 0.112474 0.015257
-0.591050 0.089028 0.062431
-0.584053 0.093372 0.008719
-0.481820 -0.019468 -0.026895
-0.502162 0.000733 0.004146
-0.500911 0.010759 0.026068
-0.574061 0.083457 -0.027109
-0.575474 0.084855 -0.009419
-0.629699 0.127439 0.033965
-0.593812 0.103060 0.033164
-0.537134 0.035469 0.035752
-0.526292 0.035988 -0.003281
-0.525590 0.035277 0.033675
-0.464840 -0.025086 0.045912
-0.608304 0.117457 0.037234
-0.491701 -0.009650 -0.028495
-0.516431 0.026170 0.054097
-0.588911 0.098184 0.051947
-0.522968 0.021413 -0.021441
-0.493324 0.003223 0.022702
-0.584143 0.093444 0.061165
-0.509102 0.018906 0.001897
-0.505094 0.003641 0.018179
-0.489032 -0.007607 0.057215
-0.478574 -0.022710 0.024692
-0.480602 -0.010756 -0.042167
-0.628120 0.125867 0.041247
-0.476598 -0.024657 -0.023461
-0.638397 0.141333 -0.020603
-0.555638 0.060201 -0.038246
-0.585131 0.094445 0.005451
-0.464270 -0.025635 -0.004509
-0.593558 0.091540 0.004205
-0.494777 -0.006609 0.016818
-0.494289 0.004179 0.028014
-0.526428 0.036111 0.030860
-0.472450 -0.017509 0.002009
-0.462041 -0.027851 -0.000041
-0.486172 -0.015146 -0.022077
-0.501805 0.011651 0.017338
-0.478329 -0.011928 0.056812
-0.616400 0.125525 -0.031000
-0.608846 0.106717 0.044242
-0.491880 -0.009485 0.011270
-0.624087 0.121872 0.006824
-0.634533 0.132250 0.008416
-0.512115 0.021892 0.026318
-0.613036 0.122174 -0.006937
-0.539150 0.048750 0.033444
-0.523736 0.024035 0.058997
-0.458806 -0.035331 0.025090
-0.465073 -0.036126 0.029311
-0.635929 0.133642 -0.006500
-0.483821 -0.017490 0.005140
-0.573038 0.071159 -0.016208
-0.605286 0.111563 -0.035533
-0.493805 -0.007571 0.006981
-0.539204 0.037526 0.036010
-0.482202 -0.019109 0.034111
-0.586134 0.095450 -0.020374
-0.638379 0.140383 -0.002630
-0.622920 0.131986 0.015903
-0.535169 0.044799 0.022805
-0.567297 0.065449 0.003619
-0.565340 0.074791 -0.023350
-0.620095 0.117906 0.006632
-0.558130 0.067621 -0.004279
-0.471248 -0.029976 -0.013768
-0.479034 -0.022249 0.011820
-0.488073 -0.001991 0.013153
-0.556234 0.065720 0.046395
-0.464778 -0.036421 0.033302
-0.518849 0.028579 0.033594
-0.527331 0.025736 0.016001
-0.625832 0.123595 0.037119
-0.560912 0.059111 -0.014908
-0.504533 0.003087 0.008850
-0.469497 -0.020451 0.022200
-0.512829 0.019996 0.058596
-0.507923 0.006456 0.005531
-0.529344 0.027741 0.000709
-0.577967 0.076036 0.042239
-0.487613 -0.002456 0.035562
-0.612123 0.121256 0.024211
-0.609595 0.107471 0.012126
-0.480793 -0.020504 0.019082
-0.473556 -0.027689 0.003995
-0.598432 0.107643 0.053569
-0.517336 0.027093 -0.012719
-0.576737 0.086102 0.012931
-0.473897 -0.016077 0.016475
-0.574442 0.072529 0.056261
-0.573577 0.082817 0.061915
-0.593382 0.091377 -0.029513
-0.566936 0.076348 0.059863
-0.617799 0.115622 0.012349
-0.526074 0.024479 0.038713
-0.604418 0.102344 -0.035336
-0.462006 -0.039178 0.042249
-0.472449 -0.028793 0.016527
-0.473494 -0.027741 -0.022456
-0.629680 0.138701 0.021020
-0.639466 0.137144 0.028482
-0.505734 0.004289 -0.016909
-0.532993 0.037644 -0.039460
-0.463058 -0.038120 0.005228
-0.631124 0.140150 -0.018196
-0.527527 0.025927 0.024629
-0.508196 0.017996 0.031181
-0.539284 0.048888 0.020219
-0.517731 0.027485 -0.012955
-0.606646 0.104550 -0.011463
-0.596456 0.094419 0.006145
-0.622706 0.120513 -0.029161
-0.499439 0.009317 -0.031471
-0.517640 0.016093 0.056493
-0.615684 0.124815 -0.034476
-0.596133 0.105368 0.026993
-0.512068 0.021841 0.036453
-0.593009 0.102262 0.034425
-0.477567 -0.023715 0.036262
-0.583042 0.092372 -0.003424
-0.513145 0.011657 -0.032023
-0.546661 0.056215 0.028811
-0.577883 0.075979 -0.032559
-0.586178 0.084222 -0.036288
-0.551652 0.061187 -0.012885
-0.482715 -0.018582 -0.016572
-0.556161 0.065648 0.042067
-0.625183 0.122961 0.004763
-0.522004 0.020432 0.046665
-0.620929 0.130017 -0.009593
-0.565914 0.075347 0.017043
-0.533944 0.032314 -0.007331
-0.500392 0.010247 0.016186
-0.549114 0.047371 0.037781
-0.555169 0.053380 0.058395
-0.531811 0.041457 0.036109
-0.583659 0.081691 0.046584
-0.556594 0.054803 0.035509
-0.514727 0.013211 0.019174
-0.499961 0.009817 0.023512
-0.476629 -0.024624 -0.030487
-0.600193 0.109422 -0.031243
-0.545882 0.044176 -0.009914
-0.566397 0.075819 0.043024
-0.611249 0.120381 0.046081
-0.584678 0.082699 0.057052
-0.626947 0.124723 -0.020353
-0.569551 0.078962 0.013471
-0.553801 0.063309 0.026003
-0.518359 0.016822 0.012689
-0.598922 0.096881 -0.028235
-0.555575 0.053785 0.052438
-0.592967 0.090959 -0.011098
-0.521798 0.031519 0.005442
-0.573072 0.082456 0.024920
-0.558983 0.068478 -0.033154
-0.543894 0.042203 -0.016243
-0.489433 -0.011918 0.014399
-0.511342 0.021118 0.040263
-0.545450 0.046634 0.060187
-0.504202 0.014052 -0.040032
-0.592512 0.090493 0.028506
-0.511768 0.010266 0.034466
-0.524531 0.034242 -0.016212
-0.609645 0.118802 0.000961
-0.625054 0.134099 0.039514
-0.576369 0.074447 0.048058
-0.623505 0.132571 0.006678
-0.465884 -0.035301 -0.026357
-0.552656 0.050912 -0.023160
-0.474066 -0.015896 -0.020148
-0.466825 -0.023110 0.033022
-0.460289 -0.038017 0.047245
-0.473012 -0.028231 0.007941
-0.495492 -0.005904 0.032214
-0.464918 -0.031064 -0.043134
-0.477714 -0.023555 -0.002305
-0.619985 0.129067 0.025976
-0.571212 0.080608 0.024035
-0.565239 0.074685 -0.006667
-0.542880 0.052471 -0.009182
-0.576664 0.074768 -0.033406
-0.517648 0.016102 0.053479
-0.493815 -0.007549 -0.030366
-0.548233 0.046489 0.058838
-0.536736 0.035091 -0.015721
-0.485149 -0.004889 -0.006602
-0.625893 0.134926 0.058761
-0.611280 0.109131 0.056734
-0.529208 0.038889 -0.017843
-0.482884 -0.007156 0.040005
-0.487051 -0.009173 -0.041951
-0.472280 -0.028964 0.024170
-0.584072 0.082104 0.036169
-0.593088 0.095833 0.062788
-0.491562 0.001461 0.054501
-0.548670 0.046952 -0.029271
-0.555771 0.053980 0.051678
-0.631623 0.140647 -0.023153
-0.550690 0.060207 0.056811
-0.482366 -0.018950 0.043956
-0.537773 0.047402 -0.026118
-0.628524 0.126280 0.008407
-0.557335 0.055545 0.019134
-0.483567 -0.006457 -0.020576
-0.500480 0.010349 -0.024230
-0.626619 0.135674 -0.018690
-0.459707 -0.030162 -0.024220
-0.499478 0.009342 0.008544
-0.476091 -0.013887 -0.011990
-0.629605 0.138629 0.012564
-0.539470 0.037813 -0.030677
-0.526839 0.036510 0.055815
-0.587193 0.096485 0.026875
-0.511295 0.009801 0.022960
-0.499756 -0.001668 0.032498
-0.527277 0.036948 0.049673
-0.612088 0.120185 0.063953
-0.496761 0.006631 0.041158
-0.461327 -0.035099 -0.026285
-0.509792 0.014628 0.058370
-0.483713 -0.017602 0.018019
-0.482603 -0.007431 0.028526
-0.605690 0.103586 0.028621
-0.616042 0.125149 0.028247
-0.589919 0.099216 -0.035074
-0.561058 0.070515 0.038552
-0.491875 -0.009492 0.015862
-0.606701 0.104588 0.035666
-0.486169 -0.003873 -0.017593
-0.554687 0.064184 0.041004
-0.580445 0.089793 -0.006414
-0.491198 0.001129 -0.030034
-0.614069 0.123191 0.021269
-0.594090 0.092064 0.018811
-0.632882 0.130606 0.018991
-0.576731 0.086085 0.044352
-0.586330 0.084342 0.052945
-0.515330 0.025098 -0.008847
-0.616708 0.114525 0.050066
-0.561311 0.070777 0.006337
-0.595228 0.093181 0.057180
-0.579715 0.077773 0.043836
-0.550297 0.059834 0.006553
-0.636814 0.141496 0.005949
-0.636754 0.139244 0.048858
-0.482930 -0.018362 -0.033390
-0.534826 0.044475 -0.028435
-0.632762 0.130492 0.005201
-0.598872 0.108103 -0.011508
-0.625656 0.123431 0.005415
-0.507743 0.006282 -0.008744
-0.625542 0.134599 -0.003417
-0.599703 0.108909 0.043513
-0.566807 0.064944 0.054010
-0.545003 0.054574 0.007016
-0.549308 0.058859 -0.016302
-0.497063 0.006955 -0.026046
-0.611913 0.109776 0.007763
-0.547907 0.057461 0.000657
-0.465478 -0.035710 -0.009367
-0.505513 0.015349 -0.022817
-0.601465 0.099406 -0.024144
-0.536905 0.035247 0.016665
-0.506043 0.006129 0.058041
-0.570507 0.068651 -0.032142
-0.531881 0.041520 0.056075
-0.634353 0.132056 0.052102
-0.536943 0.046575 -0.019425
-0.513198 0.011691 0.023020
-0.592169 0.090156 0.016602
-0.520324 0.030056 0.001052
-0.495590 -0.005796 0.001764
-0.495703 0.005581 0.037482
-0.508069 0.006607 -0.011058
-0.542493 0.040799 0.018047
-0.627810 0.125554 0.057517
-0.548239 0.057783 0.028047
-0.598290 0.107532 -0.032502
-0.515126 0.013615 -0.000782
-0.582972 0.081005 0.055622
-0.606170 0.115349 0.004333
-0.471598 -0.029638 0.016217
-0.596446 0.094393 0.053980
-0.581986 0.080025 0.057760
-0.556620 0.066105 0.039025
-0.594475 0.103723 0.021242
-0.538087 0.036439 -0.033871
-0.582414 0.080479 -0.028497
-0.628947 0.126694 0.026856
-0.509777 0.008300 0.002773
-0.575421 0.079333 0.061870
-0.504532 0.014377 -0.031285
-0.500243 -0.001164 -0.024466
-0.620628 0.121296 0.064211
-0.558028 0.056223 0.050935
-0.490367 -0.010990 0.014313
-0.618356 0.127442 0.043892
-0.592243 0.101519 -0.019966
-0.550712 0.060256 -0.018751
-0.522272 0.031980 0.033922
-0.489567 -0.011767 -0.036005
-0.636715 0.139558 0.043767
-0.564632 0.062810 -0.024488
-0.630111 0.130084 -0.034370
-0.459366 -0.037450 0.053974
-0.551065 0.060609 -0.024578
-0.557848 0.067332 0.020518
-0.579055 0.088416 -0.016781
-0.491134 -0.010233 0.029084
-0.525478 0.035157 0.057300
-0.628642 0.137656 0.063850
-0.532678 0.042314 0.047000
-0.565253 0.074693 0.010113
-0.636915 0.134627 -0.021184
-0.509834 0.008339 0.052708
-0.595738 0.104982 0.008486
-0.618091 0.127194 0.001631
-0.592259 0.101462 0.062917
-0.592505 0.101768 0.016594
-0.467847 -0.033371 0.032962
-0.516207 0.025968 -0.007154
-0.604552 0.113729 0.038240
-0.464743 -0.025158 -0.025784
-0.480667 -0.009332 -0.038736
-0.626320 0.135378 -0.021242
-0.628909 0.137952 -0.028428
-0.628608 0.126374 -0.022574
-0.559073 0.057292 -0.036887
-0.563550 0.073004 0.000058
-0.474029 -0.015959 0.056186
-0.574619 0.072722 0.008399
-0.624782 0.122545 0.058144
-0.468604 -0.021317 -0.039070
-0.577667 0.075735 0.054011
-0.480885 -0.009130 0.006066
-0.483883 -0.017441 0.041519
-0.591628 0.089623 0.004512
-0.620445 0.118239 0.049530
-0.635378 0.133072 0.060044
-0.631970 0.129712 -0.017400
-0.566615 0.076060 -0.028904
-0.576294 0.085669 -0.007903
-0.592761 0.090746 0.011298
-0.571314 0.075327 -0.037419
-0.532636 0.042286 0.011515
-0.467205 -0.033994 -0.010787
-0.564516 0.073960 0.009854
-0.560261 0.058443 0.047552
-0.517274 0.027030 -0.011244
-0.522902 0.031816 0.059184
-0.527694 0.026093 0.026037
-0.489978 -0.000089 -0.013646
-0.538580 0.036912 0.015066
-0.542209 0.040521 0.006673
-0.602173 0.100090 0.032174
-0.529923 0.028320 -0.012015
-0.563031 0.072499 -0.030140
-0.524433 0.034140 -0.002097
-0.482573 -0.007470 0.055343
-0.535991 0.034349 -0.009180
-0.504485 0.003039 0.007880
-0.581282 0.090609 0.036872
-0.604047 0.113235 0.018434
-0.585111 0.083147 0.009031
-0.574195 0.083560 0.060821
-0.517288 0.027023 0.050716
-0.498578 0.008442 0.026220
-0.613324 0.111174 0.017552
-0.574465 0.083834 0.044805
-0.626408 0.124178 0.007273
-0.626281 0.124044 0.029223
-0.521111 0.030834 0.012454
-0.625285 0.134320 0.063790
-0.499772 -0.001657 0.048927
-0.513208 0.011693 0.047339
-0.548124 0.046400 -0.000955
-0.501905 0.011763 -0.019237
-0.514977 0.013470 -0.008566
-0.592765 0.090755 -0.001975
-0.538988 0.037318 0.013033
-0.530047 0.028425 0.043326
-0.474379 -0.026857 -0.039010
-0.635437 0.133144 0.021910
-0.589244 0.087254 0.003256
-0.495645 -0.005730 -0.032969
-0.492744 -0.008628 0.014590
-0.512836 0.022609 0.023272
-0.583980 0.093310 -0.020257
-0.471666 -0.018280 -0.022483
-0.515150 0.024912 0.011602
-0.474660 -0.015322 0.024516
-0.471544 -0.018409 -0.002584
-0.581258 0.079313 0.025428
-0.508497 0.018317 -0.033260
-0.462267 -0.028197 0.055944
-0.627616 0.128130 -0.034489
-0.465182 -0.024723 -0.023540
-0.504098 0.013940 -0.012853
-0.611138 0.108988 0.061866
-0.491725 -0.009654 0.053700
-0.491004 0.000931 -0.016027
-0.610128 0.109404 -0.035462
-0.503216 0.001780 0.002331
-0.484436 -0.012072 -0.042099
-0.510237 0.008746 0.030040
-0.563753 0.061915 0.039054
-0.511093 0.020892 -0.020172
-0.599800 0.109013 0.024618
-0.618942 0.128024 0.044173
-0.574830 0.084196 0.044081
-0.595057 0.104299 0.029233
-0.557553 0.067026 0.055572
-0.542159 0.051741 0.028939
-0.514726 0.024484 0.028841
-0.476138 -0.025135 0.037259
-0.519600 0.018048 0.034156
-0.535757 0.045383 0.021301
-0.512799 0.022582 -0.005207
-0.497795 -0.003602 -0.008315
-0.548957 0.047229 -0.005562
-0.557559 0.062904 0.060950
-0.584933 0.082952 0.059514
-0.503556 0.013408 -0.033218
-0.543998 0.053583 -0.016205
-0.595208 0.104444 0.041595
-0.544337 0.042620 0.052451
-0.573447 0.082844 -0.018290
-0.600883 0.098808 0.033452
-0.526671 0.036373 -0.030112
-0.480875 -0.009144 0.014335
-0.578144 0.087513 -0.024021
-0.529952 0.037149 0.059517
-0.525434 0.023837 0.058256
-0.467038 -0.022874 -0.035657
-0.491531 0.001454 -0.014428
-0.621857 0.119662 -0.010287
-0.582481 0.091811 0.007428
-0.505411 0.015220 0.056991
-0.515657 0.014155 -0.034299
-0.475184 -0.026070 -0.001099
-0.620786 0.129876 -0.011074
-0.591367 0.100637 0.015663
-0.462124 -0.027779 0.030720
-0.506293 0.004823 0.044402
-0.487571 -0.002481 -0.012990
-0.636493 0.140680 0.027092
-0.632499 0.141489 0.060571
-0.561975 0.060155 0.021548
-0.518375 0.016847 -0.010466
-0.505000 0.014845 -0.038918
-0.556202 0.065691 0.035155
-0.495375 -0.006026 0.049669
-0.504985 0.014816 0.000769
-0.602525 0.100438 0.038105
-0.563724 0.073164 0.037456
-0.577538 0.075637 -0.033887
-0.572358 0.070471 0.020600
-0.512991 0.011495 -0.004550
-0.499501 -0.001902 -0.022284
-0.573710 0.071822 -0.002201
-0.543365 0.052949 -0.001104
-0.616161 0.125259 0.049868
-0.531909 0.041570 -0.006586
-0.640409 0.138101 -0.028518
-0.525912 0.035602 0.021249
-0.486115 -0.015211 0.006424
-0.504035 0.013853 0.057722
-0.519149 0.028873 0.045968
-0.538150 0.036484 0.019588
-0.547499 0.057041 0.047804
-0.565702 0.063872 -0.018431
-0.626759 0.124524 0.014472
-0.613503 0.122635 0.000611
-0.619295 0.117102 0.031890
-0.584534 0.082582 -0.016371
-0.503021 0.010751 -0.040987
-0.587618 0.085653 -0.036425
-0.503075 0.012930 -0.031590
-0.517563 0.027307 0.017086
-0.588013 0.086037 -0.012542
-0.500201 -0.001220 0.018132
-0.499651 -0.001750 -0.030928
-0.601852 0.099763 0.056444
-0.589655 0.087671 -0.021491
-0.614746 0.123868 0.005669
-0.522543 0.020968 0.045417
-0.594015 0.092146 0.062713
-0.545640 0.055220 -0.029262
-0.462747 -0.031835 0.055859
-0.527027 0.036724 -0.020813
-0.575279 0.084641 0.047788
-0.604958 0.102849 0.058521
-0.537590 0.047210 0.003966
-0.472460 -0.017487 -0.038079
-0.607152 0.105053 -0.013749
-0.617761 0.126853 0.039417
-0.483539 -0.006485 -0.020414
-0.570478 0.068618 -0.021275
-0.548852 0.047132 -0.022954
-0.615183 0.124287 0.052067
-0.459188 -0.030695 0.024642
-0.467514 -0.033697 0.020001
-0.476638 -0.013353 0.013756
-0.543208 0.052790 0.010504
-0.473571 -0.027689 0.045689
-0.464054 -0.037136 0.020472
-0.567276 0.065436 -0.018844
-0.588684 0.086693 0.018285
-0.631487 0.140506 -0.007955
-0.536186 0.045814 0.007522
-0.482367 -0.018941 0.022940
-0.477475 -0.023801 0.020787
-0.603033 0.112241 -0.022542
-0.489893 -0.000172 -0.017435
-0.616612 0.114427 0.060483
-0.519983 0.028526 0.059017
-0.603471 0.101389 0.003786
-0.562393 0.060577 -0.000637
-0.582980 0.081043 -0.031040
-0.625832 0.123596 0.034654
-0.497741 0.004207 0.057767
-0.494754 0.004637 0.041870
-0.516376 0.026133 0.003492
-0.526225 0.035931 -0.031327
-0.631283 0.129009 0.042248
-0.552013 0.050254 0.028644
-0.529704 0.028094 0.012715
-0.459892 -0.029989 0.006991
-0.615788 0.113615 0.039700
-0.494760 -0.006625 0.014564
-0.603039 0.112244 -0.012626
-0.482103 -0.019208 0.035151
-0.539889 0.038229 -0.029957
-0.598134 0.107368 -0.006843
-0.566922 0.076353 0.007096
-0.499912 -0.001509 0.022501
-0.470669 -0.030559 0.008409
-0.579559 0.077623 0.029850
-0.525886 0.024315 -0.027888
-0.610926 0.108791 0.018315
-0.627658 0.125425 -0.006781
-0.607284 0.116454 0.008627
-0.497103 -0.004279 -0.039162
-0.573372 0.082758 0.013582
-0.551673 0.061190 0.037233
-0.632463 0.141475 -0.005129
-0.522324 0.032052 -0.024973
-0.593876 0.103125 0.028033
-0.614547 0.123652 0.061246
-0.463790 -0.037388 -0.009413
-0.540196 0.038530 -0.019554
-0.592804 0.102070 0.002621
-0.548982 0.047239 0.038819
-0.522565 0.032266 0.049635
-0.612855 0.110714 0.003358
-0.533708 0.032058 0.055608
-0.631735 0.140743 0.022690
-0.622015 0.131086 0.020404
-0.573105 0.071202 0.053117
-0.636344 0.134032 0.059247
-0.537165 0.035500 0.033110
-0.613430 0.111268 0.052946
-0.597260 0.095216 0.011288
-0.465834 -0.035347 -0.036095
-0.640612 0.138302 -0.027475
-0.577428 0.075528 -0.036833
-0.485855 -0.004191 0.000913
-0.466324 -0.023610 0.039662
-0.562912 0.061076 0.051630
-0.547791 0.047690 -0.038793
-0.563187 0.072639 0.013774
-0.498971 -0.002451 0.042512
-0.488487 -0.012845 -0.022035
-0.495005 -0.006377 0.000163
-0.593796 0.103045 0.029730
-0.543578 0.041896 -0.035700
-0.636996 0.139484 0.039886
-0.587363 0.086682 0.062388
-0.483319 -0.017975 -0.035342
-0.634827 0.143004 0.015081
-0.633003 0.130728 0.014381
-0.543746 0.053334 -0.017275
-0.507057 0.005588 0.029434
-0.538912 0.048517 0.023554
-0.556081 0.065567 0.046750
-0.462471 -0.038534 0.016073
-0.552584 0.050816 0.044600
-0.627221 0.124978 0.029894
-0.498278 0.008138 0.041346
-0.635281 0.141467 0.035124
-0.580506 0.089854 -0.007547
-0.620462 0.129543 0.020050
-0.480221 -0.009777 -0.031225
-0.571178 0.069297 0.024065
-0.522244 0.020676 0.032349
-0.631516 0.140540 -0.018499
-0.590848 0.100126 0.002083
-0.547295 0.056856 -0.003418
-0.551588 0.061114 0.014633
-0.519952 0.029670 0.050624
-0.640163 0.138946 -0.009279
-0.547282 0.045556 0.023663
-0.620906 0.129975 0.045153
-0.500611 -0.000813 0.016710
-0.550155 0.048400 0.052350
-0.634025 0.142897 0.032039
-0.467840 -0.033356 -0.029577
-0.474149 -0.027092 -0.019869
-0.513281 0.020824 0.058630
-0.523259 0.032973 -0.000245
-0.519324 0.029060 0.007472
-0.531785 0.041447 -0.009222
-0.586147 0.095448 0.022257
-0.621765 0.119573 -0.017593
-0.509143 0.018941 0.021292
-0.512135 0.010643 0.000185
-0.467512 -0.033698 0.016737
-0.607018 0.116186 0.018337
-0.636705 0.141556 -0.033884
-0.484392 -0.005642 -0.004369
-0.636924 0.134608 0.061253
-0.617006 0.126127 -0.029634
-0.534608 0.044230 0.052918
-0.580362 0.078429 0.005134
-0.565214 0.074653 0.011133
-0.458440 -0.035843 0.041423
-0.462586 -0.038599 0.035929
-0.489232 -0.012109 -0.008517
-0.636963 0.134648 0.057766
-0.563010 0.061198 -0.021617
-0.630450 0.139457 0.046503
-0.621814 0.119608 0.021314
-0.609645 0.107521 0.012263
-0.616296 0.125422 -0.030752
-0.585952 0.083994 -0.028192
-0.563717 0.061901 -0.025849
-0.622697 0.131757 0.039469
-0.462920 -0.038230 0.002057
-0.551892 0.061415 0.018917
-0.478795 -0.011209 0.012603
-0.555102 0.053332 0.005188
-0.497586 0.007447 0.052297
-0.483753 -0.017542 -0.041693
-0.464611 -0.025284 -0.040091
-0.484673 -0.005372 0.020421
-0.622195 0.119974 0.059468
-0.632641 0.141647 0.009588
-0.624895 0.122670 0.021151
-0.580438 0.078492 0.041703
-0.533234 0.031605 0.004935
-0.508931 0.018726 0.032042
-0.542699 0.041014 -0.011355
-0.617379 0.115211 -0.001920
-0.605593 0.114767 0.028613
-0.498947 -0.002476 0.044170
-0.636091 0.133801 -0.000909
-0.503274 0.013126 -0.028778
-0.551037 0.049300 -0.015741
-0.467454 -0.033764 0.038334
-0.505364 0.003923 -0.022938
-0.505577 0.015410 -0.015189
-0.604230 0.102148 -0.008887
-0.463098 -0.038079 0.003419
-0.498723 -0.002700 0.049880
-0.525644 0.024064 0.004357
-0.523990 0.033688 0.030896
-0.583423 0.081474 -0.006256
-0.475176 -0.026068 -0.030692
-0.603530 0.112707 0.056880
-0.476911 -0.024349 -0.015046
-0.629323 0.127060 0.049204
-0.639339 0.140520 -0.023097
-0.512495 0.010994 0.018226
-0.605191 0.103090 0.029990
-0.478940 -0.011057 -0.011840
-0.485475 -0.015862 0.048854
-0.483127 -0.006914 0.039657
-0.568692 0.078108 0.016826
-0.468480 -0.032728 -0.007361
-0.628651 0.137678 0.025070
-0.601155 0.099093 -0.008796
-0.495385 0.005282 -0.009338
-0.472624 -0.028622 0.026257
-0.542380 0.051971 -0.000873
-0.591958 0.089950 0.005330
-0.458762 -0.031127 0.052308
-0.530722 0.040377 0.029700
-0.560482 0.069938 0.051056
-0.609258 0.117845 0.063814
-0.528167 0.037846 0.008796
-0.543940 0.053525 -0.014411
-0.503176 0.013014 0.015906
-0.492338 0.002235 0.045441
-0.532754 0.031122 0.022291
-0.493699 -0.007679 0.015351
-0.496947 0.006821 0.025292
-0.600418 0.098353 0.012147
-0.469016 -0.020937 0.044991
-0.458718 -0.034518 0.011658
-0.461435 -0.028471 0.050831
-0.572234 0.081645 -0.035523
-0.574875 0.074547 0.061727
-0.459369 -0.030515 0.027906
-0.532429 0.030798 0.025573
-0.572204 0.070336 -0.032233
-0.573038 0.071159 -0.012928
-0.466142 -0.035066 0.036523
-0.462779 -0.038403 0.023940
-0.576237 0.085619 -0.027816
-0.568765 0.078165 0.058071
-0.558805 0.057820 -0.038225
-0.546774 0.056318 0.053183
-0.590744 0.100017 0.019800
-0.472395 -0.028858 0.047398
-0.534939 0.044586 -0.024342
-0.583010 0.092348 -0.026790
-0.597360 0.095311 0.024086
-0.572462 0.070583 -0.002450
-0.609329 0.118493 -0.012004
-0.466139 -0.023771 -0.024807
-0.582572 0.080638 -0.034691
-0.563158 0.072627 -0.035686
-0.481378 -0.008983 0.056973
-0.513078 0.022841 0.049746
-0.508655 0.007197 -0.034833
-0.469770 -0.031456 0.017788
-0.564262 0.073709 0.007340
-0.491228 0.001131 0.049957
-0.529241 0.027646 -0.023272
-0.590802 0.088785 0.053802
-0.467906 -0.033314 0.036591
-0.491099 -0.010246 -0.032498
-0.523794 0.022215 0.034668
-0.528296 0.026692 0.023815
-0.551035 0.049290 0.005697
-0.601889 0.103080 -0.035853
-0.504886 0.003423 0.050852
-0.559406 0.068899 -0.036642
-0.520497 0.030223 0.016884
-0.590546 0.099403 0.062816
-0.482083 -0.007947 0.024136
-0.555532 0.053753 0.022265
-0.593595 0.091572 0.018293
-0.465843 -0.024070 -0.010930
-0.598329 0.096279 0.010993
-0.481409 -0.008620 0.033095
-0.514177 0.012664 0.022728
-0.499508 0.009379 -0.011665
-0.613320 0.122464 -0.030365
-0.611179 0.109039 0.030653
-0.581927 0.091263 0.001901
-0.621894 0.119696 -0.001115
-0.520051 0.029794 -0.026250
-0.529399 0.027796 -0.000680
-0.516697 0.026460 -0.019924
-0.635129 0.132826 0.057438
-0.624674 0.133746 -0.033498
-0.633561 0.142559 0.016230
-0.580463 0.089807 0.005758
-0.569620 0.079047 -0.034581
-0.490862 -0.010505 0.034955
-0.595765 0.105013 -0.005054
-0.583090 0.092417 0.004564
-0.591667 0.100951 -0.029577
-0.555722 0.065230 -0.009526
-0.559412 0.068893 -0.000082
-0.466182 -0.023730 -0.021868
-0.619302 0.117112 0.024315
-0.520177 0.029916 -0.017351
-0.469912 -0.020035 0.009829
-0.542744 0.041058 -0.010493
-0.627730 0.136750 0.061298
-0.593662 0.091633 0.034751
-0.494379 0.004261 0.049316
-0.620904 0.118691 0.058165
-0.527341 0.037015 0.038956
-0.632027 0.129763 0.001385
-0.539107 0.048708 0.030123
-0.625229 0.123002 0.019969
-0.586030 0.084048 0.041289
-0.554548 0.052767 0.045102
-0.474021 -0.015962 0.039243
-0.630141 0.127889 0.001305
-0.527482 0.025900 -0.023537
-0.616335 0.125441 0.023763
-0.573607 0.082995 0.005516
-0.599053 0.108263 0.044900
-0.464033 -0.032830 0.055866
-0.458736 -0.031121 -0.040028
-0.620170 0.117979 0.008595
-0.483205 -0.006817 -0.018755
-0.535355 0.044986 0.012408
-0.464928 -0.024980 -0.010222
-0.559380 0.057585 -0.004960
-0.471371 -0.029862 0.010453
-0.477643 -0.014263 -0.042340
-0.542694 0.040992 0.036704
-0.553592 0.063094 0.047399
-0.476698 -0.013291 0.007307
-0.592957 0.093318 0.062717
-0.532477 0.042141 -0.028783
-0.493842 0.003740 0.014527
-0.511170 0.020956 0.014150
-0.491129 0.001057 -0.022595
-0.631750 0.129497 -0.026143
-0.512055 0.010550 0.037523
-0.516815 0.015297 -0.011065
-0.582060 0.080106 0.035274
-0.471414 -0.018551 0.035404
-0.589133 0.087127 0.052695
-0.530566 0.028955 0.002574
-0.604205 0.113401 -0.008775
-0.461570 -0.028306 -0.040593
-0.480573 -0.009458 0.056595
-0.573732 0.083131 -0.031410
-0.601426 0.110625 0.034559
-0.499209 -0.002206 0.016496
-0.587880 0.097161 0.049923
-0.570167 0.079579 -0.002180
-0.588027 0.086046 -0.000150
-0.567955 0.077391 -0.029070
-0.547462 0.057000 0.057450
-0.501012 -0.000408 0.000800
-0.523978 0.033694 -0.019696
-0.543536 0.041835 0.019713
-0.576847 0.074939 -0.003398
-0.549604 0.059149 -0.003410
-0.613842 0.111678 0.051661
-0.630265 0.139276 0.040177
-0.491688 -0.009665 -0.020680
-0.611266 0.120414 -0.001062
-0.628697 0.126437 0.051920
-0.599654 0.108859 0.049371
-0.575177 0.073259 0.055730
-0.573387 0.071497 0.010872
-0.570217 0.068341 0.029250
-0.568038 0.066178 0.023414
-0.500158 0.010026 -0.016233
-0.523134 0.026957 -0.040012
-0.586061 0.084092 0.003239
-0.468929 -0.032293 0.023139
-0.510842 0.009365 -0.017722
-0.471507 -0.018454 0.022920
-0.618742 0.116542 0.063579
-0.595602 0.093582 -0.026163
-0.558259 0.067735 0.034998
-0.480117 -0.021155 -0.038805
-0.485146 -0.004884 -0.030622
-0.586848 0.084875 0.000244
-0.615583 0.113419 0.018798
-0.629805 0.138834 -0.004864
-0.539096 0.037420 0.032180
-0.527286 0.036961 0.034652
-0.634165 0.134103 0.064919
-0.634659 0.143443 0.010063
-0.531559 0.029947 -0.014024
-0.546205 0.055766 0.014541
-0.499194 0.009052 0.030705
-0.491466 0.001374 0.028389
-0.494262 -0.007129 0.038809
-0.577902 0.075982 0.012826
-0.558567 0.056783 -0.021509
-0.537485 0.035836 -0.017145
-0.508234 0.018035 0.029356
-0.479902 -0.021400 0.052614
-0.515089 0.013576 0.002981
-0.461138 -0.036579 0.004707
-0.485358 -0.004676 -0.022453
-0.526122 0.035811 0.017996
-0.487008 -0.014319 -0.009759
-0.484736 -0.016582 0.007947
-0.494932 -0.006447 -0.004146
-0.567865 0.066010 0.013006
-0.581347 0.079411 -0.004576
-0.522793 0.032514 -0.012066
-0.470970 -0.030256 -0.002761
-0.543741 0.042048 -0.007363
-0.485498 -0.004555 0.028557
-0.584066 0.082102 0.025443
-0.474328 -0.026927 0.017895
-0.516732 0.015221 -0.032440
-0.490514 -0.004205 0.057347
-0.562328 0.060523 -0.030155
-0.496438 0.006337 -0.035468
-0.574025 0.072133 0.004332
-0.596890 0.106115 0.042262
-0.599402 0.108630 -0.013224
-0.530244 0.028647 -0.033334
-0.464987 -0.036192 -0.027136
-0.551989 0.061503 0.042622
-0.529103 0.035045 -0.039634
-0.543861 0.053422 0.056591
-0.462693 -0.037921 0.000553
-0.497119 -0.004293 0.049985
-0.589329 0.091292 -0.036506
-0.496030 -0.005359 0.004282
-0.499743 -0.001672 0.010414
-0.593126 0.102385 0.015192
-0.537862 0.047488 -0.020014
-0.599700 0.097633 0.034962
-0.627009 0.136038 0.047988
-0.561063 0.059262 -0.018171
-0.556573 0.054789 0.016941
-0.529187 0.038852 0.031196
-0.500023 0.009868 0.054273
-0.523384 0.021807 0.036291
-0.497405 -0.003989 -0.010018
-0.502252 0.012102 -0.003861
-0.505282 0.015125 -0.039208
-0.605693 0.103598 0.003764
-0.533480 0.043126 0.006481
-0.634131 0.143132 -0.002904
-0.523835 0.033533 0.035091
-0.580218 0.089567 -0.006871
-0.518455 0.028189 0.032136
-0.608928 0.118092 -0.004674
-0.576559 0.074652 0.000746
-0.549360 0.058899 0.019005
-0.604159 0.113341 0.033470
-0.481993 -0.008039 0.033943
-0.523024 0.032732 0.019592
-0.590258 0.088261 0.006934
-0.564008 0.062188 -0.016431
-0.613960 0.111802 0.029872
-0.588028 0.086053 -0.016751
-0.518095 0.027822 0.057058
-0.532019 0.030390 0.024570
-0.462736 -0.027162 0.005376
-0.614687 0.112530 0.014563
-0.568768 0.078198 -0.026299
-0.534694 0.033057 -0.000293
-0.536960 0.037093 -0.039369
-0.560820 0.070281 0.029469
-0.566596 0.076030 0.003332
-0.550882 0.060431 -0.037273
-0.575361 0.083680 0.061986
-0.528327 0.026727 0.010855
-0.626096 0.123868 0.006883
-0.571955 0.070072 0.016657
-0.545331 0.054894 0.026083
-0.489835 -0.011532 0.054428
-0.572034 0.070144 0.037756
-0.584989 0.083022 0.018992
-0.500770 0.010628 0.000257
-0.540895 0.039206 0.036544
-0.542524 0.052118 -0.012401
-0.517830 0.016285 0.049700
-0.479340 -0.018630 0.056659
-0.627676 0.125422 0.053257
-0.515905 0.015234 -0.040521
-0.503168 0.013010 0.002635
-0.537939 0.043748 -0.039163
-0.596672 0.104865 0.063127
-0.465129 -0.036056 -0.011331
-0.515560 0.014034 0.034126
-0.544287 0.042584 0.012386
-0.633233 0.130970 -0.026665
-0.546695 0.046833 0.060226
-0.571922 0.070048 -0.009138
-0.611486 0.109341 0.040795
-0.593298 0.091296 -0.034218
-0.524981 0.034698 -0.039360
-0.581817 0.091155 -0.001364
-0.598712 0.107925 0.043532
-0.550896 0.049142 0.036371
-0.562363 0.068852 0.061238
-0.627748 0.136791 -0.007063
-0.570356 0.068476 0.037293
-0.578388 0.087730 0.049472
-0.631781 0.140032 0.065015
-0.480808 -0.009208 0.009423
-0.516994 0.015482 -0.031931
-0.485398 -0.004643 -0.003195
-0.527223 0.029936 0.059249
-0.493894 0.003781 0.045661
-0.523835 0.022274 -0.018465
-0.497214 0.007090 0.015780
-0.516165 0.014630 0.047467
-0.507899 0.006438 -0.012023
-0.474669 -0.026588 0.017431
-0.466976 -0.022952 0.011924
-0.534582 0.032950 -0.012563
-0.625667 0.123424 0.057297
-0.597152 0.095100 0.037071
-0.474835 -0.015155 0.045895
-0.503657 0.013510 -0.035912
-0.546422 0.055985 0.004560
-0.493643 -0.007724 -0.017934
-0.542773 0.041075 0.025371
-0.595855 0.093816 0.024049
-0.462622 -0.027284 0.032030
-0.574200 0.072311 -0.006365
-0.509062 0.018879 -0.033737
-0.586458 0.095757 0.023118
-0.552628 0.050874 0.002928
-0.487553 -0.004404 0.057262
-0.489744 -0.007390 0.057240
-0.613348 0.122483 -0.001414
-0.624575 0.133629 0.021791
-0.517256 0.015723 0.023751
-0.573717 0.071839 -0.029462
-0.548390 0.057934 0.022722
-0.620605 0.122709 -0.034823
-0.614341 0.112199 -0.023321
-0.636869 0.134570 0.009456
-0.602525 0.111718 0.031077
-0.467909 -0.033304 0.015343
-0.639796 0.139392 -0.010712
-0.600705 0.098639 0.012120
-0.539083 0.037401 0.047468
-0.616671 0.114514 -0.025143
-0.536957 0.035597 -0.039409
-0.529083 0.038764 -0.014069
-0.600192 0.098137 -0.010502
-0.618215 0.127321 -0.010308
-0.625578 0.123367 -0.031622
-0.490103 0.000017 0.040723
-0.605427 0.114603 0.026068
-0.574037 0.074925 0.061715
-0.573194 0.071313 -0.010842
-0.496595 -0.004805 0.024010
-0.582334 0.080398 -0.021480
-0.462935 -0.038258 0.051564
-0.482684 -0.007359 0.051636
-0.501574 0.000145 0.014420
-0.616620 0.125738 -0.017863
-0.522663 0.021108 -0.011691
-0.499676 -0.001738 0.006608
-0.530003 0.039656 0.049427
-0.469597 -0.020348 0.012193
-0.608248 0.106146 -0.023933
-0.474174 -0.027088 0.043222
-0.556751 0.054961 0.030363
-0.613762 0.111595 0.059215
-0.496199 -0.005192 0.004831
-0.536386 0.034720 0.050445
-0.501108 -0.000304 -0.025794
-0.502109 0.000674 0.020048
-0.499495 0.009358 0.011469
-0.627695 0.125441 0.051162
-0.583785 0.081816 0.043990
-0.620836 0.118636 0.024022
-0.595146 0.093113 0.019959
-0.528855 0.038514 0.053408
-0.553872 0.063372 0.049006
-0.576226 0.074333 -0.032849
-0.479635 -0.021636 -0.033560
-0.534094 0.043722 0.045927
-0.564351 0.062518 0.012476
-0.582233 0.091560 0.019725
-0.495116 0.005011 -0.000201
-0.549786 0.059341 -0.034629
-0.503504 0.013351 -0.018426
-0.543694 0.053290 -0.038118
-0.601268 0.099186 0.046393
-0.528756 0.027157 -0.001046
-0.550841 0.060367 0.031400
-0.593452 0.091417 0.057671
-0.514889 0.013362 0.049075
-0.462408 -0.037559 0.055696
-0.576033 0.085396 0.033546
-0.511894 0.021663 0.050469
-0.592025 0.090012 0.017058
-0.526874 0.025290 -0.008638
-0.515219 0.013700 0.019907
-0.594941 0.104175 0.051452
-0.605563 0.114726 0.062723
-0.571114 0.069229 0.040549
-0.562119 0.071583 -0.000069
-0.593295 0.091275 0.015239
-0.626405 0.124157 0.056707
-0.533510 0.043163 -0.014910
-0.571355 0.069473 0.025187
-0.521918 0.020355 0.021968
-0.589662 0.098941 0.021647
-0.499348 0.009228 -0.036908
-0.626531 0.135576 0.009187
-0.488649 -0.012684 -0.022755
-0.545945 0.044239 -0.011037
-0.625148 0.134186 0.058741
-0.633674 0.141781 0.059307
-0.523461 0.033184 -0.032632
-0.494606 -0.006787 0.040821
-0.508096 0.006642 -0.032685
-0.552446 0.061985 -0.037654
-0.535426 0.045057 0.014333
-0.501180 -0.000232 -0.027933
-0.524014 0.033733 -0.029081
-0.544175 0.042486 -0.025234
-0.578958 0.088301 0.035193
-0.543349 0.052916 0.049874
-0.571366 0.069476 0.047569
-0.626963 0.136009 0.001610
-0.598145 0.096094 0.017446
-0.579534 0.077599 0.027249
-0.518465 0.016916 0.046146
-0.631920 0.140930 0.011861
-0.470595 -0.019344 -0.024527
-0.501040 0.010903 -0.016918
-0.467545 -0.022372 -0.032415
-0.527004 0.036679 0.042357
-0.629871 0.138896 0.007875
-0.522116 0.020555 0.012574
-0.610515 0.108389 0.000558
-0.580972 0.090324 -0.030870
-0.631115 0.140117 0.050582
-0.625563 0.123348 -0.019438
-0.529140 0.031704 0.059348
-0.565831 0.064006 -0.036044
-0.465028 -0.036153 -0.022148
-0.529549 0.027939 0.016643
-0.535436 0.033788 0.017763
-0.467067 -0.022850 -0.022319
-0.547738 0.050187 0.060344
-0.592868 0.090863 -0.020046
-0.486805 -0.014524 0.001773
-0.536348 0.034710 -0.026174
-0.618521 0.116333 0.034311
-0.626031 0.123798 0.024995
-0.634707 0.132409 0.051371
-0.485294 -0.004745 -0.008978
-0.500078 -0.001349 0.037468
-0.541960 0.051534 0.057071
-0.631925 0.140653 -0.034036
-0.498285 -0.003126 0.022067
-0.566494 0.064665 -0.036010
-0.481198 -0.020090 -0.014343
-0.517648 0.016114 0.017450
-0.629382 0.127140 -0.015375
-0.525368 0.035068 -0.000087
-0.562796 0.066772 -0.037877
-0.500650 0.010516 -0.019406
-0.484097 -0.005947 0.026968
-0.590255 0.099544 -0.019695
-0.508268 0.006802 -0.003813
-0.493638 -0.007744 0.026417
-0.502916 0.012743 0.052645
-0.592022 0.090001 0.043715
-0.458945 -0.030923 -0.013740
-0.597898 0.107112 0.055684
-0.563458 0.072903 0.026873
-0.577648 0.075739 -0.015175
-0.526374 0.036066 0.005566
-0.580293 0.089618 0.061773
-0.507358 0.005903 -0.016332
-0.466668 -0.023244 -0.029467
-0.500428 0.002776 0.057800
-0.478217 -0.023043 -0.041061
-0.473011 -0.028219 -0.029663
-0.572452 0.074548 -0.037409
-0.608420 0.106303 0.017017
-0.609346 0.107239 -0.031561
-0.492299 -0.009053 -0.035619
-0.550656 0.048902 0.040642
-0.463918 -0.036798 -0.043160
-0.521585 0.020934 -0.040216
-0.585868 0.095185 -0.016516
-0.588629 0.097906 0.046113
-0.564495 0.062673 -0.022490
-0.604360 0.102284 -0.027359
-0.609861 0.107742 -0.005296
-0.553516 0.063017 0.052343
-0.587073 0.085105 -0.018423
-0.499049 0.008905 0.040342
-0.618473 0.127557 0.051018
-0.517472 0.015942 0.009905
-0.464450 -0.036750 0.045874
-0.572943 0.082346 -0.027720
-0.538203 0.047814 0.018194
-0.571768 0.069882 0.029208
-0.504715 0.003259 0.034726
-0.632201 0.129926 0.030266
-0.459383 -0.036360 0.033411
-0.573766 0.071868 0.026469
-0.496449 -0.004941 -0.004827
-0.487334 -0.014004 0.016019
-0.469464 -0.020489 0.038077
-0.545868 0.055424 0.035315
-0.604930 0.102831 0.028774
-0.460804 -0.036426 0.008089
-0.616319 0.125434 -0.000408
-0.571808 0.081201 0.022920
-0.589446 0.098716 0.051500
-0.594421 0.102275 -0.036074
-0.600464 0.109671 0.029848
-0.619175 0.128274 -0.007862
-0.460280 -0.037540 0.038577
-0.564259 0.062444 -0.036220
-0.507788 0.017595 0.017514
-0.567190 0.076622 -0.002276
-0.523701 0.033398 0.039274
-0.603749 0.112949 -0.011966
-0.589316 0.098587 0.049524
-0.629407 0.138437 0.002605
-0.564810 0.062991 -0.035331
-0.602038 0.111246 -0.004219
-0.465114 -0.024795 -0.008364
-0.550585 0.060129 -0.018674
-0.619388 0.128468 0.042285
-0.541746 0.051322 0.055965
-0.550006 0.059536 0.033750
-0.602386 0.111573 0.048088
-0.599698 0.098785 -0.036027
-0.566701 0.064837 0.060407
-0.626430 0.129299 0.064582
-0.621565 0.130653 -0.019389
-0.489951 -0.000128 0.022536
-0.548500 0.046779 -0.015738
-0.616964 0.114808 -0.031525
-0.574131 0.083516 0.003700
-0.633514 0.131228 0.035822
-0.502520 0.001090 0.001576
-0.503231 0.001789 0.021127
-0.499051 -0.002358 0.002557
-0.602182 0.100108 0.005986
-0.459005 -0.030865 -0.006801
-0.572372 0.081767 0.010073
-0.474078 -0.015878 -0.038588
-0.620065 0.129138 0.050516
-0.531104 0.040780 -0.037991
-0.481599 -0.017040 0.056762
-0.488961 -0.001092 -0.036279
-0.514068 0.012570 -0.016622
-0.557593 0.067072 0.038489
-0.491721 0.001650 -0.033669
-0.522162 0.020592 0.039365
-0.488935 -0.001130 -0.000471
-0.498177 -0.003223 -0.006461
-0.520801 0.019263 -0.027907
-0.607570 0.105457 0.021314
-0.482714 -0.018602 0.040075
-0.504454 0.014280 0.023407
-0.515206 0.024983 -0.031685
-0.457108 -0.034906 0.048939
-0.554701 0.064192 0.057469
-0.565827 0.075267 0.000874
-0.502390 0.006426 -0.041120
-0.460557 -0.038340 0.048244
-0.535749 0.045366 0.047276
-0.497940 -0.003451 -0.029735
-0.465902 -0.035278 -0.041886
-0.582235 0.080275 0.048977
-0.479072 -0.022225 0.051196
-0.614143 0.111990 0.013107
-0.592340 0.101600 0.027103
-0.606403 0.104296 0.023827
-0.537083 0.046699 0.025813
-0.603681 0.101603 -0.010767
-0.482802 -0.007218 -0.014070
-0.548927 0.058487 -0.035214
-0.512218 0.010717 0.026998
-0.470323 -0.019625 0.009237
-0.582290 0.080350 -0.011732
-0.582900 0.087572 -0.036779
-0.491184 0.001112 -0.021381
-0.542340 0.051927 0.009269
-0.535746 0.045380 -0.001526
-0.470580 -0.030648 0.008890
-0.549644 0.047895 0.043959
-0.472312 -0.017660 0.038806
-0.628643 0.126380 0.062175
-0.608645 0.117808 0.004559
-0.502642 0.012482 0.019673
-0.525260 0.034947 0.039842
-0.550727 0.048998 -0.033261
-0.636380 0.134090 -0.006063
-0.497528 0.000085 -0.041421
-0.533124 0.042776 -0.004420
-0.491266 0.001196 -0.029427
-0.498815 0.008684 0.007530
-0.606190 0.115373 -0.010781
-0.515791 0.014284 -0.025063
-0.601112 0.110308 0.048935
-0.509033 0.007552 0.026652
-0.502377 0.000945 0.008488
-0.533580 0.043214 0.039467
-0.638046 0.135739 0.011477
-0.564192 0.062362 0.008747
-0.513776 0.012260 0.036263
-0.562817 0.072288 -0.036421
-0.595122 0.104365 0.021837
-0.593140 0.102388 0.048150
-0.485198 -0.007356 0.057119
-0.511284 0.021083 -0.022888
-0.599268 0.097226 -0.032899
-0.545202 0.043479 0.050645
-0.458999 -0.036898 0.050557
-0.520114 0.029839 0.023658
-0.630007 0.127755 0.005131
-0.636510 0.143042 -0.017074
-0.530592 0.040246 0.038580
-0.619261 0.128357 0.001150
-0.580665 0.078731 0.001878
-0.476774 -0.024487 -0.009537
-0.543214 0.041518 0.012206
-0.488491 -0.012842 -0.019612
-0.575211 0.084574 0.047900
-0.500168 0.010030 0.000477
-0.585183 0.083211 0.027831
-0.551930 0.050193 -0.032803
-0.505919 0.015726 0.053715
-0.583553 0.081610 -0.024360
-0.620713 0.129808 -0.024765
-0.558951 0.068417 0.051261
-0.469166 -0.020784 0.032457
-0.592688 0.101948 0.017475
-0.565970 0.075411 -0.004670
-0.603155 0.112339 0.045535
-0.519824 0.029523 -0.040031
-0.518060 0.027803 0.014830
-0.561186 0.059369 0.027327
-0.478651 -0.011343 -0.013166
-0.483823 -0.006225 0.044423
-0.491557 0.001459 0.045626
-0.477813 -0.012184 0.010303
-0.459923 -0.037169 0.038341
-0.619068 0.128149 0.044983
-0.482019 -0.008005 0.009331
-0.497976 -0.003441 0.046260
-0.556455 0.065954 0.002535
-0.462139 -0.027742 -0.034237
-0.468228 -0.032979 -0.006245
-0.505684 0.004231 0.008645
-0.480709 -0.020571 -0.026851
-0.466528 -0.034659 -0.032724
-0.487812 -0.002253 0.020347
-0.533168 0.031537 0.009677
-0.620591 0.129677 0.004226
-0.583282 0.092604 0.015340
-0.572163 0.081569 -0.019178
-0.553684 0.053887 -0.038468
-0.571937 0.070056 0.012620
-0.576890 0.086255 0.009526
-0.613696 0.111528 0.062279
-0.459529 -0.032684 -0.037539
-0.573446 0.071551 0.022534
-0.505704 0.004254 -0.002271
-0.601598 0.110805 0.006393
-0.637222 0.138248 0.058604
-0.619273 0.128358 0.030365
-0.540657 0.050242 0.048250
-0.569295 0.078695 0.052539
-0.503400 0.013255 -0.037324
-0.604855 0.114055 -0.032417
-0.503915 0.013738 0.042698
-0.612805 0.121921 0.062797
-0.596013 0.094125 0.062820
-0.463795 -0.026106 -0.004935
-0.489677 -0.000379 -0.040709
-0.540972 0.039289 0.015588
-0.533222 0.042880 -0.023501
-0.544740 0.054300 0.045126
-0.525980 0.024392 0.022043
-0.639548 0.137230 0.016842
-0.483525 -0.017787 0.012156
-0.563946 0.062104 0.048576
-0.470140 -0.019792 -0.036299
-0.551453 0.060993 -0.022477
-0.580445 0.089784 0.017250
-0.471753 -0.018201 -0.003063
-0.613904 0.111768 -0.033304
-0.484678 -0.005366 0.015686
-0.575299 0.084675 0.009853
-0.511110 0.020893 0.027322
-0.587796 0.085811 0.017860
-0.625578 0.134618 0.043167
-0.518589 0.017066 -0.030900
-0.610655 0.108514 0.044626
-0.635216 0.144176 -0.013946
-0.598075 0.107290 0.049299
-0.482801 -0.015111 0.056846
-0.502612 0.012440 0.054978
-0.550950 0.060499 -0.036585
-0.517252 0.015740 -0.035568
-0.513388 0.011895 -0.019853
-0.464896 -0.025016 0.005901
-0.476247 -0.018396 0.056582
-0.616321 0.114163 -0.014251
-0.584284 0.082331 -0.011640
-0.516890 0.026644 0.001172
-0.573507 0.071621 -0.002305
-0.460371 -0.029518 0.021012
-0.605446 0.103354 -0.002318
-0.542465 0.052059 -0.009567
-0.606546 0.104453 -0.019169
-0.572735 0.070847 0.016943
-0.551141 0.049411 -0.036045
-0.571190 0.069321 -0.011404
-0.583012 0.092337 0.013688
-0.515735 0.025508 -0.030896
-0.625456 0.134515 -0.011073
-0.513000 0.015101 0.058469
-0.536508 0.034840 0.056639
-0.538963 0.048580 -0.014070
-0.464028 -0.025863 -0.040420
-0.639764 0.140637 -0.033204
-0.524732 0.034424 0.034970
-0.548567 0.058114 0.012782
-0.528720 0.027111 0.029296
-0.549010 0.058552 0.019660
-0.489934 -0.000135 -0.006884
-0.515420 0.025197 -0.035842
-0.462639 -0.038540 0.017685
-0.631709 0.129440 0.021903
-0.629610 0.127341 0.059322
-0.564197 0.063399 0.061141
-0.542907 0.041197 0.056500
-0.584644 0.082682 0.008663
-0.593417 0.091391 0.031183
-0.505220 0.015046 0.011810
-0.582024 0.090097 -0.036734
-0.500396 0.010247 0.030554
-0.634867 0.143235 0.010038
-0.511316 0.009810 0.055308
-0.629147 0.126906 -0.013949
-0.580887 0.090231 -0.003388
-0.546130 0.055677 0.056840
-0.617404 0.115237 -0.006960
-0.549914 0.048420 -0.038717
-0.490478 0.000414 -0.031846
-0.603623 0.101553 -0.032392
-0.507918 0.006439 0.039043
-0.517412 0.027165 -0.004390
-0.475048 -0.026220 0.041091
-0.517298 0.021729 0.058762
-0.460251 -0.034734 -0.012966
-0.536582 0.034929 0.010768
-0.500478 -0.000948 0.026669
-0.603120 0.112322 -0.005837
-0.589936 0.093391 -0.036434
-0.516225 0.014708 -0.003930
-0.543581 0.053167 -0.011057
-0.605068 0.114238 0.048365
-0.556406 0.065894 0.035740
-0.525893 0.024306 0.017878
-0.543331 0.041626 0.037600
-0.586626 0.084662 -0.023656
-0.567287 0.076717 -0.001019
-0.557211 0.066696 0.029860
-0.579057 0.088392 0.056450
-0.507319 0.005843 0.043810
-0.520118 0.018578 -0.010758
-0.471891 -0.029350 0.024087
-0.498699 0.008582 -0.032816
-0.541456 0.039784 -0.025408
-0.467432 -0.033779 0.019040
-0.556500 0.065992 0.022153
-0.569841 0.067982 -0.012058
-0.513848 0.023603 0.058403
-0.626295 0.131897 0.064649
-0.477051 -0.018344 -0.042466
-0.587883 0.097167 0.037631
-0.509854 0.019655 -0.002283
-0.610542 0.108414 0.008815
-0.614863 0.112703 0.019485
-0.568891 0.078316 -0.016415
-0.473513 -0.016449 -0.012700
-0.575337 0.084709 0.018358
-0.547462 0.047678 -0.038802
-0.622090 0.131147 0.059637
-0.520229 0.029962 0.001360
-0.620790 0.129861 0.042173
-0.465738 -0.035462 0.019745
-0.552517 0.050752 0.038482
-0.638454 0.140269 -0.001908
-0.514599 0.013076 0.044560
-0.458811 -0.031049 -0.032320
-0.583158 0.081204 0.016065
-0.471268 -0.029954 -0.021667
-0.575125 0.073206 0.059981
-0.624340 0.122129 -0.011092
-0.556062 0.055055 -0.038373
-0.576901 0.074971 0.060649
-0.599037 0.108267 -0.011552
-0.520929 0.019377 0.011638
-0.527251 0.028643 0.059215
-0.497660 -0.003753 0.039465
-0.621587 0.119399 -0.024289
-0.621177 0.118983 0.000410
-0.603901 0.101822 -0.009785
-0.509839 0.008347 0.041651
-0.487157 -0.005680 -0.041854
-0.461481 -0.028394 -0.039469
-0.594048 0.092030 -0.003390
-0.590338 0.094255 0.062672
-0.486357 -0.003696 0.013365
-0.597276 0.095235 0.001449
-0.505175 0.014986 0.054012
-0.466780 -0.023136 -0.017507
-0.459890 -0.037095 0.037589
-0.567745 0.077168 0.012719
-0.547861 0.057419 -0.008061
-0.564840 0.074285 0.002419
-0.534969 0.033313 0.048769
-0.514175 0.023951 -0.010421
-0.575849 0.073956 -0.027383
-0.543830 0.042127 0.020877
-0.524790 0.034507 -0.036991
-0.565398 0.074836 0.013706
-0.508756 0.007271 0.041763
-0.482011 -0.008024 0.042959
-0.597497 0.101700 -0.036007
-0.595827 0.093783 0.037800
-0.614253 0.112082 0.061634
-0.464413 -0.036769 -0.008554
-0.543604 0.053179 0.020867
-0.553862 0.054220 -0.038455
-0.487189 -0.014137 -0.015325
-0.478344 -0.022934 0.011769
-0.594882 0.104121 0.040282
-0.515763 0.014233 0.042108
-0.524576 0.022992 0.035881
-0.514810 0.013290 0.029795
-0.553917 0.063436 -0.006653
-0.588990 0.086989 0.042305
-0.509090 0.018890 0.013274
-0.638302 0.136006 -0.023052
-0.564811 0.074244 0.036823
-0.536609 0.034962 -0.008406
-0.461857 -0.039328 0.049473
-0.474368 -0.026866 -0.041733
-0.610774 0.108658 -0.031686
-0.510430 0.020215 0.033618
-0.559382 0.057583 0.006651
-0.626855 0.124611 0.037551
-0.601586 0.099511 0.020329
-0.626522 0.124297 -0.011626
-0.471528 -0.029709 0.017952
-0.543005 0.052591 0.000826
-0.542891 0.041190 0.031303
-0.495140 -0.006250 0.020704
-0.475031 -0.026208 -0.041289
-0.597288 0.106504 0.062947
-0.475248 -0.018056 0.056565
-0.544767 0.043068 -0.008578
-0.526046 0.024477 -0.034798
-0.551484 0.049723 0.045538
-0.545478 0.055037 0.034333
-0.551111 0.049363 0.012737
-0.623707 0.132762 0.035005
-0.577086 0.086461 -0.023576
-0.541181 0.050771 0.023748
-0.602540 0.100452 0.041024
-0.496458 -0.004942 0.025933
-0.522960 0.021383 0.043863
-0.519005 0.017476 -0.020452
-0.480503 -0.009504 -0.013316
-0.560457 0.058656 -0.004895
-0.466316 -0.023619 0.044744
-0.470353 -0.030878 0.023320
-0.508111 0.017909 0.036883
-0.491983 -0.009381 0.005068
-0.616145 0.113974 0.027594
-0.595084 0.104332 0.009872
-0.474628 -0.026615 -0.020427
-0.471417 -0.018522 -0.038827
-0.622071 0.119855 0.047247
-0.594397 0.093464 0.062759
-0.469880 -0.031333 -0.019534
-0.482285 -0.019008 -0.020352
-0.576464 0.081935 0.061968
-0.619500 0.128598 -0.011149
-0.509692 0.008219 -0.010313
-0.625595 0.134655 -0.014627
-0.533491 0.031867 -0.017708
-0.501614 0.011473 -0.017598
-0.465935 -0.035265 0.015897
-0.465981 -0.023953 0.046886
-0.488666 -0.012687 0.035868
-0.482572 -0.018740 0.029311
-0.549625 0.059153 0.046744
-0.488489 -0.012857 0.017845
-0.472390 -0.028857 0.031191
-0.614883 0.112727 0.006064
-0.514250 0.024012 0.027564
-0.598876 0.096821 0.012288
-0.591197 0.100453 0.058178
-0.587702 0.085735 -0.034058
-0.497595 0.007487 -0.036469
-0.557786 0.055986 0.040408
-0.621530 0.130614 -0.010260
-0.586796 0.091659 0.062507
-0.508126 0.006644 0.044874
-0.622010 0.131098 -0.029633
-0.619975 0.117781 0.023833
-0.511362 0.021136 0.047377
-0.628263 0.126014 0.026725
-0.576204 0.074306 -0.020793
-0.507749 0.006279 0.018152
-0.615228 0.113069 0.011311
-0.604948 0.102840 0.054283
-0.608464 0.117634 -0.013090
-0.591308 0.100570 0.041178
-0.474979 -0.015011 0.044211
-0.601163 0.105119 0.063254
-0.578720 0.088082 -0.017140
-0.584547 0.082595 -0.019970
-0.537556 0.047186 -0.024496
-0.564082 0.062262 -0.020004
-0.615546 0.124646 0.056620
-0.524935 0.034628 0.030241
-0.474189 -0.027072 0.038547
-0.578781 0.088146 -0.024205
-0.525224 0.028809 0.059165
-0.565898 0.075334 0.009409
-0.613184 0.120541 -0.035080
-0.527916 0.026333 -0.029445
-0.625944 0.134979 0.050192
-0.459713 -0.030160 -0.012105
-0.603439 0.101352 0.020601
-0.491870 -0.009487 -0.013497
-0.624414 0.122184 0.044091
-0.570751 0.068871 0.030855
-0.486672 -0.003365 -0.039128
-0.529773 0.039431 0.038938
-0.537130 0.046738 0.048453
-0.516649 0.026395 0.030997
-0.581853 0.091189 0.003636
-0.582241 0.080300 -0.005938
-0.529675 0.028072 -0.006299
-0.484478 -0.005555 -0.010455
-0.527587 0.037255 0.053713
-0.553086 0.062591 0.050310
-0.511686 0.010178 0.053571
-0.594564 0.092525 0.046974
-0.483480 -0.006546 -0.010985
-0.477368 -0.023903 0.006895
-0.521911 0.031628 0.017517
-0.465623 -0.035558 -0.032097
-0.458283 -0.031588 0.009011
-0.527517 0.037185 0.052359
-0.549449 0.047723 -0.017600
-0.619480 0.117295 0.007098
-0.465292 -0.024624 0.010141
-0.484201 -0.017122 0.031220
-0.530953 0.029330 0.027159
-0.597274 0.095235 -0.002649
-0.510792 0.020597 -0.031992
-0.473928 -0.027312 -0.019456
-0.633947 0.142123 0.047850
-0.568505 0.066644 0.018786
-0.462416 -0.038766 0.029598
-0.608511 0.117667 0.025675
-0.529178 0.038836 0.050144
-0.523521 0.021965 -0.029166
-0.571016 0.079050 -0.037327
-0.505500 0.015313 0.042946
-0.616681 0.125804 -0.031116
-0.478886 -0.011118 0.010569
-0.530675 0.029050 0.038497
-0.552983 0.051237 -0.025891
-0.540565 0.050149 0.053585
-0.530987 0.032358 0.059415
-0.515877 0.014349 0.035376
-0.634999 0.144001 -0.022937
-0.504451 0.003007 0.006595
-0.584715 0.094013 0.056717
-0.614265 0.114812 0.063866
-0.519816 0.028728 0.059018
-0.485334 -0.016000 0.040870
-0.511820 0.020770 -0.040482
-0.604486 0.102404 -0.010805
-0.531061 0.040707 0.052370
-0.528213 0.037880 0.041403
-0.616938 0.126042 0.020951
-0.577491 0.086865 -0.025054
-0.566803 0.076231 0.016503
-0.592583 0.101848 0.006482
-0.620725 0.129790 0.062226
-0.490180 -0.011159 -0.031662
-0.489054 -0.001004 -0.021833
-0.636975 0.134657 0.065008
-0.471738 -0.018228 0.034193
-0.576692 0.078614 -0.037186
-0.559297 0.057499 0.005501
-0.562537 0.060728 -0.023649
-0.458237 -0.031637 0.018517
-0.497959 -0.003430 -0.032878
-0.520956 0.030683 0.004321
-0.614381 0.112234 -0.009805
-0.557845 0.067324 0.035600
-0.599356 0.105885 0.063227
-0.634235 0.143231 0.009667
-0.492034 0.001951 -0.005228
-0.608681 0.117832 0.035961
-0.545996 0.055544 0.056079
-0.528797 0.027193 0.012734
-0.501915 0.008300 -0.041083
-0.461696 -0.028194 0.002018
-0.539641 0.041557 -0.039177
-0.523209 0.021633 0.035973
-0.527757 0.037421 0.058939
-0.548047 0.057605 -0.009799
-0.464209 -0.036964 -0.030943
-0.606370 0.115528 0.059608
-0.457982 -0.033845 0.012903
-0.496352 0.006245 -0.017397
-0.484344 -0.005683 -0.022913
-0.459126 -0.033356 -0.017524
-0.478320 -0.011694 0.049263
-0.589483 0.087506 -0.035575
-0.637162 0.142389 -0.017121
-0.557206 0.055405 0.053199
-0.600777 0.098708 0.017086
-0.571670 0.069783 0.032741
-0.585786 0.095105 -0.022495
-0.622907 0.131972 0.019124
-0.517625 0.016090 0.021939
-0.584036 0.093355 0.010631
-0.570321 0.079732 0.001492
-0.567869 0.066012 0.016845
-0.553863 0.052086 0.046129
-0.554045 0.052282 0.003042
-0.522702 0.032399 0.058958
-0.524931 0.023346 0.029734
-0.496792 0.006671 0.012944
-0.605807 0.103718 -0.015266
-0.595788 0.094194 0.062816
-0.551164 0.049411 0.027595
-0.467352 -0.022586 0.031785
-0.583228 0.092543 0.035985
-0.489304 -0.000753 -0.028974
-0.605883 0.103780 0.022607
-0.477432 -0.023832 -0.014985
-0.631323 0.129073 -0.027413
-0.561795 0.059980 0.010895
-0.463569 -0.026342 0.026221
-0.629817 0.127559 0.024692
-0.634814 0.143820 -0.029654
-0.630568 0.128297 0.048156
-0.627293 0.125066 -0.019899
-0.474145 -0.017383 0.056553
-0.464792 -0.025116 -0.006661
-0.600985 0.110201 -0.008204
-0.583022 0.091264 0.062395
-0.533054 0.031417 0.030867
-0.469372 -0.020557 -0.030889
-0.596356 0.105611 -0.033479
-0.623038 0.120835 -0.009746
-0.543713 0.042014 0.010004
-0.531215 0.040877 0.001579
-0.534078 0.032441 0.011474
-0.482040 -0.019268 0.029322
-0.516431 0.014913 -0.007257
-0.577138 0.075213 0.044043
-0.601417 0.099342 0.025867
-0.584688 0.082714 0.043293
-0.495073 -0.006328 0.055728
-0.616842 0.125961 -0.023844
-0.484278 -0.005767 0.025713
-0.570487 0.068607 0.036575
-0.534015 0.032373 0.027788
-0.480068 -0.009946 0.017719
-0.472877 -0.028377 0.042894
-0.617288 0.126400 -0.008451
-0.597045 0.094985 0.060322
-0.538752 0.037082 0.017056
-0.539331 0.037659 0.012757
-0.462666 -0.038519 0.032643
-0.618281 0.116102 0.010587
-0.485187 -0.011580 -0.042066
-0.514931 0.013423 -0.003783
-0.622806 0.120590 0.031154
-0.577117 0.075219 -0.036673
-0.470725 -0.019233 0.027699
-0.483640 -0.017686 0.050906
-0.557109 0.055312 0.044549
-0.634060 0.143062 -0.006063
-0.502346 0.012196 -0.003220
-0.480697 -0.009304 -0.032758
-0.548023 0.046287 0.036285
-0.503737 0.002305 -0.018640
-0.463387 -0.034330 0.055809
-0.525039 0.023453 0.030925
-0.617525 0.115366 -0.032541
-0.461254 -0.028638 0.014703
-0.532364 0.030749 -0.020280
-0.558520 0.068004 0.007931
-0.509126 0.018939 -0.023687
-0.483623 -0.017684 -0.006077
-0.554205 0.052429 0.036659
-0.608117 0.117277 0.019910
-0.588517 0.097815 -0.010103
-0.503009 0.001558 0.050765
-0.504650 0.014485 -0.003172
-0.555358 0.064857 0.022707
-0.548031 0.046311 -0.007506
-0.570904 0.080313 -0.006398
-0.623472 0.121255 0.023113
-0.547037 0.047526 -0.038818
-0.542001 0.040306 0.032452
-0.530724 0.029110 0.007168
-0.532378 0.030739 0.048777
-0.523938 0.033660 -0.034672
-0.555792 0.054020 -0.003709
-0.504121 0.013956 0.005124
-0.583460 0.082990 -0.036887
-0.573953 0.072068 -0.013261
-0.562336 0.060501 0.057531
-0.604012 0.101917 0.033518
-0.604649 0.113831 0.023807
-0.474468 -0.026792 0.029938
-0.511043 0.020850 -0.039800
-0.613339 0.111176 0.054516
-0.611941 0.121078 0.016425
-0.541041 0.050635 0.015752
-0.610107 0.119268 -0.019666
-0.516437 0.023868 -0.040274
-0.581849 0.091197 -0.033537
-0.623391 0.132442 0.051346
-0.581604 0.079647 0.051093
-0.458260 -0.034282 0.015832
-0.585645 0.083681 -0.003612
-0.549127 0.058685 -0.031104
-0.467832 -0.033393 0.054629
-0.586858 0.096148 0.041332
-0.585360 0.083385 0.062246
-0.522192 0.020623 0.035323
-0.489578 -0.011775 0.017085
-0.638866 0.138116 0.030337
-0.617593 0.126694 0.016149
-0.502684 0.012532 -0.006519
-0.538743 0.037061 0.054536
-0.555261 0.053491 0.000699
-0.477514 -0.012493 0.044233
-0.541109 0.039422 0.026426
-0.624824 0.122587 0.055234
-0.528143 0.026536 0.036174
-0.567588 0.077021 -0.011308
-0.561743 0.071217 -0.022762
-0.566217 0.064372 0.015329
-0.631472 0.129218 -0.020191
-0.626406 0.135448 0.021341
-0.625325 0.134379 0.007594
-0.622244 0.131298 0.064373
-0.536227 0.045840 0.048955
-0.635383 0.133100 -0.005813
-0.570296 0.079700 0.018827
-0.501270 0.011125 0.002114
-0.613550 0.118479 0.063946
-0.597981 0.095917 0.056389
-0.574525 0.083907 0.004996
-0.546473 0.056034 0.008634
-0.483722 -0.017605 0.052981
-0.492081 -0.009284 0.007511
-0.587627 0.085644 0.014804
-0.575282 0.073368 0.042295
-0.543846 0.042160 -0.029580
-0.495163 0.005068 -0.029706
-0.558341 0.067824 0.013907
-0.541920 0.040244 -0.024248
-0.626350 0.124107 0.045740
-0.493653 -0.007730 0.029892
-0.510887 0.020690 -0.027953
-0.620986 0.118784 0.026362
-0.561715 0.071186 -0.015868
-0.489397 -0.011939 -0.027107
-0.618644 0.127748 -0.013642
-0.563066 0.065578 -0.037902
-0.489366 -0.000701 -0.002565
-0.580192 0.089546 -0.019574
-0.471288 -0.018657 -0.018274
-0.531921 0.030314 -0.035194
-0.520721 0.030455 -0.011318
-0.485961 -0.015381 0.052394
-0.460589 -0.029294 0.001012
-0.579613 0.077693 -0.017011
-0.559025 0.066280 0.061080
-0.472764 -0.028468 -0.019162
-0.524684 0.023096 0.042865
-0.529685 0.028083 -0.008005
-0.478432 -0.022847 0.011585
-0.470181 -0.031044 0.006978
-0.458847 -0.031016 -0.026146
-0.576266 0.085620 0.051112
-0.627155 0.136191 0.024716
-0.503478 0.002042 -0.000140
-0.601160 0.099099 -0.012977
-0.478704 -0.012243 0.056814
-0.616892 0.125991 0.032897
