#usda 1.0
(
    customLayerData = {
        string creator = "omni.kit.converter.hoops_core 509.1.0 hoops_cad_converter 9.2.0+v9-2-0.2340.42272a51.gl"
    }
    defaultPrim = "penholder_assembly"
    metersPerUnit = 0.001
    upAxis = "Z"
)

def Xform "penholder_assembly" (
    kind = "assembly"
)
{
    class Scope "Prototypes" (
        kind = "group"
    )
    {
        def Xform "Body" (
            kind = "component"
        )
        {
            def Mesh "Mesh" (
                prepend apiSchemas = ["MaterialBindingAPI"]
            )
            {
                float3[] extent = [(-38.980762, -80, -25.392305), (38.980762, 2e-15, 25.392305)]
                int[] faceVertexCounts = [3, 3, 3, 3, 3, 3, 3, 3, 3, 3, 3, 3, 3, 3, 3, 3, 3, 3, 3, 3, 3, 3, 3, 3, 3, 3, 3, 3, 3, 3, 3, 3, 3, 3, 3, 3, 3, 3, 3, 3, 3, 3, 3, 3, 3, 3, 3, 3, 3, 3, 3, 3, 3, 3, 3, 3, 3, 3, 3, 3, 3, 3, 3, 3, 3, 3, 3, 3, 3, 3, 3, 3, 3, 3, 3, 3, 3, 3, 3, 3, 3, 3, 3, 3, 3, 3, 3, 3, 3, 3, 3, 3, 3, 3, 3, 3, 3, 3, 3, 3, 3, 3, 3, 3, 3, 3, 3, 3, 3, 3, 3, 3, 3, 3, 3, 3, 3, 3, 3, 3, 3, 3, 3, 3, 3, 3, 3, 3, 3, 3, 3, 3, 3, 3, 3, 3, 3, 3, 3, 3, 3, 3, 3, 3, 3, 3, 3, 3, 3, 3, 3, 3, 3, 3, 3, 3, 3, 3, 3, 3, 3, 3, 3, 3, 3, 3, 3, 3, 3, 3, 3, 3, 3, 3, 3, 3, 3, 3, 3, 3, 3, 3, 3, 3, 3, 3, 3, 3, 3, 3, 3, 3, 3, 3, 3, 3, 3, 3, 3, 3, 3, 3, 3, 3, 3, 3, 3, 3, 3, 3, 3, 3, 3, 3, 3, 3, 3, 3, 3, 3, 3, 3, 3, 3, 3, 3, 3, 3, 3, 3, 3, 3, 3, 3, 3, 3, 3, 3, 3, 3, 3, 3, 3, 3, 3, 3, 3, 3, 3, 3, 3, 3, 3, 3, 3, 3, 3, 3, 3, 3, 3, 3, 3, 3, 3, 3, 3, 3, 3, 3, 3, 3, 3, 3, 3, 3, 3, 3, 3, 3, 3, 3, 3, 3, 3, 3, 3, 3, 3, 3, 3, 3, 3, 3, 3, 3, 3, 3, 3, 3, 3, 3, 3, 3, 3, 3, 3, 3, 3, 3, 3, 3, 3, 3, 3, 3, 3, 3, 3, 3, 3, 3, 3, 3, 3, 3, 3, 3, 3, 3, 3, 3, 3, 3, 3, 3, 3, 3, 3, 3, 3, 3, 3, 3, 3, 3, 3, 3, 3, 3, 3, 3, 3, 3, 3, 3, 3, 3, 3, 3, 3, 3, 3, 3, 3, 3, 3, 3, 3, 3, 3, 3, 3, 3, 3, 3, 3, 3, 3, 3, 3, 3, 3, 3, 3, 3, 3, 3, 3, 3, 3, 3, 3, 3, 3, 3, 3, 3, 3, 3, 3, 3, 3, 3, 3, 3, 3, 3, 3, 3, 3, 3, 3, 3, 3, 3, 3, 3, 3, 3, 3, 3, 3, 3, 3, 3, 3, 3, 3, 3, 3, 3, 3, 3, 3, 3, 3, 3, 3, 3, 3, 3, 3, 3, 3, 3, 3, 3, 3, 3, 3, 3, 3, 3, 3, 3, 3, 3, 3, 3, 3, 3, 3, 3, 3, 3, 3, 3, 3, 3, 3, 3, 3, 3, 3, 3, 3, 3, 3, 3, 3, 3, 3, 3, 3, 3, 3, 3, 3, 3, 3, 3, 3, 3, 3, 3, 3, 3, 3, 3, 3, 3, 3, 3, 3, 3, 3, 3, 3, 3, 3, 3, 3, 3, 3, 3, 3, 3, 3, 3, 3, 3, 3, 3, 3, 3, 3, 3, 3, 3, 3, 3, 3, 3, 3, 3, 3, 3, 3, 3, 3, 3, 3, 3, 3, 3, 3, 3, 3, 3, 3, 3, 3, 3, 3, 3, 3, 3, 3, 3, 3, 3, 3, 3, 3, 3, 3, 3, 3, 3, 3, 3, 3, 3, 3, 3, 3, 3, 3, 3, 3, 3, 3, 3, 3, 3, 3, 3, 3, 3, 3, 3, 3, 3, 3, 3, 3, 3, 3, 3, 3, 3, 3, 3, 3, 3, 3, 3, 3, 3, 3, 3, 3, 3, 3, 3, 3, 3, 3, 3, 3, 3, 3, 3, 3, 3, 3, 3, 3, 3, 3, 3, 3, 3, 3, 3, 3, 3, 3, 3, 3, 3, 3, 3, 3, 3, 3, 3, 3, 3, 3, 3, 3, 3, 3, 3, 3, 3, 3, 3, 3, 3, 3, 3, 3, 3, 3, 3, 3, 3, 3, 3, 3, 3, 3, 3, 3, 3, 3, 3, 3, 3, 3, 3, 3, 3, 3, 3, 3, 3, 3, 3, 3, 3, 3, 3, 3, 3, 3, 3, 3, 3, 3, 3, 3, 3, 3, 3, 3, 3, 3, 3, 3, 3, 3, 3, 3, 3, 3, 3, 3, 3, 3, 3, 3, 3, 3, 3, 3, 3, 3, 3, 3, 3, 3, 3, 3, 3, 3, 3, 3, 3, 3, 3, 3, 3, 3, 3, 3, 3, 3, 3, 3, 3, 3, 3, 3, 3, 3, 3, 3, 3, 3, 3, 3, 3, 3, 3, 3, 3, 3, 3, 3, 3, 3, 3, 3, 3, 3, 3, 3, 3, 3, 3, 3, 3, 3, 3, 3, 3, 3, 3, 3, 3, 3, 3, 3, 3, 3, 3, 3, 3, 3, 3, 3, 3, 3, 3, 3, 3, 3, 3, 3, 3, 3, 3, 3, 3, 3, 3, 3, 3, 3, 3, 3, 3, 3, 3, 3, 3, 3, 3, 3, 3, 3, 3, 3, 3, 3, 3, 3, 3, 3, 3, 3, 3, 3, 3, 3, 3, 3, 3, 3, 3, 3, 3, 3, 3, 3, 3, 3, 3, 3, 3, 3, 3, 3, 3, 3, 3, 3, 3, 3, 3, 3, 3, 3, 3, 3, 3, 3, 3, 3, 3, 3, 3, 3, 3, 3, 3, 3, 3, 3, 3, 3, 3, 3, 3, 3, 3, 3, 3, 3, 3, 3, 3, 3, 3, 3, 3, 3, 3, 3, 3, 3, 3, 3, 3, 3, 3, 3, 3, 3, 3, 3, 3, 3, 3, 3, 3, 3, 3, 3, 3, 3, 3, 3, 3, 3, 3, 3, 3, 3, 3, 3, 3, 3, 3, 3, 3, 3, 3, 3, 3, 3, 3, 3, 3, 3, 3, 3, 3, 3, 3, 3, 3, 3, 3, 3, 3, 3, 3, 3, 3, 3, 3, 3, 3, 3, 3, 3, 3, 3, 3, 3, 3, 3, 3, 3, 3, 3, 3, 3, 3, 3, 3, 3, 3, 3, 3, 3, 3, 3, 3, 3, 3, 3, 3, 3, 3, 3, 3, 3, 3, 3, 3, 3, 3, 3, 3, 3, 3, 3, 3, 3, 3, 3, 3, 3, 3, 3, 3, 3, 3, 3, 3, 3, 3, 3, 3, 3, 3, 3, 3, 3, 3, 3, 3, 3, 3, 3, 3, 3, 3, 3, 3, 3, 3, 3, 3, 3, 3, 3, 3, 3, 3, 3, 3, 3, 3, 3, 3, 3, 3, 3, 3, 3, 3, 3, 3, 3, 3, 3, 3, 3, 3, 3, 3, 3, 3, 3, 3, 3, 3, 3, 3, 3, 3, 3, 3, 3, 3, 3, 3, 3, 3, 3, 3, 3, 3, 3, 3, 3, 3, 3, 3, 3, 3, 3, 3, 3, 3, 3, 3, 3, 3, 3, 3, 3, 3, 3, 3, 3, 3, 3, 3, 3, 3, 3, 3, 3, 3, 3, 3, 3, 3, 3, 3, 3, 3, 3, 3, 3, 3, 3, 3, 3, 3, 3, 3, 3, 3, 3, 3, 3, 3, 3, 3, 3, 3, 3, 3, 3, 3, 3, 3, 3, 3, 3, 3, 3, 3, 3, 3, 3, 3, 3, 3, 3, 3, 3, 3, 3, 3, 3, 3, 3, 3, 3, 3, 3, 3, 3, 3, 3, 3, 3, 3, 3, 3, 3, 3, 3, 3, 3, 3, 3, 3, 3, 3, 3, 3, 3, 3, 3, 3, 3, 3, 3, 3, 3, 3, 3, 3, 3, 3, 3, 3, 3, 3, 3, 3, 3, 3, 3, 3, 3, 3, 3, 3, 3, 3, 3, 3, 3, 3, 3, 3, 3, 3, 3, 3, 3, 3, 3, 3, 3, 3, 3, 3, 3, 3, 3, 3, 3, 3, 3, 3, 3, 3, 3, 3, 3, 3, 3, 3, 3, 3, 3, 3, 3, 3, 3, 3, 3, 3, 3, 3, 3, 3, 3, 3, 3, 3, 3, 3, 3, 3, 3, 3, 3, 3, 3, 3, 3, 3, 3, 3, 3, 3, 3, 3, 3, 3, 3, 3, 3, 3, 3, 3, 3, 3, 3, 3, 3, 3, 3, 3, 3, 3, 3, 3, 3, 3, 3, 3, 3, 3, 3, 3, 3, 3, 3, 3, 3, 3, 3, 3, 3, 3, 3, 3, 3, 3, 3, 3, 3, 3, 3, 3, 3, 3, 3, 3, 3, 3, 3, 3, 3, 3, 3, 3, 3, 3, 3, 3, 3, 3, 3, 3, 3, 3, 3, 3, 3, 3, 3, 3, 3, 3, 3, 3, 3, 3, 3, 3, 3, 3, 3, 3, 3, 3, 3, 3, 3, 3, 3, 3, 3, 3, 3, 3, 3, 3, 3, 3, 3, 3, 3, 3, 3, 3, 3, 3, 3, 3, 3, 3, 3, 3, 3, 3, 3, 3, 3, 3, 3, 3, 3, 3, 3, 3, 3, 3, 3, 3, 3, 3, 3, 3, 3, 3, 3, 3, 3, 3, 3, 3, 3, 3, 3, 3, 3, 3, 3, 3, 3, 3, 3, 3, 3, 3, 3, 3, 3, 3, 3, 3, 3, 3, 3, 3, 3, 3, 3, 3, 3, 3, 3, 3, 3, 3, 3, 3, 3, 3, 3, 3, 3, 3, 3, 3, 3, 3, 3, 3, 3, 3, 3, 3, 3, 3, 3, 3, 3, 3, 3, 3, 3, 3, 3, 3, 3, 3, 3, 3, 3, 3, 3, 3, 3, 3, 3, 3, 3, 3, 3, 3, 3, 3, 3, 3, 3, 3, 3, 3, 3, 3, 3, 3, 3, 3, 3, 3, 3, 3, 3, 3, 3, 3, 3, 3, 3, 3, 3, 3, 3, 3, 3, 3, 3, 3, 3, 3, 3, 3, 3, 3, 3, 3, 3, 3, 3, 3, 3, 3, 3, 3, 3, 3, 3, 3, 3, 3, 3, 3, 3, 3, 3, 3, 3, 3, 3, 3, 3, 3, 3, 3, 3, 3, 3, 3, 3, 3, 3, 3, 3, 3, 3, 3, 3, 3, 3, 3, 3, 3, 3, 3, 3, 3, 3, 3, 3, 3, 3, 3, 3, 3, 3, 3, 3, 3, 3, 3, 3, 3, 3, 3, 3, 3, 3, 3, 3, 3, 3, 3, 3, 3, 3, 3, 3, 3, 3, 3, 3, 3, 3, 3, 3, 3, 3, 3, 3, 3, 3, 3, 3, 3, 3, 3, 3, 3, 3, 3, 3, 3, 3, 3, 3, 3, 3, 3, 3, 3, 3, 3, 3, 3, 3, 3, 3, 3, 3, 3, 3, 3, 3, 3, 3, 3, 3, 3, 3, 3, 3, 3, 3, 3, 3, 3, 3, 3, 3, 3, 3, 3, 3, 3, 3, 3, 3, 3, 3, 3, 3, 3, 3, 3, 3, 3, 3, 3, 3, 3, 3, 3, 3, 3, 3, 3, 3, 3, 3, 3, 3, 3, 3, 3, 3, 3, 3, 3, 3, 3, 3, 3, 3, 3, 3, 3, 3, 3, 3, 3, 3, 3, 3, 3, 3, 3, 3, 3, 3, 3, 3, 3, 3, 3, 3, 3, 3, 3, 3, 3, 3, 3, 3, 3, 3, 3, 3, 3, 3, 3, 3, 3, 3, 3, 3, 3, 3, 3, 3, 3, 3, 3, 3, 3, 3, 3, 3, 3, 3, 3, 3, 3, 3, 3, 3, 3, 3, 3, 3, 3, 3, 3, 3, 3, 3, 3, 3, 3, 3, 3, 3, 3, 3, 3, 3, 3, 3, 3, 3, 3, 3, 3, 3, 3, 3, 3, 3, 3, 3, 3, 3, 3, 3, 3, 3, 3, 3, 3, 3, 3, 3, 3, 3, 3, 3, 3, 3, 3, 3, 3, 3, 3, 3, 3, 3, 3, 3, 3, 3, 3, 3, 3, 3, 3, 3, 3, 3, 3, 3, 3, 3, 3, 3, 3, 3, 3, 3, 3, 3, 3, 3, 3, 3, 3, 3, 3, 3, 3, 3, 3, 3, 3, 3, 3, 3, 3, 3, 3, 3, 3, 3, 3, 3, 3, 3, 3, 3, 3, 3, 3, 3, 3, 3, 3, 3, 3, 3, 3, 3, 3, 3, 3, 3, 3, 3, 3, 3, 3, 3, 3, 3, 3, 3, 3, 3, 3, 3, 3, 3, 3, 3, 3, 3, 3, 3, 3, 3, 3, 3, 3, 3, 3, 3, 3, 3, 3, 3, 3, 3, 3, 3, 3, 3, 3, 3, 3, 3, 3, 3, 3, 3, 3, 3, 3, 3, 3, 3, 3, 3, 3, 3, 3, 3, 3, 3, 3, 3, 3, 3, 3, 3, 3, 3, 3, 3, 3, 3, 3, 3, 3, 3, 3, 3, 3, 3, 3, 3, 3, 3, 3, 3, 3, 3, 3, 3, 3, 3, 3, 3, 3, 3, 3, 3, 3, 3, 3, 3, 3, 3, 3, 3, 3, 3, 3, 3, 3, 3, 3, 3, 3, 3, 3, 3, 3, 3, 3, 3, 3, 3, 3, 3, 3, 3, 3, 3, 3, 3, 3, 3, 3, 3, 3, 3, 3, 3, 3, 3, 3, 3, 3, 3, 3, 3, 3, 3, 3, 3, 3, 3, 3, 3, 3, 3, 3, 3, 3, 3, 3, 3, 3, 3, 3, 3, 3, 3, 3, 3, 3, 3, 3, 3, 3, 3, 3, 3, 3, 3, 3, 3, 3, 3, 3, 3, 3, 3, 3, 3, 3, 3, 3, 3, 3, 3, 3, 3, 3, 3, 3, 3, 3, 3, 3, 3, 3, 3, 3, 3, 3, 3, 3, 3, 3, 3, 3, 3, 3, 3, 3, 3, 3, 3, 3, 3, 3, 3, 3, 3, 3, 3, 3, 3, 3, 3, 3, 3, 3, 3, 3, 3, 3, 3, 3, 3, 3, 3, 3, 3, 3, 3, 3, 3, 3, 3, 3, 3, 3, 3, 3, 3, 3, 3, 3, 3, 3, 3, 3, 3, 3, 3, 3, 3, 3, 3, 3, 3, 3, 3, 3, 3, 3, 3, 3, 3, 3, 3, 3, 3, 3, 3, 3, 3, 3, 3, 3, 3, 3, 3, 3, 3, 3, 3, 3, 3, 3, 3, 3, 3, 3, 3, 3, 3, 3, 3, 3, 3, 3, 3, 3, 3, 3, 3, 3, 3, 3, 3, 3, 3, 3, 3, 3, 3, 3, 3, 3, 3, 3, 3, 3, 3, 3, 3, 3, 3, 3, 3, 3, 3, 3, 3, 3, 3, 3, 3, 3, 3, 3, 3, 3, 3, 3, 3, 3, 3, 3, 3, 3, 3, 3, 3, 3, 3, 3, 3, 3, 3, 3, 3, 3, 3, 3, 3, 3, 3, 3, 3, 3, 3, 3, 3, 3, 3, 3, 3, 3, 3, 3, 3, 3, 3, 3, 3, 3, 3, 3, 3, 3, 3, 3, 3, 3, 3, 3, 3, 3, 3, 3, 3, 3, 3, 3, 3, 3, 3, 3, 3, 3, 3, 3, 3, 3, 3, 3, 3, 3, 3, 3, 3, 3, 3, 3, 3, 3, 3, 3, 3, 3, 3, 3, 3, 3, 3, 3, 3, 3, 3, 3, 3, 3, 3, 3, 3, 3, 3, 3, 3, 3, 3, 3, 3, 3, 3, 3, 3, 3, 3, 3, 3, 3, 3, 3, 3, 3, 3, 3, 3, 3, 3, 3, 3, 3, 3, 3, 3, 3, 3, 3, 3, 3, 3, 3, 3, 3, 3, 3, 3, 3, 3, 3, 3, 3, 3, 3, 3, 3, 3, 3, 3, 3, 3, 3, 3, 3, 3, 3, 3, 3, 3, 3, 3, 3, 3, 3, 3, 3, 3, 3, 3, 3, 3, 3, 3, 3, 3, 3, 3, 3, 3, 3, 3, 3, 3, 3, 3, 3, 3, 3, 3, 3, 3, 3, 3, 3, 3, 3, 3, 3, 3, 3, 3, 3, 3, 3, 3, 3, 3, 3, 3, 3, 3, 3, 3, 3, 3, 3, 3, 3, 3, 3, 3, 3, 3, 3, 3, 3, 3, 3, 3, 3, 3, 3, 3, 3, 3, 3, 3, 3, 3, 3, 3, 3, 3, 3, 3, 3, 3, 3, 3, 3, 3, 3, 3, 3, 3, 3, 3, 3, 3, 3, 3, 3, 3, 3, 3, 3, 3, 3, 3, 3, 3, 3, 3, 3, 3, 3, 3, 3, 3, 3, 3, 3, 3, 3, 3, 3, 3, 3, 3, 3, 3, 3, 3, 3, 3, 3, 3, 3, 3, 3, 3, 3, 3, 3, 3, 3, 3, 3, 3, 3, 3, 3, 3, 3, 3, 3, 3, 3, 3, 3, 3, 3, 3, 3, 3, 3, 3, 3, 3, 3, 3, 3, 3, 3, 3, 3, 3, 3, 3, 3, 3, 3, 3, 3, 3, 3, 3, 3, 3, 3, 3, 3, 3, 3, 3, 3, 3, 3, 3, 3, 3, 3, 3, 3, 3, 3, 3, 3, 3, 3, 3, 3, 3, 3, 3, 3, 3, 3, 3, 3, 3, 3, 3, 3, 3, 3, 3, 3, 3, 3, 3, 3, 3, 3, 3, 3, 3, 3, 3, 3, 3, 3, 3, 3, 3, 3, 3, 3, 3, 3, 3, 3, 3, 3, 3, 3, 3, 3, 3, 3, 3, 3, 3, 3, 3, 3, 3, 3, 3, 3, 3, 3, 3, 3, 3, 3, 3, 3, 3, 3, 3, 3, 3, 3, 3, 3, 3, 3, 3, 3, 3, 3, 3, 3, 3, 3, 3, 3, 3, 3, 3, 3, 3, 3, 3, 3, 3, 3, 3, 3, 3, 3, 3, 3, 3, 3, 3, 3, 3, 3, 3, 3, 3, 3, 3, 3, 3, 3, 3, 3, 3, 3, 3, 3, 3, 3, 3, 3, 3, 3, 3, 3, 3, 3, 3, 3, 3, 3, 3, 3, 3, 3, 3, 3, 3, 3, 3, 3, 3, 3, 3, 3, 3, 3, 3, 3, 3, 3, 3, 3, 3, 3, 3, 3, 3, 3, 3, 3, 3, 3, 3, 3, 3, 3, 3, 3, 3, 3, 3, 3, 3, 3, 3, 3, 3, 3, 3, 3, 3, 3, 3, 3, 3, 3, 3, 3, 3, 3, 3, 3, 3, 3, 3, 3, 3, 3, 3, 3, 3, 3, 3, 3, 3, 3, 3, 3, 3, 3, 3, 3, 3, 3, 3, 3, 3, 3, 3, 3, 3, 3, 3, 3, 3, 3, 3, 3, 3, 3, 3, 3, 3, 3, 3, 3, 3, 3, 3, 3, 3, 3, 3, 3, 3, 3, 3, 3, 3, 3, 3, 3, 3, 3, 3, 3, 3, 3, 3, 3, 3, 3, 3, 3, 3, 3, 3, 3, 3, 3, 3, 3, 3, 3, 3, 3, 3, 3, 3, 3, 3, 3, 3, 3, 3, 3, 3, 3, 3, 3, 3, 3, 3, 3, 3, 3, 3, 3, 3, 3, 3, 3, 3, 3, 3, 3, 3, 3, 3, 3, 3, 3, 3, 3, 3, 3, 3, 3, 3, 3, 3, 3, 3, 3, 3, 3, 3, 3, 3, 3, 3, 3, 3, 3, 3, 3, 3, 3, 3, 3, 3, 3, 3, 3, 3, 3, 3, 3, 3, 3, 3, 3, 3, 3, 3, 3, 3, 3, 3, 3, 3, 3, 3, 3, 3, 3, 3, 3, 3, 3, 3, 3, 3, 3, 3, 3, 3, 3, 3, 3, 3, 3, 3, 3, 3, 3, 3, 3, 3, 3, 3, 3, 3, 3, 3, 3, 3, 3, 3, 3, 3, 3, 3, 3, 3, 3, 3, 3, 3, 3, 3, 3, 3, 3, 3, 3, 3, 3, 3, 3, 3, 3, 3, 3, 3, 3, 3, 3, 3, 3, 3, 3, 3, 3, 3, 3, 3, 3, 3, 3, 3, 3, 3, 3, 3, 3, 3, 3, 3, 3, 3, 3, 3, 3, 3, 3, 3, 3, 3, 3, 3, 3, 3, 3, 3, 3, 3, 3, 3, 3, 3, 3, 3, 3, 3, 3, 3, 3, 3, 3, 3, 3, 3, 3, 3, 3, 3, 3, 3, 3, 3, 3, 3, 3, 3, 3, 3, 3, 3, 3, 3, 3, 3, 3]
                int[] faceVertexIndices = [0, 1, 2, 3, 1, 4, 5, 0, 2, 6, 0, 5, 7, 8, 9, 5, 10, 11, 12, 4, 8, 3, 2, 1, 5, 11, 6, 13, 14, 5, 15, 16, 13, 14, 13, 16, 15, 13, 17, 5, 2, 13, 18, 19, 20, 21, 15, 17, 22, 19, 23, 19, 10, 5, 10, 19, 18, 24, 21, 17, 12, 8, 25, 25, 8, 7, 19, 26, 20, 27, 3, 28, 29, 30, 26, 28, 4, 12, 3, 4, 28, 19, 22, 26, 31, 23, 32, 31, 33, 23, 22, 23, 33, 24, 17, 34, 29, 26, 22, 17, 35, 36, 34, 17, 36, 29, 37, 30, 38, 39, 40, 41, 39, 42, 43, 44, 45, 46, 47, 48, 47, 49, 48, 43, 45, 42, 40, 39, 41, 46, 50, 47, 51, 52, 53, 54, 52, 51, 50, 55, 56, 46, 55, 50, 51, 57, 54, 58, 47, 50, 59, 60, 58, 61, 57, 51, 42, 45, 41, 62, 63, 64, 49, 47, 64, 65, 66, 67, 40, 41, 67, 65, 68, 62, 68, 69, 62, 66, 65, 62, 67, 66, 40, 62, 69, 63, 60, 59, 70, 71, 51, 72, 60, 47, 58, 73, 62, 74, 73, 75, 72, 74, 75, 73, 72, 51, 73, 73, 66, 62, 62, 64, 47, 61, 51, 71, 76, 77, 78, 77, 76, 79, 80, 81, 82, 82, 81, 83, 84, 85, 83, 86, 87, 88, 89, 90, 91, 81, 92, 93, 81, 80, 92, 87, 92, 88, 92, 80, 88, 83, 81, 94, 84, 94, 95, 84, 83, 94, 96, 95, 97, 95, 96, 84, 93, 98, 94, 99, 100, 96, 92, 101, 93, 93, 94, 81, 93, 102, 98, 102, 93, 101, 103, 104, 87, 98, 95, 94, 101, 92, 87, 95, 98, 105, 106, 103, 86, 96, 107, 84, 108, 109, 106, 110, 90, 89, 106, 109, 103, 101, 87, 104, 111, 112, 113, 109, 114, 115, 109, 108, 114, 112, 114, 113, 114, 108, 113, 103, 109, 116, 116, 117, 104, 104, 103, 116, 102, 118, 119, 102, 101, 118, 117, 118, 104, 101, 104, 118, 114, 120, 115, 121, 116, 115, 115, 120, 122, 121, 117, 116, 123, 124, 112, 116, 109, 115, 120, 114, 112, 118, 117, 125, 126, 123, 111, 87, 86, 103, 90, 127, 128, 98, 102, 129, 97, 130, 99, 99, 96, 97, 99, 130, 131, 132, 133, 131, 129, 134, 105, 105, 98, 129, 130, 135, 136, 130, 97, 135, 134, 135, 105, 135, 97, 105, 95, 105, 97, 131, 130, 137, 132, 137, 138, 132, 131, 137, 139, 138, 140, 138, 139, 132, 136, 141, 137, 142, 143, 139, 135, 144, 136, 136, 137, 130, 136, 145, 141, 145, 136, 144, 146, 147, 134, 141, 138, 137, 144, 135, 134, 138, 141, 148, 119, 146, 129, 139, 149, 132, 125, 150, 119, 119, 118, 125, 151, 144, 147, 152, 146, 150, 119, 150, 146, 144, 134, 147, 153, 125, 154, 155, 121, 122, 146, 152, 147, 150, 125, 153, 154, 155, 156, 125, 117, 154, 129, 102, 119, 157, 150, 153, 158, 152, 159, 160, 151, 147, 145, 151, 161, 144, 151, 145, 151, 160, 161, 147, 152, 160, 162, 157, 163, 157, 164, 165, 166, 152, 157, 152, 150, 157, 153, 156, 164, 134, 129, 146, 154, 117, 121, 141, 145, 167, 115, 122, 121, 131, 168, 99, 169, 170, 126, 171, 172, 173, 126, 170, 123, 120, 112, 124, 174, 175, 176, 177, 173, 172, 170, 178, 179, 170, 169, 178, 175, 178, 176, 178, 169, 176, 123, 170, 180, 180, 181, 124, 124, 123, 180, 122, 182, 183, 122, 120, 182, 181, 182, 124, 120, 124, 182, 179, 184, 185, 179, 180, 170, 181, 186, 187, 181, 180, 186, 178, 184, 179, 186, 180, 179, 184, 178, 175, 182, 181, 188, 189, 190, 174, 112, 111, 123, 191, 192, 189, 193, 173, 177, 189, 192, 190, 194, 175, 190, 195, 196, 197, 192, 198, 199, 192, 191, 198, 196, 200, 198, 198, 191, 197, 201, 173, 193, 190, 192, 202, 184, 194, 203, 184, 175, 194, 185, 203, 204, 203, 185, 184, 202, 205, 194, 185, 186, 179, 202, 199, 206, 199, 202, 192, 205, 206, 207, 206, 205, 202, 199, 200, 208, 205, 203, 194, 194, 190, 202, 203, 205, 209, 208, 210, 206, 175, 174, 190, 186, 185, 211, 183, 212, 155, 183, 155, 122, 155, 212, 156, 156, 153, 154, 187, 213, 188, 187, 188, 181, 212, 214, 215, 212, 183, 214, 213, 214, 188, 214, 183, 188, 183, 182, 188, 156, 212, 216, 216, 217, 164, 164, 156, 216, 218, 219, 164, 164, 217, 218, 165, 220, 157, 221, 215, 222, 215, 216, 212, 223, 224, 216, 215, 225, 226, 214, 222, 215, 215, 227, 216, 222, 214, 213, 215, 228, 225, 211, 229, 187, 164, 157, 153, 211, 204, 230, 204, 211, 185, 229, 230, 231, 230, 229, 211, 209, 232, 204, 233, 213, 229, 209, 207, 234, 207, 209, 205, 232, 234, 173, 234, 232, 209, 235, 234, 236, 232, 230, 204, 204, 203, 209, 230, 232, 90, 237, 233, 238, 222, 213, 233, 239, 233, 231, 233, 229, 231, 240, 222, 241, 90, 173, 127, 173, 90, 232, 90, 242, 243, 90, 110, 231, 231, 230, 90, 244, 245, 233, 213, 187, 229, 187, 186, 211, 128, 242, 90, 210, 236, 207, 155, 154, 121, 246, 173, 201, 140, 247, 142, 142, 139, 140, 142, 247, 248, 249, 250, 248, 167, 251, 148, 148, 141, 167, 247, 252, 253, 247, 140, 252, 251, 252, 148, 252, 140, 148, 138, 148, 140, 248, 247, 254, 249, 254, 255, 249, 248, 254, 256, 255, 257, 255, 256, 249, 253, 258, 254, 259, 260, 256, 252, 261, 253, 253, 254, 247, 258, 253, 262, 262, 253, 261, 263, 264, 251, 258, 255, 254, 261, 252, 251, 255, 258, 265, 161, 263, 167, 256, 266, 249, 161, 267, 263, 161, 160, 267, 268, 263, 267, 263, 251, 167, 264, 268, 269, 268, 264, 263, 261, 264, 270, 269, 270, 264, 264, 261, 251, 145, 161, 167, 257, 271, 259, 259, 256, 257, 272, 259, 271, 273, 274, 272, 270, 275, 262, 270, 262, 261, 276, 257, 265, 265, 258, 277, 275, 278, 277, 265, 257, 255, 277, 258, 262, 279, 265, 277, 272, 280, 273, 281, 274, 273, 280, 282, 283, 280, 284, 273, 276, 282, 271, 272, 271, 280, 276, 279, 285, 279, 276, 265, 286, 282, 285, 285, 282, 276, 279, 278, 287, 282, 280, 271, 271, 257, 276, 283, 288, 280, 277, 262, 275, 289, 259, 272, 290, 270, 269, 290, 291, 275, 290, 275, 270, 278, 291, 292, 291, 278, 275, 287, 278, 293, 278, 279, 277, 294, 142, 248, 237, 295, 222, 196, 198, 197, 83, 296, 82, 195, 297, 196, 297, 195, 298, 298, 299, 300, 196, 297, 301, 299, 302, 303, 300, 303, 304, 303, 300, 299, 305, 306, 302, 300, 297, 298, 307, 173, 246, 297, 300, 308, 200, 301, 309, 301, 200, 196, 208, 309, 310, 309, 208, 200, 308, 311, 301, 208, 206, 199, 308, 304, 312, 304, 308, 300, 311, 312, 313, 312, 311, 308, 314, 315, 304, 311, 309, 301, 301, 297, 308, 309, 311, 316, 306, 314, 303, 200, 199, 198, 317, 318, 305, 305, 318, 306, 306, 303, 302, 319, 320, 321, 322, 173, 307, 318, 323, 324, 318, 317, 323, 320, 323, 321, 323, 317, 321, 306, 318, 325, 314, 325, 326, 314, 306, 325, 315, 326, 327, 326, 315, 314, 324, 328, 325, 315, 312, 304, 323, 329, 324, 324, 325, 318, 324, 330, 328, 330, 324, 329, 331, 332, 320, 328, 326, 325, 329, 323, 320, 326, 328, 333, 334, 331, 319, 314, 304, 303, 127, 173, 322, 312, 315, 335, 310, 336, 210, 210, 208, 310, 210, 336, 236, 236, 234, 207, 313, 337, 316, 316, 311, 313, 336, 338, 339, 336, 310, 338, 337, 338, 316, 338, 310, 316, 309, 316, 310, 236, 336, 340, 235, 340, 341, 235, 236, 340, 341, 342, 343, 342, 341, 340, 339, 344, 340, 338, 345, 339, 339, 340, 336, 339, 346, 344, 346, 339, 345, 347, 348, 337, 344, 342, 340, 345, 338, 337, 342, 344, 349, 335, 347, 313, 235, 173, 234, 335, 327, 350, 335, 315, 327, 347, 350, 351, 350, 347, 335, 333, 352, 327, 345, 337, 348, 328, 353, 333, 333, 327, 326, 333, 354, 352, 354, 333, 353, 355, 356, 330, 352, 350, 327, 313, 312, 335, 350, 352, 357, 351, 358, 348, 348, 347, 351, 346, 359, 360, 346, 345, 359, 358, 359, 348, 345, 348, 359, 357, 361, 362, 357, 351, 350, 358, 363, 364, 358, 351, 363, 352, 361, 357, 363, 351, 357, 361, 352, 354, 359, 358, 365, 356, 366, 353, 337, 313, 347, 328, 330, 353, 344, 346, 367, 332, 355, 329, 210, 207, 206, 368, 369, 334, 173, 370, 171, 334, 369, 331, 329, 320, 332, 371, 372, 373, 369, 374, 375, 369, 368, 374, 372, 374, 373, 374, 368, 373, 331, 369, 376, 332, 376, 377, 332, 331, 376, 355, 377, 378, 377, 355, 332, 375, 379, 376, 353, 330, 356, 374, 380, 375, 375, 376, 369, 375, 381, 379, 381, 375, 380, 382, 383, 372, 379, 377, 376, 380, 374, 372, 377, 379, 384, 385, 382, 371, 330, 329, 355, 386, 387, 385, 235, 370, 173, 385, 387, 382, 380, 372, 383, 388, 296, 389, 387, 390, 391, 387, 386, 390, 296, 390, 389, 390, 386, 389, 278, 292, 293, 382, 387, 392, 392, 393, 383, 383, 382, 392, 381, 394, 395, 381, 380, 394, 393, 394, 383, 380, 383, 394, 390, 85, 391, 391, 392, 387, 107, 391, 85, 396, 393, 392, 296, 83, 85, 396, 392, 391, 85, 390, 296, 394, 393, 397, 388, 82, 296, 372, 371, 382, 379, 381, 398, 378, 399, 356, 356, 355, 378, 356, 399, 366, 400, 354, 366, 398, 401, 384, 384, 379, 398, 399, 402, 403, 399, 378, 402, 401, 404, 402, 402, 378, 384, 377, 384, 378, 366, 399, 405, 361, 400, 406, 361, 354, 400, 362, 406, 407, 406, 362, 361, 405, 408, 400, 362, 363, 357, 405, 403, 409, 403, 405, 399, 408, 409, 410, 409, 408, 405, 403, 404, 411, 408, 406, 400, 400, 366, 405, 406, 408, 412, 402, 384, 401, 353, 366, 354, 397, 413, 395, 395, 394, 397, 401, 414, 415, 401, 398, 414, 395, 413, 414, 414, 398, 395, 396, 107, 100, 107, 396, 391, 416, 397, 417, 100, 417, 396, 107, 96, 100, 417, 397, 393, 398, 381, 395, 168, 417, 100, 401, 415, 404, 414, 413, 418, 419, 404, 415, 415, 414, 418, 416, 420, 413, 403, 411, 409, 416, 168, 133, 168, 416, 417, 421, 418, 420, 133, 420, 416, 168, 131, 133, 420, 418, 413, 413, 397, 416, 422, 415, 418, 100, 99, 168, 404, 403, 402, 417, 393, 396, 149, 420, 133, 85, 84, 107, 320, 319, 331, 287, 285, 279, 363, 362, 423, 424, 425, 426, 424, 426, 427, 349, 428, 424, 349, 424, 342, 429, 349, 367, 428, 425, 424, 349, 344, 367, 346, 360, 367, 425, 430, 431, 430, 432, 433, 431, 430, 434, 435, 432, 436, 435, 433, 432, 437, 438, 430, 433, 434, 430, 429, 439, 428, 429, 428, 349, 438, 432, 430, 440, 437, 439, 428, 439, 437, 437, 430, 425, 428, 437, 425, 432, 438, 441, 360, 442, 367, 431, 443, 425, 365, 444, 360, 365, 360, 359, 360, 444, 442, 445, 429, 442, 423, 446, 364, 423, 364, 363, 444, 447, 448, 444, 365, 447, 446, 447, 364, 447, 365, 364, 365, 358, 364, 442, 444, 449, 439, 445, 450, 429, 445, 439, 440, 450, 451, 450, 440, 439, 449, 452, 445, 440, 438, 437, 444, 448, 449, 449, 445, 442, 453, 449, 448, 448, 447, 454, 455, 456, 446, 445, 452, 450, 447, 446, 454, 457, 448, 454, 407, 455, 423, 429, 367, 442, 342, 424, 343, 438, 440, 458, 459, 460, 461, 462, 463, 459, 436, 461, 460, 461, 432, 441, 464, 461, 441, 458, 441, 438, 461, 436, 432, 462, 459, 461, 465, 441, 458, 466, 467, 468, 462, 467, 463, 468, 469, 466, 468, 467, 462, 465, 470, 464, 465, 464, 441, 468, 471, 472, 468, 462, 471, 470, 471, 464, 471, 462, 464, 462, 461, 464, 473, 471, 470, 451, 474, 458, 450, 475, 451, 451, 458, 440, 474, 451, 476, 476, 451, 475, 453, 477, 452, 478, 465, 474, 453, 457, 479, 457, 453, 448, 480, 475, 477, 479, 477, 453, 481, 482, 457, 477, 475, 452, 452, 449, 453, 483, 477, 479, 478, 470, 465, 474, 476, 484, 478, 484, 485, 478, 474, 484, 480, 486, 476, 470, 478, 487, 480, 483, 488, 483, 480, 477, 486, 488, 489, 488, 486, 480, 490, 491, 483, 486, 484, 476, 476, 475, 480, 484, 486, 492, 482, 490, 479, 465, 458, 474, 452, 475, 450, 493, 488, 491, 456, 481, 454, 412, 494, 407, 407, 406, 412, 455, 407, 494, 455, 446, 423, 419, 495, 411, 419, 411, 404, 496, 412, 410, 410, 409, 497, 495, 498, 497, 410, 412, 408, 423, 362, 407, 499, 410, 497, 455, 500, 456, 500, 455, 494, 481, 456, 501, 501, 456, 500, 496, 502, 494, 481, 457, 454, 496, 499, 503, 499, 496, 410, 504, 500, 502, 503, 502, 496, 499, 498, 505, 502, 500, 494, 494, 412, 496, 503, 506, 502, 497, 411, 495, 456, 454, 446, 419, 507, 495, 507, 419, 422, 422, 421, 508, 495, 507, 509, 421, 149, 143, 149, 421, 420, 508, 143, 294, 143, 508, 421, 149, 139, 143, 508, 507, 422, 422, 418, 421, 507, 508, 510, 498, 509, 511, 509, 498, 495, 512, 503, 505, 511, 505, 498, 510, 513, 509, 505, 503, 499, 510, 294, 250, 294, 510, 508, 514, 511, 513, 250, 513, 510, 294, 248, 250, 513, 511, 509, 509, 507, 510, 515, 505, 511, 143, 142, 294, 498, 499, 497, 419, 415, 422, 266, 513, 250, 481, 516, 482, 516, 481, 501, 501, 504, 517, 482, 516, 518, 504, 506, 519, 506, 504, 502, 517, 519, 520, 519, 517, 504, 512, 521, 506, 517, 516, 501, 501, 500, 504, 516, 517, 522, 490, 518, 523, 518, 490, 482, 523, 491, 490, 522, 524, 518, 491, 488, 483, 522, 520, 525, 520, 522, 517, 526, 523, 524, 525, 524, 522, 527, 528, 520, 524, 523, 518, 518, 516, 522, 529, 491, 523, 521, 527, 519, 490, 483, 479, 512, 515, 530, 515, 512, 505, 521, 530, 531, 530, 521, 512, 514, 532, 515, 521, 519, 506, 514, 266, 260, 266, 514, 513, 532, 260, 289, 260, 532, 514, 266, 256, 260, 532, 530, 515, 515, 511, 514, 530, 532, 533, 527, 531, 534, 531, 527, 521, 535, 525, 528, 534, 528, 527, 533, 536, 531, 528, 525, 520, 533, 289, 274, 289, 533, 532, 537, 534, 536, 274, 536, 533, 289, 272, 274, 536, 534, 531, 531, 530, 533, 538, 528, 534, 260, 259, 289, 527, 520, 519, 506, 503, 512, 539, 524, 525, 250, 249, 266, 482, 479, 457, 411, 497, 409, 540, 536, 274, 133, 132, 149, 370, 235, 341, 285, 287, 286, 286, 283, 282, 91, 90, 541, 541, 90, 243, 233, 239, 244, 542, 231, 543, 231, 110, 543, 239, 231, 544, 544, 231, 545, 545, 231, 546, 231, 542, 546, 233, 237, 222, 233, 547, 238, 233, 548, 547, 233, 549, 548, 233, 245, 549, 550, 222, 295, 221, 222, 240, 222, 551, 241, 222, 550, 551, 215, 221, 228, 227, 215, 552, 552, 215, 553, 553, 215, 554, 554, 215, 226, 216, 224, 555, 216, 227, 223, 217, 216, 556, 556, 216, 557, 557, 216, 555, 164, 558, 165, 164, 559, 558, 164, 560, 559, 164, 561, 560, 164, 219, 561, 562, 157, 220, 166, 157, 162, 157, 563, 163, 157, 562, 563, 152, 166, 564, 160, 152, 158, 152, 565, 159, 152, 566, 565, 152, 567, 566, 152, 568, 567, 152, 569, 568, 152, 570, 569, 564, 570, 152, 571, 572, 573, 574, 571, 575, 573, 575, 571, 576, 577, 578, 571, 574, 576, 577, 576, 574, 579, 580, 581, 582, 581, 583, 579, 584, 580, 581, 582, 579, 585, 586, 584, 586, 580, 584, 587, 588, 589, 590, 591, 592, 593, 594, 595, 596, 595, 591, 592, 585, 590, 595, 596, 593, 594, 593, 587, 596, 591, 590, 587, 589, 594, 586, 585, 592, 597, 598, 599, 600, 598, 601, 597, 599, 602, 603, 600, 601, 604, 603, 601, 598, 597, 601, 602, 605, 597, 605, 606, 597, 607, 608, 609, 607, 610, 608, 608, 611, 609, 612, 608, 606, 613, 604, 601, 613, 601, 614, 614, 615, 616, 617, 615, 618, 619, 618, 615, 616, 615, 610, 601, 615, 614, 620, 615, 617, 621, 622, 623, 620, 621, 623, 624, 625, 626, 625, 627, 626, 615, 620, 608, 619, 625, 628, 608, 610, 615, 629, 630, 631, 632, 630, 629, 630, 632, 633, 634, 633, 635, 632, 636, 633, 637, 633, 636, 637, 638, 633, 639, 640, 641, 641, 640, 642, 639, 641, 643, 642, 640, 633, 643, 644, 639, 633, 634, 642, 639, 644, 645, 637, 646, 647, 647, 638, 637, 646, 627, 647, 638, 635, 633, 627, 648, 649, 648, 627, 650, 649, 651, 627, 627, 651, 647, 652, 626, 627, 645, 653, 639, 639, 654, 655, 655, 656, 657, 655, 654, 656, 653, 654, 639, 627, 646, 652, 655, 657, 658, 606, 608, 597, 650, 659, 660, 659, 650, 661, 662, 663, 661, 662, 664, 663, 662, 661, 650, 658, 665, 655, 658, 666, 665, 665, 666, 667, 665, 668, 669, 670, 671, 672, 667, 671, 665, 671, 673, 665, 674, 672, 675, 660, 648, 650, 676, 677, 662, 678, 662, 679, 662, 678, 676, 680, 681, 674, 679, 681, 678, 677, 664, 662, 674, 681, 679, 671, 670, 673, 682, 670, 674, 674, 683, 684, 674, 684, 682, 684, 683, 685, 674, 670, 672, 686, 665, 673, 675, 680, 674, 686, 668, 665, 687, 669, 668, 688, 689, 690, 691, 692, 690, 693, 690, 692, 693, 692, 694, 695, 692, 696, 697, 698, 699, 698, 697, 695, 692, 695, 697, 692, 700, 696, 694, 692, 701, 689, 688, 702, 703, 701, 669, 691, 700, 692, 691, 704, 700, 705, 706, 707, 691, 706, 708, 691, 709, 704, 710, 711, 697, 699, 710, 697, 712, 713, 707, 707, 697, 714, 707, 714, 712, 713, 705, 707, 714, 697, 711, 691, 715, 709, 623, 608, 620, 630, 622, 631, 622, 630, 623, 611, 608, 612, 625, 619, 615, 628, 625, 624, 706, 691, 707, 715, 691, 708, 689, 691, 690, 683, 702, 716, 702, 683, 689, 685, 683, 716, 669, 701, 692, 703, 669, 687, 717, 718, 719, 719, 720, 721, 722, 721, 720, 717, 723, 718, 724, 721, 722, 725, 726, 724, 717, 719, 721, 724, 722, 725, 726, 727, 728, 727, 726, 725, 727, 729, 728, 728, 729, 730, 731, 730, 732, 731, 733, 734, 733, 731, 732, 730, 729, 732, 735, 736, 737, 738, 735, 739, 736, 740, 737, 737, 739, 735, 740, 741, 742, 740, 736, 741, 743, 744, 745, 746, 747, 748, 749, 750, 751, 747, 749, 752, 748, 742, 746, 751, 752, 749, 745, 751, 750, 748, 747, 752, 750, 743, 745, 746, 742, 741, 753, 754, 755, 756, 757, 758, 759, 754, 753, 759, 760, 761, 762, 763, 764, 765, 766, 754, 766, 755, 754, 766, 767, 763, 762, 755, 766, 768, 769, 770, 771, 754, 759, 772, 771, 761, 759, 761, 771, 772, 773, 774, 761, 773, 772, 772, 775, 771, 773, 776, 777, 775, 778, 765, 779, 765, 778, 767, 765, 779, 771, 775, 765, 765, 754, 771, 763, 762, 766, 761, 780, 773, 763, 781, 764, 782, 764, 781, 783, 763, 767, 781, 763, 783, 782, 784, 785, 766, 765, 767, 786, 787, 785, 784, 781, 788, 785, 784, 786, 787, 789, 790, 782, 781, 784, 786, 784, 791, 767, 792, 783, 793, 792, 767, 758, 783, 792, 783, 758, 757, 757, 788, 783, 794, 793, 779, 791, 788, 795, 784, 788, 791, 796, 797, 757, 797, 795, 788, 770, 769, 791, 757, 797, 788, 788, 781, 783, 795, 770, 791, 786, 798, 789, 779, 793, 767, 799, 800, 801, 777, 802, 774, 774, 773, 777, 802, 777, 803, 803, 804, 805, 772, 774, 806, 807, 808, 778, 774, 809, 806, 772, 806, 807, 809, 774, 802, 805, 810, 803, 805, 804, 811, 812, 810, 813, 805, 814, 810, 810, 815, 802, 810, 802, 803, 809, 802, 815, 810, 812, 815, 803, 777, 816, 792, 793, 794, 758, 792, 756, 797, 796, 795, 795, 768, 770, 753, 817, 759, 790, 818, 819, 789, 818, 790, 798, 786, 791, 820, 821, 822, 801, 800, 823, 824, 825, 818, 825, 819, 818, 820, 825, 821, 820, 819, 825, 826, 818, 789, 801, 826, 798, 826, 789, 798, 799, 801, 827, 798, 827, 801, 826, 828, 824, 769, 827, 798, 824, 829, 825, 818, 826, 824, 828, 830, 824, 829, 824, 830, 821, 831, 832, 826, 801, 828, 821, 825, 829, 833, 828, 801, 822, 832, 834, 791, 769, 798, 835, 836, 834, 801, 823, 837, 838, 835, 832, 834, 832, 835, 836, 839, 840, 831, 821, 829, 817, 841, 840, 760, 817, 839, 840, 839, 817, 817, 753, 841, 836, 835, 839, 801, 837, 842, 843, 839, 835, 831, 844, 838, 832, 831, 838, 845, 846, 830, 846, 829, 830, 831, 846, 844, 846, 831, 829, 843, 780, 760, 839, 843, 760, 847, 848, 844, 848, 838, 844, 843, 848, 780, 843, 838, 848, 843, 835, 838, 849, 844, 846, 760, 759, 817, 832, 822, 821, 850, 830, 828, 851, 852, 853, 854, 853, 852, 855, 853, 801, 801, 853, 833, 855, 856, 853, 857, 827, 769, 833, 853, 858, 854, 859, 860, 861, 862, 863, 862, 861, 860, 864, 858, 854, 853, 854, 858, 865, 864, 861, 854, 861, 864, 858, 866, 867, 860, 861, 854, 854, 852, 859, 866, 864, 868, 833, 867, 850, 869, 845, 850, 845, 830, 850, 870, 869, 867, 850, 867, 869, 845, 871, 849, 833, 858, 867, 849, 847, 844, 846, 845, 849, 847, 849, 872, 776, 848, 847, 776, 773, 780, 869, 871, 845, 833, 850, 828, 776, 847, 816, 866, 870, 867, 873, 871, 869, 873, 869, 870, 871, 874, 872, 875, 870, 866, 804, 816, 872, 847, 872, 816, 874, 873, 876, 872, 874, 804, 804, 803, 816, 871, 873, 874, 872, 849, 871, 873, 870, 877, 816, 777, 776, 858, 864, 866, 848, 776, 780, 804, 874, 878, 780, 761, 760, 789, 787, 786, 801, 842, 879, 855, 801, 879, 808, 779, 778, 737, 740, 880, 739, 737, 881, 740, 882, 880, 880, 881, 737, 882, 742, 883, 882, 740, 742, 744, 884, 885, 748, 752, 886, 751, 745, 887, 752, 751, 888, 886, 883, 748, 887, 888, 751, 885, 887, 745, 886, 752, 888, 745, 744, 885, 748, 883, 742, 889, 890, 891, 892, 889, 893, 890, 894, 891, 891, 893, 889, 894, 895, 896, 894, 890, 895, 897, 898, 899, 900, 901, 902, 903, 904, 905, 901, 903, 906, 902, 896, 900, 905, 906, 903, 899, 905, 904, 902, 901, 906, 904, 897, 899, 900, 896, 895, 907, 908, 909, 910, 911, 912, 913, 908, 907, 913, 914, 915, 916, 917, 918, 919, 920, 908, 920, 909, 908, 916, 920, 917, 916, 909, 920, 921, 922, 923, 924, 908, 913, 925, 924, 915, 924, 913, 915, 925, 926, 927, 915, 926, 925, 925, 928, 924, 926, 929, 930, 919, 931, 932, 908, 924, 919, 919, 928, 931, 919, 933, 920, 924, 928, 919, 917, 920, 933, 918, 934, 935, 915, 936, 926, 934, 917, 937, 938, 939, 935, 937, 933, 940, 937, 917, 933, 934, 941, 938, 934, 918, 917, 942, 943, 939, 937, 941, 934, 939, 938, 942, 943, 944, 945, 935, 934, 938, 942, 938, 946, 940, 933, 947, 911, 941, 937, 937, 940, 912, 911, 937, 912, 911, 948, 941, 933, 932, 947, 941, 949, 946, 948, 949, 941, 946, 949, 923, 950, 949, 948, 923, 922, 946, 911, 950, 948, 946, 938, 941, 942, 951, 944, 933, 919, 932, 952, 953, 954, 930, 955, 927, 927, 926, 930, 955, 930, 956, 956, 957, 958, 925, 927, 959, 960, 961, 931, 927, 962, 959, 925, 959, 960, 962, 927, 955, 958, 963, 956, 958, 957, 964, 965, 963, 966, 958, 967, 963, 963, 968, 955, 963, 955, 956, 962, 955, 968, 963, 965, 968, 956, 930, 969, 970, 947, 932, 970, 940, 947, 912, 940, 910, 949, 921, 923, 907, 971, 913, 945, 972, 973, 944, 972, 945, 951, 942, 946, 974, 975, 976, 954, 953, 977, 978, 979, 972, 979, 973, 972, 974, 979, 975, 974, 973, 979, 980, 972, 944, 954, 980, 951, 980, 944, 951, 952, 954, 981, 951, 981, 954, 980, 982, 978, 922, 981, 951, 978, 983, 979, 972, 980, 978, 982, 984, 978, 983, 978, 984, 975, 985, 986, 980, 954, 982, 975, 979, 983, 987, 982, 954, 976, 986, 988, 946, 922, 951, 989, 990, 988, 954, 977, 991, 992, 989, 986, 988, 986, 989, 990, 993, 994, 985, 975, 983, 971, 995, 994, 914, 971, 993, 994, 993, 971, 971, 907, 995, 990, 989, 993, 954, 991, 996, 997, 993, 989, 985, 998, 992, 986, 985, 992, 999, 1000, 984, 1000, 983, 984, 985, 1000, 998, 1000, 985, 983, 997, 936, 914, 993, 997, 914, 1001, 1002, 998, 1002, 992, 998, 997, 1002, 936, 997, 992, 1002, 997, 989, 992, 1003, 998, 1000, 914, 913, 971, 986, 976, 975, 1004, 984, 982, 1005, 1006, 1007, 1008, 1007, 1006, 1009, 1007, 954, 954, 1007, 987, 1009, 1010, 1007, 1011, 981, 922, 987, 1007, 1012, 1008, 1013, 1014, 1015, 1016, 1017, 1016, 1015, 1014, 1018, 1012, 1008, 1007, 1008, 1012, 1019, 1018, 1015, 1008, 1015, 1018, 1012, 1020, 1021, 1014, 1015, 1008, 1008, 1006, 1013, 1020, 1018, 1022, 987, 1021, 1004, 1023, 999, 1004, 999, 984, 1004, 1024, 1023, 1021, 1004, 1021, 1023, 999, 1025, 1003, 987, 1012, 1021, 1003, 1001, 998, 1000, 999, 1003, 1001, 1003, 1026, 929, 1002, 1001, 929, 926, 936, 1023, 1025, 999, 987, 1004, 982, 929, 1001, 969, 1020, 1024, 1021, 1027, 1025, 1023, 1027, 1023, 1024, 1025, 1028, 1026, 1029, 1024, 1020, 957, 969, 1026, 1001, 1026, 969, 1028, 1027, 1030, 1026, 1028, 957, 957, 956, 969, 1025, 1027, 1028, 1026, 1003, 1025, 1027, 1024, 1031, 969, 930, 929, 1012, 1018, 1020, 1002, 929, 936, 957, 1028, 1032, 936, 915, 914, 944, 943, 942, 954, 996, 1033, 1009, 954, 1033, 961, 932, 931, 1034, 1035, 889, 1036, 1034, 892, 1035, 890, 889, 889, 892, 1034, 890, 1037, 895, 890, 1035, 1037, 1038, 897, 904, 1039, 1040, 900, 1041, 1042, 903, 1040, 1041, 901, 900, 895, 1039, 903, 901, 1041, 904, 903, 1042, 900, 1040, 901, 1042, 1038, 904, 1039, 895, 1037, 1043, 1044, 1045, 1045, 1046, 1047, 1048, 1047, 1046, 1043, 1049, 1044, 1050, 1047, 1048, 1051, 1052, 1050, 1043, 1045, 1047, 1050, 1048, 1051, 1052, 1053, 1054, 1053, 1052, 1051, 1053, 1055, 1054, 1054, 1055, 1056, 1057, 1056, 1058, 1057, 1059, 1060, 1059, 1057, 1058, 1056, 1055, 1058, 1061, 1062, 1063, 1064, 1065, 1066, 1063, 1062, 1067, 1068, 1069, 1067, 1070, 1071, 1072, 1062, 1073, 1074, 1062, 1061, 1073, 1071, 1073, 1072, 1073, 1061, 1072, 1064, 1066, 1075, 1067, 1062, 1076, 1068, 1076, 1077, 1068, 1067, 1076, 1078, 1077, 1079, 1077, 1078, 1068, 1074, 1080, 1076, 1081, 1082, 1078, 1073, 1083, 1074, 1074, 1076, 1062, 1074, 1084, 1080, 1084, 1074, 1083, 1085, 1086, 1071, 1080, 1077, 1076, 1083, 1073, 1071, 1077, 1080, 1087, 1088, 1085, 1070, 1078, 1089, 1068, 1090, 1091, 1088, 1092, 1064, 1093, 1088, 1091, 1085, 1083, 1071, 1086, 1094, 1095, 1096, 1091, 1097, 1098, 1091, 1090, 1097, 1095, 1097, 1096, 1097, 1090, 1096, 1085, 1091, 1099, 1099, 1100, 1086, 1086, 1085, 1099, 1084, 1101, 1102, 1084, 1083, 1101, 1100, 1101, 1086, 1083, 1086, 1101, 1097, 1103, 1098, 1104, 1099, 1098, 1098, 1103, 1105, 1104, 1100, 1099, 1106, 1107, 1095, 1099, 1091, 1098, 1103, 1097, 1095, 1101, 1100, 1108, 1109, 1106, 1094, 1071, 1070, 1085, 1064, 1110, 1111, 1080, 1084, 1112, 1079, 1113, 1081, 1081, 1078, 1079, 1081, 1113, 1114, 1115, 1116, 1114, 1112, 1117, 1087, 1087, 1080, 1112, 1113, 1118, 1119, 1113, 1079, 1118, 1117, 1118, 1087, 1118, 1079, 1087, 1077, 1087, 1079, 1114, 1113, 1120, 1115, 1120, 1121, 1115, 1114, 1120, 1122, 1121, 1123, 1121, 1122, 1115, 1119, 1124, 1120, 1125, 1126, 1122, 1118, 1127, 1119, 1119, 1120, 1113, 1119, 1128, 1124, 1128, 1119, 1127, 1129, 1130, 1117, 1124, 1121, 1120, 1127, 1118, 1117, 1121, 1124, 1131, 1102, 1129, 1112, 1122, 1132, 1115, 1108, 1133, 1102, 1102, 1101, 1108, 1134, 1127, 1130, 1064, 1129, 1133, 1102, 1133, 1129, 1127, 1117, 1130, 1135, 1108, 1136, 1137, 1104, 1105, 1129, 1064, 1130, 1133, 1108, 1135, 1136, 1137, 1138, 1108, 1100, 1136, 1112, 1084, 1102, 1139, 1133, 1135, 1093, 1064, 1075, 1092, 1134, 1130, 1128, 1134, 1140, 1127, 1134, 1128, 1134, 1092, 1140, 1130, 1064, 1092, 1110, 1064, 1139, 1141, 1110, 1139, 1139, 1142, 1143, 1064, 1133, 1139, 1135, 1138, 1142, 1117, 1112, 1129, 1136, 1100, 1104, 1124, 1128, 1144, 1098, 1105, 1104, 1114, 1145, 1081, 1146, 1147, 1109, 1148, 1149, 1150, 1109, 1147, 1106, 1103, 1095, 1107, 1151, 1152, 1153, 1154, 1150, 1149, 1147, 1155, 1156, 1147, 1146, 1155, 1152, 1155, 1153, 1155, 1146, 1153, 1106, 1147, 1157, 1157, 1158, 1107, 1107, 1106, 1157, 1105, 1159, 1160, 1105, 1103, 1159, 1158, 1159, 1107, 1103, 1107, 1159, 1156, 1161, 1162, 1156, 1157, 1147, 1158, 1163, 1164, 1158, 1157, 1163, 1155, 1161, 1156, 1163, 1157, 1156, 1161, 1155, 1152, 1159, 1158, 1165, 1166, 1167, 1151, 1095, 1094, 1106, 1168, 1169, 1166, 1170, 1150, 1154, 1166, 1169, 1167, 1171, 1152, 1167, 1172, 1173, 1174, 1169, 1175, 1176, 1169, 1168, 1175, 1173, 1177, 1175, 1175, 1168, 1174, 1178, 1150, 1170, 1167, 1169, 1179, 1161, 1171, 1180, 1161, 1152, 1171, 1162, 1180, 1181, 1180, 1162, 1161, 1179, 1182, 1171, 1162, 1163, 1156, 1179, 1176, 1183, 1176, 1179, 1169, 1182, 1183, 1184, 1183, 1182, 1179, 1176, 1177, 1185, 1182, 1180, 1171, 1171, 1167, 1179, 1180, 1182, 1186, 1185, 1187, 1183, 1152, 1151, 1167, 1163, 1162, 1188, 1138, 1135, 1136, 1137, 1160, 1189, 1138, 1189, 1190, 1142, 1139, 1135, 1160, 1165, 1191, 1165, 1160, 1159, 1138, 1190, 1142, 1191, 1189, 1160, 1191, 1192, 1193, 1189, 1138, 1137, 1137, 1105, 1160, 1194, 1189, 1191, 1142, 1195, 1143, 1195, 1142, 1190, 1196, 1195, 1190, 1190, 1197, 1196, 1197, 1194, 1198, 1194, 1197, 1190, 1199, 1198, 1194, 1199, 1194, 1193, 1190, 1189, 1194, 1165, 1164, 1192, 1143, 1141, 1139, 1164, 1188, 1200, 1188, 1164, 1163, 1192, 1200, 1201, 1200, 1192, 1164, 1181, 1202, 1188, 1192, 1191, 1165, 1186, 1203, 1181, 1186, 1181, 1180, 1204, 1186, 1184, 1203, 1202, 1181, 1186, 1182, 1184, 1202, 1200, 1188, 1188, 1162, 1181, 1200, 1202, 1205, 1201, 1206, 1193, 1193, 1192, 1201, 1205, 1207, 1201, 1206, 1208, 1193, 1200, 1205, 1201, 1193, 1208, 1199, 1203, 1204, 1150, 1204, 1203, 1186, 1209, 1205, 1210, 1150, 1210, 1203, 1210, 1205, 1202, 1210, 1202, 1203, 1211, 1210, 1150, 1212, 1204, 1213, 1193, 1194, 1191, 1165, 1158, 1164, 1187, 1213, 1184, 1137, 1136, 1104, 1214, 1150, 1178, 1123, 1215, 1125, 1125, 1122, 1123, 1125, 1215, 1216, 1217, 1218, 1216, 1144, 1219, 1131, 1131, 1124, 1144, 1215, 1220, 1221, 1215, 1123, 1220, 1219, 1220, 1131, 1220, 1123, 1131, 1121, 1131, 1123, 1216, 1215, 1222, 1217, 1222, 1223, 1217, 1216, 1222, 1224, 1223, 1225, 1223, 1224, 1217, 1221, 1226, 1222, 1227, 1228, 1224, 1220, 1229, 1221, 1221, 1222, 1215, 1226, 1221, 1230, 1230, 1221, 1229, 1231, 1232, 1219, 1226, 1223, 1222, 1229, 1220, 1219, 1223, 1226, 1233, 1140, 1231, 1144, 1224, 1234, 1217, 1140, 1235, 1231, 1140, 1092, 1235, 1236, 1231, 1235, 1231, 1219, 1144, 1232, 1236, 1237, 1236, 1232, 1231, 1229, 1232, 1238, 1237, 1238, 1232, 1232, 1229, 1219, 1128, 1140, 1144, 1225, 1239, 1227, 1227, 1224, 1225, 1240, 1227, 1239, 1241, 1242, 1240, 1238, 1243, 1230, 1238, 1230, 1229, 1244, 1225, 1233, 1233, 1226, 1245, 1243, 1246, 1245, 1233, 1225, 1223, 1245, 1226, 1230, 1247, 1233, 1245, 1240, 1248, 1241, 1249, 1242, 1241, 1248, 1250, 1251, 1248, 1252, 1241, 1244, 1250, 1239, 1240, 1239, 1248, 1244, 1247, 1253, 1247, 1244, 1233, 1254, 1250, 1253, 1253, 1250, 1244, 1247, 1246, 1255, 1250, 1248, 1239, 1239, 1225, 1244, 1251, 1256, 1248, 1245, 1230, 1243, 1257, 1227, 1240, 1258, 1238, 1237, 1258, 1259, 1243, 1258, 1243, 1238, 1246, 1259, 1260, 1259, 1246, 1243, 1255, 1246, 1261, 1246, 1247, 1245, 1262, 1125, 1216, 1207, 1206, 1201, 1207, 1205, 1263, 1264, 1209, 1210, 1264, 1210, 1211, 1263, 1205, 1209, 1173, 1175, 1174, 1067, 1265, 1063, 1172, 1266, 1173, 1266, 1172, 1267, 1267, 1268, 1269, 1173, 1266, 1270, 1268, 1271, 1272, 1269, 1272, 1273, 1272, 1269, 1268, 1274, 1275, 1271, 1269, 1266, 1267, 1276, 1150, 1214, 1266, 1269, 1277, 1177, 1270, 1278, 1270, 1177, 1173, 1185, 1278, 1279, 1278, 1185, 1177, 1277, 1280, 1270, 1185, 1183, 1176, 1277, 1273, 1281, 1273, 1277, 1269, 1280, 1281, 1282, 1281, 1280, 1277, 1283, 1284, 1273, 1280, 1278, 1270, 1270, 1266, 1277, 1278, 1280, 1285, 1275, 1283, 1272, 1177, 1176, 1175, 1286, 1287, 1274, 1274, 1287, 1275, 1275, 1272, 1271, 1288, 1289, 1290, 1291, 1150, 1276, 1287, 1292, 1293, 1287, 1286, 1292, 1289, 1292, 1290, 1292, 1286, 1290, 1275, 1287, 1294, 1283, 1294, 1295, 1283, 1275, 1294, 1284, 1295, 1296, 1295, 1284, 1283, 1293, 1297, 1294, 1284, 1281, 1273, 1292, 1298, 1293, 1293, 1294, 1287, 1293, 1299, 1297, 1299, 1293, 1298, 1300, 1301, 1289, 1297, 1295, 1294, 1298, 1292, 1289, 1295, 1297, 1302, 1303, 1300, 1288, 1283, 1273, 1272, 1211, 1150, 1291, 1281, 1284, 1304, 1279, 1305, 1187, 1187, 1185, 1279, 1187, 1305, 1213, 1213, 1204, 1184, 1282, 1306, 1285, 1285, 1280, 1282, 1305, 1307, 1308, 1305, 1279, 1307, 1306, 1307, 1285, 1307, 1279, 1285, 1278, 1285, 1279, 1213, 1305, 1309, 1212, 1309, 1310, 1212, 1213, 1309, 1310, 1311, 1312, 1311, 1310, 1309, 1308, 1313, 1309, 1307, 1314, 1308, 1308, 1309, 1305, 1308, 1315, 1313, 1315, 1308, 1314, 1316, 1317, 1306, 1313, 1311, 1309, 1314, 1307, 1306, 1311, 1313, 1318, 1304, 1316, 1282, 1212, 1150, 1204, 1304, 1296, 1319, 1304, 1284, 1296, 1316, 1319, 1320, 1319, 1316, 1304, 1302, 1321, 1296, 1314, 1306, 1317, 1297, 1322, 1302, 1302, 1296, 1295, 1302, 1323, 1321, 1323, 1302, 1322, 1324, 1325, 1299, 1321, 1319, 1296, 1282, 1281, 1304, 1319, 1321, 1326, 1320, 1327, 1317, 1317, 1316, 1320, 1315, 1328, 1329, 1315, 1314, 1328, 1327, 1328, 1317, 1314, 1317, 1328, 1326, 1330, 1331, 1326, 1320, 1319, 1327, 1332, 1333, 1327, 1320, 1332, 1321, 1330, 1326, 1332, 1320, 1326, 1330, 1321, 1323, 1328, 1327, 1334, 1325, 1335, 1322, 1306, 1282, 1316, 1297, 1299, 1322, 1313, 1315, 1336, 1301, 1324, 1298, 1187, 1184, 1183, 1337, 1338, 1303, 1150, 1339, 1148, 1303, 1338, 1300, 1298, 1289, 1301, 1340, 1341, 1342, 1338, 1343, 1344, 1338, 1337, 1343, 1341, 1343, 1342, 1343, 1337, 1342, 1300, 1338, 1345, 1301, 1345, 1346, 1301, 1300, 1345, 1324, 1346, 1347, 1346, 1324, 1301, 1344, 1348, 1345, 1322, 1299, 1325, 1343, 1349, 1344, 1344, 1345, 1338, 1344, 1350, 1348, 1350, 1344, 1349, 1351, 1352, 1341, 1348, 1346, 1345, 1349, 1343, 1341, 1346, 1348, 1353, 1354, 1351, 1340, 1299, 1298, 1324, 1355, 1356, 1354, 1212, 1339, 1150, 1354, 1356, 1351, 1349, 1341, 1352, 1357, 1265, 1358, 1356, 1359, 1360, 1356, 1355, 1359, 1265, 1359, 1358, 1359, 1355, 1358, 1246, 1260, 1261, 1351, 1356, 1361, 1361, 1362, 1352, 1352, 1351, 1361, 1350, 1363, 1364, 1350, 1349, 1363, 1362, 1363, 1352, 1349, 1352, 1363, 1359, 1069, 1360, 1360, 1361, 1356, 1089, 1360, 1069, 1365, 1362, 1361, 1265, 1067, 1069, 1365, 1361, 1360, 1069, 1359, 1265, 1363, 1362, 1366, 1357, 1063, 1265, 1341, 1340, 1351, 1348, 1350, 1367, 1347, 1368, 1325, 1325, 1324, 1347, 1325, 1368, 1335, 1369, 1323, 1335, 1367, 1370, 1353, 1353, 1348, 1367, 1368, 1371, 1372, 1368, 1347, 1371, 1370, 1373, 1371, 1371, 1347, 1353, 1346, 1353, 1347, 1335, 1368, 1374, 1330, 1369, 1375, 1330, 1323, 1369, 1331, 1375, 1376, 1375, 1331, 1330, 1374, 1377, 1369, 1331, 1332, 1326, 1374, 1372, 1378, 1372, 1374, 1368, 1377, 1378, 1379, 1378, 1377, 1374, 1372, 1373, 1380, 1377, 1375, 1369, 1369, 1335, 1374, 1375, 1377, 1381, 1371, 1353, 1370, 1322, 1335, 1323, 1366, 1382, 1364, 1364, 1363, 1366, 1370, 1383, 1384, 1370, 1367, 1383, 1364, 1382, 1383, 1383, 1367, 1364, 1365, 1089, 1082, 1089, 1365, 1360, 1385, 1366, 1386, 1082, 1386, 1365, 1089, 1078, 1082, 1386, 1366, 1362, 1367, 1350, 1364, 1145, 1386, 1082, 1370, 1384, 1373, 1383, 1382, 1387, 1388, 1373, 1384, 1384, 1383, 1387, 1385, 1389, 1382, 1372, 1380, 1378, 1385, 1145, 1116, 1145, 1385, 1386, 1390, 1387, 1389, 1116, 1389, 1385, 1145, 1114, 1116, 1389, 1387, 1382, 1382, 1366, 1385, 1391, 1384, 1387, 1082, 1081, 1145, 1373, 1372, 1371, 1386, 1362, 1365, 1132, 1389, 1116, 1069, 1068, 1089, 1289, 1288, 1300, 1255, 1253, 1247, 1332, 1331, 1392, 1393, 1394, 1395, 1393, 1395, 1396, 1318, 1397, 1393, 1318, 1393, 1311, 1398, 1318, 1336, 1397, 1394, 1393, 1318, 1313, 1336, 1315, 1329, 1336, 1394, 1399, 1400, 1399, 1401, 1402, 1400, 1399, 1403, 1404, 1401, 1405, 1404, 1402, 1401, 1406, 1407, 1399, 1402, 1403, 1399, 1398, 1408, 1397, 1398, 1397, 1318, 1407, 1401, 1399, 1409, 1406, 1408, 1397, 1408, 1406, 1406, 1399, 1394, 1397, 1406, 1394, 1401, 1407, 1410, 1329, 1411, 1336, 1400, 1412, 1394, 1334, 1413, 1329, 1334, 1329, 1328, 1329, 1413, 1411, 1414, 1398, 1411, 1392, 1415, 1333, 1392, 1333, 1332, 1413, 1416, 1417, 1413, 1334, 1416, 1415, 1416, 1333, 1416, 1334, 1333, 1334, 1327, 1333, 1411, 1413, 1418, 1408, 1414, 1419, 1398, 1414, 1408, 1409, 1419, 1420, 1419, 1409, 1408, 1418, 1421, 1414, 1409, 1407, 1406, 1413, 1417, 1418, 1418, 1414, 1411, 1422, 1418, 1417, 1417, 1416, 1423, 1424, 1425, 1415, 1414, 1421, 1419, 1416, 1415, 1423, 1426, 1417, 1423, 1376, 1424, 1392, 1398, 1336, 1411, 1311, 1393, 1312, 1407, 1409, 1427, 1428, 1429, 1430, 1431, 1432, 1428, 1405, 1430, 1429, 1430, 1401, 1410, 1433, 1430, 1410, 1427, 1410, 1407, 1430, 1405, 1401, 1431, 1428, 1430, 1434, 1410, 1427, 1435, 1436, 1437, 1431, 1436, 1432, 1437, 1438, 1435, 1437, 1436, 1431, 1434, 1439, 1433, 1434, 1433, 1410, 1437, 1440, 1441, 1437, 1431, 1440, 1439, 1440, 1433, 1440, 1431, 1433, 1431, 1430, 1433, 1442, 1440, 1439, 1420, 1443, 1427, 1419, 1444, 1420, 1420, 1427, 1409, 1443, 1420, 1445, 1445, 1420, 1444, 1422, 1446, 1421, 1447, 1434, 1443, 1422, 1426, 1448, 1426, 1422, 1417, 1449, 1444, 1446, 1448, 1446, 1422, 1450, 1451, 1426, 1446, 1444, 1421, 1421, 1418, 1422, 1452, 1446, 1448, 1447, 1439, 1434, 1443, 1445, 1453, 1447, 1453, 1454, 1447, 1443, 1453, 1449, 1455, 1445, 1439, 1447, 1456, 1449, 1452, 1457, 1452, 1449, 1446, 1455, 1457, 1458, 1457, 1455, 1449, 1459, 1460, 1452, 1455, 1453, 1445, 1445, 1444, 1449, 1453, 1455, 1461, 1451, 1459, 1448, 1434, 1427, 1443, 1421, 1444, 1419, 1462, 1457, 1460, 1425, 1450, 1423, 1381, 1463, 1376, 1376, 1375, 1381, 1424, 1376, 1463, 1424, 1415, 1392, 1388, 1464, 1380, 1388, 1380, 1373, 1465, 1381, 1379, 1379, 1378, 1466, 1464, 1467, 1466, 1379, 1381, 1377, 1392, 1331, 1376, 1468, 1379, 1466, 1424, 1469, 1425, 1469, 1424, 1463, 1450, 1425, 1470, 1470, 1425, 1469, 1465, 1471, 1463, 1450, 1426, 1423, 1465, 1468, 1472, 1468, 1465, 1379, 1473, 1469, 1471, 1472, 1471, 1465, 1468, 1467, 1474, 1471, 1469, 1463, 1463, 1381, 1465, 1472, 1475, 1471, 1466, 1380, 1464, 1425, 1423, 1415, 1388, 1476, 1464, 1476, 1388, 1391, 1391, 1390, 1477, 1464, 1476, 1478, 1390, 1132, 1126, 1132, 1390, 1389, 1477, 1126, 1262, 1126, 1477, 1390, 1132, 1122, 1126, 1477, 1476, 1391, 1391, 1387, 1390, 1476, 1477, 1479, 1467, 1478, 1480, 1478, 1467, 1464, 1481, 1472, 1474, 1480, 1474, 1467, 1479, 1482, 1478, 1474, 1472, 1468, 1479, 1262, 1218, 1262, 1479, 1477, 1483, 1480, 1482, 1218, 1482, 1479, 1262, 1216, 1218, 1482, 1480, 1478, 1478, 1476, 1479, 1484, 1474, 1480, 1126, 1125, 1262, 1467, 1468, 1466, 1388, 1384, 1391, 1234, 1482, 1218, 1450, 1485, 1451, 1485, 1450, 1470, 1470, 1473, 1486, 1451, 1485, 1487, 1473, 1475, 1488, 1475, 1473, 1471, 1486, 1488, 1489, 1488, 1486, 1473, 1481, 1490, 1475, 1486, 1485, 1470, 1470, 1469, 1473, 1485, 1486, 1491, 1459, 1487, 1492, 1487, 1459, 1451, 1492, 1460, 1459, 1491, 1493, 1487, 1460, 1457, 1452, 1491, 1489, 1494, 1489, 1491, 1486, 1495, 1492, 1493, 1494, 1493, 1491, 1496, 1497, 1489, 1493, 1492, 1487, 1487, 1485, 1491, 1498, 1460, 1492, 1490, 1496, 1488, 1459, 1452, 1448, 1481, 1484, 1499, 1484, 1481, 1474, 1490, 1499, 1500, 1499, 1490, 1481, 1483, 1501, 1484, 1490, 1488, 1475, 1483, 1234, 1228, 1234, 1483, 1482, 1501, 1228, 1257, 1228, 1501, 1483, 1234, 1224, 1228, 1501, 1499, 1484, 1484, 1480, 1483, 1499, 1501, 1502, 1496, 1500, 1503, 1500, 1496, 1490, 1504, 1494, 1497, 1503, 1497, 1496, 1502, 1505, 1500, 1497, 1494, 1489, 1502, 1257, 1242, 1257, 1502, 1501, 1506, 1503, 1505, 1242, 1505, 1502, 1257, 1240, 1242, 1505, 1503, 1500, 1500, 1499, 1502, 1507, 1497, 1503, 1228, 1227, 1257, 1496, 1489, 1488, 1475, 1472, 1481, 1508, 1493, 1494, 1218, 1217, 1234, 1451, 1448, 1426, 1380, 1466, 1378, 1509, 1505, 1242, 1116, 1115, 1132, 1339, 1212, 1310, 1253, 1255, 1254, 1254, 1251, 1250, 1064, 1510, 1065, 1064, 1511, 1510, 1064, 1512, 1511, 1064, 1513, 1512, 1111, 1513, 1064, 1514, 1515, 1516, 1517, 1516, 1518, 1514, 1519, 1515, 1516, 1517, 1514, 1520, 1521, 1519, 1521, 1515, 1519, 1522, 1523, 1524, 1525, 1526, 1527, 1528, 1529, 1530, 1531, 1530, 1526, 1527, 1520, 1525, 1530, 1531, 1528, 1529, 1528, 1522, 1531, 1526, 1525, 1522, 1524, 1529, 1521, 1520, 1527, 1532, 1533, 1534, 1535, 1532, 1536, 1534, 1536, 1532, 1537, 1538, 1539, 1532, 1535, 1537, 1538, 1537, 1535, 1540, 1541, 1542, 1541, 1540, 1543, 1544, 1545, 1546, 1546, 1547, 1544, 1548, 1549, 1550, 1549, 1548, 1551, 1550, 1552, 1548, 1548, 1552, 1553, 1554, 1555, 1556, 1551, 1548, 1557, 1556, 1557, 1554, 1557, 1548, 1554, 1553, 1558, 1559, 1559, 1560, 1561, 1560, 1559, 1558, 1559, 1561, 1562, 1553, 1559, 1548, 1563, 1564, 1559, 1565, 1566, 1564, 1567, 1564, 1566, 1565, 1564, 1563, 1563, 1559, 1562, 1555, 1554, 1568, 1569, 1568, 1554, 1570, 1554, 1571, 1569, 1554, 1570, 1572, 1573, 1574, 1573, 1572, 1571, 1575, 1574, 1573, 1576, 1575, 1573, 1573, 1577, 1576, 1554, 1573, 1571, 1578, 1579, 1580, 1581, 1582, 1564, 1567, 1581, 1564, 1580, 1564, 1578, 1583, 1577, 1580, 1584, 1585, 1580, 1580, 1585, 1583, 1584, 1580, 1579, 1577, 1573, 1580, 1578, 1564, 1582, 1586, 1587, 1588, 1587, 1586, 1589, 1590, 1591, 1592, 1593, 1594, 1595, 1591, 1593, 1595, 1596, 1597, 1598, 1599, 1600, 1601, 1602, 1599, 1603, 1596, 1604, 1600, 1590, 1605, 1597, 1606, 1607, 1595, 1595, 1608, 1609, 1608, 1595, 1607, 1606, 1595, 1594, 1610, 1611, 1609, 1612, 1613, 1609, 1609, 1613, 1610, 1612, 1609, 1608, 1611, 1602, 1609, 1602, 1614, 1609, 1591, 1595, 1615, 1615, 1616, 1617, 1616, 1615, 1618, 1617, 1619, 1615, 1615, 1619, 1592, 1615, 1620, 1618, 1620, 1615, 1621, 1622, 1620, 1621, 1623, 1622, 1621, 1621, 1624, 1623, 1592, 1605, 1590, 1598, 1604, 1596, 1605, 1598, 1597, 1625, 1624, 1621, 1603, 1614, 1602, 1601, 1603, 1599, 1625, 1621, 1614, 1604, 1601, 1600, 1621, 1609, 1614, 1615, 1592, 1591, 1626, 1627, 1628, 1629, 1628, 1627, 1630, 1631, 1632, 1633, 1634, 1635, 1633, 1636, 1637, 1631, 1638, 1639, 1637, 1636, 1640, 1634, 1633, 1637, 1631, 1630, 1638, 1641, 1642, 1643, 1643, 1644, 1641, 1630, 1645, 1638, 1643, 1646, 1644, 1632, 1647, 1630, 1645, 1648, 1638, 1649, 1646, 1643, 1650, 1639, 1638, 1651, 1652, 1653, 1650, 1638, 1653, 1654, 1655, 1656, 1634, 1637, 1656, 1654, 1657, 1651, 1657, 1658, 1651, 1655, 1654, 1651, 1656, 1655, 1634, 1651, 1658, 1652, 1638, 1648, 1659, 1660, 1643, 1661, 1662, 1651, 1663, 1662, 1664, 1661, 1663, 1664, 1662, 1661, 1643, 1662, 1662, 1655, 1651, 1651, 1653, 1638, 1649, 1643, 1660, 1637, 1640, 1665, 1666, 1667, 1668, 1669, 1668, 1667, 1670, 1671, 1672, 1672, 1673, 1670, 1674, 1675, 1676, 1676, 1677, 1674, 1678, 1679, 1680, 1680, 1681, 1678, 1682, 1683, 1684, 1685, 1683, 1686, 1687, 1682, 1684, 1682, 1687, 1688, 1689, 1686, 1690, 1687, 1691, 1692, 1687, 1692, 1693, 1694, 1695, 1691, 1685, 1684, 1683, 1693, 1688, 1687, 1696, 1697, 1687, 1698, 1699, 1696, 1697, 1696, 1699, 1684, 1696, 1687, 1700, 1694, 1701, 1702, 1698, 1703, 1703, 1698, 1696, 1694, 1691, 1687, 1704, 1702, 1703, 1705, 1686, 1689, 1706, 1707, 1694, 1708, 1685, 1709, 1686, 1705, 1709, 1710, 1711, 1706, 1686, 1709, 1685, 1706, 1694, 1710, 1700, 1712, 1694, 1703, 1713, 1714, 1712, 1710, 1694, 1703, 1715, 1716, 1716, 1713, 1703, 1710, 1717, 1711, 1704, 1703, 1714, 1707, 1695, 1694, 1718, 1719, 1720, 1721, 1722, 1723, 1721, 1723, 1719, 1724, 1725, 1726, 1727, 1728, 1729, 1730, 1729, 1725, 1731, 1726, 1722, 1722, 1721, 1731, 1720, 1732, 1718, 1719, 1718, 1721, 1726, 1733, 1724, 1729, 1730, 1727, 1730, 1725, 1724, 1733, 1726, 1731, 1727, 1734, 1728, 1735, 1732, 1720, 1736, 1737, 1738, 1739, 1740, 1741, 1742, 1741, 1737, 1743, 1744, 1745, 1746, 1735, 1747, 1743, 1747, 1744, 1748, 1745, 1740, 1737, 1736, 1742, 1741, 1742, 1739, 1736, 1738, 1734, 1745, 1748, 1743, 1740, 1739, 1748, 1743, 1746, 1747, 1746, 1749, 1735, 1749, 1732, 1735, 1728, 1734, 1738, 1750, 1751, 1752, 1753, 1754, 1755, 1756, 1755, 1751, 1757, 1758, 1759, 1760, 1761, 1762, 1763, 1762, 1758, 1764, 1759, 1754, 1754, 1753, 1765, 1751, 1750, 1756, 1755, 1756, 1753, 1759, 1764, 1757, 1762, 1763, 1760, 1763, 1758, 1757, 1764, 1754, 1765, 1760, 1766, 1761, 1767, 1750, 1752, 1768, 1769, 1770, 1771, 1772, 1773, 1773, 1768, 1774, 1775, 1776, 1777, 1778, 1779, 1780, 1781, 1779, 1776, 1771, 1777, 1772, 1768, 1770, 1774, 1773, 1774, 1771, 1770, 1769, 1766, 1776, 1775, 1781, 1777, 1771, 1775, 1781, 1780, 1779, 1780, 1767, 1778, 1767, 1752, 1778, 1761, 1766, 1769, 1782, 1783, 1784, 1785, 1786, 1787, 1788, 1787, 1783, 1789, 1790, 1791, 1792, 1793, 1794, 1795, 1794, 1790, 1796, 1791, 1786, 1797, 1798, 1799, 1800, 1801, 1802, 1803, 1802, 1798, 1804, 1805, 1806, 1807, 1808, 1809, 1810, 1809, 1805, 1811, 1806, 1801, 1812, 1799, 1793, 1785, 1796, 1786, 1796, 1789, 1791, 1787, 1788, 1785, 1794, 1795, 1792, 1793, 1792, 1812, 1790, 1789, 1795, 1788, 1783, 1782, 1811, 1801, 1800, 1804, 1806, 1811, 1803, 1800, 1802, 1813, 1799, 1812, 1813, 1797, 1799, 1797, 1803, 1798, 1805, 1804, 1810, 1807, 1809, 1810, 1807, 1814, 1808, 1815, 1782, 1784, 1816, 1817, 1818, 1819, 1820, 1821, 1822, 1821, 1817, 1823, 1824, 1825, 1826, 1827, 1828, 1829, 1828, 1824, 1830, 1825, 1820, 1831, 1832, 1833, 1834, 1835, 1836, 1837, 1836, 1832, 1838, 1839, 1840, 1841, 1842, 1843, 1844, 1843, 1839, 1845, 1840, 1835, 1831, 1833, 1827, 1825, 1830, 1823, 1828, 1829, 1826, 1829, 1824, 1823, 1818, 1814, 1816, 1821, 1822, 1819, 1822, 1817, 1816, 1820, 1819, 1830, 1832, 1831, 1837, 1835, 1834, 1845, 1834, 1836, 1837, 1839, 1838, 1844, 1842, 1841, 1815, 1841, 1843, 1844, 1838, 1840, 1845, 1831, 1827, 1826, 1815, 1784, 1842, 1808, 1814, 1818, 1846, 1847, 1848, 1849, 1848, 1850, 1851, 1847, 1852, 1853, 1854, 1851, 1855, 1856, 1857, 1858, 1857, 1859, 1854, 1860, 1859, 1847, 1861, 1852, 1848, 1849, 1846, 1847, 1846, 1861, 1854, 1853, 1860, 1857, 1858, 1855, 1858, 1859, 1860, 1853, 1851, 1852, 1855, 1862, 1856, 1863, 1849, 1850, 1864, 1865, 1866, 1867, 1868, 1869, 1870, 1869, 1865, 1871, 1872, 1873, 1874, 1863, 1875, 1871, 1875, 1872, 1876, 1873, 1868, 1865, 1864, 1870, 1869, 1870, 1867, 1864, 1866, 1862, 1873, 1876, 1871, 1868, 1867, 1876, 1871, 1874, 1875, 1874, 1877, 1863, 1877, 1849, 1863, 1856, 1862, 1866, 1878, 1879, 1880, 1881, 1882, 1883, 1884, 1883, 1879, 1885, 1886, 1887, 1888, 1889, 1890, 1891, 1890, 1886, 1892, 1887, 1882, 1882, 1881, 1892, 1879, 1878, 1884, 1883, 1884, 1881, 1887, 1893, 1885, 1890, 1891, 1888, 1891, 1886, 1885, 1893, 1887, 1892, 1888, 1894, 1889, 1895, 1878, 1880, 1894, 1896, 1897, 1898, 1899, 1900, 1901, 1900, 1896, 1902, 1903, 1904, 1905, 1906, 1907, 1908, 1907, 1903, 1902, 1904, 1899, 1900, 1901, 1898, 1899, 1898, 1909, 1901, 1896, 1894, 1903, 1902, 1908, 1899, 1909, 1902, 1908, 1905, 1907, 1905, 1895, 1906, 1895, 1880, 1906, 1889, 1894, 1897, 1910, 1911, 1912, 1912, 1913, 1910, 1914, 1915, 1916, 1917, 1918, 1919, 1915, 1917, 1919, 1920, 1921, 1922, 1923, 1924, 1925, 1926, 1923, 1927, 1920, 1928, 1924, 1914, 1929, 1921, 1930, 1931, 1919, 1919, 1932, 1933, 1932, 1919, 1931, 1930, 1919, 1918, 1934, 1935, 1933, 1936, 1937, 1933, 1933, 1937, 1934, 1936, 1933, 1932, 1935, 1926, 1933, 1926, 1938, 1933, 1915, 1919, 1939, 1939, 1940, 1941, 1940, 1939, 1942, 1941, 1943, 1939, 1939, 1943, 1916, 1939, 1944, 1942, 1944, 1939, 1945, 1946, 1944, 1945, 1947, 1946, 1945, 1945, 1948, 1947, 1916, 1929, 1914, 1922, 1928, 1920, 1929, 1922, 1921, 1949, 1948, 1945, 1927, 1938, 1926, 1925, 1927, 1923, 1949, 1945, 1938, 1928, 1925, 1924, 1945, 1933, 1938, 1939, 1916, 1915, 1950, 1951, 1952, 1951, 1950, 1953, 1954, 1955, 1956, 1956, 1957, 1954, 1958, 1959, 1960, 1961, 1960, 1959, 1962, 1959, 1958, 1963, 1964, 1962, 1964, 1959, 1962, 1959, 1964, 1965, 1966, 1967, 1961, 1959, 1965, 1961, 1968, 1965, 1964, 1961, 1967, 1960, 1969, 1970, 1967, 1971, 1960, 1967, 1972, 1973, 1974, 1972, 1971, 1970, 1967, 1970, 1971, 1975, 1972, 1970, 1976, 1969, 1966, 1969, 1967, 1966, 1977, 1978, 1974, 1970, 1969, 1975, 1972, 1975, 1973, 1979, 1975, 1969, 1972, 1974, 1971, 1961, 1965, 1966, 1971, 1974, 1978, 1980, 1966, 1965, 1981, 1968, 1964, 1980, 1965, 1968, 1982, 1968, 1981, 1983, 1981, 1963, 1984, 1985, 1983, 1985, 1981, 1983, 1982, 1986, 1968, 1981, 1985, 1982, 1980, 1968, 1986, 1987, 1982, 1985, 1964, 1963, 1981, 1988, 1979, 1976, 1979, 1969, 1976, 1975, 1979, 1989, 1977, 1973, 1990, 1976, 1966, 1980, 1991, 1989, 1979, 1992, 1993, 1986, 1993, 1980, 1986, 1994, 1991, 1988, 1979, 1988, 1991, 1988, 1976, 1993, 1995, 1988, 1993, 1996, 1990, 1989, 1976, 1980, 1993, 1973, 1975, 1989, 1997, 1986, 1982, 1977, 1974, 1973, 1998, 1999, 2000, 1978, 2000, 2001, 2000, 1999, 2001, 2002, 2003, 1999, 2004, 2005, 1977, 2005, 1978, 1977, 2006, 2002, 1998, 1999, 1998, 2002, 1998, 2000, 2005, 2007, 1998, 2005, 2002, 2008, 2003, 2000, 1978, 2005, 2009, 2008, 2002, 2003, 2008, 2010, 2001, 2003, 2010, 2011, 2004, 1990, 2004, 1977, 1990, 2007, 2005, 2004, 2012, 2007, 2004, 2013, 2011, 1996, 2011, 1990, 1996, 2014, 2007, 2012, 2004, 2011, 2012, 2006, 2007, 2014, 2015, 2012, 2011, 2007, 2006, 1998, 1989, 1991, 1996, 2009, 2002, 2006, 2006, 2016, 2009, 2016, 2006, 2014, 1973, 1989, 1990, 2017, 1996, 1991, 2018, 1987, 1985, 1997, 1982, 1987, 2019, 1987, 2018, 2020, 2018, 1984, 2021, 2022, 2020, 2022, 2018, 2020, 2019, 2023, 1987, 2018, 2022, 2019, 1997, 1987, 2023, 2024, 2019, 2022, 1997, 1992, 1986, 2025, 1995, 1992, 1993, 1992, 1995, 1994, 2026, 2017, 1991, 1994, 2017, 1994, 1988, 1995, 2027, 1994, 1995, 2028, 2029, 2023, 2029, 1997, 2023, 2030, 2027, 2025, 1995, 2025, 2027, 2025, 1992, 2029, 2031, 2025, 2029, 1994, 2027, 2026, 1992, 1997, 2029, 1984, 2018, 1985, 2032, 2023, 2019, 2033, 2024, 2022, 2032, 2019, 2024, 2034, 2024, 2033, 2035, 2033, 2021, 2034, 2033, 2035, 2036, 2032, 2037, 2024, 2034, 2037, 2024, 2037, 2032, 2022, 2021, 2033, 2036, 2031, 2028, 2031, 2029, 2028, 2030, 2038, 2027, 2025, 2031, 2030, 2028, 2023, 2032, 2039, 2030, 2031, 2039, 2031, 2036, 2040, 2038, 2041, 2030, 2039, 2041, 2030, 2041, 2038, 2026, 2042, 2043, 2032, 2036, 2028, 2038, 2026, 2027, 2017, 2043, 2013, 2015, 2011, 2013, 1996, 2017, 2013, 2044, 2016, 2014, 2044, 2014, 2045, 2046, 2013, 2043, 2015, 2013, 2046, 2047, 2045, 2015, 2044, 2045, 2048, 2015, 2045, 2012, 2045, 2047, 2048, 2017, 2026, 2043, 2049, 2043, 2042, 2046, 2043, 2049, 2050, 2047, 2046, 2051, 2048, 2047, 2047, 2015, 2046, 2047, 2050, 2051, 2052, 2049, 2040, 2042, 2040, 2049, 2050, 2052, 2053, 2049, 2052, 2050, 2050, 2046, 2049, 2053, 2051, 2050, 2038, 2040, 2042, 2026, 2038, 2042, 2045, 2014, 2012, 2003, 2001, 1999, 1978, 2001, 1971, 2054, 2055, 2056, 2054, 2057, 2055, 2056, 2055, 2058, 2058, 2059, 2060, 2058, 2055, 2059, 2061, 2059, 2055, 2062, 2063, 2064, 2062, 2061, 2055, 2059, 2061, 2065, 2062, 2055, 2057, 2066, 2063, 2067, 2062, 2057, 2063, 2067, 2068, 2069, 2070, 2068, 2071, 2071, 2067, 2063, 2070, 2072, 2068, 2064, 2066, 2073, 2064, 2063, 2066, 2069, 2072, 2074, 2069, 2066, 2067, 2072, 2069, 2068, 2066, 2069, 2074, 2064, 2061, 2062, 2067, 2071, 2068, 2061, 2064, 2075, 2076, 2077, 2060, 2076, 2060, 2078, 2065, 2078, 2059, 2060, 2059, 2078, 2079, 2078, 2065, 2079, 2076, 2078, 2080, 2081, 2065, 2079, 2065, 2081, 2065, 2075, 2080, 2082, 2075, 2073, 2073, 2075, 2064, 2073, 2074, 2083, 2084, 2074, 2072, 2073, 2066, 2074, 2084, 2085, 2074, 2086, 2082, 2073, 2085, 2083, 2074, 2086, 2073, 2083, 2075, 2082, 2080, 2065, 2061, 2075, 2057, 2071, 2063, 2087, 2088, 2089, 2090, 2089, 2091, 2090, 2087, 2089, 2091, 2092, 2090, 2087, 2093, 2088, 2093, 2094, 2088, 2095, 2096, 2097, 2098, 2099, 2100, 2095, 2101, 2102, 2103, 2102, 2099, 2104, 2094, 2093, 2099, 2098, 2103, 2102, 2103, 2095, 2098, 2100, 2104, 2095, 2097, 2101, 2100, 2094, 2104, 2105, 2106, 2107, 2108, 2105, 2083, 2105, 2107, 2083, 2083, 2085, 2108, 2106, 2082, 2107, 2106, 2109, 2082, 2110, 2077, 2076, 2111, 2112, 2081, 2113, 2114, 2076, 2112, 2113, 2079, 2082, 2109, 2080, 2079, 2081, 2112, 2076, 2079, 2113, 2080, 2111, 2081, 2114, 2110, 2076, 2080, 2109, 2111, 2115, 2116, 2117, 2118, 2119, 2120, 2121, 2116, 2115, 2122, 2120, 2123, 2119, 2123, 2120, 2121, 2122, 2123, 2121, 2123, 2116, 2118, 2124, 2119, 2125, 2126, 2127, 2127, 2128, 2125, 2129, 2128, 2127, 2130, 2124, 2131, 2118, 2131, 2124, 2130, 2131, 2132, 2128, 2129, 2132, 2129, 2130, 2132, 2133, 2134, 2135, 2136, 2137, 2138, 2139, 2134, 2133, 2140, 2138, 2141, 2137, 2141, 2138, 2139, 2140, 2141, 2139, 2141, 2134, 2136, 2142, 2137, 2143, 2144, 2145, 2145, 2146, 2143, 2147, 2146, 2145, 2148, 2142, 2149, 2136, 2149, 2142, 2148, 2149, 2150, 2146, 2147, 2150, 2147, 2148, 2150, 2151, 2152, 2153, 2154, 2151, 2155, 2151, 2153, 2155, 2155, 2156, 2154, 2152, 2157, 2153, 2152, 2158, 2157, 2159, 2160, 2161, 2162, 2163, 2164, 2165, 2166, 2161, 2163, 2165, 2167, 2157, 2158, 2168, 2167, 2164, 2163, 2161, 2167, 2165, 2168, 2162, 2164, 2166, 2159, 2161, 2168, 2158, 2162, 2169, 2170, 2171, 2172, 2171, 2173, 2172, 2169, 2171, 2173, 2174, 2172, 2169, 2175, 2170, 2175, 2176, 2170, 2177, 2178, 2179, 2180, 2181, 2182, 2177, 2183, 2184, 2185, 2184, 2181, 2186, 2176, 2175, 2181, 2180, 2185, 2184, 2185, 2177, 2180, 2182, 2186, 2177, 2179, 2183, 2182, 2176, 2186, 2187, 2188, 2189, 2187, 2190, 2188, 2188, 2190, 2191, 2189, 2188, 2192, 2193, 2192, 2194, 2193, 2194, 2195, 2194, 2192, 2188, 2188, 2191, 2194, 2191, 2196, 2194, 2197, 2198, 2190, 2197, 2199, 2200, 2187, 2197, 2190, 2201, 2202, 2203, 2197, 2204, 2199, 2202, 2201, 2204, 2199, 2201, 2205, 2206, 2191, 2198, 2198, 2197, 2200, 2205, 2203, 2207, 2205, 2200, 2199, 2203, 2205, 2201, 2208, 2198, 2200, 2198, 2191, 2190, 2199, 2204, 2201, 2209, 2200, 2205, 2161, 2160, 2210, 2161, 2210, 2195, 2195, 2194, 2196, 2193, 2195, 2210, 2167, 2195, 2196, 2167, 2161, 2195, 2168, 2164, 2196, 2167, 2196, 2164, 2196, 2206, 2168, 2206, 2208, 2157, 2206, 2198, 2208, 2209, 2207, 2156, 2209, 2208, 2200, 2196, 2191, 2206, 2208, 2209, 2155, 2211, 2157, 2208, 2156, 2155, 2209, 2211, 2208, 2155, 2206, 2157, 2168, 2207, 2209, 2205, 2187, 2204, 2197, 2212, 2213, 2214, 2215, 2214, 2213, 2216, 2213, 2212, 2216, 2217, 2213, 2215, 2213, 2217, 2217, 2218, 2215, 2219, 2215, 2218, 2219, 2214, 2215, 2220, 2217, 2216, 2214, 2219, 2221, 2222, 2216, 2212, 2223, 2224, 2225, 2225, 2221, 2219, 2226, 2227, 2228, 2226, 2221, 2224, 2225, 2224, 2221, 2229, 2226, 2224, 2230, 2231, 2218, 2231, 2219, 2218, 2232, 2229, 2223, 2224, 2223, 2229, 2223, 2225, 2231, 2233, 2223, 2231, 2229, 2234, 2227, 2225, 2219, 2231, 2221, 2226, 2228, 2235, 2218, 2217, 2236, 2237, 2222, 2237, 2216, 2222, 2238, 2237, 2236, 2239, 2240, 2238, 2240, 2237, 2238, 2237, 2240, 2241, 2242, 2235, 2220, 2237, 2241, 2220, 2243, 2241, 2240, 2216, 2237, 2220, 2244, 2230, 2235, 2235, 2217, 2220, 2245, 2232, 2233, 2233, 2231, 2230, 2235, 2230, 2218, 2246, 2233, 2230, 2247, 2244, 2242, 2235, 2242, 2244, 2248, 2245, 2246, 2233, 2246, 2245, 2246, 2230, 2244, 2249, 2246, 2244, 2250, 2234, 2232, 2220, 2241, 2242, 2233, 2232, 2223, 2251, 2242, 2241, 2227, 2226, 2229, 2252, 2253, 2254, 2254, 2255, 2228, 2253, 2255, 2254, 2256, 2257, 2253, 2258, 2259, 2227, 2259, 2228, 2227, 2260, 2256, 2252, 2253, 2252, 2256, 2252, 2254, 2259, 2261, 2252, 2259, 2262, 2257, 2256, 2254, 2228, 2259, 2263, 2257, 2262, 2263, 2255, 2257, 2264, 2258, 2234, 2258, 2227, 2234, 2261, 2259, 2258, 2265, 2261, 2258, 2266, 2264, 2250, 2264, 2234, 2250, 2267, 2261, 2265, 2258, 2264, 2265, 2260, 2261, 2267, 2268, 2265, 2264, 2261, 2260, 2252, 2232, 2245, 2250, 2260, 2269, 2270, 2262, 2260, 2270, 2262, 2256, 2260, 2269, 2260, 2267, 2229, 2232, 2234, 2271, 2250, 2245, 2272, 2243, 2240, 2251, 2241, 2243, 2273, 2243, 2272, 2274, 2272, 2239, 2275, 2276, 2274, 2276, 2272, 2274, 2273, 2277, 2243, 2272, 2276, 2273, 2251, 2243, 2277, 2278, 2273, 2276, 2251, 2247, 2242, 2279, 2249, 2247, 2244, 2247, 2249, 2248, 2280, 2271, 2245, 2248, 2271, 2248, 2246, 2249, 2281, 2248, 2249, 2282, 2283, 2277, 2283, 2251, 2277, 2284, 2281, 2279, 2249, 2279, 2281, 2279, 2247, 2283, 2285, 2279, 2283, 2248, 2281, 2280, 2247, 2251, 2283, 2239, 2272, 2240, 2286, 2277, 2273, 2287, 2278, 2276, 2286, 2273, 2278, 2177, 2278, 2287, 2288, 2287, 2275, 2177, 2287, 2288, 2180, 2286, 2185, 2278, 2177, 2185, 2278, 2185, 2286, 2276, 2275, 2287, 2180, 2285, 2282, 2285, 2283, 2282, 2284, 2289, 2281, 2279, 2285, 2284, 2282, 2277, 2286, 2186, 2284, 2285, 2186, 2285, 2180, 2290, 2289, 2175, 2284, 2186, 2175, 2284, 2175, 2289, 2280, 2291, 2292, 2286, 2180, 2282, 2289, 2280, 2281, 2271, 2292, 2266, 2268, 2264, 2266, 2250, 2271, 2266, 2293, 2269, 2267, 2293, 2267, 2294, 2295, 2266, 2292, 2268, 2266, 2295, 2296, 2294, 2268, 2293, 2294, 2297, 2268, 2294, 2265, 2294, 2296, 2297, 2271, 2280, 2292, 2298, 2292, 2291, 2295, 2292, 2298, 2299, 2296, 2295, 2300, 2297, 2296, 2296, 2268, 2295, 2296, 2299, 2300, 2172, 2298, 2290, 2291, 2290, 2298, 2299, 2172, 2174, 2298, 2172, 2299, 2299, 2295, 2298, 2174, 2300, 2299, 2289, 2290, 2291, 2280, 2289, 2291, 2294, 2267, 2265, 2257, 2255, 2253, 2228, 2255, 2221]
                rel material:binding = </penholder_assembly/Prototypes/Body/Looks/Diffuse>
                uniform token orientation = "rightHanded"
                point3f[] points = [(9.499948, -55, 7.79432), (9.500001, -60, 7.794227), (14, -80, 1.8e-14), (7, -80, 12.124355), (8.500001, -60, 9.5262785), (9.500001, -40, 7.794227), (9.436841, -53.88368, 7.9036236), (8.427606, -54.079597, 9.65167), (8.499974, -57.500042, 9.526324), (8.499948, -54.999996, 9.526371), (8.950944, -51.873627, 8.745221), (9.250708, -52.823715, 8.226016), (7.8900676, -52.58536, 10.582713), (14, -3, -2e-15), (9.499948, -35, 7.79432), (9.250708, -32.823715, 8.226016), (9.436841, -33.88368, 7.9036236), (7, -3, 12.124355), (8.552685, -51.081375, 9.435026), (8.500001, -40, 9.5262785), (8.076037, -50.48696, 10.260605), (8.950944, -31.873627, 8.745221), (7.890068, -32.58536, 10.582713), (8.499974, -37.500042, 9.526324), (8.552685, -31.081375, 9.435026), (8.217559, -53.247982, 10.015482), (7.545064, -50.120396, 11.180278), (7.000001, -52.000107, 12.124355), (7.476722, -52.155655, 11.29865), (7.4767222, -32.155655, 11.298648), (7.000001, -50.000107, 12.124355), (8.427606, -34.0796, 9.65167), (8.499948, -34.999996, 9.526371), (8.217559, -33.247982, 10.015482), (8.076036, -30.486961, 10.260605), (7.000001, -30.000107, 12.124355), (7.5450635, -30.120394, 11.180278), (7.000001, -32.000107, 12.124355), (7.000001, -52.000107, 12.124355), (5.8519917, -52.22846, 12.124355), (7, -80, 12.124355), (4, -60, 12.124355), (4.8787565, -52.878754, 12.124355), (4.228461, -53.85199, 12.124355), (4.000107, -54.999996, 12.124355), (4.000053, -57.500042, 12.124355), (6.02457, -50.09618, 12.124355), (4, -40, 12.124355), (5.0866246, -50.3807, 12.124355), (4.222209, -50.84274, 12.124355), (5.8519917, -32.22846, 12.124355), (7, -3, 12.124355), (6.02457, -30.096178, 12.124355), (7.000001, -30.000107, 12.124355), (5.0866246, -30.380701, 12.124355), (7.000001, -50.000107, 12.124355), (7.000001, -32.000107, 12.124355), (4.222209, -30.842741, 12.124355), (4.8787565, -32.878754, 12.124355), (4.228461, -33.85199, 12.124355), (4.000053, -37.500042, 12.124355), (3.4645422, -31.46454, 12.124355), (2, -40, 12.124355), (2.842741, -52.222206, 12.124355), (3.4645422, -51.464542, 12.124355), (2.000107, -55, 12.124355), (-7, -80, 12.124355), (2, -60, 12.124355), (2.0961785, -54.02457, 12.124355), (2.3807013, -53.086624, 12.124355), (4.000107, -34.999996, 12.124355), (2.842741, -32.222206, 12.124355), (2.3807013, -33.086624, 12.124355), (-7, -3, 12.124355), (2.000107, -35, 12.124355), (2.0961785, -34.02457, 12.124355), (5.267949, 0, 9.124355), (14, -3, -2e-15), (10.535898, 2e-15, -1.94e-13), (7, -3, 12.124355), (7.90118, -39.90382, 11.751075), (8.767729, -39.6193, 11.3921385), (7.9566875, -39.90382, 11.934059), (8.876611, -39.6193, 11.751075), (9.724417, -39.15726, 11.582436), (9.724417, -39.15726, 12.666276), (7.6897335, -39.90382, 11.434624), (8.352962, -39.6193, 10.771396), (7.8110404, -39.90382, 11.582437), (2.5450928, -35, 9.925879), (2.4694617, -35.97543, 10.247745), (2.4826565, -35, 10.076613), (8.590914, -39.6193, 11.061341), (9.309649, -39.15726, 10.581099), (9.566344, -39.15726, 11.061341), (10.266337, -38.535458, 10.771395), (10.4675255, -38.535458, 11.434622), (10.840806, -37.777794, 10.533442), (9.939626, -38.535458, 10.160161), (11.077378, -37.777794, 11.313314), (11.077378, -37.777794, 12.935396), (8.964195, -39.15726, 10.160161), (9.499947, -38.535458, 9.62441), (8.063015, -39.6193, 10.5334425), (8.543259, -39.15726, 9.814708), (10.4566345, -37.777794, 9.814707), (7.54192, -39.90382, 11.313316), (10.4675255, -38.535458, 12.814089), (7.3732815, -39.90382, 11.223177), (7.732218, -39.6193, 10.356628), (2.6699657, -35, 9.624409), (7.000001, -39.90382, 11.148927), (7.000001, -39.6193, 10.210981), (7.1902976, -39.90382, 11.167669), (7.373282, -39.6193, 10.247746), (7.541921, -39.15726, 9.39994), (8.063015, -39.15726, 9.558012), (8.352962, -38.535458, 8.85802), (8.964195, -38.535458, 9.184731), (9.309649, -37.777794, 8.667722), (7.000001, -39.15726, 9.346565), (7.6897345, -38.535458, 8.656832), (7.000001, -38.535458, 8.588899), (6.62672, -39.6193, 10.247746), (6.458081, -39.15726, 9.39994), (8.590915, -37.777794, 8.28355), (6.8097043, -39.90382, 11.167669), (2.1704743, -35, 10.830288), (2.42022, -35, 10.227348), (9.939627, -37.777794, 9.184731), (11.267675, -36.913376, 10.3566265), (11.53054, -36.913376, 11.223175), (11.809596, -35.97543, 11.167667), (11.809596, -35.97543, 13.081043), (10.266337, -36.913376, 8.858019), (10.840807, -36.913376, 9.558011), (11.077378, -35.97543, 9.399939), (11.53054, -35.97543, 10.247745), (11.619299, -35, 10.210979), (11.903822, -35, 11.148925), (11.53054, -34.02457, 10.247745), (11.157259, -35, 9.346564), (11.809596, -34.02457, 11.167667), (11.809596, -34.02457, 13.081043), (10.4675255, -35.97543, 8.656831), (10.535459, -35, 8.588898), (9.566345, -36.913376, 8.28355), (9.724418, -35.97543, 8.046978), (11.077378, -34.02457, 9.399939), (11.903822, -35, 13.099786), (8.76773, -36.913376, 7.856681), (9.777792, -35, 7.9670973), (8.876612, -35.97543, 7.5938163), (7.901181, -36.913376, 7.5938163), (7.811042, -37.777794, 8.046978), (7.000001, -37.777794, 7.9670978), (7.000001, -36.913376, 7.505058), (7.956689, -35.97543, 7.3147607), (9.198478, -35, 7.6694474), (9.047743, -35, 7.607011), (9.499948, -35, 7.79432), (9.724418, -34.02457, 8.046978), (8.13231, -35, 7.273533), (8.051431, -35, 7.262885), (7.000001, -35.97543, 7.2205353), (7.6470346, -35, 7.2096453), (8.294068, -35, 7.294829), (10.4675255, -34.02457, 8.656831), (11.53054, -36.913376, 13.025536), (6.6267204, -39.90382, 11.223177), (6.267784, -39.6193, 10.356628), (2.1278825, -35, 11.153805), (2.1282153, -35, 11.151278), (2.190406, -35.97543, 11.167667), (6.3102684, -39.90382, 11.434624), (5.647041, -39.6193, 10.771396), (6.4580817, -39.90382, 11.313316), (2.128548, -35, 11.14875), (5.936987, -39.6193, 10.5334425), (5.4567432, -39.15726, 9.814708), (5.9369864, -39.15726, 9.558012), (5.6470404, -38.535458, 8.85802), (6.3102674, -38.535458, 8.656832), (6.18896, -37.777794, 8.046978), (5.0358067, -39.15726, 10.160161), (4.5000553, -38.535458, 9.62441), (5.035806, -38.535458, 9.184731), (4.6903524, -37.777794, 8.667722), (5.409087, -37.777794, 8.28355), (6.1889615, -39.90382, 11.582437), (5.409088, -39.6193, 11.061341), (6.098822, -39.90382, 11.751075), (5.2322736, -39.6193, 11.3921385), (2.1292136, -35, 11.143695), (4.690353, -39.15726, 10.581099), (6.024572, -39.90382, 12.124355), (5.0866265, -39.6193, 12.124355), (6.0433145, -39.90382, 11.934059), (5.123391, -39.6193, 11.751075), (4.275585, -39.15726, 11.582436), (4.222211, -39.15726, 12.124355), (2.1305444, -35, 11.133585), (4.4336576, -39.15726, 11.061341), (4.060376, -38.535458, 10.160161), (3.5433674, -37.777794, 9.814707), (3.7336648, -38.535458, 10.771395), (3.532477, -38.535458, 11.434622), (2.9226236, -37.777794, 11.313314), (3.464544, -38.535458, 12.124355), (3.1591954, -37.777794, 10.533442), (2.8427432, -37.777794, 12.124355), (4.0603757, -37.777794, 9.184731), (6.0988207, -36.913376, 7.5938163), (4.4336567, -36.913376, 8.28355), (5.232272, -36.913376, 7.856681), (5.12339, -35.97543, 7.5938163), (6.043313, -35.97543, 7.3147607), (6.3529663, -35, 7.2096453), (7.0000005, -35, 7.1244617), (7.0000014, -35, 7.1244617), (7.9705515, -35, 7.2522373), (4.5000534, -35, 7.7943206), (4.275584, -35.97543, 8.046978), (6.0294495, -35, 7.2522373), (6.028756, -35, 7.2523284), (5.1029935, -35, 7.5445747), (5.1406765, -35, 7.5289655), (5.7059326, -35, 7.294829), (5.102993, -35, 7.5445747), (3.7336643, -36.913376, 8.858019), (3.1591952, -36.913376, 9.558011), (2.9226234, -35.97543, 9.399939), (2.7323263, -36.913376, 10.3566265), (3.5324762, -35.97543, 8.656831), (2.4694617, -36.913376, 11.223175), (2.0961804, -35.97543, 12.124355), (2.3807032, -36.913376, 12.124355), (3.9822977, -35, 8.191608), (3.7234197, -35, 8.390253), (3.0672538, -35, 9.106653), (4.3706145, -35, 7.8936424), (4.305895, -35, 7.9433036), (2.4202201, -35, 10.227348), (2.4358292, -35, 10.189665), (3.464542, -35, 8.588897), (3.4645424, -35, 8.588897), (2.1332064, -35, 11.113365), (11.267675, -33.086624, 10.3566265), (11.53054, -33.086624, 11.223175), (11.077378, -32.222206, 11.313314), (11.077378, -32.222206, 12.935396), (10.266337, -33.086624, 8.858019), (10.840807, -33.086624, 9.558011), (10.4566345, -32.222206, 9.814707), (10.840806, -32.222206, 10.533442), (10.266337, -31.46454, 10.771395), (10.4675255, -31.46454, 11.434622), (9.566344, -30.842741, 11.061341), (9.939626, -31.46454, 10.160161), (9.724417, -30.842741, 11.582436), (9.724417, -30.842741, 12.666276), (9.939627, -32.222206, 9.184731), (9.499947, -31.46454, 9.62441), (9.566345, -33.086624, 8.28355), (9.309649, -32.222206, 8.667722), (9.309649, -30.842741, 10.581099), (10.4675255, -31.46454, 12.814089), (9.436841, -33.88368, 7.9036236), (9.250708, -32.823715, 8.226016), (8.950944, -31.873627, 8.745221), (8.964195, -31.46454, 9.184731), (8.767729, -30.380701, 11.3921385), (8.876611, -30.380701, 11.751075), (7.9566875, -30.096178, 11.934059), (7.9566875, -30.096178, 12.314652), (8.543259, -30.842741, 9.814708), (8.590914, -30.380701, 11.061341), (8.964195, -30.842741, 10.160161), (8.063015, -30.380701, 10.5334425), (8.352962, -30.380701, 10.771396), (7.90118, -30.096178, 11.751075), (7.000001, -30.000107, 12.124355), (7.8110404, -30.096178, 11.582437), (7.2725325, -30.06025, 11.652317), (7.000001, -30.000107, 12.124355), (7.6897335, -30.096178, 11.434624), (7.4087977, -30.090322, 11.416297), (7.4769306, -30.105358, 11.298287), (7.000001, -30.000107, 12.124355), (8.876611, -30.380701, 12.497637), (8.552685, -31.081375, 9.435026), (8.076036, -30.486961, 10.260605), (7.5450635, -30.120394, 11.180278), (7.5109973, -30.112875, 11.239283), (11.53054, -33.086624, 13.025536), (4.2411757, -35, 7.9929647), (8.876611, -39.6193, 12.497637), (5.123391, -39.6193, 12.497637), (6.0433145, -39.90382, 12.314652), (6.098822, -39.90382, 12.497636), (5.2322736, -39.6193, 12.856572), (4.275585, -39.15726, 12.666276), (6.1889615, -39.90382, 12.666275), (5.409088, -39.6193, 13.187369), (4.690353, -39.15726, 13.667613), (6.3102684, -39.90382, 12.814088), (5.647041, -39.6193, 13.477316), (2.1385305, -35, 11.072926), (4.4336576, -39.15726, 13.18737), (3.532477, -38.535458, 12.814089), (2.9226236, -37.777794, 12.935396), (3.7336648, -38.535458, 13.477317), (4.060376, -38.535458, 14.088551), (3.5433674, -37.777794, 14.434005), (5.0358067, -39.15726, 14.08855), (4.5000553, -38.535458, 14.624301), (3.1591954, -37.777794, 13.715269), (6.4580817, -39.90382, 12.935395), (5.936987, -39.6193, 13.715268), (6.8097043, -39.90382, 13.081042), (6.62672, -39.6193, 14.000965), (6.6267204, -39.90382, 13.025535), (2.1491785, -35, 10.992046), (6.267784, -39.6193, 13.892083), (5.9369864, -39.15726, 14.6907), (5.4567432, -39.15726, 14.434004), (5.035806, -38.535458, 15.063981), (4.6903524, -37.777794, 15.580989), (5.6470404, -38.535458, 15.390692), (6.458081, -39.15726, 14.848771), (6.3102674, -38.535458, 15.59188), (7.000001, -39.6193, 14.03773), (7.000001, -39.15726, 14.902146), (5.409087, -37.777794, 15.965161), (7.000001, -39.90382, 13.099785), (4.0603757, -37.777794, 15.063981), (2.4694617, -36.913376, 13.025536), (3.1591952, -36.913376, 14.6907), (2.7323263, -36.913376, 13.892084), (2.4694617, -35.97543, 14.000966), (2.190406, -35.97543, 13.081043), (2.000107, -35, 12.124355), (2.0961804, -35, 13.099786), (2.0961785, -34.02457, 12.124355), (2.380703, -35, 14.037731), (2.9226234, -35.97543, 14.848772), (2.8427427, -35, 14.902147), (3.7336643, -36.913376, 15.390693), (3.5324762, -35.97543, 15.591881), (2.4694617, -34.02457, 14.000966), (4.4336567, -36.913376, 15.965161), (4.275584, -35.97543, 16.201733), (5.232272, -36.913376, 16.39203), (6.18896, -37.777794, 16.201733), (6.0988207, -36.913376, 16.654896), (7.000001, -38.535458, 15.659813), (7.000001, -37.777794, 16.281614), (5.12339, -35.97543, 16.654896), (4.22221, -35, 16.281614), (3.4645433, -35, 15.659813), (3.5324762, -34.02457, 15.591881), (6.043313, -35.97543, 16.93395), (6.0245705, -35, 17.028175), (5.086625, -35, 16.743654), (5.12339, -34.02457, 16.654896), (4.275584, -34.02457, 16.201733), (7.000001, -36.913376, 16.743654), (2.9226234, -34.02457, 14.848772), (7.1902976, -39.90382, 13.081042), (7.373282, -39.6193, 14.000965), (2.0852907, -35, 11.477322), (7.54192, -39.90382, 12.935395), (8.063015, -39.6193, 13.715268), (7.3732815, -39.90382, 13.025535), (7.732218, -39.6193, 13.892083), (8.063015, -39.15726, 14.6907), (7.541921, -39.15726, 14.848771), (7.6897345, -38.535458, 15.59188), (7.811042, -37.777794, 16.201733), (8.352962, -38.535458, 15.390692), (8.543259, -39.15726, 14.434004), (8.964195, -38.535458, 15.063981), (8.352962, -39.6193, 13.477316), (8.964195, -39.15726, 14.08855), (8.590915, -37.777794, 15.965161), (7.6897335, -39.90382, 12.814088), (7.8110404, -39.90382, 12.666275), (8.590914, -39.6193, 13.187369), (7.9566875, -39.90382, 12.314652), (7.90118, -39.90382, 12.497636), (8.767729, -39.6193, 12.856572), (9.566344, -39.15726, 13.18737), (9.309649, -39.15726, 13.667613), (9.939626, -38.535458, 14.088551), (9.499947, -38.535458, 14.624301), (9.939627, -37.777794, 15.063981), (10.266337, -38.535458, 13.477317), (10.4566345, -37.777794, 14.434005), (9.309649, -37.777794, 15.580989), (7.901181, -36.913376, 16.654896), (7.000001, -35.97543, 17.028175), (9.566345, -36.913376, 15.965161), (8.76773, -36.913376, 16.39203), (8.876612, -35.97543, 16.654896), (9.724418, -35.97543, 16.201733), (7.956689, -35.97543, 16.93395), (7.000001, -35, 17.124249), (7.000001, -34.02457, 17.028175), (7.9754314, -35, 17.028175), (8.913377, -35, 16.743654), (8.876612, -34.02457, 16.654896), (9.777792, -35, 16.281614), (7.956689, -34.02457, 16.93395), (10.840807, -36.913376, 14.6907), (10.266337, -36.913376, 15.390693), (10.4675255, -35.97543, 15.591881), (11.267675, -36.913376, 13.892084), (10.840806, -37.777794, 13.715269), (11.077378, -35.97543, 14.848772), (10.535459, -35, 15.659813), (11.53054, -35.97543, 14.000966), (11.619299, -35, 14.037731), (11.157259, -35, 14.902147), (6.043313, -34.02457, 16.93395), (2.190406, -34.02457, 13.081043), (2.4694617, -33.086624, 13.025536), (2.3807013, -33.086624, 12.124355), (2.0961785, -34.02457, 12.124355), (2.7323263, -33.086624, 13.892084), (3.1591952, -33.086624, 14.6907), (2.9226236, -32.222206, 12.935396), (2.842741, -32.222206, 12.124355), (3.532477, -31.46454, 12.814089), (3.4645422, -31.46454, 12.124355), (2.8427415, -32.222206, 12.124355), (3.4645429, -31.46454, 12.124355), (4.222209, -30.842741, 12.124355), (3.1591954, -32.222206, 13.715269), (3.7336648, -31.46454, 13.477317), (3.5433674, -32.222206, 14.434005), (4.060376, -31.46454, 14.088551), (4.4336576, -30.842741, 13.18737), (3.7336643, -33.086624, 15.390693), (2.3807013, -33.086624, 12.124355), (4.4336567, -33.086624, 15.965161), (4.0603757, -32.222206, 15.063981), (6.0988207, -33.086624, 16.654896), (5.232272, -33.086624, 16.39203), (5.409087, -32.222206, 15.965161), (4.6903524, -32.222206, 15.580989), (4.5000553, -31.46454, 14.624301), (5.0358067, -30.842741, 14.08855), (5.035806, -31.46454, 15.063981), (5.6470404, -31.46454, 15.390692), (6.18896, -32.222206, 16.201733), (7.000001, -33.086624, 16.743654), (7.000001, -32.222206, 16.281614), (6.3102674, -31.46454, 15.59188), (4.690353, -30.842741, 13.667613), (5.0866246, -30.380701, 12.124355), (4.22221, -30.842741, 12.124355), (4.275585, -30.842741, 12.666276), (5.123391, -30.380701, 12.497637), (5.0866265, -30.380701, 12.124355), (5.2322736, -30.380701, 12.856572), (5.409088, -30.380701, 13.187369), (6.024572, -30.096178, 12.124355), (6.02457, -30.096178, 12.124355), (6.0433145, -30.096178, 12.314652), (7.000001, -30.000107, 12.124355), (6.1889615, -30.096178, 12.666275), (6.098822, -30.096178, 12.497636), (7.000001, -30.000107, 12.124355), (7.000001, -30.000107, 12.124355), (5.647041, -30.380701, 13.477316), (5.4567432, -30.842741, 14.434004), (5.936987, -30.380701, 13.715268), (5.9369864, -30.842741, 14.6907), (6.3102684, -30.096178, 12.814088), (6.458081, -30.842741, 14.848771), (6.267784, -30.380701, 13.892083), (7.000001, -31.46454, 15.659813), (7.000001, -30.842741, 14.902146), (6.62672, -30.380701, 14.000965), (6.4580817, -30.096178, 12.935395), (7.000001, -30.000107, 12.124355), (6.6267204, -30.096178, 13.025535), (7.000001, -30.000107, 12.124355), (6.8097043, -30.096178, 13.081042), (7.000001, -30.000107, 12.124355), (7.000001, -30.380701, 14.03773), (7.000001, -30.096178, 13.099785), (7.000001, -30.000107, 12.124355), (7.000001, -30.000107, 12.124355), (7.901181, -33.086624, 16.654896), (10.4675255, -34.02457, 15.591881), (8.76773, -33.086624, 16.39203), (9.724418, -34.02457, 16.201733), (10.266337, -33.086624, 15.390693), (9.566345, -33.086624, 15.965161), (7.811042, -32.222206, 16.201733), (7.6897345, -31.46454, 15.59188), (8.590915, -32.222206, 15.965161), (9.309649, -32.222206, 15.580989), (8.352962, -31.46454, 15.390692), (9.939627, -32.222206, 15.063981), (8.964195, -31.46454, 15.063981), (11.077378, -34.02457, 14.848772), (11.53054, -34.02457, 14.000966), (10.840807, -33.086624, 14.6907), (11.267675, -33.086624, 13.892084), (10.4566345, -32.222206, 14.434005), (9.499947, -31.46454, 14.624301), (10.840806, -32.222206, 13.715269), (10.266337, -31.46454, 13.477317), (9.939626, -31.46454, 14.088551), (7.541921, -30.842741, 14.848771), (8.063015, -30.842741, 14.6907), (7.373282, -30.380701, 14.000965), (8.543259, -30.842741, 14.434004), (8.063015, -30.380701, 13.715268), (8.964195, -30.842741, 14.08855), (7.732218, -30.380701, 13.892083), (7.1902976, -30.096178, 13.081042), (7.3732815, -30.096178, 13.025535), (7.54192, -30.096178, 12.935395), (7.000001, -30.000107, 12.124355), (8.352962, -30.380701, 13.477316), (7.6897335, -30.096178, 12.814088), (7.000001, -30.000107, 12.124355), (9.309649, -30.842741, 13.667613), (8.590914, -30.380701, 13.187369), (9.566344, -30.842741, 13.18737), (8.767729, -30.380701, 12.856572), (7.8110404, -30.096178, 12.666275), (7.000001, -30.000107, 12.124355), (7.90118, -30.096178, 12.497636), (7.000001, -30.000107, 12.124355), (7.000001, -30.000107, 12.124355), (7.000001, -30.000107, 12.124355), (7.000001, -30.000107, 12.124355), (2.4514382, -35, 10.151981), (2.8681839, -35, 9.366086), (2.86861, -35, 9.365531), (2.9679317, -35, 9.236092), (2.9182708, -35, 9.300811), (2.8934402, -35, 9.333171), (3.5939808, -35, 8.489574), (3.5292614, -35, 8.539236), (3.4969018, -35, 8.564066), (4.241731, -35, 7.992538), (4.2735353, -35, 7.968134), (5.404463, -35, 7.4197016), (5.253728, -35, 7.482138), (5.1783605, -35, 7.5133567), (6.069889, -35, 7.246913), (6.191208, -35, 7.2309413), (6.1103287, -35, 7.241589), (7.3235173, -35, 7.167053), (7.161759, -35, 7.1457577), (7.0808797, -35, 7.1351094), (7.04044, -35, 7.1297855), (7.971246, -35, 7.2523284), (8.010991, -35, 7.257561), (8.897008, -35, 7.5445747), (8.972376, -35, 7.575793), (8.934691, -35, 7.5601835), (8.91585, -35, 7.552379), (8.906429, -35, 7.5484767), (8.901718, -35, 7.5465255), (8.8993635, -35, 7.54555), (8, -70, -10.392304), (8, -80, -10.392304), (7, -80, -12.124355), (14, -3, -2e-15), (7, -3, -12.124355), (13, -70, -1.7320508), (14, -80, 1.8e-14), (13, -80, -1.7320508), (8.294068, -35, 7.294829), (7.0000005, -40, 7.124355), (8.294096, -40, 7.2947254), (9.499948, -35, 7.79432), (9.500001, -40, 7.794227), (7.0000005, -35, 7.1244617), (5.7059326, -35, 7.294829), (5.705905, -40, 7.294726), (2.1704743, -35, 10.830288), (2.000107, -35, 12.124355), (2, -40, 12.124355), (4.5000534, -35, 7.7943206), (3.464466, -40, 8.588821), (4.5, -40, 7.794228), (2.6699657, -35, 9.624409), (2.1703708, -40, 10.83026), (2.669873, -40, 9.624355), (3.464542, -35, 8.588897), (-33.980762, -80, 25.392305), (-33.925987, -80, 19.587177), (-33.398598, -80, 20.188553), (-34.183098, -80, 18.829756), (-38.980762, -80, 16.73205), (-32.681213, -80, 20.542326), (-34.130783, -80, 18.031599), (-33.777008, -80, 17.314217), (-31.883057, -80, 20.59464), (-31.125635, -80, 20.33753), (-30.375282, -80, 17.537178), (-20.990381, -80, 17.892305), (-30.118174, -80, 18.2946), (-30.902674, -80, 16.935804), (-30.170486, -80, 19.092756), (-30.524261, -80, 19.810139), (-33.175636, -80, 16.786825), (-32.418213, -80, 16.529716), (-25.990381, -80, 9.23205), (-31.620056, -80, 16.58203), (-17.471504, -80, 10.087178), (-17.728615, -80, 9.329757), (-17.6763, -80, 8.531599), (-16.944113, -80, 10.688552), (-16.226732, -80, 11.042326), (-15.428574, -80, 11.09464), (-14.495191, -80, 14.142304), (-16.721153, -80, 7.2868257), (-19.49519, -80, 5.4820504), (-15.963731, -80, 7.029716), (-13, -80, 1.7320508), (-17.322527, -80, 7.814217), (-14.069778, -80, 10.310139), (-11.247595, -80, 12.267304), (-14.671152, -80, 10.83753), (-13.716004, -80, 9.592757), (-8, -80, 10.392304), (-2.9657967, -80, 7.1600666), (-4.3056693, -80, 6.4438896), (-13.663691, -80, 8.7946), (-13.9208, -80, 8.037178), (-5.4800777, -80, 5.4800777), (7, -80, 12.124355), (-7, -80, 12.124355), (4.7455063e-16, -80, 7.75), (-1.51195, -80, 7.601086), (1.51195, -80, 7.601086), (2.9657967, -80, 7.1600666), (4.3056693, -80, 6.4438896), (-14.448192, -80, 7.4358034), (-6.4438896, -80, 4.3056693), (-7.75, -80, 1.8949101e-14), (-7.601086, -80, 1.51195), (-14, -80, -2.773e-12), (-7.1600666, -80, 2.9657967), (-15.165573, -80, 7.08203), (5.4800777, -80, 5.4800777), (6.4438896, -80, 4.3056693), (14, -80, 1.8e-14), (7.1600666, -80, 2.9657967), (7.601086, -80, 1.51195), (7.75, -80, 1.8e-14), (-7.1600666, -80, -2.9657967), (-7.601086, -80, -1.51195), (-6.4438896, -80, -4.3056693), (-7, -80, -12.124355), (-5.4800777, -80, -5.4800777), (-4.3056693, -80, -6.4438896), (13, -80, -1.7320508), (7.601086, -80, -1.51195), (7.1600666, -80, -2.9657967), (15.963731, -80, -7.029716), (19.49519, -80, -5.4820504), (13.9208, -80, -8.037178), (6.4438896, -80, -4.3056693), (5.4800777, -80, -5.4800777), (14.448192, -80, -7.4358034), (8, -80, -10.392304), (4.3056693, -80, -6.4438896), (-1.51195, -80, -7.601086), (-2.9657967, -80, -7.1600666), (-1.4236519e-15, -80, -7.75), (7, -80, -12.124355), (2.9657967, -80, -7.1600666), (1.51195, -80, -7.601086), (13.663691, -80, -8.7946), (11.247595, -80, -12.267304), (13.716004, -80, -9.592757), (14.069778, -80, -10.310139), (15.165573, -80, -7.08203), (16.721153, -80, -7.2868257), (16.226732, -80, -11.042326), (14.495191, -80, -14.142304), (16.944113, -80, -10.688552), (20.990381, -80, -17.892305), (25.990381, -80, -9.23205), (17.471504, -80, -10.087178), (17.728615, -80, -9.329757), (32.418213, -80, -16.529716), (31.620056, -80, -16.58203), (38.980762, -80, -16.73205), (33.175636, -80, -16.786825), (33.777008, -80, -17.314217), (30.902674, -80, -16.935804), (17.6763, -80, -8.531599), (15.428574, -80, -11.09464), (17.322527, -80, -7.814217), (30.375282, -80, -17.537178), (31.883057, -80, -20.59464), (31.125635, -80, -20.33753), (33.980762, -80, -25.392305), (30.524261, -80, -19.810139), (30.118174, -80, -18.2946), (34.130783, -80, -18.031599), (34.183098, -80, -18.829756), (33.398598, -80, -20.188553), (32.681213, -80, -20.542326), (33.925987, -80, -19.587177), (30.170486, -80, -19.092756), (14.671152, -80, -10.83753), (7.776458, -40, 9.226577), (9.500001, -40, 7.794227), (8.294096, -40, 7.2947254), (7.0000005, -40, 7.124355), (7.0000005, -40, 9.124354), (5.705905, -40, 7.294726), (8.500001, -40, 9.5262785), (6.223543, -40, 9.226578), (4.5, -40, 7.794228), (5.5, -40, 9.5262785), (3.464466, -40, 8.588821), (4.8786798, -40, 10.003035), (2.669873, -40, 9.624355), (4.4019237, -40, 10.624355), (4.1022224, -40, 11.3478985), (2.1703708, -40, 10.83026), (2, -40, 12.124355), (4, -40, 12.124355), (7.776458, -40, 9.226577), (7.0000005, -40, 9.124354), (7.776444, -37.500042, 9.226628), (8.500001, -40, 9.5262785), (8.499974, -37.500042, 9.526324), (7.0000005, -37.500042, 9.124408), (6.223543, -40, 9.226578), (6.223557, -37.500042, 9.226628), (4, -40, 12.124355), (4.000053, -37.500042, 12.124355), (4.102274, -37.500042, 11.347912), (5.5, -40, 9.5262785), (4.8786798, -40, 10.003035), (5.5000267, -37.500042, 9.526324), (4.4019237, -40, 10.624355), (4.1022224, -40, 11.3478985), (4.40197, -37.500042, 10.624382), (4.8787174, -37.500042, 10.003073), (8.060622, -57.77154, 11.685032), (8.499947, -57.121246, 10.62441), (7.811765, -57.77154, 11.312592), (5.861812, -54.999996, 9.376526), (5.5000534, -54.999996, 9.526371), (5.851992, -55, 9.352817), (8.959774, -57.121246, 11.312591), (9.560569, -56.14801, 13.184978), (9.560569, -56.14801, 11.063734), (7.4393244, -57.77154, 11.063735), (7.000001, -57.121246, 10.003112), (7.000001, -57.77154, 10.976348), (8.060623, -56.14801, 9.563787), (7.8117657, -57.121246, 10.164582), (7.000001, -56.14801, 9.352817), (4.2521715, -54.999996, 10.986168), (4.102326, -54.999996, 11.347926), (4.228462, -55, 10.976347), (8.959775, -56.14801, 10.164582), (9.121245, -55, 10.003112), (9.77154, -55, 10.976347), (8.959775, -53.85199, 10.164582), (8.499948, -54.999996, 9.526371), (9.560569, -53.85199, 13.184978), (9.560569, -53.85199, 11.063734), (8.14801, -55, 9.352817), (7.77643, -54.999996, 9.226681), (9.77154, -55, 13.272365), (6.188236, -57.121246, 10.164582), (6.5606775, -57.77154, 11.063735), (5.939379, -56.14801, 9.563787), (5.5000553, -57.121246, 10.62441), (6.188237, -57.77154, 11.312592), (5.040228, -57.121246, 11.312591), (5.93938, -57.77154, 11.685032), (5.0402274, -56.14801, 10.164582), (4.8787575, -57.121246, 12.124355), (5.851993, -57.77154, 12.124355), (4.439433, -56.14801, 11.063734), (6.223571, -54.999996, 9.226681), (7.000001, -55, 9.124464), (7.0000005, -54.999996, 9.124462), (4.4020166, -54.999996, 10.624409), (4.8787556, -54.999996, 10.003111), (4.878757, -55, 10.003112), (4.228462, -56.14801, 12.124355), (4.000107, -54.999996, 12.124355), (4.003675, -54.98206, 12.124355), (4.228462, -55, 13.272365), (8.499947, -52.878754, 10.62441), (8.959774, -52.878754, 11.312591), (8.060622, -52.22846, 12.563679), (8.060622, -52.22846, 11.685032), (8.427606, -54.079597, 9.65167), (8.499948, -54.999996, 9.526371), (8.138189, -54.999996, 9.376526), (8.217559, -53.247982, 10.015482), (7.811765, -52.22846, 11.312592), (7.000001, -52.000107, 12.124355), (7.476722, -52.155655, 11.29865), (7.000001, -52.000107, 12.124355), (7.000001, -52.000107, 12.124355), (7.8900676, -52.58536, 10.582713), (8.959774, -52.878754, 12.93612), (8.959774, -57.121246, 12.93612), (5.040228, -57.121246, 12.93612), (5.93938, -57.77154, 12.563679), (6.188237, -57.77154, 12.93612), (6.188236, -57.121246, 14.084129), (6.5606775, -57.77154, 13.184977), (4.0072427, -54.964123, 12.124355), (5.0402274, -56.14801, 14.084129), (5.5000553, -57.121246, 13.624301), (4.439433, -56.14801, 13.184978), (4.000109, -55, 12.124355), (4.878757, -55, 14.2456), (5.939379, -56.14801, 14.684923), (5.851992, -55, 14.895894), (7.000001, -56.14801, 14.895894), (7.000001, -57.121246, 14.245599), (5.0402274, -53.85199, 14.084129), (7.000001, -57.77154, 13.272364), (7.8117657, -57.121246, 14.084129), (7.4393244, -57.77154, 13.184977), (4.014379, -54.928246, 12.124355), (8.060623, -56.14801, 14.684923), (8.499947, -57.121246, 13.624301), (7.811765, -57.77154, 12.93612), (8.060622, -57.77154, 12.563679), (4.028651, -54.856495, 12.124355), (8.959775, -56.14801, 14.084129), (8.14801, -55, 14.895894), (7.000001, -53.85199, 14.895894), (7.000001, -55, 15.124248), (8.959775, -53.85199, 14.084129), (9.121245, -55, 14.2456), (8.060623, -53.85199, 14.684923), (5.939379, -53.85199, 14.684923), (4.228461, -53.85199, 12.124355), (4.8787565, -52.878754, 12.124355), (4.439433, -53.85199, 13.184978), (5.040228, -52.878754, 12.93612), (4.1142836, -54.425995, 12.124355), (4.228461, -53.85199, 12.124355), (4.000107, -54.999996, 12.124355), (5.5000553, -52.878754, 13.624301), (4.878757, -52.878754, 12.124355), (5.8519917, -52.22846, 12.124355), (5.93938, -52.22846, 12.563679), (5.851993, -52.22846, 12.124355), (7.000001, -52.000107, 12.124355), (6.188237, -52.22846, 12.93612), (7.000001, -52.000107, 12.124355), (6.5606775, -52.22846, 13.184977), (6.188236, -52.878754, 14.084129), (7.000001, -52.000107, 12.124355), (7.000001, -52.878754, 14.245599), (7.000001, -52.22846, 13.272364), (7.8117657, -52.878754, 14.084129), (8.499947, -52.878754, 13.624301), (7.4393244, -52.22846, 13.184977), (7.811765, -52.22846, 12.93612), (7.000001, -52.000107, 12.124355), (7.000001, -52.000107, 12.124355), (7.000001, -52.000107, 12.124355), (7.000001, -52.000107, 12.124355), (4.057195, -54.712994, 12.124355), (7.77643, -34.999996, 9.226681), (8.499948, -34.999996, 9.526371), (7.0000005, -34.999996, 9.124462), (6.223571, -34.999996, 9.226681), (4.000107, -34.999996, 12.124355), (4.102326, -34.999996, 11.347926), (5.5000534, -34.999996, 9.526371), (4.4020166, -34.999996, 10.624409), (4.8787556, -34.999996, 10.003111), (7.776444, -57.500042, 9.226628), (7.0000005, -57.500042, 9.124408), (7.77643, -54.999996, 9.226681), (8.499974, -57.500042, 9.526324), (8.499948, -54.999996, 9.526371), (7.0000005, -54.999996, 9.124462), (6.223557, -57.500042, 9.226628), (6.223571, -54.999996, 9.226681), (4.000053, -57.500042, 12.124355), (4.000107, -54.999996, 12.124355), (4.102326, -54.999996, 11.347926), (5.5000267, -57.500042, 9.526324), (4.8787174, -57.500042, 10.003073), (5.5000534, -54.999996, 9.526371), (4.40197, -57.500042, 10.624382), (4.102274, -57.500042, 11.347912), (4.4020166, -54.999996, 10.624409), (4.8787556, -54.999996, 10.003111), (8.060622, -37.77154, 11.685032), (8.499947, -37.121246, 10.62441), (7.811765, -37.77154, 11.312592), (5.861812, -34.999996, 9.376526), (5.5000534, -34.999996, 9.526371), (5.851992, -35, 9.352817), (8.959774, -37.121246, 11.312591), (9.560569, -36.14801, 13.184978), (9.560569, -36.14801, 11.063734), (7.4393244, -37.77154, 11.063735), (7.000001, -37.121246, 10.003112), (7.000001, -37.77154, 10.976348), (8.060623, -36.14801, 9.563787), (7.8117657, -37.121246, 10.164582), (4.2521715, -34.999996, 10.986168), (4.102326, -34.999996, 11.347926), (4.228462, -35, 10.976347), (8.959775, -36.14801, 10.164582), (9.121245, -35, 10.003112), (9.77154, -35, 10.976347), (8.959775, -33.85199, 10.164582), (8.499948, -34.999996, 9.526371), (9.560569, -33.85199, 13.184978), (9.560569, -33.85199, 11.063734), (8.14801, -35, 9.352817), (7.77643, -34.999996, 9.226681), (7.000001, -36.14801, 9.352817), (6.188236, -37.121246, 10.164582), (6.5606775, -37.77154, 11.063735), (9.77154, -35, 13.272365), (5.939379, -36.14801, 9.563787), (5.5000553, -37.121246, 10.62441), (6.188237, -37.77154, 11.312592), (6.223571, -34.999996, 9.226681), (5.0402274, -36.14801, 10.164582), (5.040228, -37.121246, 11.312591), (5.93938, -37.77154, 11.685032), (4.8787575, -37.121246, 12.124355), (5.851993, -37.77154, 12.124355), (4.439433, -36.14801, 11.063734), (7.000001, -35, 9.124464), (4.878757, -35, 10.003112), (4.4020166, -34.999996, 10.624409), (4.8787556, -34.999996, 10.003111), (4.228462, -36.14801, 12.124355), (4.000107, -34.999996, 12.124355), (4.003675, -34.98206, 12.124355), (4.228462, -35, 13.272365), (8.499947, -32.878754, 10.62441), (8.959774, -32.878754, 11.312591), (8.060622, -32.22846, 12.563679), (8.060622, -32.22846, 11.685032), (8.427606, -34.0796, 9.65167), (8.499948, -34.999996, 9.526371), (8.138189, -34.999996, 9.376526), (8.217559, -33.247982, 10.015482), (7.811765, -32.22846, 11.312592), (7.000001, -32.000107, 12.124355), (7.4767222, -32.155655, 11.298648), (7.000001, -32.000107, 12.124355), (7.000001, -32.000107, 12.124355), (7.890068, -32.58536, 10.582713), (8.959774, -32.878754, 12.93612), (7.0000005, -34.999996, 9.124462), (8.959774, -37.121246, 12.93612), (5.040228, -37.121246, 12.93612), (5.93938, -37.77154, 12.563679), (6.188237, -37.77154, 12.93612), (6.188236, -37.121246, 14.084129), (6.5606775, -37.77154, 13.184977), (4.0072427, -34.964123, 12.124355), (5.0402274, -36.14801, 14.084129), (5.5000553, -37.121246, 13.624301), (4.439433, -36.14801, 13.184978), (4.000109, -35, 12.124355), (4.878757, -35, 14.2456), (5.939379, -36.14801, 14.684923), (5.851992, -35, 14.895894), (7.000001, -36.14801, 14.895894), (7.000001, -37.121246, 14.245599), (5.0402274, -33.85199, 14.084129), (7.000001, -37.77154, 13.272364), (7.8117657, -37.121246, 14.084129), (7.4393244, -37.77154, 13.184977), (4.014379, -34.928246, 12.124355), (8.060623, -36.14801, 14.684923), (8.499947, -37.121246, 13.624301), (7.811765, -37.77154, 12.93612), (8.060622, -37.77154, 12.563679), (4.028651, -34.856495, 12.124355), (8.959775, -36.14801, 14.084129), (8.14801, -35, 14.895894), (7.000001, -33.85199, 14.895894), (7.000001, -35, 15.124248), (8.959775, -33.85199, 14.084129), (9.121245, -35, 14.2456), (8.060623, -33.85199, 14.684923), (5.939379, -33.85199, 14.684923), (4.228461, -33.85199, 12.124355), (4.8787565, -32.878754, 12.124355), (4.439433, -33.85199, 13.184978), (5.040228, -32.878754, 12.93612), (4.1142836, -34.425995, 12.124355), (4.228461, -33.85199, 12.124355), (4.000107, -34.999996, 12.124355), (5.5000553, -32.878754, 13.624301), (4.878757, -32.878754, 12.124355), (5.8519917, -32.22846, 12.124355), (5.93938, -32.22846, 12.563679), (5.851993, -32.22846, 12.124355), (7.000001, -32.000107, 12.124355), (6.188237, -32.22846, 12.93612), (7.000001, -32.000107, 12.124355), (6.5606775, -32.22846, 13.184977), (6.188236, -32.878754, 14.084129), (7.000001, -32.000107, 12.124355), (7.000001, -32.878754, 14.245599), (7.000001, -32.22846, 13.272364), (7.8117657, -32.878754, 14.084129), (8.499947, -32.878754, 13.624301), (7.4393244, -32.22846, 13.184977), (7.811765, -32.22846, 12.93612), (7.000001, -32.000107, 12.124355), (7.000001, -32.000107, 12.124355), (7.000001, -32.000107, 12.124355), (7.000001, -32.000107, 12.124355), (4.057195, -34.712994, 12.124355), (7.776458, -60, 9.226577), (7.0000005, -60, 9.124354), (8.500001, -60, 9.5262785), (6.223543, -60, 9.226578), (4, -60, 12.124355), (5.5, -60, 9.5262785), (4.8786798, -60, 10.003035), (4.4019237, -60, 10.624355), (4.1022224, -60, 11.3478985), (7.776458, -60, 9.226577), (9.500001, -60, 7.794227), (8.294096, -60, 7.2947254), (7.0000005, -60, 7.124355), (7.0000005, -60, 9.124354), (5.705905, -60, 7.294726), (8.500001, -60, 9.5262785), (6.223543, -60, 9.226578), (4.5, -60, 7.794228), (5.5, -60, 9.5262785), (3.464466, -60, 8.588821), (4.8786798, -60, 10.003035), (2.669873, -60, 9.624355), (4.4019237, -60, 10.624355), (4.1022224, -60, 11.3478985), (2.1703708, -60, 10.83026), (2, -60, 12.124355), (4, -60, 12.124355), (7.90118, -59.90382, 11.751075), (8.767729, -59.6193, 11.3921385), (7.9566875, -59.90382, 11.934059), (8.876612, -55.97543, 7.5938163), (8.934691, -55, 7.5601835), (8.972376, -55, 7.575793), (8.876611, -59.6193, 11.751075), (9.724417, -59.15726, 11.582436), (9.724417, -59.15726, 12.666276), (7.6897335, -59.90382, 11.434624), (8.352962, -59.6193, 10.771396), (7.8110404, -59.90382, 11.582437), (8.590914, -59.6193, 11.061341), (9.309649, -59.15726, 10.581099), (9.047743, -55, 7.607011), (9.566344, -59.15726, 11.061341), (10.266337, -58.535458, 10.771395), (10.4675255, -58.535458, 11.434622), (10.840806, -57.777794, 10.533442), (9.939626, -58.535458, 10.160161), (11.077378, -57.777794, 11.313314), (11.077378, -57.777794, 12.935396), (8.964195, -59.15726, 10.160161), (9.499947, -58.535458, 9.62441), (8.063015, -59.6193, 10.5334425), (8.543259, -59.15726, 9.814708), (10.4566345, -57.777794, 9.814707), (7.54192, -59.90382, 11.313316), (10.4675255, -58.535458, 12.814089), (7.3732815, -59.90382, 11.223177), (7.732218, -59.6193, 10.356628), (9.499948, -55, 7.79432), (9.198478, -55, 7.6694474), (7.000001, -59.90382, 11.148927), (7.000001, -59.6193, 10.210981), (7.1902976, -59.90382, 11.167669), (7.373282, -59.6193, 10.247746), (7.541921, -59.15726, 9.39994), (8.063015, -59.15726, 9.558012), (8.352962, -58.535458, 8.85802), (8.964195, -58.535458, 9.184731), (9.309649, -57.777794, 8.667722), (7.000001, -59.15726, 9.346565), (7.6897345, -58.535458, 8.656832), (7.000001, -58.535458, 8.588899), (6.62672, -59.6193, 10.247746), (6.458081, -59.15726, 9.39994), (8.590915, -57.777794, 8.28355), (6.8097043, -59.90382, 11.167669), (8.294068, -55, 7.294829), (8.897008, -55, 7.5445747), (9.939627, -57.777794, 9.184731), (11.267675, -56.913376, 10.3566265), (11.53054, -56.913376, 11.223175), (11.809596, -55.97543, 11.167667), (11.809596, -55.97543, 13.081043), (10.266337, -56.913376, 8.858019), (10.840807, -56.913376, 9.558011), (11.077378, -55.97543, 9.399939), (11.53054, -55.97543, 10.247745), (11.619299, -55, 10.210979), (11.903822, -55, 11.148925), (11.53054, -54.02457, 10.247745), (11.157259, -55, 9.346564), (11.809596, -54.02457, 11.167667), (11.809596, -54.02457, 13.081043), (10.4675255, -55.97543, 8.656831), (10.535459, -55, 8.588898), (9.566345, -56.913376, 8.28355), (9.724418, -55.97543, 8.046978), (11.077378, -54.02457, 9.399939), (11.903822, -55, 13.099786), (8.76773, -56.913376, 7.856681), (9.777792, -55, 7.9670973), (7.901181, -56.913376, 7.5938163), (7.811042, -57.777794, 8.046978), (7.000001, -57.777794, 7.9670978), (7.000001, -56.913376, 7.505058), (7.956689, -55.97543, 7.3147607), (9.724418, -54.02457, 8.046978), (7.971246, -55, 7.2523284), (7.000001, -55.97543, 7.2205353), (7.0000014, -55, 7.1244617), (10.4675255, -54.02457, 8.656831), (11.53054, -56.913376, 13.025536), (6.6267204, -59.90382, 11.223177), (6.267784, -59.6193, 10.356628), (2.1278825, -55, 11.153805), (2.1282153, -55, 11.151278), (2.190406, -55.97543, 11.167667), (6.3102684, -59.90382, 11.434624), (5.647041, -59.6193, 10.771396), (6.4580817, -59.90382, 11.313316), (2.128548, -55, 11.14875), (5.936987, -59.6193, 10.5334425), (5.4567432, -59.15726, 9.814708), (5.9369864, -59.15726, 9.558012), (5.6470404, -58.535458, 8.85802), (6.3102674, -58.535458, 8.656832), (6.18896, -57.777794, 8.046978), (5.0358067, -59.15726, 10.160161), (4.5000553, -58.535458, 9.62441), (5.035806, -58.535458, 9.184731), (4.6903524, -57.777794, 8.667722), (5.409087, -57.777794, 8.28355), (6.1889615, -59.90382, 11.582437), (5.409088, -59.6193, 11.061341), (6.098822, -59.90382, 11.751075), (5.2322736, -59.6193, 11.3921385), (2.1292136, -55, 11.143695), (4.690353, -59.15726, 10.581099), (6.024572, -59.90382, 12.124355), (5.0866265, -59.6193, 12.124355), (6.0433145, -59.90382, 11.934059), (5.123391, -59.6193, 11.751075), (4.275585, -59.15726, 11.582436), (4.222211, -59.15726, 12.124355), (2.1305444, -55, 11.133585), (4.4336576, -59.15726, 11.061341), (4.060376, -58.535458, 10.160161), (3.5433674, -57.777794, 9.814707), (3.7336648, -58.535458, 10.771395), (3.532477, -58.535458, 11.434622), (2.9226236, -57.777794, 11.313314), (3.464544, -58.535458, 12.124355), (3.1591954, -57.777794, 10.533442), (2.8427432, -57.777794, 12.124355), (4.0603757, -57.777794, 9.184731), (6.0988207, -56.913376, 7.5938163), (6.043313, -55.97543, 7.3147607), (5.232272, -56.913376, 7.856681), (4.4336567, -56.913376, 8.28355), (4.275584, -55.97543, 8.046978), (5.12339, -55.97543, 7.5938163), (7.0000005, -55, 7.1244617), (6.028756, -55, 7.2523284), (5.7059326, -55, 7.294829), (5.1029935, -55, 7.5445747), (4.5000534, -55, 7.7943206), (3.7336643, -56.913376, 8.858019), (3.5324762, -55.97543, 8.656831), (3.1591952, -56.913376, 9.558011), (2.7323263, -56.913376, 10.3566265), (2.4694617, -56.913376, 11.223175), (2.9226234, -55.97543, 9.399939), (3.4645424, -55, 8.588897), (3.464542, -55, 8.588897), (4.241731, -55, 7.992538), (2.6699657, -55, 9.624409), (2.4694617, -55.97543, 10.247745), (2.1704743, -55, 10.830288), (2.0961804, -55.97543, 12.124355), (2.3807032, -56.913376, 12.124355), (2.1332064, -55, 11.113365), (11.267675, -53.086624, 10.3566265), (11.53054, -53.086624, 11.223175), (11.077378, -52.222206, 11.313314), (11.077378, -52.222206, 12.935396), (10.266337, -53.086624, 8.858019), (10.840807, -53.086624, 9.558011), (10.4566345, -52.222206, 9.814707), (10.840806, -52.222206, 10.533442), (10.266337, -51.464542, 10.771395), (10.4675255, -51.464542, 11.434622), (9.566344, -50.84274, 11.061341), (9.939626, -51.464542, 10.160161), (9.724417, -50.84274, 11.582436), (9.724417, -50.84274, 12.666276), (9.939627, -52.222206, 9.184731), (9.499947, -51.464542, 9.62441), (9.566345, -53.086624, 8.28355), (9.309649, -52.222206, 8.667722), (9.309649, -50.84274, 10.581099), (10.4675255, -51.464542, 12.814089), (9.436841, -53.88368, 7.9036236), (9.250708, -52.823715, 8.226016), (8.950944, -51.873627, 8.745221), (8.964195, -51.464542, 9.184731), (8.767729, -50.3807, 11.3921385), (8.876611, -50.3807, 11.751075), (7.9566875, -50.09618, 11.934059), (7.9566875, -50.09618, 12.314652), (8.543259, -50.84274, 9.814708), (8.590914, -50.3807, 11.061341), (8.964195, -50.84274, 10.160161), (8.063015, -50.3807, 10.5334425), (8.352962, -50.3807, 10.771396), (7.90118, -50.09618, 11.751075), (7.000001, -50.000107, 12.124355), (7.8110404, -50.09618, 11.582437), (7.2725325, -50.06025, 11.652317), (7.000001, -50.000107, 12.124355), (7.6897335, -50.09618, 11.434624), (7.408798, -50.090324, 11.416297), (7.476931, -50.10536, 11.298287), (7.000001, -50.000107, 12.124355), (8.876611, -50.3807, 12.497637), (8.552685, -51.081375, 9.435026), (8.076037, -50.48696, 10.260605), (7.545064, -50.120396, 11.180278), (7.510998, -50.112877, 11.239283), (11.53054, -53.086624, 13.025536), (2.8681839, -55, 9.366086), (2.4202201, -55, 10.227348), (8.876611, -59.6193, 12.497637), (5.123391, -59.6193, 12.497637), (6.0433145, -59.90382, 12.314652), (6.098822, -59.90382, 12.497636), (5.2322736, -59.6193, 12.856572), (4.275585, -59.15726, 12.666276), (6.1889615, -59.90382, 12.666275), (5.409088, -59.6193, 13.187369), (4.690353, -59.15726, 13.667613), (6.3102684, -59.90382, 12.814088), (5.647041, -59.6193, 13.477316), (2.1385305, -55, 11.072926), (4.4336576, -59.15726, 13.18737), (3.532477, -58.535458, 12.814089), (2.9226236, -57.777794, 12.935396), (3.7336648, -58.535458, 13.477317), (4.060376, -58.535458, 14.088551), (3.5433674, -57.777794, 14.434005), (5.0358067, -59.15726, 14.08855), (4.5000553, -58.535458, 14.624301), (3.1591954, -57.777794, 13.715269), (6.4580817, -59.90382, 12.935395), (5.936987, -59.6193, 13.715268), (6.8097043, -59.90382, 13.081042), (6.62672, -59.6193, 14.000965), (6.6267204, -59.90382, 13.025535), (2.1491785, -55, 10.992046), (6.267784, -59.6193, 13.892083), (5.9369864, -59.15726, 14.6907), (5.4567432, -59.15726, 14.434004), (5.035806, -58.535458, 15.063981), (4.6903524, -57.777794, 15.580989), (5.6470404, -58.535458, 15.390692), (6.458081, -59.15726, 14.848771), (6.3102674, -58.535458, 15.59188), (7.000001, -59.6193, 14.03773), (7.000001, -59.15726, 14.902146), (5.409087, -57.777794, 15.965161), (7.000001, -59.90382, 13.099785), (4.0603757, -57.777794, 15.063981), (2.4694617, -56.913376, 13.025536), (3.1591952, -56.913376, 14.6907), (2.7323263, -56.913376, 13.892084), (2.4694617, -55.97543, 14.000966), (2.190406, -55.97543, 13.081043), (2.000107, -55, 12.124355), (2.0961804, -55, 13.099786), (2.0961785, -54.02457, 12.124355), (2.380703, -55, 14.037731), (2.9226234, -55.97543, 14.848772), (2.8427427, -55, 14.902147), (3.7336643, -56.913376, 15.390693), (3.5324762, -55.97543, 15.591881), (2.4694617, -54.02457, 14.000966), (4.4336567, -56.913376, 15.965161), (4.275584, -55.97543, 16.201733), (5.232272, -56.913376, 16.39203), (6.18896, -57.777794, 16.201733), (6.0988207, -56.913376, 16.654896), (7.000001, -58.535458, 15.659813), (7.000001, -57.777794, 16.281614), (5.12339, -55.97543, 16.654896), (4.22221, -55, 16.281614), (3.4645433, -55, 15.659813), (3.5324762, -54.02457, 15.591881), (6.043313, -55.97543, 16.93395), (6.0245705, -55, 17.028175), (5.086625, -55, 16.743654), (5.12339, -54.02457, 16.654896), (4.275584, -54.02457, 16.201733), (7.000001, -56.913376, 16.743654), (2.9226234, -54.02457, 14.848772), (7.1902976, -59.90382, 13.081042), (7.373282, -59.6193, 14.000965), (2.0852907, -55, 11.477322), (7.54192, -59.90382, 12.935395), (8.063015, -59.6193, 13.715268), (7.3732815, -59.90382, 13.025535), (7.732218, -59.6193, 13.892083), (8.063015, -59.15726, 14.6907), (7.541921, -59.15726, 14.848771), (7.6897345, -58.535458, 15.59188), (7.811042, -57.777794, 16.201733), (8.352962, -58.535458, 15.390692), (8.543259, -59.15726, 14.434004), (8.964195, -58.535458, 15.063981), (8.352962, -59.6193, 13.477316), (8.964195, -59.15726, 14.08855), (8.590915, -57.777794, 15.965161), (7.6897335, -59.90382, 12.814088), (7.8110404, -59.90382, 12.666275), (8.590914, -59.6193, 13.187369), (7.9566875, -59.90382, 12.314652), (7.90118, -59.90382, 12.497636), (8.767729, -59.6193, 12.856572), (9.566344, -59.15726, 13.18737), (9.309649, -59.15726, 13.667613), (9.939626, -58.535458, 14.088551), (9.499947, -58.535458, 14.624301), (9.939627, -57.777794, 15.063981), (10.266337, -58.535458, 13.477317), (10.4566345, -57.777794, 14.434005), (9.309649, -57.777794, 15.580989), (7.901181, -56.913376, 16.654896), (7.000001, -55.97543, 17.028175), (9.566345, -56.913376, 15.965161), (8.76773, -56.913376, 16.39203), (8.876612, -55.97543, 16.654896), (9.724418, -55.97543, 16.201733), (7.956689, -55.97543, 16.93395), (7.000001, -55, 17.124249), (7.000001, -54.02457, 17.028175), (7.9754314, -55, 17.028175), (8.913377, -55, 16.743654), (8.876612, -54.02457, 16.654896), (9.777792, -55, 16.281614), (7.956689, -54.02457, 16.93395), (10.840807, -56.913376, 14.6907), (10.266337, -56.913376, 15.390693), (10.4675255, -55.97543, 15.591881), (11.267675, -56.913376, 13.892084), (10.840806, -57.777794, 13.715269), (11.077378, -55.97543, 14.848772), (10.535459, -55, 15.659813), (11.53054, -55.97543, 14.000966), (11.619299, -55, 14.037731), (11.157259, -55, 14.902147), (6.043313, -54.02457, 16.93395), (2.190406, -54.02457, 13.081043), (2.4694617, -53.086624, 13.025536), (2.3807013, -53.086624, 12.124355), (2.0961785, -54.02457, 12.124355), (2.7323263, -53.086624, 13.892084), (3.1591952, -53.086624, 14.6907), (2.9226236, -52.222206, 12.935396), (2.842741, -52.222206, 12.124355), (3.532477, -51.464542, 12.814089), (3.4645422, -51.464542, 12.124355), (2.8427415, -52.222206, 12.124355), (3.4645429, -51.464542, 12.124355), (4.222209, -50.84274, 12.124355), (3.1591954, -52.222206, 13.715269), (3.7336648, -51.464542, 13.477317), (3.5433674, -52.222206, 14.434005), (4.060376, -51.464542, 14.088551), (4.4336576, -50.84274, 13.18737), (3.7336643, -53.086624, 15.390693), (2.3807013, -53.086624, 12.124355), (4.4336567, -53.086624, 15.965161), (4.0603757, -52.222206, 15.063981), (6.0988207, -53.086624, 16.654896), (5.232272, -53.086624, 16.39203), (5.409087, -52.222206, 15.965161), (4.6903524, -52.222206, 15.580989), (4.5000553, -51.464542, 14.624301), (5.0358067, -50.84274, 14.08855), (5.035806, -51.464542, 15.063981), (5.6470404, -51.464542, 15.390692), (6.18896, -52.222206, 16.201733), (7.000001, -53.086624, 16.743654), (7.000001, -52.222206, 16.281614), (6.3102674, -51.464542, 15.59188), (4.690353, -50.84274, 13.667613), (5.0866246, -50.3807, 12.124355), (4.22221, -50.84274, 12.124355), (4.275585, -50.84274, 12.666276), (5.123391, -50.3807, 12.497637), (5.0866265, -50.3807, 12.124355), (5.2322736, -50.3807, 12.856572), (5.409088, -50.3807, 13.187369), (6.024572, -50.09618, 12.124355), (6.02457, -50.09618, 12.124355), (6.0433145, -50.09618, 12.314652), (7.000001, -50.000107, 12.124355), (6.1889615, -50.09618, 12.666275), (6.098822, -50.09618, 12.497636), (7.000001, -50.000107, 12.124355), (7.000001, -50.000107, 12.124355), (5.647041, -50.3807, 13.477316), (5.4567432, -50.84274, 14.434004), (5.936987, -50.3807, 13.715268), (5.9369864, -50.84274, 14.6907), (6.3102684, -50.09618, 12.814088), (6.458081, -50.84274, 14.848771), (6.267784, -50.3807, 13.892083), (7.000001, -51.464542, 15.659813), (7.000001, -50.84274, 14.902146), (6.62672, -50.3807, 14.000965), (6.4580817, -50.09618, 12.935395), (7.000001, -50.000107, 12.124355), (6.6267204, -50.09618, 13.025535), (7.000001, -50.000107, 12.124355), (6.8097043, -50.09618, 13.081042), (7.000001, -50.000107, 12.124355), (7.000001, -50.3807, 14.03773), (7.000001, -50.09618, 13.099785), (7.000001, -50.000107, 12.124355), (7.000001, -50.000107, 12.124355), (7.901181, -53.086624, 16.654896), (10.4675255, -54.02457, 15.591881), (8.76773, -53.086624, 16.39203), (9.724418, -54.02457, 16.201733), (10.266337, -53.086624, 15.390693), (9.566345, -53.086624, 15.965161), (7.811042, -52.222206, 16.201733), (7.6897345, -51.464542, 15.59188), (8.590915, -52.222206, 15.965161), (9.309649, -52.222206, 15.580989), (8.352962, -51.464542, 15.390692), (9.939627, -52.222206, 15.063981), (8.964195, -51.464542, 15.063981), (11.077378, -54.02457, 14.848772), (11.53054, -54.02457, 14.000966), (10.840807, -53.086624, 14.6907), (11.267675, -53.086624, 13.892084), (10.4566345, -52.222206, 14.434005), (9.499947, -51.464542, 14.624301), (10.840806, -52.222206, 13.715269), (10.266337, -51.464542, 13.477317), (9.939626, -51.464542, 14.088551), (7.541921, -50.84274, 14.848771), (8.063015, -50.84274, 14.6907), (7.373282, -50.3807, 14.000965), (8.543259, -50.84274, 14.434004), (8.063015, -50.3807, 13.715268), (8.964195, -50.84274, 14.08855), (7.732218, -50.3807, 13.892083), (7.1902976, -50.09618, 13.081042), (7.3732815, -50.09618, 13.025535), (7.54192, -50.09618, 12.935395), (7.000001, -50.000107, 12.124355), (8.352962, -50.3807, 13.477316), (7.6897335, -50.09618, 12.814088), (7.000001, -50.000107, 12.124355), (9.309649, -50.84274, 13.667613), (8.590914, -50.3807, 13.187369), (9.566344, -50.84274, 13.18737), (8.767729, -50.3807, 12.856572), (7.8110404, -50.09618, 12.666275), (7.000001, -50.000107, 12.124355), (7.90118, -50.09618, 12.497636), (7.000001, -50.000107, 12.124355), (7.000001, -50.000107, 12.124355), (7.000001, -50.000107, 12.124355), (7.000001, -50.000107, 12.124355), (8.91585, -55, 7.552379), (8.906429, -55, 7.5484767), (8.901718, -55, 7.5465255), (8.8993635, -55, 7.54555), (8.294068, -55, 7.294829), (7.0000005, -60, 7.124355), (8.294096, -60, 7.2947254), (9.499948, -55, 7.79432), (9.500001, -60, 7.794227), (7.0000005, -55, 7.1244617), (5.7059326, -55, 7.294829), (5.705905, -60, 7.294726), (2.1704743, -55, 10.830288), (2.000107, -55, 12.124355), (2, -60, 12.124355), (4.5000534, -55, 7.7943206), (3.464466, -60, 8.588821), (4.5, -60, 7.794228), (2.6699657, -55, 9.624409), (2.1703708, -60, 10.83026), (2.669873, -60, 9.624355), (3.464542, -55, 8.588897), (-8, -70, 10.392304), (-8, -80, 10.392304), (-7, -80, 12.124355), (-14, -3, -2.792e-12), (-7, -3, 12.124355), (-13, -70, 1.7320508), (-14, -80, -2.773e-12), (-13, -80, 1.7320508), (7, -3, 12.124355), (-5.267949, 2e-15, 9.124355), (-7, -3, 12.124355), (5.267949, 0, 9.124355), (5.267949, -1e-15, -9.124355), (10.535898, 2e-15, -1.94e-13), (14, -3, -2e-15), (7, -3, -12.124355), (-5.267949, -2e-15, -9.124355), (-4.3056693, 0, -6.4438896), (-2.9657967, 0, -7.1600666), (-5.4800777, 0, -5.4800777), (-1.51195, 0, -7.601086), (-1.4236519e-15, 0, -7.75), (-10.535898, 1e-15, -2.101e-12), (-7.601086, 0, -1.51195), (-7.1600666, 0, -2.9657967), (-6.4438896, 0, -4.3056693), (1.51195, 0, -7.601086), (5.267949, -1e-15, -9.124355), (2.9657967, 0, -7.1600666), (4.3056693, 0, -6.4438896), (5.4800777, 0, -5.4800777), (6.4438896, 0, -4.3056693), (10.535898, 2e-15, -1.94e-13), (7.1600666, 0, -2.9657967), (7.601086, 0, -1.51195), (7.75, 0, 0), (-7.75, 0, 9.491013e-16), (-7.601086, 0, 1.51195), (-7.1600666, 0, 2.9657967), (-6.4438896, 0, 4.3056693), (-5.4800777, 0, 5.4800777), (-5.267949, 2e-15, 9.124355), (-4.3056693, 0, 6.4438896), (-2.9657967, 0, 7.1600666), (-1.51195, 0, 7.601086), (4.7455063e-16, 0, 7.75), (6.4438896, 0, 4.3056693), (5.4800777, 0, 5.4800777), (5.267949, 0, 9.124355), (7.601086, 0, 1.51195), (7.1600666, 0, 2.9657967), (1.51195, 0, 7.601086), (4.3056693, 0, 6.4438896), (2.9657967, 0, 7.1600666), (13, -80, -1.7320508), (38.980762, -70, -16.73205), (13, -70, -1.7320508), (38.980762, -80, -16.73205), (30.170486, -70, -19.092756), (30.524261, -70, -19.810139), (15.428574, -70, -11.09464), (31.125635, -70, -20.33753), (31.883057, -70, -20.59464), (33.980762, -70, -25.392305), (30.375282, -70, -17.537178), (30.118174, -70, -18.2946), (16.944113, -70, -10.688552), (31.620056, -70, -16.58203), (30.902674, -70, -16.935804), (17.728615, -70, -9.329757), (32.418213, -70, -16.529716), (17.6763, -70, -8.531599), (17.471504, -70, -10.087178), (16.226732, -70, -11.042326), (32.681213, -70, -20.542326), (33.398598, -70, -20.188553), (33.925987, -70, -19.587177), (38.980762, -70, -16.73205), (33.777008, -70, -17.314217), (33.175636, -70, -16.786825), (34.183098, -70, -18.829756), (34.130783, -70, -18.031599), (17.322527, -70, -7.814217), (8, -70, -10.392304), (13.716004, -70, -9.592757), (14.069778, -70, -10.310139), (13.663691, -70, -8.7946), (14.671152, -70, -10.83753), (13.9208, -70, -8.037178), (13, -70, -1.7320508), (14.448192, -70, -7.4358034), (15.165573, -70, -7.08203), (15.963731, -70, -7.029716), (16.721153, -70, -7.2868257), (8, -70, -10.392304), (33.980762, -70, -25.392305), (8, -80, -10.392304), (33.980762, -80, -25.392305), (-5.8519497, -32.228363, -12.124355), (-6.0245485, -50.096073, -12.124355), (-7, -50, -12.124355), (-5.8519497, -52.228363, -12.124355), (-7, -80, -12.124355), (-7, -52, -12.124355), (-4.8786798, -52.87868, -12.124355), (-4, -60, -12.124355), (-4, -40, -12.124355), (-5.0865827, -50.380604, -12.124355), (-4.2283616, -53.85195, -12.124355), (-6.0245485, -30.096073, -12.124355), (-7, -30, -12.124355), (-7, -3, -12.124355), (-5.086583, -30.380602, -12.124355), (-4.8786798, -32.87868, -12.124355), (-4.2221494, -30.842651, -12.124355), (-7, -32, -12.124355), (-4.2283616, -33.85195, -12.124355), (-3.4644666, -31.464466, -12.124355), (-4.222149, -50.84265, -12.124355), (-2, -40, -12.124355), (-2.8426518, -52.22215, -12.124355), (-3.464466, -51.464466, -12.124355), (-2, -55, -12.124355), (7, -80, -12.124355), (-2, -60, -12.124355), (-2.0960736, -54.024548, -12.124355), (-2.3806024, -53.086582, -12.124355), (-4, -35, -12.124355), (-2.8426526, -32.22215, -12.124355), (-2.3806028, -33.086582, -12.124355), (7, -3, -12.124355), (-2, -35, -12.124355), (-2.0960739, -34.024548, -12.124355), (-4, -55, -12.124355), (33.980762, -80, -25.392305), (33.980762, -70, -25.392305), (38.980762, -80, -16.73205), (38.980762, -70, -16.73205), (-33.980762, -70, 25.392305), (-33.980762, -80, 25.392305), (-8, -80, 10.392304), (-8, -70, 10.392304), (-33.980762, -80, 25.392305), (-33.980762, -70, 25.392305), (-38.980762, -70, 16.73205), (-38.980762, -80, 16.73205), (-13, -80, 1.7320508), (-38.980762, -80, 16.73205), (-38.980762, -70, 16.73205), (-13, -70, 1.7320508), (-9.5, -55, -7.7942286), (-9.5, -60, -7.7942286), (-14, -80, -2.773e-12), (-7, -80, -12.124355), (-8.5, -60, -9.526279), (-9.5, -40, -7.7942286), (-9.451963, -54.024548, -7.877431), (-8.385819, -53.85195, -9.724046), (-8.5, -55, -9.526279), (-8.767767, -51.464466, -9.062493), (-9.078674, -52.22215, -8.523987), (-9.309699, -53.086582, -8.12384), (-8.5, -40, -9.526279), (-8.388926, -50.84265, -9.718666), (-14, -3, -2.792e-12), (-9.5, -35, -7.7942286), (-9.309699, -33.086582, -8.12384), (-9.451963, -34.024548, -7.877431), (-8.385819, -33.851948, -9.724046), (-8.5, -35, -9.526279), (-9.078673, -32.22215, -8.523987), (-7, -3, -12.124355), (-8.767767, -31.464466, -9.062494), (-8.06066, -52.87868, -10.287238), (-7.4877257, -50.096073, -11.27959), (-7.9567084, -50.380604, -10.467288), (-7, -52, -12.124355), (-7.574025, -52.228363, -11.130115), (-7.574025, -32.228363, -11.130115), (-7, -50, -12.124355), (-8.06066, -32.87868, -10.287238), (-7.9567084, -30.380602, -10.467288), (-8.388926, -30.842651, -9.718666), (-7, -30, -12.124355), (-7.4877257, -30.096073, -11.27959), (-7, -32, -12.124355), (-33.398598, -70, 20.188553), (-33.398598, -80, 20.188553), (-33.925987, -80, 19.587177), (-32.681213, -70, 20.542326), (-31.883057, -80, 20.59464), (-32.681213, -80, 20.542326), (-30.524261, -70, 19.810139), (-30.524261, -80, 19.810139), (-31.125635, -80, 20.33753), (-30.118174, -70, 18.2946), (-30.118174, -80, 18.2946), (-30.170486, -80, 19.092756), (-30.170486, -70, 19.092756), (-31.883057, -70, 20.59464), (-33.925987, -70, 19.587177), (-31.125635, -70, 20.33753), (-30.375282, -70, 17.537178), (-34.183098, -80, 18.829756), (-30.902674, -70, 16.935804), (-30.902674, -80, 16.935804), (-30.375282, -80, 17.537178), (-32.418213, -70, 16.529716), (-32.418213, -80, 16.529716), (-31.620056, -80, 16.58203), (-31.620056, -70, 16.58203), (-33.777008, -70, 17.314217), (-33.777008, -80, 17.314217), (-33.175636, -80, 16.786825), (-34.130783, -70, 18.031599), (-34.130783, -80, 18.031599), (-33.175636, -70, 16.786825), (-34.183098, -70, 18.829756), (-17.471504, -70, 10.087178), (-16.944113, -80, 10.688552), (-17.471504, -80, 10.087178), (-16.226732, -70, 11.042326), (-15.428574, -80, 11.09464), (-16.226732, -80, 11.042326), (-16.944113, -70, 10.688552), (-14.069778, -70, 10.310139), (-14.069778, -80, 10.310139), (-14.671152, -80, 10.83753), (-13.663691, -70, 8.7946), (-13.663691, -80, 8.7946), (-13.716004, -80, 9.592757), (-13.716004, -70, 9.592757), (-14.671152, -70, 10.83753), (-15.428574, -70, 11.09464), (-13.9208, -70, 8.037178), (-17.728615, -70, 9.329757), (-14.448192, -80, 7.4358034), (-13.9208, -80, 8.037178), (-14.448192, -70, 7.4358034), (-15.963731, -70, 7.029716), (-15.963731, -80, 7.029716), (-15.165573, -80, 7.08203), (-15.165573, -70, 7.08203), (-16.721153, -70, 7.2868257), (-17.322527, -80, 7.814217), (-16.721153, -80, 7.2868257), (-17.728615, -80, 9.329757), (-17.6763, -80, 8.531599), (-17.6763, -70, 8.531599), (-17.322527, -70, 7.814217), (7.75, 0, 0), (7.601086, -80, -1.51195), (7.75, -80, 1.8e-14), (7.1600666, 0, -2.9657967), (6.4438896, -80, -4.3056693), (7.1600666, -80, -2.9657967), (7.601086, 0, -1.51195), (5.4800777, 0, -5.4800777), (4.3056693, -80, -6.4438896), (5.4800777, -80, -5.4800777), (2.9657967, 0, -7.1600666), (1.51195, -80, -7.601086), (2.9657967, -80, -7.1600666), (4.3056693, 0, -6.4438896), (6.4438896, 0, -4.3056693), (-1.51195, 0, -7.601086), (-1.51195, -80, -7.601086), (-1.4236519e-15, -80, -7.75), (-4.3056693, 0, -6.4438896), (-4.3056693, -80, -6.4438896), (-2.9657967, -80, -7.1600666), (-2.9657967, 0, -7.1600666), (-6.4438896, 0, -4.3056693), (-6.4438896, -80, -4.3056693), (-5.4800777, -80, -5.4800777), (-7.601086, 0, -1.51195), (-7.601086, -80, -1.51195), (-7.1600666, -80, -2.9657967), (-7.1600666, 0, -2.9657967), (-5.4800777, 0, -5.4800777), (1.51195, 0, -7.601086), (-1.4236519e-15, 0, -7.75), (-7.75, 0, 9.491013e-16), (7.601086, 0, 1.51195), (-7.601086, 0, 1.51195), (-7.601086, -80, 1.51195), (-7.75, -80, 1.8949101e-14), (-6.4438896, 0, 4.3056693), (-6.4438896, -80, 4.3056693), (-7.1600666, -80, 2.9657967), (-7.1600666, 0, 2.9657967), (-4.3056693, 0, 6.4438896), (-4.3056693, -80, 6.4438896), (-5.4800777, -80, 5.4800777), (-1.51195, 0, 7.601086), (-1.51195, -80, 7.601086), (-2.9657967, -80, 7.1600666), (-2.9657967, 0, 7.1600666), (-5.4800777, 0, 5.4800777), (4.7455063e-16, 0, 7.75), (1.51195, -80, 7.601086), (4.7455063e-16, -80, 7.75), (2.9657967, 0, 7.1600666), (4.3056693, -80, 6.4438896), (2.9657967, -80, 7.1600666), (1.51195, 0, 7.601086), (5.4800777, 0, 5.4800777), (6.4438896, -80, 4.3056693), (5.4800777, -80, 5.4800777), (7.1600666, 0, 2.9657967), (7.601086, -80, 1.51195), (7.1600666, -80, 2.9657967), (6.4438896, 0, 4.3056693), (4.3056693, 0, 6.4438896), (14.448192, -70, -7.4358034), (15.165573, -80, -7.08203), (14.448192, -80, -7.4358034), (13.9208, -70, -8.037178), (13.9208, -80, -8.037178), (15.963731, -80, -7.029716), (15.963731, -70, -7.029716), (16.721153, -70, -7.2868257), (16.721153, -80, -7.2868257), (17.728615, -70, -9.329757), (17.728615, -80, -9.329757), (17.6763, -80, -8.531599), (17.6763, -70, -8.531599), (17.322527, -80, -7.814217), (17.322527, -70, -7.814217), (15.165573, -70, -7.08203), (17.471504, -70, -10.087178), (13.663691, -80, -8.7946), (16.944113, -70, -10.688552), (16.944113, -80, -10.688552), (17.471504, -80, -10.087178), (15.428574, -70, -11.09464), (15.428574, -80, -11.09464), (16.226732, -80, -11.042326), (16.226732, -70, -11.042326), (14.069778, -70, -10.310139), (14.069778, -80, -10.310139), (14.671152, -80, -10.83753), (13.716004, -70, -9.592757), (13.716004, -80, -9.592757), (14.671152, -70, -10.83753), (13.663691, -70, -8.7946), (30.375282, -70, -17.537178), (30.902674, -80, -16.935804), (30.375282, -80, -17.537178), (31.620056, -70, -16.58203), (32.418213, -80, -16.529716), (31.620056, -80, -16.58203), (30.902674, -70, -16.935804), (33.777008, -70, -17.314217), (33.777008, -80, -17.314217), (33.175636, -80, -16.786825), (34.183098, -70, -18.829756), (34.183098, -80, -18.829756), (34.130783, -80, -18.031599), (34.130783, -70, -18.031599), (32.418213, -70, -16.529716), (33.175636, -70, -16.786825), (33.925987, -70, -19.587177), (30.118174, -70, -18.2946), (33.398598, -80, -20.188553), (33.925987, -80, -19.587177), (32.681213, -70, -20.542326), (31.883057, -80, -20.59464), (32.681213, -80, -20.542326), (33.398598, -70, -20.188553), (31.125635, -70, -20.33753), (30.524261, -80, -19.810139), (31.125635, -80, -20.33753), (30.170486, -70, -19.092756), (30.118174, -80, -18.2946), (30.170486, -80, -19.092756), (30.524261, -70, -19.810139), (31.883057, -70, -20.59464), (-5.267949, 2e-15, 9.124355), (-10.535898, 1e-15, -2.101e-12), (-14, -3, -2.792e-12), (-7, -3, 12.124355), (-17.6763, -70, 8.531599), (-17.322527, -70, 7.814217), (-32.418213, -70, 16.529716), (-16.721153, -70, 7.2868257), (-15.963731, -70, 7.029716), (-13, -70, 1.7320508), (-17.471504, -70, 10.087178), (-17.728615, -70, 9.329757), (-30.902674, -70, 16.935804), (-16.226732, -70, 11.042326), (-16.944113, -70, 10.688552), (-30.118174, -70, 18.2946), (-15.428574, -70, 11.09464), (-30.170486, -70, 19.092756), (-30.375282, -70, 17.537178), (-31.620056, -70, 16.58203), (-15.165573, -70, 7.08203), (-14.448192, -70, 7.4358034), (-13.9208, -70, 8.037178), (-8, -70, 10.392304), (-14.069778, -70, 10.310139), (-14.671152, -70, 10.83753), (-13.663691, -70, 8.7946), (-13.716004, -70, 9.592757), (-30.524261, -70, 19.810139), (-38.980762, -70, 16.73205), (-34.130783, -70, 18.031599), (-33.777008, -70, 17.314217), (-34.183098, -70, 18.829756), (-33.175636, -70, 16.786825), (-33.925987, -70, 19.587177), (-33.980762, -70, 25.392305), (-33.398598, -70, 20.188553), (-32.681213, -70, 20.542326), (-31.883057, -70, 20.59464), (-31.125635, -70, 20.33753), (-7, -3, -12.124355), (5.267949, -1e-15, -9.124355), (7, -3, -12.124355), (-5.267949, -2e-15, -9.124355), (-10.535898, 1e-15, -2.101e-12), (-5.267949, -2e-15, -9.124355), (-7, -3, -12.124355), (-14, -3, -2.792e-12), (-6.0245485, -30.096073, -12.124355), (-6.0432916, -30.096073, -11.934054), (-7, -30, -12.124355), (-6.0988, -30.096073, -11.751066), (-5.086583, -30.380602, -12.124355), (-4.2221494, -30.842651, -12.124355), (-5.1233487, -30.380602, -11.751066), (-5.2322335, -30.380602, -11.392122), (-5.409052, -30.380602, -11.061318), (-6.1889415, -30.096073, -11.582424), (-4.4336004, -30.842651, -11.061318), (-5.64701, -30.380602, -10.771365), (-6.3102517, -30.096073, -11.4346075), (-7.243863, -30.048037, -11.701973), (-6.4580684, -30.096073, -11.313297), (-6.267767, -30.380602, -10.356589), (-6.626711, -30.096073, -11.223156), (-5.9369626, -30.380602, -10.533407), (-5.035763, -30.842651, -10.160118), (-6.626711, -30.380602, -10.2477045), (-6.809699, -30.096073, -11.167647), (-5.456709, -30.842651, -9.814657), (-4.6903014, -30.842651, -10.581064), (-4.275525, -30.842651, -11.582424), (-3.733593, -31.464466, -10.771365), (-3.4644666, -31.464466, -12.124355), (-2.8426526, -32.22215, -12.124355), (-3.5324008, -31.464466, -11.4346075), (-4.0603113, -31.464466, -10.160118), (-3.1591117, -32.22215, -10.533407), (-5.035763, -31.464466, -9.184667), (-5.9369626, -30.842651, -9.557956), (-6.4580684, -30.842651, -9.39988), (-5.64701, -31.464466, -8.857948), (-4.0603113, -32.22215, -9.184667), (-4.5000005, -31.464466, -9.624356), (-5.409052, -32.22215, -8.283467), (-4.6903014, -32.22215, -8.667647), (-6.3102517, -31.464466, -8.656756), (-3.5432918, -32.22215, -9.814657), (-7.373289, -30.380602, -10.2477045), (-7.190301, -30.096073, -11.167647), (-7, -30.096073, -11.148904), (-7.365794, -30.072056, -11.490781), (-7.732233, -30.380602, -10.356589), (-7.373289, -30.096073, -11.223156), (-7, -30.842651, -9.346505), (-7, -30.380602, -10.210938), (-8.063038, -30.842651, -9.557956), (-7.5419316, -30.842651, -9.39988), (-7.9567084, -30.380602, -10.467288), (-8.388926, -30.842651, -9.718666), (-7.4877257, -30.096073, -11.27959), (-7, -31.464466, -8.588822), (-7.6897483, -31.464466, -8.656756), (-7, -32.22215, -7.967008), (-8.35299, -31.464466, -8.857948), (-7.811058, -32.22215, -8.04689), (-8.767767, -31.464466, -9.062494), (-6.188942, -32.22215, -8.04689), (-2.9225347, -32.22215, -11.313297), (-2.7322335, -33.086582, -10.356589), (-2.3806028, -33.086582, -12.124355), (-2.0960739, -34.024548, -12.124355), (-2.4693632, -33.086582, -11.223156), (-3.1591115, -33.086582, -9.557956), (-2.469363, -34.024548, -10.2477045), (-4.4336004, -33.086582, -8.283467), (-6.0988, -33.086582, -7.593719), (-5.232233, -33.086582, -7.8565893), (-3.5324006, -34.024548, -8.656756), (-3.733593, -33.086582, -8.857948), (-5.1233487, -34.024548, -7.5937185), (-4.2755246, -34.024548, -8.04689), (-2.9225345, -34.024548, -9.39988), (-2.1903014, -34.024548, -11.167647), (-2.1703708, -35, -10.83026), (-2, -35, -12.124355), (-3.464466, -35, -8.588821), (-2.669873, -35, -9.624355), (-6.0432916, -34.024548, -7.314657), (-4.5, -35, -7.7942286), (-7, -35, -7.124356), (-5.705905, -35, -7.2947264), (-7, -34.024548, -7.2204294), (-7, -33.086582, -7.5049586), (-9.078673, -32.22215, -8.523987), (-8.590948, -32.22215, -8.283467), (-7.9012, -33.086582, -7.593719), (-8.767767, -33.086582, -7.8565893), (-9.309699, -33.086582, -8.12384), (-7.9567084, -34.024548, -7.314657), (-8.876652, -34.024548, -7.5937185), (-9.451963, -34.024548, -7.877431), (-8.294095, -35, -7.2947264), (-9.5, -35, -7.7942286), (-7, -52, -12.124355), (-5.9393396, -52.228363, -11.685016), (-5.8519497, -52.228363, -12.124355), (-7.2870126, -52.11418, -11.627235), (-4.8786798, -52.87868, -12.124355), (-5.0401554, -52.87868, -11.312561), (-4.2283616, -53.85195, -12.124355), (-5.5, -52.87868, -10.624355), (-6.1882057, -52.228363, -11.312561), (-6.5606604, -52.228363, -11.063696), (-6.1882057, -52.87868, -10.164512), (-5.0401554, -53.85195, -10.164512), (-7, -52.87868, -10.003036), (-7, -52.228363, -10.976305), (-7.4393396, -52.228363, -11.063696), (-7.8117943, -52.87868, -10.164512), (-7.574025, -52.228363, -11.130115), (-7.430519, -52.171272, -11.3786745), (-8.06066, -52.87868, -10.287238), (-7, -53.85195, -9.352717), (-8.06066, -53.85195, -9.563696), (-5.9393396, -53.85195, -9.563696), (-4.1022224, -55, -11.3478985), (-4, -55, -12.124355), (-4.4393396, -53.85195, -11.063696), (-4.4019237, -55, -10.624355), (-5.5, -55, -9.526279), (-4.8786798, -55, -10.003036), (-6.2235427, -55, -9.226578), (-7.7764573, -55, -9.226578), (-8.385819, -53.85195, -9.724046), (-8.5, -55, -9.526279), (-7, -55, -9.124355), (-7, -35, -7.124356), (-7, -40, -7.124356), (-8.294095, -40, -7.2947264), (-8.294095, -35, -7.2947264), (-9.5, -40, -7.7942286), (-9.5, -35, -7.7942286), (-5.705905, -35, -7.2947264), (-5.705905, -40, -7.2947264), (-2.1703708, -35, -10.83026), (-2, -35, -12.124355), (-2, -40, -12.124355), (-3.464466, -35, -8.588821), (-3.464466, -40, -8.588821), (-4.5, -40, -7.7942286), (-2.1703708, -40, -10.83026), (-2.669873, -40, -9.624355), (-2.669873, -35, -9.624355), (-4.5, -35, -7.7942286), (-7.7764573, -60, -9.226578), (-7, -60, -9.124355), (-7, -55, -9.124355), (-8.5, -60, -9.526279), (-6.2235427, -60, -9.226578), (-4, -60, -12.124355), (-5.5, -60, -9.526279), (-4.8786798, -60, -10.003036), (-4.4019237, -60, -10.624355), (-4.1022224, -60, -11.3478985), (-9.5, -40, -7.7942286), (-7.7764573, -40, -9.226578), (-8.5, -40, -9.526279), (-4.5, -40, -7.7942286), (-6.2235427, -40, -9.226578), (-5.705905, -40, -7.2947264), (-8.294095, -40, -7.2947264), (-7, -40, -7.124356), (-7, -40, -9.124355), (-5.5, -40, -9.526279), (-2, -40, -12.124355), (-4, -40, -12.124355), (-4.1022224, -40, -11.3478985), (-2.1703708, -40, -10.83026), (-4.4019237, -40, -10.624355), (-4.8786798, -40, -10.003036), (-3.464466, -40, -8.588821), (-2.669873, -40, -9.624355), (-9.5, -60, -7.7942286), (-7.7764573, -60, -9.226578), (-8.5, -60, -9.526279), (-4.5, -60, -7.7942286), (-6.2235427, -60, -9.226578), (-5.705905, -60, -7.2947264), (-8.294095, -60, -7.2947264), (-7, -60, -7.124356), (-7, -60, -9.124355), (-5.5, -60, -9.526279), (-2, -60, -12.124355), (-4, -60, -12.124355), (-4.1022224, -60, -11.3478985), (-2.1703708, -60, -10.83026), (-4.4019237, -60, -10.624355), (-4.8786798, -60, -10.003036), (-3.464466, -60, -8.588821), (-2.669873, -60, -9.624355), (-7.7764573, -40, -9.226578), (-7, -40, -9.124355), (-7, -35, -9.124355), (-8.5, -40, -9.526279), (-7.7764573, -35, -9.226578), (-8.5, -35, -9.526279), (-6.2235427, -35, -9.226578), (-6.2235427, -40, -9.226578), (-4, -40, -12.124355), (-4, -35, -12.124355), (-4.1022224, -35, -11.3478985), (-5.5, -40, -9.526279), (-4.8786798, -40, -10.003036), (-4.8786798, -35, -10.003036), (-4.4019237, -40, -10.624355), (-4.1022224, -40, -11.3478985), (-4.4019237, -35, -10.624355), (-5.5, -35, -9.526279), (-7, -55, -7.124356), (-7, -60, -7.124356), (-8.294095, -60, -7.2947264), (-8.294095, -55, -7.2947264), (-9.5, -60, -7.7942286), (-9.5, -55, -7.7942286), (-5.705905, -55, -7.2947264), (-5.705905, -60, -7.2947264), (-2.1703708, -55, -10.83026), (-2, -55, -12.124355), (-2, -60, -12.124355), (-3.464466, -55, -8.588821), (-3.464466, -60, -8.588821), (-4.5, -60, -7.7942286), (-2.1703708, -60, -10.83026), (-2.669873, -60, -9.624355), (-2.669873, -55, -9.624355), (-4.5, -55, -7.7942286), (-7.2870126, -32.11418, -11.627235), (-5.9393396, -32.228363, -11.685016), (-7, -32, -12.124355), (-6.1882057, -32.228363, -11.312561), (-5.5, -32.87868, -10.624355), (-5.8519497, -32.228363, -12.124355), (-4.8786798, -32.87868, -12.124355), (-5.0401554, -32.87868, -11.312561), (-4.4393396, -33.85195, -11.063696), (-5.0401554, -33.85195, -10.164511), (-6.5606604, -32.228363, -11.063695), (-6.1882057, -32.87868, -10.164511), (-7, -32.228363, -10.976305), (-7, -32.87868, -10.003036), (-7.4393396, -32.228363, -11.063695), (-7.574025, -32.228363, -11.130115), (-8.06066, -32.87868, -10.287238), (-7.430519, -32.171272, -11.3786745), (-7.8117943, -32.87868, -10.164511), (-5.9393396, -33.85195, -9.563696), (-8.385819, -33.851948, -9.724046), (-7, -33.85195, -9.352717), (-8.06066, -33.85195, -9.563696), (-4.2283616, -33.85195, -12.124355), (-7, -35, -9.124355), (-6.0245485, -50.096073, -12.124355), (-6.0432916, -50.096073, -11.934054), (-7, -50, -12.124355), (-6.0988, -50.096073, -11.751066), (-5.1233487, -50.380604, -11.751066), (-5.232233, -50.380604, -11.392122), (-5.409052, -50.380604, -11.061318), (-6.1889415, -50.096073, -11.582424), (-4.4336, -50.84265, -11.061318), (-7.243863, -50.048035, -11.701973), (-5.0865827, -50.380604, -12.124355), (-5.9369626, -50.380604, -10.533407), (-6.458068, -50.096073, -11.313297), (-6.3102517, -50.096073, -11.4346075), (-6.626711, -50.096073, -11.223156), (-6.626711, -50.380604, -10.2477045), (-6.809699, -50.096073, -11.167647), (-6.267767, -50.380604, -10.356588), (-5.035763, -50.84265, -10.160118), (-5.64701, -50.380604, -10.771365), (-5.9369626, -50.84265, -9.557956), (-5.4567084, -50.84265, -9.814657), (-6.458068, -50.84265, -9.39988), (-4.690301, -50.84265, -10.581064), (-4.222149, -50.84265, -12.124355), (-4.2755246, -50.84265, -11.582424), (-3.464466, -51.464466, -12.124355), (-2.8426518, -52.22215, -12.124355), (-3.5324004, -51.464466, -11.4346075), (-3.7335925, -51.464466, -10.771365), (-4.060311, -51.464466, -10.160118), (-3.1591113, -52.22215, -10.533407), (-4.5, -51.464466, -9.624355), (-5.64701, -51.464466, -8.857948), (-5.035763, -51.464466, -9.184667), (-4.060311, -52.22215, -9.184667), (-5.409052, -52.22215, -8.283467), (-4.690301, -52.22215, -8.667647), (-6.3102517, -51.464466, -8.656756), (-3.5432913, -52.22215, -9.814657), (-7.373289, -50.380604, -10.2477045), (-7.190301, -50.096073, -11.167647), (-7, -50.096073, -11.148904), (-7.365794, -50.072056, -11.490781), (-7.732233, -50.380604, -10.356588), (-7.373289, -50.096073, -11.223156), (-7, -50.84265, -9.346504), (-7, -50.380604, -10.210938), (-8.063038, -50.84265, -9.557956), (-7.541932, -50.84265, -9.39988), (-7.9567084, -50.380604, -10.467288), (-7.4877257, -50.096073, -11.27959), (-7, -51.464466, -8.588821), (-7.6897483, -51.464466, -8.656756), (-7, -52.22215, -7.9670076), (-8.35299, -51.464466, -8.857948), (-7.8110585, -52.22215, -8.04689), (-8.767767, -51.464466, -9.062493), (-8.388926, -50.84265, -9.718666), (-6.1889415, -52.22215, -8.04689), (-2.9225342, -52.22215, -11.313297), (-2.732233, -53.086582, -10.356588), (-2.3806024, -53.086582, -12.124355), (-2.0960736, -54.024548, -12.124355), (-2.4693627, -53.086582, -11.223156), (-3.1591113, -53.086582, -9.557956), (-2.4693627, -54.024548, -10.2477045), (-4.4336, -53.086582, -8.283467), (-6.0988, -53.086582, -7.5937185), (-5.232233, -53.086582, -7.856589), (-3.5324004, -54.024548, -8.656756), (-3.7335925, -53.086582, -8.857948), (-5.1233487, -54.024548, -7.5937185), (-4.2755246, -54.024548, -8.04689), (-2.9225342, -54.024548, -9.39988), (-2.1903012, -54.024548, -11.167647), (-2, -55, -12.124355), (-6.0432916, -54.024548, -7.3146567), (-7, -55, -7.124356), (-7, -54.024548, -7.2204294), (-7, -53.086582, -7.504958), (-9.078674, -52.22215, -8.523987), (-8.590948, -52.22215, -8.283467), (-7.9012, -53.086582, -7.5937185), (-8.767767, -53.086582, -7.856589), (-9.309699, -53.086582, -8.12384), (-7.9567084, -54.024548, -7.3146567), (-8.876652, -54.024548, -7.5937185), (-9.451963, -54.024548, -7.877431)]
                normal3f[] primvars:normals = [(0.8660254, 1.1e-16, 0.5), (-9.973e-14, 2.2e-16, 1), (0.61237246, 0.70710677, 0.35355338), (0.1802398, -0.9807853, -0.07465777), (0.35355327, -0.92387956, -0.14644656), (0.19134155, -0.9807853, -0.0380602), (0.37533015, -0.92387956, -0.074657805), (0.544895, -0.83146966, -0.10838635), (0.544895, -0.83146966, 0.10838635), (0.13794957, -0.9807853, -0.13794957), (0.27059796, -0.92387956, -0.27059796), (0.16221154, -0.9807853, -0.108386286), (-0.89687276, -1.9986465e-12, -0.44228864), (-0.90612745, -0.19509035, -0.37533027), (-0.9108638, -1.9986465e-12, -0.412707), (0.31818953, -0.92387956, -0.21260744), (0.4619397, -0.83146966, -0.3086582), (0.51327986, -0.83146966, -0.21260749), (0.6532814, -0.7071068, -0.27059802), (0.69351983, -0.7071068, -0.13794968), (0.76817775, -0.5555703, -0.31818962), (0.5879378, -0.7071068, -0.39284745), (0.8154931, -0.5555703, -0.16221167), (0.8154931, -0.5555703, 0.16221167), (0.39284742, -0.83146966, -0.39284742), (0.49999994, -0.7071068, -0.49999994), (0.21260744, -0.92387956, -0.31818953), (0.3086582, -0.83146966, -0.4619397), (0.6913417, -0.5555703, -0.46193975), (0.108386286, -0.9807853, -0.16221154), (0.69351983, -0.7071068, 0.13794968), (0.07465777, -0.9807853, -0.1802398), (0.14644656, -0.92387956, -0.35355327), (-0.86602545, -1.9986465e-12, -0.49999997), (1.9552309e-14, -0.9807853, -0.19509016), (3.80383e-14, -0.92387956, -0.3826833), (0.0380602, -0.9807853, -0.19134155), (0.074657805, -0.92387956, -0.37533015), (0.10838635, -0.83146966, -0.544895), (0.21260749, -0.83146966, -0.51327986), (0.27059802, -0.7071068, -0.6532814), (0.39284745, -0.7071068, -0.5879378), (0.46193975, -0.5555703, -0.6913417), (5.5457558e-14, -0.83146966, -0.5555701), (0.13794968, -0.7071068, -0.69351983), (7.038855e-14, -0.7071068, -0.7071067), (-0.074657805, -0.92387956, -0.37533015), (-0.10838635, -0.83146966, -0.544895), (0.31818962, -0.5555703, -0.76817775), (-0.0380602, -0.9807853, -0.19134155), (-0.9659258, -1.9986465e-12, -0.258819), (-0.92387956, -1.9986465e-12, -0.3826834), (0.5879378, -0.5555703, -0.5879378), (0.85355335, -0.3826835, -0.35355338), (0.90612745, -0.3826835, -0.18023995), (0.96193975, -0.19509035, -0.19134171), (0.96193975, -0.19509035, 0.19134171), (0.65328145, -0.3826835, -0.65328145), (0.76817775, -0.3826835, -0.51328), (0.81549317, -0.19509035, -0.5448951), (0.90612745, -0.19509035, -0.37533027), (0.9238795, 0, -0.38268343), (0.98078525, 0, -0.19509032), (0.90612745, 0.19509035, -0.37533027), (0.8314696, 0, -0.55557024), (0.96193975, 0.19509035, -0.19134171), (0.96193975, 0.19509035, 0.19134171), (0.6935199, -0.19509035, -0.6935199), (0.70710677, 0, -0.70710677), (0.51328, -0.3826835, -0.76817775), (0.5448951, -0.19509035, -0.81549317), (0.81549317, 0.19509035, -0.5448951), (0.98078525, -0, 0.19509032), (0.35355338, -0.3826835, -0.85355335), (0.55557024, 0, -0.8314696), (0.37533027, -0.19509035, -0.90612745), (0.18023995, -0.3826835, -0.90612745), (0.16221167, -0.5555703, -0.8154931), (8.283093e-14, -0.5555703, -0.8314696), (9.2073843e-14, -0.3826835, -0.9238795), (0.19134171, -0.19509035, -0.96193975), (0.44228855, -1.7106914e-9, -0.8968728), (0.41270688, -1.4259094e-9, -0.9108639), (0.49999985, -2.2802553e-9, -0.8660255), (0.5448951, 0.19509035, -0.81549317), (0.22707611, -1.9995347e-12, -0.973877), (0.2111114, -1.9995347e-12, -0.977462), (9.776179e-14, -0.19509035, -0.98078525), (0.13052605, -1.9995347e-12, -0.9914449), (0.2588189, -1.9995347e-12, -0.9659259), (0.6935199, 0.19509035, -0.6935199), (0.90612745, -0.3826835, 0.18023995), (-0.07465777, -0.9807853, -0.1802398), (-0.14644656, -0.92387956, -0.35355327), (-0.9807853, -1.6835713e-10, -0.1950903), (-0.9806854, -1.6705684e-10, -0.19559178), (-0.96193975, -0.19509035, -0.19134171), (-0.13794957, -0.9807853, -0.13794957), (-0.27059796, -0.92387956, -0.27059796), (-0.108386286, -0.9807853, -0.16221154), (-0.9805853, -1.6575744e-10, -0.1960932), (-0.21260744, -0.92387956, -0.31818953), (-0.3086582, -0.83146966, -0.4619397), (-0.21260749, -0.83146966, -0.51327986), (-0.27059802, -0.7071068, -0.6532814), (-0.13794968, -0.7071068, -0.69351983), (-0.16221167, -0.5555703, -0.8154931), (-0.39284742, -0.83146966, -0.39284742), (-0.49999994, -0.7071068, -0.49999994), (-0.39284745, -0.7071068, -0.5879378), (-0.46193975, -0.5555703, -0.6913417), (-0.31818962, -0.5555703, -0.76817775), (-0.16221154, -0.9807853, -0.108386286), (-0.31818953, -0.92387956, -0.21260744), (-0.1802398, -0.9807853, -0.07465777), (-0.35355327, -0.92387956, -0.14644656), (-0.98038423, -1.6315774e-10, -0.1970959), (-0.4619397, -0.83146966, -0.3086582), (-0.19509016, -0.9807853, -1.9564255e-14), (-0.3826833, -0.92387956, -3.8061734e-14), (-0.19134155, -0.9807853, -0.0380602), (-0.37533015, -0.92387956, -0.074657805), (-0.544895, -0.83146966, -0.10838635), (-0.5555701, -0.83146966, -5.5491578e-14), (-0.97997904, -1.5795923e-10, -0.19910067), (-0.51327986, -0.83146966, -0.21260749), (-0.5879378, -0.7071068, -0.39284745), (-0.6913417, -0.5555703, -0.46193975), (-0.6532814, -0.7071068, -0.27059802), (-0.69351983, -0.7071068, -0.13794968), (-0.8154931, -0.5555703, -0.16221167), (-0.7071067, -0.7071068, -7.0431853e-14), (-0.76817775, -0.5555703, -0.31818962), (-0.8314696, -0.5555703, -8.288185e-14), (-0.5879378, -0.5555703, -0.5879378), (-0.18023995, -0.3826835, -0.90612745), (-0.51328, -0.3826835, -0.76817775), (-0.35355338, -0.3826835, -0.85355335), (-0.37533027, -0.19509035, -0.90612745), (-0.19134171, -0.19509035, -0.96193975), (-0.13052632, -1.9995347e-12, -0.9914448), (-1.3617702e-7, -1.9995347e-12, -1), (9.989464e-14, 0, -1), (0.19509017, -1.9995347e-12, -0.9807853), (-0.50000006, -1.9995347e-12, -0.8660253), (-0.5448951, -0.19509035, -0.81549317), (-0.19509044, -1.9995347e-12, -0.98078525), (-0.19509032, 0, -0.98078525), (-0.38268343, 0, -0.9238795), (-0.37511232, -1.9995347e-12, -0.92697936), (-0.25881916, -1.9995347e-12, -0.9659258), (-0.38268352, -1.9995347e-12, -0.9238795), (-0.65328145, -0.3826835, -0.65328145), (-0.76817775, -0.3826835, -0.51328), (-0.81549317, -0.19509035, -0.5448951), (-0.85355335, -0.3826835, -0.35355338), (-0.6935199, -0.19509035, -0.6935199), (-0.90612745, -0.3826835, -0.18023995), (-0.98078525, -0.19509035, -9.782185e-14), (-0.9238795, -0.3826835, -9.213042e-14), (-0.6087615, -1.9995347e-12, -0.7933533), (-0.65934587, -1.9995347e-12, -0.75183976), (-0.7933534, -1.9986465e-12, -0.60876137), (-0.52806795, -1.9995347e-12, -0.84920216), (-0.54189163, -1.9995347e-12, -0.8404484), (-0.9238795, 0, -0.38268343), (-0.92071784, -1.9986465e-12, -0.390229), (-0.7071068, -1.9986465e-12, -0.7071067), (-0.70710677, 0, -0.70710677), (-0.9791564, -1.4756221e-10, -0.20310771), (0.85355335, 0.3826835, -0.35355338), (0.90612745, 0.3826835, -0.18023995), (0.8154931, 0.5555703, -0.16221167), (0.8154931, 0.5555703, 0.16221167), (0.65328145, 0.3826835, -0.65328145), (0.76817775, 0.3826835, -0.51328), (0.6913417, 0.5555703, -0.46193975), (0.76817775, 0.5555703, -0.31818962), (0.6532814, 0.7071068, -0.27059802), (0.69351983, 0.7071068, -0.13794968), (0.51327986, 0.83146966, -0.21260749), (0.5879378, 0.7071068, -0.39284745), (0.544895, 0.83146966, -0.10838635), (0.544895, 0.83146966, 0.10838635), (0.5879378, 0.5555703, -0.5879378), (0.49999994, 0.7071068, -0.49999994), (0.51328, 0.3826835, -0.76817775), (0.46193975, 0.5555703, -0.6913417), (0.4619397, 0.83146966, -0.3086582), (0.69351983, 0.7071068, 0.13794968), (0.4873783, 0.223269, -0.8441643), (0.45015085, 0.43526587, -0.7796845), (0.39019695, 0.62528783, -0.6758413), (0.39284745, 0.7071068, -0.5879378), (0.35355327, 0.92387956, -0.14644656), (0.37533015, 0.92387956, -0.074657805), (0.19134155, 0.9807853, -0.0380602), (0.19134155, 0.9807853, 0.0380602), (0.3086582, 0.83146966, -0.4619397), (0.31818953, 0.92387956, -0.21260744), (0.39284742, 0.83146966, -0.39284742), (0.21260744, 0.92387956, -0.31818953), (0.27059796, 0.92387956, -0.27059796), (0.1802398, 0.9807853, -0.07465777), (0.099918276, 0.99499565, 0), (0.16221154, 0.9807853, -0.108386286), (0.09498291, 0.9939673, -0.05483846), (0.094245896, 0.99513835, -0.02858916), (0.13794957, 0.9807853, -0.13794957), (0.116037, 0.9864435, -0.11603714), (0.11635724, 0.9815632, -0.15163992), (0.07031185, 0.9938085, -0.08602877), (0.37533015, 0.92387956, 0.074657805), (0.31054348, 0.7837414, -0.53787744), (0.21521184, 0.9026268, -0.37275818), (0.10901495, 0.975942, -0.18881978), (0.11367139, 0.978845, -0.17012152), (0.90612745, 0.3826835, 0.18023995), (-0.5555703, -1.9995347e-12, -0.83146954), (0.37533015, -0.92387956, 0.074657805), (-0.37533015, -0.92387956, 0.074657805), (-0.19134155, -0.9807853, 0.0380602), (-0.1802398, -0.9807853, 0.07465777), (-0.35355327, -0.92387956, 0.14644656), (-0.544895, -0.83146966, 0.10838635), (-0.16221154, -0.9807853, 0.108386286), (-0.31818953, -0.92387956, 0.21260744), (-0.4619397, -0.83146966, 0.3086582), (-0.13794957, -0.9807853, 0.13794957), (-0.27059796, -0.92387956, 0.27059796), (-0.977462, -1.2676729e-10, -0.21111153), (-0.51327986, -0.83146966, 0.21260749), (-0.69351983, -0.7071068, 0.13794968), (-0.8154931, -0.5555703, 0.16221167), (-0.6532814, -0.7071068, 0.27059802), (-0.5879378, -0.7071068, 0.39284745), (-0.6913417, -0.5555703, 0.46193975), (-0.39284742, -0.83146966, 0.39284742), (-0.49999994, -0.7071068, 0.49999994), (-0.76817775, -0.5555703, 0.31818962), (-0.108386286, -0.9807853, 0.16221154), (-0.21260744, -0.92387956, 0.31818953), (-0.0380602, -0.9807853, 0.19134155), (-0.074657805, -0.92387956, 0.37533015), (-0.07465777, -0.9807853, 0.1802398), (-0.973877, -8.517744e-11, -0.22707623), (-0.14644656, -0.92387956, 0.35355327), (-0.21260749, -0.83146966, 0.51327986), (-0.3086582, -0.83146966, 0.4619397), (-0.39284745, -0.7071068, 0.5879378), (-0.46193975, -0.5555703, 0.6913417), (-0.27059802, -0.7071068, 0.6532814), (-0.10838635, -0.83146966, 0.544895), (-0.13794968, -0.7071068, 0.69351983), (-3.8085166e-14, -0.92387956, 0.3826833), (-5.5525595e-14, -0.83146966, 0.5555701), (-0.31818962, -0.5555703, 0.76817775), (-1.95762e-14, -0.9807853, 0.19509016), (-0.5879378, -0.5555703, 0.5879378), (-0.90612745, -0.3826835, 0.18023995), (-0.76817775, -0.3826835, 0.51328), (-0.85355335, -0.3826835, 0.35355338), (-0.90612745, -0.19509035, 0.37533027), (-0.96193975, -0.19509035, 0.19134171), (-1, -6.674308e-10, -3.580285e-17), (-0.98078525, -0, 0.19509032), (-0.9807853, 0.19509026, -9.782185e-14), (-0.9238795, -0, 0.38268343), (-0.81549317, -0.19509035, 0.5448951), (-0.8314696, -0, 0.55557024), (-0.65328145, -0.3826835, 0.65328145), (-0.6935199, -0.19509035, 0.6935199), (-0.90612745, 0.19509035, 0.37533027), (-0.51328, -0.3826835, 0.76817775), (-0.5448951, -0.19509035, 0.81549317), (-0.35355338, -0.3826835, 0.85355335), (-0.16221167, -0.5555703, 0.8154931), (-0.18023995, -0.3826835, 0.90612745), (-7.047515e-14, -0.7071068, 0.7071067), (-8.293276e-14, -0.5555703, 0.8314696), (-0.37533027, -0.19509035, 0.90612745), (-0.55557024, -0, 0.8314696), (-0.70710677, -0, 0.70710677), (-0.6935199, 0.19509035, 0.6935199), (-0.19134171, -0.19509035, 0.96193975), (-0.19509032, -0, 0.98078525), (-0.38268343, -0, 0.9238795), (-0.37533027, 0.19509035, 0.90612745), (-0.5448951, 0.19509035, 0.81549317), (-9.218699e-14, -0.3826835, 0.9238795), (-0.81549317, 0.19509035, 0.5448951), (0.0380602, -0.9807853, 0.19134155), (0.074657805, -0.92387956, 0.37533015), (-0.9914449, -3.3471473e-10, -0.13052617), (0.108386286, -0.9807853, 0.16221154), (0.21260744, -0.92387956, 0.31818953), (0.07465777, -0.9807853, 0.1802398), (0.14644656, -0.92387956, 0.35355327), (0.21260749, -0.83146966, 0.51327986), (0.10838635, -0.83146966, 0.544895), (0.13794968, -0.7071068, 0.69351983), (0.16221167, -0.5555703, 0.8154931), (0.27059802, -0.7071068, 0.6532814), (0.3086582, -0.83146966, 0.4619397), (0.39284745, -0.7071068, 0.5879378), (0.27059796, -0.92387956, 0.27059796), (0.39284742, -0.83146966, 0.39284742), (0.31818962, -0.5555703, 0.76817775), (0.13794957, -0.9807853, 0.13794957), (0.16221154, -0.9807853, 0.108386286), (0.31818953, -0.92387956, 0.21260744), (0.19134155, -0.9807853, 0.0380602), (0.1802398, -0.9807853, 0.07465777), (0.35355327, -0.92387956, 0.14644656), (0.51327986, -0.83146966, 0.21260749), (0.4619397, -0.83146966, 0.3086582), (0.5879378, -0.7071068, 0.39284745), (0.49999994, -0.7071068, 0.49999994), (0.5879378, -0.5555703, 0.5879378), (0.6532814, -0.7071068, 0.27059802), (0.6913417, -0.5555703, 0.46193975), (0.46193975, -0.5555703, 0.6913417), (0.18023995, -0.3826835, 0.90612745), (-9.78819e-14, -0.19509035, 0.98078525), (0.51328, -0.3826835, 0.76817775), (0.35355338, -0.3826835, 0.85355335), (0.37533027, -0.19509035, 0.90612745), (0.5448951, -0.19509035, 0.81549317), (0.19134171, -0.19509035, 0.96193975), (-1.0001711e-13, -0, 1), (-9.78819e-14, 0.19509035, 0.98078525), (0.19509032, -0, 0.98078525), (0.38268343, -0, 0.9238795), (0.37533027, 0.19509035, 0.90612745), (0.55557024, -0, 0.8314696), (0.19134171, 0.19509035, 0.96193975), (0.76817775, -0.3826835, 0.51328), (0.65328145, -0.3826835, 0.65328145), (0.6935199, -0.19509035, 0.6935199), (0.85355335, -0.3826835, 0.35355338), (0.76817775, -0.5555703, 0.31818962), (0.81549317, -0.19509035, 0.5448951), (0.70710677, -0, 0.70710677), (0.90612745, -0.19509035, 0.37533027), (0.9238795, -0, 0.38268343), (0.8314696, -0, 0.55557024), (-0.19134171, 0.19509035, 0.96193975), (-0.96193975, 0.19509035, 0.19134171), (-0.90612745, 0.3826835, 0.18023995), (-0.92387956, 0.38268334, -9.25407e-14), (-0.98078525, 0.19509035, -9.782185e-14), (-0.85355335, 0.3826835, 0.35355338), (-0.76817775, 0.3826835, 0.51328), (-0.8154931, 0.5555703, 0.16221167), (-0.8314697, 0.5555701, -8.3251094e-14), (-0.69351983, 0.7071068, 0.13794968), (-0.7071069, 0.70710665, -7.074587e-14), (-0.8314696, 0.5555703, -8.288185e-14), (-0.7071067, 0.7071068, -7.0431853e-14), (-0.5555704, 0.8314695, -5.5244854e-14), (-0.76817775, 0.5555703, 0.31818962), (-0.6532814, 0.7071068, 0.27059802), (-0.6913417, 0.5555703, 0.46193975), (-0.5879378, 0.7071068, 0.39284745), (-0.51327986, 0.83146966, 0.21260749), (-0.65328145, 0.3826835, 0.65328145), (-0.9238795, 0.3826835, -9.213042e-14), (-0.51328, 0.3826835, 0.76817775), (-0.5879378, 0.5555703, 0.5879378), (-0.18023995, 0.3826835, 0.90612745), (-0.35355338, 0.3826835, 0.85355335), (-0.31818962, 0.5555703, 0.76817775), (-0.46193975, 0.5555703, 0.6913417), (-0.49999994, 0.7071068, 0.49999994), (-0.39284742, 0.83146966, 0.39284742), (-0.39284745, 0.7071068, 0.5879378), (-0.27059802, 0.7071068, 0.6532814), (-0.16221167, 0.5555703, 0.8154931), (-9.218699e-14, 0.3826835, 0.9238795), (-8.293276e-14, 0.5555703, 0.8314696), (-0.13794968, 0.7071068, 0.69351983), (-0.4619397, 0.83146966, 0.3086582), (-0.38268363, 0.92387944, -3.8061734e-14), (-0.5555701, 0.83146966, -5.5491578e-14), (-0.544895, 0.83146966, 0.10838635), (-0.37533015, 0.92387956, 0.074657805), (-0.3826833, 0.92387956, -3.8061734e-14), (-0.35355327, 0.92387956, 0.14644656), (-0.31818953, 0.92387956, 0.21260744), (-0.19509016, 0.9807853, -1.9564255e-14), (-0.19509053, 0.98078525, -1.9564255e-14), (-0.19134155, 0.9807853, 0.0380602), (-0.098012246, 0.9951384, 0.0096543105), (-0.16221154, 0.9807853, 0.108386286), (-0.1802398, 0.9807853, 0.07465777), (-0.094245836, 0.99513835, 0.028589293), (-0.08685753, 0.99513835, 0.046426248), (-0.27059796, 0.92387956, 0.27059796), (-0.3086582, 0.83146966, 0.4619397), (-0.21260744, 0.92387956, 0.31818953), (-0.21260749, 0.83146966, 0.51327986), (-0.13794957, 0.9807853, 0.13794957), (-0.10838635, 0.83146966, 0.544895), (-0.14644656, 0.92387956, 0.35355327), (-7.047515e-14, 0.7071068, 0.7071067), (-5.5525595e-14, 0.83146966, 0.5555701), (-0.074657805, 0.92387956, 0.37533015), (-0.108386286, 0.9807853, 0.16221154), (-0.062479317, 0.99513835, 0.076131195), (-0.07465777, 0.9807853, 0.1802398), (-0.07613122, 0.99513835, 0.06247929), (-0.0380602, 0.9807853, 0.19134155), (-0.028589213, 0.99513835, 0.09424582), (-3.8085166e-14, 0.92387956, 0.3826833), (-1.95762e-14, 0.9807853, 0.19509016), (-0.046426337, 0.99513835, 0.086857446), (-0.009653366, 0.99513835, 0.09801239), (0.18023995, 0.3826835, 0.90612745), (0.6935199, 0.19509035, 0.6935199), (0.35355338, 0.3826835, 0.85355335), (0.5448951, 0.19509035, 0.81549317), (0.65328145, 0.3826835, 0.65328145), (0.51328, 0.3826835, 0.76817775), (0.16221167, 0.5555703, 0.8154931), (0.13794968, 0.7071068, 0.69351983), (0.31818962, 0.5555703, 0.76817775), (0.46193975, 0.5555703, 0.6913417), (0.27059802, 0.7071068, 0.6532814), (0.5879378, 0.5555703, 0.5879378), (0.39284745, 0.7071068, 0.5879378), (0.81549317, 0.19509035, 0.5448951), (0.90612745, 0.19509035, 0.37533027), (0.76817775, 0.3826835, 0.51328), (0.85355335, 0.3826835, 0.35355338), (0.6913417, 0.5555703, 0.46193975), (0.49999994, 0.7071068, 0.49999994), (0.76817775, 0.5555703, 0.31818962), (0.6532814, 0.7071068, 0.27059802), (0.5879378, 0.7071068, 0.39284745), (0.10838635, 0.83146966, 0.544895), (0.21260749, 0.83146966, 0.51327986), (0.074657805, 0.92387956, 0.37533015), (0.3086582, 0.83146966, 0.4619397), (0.21260744, 0.92387956, 0.31818953), (0.39284742, 0.83146966, 0.39284742), (0.14644656, 0.92387956, 0.35355327), (0.0380602, 0.9807853, 0.19134155), (0.07465777, 0.9807853, 0.1802398), (0.108386286, 0.9807853, 0.16221154), (0.028589213, 0.99513835, 0.09424582), (0.27059796, 0.92387956, 0.27059796), (0.13794957, 0.9807853, 0.13794957), (0.009653366, 0.99513835, 0.09801239), (0.4619397, 0.83146966, 0.3086582), (0.31818953, 0.92387956, 0.21260744), (0.51327986, 0.83146966, 0.21260749), (0.35355327, 0.92387956, 0.14644656), (0.16221154, 0.9807853, 0.108386286), (0.062479317, 0.99513835, 0.076131195), (0.1802398, 0.9807853, 0.07465777), (0.08685753, 0.99513835, 0.046426248), (0.07613122, 0.99513835, 0.06247929), (0.046426337, 0.99513835, 0.086857446), (0.094245836, 0.99513835, 0.028589293), (-0.91749454, -1.9986465e-12, -0.39774844), (-0.8314696, 0, -0.55557024), (-0.83146966, -1.9986465e-12, -0.5555702), (-0.8128467, -1.9986465e-12, -0.5824776), (-0.82226825, -1.9986465e-12, -0.5691001), (-0.8268966, -1.9986465e-12, -0.56235397), (-0.6835924, -1.9986465e-12, -0.729864), (-0.6954427, -1.9986465e-12, -0.71858156), (-0.70129824, -1.9986465e-12, -0.71286803), (-0.55557024, 0, -0.8314696), (-0.5487493, -1.9995347e-12, -0.8359869), (-0.32143956, -1.9995347e-12, -0.9469301), (-0.35225016, -1.9995347e-12, -0.9359059), (-0.36751604, -1.9995347e-12, -0.9300172), (-0.18705997, -1.9995347e-12, -0.9823485), (-0.16289559, -1.9995347e-12, -0.9866433), (-0.17901698, -1.9995347e-12, -0.983846), (0.065402985, -1.9995347e-12, -0.99785894), (0.032718945, -1.9995347e-12, -0.9994646), (0.016361594, -1.9995347e-12, -0.9998661), (0.008181003, -1.9995347e-12, -0.99996656), (0.19509032, 0, -0.98078525), (0.20310758, -1.9995347e-12, -0.97915643), (0.38268328, -1.1411274e-9, -0.9238796), (0.39774832, -1.2835184e-9, -0.91749454), (0.39022887, -1.2123229e-9, -0.9207179), (0.3864593, -1.1767256e-9, -0.9223065), (0.3845721, -1.1589265e-9, -0.923095), (0.3836279, -1.150027e-9, -0.9234878), (0.38315564, -1.1455772e-9, -0.9236838), (0.8660254, -1.1e-16, -0.5), (-0.2588189, -0, 0.9659259), (1.27351e-7, -0, 1), (-0.49999985, -0, 0.8660255), (1.2735366e-7, -0, 1), (0.25881913, -0, 0.9659258), (0.9659258, -0, 0.258819), (1, -0, 9.983e-14), (0.50000006, -0, 0.8660254), (0.7071068, -0, 0.7071067), (0.86602545, -0, 0.49999997), (0, -1, 0), (0, 1, 0), (0.2588188, 0, -0.9659259), (-2.1225163e-7, 0, -1), (0.49999976, 0, -0.86602557), (-2.1225543e-7, 0, -1), (-0.25881922, 0, -0.96592575), (-1, 0, -9.948e-14), (-0.9659258, 0, -0.258819), (-0.5000001, 0, -0.8660253), (-0.7071068, 0, -0.7071067), (-0.86602545, 0, -0.49999994), (-0.35355318, 0.9238796, 0.14644653), (-0.4999999, 0.7071069, 0.4999999), (-0.27059788, 0.9238796, 0.27059788), (0.38268358, -6.6668684e-7, 0.92387944), (0.5000001, -6.6668684e-7, 0.8660253), (0.38268343, -2.480262e-16, 0.9238795), (-0.6532814, 0.7071069, 0.270598), (-0.85355335, 0.38268352, -0.35355338), (-0.85355335, 0.38268352, 0.35355338), (-0.14644653, 0.9238796, 0.35355318), (-7.0508e-14, 0.7071069, 0.70710665), (-3.792043e-14, 0.9238796, 0.38268322), (-0.35355338, 0.38268352, 0.85355335), (-0.270598, 0.7071069, 0.6532814), (-9.243045e-14, 0.38268352, 0.9238795), (0.92387956, -6.6668684e-7, 0.38268337), (0.9659258, -6.6668684e-7, 0.258819), (0.9238795, -2.480262e-16, 0.38268343), (-0.65328145, 0.38268352, 0.65328145), (-0.70710677, -2.480262e-16, 0.70710677), (-0.9238795, -2.480262e-16, 0.38268343), (-0.65328145, -0.38268352, 0.65328145), (-0.49999976, -6.2428404e-7, 0.86602557), (-0.85355335, -0.38268352, -0.35355338), (-0.85355335, -0.38268352, 0.35355338), (-0.38268343, -2.480262e-16, 0.9238795), (-0.2588188, -6.6668684e-7, 0.9659259), (-0.9238795, -2.480262e-16, -0.38268343), (0.270598, 0.7071069, 0.6532814), (0.14644653, 0.9238796, 0.35355318), (0.35355338, 0.38268352, 0.85355335), (0.4999999, 0.7071069, 0.4999999), (0.27059788, 0.9238796, 0.27059788), (0.6532814, 0.7071069, 0.270598), (0.35355318, 0.9238796, 0.14644653), (0.65328145, 0.38268352, 0.65328145), (0.70710665, 0.7071069, 7.05513e-14), (0.38268322, 0.9238796, 3.794386e-14), (0.85355335, 0.38268352, 0.35355338), (0.25881922, -6.6668684e-7, 0.96592575), (-9.95408e-14, -2.480262e-16, 1), (2.2108199e-7, -6.6668684e-7, 1), (0.86602545, -6.6668684e-7, 0.49999994), (0.7071069, -6.6668684e-7, 0.7071067), (0.70710677, -2.480262e-16, 0.70710677), (0.9238795, 0.38268352, 9.2487026e-14), (1, -6.6668684e-7, -8.822756e-9), (0.99998116, -0.006136211, 1.4601584e-15), (0.9238795, -2.480262e-16, -0.38268343), (-0.4999999, -0.7071069, 0.4999999), (-0.6532814, -0.7071069, 0.270598), (-0.35355318, -0.9238796, -0.14644653), (-0.35355318, -0.9238796, 0.14644653), (-0.475885, -0.30681098, 0.82425755), (-0.49999976, -6.6669e-7, 0.86602557), (-0.3826832, -6.6668844e-7, 0.9238796), (-0.40586695, -0.58402675, 0.7029828), (-0.27059788, -0.9238796, 0.27059788), (-0.21047688, -0.97759885, -0), (-0.15891273, -0.9481491, 0.2752455), (-0.21433893, -0.9749204, 0.059908986), (-0.16526417, -0.9800479, 0.11042614), (-0.2966995, -0.8049081, 0.5138992), (-0.6532814, -0.7071069, -0.270598), (-0.6532814, 0.7071069, -0.270598), (0.6532814, 0.7071069, -0.270598), (0.35355318, 0.9238796, -0.14644653), (0.27059788, 0.9238796, -0.27059788), (0.270598, 0.7071069, -0.6532814), (0.14644653, 0.9238796, -0.35355318), (0.9999247, -0.01227186, 2.7978614e-15), (0.65328145, 0.38268352, -0.65328145), (0.4999999, 0.7071069, -0.4999999), (0.85355335, 0.38268352, -0.35355338), (1, -2.480262e-16, 9.960203e-14), (0.70710677, -2.480262e-16, -0.70710677), (0.35355338, 0.38268352, -0.85355335), (0.38268343, -2.480262e-16, -0.9238795), (9.2543594e-14, 0.38268352, -0.9238795), (7.059459e-14, 0.7071069, -0.70710665), (0.65328145, -0.38268352, -0.65328145), (3.7967293e-14, 0.9238796, -0.38268322), (-0.270598, 0.7071069, -0.6532814), (-0.14644653, 0.9238796, -0.35355318), (0.9996988, -0.02454154, 6.371346e-15), (-0.35355338, 0.38268352, -0.85355335), (-0.4999999, 0.7071069, -0.4999999), (-0.27059788, 0.9238796, -0.27059788), (-0.35355318, 0.9238796, -0.14644653), (0.99879545, -0.049067963, 1.2221688e-14), (-0.65328145, 0.38268352, -0.65328145), (-0.38268343, -2.480262e-16, -0.9238795), (9.2543594e-14, -0.38268352, -0.9238795), (9.966326e-14, -2.480262e-16, -1), (-0.65328145, -0.38268352, -0.65328145), (-0.70710677, -2.480262e-16, -0.70710677), (-0.35355338, -0.38268352, -0.85355335), (0.35355338, -0.38268352, -0.85355335), (0.9238795, -0.38268352, 9.2487026e-14), (0.707107, -0.7071066, 7.023728e-14), (0.85355335, -0.38268352, -0.35355338), (0.6532814, -0.7071069, -0.270598), (0.98078525, -0.19509049, 4.9040968e-14), (0.9238795, -0.38268343, 9.2487026e-14), (1, -3.3180606e-7, 1.2604529e-16), (0.4999999, -0.7071069, -0.4999999), (0.70710665, -0.7071069, 7.05513e-14), (0.3826836, -0.92387944, 3.794386e-14), (0.35355318, -0.9238796, -0.14644653), (0.38268322, -0.9238796, 3.794386e-14), (0.19494224, -0.9800479, -0.038777154), (0.27059788, -0.9238796, -0.27059788), (0.16526432, -0.9800479, -0.110425964), (0.14644653, -0.9238796, -0.35355318), (0.270598, -0.7071069, -0.6532814), (0.11042598, -0.9800479, -0.16526425), (7.059459e-14, -0.7071069, -0.70710665), (3.7967293e-14, -0.9238796, -0.38268322), (-0.270598, -0.7071069, -0.6532814), (-0.4999999, -0.7071069, -0.4999999), (-0.14644653, -0.9238796, -0.35355318), (-0.27059788, -0.9238796, -0.27059788), (0.03877655, -0.9800479, -0.1949424), (-0.11042587, -0.9800479, -0.1652643), (-0.03877655, -0.9800479, -0.1949424), (-0.16526426, -0.9800479, -0.11042593), (0.9951847, -0.09801739, 2.5353707e-14), (-2.1225922e-7, 0, -1), (0.38268358, -6.535864e-7, 0.92387944), (0.5000001, -6.535864e-7, 0.8660253), (0.92387956, -6.535864e-7, 0.38268337), (0.9659258, -6.535864e-7, 0.258819), (-0.49999976, -6.111837e-7, 0.86602557), (-0.2588188, -6.535864e-7, 0.9659259), (0.25881922, -6.535864e-7, 0.96592575), (0.86602545, -6.535864e-7, 0.49999994), (0.7071069, -6.535864e-7, 0.7071067), (1, -6.535864e-7, -8.822757e-9), (0.99998116, -0.006136198, 1.9042391e-15), (-0.475885, -0.30681086, 0.8242576), (-0.49999976, -6.5358955e-7, 0.86602557), (-0.3826832, -6.53588e-7, 0.9238796), (-0.40586704, -0.5840266, 0.7029829), (-0.15891294, -0.9481489, 0.27524588), (-0.21433952, -0.9749203, 0.05990836), (-0.29669964, -0.80490786, 0.51389945), (2.2108199e-7, -6.535864e-7, 1), (0.9999247, -0.012271847, 3.2419172e-15), (0.9996988, -0.024541527, 6.815301e-15), (0.99879545, -0.04906795, 1.2665242e-14), (0.98078525, -0.19509047, 4.9040968e-14), (0.92387956, -0.38268343, 9.2487026e-14), (1, -3.187056e-7, 1.2604529e-16), (0.9951847, -0.09801737, 2.5353707e-14), (0.39022887, -1.2103192e-9, -0.9207179), (0.39774832, -1.2815147e-9, -0.91749454), (0.41270688, -1.4239048e-9, -0.9108639), (0.49999985, -2.2782471e-9, -0.8660255), (0.44228855, -1.7086859e-9, -0.8968728), (0.2588189, 0, -0.9659259), (0.38268328, -1.1391237e-9, -0.9238796), (-0.9807853, -1.6635784e-10, -0.1950903), (-0.9806854, -1.6505755e-10, -0.19559178), (-0.9805853, -1.6375815e-10, -0.1960932), (-0.98038423, -1.6115934e-10, -0.1970959), (-0.97997904, -1.5595994e-10, -0.19910067), (-1.3617702e-7, 0, -1), (-0.25881916, 0, -0.9659258), (-0.50000006, 0, -0.8660253), (-0.86602545, 0, -0.49999997), (-0.9791564, -1.4556292e-10, -0.20310771), (0.4873783, 0.2232689, -0.8441643), (0.45015085, 0.4352658, -0.7796845), (0.39019698, 0.6252878, -0.67584133), (0.09992024, 0.9949955, 0), (0.09498294, 0.9939673, -0.054838475), (0.09424774, 0.99513817, -0.028589722), (0.11603704, 0.9864435, -0.116037175), (0.116357274, 0.9815632, -0.15163997), (0.07031353, 0.99380827, -0.08602975), (0.3105435, 0.78374135, -0.5378775), (0.21521188, 0.9026268, -0.37275824), (0.10901498, 0.975942, -0.18881983), (0.11367142, 0.97884494, -0.17012158), (-0.977462, -1.24768e-10, -0.21111153), (-0.973877, -8.317904e-11, -0.22707623), (-1, -6.654297e-10, -3.580285e-17), (-0.9914449, -3.3271544e-10, -0.13052617), (-0.098014176, 0.99513817, 0.0096545005), (-0.09424769, 0.99513817, 0.028589854), (-0.08685923, 0.99513817, 0.04642716), (-0.062480543, 0.99513817, 0.07613269), (-0.076132715, 0.99513817, 0.06248052), (-0.028589776, 0.99513817, 0.09424768), (-0.04642725, 0.99513817, 0.08685915), (-0.009653556, 0.99513817, 0.09801432), (0.028589776, 0.99513817, 0.09424768), (0.009653556, 0.99513817, 0.09801432), (0.062480543, 0.99513817, 0.07613269), (0.08685923, 0.99513817, 0.04642716), (0.076132715, 0.99513817, 0.06248052), (0.04642725, 0.99513817, 0.08685915), (0.09424769, 0.99513817, 0.028589854), (0.3864593, -1.1747219e-9, -0.9223065), (0.3845721, -1.1569228e-9, -0.923095), (0.3836279, -1.1480232e-9, -0.9234878), (0.38315564, -1.1435735e-9, -0.9236838), (-0.8660254, 1.1e-16, 0.5), (-7.043e-14, 0.70710677, 0.70710677), (0.61237246, 0.70710677, -0.35355338), (0, 1, -2.2e-16), (0.5, 1.1e-16, 0.8660254), (-0.5, -1.1e-16, -0.8660254), (2.1024e-13, -2.2e-16, -1), (0.8660254, 1.4e-16, -0.5), (0.5, 5e-17, 0.8660254), (-0.8660254, -0, 0.5), (-0.5, -5e-17, -0.8660254), (-0.8660254, -1.1e-16, -0.5), (0.6087614, -8.911479e-17, -0.7933533), (0.8660254, -5.1339746e-17, -0.5), (0.25881904, -1.1332291e-16, -0.9659258), (-0.13052619, -1.2027864e-16, -0.9914449), (-0.7933533, -8.0984906e-17, -0.6087614), (-0.5, -1.0892305e-16, -0.8660254), (-0.9914449, 5.7486943e-18, 0.13052619), (-0.9659258, -4.0717542e-17, -0.25881904), (-0.8660254, 5.1339746e-17, 0.5), (0.9914449, -5.7486943e-18, -0.13052619), (-0.6087614, 8.911479e-17, 0.7933533), (0.13052619, 1.2027864e-16, 0.9914449), (-0.25881904, 1.1332291e-16, 0.9659258), (0.7933533, 8.0984906e-17, 0.6087614), (0.5, 1.0892305e-16, 0.8660254), (0.9659258, 4.0717542e-17, 0.25881904), (-1, -0, -0), (-0.98078525, 4.291987e-17, 0.19509032), (-0.9238795, 8.419036e-17, 0.38268343), (-0.8314696, 1.2222545e-16, 0.55557024), (-0.70710677, 1.5556349e-16, 0.70710677), (-0.55557024, 1.8292332e-16, 0.8314696), (-0.38268343, 2.032535e-16, 0.9238795), (-0.19509032, 2.1577276e-16, 0.98078525), (0.19509032, 2.1577276e-16, 0.98078525), (1.6081226e-16, 2.2e-16, 1), (0.55557024, 1.8292332e-16, 0.8314696), (0.38268343, 2.032535e-16, 0.9238795), (0.8314696, 1.2222545e-16, 0.55557024), (0.70710677, 1.5556349e-16, 0.70710677), (0.98078525, 4.291987e-17, 0.19509032), (0.9238795, 8.419036e-17, 0.38268343), (1, 2.694223e-32, 1.2246469e-16), (-0.98078525, -4.291987e-17, -0.19509032), (0.98078525, -4.291987e-17, -0.19509032), (0.8314696, -1.2222545e-16, -0.55557024), (0.9238795, -8.419036e-17, -0.38268343), (0.55557024, -1.8292332e-16, -0.8314696), (0.70710677, -1.5556349e-16, -0.70710677), (0.19509032, -2.1577276e-16, -0.98078525), (0.38268343, -2.032535e-16, -0.9238795), (1.8369701e-16, -2.2e-16, -1), (-0.19509032, -2.1577276e-16, -0.98078525), (-0.38268343, -2.032535e-16, -0.9238795), (-0.55557024, -1.8292332e-16, -0.8314696), (-0.70710677, -1.5556349e-16, -0.70710677), (-0.8314696, -1.2222545e-16, -0.55557024), (-0.9238795, -8.419036e-17, -0.38268343), (-0.61237246, 0.70710677, 0.35355338), (1.4861e-13, 0.70710677, -0.70710677), (-0.61237246, 0.70710677, -0.35355338), (-0.1950903, -0.9807853, -4.1101623e-14), (-0.1913417, -0.9807853, -0.03806023), (-2.1073424e-8, -1, -4.439749e-21), (-0.18023993, -0.9807853, -0.07465783), (-0.38268337, -0.92387956, -8.062373e-14), (-0.5555701, -0.83146966, -1.1704751e-13), (-0.3753302, -0.92387956, -0.07465782), (-0.35355332, -0.92387956, -0.14644659), (-0.3181896, -0.92387956, -0.21260749), (-0.16221166, -0.9807853, -0.10838637), (-0.5132799, -0.83146966, -0.21260749), (-0.27059802, -0.92387956, -0.27059802), (-0.13794968, -0.9807853, -0.13794968), (-0.049008563, -0.9951847, -0.08488532), (-0.10838637, -0.9807853, -0.16221166), (-0.14644659, -0.92387956, -0.35355332), (-0.07465783, -0.9807853, -0.18023993), (-0.21260749, -0.92387956, -0.3181896), (-0.07465782, -0.92387956, -0.3753302), (-0.03806023, -0.9807853, -0.1913417), (-0.30865824, -0.83146966, -0.4619397), (-0.4619397, -0.83146966, -0.30865824), (-0.54489505, -0.83146966, -0.10838636), (-0.6532814, -0.7071069, -0.27059802), (-0.70710665, -0.7071069, -1.4897324e-13), (-0.83146954, -0.55557036, -1.75174e-13), (-0.69351983, -0.7071069, -0.13794968), (-0.5879377, -0.7071069, -0.39284742), (-0.7681777, -0.55557036, -0.3181896), (-0.39284742, -0.7071069, -0.5879377), (-0.21260749, -0.83146966, -0.5132799), (-0.10838636, -0.83146966, -0.54489505), (-0.27059802, -0.7071069, -0.6532814), (-0.5879377, -0.55557036, -0.5879377), (-0.49999994, -0.7071069, -0.49999994), (-0.3181896, -0.55557036, -0.7681777), (-0.46193972, -0.55557036, -0.69134164), (-0.13794968, -0.7071069, -0.69351983), (-0.69134164, -0.55557036, -0.46193972), (0.07465782, -0.92387956, -0.3753302), (0.03806023, -0.9807853, -0.1913417), (4.108968e-14, -0.9807853, -0.19509031), (3.197935e-14, -0.9891765, -0.14673044), (0.14644659, -0.92387956, -0.35355332), (0.07465783, -0.9807853, -0.18023993), (1.170135e-13, -0.83146966, -0.5555701), (8.06003e-14, -0.92387956, -0.38268337), (0.21260749, -0.83146966, -0.5132799), (0.10838636, -0.83146966, -0.54489505), (0.19134168, -0.92387956, -0.3314135), (0.27778506, -0.83146966, -0.48113784), (0.09754514, -0.9807853, -0.16895314), (1.4892994e-13, -0.7071069, -0.7071067), (0.13794968, -0.7071069, -0.69351983), (1.7512309e-13, -0.55557036, -0.83146954), (0.27059802, -0.7071069, -0.6532814), (0.16221166, -0.55557036, -0.81549305), (0.35355332, -0.7071069, -0.61237234), (-0.16221166, -0.55557036, -0.81549305), (-0.81549305, -0.55557036, -0.16221166), (-0.8535533, -0.38268363, -0.35355335), (-0.92387944, -0.38268363, -1.9464293e-13), (-0.98078525, -0.19509058, -2.0663183e-13), (-0.90612733, -0.38268363, -0.18023995), (-0.7681777, -0.38268363, -0.5132799), (-0.9061274, -0.19509058, -0.37533027), (-0.5132799, -0.38268363, -0.7681777), (-0.18023995, -0.38268363, -0.90612733), (-0.35355335, -0.38268363, -0.8535533), (-0.6935199, -0.19509058, -0.6935199), (-0.65328145, -0.38268363, -0.65328145), (-0.37533027, -0.19509058, -0.9061274), (-0.54489505, -0.19509058, -0.8154931), (-0.8154931, -0.19509058, -0.54489505), (-0.9619397, -0.19509058, -0.19134171), (-0.9659258, -3.0718e-7, -0.25881904), (-1, -3.0718e-7, -2.1068e-13), (-0.70710677, -3.0718e-7, -0.70710677), (-0.8660254, -3.0718e-7, -0.5), (-0.19134171, -0.19509058, -0.9619397), (-0.5, -3.0718e-7, -0.8660254), (2.1061877e-13, -3.0718e-7, -1), (-0.25881904, -3.0718e-7, -0.9659258), (2.0657178e-13, -0.19509058, -0.98078525), (1.9458634e-13, -0.38268363, -0.92387944), (0.41573474, -0.5555704, -0.7200737), (0.3181896, -0.55557036, -0.7681777), (0.18023995, -0.38268363, -0.90612733), (0.35355335, -0.38268363, -0.8535533), (0.46193972, -0.38268363, -0.80010307), (0.19134171, -0.19509058, -0.9619397), (0.37533027, -0.19509058, -0.9061274), (0.49039263, -0.19509059, -0.8493849), (0.25881904, -3.0718e-7, -0.9659258), (0.5, -3.0718e-7, -0.8660254), (6.123234e-17, 1, 1.2907164e-29), (0.35355338, 0.9238795, 0.14644662), (0.38268343, 0.9238795, 8.066584e-14), (0.09754516, 0.98078525, 0.16895318), (0.70710677, 0.70710677, 1.4905103e-13), (0.6532815, 0.70710677, 0.27059805), (0.9238795, 0.38268343, 1.9474457e-13), (0.5, 0.70710677, 0.5), (0.27059805, 0.9238795, 0.27059805), (0.14644662, 0.9238795, 0.35355338), (0.27059805, 0.70710677, 0.6532815), (0.6532815, 0.38268343, 0.6532815), (-1.4900775e-13, 0.70710677, 0.70710677), (-8.064241e-14, 0.9238795, 0.38268343), (-0.14644662, 0.9238795, 0.35355338), (-0.27059805, 0.70710677, 0.6532815), (-0.19134171, 0.9238795, 0.33141357), (-6.3169474e-14, 0.95694035, 0.29028466), (-0.35355338, 0.70710677, 0.61237246), (-1.9468799e-13, 0.38268343, 0.9238795), (-0.35355338, 0.38268343, 0.8535534), (0.35355338, 0.38268343, 0.8535534), (0.9659258, 0, 0.25881904), (1, 0, 2.1079e-13), (0.8535534, 0.38268343, 0.35355338), (0.8660254, 0, 0.5), (0.5, 0, 0.8660254), (0.25881904, 0, 0.9659258), (-0.25881904, 0, 0.9659258), (-0.46193975, 0.38268343, 0.8001031), (-0.5, 0, 0.8660254), (-2.1072877e-13, 0, 1), (4.9738534e-13, -0, -1), (0.25881904, -0, -0.9659258), (0.5, -0, -0.8660254), (-0.25881904, -0, -0.9659258), (-0.9659258, -0, -0.25881904), (-1, -0, -2.1032e-13), (-0.5, -0, -0.8660254), (-0.8660254, -0, -0.5), (-8.0960596e-13, 0, 1), (0.3535534, 0.9238795, 0.14644662), (2.9802322e-8, 1, 6.2820316e-21), (0.38268346, 0.9238795, 8.066585e-14), (0.70710677, 0.70710677, 1.4905105e-13), (0.14644662, 0.9238795, 0.3535534), (-8.0642415e-14, 0.9238795, 0.38268346), (-0.14644662, 0.9238795, 0.3535534), (-0.19134171, 0.92387956, 0.33141357), (-6.3298386e-14, 0.95694035, 0.29028466), (-1.94688e-13, 0.38268343, 0.92387956), (0.92387956, 0.38268343, 1.9474457e-13), (-0.19509032, -0.98078525, -4.110163e-14), (-0.19134171, -0.98078525, -0.038060233), (-6.123234e-17, -1, -1.290043e-29), (-0.18023996, -0.98078525, -0.074657835), (-0.37533027, -0.9238795, -0.074657835), (-0.35355338, -0.9238795, -0.14644662), (-0.31818965, -0.9238795, -0.21260752), (-0.16221167, -0.98078525, -0.108386375), (-0.51328, -0.8314696, -0.21260752), (-0.04900857, -0.9951847, -0.08488534), (-0.38268343, -0.9238795, -8.062375e-14), (-0.21260752, -0.9238795, -0.31818965), (-0.108386375, -0.98078525, -0.16221167), (-0.13794969, -0.98078525, -0.13794969), (-0.074657835, -0.98078525, -0.18023996), (-0.074657835, -0.9238795, -0.37533027), (-0.038060233, -0.98078525, -0.19134171), (-0.14644662, -0.9238795, -0.35355338), (-0.39284748, -0.8314696, -0.39284748), (-0.27059805, -0.9238795, -0.27059805), (-0.21260752, -0.8314696, -0.51328), (-0.30865827, -0.8314696, -0.46193975), (-0.108386375, -0.8314696, -0.5448951), (-0.46193975, -0.8314696, -0.30865827), (-0.55557024, -0.8314696, -1.1704754e-13), (-0.5448951, -0.8314696, -0.108386375), (-0.70710677, -0.70710677, -1.4897325e-13), (-0.8314696, -0.55557024, -1.7517402e-13), (-0.69351995, -0.70710677, -0.13794969), (-0.6532815, -0.70710677, -0.27059805), (-0.5879378, -0.70710677, -0.39284748), (-0.76817775, -0.55557024, -0.31818965), (-0.5, -0.70710677, -0.5), (-0.27059805, -0.70710677, -0.6532815), (-0.39284748, -0.70710677, -0.5879378), (-0.5879378, -0.55557024, -0.5879378), (-0.31818965, -0.55557024, -0.76817775), (-0.46193975, -0.55557024, -0.6913417), (-0.13794969, -0.70710677, -0.69351995), (-0.6913417, -0.55557024, -0.46193975), (0.074657835, -0.9238795, -0.37533027), (0.038060233, -0.98078525, -0.19134171), (4.1089683e-14, -0.98078525, -0.19509032), (3.2011937e-14, -0.9891765, -0.14673047), (0.14644662, -0.9238795, -0.35355338), (0.074657835, -0.98078525, -0.18023996), (1.1701352e-13, -0.8314696, -0.55557024), (8.0600315e-14, -0.9238795, -0.38268343), (0.21260752, -0.8314696, -0.51328), (0.108386375, -0.8314696, -0.5448951), (0.19134171, -0.9238795, -0.33141357), (0.09754516, -0.98078525, -0.16895318), (1.4892995e-13, -0.70710677, -0.70710677), (0.13794969, -0.70710677, -0.69351995), (1.751231e-13, -0.55557024, -0.8314696), (0.27059805, -0.70710677, -0.6532815), (0.16221167, -0.55557024, -0.81549317), (0.35355338, -0.70710677, -0.61237246), (0.27778512, -0.8314696, -0.48113793), (-0.16221167, -0.55557024, -0.81549317), (-0.81549317, -0.55557024, -0.16221167), (-0.8535534, -0.38268343, -0.35355338), (-0.9238795, -0.38268343, -1.9464294e-13), (-0.98078525, -0.19509032, -2.0663184e-13), (-0.90612745, -0.38268343, -0.18023996), (-0.76817775, -0.38268343, -0.51328), (-0.90612745, -0.19509032, -0.37533027), (-0.51328, -0.38268343, -0.76817775), (-0.18023996, -0.38268343, -0.90612745), (-0.35355338, -0.38268343, -0.8535534), (-0.69351995, -0.19509032, -0.69351995), (-0.6532815, -0.38268343, -0.6532815), (-0.37533027, -0.19509032, -0.90612745), (-0.5448951, -0.19509032, -0.81549317), (-0.81549317, -0.19509032, -0.5448951), (-0.96193975, -0.19509032, -0.19134171), (-1, -0, -2.1068e-13), (-0.19134171, -0.19509032, -0.96193975), (2.1061877e-13, -0, -1), (2.0657179e-13, -0.19509032, -0.98078525), (1.9458637e-13, -0.38268343, -0.9238795), (0.4157348, -0.55557024, -0.7200738), (0.31818965, -0.55557024, -0.76817775), (0.18023996, -0.38268343, -0.90612745), (0.35355338, -0.38268343, -0.8535534), (0.46193975, -0.38268343, -0.8001031), (0.19134171, -0.19509032, -0.96193975), (0.37533027, -0.19509032, -0.90612745), (0.49039263, -0.19509032, -0.84938496)] (
                    interpolation = "vertex"
                )
                int[] primvars:normals:indices = [0, 0, 0, 0, 0, 0, 0, 0, 0, 0, 0, 0, 0, 0, 0, 0, 0, 0, 0, 0, 0, 0, 0, 0, 0, 0, 0, 0, 0, 0, 0, 0, 0, 0, 0, 0, 0, 0, 1, 1, 1, 1, 1, 1, 1, 1, 1, 1, 1, 1, 1, 1, 1, 1, 1, 1, 1, 1, 1, 1, 1, 1, 1, 1, 1, 1, 1, 1, 1, 1, 1, 1, 1, 1, 1, 1, 2, 2, 2, 2, 3, 4, 5, 6, 7, 8, 9, 10, 11, 12, 13, 14, 15, 16, 17, 18, 19, 20, 21, 22, 23, 24, 25, 26, 27, 28, 29, 30, 31, 32, 33, 34, 35, 36, 37, 38, 39, 40, 41, 42, 43, 44, 45, 46, 47, 48, 49, 50, 51, 52, 53, 54, 55, 56, 57, 58, 59, 60, 61, 62, 63, 64, 65, 66, 67, 68, 69, 70, 71, 72, 73, 74, 75, 76, 77, 78, 79, 80, 81, 82, 83, 84, 85, 86, 87, 88, 89, 90, 91, 92, 93, 94, 95, 96, 97, 98, 99, 100, 101, 102, 103, 104, 105, 106, 107, 108, 109, 110, 111, 112, 113, 114, 115, 116, 117, 118, 119, 120, 121, 122, 123, 124, 125, 126, 127, 128, 129, 130, 131, 132, 133, 134, 135, 136, 137, 138, 139, 140, 141, 142, 143, 144, 145, 146, 147, 148, 149, 150, 151, 152, 153, 154, 155, 156, 157, 158, 159, 160, 161, 162, 163, 164, 165, 166, 167, 168, 169, 170, 171, 172, 173, 174, 175, 176, 177, 178, 179, 180, 181, 182, 183, 184, 185, 186, 187, 188, 189, 190, 191, 192, 193, 194, 195, 196, 197, 198, 199, 200, 201, 202, 203, 204, 205, 206, 207, 208, 209, 210, 211, 212, 213, 214, 215, 216, 217, 218, 219, 220, 221, 222, 223, 224, 225, 226, 227, 228, 229, 230, 231, 232, 233, 234, 235, 236, 237, 238, 239, 240, 241, 242, 243, 244, 245, 246, 247, 248, 249, 250, 251, 252, 253, 254, 255, 256, 257, 258, 259, 260, 261, 262, 263, 264, 265, 266, 267, 268, 269, 270, 271, 272, 273, 274, 275, 276, 277, 278, 279, 280, 281, 282, 283, 284, 285, 286, 287, 288, 289, 290, 291, 292, 293, 294, 295, 296, 297, 298, 299, 300, 301, 302, 303, 304, 305, 306, 307, 308, 309, 310, 311, 312, 313, 314, 315, 316, 317, 318, 319, 320, 321, 322, 323, 324, 325, 326, 327, 328, 329, 330, 331, 332, 333, 334, 335, 336, 337, 338, 339, 340, 341, 342, 343, 344, 345, 346, 347, 348, 349, 350, 351, 352, 353, 354, 355, 356, 357, 358, 359, 360, 361, 362, 363, 364, 365, 366, 367, 368, 369, 370, 371, 372, 373, 374, 375, 376, 377, 378, 379, 380, 381, 382, 383, 384, 385, 386, 387, 388, 389, 390, 391, 392, 393, 394, 395, 396, 397, 398, 399, 400, 401, 402, 403, 404, 405, 406, 407, 408, 409, 410, 411, 412, 413, 414, 415, 416, 417, 418, 419, 420, 421, 422, 423, 424, 425, 426, 427, 428, 429, 430, 431, 432, 433, 434, 435, 436, 437, 438, 439, 440, 441, 442, 443, 444, 445, 446, 447, 448, 449, 450, 451, 452, 453, 454, 455, 456, 457, 458, 459, 460, 461, 462, 463, 464, 465, 466, 467, 468, 469, 470, 471, 472, 473, 474, 475, 476, 477, 478, 479, 480, 481, 482, 483, 484, 485, 486, 487, 488, 489, 490, 491, 492, 493, 494, 494, 494, 494, 494, 494, 494, 494, 495, 496, 495, 497, 497, 498, 499, 499, 500, 501, 501, 502, 503, 502, 504, 500, 504, 503, 505, 505, 505, 505, 505, 505, 505, 505, 505, 505, 505, 505, 505, 505, 505, 505, 505, 505, 505, 505, 505, 505, 505, 505, 505, 505, 505, 505, 505, 505, 505, 505, 505, 505, 505, 505, 505, 505, 505, 505, 505, 505, 505, 505, 505, 505, 505, 505, 505, 505, 505, 505, 505, 505, 505, 505, 505, 505, 505, 505, 505, 505, 505, 505, 505, 505, 505, 505, 505, 505, 505, 505, 505, 505, 505, 505, 505, 505, 505, 505, 505, 505, 505, 505, 505, 505, 505, 505, 505, 505, 505, 505, 505, 505, 505, 505, 505, 505, 505, 505, 505, 505, 505, 505, 505, 505, 505, 505, 505, 505, 505, 505, 505, 505, 505, 505, 505, 505, 505, 505, 506, 506, 506, 506, 506, 506, 506, 506, 506, 506, 506, 506, 506, 506, 506, 506, 506, 506, 507, 508, 507, 509, 509, 510, 511, 511, 512, 512, 513, 514, 515, 514, 516, 513, 516, 515, 517, 518, 519, 520, 521, 522, 523, 524, 525, 526, 527, 528, 529, 530, 531, 532, 533, 534, 535, 536, 537, 538, 539, 540, 541, 542, 543, 544, 545, 546, 547, 548, 549, 550, 551, 552, 553, 554, 555, 556, 557, 558, 559, 560, 561, 562, 563, 564, 565, 566, 567, 568, 569, 570, 571, 572, 573, 574, 575, 576, 577, 578, 579, 580, 581, 582, 583, 584, 585, 586, 587, 588, 589, 590, 591, 592, 593, 594, 595, 596, 597, 598, 599, 600, 601, 602, 603, 604, 605, 606, 607, 608, 609, 610, 611, 612, 613, 614, 615, 616, 617, 618, 619, 620, 621, 622, 623, 624, 625, 626, 627, 628, 629, 630, 631, 632, 633, 634, 635, 636, 637, 638, 639, 640, 641, 642, 643, 507, 509, 644, 511, 512, 513, 514, 516, 515, 507, 510, 507, 509, 509, 644, 511, 511, 512, 512, 513, 514, 515, 514, 516, 513, 516, 515, 517, 518, 519, 645, 646, 522, 523, 524, 525, 526, 527, 528, 529, 530, 647, 648, 534, 535, 536, 537, 538, 649, 540, 541, 542, 650, 531, 545, 546, 544, 547, 548, 549, 651, 552, 550, 551, 553, 554, 555, 557, 561, 652, 653, 562, 654, 655, 565, 566, 567, 568, 569, 656, 657, 658, 659, 574, 575, 660, 661, 578, 662, 580, 663, 581, 582, 583, 584, 585, 586, 664, 588, 589, 590, 591, 592, 593, 594, 595, 596, 597, 598, 599, 600, 665, 602, 603, 604, 605, 666, 607, 608, 609, 610, 611, 612, 613, 614, 615, 616, 617, 618, 667, 668, 669, 622, 623, 624, 625, 626, 627, 628, 629, 630, 631, 632, 633, 634, 635, 636, 637, 638, 639, 640, 641, 642, 670, 507, 508, 509, 511, 512, 514, 515, 516, 513, 506, 506, 506, 506, 506, 506, 506, 506, 506, 506, 506, 506, 506, 506, 506, 506, 506, 506, 3, 4, 5, 75, 671, 672, 6, 7, 8, 9, 10, 11, 15, 16, 673, 17, 18, 19, 20, 21, 22, 23, 24, 25, 26, 27, 28, 29, 30, 31, 32, 674, 675, 34, 35, 36, 37, 38, 39, 40, 41, 42, 43, 44, 45, 46, 47, 48, 49, 676, 677, 52, 53, 54, 55, 56, 57, 58, 59, 60, 61, 62, 63, 64, 65, 66, 67, 68, 69, 70, 71, 72, 73, 74, 76, 77, 78, 79, 80, 84, 485, 87, 142, 90, 91, 92, 93, 678, 679, 96, 97, 98, 99, 680, 101, 102, 103, 104, 105, 106, 107, 108, 109, 110, 111, 112, 113, 114, 115, 681, 117, 118, 119, 120, 121, 122, 123, 682, 125, 126, 127, 128, 129, 130, 131, 132, 133, 134, 135, 139, 137, 136, 145, 138, 683, 147, 684, 148, 685, 152, 156, 153, 155, 157, 154, 168, 515, 473, 686, 13, 513, 158, 159, 687, 170, 171, 172, 173, 174, 175, 176, 177, 178, 179, 180, 181, 182, 183, 184, 185, 186, 187, 188, 189, 688, 689, 690, 193, 194, 195, 196, 197, 198, 199, 200, 201, 202, 203, 691, 205, 692, 693, 208, 694, 695, 696, 212, 697, 698, 699, 700, 217, 465, 165, 219, 220, 221, 222, 223, 224, 225, 226, 227, 228, 229, 701, 231, 232, 233, 234, 235, 236, 237, 238, 239, 240, 241, 242, 243, 244, 702, 246, 247, 248, 249, 250, 251, 252, 253, 254, 255, 256, 257, 258, 259, 260, 261, 262, 263, 703, 265, 266, 267, 268, 269, 270, 271, 272, 273, 274, 275, 276, 277, 278, 279, 280, 281, 282, 283, 284, 285, 286, 287, 288, 289, 290, 291, 292, 704, 294, 295, 296, 297, 298, 299, 300, 301, 302, 303, 304, 305, 306, 307, 308, 309, 310, 311, 312, 313, 314, 315, 316, 317, 318, 319, 320, 321, 322, 323, 324, 325, 326, 327, 328, 329, 330, 331, 332, 333, 334, 335, 336, 337, 338, 339, 340, 341, 342, 343, 344, 345, 346, 347, 348, 349, 350, 351, 352, 353, 354, 355, 356, 357, 358, 359, 360, 361, 362, 363, 364, 365, 366, 367, 368, 369, 370, 371, 372, 373, 374, 375, 376, 377, 378, 379, 380, 381, 382, 383, 384, 385, 386, 387, 388, 389, 390, 391, 705, 393, 394, 706, 707, 397, 398, 399, 400, 401, 402, 403, 404, 405, 406, 407, 708, 409, 709, 411, 710, 413, 414, 711, 712, 417, 418, 419, 420, 421, 422, 423, 424, 425, 426, 427, 428, 429, 430, 431, 432, 433, 434, 435, 436, 437, 438, 439, 440, 441, 442, 443, 444, 445, 446, 447, 448, 713, 450, 451, 714, 453, 454, 455, 456, 457, 715, 459, 716, 717, 718, 719, 720, 721, 722, 723, 495, 496, 495, 497, 497, 498, 499, 499, 500, 501, 501, 502, 503, 502, 504, 500, 504, 503, 724, 724, 724, 724, 724, 724, 724, 724, 725, 725, 725, 725, 726, 726, 726, 726, 727, 727, 727, 727, 727, 727, 727, 727, 727, 727, 727, 727, 727, 727, 727, 727, 727, 727, 727, 727, 727, 727, 727, 727, 727, 727, 727, 727, 727, 727, 727, 727, 727, 727, 727, 727, 727, 727, 728, 728, 728, 728, 506, 506, 506, 506, 506, 506, 506, 506, 506, 506, 506, 506, 506, 506, 506, 506, 506, 506, 506, 506, 506, 506, 506, 506, 506, 506, 506, 506, 506, 506, 506, 506, 506, 506, 506, 506, 729, 729, 729, 729, 730, 730, 730, 730, 730, 730, 730, 730, 730, 730, 730, 730, 730, 730, 730, 730, 730, 730, 730, 730, 730, 730, 730, 730, 730, 730, 730, 730, 730, 730, 730, 730, 730, 730, 730, 730, 731, 731, 731, 731, 732, 732, 732, 732, 733, 733, 733, 733, 734, 734, 734, 734, 735, 735, 735, 735, 735, 735, 735, 735, 735, 735, 735, 735, 735, 735, 735, 735, 735, 735, 735, 735, 735, 735, 735, 735, 735, 735, 735, 735, 735, 735, 735, 735, 735, 735, 735, 735, 736, 736, 737, 738, 739, 738, 740, 740, 741, 742, 742, 743, 743, 739, 737, 741, 744, 745, 746, 746, 744, 747, 747, 748, 748, 749, 749, 750, 751, 751, 750, 745, 737, 736, 737, 738, 739, 738, 736, 740, 740, 741, 742, 742, 743, 743, 741, 739, 744, 745, 746, 744, 746, 747, 747, 748, 748, 750, 749, 750, 745, 751, 751, 749, 752, 753, 752, 754, 755, 754, 753, 756, 757, 756, 758, 759, 758, 757, 755, 760, 760, 761, 762, 762, 763, 763, 764, 764, 765, 766, 766, 767, 767, 765, 759, 761, 768, 769, 770, 770, 768, 771, 771, 772, 772, 773, 773, 774, 775, 775, 776, 776, 774, 777, 778, 777, 779, 780, 779, 778, 781, 782, 781, 783, 769, 783, 782, 780, 736, 738, 736, 737, 737, 739, 739, 741, 741, 742, 742, 743, 743, 740, 740, 738, 744, 745, 746, 746, 744, 747, 747, 748, 748, 749, 749, 750, 751, 751, 750, 745, 737, 736, 737, 738, 739, 738, 736, 740, 740, 741, 742, 742, 743, 743, 739, 741, 744, 745, 746, 744, 748, 747, 748, 746, 750, 749, 750, 751, 745, 751, 749, 747, 784, 784, 784, 784, 506, 506, 506, 506, 506, 506, 506, 506, 506, 506, 506, 506, 506, 506, 506, 506, 506, 506, 506, 506, 506, 506, 506, 506, 506, 506, 506, 506, 506, 506, 506, 506, 506, 506, 506, 506, 785, 785, 785, 785, 786, 786, 786, 786, 787, 788, 789, 790, 791, 792, 793, 794, 795, 796, 797, 798, 799, 800, 801, 802, 803, 804, 107, 805, 806, 807, 808, 809, 810, 811, 812, 813, 814, 815, 816, 817, 818, 819, 820, 821, 822, 823, 824, 825, 826, 827, 828, 829, 830, 831, 832, 833, 834, 835, 836, 837, 838, 839, 840, 841, 842, 843, 844, 845, 846, 847, 848, 849, 850, 851, 852, 853, 854, 855, 856, 857, 858, 859, 860, 861, 862, 863, 864, 865, 866, 867, 868, 869, 870, 871, 872, 873, 874, 875, 876, 877, 878, 879, 880, 881, 882, 883, 884, 885, 886, 887, 888, 889, 890, 891, 892, 893, 894, 895, 896, 897, 898, 899, 900, 901, 902, 903, 904, 905, 906, 907, 908, 342, 909, 910, 911, 912, 913, 914, 914, 915, 915, 916, 916, 917, 917, 918, 919, 919, 168, 168, 920, 918, 921, 921, 920, 910, 922, 922, 912, 909, 905, 908, 342, 907, 904, 506, 506, 506, 506, 506, 506, 506, 506, 506, 506, 506, 506, 506, 506, 506, 506, 506, 506, 506, 506, 506, 506, 506, 506, 506, 506, 506, 506, 506, 506, 506, 506, 506, 506, 506, 506, 910, 922, 922, 912, 910, 912, 909, 909, 905, 905, 904, 908, 342, 342, 907, 904, 907, 908, 914, 914, 915, 915, 916, 916, 917, 917, 918, 919, 919, 168, 168, 920, 918, 921, 921, 920, 885, 923, 924, 890, 889, 925, 926, 887, 906, 893, 927, 892, 928, 894, 929, 930, 900, 931, 897, 903, 911, 932, 902, 933, 913, 934, 935, 936, 937, 938, 939, 940, 941, 942, 943, 944, 945, 946, 947, 948, 949, 950, 951, 952, 953, 954, 955, 956, 957, 958, 959, 960, 961, 962, 963, 964, 965, 966, 967, 968, 969, 970, 971, 972, 973, 974, 975, 976, 977, 978, 979, 980, 981, 982, 983, 984, 985, 986, 987, 988, 989, 990, 991, 992, 993, 994, 995, 996, 997, 998, 999, 1000, 1001, 1002, 1003, 1004, 1005, 1006, 1007, 1008, 1009, 1010, 1011, 1012, 1013, 1014, 1015, 1016, 1017, 1018, 1019, 1020, 1021, 1022]
                texCoord2f[] primvars:st = [(-0.0077943206, -0.055000003), (-0.0077942275, -0.060000002), (-1.8000001e-17, -0.080000006), (-0.012124356, -0.080000006), (-0.009526279, -0.060000002), (-0.0077942275, -0.040000003), (-0.007903624, -0.05388368), (-0.009651671, -0.0540796), (-0.009526324, -0.057500046), (-0.009526371, -0.055), (-0.008745221, -0.051873628), (-0.008226017, -0.05282372), (-0.010582713, -0.052585363), (2e-18, -0.003), (-0.0077943206, -0.035), (-0.008226017, -0.032823715), (-0.007903624, -0.03388368), (-0.012124356, -0.003), (-0.009435027, -0.051081378), (-0.009526279, -0.040000003), (-0.010260605, -0.050486963), (-0.008745221, -0.03187363), (-0.010582713, -0.032585364), (-0.009526324, -0.037500042), (-0.009435027, -0.031081377), (-0.010015482, -0.053247984), (-0.011180278, -0.0501204), (-0.012124356, -0.05200011), (-0.01129865, -0.05215566), (-0.011298648, -0.032155655), (-0.012124356, -0.05000011), (-0.009651671, -0.034079604), (-0.009526371, -0.034999996), (-0.010015482, -0.033247985), (-0.010260605, -0.030486964), (-0.012124356, -0.030000107), (-0.011180278, -0.030120395), (-0.012124356, -0.03200011), (0.007000001, -0.05200011), (0.005851992, -0.052228462), (0.007, -0.080000006), (0.004, -0.060000002), (0.0048787566, -0.052878756), (0.004228461, -0.053851992), (0.004000107, -0.055), (0.0040000533, -0.057500046), (0.00602457, -0.050096184), (0.004, -0.040000003), (0.005086625, -0.050380703), (0.004222209, -0.050842743), (0.005851992, -0.03222846), (0.007, -0.003), (0.00602457, -0.030096179), (0.007000001, -0.030000107), (0.005086625, -0.030380702), (0.007000001, -0.05000011), (0.007000001, -0.03200011), (0.004222209, -0.030842742), (0.0048787566, -0.032878757), (0.004228461, -0.033851992), (0.0040000533, -0.037500042), (0.0034645423, -0.031464543), (0.002, -0.040000003), (0.002842741, -0.052222207), (0.0034645423, -0.051464546), (0.0020001072, -0.055000003), (-0.007, -0.080000006), (0.002, -0.060000002), (0.0020961787, -0.054024573), (0.0023807015, -0.053086627), (0.004000107, -0.034999996), (0.002842741, -0.032222208), (0.0023807015, -0.033086624), (-0.007, -0.003), (0.0020001072, -0.035), (0.0020961787, -0.034024574), (-0.0052679493, 0.009124355), (-0.014, -2e-18), (-0.010535899, -1.94e-16), (-0.007, 0.012124356), (0.007901181, 0.011751075), (0.00876773, 0.011392139), (0.007956688, 0.01193406), (0.0088766115, 0.011751075), (0.009724417, 0.011582436), (0.009724417, 0.012666277), (0.007689734, 0.011434624), (0.008352962, 0.010771397), (0.0078110406, 0.011582437), (0.009925879, -0.035), (-0.0024694619, -0.03597543), (0.010247745, -0.03597543), (0.010076614, -0.035), (0.008590914, 0.0110613415), (0.0093096495, 0.010581099), (0.009566344, 0.0110613415), (-0.010771396, -0.03853546), (0.010266338, 0.010771396), (-0.011434622, -0.03853546), (0.010467526, 0.011434622), (-0.010533442, -0.037777796), (-0.010160161, -0.03853546), (0.009939626, 0.010160161), (-0.011313315, -0.037777796), (-0.012935397, -0.037777796), (0.008964196, 0.010160161), (0.009499947, 0.00962441), (0.0080630155, 0.010533443), (0.008543259, 0.0098147085), (-0.009814708, -0.037777796), (0.010456635, 0.009814708), (0.0075419205, 0.011313317), (-0.01281409, -0.03853546), (0.010467526, 0.01281409), (0.0073732818, 0.011223177), (0.007732218, 0.010356629), (0.0096244095, -0.035), (0.007000001, 0.011148927), (0.007000001, 0.010210982), (0.007190298, 0.01116767), (0.007373282, 0.010247747), (0.0075419215, 0.00939994), (0.0080630155, 0.009558013), (-0.008352962, -0.03853546), (0.008352962, 0.00885802), (-0.008964196, -0.03853546), (0.008964196, 0.009184731), (-0.0093096495, -0.037777796), (0.0093096495, 0.008667722), (0.007000001, 0.009346565), (-0.007689735, -0.03853546), (0.007689735, 0.008656832), (-0.007000001, -0.03853546), (0.007000001, 0.008588899), (0.00662672, 0.010247747), (0.0064580813, 0.00939994), (-0.008590915, -0.037777796), (0.0068097045, 0.01116767), (0.010830289, -0.035), (-0.00242022, -0.035), (0.010227349, -0.035), (-0.009939627, -0.037777796), (-0.009184731, -0.037777796), (0.009939627, 0.009184731), (-0.010356627, -0.036913376), (-0.011223176, -0.036913376), (-0.011167668, -0.03597543), (-0.013081044, -0.03597543), (-0.010266338, -0.036913376), (-0.0088580195, -0.036913376), (-0.009558012, -0.036913376), (-0.009399939, -0.03597543), (-0.010247745, -0.03597543), (-0.01021098, -0.035), (-0.011148925, -0.035), (-0.010247745, -0.034024574), (-0.009346564, -0.035), (-0.011167668, -0.034024574), (-0.013081044, -0.034024574), (-0.010467526, -0.03597543), (-0.008656831, -0.03597543), (-0.010535459, -0.035), (-0.008588898, -0.035), (-0.009566345, -0.036913376), (-0.009724418, -0.03597543), (-0.009399939, -0.034024574), (-0.013099787, -0.035), (-0.008767731, -0.036913376), (-0.009777793, -0.035), (-0.008876612, -0.03597543), (-0.0079011815, -0.036913376), (-0.007811042, -0.037777796), (-0.007000001, -0.037777796), (-0.007000001, -0.036913376), (-0.007956689, -0.03597543), (-0.009198478, -0.035), (-0.009047743, -0.035), (-0.009499948, -0.035), (-0.009724418, -0.034024574), (-0.008132311, -0.035), (-0.008051431, -0.035), (-0.007000001, -0.03597543), (-0.007647035, -0.035), (-0.008294068, -0.035), (-0.010467526, -0.034024574), (-0.008656831, -0.034024574), (-0.013025536, -0.036913376), (0.0066267205, 0.011223177), (0.0062677846, 0.010356629), (0.011153805, -0.035), (0.011151278, -0.035), (0.011167668, -0.03597543), (0.006310269, 0.011434624), (0.005647041, 0.010771397), (0.0064580822, 0.011313317), (0.011148751, -0.035), (0.005936987, 0.010533443), (0.0054567433, 0.0098147085), (0.0059369868, 0.009558013), (-0.0056470404, -0.03853546), (0.0056470404, 0.00885802), (-0.006310268, -0.03853546), (0.006310268, 0.008656832), (-0.0061889603, -0.037777796), (0.005035807, 0.010160161), (0.0045000557, 0.00962441), (-0.0050358064, -0.03853546), (0.0050358064, 0.009184731), (-0.004690353, -0.037777796), (0.004690353, 0.008667722), (-0.0054090875, -0.037777796), (0.0061889617, 0.011582437), (0.0054090885, 0.0110613415), (0.006098822, 0.011751075), (0.0052322736, 0.011392139), (0.011143696, -0.035), (0.0046903533, 0.010581099), (0.006024572, 0.012124356), (0.005086627, 0.012124356), (0.006043315, 0.01193406), (0.0051233913, 0.011751075), (0.0042755855, 0.011582436), (0.004222211, 0.012124356), (0.011133585, -0.035), (0.004433658, 0.0110613415), (0.0040603764, 0.010160161), (0.010160161, -0.03853546), (0.0035433676, 0.009814708), (0.009814708, -0.037777796), (0.003733665, 0.010771396), (0.010771396, -0.03853546), (0.003532477, 0.011434622), (0.011434622, -0.03853546), (0.011313315, -0.037777796), (0.0034645442, 0.012124356), (0.012124356, -0.03853546), (0.010533442, -0.037777796), (0.012124356, -0.037777796), (-0.004060376, -0.037777796), (0.004060376, 0.009184731), (0.009184731, -0.037777796), (-0.006098821, -0.036913376), (-0.004433657, -0.036913376), (-0.005232272, -0.036913376), (-0.0051233904, -0.03597543), (-0.0060433135, -0.03597543), (0.0060433135, -0.03597543), (-0.0063529667, -0.035), (-0.0070000007, -0.035), (-0.0070000016, -0.035), (-0.007970552, -0.035), (-0.004500054, -0.035), (-0.0042755846, -0.03597543), (-0.00602945, -0.035), (0.00602945, -0.035), (-0.0060287565, -0.035), (0.0060287565, -0.035), (-0.005102994, -0.035), (-0.0051406766, -0.035), (-0.005705933, -0.035), (-0.0051029935, -0.035), (-0.0037336645, -0.036913376), (0.0088580195, -0.036913376), (0.009558012, -0.036913376), (-0.009399939, -0.03597543), (0.009399939, -0.03597543), (0.010356627, -0.036913376), (-0.0035324763, -0.03597543), (0.008656831, -0.03597543), (0.011223176, -0.036913376), (0.012124356, -0.03597543), (0.012124356, -0.036913376), (-0.003982298, -0.035), (-0.0037234197, -0.035), (0.009106654, -0.035), (-0.004370615, -0.035), (-0.004305895, -0.035), (-0.0024202203, -0.035), (0.010227349, -0.035), (0.0101896655, -0.035), (-0.003464542, -0.035), (0.008588897, -0.035), (-0.0034645426, -0.035), (0.011113366, -0.035), (-0.010356627, -0.033086624), (-0.011223176, -0.033086624), (-0.011313315, -0.032222208), (-0.012935397, -0.032222208), (-0.010266338, -0.033086624), (-0.0088580195, -0.033086624), (-0.009558012, -0.033086624), (-0.010456635, 0.009814708), (-0.009814708, -0.032222208), (-0.010533442, -0.032222208), (-0.010771396, -0.031464543), (-0.010266338, 0.010771396), (-0.011434622, -0.031464543), (-0.010467526, 0.011434622), (-0.009566344, 0.0110613415), (-0.010160161, -0.031464543), (-0.009939626, 0.010160161), (-0.009724417, 0.011582436), (-0.009724417, 0.012666277), (-0.009939627, -0.032222208), (-0.009939627, 0.009184731), (-0.009184731, -0.032222208), (-0.009499947, 0.00962441), (-0.009566345, -0.033086624), (-0.0093096495, -0.032222208), (-0.0093096495, 0.008667722), (-0.0093096495, 0.010581099), (-0.01281409, -0.031464543), (-0.010467526, 0.01281409), (-0.009436841, -0.03388368), (-0.009250708, -0.032823715), (-0.008950944, -0.03187363), (-0.008950944, 0.008745221), (-0.008964196, 0.009184731), (-0.00876773, 0.011392139), (-0.0088766115, 0.011751075), (-0.007956688, 0.01193406), (-0.007956688, 0.012314653), (-0.008543259, 0.0098147085), (-0.008590914, 0.0110613415), (-0.008964196, 0.010160161), (-0.010533443, -0.030380702), (-0.0080630155, 0.010533443), (-0.008352962, 0.010771397), (-0.007901181, 0.011751075), (-0.007000001, 0.012124356), (-0.0078110406, 0.011582437), (-0.0072725327, 0.011652318), (-0.007000001, 0.012124356), (-0.007689734, 0.011434624), (-0.007408798, 0.011416297), (-0.011298288, -0.03010536), (-0.007476931, 0.011298288), (-0.007000001, 0.012124356), (-0.0088766115, 0.012497637), (-0.008552685, 0.009435027), (-0.008076037, 0.010260605), (-0.011180278, -0.030120395), (-0.0075450637, 0.011180278), (-0.011239283, -0.030112876), (-0.013025536, -0.033086624), (-0.004241176, -0.035), (0.0088766115, 0.012497637), (0.0051233913, 0.012497637), (0.006043315, 0.012314653), (0.006098822, 0.0124976365), (0.0052322736, 0.012856573), (0.0042755855, 0.012666277), (0.0061889617, 0.012666276), (0.0054090885, 0.01318737), (0.0046903533, 0.013667613), (0.006310269, 0.012814089), (0.005647041, 0.013477316), (0.011072926, -0.035), (0.004433658, 0.013187371), (0.003532477, 0.01281409), (0.01281409, -0.03853546), (0.012935397, -0.037777796), (0.003733665, 0.013477317), (0.013477317, -0.03853546), (0.0040603764, 0.0140885515), (0.0140885515, -0.03853546), (0.0035433676, 0.014434005), (0.014434005, -0.037777796), (0.005035807, 0.014088551), (0.0045000557, 0.014624301), (0.01371527, -0.037777796), (0.0064580822, 0.012935396), (0.005936987, 0.013715269), (0.0068097045, 0.013081043), (0.00662672, 0.014000966), (0.0066267205, 0.013025535), (0.010992046, -0.035), (0.0062677846, 0.013892083), (0.0059369868, 0.0146907), (0.0054567433, 0.014434004), (0.0050358064, -0.03853546), (0.0050358064, 0.0150639815), (0.004690353, -0.037777796), (0.004690353, 0.015580989), (0.0056470404, -0.03853546), (0.0056470404, 0.015390692), (0.0064580813, 0.0148487715), (0.006310268, -0.03853546), (0.006310268, 0.01559188), (0.007000001, 0.014037731), (0.007000001, 0.014902147), (0.0054090875, -0.037777796), (0.007000001, 0.013099786), (0.004060376, -0.037777796), (0.004060376, 0.0150639815), (0.0150639815, -0.037777796), (0.013025536, -0.036913376), (0.0146907, -0.036913376), (0.013892084, -0.036913376), (0.014000967, -0.03597543), (0.013081044, -0.03597543), (0.012124356, -0.035), (0.013099787, -0.035), (0.012124356, -0.034024574), (0.014037732, -0.035), (0.014848772, -0.03597543), (0.014902148, -0.035), (0.0037336645, -0.036913376), (0.015390693, -0.036913376), (0.0035324763, -0.03597543), (0.015591881, -0.03597543), (0.014000967, -0.034024574), (0.004433657, -0.036913376), (0.0042755846, -0.03597543), (0.005232272, -0.036913376), (0.0061889603, -0.037777796), (0.006098821, -0.036913376), (0.007000001, -0.03853546), (0.007000001, 0.015659813), (0.007000001, -0.037777796), (0.0051233904, -0.03597543), (0.00422221, -0.035), (0.0034645435, -0.035), (0.015659813, -0.035), (0.0035324763, -0.034024574), (0.015591881, -0.034024574), (0.0060433135, -0.03597543), (0.0060245707, -0.035), (0.0050866255, -0.035), (0.0051233904, -0.034024574), (0.0042755846, -0.034024574), (0.007000001, -0.036913376), (0.014848772, -0.034024574), (0.007190298, 0.013081043), (0.007373282, 0.014000966), (0.011477322, -0.035), (0.0075419205, 0.012935396), (0.0080630155, 0.013715269), (0.0073732818, 0.013025535), (0.007732218, 0.013892083), (0.0080630155, 0.0146907), (0.0075419215, 0.0148487715), (0.007689735, -0.03853546), (0.007689735, 0.01559188), (0.007811042, -0.037777796), (0.008352962, -0.03853546), (0.008352962, 0.015390692), (0.008543259, 0.014434004), (0.008964196, -0.03853546), (0.008964196, 0.0150639815), (0.008352962, 0.013477316), (0.008964196, 0.014088551), (0.008590915, -0.037777796), (0.007689734, 0.012814089), (0.0078110406, 0.012666276), (0.008590914, 0.01318737), (0.007956688, 0.012314653), (0.007901181, 0.0124976365), (0.00876773, 0.012856573), (0.009566344, 0.013187371), (0.0093096495, 0.013667613), (-0.0140885515, -0.03853546), (0.009939626, 0.0140885515), (0.009499947, 0.014624301), (-0.0150639815, -0.037777796), (0.009939627, -0.037777796), (0.009939627, 0.0150639815), (-0.013477317, -0.03853546), (0.010266338, 0.013477317), (-0.014434005, -0.037777796), (0.010456635, 0.014434005), (0.0093096495, -0.037777796), (0.0093096495, 0.015580989), (0.0079011815, -0.036913376), (0.007000001, -0.03597543), (0.009566345, -0.036913376), (0.008767731, -0.036913376), (0.008876612, -0.03597543), (0.009724418, -0.03597543), (0.007956689, -0.03597543), (0.007000001, -0.035), (0.007000001, -0.034024574), (0.007975432, -0.035), (0.008913377, -0.035), (0.008876612, -0.034024574), (0.009777793, -0.035), (0.007956689, -0.034024574), (-0.0146907, -0.036913376), (-0.015390693, -0.036913376), (0.010266338, -0.036913376), (-0.015591881, -0.03597543), (0.010467526, -0.03597543), (-0.013892084, -0.036913376), (-0.01371527, -0.037777796), (-0.014848772, -0.03597543), (-0.015659813, -0.035), (0.010535459, -0.035), (-0.014000967, -0.03597543), (-0.014037732, -0.035), (-0.014902148, -0.035), (0.0060433135, -0.034024574), (0.013081044, -0.034024574), (0.013025536, -0.033086624), (0.012124356, -0.033086624), (0.012124356, -0.034024574), (0.013892084, -0.033086624), (0.0146907, -0.033086624), (-0.002922624, 0.012935397), (0.012935397, -0.032222208), (-0.002842741, 0.012124356), (0.012124356, -0.032222208), (-0.003532477, 0.01281409), (0.01281409, -0.031464543), (-0.0034645423, 0.012124356), (0.012124356, -0.031464543), (-0.0028427416, 0.012124356), (0.012124356, -0.032222208), (-0.003464543, 0.012124356), (-0.004222209, 0.012124356), (0.01371527, -0.032222208), (-0.003733665, 0.013477317), (0.013477317, -0.031464543), (-0.0035433676, 0.014434005), (0.014434005, -0.032222208), (-0.0040603764, 0.0140885515), (0.0140885515, -0.031464543), (-0.004433658, 0.013187371), (0.0037336645, -0.033086624), (0.015390693, -0.033086624), (0.012124356, -0.033086624), (0.004433657, -0.033086624), (-0.004060376, 0.0150639815), (0.004060376, -0.032222208), (0.0150639815, -0.032222208), (0.006098821, -0.033086624), (0.005232272, -0.033086624), (0.0054090875, -0.032222208), (-0.004690353, 0.015580989), (0.004690353, -0.032222208), (-0.0045000557, 0.014624301), (-0.005035807, 0.014088551), (-0.0050358064, 0.0150639815), (0.0050358064, -0.031464543), (-0.0056470404, 0.015390692), (0.0056470404, -0.031464543), (0.0061889603, -0.032222208), (0.007000001, -0.033086624), (0.007000001, -0.032222208), (-0.006310268, 0.01559188), (0.006310268, -0.031464543), (-0.0046903533, 0.013667613), (-0.005086625, 0.012124356), (-0.00422221, 0.012124356), (-0.0042755855, 0.012666277), (-0.0051233913, 0.012497637), (-0.005086627, 0.012124356), (-0.0052322736, 0.012856573), (-0.0054090885, 0.01318737), (-0.006024572, 0.012124356), (-0.00602457, 0.012124356), (-0.006043315, 0.012314653), (-0.007000001, 0.012124356), (-0.0061889617, 0.012666276), (-0.006098822, 0.0124976365), (-0.007000001, 0.012124356), (-0.007000001, 0.012124356), (-0.005647041, 0.013477316), (-0.0054567433, 0.014434004), (-0.005936987, 0.013715269), (-0.0059369868, 0.0146907), (-0.006310269, 0.012814089), (-0.0064580813, 0.0148487715), (-0.0062677846, 0.013892083), (-0.007000001, 0.015659813), (0.007000001, -0.031464543), (-0.007000001, 0.014902147), (-0.00662672, 0.014000966), (-0.0064580822, 0.012935396), (-0.007000001, 0.012124356), (-0.0066267205, 0.013025535), (-0.007000001, 0.012124356), (-0.0068097045, 0.013081043), (-0.007000001, 0.012124356), (-0.007000001, 0.014037731), (-0.007000001, 0.013099786), (-0.007000001, 0.012124356), (-0.007000001, 0.012124356), (0.0079011815, -0.033086624), (-0.015591881, -0.034024574), (0.010467526, -0.034024574), (0.008767731, -0.033086624), (0.009724418, -0.034024574), (-0.015390693, -0.033086624), (0.010266338, -0.033086624), (0.009566345, -0.033086624), (0.007811042, -0.032222208), (-0.007689735, 0.01559188), (0.007689735, -0.031464543), (0.008590915, -0.032222208), (-0.0093096495, 0.015580989), (0.0093096495, -0.032222208), (-0.008352962, 0.015390692), (0.008352962, -0.031464543), (-0.0150639815, -0.032222208), (-0.009939627, 0.0150639815), (0.009939627, -0.032222208), (-0.008964196, 0.0150639815), (0.008964196, -0.031464543), (-0.014848772, -0.034024574), (-0.014000967, -0.034024574), (-0.0146907, -0.033086624), (-0.013892084, -0.033086624), (-0.014434005, -0.032222208), (-0.010456635, 0.014434005), (-0.009499947, 0.014624301), (-0.01371527, -0.032222208), (-0.013477317, -0.031464543), (-0.010266338, 0.013477317), (-0.0140885515, -0.031464543), (-0.009939626, 0.0140885515), (-0.0075419215, 0.0148487715), (-0.0080630155, 0.0146907), (-0.007373282, 0.014000966), (-0.008543259, 0.014434004), (-0.0080630155, 0.013715269), (-0.008964196, 0.014088551), (-0.007732218, 0.013892083), (-0.007190298, 0.013081043), (-0.0073732818, 0.013025535), (-0.0075419205, 0.012935396), (-0.007000001, 0.012124356), (-0.008352962, 0.013477316), (-0.007689734, 0.012814089), (-0.007000001, 0.012124356), (-0.0093096495, 0.013667613), (-0.008590914, 0.01318737), (-0.009566344, 0.013187371), (-0.00876773, 0.012856573), (-0.0078110406, 0.012666276), (-0.007000001, 0.012124356), (-0.007901181, 0.0124976365), (-0.007000001, 0.012124356), (-0.007000001, 0.012124356), (-0.007000001, 0.012124356), (-0.007000001, 0.012124356), (0.010151981, -0.035), (-0.009366087, -0.035), (0.009366087, -0.035), (-0.009365532, -0.035), (0.009365532, -0.035), (0.009236092, -0.035), (0.009300811, -0.035), (0.009333171, -0.035), (-0.003593981, -0.035), (-0.0035292616, -0.035), (-0.0034969018, -0.035), (-0.0042417315, -0.035), (-0.0042735357, -0.035), (-0.005404463, -0.035), (-0.005253728, -0.035), (-0.0051783607, -0.035), (-0.0060698893, -0.035), (-0.006191208, -0.035), (-0.006110329, -0.035), (-0.0073235175, -0.035), (-0.0071617593, -0.035), (-0.00708088, -0.035), (-0.0070404406, -0.035), (-0.007971246, -0.035), (-0.008010992, -0.035), (-0.008897008, -0.035), (-0.008972377, -0.035), (-0.008934692, -0.035), (-0.00891585, -0.035), (-0.00890643, -0.035), (-0.008901719, -0.035), (-0.008899364, -0.035), (0.0103923045, -0.07), (0.0103923045, -0.080000006), (0.012124356, -0.080000006), (2e-18, -0.003), (0.012124356, -0.003), (0.0017320509, -0.07), (-1.8000001e-17, -0.080000006), (0.0017320509, -0.080000006), (0.008294068, -0.035), (0.0070000007, -0.040000003), (0.008294096, -0.040000003), (0.009499948, -0.035), (0.009500002, -0.040000003), (0.0070000007, -0.035), (0.005705933, -0.035), (0.005705905, -0.040000003), (-0.010830289, -0.035), (-0.012124356, -0.035), (-0.012124356, -0.040000003), (0.004500054, -0.035), (-0.008588822, -0.040000003), (0.0034644662, -0.040000003), (0.0045000003, -0.040000003), (-0.0096244095, -0.035), (-0.010830261, -0.040000003), (-0.0096243555, -0.040000003), (-0.008588897, -0.035), (0.003464542, -0.035), (-0.033980764, 0.025392307), (-0.033925988, 0.019587178), (-0.0333986, 0.020188553), (-0.0341831, 0.018829757), (-0.038980763, 0.01673205), (-0.032681216, 0.020542327), (-0.034130786, 0.018031599), (-0.03377701, 0.017314218), (-0.031883057, 0.020594642), (-0.031125637, 0.020337531), (-0.030375283, 0.017537178), (-0.020990383, 0.017892307), (-0.030118175, 0.0182946), (-0.030902674, 0.016935805), (-0.030170487, 0.019092757), (-0.030524263, 0.01981014), (-0.033175636, 0.016786827), (-0.032418214, 0.016529717), (-0.025990382, 0.009232051), (-0.03162006, 0.01658203), (-0.017471505, 0.010087179), (-0.017728616, 0.009329757), (-0.017676301, 0.008531599), (-0.016944114, 0.010688553), (-0.016226733, 0.011042327), (-0.015428575, 0.01109464), (-0.014495191, 0.014142305), (-0.016721154, 0.007286826), (-0.019495191, 0.0054820506), (-0.015963731, 0.0070297164), (-0.013, 0.0017320509), (-0.017322527, 0.007814217), (-0.014069779, 0.0103101395), (-0.011247596, 0.012267305), (-0.014671152, 0.010837531), (-0.013716005, 0.009592758), (-0.008, 0.0103923045), (-0.0029657967, 0.007160067), (-0.0043056696, 0.00644389), (-0.0136636915, 0.0087946), (-0.013920801, 0.008037179), (-0.005480078, 0.005480078), (0.007, 0.012124356), (-0.007, 0.012124356), (4.7455067e-19, 0.0077500003), (-0.00151195, 0.0076010865), (0.00151195, 0.0076010865), (0.0029657967, 0.007160067), (0.0043056696, 0.00644389), (-0.014448192, 0.007435804), (-0.00644389, 0.0043056696), (-0.0077500003, 1.8949101e-17), (-0.0076010865, 0.00151195), (-0.014, -2.7730002e-15), (-0.007160067, 0.0029657967), (-0.015165574, 0.00708203), (0.005480078, 0.005480078), (0.00644389, 0.0043056696), (0.014, 1.8000001e-17), (0.007160067, 0.0029657967), (0.0076010865, 0.00151195), (0.0077500003, 1.8000001e-17), (-0.007160067, -0.0029657967), (-0.0076010865, -0.00151195), (-0.00644389, -0.0043056696), (-0.007, -0.012124356), (-0.005480078, -0.005480078), (-0.0043056696, -0.00644389), (0.013, -0.0017320509), (0.0076010865, -0.00151195), (0.007160067, -0.0029657967), (0.015963731, -0.0070297164), (0.019495191, -0.0054820506), (0.013920801, -0.008037179), (0.00644389, -0.0043056696), (0.005480078, -0.005480078), (0.014448192, -0.007435804), (0.008, -0.0103923045), (0.0043056696, -0.00644389), (-0.00151195, -0.0076010865), (-0.0029657967, -0.007160067), (-1.423652e-18, -0.0077500003), (0.007, -0.012124356), (0.0029657967, -0.007160067), (0.00151195, -0.0076010865), (0.0136636915, -0.0087946), (0.011247596, -0.012267305), (0.013716005, -0.009592758), (0.014069779, -0.0103101395), (0.015165574, -0.00708203), (0.016721154, -0.007286826), (0.016226733, -0.011042327), (0.014495191, -0.014142305), (0.016944114, -0.010688553), (0.020990383, -0.017892307), (0.025990382, -0.009232051), (0.017471505, -0.010087179), (0.017728616, -0.009329757), (0.032418214, -0.016529717), (0.03162006, -0.01658203), (0.038980763, -0.01673205), (0.033175636, -0.016786827), (0.03377701, -0.017314218), (0.030902674, -0.016935805), (0.017676301, -0.008531599), (0.015428575, -0.01109464), (0.017322527, -0.007814217), (0.030375283, -0.017537178), (0.031883057, -0.020594642), (0.031125637, -0.020337531), (0.033980764, -0.025392307), (0.030524263, -0.01981014), (0.030118175, -0.0182946), (0.034130786, -0.018031599), (0.0341831, -0.018829757), (0.0333986, -0.020188553), (0.032681216, -0.020542327), (0.033925988, -0.019587178), (0.030170487, -0.019092757), (0.014671152, -0.010837531), (-0.0077764583, 0.009226577), (-0.009500002, 0.0077942275), (-0.008294096, 0.0072947256), (-0.0070000007, 0.007124355), (-0.0070000007, 0.009124354), (-0.005705905, 0.007294726), (-0.008500001, 0.009526279), (-0.0062235435, 0.009226578), (-0.0045000003, 0.0077942284), (-0.0055000004, 0.009526279), (-0.0034644662, 0.008588822), (-0.0048786798, 0.010003035), (-0.0026698732, 0.0096243555), (-0.004401924, 0.010624356), (-0.0041022226, 0.011347899), (-0.002170371, 0.010830261), (-0.002, 0.012124356), (-0.004, 0.012124356), (-0.0077764583, -0.040000003), (-0.0070000007, -0.040000003), (-0.0077764443, -0.037500042), (-0.008500001, -0.040000003), (-0.008499974, -0.037500042), (-0.0070000007, -0.037500042), (-0.0062235435, -0.040000003), (-0.0062235575, -0.037500042), (0.012124356, -0.040000003), (0.012124356, -0.037500042), (0.011347912, -0.037500042), (-0.0055000004, -0.040000003), (-0.0048786798, -0.040000003), (0.010003035, -0.040000003), (-0.005500027, -0.037500042), (0.010624356, -0.040000003), (0.011347899, -0.040000003), (0.010624383, -0.037500042), (-0.0048787175, -0.037500042), (0.010003073, -0.037500042), (-0.008060623, 0.011685032), (-0.008499947, 0.010624411), (0.008499947, -0.05712125), (0.010624411, -0.05712125), (-0.0078117657, 0.011312592), (0.0058618123, 0.009376526), (0.0055000535, -0.055), (0.0055000535, 0.009526371), (0.0058519924, -0.055000003), (0.0058519924, 0.009352817), (-0.008959775, 0.011312591), (0.011312591, -0.05712125), (0.013184978, -0.05614801), (0.011063735, -0.05614801), (-0.0074393246, 0.011063736), (-0.007000001, 0.010003112), (0.007000001, -0.05712125), (-0.007000001, 0.010976348), (0.008060624, -0.05614801), (-0.007811766, 0.010164583), (0.007811766, -0.05712125), (0.007000001, -0.05614801), (0.0042521716, 0.010986169), (-0.011347926, -0.055), (0.004102326, 0.011347926), (-0.010976347, -0.055000003), (0.0042284625, 0.010976347), (0.008959776, -0.05614801), (0.010164583, -0.05614801), (0.009121246, -0.055000003), (0.010003112, -0.055000003), (0.010976347, -0.055000003), (0.008959776, -0.053851992), (0.010164583, -0.053851992), (0.008499948, -0.055), (0.013184978, -0.053851992), (0.011063735, -0.053851992), (0.008148011, -0.055000003), (0.008148011, 0.009352817), (0.0077764303, -0.055), (0.0077764303, 0.009226681), (0.013272366, -0.055000003), (-0.0061882366, 0.010164583), (0.0061882366, -0.05712125), (-0.0065606777, 0.011063736), (0.0059393793, -0.05614801), (-0.010624411, -0.05712125), (-0.0055000554, 0.010624411), (0.0055000554, -0.05712125), (-0.0061882376, 0.011312592), (-0.011312591, -0.05712125), (-0.005040228, 0.011312591), (-0.0059393803, 0.011685032), (-0.010164583, -0.05614801), (0.0050402274, -0.05614801), (-0.012124356, -0.05712125), (-0.0048787575, 0.012124356), (-0.0058519933, 0.012124356), (-0.011063735, -0.05614801), (0.006223571, -0.055), (0.006223571, 0.009226681), (0.007000001, -0.055000003), (0.0070000007, -0.055), (-0.01062441, -0.055), (0.0044020168, 0.01062441), (-0.010003111, -0.055), (0.0048787557, -0.055), (-0.010003112, -0.055000003), (0.004878757, -0.055000003), (-0.012124356, -0.05614801), (-0.012124356, -0.055), (-0.012124356, -0.054982062), (-0.013272366, -0.055000003), (0.008499947, -0.052878756), (0.008499947, 0.010624411), (0.010624411, -0.052878756), (0.008959775, 0.011312591), (0.011312591, -0.052878756), (0.008060623, 0.012563679), (0.008060623, 0.011685032), (0.008427606, -0.0540796), (0.008499948, -0.055), (0.008499948, 0.009526371), (0.00813819, 0.009376526), (0.008217559, -0.053247984), (0.008217559, 0.010015482), (0.0078117657, 0.011312592), (0.007000001, 0.012124356), (0.007476722, 0.01129865), (0.007000001, 0.012124356), (0.007000001, 0.012124356), (0.007890068, 0.010582713), (0.008959775, 0.012936121), (0.012936121, -0.052878756), (-0.008959775, 0.012936121), (0.012936121, -0.05712125), (-0.012936121, -0.05712125), (-0.005040228, 0.012936121), (-0.0059393803, 0.012563679), (-0.0061882376, 0.012936121), (-0.0061882366, -0.05712125), (-0.0061882366, 0.01408413), (-0.0065606777, 0.013184977), (-0.012124356, -0.054964125), (-0.01408413, -0.05614801), (-0.0050402274, -0.05614801), (-0.013624301, -0.05712125), (-0.0055000554, -0.05712125), (-0.0055000554, 0.013624301), (-0.013184978, -0.05614801), (-0.012124356, -0.055000003), (-0.0142456, -0.055000003), (-0.004878757, -0.055000003), (-0.0059393793, -0.05614801), (-0.0058519924, -0.055000003), (-0.007000001, -0.05614801), (-0.007000001, -0.05712125), (-0.007000001, 0.0142455995), (-0.01408413, -0.053851992), (-0.0050402274, -0.053851992), (-0.007000001, 0.013272365), (-0.007811766, -0.05712125), (-0.007811766, 0.01408413), (-0.0074393246, 0.013184977), (-0.012124356, -0.054928247), (-0.008060624, -0.05614801), (-0.008499947, -0.05712125), (-0.008499947, 0.013624301), (0.013624301, -0.05712125), (-0.0078117657, 0.012936121), (-0.008060623, 0.012563679), (-0.012124356, -0.054856498), (-0.008959776, -0.05614801), (0.01408413, -0.05614801), (-0.008148011, -0.055000003), (-0.007000001, -0.053851992), (-0.007000001, -0.055000003), (-0.008959776, -0.053851992), (0.01408413, -0.053851992), (-0.009121246, -0.055000003), (0.0142456, -0.055000003), (-0.008060624, -0.053851992), (-0.0059393793, -0.053851992), (-0.012124356, -0.053851992), (-0.012124356, -0.052878756), (0.0048787566, 0.012124356), (-0.013184978, -0.053851992), (-0.012936121, -0.052878756), (0.005040228, 0.012936121), (-0.012124356, -0.054425996), (-0.012124356, -0.053851992), (-0.012124356, -0.055), (-0.013624301, -0.052878756), (-0.0055000554, -0.052878756), (0.0055000554, 0.013624301), (0.004878757, 0.012124356), (0.005851992, 0.012124356), (0.0059393803, 0.012563679), (0.0058519933, 0.012124356), (0.007000001, 0.012124356), (0.0061882376, 0.012936121), (0.007000001, 0.012124356), (0.0065606777, 0.013184977), (-0.0061882366, -0.052878756), (0.0061882366, 0.01408413), (0.007000001, 0.012124356), (-0.007000001, -0.052878756), (0.007000001, 0.0142455995), (0.007000001, 0.013272365), (-0.007811766, -0.052878756), (0.007811766, 0.01408413), (-0.008499947, -0.052878756), (0.008499947, 0.013624301), (0.013624301, -0.052878756), (0.0074393246, 0.013184977), (0.0078117657, 0.012936121), (0.007000001, 0.012124356), (0.007000001, 0.012124356), (0.007000001, 0.012124356), (0.007000001, 0.012124356), (-0.012124356, -0.054712996), (-0.0077764303, -0.034999996), (-0.008499948, -0.034999996), (-0.0070000007, -0.034999996), (-0.006223571, -0.034999996), (0.012124356, -0.034999996), (0.011347926, -0.034999996), (-0.0055000535, -0.034999996), (0.01062441, -0.034999996), (-0.0048787557, -0.034999996), (0.010003111, -0.034999996), (-0.0077764443, -0.057500046), (-0.0070000007, -0.057500046), (-0.0077764303, -0.055), (-0.008499974, -0.057500046), (-0.008499948, -0.055), (-0.0070000007, -0.055), (-0.0062235575, -0.057500046), (-0.006223571, -0.055), (0.012124356, -0.057500046), (0.012124356, -0.055), (0.011347926, -0.055), (-0.005500027, -0.057500046), (-0.0048787175, -0.057500046), (0.010003073, -0.057500046), (-0.0055000535, -0.055), (0.010624383, -0.057500046), (0.011347912, -0.057500046), (0.01062441, -0.055), (-0.0048787557, -0.055), (0.010003111, -0.055), (-0.008060623, 0.011685032), (-0.008499947, 0.010624411), (0.008499947, -0.037121248), (0.010624411, -0.037121248), (-0.0078117657, 0.011312592), (0.0058618123, 0.009376526), (0.0055000535, -0.034999996), (0.0055000535, 0.009526371), (0.0058519924, -0.035), (0.0058519924, 0.009352817), (-0.008959775, 0.011312591), (0.011312591, -0.037121248), (0.013184978, -0.03614801), (0.011063735, -0.03614801), (-0.0074393246, 0.011063736), (-0.007000001, 0.010003112), (0.007000001, -0.037121248), (-0.007000001, 0.010976348), (0.008060624, -0.03614801), (-0.007811766, 0.010164583), (0.007811766, -0.037121248), (0.0042521716, 0.010986169), (-0.011347926, -0.034999996), (0.004102326, 0.011347926), (-0.010976347, -0.035), (0.0042284625, 0.010976347), (0.008959776, -0.03614801), (0.010164583, -0.03614801), (0.009121246, -0.035), (0.010003112, -0.035), (0.010976347, -0.035), (0.008959776, -0.033851992), (0.010164583, -0.033851992), (0.008499948, -0.034999996), (0.013184978, -0.033851992), (0.011063735, -0.033851992), (0.008148011, -0.035), (0.008148011, 0.009352817), (0.0077764303, -0.034999996), (0.0077764303, 0.009226681), (0.007000001, -0.03614801), (-0.0061882366, 0.010164583), (0.0061882366, -0.037121248), (-0.0065606777, 0.011063736), (0.013272366, -0.035), (0.0059393793, -0.03614801), (-0.010624411, -0.037121248), (-0.0055000554, 0.010624411), (0.0055000554, -0.037121248), (-0.0061882376, 0.011312592), (0.006223571, -0.034999996), (0.006223571, 0.009226681), (-0.010164583, -0.03614801), (0.0050402274, -0.03614801), (-0.011312591, -0.037121248), (-0.005040228, 0.011312591), (-0.0059393803, 0.011685032), (-0.012124356, -0.037121248), (-0.0048787575, 0.012124356), (-0.0058519933, 0.012124356), (-0.011063735, -0.03614801), (0.007000001, -0.035), (-0.010003112, -0.035), (0.004878757, -0.035), (-0.01062441, -0.034999996), (0.0044020168, 0.01062441), (-0.010003111, -0.034999996), (0.0048787557, -0.034999996), (-0.012124356, -0.03614801), (-0.012124356, -0.034999996), (-0.012124356, -0.034982063), (-0.013272366, -0.035), (0.008499947, -0.032878757), (0.008499947, 0.010624411), (0.010624411, -0.032878757), (0.008959775, 0.011312591), (0.011312591, -0.032878757), (0.008060623, 0.012563679), (0.008060623, 0.011685032), (0.008427606, -0.034079604), (0.008499948, -0.034999996), (0.008499948, 0.009526371), (0.00813819, 0.009376526), (0.008217559, -0.033247985), (0.008217559, 0.010015482), (0.0078117657, 0.011312592), (0.007000001, 0.012124356), (0.007476723, 0.011298648), (0.007000001, 0.012124356), (0.007000001, 0.012124356), (0.007890068, 0.010582713), (0.008959775, 0.012936121), (0.012936121, -0.032878757), (0.0070000007, -0.034999996), (-0.008959775, 0.012936121), (0.012936121, -0.037121248), (-0.012936121, -0.037121248), (-0.005040228, 0.012936121), (-0.0059393803, 0.012563679), (-0.0061882376, 0.012936121), (-0.0061882366, -0.037121248), (-0.0061882366, 0.01408413), (-0.0065606777, 0.013184977), (-0.012124356, -0.034964126), (-0.01408413, -0.03614801), (-0.0050402274, -0.03614801), (-0.013624301, -0.037121248), (-0.0055000554, -0.037121248), (-0.0055000554, 0.013624301), (-0.013184978, -0.03614801), (-0.012124356, -0.035), (-0.0142456, -0.035), (-0.004878757, -0.035), (-0.0059393793, -0.03614801), (-0.0058519924, -0.035), (-0.007000001, -0.03614801), (-0.007000001, -0.037121248), (-0.007000001, 0.0142455995), (-0.01408413, -0.033851992), (-0.0050402274, -0.033851992), (-0.007000001, 0.013272365), (-0.007811766, -0.037121248), (-0.007811766, 0.01408413), (-0.0074393246, 0.013184977), (-0.012124356, -0.034928247), (-0.008060624, -0.03614801), (-0.008499947, -0.037121248), (-0.008499947, 0.013624301), (0.013624301, -0.037121248), (-0.0078117657, 0.012936121), (-0.008060623, 0.012563679), (-0.012124356, -0.0348565), (-0.008959776, -0.03614801), (0.01408413, -0.03614801), (-0.008148011, -0.035), (-0.007000001, -0.033851992), (-0.007000001, -0.035), (-0.008959776, -0.033851992), (0.01408413, -0.033851992), (-0.009121246, -0.035), (0.0142456, -0.035), (-0.008060624, -0.033851992), (-0.0059393793, -0.033851992), (-0.012124356, -0.033851992), (-0.012124356, -0.032878757), (0.0048787566, 0.012124356), (-0.013184978, -0.033851992), (-0.012936121, -0.032878757), (0.005040228, 0.012936121), (-0.012124356, -0.034425996), (-0.012124356, -0.033851992), (-0.012124356, -0.034999996), (-0.013624301, -0.032878757), (-0.0055000554, -0.032878757), (0.0055000554, 0.013624301), (0.004878757, 0.012124356), (0.005851992, 0.012124356), (0.0059393803, 0.012563679), (0.0058519933, 0.012124356), (0.007000001, 0.012124356), (0.0061882376, 0.012936121), (0.007000001, 0.012124356), (0.0065606777, 0.013184977), (-0.0061882366, -0.032878757), (0.0061882366, 0.01408413), (0.007000001, 0.012124356), (-0.007000001, -0.032878757), (0.007000001, 0.0142455995), (0.007000001, 0.013272365), (-0.007811766, -0.032878757), (0.007811766, 0.01408413), (-0.008499947, -0.032878757), (0.008499947, 0.013624301), (0.013624301, -0.032878757), (0.0074393246, 0.013184977), (0.0078117657, 0.012936121), (0.007000001, 0.012124356), (0.007000001, 0.012124356), (0.007000001, 0.012124356), (0.007000001, 0.012124356), (-0.012124356, -0.034712996), (-0.0077764583, -0.060000002), (-0.0070000007, -0.060000002), (-0.008500001, -0.060000002), (-0.0062235435, -0.060000002), (0.012124356, -0.060000002), (-0.0055000004, -0.060000002), (-0.0048786798, -0.060000002), (0.010003035, -0.060000002), (0.010624356, -0.060000002), (0.011347899, -0.060000002), (-0.0077764583, 0.009226577), (-0.009500002, 0.0077942275), (-0.008294096, 0.0072947256), (-0.0070000007, 0.007124355), (-0.0070000007, 0.009124354), (-0.005705905, 0.007294726), (-0.008500001, 0.009526279), (-0.0062235435, 0.009226578), (-0.0045000003, 0.0077942284), (-0.0055000004, 0.009526279), (-0.0034644662, 0.008588822), (-0.0048786798, 0.010003035), (-0.0026698732, 0.0096243555), (-0.004401924, 0.010624356), (-0.0041022226, 0.011347899), (-0.002170371, 0.010830261), (-0.002, 0.012124356), (-0.004, 0.012124356), (0.007901181, 0.011751075), (0.00876773, 0.011392139), (0.007956688, 0.01193406), (-0.008876612, -0.055975433), (-0.008934692, -0.055000003), (-0.008972377, -0.055000003), (0.0088766115, 0.011751075), (0.009724417, 0.011582436), (0.009724417, 0.012666277), (0.007689734, 0.011434624), (0.008352962, 0.010771397), (0.0078110406, 0.011582437), (0.008590914, 0.0110613415), (0.0093096495, 0.010581099), (-0.009047743, -0.055000003), (0.009566344, 0.0110613415), (-0.010771396, -0.05853546), (0.010266338, 0.010771396), (-0.011434622, -0.05853546), (0.010467526, 0.011434622), (-0.010533442, -0.057777796), (-0.010160161, -0.05853546), (0.009939626, 0.010160161), (-0.011313315, -0.057777796), (-0.012935397, -0.057777796), (0.008964196, 0.010160161), (0.009499947, 0.00962441), (0.0080630155, 0.010533443), (0.008543259, 0.0098147085), (-0.009814708, -0.057777796), (0.010456635, 0.009814708), (0.0075419205, 0.011313317), (-0.01281409, -0.05853546), (0.010467526, 0.01281409), (0.0073732818, 0.011223177), (0.007732218, 0.010356629), (-0.009499948, -0.055000003), (-0.009198478, -0.055000003), (0.007000001, 0.011148927), (0.007000001, 0.010210982), (0.007190298, 0.01116767), (0.007373282, 0.010247747), (0.0075419215, 0.00939994), (0.0080630155, 0.009558013), (-0.008352962, -0.05853546), (0.008352962, 0.00885802), (-0.008964196, -0.05853546), (0.008964196, 0.009184731), (-0.0093096495, -0.057777796), (0.0093096495, 0.008667722), (0.007000001, 0.009346565), (-0.007689735, -0.05853546), (0.007689735, 0.008656832), (-0.007000001, -0.05853546), (0.007000001, 0.008588899), (0.00662672, 0.010247747), (0.0064580813, 0.00939994), (-0.008590915, -0.057777796), (0.0068097045, 0.01116767), (-0.008294068, -0.055000003), (-0.008897008, -0.055000003), (-0.009939627, -0.057777796), (-0.009184731, -0.057777796), (0.009939627, 0.009184731), (-0.010356627, -0.05691338), (-0.011223176, -0.05691338), (-0.011167668, -0.055975433), (-0.013081044, -0.055975433), (-0.010266338, -0.05691338), (-0.0088580195, -0.05691338), (-0.009558012, -0.05691338), (-0.009399939, -0.055975433), (-0.010247745, -0.055975433), (-0.01021098, -0.055000003), (-0.011148925, -0.055000003), (-0.010247745, -0.054024573), (-0.009346564, -0.055000003), (-0.011167668, -0.054024573), (-0.013081044, -0.054024573), (-0.010467526, -0.055975433), (-0.008656831, -0.055975433), (-0.010535459, -0.055000003), (-0.008588898, -0.055000003), (-0.009566345, -0.05691338), (-0.009724418, -0.055975433), (-0.009399939, -0.054024573), (-0.013099787, -0.055000003), (-0.008767731, -0.05691338), (-0.009777793, -0.055000003), (-0.0079011815, -0.05691338), (-0.007811042, -0.057777796), (-0.007000001, -0.057777796), (-0.007000001, -0.05691338), (-0.007956689, -0.055975433), (-0.009724418, -0.054024573), (-0.007971246, -0.055000003), (-0.007000001, -0.055975433), (-0.0070000016, -0.055000003), (-0.010467526, -0.054024573), (-0.008656831, -0.054024573), (-0.013025536, -0.05691338), (0.0066267205, 0.011223177), (0.0062677846, 0.010356629), (0.011153805, -0.055000003), (0.011151278, -0.055000003), (0.011167668, -0.055975433), (0.006310269, 0.011434624), (0.005647041, 0.010771397), (0.0064580822, 0.011313317), (0.011148751, -0.055000003), (0.005936987, 0.010533443), (0.0054567433, 0.0098147085), (0.0059369868, 0.009558013), (-0.0056470404, -0.05853546), (0.0056470404, 0.00885802), (-0.006310268, -0.05853546), (0.006310268, 0.008656832), (-0.0061889603, -0.057777796), (0.005035807, 0.010160161), (0.0045000557, 0.00962441), (-0.0050358064, -0.05853546), (0.0050358064, 0.009184731), (-0.004690353, -0.057777796), (0.004690353, 0.008667722), (-0.0054090875, -0.057777796), (0.0061889617, 0.011582437), (0.0054090885, 0.0110613415), (0.006098822, 0.011751075), (0.0052322736, 0.011392139), (0.011143696, -0.055000003), (0.0046903533, 0.010581099), (0.006024572, 0.012124356), (0.005086627, 0.012124356), (0.006043315, 0.01193406), (0.0051233913, 0.011751075), (0.0042755855, 0.011582436), (0.004222211, 0.012124356), (0.011133585, -0.055000003), (0.004433658, 0.0110613415), (0.0040603764, 0.010160161), (0.010160161, -0.05853546), (0.0035433676, 0.009814708), (0.009814708, -0.057777796), (0.003733665, 0.010771396), (0.010771396, -0.05853546), (0.003532477, 0.011434622), (0.011434622, -0.05853546), (0.011313315, -0.057777796), (0.0034645442, 0.012124356), (0.012124356, -0.05853546), (0.010533442, -0.057777796), (0.012124356, -0.057777796), (-0.004060376, -0.057777796), (0.004060376, 0.009184731), (0.009184731, -0.057777796), (-0.006098821, -0.05691338), (-0.0060433135, -0.055975433), (-0.005232272, -0.05691338), (-0.004433657, -0.05691338), (-0.0042755846, -0.055975433), (-0.0051233904, -0.055975433), (-0.0070000007, -0.055000003), (-0.0060287565, -0.055000003), (-0.005705933, -0.055000003), (-0.005102994, -0.055000003), (-0.004500054, -0.055000003), (-0.0037336645, -0.05691338), (0.0088580195, -0.05691338), (-0.0035324763, -0.055975433), (0.008656831, -0.055975433), (0.009558012, -0.05691338), (0.010356627, -0.05691338), (0.011223176, -0.05691338), (0.009399939, -0.055975433), (-0.0034645426, -0.055000003), (-0.003464542, -0.055000003), (0.008588897, -0.055000003), (-0.0042417315, -0.055000003), (0.0096244095, -0.055000003), (0.010247745, -0.055975433), (0.010830289, -0.055000003), (0.012124356, -0.055975433), (0.012124356, -0.05691338), (0.011113366, -0.055000003), (-0.010356627, -0.053086627), (-0.011223176, -0.053086627), (-0.011313315, -0.052222207), (-0.012935397, -0.052222207), (-0.010266338, -0.053086627), (-0.0088580195, -0.053086627), (-0.009558012, -0.053086627), (-0.010456635, 0.009814708), (-0.009814708, -0.052222207), (-0.010533442, -0.052222207), (-0.010771396, -0.051464546), (-0.010266338, 0.010771396), (-0.011434622, -0.051464546), (-0.010467526, 0.011434622), (-0.009566344, 0.0110613415), (-0.010160161, -0.051464546), (-0.009939626, 0.010160161), (-0.009724417, 0.011582436), (-0.009724417, 0.012666277), (-0.009939627, -0.052222207), (-0.009939627, 0.009184731), (-0.009184731, -0.052222207), (-0.009499947, 0.00962441), (-0.009566345, -0.053086627), (-0.0093096495, -0.052222207), (-0.0093096495, 0.008667722), (-0.0093096495, 0.010581099), (-0.01281409, -0.051464546), (-0.010467526, 0.01281409), (-0.009436841, -0.05388368), (-0.009250708, -0.05282372), (-0.008950944, -0.051873628), (-0.008950944, 0.008745221), (-0.008964196, 0.009184731), (-0.00876773, 0.011392139), (-0.0088766115, 0.011751075), (-0.007956688, 0.01193406), (-0.007956688, 0.012314653), (-0.008543259, 0.0098147085), (-0.008590914, 0.0110613415), (-0.008964196, 0.010160161), (-0.010533443, -0.050380703), (-0.0080630155, 0.010533443), (-0.008352962, 0.010771397), (-0.007901181, 0.011751075), (-0.007000001, 0.012124356), (-0.0078110406, 0.011582437), (-0.0072725327, 0.011652318), (-0.007000001, 0.012124356), (-0.007689734, 0.011434624), (-0.0074087987, 0.011416297), (-0.011298288, -0.05010536), (-0.0074769314, 0.011298288), (-0.007000001, 0.012124356), (-0.0088766115, 0.012497637), (-0.008552685, 0.009435027), (-0.008076038, 0.010260605), (-0.011180278, -0.0501204), (-0.007545064, 0.011180278), (-0.011239283, -0.05011288), (-0.013025536, -0.053086627), (0.009366087, -0.055000003), (0.010227349, -0.055000003), (0.0088766115, 0.012497637), (0.0051233913, 0.012497637), (0.006043315, 0.012314653), (0.006098822, 0.0124976365), (0.0052322736, 0.012856573), (0.0042755855, 0.012666277), (0.0061889617, 0.012666276), (0.0054090885, 0.01318737), (0.0046903533, 0.013667613), (0.006310269, 0.012814089), (0.005647041, 0.013477316), (0.011072926, -0.055000003), (0.004433658, 0.013187371), (0.003532477, 0.01281409), (0.01281409, -0.05853546), (0.012935397, -0.057777796), (0.003733665, 0.013477317), (0.013477317, -0.05853546), (0.0040603764, 0.0140885515), (0.0140885515, -0.05853546), (0.0035433676, 0.014434005), (0.014434005, -0.057777796), (0.005035807, 0.014088551), (0.0045000557, 0.014624301), (0.01371527, -0.057777796), (0.0064580822, 0.012935396), (0.005936987, 0.013715269), (0.0068097045, 0.013081043), (0.00662672, 0.014000966), (0.0066267205, 0.013025535), (0.010992046, -0.055000003), (0.0062677846, 0.013892083), (0.0059369868, 0.0146907), (0.0054567433, 0.014434004), (0.0050358064, -0.05853546), (0.0050358064, 0.0150639815), (0.004690353, -0.057777796), (0.004690353, 0.015580989), (0.0056470404, -0.05853546), (0.0056470404, 0.015390692), (0.0064580813, 0.0148487715), (0.006310268, -0.05853546), (0.006310268, 0.01559188), (0.007000001, 0.014037731), (0.007000001, 0.014902147), (0.0054090875, -0.057777796), (0.007000001, 0.013099786), (0.004060376, -0.057777796), (0.004060376, 0.0150639815), (0.0150639815, -0.057777796), (0.013025536, -0.05691338), (0.0146907, -0.05691338), (0.013892084, -0.05691338), (0.014000967, -0.055975433), (0.013081044, -0.055975433), (0.012124356, -0.055000003), (0.013099787, -0.055000003), (0.012124356, -0.054024573), (0.014037732, -0.055000003), (0.014848772, -0.055975433), (0.014902148, -0.055000003), (0.0037336645, -0.05691338), (0.015390693, -0.05691338), (0.0035324763, -0.055975433), (0.015591881, -0.055975433), (0.014000967, -0.054024573), (0.004433657, -0.05691338), (0.0042755846, -0.055975433), (0.005232272, -0.05691338), (0.0061889603, -0.057777796), (0.006098821, -0.05691338), (0.007000001, -0.05853546), (0.007000001, 0.015659813), (0.007000001, -0.057777796), (0.0051233904, -0.055975433), (0.00422221, -0.055000003), (0.0034645435, -0.055000003), (0.015659813, -0.055000003), (0.0035324763, -0.054024573), (0.015591881, -0.054024573), (0.0060433135, -0.055975433), (0.0060245707, -0.055000003), (0.0050866255, -0.055000003), (0.0051233904, -0.054024573), (0.0042755846, -0.054024573), (0.007000001, -0.05691338), (0.014848772, -0.054024573), (0.007190298, 0.013081043), (0.007373282, 0.014000966), (0.011477322, -0.055000003), (0.0075419205, 0.012935396), (0.0080630155, 0.013715269), (0.0073732818, 0.013025535), (0.007732218, 0.013892083), (0.0080630155, 0.0146907), (0.0075419215, 0.0148487715), (0.007689735, -0.05853546), (0.007689735, 0.01559188), (0.007811042, -0.057777796), (0.008352962, -0.05853546), (0.008352962, 0.015390692), (0.008543259, 0.014434004), (0.008964196, -0.05853546), (0.008964196, 0.0150639815), (0.008352962, 0.013477316), (0.008964196, 0.014088551), (0.008590915, -0.057777796), (0.007689734, 0.012814089), (0.0078110406, 0.012666276), (0.008590914, 0.01318737), (0.007956688, 0.012314653), (0.007901181, 0.0124976365), (0.00876773, 0.012856573), (0.009566344, 0.013187371), (0.0093096495, 0.013667613), (-0.0140885515, -0.05853546), (0.009939626, 0.0140885515), (0.009499947, 0.014624301), (-0.0150639815, -0.057777796), (0.009939627, -0.057777796), (0.009939627, 0.0150639815), (-0.013477317, -0.05853546), (0.010266338, 0.013477317), (-0.014434005, -0.057777796), (0.010456635, 0.014434005), (0.0093096495, -0.057777796), (0.0093096495, 0.015580989), (0.0079011815, -0.05691338), (0.007000001, -0.055975433), (0.009566345, -0.05691338), (0.008767731, -0.05691338), (0.008876612, -0.055975433), (0.009724418, -0.055975433), (0.007956689, -0.055975433), (0.007000001, -0.055000003), (0.007000001, -0.054024573), (0.007975432, -0.055000003), (0.008913377, -0.055000003), (0.008876612, -0.054024573), (0.009777793, -0.055000003), (0.007956689, -0.054024573), (-0.0146907, -0.05691338), (-0.015390693, -0.05691338), (0.010266338, -0.05691338), (-0.015591881, -0.055975433), (0.010467526, -0.055975433), (-0.013892084, -0.05691338), (-0.01371527, -0.057777796), (-0.014848772, -0.055975433), (-0.015659813, -0.055000003), (0.010535459, -0.055000003), (-0.014000967, -0.055975433), (-0.014037732, -0.055000003), (-0.014902148, -0.055000003), (0.0060433135, -0.054024573), (0.013081044, -0.054024573), (0.013025536, -0.053086627), (0.012124356, -0.053086627), (0.012124356, -0.054024573), (0.013892084, -0.053086627), (0.0146907, -0.053086627), (-0.002922624, 0.012935397), (0.012935397, -0.052222207), (-0.002842741, 0.012124356), (0.012124356, -0.052222207), (-0.003532477, 0.01281409), (0.01281409, -0.051464546), (-0.0034645423, 0.012124356), (0.012124356, -0.051464546), (-0.0028427416, 0.012124356), (0.012124356, -0.052222207), (-0.003464543, 0.012124356), (-0.004222209, 0.012124356), (0.01371527, -0.052222207), (-0.003733665, 0.013477317), (0.013477317, -0.051464546), (-0.0035433676, 0.014434005), (0.014434005, -0.052222207), (-0.0040603764, 0.0140885515), (0.0140885515, -0.051464546), (-0.004433658, 0.013187371), (0.0037336645, -0.053086627), (0.015390693, -0.053086627), (0.012124356, -0.053086627), (0.004433657, -0.053086627), (-0.004060376, 0.0150639815), (0.004060376, -0.052222207), (0.0150639815, -0.052222207), (0.006098821, -0.053086627), (0.005232272, -0.053086627), (0.0054090875, -0.052222207), (-0.004690353, 0.015580989), (0.004690353, -0.052222207), (-0.0045000557, 0.014624301), (-0.005035807, 0.014088551), (-0.0050358064, 0.0150639815), (0.0050358064, -0.051464546), (-0.0056470404, 0.015390692), (0.0056470404, -0.051464546), (0.0061889603, -0.052222207), (0.007000001, -0.053086627), (0.007000001, -0.052222207), (-0.006310268, 0.01559188), (0.006310268, -0.051464546), (-0.0046903533, 0.013667613), (-0.005086625, 0.012124356), (-0.00422221, 0.012124356), (-0.0042755855, 0.012666277), (-0.0051233913, 0.012497637), (-0.005086627, 0.012124356), (-0.0052322736, 0.012856573), (-0.0054090885, 0.01318737), (-0.006024572, 0.012124356), (-0.00602457, 0.012124356), (-0.006043315, 0.012314653), (-0.007000001, 0.012124356), (-0.0061889617, 0.012666276), (-0.006098822, 0.0124976365), (-0.007000001, 0.012124356), (-0.007000001, 0.012124356), (-0.005647041, 0.013477316), (-0.0054567433, 0.014434004), (-0.005936987, 0.013715269), (-0.0059369868, 0.0146907), (-0.006310269, 0.012814089), (-0.0064580813, 0.0148487715), (-0.0062677846, 0.013892083), (-0.007000001, 0.015659813), (0.007000001, -0.051464546), (-0.007000001, 0.014902147), (-0.00662672, 0.014000966), (-0.0064580822, 0.012935396), (-0.007000001, 0.012124356), (-0.0066267205, 0.013025535), (-0.007000001, 0.012124356), (-0.0068097045, 0.013081043), (-0.007000001, 0.012124356), (-0.007000001, 0.014037731), (-0.007000001, 0.013099786), (-0.007000001, 0.012124356), (-0.007000001, 0.012124356), (0.0079011815, -0.053086627), (-0.015591881, -0.054024573), (0.010467526, -0.054024573), (0.008767731, -0.053086627), (0.009724418, -0.054024573), (-0.015390693, -0.053086627), (0.010266338, -0.053086627), (0.009566345, -0.053086627), (0.007811042, -0.052222207), (-0.007689735, 0.01559188), (0.007689735, -0.051464546), (0.008590915, -0.052222207), (-0.0093096495, 0.015580989), (0.0093096495, -0.052222207), (-0.008352962, 0.015390692), (0.008352962, -0.051464546), (-0.0150639815, -0.052222207), (-0.009939627, 0.0150639815), (0.009939627, -0.052222207), (-0.008964196, 0.0150639815), (0.008964196, -0.051464546), (-0.014848772, -0.054024573), (-0.014000967, -0.054024573), (-0.0146907, -0.053086627), (-0.013892084, -0.053086627), (-0.014434005, -0.052222207), (-0.010456635, 0.014434005), (-0.009499947, 0.014624301), (-0.01371527, -0.052222207), (-0.013477317, -0.051464546), (-0.010266338, 0.013477317), (-0.0140885515, -0.051464546), (-0.009939626, 0.0140885515), (-0.0075419215, 0.0148487715), (-0.0080630155, 0.0146907), (-0.007373282, 0.014000966), (-0.008543259, 0.014434004), (-0.0080630155, 0.013715269), (-0.008964196, 0.014088551), (-0.007732218, 0.013892083), (-0.007190298, 0.013081043), (-0.0073732818, 0.013025535), (-0.0075419205, 0.012935396), (-0.007000001, 0.012124356), (-0.008352962, 0.013477316), (-0.007689734, 0.012814089), (-0.007000001, 0.012124356), (-0.0093096495, 0.013667613), (-0.008590914, 0.01318737), (-0.009566344, 0.013187371), (-0.00876773, 0.012856573), (-0.0078110406, 0.012666276), (-0.007000001, 0.012124356), (-0.007901181, 0.0124976365), (-0.007000001, 0.012124356), (-0.007000001, 0.012124356), (-0.007000001, 0.012124356), (-0.007000001, 0.012124356), (-0.00891585, -0.055000003), (-0.00890643, -0.055000003), (-0.008901719, -0.055000003), (-0.008899364, -0.055000003), (0.008294068, -0.055000003), (0.0070000007, -0.060000002), (0.008294096, -0.060000002), (0.009499948, -0.055000003), (0.009500002, -0.060000002), (0.0070000007, -0.055000003), (0.005705933, -0.055000003), (0.005705905, -0.060000002), (-0.010830289, -0.055000003), (-0.012124356, -0.055000003), (-0.012124356, -0.060000002), (0.004500054, -0.055000003), (-0.008588822, -0.060000002), (0.0034644662, -0.060000002), (0.0045000003, -0.060000002), (-0.0096244095, -0.055000003), (-0.010830261, -0.060000002), (-0.0096243555, -0.060000002), (-0.008588897, -0.055000003), (0.003464542, -0.055000003), (0.0103923045, -0.07), (0.0103923045, -0.080000006), (0.012124356, -0.080000006), (-2.792e-15, -0.003), (0.012124356, -0.003), (0.0017320509, -0.07), (-2.7730002e-15, -0.080000006), (0.0017320509, -0.080000006), (-0.007, 0.012124356), (0.0052679493, 0.009124355), (0.007, 0.012124356), (-0.0052679493, 0.009124355), (-0.0052679493, -0.009124355), (-0.010535899, -1.94e-16), (-0.014, -2e-18), (-0.007, -0.012124356), (0.0052679493, -0.009124355), (0.0043056696, -0.00644389), (0.0029657967, -0.007160067), (0.005480078, -0.005480078), (0.00151195, -0.0076010865), (1.423652e-18, -0.0077500003), (0.010535899, -2.101e-15), (0.0076010865, -0.00151195), (0.007160067, -0.0029657967), (0.00644389, -0.0043056696), (-0.00151195, -0.0076010865), (-0.0052679493, -0.009124355), (-0.0029657967, -0.007160067), (-0.0043056696, -0.00644389), (-0.005480078, -0.005480078), (-0.00644389, -0.0043056696), (-0.010535899, -1.94e-16), (-0.007160067, -0.0029657967), (-0.0076010865, -0.00151195), (-0.0077500003, 0), (0.0077500003, 9.491013e-19), (0.0076010865, 0.00151195), (0.007160067, 0.0029657967), (0.00644389, 0.0043056696), (0.005480078, 0.005480078), (0.0052679493, 0.009124355), (0.0043056696, 0.00644389), (0.0029657967, 0.007160067), (0.00151195, 0.0076010865), (-4.7455067e-19, 0.0077500003), (-0.00644389, 0.0043056696), (-0.005480078, 0.005480078), (-0.0052679493, 0.009124355), (-0.0076010865, 0.00151195), (-0.007160067, 0.0029657967), (-0.00151195, 0.0076010865), (-0.0043056696, 0.00644389), (-0.0029657967, 0.007160067), (0.013, -0.080000006), (0.038980763, -0.07), (0.013, -0.07), (0.038980763, -0.080000006), (-0.030170487, -0.019092757), (-0.030524263, -0.01981014), (-0.015428575, -0.01109464), (-0.031125637, -0.020337531), (-0.031883057, -0.020594642), (-0.033980764, -0.025392307), (-0.030375283, -0.017537178), (-0.030118175, -0.0182946), (-0.016944114, -0.010688553), (-0.03162006, -0.01658203), (-0.030902674, -0.016935805), (-0.017728616, -0.009329757), (-0.032418214, -0.016529717), (-0.017676301, -0.008531599), (-0.017471505, -0.010087179), (-0.016226733, -0.011042327), (-0.032681216, -0.020542327), (-0.0333986, -0.020188553), (-0.033925988, -0.019587178), (-0.038980763, -0.01673205), (-0.03377701, -0.017314218), (-0.033175636, -0.016786827), (-0.0341831, -0.018829757), (-0.034130786, -0.018031599), (-0.017322527, -0.007814217), (-0.008, -0.0103923045), (-0.013716005, -0.009592758), (-0.014069779, -0.0103101395), (-0.0136636915, -0.0087946), (-0.014671152, -0.010837531), (-0.013920801, -0.008037179), (-0.013, -0.0017320509), (-0.014448192, -0.007435804), (-0.015165574, -0.00708203), (-0.015963731, -0.0070297164), (-0.016721154, -0.007286826), (-0.008, -0.07), (-0.033980764, -0.07), (-0.008, -0.080000006), (-0.033980764, -0.080000006), (0.00585195, -0.032228366), (0.006024549, -0.050096076), (0.007, -0.05), (0.00585195, -0.052228365), (0.007, -0.080000006), (0.007, -0.052), (0.0048786798, -0.052878685), (0.004, -0.060000002), (0.004, -0.040000003), (0.005086583, -0.050380606), (0.004228362, -0.053851955), (0.006024549, -0.030096075), (0.007, -0.030000001), (0.007, -0.003), (0.0050865836, -0.030380603), (0.0048786798, -0.032878682), (0.0042221495, -0.030842653), (0.007, -0.032), (0.004228362, -0.03385195), (0.0034644667, -0.03146447), (0.004222149, -0.050842654), (0.002, -0.040000003), (0.002842652, -0.05222215), (0.0034644662, -0.05146447), (0.002, -0.055000003), (-0.007, -0.080000006), (0.002, -0.060000002), (0.0020960737, -0.05402455), (0.0023806025, -0.053086586), (0.004, -0.035), (0.0028426526, -0.03222215), (0.002380603, -0.033086583), (-0.007, -0.003), (0.002, -0.035), (0.002096074, -0.034024548), (0.004, -0.055000003), (0.025392307, -0.080000006), (0.025392307, -0.07), (0.01673205, -0.080000006), (0.01673205, -0.07), (-0.033980764, -0.07), (-0.033980764, -0.080000006), (-0.008, -0.080000006), (-0.008, -0.07), (0.025392307, -0.080000006), (0.025392307, -0.07), (0.01673205, -0.07), (0.01673205, -0.080000006), (0.013, -0.080000006), (0.038980763, -0.080000006), (0.038980763, -0.07), (0.013, -0.07), (-0.007794229, -0.055000003), (-0.007794229, -0.060000002), (-2.7730002e-15, -0.080000006), (-0.012124356, -0.080000006), (-0.00952628, -0.060000002), (-0.007794229, -0.040000003), (-0.007877431, -0.05402455), (-0.009724046, -0.053851955), (-0.00952628, -0.055000003), (-0.009062494, -0.05146447), (-0.008523988, -0.05222215), (-0.008123841, -0.053086586), (-0.00952628, -0.040000003), (-0.009718667, -0.050842654), (-2.792e-15, -0.003), (-0.007794229, -0.035), (-0.008123841, -0.033086583), (-0.007877431, -0.034024548), (-0.009724046, -0.033851948), (-0.00952628, -0.035), (-0.008523988, -0.03222215), (-0.012124356, -0.003), (-0.009062495, -0.03146447), (-0.010287238, -0.052878685), (-0.01127959, -0.050096076), (-0.010467288, -0.050380606), (-0.012124356, -0.052), (-0.011130115, -0.052228365), (-0.011130115, -0.032228366), (-0.012124356, -0.05), (-0.010287238, -0.032878682), (-0.010467288, -0.030380603), (-0.009718667, -0.030842653), (-0.012124356, -0.030000001), (-0.01127959, -0.030096075), (-0.012124356, -0.032), (-0.020188553, -0.07), (0.0333986, -0.07), (-0.020188553, -0.080000006), (0.0333986, -0.080000006), (-0.019587178, -0.080000006), (0.032681216, -0.07), (0.031883057, -0.080000006), (0.032681216, -0.080000006), (0.01981014, -0.07), (0.030524263, -0.07), (0.01981014, -0.080000006), (0.030524263, -0.080000006), (0.031125637, -0.080000006), (0.0182946, -0.07), (0.0182946, -0.080000006), (0.019092757, -0.080000006), (0.019092757, -0.07), (0.031883057, -0.07), (-0.019587178, -0.07), (0.031125637, -0.07), (0.017537178, -0.07), (-0.018829757, -0.080000006), (-0.030902674, -0.07), (0.016935805, -0.07), (-0.030902674, -0.080000006), (0.016935805, -0.080000006), (0.017537178, -0.080000006), (-0.032418214, -0.07), (-0.032418214, -0.080000006), (-0.03162006, -0.080000006), (-0.03162006, -0.07), (-0.03377701, -0.07), (-0.017314218, -0.07), (-0.03377701, -0.080000006), (-0.017314218, -0.080000006), (-0.033175636, -0.080000006), (-0.018031599, -0.07), (-0.018031599, -0.080000006), (-0.033175636, -0.07), (-0.018829757, -0.07), (-0.010087179, -0.07), (-0.010688553, -0.080000006), (0.016944114, -0.080000006), (-0.010087179, -0.080000006), (0.016226733, -0.07), (0.015428575, -0.080000006), (0.016226733, -0.080000006), (-0.010688553, -0.07), (0.016944114, -0.07), (0.0103101395, -0.07), (0.014069779, -0.07), (0.0103101395, -0.080000006), (0.014069779, -0.080000006), (0.014671152, -0.080000006), (0.0087946, -0.07), (0.0087946, -0.080000006), (0.009592758, -0.080000006), (0.009592758, -0.07), (0.014671152, -0.07), (0.015428575, -0.07), (0.008037179, -0.07), (-0.009329757, -0.07), (-0.014448192, -0.080000006), (0.007435804, -0.080000006), (0.008037179, -0.080000006), (-0.014448192, -0.07), (0.007435804, -0.07), (-0.015963731, -0.07), (-0.015963731, -0.080000006), (-0.015165574, -0.080000006), (-0.015165574, -0.07), (-0.016721154, -0.07), (-0.017322527, -0.080000006), (-0.007814217, -0.080000006), (-0.016721154, -0.080000006), (-0.009329757, -0.080000006), (-0.008531599, -0.080000006), (-0.008531599, -0.07), (-0.017322527, -0.07), (-0.007814217, -0.07), (0, 0), (-0.00151195, -0.080000006), (1.8000001e-17, -0.080000006), (-0.0029657967, 0), (-0.0043056696, -0.080000006), (-0.0029657967, -0.080000006), (-0.00151195, 0), (-0.005480078, 0), (0.005480078, 0), (0.0043056696, -0.080000006), (-0.005480078, -0.080000006), (0.005480078, -0.080000006), (0.0029657967, 0), (0.00151195, -0.080000006), (0.0029657967, -0.080000006), (0.0043056696, 0), (-0.0043056696, 0), (-0.00151195, 0), (-0.00151195, -0.080000006), (-1.423652e-18, -0.080000006), (-0.0043056696, 0), (-0.0043056696, -0.080000006), (-0.0029657967, -0.080000006), (-0.0029657967, 0), (0.0043056696, 0), (0.0043056696, -0.080000006), (-0.005480078, -0.080000006), (0.005480078, -0.080000006), (0.00151195, 0), (0.00151195, -0.080000006), (0.0029657967, -0.080000006), (0.0029657967, 0), (-0.005480078, 0), (0.005480078, 0), (0.00151195, 0), (-1.423652e-18, 0), (-9.491013e-19, 0), (0.00151195, 0), (-0.00151195, 0), (-0.00151195, -0.080000006), (-1.8949101e-17, -0.080000006), (-0.0043056696, 0), (-0.0043056696, -0.080000006), (-0.0029657967, -0.080000006), (-0.0029657967, 0), (0.0043056696, 0), (0.0043056696, -0.080000006), (-0.005480078, -0.080000006), (0.005480078, -0.080000006), (0.00151195, 0), (0.00151195, -0.080000006), (0.0029657967, -0.080000006), (0.0029657967, 0), (-0.005480078, 0), (0.005480078, 0), (-4.7455067e-19, 0), (-0.00151195, -0.080000006), (-4.7455067e-19, -0.080000006), (-0.0029657967, 0), (-0.0043056696, -0.080000006), (-0.0029657967, -0.080000006), (-0.00151195, 0), (-0.005480078, 0), (0.005480078, 0), (0.0043056696, -0.080000006), (-0.005480078, -0.080000006), (0.005480078, -0.080000006), (0.0029657967, 0), (0.00151195, -0.080000006), (0.0029657967, -0.080000006), (0.0043056696, 0), (-0.0043056696, 0), (-0.014448192, -0.07), (0.007435804, -0.07), (-0.015165574, -0.080000006), (-0.014448192, -0.080000006), (0.007435804, -0.080000006), (0.008037179, -0.07), (0.008037179, -0.080000006), (-0.015963731, -0.080000006), (-0.015963731, -0.07), (-0.016721154, -0.07), (-0.016721154, -0.080000006), (-0.009329757, -0.07), (-0.009329757, -0.080000006), (-0.008531599, -0.080000006), (-0.008531599, -0.07), (-0.017322527, -0.080000006), (-0.007814217, -0.080000006), (-0.017322527, -0.07), (-0.007814217, -0.07), (-0.015165574, -0.07), (-0.010087179, -0.07), (0.0087946, -0.080000006), (-0.010688553, -0.07), (0.016944114, -0.07), (-0.010688553, -0.080000006), (0.016944114, -0.080000006), (-0.010087179, -0.080000006), (0.015428575, -0.07), (0.015428575, -0.080000006), (0.016226733, -0.080000006), (0.016226733, -0.07), (0.0103101395, -0.07), (0.014069779, -0.07), (0.0103101395, -0.080000006), (0.014069779, -0.080000006), (0.014671152, -0.080000006), (0.009592758, -0.07), (0.009592758, -0.080000006), (0.014671152, -0.07), (0.0087946, -0.07), (0.017537178, -0.07), (-0.030902674, -0.080000006), (0.016935805, -0.080000006), (0.017537178, -0.080000006), (-0.03162006, -0.07), (-0.032418214, -0.080000006), (-0.03162006, -0.080000006), (-0.030902674, -0.07), (0.016935805, -0.07), (-0.03377701, -0.07), (-0.017314218, -0.07), (-0.03377701, -0.080000006), (-0.017314218, -0.080000006), (-0.033175636, -0.080000006), (-0.018829757, -0.07), (-0.018829757, -0.080000006), (-0.018031599, -0.080000006), (-0.018031599, -0.07), (-0.032418214, -0.07), (-0.033175636, -0.07), (-0.019587178, -0.07), (0.0182946, -0.07), (-0.020188553, -0.080000006), (0.0333986, -0.080000006), (-0.019587178, -0.080000006), (0.032681216, -0.07), (0.031883057, -0.080000006), (0.032681216, -0.080000006), (-0.020188553, -0.07), (0.0333986, -0.07), (0.031125637, -0.07), (0.01981014, -0.080000006), (0.030524263, -0.080000006), (0.031125637, -0.080000006), (0.019092757, -0.07), (0.0182946, -0.080000006), (0.019092757, -0.080000006), (0.01981014, -0.07), (0.030524263, -0.07), (0.031883057, -0.07), (0.0052679493, 0.009124355), (0.010535899, -2.101e-15), (0.014, -2.792e-15), (0.007, 0.012124356), (0.017676301, 0.008531599), (0.017322527, 0.007814217), (0.032418214, 0.016529717), (0.016721154, 0.007286826), (0.015963731, 0.0070297164), (0.013, 0.0017320509), (0.017471505, 0.010087179), (0.017728616, 0.009329757), (0.030902674, 0.016935805), (0.016226733, 0.011042327), (0.016944114, 0.010688553), (0.030118175, 0.0182946), (0.015428575, 0.01109464), (0.030170487, 0.019092757), (0.030375283, 0.017537178), (0.03162006, 0.01658203), (0.015165574, 0.00708203), (0.014448192, 0.007435804), (0.013920801, 0.008037179), (0.008, 0.0103923045), (0.014069779, 0.0103101395), (0.014671152, 0.010837531), (0.0136636915, 0.0087946), (0.013716005, 0.009592758), (0.030524263, 0.01981014), (0.038980763, 0.01673205), (0.034130786, 0.018031599), (0.03377701, 0.017314218), (0.0341831, 0.018829757), (0.033175636, 0.016786827), (0.033925988, 0.019587178), (0.033980764, 0.025392307), (0.0333986, 0.020188553), (0.032681216, 0.020542327), (0.031883057, 0.020594642), (0.031125637, 0.020337531), (0.007, -0.012124356), (-0.0052679493, -0.009124355), (-0.007, -0.012124356), (0.0052679493, -0.009124355), (0.010535899, -2.101e-15), (0.0052679493, -0.009124355), (0.007, -0.012124356), (0.014, -2.792e-15), (-0.006024549, -0.012124356), (-0.0060432917, -0.011934055), (-0.007, -0.012124356), (-0.0060988003, -0.011751067), (-0.0050865836, -0.012124356), (-0.0042221495, -0.012124356), (-0.005123349, -0.011751067), (-0.0052322336, -0.011392123), (-0.005409052, -0.011061319), (-0.0061889417, -0.011582425), (-0.0044336007, -0.011061319), (-0.00564701, -0.010771366), (-0.006310252, -0.011434608), (-0.0072438633, -0.011701973), (-0.0064580687, -0.011313298), (-0.0062677674, -0.01035659), (-0.006626711, -0.011223157), (-0.005936963, -0.010533407), (-0.005035763, -0.010160118), (-0.006626711, -0.010247705), (-0.0068096993, -0.011167648), (-0.0054567093, -0.009814657), (-0.0046903016, -0.010581065), (-0.0042755255, -0.011582425), (-0.010771366, -0.03146447), (-0.0037335933, -0.010771366), (-0.012124356, -0.03146447), (-0.0034644667, -0.012124356), (-0.012124356, -0.03222215), (-0.011434608, -0.03146447), (-0.003532401, -0.011434608), (-0.010160118, -0.03146447), (-0.0040603117, -0.010160118), (-0.010533407, -0.03222215), (-0.005035763, -0.009184667), (0.005035763, -0.03146447), (-0.005936963, -0.009557956), (-0.0064580687, -0.009399881), (-0.00564701, -0.008857949), (0.00564701, -0.03146447), (-0.009184667, -0.03222215), (-0.0040603117, -0.009184667), (0.0040603117, -0.03222215), (-0.0045000007, -0.009624356), (0.005409052, -0.03222215), (-0.0046903016, -0.008667648), (0.0046903016, -0.03222215), (-0.006310252, -0.008656757), (0.006310252, -0.03146447), (-0.009814657, -0.03222215), (-0.003543292, -0.009814657), (-0.0073732897, -0.010247705), (-0.007190301, -0.011167648), (-0.007, -0.011148904), (-0.0073657944, -0.011490782), (-0.0077322335, -0.01035659), (-0.0073732897, -0.011223157), (-0.007, -0.009346506), (-0.007, -0.010210939), (-0.008063038, -0.009557956), (-0.007541932, -0.009399881), (-0.007956709, -0.010467288), (-0.008388926, -0.009718667), (-0.007487726, -0.01127959), (-0.007, -0.008588823), (0.007, -0.03146447), (-0.0076897484, -0.008656757), (0.0076897484, -0.03146447), (0.007, -0.03222215), (-0.00835299, -0.008857949), (0.00835299, -0.03146447), (0.0078110583, -0.03222215), (-0.008767768, -0.009062495), (0.008767768, -0.03146447), (0.006188942, -0.03222215), (-0.011313298, -0.03222215), (-0.01035659, -0.033086583), (-0.012124356, -0.033086583), (-0.012124356, -0.034024548), (-0.011223157, -0.033086583), (-0.009557956, -0.033086583), (-0.010247705, -0.034024548), (0.0044336007, -0.033086583), (0.0060988003, -0.033086583), (0.005232233, -0.033086583), (-0.008656757, -0.034024548), (0.0035324008, -0.034024548), (-0.008857949, -0.033086583), (0.0037335933, -0.033086583), (0.005123349, -0.034024548), (0.004275525, -0.034024548), (-0.009399881, -0.034024548), (-0.011167648, -0.034024548), (-0.010830261, -0.035), (-0.012124356, -0.035), (-0.008588822, -0.035), (0.0034644662, -0.035), (-0.0096243555, -0.035), (0.0060432917, -0.034024548), (0.0045000003, -0.035), (0.007, -0.035), (0.005705905, -0.035), (0.007, -0.034024548), (0.007, -0.033086583), (0.009078674, -0.03222215), (0.008590949, -0.03222215), (0.0079012, -0.033086583), (0.008767768, -0.033086583), (0.0093097, -0.033086583), (0.007956709, -0.034024548), (0.008876652, -0.034024548), (0.009451964, -0.034024548), (0.008294095, -0.035), (0.009500001, -0.035), (0.007, -0.012124356), (0.0059393398, -0.011685017), (0.00585195, -0.012124356), (0.007287013, -0.011627236), (0.0048786798, -0.012124356), (0.012124356, -0.052878685), (0.0050401557, -0.011312561), (0.011312561, -0.052878685), (0.012124356, -0.053851955), (-0.0055000004, -0.052878685), (0.0055000004, -0.010624356), (0.010624356, -0.052878685), (0.006188206, -0.011312561), (0.006560661, -0.011063697), (-0.006188206, -0.052878685), (0.006188206, -0.010164512), (-0.0050401557, -0.053851955), (0.010164512, -0.053851955), (-0.007, -0.052878685), (0.007, -0.010003036), (0.007, -0.010976305), (0.00743934, -0.011063697), (-0.0078117945, -0.052878685), (0.0078117945, -0.010164512), (0.0075740255, -0.011130115), (0.0074305194, -0.011378675), (-0.008060661, -0.052878685), (0.008060661, -0.010287238), (-0.007, -0.053851955), (-0.008060661, -0.053851955), (-0.0059393398, -0.053851955), (0.011347899, -0.055000003), (0.012124356, -0.055000003), (0.011063697, -0.053851955), (0.010624356, -0.055000003), (-0.0055000004, -0.055000003), (-0.0048786798, -0.055000003), (0.010003036, -0.055000003), (-0.006223543, -0.055000003), (-0.007776458, -0.055000003), (-0.008385819, -0.053851955), (-0.0085, -0.055000003), (-0.007, -0.055000003), (0.007, -0.035), (0.007, -0.040000003), (0.008294095, -0.040000003), (0.008294095, -0.035), (0.009500001, -0.040000003), (0.009500001, -0.035), (0.005705905, -0.035), (0.005705905, -0.040000003), (-0.010830261, -0.035), (-0.012124356, -0.035), (-0.012124356, -0.040000003), (-0.008588822, -0.035), (0.0034644662, -0.035), (-0.008588822, -0.040000003), (0.0034644662, -0.040000003), (0.0045000003, -0.040000003), (-0.010830261, -0.040000003), (-0.0096243555, -0.040000003), (-0.0096243555, -0.035), (0.0045000003, -0.035), (-0.007776458, -0.060000002), (-0.007, -0.060000002), (-0.007, -0.055000003), (-0.0085, -0.060000002), (-0.006223543, -0.060000002), (0.012124356, -0.060000002), (-0.0055000004, -0.060000002), (-0.0048786798, -0.060000002), (0.010003036, -0.060000002), (0.010624356, -0.060000002), (0.011347899, -0.060000002), (0.009500001, -0.007794229), (0.007776458, -0.009226578), (0.0085, -0.00952628), (0.0045000003, -0.007794229), (0.006223543, -0.009226578), (0.005705905, -0.0072947266), (0.008294095, -0.0072947266), (0.007, -0.007124356), (0.007, -0.009124355), (0.0055000004, -0.00952628), (0.002, -0.012124356), (0.004, -0.012124356), (0.0041022226, -0.011347899), (0.002170371, -0.010830261), (0.004401924, -0.010624356), (0.0048786798, -0.010003036), (0.0034644662, -0.008588822), (0.0026698732, -0.0096243555), (0.009500001, -0.007794229), (0.007776458, -0.009226578), (0.0085, -0.00952628), (0.0045000003, -0.007794229), (0.006223543, -0.009226578), (0.005705905, -0.0072947266), (0.008294095, -0.0072947266), (0.007, -0.007124356), (0.007, -0.009124355), (0.0055000004, -0.00952628), (0.002, -0.012124356), (0.004, -0.012124356), (0.0041022226, -0.011347899), (0.002170371, -0.010830261), (0.004401924, -0.010624356), (0.0048786798, -0.010003036), (0.0034644662, -0.008588822), (0.0026698732, -0.0096243555), (-0.007776458, -0.040000003), (-0.007, -0.040000003), (-0.007, -0.035), (-0.0085, -0.040000003), (-0.007776458, -0.035), (-0.0085, -0.035), (-0.006223543, -0.035), (-0.006223543, -0.040000003), (0.012124356, -0.040000003), (0.012124356, -0.035), (0.011347899, -0.035), (-0.0055000004, -0.040000003), (-0.0048786798, -0.040000003), (0.010003036, -0.040000003), (-0.0048786798, -0.035), (0.010003036, -0.035), (0.010624356, -0.040000003), (0.011347899, -0.040000003), (0.010624356, -0.035), (-0.0055000004, -0.035), (0.007, -0.055000003), (0.007, -0.060000002), (0.008294095, -0.060000002), (0.008294095, -0.055000003), (0.009500001, -0.060000002), (0.009500001, -0.055000003), (0.005705905, -0.055000003), (0.005705905, -0.060000002), (-0.010830261, -0.055000003), (-0.012124356, -0.055000003), (-0.012124356, -0.060000002), (-0.008588822, -0.055000003), (0.0034644662, -0.055000003), (-0.008588822, -0.060000002), (0.0034644662, -0.060000002), (0.0045000003, -0.060000002), (-0.010830261, -0.060000002), (-0.0096243555, -0.060000002), (-0.0096243555, -0.055000003), (0.0045000003, -0.055000003), (0.007287013, -0.011627236), (0.0059393398, -0.011685017), (0.007, -0.012124356), (0.006188206, -0.011312561), (-0.0055000004, -0.032878682), (0.0055000004, -0.010624356), (0.010624356, -0.032878682), (0.00585195, -0.012124356), (0.0048786798, -0.012124356), (0.012124356, -0.032878682), (0.0050401557, -0.011312561), (0.011312561, -0.032878682), (0.011063697, -0.03385195), (-0.0050401557, -0.03385195), (0.010164511, -0.03385195), (0.006560661, -0.011063696), (-0.006188206, -0.032878682), (0.006188206, -0.010164511), (0.007, -0.010976305), (-0.007, -0.032878682), (0.007, -0.010003036), (0.00743934, -0.011063696), (0.0075740255, -0.011130115), (-0.008060661, -0.032878682), (0.008060661, -0.010287238), (0.0074305194, -0.011378675), (-0.0078117945, -0.032878682), (0.0078117945, -0.010164511), (-0.0059393398, -0.03385195), (-0.008385819, -0.033851948), (-0.007, -0.03385195), (-0.008060661, -0.03385195), (0.012124356, -0.03385195), (-0.007, -0.035), (-0.006024549, -0.012124356), (-0.0060432917, -0.011934055), (-0.007, -0.012124356), (-0.0060988003, -0.011751067), (-0.005123349, -0.011751067), (-0.005232233, -0.011392123), (-0.005409052, -0.011061319), (-0.0061889417, -0.011582425), (-0.0044336, -0.011061319), (-0.0072438633, -0.011701973), (-0.005086583, -0.012124356), (-0.005936963, -0.010533407), (-0.0064580683, -0.011313298), (-0.006310252, -0.011434608), (-0.006626711, -0.011223157), (-0.006626711, -0.010247705), (-0.0068096993, -0.011167648), (-0.0062677674, -0.010356589), (-0.005035763, -0.010160118), (-0.00564701, -0.010771366), (-0.005936963, -0.009557956), (-0.005456709, -0.009814657), (-0.0064580683, -0.009399881), (-0.004690301, -0.010581065), (-0.004222149, -0.012124356), (-0.004275525, -0.011582425), (-0.012124356, -0.05146447), (-0.0034644662, -0.012124356), (-0.012124356, -0.05222215), (-0.011434608, -0.05146447), (-0.0035324006, -0.011434608), (-0.010771366, -0.05146447), (-0.0037335926, -0.010771366), (-0.010160118, -0.05146447), (-0.0040603112, -0.010160118), (-0.010533407, -0.05222215), (-0.0045000003, -0.0096243555), (-0.00564701, -0.008857949), (0.00564701, -0.05146447), (-0.005035763, -0.009184667), (0.005035763, -0.05146447), (-0.009184667, -0.05222215), (-0.0040603112, -0.009184667), (0.0040603112, -0.05222215), (0.005409052, -0.05222215), (-0.004690301, -0.008667648), (0.004690301, -0.05222215), (-0.006310252, -0.008656757), (0.006310252, -0.05146447), (-0.009814657, -0.05222215), (-0.0035432915, -0.009814657), (-0.0073732897, -0.010247705), (-0.007190301, -0.011167648), (-0.007, -0.011148904), (-0.0073657944, -0.011490782), (-0.0077322335, -0.010356589), (-0.0073732897, -0.011223157), (-0.007, -0.009346505), (-0.007, -0.010210939), (-0.008063038, -0.009557956), (-0.0075419326, -0.009399881), (-0.007956709, -0.010467288), (-0.007487726, -0.01127959), (-0.007, -0.008588822), (0.007, -0.05146447), (-0.0076897484, -0.008656757), (0.0076897484, -0.05146447), (0.007, -0.05222215), (-0.00835299, -0.008857949), (0.00835299, -0.05146447), (0.007811059, -0.05222215), (-0.008767768, -0.009062494), (0.008767768, -0.05146447), (-0.008388926, -0.009718667), (0.0061889417, -0.05222215), (-0.011313298, -0.05222215), (-0.010356589, -0.053086586), (-0.012124356, -0.053086586), (-0.012124356, -0.05402455), (-0.011223157, -0.053086586), (-0.009557956, -0.053086586), (-0.010247705, -0.05402455), (0.0044336, -0.053086586), (0.0060988003, -0.053086586), (0.005232233, -0.053086586), (-0.008656757, -0.05402455), (0.0035324006, -0.05402455), (-0.008857949, -0.053086586), (0.0037335926, -0.053086586), (0.005123349, -0.05402455), (0.004275525, -0.05402455), (-0.009399881, -0.05402455), (-0.011167648, -0.05402455), (-0.012124356, -0.055000003), (0.0060432917, -0.05402455), (0.007, -0.055000003), (0.007, -0.05402455), (0.007, -0.053086586), (0.009078675, -0.05222215), (0.008590949, -0.05222215), (0.0079012, -0.053086586), (0.008767768, -0.053086586), (0.0093097, -0.053086586), (0.007956709, -0.05402455), (0.008876652, -0.05402455), (0.009451964, -0.05402455)] (
                    interpolation = "faceVarying"
                )
                int[] primvars:st:indices = [0, 1, 2, 3, 1, 4, 5, 0, 2, 6, 0, 5, 7, 8, 9, 5, 10, 11, 12, 4, 8, 3, 2, 1, 5, 11, 6, 13, 14, 5, 15, 16, 13, 14, 13, 16, 15, 13, 17, 5, 2, 13, 18, 19, 20, 21, 15, 17, 22, 19, 23, 19, 10, 5, 10, 19, 18, 24, 21, 17, 12, 8, 25, 25, 8, 7, 19, 26, 20, 27, 3, 28, 29, 30, 26, 28, 4, 12, 3, 4, 28, 19, 22, 26, 31, 23, 32, 31, 33, 23, 22, 23, 33, 24, 17, 34, 29, 26, 22, 17, 35, 36, 34, 17, 36, 29, 37, 30, 38, 39, 40, 41, 39, 42, 43, 44, 45, 46, 47, 48, 47, 49, 48, 43, 45, 42, 40, 39, 41, 46, 50, 47, 51, 52, 53, 54, 52, 51, 50, 55, 56, 46, 55, 50, 51, 57, 54, 58, 47, 50, 59, 60, 58, 61, 57, 51, 42, 45, 41, 62, 63, 64, 49, 47, 64, 65, 66, 67, 40, 41, 67, 65, 68, 62, 68, 69, 62, 66, 65, 62, 67, 66, 40, 62, 69, 63, 60, 59, 70, 71, 51, 72, 60, 47, 58, 73, 62, 74, 73, 75, 72, 74, 75, 73, 72, 51, 73, 73, 66, 62, 62, 64, 47, 61, 51, 71, 76, 77, 78, 77, 76, 79, 80, 81, 82, 82, 81, 83, 84, 85, 83, 86, 87, 88, 89, 91, 92, 81, 93, 94, 81, 80, 93, 87, 93, 88, 93, 80, 88, 83, 81, 95, 84, 95, 97, 84, 83, 95, 98, 96, 100, 97, 99, 84, 94, 102, 95, 103, 104, 98, 93, 105, 94, 94, 95, 81, 94, 106, 102, 106, 94, 105, 107, 108, 87, 102, 97, 95, 105, 93, 87, 96, 101, 109, 111, 107, 86, 99, 113, 84, 114, 115, 111, 116, 91, 89, 111, 115, 107, 105, 87, 108, 117, 118, 119, 115, 120, 121, 115, 114, 120, 118, 120, 119, 120, 114, 119, 107, 115, 122, 122, 124, 108, 108, 107, 122, 106, 126, 128, 106, 105, 126, 124, 126, 108, 105, 108, 126, 120, 129, 121, 131, 122, 121, 121, 129, 133, 131, 124, 122, 134, 135, 118, 122, 115, 121, 129, 120, 118, 125, 123, 136, 137, 134, 117, 87, 86, 107, 91, 138, 140, 102, 106, 143, 100, 144, 103, 103, 98, 100, 103, 144, 145, 146, 147, 145, 142, 149, 109, 110, 102, 143, 144, 150, 151, 144, 100, 150, 149, 150, 109, 150, 100, 109, 96, 109, 100, 145, 144, 152, 146, 152, 153, 146, 145, 152, 154, 153, 155, 153, 154, 146, 151, 156, 152, 157, 158, 154, 150, 160, 151, 151, 152, 144, 151, 162, 156, 162, 151, 160, 163, 164, 148, 156, 153, 152, 160, 150, 149, 153, 156, 165, 127, 163, 141, 154, 166, 146, 136, 167, 127, 127, 125, 136, 168, 159, 164, 169, 163, 167, 127, 167, 163, 159, 148, 164, 170, 136, 171, 172, 130, 132, 163, 169, 164, 167, 136, 170, 171, 172, 173, 136, 123, 171, 143, 106, 128, 174, 167, 170, 175, 169, 176, 177, 168, 164, 161, 168, 178, 159, 168, 161, 168, 177, 178, 164, 169, 177, 179, 174, 180, 174, 181, 182, 183, 169, 174, 169, 167, 174, 170, 173, 181, 148, 141, 163, 171, 123, 130, 156, 162, 185, 121, 133, 131, 145, 186, 103, 187, 188, 137, 189, 190, 191, 137, 188, 134, 129, 118, 135, 192, 193, 194, 195, 191, 190, 188, 196, 197, 188, 187, 196, 193, 196, 194, 196, 187, 194, 134, 188, 198, 198, 200, 135, 135, 134, 198, 132, 201, 203, 133, 129, 202, 200, 202, 135, 129, 135, 202, 197, 204, 205, 197, 198, 188, 199, 206, 208, 200, 198, 207, 196, 204, 197, 207, 198, 197, 204, 196, 193, 201, 199, 210, 211, 212, 192, 118, 117, 134, 213, 214, 211, 215, 191, 195, 211, 214, 212, 216, 193, 212, 217, 218, 219, 214, 220, 221, 214, 213, 220, 218, 222, 220, 220, 213, 219, 223, 191, 215, 212, 214, 224, 204, 216, 225, 204, 193, 216, 205, 225, 227, 225, 205, 204, 224, 229, 216, 205, 207, 197, 224, 221, 231, 221, 224, 214, 230, 232, 233, 231, 229, 224, 221, 222, 234, 229, 225, 216, 216, 212, 224, 226, 230, 236, 235, 237, 232, 193, 192, 212, 207, 205, 239, 203, 241, 172, 203, 172, 132, 172, 241, 173, 173, 170, 171, 208, 242, 210, 208, 210, 199, 241, 243, 244, 241, 203, 243, 242, 243, 210, 243, 203, 210, 203, 201, 210, 173, 241, 245, 245, 247, 181, 181, 173, 245, 248, 249, 181, 181, 247, 248, 182, 250, 174, 251, 244, 252, 244, 245, 241, 254, 256, 246, 244, 257, 258, 243, 252, 244, 244, 259, 245, 252, 243, 242, 244, 260, 257, 238, 261, 208, 181, 174, 170, 240, 228, 263, 227, 239, 205, 262, 263, 265, 263, 262, 240, 236, 266, 228, 267, 242, 261, 236, 233, 269, 233, 236, 230, 266, 269, 191, 269, 266, 236, 270, 269, 271, 266, 263, 228, 228, 226, 236, 263, 266, 91, 272, 267, 273, 252, 242, 267, 274, 268, 265, 268, 262, 265, 275, 252, 276, 91, 191, 138, 191, 91, 266, 91, 278, 279, 91, 116, 265, 265, 263, 91, 280, 282, 267, 242, 208, 261, 209, 207, 239, 139, 277, 90, 237, 271, 233, 172, 171, 130, 283, 191, 223, 155, 284, 157, 157, 154, 155, 157, 284, 285, 286, 287, 285, 185, 289, 165, 165, 156, 185, 284, 290, 292, 284, 155, 290, 289, 290, 165, 290, 155, 165, 153, 165, 155, 285, 284, 293, 286, 293, 294, 286, 285, 293, 297, 295, 298, 294, 296, 286, 292, 299, 293, 301, 302, 297, 290, 305, 292, 292, 293, 284, 300, 291, 306, 306, 291, 304, 307, 308, 288, 299, 294, 293, 305, 290, 289, 295, 300, 310, 178, 307, 184, 296, 311, 286, 178, 313, 307, 178, 177, 313, 314, 307, 313, 307, 288, 184, 308, 314, 315, 314, 308, 307, 304, 309, 317, 316, 317, 309, 308, 303, 288, 161, 178, 184, 298, 318, 301, 301, 297, 298, 319, 301, 318, 320, 321, 319, 317, 322, 306, 317, 306, 304, 323, 298, 310, 310, 300, 324, 322, 326, 324, 310, 298, 295, 324, 300, 306, 327, 310, 324, 319, 328, 320, 329, 321, 320, 328, 330, 331, 328, 332, 320, 323, 330, 318, 319, 318, 328, 323, 327, 333, 327, 323, 310, 334, 330, 333, 333, 330, 323, 327, 326, 336, 330, 328, 318, 318, 298, 323, 331, 337, 328, 324, 306, 322, 338, 301, 319, 339, 317, 316, 339, 340, 322, 339, 322, 317, 326, 340, 342, 340, 326, 322, 335, 325, 343, 326, 327, 324, 344, 157, 285, 272, 345, 252, 218, 220, 219, 83, 346, 82, 217, 347, 218, 347, 217, 348, 348, 349, 350, 218, 347, 351, 349, 352, 353, 350, 353, 354, 353, 350, 349, 355, 356, 352, 350, 347, 348, 357, 191, 283, 347, 350, 358, 222, 351, 359, 351, 222, 218, 235, 360, 361, 359, 234, 222, 358, 362, 351, 234, 231, 221, 358, 354, 364, 354, 358, 350, 363, 365, 367, 364, 362, 358, 368, 369, 354, 362, 359, 351, 351, 347, 358, 360, 363, 370, 356, 368, 353, 222, 221, 220, 371, 372, 355, 355, 372, 356, 356, 353, 352, 373, 374, 375, 376, 191, 357, 372, 377, 378, 372, 371, 377, 374, 377, 375, 377, 371, 375, 356, 372, 379, 368, 379, 381, 368, 356, 379, 369, 381, 383, 381, 369, 368, 378, 385, 379, 369, 364, 354, 377, 386, 378, 378, 379, 372, 378, 388, 385, 388, 378, 386, 389, 390, 374, 385, 381, 379, 386, 377, 374, 380, 384, 391, 392, 389, 373, 368, 354, 353, 138, 191, 376, 364, 369, 394, 361, 396, 237, 237, 235, 361, 237, 396, 271, 271, 269, 233, 367, 397, 370, 370, 363, 367, 396, 398, 399, 396, 361, 398, 397, 398, 370, 398, 361, 370, 360, 370, 361, 271, 396, 400, 270, 400, 401, 270, 271, 400, 401, 402, 403, 402, 401, 400, 399, 404, 400, 398, 405, 399, 399, 400, 396, 399, 406, 404, 406, 399, 405, 408, 410, 397, 404, 402, 400, 405, 398, 397, 402, 404, 411, 395, 408, 367, 270, 191, 269, 393, 382, 412, 394, 369, 383, 407, 412, 413, 412, 407, 393, 391, 414, 382, 405, 397, 410, 384, 415, 391, 391, 382, 380, 391, 416, 414, 416, 391, 415, 417, 419, 387, 414, 412, 382, 366, 364, 394, 412, 414, 420, 413, 421, 409, 409, 407, 413, 406, 423, 425, 406, 405, 423, 421, 422, 409, 405, 410, 423, 420, 426, 427, 420, 413, 412, 421, 428, 429, 421, 413, 428, 414, 426, 420, 428, 413, 420, 426, 414, 416, 422, 421, 430, 419, 431, 415, 397, 367, 408, 384, 387, 415, 404, 406, 432, 390, 418, 386, 237, 233, 232, 433, 434, 392, 191, 435, 189, 392, 434, 389, 386, 374, 390, 436, 437, 438, 434, 439, 440, 434, 433, 439, 437, 439, 438, 439, 433, 438, 389, 434, 441, 390, 441, 443, 390, 389, 441, 417, 442, 444, 443, 418, 390, 440, 446, 441, 415, 387, 419, 439, 447, 440, 440, 441, 434, 440, 449, 446, 449, 440, 447, 450, 451, 437, 446, 443, 441, 447, 439, 437, 442, 445, 452, 453, 450, 436, 388, 386, 418, 454, 455, 453, 270, 435, 191, 453, 455, 450, 447, 437, 451, 456, 346, 457, 455, 458, 459, 455, 454, 458, 346, 458, 457, 458, 454, 457, 325, 341, 343, 450, 455, 460, 460, 462, 451, 451, 450, 460, 449, 463, 466, 449, 447, 463, 462, 463, 451, 447, 451, 463, 458, 85, 459, 459, 460, 455, 113, 459, 85, 468, 462, 460, 346, 83, 85, 468, 460, 459, 85, 458, 346, 463, 462, 470, 456, 82, 346, 437, 436, 450, 445, 448, 471, 444, 473, 419, 419, 417, 444, 419, 473, 431, 474, 416, 431, 471, 475, 452, 452, 445, 471, 473, 476, 477, 473, 444, 476, 475, 478, 476, 476, 444, 452, 442, 452, 444, 431, 473, 479, 426, 474, 480, 426, 416, 474, 427, 480, 481, 480, 427, 426, 479, 482, 474, 427, 428, 420, 479, 477, 483, 477, 479, 473, 482, 483, 484, 483, 482, 479, 477, 478, 485, 482, 480, 474, 474, 431, 479, 480, 482, 486, 476, 452, 475, 415, 431, 416, 469, 487, 464, 466, 463, 470, 475, 489, 491, 475, 471, 489, 464, 487, 488, 489, 471, 465, 467, 112, 104, 113, 468, 459, 492, 469, 493, 104, 493, 467, 112, 98, 104, 493, 469, 461, 472, 449, 466, 186, 493, 104, 475, 491, 478, 488, 487, 494, 496, 478, 491, 490, 488, 494, 492, 497, 487, 477, 485, 483, 492, 186, 147, 186, 492, 493, 498, 494, 497, 147, 497, 492, 186, 145, 147, 497, 494, 487, 487, 469, 492, 499, 490, 494, 104, 103, 186, 478, 477, 476, 493, 461, 467, 166, 497, 147, 85, 84, 113, 374, 373, 389, 336, 333, 327, 428, 427, 500, 501, 502, 503, 501, 503, 504, 411, 505, 501, 411, 501, 402, 506, 411, 432, 505, 502, 501, 411, 404, 432, 406, 425, 432, 502, 508, 510, 508, 512, 514, 509, 507, 515, 517, 511, 518, 517, 513, 511, 519, 521, 508, 514, 516, 508, 506, 523, 505, 506, 505, 411, 521, 512, 508, 525, 519, 523, 505, 523, 519, 519, 508, 502, 505, 519, 502, 511, 520, 526, 425, 528, 432, 510, 529, 502, 430, 530, 424, 430, 424, 422, 424, 530, 527, 533, 506, 528, 500, 534, 429, 500, 429, 428, 530, 535, 536, 530, 430, 535, 534, 535, 429, 535, 430, 429, 430, 421, 429, 527, 530, 538, 522, 531, 539, 506, 533, 523, 524, 539, 540, 539, 524, 522, 537, 541, 531, 525, 521, 519, 530, 536, 538, 538, 532, 527, 544, 538, 536, 536, 535, 545, 546, 547, 534, 531, 541, 539, 535, 534, 545, 549, 536, 545, 481, 546, 500, 506, 432, 528, 402, 501, 403, 520, 524, 550, 551, 552, 553, 554, 555, 551, 518, 553, 552, 553, 511, 526, 556, 553, 526, 550, 526, 520, 553, 518, 511, 554, 551, 553, 557, 526, 550, 558, 559, 560, 554, 559, 555, 560, 561, 558, 560, 559, 554, 557, 562, 556, 557, 556, 526, 560, 563, 564, 560, 554, 563, 562, 563, 556, 563, 554, 556, 554, 553, 556, 565, 563, 562, 540, 566, 550, 539, 567, 540, 540, 550, 524, 566, 540, 568, 568, 540, 567, 543, 569, 541, 570, 557, 566, 543, 548, 571, 549, 544, 536, 572, 567, 569, 571, 569, 543, 573, 575, 548, 569, 567, 541, 542, 538, 544, 576, 569, 571, 570, 562, 557, 566, 568, 577, 570, 577, 578, 570, 566, 577, 572, 579, 568, 562, 570, 580, 572, 576, 581, 576, 572, 569, 579, 581, 582, 581, 579, 572, 583, 584, 576, 579, 577, 568, 568, 567, 572, 577, 579, 585, 575, 583, 571, 557, 550, 566, 541, 567, 539, 586, 581, 584, 547, 574, 545, 486, 587, 481, 481, 480, 486, 546, 481, 587, 546, 534, 500, 496, 589, 485, 496, 485, 478, 590, 486, 484, 484, 483, 591, 589, 593, 591, 484, 486, 482, 500, 427, 481, 594, 484, 591, 546, 595, 547, 595, 546, 587, 574, 547, 597, 597, 547, 595, 590, 598, 587, 574, 549, 545, 590, 594, 600, 594, 590, 484, 602, 595, 598, 600, 598, 590, 594, 593, 605, 598, 595, 587, 587, 486, 590, 600, 607, 598, 591, 485, 589, 547, 545, 534, 495, 608, 588, 608, 495, 499, 499, 498, 609, 588, 608, 610, 498, 166, 158, 166, 498, 497, 609, 158, 344, 158, 609, 498, 166, 154, 158, 609, 608, 499, 499, 494, 498, 608, 609, 611, 592, 610, 612, 610, 592, 588, 614, 599, 604, 612, 603, 592, 611, 615, 610, 605, 600, 594, 611, 344, 287, 344, 611, 609, 616, 612, 615, 287, 615, 611, 344, 285, 287, 615, 612, 610, 610, 608, 611, 619, 604, 613, 158, 157, 344, 593, 594, 591, 495, 490, 499, 311, 615, 287, 573, 620, 575, 620, 573, 596, 596, 601, 621, 575, 620, 622, 601, 606, 623, 607, 602, 598, 621, 623, 624, 623, 621, 601, 614, 625, 606, 621, 620, 596, 597, 595, 602, 620, 621, 626, 583, 622, 627, 622, 583, 575, 627, 584, 583, 626, 628, 622, 584, 581, 576, 626, 624, 629, 624, 626, 621, 630, 627, 628, 629, 628, 626, 631, 632, 624, 628, 627, 622, 622, 620, 626, 633, 584, 627, 625, 631, 623, 583, 576, 571, 614, 619, 634, 619, 614, 604, 625, 634, 635, 634, 625, 614, 617, 636, 619, 625, 623, 606, 617, 312, 302, 311, 616, 615, 636, 302, 338, 302, 636, 617, 312, 297, 302, 636, 634, 619, 618, 612, 616, 634, 636, 637, 631, 635, 638, 635, 631, 625, 639, 629, 632, 638, 632, 631, 637, 640, 635, 632, 629, 624, 637, 338, 321, 338, 637, 636, 641, 638, 640, 321, 640, 637, 338, 319, 321, 640, 638, 635, 635, 634, 637, 642, 632, 638, 302, 301, 338, 631, 624, 623, 606, 599, 614, 643, 628, 629, 287, 286, 311, 575, 571, 548, 485, 591, 483, 644, 640, 321, 147, 146, 166, 435, 270, 401, 333, 336, 334, 334, 331, 330, 92, 91, 645, 645, 91, 279, 268, 274, 281, 646, 264, 648, 265, 116, 649, 274, 265, 650, 650, 265, 651, 651, 265, 652, 265, 647, 652, 267, 272, 252, 267, 653, 273, 267, 654, 653, 267, 655, 654, 267, 282, 655, 656, 252, 345, 251, 252, 275, 252, 657, 276, 252, 656, 657, 244, 251, 260, 259, 244, 658, 658, 244, 659, 659, 244, 660, 660, 244, 258, 245, 255, 661, 245, 259, 253, 247, 245, 662, 662, 245, 663, 663, 245, 661, 181, 664, 182, 181, 665, 664, 181, 666, 665, 181, 667, 666, 181, 249, 667, 668, 174, 250, 183, 174, 179, 174, 669, 180, 174, 668, 669, 169, 183, 670, 177, 169, 175, 169, 671, 176, 169, 672, 671, 169, 673, 672, 169, 674, 673, 169, 675, 674, 169, 676, 675, 670, 676, 169, 677, 678, 679, 680, 677, 681, 679, 681, 677, 682, 683, 684, 677, 680, 682, 683, 682, 680, 685, 686, 687, 688, 687, 689, 685, 690, 686, 687, 688, 685, 691, 692, 690, 692, 686, 690, 693, 694, 695, 696, 698, 699, 700, 701, 702, 703, 702, 697, 699, 691, 696, 702, 703, 700, 701, 700, 693, 704, 698, 696, 693, 695, 701, 692, 691, 699, 705, 706, 707, 708, 706, 709, 705, 707, 710, 711, 708, 709, 712, 711, 709, 706, 705, 709, 710, 713, 705, 713, 714, 705, 715, 716, 717, 715, 718, 716, 716, 719, 717, 720, 716, 714, 721, 712, 709, 721, 709, 722, 722, 723, 724, 725, 723, 726, 727, 726, 723, 724, 723, 718, 709, 723, 722, 728, 723, 725, 729, 730, 731, 728, 729, 731, 732, 733, 734, 733, 735, 734, 723, 728, 716, 727, 733, 736, 716, 718, 723, 737, 738, 739, 740, 738, 737, 738, 740, 741, 742, 741, 743, 740, 744, 741, 745, 741, 744, 745, 746, 741, 747, 748, 749, 749, 748, 750, 747, 749, 751, 750, 748, 741, 751, 752, 747, 741, 742, 750, 747, 752, 753, 745, 754, 755, 755, 746, 745, 754, 735, 755, 746, 743, 741, 735, 756, 757, 756, 735, 758, 757, 759, 735, 735, 759, 755, 760, 734, 735, 753, 761, 747, 747, 762, 763, 763, 764, 765, 763, 762, 764, 761, 762, 747, 735, 754, 760, 763, 765, 766, 714, 716, 705, 758, 767, 768, 767, 758, 769, 770, 771, 769, 770, 772, 771, 770, 769, 758, 766, 773, 763, 766, 774, 773, 773, 774, 775, 773, 776, 777, 778, 779, 780, 775, 779, 773, 779, 781, 773, 782, 780, 783, 768, 756, 758, 784, 785, 770, 786, 770, 787, 770, 786, 784, 788, 789, 782, 787, 789, 786, 785, 772, 770, 782, 789, 787, 779, 778, 781, 790, 778, 782, 782, 791, 792, 782, 792, 790, 792, 791, 793, 782, 778, 780, 794, 773, 781, 783, 788, 782, 794, 776, 773, 795, 777, 776, 796, 797, 798, 799, 800, 798, 801, 798, 800, 801, 800, 802, 803, 800, 804, 805, 806, 807, 806, 805, 803, 800, 803, 805, 800, 808, 804, 802, 800, 809, 797, 796, 810, 811, 809, 777, 799, 808, 800, 799, 812, 808, 813, 814, 815, 799, 814, 816, 799, 817, 812, 818, 819, 805, 807, 818, 805, 820, 821, 815, 815, 805, 822, 815, 822, 820, 821, 813, 815, 822, 805, 819, 799, 823, 817, 731, 716, 728, 738, 730, 739, 730, 738, 731, 719, 716, 720, 733, 727, 723, 736, 733, 732, 814, 799, 815, 823, 799, 816, 797, 799, 798, 791, 810, 824, 810, 791, 797, 793, 791, 824, 777, 809, 800, 811, 777, 795, 825, 826, 827, 827, 828, 829, 830, 829, 828, 825, 831, 826, 832, 829, 830, 833, 834, 832, 825, 827, 829, 832, 830, 833, 834, 835, 836, 835, 834, 833, 835, 837, 836, 836, 837, 838, 839, 838, 840, 839, 841, 842, 841, 839, 840, 838, 837, 840, 843, 844, 845, 846, 843, 847, 844, 848, 845, 845, 847, 843, 848, 849, 850, 848, 844, 849, 851, 852, 853, 854, 855, 857, 858, 859, 860, 856, 858, 862, 857, 850, 854, 860, 862, 858, 853, 860, 859, 857, 855, 861, 859, 851, 853, 854, 850, 849, 863, 864, 867, 868, 870, 872, 873, 864, 863, 874, 875, 876, 877, 878, 880, 881, 883, 865, 882, 867, 864, 883, 884, 879, 877, 867, 882, 885, 887, 889, 891, 866, 874, 893, 891, 876, 874, 876, 891, 893, 894, 896, 876, 894, 893, 892, 897, 890, 894, 898, 899, 897, 900, 881, 902, 881, 900, 884, 881, 902, 890, 897, 881, 881, 865, 890, 878, 877, 882, 876, 904, 894, 878, 905, 880, 907, 880, 905, 908, 879, 884, 906, 879, 908, 907, 910, 912, 883, 881, 884, 914, 915, 912, 911, 906, 917, 912, 910, 914, 915, 919, 920, 907, 905, 910, 913, 909, 921, 884, 922, 908, 924, 922, 884, 871, 908, 922, 908, 871, 869, 869, 917, 908, 925, 924, 902, 921, 916, 926, 909, 916, 921, 929, 931, 869, 930, 926, 916, 888, 886, 921, 869, 931, 917, 917, 906, 908, 926, 888, 921, 913, 932, 918, 902, 924, 884, 933, 934, 935, 899, 938, 896, 896, 894, 899, 938, 899, 940, 939, 941, 942, 892, 895, 943, 945, 946, 901, 895, 947, 943, 892, 943, 944, 947, 895, 936, 942, 949, 939, 942, 941, 950, 951, 949, 952, 942, 953, 949, 949, 954, 937, 949, 937, 939, 948, 937, 954, 949, 951, 954, 940, 899, 956, 922, 924, 925, 872, 923, 868, 930, 928, 926, 927, 885, 889, 863, 957, 873, 920, 960, 961, 919, 960, 920, 932, 913, 921, 962, 964, 965, 935, 934, 966, 967, 969, 959, 971, 961, 960, 962, 971, 964, 962, 961, 971, 972, 959, 918, 935, 972, 932, 972, 918, 932, 933, 935, 973, 932, 973, 935, 972, 974, 967, 886, 973, 932, 968, 976, 970, 959, 972, 967, 975, 977, 968, 976, 968, 977, 963, 978, 979, 972, 935, 974, 963, 970, 976, 981, 974, 935, 965, 980, 983, 921, 886, 932, 985, 986, 983, 935, 966, 987, 988, 984, 979, 983, 980, 985, 986, 990, 992, 978, 963, 976, 957, 993, 992, 875, 958, 991, 992, 990, 957, 957, 863, 993, 986, 985, 990, 935, 987, 994, 995, 989, 984, 978, 997, 988, 979, 978, 988, 998, 999, 977, 999, 976, 977, 978, 999, 997, 999, 978, 976, 996, 904, 875, 991, 996, 875, 1000, 1002, 997, 1002, 988, 997, 996, 1003, 904, 995, 988, 1002, 995, 984, 988, 1004, 997, 999, 875, 874, 958, 980, 965, 964, 1005, 977, 975, 1006, 1007, 1009, 1010, 1009, 1007, 1012, 1009, 935, 935, 1009, 981, 1012, 1013, 1009, 1014, 973, 886, 981, 1009, 1015, 1011, 1018, 1019, 1020, 1021, 1022, 1021, 1020, 1019, 1023, 1017, 1011, 1009, 1010, 1015, 1024, 1023, 1020, 1011, 1020, 1023, 1017, 1025, 1027, 1019, 1020, 1011, 1011, 1008, 1018, 1025, 1023, 1028, 982, 1026, 1005, 1029, 998, 1005, 998, 977, 1005, 1031, 1030, 1027, 1005, 1026, 1029, 998, 1032, 1004, 982, 1016, 1026, 1004, 1000, 997, 999, 998, 1004, 1000, 1004, 1034, 898, 1003, 1001, 898, 894, 904, 1029, 1032, 998, 982, 1005, 975, 898, 1001, 956, 1025, 1031, 1027, 1037, 1033, 1030, 1037, 1030, 1031, 1033, 1038, 1035, 1039, 1031, 1025, 941, 955, 1035, 1001, 1036, 956, 1038, 1037, 1040, 1035, 1038, 941, 941, 939, 955, 1033, 1037, 1038, 1034, 1004, 1032, 1037, 1031, 1041, 956, 899, 898, 1017, 1023, 1025, 1003, 898, 904, 941, 1038, 1042, 904, 876, 875, 919, 915, 914, 935, 994, 1043, 1012, 935, 1043, 946, 903, 901, 845, 848, 1044, 847, 845, 1045, 848, 1046, 1044, 1044, 1045, 845, 1046, 850, 1047, 1046, 848, 850, 852, 1048, 1049, 857, 861, 1050, 860, 853, 1051, 862, 860, 1053, 1050, 1047, 857, 1051, 1053, 860, 1049, 1051, 853, 1050, 861, 1052, 853, 852, 1049, 857, 1047, 850, 1054, 1055, 1056, 1057, 1054, 1058, 1055, 1059, 1056, 1056, 1058, 1054, 1059, 1060, 1061, 1059, 1055, 1060, 1062, 1063, 1064, 1065, 1066, 1068, 1069, 1070, 1071, 1067, 1069, 1073, 1068, 1061, 1065, 1071, 1073, 1069, 1064, 1071, 1070, 1068, 1066, 1072, 1070, 1062, 1064, 1065, 1061, 1060, 1074, 1075, 1078, 1079, 1081, 1083, 1084, 1075, 1074, 1085, 1086, 1087, 1088, 1089, 1091, 1092, 1094, 1076, 1093, 1078, 1075, 1088, 1093, 1089, 1088, 1078, 1093, 1095, 1097, 1099, 1101, 1077, 1085, 1103, 1101, 1087, 1101, 1085, 1087, 1103, 1104, 1106, 1087, 1104, 1103, 1102, 1107, 1100, 1104, 1108, 1109, 1092, 1110, 1112, 1076, 1100, 1092, 1092, 1107, 1110, 1092, 1114, 1094, 1100, 1107, 1092, 1090, 1094, 1114, 1091, 1115, 1117, 1087, 1118, 1104, 1116, 1090, 1119, 1121, 1123, 1117, 1119, 1114, 1124, 1119, 1090, 1114, 1116, 1127, 1122, 1115, 1091, 1089, 1129, 1130, 1123, 1119, 1127, 1116, 1123, 1121, 1129, 1130, 1132, 1133, 1117, 1115, 1121, 1128, 1120, 1134, 1124, 1114, 1135, 1080, 1127, 1119, 1119, 1124, 1082, 1080, 1119, 1082, 1080, 1137, 1127, 1114, 1112, 1135, 1126, 1138, 1134, 1136, 1138, 1126, 1134, 1138, 1098, 1140, 1138, 1136, 1098, 1096, 1134, 1080, 1141, 1137, 1134, 1120, 1126, 1128, 1142, 1131, 1114, 1092, 1112, 1143, 1144, 1145, 1109, 1148, 1106, 1106, 1104, 1109, 1148, 1109, 1150, 1149, 1151, 1152, 1102, 1105, 1153, 1155, 1156, 1111, 1105, 1157, 1153, 1102, 1153, 1154, 1157, 1105, 1146, 1152, 1159, 1149, 1152, 1151, 1160, 1161, 1159, 1162, 1152, 1163, 1159, 1159, 1164, 1147, 1159, 1147, 1149, 1158, 1147, 1164, 1159, 1161, 1164, 1150, 1109, 1166, 1167, 1135, 1112, 1167, 1124, 1135, 1083, 1125, 1079, 1139, 1095, 1099, 1074, 1168, 1084, 1133, 1171, 1172, 1132, 1171, 1133, 1142, 1128, 1134, 1173, 1175, 1176, 1145, 1144, 1177, 1178, 1180, 1170, 1182, 1172, 1171, 1173, 1182, 1175, 1173, 1172, 1182, 1183, 1170, 1131, 1145, 1183, 1142, 1183, 1131, 1142, 1143, 1145, 1184, 1142, 1184, 1145, 1183, 1185, 1178, 1096, 1184, 1142, 1179, 1187, 1181, 1170, 1183, 1178, 1186, 1188, 1179, 1187, 1179, 1188, 1174, 1189, 1190, 1183, 1145, 1185, 1174, 1181, 1187, 1192, 1185, 1145, 1176, 1191, 1194, 1134, 1096, 1142, 1196, 1197, 1194, 1145, 1177, 1198, 1199, 1195, 1190, 1194, 1191, 1196, 1197, 1201, 1203, 1189, 1174, 1187, 1168, 1204, 1203, 1086, 1169, 1202, 1203, 1201, 1168, 1168, 1074, 1204, 1197, 1196, 1201, 1145, 1198, 1205, 1206, 1200, 1195, 1189, 1208, 1199, 1190, 1189, 1199, 1209, 1210, 1188, 1210, 1187, 1188, 1189, 1210, 1208, 1210, 1189, 1187, 1207, 1118, 1086, 1202, 1207, 1086, 1211, 1213, 1208, 1213, 1199, 1208, 1207, 1214, 1118, 1206, 1199, 1213, 1206, 1195, 1199, 1215, 1208, 1210, 1086, 1085, 1169, 1191, 1176, 1175, 1216, 1188, 1186, 1217, 1218, 1220, 1221, 1220, 1218, 1223, 1220, 1145, 1145, 1220, 1192, 1223, 1224, 1220, 1225, 1184, 1096, 1192, 1220, 1226, 1222, 1229, 1230, 1231, 1232, 1233, 1232, 1231, 1230, 1234, 1228, 1222, 1220, 1221, 1226, 1235, 1234, 1231, 1222, 1231, 1234, 1228, 1236, 1238, 1230, 1231, 1222, 1222, 1219, 1229, 1236, 1234, 1239, 1193, 1237, 1216, 1240, 1209, 1216, 1209, 1188, 1216, 1242, 1241, 1238, 1216, 1237, 1240, 1209, 1243, 1215, 1193, 1227, 1237, 1215, 1211, 1208, 1210, 1209, 1215, 1211, 1215, 1245, 1108, 1214, 1212, 1108, 1104, 1118, 1240, 1243, 1209, 1193, 1216, 1186, 1108, 1212, 1166, 1236, 1242, 1238, 1248, 1244, 1241, 1248, 1241, 1242, 1244, 1249, 1246, 1250, 1242, 1236, 1151, 1165, 1246, 1212, 1247, 1166, 1249, 1248, 1251, 1246, 1249, 1151, 1151, 1149, 1165, 1244, 1248, 1249, 1245, 1215, 1243, 1248, 1242, 1252, 1166, 1109, 1108, 1228, 1234, 1236, 1214, 1108, 1118, 1151, 1249, 1253, 1118, 1087, 1086, 1132, 1130, 1129, 1145, 1205, 1254, 1223, 1145, 1254, 1156, 1113, 1111, 1255, 1256, 1054, 1257, 1255, 1057, 1256, 1055, 1054, 1054, 1057, 1255, 1055, 1258, 1060, 1055, 1256, 1258, 1259, 1062, 1070, 1260, 1261, 1065, 1263, 1264, 1069, 1262, 1263, 1067, 1065, 1060, 1260, 1069, 1067, 1263, 1070, 1069, 1264, 1065, 1261, 1066, 1264, 1259, 1070, 1260, 1060, 1258, 1265, 1266, 1267, 1267, 1268, 1269, 1270, 1269, 1268, 1265, 1271, 1266, 1272, 1269, 1270, 1273, 1274, 1272, 1265, 1267, 1269, 1272, 1270, 1273, 1274, 1275, 1276, 1275, 1274, 1273, 1275, 1277, 1276, 1276, 1277, 1278, 1279, 1278, 1280, 1279, 1281, 1282, 1281, 1279, 1280, 1278, 1277, 1280, 1283, 1284, 1285, 1286, 1287, 1288, 1285, 1284, 1289, 1290, 1291, 1289, 1292, 1293, 1294, 1284, 1295, 1296, 1284, 1283, 1295, 1293, 1295, 1294, 1295, 1283, 1294, 1286, 1288, 1297, 1289, 1284, 1298, 1290, 1298, 1300, 1290, 1289, 1298, 1301, 1299, 1303, 1300, 1302, 1290, 1296, 1305, 1298, 1306, 1307, 1301, 1295, 1308, 1296, 1296, 1298, 1284, 1296, 1309, 1305, 1309, 1296, 1308, 1310, 1311, 1293, 1305, 1300, 1298, 1308, 1295, 1293, 1299, 1304, 1312, 1314, 1310, 1292, 1302, 1316, 1290, 1317, 1318, 1314, 1319, 1286, 1320, 1314, 1318, 1310, 1308, 1293, 1311, 1321, 1322, 1323, 1318, 1324, 1325, 1318, 1317, 1324, 1322, 1324, 1323, 1324, 1317, 1323, 1310, 1318, 1326, 1326, 1328, 1311, 1311, 1310, 1326, 1309, 1330, 1332, 1309, 1308, 1330, 1328, 1330, 1311, 1308, 1311, 1330, 1324, 1333, 1325, 1335, 1326, 1325, 1325, 1333, 1337, 1335, 1328, 1326, 1338, 1339, 1322, 1326, 1318, 1325, 1333, 1324, 1322, 1329, 1327, 1340, 1341, 1338, 1321, 1293, 1292, 1310, 1286, 1342, 1343, 1305, 1309, 1346, 1303, 1347, 1306, 1306, 1301, 1303, 1306, 1347, 1348, 1349, 1350, 1348, 1345, 1352, 1312, 1313, 1305, 1346, 1347, 1353, 1354, 1347, 1303, 1353, 1352, 1353, 1312, 1353, 1303, 1312, 1299, 1312, 1303, 1348, 1347, 1355, 1349, 1355, 1356, 1349, 1348, 1355, 1357, 1356, 1358, 1356, 1357, 1349, 1354, 1359, 1355, 1360, 1361, 1357, 1353, 1363, 1354, 1354, 1355, 1347, 1354, 1365, 1359, 1365, 1354, 1363, 1366, 1367, 1351, 1359, 1356, 1355, 1363, 1353, 1352, 1356, 1359, 1368, 1331, 1366, 1344, 1357, 1369, 1349, 1340, 1370, 1331, 1331, 1329, 1340, 1371, 1362, 1367, 1286, 1366, 1370, 1331, 1370, 1366, 1362, 1351, 1367, 1372, 1340, 1373, 1374, 1334, 1336, 1366, 1286, 1367, 1370, 1340, 1372, 1373, 1374, 1375, 1340, 1327, 1373, 1346, 1309, 1332, 1376, 1370, 1372, 1320, 1286, 1297, 1319, 1371, 1367, 1364, 1371, 1377, 1362, 1371, 1364, 1371, 1319, 1377, 1367, 1286, 1319, 1342, 1286, 1376, 1378, 1342, 1376, 1376, 1379, 1380, 1286, 1370, 1376, 1372, 1375, 1379, 1351, 1344, 1366, 1373, 1327, 1334, 1359, 1365, 1382, 1325, 1337, 1335, 1348, 1383, 1306, 1384, 1385, 1341, 1386, 1387, 1388, 1341, 1385, 1338, 1333, 1322, 1339, 1389, 1390, 1391, 1392, 1388, 1387, 1385, 1393, 1394, 1385, 1384, 1393, 1390, 1393, 1391, 1393, 1384, 1391, 1338, 1385, 1395, 1395, 1397, 1339, 1339, 1338, 1395, 1336, 1398, 1400, 1337, 1333, 1399, 1397, 1399, 1339, 1333, 1339, 1399, 1394, 1401, 1402, 1394, 1395, 1385, 1396, 1403, 1405, 1397, 1395, 1404, 1393, 1401, 1394, 1404, 1395, 1394, 1401, 1393, 1390, 1398, 1396, 1407, 1408, 1409, 1389, 1322, 1321, 1338, 1410, 1411, 1408, 1412, 1388, 1392, 1408, 1411, 1409, 1413, 1390, 1409, 1414, 1415, 1416, 1411, 1417, 1418, 1411, 1410, 1417, 1415, 1419, 1417, 1417, 1410, 1416, 1420, 1388, 1412, 1409, 1411, 1421, 1401, 1413, 1422, 1401, 1390, 1413, 1402, 1422, 1424, 1422, 1402, 1401, 1421, 1426, 1413, 1402, 1404, 1394, 1421, 1418, 1428, 1418, 1421, 1411, 1427, 1429, 1430, 1428, 1426, 1421, 1418, 1419, 1431, 1426, 1422, 1413, 1413, 1409, 1421, 1423, 1427, 1433, 1432, 1434, 1429, 1390, 1389, 1409, 1404, 1402, 1436, 1375, 1372, 1373, 1374, 1400, 1438, 1375, 1438, 1439, 1379, 1376, 1372, 1400, 1407, 1440, 1407, 1400, 1398, 1375, 1439, 1379, 1440, 1438, 1400, 1440, 1441, 1442, 1438, 1375, 1374, 1374, 1336, 1400, 1443, 1438, 1440, 1379, 1444, 1380, 1444, 1379, 1439, 1445, 1444, 1439, 1439, 1446, 1445, 1446, 1443, 1447, 1443, 1446, 1439, 1448, 1447, 1443, 1448, 1443, 1442, 1439, 1438, 1443, 1407, 1405, 1441, 1380, 1378, 1376, 1405, 1435, 1449, 1436, 1406, 1404, 1441, 1449, 1451, 1449, 1441, 1405, 1425, 1453, 1437, 1441, 1440, 1407, 1433, 1454, 1425, 1433, 1425, 1423, 1455, 1433, 1430, 1454, 1453, 1425, 1433, 1427, 1430, 1453, 1450, 1437, 1436, 1402, 1424, 1450, 1453, 1456, 1451, 1457, 1442, 1442, 1441, 1451, 1456, 1459, 1452, 1457, 1460, 1442, 1450, 1456, 1452, 1442, 1460, 1448, 1454, 1455, 1388, 1455, 1454, 1433, 1461, 1456, 1462, 1388, 1462, 1454, 1462, 1456, 1453, 1462, 1453, 1454, 1463, 1462, 1388, 1464, 1455, 1465, 1442, 1443, 1440, 1407, 1396, 1405, 1434, 1465, 1430, 1374, 1373, 1334, 1466, 1388, 1420, 1358, 1467, 1360, 1360, 1357, 1358, 1360, 1467, 1468, 1469, 1470, 1468, 1382, 1472, 1368, 1368, 1359, 1382, 1467, 1473, 1475, 1467, 1358, 1473, 1472, 1473, 1368, 1473, 1358, 1368, 1356, 1368, 1358, 1468, 1467, 1476, 1469, 1476, 1477, 1469, 1468, 1476, 1480, 1478, 1481, 1477, 1479, 1469, 1475, 1482, 1476, 1484, 1485, 1480, 1473, 1488, 1475, 1475, 1476, 1467, 1483, 1474, 1489, 1489, 1474, 1487, 1490, 1491, 1471, 1482, 1477, 1476, 1488, 1473, 1472, 1478, 1483, 1493, 1377, 1490, 1381, 1479, 1494, 1469, 1377, 1496, 1490, 1377, 1319, 1496, 1497, 1490, 1496, 1490, 1471, 1381, 1491, 1497, 1498, 1497, 1491, 1490, 1487, 1492, 1500, 1499, 1500, 1492, 1491, 1486, 1471, 1364, 1377, 1381, 1481, 1501, 1484, 1484, 1480, 1481, 1502, 1484, 1501, 1503, 1504, 1502, 1500, 1505, 1489, 1500, 1489, 1487, 1506, 1481, 1493, 1493, 1483, 1507, 1505, 1509, 1507, 1493, 1481, 1478, 1507, 1483, 1489, 1510, 1493, 1507, 1502, 1511, 1503, 1512, 1504, 1503, 1511, 1513, 1514, 1511, 1515, 1503, 1506, 1513, 1501, 1502, 1501, 1511, 1506, 1510, 1516, 1510, 1506, 1493, 1517, 1513, 1516, 1516, 1513, 1506, 1510, 1509, 1519, 1513, 1511, 1501, 1501, 1481, 1506, 1514, 1520, 1511, 1507, 1489, 1505, 1521, 1484, 1502, 1522, 1500, 1499, 1522, 1523, 1505, 1522, 1505, 1500, 1509, 1523, 1525, 1523, 1509, 1505, 1518, 1508, 1526, 1509, 1510, 1507, 1527, 1360, 1468, 1458, 1457, 1451, 1459, 1456, 1528, 1529, 1461, 1462, 1529, 1462, 1463, 1528, 1456, 1461, 1415, 1417, 1416, 1289, 1530, 1285, 1414, 1531, 1415, 1531, 1414, 1532, 1532, 1533, 1534, 1415, 1531, 1535, 1533, 1536, 1537, 1534, 1537, 1538, 1537, 1534, 1533, 1539, 1540, 1536, 1534, 1531, 1532, 1541, 1388, 1466, 1531, 1534, 1542, 1419, 1535, 1543, 1535, 1419, 1415, 1432, 1544, 1545, 1543, 1431, 1419, 1542, 1546, 1535, 1431, 1428, 1418, 1542, 1538, 1548, 1538, 1542, 1534, 1547, 1549, 1551, 1548, 1546, 1542, 1552, 1553, 1538, 1546, 1543, 1535, 1535, 1531, 1542, 1544, 1547, 1554, 1540, 1552, 1537, 1419, 1418, 1417, 1555, 1556, 1539, 1539, 1556, 1540, 1540, 1537, 1536, 1557, 1558, 1559, 1560, 1388, 1541, 1556, 1561, 1562, 1556, 1555, 1561, 1558, 1561, 1559, 1561, 1555, 1559, 1540, 1556, 1563, 1552, 1563, 1565, 1552, 1540, 1563, 1553, 1565, 1567, 1565, 1553, 1552, 1562, 1569, 1563, 1553, 1548, 1538, 1561, 1570, 1562, 1562, 1563, 1556, 1562, 1572, 1569, 1572, 1562, 1570, 1573, 1574, 1558, 1569, 1565, 1563, 1570, 1561, 1558, 1564, 1568, 1575, 1576, 1573, 1557, 1552, 1538, 1537, 1463, 1388, 1560, 1548, 1553, 1578, 1545, 1580, 1434, 1434, 1432, 1545, 1434, 1580, 1465, 1465, 1455, 1430, 1551, 1581, 1554, 1554, 1547, 1551, 1580, 1582, 1583, 1580, 1545, 1582, 1581, 1582, 1554, 1582, 1545, 1554, 1544, 1554, 1545, 1465, 1580, 1584, 1464, 1584, 1585, 1464, 1465, 1584, 1585, 1586, 1587, 1586, 1585, 1584, 1583, 1588, 1584, 1582, 1589, 1583, 1583, 1584, 1580, 1583, 1590, 1588, 1590, 1583, 1589, 1592, 1594, 1581, 1588, 1586, 1584, 1589, 1582, 1581, 1586, 1588, 1595, 1579, 1592, 1551, 1464, 1388, 1455, 1577, 1566, 1596, 1578, 1553, 1567, 1591, 1596, 1597, 1596, 1591, 1577, 1575, 1598, 1566, 1589, 1581, 1594, 1568, 1599, 1575, 1575, 1566, 1564, 1575, 1600, 1598, 1600, 1575, 1599, 1601, 1603, 1571, 1598, 1596, 1566, 1550, 1548, 1578, 1596, 1598, 1604, 1597, 1605, 1593, 1593, 1591, 1597, 1590, 1607, 1609, 1590, 1589, 1607, 1605, 1606, 1593, 1589, 1594, 1607, 1604, 1610, 1611, 1604, 1597, 1596, 1605, 1612, 1613, 1605, 1597, 1612, 1598, 1610, 1604, 1612, 1597, 1604, 1610, 1598, 1600, 1606, 1605, 1614, 1603, 1615, 1599, 1581, 1551, 1592, 1568, 1571, 1599, 1588, 1590, 1616, 1574, 1602, 1570, 1434, 1430, 1429, 1617, 1618, 1576, 1388, 1619, 1386, 1576, 1618, 1573, 1570, 1558, 1574, 1620, 1621, 1622, 1618, 1623, 1624, 1618, 1617, 1623, 1621, 1623, 1622, 1623, 1617, 1622, 1573, 1618, 1625, 1574, 1625, 1627, 1574, 1573, 1625, 1601, 1626, 1628, 1627, 1602, 1574, 1624, 1630, 1625, 1599, 1571, 1603, 1623, 1631, 1624, 1624, 1625, 1618, 1624, 1633, 1630, 1633, 1624, 1631, 1634, 1635, 1621, 1630, 1627, 1625, 1631, 1623, 1621, 1626, 1629, 1636, 1637, 1634, 1620, 1572, 1570, 1602, 1638, 1639, 1637, 1464, 1619, 1388, 1637, 1639, 1634, 1631, 1621, 1635, 1640, 1530, 1641, 1639, 1642, 1643, 1639, 1638, 1642, 1530, 1642, 1641, 1642, 1638, 1641, 1508, 1524, 1526, 1634, 1639, 1644, 1644, 1646, 1635, 1635, 1634, 1644, 1633, 1647, 1650, 1633, 1631, 1647, 1646, 1647, 1635, 1631, 1635, 1647, 1642, 1291, 1643, 1643, 1644, 1639, 1316, 1643, 1291, 1652, 1646, 1644, 1530, 1289, 1291, 1652, 1644, 1643, 1291, 1642, 1530, 1647, 1646, 1654, 1640, 1285, 1530, 1621, 1620, 1634, 1629, 1632, 1655, 1628, 1657, 1603, 1603, 1601, 1628, 1603, 1657, 1615, 1658, 1600, 1615, 1655, 1659, 1636, 1636, 1629, 1655, 1657, 1660, 1661, 1657, 1628, 1660, 1659, 1662, 1660, 1660, 1628, 1636, 1626, 1636, 1628, 1615, 1657, 1663, 1610, 1658, 1664, 1610, 1600, 1658, 1611, 1664, 1665, 1664, 1611, 1610, 1663, 1666, 1658, 1611, 1612, 1604, 1663, 1661, 1667, 1661, 1663, 1657, 1666, 1667, 1668, 1667, 1666, 1663, 1661, 1662, 1669, 1666, 1664, 1658, 1658, 1615, 1663, 1664, 1666, 1670, 1660, 1636, 1659, 1599, 1615, 1600, 1653, 1671, 1648, 1650, 1647, 1654, 1659, 1673, 1675, 1659, 1655, 1673, 1648, 1671, 1672, 1673, 1655, 1649, 1651, 1315, 1307, 1316, 1652, 1643, 1676, 1653, 1677, 1307, 1677, 1651, 1315, 1301, 1307, 1677, 1653, 1645, 1656, 1633, 1650, 1383, 1677, 1307, 1659, 1675, 1662, 1672, 1671, 1678, 1680, 1662, 1675, 1674, 1672, 1678, 1676, 1681, 1671, 1661, 1669, 1667, 1676, 1383, 1350, 1383, 1676, 1677, 1682, 1678, 1681, 1350, 1681, 1676, 1383, 1348, 1350, 1681, 1678, 1671, 1671, 1653, 1676, 1683, 1674, 1678, 1307, 1306, 1383, 1662, 1661, 1660, 1677, 1645, 1651, 1369, 1681, 1350, 1291, 1290, 1316, 1558, 1557, 1573, 1519, 1516, 1510, 1612, 1611, 1684, 1685, 1686, 1687, 1685, 1687, 1688, 1595, 1689, 1685, 1595, 1685, 1586, 1690, 1595, 1616, 1689, 1686, 1685, 1595, 1588, 1616, 1590, 1609, 1616, 1686, 1692, 1694, 1692, 1696, 1698, 1693, 1691, 1699, 1701, 1695, 1702, 1701, 1697, 1695, 1703, 1705, 1692, 1698, 1700, 1692, 1690, 1707, 1689, 1690, 1689, 1595, 1705, 1696, 1692, 1709, 1703, 1707, 1689, 1707, 1703, 1703, 1692, 1686, 1689, 1703, 1686, 1695, 1704, 1710, 1609, 1712, 1616, 1694, 1713, 1686, 1614, 1714, 1608, 1614, 1608, 1606, 1608, 1714, 1711, 1717, 1690, 1712, 1684, 1718, 1613, 1684, 1613, 1612, 1714, 1719, 1720, 1714, 1614, 1719, 1718, 1719, 1613, 1719, 1614, 1613, 1614, 1605, 1613, 1711, 1714, 1722, 1706, 1715, 1723, 1690, 1717, 1707, 1708, 1723, 1724, 1723, 1708, 1706, 1721, 1725, 1715, 1709, 1705, 1703, 1714, 1720, 1722, 1722, 1716, 1711, 1728, 1722, 1720, 1720, 1719, 1729, 1730, 1731, 1718, 1715, 1725, 1723, 1719, 1718, 1729, 1733, 1720, 1729, 1665, 1730, 1684, 1690, 1616, 1712, 1586, 1685, 1587, 1704, 1708, 1734, 1735, 1736, 1737, 1738, 1739, 1735, 1702, 1737, 1736, 1737, 1695, 1710, 1740, 1737, 1710, 1734, 1710, 1704, 1737, 1702, 1695, 1738, 1735, 1737, 1741, 1710, 1734, 1742, 1743, 1744, 1738, 1743, 1739, 1744, 1745, 1742, 1744, 1743, 1738, 1741, 1746, 1740, 1741, 1740, 1710, 1744, 1747, 1748, 1744, 1738, 1747, 1746, 1747, 1740, 1747, 1738, 1740, 1738, 1737, 1740, 1749, 1747, 1746, 1724, 1750, 1734, 1723, 1751, 1724, 1724, 1734, 1708, 1750, 1724, 1752, 1752, 1724, 1751, 1727, 1753, 1725, 1754, 1741, 1750, 1727, 1732, 1755, 1733, 1728, 1720, 1756, 1751, 1753, 1755, 1753, 1727, 1757, 1759, 1732, 1753, 1751, 1725, 1726, 1722, 1728, 1760, 1753, 1755, 1754, 1746, 1741, 1750, 1752, 1761, 1754, 1761, 1762, 1754, 1750, 1761, 1756, 1763, 1752, 1746, 1754, 1764, 1756, 1760, 1765, 1760, 1756, 1753, 1763, 1765, 1766, 1765, 1763, 1756, 1767, 1768, 1760, 1763, 1761, 1752, 1752, 1751, 1756, 1761, 1763, 1769, 1759, 1767, 1755, 1741, 1734, 1750, 1725, 1751, 1723, 1770, 1765, 1768, 1731, 1758, 1729, 1670, 1771, 1665, 1665, 1664, 1670, 1730, 1665, 1771, 1730, 1718, 1684, 1680, 1773, 1669, 1680, 1669, 1662, 1774, 1670, 1668, 1668, 1667, 1775, 1773, 1777, 1775, 1668, 1670, 1666, 1684, 1611, 1665, 1778, 1668, 1775, 1730, 1779, 1731, 1779, 1730, 1771, 1758, 1731, 1781, 1781, 1731, 1779, 1774, 1782, 1771, 1758, 1733, 1729, 1774, 1778, 1784, 1778, 1774, 1668, 1786, 1779, 1782, 1784, 1782, 1774, 1778, 1777, 1789, 1782, 1779, 1771, 1771, 1670, 1774, 1784, 1791, 1782, 1775, 1669, 1773, 1731, 1729, 1718, 1679, 1792, 1772, 1792, 1679, 1683, 1683, 1682, 1793, 1772, 1792, 1794, 1682, 1369, 1361, 1369, 1682, 1681, 1793, 1361, 1527, 1361, 1793, 1682, 1369, 1357, 1361, 1793, 1792, 1683, 1683, 1678, 1682, 1792, 1793, 1795, 1776, 1794, 1796, 1794, 1776, 1772, 1798, 1783, 1788, 1796, 1787, 1776, 1795, 1799, 1794, 1789, 1784, 1778, 1795, 1527, 1470, 1527, 1795, 1793, 1800, 1796, 1799, 1470, 1799, 1795, 1527, 1468, 1470, 1799, 1796, 1794, 1794, 1792, 1795, 1803, 1788, 1797, 1361, 1360, 1527, 1777, 1778, 1775, 1679, 1674, 1683, 1494, 1799, 1470, 1757, 1804, 1759, 1804, 1757, 1780, 1780, 1785, 1805, 1759, 1804, 1806, 1785, 1790, 1807, 1791, 1786, 1782, 1805, 1807, 1808, 1807, 1805, 1785, 1798, 1809, 1790, 1805, 1804, 1780, 1781, 1779, 1786, 1804, 1805, 1810, 1767, 1806, 1811, 1806, 1767, 1759, 1811, 1768, 1767, 1810, 1812, 1806, 1768, 1765, 1760, 1810, 1808, 1813, 1808, 1810, 1805, 1814, 1811, 1812, 1813, 1812, 1810, 1815, 1816, 1808, 1812, 1811, 1806, 1806, 1804, 1810, 1817, 1768, 1811, 1809, 1815, 1807, 1767, 1760, 1755, 1798, 1803, 1818, 1803, 1798, 1788, 1809, 1818, 1819, 1818, 1809, 1798, 1801, 1820, 1803, 1809, 1807, 1790, 1801, 1495, 1485, 1494, 1800, 1799, 1820, 1485, 1521, 1485, 1820, 1801, 1495, 1480, 1485, 1820, 1818, 1803, 1802, 1796, 1800, 1818, 1820, 1821, 1815, 1819, 1822, 1819, 1815, 1809, 1823, 1813, 1816, 1822, 1816, 1815, 1821, 1824, 1819, 1816, 1813, 1808, 1821, 1521, 1504, 1521, 1821, 1820, 1825, 1822, 1824, 1504, 1824, 1821, 1521, 1502, 1504, 1824, 1822, 1819, 1819, 1818, 1821, 1826, 1816, 1822, 1485, 1484, 1521, 1815, 1808, 1807, 1790, 1783, 1798, 1827, 1812, 1813, 1470, 1469, 1494, 1759, 1755, 1732, 1669, 1775, 1667, 1828, 1824, 1504, 1350, 1349, 1369, 1619, 1464, 1585, 1516, 1519, 1517, 1517, 1514, 1513, 1286, 1829, 1287, 1286, 1830, 1829, 1286, 1831, 1830, 1286, 1832, 1831, 1343, 1832, 1286, 1833, 1834, 1835, 1836, 1835, 1837, 1833, 1838, 1834, 1835, 1836, 1833, 1839, 1840, 1838, 1840, 1834, 1838, 1841, 1842, 1843, 1844, 1846, 1847, 1848, 1849, 1850, 1851, 1850, 1845, 1847, 1839, 1844, 1850, 1851, 1848, 1849, 1848, 1841, 1852, 1846, 1844, 1841, 1843, 1849, 1840, 1839, 1847, 1853, 1854, 1855, 1856, 1853, 1857, 1855, 1857, 1853, 1858, 1859, 1860, 1853, 1856, 1858, 1859, 1858, 1856, 1861, 1862, 1863, 1862, 1861, 1864, 1865, 1866, 1867, 1867, 1868, 1865, 1869, 1870, 1871, 1870, 1869, 1872, 1871, 1873, 1869, 1869, 1873, 1874, 1875, 1876, 1877, 1872, 1869, 1878, 1877, 1878, 1875, 1878, 1869, 1875, 1874, 1879, 1880, 1880, 1881, 1882, 1881, 1880, 1879, 1880, 1882, 1883, 1874, 1880, 1869, 1884, 1885, 1880, 1886, 1887, 1885, 1888, 1885, 1887, 1886, 1885, 1884, 1884, 1880, 1883, 1876, 1875, 1889, 1890, 1889, 1875, 1891, 1875, 1892, 1890, 1875, 1891, 1893, 1894, 1895, 1894, 1893, 1892, 1896, 1895, 1894, 1897, 1896, 1894, 1894, 1898, 1897, 1875, 1894, 1892, 1899, 1900, 1901, 1902, 1903, 1885, 1888, 1902, 1885, 1901, 1885, 1899, 1904, 1898, 1901, 1905, 1906, 1901, 1901, 1906, 1904, 1905, 1901, 1900, 1898, 1894, 1901, 1899, 1885, 1903, 1907, 1908, 1909, 1908, 1907, 1910, 1911, 1912, 1913, 1914, 1915, 1916, 1912, 1914, 1916, 1917, 1918, 1919, 1920, 1921, 1922, 1923, 1920, 1924, 1917, 1925, 1921, 1911, 1926, 1918, 1927, 1928, 1916, 1916, 1929, 1930, 1929, 1916, 1928, 1927, 1916, 1915, 1931, 1932, 1930, 1933, 1934, 1930, 1930, 1934, 1931, 1933, 1930, 1929, 1932, 1923, 1930, 1923, 1935, 1930, 1912, 1916, 1936, 1936, 1937, 1938, 1937, 1936, 1939, 1938, 1940, 1936, 1936, 1940, 1913, 1936, 1941, 1939, 1941, 1936, 1942, 1943, 1941, 1942, 1944, 1943, 1942, 1942, 1945, 1944, 1913, 1926, 1911, 1919, 1925, 1917, 1926, 1919, 1918, 1946, 1945, 1942, 1924, 1935, 1923, 1922, 1924, 1920, 1946, 1942, 1935, 1925, 1922, 1921, 1942, 1930, 1935, 1936, 1913, 1912, 1947, 1948, 1949, 1950, 1949, 1948, 1951, 1952, 1953, 1954, 1955, 1956, 1954, 1957, 1958, 1952, 1959, 1960, 1958, 1957, 1961, 1955, 1954, 1958, 1952, 1951, 1959, 1962, 1963, 1964, 1964, 1965, 1962, 1951, 1966, 1959, 1964, 1967, 1965, 1953, 1968, 1951, 1966, 1969, 1959, 1970, 1967, 1964, 1971, 1960, 1959, 1972, 1973, 1974, 1971, 1959, 1974, 1975, 1976, 1977, 1955, 1958, 1977, 1975, 1978, 1972, 1978, 1979, 1972, 1976, 1975, 1972, 1977, 1976, 1955, 1972, 1979, 1973, 1959, 1969, 1980, 1981, 1964, 1982, 1983, 1972, 1984, 1983, 1985, 1982, 1984, 1985, 1983, 1982, 1964, 1983, 1983, 1976, 1972, 1972, 1974, 1959, 1970, 1964, 1981, 1958, 1961, 1986, 1987, 1988, 1989, 1990, 1989, 1988, 1991, 1992, 1993, 1993, 1994, 1991, 1995, 1996, 1997, 1997, 1998, 1995, 1999, 2000, 2001, 2001, 2002, 1999, 2003, 2004, 2005, 2006, 2004, 2007, 2008, 2003, 2005, 2003, 2008, 2009, 2010, 2007, 2011, 2008, 2012, 2013, 2008, 2013, 2014, 2015, 2016, 2012, 2006, 2005, 2004, 2014, 2009, 2008, 2017, 2018, 2008, 2019, 2020, 2017, 2018, 2017, 2020, 2005, 2017, 2008, 2021, 2015, 2022, 2023, 2019, 2024, 2024, 2019, 2017, 2015, 2012, 2008, 2025, 2023, 2024, 2026, 2007, 2010, 2027, 2028, 2015, 2029, 2006, 2030, 2007, 2026, 2030, 2031, 2032, 2027, 2007, 2030, 2006, 2027, 2015, 2031, 2021, 2033, 2015, 2024, 2034, 2035, 2033, 2031, 2015, 2024, 2036, 2037, 2037, 2034, 2024, 2031, 2038, 2032, 2025, 2024, 2035, 2028, 2016, 2015, 2039, 2041, 2043, 2044, 2045, 2046, 2044, 2046, 2042, 2048, 2050, 2051, 2052, 2053, 2054, 2055, 2054, 2049, 2056, 2051, 2045, 2045, 2044, 2056, 2043, 2057, 2039, 2042, 2040, 2044, 2051, 2058, 2048, 2054, 2055, 2052, 2055, 2049, 2047, 2058, 2051, 2056, 2052, 2059, 2053, 2060, 2057, 2043, 2062, 2064, 2065, 2066, 2067, 2068, 2069, 2068, 2063, 2070, 2072, 2074, 2075, 2060, 2076, 2071, 2076, 2073, 2077, 2074, 2067, 2063, 2061, 2069, 2068, 2069, 2066, 2062, 2065, 2059, 2074, 2077, 2070, 2067, 2066, 2077, 2071, 2075, 2076, 2075, 2078, 2060, 2078, 2057, 2060, 2053, 2059, 2065, 2079, 2080, 2082, 2083, 2084, 2085, 2087, 2085, 2081, 2089, 2091, 2092, 2093, 2094, 2095, 2096, 2095, 2090, 2097, 2092, 2084, 2084, 2083, 2098, 2080, 2079, 2086, 2085, 2087, 2083, 2092, 2097, 2089, 2095, 2096, 2093, 2096, 2090, 2088, 2097, 2084, 2098, 2093, 2099, 2094, 2100, 2079, 2082, 2102, 2103, 2105, 2106, 2107, 2108, 2108, 2101, 2109, 2110, 2111, 2113, 2114, 2115, 2116, 2118, 2115, 2112, 2106, 2113, 2107, 2101, 2104, 2109, 2108, 2109, 2106, 2105, 2103, 2099, 2111, 2110, 2117, 2113, 2106, 2110, 2118, 2116, 2115, 2116, 2100, 2114, 2100, 2082, 2114, 2094, 2099, 2103, 2119, 2120, 2121, 2122, 2123, 2124, 2125, 2124, 2120, 2127, 2128, 2130, 2131, 2132, 2133, 2134, 2133, 2128, 2135, 2129, 2123, 2136, 2137, 2138, 2139, 2140, 2141, 2142, 2141, 2137, 2143, 2144, 2146, 2147, 2148, 2149, 2150, 2149, 2144, 2151, 2145, 2140, 2153, 2138, 2132, 2122, 2135, 2123, 2135, 2126, 2129, 2124, 2125, 2122, 2133, 2134, 2131, 2132, 2131, 2153, 2128, 2127, 2134, 2125, 2120, 2119, 2151, 2140, 2139, 2143, 2146, 2152, 2142, 2139, 2141, 2154, 2138, 2153, 2154, 2136, 2138, 2136, 2142, 2137, 2144, 2143, 2150, 2147, 2149, 2150, 2147, 2155, 2148, 2156, 2119, 2121, 2157, 2158, 2159, 2160, 2161, 2162, 2163, 2162, 2158, 2164, 2165, 2167, 2168, 2169, 2170, 2171, 2170, 2165, 2172, 2166, 2161, 2174, 2175, 2176, 2177, 2178, 2179, 2180, 2179, 2175, 2182, 2183, 2185, 2186, 2187, 2188, 2189, 2188, 2183, 2190, 2184, 2178, 2174, 2176, 2169, 2167, 2173, 2164, 2170, 2171, 2168, 2171, 2165, 2164, 2159, 2155, 2157, 2162, 2163, 2160, 2163, 2158, 2157, 2161, 2160, 2172, 2175, 2174, 2180, 2178, 2177, 2190, 2177, 2179, 2180, 2183, 2182, 2189, 2187, 2186, 2156, 2186, 2188, 2189, 2181, 2184, 2190, 2174, 2169, 2168, 2156, 2121, 2187, 2148, 2155, 2159, 2191, 2193, 2194, 2196, 2195, 2197, 2198, 2193, 2199, 2200, 2201, 2198, 2202, 2203, 2204, 2205, 2204, 2207, 2201, 2208, 2206, 2193, 2210, 2199, 2195, 2196, 2192, 2193, 2191, 2210, 2201, 2200, 2208, 2204, 2205, 2202, 2205, 2207, 2209, 2200, 2198, 2199, 2202, 2211, 2203, 2212, 2196, 2197, 2213, 2215, 2217, 2218, 2219, 2220, 2221, 2220, 2216, 2223, 2225, 2226, 2227, 2212, 2228, 2222, 2228, 2224, 2229, 2226, 2219, 2216, 2214, 2221, 2220, 2221, 2218, 2213, 2217, 2211, 2226, 2229, 2223, 2219, 2218, 2229, 2222, 2227, 2228, 2227, 2230, 2212, 2230, 2196, 2212, 2203, 2211, 2217, 2231, 2233, 2234, 2235, 2236, 2237, 2238, 2237, 2232, 2240, 2242, 2244, 2245, 2246, 2247, 2248, 2247, 2243, 2249, 2244, 2236, 2236, 2235, 2249, 2233, 2231, 2239, 2237, 2238, 2235, 2244, 2250, 2240, 2247, 2248, 2245, 2248, 2243, 2241, 2250, 2244, 2249, 2245, 2251, 2246, 2252, 2231, 2234, 2251, 2253, 2255, 2256, 2257, 2258, 2260, 2258, 2254, 2261, 2263, 2264, 2265, 2266, 2267, 2268, 2267, 2262, 2261, 2264, 2257, 2258, 2260, 2256, 2257, 2256, 2270, 2259, 2253, 2251, 2263, 2261, 2269, 2257, 2270, 2261, 2268, 2265, 2267, 2265, 2252, 2266, 2252, 2234, 2266, 2246, 2251, 2255, 2271, 2272, 2273, 2273, 2274, 2271, 2275, 2276, 2277, 2278, 2279, 2280, 2276, 2278, 2280, 2281, 2282, 2283, 2284, 2285, 2286, 2287, 2284, 2288, 2281, 2289, 2285, 2275, 2290, 2282, 2291, 2292, 2280, 2280, 2293, 2294, 2293, 2280, 2292, 2291, 2280, 2279, 2295, 2296, 2294, 2297, 2298, 2294, 2294, 2298, 2295, 2297, 2294, 2293, 2296, 2287, 2294, 2287, 2299, 2294, 2276, 2280, 2300, 2300, 2301, 2302, 2301, 2300, 2303, 2302, 2304, 2300, 2300, 2304, 2277, 2300, 2305, 2303, 2305, 2300, 2306, 2307, 2305, 2306, 2308, 2307, 2306, 2306, 2309, 2308, 2277, 2290, 2275, 2283, 2289, 2281, 2290, 2283, 2282, 2310, 2309, 2306, 2288, 2299, 2287, 2286, 2288, 2284, 2310, 2306, 2299, 2289, 2286, 2285, 2306, 2294, 2299, 2300, 2277, 2276, 2311, 2312, 2313, 2312, 2311, 2314, 2315, 2316, 2317, 2317, 2318, 2315, 2319, 2320, 2321, 2322, 2321, 2320, 2323, 2320, 2319, 2324, 2325, 2323, 2325, 2320, 2323, 2320, 2325, 2326, 2327, 2328, 2322, 2320, 2326, 2322, 2329, 2326, 2325, 2322, 2328, 2321, 2330, 2331, 2328, 2332, 2321, 2328, 2333, 2334, 2335, 2333, 2332, 2331, 2328, 2331, 2332, 2336, 2333, 2331, 2337, 2330, 2327, 2330, 2328, 2327, 2338, 2339, 2335, 2331, 2330, 2336, 2333, 2336, 2334, 2340, 2336, 2330, 2333, 2335, 2332, 2322, 2326, 2327, 2332, 2335, 2339, 2341, 2327, 2326, 2342, 2329, 2325, 2341, 2326, 2329, 2344, 2329, 2342, 2346, 2342, 2324, 2347, 2348, 2345, 2349, 2342, 2346, 2344, 2351, 2329, 2342, 2349, 2344, 2341, 2329, 2351, 2352, 2343, 2348, 2325, 2324, 2342, 2353, 2340, 2337, 2340, 2330, 2337, 2336, 2340, 2355, 2338, 2334, 2356, 2337, 2327, 2341, 2357, 2355, 2340, 2360, 2362, 2351, 2362, 2341, 2351, 2363, 2358, 2354, 2340, 2353, 2357, 2353, 2337, 2362, 2364, 2353, 2362, 2366, 2356, 2355, 2337, 2341, 2362, 2334, 2336, 2355, 2368, 2350, 2343, 2338, 2335, 2334, 2370, 2371, 2372, 2339, 2372, 2373, 2372, 2371, 2373, 2374, 2375, 2371, 2376, 2377, 2338, 2377, 2339, 2338, 2378, 2374, 2370, 2371, 2370, 2374, 2370, 2372, 2377, 2379, 2370, 2377, 2374, 2380, 2375, 2372, 2339, 2377, 2381, 2380, 2374, 2375, 2380, 2382, 2373, 2375, 2382, 2383, 2376, 2356, 2376, 2338, 2356, 2379, 2377, 2376, 2385, 2379, 2376, 2387, 2384, 2367, 2383, 2356, 2366, 2388, 2379, 2385, 2376, 2383, 2385, 2378, 2379, 2388, 2390, 2386, 2384, 2379, 2378, 2370, 2355, 2357, 2366, 2381, 2374, 2378, 2378, 2391, 2381, 2391, 2378, 2388, 2334, 2355, 2356, 2393, 2367, 2358, 2394, 2352, 2348, 2368, 2343, 2352, 2395, 2352, 2394, 2396, 2394, 2347, 2397, 2398, 2396, 2398, 2394, 2396, 2395, 2399, 2352, 2394, 2398, 2395, 2368, 2352, 2399, 2400, 2395, 2398, 2369, 2360, 2351, 2401, 2365, 2361, 2362, 2360, 2364, 2363, 2402, 2393, 2358, 2363, 2393, 2363, 2354, 2365, 2403, 2363, 2365, 2404, 2406, 2399, 2406, 2368, 2399, 2408, 2403, 2401, 2365, 2401, 2403, 2401, 2361, 2407, 2409, 2401, 2407, 2363, 2403, 2402, 2359, 2368, 2406, 2347, 2394, 2348, 2410, 2399, 2395, 2411, 2400, 2398, 2410, 2395, 2400, 2412, 2400, 2411, 2413, 2411, 2397, 2412, 2411, 2413, 2414, 2410, 2416, 2400, 2412, 2416, 2400, 2416, 2410, 2398, 2397, 2411, 2415, 2409, 2405, 2409, 2407, 2405, 2408, 2417, 2403, 2401, 2409, 2408, 2404, 2399, 2410, 2418, 2408, 2409, 2418, 2409, 2415, 2419, 2417, 2420, 2408, 2418, 2420, 2408, 2420, 2417, 2402, 2421, 2422, 2410, 2414, 2404, 2417, 2402, 2403, 2393, 2422, 2387, 2390, 2384, 2387, 2367, 2393, 2387, 2423, 2392, 2389, 2423, 2389, 2424, 2425, 2387, 2422, 2390, 2387, 2425, 2426, 2424, 2390, 2423, 2424, 2427, 2390, 2424, 2386, 2424, 2426, 2427, 2393, 2402, 2422, 2428, 2422, 2421, 2425, 2422, 2428, 2429, 2426, 2425, 2430, 2427, 2426, 2426, 2390, 2425, 2426, 2429, 2430, 2431, 2428, 2419, 2421, 2419, 2428, 2429, 2431, 2432, 2428, 2431, 2429, 2429, 2425, 2428, 2432, 2430, 2429, 2417, 2419, 2421, 2402, 2417, 2421, 2424, 2389, 2386, 2375, 2373, 2371, 2339, 2373, 2332, 2433, 2434, 2435, 2433, 2436, 2434, 2435, 2434, 2437, 2438, 2440, 2441, 2437, 2434, 2439, 2443, 2439, 2434, 2445, 2446, 2448, 2445, 2443, 2434, 2440, 2444, 2450, 2445, 2434, 2436, 2452, 2446, 2453, 2445, 2436, 2446, 2453, 2454, 2456, 2457, 2454, 2458, 2458, 2453, 2446, 2457, 2460, 2454, 2447, 2451, 2461, 2448, 2446, 2452, 2455, 2459, 2462, 2456, 2452, 2453, 2460, 2456, 2454, 2451, 2455, 2462, 2448, 2443, 2445, 2453, 2458, 2454, 2442, 2447, 2463, 2464, 2465, 2441, 2464, 2441, 2466, 2450, 2466, 2440, 2441, 2440, 2466, 2467, 2466, 2450, 2467, 2464, 2466, 2468, 2469, 2449, 2467, 2450, 2470, 2449, 2463, 2468, 2471, 2463, 2461, 2461, 2463, 2447, 2461, 2462, 2472, 2473, 2462, 2459, 2461, 2451, 2462, 2473, 2474, 2462, 2475, 2471, 2461, 2474, 2472, 2462, 2475, 2461, 2472, 2463, 2471, 2468, 2449, 2442, 2463, 2436, 2458, 2446, 2476, 2477, 2478, 2479, 2478, 2480, 2479, 2476, 2478, 2480, 2481, 2479, 2476, 2482, 2477, 2482, 2483, 2477, 2484, 2485, 2486, 2488, 2490, 2491, 2484, 2492, 2493, 2494, 2493, 2489, 2495, 2483, 2482, 2489, 2487, 2494, 2493, 2494, 2484, 2488, 2491, 2495, 2484, 2486, 2492, 2491, 2483, 2495, 2496, 2497, 2498, 2499, 2496, 2472, 2496, 2498, 2472, 2472, 2474, 2499, 2497, 2471, 2498, 2497, 2500, 2471, 2501, 2465, 2464, 2502, 2503, 2469, 2505, 2506, 2464, 2504, 2505, 2467, 2471, 2500, 2468, 2467, 2470, 2504, 2464, 2467, 2505, 2468, 2502, 2469, 2506, 2501, 2464, 2468, 2500, 2502, 2507, 2508, 2509, 2510, 2511, 2512, 2513, 2508, 2507, 2514, 2512, 2515, 2511, 2515, 2512, 2513, 2514, 2515, 2513, 2515, 2508, 2510, 2516, 2511, 2517, 2518, 2519, 2519, 2520, 2517, 2521, 2520, 2519, 2522, 2516, 2523, 2510, 2523, 2516, 2522, 2523, 2524, 2520, 2521, 2524, 2521, 2522, 2524, 2525, 2526, 2527, 2528, 2529, 2530, 2531, 2526, 2525, 2532, 2530, 2533, 2529, 2533, 2530, 2531, 2532, 2533, 2531, 2533, 2526, 2528, 2534, 2529, 2535, 2536, 2537, 2537, 2538, 2535, 2539, 2538, 2537, 2540, 2534, 2541, 2528, 2541, 2534, 2540, 2541, 2542, 2538, 2539, 2542, 2539, 2540, 2542, 2543, 2544, 2545, 2546, 2543, 2547, 2543, 2545, 2547, 2547, 2548, 2546, 2544, 2549, 2545, 2544, 2550, 2549, 2551, 2552, 2553, 2554, 2555, 2557, 2559, 2560, 2553, 2556, 2559, 2561, 2549, 2550, 2562, 2561, 2558, 2556, 2553, 2561, 2559, 2562, 2554, 2557, 2560, 2551, 2553, 2562, 2550, 2554, 2563, 2564, 2565, 2566, 2565, 2567, 2566, 2563, 2565, 2567, 2568, 2566, 2563, 2569, 2564, 2569, 2570, 2564, 2571, 2572, 2573, 2575, 2577, 2578, 2571, 2579, 2580, 2581, 2580, 2576, 2582, 2570, 2569, 2576, 2574, 2581, 2580, 2581, 2571, 2575, 2578, 2582, 2571, 2573, 2579, 2578, 2570, 2582, 2583, 2584, 2585, 2583, 2586, 2584, 2584, 2586, 2588, 2585, 2584, 2590, 2591, 2590, 2593, 2592, 2594, 2595, 2593, 2590, 2584, 2584, 2588, 2593, 2589, 2597, 2594, 2598, 2600, 2586, 2598, 2601, 2603, 2583, 2598, 2586, 2604, 2605, 2607, 2598, 2608, 2601, 2605, 2604, 2608, 2601, 2604, 2610, 2611, 2587, 2599, 2600, 2598, 2603, 2609, 2606, 2612, 2610, 2603, 2601, 2607, 2610, 2604, 2613, 2599, 2602, 2600, 2588, 2586, 2601, 2608, 2604, 2614, 2602, 2609, 2553, 2552, 2615, 2553, 2615, 2595, 2595, 2594, 2597, 2592, 2595, 2615, 2561, 2595, 2597, 2561, 2553, 2595, 2562, 2557, 2596, 2561, 2597, 2558, 2596, 2611, 2562, 2611, 2613, 2549, 2611, 2599, 2613, 2614, 2612, 2548, 2614, 2613, 2602, 2596, 2587, 2611, 2613, 2614, 2547, 2616, 2549, 2613, 2548, 2547, 2614, 2616, 2613, 2547, 2611, 2549, 2562, 2612, 2614, 2609, 2583, 2608, 2598, 2617, 2618, 2619, 2620, 2619, 2618, 2621, 2618, 2617, 2621, 2622, 2618, 2620, 2618, 2622, 2622, 2623, 2620, 2624, 2620, 2623, 2624, 2619, 2620, 2625, 2622, 2621, 2619, 2624, 2626, 2627, 2621, 2617, 2628, 2629, 2630, 2630, 2626, 2624, 2631, 2632, 2633, 2631, 2626, 2629, 2630, 2629, 2626, 2634, 2631, 2629, 2635, 2636, 2623, 2636, 2624, 2623, 2637, 2634, 2628, 2629, 2628, 2634, 2628, 2630, 2636, 2638, 2628, 2636, 2634, 2639, 2632, 2630, 2624, 2636, 2626, 2631, 2633, 2640, 2623, 2622, 2641, 2642, 2627, 2642, 2621, 2627, 2644, 2642, 2641, 2645, 2646, 2643, 2647, 2642, 2644, 2642, 2647, 2649, 2651, 2640, 2625, 2642, 2649, 2625, 2652, 2648, 2646, 2621, 2642, 2625, 2653, 2635, 2640, 2640, 2622, 2625, 2654, 2637, 2638, 2638, 2636, 2635, 2640, 2635, 2623, 2656, 2638, 2635, 2659, 2653, 2651, 2640, 2651, 2653, 2661, 2655, 2657, 2638, 2656, 2654, 2656, 2635, 2653, 2662, 2656, 2653, 2664, 2639, 2637, 2625, 2649, 2651, 2638, 2637, 2628, 2666, 2650, 2648, 2632, 2631, 2634, 2668, 2669, 2670, 2670, 2671, 2633, 2669, 2671, 2670, 2672, 2673, 2669, 2674, 2675, 2632, 2675, 2633, 2632, 2676, 2672, 2668, 2669, 2668, 2672, 2668, 2670, 2675, 2677, 2668, 2675, 2678, 2673, 2672, 2670, 2633, 2675, 2679, 2673, 2678, 2679, 2671, 2673, 2680, 2674, 2639, 2674, 2632, 2639, 2677, 2675, 2674, 2682, 2677, 2674, 2684, 2681, 2665, 2680, 2639, 2664, 2685, 2677, 2682, 2674, 2680, 2682, 2676, 2677, 2685, 2687, 2683, 2681, 2677, 2676, 2668, 2637, 2654, 2664, 2676, 2688, 2690, 2678, 2676, 2690, 2678, 2672, 2676, 2688, 2676, 2685, 2634, 2637, 2639, 2691, 2665, 2655, 2692, 2652, 2646, 2666, 2648, 2652, 2693, 2652, 2692, 2694, 2692, 2645, 2695, 2696, 2694, 2696, 2692, 2694, 2693, 2697, 2652, 2692, 2696, 2693, 2666, 2652, 2697, 2698, 2693, 2696, 2667, 2659, 2651, 2699, 2663, 2660, 2653, 2659, 2662, 2661, 2700, 2691, 2655, 2661, 2691, 2661, 2657, 2663, 2701, 2661, 2663, 2702, 2704, 2697, 2704, 2666, 2697, 2706, 2701, 2699, 2663, 2699, 2701, 2699, 2660, 2705, 2707, 2699, 2705, 2661, 2701, 2700, 2658, 2666, 2704, 2645, 2692, 2646, 2708, 2697, 2693, 2709, 2698, 2696, 2708, 2693, 2698, 2571, 2698, 2709, 2710, 2709, 2695, 2571, 2709, 2710, 2574, 2708, 2581, 2698, 2571, 2581, 2698, 2581, 2708, 2696, 2695, 2709, 2575, 2707, 2703, 2707, 2705, 2703, 2706, 2711, 2701, 2699, 2707, 2706, 2702, 2697, 2708, 2582, 2706, 2707, 2582, 2707, 2575, 2712, 2711, 2569, 2706, 2582, 2569, 2706, 2569, 2711, 2700, 2713, 2714, 2708, 2574, 2702, 2711, 2700, 2701, 2691, 2714, 2684, 2687, 2681, 2684, 2665, 2691, 2684, 2715, 2689, 2686, 2715, 2686, 2716, 2717, 2684, 2714, 2687, 2684, 2717, 2718, 2716, 2687, 2715, 2716, 2719, 2687, 2716, 2683, 2716, 2718, 2719, 2691, 2700, 2714, 2720, 2714, 2713, 2717, 2714, 2720, 2721, 2718, 2717, 2722, 2719, 2718, 2718, 2687, 2717, 2718, 2721, 2722, 2566, 2720, 2712, 2713, 2712, 2720, 2721, 2566, 2568, 2720, 2566, 2721, 2721, 2717, 2720, 2568, 2722, 2721, 2711, 2712, 2713, 2700, 2711, 2713, 2716, 2686, 2683, 2673, 2671, 2669, 2633, 2671, 2626]
                uniform token subdivisionScheme = "none"
            }

            def Scope "Looks"
            {
                over "Diffuse" (
                    prepend specializes = </penholder_assembly/Looks/Diffuse>
                )
                {
                }
            }
        }

        def Xform "chuck" (
            kind = "component"
        )
        {
            def Mesh "Mesh" (
                prepend apiSchemas = ["MaterialBindingAPI"]
            )
            {
                float3[] extent = [(-3e-15, -15, 0), (25, 15, 15)]
                int[] faceVertexCounts = [3, 3, 3, 3, 3, 3, 3, 3, 3, 3, 3, 3, 3, 3, 3, 3, 3, 3, 3, 3, 3, 3, 3, 3, 3, 3, 3, 3, 3, 3, 3, 3, 3, 3, 3, 3, 3, 3, 3, 3, 3, 3, 3, 3, 3, 3, 3, 3, 3, 3, 3, 3, 3, 3, 3, 3, 3, 3, 3, 3, 3, 3, 3, 3, 3, 3, 3, 3, 3, 3, 3, 3, 3, 3, 3, 3, 3, 3, 3, 3, 3, 3, 3, 3, 3, 3, 3, 3, 3, 3, 3, 3, 3, 3, 3, 3, 3, 3, 3, 3, 3, 3, 3, 3, 3, 3, 3, 3, 3, 3, 3, 3, 3, 3, 3, 3, 3, 3, 3, 3, 3, 3, 3, 3, 3, 3, 3, 3, 3, 3, 3, 3, 3, 3, 3, 3, 3, 3, 3, 3, 3, 3, 3, 3, 3, 3, 3, 3, 3, 3, 3, 3, 3, 3, 3, 3, 3, 3, 3, 3, 3, 3, 3, 3, 3, 3, 3, 3, 3, 3, 3, 3, 3, 3, 3, 3, 3, 3, 3, 3, 3, 3, 3, 3, 3, 3, 3, 3, 3, 3, 3, 3, 3, 3, 3, 3, 3, 3, 3, 3, 3, 3, 3, 3, 3, 3, 3, 3, 3, 3, 3, 3, 3, 3, 3, 3, 3, 3, 3, 3, 3, 3, 3, 3, 3, 3, 3, 3, 3, 3, 3, 3, 3, 3, 3, 3, 3, 3, 3, 3, 3, 3, 3, 3, 3, 3, 3, 3, 3, 3, 3, 3, 3, 3, 3, 3, 3, 3, 3, 3, 3, 3, 3, 3, 3, 3, 3, 3, 3, 3, 3, 3, 3, 3, 3, 3, 3, 3, 3, 3, 3, 3, 3, 3, 3, 3, 3, 3, 3, 3, 3, 3, 3, 3, 3, 3, 3, 3, 3, 3, 3, 3, 3, 3, 3, 3, 3, 3, 3, 3, 3, 3, 3, 3, 3, 3, 3, 3, 3, 3, 3, 3, 3, 3, 3, 3, 3, 3, 3, 3, 3, 3, 3, 3, 3, 3, 3, 3, 3, 3, 3, 3, 3, 3, 3, 3, 3, 3, 3, 3, 3, 3, 3, 3, 3, 3, 3, 3, 3, 3, 3, 3, 3, 3, 3, 3, 3, 3, 3, 3, 3, 3, 3, 3, 3, 3, 3, 3, 3, 3, 3, 3, 3, 3, 3, 3, 3, 3, 3, 3, 3, 3, 3, 3, 3, 3, 3, 3, 3, 3, 3, 3, 3, 3, 3, 3, 3, 3, 3, 3, 3, 3, 3, 3, 3, 3, 3, 3, 3, 3, 3, 3, 3, 3, 3, 3, 3, 3, 3, 3, 3, 3, 3, 3, 3, 3, 3, 3, 3, 3, 3, 3, 3, 3, 3, 3, 3, 3, 3, 3, 3, 3, 3, 3, 3, 3, 3, 3, 3, 3, 3, 3, 3, 3, 3, 3, 3, 3, 3, 3, 3, 3, 3, 3, 3, 3, 3, 3, 3, 3, 3, 3, 3, 3, 3, 3, 3, 3, 3, 3, 3, 3, 3, 3, 3, 3, 3, 3, 3, 3, 3, 3, 3, 3, 3, 3, 3, 3, 3, 3, 3, 3, 3, 3, 3, 3, 3, 3, 3, 3, 3, 3, 3, 3, 3, 3, 3, 3, 3, 3, 3, 3, 3, 3, 3, 3, 3, 3, 3, 3, 3, 3, 3, 3, 3, 3, 3, 3, 3, 3, 3, 3, 3, 3, 3, 3, 3, 3, 3, 3, 3, 3, 3, 3, 3, 3, 3, 3, 3, 3, 3, 3, 3, 3, 3, 3, 3, 3, 3, 3, 3, 3, 3, 3, 3, 3, 3, 3, 3, 3, 3, 3, 3, 3, 3, 3, 3, 3, 3, 3, 3, 3, 3, 3, 3, 3, 3, 3, 3, 3, 3, 3, 3, 3, 3, 3, 3, 3, 3, 3, 3, 3, 3, 3, 3, 3, 3, 3, 3, 3, 3, 3, 3, 3, 3, 3, 3, 3, 3, 3, 3, 3, 3, 3, 3, 3, 3, 3, 3, 3, 3, 3, 3, 3, 3, 3, 3, 3, 3, 3, 3, 3, 3, 3, 3, 3, 3, 3, 3, 3, 3, 3, 3, 3, 3, 3, 3, 3, 3, 3, 3, 3, 3, 3, 3, 3, 3, 3, 3, 3, 3, 3, 3, 3, 3, 3, 3, 3, 3, 3, 3, 3, 3, 3, 3, 3, 3, 3, 3, 3, 3, 3, 3, 3, 3, 3, 3, 3, 3, 3, 3, 3, 3, 3, 3, 3, 3, 3, 3, 3, 3, 3, 3, 3, 3, 3, 3, 3, 3, 3, 3, 3, 3, 3, 3, 3, 3, 3, 3, 3, 3, 3, 3, 3, 3, 3, 3, 3, 3, 3, 3, 3, 3, 3, 3, 3, 3, 3, 3, 3, 3, 3, 3, 3, 3, 3, 3, 3, 3, 3, 3, 3, 3, 3, 3, 3, 3, 3, 3, 3, 3, 3, 3, 3, 3, 3, 3, 3, 3, 3, 3, 3, 3, 3, 3, 3, 3, 3, 3, 3, 3, 3, 3, 3, 3, 3, 3, 3, 3, 3, 3, 3, 3, 3, 3, 3, 3, 3, 3, 3, 3, 3, 3, 3, 3, 3, 3, 3, 3, 3, 3, 3, 3, 3, 3, 3, 3, 3, 3, 3, 3, 3, 3, 3, 3, 3, 3, 3, 3, 3, 3, 3, 3, 3, 3, 3, 3, 3, 3, 3, 3, 3, 3, 3, 3, 3, 3, 3, 3, 3, 3, 3, 3, 3, 3, 3, 3, 3, 3, 3, 3, 3, 3, 3, 3, 3, 3, 3]
                int[] faceVertexIndices = [0, 1, 2, 0, 2, 3, 0, 4, 5, 6, 7, 8, 7, 6, 9, 4, 0, 3, 10, 4, 8, 5, 11, 0, 12, 13, 0, 11, 12, 0, 14, 15, 4, 10, 14, 4, 5, 4, 15, 6, 8, 4, 0, 13, 16, 17, 18, 19, 19, 20, 21, 22, 18, 17, 23, 24, 25, 24, 26, 27, 27, 26, 22, 28, 29, 25, 30, 6, 31, 6, 30, 9, 32, 31, 6, 6, 21, 32, 33, 34, 35, 33, 36, 34, 6, 19, 21, 35, 21, 20, 28, 37, 29, 38, 34, 36, 16, 39, 40, 41, 42, 40, 39, 41, 40, 43, 44, 45, 46, 47, 45, 44, 46, 45, 42, 43, 40, 48, 40, 49, 50, 49, 40, 40, 45, 50, 51, 52, 53, 53, 52, 45, 51, 54, 52, 45, 40, 43, 47, 53, 45, 16, 40, 0, 55, 56, 52, 57, 52, 54, 52, 57, 55, 56, 58, 52, 59, 38, 60, 52, 58, 61, 58, 62, 63, 64, 62, 59, 61, 58, 63, 65, 66, 61, 67, 66, 65, 68, 69, 67, 70, 69, 68, 71, 70, 72, 73, 74, 71, 73, 75, 74, 60, 38, 36, 76, 77, 78, 23, 26, 24, 23, 25, 29, 76, 78, 79, 76, 80, 77, 81, 82, 83, 37, 80, 29, 79, 78, 82, 84, 85, 86, 87, 88, 86, 18, 22, 26, 20, 19, 18, 35, 20, 33, 89, 88, 87, 85, 84, 36, 90, 91, 92, 92, 81, 90, 91, 93, 92, 81, 79, 82, 94, 95, 96, 96, 93, 94, 94, 93, 91, 97, 79, 98, 99, 79, 100, 79, 97, 100, 79, 101, 102, 102, 103, 79, 79, 103, 98, 76, 79, 99, 83, 90, 81, 104, 84, 86, 63, 62, 64, 60, 36, 84, 72, 70, 68, 68, 67, 65, 88, 104, 86, 65, 61, 63, 105, 106, 107, 71, 72, 73, 105, 108, 109, 75, 73, 110, 107, 106, 110, 107, 108, 105, 111, 112, 109, 106, 75, 110, 64, 59, 60, 113, 114, 108, 108, 115, 116, 114, 115, 108, 117, 118, 108, 119, 108, 118, 117, 108, 116, 111, 109, 108, 111, 120, 121, 122, 121, 120, 120, 123, 122, 121, 112, 111, 123, 124, 125, 126, 125, 124, 123, 125, 122, 108, 107, 113, 80, 37, 77, 127, 128, 129, 129, 130, 127, 131, 132, 133, 131, 133, 134, 129, 128, 135, 136, 137, 135, 133, 132, 138, 135, 138, 136, 137, 129, 135, 138, 132, 136, 139, 140, 141, 142, 143, 144, 140, 142, 145, 146, 147, 148, 149, 150, 151, 150, 152, 151, 147, 149, 153, 143, 146, 148, 141, 140, 145, 144, 143, 148, 148, 147, 153, 142, 144, 145, 154, 155, 156, 151, 152, 157, 156, 157, 154, 155, 158, 156, 151, 153, 149, 157, 152, 154, 159, 160, 158, 161, 162, 163, 162, 164, 163, 160, 161, 165, 166, 167, 168, 169, 168, 170, 171, 172, 167, 173, 170, 174, 160, 165, 158, 171, 175, 164, 165, 161, 163, 163, 164, 175, 171, 176, 175, 176, 171, 167, 166, 168, 169, 169, 170, 173, 167, 166, 176, 174, 177, 173, 159, 158, 155, 178, 179, 180, 180, 181, 178, 182, 183, 184, 184, 185, 182, 184, 186, 185, 187, 184, 188, 189, 190, 186, 191, 185, 186, 192, 191, 186, 190, 192, 186, 186, 193, 189, 194, 195, 184, 196, 195, 197, 195, 198, 197, 188, 184, 183, 195, 194, 199, 187, 194, 184, 199, 200, 195, 201, 202, 195, 203, 201, 195, 200, 203, 195, 198, 195, 202, 204, 193, 205, 206, 207, 205, 204, 205, 207, 208, 205, 209, 205, 208, 206, 210, 209, 205, 211, 210, 205, 205, 212, 211, 193, 186, 205, 213, 214, 215, 216, 217, 215, 198, 216, 215, 213, 215, 217, 212, 205, 218, 219, 220, 215, 215, 220, 218, 219, 215, 214, 205, 215, 218, 198, 215, 197, 221, 222, 223, 221, 223, 224, 181, 180, 225, 226, 227, 225, 223, 222, 228, 225, 228, 226, 227, 181, 225, 228, 222, 226, 229, 230, 231, 229, 232, 230, 233, 234, 230, 232, 233, 230, 235, 236, 237, 238, 234, 233, 237, 238, 235, 237, 234, 238, 239, 240, 241, 241, 242, 239, 243, 244, 245, 246, 247, 248, 244, 246, 249, 245, 244, 249, 246, 248, 250, 250, 249, 246, 247, 251, 248, 247, 252, 251, 253, 254, 255, 256, 257, 258, 254, 256, 259, 252, 260, 251, 254, 259, 255, 255, 260, 253, 259, 256, 258, 260, 252, 253, 261, 262, 263, 264, 265, 266, 267, 263, 266, 268, 269, 264, 270, 271, 272, 271, 273, 272, 269, 270, 274, 264, 269, 275, 276, 262, 261, 267, 266, 265, 265, 264, 275, 263, 267, 261, 270, 272, 274, 274, 275, 269, 272, 273, 277, 278, 277, 279, 278, 279, 280, 273, 279, 277, 281, 282, 278, 283, 284, 285, 284, 286, 287, 281, 283, 282, 288, 289, 290, 291, 292, 293, 292, 294, 295, 289, 291, 293, 286, 288, 287, 282, 283, 285, 287, 288, 290, 290, 289, 293, 284, 287, 285, 296, 297, 298, 295, 294, 299, 298, 299, 296, 295, 293, 292, 299, 294, 296, 281, 278, 280, 300, 301, 302, 303, 304, 305, 306, 305, 301, 300, 302, 307, 306, 303, 305, 301, 300, 306, 303, 308, 304, 308, 309, 304, 310, 311, 312, 313, 314, 315, 316, 315, 311, 308, 317, 309, 310, 316, 311, 312, 317, 310, 313, 315, 316, 312, 309, 317, 318, 319, 320, 321, 322, 323, 319, 323, 324, 325, 324, 323, 326, 323, 327, 319, 324, 328, 326, 329, 323, 330, 325, 323, 331, 330, 323, 329, 331, 323, 323, 322, 327, 319, 332, 320, 318, 333, 319, 319, 333, 334, 319, 328, 332, 333, 335, 334, 336, 337, 334, 338, 336, 334, 335, 338, 334, 334, 337, 339, 340, 327, 341, 342, 343, 341, 340, 341, 343, 344, 341, 345, 341, 344, 342, 346, 345, 341, 347, 346, 341, 341, 348, 347, 327, 322, 341, 349, 350, 348, 351, 352, 348, 339, 351, 348, 349, 348, 352, 353, 354, 348, 355, 356, 348, 348, 356, 353, 355, 348, 350, 354, 347, 348, 339, 348, 334, 357, 358, 359, 360, 361, 362, 358, 360, 363, 364, 357, 359, 360, 362, 363, 363, 359, 358, 361, 365, 362, 361, 366, 365, 367, 368, 369, 370, 371, 372, 368, 370, 373, 365, 366, 374, 373, 369, 368, 372, 373, 370, 374, 367, 369, 374, 366, 367, 375, 376, 377, 378, 375, 377, 379, 380, 376, 375, 379, 376, 381, 382, 383, 384, 380, 379, 383, 384, 381, 383, 380, 384, 385, 386, 387, 388, 389, 390, 391, 390, 386, 385, 387, 392, 391, 388, 390, 386, 385, 391, 388, 393, 389, 393, 394, 389, 395, 396, 397, 398, 399, 400, 401, 400, 396, 402, 394, 393, 396, 395, 401, 400, 401, 398, 395, 397, 402, 397, 394, 402, 403, 404, 405, 406, 407, 408, 404, 406, 409, 410, 403, 405, 406, 408, 409, 409, 405, 404, 411, 407, 412, 411, 408, 407, 413, 414, 415, 416, 417, 418, 414, 416, 415, 411, 412, 419, 418, 415, 416, 420, 418, 417, 419, 413, 415, 419, 412, 413, 421, 422, 423, 424, 425, 426, 427, 426, 422, 428, 429, 430, 431, 432, 433, 434, 433, 429, 435, 430, 425, 421, 423, 436, 424, 426, 427, 421, 427, 422, 435, 428, 430, 425, 424, 435, 434, 429, 428, 431, 433, 434, 432, 431, 437, 432, 437, 438, 439, 436, 423, 440, 441, 442, 443, 444, 445, 446, 445, 441, 447, 448, 449, 439, 450, 451, 452, 451, 448, 453, 449, 444, 441, 440, 446, 440, 442, 454, 444, 443, 453, 448, 447, 452, 451, 452, 439, 447, 449, 453, 443, 445, 446, 439, 423, 450, 455, 456, 457, 457, 458, 455, 459, 460, 461, 462, 463, 464, 465, 464, 460, 466, 467, 468, 469, 470, 471, 472, 471, 467, 473, 468, 463, 459, 461, 474, 462, 464, 465, 459, 465, 460, 473, 466, 468, 463, 462, 473, 472, 467, 466, 469, 471, 472, 470, 469, 475, 470, 475, 476, 477, 478, 479, 480, 481, 482, 483, 482, 478, 484, 485, 486, 487, 488, 489, 490, 489, 485, 491, 486, 481, 492, 476, 475, 478, 477, 483, 477, 479, 492, 481, 480, 491, 485, 484, 490, 489, 490, 487, 484, 486, 491, 480, 482, 483, 479, 476, 492, 493, 494, 495, 495, 496, 493, 497, 498, 499, 499, 498, 500, 499, 501, 502, 501, 499, 500, 502, 501, 503, 504, 502, 503, 505, 506, 504, 507, 508, 509, 510, 511, 508, 509, 506, 512, 504, 503, 513, 506, 505, 512, 509, 512, 514, 507, 510, 508, 507, 509, 514, 510, 515, 511, 516, 517, 518, 519, 520, 517, 520, 521, 522, 523, 524, 522, 524, 525, 526, 527, 518, 515, 511, 515, 518, 505, 504, 513, 528, 529, 530, 531, 529, 532, 533, 534, 535, 536, 537, 534, 538, 530, 537, 539, 540, 541, 542, 540, 543, 544, 545, 546, 542, 547, 540, 541, 540, 547, 543, 531, 542, 543, 529, 531, 535, 548, 549, 550, 551, 552, 553, 548, 551, 554, 555, 556, 526, 525, 556, 552, 555, 557, 558, 549, 548, 538, 528, 530, 532, 529, 528, 536, 534, 533, 537, 536, 559, 538, 537, 559, 533, 535, 549, 553, 558, 548, 527, 516, 518, 560, 561, 562, 519, 517, 563, 561, 564, 565, 566, 519, 563, 561, 565, 567, 567, 568, 566, 569, 567, 565, 523, 522, 521, 521, 520, 519, 569, 570, 567, 571, 568, 567, 570, 571, 567, 519, 566, 568, 523, 525, 524, 562, 572, 560, 560, 564, 561, 573, 562, 574, 575, 576, 573, 575, 573, 574, 577, 562, 573, 578, 572, 562, 579, 578, 562, 580, 577, 573, 581, 582, 573, 580, 573, 582, 579, 562, 577, 573, 583, 581, 550, 552, 557, 557, 555, 554, 584, 585, 586, 550, 584, 587, 588, 551, 550, 550, 587, 588, 553, 551, 588, 589, 590, 586, 591, 546, 545, 591, 586, 590, 586, 587, 584, 586, 585, 589, 591, 545, 586, 554, 556, 525, 592, 593, 594, 595, 592, 594, 596, 597, 583, 598, 596, 583, 593, 598, 594, 544, 594, 545, 544, 595, 594, 583, 599, 600, 600, 601, 583, 583, 601, 594, 598, 583, 594, 597, 581, 583, 563, 517, 516, 602, 603, 604, 603, 602, 605, 604, 606, 602, 602, 606, 607, 608, 609, 602, 610, 605, 602, 611, 610, 602, 609, 611, 602, 602, 612, 608, 613, 614, 607, 615, 607, 616, 615, 602, 607, 607, 617, 618, 607, 614, 619, 607, 606, 613, 619, 620, 607, 621, 618, 617, 622, 617, 607, 620, 622, 607, 618, 621, 623, 624, 618, 625, 626, 612, 627, 628, 629, 627, 626, 627, 629, 630, 627, 631, 627, 630, 628, 632, 631, 627, 633, 632, 627, 627, 634, 633, 612, 602, 627, 635, 636, 618, 637, 618, 624, 618, 637, 635, 638, 634, 636, 639, 640, 636, 636, 640, 638, 639, 636, 635, 634, 627, 636, 618, 623, 625, 641, 642, 643, 643, 642, 644, 645, 646, 643, 647, 646, 645, 645, 643, 644, 648, 649, 650, 650, 651, 648, 652, 653, 654, 655, 654, 653, 655, 656, 657, 658, 659, 660, 659, 658, 661, 659, 657, 656, 656, 655, 653, 662, 663, 659, 664, 659, 665, 656, 666, 665, 667, 666, 668, 659, 656, 665, 665, 666, 669, 660, 659, 663, 662, 659, 670, 670, 659, 664, 666, 667, 669, 671, 672, 673, 673, 674, 675, 674, 673, 672, 676, 677, 678, 676, 679, 680, 678, 679, 676, 681, 680, 679, 681, 673, 680, 682, 673, 683, 684, 685, 686, 673, 687, 683, 673, 682, 688, 688, 684, 680, 680, 673, 688, 685, 684, 688, 673, 675, 687, 689, 668, 690, 689, 690, 691, 691, 690, 692, 693, 691, 692, 694, 693, 695, 693, 692, 695, 694, 696, 697, 696, 698, 697, 697, 698, 699, 700, 701, 702, 699, 703, 704, 702, 699, 705, 703, 699, 698, 706, 707, 701, 694, 695, 696, 705, 699, 704, 708, 709, 710, 710, 709, 711, 686, 712, 684, 712, 686, 713, 708, 714, 713, 714, 708, 710, 713, 714, 712, 709, 715, 711, 716, 707, 706, 701, 700, 706, 717, 700, 702, 715, 718, 719, 715, 719, 711, 718, 720, 719, 718, 705, 720, 705, 721, 720, 702, 705, 717, 704, 721, 705, 689, 667, 668, 722, 723, 724, 725, 726, 727, 728, 727, 723, 729, 730, 731, 732, 733, 734, 735, 734, 730, 736, 731, 726, 737, 738, 739, 740, 741, 742, 743, 742, 738, 744, 745, 746, 747, 748, 749, 750, 749, 745, 751, 746, 741, 752, 739, 733, 724, 753, 722, 727, 728, 725, 728, 723, 722, 731, 736, 729, 734, 735, 732, 735, 730, 729, 736, 726, 725, 739, 752, 737, 742, 743, 740, 743, 738, 737, 746, 751, 744, 749, 750, 747, 750, 745, 744, 751, 741, 740, 752, 733, 732, 748, 754, 755, 756, 753, 724, 757, 758, 755, 759, 760, 761, 762, 761, 758, 763, 764, 765, 766, 767, 768, 769, 768, 764, 770, 765, 760, 771, 772, 773, 774, 775, 776, 777, 776, 772, 778, 779, 780, 756, 781, 782, 783, 782, 779, 784, 780, 775, 785, 773, 767, 755, 754, 757, 761, 762, 759, 762, 758, 757, 765, 770, 763, 768, 769, 766, 769, 764, 763, 770, 760, 759, 773, 785, 771, 776, 777, 774, 777, 772, 771, 780, 784, 778, 782, 783, 756, 783, 779, 778, 784, 775, 774, 785, 767, 766, 756, 724, 781, 748, 747, 754, 786, 787, 788, 788, 787, 789, 790, 791, 789, 792, 789, 787, 789, 792, 790, 793, 794, 795, 794, 793, 796, 795, 797, 793, 793, 797, 798, 799, 800, 793, 801, 796, 793, 802, 801, 793, 800, 802, 793, 793, 803, 799, 798, 804, 805, 805, 806, 807, 806, 805, 804, 805, 807, 808, 798, 805, 793, 809, 810, 808, 805, 808, 810, 811, 810, 812, 812, 810, 809, 813, 810, 814, 814, 810, 811, 815, 816, 803, 817, 818, 803, 815, 803, 818, 819, 803, 820, 803, 819, 817, 821, 820, 803, 822, 821, 803, 803, 823, 822, 816, 799, 803, 824, 825, 823, 826, 827, 823, 826, 823, 810, 824, 823, 827, 828, 829, 823, 823, 830, 831, 823, 829, 822, 803, 830, 823, 823, 825, 828, 813, 826, 810, 832, 833, 834, 834, 835, 832, 836, 837, 838, 839, 840, 841, 842, 841, 837, 843, 844, 845, 846, 847, 848, 846, 848, 844, 849, 845, 840, 850, 851, 852, 853, 854, 855, 856, 855, 851, 857, 858, 859, 860, 861, 862, 863, 862, 858, 864, 859, 854, 865, 852, 847, 838, 866, 836, 841, 842, 839, 842, 837, 836, 845, 849, 843, 847, 846, 867, 846, 844, 843, 849, 840, 839, 852, 865, 850, 855, 856, 853, 856, 851, 850, 859, 864, 857, 862, 863, 860, 863, 858, 857, 864, 854, 853, 865, 847, 867, 861, 868, 869, 870, 866, 838, 871, 872, 869, 873, 874, 875, 876, 875, 872, 877, 878, 879, 880, 881, 882, 883, 882, 878, 884, 879, 874, 885, 886, 887, 888, 889, 890, 891, 890, 886, 892, 893, 894, 870, 895, 896, 897, 896, 893, 898, 894, 889, 899, 887, 881, 869, 868, 871, 875, 876, 873, 876, 872, 871, 879, 884, 877, 882, 883, 880, 883, 878, 877, 884, 874, 873, 887, 899, 885, 890, 891, 888, 891, 886, 885, 894, 898, 892, 896, 897, 870, 897, 893, 892, 898, 889, 888, 899, 881, 880, 870, 838, 895, 861, 860, 868, 900, 901, 902, 903, 904, 905, 901, 905, 902, 906, 907, 903, 901, 900, 908, 909, 906, 910, 911, 912, 913, 914, 913, 915, 916, 910, 912, 917, 915, 918, 904, 902, 905, 907, 919, 903, 920, 907, 906, 904, 903, 919, 916, 909, 910, 921, 916, 912, 914, 911, 913, 917, 914, 915, 921, 912, 911, 920, 906, 909, 918, 922, 917, 923, 924, 925, 926, 925, 924, 927, 928, 926, 929, 927, 930, 931, 932, 933, 934, 933, 935, 936, 930, 932, 937, 935, 938, 928, 925, 926, 939, 929, 930, 936, 939, 930, 928, 927, 929, 940, 931, 933, 934, 940, 933, 937, 941, 935, 908, 937, 938, 934, 935, 941, 936, 932, 931, 938, 901, 908]
                rel material:binding = </penholder_assembly/Prototypes/chuck/Looks/Diffuse_1>
                uniform token orientation = "rightHanded"
                point3f[] points = [(25, -4, 0), (24.92388, -4.3826833, 0), (24.707108, -4.7071066, 0), (24.382683, -4.9238796, 0), (24, -5, 0), (22.414213, -1.4142135, 0), (14.142136, -5, 0), (15, -2, 0), (21, -2, 0), (14.609819, -1.9615705, 0), (21.39018, -1.9615705, 0), (22.66294, -1.1111405, 0), (22.84776, -0.76536685, 0), (22.96157, -0.39018065, 0), (21.765368, -1.847759, 0), (22.111141, -1.6629392, 0), (23, -1.3429985e-13, 0), (13.208734, -7.1084, 0), (7.186978, -3.0310643, 0), (13.716007, -6.0721617, 0), (7.5077205, -2.1152153, 0), (13.337061, -1.1111405, 0), (12.623317, -8.102584, 0), (6.2184677, -4.708573, 0), (11.232347, -9.941548, 0), (10.435022, -10.775449, 0), (6.754998, -3.9, 0), (11.96322, -9.048833, 0), (9.575965, -11.545601, 0), (5.5856905, -5.4442687, 0), (14.234633, -1.847759, 0), (13.88886, -1.6629392, 0), (13.585787, -1.4142135, 0), (7.7122617, -1.1666276, 0), (13.038429, -0.39018065, 0), (13.152241, -0.76536685, 0), (7.7974358, -0.19998357, 0), (8.6602545, -12.247449, 0), (13, 2.7594929e-14, 0), (22.96157, 0.39018065, 0), (25, 4, 0), (22.84776, 0.76536685, 0), (22.66294, 1.1111405, 0), (22.414213, 1.4142135, 0), (22.111141, 1.6629392, 0), (24, 5, 0), (21.765368, 1.847759, 0), (21.39018, 1.9615705, 0), (24.92388, 4.3826833, 0), (24.707108, 4.7071066, 0), (24.382683, 4.9238796, 0), (15, 2, 0), (14.142136, 5, 0), (21, 2, 0), (14.609819, 1.9615705, 0), (13.88886, 1.6629392, 0), (13.585787, 1.4142135, 0), (14.234633, 1.847759, 0), (13.337061, 1.1111405, 0), (13.038429, 0.39018065, 0), (7.7974358, 0.19998357, 0), (13.716007, 6.0721617, 0), (13.152241, 0.76536685, 0), (7.5077205, 2.1152153, 0), (7.7122617, 1.1666276, 0), (7.186978, 3.0310643, 0), (13.208734, 7.1084, 0), (12.623317, 8.102584, 0), (6.754998, 3.9, 0), (11.96322, 9.048833, 0), (11.232347, 9.941548, 0), (10.435022, 10.775449, 0), (6.2184677, 4.708573, 0), (5.5856905, 5.4442687, 0), (9.575965, 11.545601, 0), (8.6602545, 12.247449, 0), (4.071909, -6.652786, 1e-15), (7.693309, -12.87684, 0), (6.6808496, -13.43005, 0), (3.725527, -6.8527694, 1e-15), (4.86646, -6.0957007, 0), (2.8458016, -7.262328, 0), (5.628866, -13.903808, 0), (4.5435815, -14.295309, 0), (7.72169, 0.18403143, 0), (7.72169, -0.18403143, 0), (7.657675, -0.14051189, 0), (7.6149797, -0.07594405, 0), (7.6149797, 0.07594405, 0), (7.6, 2.4492935e-17, 0), (3.4314172, -14.602239, 0), (2.298952, -14.822781, 0), (1.9220301, -7.559484, 0), (0.9685101, -7.7396374, 0), (1.1528864, -14.955629, 0), (-3e-15, -15, 0), (-1e-15, -7.8, 0), (3.8732593, -6.5567937, 0), (3.8, -6.581793, 0), (4.0202208, -6.5951643, 0), (3.9505243, -6.5614853, 0), (3.7014692, -6.7791953, 0), (3.7071507, -6.701997, 0), (3.7417204, -6.632738, 0), (7.657675, 0.14051189, 0), (6.6808496, 13.43005, 0), (7.693309, 12.87684, 0), (4.071909, 6.652786, 0), (3.725527, 6.8527694, 0), (5.628866, 13.903808, 0), (4.86646, 6.0957007, 0), (2.8458016, 7.262328, 0), (4.5435815, 14.295309, 0), (4.0202208, 6.5951643, 0), (3.9505243, 6.5614853, 0), (3.8732593, 6.5567937, 0), (3.8, 6.581793, 0), (3.7417204, 6.632738, 0), (3.7071507, 6.701997, 0), (3.7014692, 6.7791953, 0), (1.9220301, 7.559484, 0), (3.4314172, 14.602239, 0), (2.298952, 14.822781, 0), (0.9685101, 7.7396374, 0), (2e-15, 7.8, 0), (1.1528864, 14.955629, 0), (5e-15, 15, 0), (14.142136, -5, 0), (24, -5, 0), (24, -5, 2), (14.142136, -5, 2), (25, -4, 2), (24.92388, -4.3826833, 2), (24.92388, -4.3826833, 0), (25, -4, 0), (24.382683, -4.9238796, 0), (24.707108, -4.7071066, 2), (24.382683, -4.9238796, 2), (24.707108, -4.7071066, 0), (14.142136, -5, 2), (13.841875, -5.7794886, 2), (14.142136, -5, 0), (13.49869, -6.541054, 2), (13.113642, -7.2823343, 2), (13.208734, -7.1084, 0), (13.716007, -6.0721617, 0), (12.687927, -8.001032, 2), (12.222865, -8.694916, 2), (12.623317, -8.102584, 0), (11.719898, -9.361836, 2), (11.180587, -9.999724, 2), (11.232347, -9.941548, 0), (10.606602, -10.606602, 2), (11.96322, -9.048833, 0), (9.999724, -11.180587, 2), (9.361836, -11.719898, 2), (9.575965, -11.545601, 0), (10.435022, -10.775449, 0), (8.6602545, -12.247449, 0), (8.694916, -12.222865, 2), (8.001032, -12.687927, 2), (7.2823343, -13.113642, 2), (6.541054, -13.49869, 2), (6.6808496, -13.43005, 0), (5.7794886, -13.841875, 2), (7.693309, -12.87684, 0), (3.4314172, -14.602239, 0), (3.7819057, -14.515412, 15), (2.5365298, -14.783978, 15), (2.298952, -14.822781, 0), (1.2728559, -14.945897, 15), (5, -14.142136, 2), (5, -14.142136, 15), (1.1528864, -14.955629, 0), (2.4e-14, -15, 15), (5.628866, -13.903808, 0), (4.5435815, -14.295309, 0), (-3e-15, -15, 0), (25, -4, 2), (25, -4, 0), (25, 4, 0), (25, 4, 2), (0, -10.003011, 8.662983), (0, -10.340678, 8.765413), (1.14999995e-14, -10.4, 12), (0, -9.691814, 8.496645), (-1e-15, -7.8, 12), (0, -11.043004, 8.765413), (0, -10.691841, 8.8), (0, -8.926428, 7.3511624), (0, -9.028858, 7.6888304), (0, -9.419049, 8.272792), (0, -9.195196, 8.000027), (0, -8.891841, 7), (0, -11.3806715, 8.662983), (2.4e-14, -13, 12), (2.4e-14, -13, 15), (2.4e-14, -15, 15), (0, -12.491841, 7), (0, -11.691868, 8.496645), (0, -11.964633, 8.272792), (0, -12.354824, 7.6888304), (0, -12.457254, 7.3511624), (0, -12.188486, 8.000027), (0, -8.926428, 6.6488376), (-1e-15, -7.8, 0), (0, -9.195196, 5.999974), (0, -9.028858, 6.3111696), (0, -9.419049, 5.7272077), (0, -9.691814, 5.5033545), (0, -10.003011, 5.337017), (0, -10.340678, 5.2345867), (0, -10.691841, 5.2), (0, -12.188486, 5.999974), (0, -11.964633, 5.7272077), (-3e-15, -15, 0), (0, -12.457254, 6.6488376), (0, -12.354824, 6.3111696), (0, -11.043004, 5.2345867), (0, -11.691868, 5.5033545), (0, -11.3806715, 5.337017), (24, 5, 2), (24.382683, 4.9238796, 2), (24.382683, 4.9238796, 0), (24, 5, 0), (24.92388, 4.3826833, 0), (24.707108, 4.7071066, 2), (24.92388, 4.3826833, 2), (24.707108, 4.7071066, 0), (3.725527, -6.8527694, 1e-15), (2.8458016, -7.262328, 12), (3.725527, -6.8527694, 12), (2.8458016, -7.262328, 0), (1.9220301, -7.559484, 0), (1.9220301, -7.559484, 12), (-1e-15, -7.8, 0), (-1e-15, -7.8, 12), (0.9685101, -7.7396374, 12), (0.9685101, -7.7396374, 0), (24, 5, 2), (24, 5, 0), (14.142136, 5, 0), (14.142136, 5, 2), (3.725527, -6.8527694, 12), (3.7014692, -6.7791953, 12), (3.725527, -6.8527694, 1e-15), (3.7071507, -6.701997, 12), (3.7417204, -6.632738, 12), (3.7417204, -6.632738, 0), (3.7014692, -6.7791953, 0), (3.7071507, -6.701997, 0), (3.8, -6.581793, 0), (3.8, -6.581793, 12), (3.8732593, -6.5567937, 12), (3.9505243, -6.5614853, 12), (3.9505243, -6.5614853, 0), (4.0202208, -6.5951643, 12), (4.071909, -6.652786, 12), (4.071909, -6.652786, 1e-15), (4.0202208, -6.5951643, 0), (3.8732593, -6.5567937, 0), (1.1528864, 14.955629, 0), (2.4e-14, 15, 15), (1.2728559, 14.945897, 15), (3.7819057, 14.515412, 15), (3.4314172, 14.602239, 0), (2.5365298, 14.783978, 15), (2.298952, 14.822781, 0), (5, 14.142136, 15), (5, 14.142136, 2), (5.7794886, 13.841875, 2), (6.541054, 13.49869, 2), (6.6808496, 13.43005, 0), (7.2823343, 13.113642, 2), (5.628866, 13.903808, 0), (4.5435815, 14.295309, 0), (5e-15, 15, 0), (7.693309, 12.87684, 0), (8.6602545, 12.247449, 0), (8.001032, 12.687927, 2), (8.694916, 12.222865, 2), (9.361836, 11.719898, 2), (9.575965, 11.545601, 0), (9.999724, 11.180587, 2), (10.606602, 10.606602, 2), (10.435022, 10.775449, 0), (11.180587, 9.999724, 2), (11.232347, 9.941548, 0), (11.719898, 9.361836, 2), (12.222865, 8.694916, 2), (11.96322, 9.048833, 0), (12.687927, 8.001032, 2), (13.113642, 7.2823343, 2), (12.623317, 8.102584, 0), (13.49869, 6.541054, 2), (13.208734, 7.1084, 0), (13.841875, 5.7794886, 2), (14.142136, 5, 2), (14.142136, 5, 0), (13.716007, 6.0721617, 0), (7.7122617, -1.1666276, 0), (7.7122617, -1.1666276, 12), (7.7974358, -0.19998357, 12), (7.186978, -3.0310643, 0), (7.186978, -3.0310643, 12), (7.5077205, -2.1152153, 12), (7.5077205, -2.1152153, 0), (7.7974358, -0.19998357, 0), (6.754998, -3.9, 0), (6.754998, -3.9, 12), (5.5856905, -5.4442687, 0), (5.5856905, -5.4442687, 12), (6.2184677, -4.708573, 12), (4.071909, -6.652786, 1e-15), (4.071909, -6.652786, 12), (4.86646, -6.0957007, 12), (4.86646, -6.0957007, 0), (6.2184677, -4.708573, 0), (0, 10.003011, 8.662983), (1.3e-14, 10.4, 12), (0, 10.340678, 8.765413), (2.4e-14, 13, 15), (2.4e-14, 15, 15), (2.4e-14, 13, 12), (0, 11.3806715, 8.662983), (0, 11.691868, 8.496645), (0, 12.457254, 7.3511624), (0, 12.491841, 7), (0, 11.043004, 8.765413), (0, 12.354824, 7.6888304), (0, 11.964633, 8.272792), (0, 12.188486, 8.000027), (0, 10.691841, 8.8), (0, 9.691814, 8.496645), (2e-15, 7.8, 12), (0, 9.419049, 8.272792), (0, 9.028858, 7.6888304), (0, 8.926428, 7.3511624), (0, 9.195196, 8.000027), (0, 8.891841, 7), (0, 12.457254, 6.6488376), (5e-15, 15, 0), (0, 12.188486, 5.999974), (0, 12.354824, 6.3111696), (0, 11.964633, 5.7272077), (0, 11.691868, 5.5033545), (0, 11.3806715, 5.337017), (0, 11.043004, 5.2345867), (2e-15, 7.8, 0), (0, 9.195196, 5.999974), (0, 9.419049, 5.7272077), (0, 8.926428, 6.6488376), (0, 9.028858, 6.3111696), (0, 10.340678, 5.2345867), (0, 10.691841, 5.2), (0, 9.691814, 5.5033545), (0, 10.003011, 5.337017), (7.7974358, -0.19998357, 12), (7.72169, -0.18403143, 12), (7.72169, -0.18403143, 0), (7.657675, -0.14051189, 12), (7.6149797, -0.07594405, 12), (7.6149797, -0.07594405, 0), (7.657675, -0.14051189, 0), (7.7974358, -0.19998357, 0), (7.6, 2.4492935e-17, 0), (7.6, -2.4492935e-17, 12), (7.6149797, 0.07594405, 12), (7.657675, 0.14051189, 12), (7.657675, 0.14051189, 0), (7.72169, 0.18403143, 12), (7.7974358, 0.19998357, 12), (7.7974358, 0.19998357, 0), (7.72169, 0.18403143, 0), (7.6149797, 0.07594405, 0), (0.9685101, 7.7396374, 0), (0.9685101, 7.7396374, 12), (2e-15, 7.8, 12), (2e-15, 7.8, 0), (1.9220301, 7.559484, 0), (1.9220301, 7.559484, 12), (3.725527, 6.8527694, 0), (3.725527, 6.8527694, 12), (2.8458016, 7.262328, 12), (2.8458016, 7.262328, 0), (4.86646, 6.0957007, 0), (4.86646, 6.0957007, 12), (4.071909, 6.652786, 12), (6.2184677, 4.708573, 0), (6.2184677, 4.708573, 12), (5.5856905, 5.4442687, 12), (5.5856905, 5.4442687, 0), (4.071909, 6.652786, 0), (6.754998, 3.9, 0), (6.754998, 3.9, 12), (7.5077205, 2.1152153, 0), (7.5077205, 2.1152153, 12), (7.186978, 3.0310643, 12), (7.7974358, 0.19998357, 0), (7.7974358, 0.19998357, 12), (7.7122617, 1.1666276, 12), (7.7122617, 1.1666276, 0), (7.186978, 3.0310643, 0), (4.071909, 6.652786, 12), (4.0202208, 6.5951643, 12), (4.0202208, 6.5951643, 0), (3.9505243, 6.5614853, 12), (3.8732593, 6.5567937, 12), (3.8732593, 6.5567937, 0), (3.9505243, 6.5614853, 0), (4.071909, 6.652786, 0), (3.8, 6.581793, 0), (3.8, 6.581793, 12), (3.7417204, 6.632738, 12), (3.7071507, 6.701997, 12), (3.7071507, 6.701997, 0), (3.7014692, 6.7791953, 12), (3.725527, 6.8527694, 12), (3.7014692, 6.7791953, 0), (3.7417204, 6.632738, 0), (3.725527, 6.8527694, 0), (22.96157, 0.39018065, 2), (22.96157, 0.39018065, 0), (23, -1.3429985e-13, 0), (22.66294, 1.1111405, 2), (22.66294, 1.1111405, 0), (22.84776, 0.76536685, 0), (22.84776, 0.76536685, 2), (22.111141, 1.6629392, 2), (22.111141, 1.6629392, 0), (22.414213, 1.4142135, 0), (21.39018, 1.9615705, 2), (21.39018, 1.9615705, 0), (21.765368, 1.847759, 0), (21.765368, 1.847759, 2), (22.414213, 1.4142135, 2), (23, -1.3429985e-13, 2), (21, 2, 2), (21, 2, 0), (22.96157, -0.39018065, 2), (21.39018, -1.9615705, 2), (21.39018, -1.9615705, 0), (21, -2, 0), (22.111141, -1.6629392, 2), (22.111141, -1.6629392, 0), (21.765368, -1.847759, 0), (21.765368, -1.847759, 2), (22.66294, -1.1111405, 2), (22.66294, -1.1111405, 0), (22.414213, -1.4142135, 0), (22.96157, -0.39018065, 0), (22.84776, -0.76536685, 0), (22.84776, -0.76536685, 2), (22.414213, -1.4142135, 2), (21, -2, 2), (21, -2, 2), (21, -2, 0), (15, -2, 0), (15, -2, 2), (14.609819, 1.9615705, 2), (14.609819, 1.9615705, 0), (15, 2, 0), (13.88886, 1.6629392, 2), (13.88886, 1.6629392, 0), (14.234633, 1.847759, 0), (14.234633, 1.847759, 2), (13.337061, 1.1111405, 2), (13.337061, 1.1111405, 0), (13.585787, 1.4142135, 0), (13.038429, 0.39018065, 2), (13.038429, 0.39018065, 0), (13.152241, 0.76536685, 0), (13.152241, 0.76536685, 2), (13.585787, 1.4142135, 2), (15, 2, 2), (13, 2.7594929e-14, 2), (13, 2.7594929e-14, 0), (13.152241, -0.76536685, 2), (13.152241, -0.76536685, 0), (13.038429, -0.39018065, 0), (13.585787, -1.4142135, 2), (13.585787, -1.4142135, 0), (13.337061, -1.1111405, 0), (13.337061, -1.1111405, 2), (14.234633, -1.847759, 2), (14.234633, -1.847759, 0), (13.88886, -1.6629392, 0), (15, -2, 2), (15, -2, 0), (14.609819, -1.9615705, 0), (14.609819, -1.9615705, 2), (13.88886, -1.6629392, 2), (13.038429, -0.39018065, 2), (15, 2, 0), (21, 2, 0), (21, 2, 2), (15, 2, 2), (5, -14.142136, 2), (5.7794886, -13.841875, 2), (5, -7.2415466, 2), (6.541054, -13.49869, 2), (7.2823343, -13.113642, 2), (5.6343536, -6.759738, 2), (8.001032, -12.687927, 2), (6.22254, -6.22254, 2), (9.361836, -11.719898, 2), (6.759738, -5.6343536, 2), (11.180587, -9.999724, 2), (7.5982223, -4.4392586, 2), (7.2415466, -5, 2), (11.719898, -9.361836, 2), (7.9115644, -3.8532, 2), (9.999724, -11.180587, 2), (8.694916, -12.222865, 2), (10.606602, -10.606602, 2), (12.222865, -8.694916, 2), (13.113642, -7.2823343, 2), (8.401358, -2.6186244, 2), (8.179786, -3.245166, 2), (13.337061, -1.1111405, 2), (8.575015, -1.9771487, 2), (13.152241, -0.76536685, 2), (8.699768, -1.3243971, 2), (13.038429, -0.39018065, 2), (8.774906, -0.6640922, 2), (13, 2.7594929e-14, 2), (8.8, -2.1553785e-15, 2), (12.687927, -8.001032, 2), (9.361836, 11.719898, 2), (6.22254, 6.22254, 2), (6.759738, 5.6343536, 2), (8.001032, 12.687927, 2), (8.694916, 12.222865, 2), (11.719898, 9.361836, 2), (7.5982223, 4.4392586, 2), (7.9115644, 3.8532, 2), (11.180587, 9.999724, 2), (7.2415466, 5, 2), (9.999724, 11.180587, 2), (5, 14.142136, 2), (5, 7.2415466, 2), (5.7794886, 13.841875, 2), (7.2823343, 13.113642, 2), (5.6343536, 6.759738, 2), (21.39018, 1.9615705, 2), (19.071068, 5, 2), (21, 2, 2), (6.541054, 13.49869, 2), (8.179786, 3.245166, 2), (12.222865, 8.694916, 2), (13.337061, 1.1111405, 2), (8.401358, 2.6186244, 2), (8.575015, 1.9771487, 2), (13.113642, 7.2823343, 2), (13.038429, 0.39018065, 2), (8.699768, 1.3243971, 2), (8.774906, 0.6640922, 2), (13.152241, 0.76536685, 2), (12.687927, 8.001032, 2), (10.606602, 10.606602, 2), (21.39018, -1.9615705, 2), (19.071068, -5, 2), (24, -5, 2), (13.49869, -6.541054, 2), (21, -2, 2), (15, -2, 2), (13.841875, -5.7794886, 2), (14.142136, -5, 2), (13.585787, -1.4142135, 2), (14.609819, -1.9615705, 2), (14.234633, -1.847759, 2), (13.88886, -1.6629392, 2), (21.765368, -1.847759, 2), (25, -4, 2), (24.382683, -4.9238796, 2), (24.707108, -4.7071066, 2), (24.92388, -4.3826833, 2), (22.66294, -1.1111405, 2), (22.111141, -1.6629392, 2), (22.414213, -1.4142135, 2), (22.84776, -0.76536685, 2), (23, -1.3429985e-13, 2), (22.96157, -0.39018065, 2), (25, 4, 2), (13.585787, 1.4142135, 2), (13.88886, 1.6629392, 2), (14.142136, 5, 2), (13.841875, 5.7794886, 2), (13.49869, 6.541054, 2), (14.234633, 1.847759, 2), (14.609819, 1.9615705, 2), (15, 2, 2), (22.111141, 1.6629392, 2), (22.414213, 1.4142135, 2), (24, 5, 2), (21.765368, 1.847759, 2), (22.84776, 0.76536685, 2), (22.96157, 0.39018065, 2), (22.66294, 1.1111405, 2), (24.92388, 4.3826833, 2), (24.707108, 4.7071066, 2), (24.382683, 4.9238796, 2), (5, -14.142136, 2), (5, -12.354824, 6.3111696), (5, -12.457254, 6.6488376), (5, -12.188486, 5.999974), (5, -12.491841, 7), (5, -13, 12), (5, -11.043004, 5.2345867), (5, -11.3806715, 5.337017), (5, -11.964633, 5.7272077), (5, -11.691868, 5.5033545), (5, -10.691841, 5.2), (5, -12.457254, 7.3511624), (5, -12.354824, 7.6888304), (5, -14.142136, 15), (5, -13, 15), (5, -11.3806715, 8.662983), (5, -10.120773, 12), (5, -12.188486, 8.000027), (5, -11.964633, 8.272792), (5, -11.043004, 8.765413), (5, -11.691868, 8.496645), (5, -10.691841, 8.8), (5, -10.003011, 8.662983), (5, -10.340678, 8.765413), (5, -10.340678, 5.2345867), (5, -7.2415466, 2), (5, -9.691814, 5.5033545), (5, -10.003011, 5.337017), (5, -9.419049, 5.7272077), (5, -9.195196, 5.999974), (5, -9.028858, 6.3111696), (5, -8.926428, 6.6488376), (5, -8.891841, 7), (5, -9.419049, 8.272792), (5, -7.2415466, 12), (5, -9.691814, 8.496645), (5, -8.926428, 7.3511624), (5, -9.195196, 8.000027), (5, -9.028858, 7.6888304), (2.4e-14, -15, 15), (1.2728559, -14.945897, 15), (2.4e-14, -13, 15), (2.5365298, -14.783978, 15), (3.7819057, -14.515412, 15), (5, -13, 15), (5, -14.142136, 15), (2.4e-14, -13, 15), (5, -13, 15), (5, -13, 12), (2.4e-14, -13, 12), (-1e-15, -7.8, 12), (2.4e-14, -13, 12), (0.9685101, -7.7396374, 12), (1.9220301, -7.559484, 12), (5, -13, 12), (2.8458016, -7.262328, 12), (3.7071507, -6.701997, 12), (3.725527, -6.8527694, 12), (3.7417204, -6.632738, 12), (3.7014692, -6.7791953, 12), (3.8732593, -6.5567937, 12), (3.8, -6.581793, 12), (4.0202208, -6.5951643, 12), (4.071909, -6.652786, 12), (5, -7.2415466, 12), (5.5856905, -5.4442687, 12), (5.8362994, -6.5861683, 12), (4.86646, -6.0957007, 12), (3.9505243, -6.5614853, 12), (3.7014692, 6.7791953, 12), (3.7071507, 6.701997, 12), (3.725527, 6.8527694, 12), (3.7417204, 6.632738, 12), (3.8, 6.581793, 12), (2.4e-14, 13, 12), (2e-15, 7.8, 12), (0.9685101, 7.7396374, 12), (1.9220301, 7.559484, 12), (5, 13, 12), (2.8458016, 7.262328, 12), (4.0202208, 6.5951643, 12), (3.9505243, 6.5614853, 12), (5, 7.2415466, 12), (4.86646, 6.0957007, 12), (5.5856905, 5.4442687, 12), (3.8732593, 6.5567937, 12), (4.071909, 6.652786, 12), (6.2184677, -4.708573, 12), (6.5875173, -5.8347764, 12), (6.754998, -3.9, 12), (7.2427025, -4.998326, 12), (7.186978, -3.0310643, 12), (7.5077205, -2.1152153, 12), (7.792304, -4.08901, 12), (8.22831, -3.120084, 12), (7.7122617, -1.1666276, 12), (8.544363, -2.105674, 12), (7.7974358, -0.19998357, 12), (7.657675, 0.14051189, 12), (7.657675, -0.14051189, 12), (7.72169, -0.18403143, 12), (8.735857, -1.0605675, 12), (8.8, -2.1553785e-15, 12), (7.7974358, 0.19998357, 12), (7.6149797, 0.07594405, 12), (7.6149797, -0.07594405, 12), (6.754998, 3.9, 12), (7.186978, 3.0310643, 12), (7.2427025, 4.998326, 12), (7.792304, 4.08901, 12), (5.8362994, 6.5861683, 12), (6.2184677, 4.708573, 12), (6.5875173, 5.8347764, 12), (7.5077205, 2.1152153, 12), (7.6, -2.4492935e-17, 12), (7.72169, 0.18403143, 12), (7.7122617, 1.1666276, 12), (8.22831, 3.120084, 12), (8.544363, 2.105674, 12), (8.735857, 1.0605675, 12), (5, -11.043004, 8.765413), (0, -11.043004, 8.765413), (0, -10.691841, 8.8), (5, -11.691868, 8.496645), (0, -11.691868, 8.496645), (0, -11.3806715, 8.662983), (5, -11.3806715, 8.662983), (5, -12.188486, 8.000027), (0, -12.188486, 8.000027), (0, -11.964633, 8.272792), (5, -12.457254, 7.3511624), (0, -12.457254, 7.3511624), (0, -12.354824, 7.6888304), (5, -12.354824, 7.6888304), (5, -11.964633, 8.272792), (5, -12.457254, 6.6488376), (0, -12.457254, 6.6488376), (0, -12.491841, 7), (5, -12.188486, 5.999974), (0, -12.188486, 5.999974), (0, -12.354824, 6.3111696), (5, -12.354824, 6.3111696), (5, -11.691868, 5.5033545), (0, -11.691868, 5.5033545), (0, -11.964633, 5.7272077), (5, -11.043004, 5.2345867), (0, -11.043004, 5.2345867), (0, -11.3806715, 5.337017), (5, -11.3806715, 5.337017), (5, -11.964633, 5.7272077), (5, -12.491841, 7), (5, -10.691841, 8.8), (5, -10.691841, 5.2), (0, -10.691841, 5.2), (5, -10.340678, 8.765413), (5, -10.340678, 5.2345867), (0, -10.340678, 5.2345867), (5, -9.691814, 5.5033545), (0, -9.691814, 5.5033545), (0, -10.003011, 5.337017), (5, -10.003011, 5.337017), (5, -9.195196, 5.999974), (0, -9.195196, 5.999974), (0, -9.419049, 5.7272077), (5, -8.926428, 6.6488376), (0, -8.926428, 6.6488376), (0, -9.028858, 6.3111696), (5, -9.028858, 6.3111696), (5, -9.419049, 5.7272077), (5, -8.926428, 7.3511624), (0, -8.926428, 7.3511624), (0, -8.891841, 7), (5, -9.195196, 8.000027), (0, -9.195196, 8.000027), (0, -9.028858, 7.6888304), (5, -9.028858, 7.6888304), (5, -9.691814, 8.496645), (0, -9.691814, 8.496645), (0, -9.419049, 8.272792), (0, -10.340678, 8.765413), (0, -10.003011, 8.662983), (5, -10.003011, 8.662983), (5, -9.419049, 8.272792), (5, -8.891841, 7), (5, 14.142136, 15), (3.7819057, 14.515412, 15), (5, 13, 15), (2.4e-14, 13, 15), (1.2728559, 14.945897, 15), (2.4e-14, 15, 15), (2.5365298, 14.783978, 15), (5, 7.2415466, 2), (5, 9.195196, 5.999974), (5, 9.028858, 6.3111696), (5, 9.419049, 5.7272077), (5, 8.926428, 6.6488376), (5, 8.891841, 7), (5, 10.691841, 5.2), (5, 10.340678, 5.2345867), (5, 9.691814, 5.5033545), (5, 10.003011, 5.337017), (5, 14.142136, 2), (5, 8.926428, 7.3511624), (5, 7.2415466, 12), (5, 9.028858, 7.6888304), (5, 9.195196, 8.000027), (5, 9.419049, 8.272792), (5, 9.691814, 8.496645), (5, 10.120773, 12), (5, 10.340678, 8.765413), (5, 10.003011, 8.662983), (5, 11.043004, 8.765413), (5, 10.691841, 8.8), (5, 11.3806715, 5.337017), (5, 11.043004, 5.2345867), (5, 11.964633, 5.7272077), (5, 11.691868, 5.5033545), (5, 12.188486, 5.999974), (5, 12.354824, 6.3111696), (5, 12.457254, 6.6488376), (5, 12.491841, 7), (5, 13, 12), (5, 11.964633, 8.272792), (5, 12.188486, 8.000027), (5, 11.3806715, 8.662983), (5, 11.691868, 8.496645), (5, 12.354824, 7.6888304), (5, 12.457254, 7.3511624), (5, 14.142136, 15), (5, 13, 15), (5, 13, 15), (2.4e-14, 13, 15), (2.4e-14, 13, 12), (5, 13, 12), (5, 10.340678, 8.765413), (0, 10.340678, 8.765413), (0, 10.691841, 8.8), (5, 9.691814, 8.496645), (0, 9.691814, 8.496645), (0, 10.003011, 8.662983), (5, 10.003011, 8.662983), (5, 9.195196, 8.000027), (0, 9.195196, 8.000027), (0, 9.419049, 8.272792), (5, 9.028858, 7.6888304), (0, 8.926428, 7.3511624), (0, 9.028858, 7.6888304), (5, 9.419049, 8.272792), (5, 8.926428, 6.6488376), (0, 8.926428, 6.6488376), (0, 8.891841, 7), (5, 9.195196, 5.999974), (0, 9.195196, 5.999974), (0, 9.028858, 6.3111696), (5, 9.028858, 6.3111696), (5, 9.691814, 5.5033545), (0, 9.691814, 5.5033545), (0, 9.419049, 5.7272077), (5, 10.340678, 5.2345867), (0, 10.340678, 5.2345867), (0, 10.003011, 5.337017), (5, 10.003011, 5.337017), (5, 9.419049, 5.7272077), (5, 8.891841, 7), (5, 10.691841, 8.8), (5, 8.926428, 7.3511624), (5, 10.691841, 5.2), (0, 10.691841, 5.2), (5, 11.043004, 8.765413), (5, 11.043004, 5.2345867), (0, 11.043004, 5.2345867), (5, 11.691868, 5.5033545), (0, 11.691868, 5.5033545), (0, 11.3806715, 5.337017), (5, 11.3806715, 5.337017), (5, 12.188486, 5.999974), (0, 12.188486, 5.999974), (0, 11.964633, 5.7272077), (5, 12.457254, 6.6488376), (0, 12.457254, 6.6488376), (0, 12.354824, 6.3111696), (5, 12.354824, 6.3111696), (5, 11.964633, 5.7272077), (5, 12.457254, 7.3511624), (0, 12.457254, 7.3511624), (0, 12.491841, 7), (5, 12.188486, 8.000027), (0, 12.188486, 8.000027), (0, 12.354824, 7.6888304), (5, 12.354824, 7.6888304), (5, 11.691868, 8.496645), (0, 11.691868, 8.496645), (0, 11.964633, 8.272792), (0, 11.043004, 8.765413), (0, 11.3806715, 8.662983), (5, 11.3806715, 8.662983), (5, 11.964633, 8.272792), (5, 12.491841, 7), (8.8, 2.1553785e-15, 2), (8.8, -2.1553785e-15, 12), (8.774906, -0.6640922, 2), (8.544363, -2.105674, 12), (8.699768, -1.3243971, 2), (8.735857, -1.0605675, 12), (8.22831, -3.120084, 12), (8.401358, -2.6186244, 2), (8.774906, 0.6640922, 2), (7.9115644, -3.8532, 2), (7.792304, -4.08901, 12), (6.759738, -5.6343536, 2), (7.2427025, -4.998326, 12), (6.5875173, -5.8347764, 12), (6.22254, -6.22254, 2), (5.8362994, -6.5861683, 12), (7.5982223, -4.4392586, 2), (5.6343536, -6.759738, 2), (5, -7.2415466, 12), (8.575015, -1.9771487, 2), (8.179786, -3.245166, 2), (7.2415466, -5, 2), (5, -7.2415466, 2), (5, 7.2415466, 2), (5, 7.2415466, 12), (5.6343536, 6.759738, 2), (5.8362994, 6.5861683, 12), (6.5875173, 5.8347764, 12), (6.22254, 6.22254, 2), (6.759738, 5.6343536, 2), (7.2427025, 4.998326, 12), (7.9115644, 3.8532, 2), (7.792304, 4.08901, 12), (8.22831, 3.120084, 12), (8.401358, 2.6186244, 2), (8.544363, 2.105674, 12), (7.5982223, 4.4392586, 2), (8.699768, 1.3243971, 2), (8.735857, 1.0605675, 12), (7.2415466, 5, 2), (8.179786, 3.245166, 2), (8.575015, 1.9771487, 2)]
                normal3f[] primvars:normals = [(0, 0, -1), (0, -1, 0), (1, 1.8369701e-16, -0), (0.9238795, -0.38268343, 0), (0.38268343, -0.9238795, 0), (0.70710677, -0.70710677, 0), (0.94280905, -0.33333334, 0), (0.9227917, -0.38529924, 0), (0.8999126, -0.43607026, 0), (0.8742428, -0.48548895, 0), (0.8805823, -0.4738933, 0), (0.91440046, -0.40481076, 0), (0.8458618, -0.5334021, 0), (0.81485766, -0.5796611, 0), (0.84155446, -0.5401723, 0), (0.78132653, -0.62412244, 0), (0.7453724, -0.66664827, 0), (0.7488231, -0.6627699, 0), (0.797548, -0.6032555, 0), (0.66664827, -0.7453724, 0), (0.62412244, -0.78132653, 0), (0.63839763, -0.7697067, 0), (0.69566816, -0.7183633, 0), (0.57735026, -0.8164966, 0), (0.5796611, -0.81485766, 0), (0.5334021, -0.8458618, 0), (0.48548895, -0.8742428, 0), (0.43607026, -0.8999126, 0), (0.44539, -0.8953367, 0), (0.38529924, -0.9227917, 0), (0.51288724, -0.85845596, 0), (0.22876115, -0.9734826, 0), (0.25212705, -0.96769416, 0), (0.16910198, -0.98559856, 0), (0.15326348, -0.98818535, 0), (0.084857054, -0.99639314, 0), (0.33333334, -0.94280905, 0), (0.07685909, -0.99704194, 0), (1.6155446e-15, -1, 0), (0.37525773, -0.92692053, 0), (0.30290544, -0.95302063, 0), (-1.6081226e-16, -1, 0), (1, -0, -0), (-1, -5e-16, 7.7e-16), (-1.8369701e-16, 1, -0), (0.38268343, 0.9238795, 0), (0.9238795, 0.38268343, 0), (0.70710677, 0.70710677, 0), (-0.4776317, 0.8785602, -0), (-0.36484635, 0.93106776, -0), (-0.24641411, 0.9691646, -0), (1.6081226e-16, 1, -0), (-0.124167964, 0.99226123, -0), (-0, 1, -0), (-0.87236446, -0.48885602, -0), (-0.9926541, -0.12098692, -0), (-0.96424687, 0.26500568, -0), (-0.79139805, 0.6113012, -0), (-0.5, 0.8660254, -0), (-0.1337033, 0.9910214, 0), (0.25262177, 0.9675651, 0), (0.6011048, 0.7991702, 0), (0.859544, 0.5110618, 0), (0.07685909, 0.99704194, 0), (1.5926599e-15, 1, 0), (0.084857054, 0.99639314, 0), (0.25212705, 0.96769416, 0), (0.22876115, 0.9734826, 0), (0.16910198, 0.98559856, 0), (0.15326348, 0.98818535, 0), (0.33333334, 0.94280905, 0), (0.38529924, 0.9227917, 0), (0.43607026, 0.8999126, 0), (0.44539, 0.8953367, 0), (0.48548895, 0.8742428, 0), (0.37525773, 0.92692053, 0), (0.30290544, 0.95302063, 0), (0.51288724, 0.85845596, 0), (0.57735026, 0.8164966, 0), (0.5334021, 0.8458618, 0), (0.5796611, 0.81485766, 0), (0.62412244, 0.78132653, 0), (0.63839763, 0.7697067, 0), (0.66664827, 0.7453724, 0), (0.69566816, 0.7183633, 0), (0.7453724, 0.66664827, 0), (0.7488231, 0.6627699, 0), (0.78132653, 0.62412244, 0), (0.81485766, 0.5796611, 0), (0.797548, 0.6032555, 0), (0.8458618, 0.5334021, 0), (0.8742428, 0.48548895, 0), (0.84155446, 0.5401723, 0), (0.8999126, 0.43607026, 0), (0.8805823, 0.4738933, 0), (0.9227917, 0.38529924, 0), (0.94280905, 0.33333334, 0), (0.91440046, 0.40481076, 0), (-0.9887515, 0.14956765, -0), (-0.9996713, 0.025638917, -0), (-0.9214074, 0.388598, -0), (-0.9625282, 0.27118143, -0), (-0.8660254, 0.5, -0), (-0.71611416, 0.6979832, -0), (-0.7972394, 0.6036632, -0), (-0.5220396, 0.85292125, -0), (-0.6239051, 0.7815001, -0), (-1, 5.7e-16, 5.9e-16), (-0.012820513, -0.9999178, 0), (-0.39154932, -0.92015713, 0), (-0.7116251, -0.7025594, 0), (-0.92510134, -0.37972024, 0), (-1, -1.2246469e-16, 0), (-0.92510134, 0.37972024, -0), (-0.7116251, 0.7025594, -0), (-0.39154932, 0.92015713, -0), (-0.012820513, 0.9999178, -0), (-0.124167964, -0.99226123, -0), (1.8369701e-16, -1, 0), (-0.24641411, -0.9691646, -0), (-0.4776317, -0.8785602, -0), (-0.36484635, -0.93106776, -0), (-0.6239051, -0.7815001, -0), (-0.5220396, -0.85292125, -0), (-0.7972394, -0.6036632, -0), (-0.71611416, -0.6979832, -0), (-0.8660254, -0.5, -0), (-0.9625282, -0.27118143, -0), (-0.9214074, -0.388598, -0), (-0.9996713, -0.025638917, -0), (-0.9887515, -0.14956765, -0), (0.859544, -0.5110618, 0), (0.6011048, -0.7991702, 0), (0.25262177, -0.9675651, 0), (-0.1337033, -0.9910214, 0), (-0.5, -0.8660254, -0), (-0.79139805, -0.6113012, -0), (-0.96424687, -0.26500568, -0), (-0.9926541, 0.12098692, -0), (-0.87236446, 0.48885602, -0), (-0.98078525, -0.19509032, -0), (-1, -0, -0), (-0.8314696, -0.55557024, -0), (-0.9238795, -0.38268343, -0), (-0.55557024, -0.8314696, -0), (-0.70710677, -0.70710677, -0), (-0.19509032, -0.98078525, -0), (-0.38268343, -0.9238795, -0), (-6.123234e-17, -1, -0), (-0.98078525, 0.19509032, -0), (-0.19509032, 0.98078525, -0), (1.8369701e-16, 1, -0), (-0.55557024, 0.8314696, -0), (-0.38268343, 0.9238795, -0), (-0.8314696, 0.55557024, -0), (-0.70710677, 0.70710677, -0), (-0.9238795, 0.38268343, -0), (2.687e-14, 1, -0), (0.19509032, -0.98078525, -0), (0.55557024, -0.8314696, -0), (0.8314696, -0.55557024, -0), (0.98078525, -0.19509032, -0), (1, -1.2246469e-16, -0), (0.98078525, 0.19509032, -0), (0.8314696, 0.55557024, -0), (0.55557024, 0.8314696, -0), (0.19509032, 0.98078525, -0), (0, 0, 1), (1, 5.254e-14, -4.379e-14), (-0, 0.19509032, -0.98078525), (-0, 4.4e-16, -1), (-0, 0.55557024, -0.8314696), (-0, 0.38268343, -0.9238795), (-0, 0.8314696, -0.55557024), (-0, 0.70710677, -0.70710677), (-0, 0.98078525, -0.19509032), (-0, 0.9238795, -0.38268343), (-0, 0.98078525, 0.19509032), (-0, 1, 1.5672305e-16), (-0, 0.8314696, 0.55557024), (-0, 0.9238795, 0.38268343), (-0, 0.55557024, 0.8314696), (-0, 0.70710677, 0.70710677), (-0, 0.19509032, 0.98078525), (-0, 0.38268343, 0.9238795), (-0, 1.265539e-16, 1), (-0, -0.19509032, -0.98078525), (-0, -0.19509032, 0.98078525), (-0, -0.55557024, 0.8314696), (-0, -0.38268343, 0.9238795), (-0, -0.8314696, 0.55557024), (-0, -0.70710677, 0.70710677), (-0, -0.98078525, 0.19509032), (-0, -0.9238795, 0.38268343), (-0, -0.98078525, -0.19509032), (-0, -1, -2.5630298e-16), (-0, -0.8314696, -0.55557024), (-0, -0.9238795, -0.38268343), (-0, -0.55557024, -0.8314696), (-0, -0.70710677, -0.70710677), (-0, -0.38268343, -0.9238795), (0, -4.4e-16, 1), (1, -5.312e-14, -4.369e-14), (0, -1, -4.4e-16), (-0, 1, -2.8327693e-16), (-0, 5.6655387e-16, 1), (-0, -1, 1.8369701e-16), (0.99714845, -0.07546502, 0), (0.9709503, -0.23928113, 0), (0.9886101, -0.15049966, 0), (0.992711, -0.12051903, 0), (0.93503517, -0.354555, 0), (0.9546997, -0.29757097, 0), (0.99714845, 0.07546502, 0), (0.8990414, -0.43786362, 0), (0.8854891, -0.4646602, 0), (0.76815206, -0.6402675, 0), (0.82303435, -0.56799155, 0), (0.74858147, -0.6630428, 0), (0.6632158, -0.7484282, 0), (0.8634344, -0.5044612, 0), (0.6402675, -0.76815206, 0), (0.5681818, -0.82290304, 0), (0.97443354, -0.22467598, 0), (0.92952114, -0.36876887, 0), (0.82290304, -0.5681818, 0), (0.5681818, 0.82290304, 0), (0.6402675, 0.76815206, 0), (0.6632158, 0.7484282, 0), (0.74858147, 0.6630428, 0), (0.76815206, 0.6402675, 0), (0.82303435, 0.56799155, 0), (0.8990414, 0.43786362, 0), (0.8854891, 0.4646602, 0), (0.93503517, 0.354555, 0), (0.9546997, 0.29757097, 0), (0.9709503, 0.23928113, 0), (0.8634344, 0.5044612, 0), (0.9886101, 0.15049966, 0), (0.992711, 0.12051903, 0), (0.82290304, 0.5681818, 0), (0.92952114, 0.36876887, 0), (0.97443354, 0.22467598, 0)] (
                    interpolation = "vertex"
                )
                int[] primvars:normals:indices = [0, 0, 0, 0, 0, 0, 0, 0, 0, 0, 0, 0, 0, 0, 0, 0, 0, 0, 0, 0, 0, 0, 0, 0, 0, 0, 0, 0, 0, 0, 0, 0, 0, 0, 0, 0, 0, 0, 0, 0, 0, 0, 0, 0, 0, 0, 0, 0, 0, 0, 0, 0, 0, 0, 0, 0, 0, 0, 0, 0, 0, 0, 0, 0, 0, 0, 0, 0, 0, 0, 0, 0, 0, 0, 0, 0, 0, 0, 0, 0, 0, 0, 0, 0, 0, 0, 0, 0, 0, 0, 0, 0, 0, 0, 0, 0, 0, 0, 0, 0, 0, 0, 0, 0, 0, 0, 0, 0, 0, 0, 0, 0, 0, 0, 0, 0, 0, 0, 0, 0, 0, 0, 0, 0, 0, 0, 0, 1, 1, 1, 1, 2, 3, 3, 2, 4, 5, 4, 5, 6, 7, 6, 8, 9, 10, 11, 12, 13, 14, 15, 16, 17, 5, 18, 19, 20, 21, 22, 23, 24, 25, 26, 27, 28, 29, 30, 31, 32, 33, 34, 35, 36, 36, 37, 38, 39, 40, 41, 42, 42, 42, 42, 43, 43, 43, 43, 43, 43, 43, 43, 43, 43, 43, 43, 43, 43, 43, 43, 43, 43, 43, 43, 43, 43, 43, 43, 43, 43, 43, 43, 43, 43, 43, 43, 43, 43, 43, 43, 43, 43, 43, 44, 45, 45, 44, 46, 47, 46, 47, 48, 49, 48, 49, 50, 50, 51, 51, 52, 52, 53, 53, 53, 53, 54, 55, 54, 56, 57, 57, 55, 56, 58, 58, 59, 60, 60, 61, 62, 62, 61, 59, 63, 64, 65, 66, 67, 68, 69, 70, 70, 71, 72, 73, 74, 75, 76, 44, 77, 78, 79, 80, 81, 82, 83, 47, 84, 85, 86, 87, 88, 89, 90, 91, 92, 93, 94, 95, 96, 96, 97, 98, 98, 99, 100, 100, 101, 101, 99, 102, 102, 103, 103, 104, 105, 105, 106, 106, 104, 107, 107, 107, 107, 107, 107, 107, 107, 107, 107, 107, 107, 107, 107, 107, 107, 107, 107, 107, 107, 107, 107, 107, 107, 107, 107, 107, 107, 107, 107, 107, 107, 107, 107, 107, 107, 107, 107, 107, 108, 109, 109, 110, 111, 111, 110, 108, 112, 112, 113, 114, 114, 115, 116, 116, 115, 113, 117, 117, 118, 118, 119, 119, 120, 120, 121, 121, 122, 122, 123, 124, 124, 125, 125, 123, 126, 126, 127, 127, 128, 129, 129, 130, 130, 128, 131, 132, 132, 133, 134, 134, 133, 131, 135, 135, 136, 137, 137, 138, 139, 138, 136, 139, 140, 140, 141, 142, 142, 143, 143, 144, 144, 145, 146, 146, 147, 147, 145, 141, 148, 148, 149, 150, 150, 151, 152, 152, 153, 153, 154, 154, 155, 149, 156, 156, 155, 151, 157, 157, 157, 157, 158, 158, 148, 159, 159, 4, 4, 160, 160, 5, 161, 161, 3, 3, 5, 148, 162, 162, 46, 46, 163, 47, 47, 164, 164, 45, 45, 165, 151, 151, 166, 166, 165, 163, 1, 1, 1, 1, 167, 167, 167, 167, 167, 167, 167, 167, 167, 167, 167, 167, 167, 167, 167, 167, 167, 167, 167, 167, 167, 167, 167, 167, 167, 167, 167, 167, 167, 167, 167, 167, 167, 167, 167, 167, 167, 167, 167, 167, 167, 167, 167, 167, 167, 167, 167, 167, 167, 167, 167, 167, 167, 167, 167, 167, 167, 167, 167, 167, 167, 167, 167, 167, 167, 167, 167, 167, 167, 167, 167, 167, 167, 167, 167, 167, 167, 167, 167, 167, 167, 167, 167, 167, 167, 167, 167, 167, 167, 167, 167, 167, 167, 167, 167, 167, 167, 167, 167, 167, 167, 167, 167, 167, 167, 168, 168, 168, 168, 168, 168, 168, 168, 168, 168, 168, 168, 168, 168, 168, 168, 168, 168, 168, 168, 168, 168, 168, 168, 168, 168, 168, 168, 168, 168, 168, 168, 168, 168, 168, 168, 168, 168, 168, 167, 167, 167, 167, 167, 167, 167, 53, 53, 53, 53, 167, 167, 167, 167, 167, 167, 167, 167, 167, 167, 167, 167, 167, 167, 167, 167, 167, 167, 167, 167, 167, 167, 167, 167, 167, 167, 167, 167, 167, 167, 167, 167, 167, 167, 167, 167, 167, 167, 167, 167, 167, 167, 167, 167, 167, 167, 167, 167, 167, 167, 167, 167, 167, 167, 167, 167, 167, 167, 167, 167, 167, 167, 167, 167, 167, 167, 167, 167, 167, 167, 169, 169, 170, 171, 171, 172, 172, 173, 173, 174, 175, 175, 176, 176, 174, 177, 177, 178, 179, 179, 180, 180, 181, 181, 182, 183, 183, 184, 184, 182, 178, 170, 185, 185, 186, 187, 187, 188, 188, 189, 189, 190, 190, 191, 192, 192, 193, 193, 191, 194, 194, 195, 196, 196, 197, 197, 198, 198, 199, 186, 200, 200, 199, 195, 201, 201, 201, 201, 201, 201, 201, 202, 202, 202, 202, 202, 202, 202, 202, 202, 202, 202, 202, 202, 202, 202, 202, 202, 202, 202, 202, 202, 202, 202, 202, 202, 202, 202, 202, 202, 202, 202, 202, 202, 202, 202, 202, 202, 202, 202, 203, 203, 203, 203, 169, 169, 0, 171, 171, 172, 172, 173, 173, 174, 176, 175, 176, 174, 177, 177, 204, 179, 179, 180, 180, 181, 181, 182, 183, 183, 184, 184, 182, 204, 0, 175, 205, 205, 186, 187, 187, 188, 188, 189, 189, 190, 190, 191, 192, 192, 193, 193, 191, 194, 194, 206, 196, 196, 197, 197, 198, 198, 199, 186, 200, 200, 199, 206, 42, 42, 207, 208, 209, 210, 211, 212, 213, 214, 215, 216, 217, 218, 5, 219, 220, 221, 222, 223, 224, 225, 222, 226, 226, 227, 228, 229, 47, 230, 231, 232, 233, 234, 235, 236, 237, 238, 239, 240, 241, 242]
                texCoord2f[] primvars:st = [(-0.025, -0.004), (-0.024923882, -0.0043826834), (-0.024707109, -0.004707107), (-0.024382684, -0.0049238796), (-0.024, -0.0050000004), (-0.022414215, -0.0014142136), (-0.014142136, -0.0050000004), (-0.015000001, -0.002), (-0.021000002, -0.002), (-0.01460982, -0.0019615707), (-0.021390181, -0.0019615707), (-0.02266294, -0.0011111406), (-0.02284776, -0.0007653669), (-0.022961572, -0.00039018068), (-0.021765368, -0.0018477591), (-0.022111142, -0.0016629393), (-0.023000002, -1.3429985e-16), (-0.013208734, -0.0071084), (-0.007186978, -0.0030310645), (-0.013716008, -0.006072162), (-0.007507721, -0.0021152154), (-0.013337062, -0.0011111406), (-0.012623318, -0.008102585), (-0.006218468, -0.004708573), (-0.011232347, -0.009941549), (-0.010435022, -0.01077545), (-0.0067549986, -0.0039000004), (-0.01196322, -0.0090488335), (-0.009575966, -0.011545601), (-0.005585691, -0.005444269), (-0.014234634, -0.0018477591), (-0.01388886, -0.0016629393), (-0.013585787, -0.0014142136), (-0.007712262, -0.0011666277), (-0.013038429, -0.00039018068), (-0.013152242, -0.0007653669), (-0.0077974363, -0.00019998358), (-0.008660255, -0.01224745), (-0.013, 2.759493e-17), (-0.022961572, 0.00039018068), (-0.025, 0.004), (-0.02284776, 0.0007653669), (-0.02266294, 0.0011111406), (-0.022414215, 0.0014142136), (-0.022111142, 0.0016629393), (-0.024, 0.0050000004), (-0.021765368, 0.0018477591), (-0.021390181, 0.0019615707), (-0.024923882, 0.0043826834), (-0.024707109, 0.004707107), (-0.024382684, 0.0049238796), (-0.015000001, 0.002), (-0.014142136, 0.0050000004), (-0.021000002, 0.002), (-0.01460982, 0.0019615707), (-0.01388886, 0.0016629393), (-0.013585787, 0.0014142136), (-0.014234634, 0.0018477591), (-0.013337062, 0.0011111406), (-0.013038429, 0.00039018068), (-0.0077974363, 0.00019998358), (-0.013716008, 0.006072162), (-0.013152242, 0.0007653669), (-0.007507721, 0.0021152154), (-0.007712262, 0.0011666277), (-0.007186978, 0.0030310645), (-0.013208734, 0.0071084), (-0.012623318, 0.008102585), (-0.0067549986, 0.0039000004), (-0.01196322, 0.0090488335), (-0.011232347, 0.009941549), (-0.010435022, 0.01077545), (-0.006218468, 0.004708573), (-0.005585691, 0.005444269), (-0.009575966, 0.011545601), (-0.008660255, 0.01224745), (-0.004071909, -0.006652786), (-0.0076933093, -0.01287684), (-0.00668085, -0.013430051), (-0.0037255273, -0.0068527698), (-0.00486646, -0.006095701), (-0.0028458016, -0.0072623286), (-0.0056288666, -0.013903808), (-0.0045435815, -0.01429531), (-0.0077216905, 0.00018403144), (-0.0077216905, -0.00018403144), (-0.007657675, -0.0001405119), (-0.00761498, -0.00007594405), (-0.00761498, 0.00007594405), (-0.0076, 2.4492936e-20), (-0.0034314173, -0.014602239), (-0.0022989523, -0.014822781), (-0.0019220302, -0.0075594843), (-0.0009685101, -0.0077396375), (-0.0011528864, -0.01495563), (3e-18, -0.015000001), (1e-18, -0.0078000007), (-0.0038732595, -0.006556794), (-0.0038, -0.006581793), (-0.004020221, -0.0065951645), (-0.0039505246, -0.0065614856), (-0.0037014694, -0.0067791957), (-0.003707151, -0.006701997), (-0.0037417207, -0.0066327383), (-0.007657675, 0.0001405119), (-0.00668085, 0.013430051), (-0.0076933093, 0.01287684), (-0.004071909, 0.006652786), (-0.0037255273, 0.0068527698), (-0.0056288666, 0.013903808), (-0.00486646, 0.006095701), (-0.0028458016, 0.0072623286), (-0.0045435815, 0.01429531), (-0.004020221, 0.0065951645), (-0.0039505246, 0.0065614856), (-0.0038732595, 0.006556794), (-0.0038, 0.006581793), (-0.0037417207, 0.0066327383), (-0.003707151, 0.006701997), (-0.0037014694, 0.0067791957), (-0.0019220302, 0.0075594843), (-0.0034314173, 0.014602239), (-0.0022989523, 0.014822781), (-0.0009685101, 0.0077396375), (-2e-18, 0.0078000007), (-0.0011528864, 0.01495563), (-5.0000003e-18, 0.015000001), (0.014142136, 0), (0.024, 0), (0.024, 0.002), (0.014142136, 0.002), (-0.002, -0.004), (-0.002, -0.0043826834), (-0, -0.0043826834), (-0, -0.004), (0.024382684, 0), (-0.002, -0.004707107), (0.024707109, 0.002), (0.024382684, 0.002), (-0, -0.004707107), (0.024707109, 0), (-0.002, -0.0050000004), (-0.002, -0.005779489), (-0, -0.0050000004), (-0.002, -0.006541054), (-0.002, -0.007282335), (-0, -0.0071084), (-0, -0.006072162), (-0.002, -0.008001032), (-0.002, -0.008694916), (-0, -0.008102585), (-0.002, -0.009361837), (-0.002, -0.009999725), (-0, -0.009941549), (-0.002, -0.010606602), (0.010606602, 0.002), (-0, -0.0090488335), (0.009999725, 0.002), (0.009361837, 0.002), (0.009575966, 0), (-0, -0.01077545), (0.010435022, 0), (0.008660255, 0), (0.008694916, 0.002), (0.008001032, 0.002), (0.007282335, 0.002), (0.006541054, 0.002), (0.00668085, 0), (0.005779489, 0.002), (0.0076933093, 0), (0.0034314173, 0), (0.0037819059, 0.015000001), (0.00253653, 0.015000001), (0.0022989523, 0), (0.0012728559, 0.015000001), (0.0050000004, 0.002), (0.0050000004, 0.015000001), (0.0011528864, 0), (2.4e-17, 0.015000001), (0.0056288666, 0), (0.0045435815, 0), (-3e-18, 0), (-0.002, -0.004), (-0, -0.004), (-0, 0.004), (-0.002, 0.004), (0.008662984, -0.010003012), (0.008765413, -0.0103406785), (0.012, -0.0104), (0.008496646, -0.009691815), (0.012, -0.0078000007), (0.008765413, -0.011043005), (0.008800001, -0.010691842), (0.007351163, -0.008926428), (0.0076888306, -0.0090288585), (0.008272792, -0.00941905), (0.008000027, -0.009195196), (0.007, -0.008891841), (0.008662984, -0.011380672), (0.012, -0.013), (0.015000001, -0.013), (0.015000001, -0.015000001), (0.007, -0.012491842), (0.008496646, -0.011691868), (0.008272792, -0.011964633), (0.0076888306, -0.012354825), (0.007351163, -0.012457255), (0.008000027, -0.012188487), (0.006648838, -0.008926428), (0, -0.0078000007), (0.005999974, -0.009195196), (0.00631117, -0.0090288585), (0.0057272078, -0.00941905), (0.0055033546, -0.009691815), (0.005337017, -0.010003012), (0.005234587, -0.0103406785), (0.0052, -0.010691842), (0.005999974, -0.012188487), (0.0057272078, -0.011964633), (0, -0.015000001), (0.006648838, -0.012457255), (0.00631117, -0.012354825), (0.005234587, -0.011043005), (0.0055033546, -0.011691868), (0.005337017, -0.011380672), (-0.024, 0.002), (-0.024382684, 0.002), (-0.024382684, 0), (-0.024, 0), (-0, 0.0043826834), (-0.024707109, 0.002), (-0.002, 0.004707107), (-0.002, 0.0043826834), (-0.024707109, 0), (-0, 0.004707107), (-0.0037255273, 1e-18), (-0.0028458016, 0.012), (-0.0037255273, 0.012), (-0.0028458016, 0), (-0.0019220302, 0), (-0.0019220302, 0.012), (1e-18, 0), (1e-18, 0.012), (-0.0009685101, 0.012), (-0.0009685101, 0), (-0.024, 0.002), (-0.024, 0), (-0.014142136, 0), (-0.014142136, 0.002), (0.012, -0.0068527698), (0.012, -0.0067791957), (1e-18, -0.0068527698), (0.012, -0.006701997), (-0.0037417207, 0.012), (0.012, -0.0066327383), (-0.0037417207, 0), (0, -0.0066327383), (0, -0.0067791957), (0, -0.006701997), (-0.0038, 0), (-0.0038, 0.012), (-0.0038732595, 0.012), (-0.0039505246, 0.012), (-0.0039505246, 0), (-0.012, -0.0065951645), (-0.004020221, 0.012), (-0.012, -0.006652786), (-1e-18, -0.006652786), (-0.004020221, 0), (-0, -0.0065951645), (-0.0038732595, 0), (-0.0011528864, 0), (-2.4e-17, 0.015000001), (-0.0012728559, 0.015000001), (-0.0037819059, 0.015000001), (-0.0034314173, 0), (-0.00253653, 0.015000001), (-0.0022989523, 0), (-0.0050000004, 0.015000001), (-0.0050000004, 0.002), (-0.005779489, 0.002), (-0.006541054, 0.002), (-0.00668085, 0), (-0.007282335, 0.002), (-0.0056288666, 0), (-0.0045435815, 0), (-5.0000003e-18, 0), (-0.0076933093, 0), (-0.008660255, 0), (-0.008001032, 0.002), (-0.008694916, 0.002), (-0.009361837, 0.002), (-0.009575966, 0), (-0.009999725, 0.002), (-0.010606602, 0.002), (-0.002, 0.010606602), (-0.010435022, 0), (-0, 0.01077545), (-0.002, 0.009999725), (-0, 0.009941549), (-0.002, 0.009361837), (-0.002, 0.008694916), (-0, 0.0090488335), (-0.002, 0.008001032), (-0.002, 0.007282335), (-0, 0.008102585), (-0.002, 0.006541054), (-0, 0.0071084), (-0.002, 0.005779489), (-0.002, 0.0050000004), (-0, 0.0050000004), (-0, 0.006072162), (0, -0.0011666277), (0.012, -0.0011666277), (0.012, -0.00019998358), (0, -0.0030310645), (0.012, -0.0030310645), (0.012, -0.0021152154), (0, -0.0021152154), (0, -0.00019998358), (0, -0.0039000004), (0.012, -0.0039000004), (-0.005585691, 0), (0, -0.005444269), (-0.005585691, 0.012), (0.012, -0.005444269), (0.012, -0.004708573), (-0.004071909, 1e-18), (-0.004071909, 0.012), (-0.00486646, 0.012), (-0.00486646, 0), (0, -0.004708573), (0.008662984, 0.010003012), (0.012, 0.0104), (0.008765413, 0.0103406785), (0.015000001, 0.013), (0.015000001, 0.015000001), (0.012, 0.013), (0.008662984, 0.011380672), (0.008496646, 0.011691868), (0.007351163, 0.012457255), (0.007, 0.012491842), (0.008765413, 0.011043005), (0.0076888306, 0.012354825), (0.008272792, 0.011964633), (0.008000027, 0.012188487), (0.008800001, 0.010691842), (0.008496646, 0.009691815), (0.012, 0.0078000007), (0.008272792, 0.00941905), (0.0076888306, 0.0090288585), (0.007351163, 0.008926428), (0.008000027, 0.009195196), (0.007, 0.008891841), (0.006648838, 0.012457255), (0, 0.015000001), (0.005999974, 0.012188487), (0.00631117, 0.012354825), (0.0057272078, 0.011964633), (0.0055033546, 0.011691868), (0.005337017, 0.011380672), (0.005234587, 0.011043005), (0, 0.0078000007), (0.005999974, 0.009195196), (0.0057272078, 0.00941905), (0.006648838, 0.008926428), (0.00631117, 0.0090288585), (0.005234587, 0.0103406785), (0.0052, 0.010691842), (0.0055033546, 0.009691815), (0.005337017, 0.010003012), (0.0077974363, 0.012), (0.0077216905, 0.012), (0.0077216905, 0), (0.007657675, 0.012), (0.012, -0.0001405119), (0.012, -0.00007594405), (0, -0.00007594405), (0, -0.0001405119), (0.007657675, 0), (0.0077974363, 0), (0, 2.4492936e-20), (0.012, -2.4492936e-20), (0.012, 0.00007594405), (-0.007657675, 0.012), (0.012, 0.0001405119), (-0.007657675, 0), (0, 0.0001405119), (-0.0077216905, 0.012), (-0.0077974363, 0.012), (-0.0077974363, 0), (-0.0077216905, 0), (0, 0.00007594405), (0.0009685101, 0), (0.0009685101, 0.012), (2e-18, 0.012), (2e-18, 0), (0.0019220302, 0), (0.0019220302, 0.012), (0.0037255273, 0), (0.0037255273, 0.012), (0.0028458016, 0.012), (0.0028458016, 0), (0.00486646, 0), (0.00486646, 0.012), (0.004071909, 0.012), (0, 0.004708573), (0.012, 0.004708573), (0.005585691, 0.012), (0.012, 0.005444269), (0, 0.005444269), (0.005585691, 0), (0.004071909, 0), (0, 0.0039000004), (0.012, 0.0039000004), (0, 0.0021152154), (0.012, 0.0021152154), (0.012, 0.0030310645), (0, 0.00019998358), (0.012, 0.00019998358), (0.012, 0.0011666277), (0, 0.0011666277), (0, 0.0030310645), (-0.012, 0.006652786), (-0.012, 0.0065951645), (0.004020221, 0.012), (-0, 0.0065951645), (0.004020221, 0), (0.0039505246, 0.012), (0.0038732595, 0.012), (0.0038732595, 0), (0.0039505246, 0), (-0, 0.006652786), (0.0038, 0), (0.0038, 0.012), (0.0037417207, 0.012), (0.012, 0.0066327383), (0.012, 0.006701997), (0, 0.006701997), (0.012, 0.0067791957), (0.012, 0.0068527698), (0, 0.0067791957), (0, 0.0066327383), (0.0037417207, 0), (0, 0.0068527698), (0.002, 0.00039018068), (0, 0.00039018068), (0, -1.3429985e-16), (0.002, 0.0011111406), (0, 0.0011111406), (0, 0.0007653669), (0.002, 0.0007653669), (0.022111142, 0.002), (0.022111142, 0), (0, 0.0014142136), (0.022414215, 0), (0.021390181, 0.002), (0.021390181, 0), (0.021765368, 0), (0.021765368, 0.002), (0.002, 0.0014142136), (0.022414215, 0.002), (0.002, -1.3429985e-16), (0.021000002, 0.002), (0.021000002, 0), (0.002, -0.00039018068), (-0.021390181, 0.002), (-0.021390181, 0), (-0.021000002, 0), (-0.022111142, 0.002), (-0.022111142, 0), (-0.021765368, 0), (-0.021765368, 0.002), (0.002, -0.0011111406), (0, -0.0011111406), (-0.022414215, 0), (0, -0.0014142136), (0, -0.00039018068), (0, -0.0007653669), (0.002, -0.0007653669), (-0.022414215, 0.002), (0.002, -0.0014142136), (-0.021000002, 0.002), (-0.021000002, 0.002), (-0.021000002, 0), (-0.015000001, 0), (-0.015000001, 0.002), (0.01460982, 0.002), (0.01460982, 0), (0.015000001, 0), (0.01388886, 0.002), (0.01388886, 0), (0.014234634, 0), (0.014234634, 0.002), (-0.002, 0.0011111406), (-0, 0.0011111406), (-0, 0.0014142136), (0.013585787, 0), (-0.002, 0.00039018068), (-0, 0.00039018068), (-0, 0.0007653669), (-0.002, 0.0007653669), (-0.002, 0.0014142136), (0.013585787, 0.002), (0.015000001, 0.002), (-0.002, 2.759493e-17), (-0, 2.759493e-17), (-0.002, -0.0007653669), (-0, -0.0007653669), (-0, -0.00039018068), (-0.013585787, 0.002), (-0.002, -0.0014142136), (-0.013585787, 0), (-0, -0.0014142136), (-0, -0.0011111406), (-0.002, -0.0011111406), (-0.014234634, 0.002), (-0.014234634, 0), (-0.01388886, 0), (-0.015000001, 0.002), (-0.015000001, 0), (-0.01460982, 0), (-0.01460982, 0.002), (-0.01388886, 0.002), (-0.002, -0.00039018068), (0.015000001, 0), (0.021000002, 0), (0.021000002, 0.002), (0.015000001, 0.002), (0.0050000004, -0.014142136), (0.005779489, -0.013841876), (0.0050000004, -0.007241547), (0.006541054, -0.01349869), (0.007282335, -0.013113642), (0.005634354, -0.006759738), (0.008001032, -0.012687928), (0.00622254, -0.00622254), (0.009361837, -0.011719898), (0.006759738, -0.005634354), (0.011180587, -0.009999725), (0.0075982227, -0.004439259), (0.007241547, -0.0050000004), (0.011719898, -0.009361837), (0.007911565, -0.0038532002), (0.009999725, -0.011180587), (0.008694916, -0.012222866), (0.010606602, -0.010606602), (0.012222866, -0.008694916), (0.013113642, -0.007282335), (0.0084013585, -0.0026186246), (0.008179786, -0.0032451663), (0.013337062, -0.0011111406), (0.008575016, -0.0019771487), (0.013152242, -0.0007653669), (0.008699768, -0.0013243972), (0.013038429, -0.00039018068), (0.008774906, -0.0006640922), (0.013, 2.759493e-17), (0.008800001, -2.1553785e-18), (0.012687928, -0.008001032), (0.009361837, 0.011719898), (0.00622254, 0.00622254), (0.006759738, 0.005634354), (0.008001032, 0.012687928), (0.008694916, 0.012222866), (0.011719898, 0.009361837), (0.0075982227, 0.004439259), (0.007911565, 0.0038532002), (0.011180587, 0.009999725), (0.007241547, 0.0050000004), (0.009999725, 0.011180587), (0.0050000004, 0.014142136), (0.0050000004, 0.007241547), (0.005779489, 0.013841876), (0.007282335, 0.013113642), (0.005634354, 0.006759738), (0.021390181, 0.0019615707), (0.019071069, 0.0050000004), (0.021000002, 0.002), (0.006541054, 0.01349869), (0.008179786, 0.0032451663), (0.012222866, 0.008694916), (0.013337062, 0.0011111406), (0.0084013585, 0.0026186246), (0.008575016, 0.0019771487), (0.013113642, 0.007282335), (0.013038429, 0.00039018068), (0.008699768, 0.0013243972), (0.008774906, 0.0006640922), (0.013152242, 0.0007653669), (0.012687928, 0.008001032), (0.010606602, 0.010606602), (0.021390181, -0.0019615707), (0.019071069, -0.0050000004), (0.024, -0.0050000004), (0.01349869, -0.006541054), (0.021000002, -0.002), (0.015000001, -0.002), (0.013841876, -0.005779489), (0.014142136, -0.0050000004), (0.013585787, -0.0014142136), (0.01460982, -0.0019615707), (0.014234634, -0.0018477591), (0.01388886, -0.0016629393), (0.021765368, -0.0018477591), (0.025, -0.004), (0.024382684, -0.0049238796), (0.024707109, -0.004707107), (0.024923882, -0.0043826834), (0.02266294, -0.0011111406), (0.022111142, -0.0016629393), (0.022414215, -0.0014142136), (0.02284776, -0.0007653669), (0.023000002, -1.3429985e-16), (0.022961572, -0.00039018068), (0.025, 0.004), (0.013585787, 0.0014142136), (0.01388886, 0.0016629393), (0.014142136, 0.0050000004), (0.013841876, 0.005779489), (0.01349869, 0.006541054), (0.014234634, 0.0018477591), (0.01460982, 0.0019615707), (0.015000001, 0.002), (0.022111142, 0.0016629393), (0.022414215, 0.0014142136), (0.024, 0.0050000004), (0.021765368, 0.0018477591), (0.02284776, 0.0007653669), (0.022961572, 0.00039018068), (0.02266294, 0.0011111406), (0.024923882, 0.0043826834), (0.024707109, 0.004707107), (0.024382684, 0.0049238796), (-0.002, -0.014142136), (-0.00631117, -0.012354825), (-0.006648838, -0.012457255), (-0.005999974, -0.012188487), (-0.007, -0.012491842), (-0.012, -0.013), (-0.005234587, -0.011043005), (-0.005337017, -0.011380672), (-0.0057272078, -0.011964633), (-0.0055033546, -0.011691868), (-0.0052, -0.010691842), (-0.007351163, -0.012457255), (-0.0076888306, -0.012354825), (-0.015000001, -0.014142136), (-0.015000001, -0.013), (-0.008662984, -0.011380672), (-0.012, -0.010120774), (-0.008000027, -0.012188487), (-0.008272792, -0.011964633), (-0.008765413, -0.011043005), (-0.008496646, -0.011691868), (-0.008800001, -0.010691842), (-0.008662984, -0.010003012), (-0.008765413, -0.0103406785), (-0.005234587, -0.0103406785), (-0.002, -0.007241547), (-0.0055033546, -0.009691815), (-0.005337017, -0.010003012), (-0.0057272078, -0.00941905), (-0.005999974, -0.009195196), (-0.00631117, -0.0090288585), (-0.006648838, -0.008926428), (-0.007, -0.008891841), (-0.008272792, -0.00941905), (-0.012, -0.007241547), (-0.008496646, -0.009691815), (-0.007351163, -0.008926428), (-0.008000027, -0.009195196), (-0.0076888306, -0.0090288585), (2.4e-17, -0.015000001), (0.0012728559, -0.014945898), (2.4e-17, -0.013), (0.00253653, -0.014783979), (0.0037819059, -0.014515413), (0.0050000004, -0.013), (0.0050000004, -0.014142136), (-2.4e-17, 0.015000001), (-0.0050000004, 0.015000001), (-0.0050000004, 0.012), (-2.4e-17, 0.012), (-1e-18, -0.0078000007), (2.4e-17, -0.013), (0.0009685101, -0.0077396375), (0.0019220302, -0.0075594843), (0.0050000004, -0.013), (0.0028458016, -0.0072623286), (0.003707151, -0.006701997), (0.0037255273, -0.0068527698), (0.0037417207, -0.0066327383), (0.0037014694, -0.0067791957), (0.0038732595, -0.006556794), (0.0038, -0.006581793), (0.004020221, -0.0065951645), (0.004071909, -0.006652786), (0.0050000004, -0.007241547), (0.005585691, -0.005444269), (0.0058362996, -0.0065861684), (0.00486646, -0.006095701), (0.0039505246, -0.0065614856), (0.0037014694, 0.0067791957), (0.003707151, 0.006701997), (0.0037255273, 0.0068527698), (0.0037417207, 0.0066327383), (0.0038, 0.006581793), (2.4e-17, 0.013), (2e-18, 0.0078000007), (0.0009685101, 0.0077396375), (0.0019220302, 0.0075594843), (0.0050000004, 0.013), (0.0028458016, 0.0072623286), (0.004020221, 0.0065951645), (0.0039505246, 0.0065614856), (0.0050000004, 0.007241547), (0.00486646, 0.006095701), (0.005585691, 0.005444269), (0.0038732595, 0.006556794), (0.004071909, 0.006652786), (0.006218468, -0.004708573), (0.0065875174, -0.005834777), (0.0067549986, -0.0039000004), (0.007242703, -0.004998326), (0.007186978, -0.0030310645), (0.007507721, -0.0021152154), (0.0077923043, -0.00408901), (0.00822831, -0.0031200843), (0.007712262, -0.0011666277), (0.008544363, -0.0021056742), (0.0077974363, -0.00019998358), (0.007657675, 0.0001405119), (0.007657675, -0.0001405119), (0.0077216905, -0.00018403144), (0.008735857, -0.0010605676), (0.008800001, -2.1553785e-18), (0.0077974363, 0.00019998358), (0.00761498, 0.00007594405), (0.00761498, -0.00007594405), (0.0067549986, 0.0039000004), (0.007186978, 0.0030310645), (0.007242703, 0.004998326), (0.0077923043, 0.00408901), (0.0058362996, 0.0065861684), (0.006218468, 0.004708573), (0.0065875174, 0.005834777), (0.007507721, 0.0021152154), (0.0076, -2.4492936e-20), (0.0077216905, 0.00018403144), (0.007712262, 0.0011666277), (0.00822831, 0.0031200843), (0.008544363, 0.0021056742), (0.008735857, 0.0010605676), (-0.0050000004, -0.011043005), (-0, -0.011043005), (-0, -0.010691842), (-0.0050000004, -0.011691868), (-0, -0.011691868), (-0, -0.011380672), (-0.0050000004, -0.011380672), (-0.0050000004, 0.008000027), (-0, 0.008000027), (-0, -0.011964633), (-0, 0.008272792), (-0.0050000004, 0.007351163), (-0, 0.007351163), (-0, 0.0076888306), (-0.0050000004, 0.0076888306), (-0.0050000004, -0.011964633), (-0.0050000004, 0.008272792), (-0.0050000004, 0.006648838), (-0, 0.006648838), (-0, 0.007), (-0.0050000004, 0.005999974), (-0, 0.005999974), (-0, 0.00631117), (-0.0050000004, 0.00631117), (0.0050000004, -0.011691868), (0, -0.011691868), (0, -0.011964633), (-0, 0.0057272078), (0.0050000004, -0.011043005), (0, -0.011043005), (0, -0.011380672), (0.0050000004, -0.011380672), (-0.0050000004, 0.0057272078), (0.0050000004, -0.011964633), (-0.0050000004, 0.007), (-0.0050000004, -0.010691842), (0.0050000004, -0.010691842), (0, -0.010691842), (-0.0050000004, -0.0103406785), (0.0050000004, -0.0103406785), (0, -0.0103406785), (0.0050000004, -0.009691815), (0, -0.009691815), (0, -0.010003012), (0.0050000004, -0.010003012), (0.0050000004, 0.005999974), (0, 0.005999974), (0, -0.00941905), (0, 0.0057272078), (0.0050000004, 0.006648838), (0, 0.006648838), (0, 0.00631117), (0.0050000004, 0.00631117), (0.0050000004, -0.00941905), (0.0050000004, 0.0057272078), (0.0050000004, 0.007351163), (0, 0.007351163), (0, 0.007), (0.0050000004, 0.008000027), (0, 0.008000027), (0, 0.0076888306), (0.0050000004, 0.0076888306), (-0.0050000004, -0.009691815), (-0, -0.009691815), (-0, -0.00941905), (0, 0.008272792), (-0, -0.0103406785), (-0, -0.010003012), (-0.0050000004, -0.010003012), (-0.0050000004, -0.00941905), (0.0050000004, 0.008272792), (0.0050000004, 0.007), (0.0050000004, 0.014142136), (0.0037819059, 0.014515413), (0.0050000004, 0.013), (2.4e-17, 0.013), (0.0012728559, 0.014945898), (2.4e-17, 0.015000001), (0.00253653, 0.014783979), (-0.002, 0.007241547), (-0.005999974, 0.009195196), (-0.00631117, 0.0090288585), (-0.0057272078, 0.00941905), (-0.006648838, 0.008926428), (-0.007, 0.008891841), (-0.0052, 0.010691842), (-0.005234587, 0.0103406785), (-0.0055033546, 0.009691815), (-0.005337017, 0.010003012), (-0.002, 0.014142136), (-0.007351163, 0.008926428), (-0.012, 0.007241547), (-0.0076888306, 0.0090288585), (-0.008000027, 0.009195196), (-0.008272792, 0.00941905), (-0.008496646, 0.009691815), (-0.012, 0.010120774), (-0.008765413, 0.0103406785), (-0.008662984, 0.010003012), (-0.008765413, 0.011043005), (-0.008800001, 0.010691842), (-0.005337017, 0.011380672), (-0.005234587, 0.011043005), (-0.0057272078, 0.011964633), (-0.0055033546, 0.011691868), (-0.005999974, 0.012188487), (-0.00631117, 0.012354825), (-0.006648838, 0.012457255), (-0.007, 0.012491842), (-0.012, 0.013), (-0.008272792, 0.011964633), (-0.008000027, 0.012188487), (-0.008662984, 0.011380672), (-0.008496646, 0.011691868), (-0.0076888306, 0.012354825), (-0.007351163, 0.012457255), (-0.015000001, 0.014142136), (-0.015000001, 0.013), (0.0050000004, 0.015000001), (2.4e-17, 0.015000001), (2.4e-17, 0.012), (0.0050000004, 0.012), (-0.0050000004, 0.0103406785), (-0, 0.0103406785), (-0, 0.010691842), (-0.0050000004, 0.009691815), (-0, 0.009691815), (-0, 0.010003012), (-0.0050000004, 0.010003012), (-0.0050000004, 0.008000027), (-0, 0.008000027), (-0, 0.008272792), (-0, 0.00941905), (-0.0050000004, 0.0076888306), (-0, 0.007351163), (-0, 0.0076888306), (-0.0050000004, 0.008272792), (-0.0050000004, 0.00941905), (-0.0050000004, 0.006648838), (-0, 0.006648838), (-0, 0.007), (-0.0050000004, 0.005999974), (-0, 0.005999974), (-0, 0.00631117), (-0.0050000004, 0.00631117), (0.0050000004, 0.009691815), (0, 0.009691815), (-0, 0.0057272078), (0, 0.00941905), (0.0050000004, 0.0103406785), (0, 0.0103406785), (0, 0.010003012), (0.0050000004, 0.010003012), (-0.0050000004, 0.0057272078), (0.0050000004, 0.00941905), (-0.0050000004, 0.007), (-0.0050000004, 0.010691842), (-0.0050000004, 0.007351163), (0.0050000004, 0.010691842), (0, 0.010691842), (-0.0050000004, 0.011043005), (0.0050000004, 0.011043005), (0, 0.011043005), (0.0050000004, 0.011691868), (0, 0.011691868), (0, 0.011380672), (0.0050000004, 0.011380672), (0.0050000004, 0.005999974), (0, 0.005999974), (0, 0.0057272078), (0, 0.011964633), (0.0050000004, 0.006648838), (0, 0.006648838), (0, 0.00631117), (0.0050000004, 0.00631117), (0.0050000004, 0.0057272078), (0.0050000004, 0.011964633), (0.0050000004, 0.007351163), (0, 0.007351163), (0, 0.007), (0.0050000004, 0.008000027), (0, 0.008000027), (0, 0.0076888306), (0.0050000004, 0.0076888306), (-0.0050000004, 0.011691868), (-0, 0.011691868), (0, 0.008272792), (-0, 0.011964633), (-0, 0.011043005), (-0, 0.011380672), (-0.0050000004, 0.011380672), (-0.0050000004, 0.011964633), (0.0050000004, 0.008272792), (0.0050000004, 0.007), (-0.002, 2.1553785e-18), (-0.012, -2.1553785e-18), (-0.002, -0.0006640922), (-0.012, -0.0021056742), (-0.002, -0.0013243972), (-0.012, -0.0010605676), (-0.012, -0.0031200843), (-0.002, -0.0026186246), (-0.002, 0.0006640922), (-0.002, -0.0038532002), (-0.012, -0.00408901), (-0.002, -0.005634354), (-0.012, -0.004998326), (-0.012, -0.005834777), (-0.002, -0.00622254), (0.00622254, 0.002), (-0.012, -0.0065861684), (0.0058362996, 0.012), (-0.002, -0.004439259), (0.005634354, 0.002), (0.0050000004, 0.012), (-0.002, -0.0019771487), (-0.002, -0.0032451663), (-0.002, -0.0050000004), (0.0050000004, 0.002), (-0.0050000004, 0.002), (-0.0050000004, 0.012), (-0.005634354, 0.002), (-0.012, 0.0065861684), (-0.0058362996, 0.012), (-0.012, 0.005834777), (-0.00622254, 0.002), (-0.002, 0.00622254), (-0.002, 0.005634354), (-0.012, 0.004998326), (-0.002, 0.0038532002), (-0.012, 0.00408901), (-0.012, 0.0031200843), (-0.002, 0.0026186246), (-0.012, 0.0021056742), (-0.002, 0.004439259), (-0.002, 0.0013243972), (-0.012, 0.0010605676), (-0.002, 0.0050000004), (-0.002, 0.0032451663), (-0.002, 0.0019771487)] (
                    interpolation = "faceVarying"
                )
                int[] primvars:st:indices = [0, 1, 2, 0, 2, 3, 0, 4, 5, 6, 7, 8, 7, 6, 9, 4, 0, 3, 10, 4, 8, 5, 11, 0, 12, 13, 0, 11, 12, 0, 14, 15, 4, 10, 14, 4, 5, 4, 15, 6, 8, 4, 0, 13, 16, 17, 18, 19, 19, 20, 21, 22, 18, 17, 23, 24, 25, 24, 26, 27, 27, 26, 22, 28, 29, 25, 30, 6, 31, 6, 30, 9, 32, 31, 6, 6, 21, 32, 33, 34, 35, 33, 36, 34, 6, 19, 21, 35, 21, 20, 28, 37, 29, 38, 34, 36, 16, 39, 40, 41, 42, 40, 39, 41, 40, 43, 44, 45, 46, 47, 45, 44, 46, 45, 42, 43, 40, 48, 40, 49, 50, 49, 40, 40, 45, 50, 51, 52, 53, 53, 52, 45, 51, 54, 52, 45, 40, 43, 47, 53, 45, 16, 40, 0, 55, 56, 52, 57, 52, 54, 52, 57, 55, 56, 58, 52, 59, 38, 60, 52, 58, 61, 58, 62, 63, 64, 62, 59, 61, 58, 63, 65, 66, 61, 67, 66, 65, 68, 69, 67, 70, 69, 68, 71, 70, 72, 73, 74, 71, 73, 75, 74, 60, 38, 36, 76, 77, 78, 23, 26, 24, 23, 25, 29, 76, 78, 79, 76, 80, 77, 81, 82, 83, 37, 80, 29, 79, 78, 82, 84, 85, 86, 87, 88, 86, 18, 22, 26, 20, 19, 18, 35, 20, 33, 89, 88, 87, 85, 84, 36, 90, 91, 92, 92, 81, 90, 91, 93, 92, 81, 79, 82, 94, 95, 96, 96, 93, 94, 94, 93, 91, 97, 79, 98, 99, 79, 100, 79, 97, 100, 79, 101, 102, 102, 103, 79, 79, 103, 98, 76, 79, 99, 83, 90, 81, 104, 84, 86, 63, 62, 64, 60, 36, 84, 72, 70, 68, 68, 67, 65, 88, 104, 86, 65, 61, 63, 105, 106, 107, 71, 72, 73, 105, 108, 109, 75, 73, 110, 107, 106, 110, 107, 108, 105, 111, 112, 109, 106, 75, 110, 64, 59, 60, 113, 114, 108, 108, 115, 116, 114, 115, 108, 117, 118, 108, 119, 108, 118, 117, 108, 116, 111, 109, 108, 111, 120, 121, 122, 121, 120, 120, 123, 122, 121, 112, 111, 123, 124, 125, 126, 125, 124, 123, 125, 122, 108, 107, 113, 80, 37, 77, 127, 128, 129, 129, 130, 127, 131, 132, 133, 131, 133, 134, 129, 128, 135, 137, 138, 135, 133, 132, 139, 135, 140, 137, 138, 129, 135, 139, 132, 136, 141, 142, 143, 144, 145, 146, 142, 144, 147, 148, 149, 150, 151, 152, 153, 152, 154, 153, 149, 151, 156, 145, 148, 150, 143, 142, 147, 146, 145, 150, 150, 149, 156, 144, 146, 147, 157, 158, 159, 153, 154, 160, 159, 161, 157, 158, 162, 159, 153, 156, 151, 161, 155, 157, 163, 164, 162, 165, 166, 167, 166, 168, 167, 164, 165, 169, 170, 171, 172, 173, 172, 174, 175, 176, 171, 177, 174, 178, 164, 169, 162, 175, 179, 168, 169, 165, 167, 167, 168, 179, 175, 180, 179, 180, 175, 171, 170, 172, 173, 173, 174, 177, 171, 170, 180, 178, 181, 177, 163, 162, 158, 182, 183, 184, 184, 185, 182, 186, 187, 188, 188, 189, 186, 188, 190, 189, 191, 188, 192, 193, 194, 190, 195, 189, 190, 196, 195, 190, 194, 196, 190, 190, 197, 193, 198, 199, 188, 200, 199, 201, 199, 202, 201, 192, 188, 187, 199, 198, 203, 191, 198, 188, 203, 204, 199, 205, 206, 199, 207, 205, 199, 204, 207, 199, 202, 199, 206, 208, 197, 209, 210, 211, 209, 208, 209, 211, 212, 209, 213, 209, 212, 210, 214, 213, 209, 215, 214, 209, 209, 216, 215, 197, 190, 209, 217, 218, 219, 220, 221, 219, 202, 220, 219, 217, 219, 221, 216, 209, 222, 223, 224, 219, 219, 224, 222, 223, 219, 218, 209, 219, 222, 202, 219, 201, 225, 226, 227, 225, 227, 228, 185, 184, 229, 231, 232, 229, 227, 226, 233, 229, 234, 231, 232, 185, 229, 233, 226, 230, 235, 236, 237, 235, 238, 236, 239, 240, 236, 238, 239, 236, 241, 242, 243, 244, 240, 239, 243, 244, 241, 243, 240, 244, 245, 246, 247, 247, 248, 245, 249, 250, 251, 252, 254, 256, 250, 252, 257, 251, 250, 257, 252, 256, 258, 258, 257, 252, 253, 259, 255, 253, 260, 259, 261, 262, 263, 264, 266, 267, 262, 265, 268, 260, 270, 259, 262, 268, 263, 263, 270, 261, 269, 264, 267, 270, 260, 261, 271, 272, 273, 274, 275, 276, 277, 273, 276, 278, 279, 274, 280, 281, 282, 281, 283, 282, 279, 280, 284, 274, 279, 285, 286, 272, 271, 277, 276, 275, 275, 274, 285, 273, 277, 271, 280, 282, 284, 284, 285, 279, 282, 283, 287, 288, 287, 289, 288, 289, 290, 283, 289, 287, 291, 292, 288, 293, 294, 296, 295, 298, 299, 291, 293, 292, 300, 301, 302, 303, 304, 305, 304, 306, 307, 301, 303, 305, 298, 300, 299, 292, 293, 296, 299, 300, 302, 302, 301, 305, 295, 299, 297, 308, 309, 310, 307, 306, 311, 310, 311, 308, 307, 305, 304, 311, 306, 308, 291, 288, 290, 312, 313, 314, 315, 316, 317, 318, 317, 313, 312, 314, 319, 318, 315, 317, 313, 312, 318, 315, 320, 316, 320, 321, 316, 323, 325, 326, 327, 328, 329, 330, 329, 324, 320, 331, 321, 322, 330, 324, 326, 331, 323, 327, 329, 330, 326, 321, 331, 332, 333, 334, 335, 336, 337, 333, 337, 338, 339, 338, 337, 340, 337, 341, 333, 338, 342, 340, 343, 337, 344, 339, 337, 345, 344, 337, 343, 345, 337, 337, 336, 341, 333, 346, 334, 332, 347, 333, 333, 347, 348, 333, 342, 346, 347, 349, 348, 350, 351, 348, 352, 350, 348, 349, 352, 348, 348, 351, 353, 354, 341, 355, 356, 357, 355, 354, 355, 357, 358, 355, 359, 355, 358, 356, 360, 359, 355, 361, 360, 355, 355, 362, 361, 341, 336, 355, 363, 364, 362, 365, 366, 362, 353, 365, 362, 363, 362, 366, 367, 368, 362, 369, 370, 362, 362, 370, 367, 369, 362, 364, 368, 361, 362, 353, 362, 348, 371, 372, 373, 375, 376, 377, 372, 374, 379, 380, 371, 373, 375, 377, 378, 379, 373, 372, 376, 381, 377, 376, 382, 381, 383, 385, 387, 388, 389, 390, 384, 388, 391, 381, 382, 392, 391, 386, 384, 390, 391, 388, 392, 383, 387, 392, 382, 383, 393, 394, 395, 396, 393, 395, 397, 398, 394, 393, 397, 394, 399, 400, 401, 402, 398, 397, 401, 402, 399, 401, 398, 402, 403, 404, 405, 406, 407, 409, 411, 408, 404, 403, 405, 412, 410, 406, 409, 404, 403, 411, 406, 413, 407, 413, 414, 407, 415, 416, 417, 418, 419, 420, 421, 420, 416, 422, 414, 413, 416, 415, 421, 420, 421, 418, 415, 417, 422, 417, 414, 422, 423, 424, 426, 428, 429, 430, 425, 428, 431, 432, 423, 426, 428, 430, 431, 431, 427, 425, 433, 429, 434, 433, 430, 429, 436, 437, 438, 439, 440, 441, 437, 439, 438, 433, 434, 443, 441, 438, 439, 444, 441, 440, 442, 436, 438, 443, 434, 435, 445, 446, 447, 448, 449, 450, 451, 450, 446, 452, 453, 455, 456, 457, 458, 459, 458, 453, 460, 454, 449, 445, 447, 462, 448, 450, 451, 445, 451, 446, 461, 452, 455, 449, 448, 460, 459, 453, 452, 456, 458, 459, 457, 456, 463, 457, 463, 464, 465, 462, 447, 466, 467, 468, 469, 470, 471, 472, 471, 467, 473, 474, 476, 465, 477, 478, 479, 478, 474, 480, 475, 470, 467, 466, 472, 466, 468, 482, 470, 469, 480, 474, 473, 479, 478, 479, 465, 473, 476, 481, 469, 471, 472, 465, 447, 477, 483, 484, 485, 485, 486, 483, 487, 488, 489, 490, 491, 492, 493, 492, 488, 494, 495, 496, 498, 499, 500, 501, 500, 495, 503, 497, 491, 487, 489, 504, 490, 492, 493, 487, 493, 488, 502, 494, 496, 491, 490, 503, 501, 495, 494, 498, 500, 501, 499, 498, 505, 499, 505, 506, 507, 508, 509, 511, 513, 514, 515, 514, 508, 516, 517, 518, 519, 520, 521, 522, 521, 517, 523, 518, 512, 524, 506, 505, 508, 507, 515, 507, 509, 524, 512, 510, 523, 517, 516, 522, 521, 522, 519, 516, 518, 523, 511, 514, 515, 509, 506, 524, 525, 526, 527, 527, 528, 525, 529, 530, 531, 531, 530, 532, 531, 533, 534, 533, 531, 532, 534, 533, 535, 536, 534, 535, 537, 538, 536, 539, 540, 541, 542, 543, 540, 541, 538, 544, 536, 535, 545, 538, 537, 544, 541, 544, 546, 539, 542, 540, 539, 541, 546, 542, 547, 543, 548, 549, 550, 551, 552, 549, 552, 553, 554, 555, 556, 554, 556, 557, 558, 559, 550, 547, 543, 547, 550, 537, 536, 545, 560, 561, 562, 563, 561, 564, 565, 566, 567, 568, 569, 566, 570, 562, 569, 571, 572, 573, 574, 572, 575, 576, 577, 578, 574, 579, 572, 573, 572, 579, 575, 563, 574, 575, 561, 563, 567, 580, 581, 582, 583, 584, 585, 580, 583, 586, 587, 588, 558, 557, 588, 584, 587, 589, 590, 581, 580, 570, 560, 562, 564, 561, 560, 568, 566, 565, 569, 568, 591, 570, 569, 591, 565, 567, 581, 585, 590, 580, 559, 548, 550, 592, 593, 594, 551, 549, 595, 593, 596, 597, 598, 551, 595, 593, 597, 599, 599, 600, 598, 601, 599, 597, 555, 554, 553, 553, 552, 551, 601, 602, 599, 603, 600, 599, 602, 603, 599, 551, 598, 600, 555, 557, 556, 594, 604, 592, 592, 596, 593, 605, 594, 606, 607, 608, 605, 607, 605, 606, 609, 594, 605, 610, 604, 594, 611, 610, 594, 612, 609, 605, 613, 614, 605, 612, 605, 614, 611, 594, 609, 605, 615, 613, 582, 584, 589, 589, 587, 586, 616, 617, 618, 582, 616, 619, 620, 583, 582, 582, 619, 620, 585, 583, 620, 621, 622, 618, 623, 578, 577, 623, 618, 622, 618, 619, 616, 618, 617, 621, 623, 577, 618, 586, 588, 557, 624, 625, 626, 627, 624, 626, 628, 629, 615, 630, 628, 615, 625, 630, 626, 576, 626, 577, 576, 627, 626, 615, 631, 632, 632, 633, 615, 615, 633, 626, 630, 615, 626, 629, 613, 615, 595, 549, 548, 634, 635, 636, 635, 634, 637, 636, 638, 634, 634, 638, 639, 640, 641, 634, 642, 637, 634, 643, 642, 634, 641, 643, 634, 634, 644, 640, 645, 646, 639, 647, 639, 648, 647, 634, 639, 639, 649, 650, 639, 646, 651, 639, 638, 645, 651, 652, 639, 653, 650, 649, 654, 649, 639, 652, 654, 639, 650, 653, 655, 656, 650, 657, 658, 644, 659, 660, 661, 659, 658, 659, 661, 662, 659, 663, 659, 662, 660, 664, 663, 659, 665, 664, 659, 659, 666, 665, 644, 634, 659, 667, 668, 650, 669, 650, 656, 650, 669, 667, 670, 666, 668, 671, 672, 668, 668, 672, 670, 671, 668, 667, 666, 659, 668, 650, 655, 657, 673, 674, 675, 675, 674, 676, 677, 678, 675, 679, 678, 677, 677, 675, 676, 680, 681, 682, 682, 683, 680, 684, 685, 686, 687, 686, 685, 687, 688, 689, 690, 691, 692, 691, 690, 693, 691, 689, 688, 688, 687, 685, 694, 695, 691, 696, 691, 697, 688, 698, 697, 699, 698, 700, 691, 688, 697, 697, 698, 701, 692, 691, 695, 694, 691, 702, 702, 691, 696, 698, 699, 701, 703, 704, 705, 705, 706, 707, 706, 705, 704, 708, 709, 710, 708, 711, 712, 710, 711, 708, 713, 712, 711, 713, 705, 712, 714, 705, 715, 716, 717, 718, 705, 719, 715, 705, 714, 720, 720, 716, 712, 712, 705, 720, 717, 716, 720, 705, 707, 719, 721, 700, 722, 721, 722, 723, 723, 722, 724, 725, 723, 724, 726, 725, 727, 725, 724, 727, 726, 728, 729, 728, 730, 729, 729, 730, 731, 732, 733, 734, 731, 735, 736, 734, 731, 737, 735, 731, 730, 738, 739, 733, 726, 727, 728, 737, 731, 736, 740, 741, 742, 742, 741, 743, 718, 744, 716, 744, 718, 745, 740, 746, 745, 746, 740, 742, 745, 746, 744, 741, 747, 743, 748, 739, 738, 733, 732, 738, 749, 732, 734, 747, 750, 751, 747, 751, 743, 750, 752, 751, 750, 737, 752, 737, 753, 752, 734, 737, 749, 736, 753, 737, 721, 699, 700, 754, 755, 756, 757, 758, 759, 760, 759, 755, 761, 762, 764, 765, 766, 767, 768, 767, 762, 769, 763, 758, 771, 772, 773, 774, 775, 776, 777, 776, 772, 778, 779, 780, 782, 783, 784, 785, 784, 779, 786, 781, 775, 788, 773, 766, 756, 789, 754, 759, 760, 757, 760, 755, 754, 764, 770, 761, 767, 768, 765, 768, 762, 761, 769, 758, 757, 773, 788, 771, 776, 777, 774, 777, 772, 771, 780, 787, 778, 784, 785, 782, 785, 779, 778, 786, 775, 774, 788, 766, 765, 783, 790, 791, 792, 789, 756, 793, 794, 791, 795, 796, 797, 798, 797, 794, 799, 800, 802, 803, 804, 805, 806, 805, 800, 807, 801, 796, 809, 810, 811, 812, 813, 814, 815, 814, 810, 816, 817, 818, 792, 820, 821, 822, 821, 817, 824, 819, 813, 825, 811, 804, 791, 790, 793, 797, 798, 795, 798, 794, 793, 802, 808, 799, 805, 806, 803, 806, 800, 799, 807, 796, 795, 811, 825, 809, 814, 815, 812, 815, 810, 809, 818, 823, 816, 821, 822, 792, 822, 817, 816, 824, 813, 812, 825, 804, 803, 792, 756, 820, 783, 782, 790, 826, 827, 828, 828, 827, 829, 830, 831, 829, 832, 829, 827, 829, 832, 830, 833, 834, 835, 834, 833, 836, 835, 837, 833, 833, 837, 838, 839, 840, 833, 841, 836, 833, 842, 841, 833, 840, 842, 833, 833, 843, 839, 838, 844, 845, 845, 846, 847, 846, 845, 844, 845, 847, 848, 838, 845, 833, 849, 850, 848, 845, 848, 850, 851, 850, 852, 852, 850, 849, 853, 850, 854, 854, 850, 851, 855, 856, 843, 857, 858, 843, 855, 843, 858, 859, 843, 860, 843, 859, 857, 861, 860, 843, 862, 861, 843, 843, 863, 862, 856, 839, 843, 864, 865, 863, 866, 867, 863, 866, 863, 850, 864, 863, 867, 868, 869, 863, 863, 870, 871, 863, 869, 862, 843, 870, 863, 863, 865, 868, 853, 866, 850, 872, 873, 874, 874, 875, 872, 876, 877, 878, 879, 880, 881, 882, 881, 877, 883, 884, 885, 887, 888, 889, 887, 889, 884, 891, 886, 880, 892, 893, 894, 895, 896, 897, 898, 897, 893, 899, 900, 902, 903, 904, 905, 906, 905, 900, 907, 901, 896, 909, 894, 888, 878, 910, 876, 881, 882, 879, 882, 877, 876, 885, 890, 883, 888, 887, 911, 887, 884, 883, 891, 880, 879, 894, 909, 892, 897, 898, 895, 898, 893, 892, 902, 908, 899, 905, 906, 903, 906, 900, 899, 907, 896, 895, 909, 888, 911, 904, 912, 913, 914, 910, 878, 915, 916, 913, 917, 918, 919, 920, 919, 916, 921, 922, 923, 925, 926, 927, 928, 927, 922, 930, 924, 918, 931, 932, 933, 934, 935, 936, 937, 936, 932, 938, 939, 941, 914, 942, 943, 944, 943, 939, 946, 940, 935, 947, 933, 926, 913, 912, 915, 919, 920, 917, 920, 916, 915, 923, 929, 921, 927, 928, 925, 928, 922, 921, 930, 918, 917, 933, 947, 931, 936, 937, 934, 937, 932, 931, 941, 945, 938, 943, 944, 914, 944, 939, 938, 946, 935, 934, 947, 926, 925, 914, 878, 942, 904, 903, 912, 948, 949, 950, 951, 952, 953, 949, 953, 950, 954, 955, 951, 949, 948, 956, 957, 954, 958, 959, 960, 961, 962, 961, 964, 966, 958, 960, 967, 965, 968, 952, 950, 953, 955, 969, 951, 970, 955, 954, 952, 951, 969, 966, 957, 958, 971, 966, 960, 962, 959, 961, 967, 963, 965, 971, 960, 959, 970, 954, 957, 968, 972, 967, 973, 974, 975, 977, 975, 974, 978, 980, 976, 981, 978, 982, 983, 984, 985, 986, 985, 987, 988, 982, 984, 989, 987, 990, 979, 975, 977, 991, 981, 982, 988, 991, 982, 980, 978, 981, 992, 983, 985, 986, 992, 985, 989, 993, 987, 956, 989, 990, 986, 987, 993, 988, 984, 983, 990, 949, 956]
                uniform token subdivisionScheme = "none"
            }

            def Scope "Looks"
            {
                over "Diffuse_1" (
                    prepend specializes = </penholder_assembly/Looks/Diffuse_1>
                )
                {
                }
            }
        }

        def Xform "Fillet001" (
            kind = "component"
        )
        {
            def Mesh "Mesh" (
                prepend apiSchemas = ["MaterialBindingAPI"]
            )
            {
                float3[] extent = [(-50, -95.4, -65), (44.125, 30.4, 0)]
                int[] faceVertexCounts = [3, 3, 3, 3, 3, 3, 3, 3, 3, 3, 3, 3, 3, 3, 3, 3, 3, 3, 3, 3, 3, 3, 3, 3, 3, 3, 3, 3, 3, 3, 3, 3, 3, 3, 3, 3, 3, 3, 3, 3, 3, 3, 3, 3, 3, 3, 3, 3, 3, 3, 3, 3, 3, 3, 3, 3, 3, 3, 3, 3, 3, 3, 3, 3, 3, 3, 3, 3, 3, 3, 3, 3, 3, 3, 3, 3, 3, 3, 3, 3, 3, 3, 3, 3, 3, 3, 3, 3, 3, 3, 3, 3, 3, 3, 3, 3, 3, 3, 3, 3, 3, 3, 3, 3, 3, 3, 3, 3, 3, 3, 3, 3, 3, 3, 3, 3, 3, 3, 3, 3, 3, 3, 3, 3, 3, 3, 3, 3, 3, 3, 3, 3, 3, 3, 3, 3, 3, 3, 3, 3, 3, 3, 3, 3, 3, 3, 3, 3, 3, 3, 3, 3, 3, 3, 3, 3, 3, 3, 3, 3, 3, 3, 3, 3, 3, 3, 3, 3, 3, 3, 3, 3, 3, 3, 3, 3, 3, 3, 3, 3, 3, 3, 3, 3, 3, 3, 3, 3, 3, 3, 3, 3, 3, 3, 3, 3, 3, 3, 3, 3, 3, 3, 3, 3, 3, 3, 3, 3, 3, 3, 3, 3, 3, 3, 3, 3, 3, 3, 3, 3, 3, 3, 3, 3, 3, 3, 3, 3, 3, 3, 3, 3, 3, 3, 3, 3, 3, 3, 3, 3, 3, 3, 3, 3, 3, 3, 3, 3, 3, 3, 3, 3, 3, 3, 3, 3, 3, 3, 3, 3, 3, 3, 3, 3, 3, 3, 3, 3, 3, 3, 3, 3, 3, 3, 3, 3, 3, 3, 3, 3, 3, 3, 3, 3, 3, 3, 3, 3, 3, 3, 3, 3, 3, 3, 3, 3, 3, 3, 3, 3, 3, 3, 3, 3, 3, 3, 3, 3, 3, 3, 3, 3, 3, 3, 3, 3, 3, 3, 3, 3, 3, 3, 3, 3, 3, 3, 3, 3, 3, 3, 3, 3, 3, 3, 3, 3, 3, 3, 3, 3, 3, 3, 3, 3, 3, 3, 3, 3, 3, 3, 3, 3, 3, 3, 3, 3, 3, 3, 3, 3, 3, 3, 3, 3, 3, 3, 3, 3, 3, 3, 3, 3, 3, 3, 3, 3, 3, 3, 3, 3, 3, 3, 3, 3, 3, 3, 3, 3, 3, 3, 3, 3, 3, 3, 3, 3, 3, 3, 3, 3, 3, 3, 3, 3, 3, 3, 3, 3, 3, 3, 3, 3, 3, 3, 3, 3, 3, 3, 3, 3, 3, 3, 3, 3, 3, 3, 3, 3, 3, 3, 3, 3, 3, 3, 3, 3, 3, 3, 3, 3, 3, 3, 3, 3, 3, 3, 3, 3, 3, 3, 3, 3, 3, 3, 3, 3, 3, 3, 3, 3, 3, 3, 3, 3, 3, 3, 3, 3, 3, 3, 3, 3, 3, 3, 3, 3, 3, 3, 3, 3, 3, 3, 3, 3, 3, 3, 3, 3, 3, 3, 3, 3, 3, 3, 3, 3, 3, 3, 3, 3, 3, 3, 3, 3, 3, 3, 3, 3, 3, 3, 3, 3, 3, 3, 3, 3, 3, 3, 3, 3, 3, 3, 3, 3, 3, 3, 3, 3, 3, 3, 3, 3, 3, 3, 3, 3, 3, 3, 3, 3, 3, 3, 3, 3, 3, 3, 3, 3, 3, 3, 3, 3, 3, 3, 3, 3, 3, 3, 3, 3, 3, 3, 3, 3, 3, 3, 3, 3, 3, 3, 3, 3, 3, 3, 3, 3, 3, 3, 3, 3, 3, 3, 3, 3, 3, 3, 3, 3, 3, 3, 3, 3, 3, 3, 3, 3, 3, 3, 3, 3, 3, 3, 3, 3, 3, 3, 3, 3, 3, 3, 3, 3, 3, 3, 3, 3, 3, 3, 3, 3, 3, 3, 3, 3, 3, 3, 3, 3, 3, 3, 3, 3, 3, 3, 3, 3, 3, 3, 3, 3, 3, 3, 3, 3, 3, 3, 3, 3, 3, 3, 3, 3, 3, 3, 3, 3, 3, 3, 3, 3, 3, 3, 3, 3, 3, 3, 3, 3, 3, 3, 3, 3, 3, 3, 3, 3, 3, 3, 3, 3, 3, 3, 3, 3, 3, 3, 3, 3, 3, 3, 3, 3, 3, 3, 3, 3, 3, 3, 3, 3, 3, 3, 3, 3, 3, 3, 3, 3, 3, 3, 3, 3, 3, 3, 3, 3, 3, 3, 3, 3, 3, 3, 3, 3, 3, 3, 3, 3, 3, 3, 3, 3, 3, 3, 3, 3, 3, 3, 3, 3, 3, 3, 3, 3, 3, 3, 3, 3, 3, 3, 3, 3, 3, 3, 3, 3, 3, 3, 3, 3, 3, 3, 3, 3, 3, 3, 3, 3, 3, 3, 3, 3, 3, 3, 3, 3, 3, 3, 3, 3, 3, 3, 3, 3, 3, 3, 3, 3, 3, 3, 3, 3, 3, 3, 3, 3, 3, 3, 3, 3, 3, 3, 3, 3, 3, 3, 3, 3, 3, 3, 3, 3, 3, 3, 3, 3, 3, 3, 3, 3, 3, 3, 3, 3, 3, 3, 3, 3, 3, 3, 3, 3, 3, 3, 3, 3, 3, 3, 3, 3, 3, 3, 3, 3, 3, 3, 3, 3, 3, 3, 3, 3, 3, 3, 3, 3, 3, 3, 3, 3, 3, 3, 3, 3, 3, 3, 3, 3, 3, 3, 3, 3, 3, 3, 3, 3, 3, 3, 3, 3, 3, 3, 3, 3, 3, 3, 3, 3, 3, 3, 3, 3, 3, 3, 3, 3, 3, 3, 3, 3, 3, 3, 3, 3, 3, 3, 3, 3, 3, 3, 3, 3, 3, 3, 3, 3, 3, 3, 3, 3, 3, 3, 3, 3, 3, 3, 3, 3, 3, 3, 3, 3, 3, 3, 3, 3, 3, 3, 3, 3, 3, 3, 3, 3, 3, 3, 3, 3, 3, 3, 3, 3, 3, 3, 3, 3, 3, 3, 3, 3, 3, 3, 3, 3, 3, 3, 3, 3, 3, 3, 3, 3, 3, 3, 3, 3, 3, 3, 3, 3, 3, 3, 3, 3, 3, 3, 3, 3, 3, 3, 3, 3, 3, 3, 3, 3, 3, 3, 3, 3, 3, 3, 3, 3, 3, 3, 3, 3, 3, 3, 3, 3, 3, 3, 3, 3, 3, 3, 3, 3, 3, 3, 3, 3, 3, 3, 3, 3, 3, 3, 3, 3, 3, 3, 3, 3, 3, 3, 3, 3, 3, 3, 3, 3, 3, 3, 3, 3, 3, 3, 3, 3, 3, 3, 3, 3, 3, 3, 3, 3, 3, 3, 3, 3, 3, 3, 3, 3, 3, 3, 3, 3, 3, 3, 3, 3, 3, 3, 3, 3, 3, 3, 3, 3, 3, 3, 3, 3, 3, 3, 3, 3, 3, 3, 3, 3, 3, 3, 3, 3, 3, 3, 3, 3, 3, 3, 3, 3, 3, 3, 3, 3, 3, 3, 3, 3, 3, 3, 3, 3, 3, 3, 3, 3, 3, 3, 3, 3, 3, 3, 3, 3, 3, 3, 3, 3, 3, 3, 3, 3, 3, 3, 3, 3, 3, 3, 3, 3, 3, 3, 3, 3, 3, 3, 3, 3, 3, 3, 3, 3, 3, 3, 3, 3, 3, 3, 3, 3, 3, 3, 3, 3, 3, 3, 3, 3, 3, 3, 3, 3, 3, 3, 3, 3, 3, 3, 3, 3, 3, 3, 3, 3, 3, 3, 3, 3, 3, 3, 3, 3, 3, 3, 3, 3, 3, 3, 3, 3, 3, 3, 3, 3, 3, 3, 3, 3, 3, 3, 3, 3, 3, 3, 3, 3, 3, 3, 3, 3, 3, 3, 3, 3, 3, 3, 3, 3, 3, 3, 3, 3, 3, 3, 3, 3, 3, 3, 3, 3, 3, 3, 3, 3, 3, 3, 3, 3, 3, 3, 3, 3, 3, 3, 3, 3, 3, 3, 3, 3, 3, 3, 3, 3, 3, 3, 3, 3, 3, 3, 3, 3, 3, 3, 3, 3, 3, 3, 3, 3, 3, 3, 3, 3, 3, 3, 3, 3, 3, 3, 3, 3, 3, 3, 3, 3, 3, 3, 3, 3, 3, 3, 3, 3, 3, 3, 3, 3, 3, 3, 3, 3, 3, 3, 3, 3, 3, 3, 3, 3, 3, 3, 3, 3, 3, 3, 3, 3, 3, 3, 3, 3, 3, 3, 3, 3, 3, 3, 3, 3, 3, 3, 3, 3, 3, 3, 3, 3, 3, 3, 3, 3, 3, 3, 3, 3, 3, 3, 3, 3, 3, 3, 3, 3, 3, 3, 3, 3, 3, 3, 3, 3, 3, 3, 3, 3, 3, 3, 3, 3, 3, 3, 3, 3, 3, 3, 3, 3, 3, 3, 3, 3, 3, 3, 3, 3, 3, 3, 3, 3, 3, 3, 3, 3, 3, 3, 3, 3, 3, 3, 3, 3, 3, 3, 3, 3, 3, 3, 3, 3, 3, 3, 3, 3, 3, 3, 3, 3, 3, 3, 3, 3, 3, 3, 3, 3, 3, 3, 3, 3, 3, 3, 3, 3, 3, 3, 3, 3, 3, 3, 3, 3, 3, 3, 3, 3, 3, 3, 3, 3, 3, 3, 3, 3, 3, 3, 3, 3, 3, 3, 3, 3, 3, 3, 3, 3, 3, 3, 3, 3, 3, 3, 3, 3, 3, 3, 3, 3, 3, 3, 3, 3, 3, 3, 3, 3, 3, 3, 3, 3, 3, 3, 3, 3, 3, 3, 3, 3, 3, 3, 3, 3, 3, 3, 3, 3, 3, 3, 3, 3, 3, 3, 3, 3, 3, 3, 3, 3, 3, 3, 3, 3, 3, 3, 3, 3, 3, 3, 3, 3, 3, 3, 3, 3, 3, 3, 3, 3, 3, 3, 3, 3, 3, 3, 3, 3, 3, 3, 3, 3, 3, 3, 3, 3, 3, 3, 3, 3, 3, 3, 3, 3, 3, 3, 3, 3, 3, 3, 3, 3, 3, 3, 3, 3, 3, 3, 3, 3, 3, 3, 3, 3, 3, 3, 3, 3, 3, 3, 3, 3, 3, 3, 3, 3, 3, 3, 3, 3, 3, 3, 3, 3, 3, 3, 3, 3, 3, 3, 3, 3, 3, 3, 3, 3, 3, 3, 3, 3, 3, 3, 3, 3, 3, 3, 3, 3, 3, 3, 3, 3, 3, 3, 3, 3, 3]
                int[] faceVertexIndices = [0, 1, 2, 2, 3, 4, 3, 2, 5, 2, 4, 0, 6, 7, 8, 7, 6, 9, 10, 8, 11, 8, 7, 11, 12, 13, 8, 8, 13, 6, 14, 15, 16, 4, 3, 17, 18, 17, 19, 19, 15, 18, 17, 3, 19, 18, 15, 14, 20, 21, 22, 23, 20, 22, 24, 25, 21, 24, 21, 26, 25, 22, 21, 22, 27, 23, 28, 26, 21, 29, 30, 31, 32, 31, 30, 32, 30, 33, 30, 29, 34, 35, 36, 32, 28, 32, 36, 28, 21, 32, 37, 22, 25, 38, 22, 37, 39, 40, 41, 38, 41, 40, 40, 39, 42, 42, 43, 40, 22, 38, 40, 44, 30, 45, 32, 33, 35, 43, 46, 47, 45, 30, 43, 47, 45, 43, 43, 42, 46, 33, 30, 44, 48, 49, 50, 51, 50, 52, 53, 52, 54, 55, 49, 48, 51, 48, 50, 56, 53, 54, 53, 51, 52, 54, 57, 56, 57, 58, 59, 60, 61, 62, 58, 60, 63, 59, 58, 63, 61, 64, 62, 62, 63, 60, 64, 61, 65, 57, 59, 56, 66, 67, 68, 67, 66, 69, 70, 71, 72, 71, 67, 72, 73, 68, 71, 71, 68, 67, 74, 75, 76, 75, 74, 77, 78, 76, 79, 76, 78, 74, 78, 79, 80, 81, 82, 83, 82, 81, 77, 83, 82, 84, 85, 86, 84, 84, 82, 85, 82, 77, 74, 87, 88, 89, 90, 91, 92, 91, 90, 87, 89, 91, 87, 93, 80, 94, 88, 93, 94, 95, 96, 97, 98, 99, 97, 94, 96, 88, 100, 98, 101, 87, 93, 88, 80, 79, 94, 102, 91, 89, 85, 103, 104, 105, 104, 103, 105, 106, 107, 108, 105, 103, 109, 101, 107, 110, 111, 112, 111, 113, 114, 110, 112, 115, 116, 117, 110, 115, 116, 110, 103, 110, 108, 110, 117, 108, 88, 96, 95, 95, 97, 99, 118, 119, 120, 102, 89, 119, 121, 106, 105, 108, 121, 105, 100, 101, 109, 106, 109, 107, 98, 100, 99, 122, 120, 123, 86, 85, 104, 124, 123, 125, 126, 127, 128, 129, 126, 130, 127, 126, 129, 129, 130, 131, 102, 119, 128, 122, 118, 120, 124, 122, 123, 132, 133, 134, 125, 133, 124, 128, 119, 126, 126, 119, 118, 135, 131, 136, 136, 131, 130, 135, 136, 137, 137, 138, 135, 138, 137, 139, 138, 139, 140, 141, 142, 143, 144, 145, 143, 145, 144, 140, 143, 145, 141, 142, 146, 143, 140, 144, 138, 147, 148, 132, 148, 149, 150, 151, 148, 147, 152, 148, 151, 147, 132, 134, 153, 154, 155, 156, 152, 154, 157, 158, 159, 155, 157, 160, 148, 152, 149, 157, 159, 160, 149, 152, 156, 149, 146, 150, 156, 154, 161, 162, 161, 154, 161, 162, 163, 162, 164, 163, 153, 162, 154, 165, 166, 167, 166, 165, 164, 165, 167, 168, 164, 165, 163, 160, 153, 155, 159, 158, 169, 150, 146, 142, 125, 134, 133, 111, 170, 112, 171, 170, 111, 172, 171, 111, 111, 173, 172, 110, 113, 111, 174, 175, 176, 174, 176, 177, 178, 173, 177, 177, 173, 174, 179, 177, 180, 181, 180, 182, 174, 173, 111, 179, 178, 177, 181, 179, 180, 183, 184, 185, 186, 181, 182, 187, 188, 189, 190, 191, 188, 192, 193, 194, 195, 196, 193, 189, 186, 197, 198, 185, 196, 199, 176, 175, 200, 201, 202, 201, 200, 203, 199, 175, 203, 201, 204, 202, 203, 175, 201, 204, 205, 206, 205, 204, 201, 206, 205, 207, 208, 207, 209, 209, 207, 205, 208, 209, 210, 187, 189, 197, 190, 211, 191, 188, 187, 190, 211, 212, 191, 213, 191, 212, 186, 182, 197, 213, 214, 191, 214, 213, 215, 213, 216, 215, 216, 213, 217, 215, 218, 214, 212, 211, 210, 211, 208, 210, 194, 214, 218, 158, 219, 169, 158, 220, 219, 221, 219, 220, 222, 223, 221, 221, 220, 222, 224, 225, 226, 227, 224, 226, 228, 229, 223, 227, 230, 228, 228, 223, 222, 225, 231, 226, 232, 227, 226, 233, 234, 235, 236, 233, 235, 236, 168, 237, 168, 236, 235, 237, 168, 167, 234, 238, 235, 232, 230, 227, 239, 232, 240, 230, 241, 228, 229, 241, 238, 229, 228, 241, 229, 238, 234, 232, 226, 240, 185, 198, 183, 195, 193, 192, 231, 225, 184, 194, 242, 192, 231, 184, 183, 242, 243, 244, 244, 245, 242, 246, 247, 248, 247, 242, 245, 248, 247, 245, 242, 194, 243, 195, 198, 196, 249, 250, 251, 249, 251, 239, 252, 251, 253, 253, 251, 250, 252, 253, 254, 249, 239, 240, 255, 256, 257, 257, 246, 258, 255, 252, 254, 255, 257, 258, 255, 254, 256, 248, 258, 246, 194, 218, 243, 259, 260, 261, 261, 260, 262, 261, 263, 264, 261, 264, 259, 265, 266, 267, 268, 269, 270, 271, 270, 272, 272, 266, 271, 270, 269, 272, 271, 266, 265, 273, 274, 275, 275, 276, 273, 277, 274, 278, 275, 279, 276, 275, 277, 280, 281, 280, 282, 279, 281, 283, 277, 284, 280, 275, 274, 277, 276, 279, 285, 286, 287, 288, 289, 290, 287, 288, 285, 286, 283, 291, 279, 289, 286, 292, 289, 287, 286, 289, 292, 293, 283, 294, 292, 286, 285, 291, 285, 279, 291, 281, 295, 283, 282, 296, 281, 297, 295, 281, 296, 297, 281, 298, 284, 299, 298, 282, 280, 300, 299, 284, 301, 300, 284, 284, 302, 301, 280, 284, 298, 303, 304, 283, 305, 293, 292, 304, 294, 283, 306, 302, 293, 307, 308, 293, 293, 308, 306, 307, 293, 305, 302, 284, 293, 305, 292, 294, 295, 303, 283, 309, 310, 311, 311, 312, 309, 313, 311, 310, 310, 314, 313, 314, 315, 316, 315, 317, 316, 317, 315, 318, 314, 316, 313, 319, 320, 321, 319, 321, 322, 322, 321, 323, 324, 325, 323, 323, 326, 324, 323, 325, 327, 328, 329, 323, 330, 326, 323, 331, 323, 329, 330, 323, 331, 332, 333, 334, 334, 335, 332, 333, 329, 334, 329, 328, 334, 323, 321, 336, 337, 332, 335, 327, 338, 339, 338, 327, 325, 340, 341, 327, 342, 343, 341, 341, 344, 342, 343, 327, 341, 327, 339, 345, 346, 347, 337, 337, 348, 346, 347, 332, 337, 346, 348, 349, 345, 350, 327, 351, 352, 349, 353, 327, 352, 327, 350, 352, 348, 351, 349, 321, 354, 336, 336, 328, 323, 355, 336, 356, 356, 357, 355, 358, 359, 360, 360, 357, 356, 336, 354, 356, 361, 362, 363, 361, 363, 364, 364, 363, 365, 359, 358, 366, 367, 358, 364, 364, 365, 367, 356, 358, 360, 361, 364, 354, 361, 354, 321, 368, 358, 367, 369, 370, 371, 372, 341, 340, 373, 371, 340, 371, 373, 369, 340, 371, 372, 370, 366, 371, 351, 353, 352, 374, 368, 375, 368, 374, 366, 366, 358, 368, 372, 374, 376, 377, 376, 378, 378, 376, 374, 374, 375, 378, 376, 341, 372, 370, 359, 366, 340, 327, 353, 379, 380, 381, 379, 381, 382, 383, 384, 385, 386, 387, 385, 381, 380, 388, 385, 388, 386, 387, 383, 385, 388, 380, 386, 389, 390, 391, 390, 389, 392, 393, 391, 394, 391, 393, 389, 393, 394, 395, 396, 397, 398, 396, 392, 389, 398, 397, 399, 400, 401, 399, 399, 397, 400, 396, 389, 397, 402, 403, 404, 405, 402, 404, 404, 406, 405, 404, 407, 408, 409, 402, 410, 411, 410, 412, 410, 411, 413, 411, 414, 415, 410, 395, 412, 414, 416, 417, 412, 395, 394, 418, 416, 419, 400, 420, 421, 422, 421, 420, 422, 423, 424, 419, 424, 425, 422, 420, 426, 400, 421, 401, 427, 428, 429, 427, 429, 430, 431, 420, 427, 426, 420, 431, 430, 431, 427, 423, 422, 426, 409, 410, 413, 413, 411, 415, 407, 432, 408, 403, 407, 404, 403, 402, 409, 418, 419, 425, 423, 425, 424, 433, 432, 434, 417, 416, 418, 414, 417, 415, 408, 432, 435, 436, 434, 437, 438, 439, 440, 439, 441, 442, 438, 441, 439, 443, 442, 441, 440, 435, 433, 436, 433, 434, 444, 436, 437, 445, 446, 447, 444, 448, 446, 433, 438, 440, 433, 435, 432, 449, 443, 450, 443, 449, 442, 449, 450, 451, 451, 452, 453, 452, 451, 450, 451, 453, 454, 455, 456, 457, 458, 456, 455, 454, 459, 455, 459, 454, 453, 455, 459, 458, 456, 460, 457, 461, 445, 447, 462, 461, 463, 462, 445, 461, 464, 462, 463, 447, 446, 448, 465, 466, 467, 468, 469, 465, 470, 467, 466, 471, 472, 470, 471, 470, 466, 473, 463, 469, 467, 468, 465, 464, 463, 473, 457, 460, 464, 473, 469, 474, 468, 475, 474, 474, 475, 476, 475, 477, 476, 477, 478, 479, 480, 479, 481, 481, 479, 478, 480, 481, 482, 477, 479, 476, 474, 469, 468, 464, 460, 462, 444, 437, 448, 483, 484, 485, 486, 428, 483, 427, 484, 483, 483, 487, 486, 483, 488, 487, 483, 428, 427, 489, 488, 490, 491, 490, 492, 491, 493, 490, 494, 495, 496, 490, 493, 489, 492, 497, 491, 488, 483, 490, 498, 493, 494, 498, 489, 493, 496, 498, 494, 499, 500, 501, 501, 496, 495, 502, 503, 504, 505, 506, 503, 507, 508, 509, 510, 511, 508, 504, 500, 512, 513, 514, 511, 515, 516, 517, 516, 515, 518, 497, 492, 518, 516, 519, 517, 518, 492, 516, 520, 519, 521, 519, 520, 517, 521, 519, 522, 523, 522, 524, 524, 522, 519, 523, 524, 525, 512, 500, 499, 502, 505, 503, 504, 512, 502, 506, 505, 526, 502, 527, 505, 501, 495, 499, 526, 528, 506, 528, 526, 529, 526, 530, 529, 530, 526, 531, 509, 529, 507, 505, 527, 525, 527, 523, 525, 528, 529, 509, 532, 533, 534, 532, 535, 471, 535, 532, 534, 534, 533, 536, 537, 538, 539, 540, 538, 537, 541, 542, 543, 540, 543, 538, 536, 533, 542, 539, 544, 545, 540, 546, 543, 547, 548, 549, 480, 550, 549, 482, 550, 480, 549, 550, 547, 548, 551, 549, 552, 542, 541, 543, 546, 541, 552, 536, 542, 553, 552, 551, 553, 536, 552, 553, 551, 548, 546, 554, 555, 546, 540, 554, 472, 471, 535, 544, 514, 556, 514, 513, 556, 545, 537, 539, 510, 557, 558, 556, 545, 544, 510, 559, 557, 557, 560, 558, 561, 560, 562, 561, 558, 560, 510, 508, 559, 513, 511, 510, 563, 561, 562, 564, 565, 566, 564, 566, 555, 566, 567, 568, 567, 566, 565, 568, 567, 569, 564, 555, 554, 570, 563, 571, 571, 563, 562, 570, 571, 572, 569, 573, 572, 572, 573, 570, 569, 572, 568, 507, 559, 508, 574, 575, 576, 577, 578, 579, 580, 581, 579, 577, 579, 581, 582, 583, 577, 584, 585, 586, 587, 584, 588, 589, 580, 590, 581, 580, 589, 591, 592, 593, 574, 594, 585, 595, 590, 591, 596, 582, 581, 581, 589, 597, 596, 597, 586, 596, 598, 582, 594, 576, 599, 599, 596, 594, 574, 576, 594, 599, 598, 596, 581, 597, 596, 598, 599, 582, 597, 589, 600, 600, 589, 595, 593, 595, 591, 595, 593, 601, 597, 588, 586, 588, 597, 600, 602, 600, 601, 585, 594, 586, 595, 601, 600, 586, 594, 596, 589, 590, 595, 588, 584, 586, 577, 581, 582, 603, 604, 605, 606, 593, 592, 606, 607, 608, 607, 606, 592, 609, 608, 607, 606, 608, 610, 611, 593, 606, 612, 613, 614, 615, 616, 609, 617, 616, 615, 609, 616, 608, 576, 575, 599, 603, 618, 613, 608, 616, 619, 601, 611, 605, 593, 611, 601, 611, 606, 610, 611, 610, 618, 587, 588, 602, 605, 602, 601, 618, 605, 611, 604, 602, 605, 619, 614, 610, 602, 588, 600, 620, 619, 617, 619, 610, 608, 612, 614, 620, 620, 614, 619, 614, 618, 610, 619, 616, 617, 603, 605, 618, 587, 602, 604, 613, 618, 614, 583, 578, 577, 621, 622, 623, 623, 624, 621, 625, 626, 627, 626, 628, 627, 628, 626, 629, 628, 629, 630, 631, 632, 633, 633, 630, 631, 634, 633, 632, 631, 630, 629, 635, 636, 637, 638, 639, 640, 641, 638, 636, 642, 640, 643, 644, 645, 646, 645, 642, 647, 648, 644, 649, 637, 650, 635, 638, 641, 639, 641, 636, 635, 642, 643, 647, 644, 646, 649, 646, 645, 647, 643, 640, 639, 648, 651, 652, 653, 650, 637, 654, 655, 652, 656, 657, 658, 656, 658, 655, 659, 660, 661, 662, 663, 664, 659, 664, 660, 665, 661, 657, 652, 651, 654, 657, 656, 665, 656, 655, 654, 661, 666, 659, 663, 662, 653, 662, 664, 659, 666, 661, 665, 653, 637, 663, 648, 649, 651, 667, 668, 669, 669, 668, 670, 669, 671, 672, 669, 672, 667, 673, 674, 675, 673, 675, 676, 677, 678, 679, 680, 681, 679, 675, 674, 682, 679, 682, 680, 681, 677, 679, 682, 674, 680, 683, 684, 685, 684, 683, 686, 687, 685, 688, 685, 687, 683, 686, 689, 684, 690, 688, 685, 691, 692, 693, 693, 694, 695, 694, 693, 696, 693, 695, 691, 697, 698, 699, 700, 701, 702, 703, 698, 701, 704, 705, 706, 702, 706, 707, 708, 704, 709, 710, 711, 709, 712, 710, 713, 714, 715, 716, 717, 713, 715, 718, 719, 720, 721, 722, 723, 724, 720, 722, 725, 716, 719, 726, 723, 727, 707, 706, 705, 705, 704, 708, 709, 711, 708, 728, 697, 699, 699, 698, 703, 700, 703, 701, 707, 700, 702, 724, 722, 721, 721, 723, 726, 714, 717, 715, 712, 713, 717, 716, 725, 714, 711, 710, 712, 725, 719, 718, 724, 718, 720, 729, 726, 727, 727, 730, 729, 730, 731, 732, 733, 734, 735, 731, 733, 736, 737, 738, 739, 740, 741, 742, 738, 740, 743, 734, 737, 744, 745, 746, 747, 746, 748, 749, 750, 751, 752, 753, 754, 755, 751, 753, 756, 748, 750, 757, 741, 745, 758, 743, 740, 742, 742, 741, 758, 739, 738, 743, 732, 731, 736, 744, 735, 734, 737, 739, 744, 733, 735, 736, 755, 754, 759, 760, 761, 759, 761, 760, 762, 756, 753, 755, 747, 746, 749, 752, 757, 750, 751, 756, 752, 748, 757, 749, 747, 758, 745, 760, 759, 754, 730, 732, 729, 763, 764, 765, 764, 763, 766, 764, 767, 768, 767, 764, 766, 769, 770, 771, 772, 773, 774, 771, 775, 774, 775, 771, 770, 774, 776, 772, 776, 774, 775, 777, 778, 779, 778, 777, 780, 779, 778, 781, 782, 778, 780, 783, 784, 785, 786, 787, 788, 784, 786, 789, 790, 783, 785, 788, 789, 786, 791, 788, 787, 784, 789, 785, 787, 792, 791, 792, 793, 794, 793, 795, 796, 794, 793, 796, 797, 798, 799, 797, 796, 795, 799, 798, 800, 798, 797, 795, 792, 794, 791, 801, 802, 803, 804, 805, 806, 807, 806, 802, 808, 809, 810, 811, 812, 813, 814, 813, 809, 815, 810, 805, 807, 802, 801, 804, 806, 807, 805, 804, 815, 810, 815, 808, 808, 814, 809, 814, 811, 813, 811, 816, 812, 816, 817, 812, 818, 801, 803, 819, 820, 817, 821, 822, 823, 819, 823, 820, 824, 825, 826, 827, 818, 828, 829, 828, 825, 830, 826, 822, 817, 831, 819, 823, 832, 821, 832, 823, 819, 826, 830, 824, 828, 829, 827, 829, 825, 824, 822, 821, 830, 827, 801, 818, 816, 831, 817, 833, 834, 835, 836, 837, 838, 839, 838, 834, 840, 841, 842, 843, 844, 845, 846, 845, 841, 847, 842, 837, 833, 839, 834, 839, 836, 838, 837, 836, 847, 840, 842, 847, 843, 845, 846, 840, 846, 841, 843, 848, 844, 848, 849, 844, 850, 833, 835, 851, 852, 849, 853, 854, 855, 856, 855, 852, 857, 858, 859, 860, 850, 861, 860, 861, 858, 862, 859, 854, 849, 863, 851, 855, 856, 853, 856, 852, 851, 859, 862, 857, 850, 860, 864, 860, 858, 857, 862, 854, 853, 864, 833, 850, 848, 863, 849, 865, 866, 867, 868, 869, 870, 871, 872, 873, 874, 872, 875, 869, 866, 876, 874, 877, 878, 878, 879, 880, 868, 881, 873, 882, 880, 883, 884, 882, 885, 884, 886, 887, 888, 887, 889, 890, 888, 891, 892, 893, 894, 893, 890, 895, 896, 897, 898, 899, 896, 900, 901, 902, 903, 904, 903, 905, 901, 906, 907, 906, 899, 908, 897, 892, 909, 910, 904, 911, 870, 869, 876, 881, 868, 870, 871, 875, 872, 875, 877, 874, 873, 881, 871, 879, 878, 877, 885, 882, 883, 886, 884, 885, 879, 883, 880, 887, 886, 889, 866, 865, 876, 895, 890, 891, 894, 893, 895, 909, 898, 897, 892, 894, 909, 898, 900, 896, 889, 891, 888, 908, 899, 900, 907, 906, 908, 903, 902, 912, 905, 903, 912, 905, 911, 904, 901, 907, 902, 910, 913, 914, 915, 865, 867, 916, 914, 917, 918, 916, 919, 920, 921, 922, 920, 923, 924, 921, 918, 925, 926, 927, 928, 929, 926, 930, 931, 932, 933, 934, 931, 935, 932, 929, 936, 927, 924, 937, 938, 939, 940, 941, 938, 942, 943, 944, 945, 946, 943, 947, 944, 941, 948, 949, 950, 951, 952, 950, 946, 953, 954, 955, 956, 954, 957, 915, 956, 958, 959, 939, 934, 960, 955, 949, 914, 913, 917, 916, 917, 919, 925, 922, 921, 923, 920, 922, 924, 923, 937, 925, 918, 919, 926, 928, 930, 932, 936, 933, 931, 933, 935, 936, 929, 930, 928, 927, 937, 939, 959, 940, 938, 940, 942, 944, 948, 945, 943, 945, 947, 948, 941, 942, 950, 952, 951, 960, 949, 951, 954, 953, 957, 956, 957, 958, 960, 953, 955, 952, 946, 947, 959, 934, 935, 958, 865, 915, 910, 911, 913, 961, 962, 963, 964, 965, 966, 967, 966, 962, 968, 969, 970, 971, 972, 973, 974, 973, 969, 975, 970, 965, 967, 962, 961, 964, 966, 967, 965, 964, 975, 970, 975, 968, 968, 974, 969, 974, 971, 973, 971, 976, 972, 976, 977, 972, 978, 961, 963, 979, 980, 977, 981, 982, 983, 979, 983, 980, 984, 985, 986, 987, 978, 988, 989, 988, 985, 990, 986, 982, 977, 991, 979, 983, 992, 981, 992, 983, 979, 986, 990, 984, 988, 989, 987, 989, 985, 984, 982, 981, 990, 987, 961, 978, 976, 991, 977, 993, 994, 995, 996, 997, 998, 999, 998, 994, 1000, 1001, 1002, 1003, 1004, 1005, 1006, 1005, 1001, 1007, 1002, 997, 1008, 994, 993, 999, 994, 1008, 998, 999, 996, 1007, 997, 996, 1006, 1001, 1000, 1007, 1000, 1002, 1006, 1003, 1005, 1004, 1009, 1010, 1011, 993, 995, 1012, 1013, 1010, 1014, 1015, 1016, 1017, 1016, 1013, 1018, 1019, 1020, 1021, 1011, 1022, 1023, 1022, 1019, 1024, 1020, 1015, 1010, 1009, 1012, 1016, 1017, 1014, 1017, 1013, 1012, 1020, 1024, 1018, 1022, 1023, 1021, 1023, 1019, 1018, 1024, 1015, 1014, 1021, 993, 1011, 1004, 1003, 1009, 1025, 1026, 1027, 1028, 1029, 1030, 1031, 1030, 1026, 1032, 1033, 1034, 1035, 1036, 1037, 1038, 1037, 1033, 1039, 1034, 1029, 1025, 1031, 1026, 1031, 1028, 1030, 1029, 1028, 1039, 1032, 1034, 1039, 1035, 1037, 1038, 1032, 1038, 1033, 1035, 1040, 1036, 1040, 1041, 1036, 1042, 1025, 1027, 1043, 1044, 1041, 1045, 1046, 1047, 1048, 1047, 1044, 1049, 1050, 1051, 1052, 1042, 1053, 1054, 1053, 1050, 1055, 1051, 1046, 1041, 1056, 1043, 1047, 1048, 1045, 1048, 1044, 1043, 1051, 1055, 1049, 1053, 1054, 1052, 1054, 1050, 1049, 1055, 1046, 1045, 1052, 1025, 1042, 1040, 1056, 1041, 1057, 1058, 1059, 260, 259, 1060, 1058, 1061, 1062, 1060, 1062, 1061, 1061, 260, 1060, 1058, 1062, 1059, 1063, 1064, 1065, 1065, 1066, 1063, 1067, 1068, 1069, 1069, 1070, 1067, 1071, 1072, 1073, 1073, 1074, 1071, 1075, 1076, 1077, 1076, 1075, 1078, 1079, 1080, 1081, 1081, 1082, 1079, 1083, 1084, 1085, 1085, 1086, 1083, 1087, 1088, 1089, 1089, 1090, 1087, 1091, 1092, 1093, 1092, 1091, 1094, 1095, 1096, 1097, 1097, 1098, 1095, 1099, 1100, 1101, 1102, 1103, 1104, 1105, 1104, 1100, 1106, 1107, 1108, 1109, 1110, 1111, 1112, 1111, 1107, 1113, 1108, 1103, 1100, 1099, 1114, 1104, 1105, 1102, 1105, 1100, 1114, 1108, 1113, 1106, 1111, 1112, 1109, 1112, 1107, 1106, 1113, 1103, 1102, 1110, 1115, 1116, 1117, 1099, 1101, 1118, 1119, 1116, 1120, 1121, 1122, 1120, 1122, 1119, 1123, 1124, 1125, 1126, 1117, 1127, 1123, 1127, 1124, 1128, 1125, 1121, 1116, 1115, 1118, 1121, 1120, 1128, 1120, 1119, 1118, 1125, 1129, 1123, 1117, 1126, 1130, 1126, 1127, 1123, 1129, 1125, 1128, 1130, 1099, 1117, 1110, 1109, 1115, 1131, 1132, 1133, 1134, 1135, 1136, 1137, 1138, 1136, 1134, 1136, 1138, 1139, 1140, 1134, 1141, 1142, 1143, 1144, 1141, 1145, 1146, 1137, 1147, 1138, 1137, 1146, 1148, 1149, 1150, 1131, 1151, 1142, 1152, 1147, 1148, 1153, 1139, 1138, 1138, 1146, 1154, 1153, 1154, 1143, 1153, 1155, 1139, 1151, 1133, 1156, 1156, 1153, 1151, 1131, 1133, 1151, 1156, 1155, 1153, 1138, 1154, 1153, 1155, 1156, 1139, 1154, 1146, 1157, 1157, 1146, 1152, 1150, 1152, 1148, 1152, 1150, 1158, 1154, 1145, 1143, 1145, 1154, 1157, 1159, 1157, 1158, 1142, 1151, 1143, 1152, 1158, 1157, 1143, 1151, 1153, 1146, 1147, 1152, 1145, 1141, 1143, 1134, 1138, 1139, 1160, 1161, 1162, 1163, 1150, 1149, 1163, 1164, 1165, 1164, 1163, 1149, 1166, 1165, 1164, 1163, 1165, 1167, 1168, 1150, 1163, 1169, 1170, 1171, 1172, 1173, 1166, 1174, 1173, 1172, 1166, 1173, 1165, 1133, 1132, 1156, 1160, 1175, 1170, 1165, 1173, 1176, 1158, 1168, 1162, 1150, 1168, 1158, 1168, 1163, 1167, 1168, 1167, 1175, 1144, 1145, 1159, 1162, 1159, 1158, 1175, 1162, 1168, 1161, 1159, 1162, 1176, 1171, 1167, 1159, 1145, 1157, 1177, 1176, 1174, 1176, 1167, 1165, 1169, 1171, 1177, 1177, 1171, 1176, 1171, 1175, 1167, 1176, 1173, 1174, 1160, 1162, 1175, 1144, 1159, 1161, 1170, 1175, 1171, 1140, 1135, 1134, 1178, 1179, 1180, 1180, 1181, 1178, 1179, 1182, 1180, 1183, 1184, 1185, 1185, 1182, 1183, 1183, 1182, 1179, 406, 1186, 1187, 1187, 405, 406, 1186, 1188, 1187, 1188, 1189, 1190, 1190, 1191, 1188, 1188, 1191, 1187, 1192, 1193, 1194, 1195, 1194, 1193, 1193, 1196, 1195, 1196, 1197, 1198, 1199, 1198, 1197, 1196, 1198, 1195, 1200, 1201, 1202, 1203, 1204, 1205, 1200, 1206, 1207, 1208, 1209, 1205, 1210, 1211, 1212, 1213, 1214, 1215, 1210, 1216, 1214, 1207, 1217, 1211, 1218, 1219, 1220, 1221, 1205, 1204, 1221, 1218, 1220, 1221, 1220, 1222, 1205, 1221, 1223, 1219, 1224, 1220, 1221, 1204, 1218, 1225, 1226, 1227, 1225, 1227, 1228, 1224, 1226, 1229, 1226, 1224, 1230, 1226, 1230, 1227, 1226, 1225, 1231, 1228, 1232, 1225, 1230, 1224, 1219, 1220, 1224, 1233, 1223, 1208, 1205, 1234, 1235, 1236, 1237, 1238, 1239, 1240, 1237, 1241, 1234, 1242, 1238, 1243, 1244, 1245, 1246, 1247, 1248, 1249, 1246, 1250, 1243, 1251, 1247, 1240, 1252, 1244, 1253, 1254, 1255, 1232, 1254, 1253, 1232, 1228, 1254, 1256, 1257, 1255, 1258, 1259, 1256, 1260, 1261, 1262, 1263, 1264, 1265, 1266, 1267, 1260, 1258, 1263, 1268, 1269, 1264, 1267, 1270, 1261, 1271, 1271, 1272, 1273, 1213, 1274, 1235, 1225, 1232, 1275, 1206, 1276, 1277, 1277, 1221, 1222, 1222, 1233, 1212, 1233, 1222, 1220, 1229, 1233, 1224, 1233, 1229, 1216, 1221, 1277, 1223, 1277, 1222, 1217, 1232, 1278, 1275, 1257, 1253, 1255, 1275, 1231, 1225, 1257, 1279, 1253, 1257, 1259, 1280, 1231, 1275, 1274, 1257, 1256, 1259, 1231, 1229, 1226, 1232, 1253, 1278, 1229, 1231, 1215, 1202, 1206, 1200, 1206, 1277, 1217, 1217, 1212, 1211, 1212, 1217, 1222, 1216, 1212, 1233, 1212, 1216, 1210, 1206, 1202, 1276, 1206, 1217, 1207, 1215, 1231, 1274, 1215, 1216, 1229, 1279, 1278, 1253, 1242, 1278, 1279, 1274, 1236, 1235, 1274, 1275, 1236, 1242, 1236, 1278, 1236, 1242, 1234, 1279, 1280, 1239, 1215, 1274, 1213, 1275, 1278, 1236, 1216, 1215, 1214, 1257, 1280, 1279, 1277, 1276, 1223, 1268, 1265, 1281, 1265, 1268, 1263, 1280, 1282, 1241, 1280, 1259, 1282, 1281, 1282, 1268, 1282, 1281, 1252, 1269, 1283, 1265, 1282, 1259, 1268, 1265, 1283, 1281, 1266, 1269, 1267, 1284, 1266, 1262, 1270, 1262, 1261, 1273, 1270, 1271, 1285, 1262, 1270, 1266, 1260, 1262, 1286, 1269, 1266, 1265, 1264, 1269, 1270, 1273, 1287, 1280, 1241, 1239, 1283, 1245, 1281, 1241, 1252, 1240, 1241, 1282, 1252, 1252, 1281, 1245, 1252, 1245, 1244, 1286, 1251, 1283, 1239, 1241, 1237, 1286, 1284, 1248, 1284, 1286, 1266, 1285, 1284, 1262, 1284, 1285, 1250, 1251, 1248, 1247, 1248, 1251, 1286, 1250, 1248, 1284, 1248, 1250, 1246, 1285, 1287, 1288, 1251, 1245, 1283, 1283, 1269, 1286, 1245, 1251, 1243, 1270, 1287, 1285, 1239, 1242, 1279, 1259, 1258, 1268, 1242, 1239, 1238, 1223, 1276, 1208, 1289, 1290, 1291, 1272, 1292, 1293, 1289, 1294, 1295, 1293, 1273, 1272, 1296, 1297, 1298, 1299, 1300, 1301, 1296, 1302, 1300, 1295, 1303, 1297, 1292, 1304, 1293, 1304, 1292, 1305, 1304, 1306, 1307, 1306, 1304, 1305, 1306, 1305, 1308, 1306, 1309, 1310, 1309, 1306, 1308, 1293, 1304, 1311, 1312, 1313, 1314, 1313, 1315, 1316, 1314, 1316, 1317, 1316, 1314, 1313, 1318, 1316, 1315, 1316, 1318, 1319, 1318, 1315, 1320, 1312, 1314, 1309, 1308, 1312, 1309, 1309, 1314, 1321, 1322, 1273, 1293, 1323, 1324, 1325, 1326, 1327, 1328, 1329, 1326, 1330, 1323, 1331, 1327, 1332, 1333, 1334, 1335, 1336, 1337, 1332, 1338, 1336, 1329, 1339, 1333, 1320, 1340, 1341, 1340, 1342, 1341, 1342, 1340, 1343, 1344, 1342, 1343, 1341, 1342, 1345, 1320, 1341, 1318, 1346, 1347, 1348, 1349, 1347, 1350, 1351, 1346, 1352, 1350, 1353, 1354, 1344, 1343, 1351, 1355, 1356, 1353, 1299, 1357, 1324, 1318, 1341, 1358, 1287, 1322, 1291, 1273, 1322, 1287, 1311, 1307, 1303, 1311, 1304, 1307, 1307, 1306, 1310, 1307, 1310, 1298, 1293, 1311, 1322, 1322, 1311, 1294, 1314, 1317, 1321, 1321, 1310, 1309, 1317, 1319, 1357, 1317, 1316, 1319, 1319, 1318, 1358, 1319, 1358, 1325, 1345, 1358, 1341, 1321, 1317, 1301, 1342, 1344, 1359, 1310, 1321, 1302, 1288, 1291, 1290, 1288, 1287, 1291, 1294, 1303, 1295, 1294, 1311, 1303, 1303, 1307, 1298, 1303, 1298, 1297, 1322, 1294, 1291, 1291, 1294, 1289, 1321, 1301, 1302, 1302, 1298, 1310, 1317, 1357, 1301, 1302, 1301, 1300, 1357, 1325, 1324, 1357, 1319, 1325, 1325, 1358, 1331, 1325, 1331, 1323, 1345, 1359, 1328, 1301, 1357, 1299, 1331, 1358, 1345, 1298, 1302, 1296, 1342, 1359, 1345, 1288, 1250, 1285, 1352, 1348, 1360, 1348, 1352, 1346, 1359, 1361, 1330, 1359, 1344, 1361, 1360, 1361, 1352, 1361, 1360, 1339, 1349, 1362, 1348, 1361, 1344, 1352, 1363, 1349, 1354, 1354, 1349, 1350, 1355, 1364, 1356, 1364, 1365, 1356, 1354, 1356, 1365, 1354, 1353, 1356, 1362, 1360, 1348, 1348, 1347, 1349, 1359, 1330, 1328, 1362, 1334, 1360, 1330, 1339, 1329, 1330, 1361, 1339, 1339, 1360, 1334, 1339, 1334, 1333, 1363, 1338, 1362, 1328, 1330, 1326, 1337, 1363, 1365, 1365, 1363, 1354, 1365, 1364, 1366, 1337, 1365, 1366, 1363, 1337, 1338, 1335, 1337, 1366, 1338, 1337, 1336, 1338, 1334, 1362, 1362, 1349, 1363, 1334, 1338, 1332, 1328, 1331, 1345, 1344, 1351, 1352, 1331, 1328, 1327, 1202, 1201, 1276, 1249, 1288, 1290, 1250, 1288, 1249, 1209, 1203, 1205, 1367, 1368, 1369, 1370, 1369, 1368, 1368, 1371, 1370, 1371, 1372, 1373, 1374, 1373, 1372, 1371, 1373, 1370, 1375, 1376, 1377, 1377, 1378, 1375, 1376, 1379, 1377, 1380, 1381, 1382, 1382, 1379, 1380, 1380, 1379, 1376, 531, 1383, 530, 1384, 530, 1383, 1383, 1385, 1384, 1385, 1386, 1387, 1387, 1388, 1385, 1385, 1388, 1384, 1389, 1390, 1391, 1391, 1392, 1389, 1393, 1394, 1395, 1394, 1393, 1396, 1395, 1397, 1398, 1397, 1395, 1394, 1396, 1399, 1394, 1400, 1398, 1397, 1401, 1402, 1403, 1404, 1403, 1402, 1405, 1406, 1407, 1406, 1405, 1408, 1409, 1408, 1405, 1410, 1409, 1405, 1405, 1411, 1410, 1412, 1407, 1413, 1407, 1412, 1405, 1414, 1415, 1412, 1413, 1414, 1412, 1412, 1415, 1416, 1417, 1418, 1411, 1419, 1411, 1420, 1411, 1419, 1417, 1420, 1411, 1421, 1418, 1410, 1411, 1416, 1422, 1421, 1423, 1424, 1421, 1421, 1424, 1420, 1423, 1421, 1422, 1416, 1421, 1412, 1425, 1426, 1427, 1426, 1425, 1428, 1429, 1430, 1431, 1431, 1432, 1429, 1433, 1434, 1435, 1436, 1437, 1438, 1435, 1439, 1440, 1439, 1435, 1434, 1438, 1440, 1436, 1440, 1438, 1435, 1441, 1442, 1443, 1443, 1444, 1441, 1445, 1446, 1447, 1446, 1445, 1448, 1449, 1448, 1445, 1450, 1449, 1445, 1445, 1451, 1450, 1452, 1447, 1453, 1447, 1452, 1445, 1454, 1455, 1452, 1453, 1454, 1452, 1452, 1455, 1456, 1457, 1458, 1451, 1459, 1451, 1460, 1451, 1459, 1457, 1460, 1451, 1461, 1458, 1450, 1451, 1456, 1462, 1461, 1463, 1464, 1461, 1461, 1464, 1460, 1463, 1461, 1462, 1456, 1461, 1452, 1465, 1466, 1467, 1467, 1468, 1465, 1469, 1470, 1471, 1471, 1472, 1469, 1473, 1474, 1475, 1476, 1477, 1478, 1479, 1478, 1474, 1480, 1481, 1482, 1483, 1484, 1485, 1486, 1485, 1481, 1487, 1482, 1477, 1475, 1488, 1473, 1478, 1479, 1476, 1479, 1474, 1473, 1482, 1487, 1480, 1485, 1486, 1483, 1486, 1481, 1480, 1487, 1477, 1476, 1483, 1489, 1484, 1490, 1488, 1475, 1489, 1491, 1492, 1493, 1494, 1495, 1496, 1495, 1491, 1497, 1498, 1499, 1500, 1501, 1502, 1503, 1502, 1498, 1504, 1499, 1494, 1491, 1489, 1496, 1494, 1493, 1504, 1493, 1495, 1496, 1498, 1497, 1503, 1501, 1500, 1490, 1500, 1502, 1503, 1497, 1499, 1504, 1490, 1475, 1501, 1484, 1489, 1492, 1505, 1506, 1507, 1507, 1508, 1505, 1509, 1510, 1511, 1512, 1513, 1514, 1515, 1514, 1510, 1516, 1517, 1518, 1519, 1520, 1521, 1522, 1521, 1517, 1523, 1518, 1513, 1511, 1524, 1509, 1514, 1515, 1512, 1515, 1510, 1509, 1518, 1523, 1516, 1521, 1522, 1519, 1522, 1517, 1516, 1523, 1513, 1512, 1519, 1525, 1520, 1526, 1524, 1511, 1525, 1527, 1528, 1529, 1530, 1531, 1532, 1531, 1527, 1533, 1534, 1535, 1536, 1537, 1538, 1539, 1538, 1534, 1540, 1535, 1530, 1527, 1525, 1532, 1530, 1529, 1540, 1529, 1531, 1532, 1534, 1533, 1539, 1537, 1536, 1526, 1536, 1538, 1539, 1533, 1535, 1540, 1526, 1511, 1537, 1520, 1525, 1528, 1541, 1542, 1543, 1541, 1543, 1544, 1545, 1541, 1544, 1546, 1541, 1547, 1548, 1549, 1547, 1550, 1547, 1541, 1551, 1544, 1552, 1551, 1553, 1545, 1554, 1545, 1553, 1545, 1550, 1541, 1547, 1550, 1548, 1555, 1550, 1545, 1556, 1555, 1545, 1544, 1551, 1545, 1557, 1558, 1559, 1557, 1559, 1560, 1561, 1557, 1560, 1562, 1557, 1563, 1564, 1565, 1563, 1566, 1563, 1557, 1567, 1560, 1568, 1567, 1569, 1561, 1570, 1561, 1569, 1561, 1566, 1557, 1563, 1566, 1564, 1571, 1566, 1561, 1572, 1571, 1561, 1560, 1567, 1561]
                rel material:binding = </penholder_assembly/Prototypes/Fillet001/Looks/Diffuse>
                uniform token orientation = "rightHanded"
                point3f[] points = [(7.5, -95.4, -30), (7.5, -80.4, -30), (7.5, -80.4, -10), (7.5, -29.460312, -1), (7.5, -95.4, -1), (7.5, -29.460312, -10), (28, -95.4, -34), (7.5, -95.4, -30), (-7.5, -95.4, -30), (28, -95.4, -30), (-7.5, -95.4, -1), (7.5, -95.4, -1), (-48, -95.4, -30), (-48, -95.4, -34), (6.5, -94.4, -2.9865e-14), (7.1754503, -29.206945, -0.26259452), (6.5, -28.67246, -2.842171e-14), (7.4238796, -95.32388, -0.61731654), (7.2071066, -95.10711, -0.29289323), (7.410628, -29.39076, -0.5867722), (29.84776, -94.16537, -30), (30, -93.4, -30), (28, -95.4, -30), (29.414213, -94.81422, -30), (23.596016, -88.99602, -30), (23.093159, -89.332016, -30), (23.932013, -88.49316, -30), (28.765368, -95.24776, -30), (24.05, -87.9, -30), (29.414213, -80.98579, -30), (28, -80.4, -30), (29.84776, -81.634636, -30), (30, -82.4, -30), (23.093159, -86.46799, -30), (28.765368, -80.55224, -30), (23.596016, -86.803986, -30), (23.932013, -87.30684, -30), (22.5, -89.45, -30), (21.906841, -89.332016, -30), (21.067987, -88.49316, -30), (7.5, -95.4, -30), (21.403984, -88.99602, -30), (20.95, -87.9, -30), (7.5, -80.4, -30), (22.5, -86.35, -30), (21.906841, -86.46799, -30), (21.067987, -87.30684, -30), (21.403984, -86.803986, -30), (11.429108, -28.169762, -1), (7.5, -29.460312, -10), (11.429108, -28.169762, -10), (15.146698, -26.357874, -1), (15.146698, -26.357874, -10), (18.583967, -24.058182, -1), (18.583967, -24.058182, -10), (7.5, -29.460312, -1), (21.677305, -21.313246, -1), (21.677305, -21.313246, -10), (24.369461, -18.173866, -10), (24.369461, -18.173866, -1), (26.610611, -14.698142, -10), (28.35928, -10.9504, -10), (28.35928, -10.9504, -1), (26.610611, -14.698142, -1), (29.583103, -7, -1), (29.583103, -7, -10), (-48, -80.4, -34), (-7.5, -80.4, -30), (28, -80.4, -34), (-48, -80.4, -30), (7.5, -80.4, -10), (7.5, -80.4, -30), (-7.5, -80.4, -10), (28, -80.4, -30), (21.677305, -21.313246, -10), (20.495502, -18.844854, -10), (20.727669, -17.67767, -10), (19.834345, -19.834345, -10), (24.369461, -18.173866, -10), (20.495502, -16.510485, -10), (26.610611, -14.698142, -10), (18.844854, -20.495502, -10), (18.583967, -24.058182, -10), (17.67767, -20.727669, -10), (16.510485, -20.495502, -10), (15.146698, -26.357874, -10), (15.520994, -19.834345, -10), (29.583103, -7, -10), (15.393772, -1.8115677, -10), (15.5, 0, -10), (30.125, -7, -10), (29.583103, 7, -10), (30.125, 7, -10), (28.35928, -10.9504, -10), (19.834345, -15.520994, -10), (15.076545, -3.5983045, -10), (18.844854, -14.859837, -10), (17.67767, -14.627669, -10), (16.510485, -14.859837, -10), (14.552666, -5.33572, -10), (13.829317, -7, -10), (15.520994, -15.520994, -10), (28.894766, 9.447352, -10), (11.429108, -28.169762, -10), (14.859837, -18.844854, -10), (14.627669, -17.67767, -10), (11.403019, -10.498627, -10), (14.859837, -16.510485, -10), (8.116342, -13.205112, -10), (12.736867, -8.833018, -10), (7.5, -29.460312, -10), (-7.5, -29.460312, -10), (2.7014521e-12, -15.5, -10), (7.5, -80.4, -10), (-7.5, -80.4, -10), (2.128809, -15.353116, -10), (4.2172713, -14.915248, -10), (6.2258043, -14.1946945, -10), (18.844854, 14.859837, -10), (15.393772, 1.8115677, -10), (15.076545, 3.5983045, -10), (9.853051, -11.965257, -10), (17.67767, 14.627669, -10), (14.552666, 5.33572, -10), (16.510485, 14.859837, -10), (13.829317, 7, -10), (19.834345, 15.520994, -10), (26.918072, 14.127186, -10), (28.004347, 11.828632, -10), (25.64354, 16.326937, -10), (20.495502, 16.510485, -10), (24.189663, 18.412502, -10), (14.859837, 16.510485, -10), (15.520994, 15.520994, -10), (12.736867, 8.833018, -10), (22.566608, 20.369295, -10), (20.727669, 17.67767, -10), (20.495502, 18.844854, -10), (20.785728, 22.18363, -10), (19.834345, 19.834345, -10), (18.844854, 20.495502, -10), (16.510485, 20.495502, -10), (15.520994, 19.834345, -10), (16.801332, 25.335257, -10), (18.85948, 23.84282, -10), (17.67767, 20.727669, -10), (14.625681, 26.650505, -10), (11.403019, 10.498627, -10), (14.627669, 17.67767, -10), (12.347741, 27.779367, -10), (14.859837, 18.844854, -10), (9.853051, 11.965257, -10), (8.116342, 13.205112, -10), (2.7716386, 23.85195, -10), (6.2258043, 14.1946945, -10), (4.2172713, 14.915248, -10), (9.983444, 28.71395, -10), (2.128809, 15.353116, -10), (2.7079808e-12, 15.5, -10), (1.1480503, 22.228361, -10), (2.1213202, 22.87868, -10), (7.5493255, 29.447712, -10), (3, 25, -10), (5.0624084, 29.975523, -10), (2.7716386, 26.14805, -10), (2.5400867, 30.293695, -10), (2.1213202, 27.12132, -10), (1.1480503, 27.771639, -10), (-6.809036e-15, 30.4, -10), (-1.0409498e-15, 22, -10), (-2.128809, -15.353116, -10), (-4.2172713, -14.915248, -10), (-6.2258043, -14.1946945, -10), (-8.116342, -13.205112, -10), (-11.429108, -28.169762, -10), (-15.146698, -26.357874, -10), (-14.859837, -18.844854, -10), (-14.627669, -17.67767, -10), (-9.853051, -11.965257, -10), (-11.403019, -10.498627, -10), (-14.859837, -16.510485, -10), (-12.736867, -8.833018, -10), (-15.520994, -15.520994, -10), (-15.520994, 15.520994, -10), (-12.736867, 8.833018, -10), (-13.829317, 7, -10), (-13.829317, -7, -10), (-17.67767, -14.627669, -10), (-15.076545, -3.5983045, -10), (-14.552666, -5.33572, -10), (-18.844854, -14.859837, -10), (-15.393772, -1.8115677, -10), (-18.844854, 14.859837, -10), (-15.076545, 3.5983045, -10), (-15.393772, 1.8115677, -10), (-17.67767, 14.627669, -10), (-14.552666, 5.33572, -10), (-16.510485, -14.859837, -10), (-16.510485, 14.859837, -10), (-15.520994, -19.834345, -10), (-17.67767, -20.727669, -10), (-18.583967, -24.058182, -10), (-18.844854, -20.495502, -10), (-16.510485, -20.495502, -10), (-19.834345, -19.834345, -10), (-21.677305, -21.313246, -10), (-20.495502, -18.844854, -10), (-20.727669, -17.67767, -10), (-20.495502, -16.510485, -10), (-24.369461, -18.173866, -10), (-26.610611, -14.698142, -10), (-19.834345, -15.520994, -10), (-28.35928, -10.9504, -10), (-29.583103, -7, -10), (-15.5, -1.8982025e-15, -10), (-29.583103, 7, -10), (-30.125, 7, -10), (-30.125, -7, -10), (-28.894766, 9.447352, -10), (-1.1480503, 22.228361, -10), (-2.128809, 15.353116, -10), (-2.1213202, 22.87868, -10), (-4.2172713, 14.915248, -10), (-2.7716386, 23.85195, -10), (-9.853051, 11.965257, -10), (-11.403019, 10.498627, -10), (-14.627669, 17.67767, -10), (-8.116342, 13.205112, -10), (-6.2258043, 14.1946945, -10), (-3, 25, -10), (-9.983444, 28.71395, -10), (-14.859837, 16.510485, -10), (-12.347741, 27.779367, -10), (-2.1213202, 27.12132, -10), (-2.7716386, 26.14805, -10), (-2.5400867, 30.293695, -10), (-1.1480503, 27.771639, -10), (-1.7757379e-15, 28, -10), (-5.0624084, 29.975523, -10), (-14.625681, 26.650505, -10), (-14.859837, 18.844854, -10), (-7.5493255, 29.447712, -10), (-19.834345, 15.520994, -10), (-28.004347, 11.828632, -10), (-26.918072, 14.127186, -10), (-25.64354, 16.326937, -10), (-20.727669, 17.67767, -10), (-20.495502, 16.510485, -10), (-24.189663, 18.412502, -10), (-15.520994, 19.834345, -10), (-16.510485, 20.495502, -10), (-16.801332, 25.335257, -10), (-18.85948, 23.84282, -10), (-17.67767, 20.727669, -10), (-18.844854, 20.495502, -10), (-20.785728, 22.18363, -10), (-19.834345, 19.834345, -10), (-20.495502, 18.844854, -10), (-22.566608, 20.369295, -10), (-7.5, -95.4, -1), (-7.5, -29.460312, -1), (-7.5, -80.4, -10), (-7.5, -29.460312, -10), (-7.5, -80.4, -30), (-7.5, -95.4, -30), (-6.5, -94.4, -2.8199665e-14), (7.2071066, -95.10711, -0.29289323), (6.5, -94.4, -2.9865e-14), (-7.5, -95.4, -1), (7.5, -95.4, -1), (-7.4238796, -95.32388, -0.61731654), (-7.2071066, -95.10711, -0.29289323), (7.4238796, -95.32388, -0.61731654), (-49.84776, -94.16537, -30), (-49.414215, -94.81422, -30), (-43.899998, -93.56, -30), (-50, -93.4, -30), (-48, -95.4, -30), (-48.765366, -95.24776, -30), (-43.899998, -92.24, -30), (-41.1, -93.56, -30), (-41.1, -92.24, -30), (-23.093159, -89.332016, -30), (-41.1, -83.56, -30), (-7.5, -95.4, -30), (-50, -82.4, -30), (-43.899998, -82.24, -30), (-49.414215, -80.98579, -30), (-49.84776, -81.634636, -30), (-48, -80.4, -30), (-48.765366, -80.55224, -30), (-43.899998, -83.56, -30), (-41.1, -82.24, -30), (-7.5, -80.4, -30), (-23.093159, -86.46799, -30), (-24.05, -87.9, -30), (-23.596016, -88.99602, -30), (-23.932013, -88.49316, -30), (-22.5, -89.45, -30), (-21.906841, -89.332016, -30), (-21.403984, -88.99602, -30), (-21.067987, -88.49316, -30), (-20.95, -87.9, -30), (-23.932013, -87.30684, -30), (-23.596016, -86.803986, -30), (-22.5, -86.35, -30), (-21.067987, -87.30684, -30), (-21.906841, -86.46799, -30), (-21.403984, -86.803986, -30), (-48, -95.4, -30), (-48.765366, -95.24776, -30), (-48.765366, -95.24776, -34), (-48, -95.4, -34), (-49.414215, -94.81422, -34), (-49.414215, -94.81422, -30), (-49.84776, -94.16537, -30), (-49.84776, -94.16537, -34), (-50, -93.4, -34), (-50, -93.4, -30), (29.414213, -94.81422, -34), (28.765368, -95.24776, -34), (28, -95.4, -34), (29.84776, -94.16537, -34), (30, -93.4, -34), (23.932013, -88.49316, -34), (24.05, -87.9, -34), (23.596016, -88.99602, -34), (30, -82.4, -34), (-21.906841, -89.332016, -34), (21.906841, -89.332016, -34), (23.093159, -89.332016, -34), (22.5, -89.45, -34), (21.067987, -88.49316, -34), (21.403984, -88.99602, -34), (-21.403984, -88.99602, -34), (-21.067987, -88.49316, -34), (-22.5, -89.45, -34), (-20.95, -87.9, -34), (23.932013, -87.30684, -34), (23.596016, -86.803986, -34), (-22.5, -86.35, -34), (28, -80.4, -34), (29.414213, -80.98579, -34), (29.84776, -81.634636, -34), (28.765368, -80.55224, -34), (23.093159, -86.46799, -34), (21.067987, -87.30684, -34), (20.95, -87.9, -34), (-21.067987, -87.30684, -34), (21.403984, -86.803986, -34), (22.5, -86.35, -34), (-21.403984, -86.803986, -34), (21.906841, -86.46799, -34), (-21.906841, -86.46799, -34), (-41.1, -93.56, -34), (-23.093159, -89.332016, -34), (-41.1, -92.24, -34), (-23.596016, -88.99602, -34), (-43.899998, -92.24, -34), (-24.05, -87.9, -34), (-23.932013, -88.49316, -34), (-48, -95.4, -34), (-48.765366, -95.24776, -34), (-49.414215, -94.81422, -34), (-43.899998, -93.56, -34), (-49.84776, -94.16537, -34), (-43.899998, -83.56, -34), (-50, -93.4, -34), (-50, -82.4, -34), (-23.596016, -86.803986, -34), (-23.932013, -87.30684, -34), (-41.1, -83.56, -34), (-41.1, -82.24, -34), (-23.093159, -86.46799, -34), (-43.899998, -82.24, -34), (-49.84776, -81.634636, -34), (-48, -80.4, -34), (-48.765366, -80.55224, -34), (-49.414215, -80.98579, -34), (30, -93.4, -30), (29.84776, -94.16537, -30), (29.84776, -94.16537, -34), (30, -93.4, -34), (28, -95.4, -30), (28, -95.4, -34), (28.765368, -95.24776, -34), (29.414213, -94.81422, -30), (28.765368, -95.24776, -30), (29.414213, -94.81422, -34), (-20.969065, -20.60724, -2.842171e-14), (-20.495502, -18.844854, -2.5911734e-14), (-20.727669, -17.67767, -2.5883302e-14), (-19.834345, -19.834345, -2.5992702e-14), (-23.688221, -17.413448, -2.842171e-14), (-20.495502, -16.510485, -2.5911734e-14), (-25.925203, -13.865203, -2.842171e-14), (-18.844854, -20.495502, -2.611388e-14), (-17.82308, -23.38157, -2.842171e-14), (-17.67767, -20.727669, -2.6256819e-14), (-16.510485, -20.495502, -2.6399759e-14), (-14.314304, -25.679966, -2.842171e-14), (-15.520994, -19.834345, -2.6520935e-14), (-28.781244, -6, -2.842171e-14), (-15.5, -1.8982025e-15, -2.6523507e-14), (-28.781244, 6, -2.8310687e-14), (-43.125, -6, -2.8310687e-14), (-43.125, 6, -2.8199665e-14), (-15.393772, 1.8115677, -2.6536516e-14), (-28.165173, 8.431078, -2.842171e-14), (-15.393772, -1.8115677, -2.6536516e-14), (-27.634474, -10.03473, -2.842171e-14), (-18.844854, -14.859837, -2.611388e-14), (-19.834345, -15.520994, -2.5992702e-14), (-15.076545, -3.5983045, -2.6575366e-14), (-17.67767, -14.627669, -2.6256819e-14), (-14.552666, -5.33572, -2.6639522e-14), (-16.510485, -14.859837, -2.6399759e-14), (-13.829317, -7, -2.6709436e-14), (-12.736867, -8.833018, -2.6861893e-14), (-15.520994, -15.520994, -2.6520935e-14), (-10.514161, -27.455645, -2.842171e-14), (-14.859837, -18.844854, -2.6601905e-14), (-14.627669, -17.67767, -2.6630336e-14), (-9.853051, -11.965257, -2.7215058e-14), (-14.859837, -16.510485, -2.6601905e-14), (-11.403019, -10.498627, -2.7025242e-14), (-8.116342, -13.205112, -2.7427745e-14), (-6.5, -28.67246, -2.842171e-14), (2.0349887e-12, -15.5, -2.842171e-14), (-2.128809, -15.353116, -2.8161006e-14), (-4.2172713, -14.915248, -2.7905243e-14), (-6.2258043, -14.1946945, -2.7659268e-14), (-15.076545, 3.5983045, -2.6575366e-14), (-18.844854, 14.859837, -2.611388e-14), (-14.552666, 5.33572, -2.6639522e-14), (-27.34415, 10.800805, -2.842171e-14), (-17.67767, 14.627669, -2.6256819e-14), (-13.829317, 7, -2.6746778e-14), (-19.834345, 15.520994, -2.5992702e-14), (-25.112606, 15.287806, -2.842171e-14), (-26.324156, 13.091938, -2.842171e-14), (-20.495502, 16.510485, -2.5911734e-14), (-23.71832, 17.372429, -2.842171e-14), (-20.727669, 17.67767, -2.5883302e-14), (-16.510485, 14.859837, -2.6399759e-14), (-14.859837, 16.510485, -2.6601905e-14), (-15.520994, 15.520994, -2.6520935e-14), (-11.403019, 10.498627, -2.7025242e-14), (-12.736867, 8.833018, -2.6861893e-14), (-22.151443, 19.330637, -2.842171e-14), (-20.495502, 18.844854, -2.5911734e-14), (-20.423378, 21.148182, -2.842171e-14), (-19.834345, 19.834345, -2.5992702e-14), (-18.844854, 20.495502, -2.611388e-14), (-18.546698, 22.811838, -2.842171e-14), (-16.535059, 24.309502, -2.842171e-14), (-15.520994, 19.834345, -2.6520935e-14), (-14.403099, 25.63027, -2.842171e-14), (-16.510485, 20.495502, -2.6399759e-14), (-17.67767, 20.727669, -2.6256819e-14), (-14.859837, 18.844854, -2.6601905e-14), (-9.853051, 11.965257, -2.7215058e-14), (-14.627669, 17.67767, -2.6630336e-14), (-8.116342, 13.205112, -2.7427745e-14), (-12.166332, 26.764536, -2.842171e-14), (-4.2172713, 14.915248, -2.7905243e-14), (-2.128809, 15.353116, -2.8161006e-14), (-2.1213202, 22.87868, -2.8161923e-14), (-2.7716386, 23.85195, -2.8082281e-14), (-6.2258043, 14.1946945, -2.7659268e-14), (-1.1480503, 22.228361, -2.8281114e-14), (2.034634e-12, 15.5, -2.842171e-14), (1.8369701e-16, 22, -2.842171e-14), (-9.841035, 27.704044, -2.842171e-14), (-7.444127, 28.441957, -2.842171e-14), (-3, 25, -2.8054316e-14), (-4.993051, 28.972908, -2.842171e-14), (-2.7716386, 26.14805, -2.8082281e-14), (-2.1213202, 27.12132, -2.8161923e-14), (-2.505642, 29.293032, -2.842171e-14), (6.9810824e-13, 29.4, -2.842171e-14), (-1.1480503, 27.771639, -2.8281114e-14), (-5.5109107e-16, 28, -2.842171e-14), (6.5, -28.67246, -2.842171e-14), (-6.5, -94.4, -2.8199665e-14), (6.5, -94.4, -2.9865e-14), (2.128809, -15.353116, -2.8682413e-14), (4.2172713, -14.915248, -2.8938176e-14), (6.2258043, -14.1946945, -2.918415e-14), (8.116342, -13.205112, -2.9415675e-14), (10.514161, -27.455645, -2.842171e-14), (14.859837, -18.844854, -3.0241516e-14), (14.314304, -25.679966, -2.842171e-14), (14.627669, -17.67767, -3.0213082e-14), (14.859837, -16.510485, -3.0241516e-14), (15.520994, -15.520994, -3.0322482e-14), (11.403019, -10.498627, -2.9818175e-14), (15.520994, -19.834345, -3.0322482e-14), (9.853051, -11.965257, -2.962836e-14), (16.510485, -14.859837, -3.0443662e-14), (13.829317, -7, -3.0096643e-14), (12.736867, -8.833018, -2.9981527e-14), (18.844854, -14.859837, -3.072954e-14), (15.076545, -3.5983045, -3.0268055e-14), (14.552666, -5.33572, -3.0203897e-14), (27.634474, -10.03473, -2.842171e-14), (15.393772, -1.8115677, -3.0306903e-14), (28.165173, 8.431078, -2.842171e-14), (15.076545, 3.5983045, -3.0268055e-14), (15.393772, 1.8115677, -3.0306903e-14), (18.844854, 14.859837, -3.072954e-14), (14.552666, 5.33572, -3.0203897e-14), (17.67767, -14.627669, -3.05866e-14), (17.67767, 14.627669, -3.05866e-14), (13.829317, 7, -3.0133983e-14), (17.67767, -20.727669, -3.05866e-14), (17.82308, -23.38157, -2.842171e-14), (18.844854, -20.495502, -3.072954e-14), (16.510485, -20.495502, -3.0443662e-14), (20.969065, -20.60724, -2.842171e-14), (19.834345, -19.834345, -3.0850715e-14), (20.495502, -18.844854, -3.0931685e-14), (20.727669, -17.67767, -3.0960118e-14), (20.495502, -16.510485, -3.0931685e-14), (23.688221, -17.413448, -2.842171e-14), (25.925203, -13.865203, -2.842171e-14), (28.781244, -6, -2.842171e-14), (19.834345, -15.520994, -3.0850715e-14), (15.5, 0, -2.842171e-14), (28.781244, 6, -2.842171e-14), (43.125, 6, -2.8199665e-14), (43.125, -6, -2.9865e-14), (2.128809, 15.353116, -2.8682413e-14), (4.2172713, 14.915248, -2.8938176e-14), (2.1213202, 22.87868, -2.8681498e-14), (1.1480503, 22.228361, -2.8562307e-14), (2.7716386, 23.85195, -2.8761136e-14), (14.859837, 16.510485, -3.0241516e-14), (9.853051, 11.965257, -2.962836e-14), (11.403019, 10.498627, -2.9818175e-14), (14.627669, 17.67767, -3.0213082e-14), (9.841035, 27.704044, -2.842171e-14), (6.2258043, 14.1946945, -2.918415e-14), (8.116342, 13.205112, -2.9415675e-14), (12.736867, 8.833018, -2.9981527e-14), (15.520994, 15.520994, -3.0322482e-14), (12.166332, 26.764536, -2.842171e-14), (2.1213202, 27.12132, -2.8681498e-14), (2.7716386, 26.14805, -2.8761136e-14), (2.505642, 29.293032, -2.842171e-14), (1.1480503, 27.771639, -2.8562307e-14), (4.993051, 28.972908, -2.842171e-14), (7.444127, 28.441957, -2.842171e-14), (3, 25, -2.8789105e-14), (14.859837, 18.844854, -3.0241516e-14), (14.403099, 25.63027, -2.842171e-14), (16.510485, 14.859837, -3.0443662e-14), (26.324156, 13.091938, -2.842171e-14), (19.834345, 15.520994, -3.0850715e-14), (27.34415, 10.800805, -2.842171e-14), (25.112606, 15.287806, -2.842171e-14), (20.495502, 16.510485, -3.0931685e-14), (23.71832, 17.372429, -2.842171e-14), (20.727669, 17.67767, -3.0960118e-14), (15.520994, 19.834345, -3.0322482e-14), (16.510485, 20.495502, -3.0443662e-14), (16.535059, 24.309502, -2.842171e-14), (17.67767, 20.727669, -3.05866e-14), (18.546698, 22.811838, -2.842171e-14), (18.844854, 20.495502, -3.072954e-14), (20.495502, 18.844854, -3.0931685e-14), (22.151443, 19.330637, -2.842171e-14), (20.423378, 21.148182, -2.842171e-14), (19.834345, 19.834345, -3.0850715e-14), (28.35928, -10.9504, -1), (29.583103, -7, -1), (29.509027, -6.9824724, -0.61731654), (28.982374, -6.857855, -0.076120466), (28.609976, -6.769737, 0), (27.634474, -10.03473, -2.842171e-14), (25.925203, -13.865203, -2.842171e-14), (27.747911, -10.819504, -0.076120466), (29.3245, -6.6744924, -0.26171824), (28.781244, -6, -2.842171e-14), (24.369461, -18.173866, -1), (26.610611, -14.698142, -1), (26.446808, -14.835904, -0.61731654), (21.677305, -21.313246, -1), (24.128098, -18.367704, -0.61731654), (25.974806, -14.571125, -0.076120466), (23.688221, -17.413448, -2.842171e-14), (20.969065, -20.60724, -2.842171e-14), (17.82308, -23.38157, -2.842171e-14), (20.960138, -21.15847, -0.076120466), (28.252132, -11.01611, -0.61731654), (23.69748, -18.039892, -0.076120466), (28.050169, -10.937361, -0.29289323), (26.25775, -14.729849, -0.29289323), (29.29808, -6.9325576, -0.29289323), (29.511974, -6.9101834, -0.5857942), (23.955616, -18.2364, -0.29289323), (21.188457, -21.38895, -0.29289323), (21.341015, -21.542952, -0.61731654), (15.146698, -26.357874, -1), (18.583967, -24.058182, -1), (18.139662, -24.300007, -0.61731654), (17.81592, -23.86632, -0.076120466), (14.314304, -25.679966, -2.842171e-14), (14.325859, -26.110878, -0.076120466), (10.514161, -27.455645, -2.842171e-14), (14.481911, -26.395306, -0.29289323), (18.009989, -24.126297, -0.29289323), (7.5, -29.460312, -1), (11.429108, -28.169762, -1), (10.749556, -28.354624, -0.61731654), (6.5, -28.67246, -2.842171e-14), (10.557706, -27.848574, -0.076120466), (7.1754503, -29.206945, -0.26259452), (14.586182, -26.585352, -0.61731654), (10.672711, -28.15193, -0.29289323), (7.410628, -29.39076, -0.5867722), (30, -93.4, -30), (30, -93.4, -34), (30, -82.4, -34), (30, -82.4, -30), (28, -80.4, -30), (28.765368, -80.55224, -30), (28, -80.4, -34), (28.765368, -80.55224, -34), (29.414213, -80.98579, -30), (29.414213, -80.98579, -34), (29.84776, -81.634636, -30), (30, -82.4, -30), (29.84776, -81.634636, -34), (30, -82.4, -34), (23.932013, -88.49316, -34), (23.932013, -88.49316, -30), (24.05, -87.9, -30), (23.596016, -88.99602, -30), (23.093159, -89.332016, -34), (23.093159, -89.332016, -30), (23.596016, -88.99602, -34), (22.5, -89.45, -30), (22.5, -89.45, -34), (21.403984, -88.99602, -30), (21.906841, -89.332016, -30), (21.403984, -88.99602, -34), (21.906841, -89.332016, -34), (21.067987, -88.49316, -30), (21.067987, -88.49316, -34), (24.05, -87.9, -34), (20.95, -87.9, -34), (20.95, -87.9, -30), (23.932013, -87.30684, -34), (21.067987, -87.30684, -34), (21.067987, -87.30684, -30), (21.403984, -86.803986, -34), (21.906841, -86.46799, -30), (21.403984, -86.803986, -30), (23.093159, -86.46799, -34), (23.093159, -86.46799, -30), (22.5, -86.35, -30), (23.596016, -86.803986, -34), (23.932013, -87.30684, -30), (23.596016, -86.803986, -30), (21.906841, -86.46799, -34), (22.5, -86.35, -34), (44.125, -7, -1), (29.583103, -7, -1), (30.125, -7, -10), (29.583103, -7, -10), (30.125, -7, -65), (44.125, -7, -65), (-50, -82.4, -30), (-49.84776, -81.634636, -30), (-49.84776, -81.634636, -34), (-50, -82.4, -34), (-48, -80.4, -30), (-48, -80.4, -34), (-48.765366, -80.55224, -34), (-49.414215, -80.98579, -30), (-48.765366, -80.55224, -30), (-49.414215, -80.98579, -34), (30.125, 7, -10), (30.125, 5.129289, -60), (30.125, -5.0707107, -60), (30.125, 7, -65), (30.125, -7, -10), (30.125, -7, -65), (30.125, 5.129289, -65), (30.125, -5.0707107, -65), (44.125, 7, -65), (30.125, 7, -65), (30.125, 7, -10), (29.583103, 7, -1), (44.125, 7, -1), (29.583103, 7, -10), (29.583103, 7, -10), (28.894766, 9.447352, -10), (28.894766, 9.447352, -1), (26.918072, 14.127186, -1), (28.004347, 11.828632, -10), (26.918072, 14.127186, -10), (28.004347, 11.828632, -1), (24.189663, 18.412502, -10), (24.189663, 18.412502, -1), (25.64354, 16.326937, -10), (25.64354, 16.326937, -1), (22.566608, 20.369295, -1), (22.566608, 20.369295, -10), (20.785728, 22.18363, -10), (20.785728, 22.18363, -1), (18.85948, 23.84282, -1), (18.85948, 23.84282, -10), (14.625681, 26.650505, -1), (16.801332, 25.335257, -10), (14.625681, 26.650505, -10), (16.801332, 25.335257, -1), (9.983444, 28.71395, -1), (12.347741, 27.779367, -10), (9.983444, 28.71395, -10), (5.0624084, 29.975523, -1), (7.5493255, 29.447712, -10), (5.0624084, 29.975523, -10), (7.5493255, 29.447712, -1), (12.347741, 27.779367, -1), (2.5400867, 30.293695, -1), (2.5400867, 30.293695, -10), (29.583103, 7, -1), (4.0492054e-12, 30.4, -1), (-6.809036e-15, 30.4, -10), (-2.5400867, 30.293695, -10), (-2.5400867, 30.293695, -1), (-5.0624084, 29.975523, -10), (-7.5493255, 29.447712, -10), (-7.5493255, 29.447712, -1), (-5.0624084, 29.975523, -1), (-9.983444, 28.71395, -10), (-12.347741, 27.779367, -10), (-12.347741, 27.779367, -1), (-14.625681, 26.650505, -10), (-16.801332, 25.335257, -10), (-16.801332, 25.335257, -1), (-14.625681, 26.650505, -1), (-9.983444, 28.71395, -1), (-18.85948, 23.84282, -10), (-20.785728, 22.18363, -10), (-20.785728, 22.18363, -1), (-22.566608, 20.369295, -10), (-22.566608, 20.369295, -1), (-24.189663, 18.412502, -10), (-25.64354, 16.326937, -10), (-25.64354, 16.326937, -1), (-26.918072, 14.127186, -10), (-28.004347, 11.828632, -10), (-28.004347, 11.828632, -1), (-26.918072, 14.127186, -1), (-24.189663, 18.412502, -1), (-18.85948, 23.84282, -1), (-28.894766, 9.447352, -1), (-28.894766, 9.447352, -10), (-29.583103, 7, -1), (-29.583103, 7, -10), (-44.125, 7, -65), (-30.125, 7, -10), (-30.125, 7, -65), (-44.125, 7, -1), (-29.583103, 7, -1), (-29.583103, 7, -10), (-30.125, 5.129289, -65), (-30.125, 7, -65), (-30.125, 5.129289, -60), (-30.125, -7, -65), (-30.125, -5.0707107, -65), (-30.125, -5.0707107, -60), (-30.125, 7, -10), (-30.125, -7, -10), (-44.125, -7, -1), (-30.125, -7, -10), (-29.583103, -7, -1), (-44.125, -7, -65), (-29.583103, -7, -10), (-30.125, -7, -65), (-29.583103, -7, -10), (-28.35928, -10.9504, -10), (-28.35928, -10.9504, -1), (-26.610611, -14.698142, -10), (-24.369461, -18.173866, -10), (-24.369461, -18.173866, -1), (-26.610611, -14.698142, -1), (-29.583103, -7, -1), (-21.677305, -21.313246, -1), (-21.677305, -21.313246, -10), (-18.583967, -24.058182, -10), (-18.583967, -24.058182, -1), (-15.146698, -26.357874, -10), (-15.146698, -26.357874, -1), (-11.429108, -28.169762, -1), (-11.429108, -28.169762, -10), (-7.5, -29.460312, -1), (-7.5, -29.460312, -10), (20.727669, -17.67767, -3.0960118e-14), (20.495502, -16.510485, -10), (20.727669, -17.67767, -10), (19.834345, -15.520994, -3.0850715e-14), (18.844854, -14.859837, -10), (19.834345, -15.520994, -10), (20.495502, -16.510485, -3.0931685e-14), (17.67767, -14.627669, -3.05866e-14), (16.510485, -14.859837, -10), (17.67767, -14.627669, -10), (15.520994, -15.520994, -3.0322482e-14), (14.859837, -16.510485, -10), (15.520994, -15.520994, -10), (16.510485, -14.859837, -3.0443662e-14), (18.844854, -14.859837, -3.072954e-14), (14.859837, -16.510485, -3.0241516e-14), (14.627669, -17.67767, -10), (20.495502, -18.844854, -10), (14.859837, -18.844854, -3.0241516e-14), (14.859837, -18.844854, -10), (16.510485, -20.495502, -3.0443662e-14), (16.510485, -20.495502, -10), (15.520994, -19.834345, -10), (18.844854, -20.495502, -3.072954e-14), (18.844854, -20.495502, -10), (17.67767, -20.727669, -10), (20.495502, -18.844854, -3.0931685e-14), (19.834345, -19.834345, -10), (19.834345, -19.834345, -3.0850715e-14), (17.67767, -20.727669, -3.05866e-14), (14.627669, -17.67767, -3.0213082e-14), (15.520994, -19.834345, -3.0322482e-14), (-14.627669, -17.67767, -2.6630336e-14), (-14.859837, -16.510485, -10), (-14.627669, -17.67767, -10), (-15.520994, -15.520994, -2.6520935e-14), (-16.510485, -14.859837, -10), (-15.520994, -15.520994, -10), (-14.859837, -16.510485, -2.6601905e-14), (-17.67767, -14.627669, -2.6256819e-14), (-18.844854, -14.859837, -10), (-17.67767, -14.627669, -10), (-19.834345, -15.520994, -2.5992702e-14), (-20.495502, -16.510485, -10), (-19.834345, -15.520994, -10), (-18.844854, -14.859837, -2.611388e-14), (-16.510485, -14.859837, -2.6399759e-14), (-20.495502, -16.510485, -2.5911734e-14), (-20.727669, -17.67767, -10), (-14.859837, -18.844854, -10), (-20.495502, -18.844854, -2.5911734e-14), (-20.495502, -18.844854, -10), (-18.844854, -20.495502, -2.611388e-14), (-18.844854, -20.495502, -10), (-19.834345, -19.834345, -10), (-19.834345, -19.834345, -2.5992702e-14), (-16.510485, -20.495502, -2.6399759e-14), (-16.510485, -20.495502, -10), (-17.67767, -20.727669, -10), (-15.520994, -19.834345, -2.6520935e-14), (-15.520994, -19.834345, -10), (-17.67767, -20.727669, -2.6256819e-14), (-20.727669, -17.67767, -2.5883302e-14), (-14.859837, -18.844854, -2.6601905e-14), (15.5, 0, -2.842171e-14), (15.393772, 1.8115677, -10), (15.5, 0, -10), (14.552666, 5.33572, -10), (15.076545, 3.5983045, -10), (15.076545, 3.5983045, -3.0268055e-14), (13.829317, 7, -3.0133983e-14), (12.736867, 8.833018, -10), (13.829317, 7, -10), (11.403019, 10.498627, -10), (12.736867, 8.833018, -2.9981527e-14), (15.393772, 1.8115677, -3.0306903e-14), (11.403019, 10.498627, -2.9818175e-14), (9.853051, 11.965257, -10), (9.853051, 11.965257, -2.962836e-14), (8.116342, 13.205112, -10), (14.552666, 5.33572, -3.0203897e-14), (6.2258043, 14.1946945, -10), (8.116342, 13.205112, -2.9415675e-14), (4.2172713, 14.915248, -10), (6.2258043, 14.1946945, -2.918415e-14), (4.2172713, 14.915248, -2.8938176e-14), (2.128809, 15.353116, -10), (2.7079808e-12, 15.5, -10), (2.128809, 15.353116, -2.8682413e-14), (-2.128809, 15.353116, -10), (2.034634e-12, 15.5, -2.842171e-14), (-6.2258043, 14.1946945, -10), (-4.2172713, 14.915248, -10), (-4.2172713, 14.915248, -2.7905243e-14), (-2.128809, 15.353116, -2.8161006e-14), (-9.853051, 11.965257, -10), (-8.116342, 13.205112, -10), (-8.116342, 13.205112, -2.7427745e-14), (-11.403019, 10.498627, -10), (-9.853051, 11.965257, -2.7215058e-14), (-13.829317, 7, -10), (-13.829317, 7, -2.6746778e-14), (-14.552666, 5.33572, -10), (-15.076545, 3.5983045, -10), (-15.076545, 3.5983045, -2.6575366e-14), (-12.736867, 8.833018, -10), (-12.736867, 8.833018, -2.6861893e-14), (-11.403019, 10.498627, -2.7025242e-14), (-6.2258043, 14.1946945, -2.7659268e-14), (-15.393772, 1.8115677, -10), (-15.393772, 1.8115677, -2.6536516e-14), (-14.552666, 5.33572, -2.6639522e-14), (-15.5, -1.8982025e-15, -2.6523507e-14), (-15.5, -1.8982025e-15, -10), (15.393772, -1.8115677, -10), (-15.393772, -1.8115677, -10), (-15.393772, -1.8115677, -2.6536516e-14), (-15.076545, -3.5983045, -10), (-15.076545, -3.5983045, -2.6575366e-14), (-13.829317, -7, -10), (-14.552666, -5.33572, -10), (-13.829317, -7, -2.6709436e-14), (-12.736867, -8.833018, -2.6861893e-14), (-12.736867, -8.833018, -10), (-14.552666, -5.33572, -2.6639522e-14), (-9.853051, -11.965257, -10), (-11.403019, -10.498627, -10), (-9.853051, -11.965257, -2.7215058e-14), (-8.116342, -13.205112, -10), (-8.116342, -13.205112, -2.7427745e-14), (-4.2172713, -14.915248, -10), (-6.2258043, -14.1946945, -10), (-4.2172713, -14.915248, -2.7905243e-14), (-2.128809, -15.353116, -10), (-2.128809, -15.353116, -2.8161006e-14), (-6.2258043, -14.1946945, -2.7659268e-14), (-11.403019, -10.498627, -2.7025242e-14), (2.128809, -15.353116, -10), (2.7014521e-12, -15.5, -10), (2.128809, -15.353116, -2.8682413e-14), (4.2172713, -14.915248, -10), (4.2172713, -14.915248, -2.8938176e-14), (8.116342, -13.205112, -10), (6.2258043, -14.1946945, -10), (8.116342, -13.205112, -2.9415675e-14), (9.853051, -11.965257, -10), (9.853051, -11.965257, -2.962836e-14), (6.2258043, -14.1946945, -2.918415e-14), (12.736867, -8.833018, -10), (11.403019, -10.498627, -10), (12.736867, -8.833018, -2.9981527e-14), (11.403019, -10.498627, -2.9818175e-14), (14.552666, -5.33572, -3.0203897e-14), (14.552666, -5.33572, -10), (13.829317, -7, -10), (15.076545, -3.5983045, -10), (15.076545, -3.5983045, -3.0268055e-14), (15.393772, -1.8115677, -3.0306903e-14), (2.0349887e-12, -15.5, -2.842171e-14), (13.829317, -7, -3.0096643e-14), (20.727669, 17.67767, -3.0960118e-14), (20.495502, 18.844854, -10), (20.727669, 17.67767, -10), (19.834345, 19.834345, -3.0850715e-14), (18.844854, 20.495502, -10), (19.834345, 19.834345, -10), (20.495502, 18.844854, -3.0931685e-14), (17.67767, 20.727669, -3.05866e-14), (16.510485, 20.495502, -10), (17.67767, 20.727669, -10), (15.520994, 19.834345, -3.0322482e-14), (14.859837, 18.844854, -10), (15.520994, 19.834345, -10), (16.510485, 20.495502, -3.0443662e-14), (18.844854, 20.495502, -3.072954e-14), (14.859837, 18.844854, -3.0241516e-14), (14.627669, 17.67767, -10), (20.495502, 16.510485, -10), (14.859837, 16.510485, -3.0241516e-14), (14.859837, 16.510485, -10), (16.510485, 14.859837, -3.0443662e-14), (16.510485, 14.859837, -10), (15.520994, 15.520994, -10), (18.844854, 14.859837, -3.072954e-14), (18.844854, 14.859837, -10), (17.67767, 14.627669, -10), (20.495502, 16.510485, -3.0931685e-14), (19.834345, 15.520994, -10), (19.834345, 15.520994, -3.0850715e-14), (17.67767, 14.627669, -3.05866e-14), (14.627669, 17.67767, -3.0213082e-14), (15.520994, 15.520994, -3.0322482e-14), (3, 25, -2.8789105e-14), (2.7716386, 26.14805, -10), (3, 25, -10), (1.1480503, 27.771639, -2.8562307e-14), (1.1480503, 27.771639, -10), (2.1213202, 27.12132, -10), (2.1213202, 27.12132, -2.8681498e-14), (-1.1480503, 27.771639, -2.8281114e-14), (-1.1480503, 27.771639, -10), (-1.7757379e-15, 28, -10), (-2.7716386, 26.14805, -2.8082281e-14), (-2.7716386, 26.14805, -10), (-2.1213202, 27.12132, -10), (-2.1213202, 27.12132, -2.8161923e-14), (-5.5109107e-16, 28, -2.842171e-14), (2.7716386, 26.14805, -2.8761136e-14), (-3, 25, -2.8054316e-14), (-3, 25, -10), (2.7716386, 23.85195, -10), (-2.7716386, 23.85195, -2.8082281e-14), (-2.7716386, 23.85195, -10), (-1.1480503, 22.228361, -2.8281114e-14), (-1.1480503, 22.228361, -10), (-2.1213202, 22.87868, -10), (-2.1213202, 22.87868, -2.8161923e-14), (1.1480503, 22.228361, -2.8562307e-14), (1.1480503, 22.228361, -10), (-1.0409498e-15, 22, -10), (2.7716386, 23.85195, -2.8761136e-14), (2.1213202, 22.87868, -10), (2.1213202, 22.87868, -2.8681498e-14), (1.8369701e-16, 22, -2.842171e-14), (-14.627669, 17.67767, -2.6630336e-14), (-14.859837, 18.844854, -10), (-14.627669, 17.67767, -10), (-15.520994, 19.834345, -2.6520935e-14), (-16.510485, 20.495502, -10), (-15.520994, 19.834345, -10), (-14.859837, 18.844854, -2.6601905e-14), (-17.67767, 20.727669, -2.6256819e-14), (-18.844854, 20.495502, -10), (-17.67767, 20.727669, -10), (-19.834345, 19.834345, -2.5992702e-14), (-20.495502, 18.844854, -10), (-19.834345, 19.834345, -10), (-18.844854, 20.495502, -2.611388e-14), (-16.510485, 20.495502, -2.6399759e-14), (-20.495502, 18.844854, -2.5911734e-14), (-20.727669, 17.67767, -10), (-14.859837, 16.510485, -10), (-20.495502, 16.510485, -2.5911734e-14), (-20.495502, 16.510485, -10), (-18.844854, 14.859837, -2.611388e-14), (-18.844854, 14.859837, -10), (-19.834345, 15.520994, -10), (-19.834345, 15.520994, -2.5992702e-14), (-16.510485, 14.859837, -2.6399759e-14), (-16.510485, 14.859837, -10), (-17.67767, 14.627669, -10), (-14.859837, 16.510485, -2.6601905e-14), (-15.520994, 15.520994, -10), (-15.520994, 15.520994, -2.6520935e-14), (-17.67767, 14.627669, -2.6256819e-14), (-20.727669, 17.67767, -2.5883302e-14), (-6.5, -28.67246, -2.842171e-14), (-7.1754503, -29.206945, -0.26259452), (-6.5, -94.4, -2.8199665e-14), (-7.4238796, -95.32388, -0.61731654), (-7.410628, -29.39076, -0.5867722), (-7.2071066, -95.10711, -0.29289323), (-50, -82.4, -30), (-50, -82.4, -34), (-50, -93.4, -34), (-50, -93.4, -30), (-41.1, -92.24, -30), (-43.899998, -92.24, -30), (-43.899998, -92.24, -34), (-41.1, -92.24, -34), (-43.899998, -92.24, -34), (-43.899998, -92.24, -30), (-43.899998, -93.56, -30), (-43.899998, -93.56, -34), (-43.899998, -93.56, -34), (-41.1, -93.56, -30), (-41.1, -93.56, -34), (-43.899998, -93.56, -30), (-41.1, -93.56, -34), (-41.1, -93.56, -30), (-41.1, -92.24, -30), (-41.1, -92.24, -34), (-41.1, -82.24, -30), (-43.899998, -82.24, -30), (-43.899998, -82.24, -34), (-41.1, -82.24, -34), (-43.899998, -82.24, -34), (-43.899998, -82.24, -30), (-43.899998, -83.56, -30), (-43.899998, -83.56, -34), (-43.899998, -83.56, -34), (-41.1, -83.56, -30), (-41.1, -83.56, -34), (-43.899998, -83.56, -30), (-41.1, -83.56, -34), (-41.1, -83.56, -30), (-41.1, -82.24, -30), (-41.1, -82.24, -34), (-20.95, -87.9, -34), (-21.067987, -88.49316, -30), (-20.95, -87.9, -30), (-21.906841, -89.332016, -34), (-21.906841, -89.332016, -30), (-21.403984, -88.99602, -30), (-21.403984, -88.99602, -34), (-23.093159, -89.332016, -34), (-23.093159, -89.332016, -30), (-22.5, -89.45, -30), (-23.932013, -88.49316, -34), (-23.932013, -88.49316, -30), (-23.596016, -88.99602, -30), (-23.596016, -88.99602, -34), (-22.5, -89.45, -34), (-21.067987, -88.49316, -34), (-24.05, -87.9, -34), (-24.05, -87.9, -30), (-21.067987, -87.30684, -30), (-23.932013, -87.30684, -34), (-23.932013, -87.30684, -30), (-23.596016, -86.803986, -34), (-23.093159, -86.46799, -30), (-23.596016, -86.803986, -30), (-21.906841, -86.46799, -34), (-21.906841, -86.46799, -30), (-22.5, -86.35, -30), (-21.403984, -86.803986, -34), (-21.403984, -86.803986, -30), (-23.093159, -86.46799, -34), (-22.5, -86.35, -34), (-21.067987, -87.30684, -34), (-11.429108, -28.169762, -1), (-7.5, -29.460312, -1), (-7.4812202, -29.386545, -0.61731654), (-7.3477015, -28.862078, -0.076120466), (-7.2532897, -28.491222, 0), (-10.514161, -27.455645, -2.842171e-14), (-14.314304, -25.679966, -2.842171e-14), (-11.289491, -27.560038, -0.076120466), (-7.1754503, -29.206945, -0.26259452), (-6.5, -28.67246, -2.842171e-14), (-18.583967, -24.058182, -1), (-15.146698, -26.357874, -1), (-15.284734, -26.18997, -0.61731654), (-21.677305, -21.313246, -1), (-18.777876, -23.810272, -0.61731654), (-15.011945, -25.722553, -0.076120466), (-17.82308, -23.38157, -2.842171e-14), (-20.969065, -20.60724, -2.842171e-14), (-23.688221, -17.413448, -2.842171e-14), (-21.51523, -20.593763, -0.076120466), (-11.4946375, -28.060844, -0.61731654), (-18.442743, -23.385326, -0.076120466), (-11.412467, -27.860249, -0.29289323), (-15.175469, -26.00275, -0.29289323), (-7.42774, -29.176472, -0.29289323), (-7.410628, -29.39076, -0.5867722), (-18.64364, -23.640062, -0.29289323), (-21.749598, -20.81809, -0.29289323), (-21.906195, -20.967983, -0.61731654), (-26.610611, -14.698142, -1), (-24.369461, -18.173866, -1), (-24.608915, -17.71832, -0.61731654), (-24.169716, -17.4021, -0.076120466), (-25.925203, -13.865203, -2.842171e-14), (-26.354626, -13.872343, -0.076120466), (-27.634474, -10.03473, -2.842171e-14), (-26.641708, -14.023455, -0.29289323), (-24.432997, -17.59166, -0.29289323), (-29.583103, -7, -1), (-28.35928, -10.9504, -1), (-28.536814, -10.256115, -0.61731654), (-28.781244, -6, -2.842171e-14), (-28.027512, -10.0730715, -0.076120466), (-29.3245, -6.6744924, -0.26171824), (-26.83353, -14.124424, -0.61731654), (-28.332817, -10.182798, -0.29289323), (-29.511974, -6.9101834, -0.5857942), (-43.125, -6, -2.8310687e-14), (-43.832108, -6.7071066, -0.29289323), (-29.3245, -6.6744924, -0.26171824), (-28.781244, -6, -2.842171e-14), (-29.511974, -6.9101834, -0.5857942), (-44.048878, -6.9238796, -0.61731654), (-44.125, -7, -1), (-29.583103, -7, -1), (-43.832108, 6.7071066, -0.29289323), (-43.832108, -6.7071066, -0.29289323), (-44.048878, 6.9238796, -0.61731654), (-44.125, 7, -1), (-44.125, -7, -1), (-44.048878, -6.9238796, -0.61731654), (-28.781244, 6, -2.8310687e-14), (-29.3245, 6.6744924, -0.26171824), (-43.125, 6, -2.8199665e-14), (-43.832108, 6.7071066, -0.29289323), (-29.511974, 6.9101834, -0.5857942), (-29.583103, 7, -1), (-44.048878, 6.9238796, -0.61731654), (-44.125, 7, -1), (-28.894766, 9.447352, -1), (-29.583103, 7, -1), (-29.509027, 6.9824724, -0.61731654), (-28.609976, 6.769737, 0), (-28.165173, 8.431078, -2.842171e-14), (-28.982374, 6.857855, -0.076120466), (-28.814507, 9.447852, -0.61731654), (-28.004347, 11.828632, -1), (-29.3245, 6.6744924, -0.26171824), (-28.781244, 6, -2.8310687e-14), (-25.64354, 16.326937, -1), (-26.918072, 14.127186, -1), (-26.81515, 14.1592865, -0.61731654), (-22.566608, 20.369295, -1), (-24.189663, 18.412502, -1), (-24.051907, 18.467363, -0.61731654), (-25.524582, 16.371727, -0.61731654), (-27.914406, 11.845826, -0.61731654), (-27.34415, 10.800805, -2.842171e-14), (-26.324156, 13.091938, -2.842171e-14), (-27.416212, 11.634412, -0.076120466), (-28.300247, 9.279235, -0.076120466), (-27.714857, 11.761146, -0.29289323), (-29.29808, 6.9325576, -0.29289323), (-26.336575, 13.906583, -0.076120466), (-23.622646, 18.137772, -0.076120466), (-25.069038, 16.079536, -0.076120466), (-23.71832, 17.372429, -2.842171e-14), (-22.151443, 19.330637, -2.842171e-14), (-25.342117, 16.254692, -0.29289323), (-25.112606, 15.287806, -2.842171e-14), (-23.879969, 18.335346, -0.29289323), (-22.007719, 20.066603, -0.076120466), (-26.623459, 14.058067, -0.29289323), (-18.85948, 23.84282, -1), (-20.785728, 22.18363, -1), (-20.60349, 22.249355, -0.61731654), (-14.625681, 26.650505, -1), (-16.801332, 25.335257, -1), (-16.568142, 25.397528, -0.61731654), (-12.347741, 27.779367, -1), (-14.365723, 26.705124, -0.61731654), (-18.652353, 23.90873, -0.61731654), (-7.5493255, 29.447712, -1), (-9.983444, 28.71395, -1), (-9.669852, 28.740767, -0.61731654), (-2.5400867, 30.293695, -1), (-5.0624084, 29.975523, -1), (-4.6985145, 29.957664, -0.61731654), (4.0492054e-12, 30.4, -1), (-2.1536045, 30.247309, -0.61731654), (-7.209903, 29.454287, -0.61731654), (-12.060811, 27.822195, -0.61731654), (-20.235777, 21.852266, -0.076120466), (-20.423378, 21.148182, -2.842171e-14), (-18.546698, 22.811838, -2.842171e-14), (-16.535059, 24.309502, -2.842171e-14), (-18.319462, 23.482027, -0.076120466), (-14.403099, 25.63027, -2.842171e-14), (-16.272446, 24.944252, -0.076120466), (-4.993051, 28.972908, -2.842171e-14), (-2.505642, 29.293032, -2.842171e-14), (-4.6146593, 29.423004, -0.076120466), (-12.166332, 26.764536, -2.842171e-14), (-9.841035, 27.704044, -2.842171e-14), (-11.845559, 27.325647, -0.076120466), (-7.0812263, 28.92861, -0.076120466), (-7.444127, 28.441957, -2.842171e-14), (-14.109335, 26.228514, -0.076120466), (-9.4972725, 28.227823, -0.076120466), (-2.1151688, 29.70748, -0.076120466), (6.9810824e-13, 29.4, -2.842171e-14), (2.505642, 29.293032, -2.842171e-14), (0.39941245, 29.780005, -0.076120466), (-22.407633, 20.431242, -0.61731654), (-22.24745, 20.285189, -0.29289323), (-29.511974, 6.9101834, -0.5857942), (-28.608522, 9.380314, -0.29289323), (-20.456205, 22.090303, -0.29289323), (-18.519016, 23.737816, -0.29289323), (-16.449703, 25.215971, -0.29289323), (-11.974593, 27.623304, -0.29289323), (-14.263028, 26.514221, -0.29289323), (-9.600726, 28.53531, -0.29289323), (-4.6649265, 29.74351, -0.29289323), (-2.1382093, 30.031082, -0.29289323), (-7.158362, 29.24373, -0.29289323), (0.40376326, 30.104399, -0.29289323), (0.40667036, 30.321152, -0.61731654), (5.0624084, 29.975523, -1), (2.5400867, 30.293695, -1), (2.9640439, 30.178669, -0.61731654), (4.993051, 28.972908, -2.842171e-14), (2.911144, 29.640066, -0.076120466), (5.5002704, 29.820877, -0.61731654), (7.5493255, 29.447712, -1), (12.347741, 27.779367, -1), (9.983444, 28.71395, -1), (10.437183, 28.471088, -0.61731654), (16.801332, 25.335257, -1), (14.625681, 26.650505, -1), (15.07677, 26.31024, -0.61731654), (12.802647, 27.488724, -0.61731654), (7.997255, 29.250326, -0.61731654), (5.402106, 29.288658, -0.076120466), (7.444127, 28.441957, -2.842171e-14), (7.8545265, 28.72829, -0.076120466), (7.940086, 29.041227, -0.29289323), (9.841035, 27.704044, -2.842171e-14), (10.250909, 27.96296, -0.076120466), (10.362572, 28.267561, -0.29289323), (5.4609513, 29.6077, -0.29289323), (12.166332, 26.764536, -2.842171e-14), (14.403099, 25.63027, -2.842171e-14), (12.574156, 26.998127, -0.076120466), (16.535059, 24.309502, -2.842171e-14), (14.807692, 25.840675, -0.076120466), (14.968992, 26.122158, -0.29289323), (16.935583, 24.498863, -0.076120466), (17.120062, 24.76573, -0.29289323), (18.546698, 22.811838, -2.842171e-14), (12.711126, 27.292217, -0.29289323), (2.9428551, 29.962934, -0.29289323), (20.785728, 22.18363, -1), (18.85948, 23.84282, -1), (19.286861, 23.399885, -0.61731654), (24.189663, 18.412502, -1), (22.566608, 20.369295, -1), (22.947525, 19.822935, -0.61731654), (25.64354, 16.326937, -1), (24.538538, 17.815662, -0.61731654), (21.192795, 21.68878, -0.61731654), (28.004347, 11.828632, -1), (26.918072, 14.127186, -1), (27.185247, 13.435028, -0.61731654), (29.583103, 7, -1), (28.894766, 9.447352, -1), (29.057528, 8.671667, -0.61731654), (28.222063, 11.092918, -0.61731654), (25.95448, 15.681284, -0.61731654), (20.423378, 21.148182, -2.842171e-14), (18.942646, 22.982264, -0.076120466), (20.814562, 21.301695, -0.076120466), (22.151443, 19.330637, -2.842171e-14), (22.537977, 19.46915, -0.076120466), (21.041296, 21.533735, -0.29289323), (25.112606, 15.287806, -2.842171e-14), (26.324156, 13.091938, -2.842171e-14), (25.491264, 15.401418, -0.076120466), (26.700068, 13.1952505, -0.076120466), (27.34415, 10.800805, -2.842171e-14), (23.71832, 17.372429, -2.842171e-14), (24.100594, 17.497704, -0.076120466), (28.165173, 8.431078, -2.842171e-14), (27.718378, 10.894941, -0.076120466), (28.781244, 6, -2.842171e-14), (28.53893, 8.516902, -0.076120466), (17.243328, 24.944044, -0.61731654), (19.148989, 23.232609, -0.29289323), (22.783484, 19.681229, -0.29289323), (25.768942, 15.569185, -0.29289323), (24.363123, 17.688305, -0.29289323), (26.990911, 13.338986, -0.29289323), (28.020315, 11.01362, -0.29289323), (29.3245, 6.6744924, -0.26171824), (28.849806, 8.609676, -0.29289323), (29.511974, 6.9101834, -0.5857942), (28.781244, -6, -2.842171e-14), (29.3245, -6.6744924, -0.26171824), (43.125, -6, -2.9865e-14), (43.832108, -6.7071066, -0.29289323), (29.511974, -6.9101834, -0.5857942), (29.583103, -7, -1), (44.048878, -6.9238796, -0.61731654), (44.125, -7, -1), (43.125, 6, -2.8199665e-14), (43.832108, 6.7071066, -0.29289323), (29.3245, 6.6744924, -0.26171824), (28.781244, 6, -2.842171e-14), (29.511974, 6.9101834, -0.5857942), (44.048878, 6.9238796, -0.61731654), (44.125, 7, -1), (29.583103, 7, -1), (43.832108, -6.7071066, -0.29289323), (43.832108, 6.7071066, -0.29289323), (44.048878, -6.9238796, -0.61731654), (44.125, -7, -1), (44.125, 7, -1), (44.048878, 6.9238796, -0.61731654), (44.125, 7, -65), (44.125, 7, -1), (44.125, -7, -1), (44.125, -7, -65), (44.125, -7, -65), (42.425, -5.0707107, -65), (44.125, 7, -65), (30.125, -7, -65), (42.425, 5.129289, -65), (30.125, 7, -65), (30.125, -5.0707107, -65), (30.125, 5.129289, -65), (30.125, 5.129289, -60), (30.125, 5.129289, -65), (42.425, 5.129289, -60), (42.425, 5.129289, -65), (42.425, -5.0707107, -60), (39.01895, -0.784501, -60), (39.175, 0, -60), (38.57457, -1.4495689, -60), (37.9095, -1.8939531, -60), (37.125, -2.05, -60), (30.125, -5.0707107, -60), (42.425, 5.129289, -60), (39.01895, 0.784501, -60), (38.57457, 1.4495689, -60), (37.9095, 1.8939531, -60), (37.125, 2.05, -60), (35.67543, -1.4495689, -60), (36.3405, -1.8939531, -60), (35.23105, -0.784501, -60), (35.075, -2.510526e-16, -60), (30.125, 5.129289, -60), (36.3405, 1.8939531, -60), (35.67543, 1.4495689, -60), (35.23105, 0.784501, -60), (42.425, -5.0707107, -60), (30.125, -5.0707107, -65), (30.125, -5.0707107, -60), (42.425, -5.0707107, -65), (-44.125, 7, -1), (-44.125, 7, -65), (-44.125, -7, -65), (-44.125, -7, -1), (-30.125, -5.0707107, -65), (-30.125, -7, -65), (-42.425, -5.0707107, -65), (-30.125, 7, -65), (-30.125, 5.129289, -65), (-42.425, 5.129289, -65), (-44.125, -7, -65), (-44.125, 7, -65), (-30.125, -5.0707107, -60), (-30.125, -5.0707107, -65), (-42.425, -5.0707107, -65), (-42.425, -5.0707107, -60), (-30.125, -5.0707107, -60), (-35.23105, -0.784501, -60), (-35.075, 0, -60), (-35.67543, -1.4495689, -60), (-36.3405, -1.8939531, -60), (-37.125, -2.05, -60), (-42.425, -5.0707107, -60), (-30.125, 5.129289, -60), (-35.23105, 0.784501, -60), (-35.67543, 1.4495689, -60), (-36.3405, 1.8939531, -60), (-37.125, 2.05, -60), (-38.57457, -1.4495689, -60), (-37.9095, -1.8939531, -60), (-39.01895, -0.784501, -60), (-39.175, -2.510526e-16, -60), (-42.425, 5.129289, -60), (-37.9095, 1.8939531, -60), (-38.57457, 1.4495689, -60), (-39.01895, 0.784501, -60), (-42.425, 5.129289, -65), (-30.125, 5.129289, -65), (-30.125, 5.129289, -60), (-42.425, 5.129289, -60), (42.425, 5.129289, -65), (42.425, -5.0707107, -65), (42.425, -5.0707107, -60), (42.425, 5.129289, -60), (39.01895, -0.784501, -60), (39.01895, -0.784501, -25), (39.175, 0, -25), (37.9095, -1.8939531, -60), (37.9095, -1.8939531, -25), (38.57457, -1.4495689, -25), (38.57457, -1.4495689, -60), (36.3405, -1.8939531, -60), (36.3405, -1.8939531, -25), (37.125, -2.05, -25), (35.23105, -0.784501, -60), (35.23105, -0.784501, -25), (35.67543, -1.4495689, -25), (35.67543, -1.4495689, -60), (37.125, -2.05, -60), (39.175, 0, -60), (35.075, -2.510526e-16, -60), (39.01895, 0.784501, -60), (35.23105, 0.784501, -25), (35.075, -2.510526e-16, -25), (35.67543, 1.4495689, -60), (36.3405, 1.8939531, -25), (35.67543, 1.4495689, -25), (35.23105, 0.784501, -60), (37.125, 2.05, -60), (37.9095, 1.8939531, -25), (37.125, 2.05, -25), (38.57457, 1.4495689, -60), (39.01895, 0.784501, -25), (38.57457, 1.4495689, -25), (37.9095, 1.8939531, -60), (36.3405, 1.8939531, -60), (-42.425, -5.0707107, -65), (-42.425, 5.129289, -65), (-42.425, 5.129289, -60), (-42.425, -5.0707107, -60), (-35.23105, -0.784501, -60), (-35.23105, -0.784501, -25), (-35.075, 0, -25), (-36.3405, -1.8939531, -60), (-36.3405, -1.8939531, -25), (-35.67543, -1.4495689, -25), (-35.67543, -1.4495689, -60), (-37.9095, -1.8939531, -60), (-37.9095, -1.8939531, -25), (-37.125, -2.05, -25), (-39.01895, -0.784501, -60), (-39.01895, -0.784501, -25), (-38.57457, -1.4495689, -25), (-38.57457, -1.4495689, -60), (-37.125, -2.05, -60), (-35.075, 0, -60), (-39.175, -2.510526e-16, -60), (-35.23105, 0.784501, -60), (-39.01895, 0.784501, -25), (-39.175, -2.510526e-16, -25), (-38.57457, 1.4495689, -60), (-37.9095, 1.8939531, -25), (-38.57457, 1.4495689, -25), (-39.01895, 0.784501, -60), (-37.125, 2.05, -60), (-36.3405, 1.8939531, -25), (-37.125, 2.05, -25), (-35.67543, 1.4495689, -60), (-35.23105, 0.784501, -25), (-35.67543, 1.4495689, -25), (-36.3405, 1.8939531, -60), (-37.9095, 1.8939531, -60), (39.175, 0, -25), (39.01895, -0.784501, -25), (38.57457, -1.4495689, -25), (37.9095, -1.8939531, -25), (35.075, -2.510526e-16, -25), (39.01895, 0.784501, -25), (38.57457, 1.4495689, -25), (37.125, 2.05, -25), (37.9095, 1.8939531, -25), (36.3405, 1.8939531, -25), (36.3405, -1.8939531, -25), (37.125, -2.05, -25), (35.67543, -1.4495689, -25), (35.23105, -0.784501, -25), (35.67543, 1.4495689, -25), (35.23105, 0.784501, -25), (-35.075, 0, -25), (-35.23105, -0.784501, -25), (-35.67543, -1.4495689, -25), (-36.3405, -1.8939531, -25), (-39.175, -2.510526e-16, -25), (-35.23105, 0.784501, -25), (-35.67543, 1.4495689, -25), (-37.125, 2.05, -25), (-36.3405, 1.8939531, -25), (-37.9095, 1.8939531, -25), (-37.9095, -1.8939531, -25), (-37.125, -2.05, -25), (-38.57457, -1.4495689, -25), (-39.01895, -0.784501, -25), (-38.57457, 1.4495689, -25), (-39.01895, 0.784501, -25)]
                normal3f[] primvars:normals = [(1, 0, 0), (-2.716169e-16, -1, 0), (-1.8369701e-16, 0, 1), (0.6754503, 0, 0.7374055), (0.9238795, 0, 0.38268343), (0.70710677, 0, 0.70710677), (0.91062766, 0, 0.4132278), (1.2246469e-16, -0, 1), (0.3759575, -0.92663693, -4.6041515e-17), (0.24671052, -0.9690892, -3.0213324e-17), (0.49824664, -0.8670353, -6.101761e-17), (0.6113147, -0.79138756, -7.4864464e-17), (0.71306926, -0.7010936, -8.7325795e-17), (0.801627, -0.5978245, -9.817099e-17), (0.87534904, -0.4834915, -1.0719934e-16), (0.93287104, -0.36021054, -1.1424375e-16), (0.9731284, -0.23026316, -1.1917386e-16), (2.7128795e-16, 1, 0), (0, 0, -1), (-1, 0, 0), (1.2246469e-16, 1.8369701e-16, 1), (8.6595606e-17, -0.70710677, 0.70710677), (-0, -1, -3.3263475e-32), (4.6865205e-17, -0.9238795, 0.38268343), (3.2523532e-16, 0, 1), (-2.716169e-16, -1, 3.3263475e-32), (-0.38268343, -0.9238795, 4.6865205e-17), (-0.70710677, -0.70710677, 8.6595606e-17), (-0.9238795, -0.38268343, 1.1314261e-16), (-1, 2.1038455e-16, 1.2246469e-16), (1, -8.791986e-17, -1.2246469e-16), (0.9238795, -0.38268343, -1.1314261e-16), (0.38268343, -0.9238795, -4.6865205e-17), (0.70710677, -0.70710677, -8.6595606e-17), (0, 0, 1), (0.93287104, -0.36021054, 0), (0.9731284, -0.23026316, 0), (0.8990534, -0.21273541, 0.38268343), (0.3724001, -0.0881179, 0.9238795), (3.9308303e-13, -9.301192e-14, 1), (2.3318593e-15, -8.4675316e-16, 1), (-1.619858e-16, 8.663253e-17, 1), (0.35653827, -0.13902189, 0.9238795), (0.65767205, -0.14969146, 0.7382818), (4.867322e-13, -1.0146862e-13, 1), (0.801627, -0.5978245, 0), (0.87534904, -0.4834915, 0), (0.8057565, -0.45200643, 0.38268343), (0.71306926, -0.7010936, 0), (0.73511225, -0.55961, 0.38268343), (0.33375528, -0.18722719, 0.9238795), (1.9988656e-15, -1.469386e-15, 1), (-7.644975e-16, 7.5130594e-16, 1), (-1.1136213e-16, 1.4609268e-16, 1), (0.26932085, -0.27186924, 0.9238795), (0.8607595, -0.3356285, 0.38268343), (0.30449346, -0.23179805, 0.9238795), (0.6587968, -0.25687894, 0.70710677), (0.61669934, -0.34595075, 0.70710677), (0.6881057, -0.16282064, 0.70710677), (0.88621384, -0.20750561, 0.4142058), (0.5626306, -0.42830694, 0.70710677), (0.49764004, -0.5023489, 0.70710677), (0.65019804, -0.65635043, 0.38268343), (0.49824664, -0.8670353, 0), (0.6113147, -0.79138756, 0), (0.5526622, -0.7403498, 0.38268343), (0.22892018, -0.30666295, 0.9238795), (-8.943861e-17, 1.6045352e-16, 1), (0.18407573, -0.3355037, 0.9238795), (1.8401117e-15, -4.8050866e-15, 1), (0.3401276, -0.61993, 0.70710677), (0.42298934, -0.56663924, 0.70710677), (0.24671052, -0.9690892, 0), (0.3759575, -0.92663693, 0), (0.32750738, -0.8638821, 0.38268343), (-3.487866e-13, 1.5385492e-12, 1), (0.135658, -0.3578317, 0.9238795), (0.16115005, -0.655945, 0.7374055), (0.4443981, -0.8099776, 0.38268343), (0.25066328, -0.66118675, 0.70710677), (0.22263883, -0.8829919, 0.4132278), (1, -0, -1.2246469e-16), (2.7128795e-16, 1, -3.322319e-32), (0.38268343, 0.9238795, -4.6865205e-17), (0.70710677, 0.70710677, -8.6595606e-17), (0.9238795, 0.38268343, -1.1314261e-16), (1, -2.1005561e-16, -1.2246469e-16), (-0.9238795, 0.38268343, 1.1314261e-16), (-1, -0, 1.2246469e-16), (-0.70710677, 0.70710677, 8.6595606e-17), (-0.38268343, 0.9238795, 4.6865205e-17), (-6.123234e-17, 1, 7.498799e-33), (-2.8327693e-16, 1, 3.469142e-32), (1, 1.2246469e-16, -1.2246469e-16), (1.8369701e-16, -1, -2.2496396e-32), (0, -1, 0), (-1, 8.759092e-17, 1.2246469e-16), (0, 1, 0), (0.9731284, 0.23026316, -1.1917386e-16), (0.95048577, 0.31076816, -1.1640094e-16), (0.8854629, 0.46471006, -1.0843793e-16), (0.9211956, 0.38909975, -1.1281392e-16), (0.7957126, 0.60567445, -9.744669e-17), (0.8435375, 0.53707033, -1.0330355e-16), (0.7423226, 0.67004263, -9.090831e-17), (0.6837411, 0.7297247, -8.373414e-17), (0.62037766, 0.78430325, -7.597435e-17), (0.48110792, 0.87666136, -5.891873e-17), (0.5526754, 0.8333966, -6.768322e-17), (0.32840276, 0.94453776, -4.021774e-17), (0.4061757, 0.913795, -4.9742175e-17), (0.1665266, 0.98603696, -2.0393627e-17), (0.24833307, 0.9686747, -3.041203e-17), (0.08355548, 0.9965031, -1.02325956e-17), (1.33288e-13, 1, -1.6323072e-29), (-3.8285688e-16, 1, 4.6886444e-32), (-0.08355548, 0.9965031, 1.02325956e-17), (-0.1665266, 0.98603696, 2.0393627e-17), (-0.24833307, 0.9686747, 3.041203e-17), (-0.32840276, 0.94453776, 4.021774e-17), (-0.4061757, 0.913795, 4.9742175e-17), (-0.48110792, 0.87666136, 5.891873e-17), (-0.5526754, 0.8333966, 6.768322e-17), (-0.62037766, 0.78430325, 7.597435e-17), (-0.6837411, 0.7297247, 8.373414e-17), (-0.7423226, 0.67004263, 9.090831e-17), (-0.7957126, 0.60567445, 9.744669e-17), (-0.8435375, 0.53707033, 1.0330355e-16), (-0.8854629, 0.46471006, 1.0843793e-16), (-0.9211956, 0.38909975, 1.1281392e-16), (-0.95048577, 0.31076816, 1.1640094e-16), (-0.9731284, 0.23026316, 1.1917386e-16), (-0.9731284, -0.23026316, 1.1917386e-16), (-0.93287104, -0.36021054, 1.1424375e-16), (-0.87534904, -0.4834915, 1.0719934e-16), (-0.801627, -0.5978245, 9.817099e-17), (-0.71306926, -0.7010936, 8.7325795e-17), (-0.6113147, -0.79138756, 7.4864464e-17), (-0.49824664, -0.8670353, 6.101761e-17), (-0.3759575, -0.92663693, 4.6041515e-17), (-0.24671052, -0.9690892, 3.0213324e-17), (-6.123234e-17, -1, 7.498799e-33), (-2.8327693e-16, -1, 3.469142e-32), (1, -1.2246469e-16, -1.2246469e-16), (1.8369701e-16, 1, -2.2496396e-32), (-5.0532154e-16, -1, 6.188404e-32), (-0.9931466, -0.116875336, 1.2162538e-16), (-0.9388817, -0.34424, 1.1497984e-16), (-0.97268033, -0.23214868, 1.1911898e-16), (-0.892214, -0.4516129, 1.092647e-16), (-0.82173336, -0.56987214, 1.0063331e-16), (-0.7356786, -0.6773308, 9.0094646e-17), (-0.63568074, -0.7719521, 7.7848436e-17), (-0.5236349, -0.8519428, 6.4126787e-17), (-0.4016648, -0.91578674, 4.918975e-17), (-0.27208203, -0.9622741, 3.3320436e-17), (-0.13734251, -0.99052364, 1.6819608e-17), (-1.7481033e-13, -1, 2.1408093e-29), (0.13734251, -0.99052364, -1.6819608e-17), (-1.3128959e-13, -1, 1.6078339e-29), (0.4016648, -0.91578674, -4.918975e-17), (0.27208203, -0.9622741, -3.3320436e-17), (0.63568074, -0.7719521, -7.7848436e-17), (0.5236349, -0.8519428, -6.4126787e-17), (0.7356786, -0.6773308, -9.0094646e-17), (0.892214, -0.4516129, -1.092647e-16), (0.9388817, -0.34424, -1.1497984e-16), (0.97268033, -0.23214868, -1.1911898e-16), (0.82173336, -0.56987214, -1.0063331e-16), (0.9931466, -0.116875336, -1.2162538e-16), (1, -5.6655387e-16, -1.2246469e-16), (-0.9931466, 0.116875336, 1.2162538e-16), (0.9931466, 0.116875336, -1.2162538e-16), (0.97268033, 0.23214868, -1.1911898e-16), (0.892214, 0.4516129, -1.092647e-16), (0.9388817, 0.34424, -1.1497984e-16), (0.82173336, 0.56987214, -1.0063331e-16), (0.63568074, 0.7719521, -7.7848436e-17), (0.7356786, 0.6773308, -9.0094646e-17), (0.5236349, 0.8519428, -6.4126787e-17), (0.27208203, 0.9622741, -3.3320436e-17), (0.4016648, 0.91578674, -4.918975e-17), (0.13734251, 0.99052364, -1.6819608e-17), (-0.13734251, 0.99052364, 1.6819608e-17), (-1.7389928e-13, 1, 2.129652e-29), (-0.27208203, 0.9622741, 3.3320436e-17), (-0.5236349, 0.8519428, 6.4126787e-17), (-0.4016648, 0.91578674, 4.918975e-17), (-0.63568074, 0.7719521, 7.7848436e-17), (-0.82173336, 0.56987214, 1.0063331e-16), (-0.7356786, 0.6773308, 9.0094646e-17), (-0.9388817, 0.34424, 1.1497984e-16), (-0.892214, 0.4516129, 1.092647e-16), (-0.97268033, 0.23214868, 1.1911898e-16), (-1.3126672e-13, 1, 1.6075536e-29), (1.6081226e-16, -1, -1.9693822e-32), (1.8369701e-16, 0, 1), (-0.6754503, 0, 0.7374055), (-0.9238795, 0, 0.38268343), (-0.91062766, 0, 0.4132278), (-0.70710677, 0, 0.70710677), (-0.3759575, -0.92663693, 0), (-0.24671052, -0.9690892, 0), (-0.2279308, -0.89532167, 0.38268343), (-0.09441203, -0.37085438, 0.9238795), (3.1733538e-13, 1.2465066e-12, 1), (-2.4753805e-15, -6.463965e-15, 1), (8.943861e-17, 1.6045352e-16, 1), (-0.14506084, -0.35412422, 0.9238795), (-0.16115005, -0.655945, 0.7374055), (3.4898297e-13, 1.5394154e-12, 1), (-0.6113147, -0.79138756, 0), (-0.49824664, -0.8670353, 0), (-0.46568096, -0.7979315, 0.38268343), (-0.71306926, -0.7010936, 0), (-0.5721067, -0.72542906, 0.38268343), (-0.19289136, -0.33051404, 0.9238795), (-1.5039517e-15, -1.9729896e-15, 1), (-1.7694169e-15, -1.7388854e-15, 1), (-4.1457397e-15, -3.0475746e-15, 1), (-0.27645335, -0.2646132, 0.9238795), (-0.35020784, -0.8549315, 0.38268343), (-0.23697436, -0.30048254, 0.9238795), (-0.26803747, -0.6543362, 0.70710677), (-0.35641676, -0.6107103, 0.70710677), (-0.17445068, -0.68524957, 0.70710677), (-0.22263883, -0.8829919, 0.4132278), (-0.43787152, -0.55521935, 0.70710677), (-0.5108192, -0.4889415, 0.70710677), (-0.6674174, -0.6388328, 0.38268343), (-0.87534904, -0.4834915, 0), (-0.801627, -0.5978245, 0), (-0.7497614, -0.5398252, 0.38268343), (-0.31056133, -0.22360292, 0.9238795), (-4.53724e-15, -2.4265866e-15, 1), (-0.33863565, -0.1782484, 0.9238795), (-2.3318593e-15, -8.4675316e-16, 1), (-0.6257171, -0.3293601, 0.70710677), (-0.5738425, -0.41316432, 0.70710677), (-0.9731284, -0.23026316, 0), (-0.93287104, -0.36021054, 0), (-0.8694329, -0.31247368, 0.38268343), (7.178654e-12, 1.4965275e-12, 1), (-0.3601309, -0.12943085, 0.9238795), (-0.65767205, -0.14969146, 0.7382818), (-0.8175388, -0.4303297, 0.38268343), (-0.66543514, -0.239157, 0.70710677), (-0.88621384, -0.20750561, 0.4142058), (9.041344e-17, -0.6744924, 0.7382818), (5.0725577e-17, -0.91018325, 0.4142058), (-1.9693822e-32, -1, -1.6081226e-16), (2.2503977e-31, -1, 1.8375893e-15), (-1, 0, 6.123234e-17), (9.041344e-17, 0.6744924, 0.7382818), (8.6595606e-17, 0.70710677, 0.70710677), (5.0725577e-17, 0.91018325, 0.4142058), (-1.9693822e-32, 1, -1.6081226e-16), (4.6865205e-17, 0.9238795, 0.38268343), (-2.372348e-31, 1, -1.937169e-15), (-0.95048577, 0.31076816, 0), (-0.9731284, 0.23026316, 0), (-0.8990534, 0.21273541, 0.38268343), (4.8947756e-12, -1.1582094e-12, 1), (1.7598158e-16, -5.2679044e-17, 1), (-0.3724001, 0.0881179, 0.9238795), (-0.8778933, 0.2878483, 0.38268343), (-0.9211956, 0.38909975, 0), (-0.65767205, 0.14969146, 0.7382818), (7.181262e-12, -1.4970712e-12, 1), (-0.8435375, 0.53707033, 0), (-0.8854629, 0.46471006, 0), (-0.8169789, 0.43139187, 0.38268343), (-0.7423226, 0.67004263, 0), (-0.7957126, 0.60567445, 0), (-0.73279095, 0.56264627, 0.38268343), (-0.777659, 0.49879843, 0.38268343), (-0.85046995, 0.36090752, 0.38268343), (-2.3073612e-15, 9.113962e-16, 1), (-2.2212916e-15, 1.1047273e-15, 1), (-0.35227618, 0.1494928, 0.9238795), (-0.36363533, 0.11923067, 0.9238795), (-0.6509215, 0.27622667, 0.70710677), (-0.6881057, 0.16282064, 0.70710677), (-0.33840373, 0.17868836, 0.9238795), (-0.30353194, 0.23305573, 0.9238795), (-0.3221169, 0.20660907, 0.9238795), (-5.683373e-16, 4.162773e-16, 1), (-1.8691887e-15, 1.6311627e-15, 1), (-0.59519446, 0.3817638, 0.70710677), (-2.1190583e-15, 1.2900195e-15, 1), (-0.5608539, 0.43063083, 0.70710677), (-0.28278142, 0.25783962, 0.9238795), (-0.62528855, 0.33017305, 0.70710677), (-0.62037766, 0.78430325, 0), (-0.6837411, 0.7297247, 0), (-0.62772787, 0.6778725, 0.38268343), (-0.48110792, 0.87666136, 0), (-0.5526754, 0.8333966, 0), (-0.5047826, 0.77378803, 0.38268343), (-0.4061757, 0.913795, 0), (-0.43768135, 0.8136267, 0.38268343), (-0.5682824, 0.7284288, 0.38268343), (-0.24833307, 0.9686747, 0), (-0.32840276, 0.94453776, 0), (-0.294612, 0.8756467, 0.38268343), (-0.08355548, 0.9965031, 0), (-0.1665266, 0.98603696, 0), (-0.14314993, 0.912722, 0.38268343), (1.3319901e-13, 1, 0), (-0.065614, 0.92154664, 0.38268343), (-0.21966456, 0.8973856, 0.38268343), (-0.36745748, 0.84766054, 0.38268343), (-0.2600134, 0.28078398, 0.9238795), (-1.7233707e-15, 1.7845313e-15, 1), (1.1588344e-16, -1.4253288e-16, 1), (1.0331432e-16, -1.5189057e-16, 1), (-0.23539029, 0.30172506, 0.9238795), (-1.215366e-15, 2.16274e-15, 1), (-0.20908779, 0.3205135, 0.9238795), (-1.1964324e-16, 6.942475e-16, 1), (1.5655746e-17, -1.8302867e-16, 1), (-0.059294645, 0.37806183, 0.9238795), (-2.1292627e-15, 4.6841337e-15, 1), (6.1488736e-17, -1.7310035e-16, 1), (-0.15220587, 0.35111248, 0.9238795), (-0.09098804, 0.3717093, 0.9238795), (-1.0779286e-15, 4.118468e-15, 1), (-0.18129356, 0.3370152, 0.9238795), (-0.12203228, 0.36270475, 0.9238795), (-0.02717821, 0.38171712, 0.9238795), (-4.363387e-30, -1.8369701e-16, 1), (2.114317e-16, 2.4718122e-15, 1), (0.0051321276, 0.382649, 0.9238795), (-0.68269473, 0.6224799, 0.38268343), (-0.52251196, 0.47642553, 0.70710677), (-0.88621384, 0.20750561, 0.4142058), (-0.67191046, 0.22030956, 0.70710677), (-0.4804421, 0.5188212, 0.70710677), (-0.43494454, 0.55751526, 0.70710677), (-0.38634387, 0.59223175, 0.70710677), (-0.28123978, 0.6487713, 0.70710677), (-0.3349868, 0.6227229, 0.70710677), (-0.22548625, 0.670191, 0.70710677), (-0.10956222, 0.6985672, 0.70710677), (-0.050218783, 0.70532125, 0.70710677), (-0.16812398, 0.6868292, 0.70710677), (0.009482935, 0.7070432, 0.70710677), (0.012390052, 0.9237965, 0.38268343), (0.1665266, 0.98603696, 0), (0.08355548, 0.9965031, 0), (0.09030571, 0.9194554, 0.38268343), (4.213249e-16, 2.4447992e-15, 1), (0.03740585, 0.3808509, 0.9238795), (0.16757707, 0.9085545, 0.38268343), (0.24833307, 0.9686747, 0), (0.4061757, 0.913795, 0), (0.32840276, 0.94453776, 0), (0.3179903, 0.86743045, 0.38268343), (0.5526754, 0.8333966, 0), (0.48110792, 0.87666136, 0), (0.4593449, 0.8015957, 0.38268343), (0.39005902, 0.83750063, 0.38268343), (0.24365287, 0.8911715, 0.38268343), (0.0694127, 0.3763356, 0.9238795), (6.281522e-16, 2.3999965e-15, 1), (0.10092432, 0.36913532, 0.9238795), (0.18648383, 0.6820732, 0.70710677), (-6.1488736e-17, -1.7310035e-16, 1), (0.1317159, 0.35930145, 0.9238795), (0.24337925, 0.6639025, 0.70710677), (0.12825795, 0.6953775, 0.70710677), (1.0266226e-15, 2.2584518e-15, 1), (1.215366e-15, 2.16274e-15, 1), (0.16156775, 0.34690413, 0.9238795), (1.3952655e-15, 2.0512904e-15, 1), (0.19026688, 0.33203182, 0.9238795), (0.35156736, 0.6135148, 0.70710677), (0.21760856, 0.3147906, 0.9238795), (0.4020882, 0.5816572, 0.70710677), (1.5650122e-15, 1.9249143e-15, 1), (0.29853827, 0.64099526, 0.70710677), (0.069116995, 0.7037207, 0.70710677), (0.6837411, 0.7297247, 0), (0.62037766, 0.78430325, 0), (0.587614, 0.7129258, 0.38268343), (0.7957126, 0.60567445, 0), (0.7423226, 0.67004263, 0), (0.6991437, 0.60394657, 0.38268343), (0.8435375, 0.53707033, 0), (0.7476172, 0.5427909, 0.38268343), (0.64568216, 0.6607934, 0.38268343), (0.9211956, 0.38909975, 0), (0.8854629, 0.46471006, 0), (0.82825464, 0.40932584, 0.38268343), (0.9731284, 0.23026316, 0), (0.95048577, 0.31076816, 0), (0.8852975, 0.2642002, 0.38268343), (0.8598434, 0.33796865, 0.38268343), (0.79075676, 0.47776267, 0.38268343), (-1.2760931e-16, -1.3213803e-16, 1), (0.2433977, 0.29530352, 0.9238795), (0.2674503, 0.2737096, 0.9238795), (1.8691887e-15, 1.6311627e-15, 1), (0.2895948, 0.25016287, 0.9238795), (0.49418375, 0.50574934, 0.70710677), (2.1190583e-15, 1.2900195e-15, 1), (-1.6447854e-16, -8.180102e-17, 1), (0.32754216, 0.19789578, 0.9238795), (0.34307432, 0.1695483, 0.9238795), (4.785574e-15, 1.8902781e-15, 1), (-1.4819677e-16, -1.0854637e-16, 1), (0.30967316, 0.22483136, 0.9238795), (6.748925e-16, 2.0202509e-16, 1), (0.35615876, 0.1399912, 0.9238795), (-4.705716e-13, -9.8099636e-14, 1), (0.36670223, 0.10943531, 0.9238795), (0.52535355, 0.75997174, 0.38268343), (0.4497403, 0.54564977, 0.70710677), (0.5351014, 0.4622407, 0.70710677), (0.605219, 0.3656637, 0.70710677), (0.57220143, 0.41543418, 0.70710677), (0.63391864, 0.31328443, 0.70710677), (0.6580956, 0.25867, 0.70710677), (0.65767205, 0.14969146, 0.7382818), (0.6775774, 0.20221008, 0.70710677), (0.88621384, 0.20750561, 0.4142058), (7.498799e-33, -1, 6.123234e-17), (7.498799e-33, 1, 6.123234e-17), (-2.1004217e-31, 1, -1.7151245e-15), (1, 0, 6.123234e-17), (-1.2246469e-16, 0, -1), (1.937169e-15, 1, -2.372348e-31), (1.960054e-15, -1, -2.4003736e-31)] (
                    interpolation = "vertex"
                )
                int[] primvars:normals:indices = [0, 0, 0, 0, 0, 0, 1, 1, 1, 1, 1, 1, 1, 1, 2, 3, 2, 4, 5, 6, 7, 7, 7, 7, 7, 7, 7, 7, 7, 7, 7, 7, 7, 7, 7, 7, 7, 7, 7, 7, 7, 7, 7, 7, 7, 7, 7, 7, 8, 9, 8, 10, 10, 11, 11, 9, 12, 12, 13, 13, 14, 15, 15, 14, 16, 16, 17, 17, 17, 17, 17, 17, 17, 17, 18, 18, 18, 18, 18, 18, 18, 18, 18, 18, 18, 18, 18, 18, 18, 18, 18, 18, 18, 18, 18, 18, 18, 18, 18, 18, 18, 18, 18, 18, 18, 18, 18, 18, 18, 18, 18, 18, 18, 18, 18, 18, 18, 18, 18, 18, 18, 18, 18, 18, 18, 18, 18, 18, 18, 18, 18, 18, 18, 18, 18, 18, 18, 18, 18, 18, 18, 18, 18, 18, 18, 18, 18, 18, 18, 18, 18, 18, 18, 18, 18, 18, 18, 18, 18, 18, 18, 18, 18, 18, 18, 18, 18, 18, 18, 18, 18, 18, 18, 18, 18, 18, 18, 18, 18, 18, 18, 18, 18, 18, 18, 18, 18, 18, 18, 18, 18, 18, 18, 18, 18, 18, 18, 18, 18, 18, 18, 18, 18, 18, 18, 18, 18, 18, 18, 18, 18, 18, 18, 18, 18, 18, 18, 18, 18, 18, 18, 18, 18, 18, 18, 18, 18, 18, 18, 18, 18, 18, 18, 18, 18, 18, 18, 18, 18, 18, 18, 18, 18, 18, 18, 18, 18, 18, 18, 18, 18, 18, 18, 18, 18, 18, 18, 18, 18, 19, 19, 19, 19, 19, 19, 20, 21, 20, 22, 22, 23, 21, 23, 24, 24, 24, 24, 24, 24, 24, 24, 24, 24, 24, 24, 24, 24, 24, 24, 24, 24, 24, 24, 24, 24, 24, 24, 24, 24, 24, 24, 24, 24, 24, 24, 24, 24, 24, 24, 25, 26, 26, 25, 27, 27, 28, 28, 29, 29, 18, 18, 18, 18, 18, 18, 18, 18, 18, 18, 18, 18, 18, 18, 18, 18, 18, 18, 18, 18, 18, 18, 18, 18, 18, 18, 18, 18, 18, 18, 18, 18, 18, 18, 18, 18, 18, 18, 18, 18, 18, 18, 18, 18, 18, 18, 18, 18, 18, 18, 18, 18, 18, 18, 18, 18, 18, 18, 18, 18, 30, 31, 31, 30, 25, 25, 32, 33, 32, 33, 34, 34, 34, 34, 34, 34, 34, 34, 34, 34, 34, 34, 34, 34, 34, 34, 34, 34, 34, 34, 34, 34, 34, 34, 34, 34, 34, 34, 34, 34, 34, 34, 34, 34, 34, 34, 34, 34, 34, 34, 34, 34, 34, 34, 34, 34, 34, 34, 34, 34, 34, 34, 34, 34, 34, 34, 34, 34, 34, 34, 34, 34, 34, 34, 34, 34, 34, 34, 34, 34, 34, 34, 34, 34, 34, 34, 34, 34, 34, 34, 34, 34, 34, 34, 34, 34, 34, 34, 34, 34, 34, 34, 34, 34, 34, 34, 34, 34, 34, 34, 34, 34, 34, 34, 34, 34, 34, 34, 34, 34, 34, 34, 34, 34, 34, 34, 34, 34, 34, 34, 34, 34, 34, 34, 34, 34, 34, 34, 34, 34, 34, 34, 34, 34, 34, 34, 34, 34, 34, 34, 34, 34, 34, 34, 34, 34, 34, 34, 34, 34, 34, 34, 34, 34, 34, 34, 34, 34, 34, 34, 34, 34, 34, 34, 34, 34, 34, 34, 34, 34, 34, 34, 34, 34, 34, 34, 34, 34, 34, 34, 34, 34, 34, 34, 34, 35, 36, 37, 38, 39, 40, 41, 42, 43, 44, 45, 46, 47, 48, 49, 50, 51, 52, 53, 54, 55, 56, 57, 58, 59, 60, 61, 62, 63, 64, 65, 66, 67, 68, 69, 70, 71, 72, 73, 74, 75, 76, 77, 78, 79, 80, 81, 82, 82, 82, 82, 83, 84, 83, 84, 85, 85, 86, 87, 86, 87, 88, 88, 89, 90, 91, 91, 90, 92, 93, 85, 84, 85, 84, 86, 86, 89, 94, 94, 28, 31, 31, 33, 32, 33, 26, 26, 95, 27, 28, 27, 32, 95, 96, 96, 96, 96, 96, 96, 97, 88, 88, 97, 83, 83, 91, 90, 91, 90, 19, 19, 19, 19, 19, 19, 19, 19, 98, 98, 98, 98, 98, 98, 99, 100, 100, 101, 102, 101, 102, 103, 103, 104, 104, 105, 105, 106, 106, 107, 107, 108, 109, 108, 109, 110, 111, 110, 112, 113, 112, 113, 111, 114, 114, 99, 115, 116, 117, 117, 118, 119, 119, 118, 120, 121, 121, 122, 123, 123, 122, 120, 124, 125, 125, 126, 126, 127, 128, 128, 129, 130, 130, 129, 127, 124, 131, 131, 132, 132, 98, 98, 98, 98, 98, 98, 0, 0, 0, 0, 0, 0, 0, 0, 96, 96, 96, 96, 96, 96, 133, 134, 134, 135, 136, 136, 135, 133, 137, 137, 138, 138, 139, 139, 140, 140, 141, 141, 89, 28, 89, 27, 26, 27, 28, 142, 32, 143, 33, 31, 33, 32, 26, 31, 144, 88, 86, 86, 84, 84, 85, 91, 91, 145, 88, 90, 90, 145, 144, 85, 89, 28, 89, 27, 26, 27, 28, 142, 32, 146, 33, 31, 33, 32, 26, 31, 144, 88, 86, 86, 84, 84, 85, 85, 91, 91, 145, 90, 90, 145, 144, 88, 89, 147, 89, 148, 149, 149, 150, 151, 150, 152, 151, 147, 152, 153, 153, 154, 148, 155, 154, 156, 155, 156, 157, 158, 157, 159, 160, 161, 162, 162, 159, 163, 164, 164, 165, 163, 166, 166, 167, 168, 168, 169, 169, 165, 161, 170, 170, 167, 171, 171, 172, 173, 173, 174, 174, 175, 176, 175, 177, 177, 176, 178, 179, 178, 180, 180, 181, 182, 181, 183, 183, 182, 179, 184, 185, 184, 186, 186, 187, 188, 187, 189, 189, 188, 190, 191, 190, 191, 192, 192, 193, 194, 194, 172, 195, 193, 89, 28, 89, 27, 26, 27, 28, 142, 32, 143, 33, 31, 33, 32, 26, 31, 144, 88, 86, 86, 84, 84, 85, 91, 91, 145, 88, 90, 90, 145, 144, 85, 89, 28, 89, 26, 26, 27, 27, 32, 32, 196, 31, 31, 33, 33, 196, 28, 144, 144, 88, 86, 86, 84, 84, 85, 85, 91, 91, 145, 88, 90, 90, 145, 89, 28, 89, 27, 26, 27, 28, 142, 32, 146, 33, 31, 33, 32, 26, 31, 144, 88, 86, 86, 84, 84, 85, 85, 91, 91, 145, 88, 90, 90, 145, 144, 197, 198, 197, 199, 200, 201, 89, 89, 89, 89, 96, 96, 96, 96, 82, 82, 82, 82, 98, 98, 98, 98, 89, 89, 89, 89, 96, 96, 96, 96, 82, 82, 82, 82, 98, 98, 98, 98, 89, 89, 89, 89, 89, 88, 89, 91, 91, 90, 90, 84, 84, 92, 86, 86, 85, 85, 92, 88, 94, 94, 28, 31, 31, 33, 32, 33, 26, 26, 95, 27, 27, 32, 95, 28, 202, 203, 204, 205, 206, 207, 208, 209, 210, 211, 212, 213, 214, 215, 216, 217, 218, 219, 220, 221, 222, 223, 224, 225, 226, 227, 228, 229, 230, 231, 232, 233, 234, 235, 236, 237, 238, 239, 240, 241, 242, 243, 244, 245, 246, 247, 248, 7, 21, 249, 7, 250, 23, 251, 252, 201, 201, 199, 253, 253, 199, 7, 254, 7, 255, 256, 257, 258, 259, 260, 261, 262, 263, 264, 265, 266, 267, 268, 269, 270, 271, 272, 273, 274, 275, 276, 277, 278, 279, 280, 281, 282, 283, 284, 285, 286, 287, 288, 289, 290, 291, 292, 293, 294, 295, 296, 297, 298, 299, 300, 301, 302, 303, 304, 305, 306, 307, 308, 309, 310, 311, 312, 313, 314, 315, 316, 317, 318, 319, 320, 321, 322, 323, 324, 325, 326, 327, 328, 329, 330, 331, 332, 333, 334, 335, 336, 337, 338, 339, 340, 341, 342, 343, 344, 345, 346, 347, 348, 349, 350, 351, 352, 353, 354, 355, 356, 357, 358, 359, 360, 361, 362, 363, 364, 365, 366, 367, 368, 369, 370, 371, 372, 373, 374, 375, 376, 377, 378, 379, 380, 381, 382, 383, 384, 385, 386, 387, 388, 389, 390, 391, 392, 393, 394, 395, 396, 397, 398, 399, 400, 401, 402, 403, 404, 405, 406, 407, 408, 409, 410, 411, 412, 413, 414, 415, 416, 417, 418, 419, 420, 421, 422, 423, 424, 425, 426, 7, 249, 7, 21, 250, 427, 23, 252, 7, 255, 254, 7, 256, 258, 428, 429, 5, 5, 4, 430, 430, 4, 0, 0, 0, 0, 431, 431, 431, 431, 431, 431, 431, 431, 96, 96, 96, 96, 431, 431, 431, 431, 431, 431, 431, 431, 431, 431, 431, 431, 431, 431, 431, 431, 431, 431, 431, 431, 98, 98, 98, 98, 19, 19, 19, 19, 431, 431, 431, 431, 431, 431, 431, 431, 98, 98, 98, 98, 431, 431, 431, 431, 431, 431, 431, 431, 431, 431, 431, 431, 431, 431, 431, 431, 431, 431, 431, 431, 96, 96, 96, 96, 89, 89, 89, 89, 88, 88, 89, 91, 91, 90, 90, 84, 84, 432, 86, 86, 85, 85, 92, 89, 94, 28, 31, 94, 33, 32, 33, 31, 95, 26, 433, 27, 28, 27, 26, 32, 82, 82, 82, 82, 88, 88, 89, 91, 91, 90, 90, 84, 84, 432, 86, 86, 85, 85, 92, 89, 94, 28, 31, 94, 33, 32, 33, 31, 95, 26, 433, 27, 28, 27, 26, 32, 431, 431, 431, 431, 431, 431, 431, 431, 431, 431, 431, 431, 431, 431, 431, 431, 431, 431, 431, 431, 431, 431, 431, 431, 431, 431, 431, 431, 431, 431, 431, 431]
                texCoord2f[] primvars:st = [(0.030000001, -0.095400006), (0.030000001, -0.080400005), (0.010000001, -0.080400005), (0.001, -0.029460313), (0.001, -0.095400006), (0.010000001, -0.029460313), (0.028, -0.034), (0.0075000003, -0.030000001), (-0.0075000003, -0.030000001), (0.028, -0.030000001), (-0.0075000003, -0.001), (0.0075000003, -0.001), (-0.048, -0.030000001), (-0.048, -0.034), (0.0065, -0.0944), (0.00026259452, -0.029206946), (0.0071754507, -0.029206946), (0.0065, -0.028672462), (0.0006173166, -0.09532389), (0.00029289324, -0.095107116), (0.007207107, -0.095107116), (0.0005867722, -0.029390762), (0.02984776, -0.09416537), (0.030000001, -0.09340001), (0.028, -0.095400006), (0.029414214, -0.09481422), (0.023596017, -0.08899602), (0.02309316, -0.08933202), (0.023932014, -0.08849316), (0.02876537, -0.09524776), (0.024050001, -0.087900005), (0.029414214, -0.08098579), (0.028, -0.080400005), (0.02984776, -0.08163464), (0.030000001, -0.08240001), (0.02309316, -0.08646799), (0.02876537, -0.08055224), (0.023596017, -0.08680399), (0.023932014, -0.08730684), (0.0225, -0.08945), (0.021906842, -0.08933202), (0.021067988, -0.08849316), (0.0075000003, -0.095400006), (0.021403985, -0.08899602), (0.020950003, -0.087900005), (0.0075000003, -0.080400005), (0.0225, -0.08635), (0.021906842, -0.08646799), (0.021067988, -0.08730684), (0.021403985, -0.08680399), (0.011429108, -0.001), (0.0075000003, -0.010000001), (0.011429108, -0.010000001), (0.015146699, -0.001), (0.015146699, -0.010000001), (0.018583968, -0.001), (0.018583968, -0.010000001), (0.0075000003, -0.001), (0.001, -0.021313246), (0.021677306, -0.001), (0.010000001, -0.021313246), (0.021677306, -0.010000001), (0.010000001, -0.018173868), (0.001, -0.018173868), (0.010000001, -0.014698143), (0.010000001, -0.0109504005), (0.001, -0.0109504005), (0.001, -0.014698143), (0.001, -0.007), (0.010000001, -0.007), (0.048, -0.034), (0.0075000003, -0.030000001), (-0.028, -0.034), (0.048, -0.030000001), (-0.0075000003, -0.010000001), (-0.0075000003, -0.030000001), (0.0075000003, -0.010000001), (-0.028, -0.030000001), (-0.021677306, -0.021313246), (-0.020495504, -0.018844856), (-0.02072767, -0.01767767), (-0.019834345, -0.019834345), (-0.024369461, -0.018173868), (-0.020495504, -0.016510485), (-0.026610613, -0.014698143), (-0.018844856, -0.020495504), (-0.018583968, -0.024058184), (-0.01767767, -0.02072767), (-0.016510485, -0.020495504), (-0.015146699, -0.026357874), (-0.015520995, -0.019834345), (-0.029583104, -0.007), (-0.015393773, -0.0018115677), (-0.015500001, 0), (-0.030125001, -0.007), (-0.029583104, 0.007), (-0.030125001, 0.007), (-0.02835928, -0.0109504005), (-0.019834345, -0.015520995), (-0.015076545, -0.0035983047), (-0.018844856, -0.0148598375), (-0.01767767, -0.01462767), (-0.016510485, -0.0148598375), (-0.014552667, -0.0053357203), (-0.013829318, -0.007), (-0.015520995, -0.015520995), (-0.028894767, 0.009447353), (-0.011429108, -0.028169762), (-0.0148598375, -0.018844856), (-0.01462767, -0.01767767), (-0.01140302, -0.010498627), (-0.0148598375, -0.016510485), (-0.008116342, -0.013205113), (-0.012736867, -0.008833019), (-0.0075000003, -0.029460313), (0.0075000003, -0.029460313), (-2.7014523e-15, -0.015500001), (-0.0075000003, -0.080400005), (0.0075000003, -0.080400005), (-0.002128809, -0.015353117), (-0.0042172717, -0.014915248), (-0.006225805, -0.014194695), (-0.018844856, 0.0148598375), (-0.015393773, 0.0018115677), (-0.015076545, 0.0035983047), (-0.009853052, -0.011965257), (-0.01767767, 0.01462767), (-0.014552667, 0.0053357203), (-0.016510485, 0.0148598375), (-0.013829318, 0.007), (-0.019834345, 0.015520995), (-0.026918072, 0.0141271865), (-0.028004348, 0.011828633), (-0.02564354, 0.016326938), (-0.020495504, 0.016510485), (-0.024189664, 0.018412502), (-0.0148598375, 0.016510485), (-0.015520995, 0.015520995), (-0.012736867, 0.008833019), (-0.02256661, 0.020369297), (-0.02072767, 0.01767767), (-0.020495504, 0.018844856), (-0.02078573, 0.02218363), (-0.019834345, 0.019834345), (-0.018844856, 0.020495504), (-0.016510485, 0.020495504), (-0.015520995, 0.019834345), (-0.016801333, 0.025335258), (-0.018859481, 0.02384282), (-0.01767767, 0.02072767), (-0.014625682, 0.026650507), (-0.01140302, 0.010498627), (-0.01462767, 0.01767767), (-0.012347742, 0.027779369), (-0.0148598375, 0.018844856), (-0.009853052, 0.011965257), (-0.008116342, 0.013205113), (-0.0027716388, 0.023851952), (-0.006225805, 0.014194695), (-0.0042172717, 0.014915248), (-0.009983445, 0.02871395), (-0.002128809, 0.015353117), (-2.7079808e-15, 0.015500001), (-0.0011480504, 0.022228362), (-0.0021213205, 0.02287868), (-0.007549326, 0.029447714), (-0.003, 0.025), (-0.0050624087, 0.029975524), (-0.0027716388, 0.026148051), (-0.0025400869, 0.030293697), (-0.0021213205, 0.027121322), (-0.0011480504, 0.02777164), (6.8090365e-18, 0.0304), (1.0409498e-18, 0.022000002), (0.002128809, -0.015353117), (0.0042172717, -0.014915248), (0.006225805, -0.014194695), (0.008116342, -0.013205113), (0.011429108, -0.028169762), (0.015146699, -0.026357874), (0.0148598375, -0.018844856), (0.01462767, -0.01767767), (0.009853052, -0.011965257), (0.01140302, -0.010498627), (0.0148598375, -0.016510485), (0.012736867, -0.008833019), (0.015520995, -0.015520995), (0.015520995, 0.015520995), (0.012736867, 0.008833019), (0.013829318, 0.007), (0.013829318, -0.007), (0.01767767, -0.01462767), (0.015076545, -0.0035983047), (0.014552667, -0.0053357203), (0.018844856, -0.0148598375), (0.015393773, -0.0018115677), (0.018844856, 0.0148598375), (0.015076545, 0.0035983047), (0.015393773, 0.0018115677), (0.01767767, 0.01462767), (0.014552667, 0.0053357203), (0.016510485, -0.0148598375), (0.016510485, 0.0148598375), (0.015520995, -0.019834345), (0.01767767, -0.02072767), (0.018583968, -0.024058184), (0.018844856, -0.020495504), (0.016510485, -0.020495504), (0.019834345, -0.019834345), (0.021677306, -0.021313246), (0.020495504, -0.018844856), (0.02072767, -0.01767767), (0.020495504, -0.016510485), (0.024369461, -0.018173868), (0.026610613, -0.014698143), (0.019834345, -0.015520995), (0.02835928, -0.0109504005), (0.029583104, -0.007), (0.015500001, -1.8982027e-18), (0.029583104, 0.007), (0.030125001, 0.007), (0.030125001, -0.007), (0.028894767, 0.009447353), (0.0011480504, 0.022228362), (0.002128809, 0.015353117), (0.0021213205, 0.02287868), (0.0042172717, 0.014915248), (0.0027716388, 0.023851952), (0.009853052, 0.011965257), (0.01140302, 0.010498627), (0.01462767, 0.01767767), (0.008116342, 0.013205113), (0.006225805, 0.014194695), (0.003, 0.025), (0.009983445, 0.02871395), (0.0148598375, 0.016510485), (0.012347742, 0.027779369), (0.0021213205, 0.027121322), (0.0027716388, 0.026148051), (0.0025400869, 0.030293697), (0.0011480504, 0.02777164), (1.775738e-18, 0.028), (0.0050624087, 0.029975524), (0.014625682, 0.026650507), (0.0148598375, 0.018844856), (0.007549326, 0.029447714), (0.019834345, 0.015520995), (0.028004348, 0.011828633), (0.026918072, 0.0141271865), (0.02564354, 0.016326938), (0.02072767, 0.01767767), (0.020495504, 0.016510485), (0.024189664, 0.018412502), (0.015520995, 0.019834345), (0.016510485, 0.020495504), (0.016801333, 0.025335258), (0.018859481, 0.02384282), (0.01767767, 0.02072767), (0.018844856, 0.020495504), (0.02078573, 0.02218363), (0.019834345, 0.019834345), (0.020495504, 0.018844856), (0.02256661, 0.020369297), (-0.001, -0.095400006), (-0.001, -0.029460313), (-0.010000001, -0.080400005), (-0.010000001, -0.029460313), (-0.030000001, -0.080400005), (-0.030000001, -0.095400006), (-0.0065, -0.0944), (0.007207107, -0.095107116), (0.007207107, -0.00029289324), (0.0065, -0.0944), (-0.0075000003, -0.001), (0.0075000003, -0.001), (-0.00742388, -0.0006173166), (-0.007207107, -0.095107116), (-0.007207107, -0.00029289324), (0.00742388, -0.0006173166), (-0.049847763, -0.09416537), (-0.049414217, -0.09481422), (-0.043899998, -0.09356), (-0.05, -0.09340001), (-0.048, -0.095400006), (-0.04876537, -0.09524776), (-0.043899998, -0.092240006), (-0.0411, -0.09356), (-0.0411, -0.092240006), (-0.02309316, -0.08933202), (-0.0411, -0.083560005), (-0.0075000003, -0.095400006), (-0.05, -0.08240001), (-0.043899998, -0.08224), (-0.049414217, -0.08098579), (-0.049847763, -0.08163464), (-0.048, -0.080400005), (-0.04876537, -0.08055224), (-0.043899998, -0.083560005), (-0.0411, -0.08224), (-0.0075000003, -0.080400005), (-0.02309316, -0.08646799), (-0.024050001, -0.087900005), (-0.023596017, -0.08899602), (-0.023932014, -0.08849316), (-0.0225, -0.08945), (-0.021906842, -0.08933202), (-0.021403985, -0.08899602), (-0.021067988, -0.08849316), (-0.020950003, -0.087900005), (-0.023932014, -0.08730684), (-0.023596017, -0.08680399), (-0.0225, -0.08635), (-0.021067988, -0.08730684), (-0.021906842, -0.08646799), (-0.021403985, -0.08680399), (-0.048, -0.030000001), (-0.04876537, -0.030000001), (-0.04876537, -0.034), (-0.048, -0.034), (-0.049414217, -0.034), (-0.034, -0.09481422), (-0.049414217, -0.030000001), (-0.030000001, -0.09481422), (-0.030000001, -0.09416537), (-0.034, -0.09416537), (-0.034, -0.09340001), (-0.030000001, -0.09340001), (-0.029414214, -0.09481422), (-0.02876537, -0.09524776), (-0.028, -0.095400006), (-0.02984776, -0.09416537), (-0.030000001, -0.09340001), (-0.023932014, -0.08849316), (-0.024050001, -0.087900005), (-0.023596017, -0.08899602), (-0.030000001, -0.08240001), (0.021906842, -0.08933202), (-0.021906842, -0.08933202), (-0.02309316, -0.08933202), (-0.0225, -0.08945), (-0.021067988, -0.08849316), (-0.021403985, -0.08899602), (0.021403985, -0.08899602), (0.021067988, -0.08849316), (0.0225, -0.08945), (0.020950003, -0.087900005), (-0.023932014, -0.08730684), (-0.023596017, -0.08680399), (0.0225, -0.08635), (-0.028, -0.080400005), (-0.029414214, -0.08098579), (-0.02984776, -0.08163464), (-0.02876537, -0.08055224), (-0.02309316, -0.08646799), (-0.021067988, -0.08730684), (-0.020950003, -0.087900005), (0.021067988, -0.08730684), (-0.021403985, -0.08680399), (-0.0225, -0.08635), (0.021403985, -0.08680399), (-0.021906842, -0.08646799), (0.021906842, -0.08646799), (0.0411, -0.09356), (0.02309316, -0.08933202), (0.0411, -0.092240006), (0.023596017, -0.08899602), (0.043899998, -0.092240006), (0.024050001, -0.087900005), (0.023932014, -0.08849316), (0.048, -0.095400006), (0.04876537, -0.09524776), (0.049414217, -0.09481422), (0.043899998, -0.09356), (0.049847763, -0.09416537), (0.043899998, -0.083560005), (0.05, -0.09340001), (0.05, -0.08240001), (0.023596017, -0.08680399), (0.023932014, -0.08730684), (0.0411, -0.083560005), (0.0411, -0.08224), (0.02309316, -0.08646799), (0.043899998, -0.08224), (0.049847763, -0.08163464), (0.048, -0.080400005), (0.04876537, -0.08055224), (0.049414217, -0.08098579), (0.030000001, -0.09340001), (0.030000001, -0.09416537), (0.034, -0.09416537), (0.034, -0.09340001), (0.028, -0.030000001), (0.028, -0.034), (0.02876537, -0.034), (0.029414214, -0.030000001), (0.030000001, -0.09481422), (0.02876537, -0.030000001), (0.029414214, -0.034), (0.034, -0.09481422), (-0.020969065, -0.020607242), (-0.020495504, -0.018844856), (-0.02072767, -0.01767767), (-0.019834345, -0.019834345), (-0.023688221, -0.017413449), (-0.020495504, -0.016510485), (-0.025925204, -0.013865204), (-0.018844856, -0.020495504), (-0.017823081, -0.023381572), (-0.01767767, -0.02072767), (-0.016510485, -0.020495504), (-0.014314305, -0.025679966), (-0.015520995, -0.019834345), (-0.028781246, -0.006), (-0.015500001, -1.8982027e-18), (-0.028781246, 0.006), (-0.043125004, -0.006), (-0.043125004, 0.006), (-0.015393773, 0.0018115677), (-0.028165175, 0.008431078), (-0.015393773, -0.0018115677), (-0.027634475, -0.010034731), (-0.018844856, -0.0148598375), (-0.019834345, -0.015520995), (-0.015076545, -0.0035983047), (-0.01767767, -0.01462767), (-0.014552667, -0.0053357203), (-0.016510485, -0.0148598375), (-0.013829318, -0.007), (-0.012736867, -0.008833019), (-0.015520995, -0.015520995), (-0.010514162, -0.027455647), (-0.0148598375, -0.018844856), (-0.01462767, -0.01767767), (-0.009853052, -0.011965257), (-0.0148598375, -0.016510485), (-0.01140302, -0.010498627), (-0.008116342, -0.013205113), (-0.0065, -0.028672462), (2.0349888e-15, -0.015500001), (-0.002128809, -0.015353117), (-0.0042172717, -0.014915248), (-0.006225805, -0.014194695), (-0.015076545, 0.0035983047), (-0.018844856, 0.0148598375), (-0.014552667, 0.0053357203), (-0.027344152, 0.010800806), (-0.01767767, 0.01462767), (-0.013829318, 0.007), (-0.019834345, 0.015520995), (-0.025112607, 0.015287806), (-0.026324157, 0.013091939), (-0.020495504, 0.016510485), (-0.023718322, 0.01737243), (-0.02072767, 0.01767767), (-0.016510485, 0.0148598375), (-0.0148598375, 0.016510485), (-0.015520995, 0.015520995), (-0.01140302, 0.010498627), (-0.012736867, 0.008833019), (-0.022151444, 0.019330638), (-0.020495504, 0.018844856), (-0.020423379, 0.021148182), (-0.019834345, 0.019834345), (-0.018844856, 0.020495504), (-0.018546699, 0.02281184), (-0.01653506, 0.024309503), (-0.015520995, 0.019834345), (-0.0144031, 0.025630271), (-0.016510485, 0.020495504), (-0.01767767, 0.02072767), (-0.0148598375, 0.018844856), (-0.009853052, 0.011965257), (-0.01462767, 0.01767767), (-0.008116342, 0.013205113), (-0.012166332, 0.026764536), (-0.0042172717, 0.014915248), (-0.002128809, 0.015353117), (-0.0021213205, 0.02287868), (-0.0027716388, 0.023851952), (-0.006225805, 0.014194695), (-0.0011480504, 0.022228362), (2.0346341e-15, 0.015500001), (1.8369703e-19, 0.022000002), (-0.009841035, 0.027704045), (-0.0074441275, 0.028441958), (-0.003, 0.025), (-0.0049930513, 0.028972909), (-0.0027716388, 0.026148051), (-0.0021213205, 0.027121322), (-0.0025056421, 0.029293032), (6.9810825e-16, 0.0294), (-0.0011480504, 0.02777164), (-5.510911e-19, 0.028), (0.0065, -0.028672462), (-0.0065, -0.0944), (0.0065, -0.0944), (0.002128809, -0.015353117), (0.0042172717, -0.014915248), (0.006225805, -0.014194695), (0.008116342, -0.013205113), (0.010514162, -0.027455647), (0.0148598375, -0.018844856), (0.014314305, -0.025679966), (0.01462767, -0.01767767), (0.0148598375, -0.016510485), (0.015520995, -0.015520995), (0.01140302, -0.010498627), (0.015520995, -0.019834345), (0.009853052, -0.011965257), (0.016510485, -0.0148598375), (0.013829318, -0.007), (0.012736867, -0.008833019), (0.018844856, -0.0148598375), (0.015076545, -0.0035983047), (0.014552667, -0.0053357203), (0.027634475, -0.010034731), (0.015393773, -0.0018115677), (0.028165175, 0.008431078), (0.015076545, 0.0035983047), (0.015393773, 0.0018115677), (0.018844856, 0.0148598375), (0.014552667, 0.0053357203), (0.01767767, -0.01462767), (0.01767767, 0.01462767), (0.013829318, 0.007), (0.01767767, -0.02072767), (0.017823081, -0.023381572), (0.018844856, -0.020495504), (0.016510485, -0.020495504), (0.020969065, -0.020607242), (0.019834345, -0.019834345), (0.020495504, -0.018844856), (0.02072767, -0.01767767), (0.020495504, -0.016510485), (0.023688221, -0.017413449), (0.025925204, -0.013865204), (0.028781246, -0.006), (0.019834345, -0.015520995), (0.015500001, 0), (0.028781246, 0.006), (0.043125004, 0.006), (0.043125004, -0.006), (0.002128809, 0.015353117), (0.0042172717, 0.014915248), (0.0021213205, 0.02287868), (0.0011480504, 0.022228362), (0.0027716388, 0.023851952), (0.0148598375, 0.016510485), (0.009853052, 0.011965257), (0.01140302, 0.010498627), (0.01462767, 0.01767767), (0.009841035, 0.027704045), (0.006225805, 0.014194695), (0.008116342, 0.013205113), (0.012736867, 0.008833019), (0.015520995, 0.015520995), (0.012166332, 0.026764536), (0.0021213205, 0.027121322), (0.0027716388, 0.026148051), (0.0025056421, 0.029293032), (0.0011480504, 0.02777164), (0.0049930513, 0.028972909), (0.0074441275, 0.028441958), (0.003, 0.025), (0.0148598375, 0.018844856), (0.0144031, 0.025630271), (0.016510485, 0.0148598375), (0.026324157, 0.013091939), (0.019834345, 0.015520995), (0.027344152, 0.010800806), (0.025112607, 0.015287806), (0.020495504, 0.016510485), (0.023718322, 0.01737243), (0.02072767, 0.01767767), (0.015520995, 0.019834345), (0.016510485, 0.020495504), (0.01653506, 0.024309503), (0.01767767, 0.02072767), (0.018546699, 0.02281184), (0.018844856, 0.020495504), (0.020495504, 0.018844856), (0.022151444, 0.019330638), (0.020423379, 0.021148182), (0.019834345, 0.019834345), (0.001, -0.0109504005), (0.001, -0.007), (0.0006173166, -0.0069824727), (0.028982375, -0.0068578552), (0.028609978, -0.006769737), (0.027634475, -0.010034731), (0.025925204, -0.013865204), (0.027747912, -0.010819504), (0.00026171826, -0.0066744927), (0.0293245, -0.0066744927), (0.028781246, -0.006), (0.001, -0.018173868), (0.001, -0.014698143), (0.0006173166, -0.014835905), (0.001, -0.021313246), (0.021677306, -0.001), (0.0006173166, -0.018367706), (0.025974806, -0.014571126), (0.023688221, -0.017413449), (0.020969065, -0.020607242), (0.017823081, -0.023381572), (0.02096014, -0.021158472), (0.0006173166, -0.011016111), (0.02369748, -0.018039893), (0.00029289324, -0.010937361), (0.028050171, -0.010937361), (0.00029289324, -0.01472985), (0.026257752, -0.01472985), (0.00029289324, -0.006932558), (0.029298082, -0.006932558), (0.0005857942, -0.006910184), (0.00029289324, -0.0182364), (0.023955617, -0.0182364), (0.00029289324, -0.021388952), (0.021188458, -0.021388952), (0.021188458, -0.00029289324), (0.0006173166, -0.021542953), (0.021341017, -0.0006173166), (0.015146699, -0.001), (0.018583968, -0.001), (0.018139662, -0.0006173166), (0.017815921, -0.02386632), (0.014314305, -0.025679966), (0.01432586, -0.02611088), (0.010514162, -0.027455647), (0.014481911, -0.026395306), (0.014481911, -0.00029289324), (0.01800999, -0.024126299), (0.01800999, -0.00029289324), (0.0075000003, -0.001), (0.011429108, -0.001), (0.010749556, -0.0006173166), (0.0065, -0.028672462), (0.0105577065, -0.027848575), (0.0071754507, -0.029206946), (0.0071754507, -0.00026259452), (0.014586182, -0.0006173166), (0.010672712, -0.028151931), (0.010672712, -0.00029289324), (0.0074106283, -0.0005867722), (0.030000001, -0.09340001), (0.034, -0.09340001), (0.034, -0.08240001), (0.030000001, -0.08240001), (-0.028, -0.030000001), (-0.02876537, -0.030000001), (-0.028, -0.034), (-0.02876537, -0.034), (-0.029414214, -0.030000001), (0.030000001, -0.08098579), (-0.029414214, -0.034), (0.034, -0.08098579), (0.030000001, -0.08163464), (0.030000001, -0.08240001), (0.034, -0.08163464), (0.034, -0.08240001), (-0.034, -0.08849316), (-0.030000001, -0.08849316), (-0.030000001, -0.087900005), (-0.030000001, -0.08899602), (-0.023596017, -0.030000001), (-0.02309316, -0.034), (-0.02309316, -0.030000001), (-0.034, -0.08899602), (-0.023596017, -0.034), (-0.0225, -0.030000001), (-0.0225, -0.034), (-0.021403985, -0.030000001), (0.030000001, -0.08899602), (-0.021906842, -0.030000001), (-0.021403985, -0.034), (0.034, -0.08899602), (-0.021906842, -0.034), (0.030000001, -0.08849316), (0.034, -0.08849316), (-0.034, -0.087900005), (0.034, -0.087900005), (0.030000001, -0.087900005), (-0.034, -0.08730684), (0.034, -0.08730684), (0.030000001, -0.08730684), (0.021403985, -0.034), (0.034, -0.08680399), (0.021906842, -0.030000001), (0.021403985, -0.030000001), (0.030000001, -0.08680399), (0.02309316, -0.034), (0.02309316, -0.030000001), (0.0225, -0.030000001), (-0.034, -0.08680399), (0.023596017, -0.034), (-0.030000001, -0.08730684), (-0.030000001, -0.08680399), (0.023596017, -0.030000001), (0.021906842, -0.034), (0.0225, -0.034), (0.044125002, -0.001), (0.029583104, -0.001), (0.030125001, -0.010000001), (0.029583104, -0.010000001), (0.030125001, -0.065000005), (0.044125002, -0.065000005), (-0.030000001, -0.08240001), (-0.030000001, -0.08163464), (-0.034, -0.08163464), (-0.034, -0.08240001), (0.048, -0.030000001), (0.048, -0.034), (0.04876537, -0.034), (-0.030000001, -0.08098579), (0.049414217, -0.030000001), (0.04876537, -0.030000001), (-0.034, -0.08098579), (0.049414217, -0.034), (-0.010000001, 0.007), (-0.060000002, 0.0051292893), (-0.060000002, -0.005070711), (-0.065000005, 0.007), (-0.010000001, -0.007), (-0.065000005, -0.007), (-0.065000005, 0.0051292893), (-0.065000005, -0.005070711), (-0.044125002, -0.065000005), (-0.030125001, -0.065000005), (-0.030125001, -0.010000001), (-0.029583104, -0.001), (-0.044125002, -0.001), (-0.029583104, -0.010000001), (0.010000001, 0.007), (0.010000001, 0.009447353), (0.001, 0.009447353), (0.001, 0.0141271865), (0.010000001, 0.011828633), (0.010000001, 0.0141271865), (0.001, 0.011828633), (0.010000001, 0.018412502), (0.001, 0.018412502), (0.010000001, 0.016326938), (0.001, 0.016326938), (0.001, 0.020369297), (0.010000001, 0.020369297), (-0.02078573, -0.010000001), (0.010000001, 0.02218363), (-0.02078573, -0.001), (0.001, 0.02218363), (-0.018859481, -0.001), (-0.018859481, -0.010000001), (-0.014625682, -0.001), (-0.016801333, -0.010000001), (-0.014625682, -0.010000001), (-0.016801333, -0.001), (-0.009983445, -0.001), (-0.012347742, -0.010000001), (-0.009983445, -0.010000001), (-0.0050624087, -0.001), (-0.007549326, -0.010000001), (-0.0050624087, -0.010000001), (-0.007549326, -0.001), (-0.012347742, -0.001), (-0.0025400869, -0.001), (-0.0025400869, -0.010000001), (0.001, 0.007), (-4.0492054e-15, -0.001), (6.8090365e-18, -0.010000001), (0.0025400869, -0.010000001), (0.0025400869, -0.001), (0.0050624087, -0.010000001), (0.007549326, -0.010000001), (0.007549326, -0.001), (0.0050624087, -0.001), (0.009983445, -0.010000001), (0.012347742, -0.010000001), (0.012347742, -0.001), (0.014625682, -0.010000001), (0.016801333, -0.010000001), (0.016801333, -0.001), (0.014625682, -0.001), (0.009983445, -0.001), (0.018859481, -0.010000001), (-0.010000001, 0.02218363), (0.02078573, -0.010000001), (-0.001, 0.02218363), (0.02078573, -0.001), (-0.010000001, 0.020369297), (-0.001, 0.020369297), (-0.010000001, 0.018412502), (-0.010000001, 0.016326938), (-0.001, 0.016326938), (-0.010000001, 0.0141271865), (-0.010000001, 0.011828633), (-0.001, 0.011828633), (-0.001, 0.0141271865), (-0.001, 0.018412502), (0.018859481, -0.001), (-0.001, 0.009447353), (-0.010000001, 0.009447353), (-0.001, 0.007), (-0.010000001, 0.007), (0.044125002, -0.065000005), (0.030125001, -0.010000001), (0.030125001, -0.065000005), (0.044125002, -0.001), (0.029583104, -0.001), (0.029583104, -0.010000001), (0.065000005, 0.0051292893), (0.065000005, 0.007), (0.060000002, 0.0051292893), (0.065000005, -0.007), (0.065000005, -0.005070711), (0.060000002, -0.005070711), (0.010000001, 0.007), (0.010000001, -0.007), (-0.044125002, -0.001), (-0.030125001, -0.010000001), (-0.029583104, -0.001), (-0.044125002, -0.065000005), (-0.029583104, -0.010000001), (-0.030125001, -0.065000005), (-0.010000001, -0.007), (-0.010000001, -0.0109504005), (-0.001, -0.0109504005), (-0.010000001, -0.014698143), (-0.010000001, -0.018173868), (-0.001, -0.018173868), (-0.001, -0.014698143), (-0.001, -0.007), (-0.021677306, -0.001), (-0.001, -0.021313246), (-0.021677306, -0.010000001), (-0.010000001, -0.021313246), (-0.018583968, -0.010000001), (-0.018583968, -0.001), (-0.015146699, -0.010000001), (-0.015146699, -0.001), (-0.011429108, -0.001), (-0.011429108, -0.010000001), (-0.0075000003, -0.001), (-0.0075000003, -0.010000001), (-3.096012e-17, -0.01767767), (-0.010000001, -0.016510485), (-0.010000001, -0.01767767), (-3.0850717e-17, -0.015520995), (0.019834345, -3.0850717e-17), (0.018844856, -0.010000001), (-0.010000001, -0.015520995), (0.019834345, -0.010000001), (-3.0931688e-17, -0.016510485), (0.01767767, -3.05866e-17), (0.016510485, -0.010000001), (0.01767767, -0.010000001), (3.0322482e-17, -0.015520995), (0.015520995, -3.0322482e-17), (0.010000001, -0.016510485), (0.010000001, -0.015520995), (0.015520995, -0.010000001), (0.016510485, -3.0443664e-17), (0.018844856, -3.072954e-17), (3.0241518e-17, -0.016510485), (0.010000001, -0.01767767), (-0.010000001, -0.018844856), (3.0241518e-17, -0.018844856), (0.010000001, -0.018844856), (-0.016510485, -3.0443664e-17), (-0.016510485, -0.010000001), (-0.015520995, -0.010000001), (0.010000001, -0.019834345), (-0.018844856, -3.072954e-17), (-0.018844856, -0.010000001), (-0.01767767, -0.010000001), (-3.0931688e-17, -0.018844856), (-0.019834345, -0.010000001), (-0.010000001, -0.019834345), (-0.019834345, -3.0850717e-17), (-3.0850717e-17, -0.019834345), (-0.01767767, -3.05866e-17), (3.0213083e-17, -0.01767767), (-0.015520995, -3.0322482e-17), (3.0322482e-17, -0.019834345), (-2.6630337e-17, -0.01767767), (-0.010000001, -0.016510485), (-0.010000001, -0.01767767), (-0.015520995, -2.6520936e-17), (-2.6520936e-17, -0.015520995), (-0.016510485, -0.010000001), (-0.015520995, -0.010000001), (-0.010000001, -0.015520995), (-2.6601907e-17, -0.016510485), (-0.01767767, -2.625682e-17), (-0.018844856, -0.010000001), (-0.01767767, -0.010000001), (-0.019834345, -2.5992703e-17), (2.5992703e-17, -0.015520995), (0.010000001, -0.016510485), (-0.019834345, -0.010000001), (0.010000001, -0.015520995), (-0.018844856, -2.6113882e-17), (-0.016510485, -2.639976e-17), (2.5911735e-17, -0.016510485), (0.010000001, -0.01767767), (-0.010000001, -0.018844856), (2.5911735e-17, -0.018844856), (0.010000001, -0.018844856), (0.018844856, -2.6113882e-17), (0.018844856, -0.010000001), (0.010000001, -0.019834345), (0.019834345, -0.010000001), (2.5992703e-17, -0.019834345), (0.019834345, -2.5992703e-17), (0.016510485, -2.639976e-17), (0.016510485, -0.010000001), (0.01767767, -0.010000001), (-2.6520936e-17, -0.019834345), (0.015520995, -2.6520936e-17), (-0.010000001, -0.019834345), (0.015520995, -0.010000001), (0.01767767, -2.625682e-17), (2.5883304e-17, -0.01767767), (-2.6601907e-17, -0.018844856), (-2.842171e-17, 0), (-0.010000001, 0.0018115677), (-0.010000001, 0), (-0.010000001, 0.0053357203), (-0.010000001, 0.0035983047), (-3.0268057e-17, 0.0035983047), (-3.0133985e-17, 0.007), (-0.010000001, 0.008833019), (-0.010000001, 0.007), (-0.010000001, 0.010498627), (0.01140302, -0.010000001), (-2.998153e-17, 0.008833019), (-3.0306905e-17, 0.0018115677), (-2.9818177e-17, 0.010498627), (0.01140302, -2.9818177e-17), (0.009853052, -0.010000001), (0.009853052, -2.962836e-17), (0.008116342, -0.010000001), (-3.0203898e-17, 0.0053357203), (0.006225805, -0.010000001), (0.008116342, -2.9415677e-17), (0.0042172717, -0.010000001), (0.006225805, -2.9184153e-17), (0.0042172717, -2.8938176e-17), (0.002128809, -0.010000001), (2.7079808e-15, -0.010000001), (0.002128809, -2.8682415e-17), (-0.002128809, -0.010000001), (2.0346341e-15, -2.842171e-17), (-0.006225805, -0.010000001), (-0.0042172717, -0.010000001), (-0.0042172717, -2.7905246e-17), (-0.002128809, -2.8161007e-17), (-0.009853052, -0.010000001), (-0.008116342, -0.010000001), (-0.008116342, -2.7427746e-17), (-0.01140302, -0.010000001), (0.010000001, 0.010498627), (-0.009853052, -2.721506e-17), (0.010000001, 0.007), (2.674678e-17, 0.007), (0.010000001, 0.0053357203), (0.010000001, 0.0035983047), (2.6575368e-17, 0.0035983047), (0.010000001, 0.008833019), (2.6861895e-17, 0.008833019), (-0.01140302, -2.7025243e-17), (2.7025243e-17, 0.010498627), (-0.006225805, -2.7659269e-17), (0.010000001, 0.0018115677), (2.6536517e-17, 0.0018115677), (2.6639524e-17, 0.0053357203), (2.6523508e-17, -1.8982027e-18), (0.010000001, -1.8982027e-18), (-0.010000001, -0.0018115677), (0.010000001, -0.0018115677), (2.6536517e-17, -0.0018115677), (0.010000001, -0.0035983047), (2.6575368e-17, -0.0035983047), (0.010000001, -0.007), (0.010000001, -0.0053357203), (2.6709437e-17, -0.007), (2.6861895e-17, -0.008833019), (0.010000001, -0.008833019), (2.6639524e-17, -0.0053357203), (0.009853052, -0.010000001), (0.010000001, -0.010498627), (0.01140302, -0.010000001), (0.009853052, -2.721506e-17), (0.008116342, -0.010000001), (0.008116342, -2.7427746e-17), (0.0042172717, -0.010000001), (0.006225805, -0.010000001), (0.0042172717, -2.7905246e-17), (0.002128809, -0.010000001), (0.002128809, -2.8161007e-17), (0.006225805, -2.7659269e-17), (2.7025243e-17, -0.010498627), (0.01140302, -2.7025243e-17), (-0.002128809, -0.010000001), (-2.7014523e-15, -0.010000001), (-0.002128809, -2.8682415e-17), (-0.0042172717, -0.010000001), (-0.0042172717, -2.8938176e-17), (-0.008116342, -0.010000001), (-0.006225805, -0.010000001), (-0.008116342, -2.9415677e-17), (-0.009853052, -0.010000001), (-0.009853052, -2.962836e-17), (-0.006225805, -2.9184153e-17), (-0.010000001, -0.008833019), (-0.01140302, -0.010000001), (-0.010000001, -0.010498627), (-2.998153e-17, -0.008833019), (-0.01140302, -2.9818177e-17), (-2.9818177e-17, -0.010498627), (-3.0203898e-17, -0.0053357203), (-0.010000001, -0.0053357203), (-0.010000001, -0.007), (-0.010000001, -0.0035983047), (-3.0268057e-17, -0.0035983047), (-3.0306905e-17, -0.0018115677), (-2.0349888e-15, -2.842171e-17), (-3.0096642e-17, -0.007), (-3.096012e-17, 0.01767767), (-0.010000001, 0.018844856), (-0.010000001, 0.01767767), (-3.0850717e-17, 0.019834345), (0.019834345, -3.0850717e-17), (0.018844856, -0.010000001), (-0.010000001, 0.019834345), (0.019834345, -0.010000001), (-3.0931688e-17, 0.018844856), (0.01767767, -3.05866e-17), (0.016510485, -0.010000001), (0.01767767, -0.010000001), (3.0322482e-17, 0.019834345), (0.015520995, -3.0322482e-17), (0.010000001, 0.018844856), (0.010000001, 0.019834345), (0.015520995, -0.010000001), (0.016510485, -3.0443664e-17), (0.018844856, -3.072954e-17), (3.0241518e-17, 0.018844856), (0.010000001, 0.01767767), (-0.010000001, 0.016510485), (3.0241518e-17, 0.016510485), (0.010000001, 0.016510485), (-0.016510485, -3.0443664e-17), (-0.016510485, -0.010000001), (-0.015520995, -0.010000001), (0.010000001, 0.015520995), (-0.018844856, -3.072954e-17), (-0.018844856, -0.010000001), (-0.01767767, -0.010000001), (-3.0931688e-17, 0.016510485), (-0.019834345, -0.010000001), (-0.010000001, 0.015520995), (-0.019834345, -3.0850717e-17), (-3.0850717e-17, 0.015520995), (-0.01767767, -3.05866e-17), (3.0213083e-17, 0.01767767), (-0.015520995, -3.0322482e-17), (3.0322482e-17, 0.015520995), (-2.8789105e-17, 0.025), (-0.010000001, 0.026148051), (-0.010000001, 0.025), (0.0011480504, -2.8562308e-17), (0.0011480504, -0.010000001), (-0.010000001, 0.027121322), (0.0021213205, -0.010000001), (-2.86815e-17, 0.027121322), (0.0021213205, -2.86815e-17), (-0.0011480504, -2.8281117e-17), (-0.0011480504, -0.010000001), (-1.775738e-18, -0.010000001), (2.8082282e-17, 0.026148051), (0.010000001, 0.026148051), (-0.0021213205, -0.010000001), (0.010000001, 0.027121322), (-0.0021213205, -2.8161923e-17), (2.8161923e-17, 0.027121322), (-5.510911e-19, -2.842171e-17), (-2.8761136e-17, 0.026148051), (2.8054317e-17, 0.025), (0.010000001, 0.025), (-0.010000001, 0.023851952), (2.8082282e-17, 0.023851952), (0.010000001, 0.023851952), (0.0011480504, -2.8281117e-17), (0.0011480504, -0.010000001), (0.0021213205, -0.010000001), (0.010000001, 0.02287868), (2.8161923e-17, 0.02287868), (0.0021213205, -2.8161923e-17), (-0.0011480504, -2.8562308e-17), (-0.0011480504, -0.010000001), (1.0409498e-18, -0.010000001), (-2.8761136e-17, 0.023851952), (-0.010000001, 0.02287868), (-0.0021213205, -0.010000001), (-0.0021213205, -2.86815e-17), (-2.86815e-17, 0.02287868), (-1.8369703e-19, -2.842171e-17), (-2.6630337e-17, 0.01767767), (-0.010000001, 0.018844856), (-0.010000001, 0.01767767), (-0.015520995, -2.6520936e-17), (-2.6520936e-17, 0.019834345), (-0.016510485, -0.010000001), (-0.015520995, -0.010000001), (-0.010000001, 0.019834345), (-2.6601907e-17, 0.018844856), (-0.01767767, -2.625682e-17), (-0.018844856, -0.010000001), (-0.01767767, -0.010000001), (-0.019834345, -2.5992703e-17), (2.5992703e-17, 0.019834345), (0.010000001, 0.018844856), (-0.019834345, -0.010000001), (0.010000001, 0.019834345), (-0.018844856, -2.6113882e-17), (-0.016510485, -2.639976e-17), (2.5911735e-17, 0.018844856), (0.010000001, 0.01767767), (-0.010000001, 0.016510485), (2.5911735e-17, 0.016510485), (0.010000001, 0.016510485), (0.018844856, -2.6113882e-17), (0.018844856, -0.010000001), (0.010000001, 0.015520995), (0.019834345, -0.010000001), (2.5992703e-17, 0.015520995), (0.019834345, -2.5992703e-17), (0.016510485, -2.639976e-17), (0.016510485, -0.010000001), (0.01767767, -0.010000001), (-2.6601907e-17, 0.016510485), (-0.010000001, 0.015520995), (0.015520995, -0.010000001), (-2.6520936e-17, 0.015520995), (0.015520995, -2.6520936e-17), (0.01767767, -2.625682e-17), (2.5883304e-17, 0.01767767), (-0.0065, -0.028672462), (-0.0071754507, -0.029206946), (-0.00026259452, -0.029206946), (-0.0065, -0.0944), (-0.0006173166, -0.09532389), (-0.0005867722, -0.029390762), (-0.007207107, -0.095107116), (-0.00029289324, -0.095107116), (-0.030000001, -0.08240001), (-0.034, -0.08240001), (-0.034, -0.09340001), (-0.030000001, -0.09340001), (-0.0411, -0.030000001), (-0.043899998, -0.030000001), (-0.043899998, -0.034), (-0.0411, -0.034), (0.034, -0.092240006), (0.030000001, -0.092240006), (0.030000001, -0.09356), (0.034, -0.09356), (0.043899998, -0.034), (0.0411, -0.030000001), (0.0411, -0.034), (0.043899998, -0.030000001), (-0.034, -0.09356), (-0.030000001, -0.09356), (-0.030000001, -0.092240006), (-0.034, -0.092240006), (-0.0411, -0.030000001), (-0.043899998, -0.030000001), (-0.043899998, -0.034), (-0.0411, -0.034), (0.034, -0.08224), (0.030000001, -0.08224), (0.030000001, -0.083560005), (0.034, -0.083560005), (0.043899998, -0.034), (0.0411, -0.030000001), (0.0411, -0.034), (0.043899998, -0.030000001), (-0.034, -0.083560005), (-0.030000001, -0.083560005), (-0.030000001, -0.08224), (-0.034, -0.08224), (-0.034, -0.087900005), (-0.030000001, -0.08849316), (-0.030000001, -0.087900005), (0.021906842, -0.034), (0.021906842, -0.030000001), (-0.030000001, -0.08899602), (0.021403985, -0.030000001), (-0.034, -0.08899602), (0.021403985, -0.034), (0.02309316, -0.034), (0.02309316, -0.030000001), (0.0225, -0.030000001), (0.034, -0.08849316), (0.030000001, -0.08849316), (0.023596017, -0.030000001), (0.030000001, -0.08899602), (0.023596017, -0.034), (0.034, -0.08899602), (0.0225, -0.034), (-0.034, -0.08849316), (0.034, -0.087900005), (0.030000001, -0.087900005), (-0.030000001, -0.08730684), (0.034, -0.08730684), (0.030000001, -0.08730684), (-0.023596017, -0.034), (0.034, -0.08680399), (-0.02309316, -0.030000001), (-0.023596017, -0.030000001), (0.030000001, -0.08680399), (-0.021906842, -0.034), (-0.021906842, -0.030000001), (-0.0225, -0.030000001), (-0.034, -0.08680399), (-0.021403985, -0.034), (-0.030000001, -0.08680399), (-0.021403985, -0.030000001), (-0.02309316, -0.034), (-0.0225, -0.034), (-0.034, -0.08730684), (-0.011429108, -0.001), (-0.0075000003, -0.001), (-0.0074812206, -0.0006173166), (-0.007347702, -0.02886208), (-0.00725329, -0.028491223), (-0.010514162, -0.027455647), (-0.014314305, -0.025679966), (-0.011289491, -0.027560038), (-0.0071754507, -0.029206946), (-0.0071754507, -0.00026259452), (-0.0065, -0.028672462), (-0.018583968, -0.001), (-0.015146699, -0.001), (-0.015284735, -0.0006173166), (-0.021677306, -0.001), (-0.001, -0.021313246), (-0.018777877, -0.0006173166), (-0.015011946, -0.025722554), (-0.017823081, -0.023381572), (-0.020969065, -0.020607242), (-0.023688221, -0.017413449), (-0.021515232, -0.020593764), (-0.011494638, -0.0006173166), (-0.018442744, -0.023385327), (-0.011412468, -0.02786025), (-0.011412468, -0.00029289324), (-0.01517547, -0.026002752), (-0.01517547, -0.00029289324), (-0.0074277404, -0.029176474), (-0.0074277404, -0.00029289324), (-0.0074106283, -0.0005867722), (-0.018643642, -0.023640063), (-0.018643642, -0.00029289324), (-0.021749599, -0.020818092), (-0.021749599, -0.00029289324), (-0.00029289324, -0.020818092), (-0.021906195, -0.0006173166), (-0.0006173166, -0.020967985), (-0.001, -0.014698143), (-0.001, -0.018173868), (-0.0006173166, -0.017718323), (-0.024169717, -0.017402101), (-0.025925204, -0.013865204), (-0.026354628, -0.013872344), (-0.027634475, -0.010034731), (-0.02664171, -0.014023456), (-0.00029289324, -0.014023456), (-0.024432998, -0.01759166), (-0.00029289324, -0.01759166), (-0.001, -0.007), (-0.001, -0.0109504005), (-0.0006173166, -0.010256115), (-0.028781246, -0.006), (-0.028027512, -0.010073072), (-0.0293245, -0.0066744927), (-0.00026171826, -0.0066744927), (-0.0006173166, -0.014124424), (-0.028332818, -0.010182799), (-0.00029289324, -0.010182799), (-0.0005857942, -0.006910184), (-0.043125004, -0.006), (-0.04383211, -0.0067071067), (-0.04383211, -0.00029289324), (-0.0293245, -0.0066744927), (-0.0293245, -0.00026171826), (-0.028781246, -0.006), (-0.029511975, -0.0005857942), (-0.04404888, -0.0006173166), (-0.044125002, -0.001), (-0.029583104, -0.001), (-0.04383211, 0.0067071067), (-0.00029289324, 0.0067071067), (-0.04383211, -0.0067071067), (-0.00029289324, -0.0067071067), (-0.0006173166, 0.00692388), (-0.001, 0.007), (-0.001, -0.007), (-0.0006173166, -0.00692388), (-0.028781246, 0.006), (-0.0293245, 0.0066744927), (0.0293245, -0.00026171826), (-0.043125004, 0.006), (-0.04383211, 0.0067071067), (0.04383211, -0.00029289324), (0.029511975, -0.0005857942), (0.029583104, -0.001), (0.04404888, -0.0006173166), (0.044125002, -0.001), (-0.001, 0.009447353), (-0.001, 0.007), (-0.0006173166, 0.0069824727), (-0.028609978, 0.006769737), (-0.028165175, 0.008431078), (-0.028982375, 0.0068578552), (-0.0006173166, 0.009447852), (-0.001, 0.011828633), (-0.0293245, 0.0066744927), (-0.00026171826, 0.0066744927), (-0.028781246, 0.006), (-0.001, 0.016326938), (-0.001, 0.0141271865), (-0.0006173166, 0.014159287), (-0.001, 0.020369297), (-0.001, 0.018412502), (-0.0006173166, 0.018467365), (-0.0006173166, 0.016371727), (-0.0006173166, 0.011845827), (-0.027344152, 0.010800806), (-0.026324157, 0.013091939), (-0.027416212, 0.011634412), (-0.028300248, 0.009279235), (-0.027714858, 0.011761147), (-0.00029289324, 0.011761147), (-0.029298082, 0.006932558), (-0.00029289324, 0.006932558), (-0.026336575, 0.013906583), (-0.023622647, 0.018137772), (-0.02506904, 0.016079538), (-0.023718322, 0.01737243), (-0.022151444, 0.019330638), (-0.025342118, 0.016254693), (-0.00029289324, 0.016254693), (-0.025112607, 0.015287806), (-0.02387997, 0.018335348), (-0.00029289324, 0.018335348), (-0.02200772, 0.020066604), (-0.02662346, 0.014058068), (-0.00029289324, 0.014058068), (0.018859481, -0.001), (-0.001, 0.02218363), (0.02078573, -0.001), (-0.0006173166, 0.022249356), (0.020603491, -0.0006173166), (0.014625682, -0.001), (0.016801333, -0.001), (0.016568143, -0.0006173166), (0.012347742, -0.001), (0.014365723, -0.0006173166), (0.018652353, -0.0006173166), (0.007549326, -0.001), (0.009983445, -0.001), (0.009669852, -0.0006173166), (0.0025400869, -0.001), (0.0050624087, -0.001), (0.0046985145, -0.0006173166), (-4.0492054e-15, -0.001), (0.0021536045, -0.0006173166), (0.007209903, -0.0006173166), (0.012060812, -0.0006173166), (-0.020235779, 0.021852268), (-0.020423379, 0.021148182), (-0.018546699, 0.02281184), (-0.01653506, 0.024309503), (-0.018319463, 0.023482028), (-0.0144031, 0.025630271), (-0.016272446, 0.024944253), (-0.0049930513, 0.028972909), (-0.0025056421, 0.029293032), (-0.0046146596, 0.029423006), (-0.012166332, 0.026764536), (-0.009841035, 0.027704045), (-0.01184556, 0.027325649), (-0.007081227, 0.028928611), (-0.0074441275, 0.028441958), (-0.014109336, 0.026228515), (-0.009497273, 0.028227825), (-0.0021151688, 0.02970748), (6.9810825e-16, 0.0294), (0.0025056421, 0.029293032), (0.00039941247, 0.029780006), (-0.0006173166, 0.020431243), (-0.02224745, 0.02028519), (-0.00029289324, 0.02028519), (-0.0005857942, 0.006910184), (-0.028608523, 0.0093803145), (-0.00029289324, 0.0093803145), (-0.020456206, 0.022090305), (-0.00029289324, 0.022090305), (0.020456206, -0.00029289324), (-0.018519018, 0.023737816), (0.018519018, -0.00029289324), (-0.016449705, 0.025215972), (0.016449705, -0.00029289324), (-0.011974594, 0.027623305), (0.011974594, -0.00029289324), (-0.014263029, 0.026514223), (0.014263029, -0.00029289324), (-0.009600727, 0.028535312), (0.009600727, -0.00029289324), (-0.004664927, 0.029743511), (0.004664927, -0.00029289324), (-0.0021382095, 0.030031083), (0.0021382095, -0.00029289324), (-0.0071583623, 0.029243732), (0.0071583623, -0.00029289324), (-0.0004037633, -0.00029289324), (0.0004037633, 0.0301044), (-0.00040667038, -0.0006173166), (-0.0050624087, -0.001), (-0.0025400869, -0.001), (-0.002964044, -0.0006173166), (0.0049930513, 0.028972909), (0.0029111442, 0.029640067), (-0.0055002705, -0.0006173166), (-0.007549326, -0.001), (-0.012347742, -0.001), (-0.009983445, -0.001), (-0.010437184, -0.0006173166), (-0.016801333, -0.001), (-0.014625682, -0.001), (-0.01507677, -0.0006173166), (-0.012802647, -0.0006173166), (-0.007997255, -0.0006173166), (0.005402106, 0.029288659), (0.0074441275, 0.028441958), (0.007854527, 0.028728291), (-0.007940087, -0.00029289324), (0.007940087, 0.029041229), (0.009841035, 0.027704045), (0.010250909, 0.02796296), (-0.010362572, -0.00029289324), (0.010362572, 0.028267562), (-0.0054609515, -0.00029289324), (0.0054609515, 0.029607702), (0.012166332, 0.026764536), (0.0144031, 0.025630271), (0.012574157, 0.026998129), (0.01653506, 0.024309503), (0.014807693, 0.025840677), (-0.014968993, -0.00029289324), (0.014968993, 0.026122158), (0.016935583, 0.024498865), (-0.017120063, -0.00029289324), (0.017120063, 0.024765732), (0.018546699, 0.02281184), (-0.012711127, -0.00029289324), (0.012711127, 0.027292218), (-0.0029428552, -0.00029289324), (0.0029428552, 0.029962936), (-0.02078573, -0.001), (0.001, 0.02218363), (-0.018859481, -0.001), (-0.019286862, -0.0006173166), (0.001, 0.018412502), (0.001, 0.020369297), (0.0006173166, 0.019822937), (0.001, 0.016326938), (0.0006173166, 0.017815663), (-0.021192797, -0.0006173166), (0.0006173166, 0.021688782), (0.001, 0.011828633), (0.001, 0.0141271865), (0.0006173166, 0.0134350285), (0.001, 0.007), (0.001, 0.009447353), (0.0006173166, 0.008671667), (0.0006173166, 0.011092919), (0.0006173166, 0.015681285), (0.020423379, 0.021148182), (0.018942647, 0.022982264), (0.020814562, 0.021301696), (0.022151444, 0.019330638), (0.022537978, 0.019469151), (-0.021041296, -0.00029289324), (0.00029289324, 0.021533737), (0.021041296, 0.021533737), (0.025112607, 0.015287806), (0.026324157, 0.013091939), (0.025491266, 0.015401418), (0.026700068, 0.013195251), (0.027344152, 0.010800806), (0.023718322, 0.01737243), (0.024100594, 0.017497705), (0.028165175, 0.008431078), (0.02771838, 0.010894942), (0.028781246, 0.006), (0.028538933, 0.008516902), (-0.01724333, -0.0006173166), (-0.01914899, -0.00029289324), (0.01914899, 0.023232609), (0.00029289324, 0.01968123), (0.022783484, 0.01968123), (0.00029289324, 0.015569186), (0.025768943, 0.015569186), (0.00029289324, 0.017688306), (0.024363125, 0.017688306), (0.00029289324, 0.013338987), (0.026990913, 0.013338987), (0.00029289324, 0.0110136205), (0.028020317, 0.0110136205), (0.00026171826, 0.0066744927), (0.0293245, 0.0066744927), (0.00029289324, 0.008609677), (0.028849807, 0.008609677), (0.0005857942, 0.006910184), (0.028781246, -0.006), (0.0293245, -0.0066744927), (0.0293245, -0.00026171826), (0.043125004, -0.006), (0.04383211, -0.0067071067), (0.04383211, -0.00029289324), (0.029511975, -0.0005857942), (0.029583104, -0.001), (0.04404888, -0.0006173166), (0.044125002, -0.001), (0.043125004, 0.006), (-0.04383211, -0.00029289324), (0.04383211, 0.0067071067), (-0.0293245, -0.00026171826), (0.0293245, 0.0066744927), (0.028781246, 0.006), (-0.029511975, -0.0005857942), (-0.04404888, -0.0006173166), (-0.044125002, -0.001), (-0.029583104, -0.001), (0.00029289324, -0.0067071067), (0.04383211, -0.0067071067), (0.00029289324, 0.0067071067), (0.04383211, 0.0067071067), (0.0006173166, -0.00692388), (0.001, -0.007), (0.001, 0.007), (0.0006173166, 0.00692388), (0.065000005, 0.007), (0.001, 0.007), (0.001, -0.007), (0.065000005, -0.007), (-0.044125002, -0.007), (-0.042425003, -0.005070711), (-0.044125002, 0.007), (-0.030125001, -0.007), (-0.042425003, 0.0051292893), (-0.030125001, 0.007), (-0.030125001, -0.005070711), (-0.030125001, 0.0051292893), (0.030125001, -0.060000002), (0.030125001, -0.065000005), (0.042425003, -0.060000002), (0.042425003, -0.065000005), (-0.042425003, -0.005070711), (-0.039018955, -0.000784501), (-0.039175, 0), (-0.038574573, -0.0014495689), (-0.0379095, -0.0018939532), (-0.037125003, -0.00205), (-0.030125001, -0.005070711), (-0.042425003, 0.0051292893), (-0.039018955, 0.000784501), (-0.038574573, 0.0014495689), (-0.0379095, 0.0018939532), (-0.037125003, 0.00205), (-0.035675433, -0.0014495689), (-0.0363405, -0.0018939532), (-0.03523105, -0.000784501), (-0.035075, -2.510526e-19), (-0.030125001, 0.0051292893), (-0.0363405, 0.0018939532), (-0.035675433, 0.0014495689), (-0.03523105, 0.000784501), (-0.042425003, -0.060000002), (-0.030125001, -0.065000005), (-0.030125001, -0.060000002), (-0.042425003, -0.065000005), (-0.001, 0.007), (-0.065000005, 0.007), (-0.065000005, -0.007), (-0.001, -0.007), (0.030125001, -0.005070711), (0.030125001, -0.007), (0.042425003, -0.005070711), (0.030125001, 0.007), (0.030125001, 0.0051292893), (0.042425003, 0.0051292893), (0.044125002, -0.007), (0.044125002, 0.007), (0.030125001, -0.060000002), (0.030125001, -0.065000005), (0.042425003, -0.065000005), (0.042425003, -0.060000002), (0.030125001, -0.005070711), (0.03523105, -0.000784501), (0.035075, 0), (0.035675433, -0.0014495689), (0.0363405, -0.0018939532), (0.037125003, -0.00205), (0.042425003, -0.005070711), (0.030125001, 0.0051292893), (0.03523105, 0.000784501), (0.035675433, 0.0014495689), (0.0363405, 0.0018939532), (0.037125003, 0.00205), (0.038574573, -0.0014495689), (0.0379095, -0.0018939532), (0.039018955, -0.000784501), (0.039175, -2.510526e-19), (0.042425003, 0.0051292893), (0.0379095, 0.0018939532), (0.038574573, 0.0014495689), (0.039018955, 0.000784501), (-0.042425003, -0.065000005), (-0.030125001, -0.065000005), (-0.030125001, -0.060000002), (-0.042425003, -0.060000002), (-0.065000005, 0.0051292893), (-0.065000005, -0.005070711), (-0.060000002, -0.005070711), (-0.060000002, 0.0051292893), (-0.060000002, -0.000784501), (-0.025, -0.000784501), (-0.025, 0), (-0.0379095, -0.060000002), (-0.0379095, -0.025), (-0.038574573, -0.025), (-0.025, -0.0014495689), (-0.060000002, -0.0014495689), (-0.038574573, -0.060000002), (-0.0363405, -0.060000002), (-0.0363405, -0.025), (-0.037125003, -0.025), (0.060000002, -0.000784501), (0.025, -0.000784501), (-0.035675433, -0.025), (0.025, -0.0014495689), (-0.035675433, -0.060000002), (0.060000002, -0.0014495689), (-0.037125003, -0.060000002), (-0.060000002, 0), (0.060000002, -2.510526e-19), (-0.060000002, 0.000784501), (0.025, 0.000784501), (0.025, -2.510526e-19), (0.035675433, -0.060000002), (0.060000002, 0.0014495689), (0.0363405, -0.025), (0.025, 0.0014495689), (0.035675433, -0.025), (0.060000002, 0.000784501), (0.037125003, -0.060000002), (0.0379095, -0.025), (0.037125003, -0.025), (-0.060000002, 0.0014495689), (0.038574573, -0.060000002), (-0.025, 0.000784501), (-0.025, 0.0014495689), (0.038574573, -0.025), (0.0379095, -0.060000002), (0.0363405, -0.060000002), (0.065000005, -0.005070711), (0.065000005, 0.0051292893), (0.060000002, 0.0051292893), (0.060000002, -0.005070711), (-0.060000002, -0.000784501), (-0.025, -0.000784501), (-0.025, 0), (0.0363405, -0.060000002), (0.0363405, -0.025), (-0.025, -0.0014495689), (0.035675433, -0.025), (-0.060000002, -0.0014495689), (0.035675433, -0.060000002), (0.0379095, -0.060000002), (0.0379095, -0.025), (0.037125003, -0.025), (0.060000002, -0.000784501), (0.025, -0.000784501), (0.025, -0.0014495689), (0.038574573, -0.025), (0.038574573, -0.060000002), (0.060000002, -0.0014495689), (0.037125003, -0.060000002), (-0.060000002, 0), (0.060000002, -2.510526e-19), (-0.060000002, 0.000784501), (0.025, 0.000784501), (0.025, -2.510526e-19), (-0.038574573, -0.060000002), (0.060000002, 0.0014495689), (-0.0379095, -0.025), (-0.038574573, -0.025), (0.025, 0.0014495689), (0.060000002, 0.000784501), (-0.037125003, -0.060000002), (-0.0363405, -0.025), (-0.037125003, -0.025), (-0.060000002, 0.0014495689), (-0.035675433, -0.060000002), (-0.025, 0.000784501), (-0.035675433, -0.025), (-0.025, 0.0014495689), (-0.0363405, -0.060000002), (-0.0379095, -0.060000002), (-0.039175, 0), (-0.039018955, -0.000784501), (-0.038574573, -0.0014495689), (-0.0379095, -0.0018939532), (-0.035075, -2.510526e-19), (-0.039018955, 0.000784501), (-0.038574573, 0.0014495689), (-0.037125003, 0.00205), (-0.0379095, 0.0018939532), (-0.0363405, 0.0018939532), (-0.0363405, -0.0018939532), (-0.037125003, -0.00205), (-0.035675433, -0.0014495689), (-0.03523105, -0.000784501), (-0.035675433, 0.0014495689), (-0.03523105, 0.000784501), (0.035075, 0), (0.03523105, -0.000784501), (0.035675433, -0.0014495689), (0.0363405, -0.0018939532), (0.039175, -2.510526e-19), (0.03523105, 0.000784501), (0.035675433, 0.0014495689), (0.037125003, 0.00205), (0.0363405, 0.0018939532), (0.0379095, 0.0018939532), (0.0379095, -0.0018939532), (0.037125003, -0.00205), (0.038574573, -0.0014495689), (0.039018955, -0.000784501), (0.038574573, 0.0014495689), (0.039018955, 0.000784501)] (
                    interpolation = "faceVarying"
                )
                int[] primvars:st:indices = [0, 1, 2, 2, 3, 4, 3, 2, 5, 2, 4, 0, 6, 7, 8, 7, 6, 9, 10, 8, 11, 8, 7, 11, 12, 13, 8, 8, 13, 6, 14, 16, 17, 4, 3, 18, 19, 18, 21, 21, 15, 19, 18, 3, 21, 20, 16, 14, 22, 23, 24, 25, 22, 24, 26, 27, 23, 26, 23, 28, 27, 24, 23, 24, 29, 25, 30, 28, 23, 31, 32, 33, 34, 33, 32, 34, 32, 35, 32, 31, 36, 37, 38, 34, 30, 34, 38, 30, 23, 34, 39, 24, 27, 40, 24, 39, 41, 42, 43, 40, 43, 42, 42, 41, 44, 44, 45, 42, 24, 40, 42, 46, 32, 47, 34, 35, 37, 45, 48, 49, 47, 32, 45, 49, 47, 45, 45, 44, 48, 35, 32, 46, 50, 51, 52, 53, 52, 54, 55, 54, 56, 57, 51, 50, 53, 50, 52, 59, 55, 56, 55, 53, 54, 56, 61, 59, 60, 62, 63, 64, 65, 66, 62, 64, 67, 63, 62, 67, 65, 68, 66, 66, 67, 64, 68, 65, 69, 60, 63, 58, 70, 71, 72, 71, 70, 73, 74, 75, 76, 75, 71, 76, 77, 72, 75, 75, 72, 71, 78, 79, 80, 79, 78, 81, 82, 80, 83, 80, 82, 78, 82, 83, 84, 85, 86, 87, 86, 85, 81, 87, 86, 88, 89, 90, 88, 88, 86, 89, 86, 81, 78, 91, 92, 93, 94, 95, 96, 95, 94, 91, 93, 95, 91, 97, 84, 98, 92, 97, 98, 99, 100, 101, 102, 103, 101, 98, 100, 92, 104, 102, 105, 91, 97, 92, 84, 83, 98, 106, 95, 93, 89, 107, 108, 109, 108, 107, 109, 110, 111, 112, 109, 107, 113, 105, 111, 114, 115, 116, 115, 117, 118, 114, 116, 119, 120, 121, 114, 119, 120, 114, 107, 114, 112, 114, 121, 112, 92, 100, 99, 99, 101, 103, 122, 123, 124, 106, 93, 123, 125, 110, 109, 112, 125, 109, 104, 105, 113, 110, 113, 111, 102, 104, 103, 126, 124, 127, 90, 89, 108, 128, 127, 129, 130, 131, 132, 133, 130, 134, 131, 130, 133, 133, 134, 135, 106, 123, 132, 126, 122, 124, 128, 126, 127, 136, 137, 138, 129, 137, 128, 132, 123, 130, 130, 123, 122, 139, 135, 140, 140, 135, 134, 139, 140, 141, 141, 142, 139, 142, 141, 143, 142, 143, 144, 145, 146, 147, 148, 149, 147, 149, 148, 144, 147, 149, 145, 146, 150, 147, 144, 148, 142, 151, 152, 136, 152, 153, 154, 155, 152, 151, 156, 152, 155, 151, 136, 138, 157, 158, 159, 160, 156, 158, 161, 162, 163, 159, 161, 164, 152, 156, 153, 161, 163, 164, 153, 156, 160, 153, 150, 154, 160, 158, 165, 166, 165, 158, 165, 166, 167, 166, 168, 167, 157, 166, 158, 169, 170, 171, 170, 169, 168, 169, 171, 172, 168, 169, 167, 164, 157, 159, 163, 162, 173, 154, 150, 146, 129, 138, 137, 115, 174, 116, 175, 174, 115, 176, 175, 115, 115, 177, 176, 114, 117, 115, 178, 179, 180, 178, 180, 181, 182, 177, 181, 181, 177, 178, 183, 181, 184, 185, 184, 186, 178, 177, 115, 183, 182, 181, 185, 183, 184, 187, 188, 189, 190, 185, 186, 191, 192, 193, 194, 195, 192, 196, 197, 198, 199, 200, 197, 193, 190, 201, 202, 189, 200, 203, 180, 179, 204, 205, 206, 205, 204, 207, 203, 179, 207, 205, 208, 206, 207, 179, 205, 208, 209, 210, 209, 208, 205, 210, 209, 211, 212, 211, 213, 213, 211, 209, 212, 213, 214, 191, 193, 201, 194, 215, 195, 192, 191, 194, 215, 216, 195, 217, 195, 216, 190, 186, 201, 217, 218, 195, 218, 217, 219, 217, 220, 219, 220, 217, 221, 219, 222, 218, 216, 215, 214, 215, 212, 214, 198, 218, 222, 162, 223, 173, 162, 224, 223, 225, 223, 224, 226, 227, 225, 225, 224, 226, 228, 229, 230, 231, 228, 230, 232, 233, 227, 231, 234, 232, 232, 227, 226, 229, 235, 230, 236, 231, 230, 237, 238, 239, 240, 237, 239, 240, 172, 241, 172, 240, 239, 241, 172, 171, 238, 242, 239, 236, 234, 231, 243, 236, 244, 234, 245, 232, 233, 245, 242, 233, 232, 245, 233, 242, 238, 236, 230, 244, 189, 202, 187, 199, 197, 196, 235, 229, 188, 198, 246, 196, 235, 188, 187, 246, 247, 248, 248, 249, 246, 250, 251, 252, 251, 246, 249, 252, 251, 249, 246, 198, 247, 199, 202, 200, 253, 254, 255, 253, 255, 243, 256, 255, 257, 257, 255, 254, 256, 257, 258, 253, 243, 244, 259, 260, 261, 261, 250, 262, 259, 256, 258, 259, 261, 262, 259, 258, 260, 252, 262, 250, 198, 222, 247, 263, 264, 265, 265, 264, 266, 265, 267, 268, 265, 268, 263, 269, 270, 272, 273, 274, 275, 277, 275, 278, 278, 271, 277, 275, 274, 278, 276, 270, 269, 279, 280, 281, 281, 282, 279, 283, 280, 284, 281, 285, 282, 281, 283, 286, 287, 286, 288, 285, 287, 289, 283, 290, 286, 281, 280, 283, 282, 285, 291, 292, 293, 294, 295, 296, 293, 294, 291, 292, 289, 297, 285, 295, 292, 298, 295, 293, 292, 295, 298, 299, 289, 300, 298, 292, 291, 297, 291, 285, 297, 287, 301, 289, 288, 302, 287, 303, 301, 287, 302, 303, 287, 304, 290, 305, 304, 288, 286, 306, 305, 290, 307, 306, 290, 290, 308, 307, 286, 290, 304, 309, 310, 289, 311, 299, 298, 310, 300, 289, 312, 308, 299, 313, 314, 299, 299, 314, 312, 313, 299, 311, 308, 290, 299, 311, 298, 300, 301, 309, 289, 315, 316, 317, 317, 318, 315, 319, 317, 316, 316, 321, 319, 322, 323, 324, 323, 325, 324, 325, 323, 326, 322, 324, 320, 327, 328, 329, 327, 329, 330, 330, 329, 331, 332, 333, 331, 331, 334, 332, 331, 333, 335, 336, 337, 331, 338, 334, 331, 339, 331, 337, 338, 331, 339, 340, 341, 342, 342, 343, 340, 341, 337, 342, 337, 336, 342, 331, 329, 344, 345, 340, 343, 335, 346, 347, 346, 335, 333, 348, 349, 335, 350, 351, 349, 349, 352, 350, 351, 335, 349, 335, 347, 353, 354, 355, 345, 345, 356, 354, 355, 340, 345, 354, 356, 357, 353, 358, 335, 359, 360, 357, 361, 335, 360, 335, 358, 360, 356, 359, 357, 329, 362, 344, 344, 336, 331, 363, 344, 364, 364, 365, 363, 366, 367, 368, 368, 365, 364, 344, 362, 364, 369, 370, 371, 369, 371, 372, 372, 371, 373, 367, 366, 374, 375, 366, 372, 372, 373, 375, 364, 366, 368, 369, 372, 362, 369, 362, 329, 376, 366, 375, 377, 378, 379, 380, 349, 348, 381, 379, 348, 379, 381, 377, 348, 379, 380, 378, 374, 379, 359, 361, 360, 382, 376, 383, 376, 382, 374, 374, 366, 376, 380, 382, 384, 385, 384, 386, 386, 384, 382, 382, 383, 386, 384, 349, 380, 378, 367, 374, 348, 335, 361, 387, 388, 389, 387, 389, 390, 391, 392, 393, 394, 396, 393, 389, 388, 398, 393, 397, 394, 396, 391, 393, 398, 388, 395, 399, 400, 401, 400, 399, 402, 403, 401, 404, 401, 403, 399, 403, 404, 405, 406, 407, 408, 406, 402, 399, 408, 407, 409, 410, 411, 409, 409, 407, 410, 406, 399, 407, 412, 413, 414, 415, 412, 414, 414, 416, 415, 414, 417, 418, 419, 412, 420, 421, 420, 422, 420, 421, 423, 421, 424, 425, 420, 405, 422, 424, 426, 427, 422, 405, 404, 428, 426, 429, 410, 430, 431, 432, 431, 430, 432, 433, 434, 429, 434, 435, 432, 430, 436, 410, 431, 411, 437, 438, 439, 437, 439, 440, 441, 430, 437, 436, 430, 441, 440, 441, 437, 433, 432, 436, 419, 420, 423, 423, 421, 425, 417, 442, 418, 413, 417, 414, 413, 412, 419, 428, 429, 435, 433, 435, 434, 443, 442, 444, 427, 426, 428, 424, 427, 425, 418, 442, 445, 446, 444, 447, 448, 449, 450, 449, 451, 452, 448, 451, 449, 453, 452, 451, 450, 445, 443, 446, 443, 444, 454, 446, 447, 455, 456, 457, 454, 458, 456, 443, 448, 450, 443, 445, 442, 459, 453, 460, 453, 459, 452, 459, 460, 461, 461, 462, 463, 462, 461, 460, 461, 463, 464, 465, 466, 467, 468, 466, 465, 464, 469, 465, 469, 464, 463, 465, 469, 468, 466, 470, 467, 471, 455, 457, 472, 471, 473, 472, 455, 471, 474, 472, 473, 457, 456, 458, 475, 476, 477, 478, 479, 475, 480, 477, 476, 481, 482, 480, 481, 480, 476, 483, 473, 479, 477, 478, 475, 474, 473, 483, 467, 470, 474, 483, 479, 484, 478, 485, 484, 484, 485, 486, 485, 487, 486, 487, 488, 489, 490, 489, 491, 491, 489, 488, 490, 491, 492, 487, 489, 486, 484, 479, 478, 474, 470, 472, 454, 447, 458, 493, 494, 495, 496, 438, 493, 437, 494, 493, 493, 497, 496, 493, 498, 497, 493, 438, 437, 499, 498, 500, 501, 500, 502, 501, 503, 500, 504, 505, 506, 500, 503, 499, 502, 507, 501, 498, 493, 500, 508, 503, 504, 508, 499, 503, 506, 508, 504, 509, 510, 511, 511, 506, 505, 512, 513, 514, 515, 516, 513, 517, 518, 519, 520, 521, 518, 514, 510, 522, 523, 524, 521, 525, 526, 527, 526, 525, 528, 507, 502, 528, 526, 529, 527, 528, 502, 526, 530, 529, 531, 529, 530, 527, 531, 529, 532, 533, 532, 534, 534, 532, 529, 533, 534, 535, 522, 510, 509, 512, 515, 513, 514, 522, 512, 516, 515, 536, 512, 537, 515, 511, 505, 509, 536, 538, 516, 538, 536, 539, 536, 540, 539, 540, 536, 541, 519, 539, 517, 515, 537, 535, 537, 533, 535, 538, 539, 519, 542, 543, 544, 542, 545, 481, 545, 542, 544, 544, 543, 546, 547, 548, 549, 550, 548, 547, 551, 552, 553, 550, 553, 548, 546, 543, 552, 549, 554, 555, 550, 556, 553, 557, 558, 559, 490, 560, 559, 492, 560, 490, 559, 560, 557, 558, 561, 559, 562, 552, 551, 553, 556, 551, 562, 546, 552, 563, 562, 561, 563, 546, 562, 563, 561, 558, 556, 564, 565, 556, 550, 564, 482, 481, 545, 554, 524, 566, 524, 523, 566, 555, 547, 549, 520, 567, 568, 566, 555, 554, 520, 569, 567, 567, 570, 568, 571, 570, 572, 571, 568, 570, 520, 518, 569, 523, 521, 520, 573, 571, 572, 574, 575, 576, 574, 576, 565, 576, 577, 578, 577, 576, 575, 578, 577, 579, 574, 565, 564, 580, 573, 581, 581, 573, 572, 580, 581, 582, 579, 583, 582, 582, 583, 580, 579, 582, 578, 517, 569, 518, 584, 585, 586, 587, 588, 589, 590, 591, 589, 587, 589, 591, 593, 594, 587, 595, 596, 597, 598, 595, 600, 601, 590, 602, 591, 590, 601, 603, 604, 605, 584, 606, 596, 607, 602, 603, 609, 593, 591, 591, 601, 611, 608, 610, 597, 609, 613, 593, 606, 586, 614, 614, 608, 606, 584, 586, 606, 614, 612, 608, 591, 611, 609, 612, 614, 592, 611, 601, 616, 616, 601, 607, 605, 607, 603, 607, 605, 618, 610, 600, 597, 600, 610, 615, 620, 615, 617, 596, 606, 597, 607, 618, 616, 597, 606, 608, 601, 602, 607, 600, 595, 597, 587, 591, 593, 622, 623, 624, 625, 605, 604, 625, 626, 627, 626, 625, 604, 628, 627, 626, 625, 627, 629, 631, 605, 625, 633, 634, 635, 636, 637, 628, 638, 637, 636, 628, 637, 627, 586, 585, 614, 622, 640, 634, 627, 637, 641, 619, 632, 624, 605, 631, 618, 631, 625, 629, 632, 630, 640, 598, 600, 620, 624, 621, 619, 640, 624, 632, 623, 621, 624, 642, 635, 630, 620, 600, 615, 643, 642, 639, 641, 629, 627, 633, 635, 643, 643, 635, 642, 635, 640, 630, 641, 637, 638, 622, 624, 640, 599, 621, 623, 634, 640, 635, 594, 588, 587, 644, 645, 646, 646, 647, 644, 648, 649, 650, 649, 651, 650, 651, 649, 652, 651, 652, 654, 656, 657, 658, 658, 655, 656, 659, 658, 657, 656, 655, 653, 660, 661, 662, 664, 665, 666, 667, 663, 661, 669, 666, 670, 671, 673, 674, 673, 669, 676, 677, 672, 678, 662, 679, 660, 664, 668, 665, 667, 661, 660, 669, 670, 676, 672, 675, 678, 674, 673, 676, 670, 666, 665, 677, 680, 681, 682, 679, 662, 683, 684, 681, 685, 687, 688, 686, 689, 684, 690, 691, 692, 693, 695, 696, 690, 697, 691, 698, 692, 687, 681, 680, 683, 687, 685, 698, 686, 684, 683, 692, 699, 690, 695, 693, 682, 694, 697, 690, 699, 692, 698, 682, 662, 695, 677, 678, 680, 700, 701, 702, 702, 701, 703, 702, 704, 705, 702, 705, 700, 706, 707, 708, 706, 708, 709, 710, 711, 712, 714, 715, 712, 708, 707, 716, 712, 717, 714, 715, 710, 712, 716, 707, 713, 718, 719, 720, 719, 718, 721, 722, 720, 723, 720, 722, 718, 721, 724, 719, 725, 723, 720, 726, 727, 728, 728, 729, 730, 729, 728, 731, 728, 730, 726, 732, 733, 734, 735, 736, 737, 738, 733, 736, 739, 740, 741, 737, 741, 742, 743, 739, 744, 746, 748, 744, 749, 745, 750, 751, 752, 753, 754, 750, 752, 755, 756, 757, 758, 759, 760, 761, 757, 759, 762, 753, 756, 763, 760, 764, 742, 741, 740, 740, 739, 743, 744, 748, 743, 765, 732, 734, 734, 733, 738, 735, 738, 736, 742, 735, 737, 761, 759, 758, 758, 760, 763, 751, 754, 752, 749, 750, 754, 753, 762, 751, 747, 745, 749, 762, 756, 755, 761, 755, 757, 766, 763, 764, 764, 767, 766, 767, 768, 769, 770, 771, 772, 768, 770, 773, 774, 775, 776, 777, 778, 779, 775, 777, 780, 771, 774, 781, 782, 784, 786, 783, 787, 788, 789, 790, 791, 792, 793, 794, 790, 792, 795, 787, 789, 796, 778, 782, 797, 780, 777, 779, 779, 778, 797, 776, 775, 780, 769, 768, 773, 781, 772, 771, 774, 776, 781, 770, 772, 773, 794, 793, 798, 799, 800, 798, 800, 799, 801, 795, 792, 794, 785, 783, 788, 791, 796, 789, 790, 795, 791, 787, 796, 788, 786, 797, 782, 799, 798, 793, 767, 769, 766, 802, 803, 804, 803, 802, 805, 803, 806, 807, 806, 803, 805, 808, 809, 810, 811, 812, 813, 810, 814, 813, 814, 810, 809, 813, 815, 811, 815, 813, 814, 816, 817, 818, 817, 816, 819, 818, 817, 820, 821, 817, 819, 822, 823, 824, 825, 826, 827, 823, 825, 828, 829, 822, 824, 827, 828, 825, 831, 827, 826, 823, 828, 824, 826, 833, 831, 832, 834, 835, 834, 836, 837, 835, 834, 837, 838, 839, 840, 838, 837, 836, 840, 839, 841, 839, 838, 836, 832, 835, 830, 842, 843, 844, 846, 847, 849, 850, 848, 843, 851, 852, 853, 854, 856, 857, 859, 858, 852, 860, 853, 847, 850, 843, 842, 845, 848, 850, 847, 846, 860, 853, 860, 851, 851, 859, 852, 859, 855, 858, 854, 861, 856, 861, 862, 856, 863, 842, 844, 864, 865, 862, 866, 867, 868, 864, 869, 865, 870, 871, 872, 873, 863, 875, 876, 874, 871, 878, 872, 867, 862, 879, 864, 868, 880, 866, 881, 869, 864, 872, 878, 870, 875, 877, 873, 876, 871, 870, 867, 866, 878, 873, 842, 863, 861, 879, 862, 882, 883, 884, 885, 887, 888, 890, 889, 883, 891, 892, 893, 895, 896, 898, 899, 897, 892, 900, 893, 887, 882, 890, 883, 890, 886, 889, 887, 885, 900, 891, 893, 900, 894, 897, 899, 891, 899, 892, 895, 901, 896, 901, 902, 896, 903, 882, 884, 904, 905, 902, 906, 907, 909, 910, 908, 905, 912, 913, 914, 915, 903, 917, 916, 918, 913, 919, 914, 907, 902, 920, 904, 909, 911, 906, 910, 905, 904, 914, 919, 912, 903, 915, 921, 916, 913, 912, 919, 907, 906, 921, 882, 903, 901, 920, 902, 922, 923, 924, 925, 926, 927, 928, 929, 930, 931, 929, 933, 926, 923, 934, 932, 936, 937, 937, 938, 939, 925, 940, 930, 941, 939, 942, 943, 941, 944, 943, 945, 946, 947, 946, 948, 949, 947, 950, 951, 952, 953, 952, 949, 954, 955, 956, 957, 958, 955, 960, 961, 962, 963, 964, 963, 965, 961, 966, 967, 966, 959, 969, 956, 951, 970, 971, 964, 972, 927, 926, 934, 940, 925, 927, 928, 933, 929, 933, 935, 931, 930, 940, 928, 938, 937, 936, 944, 941, 942, 945, 943, 944, 938, 942, 939, 946, 945, 948, 923, 922, 934, 954, 949, 950, 953, 952, 954, 970, 957, 956, 951, 953, 970, 957, 960, 955, 948, 950, 947, 968, 958, 960, 967, 966, 969, 963, 962, 973, 965, 963, 973, 965, 972, 964, 961, 967, 962, 971, 974, 975, 976, 922, 924, 977, 975, 978, 979, 977, 980, 981, 982, 983, 981, 984, 985, 982, 979, 986, 987, 989, 990, 991, 987, 992, 993, 994, 995, 996, 993, 997, 994, 991, 998, 988, 985, 999, 1001, 1002, 1003, 1004, 1001, 1005, 1006, 1007, 1008, 1009, 1006, 1010, 1007, 1004, 1011, 1012, 1014, 1015, 1016, 1013, 1009, 1018, 1019, 1020, 1021, 1019, 1022, 976, 1021, 1023, 1024, 1002, 996, 1025, 1020, 1012, 975, 974, 978, 977, 978, 980, 986, 983, 982, 984, 981, 983, 985, 984, 999, 986, 979, 980, 987, 990, 992, 994, 998, 995, 993, 995, 997, 998, 991, 992, 990, 989, 1000, 1002, 1024, 1003, 1001, 1003, 1005, 1007, 1011, 1008, 1006, 1008, 1010, 1011, 1004, 1005, 1014, 1017, 1015, 1025, 1012, 1015, 1019, 1018, 1022, 1021, 1022, 1023, 1025, 1018, 1020, 1016, 1009, 1010, 1024, 996, 997, 1023, 922, 976, 971, 972, 974, 1026, 1027, 1028, 1030, 1031, 1033, 1034, 1032, 1027, 1035, 1036, 1037, 1038, 1040, 1041, 1043, 1042, 1036, 1044, 1037, 1031, 1034, 1027, 1026, 1029, 1032, 1034, 1031, 1030, 1044, 1037, 1044, 1035, 1035, 1043, 1036, 1043, 1039, 1042, 1038, 1045, 1040, 1045, 1046, 1040, 1047, 1026, 1028, 1048, 1049, 1046, 1050, 1051, 1052, 1048, 1053, 1049, 1054, 1055, 1056, 1057, 1047, 1059, 1060, 1058, 1055, 1062, 1056, 1051, 1046, 1063, 1048, 1052, 1064, 1050, 1065, 1053, 1048, 1056, 1062, 1054, 1059, 1061, 1057, 1060, 1055, 1054, 1051, 1050, 1062, 1057, 1026, 1047, 1045, 1063, 1046, 1066, 1067, 1068, 1069, 1070, 1072, 1073, 1071, 1067, 1075, 1076, 1077, 1078, 1079, 1081, 1082, 1080, 1076, 1084, 1077, 1070, 1085, 1067, 1066, 1073, 1067, 1085, 1072, 1074, 1069, 1084, 1070, 1069, 1082, 1076, 1075, 1084, 1075, 1077, 1083, 1078, 1081, 1079, 1086, 1087, 1088, 1066, 1068, 1089, 1090, 1087, 1091, 1092, 1093, 1095, 1094, 1090, 1097, 1098, 1099, 1100, 1088, 1101, 1103, 1102, 1098, 1105, 1099, 1092, 1087, 1086, 1089, 1093, 1096, 1091, 1095, 1090, 1089, 1099, 1105, 1097, 1101, 1104, 1100, 1103, 1098, 1097, 1105, 1092, 1091, 1100, 1066, 1088, 1079, 1078, 1086, 1106, 1107, 1108, 1109, 1111, 1112, 1114, 1113, 1107, 1115, 1116, 1117, 1119, 1120, 1122, 1123, 1121, 1116, 1124, 1117, 1111, 1106, 1114, 1107, 1114, 1110, 1113, 1111, 1109, 1124, 1115, 1117, 1124, 1118, 1121, 1123, 1115, 1123, 1116, 1119, 1125, 1120, 1125, 1126, 1120, 1127, 1106, 1108, 1128, 1129, 1126, 1130, 1131, 1133, 1134, 1132, 1129, 1136, 1137, 1138, 1139, 1127, 1140, 1143, 1141, 1137, 1144, 1138, 1131, 1126, 1145, 1128, 1133, 1135, 1130, 1134, 1129, 1128, 1138, 1144, 1136, 1140, 1142, 1139, 1143, 1137, 1136, 1144, 1131, 1130, 1139, 1106, 1127, 1125, 1145, 1126, 1146, 1147, 1149, 264, 263, 1150, 1148, 1151, 1153, 1150, 1153, 1151, 1151, 264, 1150, 1147, 1152, 1149, 1154, 1155, 1156, 1156, 1157, 1154, 1158, 1159, 1160, 1160, 1161, 1158, 1162, 1163, 1164, 1164, 1165, 1162, 1166, 1167, 1168, 1167, 1166, 1169, 1170, 1171, 1172, 1172, 1173, 1170, 1174, 1175, 1176, 1176, 1177, 1174, 1178, 1179, 1180, 1180, 1181, 1178, 1182, 1183, 1184, 1183, 1182, 1185, 1186, 1187, 1188, 1188, 1189, 1186, 1190, 1191, 1192, 1193, 1194, 1196, 1197, 1195, 1191, 1199, 1200, 1201, 1202, 1203, 1205, 1206, 1204, 1200, 1208, 1201, 1194, 1191, 1190, 1209, 1196, 1198, 1193, 1197, 1191, 1209, 1201, 1208, 1199, 1205, 1207, 1202, 1206, 1200, 1199, 1208, 1194, 1193, 1203, 1210, 1211, 1212, 1190, 1192, 1213, 1214, 1211, 1215, 1217, 1218, 1216, 1219, 1214, 1220, 1221, 1222, 1223, 1212, 1225, 1220, 1226, 1221, 1227, 1222, 1217, 1211, 1210, 1213, 1217, 1215, 1227, 1216, 1214, 1213, 1222, 1228, 1220, 1212, 1223, 1229, 1224, 1226, 1220, 1228, 1222, 1227, 1229, 1190, 1212, 1203, 1202, 1210, 1230, 1231, 1232, 1233, 1234, 1235, 1236, 1237, 1235, 1233, 1235, 1237, 1238, 1240, 1233, 1241, 1242, 1243, 1244, 1241, 1246, 1247, 1236, 1248, 1237, 1236, 1247, 1249, 1250, 1251, 1230, 1252, 1242, 1253, 1248, 1249, 1254, 1238, 1237, 1237, 1247, 1256, 1255, 1257, 1243, 1254, 1258, 1238, 1252, 1232, 1260, 1260, 1255, 1252, 1230, 1232, 1252, 1260, 1259, 1255, 1237, 1256, 1254, 1259, 1260, 1239, 1256, 1247, 1261, 1261, 1247, 1253, 1251, 1253, 1249, 1253, 1251, 1263, 1257, 1246, 1243, 1246, 1257, 1262, 1266, 1262, 1264, 1242, 1252, 1243, 1253, 1263, 1261, 1243, 1252, 1255, 1247, 1248, 1253, 1246, 1241, 1243, 1233, 1237, 1238, 1268, 1269, 1270, 1271, 1251, 1250, 1271, 1272, 1273, 1272, 1271, 1250, 1274, 1273, 1272, 1271, 1273, 1275, 1277, 1251, 1271, 1279, 1280, 1281, 1282, 1283, 1274, 1284, 1283, 1282, 1274, 1283, 1273, 1232, 1231, 1260, 1268, 1286, 1280, 1273, 1283, 1287, 1265, 1278, 1270, 1251, 1277, 1263, 1277, 1271, 1275, 1278, 1276, 1286, 1244, 1246, 1266, 1270, 1267, 1265, 1286, 1270, 1278, 1269, 1267, 1270, 1288, 1281, 1276, 1266, 1246, 1262, 1289, 1288, 1285, 1287, 1275, 1273, 1279, 1281, 1289, 1289, 1281, 1288, 1281, 1286, 1276, 1287, 1283, 1284, 1268, 1270, 1286, 1245, 1267, 1269, 1280, 1286, 1281, 1240, 1234, 1233, 1290, 1291, 1293, 1293, 1295, 1290, 1292, 1296, 1294, 1297, 1298, 1299, 1299, 1296, 1297, 1297, 1296, 1292, 416, 1300, 1302, 1302, 415, 416, 1301, 1304, 1303, 1304, 1305, 1306, 1306, 1307, 1304, 1304, 1307, 1303, 1308, 1309, 1311, 1312, 1311, 1309, 1310, 1314, 1313, 1314, 1315, 1316, 1317, 1316, 1315, 1314, 1316, 1313, 1318, 1319, 1320, 1321, 1322, 1323, 1318, 1324, 1325, 1326, 1328, 1323, 1329, 1330, 1331, 1332, 1333, 1334, 1329, 1335, 1333, 1325, 1336, 1330, 1337, 1338, 1339, 1340, 1323, 1322, 1340, 1337, 1339, 1340, 1339, 1341, 1323, 1340, 1343, 1338, 1345, 1339, 1340, 1322, 1337, 1346, 1347, 1348, 1346, 1348, 1349, 1345, 1347, 1350, 1347, 1345, 1352, 1347, 1352, 1348, 1347, 1346, 1353, 1349, 1355, 1346, 1352, 1345, 1338, 1339, 1345, 1356, 1343, 1326, 1323, 1358, 1360, 1362, 1363, 1364, 1365, 1366, 1363, 1367, 1358, 1368, 1364, 1369, 1370, 1371, 1372, 1373, 1374, 1375, 1372, 1376, 1369, 1377, 1373, 1366, 1378, 1370, 1379, 1380, 1381, 1355, 1380, 1379, 1355, 1349, 1380, 1382, 1383, 1381, 1384, 1385, 1382, 1386, 1387, 1388, 1389, 1390, 1391, 1392, 1393, 1386, 1384, 1389, 1394, 1395, 1390, 1393, 1396, 1387, 1397, 1397, 1398, 1399, 1332, 1400, 1359, 1346, 1355, 1401, 1324, 1403, 1405, 1404, 1340, 1341, 1342, 1357, 1331, 1356, 1341, 1339, 1350, 1356, 1345, 1357, 1351, 1335, 1340, 1404, 1343, 1405, 1342, 1336, 1355, 1406, 1401, 1383, 1379, 1381, 1401, 1353, 1346, 1383, 1409, 1379, 1383, 1385, 1411, 1354, 1402, 1400, 1383, 1382, 1385, 1353, 1350, 1347, 1355, 1379, 1406, 1351, 1354, 1334, 1320, 1324, 1318, 1324, 1405, 1336, 1336, 1331, 1330, 1331, 1336, 1342, 1335, 1331, 1357, 1331, 1335, 1329, 1324, 1320, 1403, 1324, 1336, 1325, 1334, 1354, 1400, 1334, 1335, 1351, 1409, 1406, 1379, 1368, 1408, 1410, 1400, 1361, 1359, 1400, 1402, 1361, 1368, 1362, 1408, 1362, 1368, 1358, 1410, 1412, 1365, 1334, 1400, 1332, 1402, 1407, 1361, 1335, 1334, 1333, 1383, 1411, 1409, 1405, 1403, 1344, 1394, 1391, 1413, 1391, 1394, 1389, 1412, 1416, 1367, 1411, 1385, 1415, 1413, 1415, 1394, 1416, 1414, 1378, 1395, 1417, 1391, 1415, 1385, 1394, 1391, 1417, 1413, 1392, 1395, 1393, 1419, 1392, 1388, 1396, 1388, 1387, 1399, 1396, 1397, 1421, 1388, 1396, 1392, 1386, 1388, 1423, 1395, 1392, 1391, 1390, 1395, 1396, 1399, 1426, 1412, 1367, 1365, 1418, 1371, 1414, 1367, 1378, 1366, 1367, 1416, 1378, 1378, 1414, 1371, 1378, 1371, 1370, 1424, 1377, 1418, 1365, 1367, 1363, 1424, 1420, 1374, 1419, 1423, 1392, 1421, 1419, 1388, 1420, 1422, 1376, 1377, 1374, 1373, 1374, 1377, 1424, 1376, 1374, 1420, 1374, 1376, 1372, 1422, 1425, 1427, 1377, 1371, 1418, 1417, 1395, 1423, 1371, 1377, 1369, 1396, 1426, 1421, 1365, 1368, 1410, 1385, 1384, 1394, 1368, 1365, 1364, 1344, 1403, 1327, 1428, 1429, 1430, 1398, 1431, 1432, 1428, 1433, 1434, 1432, 1399, 1398, 1435, 1436, 1437, 1438, 1439, 1440, 1435, 1441, 1439, 1434, 1442, 1436, 1431, 1443, 1432, 1443, 1431, 1444, 1443, 1445, 1447, 1445, 1443, 1444, 1445, 1444, 1448, 1445, 1449, 1451, 1449, 1445, 1448, 1432, 1443, 1453, 1454, 1455, 1456, 1455, 1457, 1458, 1456, 1458, 1460, 1458, 1456, 1455, 1461, 1458, 1457, 1458, 1461, 1463, 1461, 1457, 1464, 1454, 1456, 1449, 1448, 1454, 1449, 1449, 1456, 1466, 1468, 1399, 1432, 1469, 1471, 1472, 1473, 1474, 1475, 1476, 1473, 1477, 1470, 1479, 1474, 1480, 1481, 1482, 1483, 1484, 1485, 1480, 1486, 1484, 1476, 1487, 1481, 1464, 1488, 1489, 1488, 1490, 1489, 1490, 1488, 1491, 1492, 1490, 1491, 1489, 1490, 1495, 1464, 1489, 1461, 1496, 1497, 1498, 1499, 1497, 1500, 1501, 1496, 1502, 1500, 1503, 1504, 1492, 1491, 1501, 1505, 1506, 1503, 1438, 1507, 1471, 1461, 1489, 1509, 1425, 1467, 1430, 1399, 1468, 1426, 1452, 1446, 1442, 1453, 1443, 1447, 1447, 1445, 1451, 1446, 1450, 1437, 1432, 1453, 1468, 1467, 1452, 1433, 1456, 1460, 1466, 1466, 1451, 1449, 1459, 1462, 1507, 1460, 1458, 1463, 1463, 1461, 1509, 1462, 1508, 1472, 1495, 1509, 1489, 1465, 1459, 1440, 1490, 1492, 1511, 1450, 1465, 1441, 1427, 1430, 1429, 1427, 1425, 1430, 1433, 1442, 1434, 1433, 1452, 1442, 1442, 1446, 1437, 1442, 1437, 1436, 1467, 1433, 1430, 1430, 1433, 1428, 1465, 1440, 1441, 1441, 1437, 1450, 1459, 1507, 1440, 1441, 1440, 1439, 1507, 1472, 1471, 1507, 1462, 1472, 1472, 1508, 1478, 1472, 1478, 1469, 1494, 1510, 1475, 1440, 1507, 1438, 1478, 1508, 1493, 1437, 1441, 1435, 1490, 1511, 1495, 1427, 1376, 1422, 1502, 1498, 1513, 1498, 1502, 1496, 1510, 1514, 1477, 1511, 1492, 1515, 1513, 1515, 1502, 1514, 1512, 1487, 1499, 1517, 1498, 1515, 1492, 1502, 1519, 1499, 1504, 1504, 1499, 1500, 1505, 1521, 1506, 1521, 1523, 1506, 1504, 1506, 1523, 1504, 1503, 1506, 1517, 1513, 1498, 1498, 1497, 1499, 1510, 1477, 1475, 1516, 1482, 1512, 1477, 1487, 1476, 1477, 1514, 1487, 1487, 1512, 1482, 1487, 1482, 1481, 1518, 1486, 1516, 1475, 1477, 1473, 1485, 1518, 1522, 1523, 1519, 1504, 1522, 1520, 1524, 1485, 1522, 1524, 1518, 1485, 1486, 1483, 1485, 1524, 1486, 1485, 1484, 1486, 1482, 1516, 1517, 1499, 1519, 1482, 1486, 1480, 1475, 1479, 1494, 1492, 1501, 1502, 1479, 1475, 1474, 1320, 1319, 1403, 1375, 1427, 1429, 1376, 1427, 1375, 1328, 1321, 1323, 1525, 1526, 1528, 1529, 1528, 1526, 1527, 1531, 1530, 1531, 1532, 1533, 1534, 1533, 1532, 1531, 1533, 1530, 1535, 1537, 1539, 1539, 1540, 1535, 1536, 1541, 1538, 1542, 1543, 1544, 1544, 1541, 1542, 1542, 1541, 1536, 541, 1546, 540, 1548, 540, 1546, 1545, 1549, 1547, 1549, 1550, 1551, 1551, 1552, 1549, 1549, 1552, 1547, 1553, 1554, 1555, 1555, 1556, 1553, 1557, 1558, 1559, 1558, 1557, 1560, 1559, 1561, 1562, 1561, 1559, 1558, 1560, 1563, 1558, 1564, 1562, 1561, 1565, 1566, 1567, 1568, 1567, 1566, 1569, 1570, 1571, 1570, 1569, 1572, 1573, 1572, 1569, 1574, 1573, 1569, 1569, 1575, 1574, 1576, 1571, 1577, 1571, 1576, 1569, 1578, 1579, 1576, 1577, 1578, 1576, 1576, 1579, 1580, 1581, 1582, 1575, 1583, 1575, 1584, 1575, 1583, 1581, 1584, 1575, 1585, 1582, 1574, 1575, 1580, 1586, 1585, 1587, 1588, 1585, 1585, 1588, 1584, 1587, 1585, 1586, 1580, 1585, 1576, 1589, 1590, 1591, 1590, 1589, 1592, 1593, 1594, 1595, 1595, 1596, 1593, 1597, 1598, 1599, 1600, 1601, 1602, 1599, 1603, 1604, 1603, 1599, 1598, 1602, 1604, 1600, 1604, 1602, 1599, 1605, 1606, 1607, 1607, 1608, 1605, 1609, 1610, 1611, 1610, 1609, 1612, 1613, 1612, 1609, 1614, 1613, 1609, 1609, 1615, 1614, 1616, 1611, 1617, 1611, 1616, 1609, 1618, 1619, 1616, 1617, 1618, 1616, 1616, 1619, 1620, 1621, 1622, 1615, 1623, 1615, 1624, 1615, 1623, 1621, 1624, 1615, 1625, 1622, 1614, 1615, 1620, 1626, 1625, 1627, 1628, 1625, 1625, 1628, 1624, 1627, 1625, 1626, 1620, 1625, 1616, 1629, 1630, 1631, 1631, 1632, 1629, 1633, 1634, 1635, 1635, 1636, 1633, 1637, 1638, 1639, 1640, 1641, 1642, 1644, 1643, 1638, 1646, 1647, 1648, 1649, 1650, 1652, 1653, 1651, 1647, 1655, 1648, 1641, 1639, 1656, 1637, 1642, 1645, 1640, 1644, 1638, 1637, 1648, 1655, 1646, 1652, 1654, 1649, 1653, 1647, 1646, 1655, 1641, 1640, 1649, 1657, 1650, 1658, 1656, 1639, 1657, 1659, 1660, 1661, 1663, 1665, 1666, 1664, 1659, 1667, 1668, 1669, 1670, 1672, 1673, 1675, 1674, 1668, 1676, 1669, 1663, 1659, 1657, 1666, 1663, 1661, 1676, 1662, 1664, 1666, 1668, 1667, 1675, 1672, 1670, 1658, 1671, 1674, 1675, 1667, 1669, 1676, 1658, 1639, 1672, 1650, 1657, 1660, 1677, 1678, 1679, 1679, 1680, 1677, 1681, 1682, 1683, 1684, 1685, 1687, 1688, 1686, 1682, 1690, 1691, 1692, 1693, 1694, 1695, 1697, 1696, 1691, 1699, 1692, 1685, 1683, 1700, 1681, 1687, 1689, 1684, 1688, 1682, 1681, 1692, 1699, 1690, 1695, 1698, 1693, 1697, 1691, 1690, 1699, 1685, 1684, 1693, 1701, 1694, 1702, 1700, 1683, 1701, 1703, 1704, 1705, 1707, 1708, 1710, 1709, 1703, 1711, 1712, 1713, 1714, 1716, 1718, 1719, 1717, 1712, 1720, 1713, 1707, 1703, 1701, 1710, 1707, 1705, 1720, 1706, 1709, 1710, 1712, 1711, 1719, 1716, 1714, 1702, 1715, 1717, 1719, 1711, 1713, 1720, 1702, 1683, 1716, 1694, 1701, 1704, 1721, 1722, 1723, 1721, 1723, 1724, 1725, 1721, 1724, 1726, 1721, 1727, 1728, 1729, 1727, 1730, 1727, 1721, 1731, 1724, 1732, 1731, 1733, 1725, 1734, 1725, 1733, 1725, 1730, 1721, 1727, 1730, 1728, 1735, 1730, 1725, 1736, 1735, 1725, 1724, 1731, 1725, 1737, 1738, 1739, 1737, 1739, 1740, 1741, 1737, 1740, 1742, 1737, 1743, 1744, 1745, 1743, 1746, 1743, 1737, 1747, 1740, 1748, 1747, 1749, 1741, 1750, 1741, 1749, 1741, 1746, 1737, 1743, 1746, 1744, 1751, 1746, 1741, 1752, 1751, 1741, 1740, 1747, 1741]
                uniform token subdivisionScheme = "none"
            }

            def Scope "Looks"
            {
                over "Diffuse" (
                    prepend specializes = </penholder_assembly/Looks/Diffuse>
                )
                {
                }
            }
        }
    }

    def Scope "Looks"
    {
        def Material "Diffuse" (
            displayName = "Diffuse"
        )
        {
            token outputs:displacement.connect = </penholder_assembly/Looks/Diffuse/PreviewSurface.outputs:displacement>
            token outputs:surface.connect = </penholder_assembly/Looks/Diffuse/PreviewSurface.outputs:surface>

            def Shader "PreviewSurface"
            {
                uniform token info:id = "UsdPreviewSurface"
                color3f inputs:diffuseColor = (0.8, 0.8, 0.9019608)
                float inputs:metallic = 0.5
                float inputs:opacity = 1
                float inputs:roughness = 0.5
                token outputs:displacement
                token outputs:surface
            }
        }

        def Material "Diffuse_1" (
            displayName = "Diffuse"
        )
        {
            token outputs:displacement.connect = </penholder_assembly/Looks/Diffuse_1/PreviewSurface.outputs:displacement>
            token outputs:surface.connect = </penholder_assembly/Looks/Diffuse_1/PreviewSurface.outputs:surface>

            def Shader "PreviewSurface"
            {
                uniform token info:id = "UsdPreviewSurface"
                color3f inputs:diffuseColor = (0.6784314, 0.70980394, 0.7411765)
                float inputs:metallic = 0.5
                float inputs:opacity = 1
                float inputs:roughness = 0.5
                token outputs:displacement
                token outputs:surface
            }
        }
    }

    def Xform "penholder_assembly" (
        kind = "group"
    )
    {
        matrix4d xformOp:transform = ( (1, 0, 0, 0), (0, 1, 0, 0), (0, 0, 1, 0), (0, 0, 0, 1) )
        uniform token[] xformOpOrder = ["xformOp:transform"]

        def Xform "Body" (
            instanceable = true
            prepend references = </penholder_assembly/Prototypes/Body>
        )
        {
            matrix4d xformOp:transform = ( (0.866025403784329, -0.5000000000001898, -5.551115123125783e-17, 0), (1.6653345369377348e-16, 1.1102230246251565e-16, 1, 0), (-0.5000000000001898, -0.8660254037843289, 2.220446049250313e-16, 0), (0.0006443470281098, 1079.4, 372.9, 1) )
            uniform token[] xformOpOrder = ["xformOp:transform"]
        }

        def Xform "chuck" (
            instanceable = true
            prepend references = </penholder_assembly/Prototypes/chuck>
        )
        {
            matrix4d xformOp:transform = ( (-0.9999999999999967, -8.742274819999969e-8, 1.4619071340657116e-16, 0), (-8.742274819999937e-8, 0.9999999999999923, -8.742276240000002e-8, 0), (7.49654743083703e-15, -8.74227623999997e-8, -0.9999999999999967, 0), (0.145337581634, 1079.181520303, 292.17950439453, 1) )
            uniform token[] xformOpOrder = ["xformOp:transform"]
        }

        def Xform "chuck_1" (
            displayName = "chuck"
            instanceable = true
            prepend references = </penholder_assembly/Prototypes/chuck>
        )
        {
            matrix4d xformOp:transform = ( (0.9999999999999962, 8.742274819999966e-8, -1.821368742504996e-15, 0), (8.742274819999947e-8, -0.9999999999999925, 8.742275493556915e-8, 0), (5.8213687491775545e-15, -8.742275493556897e-8, -0.9999999999999962, 0), (0.145335376263, 1080.181642373, 292.17947387695, 1) )
            uniform token[] xformOpOrder = ["xformOp:transform"]
        }

        def Xform "Fillet001" (
            instanceable = true
            prepend references = </penholder_assembly/Prototypes/Fillet001>
        )
        {
            matrix4d xformOp:transform = ( (-1, 0, -1.2246467991473532e-16, 0), (0, 1, 0, 0), (1.2246467991473532e-16, 0, -1, 0), (1.04873e-11, 1079.4, 232.9, 1) )
            uniform token[] xformOpOrder = ["xformOp:transform"]
        }
    }
}

