ply
format ascii 1.0
element vertex 5000
property float x
property float y
property float z
end_header
0.050552 0.480100 -0.030924
0.102330 0.395530 -0.024589
-0.083397 0.550881 -0.036742
-0.010355 0.464898 0.048612
-0.068166 0.555547 -0.043421
0.104389 0.478251 0.043263
-0.033235 0.535590 -0.031746
-0.056428 0.436515 -0.032238
-0.044561 0.528201 0.005073
0.109300 0.490846 0.069178
-0.068237 0.586803 0.044261
0.016608 0.448060 -0.033579
0.088550 0.477025 -0.003672
-0.020963 0.405140 -0.036390
-0.119906 0.384936 0.055522
-0.107931 0.517332 -0.046520
-0.003710 0.458913 0.003646
0.085478 0.480009 0.069252
0.044821 0.431452 -0.022595
-0.092534 0.352317 -0.034205
-0.056567 0.400291 -0.039668
-0.063380 0.566245 0.020177
0.033095 0.516630 -0.033197
-0.009136 0.344718 -0.034240
0.098170 0.474560 0.028924
0.015242 0.551695 -0.035483
-0.079827 0.392166 0.005901
-0.026984 0.423414 -0.020811
-0.049974 0.412991 -0.020139
-0.125536 0.487302 -0.047668
0.022950 0.623848 -0.029913
0.105861 0.485509 0.006403
-0.051771 0.407991 0.056771
0.043212 0.607985 -0.025770
-0.062342 0.575169 0.062803
-0.023049 0.424840 -0.036925
0.038630 0.561099 -0.033436
-0.025683 0.425021 -0.037176
-0.105811 0.388502 -0.004769
0.083556 0.392478 -0.026308
-0.088305 0.388470 0.008607
-0.064330 0.580338 -0.043484
-0.011308 0.482847 -0.028773
-0.072770 0.404046 0.067234
-0.033361 0.527400 -0.018021
0.046209 0.411828 -0.022128
-0.021963 0.421006 0.047595
0.069164 0.603698 -0.026331
-0.028918 0.509458 0.026088
-0.009216 0.451889 -0.036082
-0.049828 0.394474 -0.030896
-0.063255 0.480992 -0.033644
0.050440 0.547544 -0.032089
-0.009908 0.351712 -0.026396
0.014785 0.444878 0.020029
-0.066059 0.549060 -0.043111
0.123769 0.472380 -0.015844
-0.042173 0.557697 -0.032968
-0.062365 0.554260 -0.034815
0.093883 0.478612 -0.017669
0.005956 0.559987 -0.036501
0.085526 0.444865 -0.027019
0.043257 0.410136 -0.030414
-0.021369 0.496183 0.009463
-0.006982 0.508916 -0.036848
0.120913 0.485216 0.005924
0.084278 0.476140 0.013946
-0.035220 0.506422 -0.031434
-0.055696 0.495203 -0.033174
0.058056 0.464239 0.014508
-0.115513 0.383611 0.011796
0.104545 0.415312 -0.016682
-0.044575 0.384557 -0.030230
-0.121343 0.545291 -0.048265
0.070937 0.469348 0.001965
0.095962 0.472570 0.012542
-0.032518 0.563609 -0.032158
-0.059887 0.414327 -0.032185
-0.155769 0.517577 -0.051040
0.050960 0.604308 -0.033012
0.112734 0.508465 -0.023235
-0.057550 0.410998 0.068552
0.004690 0.341664 -0.024846
0.023352 0.523481 -0.026197
0.077321 0.478899 -0.020340
-0.034184 0.520703 0.027130
0.000608 0.429913 0.024862
-0.045811 0.546786 0.022745
-0.040872 0.422979 -0.030538
0.080550 0.507483 -0.028561
-0.111461 0.473471 -0.046102
-0.052062 0.367359 -0.038679
0.012268 0.368729 -0.032630
-0.101307 0.368897 -0.035317
0.006009 0.439952 0.004524
0.102609 0.398886 -0.024620
0.075234 0.472523 -0.020428
-0.058338 0.462775 -0.040905
0.030542 0.416063 -0.031716
-0.059806 0.575262 0.033001
0.031591 0.586452 -0.026498
-0.118920 0.382146 0.058973
-0.024187 0.501620 0.013110
0.075670 0.462996 0.006888
-0.040766 0.413536 0.065692
-0.156238 0.501255 -0.042768
-0.112771 0.382054 -0.011620
-0.088480 0.368039 -0.042128
-0.076428 0.403145 -0.041592
-0.018599 0.459967 0.068040
-0.090767 0.500826 -0.044618
-0.127678 0.489232 -0.039866
0.105804 0.447862 -0.025157
0.005899 0.358507 -0.025020
0.028551 0.599902 -0.035052
0.000961 0.441857 0.040416
-0.145643 0.483925 -0.041471
-0.042792 0.514949 0.055129
-0.096651 0.382392 -0.029337
-0.053610 0.537101 0.062312
-0.011782 0.494610 -0.037056
-0.015770 0.483604 0.011683
-0.031533 0.505734 -0.025986
-0.066884 0.408987 0.041307
-0.003830 0.439557 0.005912
0.022384 0.600677 -0.027610
-0.119451 0.492465 -0.047182
-0.109212 0.382210 -0.044328
-0.073446 0.379415 -0.040904
0.088826 0.415652 -0.026208
-0.067001 0.410403 0.065768
-0.126924 0.454359 -0.039198
-0.052452 0.395302 -0.039194
0.101208 0.498430 -0.018420
-0.119507 0.512986 -0.047538
-0.061011 0.533630 -0.042371
0.097049 0.505875 -0.018940
-0.125642 0.442687 -0.038877
-0.038301 0.409737 -0.016211
-0.174628 0.527497 -0.044953
-0.006693 0.528504 -0.029119
-0.120457 0.516366 -0.039649
-0.052795 0.544986 0.010937
-0.166896 0.506587 -0.048603
0.004805 0.363828 -0.033251
-0.058395 0.552677 0.034749
0.019050 0.347385 -0.023588
0.089570 0.540654 -0.028278
-0.079256 0.393868 -0.041700
-0.122995 0.502399 -0.047686
0.085696 0.475967 0.000329
-0.053966 0.402158 -0.023694
-0.033422 0.513815 0.054972
0.062997 0.468911 0.054838
-0.037416 0.358328 -0.029105
-0.112045 0.385402 -0.037831
-0.033913 0.550309 -0.040098
0.123623 0.398835 -0.022635
-0.050659 0.543227 -0.004392
0.004000 0.615064 -0.032567
0.085938 0.468888 0.027178
0.018769 0.435318 -0.022746
0.093747 0.479362 -0.004159
-0.053425 0.486961 -0.032819
0.003527 0.410427 -0.034170
-0.104851 0.465377 -0.037303
-0.022976 0.454208 -0.037421
-0.031722 0.443407 -0.030025
-0.086160 0.440814 -0.043155
-0.059938 0.564863 -0.034767
0.004635 0.530901 -0.028091
-0.021417 0.440524 -0.037039
0.052168 0.450847 -0.017289
-0.032542 0.393659 -0.029250
-0.055568 0.490694 -0.041122
-0.068865 0.489685 -0.034323
-0.113690 0.552542 -0.047667
0.102291 0.508838 -0.018496
-0.036965 0.523598 0.043870
-0.034390 0.522230 0.021391
0.076268 0.475954 0.071532
-0.004194 0.465824 -0.027523
-0.126990 0.513566 -0.040218
-0.019382 0.335469 -0.035048
0.036334 0.456850 0.056056
0.114026 0.476928 -0.016842
0.086677 0.400567 -0.018116
0.044720 0.429452 -0.022570
-0.143722 0.494634 -0.041473
0.084256 0.440453 -0.027064
0.090576 0.432902 -0.018301
-0.047493 0.526133 0.067529
0.051786 0.461543 0.017125
-0.041041 0.391442 -0.038051
-0.110781 0.560014 -0.047520
-0.062190 0.582214 0.023565
-0.127512 0.449876 -0.039177
0.120834 0.484011 0.013249
0.005160 0.570209 -0.028714
-0.066627 0.546812 -0.043126
-0.052593 0.379003 -0.038928
-0.035537 0.424999 0.070364
-0.074038 0.369765 -0.032758
-0.040278 0.524153 -0.022903
-0.092482 0.343666 -0.041892
0.039815 0.455266 0.003327
-0.075402 0.404752 0.035348
0.032105 0.452884 0.022082
0.016611 0.518782 -0.034790
-0.002788 0.455999 0.008493
-0.017273 0.483454 0.029846
-0.069903 0.583288 0.004887
0.043061 0.458514 0.032795
-0.023141 0.429103 0.044762
-0.161444 0.531873 -0.043783
0.059743 0.491868 -0.022221
-0.032038 0.474090 -0.030580
-0.011928 0.449885 0.044568
-0.019623 0.488537 0.029968
0.051386 0.389219 -0.029289
0.069655 0.382889 -0.019420
0.116878 0.491070 0.015505
-0.037533 0.388270 -0.029629
0.062459 0.610912 -0.024003
0.036999 0.513002 -0.032766
0.074972 0.457912 -0.028239
-0.012617 0.471231 0.041064
0.090556 0.472009 0.044155
0.094373 0.473622 -0.026677
-0.094532 0.418330 -0.043560
0.009163 0.443337 0.036978
0.101103 0.534407 -0.026832
-0.055856 0.548757 0.026257
0.119194 0.476467 -0.024383
0.026210 0.594389 -0.035178
-0.074520 0.553277 -0.035945
-0.087019 0.398539 -0.034476
-0.052962 0.415796 0.049174
-0.015992 0.587828 -0.039049
-0.015013 0.424877 0.059362
0.085136 0.461580 -0.019306
0.061944 0.494418 -0.030094
-0.060891 0.561168 0.018418
-0.024775 0.498114 -0.038342
0.050661 0.469387 -0.022693
0.010316 0.492383 -0.034932
-0.109850 0.383412 -0.044408
-0.046543 0.535559 -0.011173
0.100732 0.485495 -0.018243
-0.036900 0.507996 0.024024
0.090017 0.485324 -0.019252
0.039868 0.360743 -0.021852
0.011835 0.436978 0.057405
-0.117480 0.457825 -0.046403
0.013852 0.443076 -0.002895
-0.092571 0.500383 -0.044780
-0.100262 0.391953 0.010624
-0.114243 0.547913 -0.047640
-0.008968 0.391419 -0.035023
-0.021303 0.468106 0.055989
0.114642 0.478073 -0.024840
0.016180 0.346901 -0.031888
-0.131973 0.448866 -0.047617
-0.031341 0.384839 -0.037023
0.040748 0.428210 -0.022924
-0.087873 0.391554 0.056652
-0.032214 0.414837 0.022566
-0.002970 0.556430 -0.029246
-0.008656 0.422766 -0.023915
-0.007376 0.445813 0.013617
-0.038890 0.520787 -0.021039
-0.121442 0.406216 -0.039957
-0.074657 0.397527 0.055968
-0.094853 0.433734 -0.043854
-0.072180 0.585912 0.059290
0.074012 0.397698 -0.019262
-0.103877 0.565544 -0.039608
0.066565 0.489744 -0.021541
0.068515 0.546507 -0.030365
-0.014069 0.451959 0.058289
-0.066600 0.400810 0.049566
-0.027583 0.502943 0.045321
-0.056458 0.412259 0.016787
-0.051263 0.566069 -0.042006
-0.086817 0.390422 0.029808
-0.035985 0.422666 0.034926
-0.026652 0.494859 -0.024544
0.039278 0.450421 0.073269
0.014069 0.589249 -0.036236
-0.012002 0.496849 -0.029078
-0.009575 0.551739 -0.029789
-0.122554 0.450236 -0.038715
0.065627 0.461236 0.053679
-0.056625 0.409534 -0.027300
-0.126811 0.544033 -0.048759
0.111853 0.391474 -0.015584
0.076441 0.426440 -0.027561
-0.057233 0.401021 -0.017872
-0.038422 0.460678 -0.038989
0.095647 0.419327 -0.025627
-0.051546 0.464081 -0.032250
-0.027353 0.423830 -0.011097
-0.080547 0.402861 0.042854
-0.030926 0.415656 -0.037511
-0.028159 0.496442 -0.015535
0.044375 0.456976 -0.002756
0.030194 0.442625 0.012327
-0.063068 0.485989 -0.033712
0.102586 0.478613 0.062934
-0.033181 0.504997 -0.003008
-0.001137 0.492548 -0.036016
-0.001225 0.439439 -0.023564
-0.082588 0.329476 -0.032875
-0.070165 0.398712 0.041650
-0.121139 0.475766 -0.039018
-0.022460 0.537298 -0.038795
0.095757 0.468739 -0.018426
-0.095191 0.536932 -0.037617
0.007070 0.518280 -0.035682
-0.072870 0.319613 -0.031789
0.115263 0.489658 0.047599
-0.057154 0.575217 0.002580
-0.136900 0.494190 -0.048858
-0.036221 0.410524 -0.037923
0.086656 0.479570 0.053025
-0.036022 0.510995 -0.002082
0.092438 0.552343 -0.022109
-0.028379 0.406874 -0.029083
-0.047220 0.542888 0.059767
-0.115663 0.523710 -0.047359
-0.048578 0.554272 0.014900
-0.069702 0.508845 -0.034730
0.136877 0.455450 -0.020227
0.034959 0.444853 0.013311
0.032789 0.620682 -0.035008
-0.058646 0.325187 -0.038578
-0.030932 0.324941 -0.027922
-0.011796 0.435378 0.063275
-0.001825 0.516147 -0.028448
-0.038955 0.557730 -0.040701
0.127613 0.407658 -0.014373
0.044740 0.385666 -0.029856
-0.023549 0.602098 -0.039689
0.077485 0.526747 -0.029180
0.015277 0.369860 -0.024329
0.022479 0.477639 -0.025495
-0.021148 0.387526 -0.028070
-0.000646 0.445386 -0.035162
0.111079 0.398960 -0.023822
-0.147651 0.496418 -0.049911
-0.151036 0.502229 -0.050330
-0.074780 0.523618 -0.035462
-0.006403 0.434396 0.006071
-0.029687 0.520017 -0.021210
-0.050553 0.542532 -0.001926
0.030047 0.626912 -0.032676
-0.002508 0.450405 0.035028
-0.049589 0.415849 0.024511
-0.091307 0.397871 0.041303
0.061898 0.455177 -0.018923
0.023989 0.584946 -0.027190
-0.025196 0.470027 -0.037901
-0.035642 0.514190 -0.031607
0.083314 0.451711 -0.027345
-0.015246 0.431376 -0.036300
0.004015 0.371755 -0.025425
-0.098235 0.384630 0.019911
-0.049530 0.408896 0.054849
-0.065428 0.576933 -0.013020
0.037806 0.391523 -0.030610
0.119384 0.469015 -0.016201
-0.057770 0.479627 -0.033103
-0.037820 0.533547 0.000816
-0.031205 0.492951 0.038251
0.063900 0.467721 0.028195
0.022580 0.439000 0.009663
-0.068885 0.574497 0.039899
-0.036398 0.510947 0.002522
0.095929 0.476153 0.072419
-0.048135 0.407983 0.029081
0.016342 0.617353 -0.028466
-0.106092 0.534178 -0.038598
0.107259 0.401004 -0.024217
0.089432 0.447092 -0.026689
-0.029091 0.419031 0.068714
-0.026538 0.419448 0.056312
-0.012104 0.607525 -0.036058
-0.100494 0.419670 -0.036109
0.056989 0.476708 -0.022222
-0.052684 0.501599 -0.041036
-0.111092 0.403574 -0.036834
0.079802 0.419418 -0.027124
-0.066851 0.404784 -0.028894
-0.039981 0.410214 0.004458
-0.004677 0.607225 -0.030277
-0.045510 0.317213 -0.036449
-0.067967 0.467360 -0.041892
0.059908 0.452664 -0.021534
0.091751 0.430834 -0.026192
-0.011129 0.479719 -0.021303
0.076405 0.463557 0.010677
-0.110898 0.382200 -0.034054
-0.063931 0.504919 -0.034118
0.023894 0.483219 -0.025457
0.017076 0.390065 -0.032542
-0.112595 0.385901 0.003324
-0.051748 0.379536 -0.030821
-0.002145 0.434634 -0.022219
-0.024120 0.439429 -0.029239
-0.047173 0.329014 -0.029524
-0.103823 0.389366 -0.043941
-0.036319 0.497748 -0.039426
-0.069808 0.545143 -0.043398
0.018462 0.444641 -0.011771
0.119509 0.488412 0.005150
0.088818 0.480374 -0.027317
-0.082977 0.532156 -0.044419
-0.065258 0.565182 0.047540
0.029414 0.379936 -0.031204
-0.056362 0.388001 -0.031402
-0.053829 0.402562 -0.018009
0.047076 0.484290 -0.031324
-0.009931 0.519043 -0.037299
0.053812 0.422841 -0.021599
-0.065981 0.408548 0.027152
-0.035303 0.493026 -0.039249
0.000848 0.613380 -0.036714
0.037806 0.576650 -0.033780
-0.066701 0.409581 0.049804
-0.054861 0.564707 0.031995
-0.035638 0.500577 0.048908
-0.122514 0.504512 -0.047677
-0.006435 0.438035 -0.035583
-0.040811 0.533074 -0.040454
-0.050482 0.414196 0.003752
-0.137089 0.495691 -0.048902
-0.065966 0.397720 -0.006665
-0.023256 0.591350 -0.031759
-0.119022 0.383776 0.051471
-0.107214 0.387778 -0.006192
-0.078518 0.403990 0.046264
-0.064901 0.577031 -0.019642
-0.151796 0.472671 -0.042682
0.027238 0.623373 -0.027541
0.061915 0.465035 -0.021557
0.094790 0.402266 -0.025416
0.084239 0.479567 0.071282
-0.010277 0.461288 0.066931
-0.068724 0.584033 0.001838
-0.013379 0.382748 -0.027255
0.066794 0.467684 0.005651
-0.027724 0.489981 0.013807
0.105305 0.440234 -0.025073
0.052606 0.637585 -0.025908
0.087365 0.514402 -0.020000
0.046725 0.568882 -0.024769
-0.047723 0.591221 -0.037610
-0.079897 0.398592 -0.033137
0.155084 0.411219 -0.019878
0.085720 0.468973 0.030250
0.027992 0.451691 0.033382
0.002840 0.431182 0.029076
0.056712 0.444053 -0.021689
0.083549 0.466765 0.009954
-0.037057 0.410946 -0.005511
0.043704 0.458022 0.019744
-0.027415 0.489565 0.012455
-0.018902 0.390812 -0.027914
0.014287 0.594870 -0.036312
-0.034873 0.537171 -0.039964
0.040928 0.613245 -0.026075
0.014359 0.565065 -0.035795
0.112098 0.478791 -0.025092
-0.114117 0.471856 -0.038289
-0.093787 0.389269 0.063431
-0.044850 0.420740 -0.030876
-0.111866 0.379272 -0.007274
-0.016135 0.419110 -0.028109
0.066719 0.437029 -0.020624
0.058633 0.456226 0.023278
0.059882 0.425103 -0.029102
-0.012184 0.382194 -0.027132
0.089997 0.410914 -0.017979
0.058524 0.431567 -0.029340
0.016433 0.608823 -0.036348
-0.057903 0.543901 -0.042253
0.064202 0.403591 -0.028326
0.036724 0.615190 -0.026505
0.077168 0.460686 -0.020043
-0.026624 0.431196 -0.029334
0.065699 0.565764 -0.030961
0.042179 0.489246 -0.031871
-0.010159 0.456905 -0.013241
0.025167 0.529215 -0.026124
-0.016278 0.478730 0.043489
-0.093659 0.492504 -0.044748
0.138037 0.426592 -0.013713
-0.027525 0.489597 0.013557
-0.098970 0.436894 -0.036260
-0.086013 0.351637 -0.041614
-0.058331 0.462154 -0.040894
0.038040 0.433847 -0.023276
0.098623 0.466817 -0.018122
-0.028323 0.481360 0.066608
0.000139 0.442019 0.049052
0.003838 0.505422 -0.035767
-0.097711 0.367484 -0.034953
-0.082205 0.349846 -0.033188
-0.019390 0.495133 -0.007820
-0.072136 0.490449 -0.042681
0.040041 0.425035 -0.022936
-0.126728 0.439854 -0.038931
0.041984 0.527596 -0.032546
-0.053047 0.329187 -0.030082
-0.041163 0.517227 0.024183
-0.011271 0.444190 -0.028108
-0.021268 0.352734 -0.027485
0.034332 0.618087 -0.026781
-0.042641 0.408888 0.002532
-0.020908 0.600699 -0.031697
0.077025 0.519269 -0.021059
-0.101960 0.375504 -0.043528
-0.004199 0.426229 -0.000044
0.084915 0.476998 0.023404
0.078352 0.475911 0.055026
0.072945 0.465931 0.076387
-0.010266 0.459764 -0.027209
-0.148453 0.544916 -0.045285
0.106669 0.443984 -0.025009
-0.002263 0.489927 -0.036077
0.045572 0.455317 -0.030970
-0.026108 0.488707 0.001910
-0.086388 0.556917 -0.037128
-0.003188 0.446254 0.064972
0.034180 0.478295 -0.032438
0.028418 0.584255 -0.034796
-0.076164 0.490568 -0.035027
-0.077129 0.391098 -0.032314
-0.034122 0.462048 -0.038607
0.066980 0.471790 0.072584
-0.034661 0.474438 -0.038870
-0.068404 0.395068 -0.032338
-0.004559 0.424812 -0.020901
0.062911 0.467913 0.038873
0.011329 0.434746 0.024096
0.073070 0.494311 -0.029042
0.020410 0.592511 -0.035694
-0.015490 0.600377 -0.031180
-0.089285 0.498136 -0.044432
-0.055630 0.548354 0.025786
0.111143 0.389584 -0.018565
-0.110573 0.389709 0.063911
0.064912 0.467693 0.020056
-0.073490 0.499791 -0.034932
-0.040965 0.394506 -0.038096
-0.071353 0.489139 -0.042585
-0.080530 0.426291 -0.042375
0.031220 0.596600 -0.026707
-0.034885 0.522769 0.024240
0.147577 0.409234 -0.012516
-0.032310 0.398754 -0.029315
-0.083503 0.400111 -0.034171
-0.014789 0.435126 -0.036321
0.103389 0.476928 0.028813
0.060744 0.476685 -0.029903
-0.008451 0.435834 0.045528
-0.099604 0.394170 0.042546
0.106563 0.517050 -0.018233
-0.055268 0.548199 0.022431
0.121943 0.475020 -0.016062
-0.043369 0.585179 -0.033551
-0.058274 0.484940 -0.041279
0.079848 0.473472 0.003101
0.037487 0.408290 -0.030928
-0.117409 0.554373 -0.040012
0.036615 0.458198 0.076377
-0.016387 0.429309 -0.002963
0.022268 0.450276 0.053203
-0.071858 0.305519 -0.031502
0.003102 0.488102 -0.035540
-0.098961 0.390175 -0.043496
-0.088554 0.391126 0.054701
0.001553 0.552317 -0.028749
0.131885 0.443484 -0.022620
-0.062985 0.397759 -0.028596
-0.007412 0.423506 -0.021039
0.121428 0.426996 -0.023325
-0.055251 0.370302 -0.030994
0.043397 0.617428 -0.033951
-0.151361 0.543495 -0.046905
-0.087292 0.354944 -0.041792
0.039900 0.447361 0.017620
-0.112438 0.398485 -0.036874
-0.097652 0.469940 -0.044739
0.027436 0.381500 -0.031418
0.106632 0.453284 -0.017135
-0.031509 0.500278 0.002771
-0.015020 0.433228 0.051905
0.059707 0.429581 -0.029195
0.024111 0.361027 -0.031381
-0.018845 0.466300 0.037182
-0.052112 0.408036 -0.039380
-0.062265 0.556669 0.058245
-0.014250 0.375630 -0.035252
0.011324 0.492097 -0.026795
-0.037581 0.511759 0.011878
-0.013465 0.485965 -0.027531
-0.026247 0.470576 -0.029973
0.021195 0.447644 0.017521
0.095185 0.479774 0.081790
-0.087570 0.433250 -0.035122
-0.029676 0.531093 -0.039369
-0.136638 0.490501 -0.040734
0.058759 0.390676 -0.028618
0.058824 0.434363 -0.029360
-0.137338 0.534414 -0.041552
-0.060713 0.486855 -0.041542
-0.019253 0.489174 0.022300
0.061796 0.466397 0.022096
0.021754 0.609908 -0.035865
-0.042837 0.377887 -0.037989
-0.050021 0.566081 -0.031261
-0.028090 0.557421 -0.039671
0.080954 0.546972 -0.029199
-0.048148 0.409993 0.062640
0.033837 0.354033 -0.024686
-0.066726 0.575836 0.007813
-0.071099 0.403476 -0.018495
0.009342 0.541541 -0.027829
-0.072108 0.398183 0.047573
0.026118 0.546801 -0.026336
-0.031406 0.596150 -0.040647
-0.035317 0.509321 -0.001334
-0.051609 0.412410 -0.017433
-0.115227 0.386111 0.063534
-0.055539 0.517046 -0.033533
0.059920 0.435797 -0.029281
-0.013141 0.457836 0.016284
-0.074701 0.578840 -0.039312
-0.085913 0.526957 -0.044607
-0.040094 0.527112 -0.040285
0.077871 0.528452 -0.021136
-0.111973 0.548367 -0.039396
-0.098955 0.494457 -0.037245
0.071820 0.401592 -0.019536
-0.009937 0.478412 -0.028129
-0.057119 0.560532 -0.021810
0.044341 0.447439 -0.014714
-0.008474 0.540556 -0.029494
0.008863 0.493133 -0.035082
0.041565 0.626714 -0.034283
-0.036960 0.409529 -0.029833
0.027206 0.439988 -0.008940
0.063274 0.513705 -0.022262
0.103587 0.477711 0.040343
-0.101701 0.384478 -0.043657
-0.040514 0.356181 -0.029361
0.092851 0.469731 -0.011149
-0.114518 0.524761 -0.047269
0.083712 0.571750 -0.024502
-0.137246 0.441329 -0.044099
0.026835 0.506403 -0.025576
-0.039938 0.524091 -0.026502
0.061331 0.463894 -0.016050
0.013151 0.457862 -0.034073
-0.068379 0.400220 0.053233
-0.017230 0.485766 0.017048
0.082520 0.473472 -0.017141
-0.145264 0.525746 -0.042151
-0.050285 0.529284 0.065473
-0.083223 0.439026 -0.034811
0.064279 0.439200 -0.020891
-0.068777 0.402017 0.067646
0.035391 0.403569 -0.023008
0.086051 0.540793 -0.028612
-0.038977 0.541061 -0.025793
-0.028673 0.494438 0.001069
-0.004555 0.425608 -0.007687
-0.069831 0.584761 0.022336
0.035940 0.506830 -0.024724
-0.002385 0.450843 0.031275
0.070443 0.534548 -0.021942
0.096368 0.482249 0.024043
-0.032663 0.424404 0.038682
-0.037543 0.510796 0.016559
0.056838 0.404221 -0.020995
-0.117474 0.401030 -0.037393
0.032424 0.452714 0.076330
0.019743 0.449385 0.057496
-0.006212 0.530269 -0.037141
0.130923 0.451768 -0.014816
0.005671 0.615228 -0.037474
-0.081784 0.399966 0.004025
-0.031594 0.378680 -0.028904
0.060517 0.387225 -0.028393
0.089728 0.475441 0.081349
-0.002915 0.578329 -0.037652
0.071255 0.460406 -0.002768
-0.112167 0.378294 0.019991
0.118158 0.480942 -0.016256
-0.048588 0.405907 -0.002046
-0.000281 0.456475 -0.023014
-0.072615 0.356816 -0.032402
-0.000590 0.517682 -0.036395
0.100239 0.486127 0.059270
-0.114229 0.464776 -0.046215
-0.111016 0.380046 0.040429
0.052920 0.500829 -0.031055
0.030591 0.462844 -0.032512
-0.024719 0.395105 -0.036573
-0.022969 0.544268 -0.030925
-0.070459 0.569807 -0.043882
-0.107764 0.397678 -0.044456
-0.050510 0.549414 -0.041650
-0.001722 0.564540 -0.037304
-0.011488 0.418220 -0.027683
-0.073135 0.584857 0.048971
-0.018269 0.547156 -0.030531
-0.015612 0.424679 0.060617
0.103187 0.441608 -0.017260
-0.061319 0.458277 -0.033073
0.084559 0.511521 -0.020215
0.031780 0.577418 -0.026325
-0.026369 0.394817 -0.036724
0.125469 0.443167 -0.023220
0.043403 0.560561 -0.024940
0.091364 0.381318 -0.017344
-0.116070 0.406525 -0.045391
-0.015068 0.452102 0.071858
0.000803 0.444964 0.025703
0.114997 0.453307 -0.024382
-0.067498 0.409662 -0.032824
0.003751 0.510975 -0.035870
0.076331 0.442276 -0.027843
-0.002772 0.359053 -0.033884
0.075347 0.493028 -0.028805
-0.046844 0.338777 -0.029660
-0.066296 0.573838 0.013479
-0.060065 0.408503 -0.018405
-0.099492 0.512064 -0.045633
-0.117440 0.555196 -0.048066
-0.047273 0.509867 -0.032630
-0.062539 0.411028 0.042364
-0.002652 0.406970 -0.026657
0.026302 0.409912 -0.032011
0.133436 0.411841 -0.013895
-0.143050 0.460660 -0.040828
0.149892 0.407443 -0.014833
-0.076330 0.528307 -0.043725
0.070103 0.380215 -0.027368
0.141804 0.421277 -0.021304
-0.051599 0.556057 0.040312
-0.066027 0.585853 0.011695
0.050475 0.435346 -0.030165
0.124638 0.478875 -0.023910
0.014368 0.459833 -0.033992
-0.098119 0.372714 -0.035081
-0.053171 0.368068 -0.030759
-0.106565 0.373926 -0.040110
-0.014894 0.475813 0.043008
0.086327 0.526552 -0.020306
0.041972 0.447059 -0.003092
-0.045240 0.545888 0.020919
-0.011181 0.579529 -0.030416
0.070514 0.600612 -0.025515
-0.005946 0.448887 -0.019267
-0.066859 0.405859 -0.010942
0.104110 0.507759 -0.018306
-0.039468 0.534868 0.012834
0.100923 0.511224 -0.018666
-0.062693 0.408481 0.001139
0.043033 0.421341 -0.022591
0.065788 0.610854 -0.025379
0.111307 0.481590 0.046431
-0.039354 0.537398 -0.001943
-0.082537 0.438571 -0.034738
-0.098644 0.368346 -0.043093
0.048950 0.460532 0.021771
-0.017525 0.427406 -0.026022
-0.077292 0.502579 -0.035339
0.098552 0.475813 0.046902
0.030874 0.577196 -0.034444
0.129806 0.402401 -0.014076
-0.028321 0.328091 -0.035766
-0.016871 0.473499 -0.023951
-0.109803 0.419969 -0.045030
0.097079 0.483027 0.031602
0.064325 0.457660 0.004021
0.027807 0.452972 0.056107
-0.148242 0.465532 -0.045784
0.073777 0.372269 -0.026885
-0.113343 0.379048 0.010988
-0.049923 0.528762 0.064068
-0.079957 0.423164 -0.034231
-0.081739 0.460127 -0.035032
-0.085378 0.400893 -0.042398
-0.049341 0.543314 0.067061
0.014977 0.516803 -0.034910
-0.004321 0.473777 -0.035995
-0.041429 0.330439 -0.029006
-0.059194 0.560633 0.001644
-0.012774 0.394164 -0.027393
0.071840 0.515793 -0.029526
-0.002664 0.353431 -0.025741
0.134212 0.424852 -0.014045
-0.092390 0.524120 -0.037133
-0.055052 0.423587 -0.039924
-0.035344 0.545394 -0.032113
-0.112126 0.386486 -0.042652
0.032670 0.586953 -0.034441
-0.018345 0.467871 0.023041
0.087740 0.472519 0.073963
-0.156913 0.514369 -0.051093
0.023365 0.609624 -0.027671
-0.029655 0.518777 -0.014982
-0.025841 0.440683 -0.029423
-0.117372 0.474178 -0.046672
-0.023503 0.353740 -0.035750
-0.121966 0.459221 -0.038813
-0.097332 0.460043 -0.036502
0.015196 0.488412 -0.026367
-0.050922 0.466782 -0.032237
-0.079366 0.395984 0.065950
-0.121334 0.500740 -0.047501
0.045535 0.449358 0.008187
-0.029668 0.337053 -0.028010
0.092244 0.552803 -0.022309
-0.030222 0.471310 -0.038397
-0.037670 0.538623 -0.027928
0.084716 0.394553 -0.026234
-0.020753 0.486074 0.056138
-0.069953 0.396685 0.006305
0.140821 0.403982 -0.021100
-0.093216 0.357740 -0.042399
-0.025480 0.492514 0.070183
-0.034840 0.524522 0.014392
-0.038367 0.593133 -0.033215
-0.048819 0.528314 0.053685
-0.155840 0.481583 -0.043353
-0.042891 0.536422 0.044131
-0.119703 0.450856 -0.046493
0.035999 0.363714 -0.022268
-0.021243 0.482952 -0.023699
0.075927 0.458099 -0.028152
0.061265 0.511404 -0.030449
0.018017 0.436455 0.001865
-0.044832 0.502294 -0.032270
-0.002092 0.528781 -0.036726
-0.074169 0.345443 -0.040390
-0.110608 0.433167 -0.045332
0.101443 0.533545 -0.026166
-0.091352 0.387623 0.017587
-0.050349 0.553806 0.037854
-0.008422 0.446027 0.024572
-0.110670 0.480462 -0.038111
0.056860 0.450646 -0.021787
0.092135 0.473022 0.049042
0.010098 0.584146 -0.028487
-0.018336 0.421506 0.028434
0.004596 0.340569 -0.027268
0.043085 0.475907 -0.023520
0.016980 0.446764 0.034792
-0.032724 0.338380 -0.036358
0.112536 0.473290 -0.024957
0.063145 0.614982 -0.032045
-0.174219 0.527362 -0.044912
0.046213 0.457440 -0.008959
-0.087437 0.451856 -0.043465
0.047551 0.534744 -0.032143
0.051465 0.593433 -0.024741
0.019526 0.354009 -0.023657
-0.038621 0.508218 -0.031785
-0.096348 0.492771 -0.036970
-0.020033 0.472953 -0.037464
-0.040824 0.446045 -0.030929
0.018349 0.431574 -0.025096
0.114159 0.441380 -0.016221
-0.040505 0.419007 0.008263
-0.053400 0.540591 0.041311
-0.072199 0.579600 0.051058
-0.086894 0.391383 0.046400
-0.059308 0.422091 -0.032263
0.032913 0.447062 0.065585
-0.101845 0.390502 0.064722
-0.028558 0.583372 -0.032122
0.119731 0.484693 0.022368
0.104322 0.501095 -0.026208
0.082952 0.478830 0.068761
0.095867 0.474429 0.044187
-0.087673 0.386901 -0.022312
0.059146 0.496328 -0.030391
-0.068650 0.331849 -0.031600
0.034445 0.454637 0.033545
-0.108032 0.549219 -0.047076
-0.019156 0.547830 -0.030626
-0.006569 0.432692 -0.021036
-0.114535 0.385658 0.013980
0.094119 0.521557 -0.027522
-0.029439 0.423366 -0.003015
0.100202 0.405784 -0.024965
-0.084936 0.398103 -0.003101
0.072360 0.535401 -0.021776
0.032638 0.443864 0.014437
0.000106 0.477024 -0.035633
-0.011920 0.527347 -0.029593
-0.112922 0.561201 -0.043383
0.084990 0.480417 0.079745
0.110873 0.435029 -0.016422
0.091349 0.473173 0.057508
-0.085354 0.401565 0.057689
0.006432 0.431695 0.010405
-0.038475 0.524041 0.058976
-0.105353 0.476846 -0.037547
0.131949 0.454795 -0.014771
-0.078633 0.506544 -0.043570
-0.044935 0.433877 -0.039145
0.116899 0.479622 -0.024653
-0.046084 0.501713 -0.032378
0.081627 0.482465 -0.019995
0.094554 0.438659 -0.018024
-0.022625 0.419392 0.025734
-0.032323 0.412681 -0.012498
-0.025960 0.507554 0.002033
-0.064874 0.580811 0.062061
-0.098026 0.391477 -0.014233
-0.113406 0.379488 0.049241
-0.019213 0.484248 0.048053
-0.083890 0.451796 -0.035092
0.048767 0.560460 -0.032468
0.133203 0.457945 -0.022743
0.017633 0.438140 0.032819
-0.096364 0.393773 0.011389
-0.081987 0.473592 -0.035286
-0.083763 0.432996 -0.034758
-0.016719 0.481612 0.033254
-0.057993 0.444424 -0.040558
0.024472 0.466830 -0.025122
0.046079 0.457177 -0.030954
-0.104782 0.380293 -0.002693
-0.018244 0.540991 -0.038460
0.085450 0.471981 -0.027491
0.010045 0.601384 -0.036824
-0.055893 0.379897 -0.039255
0.093899 0.481010 0.022129
-0.003304 0.460810 -0.011136
0.056915 0.465355 0.041715
-0.006635 0.447576 -0.004333
0.068732 0.472060 0.063804
0.009723 0.488205 -0.034916
-0.072705 0.340203 -0.032126
-0.082299 0.483807 -0.035490
-0.038369 0.577363 -0.032946
-0.129274 0.474855 -0.047807
-0.046223 0.527066 0.030317
-0.053548 0.473444 -0.032599
-0.071517 0.583228 0.023867
0.072126 0.478044 -0.028852
-0.104647 0.472091 -0.045436
-0.147384 0.523050 -0.042305
0.003751 0.554021 -0.036607
0.098409 0.400619 -0.025046
0.095126 0.535944 -0.019636
0.101272 0.478716 0.074607
-0.016037 0.450627 -0.036704
0.002720 0.608659 -0.037640
0.024309 0.355334 -0.031265
0.083134 0.401755 -0.018470
-0.064360 0.346915 -0.031453
0.070396 0.547092 -0.022161
0.063599 0.455819 -0.021113
0.089800 0.482693 0.081194
0.101170 0.399613 -0.024768
0.062841 0.415993 -0.020630
0.014415 0.394557 -0.024833
-0.088219 0.395978 -0.034545
-0.028654 0.489851 0.025258
0.077255 0.379118 -0.026674
0.055762 0.416994 -0.021315
0.013697 0.444115 0.015581
0.094583 0.498528 -0.027083
0.097471 0.467853 -0.026286
-0.126583 0.493723 -0.039840
-0.013055 0.605258 -0.039071
-0.011063 0.443850 0.066690
-0.042900 0.546002 -0.006733
-0.098842 0.381144 -0.033524
-0.082465 0.397920 -0.024863
0.038448 0.533415 -0.024943
0.066923 0.466459 -0.015725
0.020154 0.438792 0.024582
-0.089652 0.558999 -0.045508
0.065480 0.439517 -0.020783
0.073075 0.472840 0.043888
-0.148566 0.465463 -0.041667
-0.080791 0.402324 0.035757
-0.060341 0.448975 -0.040858
-0.090720 0.372841 -0.034385
-0.127806 0.458836 -0.047395
0.076255 0.471446 -0.003403
0.093176 0.508012 -0.027379
-0.165174 0.516913 -0.051916
-0.003426 0.585922 -0.029794
-0.117077 0.509150 -0.047243
-0.020122 0.481419 -0.028503
0.055696 0.399759 -0.029063
-0.130014 0.447521 -0.047409
0.032708 0.446242 0.053486
-0.034813 0.512140 -0.022154
0.096909 0.498183 -0.018821
-0.054951 0.345364 -0.030538
-0.046088 0.521405 0.058887
-0.095308 0.476059 -0.044622
-0.060656 0.498524 -0.041736
-0.086190 0.409664 -0.042625
0.058300 0.542357 -0.031259
-0.002777 0.611948 -0.033098
-0.090849 0.390710 0.065158
-0.025672 0.500156 0.038061
-0.126426 0.430664 -0.038745
-0.110157 0.384725 -0.034725
0.059651 0.456067 0.012907
-0.009976 0.422155 -0.024101
0.068274 0.527937 -0.022034
-0.041211 0.426099 -0.038661
-0.120359 0.404096 -0.041192
0.008512 0.541756 -0.035948
-0.107699 0.429344 -0.036955
0.074034 0.386252 -0.019064
-0.047336 0.415672 0.004500
-0.057657 0.546878 -0.042281
-0.089326 0.517319 -0.044764
-0.053893 0.324873 -0.030088
0.114301 0.488113 -0.014195
0.113859 0.390747 -0.019779
-0.083160 0.429987 -0.034650
0.006545 0.444099 0.069492
-0.047861 0.417760 0.043237
0.001013 0.429139 0.008907
0.069953 0.467887 -0.014905
-0.016249 0.454454 -0.036790
-0.161295 0.493755 -0.043117
-0.023733 0.478832 0.026997
-0.111967 0.385745 -0.004037
0.056935 0.364326 -0.028333
-0.036611 0.499846 0.064053
0.091377 0.481049 0.041876
-0.016157 0.447269 -0.036658
-0.025123 0.599596 -0.040113
-0.019332 0.489487 0.021551
0.080361 0.467083 -0.027887
0.077106 0.473502 0.024377
0.104661 0.462262 -0.017475
-0.040401 0.525063 0.068217
-0.077227 0.456863 -0.034550
-0.065030 0.309557 -0.038913
-0.010284 0.598160 -0.038688
0.045109 0.448176 -0.008263
0.084164 0.475125 -0.027666
-0.033410 0.526459 -0.012450
0.106751 0.387571 -0.018789
-0.024529 0.477738 -0.029933
-0.057824 0.579239 -0.011074
-0.107546 0.378061 -0.018903
-0.050232 0.413752 -0.005525
-0.020485 0.358088 -0.027503
0.018622 0.411806 -0.032768
0.072537 0.459952 -0.020033
0.006776 0.582474 -0.036809
-0.060693 0.408667 -0.010917
0.096391 0.382885 -0.018320
-0.071901 0.579615 0.047534
0.112439 0.481796 0.041289
-0.153495 0.480416 -0.050189
-0.007923 0.581697 -0.030146
-0.031180 0.498181 0.010132
0.107112 0.472755 -0.017423
-0.083120 0.333184 -0.032989
-0.024489 0.528655 -0.030801
-0.016075 0.543916 -0.038305
-0.079626 0.488604 -0.035320
0.080532 0.476599 0.049973
0.079893 0.431307 -0.019282
0.069457 0.463603 0.064073
-0.037994 0.411958 0.018422
0.043880 0.498115 -0.031862
-0.007973 0.455620 0.070453
-0.010369 0.453396 0.007861
0.008584 0.443945 0.051477
0.006951 0.542166 -0.036102
-0.079868 0.390747 -0.017410
-0.067869 0.477717 -0.034024
-0.012565 0.498369 -0.037194
0.097209 0.514619 -0.027111
0.070413 0.471354 0.039314
-0.029406 0.423503 -0.000977
0.052608 0.452817 0.012174
-0.144539 0.507112 -0.041764
0.053856 0.439394 -0.021878
-0.084712 0.562677 -0.037068
-0.057795 0.508684 -0.041640
-0.102680 0.367554 -0.043460
-0.071765 0.540245 -0.035462
0.044969 0.488090 -0.023551
-0.054930 0.403538 0.006584
-0.086156 0.392653 0.061936
-0.051401 0.555131 0.042958
0.016908 0.444339 0.075009
-0.017556 0.419287 -0.014398
-0.114340 0.482033 -0.038484
0.098569 0.485622 -0.018450
-0.002358 0.455327 0.007100
-0.049313 0.532041 -0.041239
0.044352 0.411201 -0.022293
0.118185 0.496362 -0.024819
-0.007892 0.521278 -0.037145
-0.113072 0.522473 -0.039057
-0.042213 0.539131 0.021883
-0.033467 0.415957 0.050697
0.001304 0.496810 -0.035858
-0.011356 0.467253 0.047663
0.089052 0.470335 0.027685
0.049971 0.568464 -0.024455
0.033901 0.394119 -0.022987
-0.016147 0.330839 -0.034664
-0.000615 0.581415 -0.037488
0.028531 0.440723 -0.006735
-0.059781 0.478046 -0.041303
0.035199 0.492654 -0.024551
0.108373 0.473174 -0.025348
-0.000885 0.476299 -0.027677
-0.105552 0.383713 0.060074
-0.134377 0.545448 -0.041461
-0.093458 0.377728 -0.042764
-0.001730 0.442403 0.068623
-0.078096 0.319322 -0.040314
-0.077385 0.392868 -0.000915
-0.053439 0.569454 -0.009699
0.097014 0.476362 0.067674
-0.051548 0.331465 -0.029979
-0.029908 0.496895 -0.030769
-0.026387 0.500432 0.044857
-0.049542 0.539270 0.003742
-0.010478 0.427625 0.070749
-0.060153 0.571244 0.058387
0.142060 0.409000 -0.021069
-0.070911 0.337912 -0.031917
0.052081 0.438989 -0.030076
0.008004 0.512801 -0.027463
-0.117632 0.378878 0.061474
-0.012433 0.433978 0.044791
0.083490 0.476771 0.030417
-0.008128 0.425974 0.025470
0.090245 0.469382 0.002771
-0.012563 0.448138 0.061204
-0.153897 0.539321 -0.051235
-0.111520 0.384535 -0.027558
0.097094 0.473178 0.014071
-0.014444 0.437873 -0.028299
-0.041463 0.420201 0.035396
-0.051315 0.565681 -0.014170
-0.084524 0.391487 0.030174
-0.001887 0.494297 -0.028080
-0.147416 0.473483 -0.049496
-0.051065 0.565488 -0.041977
0.055133 0.615325 -0.024770
-0.113571 0.560792 -0.045267
-0.023676 0.553265 -0.039183
0.059806 0.397271 -0.020595
0.021586 0.450575 0.063345
-0.071687 0.570299 -0.035969
-0.053979 0.564878 0.020892
-0.067465 0.568166 0.057173
0.103512 0.485329 0.021186
-0.059223 0.404883 0.061486
-0.062727 0.563706 0.026132
-0.030503 0.543275 -0.031619
-0.088439 0.400438 0.062292
-0.081981 0.400499 0.014400
-0.016515 0.526877 -0.038055
0.036171 0.384905 -0.022615
-0.039645 0.540929 -0.017372
-0.061998 0.583754 0.013153
-0.043643 0.418858 -0.030729
-0.036980 0.470637 -0.030987
-0.063933 0.586608 0.008402
-0.164172 0.500089 -0.045519
-0.080854 0.520194 -0.035977
-0.055192 0.566678 0.025341
0.010925 0.358208 -0.024540
-0.020579 0.469475 0.040329
-0.101478 0.526120 -0.046062
0.083310 0.536899 -0.028804
-0.055034 0.483060 -0.032904
-0.021117 0.430240 0.048355
-0.063695 0.319831 -0.038963
0.009122 0.464976 -0.034575
-0.147090 0.491586 -0.049775
0.090726 0.470812 -0.026973
0.102525 0.479745 0.082243
-0.082780 0.468011 -0.035265
-0.019559 0.470235 0.024496
0.018986 0.525558 -0.034682
-0.040987 0.521123 0.001414
-0.068219 0.408615 0.045235
0.031554 0.473864 -0.024574
-0.017182 0.484787 0.021705
-0.008595 0.451907 -0.004719
-0.090886 0.407372 -0.043029
-0.046374 0.407783 0.012417
-0.062113 0.581919 0.024242
-0.040099 0.341327 -0.029067
0.026238 0.442269 0.036367
0.020173 0.405473 -0.032513
0.085263 0.394785 -0.026187
-0.045442 0.461832 -0.039672
0.056381 0.579675 -0.032079
0.027904 0.470933 -0.032905
-0.098883 0.381674 -0.024387
-0.057126 0.357725 -0.030955
0.031815 0.444314 0.028153
-0.138694 0.466659 -0.048556
-0.000583 0.440606 -0.035074
-0.022970 0.428578 0.034722
-0.048111 0.407106 0.014306
0.025213 0.447498 -0.015346
-0.032346 0.491098 0.061302
-0.016097 0.462818 -0.036919
-0.027646 0.426455 0.034815
-0.130872 0.472334 -0.039878
0.075761 0.570150 -0.022050
-0.016603 0.605334 -0.038455
0.084546 0.452916 -0.019213
0.072095 0.488505 -0.020998
0.050937 0.540473 -0.023885
0.011262 0.523916 -0.027346
0.031323 0.441361 -0.017262
0.031064 0.482878 -0.032811
0.020678 0.622905 -0.028396
0.101535 0.522953 -0.018809
-0.057011 0.580552 -0.027464
-0.108489 0.381363 0.043194
0.065318 0.591571 -0.031439
-0.033088 0.509920 -0.039329
-0.031032 0.574021 -0.040233
0.098344 0.481640 -0.001062
-0.115829 0.515667 -0.047237
-0.084355 0.417953 -0.042593
-0.110032 0.462971 -0.037751
-0.016473 0.526937 -0.030015
0.023262 0.490208 -0.025636
0.148656 0.428865 -0.014928
-0.090333 0.353237 -0.042050
0.022463 0.376918 -0.031808
-0.090206 0.403184 -0.034856
-0.040588 0.461641 -0.039210
-0.075534 0.489662 -0.034952
0.054953 0.560025 -0.031877
-0.065859 0.400842 0.044491
0.014283 0.589605 -0.036222
0.144376 0.405020 -0.013382
0.057638 0.586603 -0.024042
-0.050586 0.414949 0.017083
-0.032433 0.548161 -0.031885
0.081216 0.392924 -0.018500
0.026735 0.388156 -0.023561
0.049600 0.519271 -0.031684
0.036516 0.523140 -0.024949
0.060105 0.463781 -0.008650
0.001790 0.440906 0.052367
-0.005170 0.437173 0.034093
0.023553 0.559866 -0.026801
-0.061334 0.567211 -0.008616
-0.056346 0.554688 0.000353
0.050025 0.424367 -0.030019
-0.109313 0.510833 -0.046539
-0.040873 0.511657 -0.040094
-0.082664 0.366555 -0.041554
0.035958 0.557506 -0.033627
-0.156743 0.483959 -0.045560
0.048670 0.556718 -0.032413
-0.001137 0.395246 -0.026313
0.119029 0.487531 0.015388
-0.030711 0.469360 -0.038410
0.050652 0.487907 -0.023011
-0.061984 0.557197 0.052175
0.076403 0.476497 0.079542
-0.037538 0.514036 -0.000739
0.067387 0.395457 -0.027886
-0.101131 0.383735 0.026945
-0.059979 0.493053 -0.033542
-0.089290 0.396291 -0.000280
0.091857 0.545981 -0.020117
0.011611 0.523806 -0.035348
-0.025175 0.415376 -0.036963
-0.011798 0.551388 -0.029993
0.046374 0.405269 -0.022000
-0.051398 0.450827 -0.040045
0.071509 0.588883 -0.030808
0.101260 0.408872 -0.016881
-0.113696 0.486495 -0.038500
-0.079466 0.398855 -0.032028
-0.094476 0.432547 -0.035762
-0.085590 0.390539 0.022471
-0.031399 0.577696 -0.032293
0.090313 0.505033 -0.019561
-0.040983 0.536381 0.022301
0.004287 0.463747 -0.026974
-0.033486 0.428397 -0.037971
-0.017432 0.533522 -0.038255
0.094822 0.482475 -0.018749
0.118976 0.442526 -0.015785
-0.048278 0.409046 0.047866
-0.088376 0.418919 -0.034953
0.099787 0.497175 -0.026569
-0.029349 0.504794 0.055886
-0.074135 0.405337 0.035485
0.019727 0.389052 -0.032274
-0.017246 0.493651 -0.024726
-0.113199 0.536766 -0.047350
-0.119533 0.481532 -0.038966
-0.032405 0.557501 -0.040079
-0.001915 0.451185 0.024019
0.015064 0.443875 0.001225
0.037862 0.511863 -0.024629
-0.053522 0.416396 0.068839
-0.046351 0.415618 -0.038966
0.050380 0.365811 -0.028983
-0.101482 0.379981 -0.032883
-0.086311 0.448097 -0.043294
0.027043 0.449940 -0.032626
-0.092580 0.384562 -0.024071
-0.115968 0.462115 -0.046333
-0.144327 0.509876 -0.049828
-0.012825 0.432535 0.023737
-0.048633 0.561682 -0.023904
-0.044834 0.443098 -0.039294
0.048978 0.578472 -0.024720
-0.066145 0.399718 0.027943
0.013290 0.571724 -0.027973
-0.025000 0.387086 -0.036462
-0.006726 0.456819 0.049657
0.031934 0.430862 -0.023801
0.042313 0.630561 -0.034278
0.116617 0.468340 -0.016450
-0.088945 0.376486 -0.042317
-0.052057 0.411695 -0.039438
0.085065 0.391937 -0.018120
-0.013214 0.472986 0.038633
0.013226 0.437832 0.061075
-0.060339 0.403852 0.052786
0.018629 0.560201 -0.027272
-0.094487 0.349811 -0.034346
-0.015827 0.475378 0.056110
0.000709 0.429350 0.014726
-0.069225 0.447745 -0.041675
0.138675 0.450874 -0.016661
0.108384 0.439864 -0.024776
0.102330 0.406936 -0.016747
-0.030981 0.431273 -0.037784
0.014706 0.447233 0.074751
-0.027265 0.501265 0.050580
0.087781 0.544975 -0.028521
-0.064110 0.575546 -0.020879
-0.040195 0.508913 -0.031946
-0.055246 0.520348 -0.041599
-0.022568 0.373979 -0.036008
-0.009131 0.443664 0.045343
-0.019086 0.430618 0.039269
-0.078621 0.392899 0.008959
-0.026946 0.569353 -0.039767
-0.051364 0.536951 -0.041517
-0.006094 0.445959 -0.001983
0.004165 0.445827 -0.017744
0.048013 0.452464 0.041112
0.078924 0.476346 0.057934
-0.044115 0.457469 -0.031435
0.106901 0.516059 -0.026221
0.065145 0.590618 -0.023402
-0.023334 0.496075 -0.038171
-0.022733 0.495765 0.027460
0.075067 0.514816 -0.021168
-0.042215 0.410672 0.028987
-0.046881 0.549175 0.022397
0.018726 0.388457 -0.024322
0.010871 0.366045 -0.024680
0.102985 0.438650 -0.017228
-0.041221 0.538987 0.011189
-0.006866 0.610111 -0.032693
-0.068336 0.371420 -0.040285
0.139056 0.439301 -0.013835
-0.069346 0.575149 0.041762
-0.068026 0.441460 -0.041455
0.115126 0.487052 0.063059
-0.060101 0.551274 0.061929
-0.011296 0.580781 -0.030449
0.023426 0.437642 -0.019352
0.016175 0.416199 -0.025038
0.055261 0.367531 -0.028552
-0.092616 0.429398 -0.043569
-0.009887 0.457811 -0.021194
-0.023895 0.472354 0.063341
-0.093635 0.390170 -0.042994
-0.036807 0.513139 -0.004424
0.051592 0.460291 -0.002241
-0.022883 0.474866 0.038277
-0.042062 0.468608 -0.031432
-0.048807 0.539570 -0.006349
-0.031219 0.539168 -0.031617
-0.010321 0.431543 0.072658
0.078008 0.445208 -0.019698
0.134124 0.406675 -0.021779
-0.045616 0.402586 -0.030637
-0.022873 0.485504 -0.018442
0.114692 0.484909 0.076031
0.072293 0.412963 -0.019686
0.074460 0.461937 -0.001565
0.107436 0.478487 0.024114
0.066838 0.470622 0.054209
0.122798 0.480739 -0.016079
0.097296 0.476112 0.061386
0.024559 0.438774 -0.032670
0.006526 0.365646 -0.033120
-0.042872 0.407218 -0.023514
0.063814 0.488659 -0.021782
0.116156 0.474531 -0.024636
-0.092481 0.385022 -0.017156
0.124584 0.469147 -0.023749
0.082085 0.479001 0.078182
-0.002443 0.395227 -0.034473
0.031032 0.463693 -0.032485
0.111213 0.478733 -0.000420
-0.041669 0.517295 0.029664
-0.108624 0.552737 -0.039155
-0.111649 0.384206 -0.032059
-0.104737 0.381648 0.019526
-0.134633 0.493739 -0.048637
-0.096708 0.433478 -0.044025
-0.087702 0.344319 -0.033612
0.023804 0.622309 -0.027847
-0.082149 0.339324 -0.041039
-0.103252 0.413380 -0.036262
0.014241 0.531467 -0.035231
-0.027441 0.538071 -0.031241
-0.130611 0.472330 -0.047890
-0.031098 0.510398 0.046296
-0.051877 0.537837 0.038364
-0.097060 0.408885 -0.035600
-0.087748 0.333189 -0.040867
-0.027206 0.532215 -0.039156
-0.058193 0.568115 0.052386
0.108686 0.487421 0.082934
0.018378 0.436340 -0.002773
-0.133725 0.453204 -0.047857
-0.040791 0.341588 -0.029137
0.018581 0.530210 -0.026763
-0.018636 0.470204 0.013996
0.013740 0.384046 -0.032754
-0.107733 0.509208 -0.046362
0.033533 0.454776 0.042761
0.007064 0.576958 -0.028650
-0.034841 0.513896 -0.031170
0.132143 0.399473 -0.013805
0.018802 0.440545 0.064005
-0.000674 0.579381 -0.029422
-0.105702 0.381060 0.017050
0.049124 0.508816 -0.031550
-0.062598 0.584130 -0.042955
0.055307 0.461693 -0.030160
-0.042481 0.353209 -0.037532
-0.050491 0.545096 -0.016289
-0.022115 0.476647 0.019922
-0.137450 0.441945 -0.045023
0.008795 0.496286 -0.027106
-0.138802 0.444908 -0.045169
-0.090038 0.370274 -0.034277
0.010830 0.485993 -0.034774
-0.033375 0.330065 -0.028240
0.007854 0.434731 -0.034177
0.007805 0.439382 -0.018569
-0.040550 0.516188 0.022630
-0.121700 0.433090 -0.046377
-0.094978 0.421546 -0.043657
-0.022357 0.483719 -0.014911
-0.020724 0.487000 0.050873
-0.029090 0.518270 -0.018815
0.092153 0.465892 -0.026754
-0.109472 0.377449 -0.025256
-0.016240 0.517202 -0.029827
0.070011 0.467943 -0.014404
-0.044683 0.525722 0.019664
0.056429 0.476525 -0.022271
-0.152353 0.474973 -0.048492
0.092708 0.393064 -0.017418
0.014517 0.601447 -0.036403
0.028528 0.573332 -0.034599
-0.017302 0.466790 0.016740
0.003574 0.582074 -0.037104
-0.060947 0.556638 0.043165
0.054174 0.454168 0.022788
-0.002188 0.550028 -0.029062
-0.026197 0.387052 -0.036575
-0.103943 0.473629 -0.045395
-0.046013 0.542302 0.048945
0.005351 0.411388 -0.025977
0.072287 0.585889 -0.022647
0.111142 0.403458 -0.015856
-0.137583 0.492812 -0.048899
0.025422 0.612735 -0.035567
-0.013704 0.462564 -0.002371
-0.045014 0.518495 0.061953
-0.017088 0.509908 -0.037819
0.125396 0.477482 -0.015778
0.033266 0.532641 -0.033455
0.015857 0.458490 -0.033829
-0.051385 0.552598 -0.041787
0.079300 0.475758 0.080360
0.102750 0.444661 -0.025390
-0.032988 0.492186 0.062936
-0.005502 0.501300 -0.028541
0.101679 0.488082 0.080909
-0.016350 0.488029 -0.005166
0.012048 0.432638 -0.016446
-0.001360 0.428290 0.012755
-0.038900 0.524202 0.063030
0.109569 0.472796 -0.017192
-0.053012 0.583107 -0.034426
-0.024837 0.494629 0.057826
0.000606 0.431351 0.048811
-0.045425 0.543508 0.035729
-0.032220 0.416396 0.048560
-0.118193 0.380583 0.058888
-0.109909 0.408574 -0.044845
-0.070753 0.564908 -0.035789
-0.052269 0.407020 0.044374
-0.046570 0.414761 -0.016466
-0.020993 0.419219 0.010497
-0.026592 0.424557 -0.029218
-0.047253 0.407508 0.014499
0.032542 0.369608 -0.030732
-0.036227 0.591880 -0.041029
-0.063741 0.586016 -0.002897
0.074534 0.439621 -0.027967
-0.006274 0.520835 -0.036985
-0.012938 0.469150 0.055855
0.034204 0.546316 -0.033601
-0.127217 0.491037 -0.047890
-0.078915 0.413298 -0.042000
-0.095112 0.397018 0.055931
-0.096369 0.379393 -0.035030
-0.102763 0.383172 0.029944
-0.005829 0.428530 0.050601
-0.087424 0.392015 0.060936
0.052101 0.376930 -0.029011
-0.099961 0.394207 0.045877
-0.051468 0.553998 -0.041819
-0.071308 0.402941 -0.025809
0.070627 0.419348 -0.027989
-0.017365 0.360604 -0.027252
0.116880 0.435285 -0.015859
0.064768 0.374208 -0.019732
-0.064265 0.579120 0.064015
-0.044023 0.533746 -0.030657
0.019764 0.365169 -0.023825
-0.103326 0.384971 0.064153
-0.066287 0.525538 -0.034693
-0.016336 0.459070 -0.028840
0.066475 0.533374 -0.030333
-0.089573 0.465336 -0.035860
-0.067245 0.586060 0.061530
0.101633 0.476833 0.040531
0.088260 0.493811 -0.027599
-0.147782 0.496560 -0.041889
-0.032964 0.506419 -0.031221
-0.040410 0.467651 -0.039296
-0.131579 0.428399 -0.040813
0.052830 0.551002 -0.023886
-0.130601 0.454132 -0.047578
-0.036090 0.526005 0.020943
-0.059184 0.401314 0.001780
0.117107 0.442002 -0.023990
-0.025043 0.418646 0.031632
-0.109660 0.387178 0.002350
-0.000860 0.407093 -0.026490
-0.010459 0.458908 -0.020428
-0.010936 0.478217 -0.015534
0.041933 0.385814 -0.022086
-0.091948 0.464378 -0.044105
-0.113830 0.532884 -0.047343
-0.067109 0.383105 -0.040369
-0.032594 0.412170 -0.018940
-0.005769 0.466240 -0.011539
0.080071 0.469250 0.077658
0.049283 0.454013 0.057280
-0.063110 0.568617 0.004425
-0.048561 0.410168 0.068688
0.091361 0.554589 -0.021604
-0.067009 0.459248 -0.033626
-0.029692 0.417142 0.041816
-0.049928 0.581353 -0.042142
-0.034919 0.329813 -0.036418
-0.050325 0.429383 -0.039577
0.081819 0.575835 -0.024355
-0.074054 0.402332 -0.015151
-0.015281 0.424715 -0.036189
-0.060744 0.534627 -0.034326
-0.022106 0.397876 -0.036374
-0.033189 0.323065 -0.032391
0.039461 0.459432 0.075354
-0.033881 0.550567 -0.040100
0.110640 0.481959 0.057616
-0.099093 0.428834 -0.044171
-0.059278 0.511306 -0.033788
0.083401 0.501831 -0.020159
0.102653 0.485634 0.032784
-0.028929 0.418714 0.062201
-0.063111 0.448809 -0.033080
0.137603 0.437441 -0.021977
-0.058060 0.405394 0.061168
-0.006105 0.435119 0.015851
0.119644 0.481997 -0.009958
0.081112 0.480987 -0.028055
-0.063168 0.560185 0.049971
-0.044217 0.532686 -0.022776
0.026200 0.442635 0.042743
0.109357 0.514368 -0.017923
-0.072738 0.566703 -0.044044
-0.033395 0.514077 0.053262
0.032180 0.624065 -0.027086
-0.031403 0.524360 -0.024473
-0.017182 0.571320 -0.038879
-0.056165 0.515280 -0.033562
0.030090 0.451653 0.016864
0.071980 0.422201 -0.027910
0.001452 0.371112 -0.025655
0.082867 0.527893 -0.028692
-0.026772 0.492420 -0.010177
0.047782 0.453329 0.057259
0.089256 0.482534 -0.027312
-0.080628 0.342101 -0.040943
-0.032656 0.495054 0.043836
-0.169415 0.512190 -0.049300
-0.167928 0.519351 -0.052218
0.081139 0.551445 -0.029258
-0.026938 0.425303 0.010286
-0.052852 0.550662 -0.041892
0.038286 0.450151 0.076287
0.146056 0.435344 -0.019352
0.122838 0.425566 -0.015131
-0.038660 0.369420 -0.029413
-0.072140 0.499500 -0.042837
-0.019180 0.537137 -0.030446
-0.096391 0.350832 -0.034832
-0.047211 0.405727 -0.015463
-0.018766 0.476050 -0.015613
-0.012288 0.447929 0.059133
0.003836 0.594704 -0.037296
-0.009002 0.440625 -0.027832
-0.016543 0.419243 -0.022823
-0.072997 0.582247 0.064161
0.016855 0.446474 -0.025492
0.014574 0.354606 -0.032171
0.045811 0.556603 -0.024645
0.075848 0.474079 0.043494
0.055257 0.462336 0.004022
-0.005193 0.429198 0.056903
-0.021443 0.337849 -0.027247
-0.048357 0.530467 -0.033085
-0.018782 0.403441 -0.028119
-0.130269 0.425463 -0.040338
0.085263 0.563703 -0.029079
0.015575 0.404132 -0.024888
0.025478 0.363379 -0.023255
-0.093233 0.350271 -0.034236
0.026810 0.540973 -0.026170
-0.144358 0.456792 -0.044175
0.072313 0.371545 -0.024670
0.054801 0.393913 -0.029047
0.069686 0.592195 -0.023000
-0.042828 0.525381 0.000040
0.010558 0.437276 0.072036
0.097321 0.473355 0.015310
0.106265 0.512045 -0.026212
-0.045300 0.547930 0.010745
-0.074596 0.339860 -0.040335
-0.003023 0.454168 0.020957
-0.059000 0.560929 -0.002170
-0.010711 0.447439 0.043511
-0.066668 0.572468 0.025071
-0.103344 0.507003 -0.037874
-0.005151 0.408668 -0.026922
-0.027949 0.556703 -0.039645
-0.063637 0.581346 -0.043435
-0.005472 0.440330 0.020789
0.060139 0.457434 0.031965
-0.121896 0.410109 -0.046002
-0.010413 0.451405 0.018974
-0.056722 0.478707 -0.032989
0.040111 0.470453 -0.023707
0.122129 0.479926 -0.024165
-0.108715 0.381884 0.053578
0.007717 0.474277 -0.026831
-0.042320 0.511746 0.066726
0.011351 0.437406 0.068197
-0.062295 0.577008 0.052476
-0.038105 0.419316 -0.004784
0.068282 0.457988 -0.020500
0.086955 0.402046 -0.018115
0.128169 0.473574 -0.016006
0.067112 0.595351 -0.031334
-0.024477 0.327154 -0.030325
-0.124315 0.419812 -0.038360
-0.051212 0.403725 -0.018480
-0.028793 0.487428 0.039760
0.025096 0.440409 0.014051
-0.003134 0.358293 -0.033906
-0.031207 0.447615 -0.038085
-0.056596 0.564781 0.051665
-0.077503 0.553705 -0.044271
-0.025113 0.497399 -0.038362
-0.098069 0.445597 -0.044361
0.123590 0.396894 -0.022605
0.014108 0.615112 -0.036675
0.108422 0.394837 -0.024002
0.018810 0.381349 -0.032229
-0.042502 0.376754 -0.029901
0.072312 0.471947 0.034800
0.023149 0.574024 -0.027082
0.010147 0.608623 -0.036938
-0.011752 0.526037 -0.037591
-0.034747 0.502574 -0.039360
0.008025 0.389480 -0.033386
0.085017 0.488098 -0.027808
-0.020259 0.428154 0.007131
-0.040201 0.413020 0.052826
0.114155 0.490539 0.055727
-0.001841 0.446607 0.047536
0.030239 0.398563 -0.031445
0.064292 0.470016 0.063416
-0.045452 0.413437 0.069652
0.072668 0.470908 -0.028679
0.131236 0.467927 -0.021412
-0.124494 0.459240 -0.039052
-0.039930 0.561169 -0.040852
0.048878 0.451336 0.015781
-0.055413 0.506241 -0.033336
-0.059963 0.399490 -0.022669
0.115207 0.483336 0.045941
-0.077222 0.555416 -0.044274
-0.117849 0.493393 -0.039010
-0.069912 0.521655 -0.043006
0.035168 0.361742 -0.030349
-0.069316 0.526199 -0.034991
0.023506 0.561785 -0.034875
-0.066596 0.480708 -0.033955
0.055333 0.626170 -0.024937
0.033004 0.432571 -0.023730
0.034146 0.625809 -0.026931
-0.021394 0.427749 0.008989
0.039469 0.423920 -0.022971
-0.011076 0.433414 0.025118
-0.027637 0.423367 -0.016655
-0.038366 0.531997 0.015376
-0.063264 0.441018 -0.032961
-0.016668 0.421564 0.016759
0.096386 0.482410 0.026596
-0.041396 0.516944 0.028379
-0.052091 0.534992 0.055977
-0.110115 0.467440 -0.037835
0.137132 0.455137 -0.021511
-0.021316 0.330797 -0.035151
-0.153615 0.520572 -0.050888
-0.120029 0.466760 -0.038759
0.077544 0.473413 0.080234
-0.020584 0.426321 -0.020912
-0.032904 0.571874 -0.032336
0.108595 0.390921 -0.015882
-0.039995 0.368990 -0.037568
0.078770 0.543524 -0.029346
-0.129629 0.424388 -0.042013
-0.084795 0.409856 -0.034459
-0.073868 0.397900 0.056191
-0.030083 0.491732 0.031758
-0.063164 0.562285 -0.035028
0.046503 0.457966 -0.002396
0.080804 0.469668 0.079055
-0.014269 0.574446 -0.030621
0.068837 0.558424 -0.022502
-0.073041 0.394832 -0.001136
-0.049939 0.549827 0.054281
-0.013111 0.431792 -0.036106
-0.092918 0.395970 0.021853
0.031823 0.439617 -0.023962
-0.136324 0.462617 -0.040227
-0.037259 0.544461 -0.032277
0.115364 0.472301 -0.016636
-0.007126 0.456176 0.057705
-0.016240 0.557799 -0.038559
-0.033098 0.527401 -0.021071
-0.029809 0.510248 0.032188
-0.010628 0.432577 0.007797
-0.101588 0.437604 -0.044556
-0.001141 0.445796 -0.035216
0.035061 0.356032 -0.022225
0.017899 0.544933 -0.027079
-0.038677 0.414698 0.069206
0.086149 0.381747 -0.017843
-0.101148 0.415569 -0.044138
-0.034438 0.411495 -0.016214
-0.069064 0.397889 -0.040807
0.055738 0.456688 0.052900
0.006135 0.544242 -0.028178
0.005538 0.459562 -0.034821
0.034692 0.451914 -0.013666
-0.045977 0.530964 -0.040906
0.022329 0.441585 0.054597
0.086244 0.478608 0.040131
0.064363 0.532471 -0.022480
0.025076 0.428051 -0.032437
-0.007364 0.582963 -0.030115
0.000560 0.541571 -0.036695
-0.025744 0.407763 -0.036887
0.123569 0.411209 -0.022852
0.042632 0.441280 -0.022970
-0.039932 0.422801 0.067059
0.014973 0.438122 0.052666
-0.044065 0.399501 -0.038474
-0.034984 0.496597 0.062534
-0.061028 0.570820 -0.031365
0.051973 0.536460 -0.023718
0.061082 0.465232 0.008102
0.076706 0.564248 -0.021859
-0.010399 0.426349 0.048930
0.128496 0.473569 -0.019759
-0.063646 0.573980 -0.017904
-0.015159 0.428098 -0.036236
0.049842 0.604672 -0.025087
-0.032410 0.412156 -0.020575
0.091559 0.472707 0.048173
-0.051958 0.579790 -0.034270
0.103226 0.475033 -0.001499
-0.007692 0.453124 -0.021630
-0.022134 0.502938 -0.017639
-0.081968 0.353607 -0.033230
0.110117 0.478747 0.008117
0.125365 0.479795 -0.016689
0.036792 0.610975 -0.034464
-0.118138 0.438837 -0.046140
0.065301 0.471172 0.075018
-0.049619 0.460383 -0.032004
-0.008718 0.540176 -0.037547
-0.016595 0.480744 0.036431
0.006777 0.405449 -0.025741
-0.062012 0.571637 -0.024336
-0.036264 0.515939 -0.025601
-0.061262 0.562386 0.016224
-0.158947 0.507133 -0.043124
0.016753 0.493356 -0.034341
-0.010389 0.546921 -0.029783
0.046087 0.608581 -0.025509
0.024489 0.458390 -0.033012
-0.063013 0.491229 -0.041834
-0.017029 0.541496 -0.030317
-0.154044 0.490021 -0.042368
-0.166932 0.511190 -0.051984
-0.066554 0.586576 0.027719
0.023296 0.409429 -0.032286
-0.098030 0.392140 -0.003160
-0.015500 0.424365 0.054539
-0.026218 0.428187 0.052831
-0.046468 0.409980 0.049703
-0.021153 0.467331 0.058377
-0.067439 0.547862 -0.043221
0.060766 0.494660 -0.030209
0.052692 0.455488 0.055990
-0.026583 0.345081 -0.027856
-0.040113 0.520108 -0.040167
0.098050 0.431220 -0.025604
0.031716 0.597634 -0.026678
0.083494 0.543068 -0.028893
0.098952 0.482080 0.001662
0.027079 0.448569 -0.011665
-0.015233 0.467809 -0.012597
-0.099655 0.551573 -0.046325
0.075595 0.490459 -0.020701
-0.045917 0.338442 -0.029567
0.011901 0.376699 -0.032802
-0.058291 0.448480 -0.040656
-0.019839 0.469664 0.030779
0.026490 0.357442 -0.031095
-0.096195 0.566936 -0.046262
-0.063860 0.361946 -0.031663
-0.084981 0.423175 -0.042742
0.049696 0.394756 -0.029543
-0.067814 0.572028 -0.035633
-0.066333 0.369943 -0.040070
0.083509 0.548167 -0.020942
-0.036599 0.557123 -0.040469
0.086531 0.500146 -0.027871
0.053241 0.623882 -0.033132
0.137135 0.454314 -0.017162
0.067544 0.457654 -0.020455
-0.140693 0.468330 -0.040737
-0.147167 0.478993 -0.041530
-0.043387 0.543770 0.010765
-0.068093 0.587705 0.058178
-0.099515 0.465691 -0.036805
0.119987 0.487058 0.006825
-0.026194 0.496872 0.061571
-0.073149 0.328736 -0.040008
0.043370 0.403627 -0.022256
0.074740 0.495116 -0.020861
-0.171574 0.526686 -0.044651
0.078363 0.576494 -0.029949
-0.007974 0.584072 -0.030192
-0.036945 0.508338 0.022720
0.032327 0.535550 -0.025557
0.035104 0.447800 0.061263
-0.037764 0.452007 -0.038779
-0.127086 0.473158 -0.047572
-0.102721 0.561947 -0.046792
0.001910 0.588138 -0.037365
-0.083802 0.445681 -0.034979
0.076900 0.585463 -0.022204
0.044153 0.440147 -0.030844
-0.111754 0.381902 0.063934
0.060676 0.367757 -0.028045
-0.059576 0.584666 -0.019699
0.042079 0.448646 0.022499
0.063190 0.413315 -0.028588
0.069071 0.462230 0.044143
-0.068260 0.451233 -0.041644
0.031482 0.576640 -0.034377
-0.070090 0.442610 -0.033632
0.066056 0.580728 -0.031183
0.035362 0.522254 -0.025043
0.021936 0.352771 -0.031445
0.035037 0.442913 -0.019574
-0.113253 0.384621 -0.012996
-0.111043 0.378362 -0.011951
0.043911 0.517613 -0.024156
-0.029536 0.519380 -0.019561
-0.022227 0.425846 -0.016375
-0.033761 0.524770 0.000596
-0.012335 0.430145 -0.036004
0.003887 0.429991 0.001322
0.053500 0.455291 0.046601
-0.056401 0.488967 -0.033134
0.071187 0.472516 0.052794
0.127542 0.467698 -0.015408
0.072957 0.510121 -0.029323
0.097950 0.483593 -0.018473
-0.109160 0.478720 -0.037938
-0.120454 0.479838 -0.047060
-0.017728 0.427575 -0.021674
-0.045832 0.497122 -0.040313
-0.013433 0.574679 -0.030546
-0.110691 0.398656 -0.036712
-0.021021 0.427129 -0.036772
0.034970 0.548033 -0.033558
0.019773 0.439705 0.042662
0.036110 0.441876 -0.031633
0.028005 0.452104 0.040160
-0.019537 0.536673 -0.030471
-0.012175 0.462847 -0.021546
-0.098370 0.488583 -0.045125
-0.106751 0.464824 -0.037473
-0.026282 0.502463 0.032846
-0.021871 0.482888 -0.016106
0.052331 0.454640 0.044616
-0.048641 0.560405 -0.017010
-0.048617 0.315998 -0.033143
0.123762 0.484084 -0.020985
-0.039595 0.403889 -0.030091
-0.078580 0.392644 0.004401
0.089837 0.549952 -0.020375
-0.128266 0.537776 -0.048790
0.005033 0.470416 -0.027018
0.036526 0.476658 -0.032189
0.003691 0.396525 -0.025879
0.040050 0.454091 -0.023433
0.119599 0.445377 -0.023812
0.029056 0.381504 -0.031265
0.062275 0.487227 -0.021903
0.037962 0.457115 0.048141
-0.042775 0.549306 -0.025762
-0.066772 0.399062 0.021776
0.090697 0.506058 -0.027579
-0.022318 0.417755 -0.003828
0.037676 0.537749 -0.033126
0.062722 0.564507 -0.023184
0.049020 0.458978 -0.004616
-0.051053 0.474267 -0.032377
-0.053131 0.539106 0.046110
0.019647 0.465061 -0.033583
-0.074082 0.492940 -0.034871
-0.110160 0.536423 -0.047057
0.000223 0.591787 -0.037587
0.059178 0.499967 -0.030450
0.112561 0.440134 -0.016350
-0.053257 0.315613 -0.029869
-0.024349 0.507771 -0.038467
-0.026598 0.537429 -0.039187
-0.052714 0.461498 -0.040352
-0.037316 0.412905 0.029054
-0.004875 0.464624 -0.035890
0.017770 0.439513 0.054650
-0.146788 0.464653 -0.049286
-0.008561 0.435449 -0.027702
-0.167090 0.517389 -0.044068
-0.076579 0.397659 0.066984
0.110453 0.486295 -0.015319
0.028216 0.351376 -0.026315
-0.034355 0.502798 0.022267
-0.060382 0.314500 -0.030522
-0.104339 0.507217 -0.046008
-0.082908 0.402197 0.066309
-0.004694 0.535378 -0.029048
-0.011359 0.598406 -0.030756
-0.015628 0.388229 -0.035597
-0.094375 0.395022 -0.035110
-0.043694 0.536074 0.055266
-0.036428 0.464405 -0.038865
-0.066758 0.360362 -0.039946
-0.022935 0.495839 0.029394
-0.074336 0.487635 -0.034804
0.034707 0.490855 -0.032604
-0.060061 0.392321 -0.039861
-0.033772 0.424239 0.044338
-0.044473 0.521067 0.042017
-0.017423 0.427668 -0.022441
0.064958 0.457340 -0.029174
0.045327 0.490800 -0.031600
0.122749 0.426853 -0.023198
0.092482 0.483601 0.075982
0.010415 0.394800 -0.025215
-0.043228 0.462241 -0.039470
0.126792 0.415207 -0.014580
-0.089406 0.535341 -0.045080
-0.011932 0.469523 0.042238
0.057960 0.456736 0.036853
-0.042432 0.416943 -0.011500
-0.007055 0.437840 0.072858
0.108468 0.388327 -0.019218
-0.051762 0.538227 0.034960
-0.012897 0.470475 -0.036748
-0.086441 0.457858 -0.043473
0.027778 0.476528 -0.033012
-0.030217 0.522977 -0.030837
-0.063052 0.575491 -0.032818
-0.018584 0.427125 -0.022676
0.008601 0.577516 -0.028515
-0.069385 0.363213 -0.032206
0.011057 0.580001 -0.028325
-0.124178 0.504905 -0.039804
-0.051756 0.537711 0.037634
0.065392 0.459149 -0.029164
-0.005358 0.422955 -0.027186
-0.064913 0.397606 -0.016540
-0.089163 0.564226 -0.045552
-0.065783 0.406149 -0.032602
0.086742 0.471419 0.063214
0.034697 0.580817 -0.034145
-0.069408 0.395270 -0.021369
0.079449 0.463485 -0.027912
-0.037895 0.512593 0.011064
0.060487 0.445446 -0.021356
-0.002622 0.436995 0.005586
0.096810 0.508262 -0.027040
0.093268 0.421771 -0.017857
-0.120942 0.461003 -0.046784
-0.134860 0.477735 -0.040347
-0.088427 0.400535 0.063826
-0.039591 0.515842 0.013373
-0.035103 0.525365 0.012944
-0.111388 0.382137 -0.028045
-0.057579 0.407133 0.068615
0.098762 0.475073 0.032992
0.033730 0.628524 -0.033751
-0.078063 0.572570 -0.036610
0.012992 0.529701 -0.027282
-0.070888 0.379934 -0.040671
-0.042376 0.407563 -0.021535
0.070107 0.374613 -0.027272
-0.021007 0.496052 0.005977
-0.028824 0.500557 -0.029754
-0.106700 0.413743 -0.044630
-0.021504 0.378563 -0.027950
-0.010292 0.457015 0.072224
-0.085117 0.390666 0.021001
-0.098411 0.529960 -0.045838
-0.045182 0.397704 -0.038549
-0.052478 0.544613 0.009253
-0.079941 0.467426 -0.043024
-0.066859 0.582192 -0.035717
-0.000895 0.435583 -0.015900
0.039701 0.447951 0.028948
-0.029898 0.486989 -0.030599
-0.055334 0.561282 0.055689
-0.050166 0.406393 0.018012
0.119928 0.398678 -0.022982
-0.124338 0.554366 -0.040666
-0.027995 0.570281 -0.031845
0.132680 0.452853 -0.014669
-0.018827 0.481649 0.057421
-0.073972 0.363607 -0.040683
-0.023777 0.488222 -0.022451
-0.046259 0.527559 0.028107
-0.040454 0.487060 -0.039633
-0.037327 0.514149 0.068694
0.106095 0.479735 0.055036
0.107648 0.475714 -0.017423
-0.009535 0.442132 0.058161
0.003459 0.607078 -0.029506
-0.104169 0.391285 0.064489
-0.076939 0.358383 -0.032837
-0.073251 0.395027 0.003691
-0.103888 0.467574 -0.045287
-0.026539 0.417948 0.031350
0.014230 0.437924 0.055007
-0.084766 0.409294 -0.034447
-0.012600 0.548807 -0.038061
-0.003655 0.455994 0.018547
-0.132162 0.507370 -0.048637
-0.010392 0.408435 -0.035449
-0.017562 0.432496 0.058986
-0.088672 0.562282 -0.037435
-0.001848 0.385650 -0.026216
0.071497 0.549386 -0.030133
0.049206 0.451385 0.014111
-0.054388 0.546223 0.022767
0.107638 0.490225 0.071426
-0.100824 0.382686 0.007159
0.041994 0.550821 -0.024906
0.115644 0.437733 -0.016018
-0.098080 0.456256 -0.044545
0.106443 0.451487 -0.025159
0.041515 0.446194 -0.014023
0.034620 0.427457 -0.023490
-0.079433 0.404580 -0.033863
-0.150582 0.498786 -0.042192
0.093247 0.445969 -0.018273
0.035844 0.359521 -0.022211
-0.098781 0.548458 -0.046190
-0.063166 0.572204 -0.043234
-0.070656 0.574549 0.060099
-0.043970 0.522072 0.030857
-0.013480 0.425786 0.062898
0.106794 0.486272 -0.025721
0.020255 0.428555 -0.032901
-0.023904 0.357111 -0.035846
-0.012682 0.474020 0.026980
0.091178 0.404516 -0.025795
-0.028662 0.419083 0.066320
-0.013169 0.511881 -0.029446
-0.004534 0.443921 -0.009167
0.011956 0.551630 -0.027755
-0.055202 0.431947 -0.040081
0.054977 0.389551 -0.028956
-0.029796 0.493826 0.017303
-0.019964 0.366615 -0.035637
-0.060295 0.568943 -0.034871
0.105563 0.477723 0.025574
-0.024463 0.582952 -0.039765
-0.008215 0.373756 -0.026613
-0.069220 0.397321 0.011342
-0.076502 0.394968 0.027338
-0.047273 0.591007 -0.042056
0.059512 0.458670 0.057291
-0.019304 0.497083 -0.019192
0.098649 0.506181 -0.026831
0.008164 0.531653 -0.035807
0.029266 0.451957 0.028164
-0.074554 0.570835 -0.036249
0.013121 0.445496 0.042929
0.020279 0.482213 -0.033817
0.031136 0.513688 -0.033332
-0.056064 0.362417 -0.038972
-0.049850 0.417457 0.053251
0.039110 0.469257 -0.031818
-0.102549 0.394059 0.063011
-0.108754 0.537577 -0.038908
-0.023332 0.470577 0.066297
0.034926 0.507296 -0.024828
-0.075058 0.491557 -0.034939
-0.099236 0.547728 -0.046220
0.026582 0.568150 -0.034694
0.065756 0.560243 -0.022824
-0.040158 0.537324 0.007749
-0.147008 0.509541 -0.042038
-0.089318 0.360867 -0.042084
-0.037825 0.504280 0.054486
0.046134 0.452515 0.056199
-0.010810 0.444267 0.061548
-0.021344 0.595292 -0.031646
-0.057022 0.342036 -0.038714
-0.044852 0.517687 0.064376
0.010272 0.477317 -0.026641
0.062438 0.456511 -0.000804
0.095140 0.394948 -0.017221
-0.051797 0.416639 0.054389
-0.098970 0.432825 -0.036191
-0.058418 0.317605 -0.038427
0.057147 0.416766 -0.021180
0.079562 0.474997 0.030652
-0.086808 0.401291 0.064138
0.027303 0.440795 0.003772
0.029849 0.603837 -0.034997
0.008733 0.577663 -0.028505
-0.081944 0.394586 0.062208
-0.088704 0.390287 0.041859
0.054912 0.462947 0.016810
-0.061208 0.555184 0.053923
0.053623 0.381720 -0.028950
-0.098328 0.386607 0.053518
0.005748 0.548787 -0.036329
0.001523 0.362014 -0.033530
-0.044130 0.516663 -0.040487
-0.007783 0.444155 0.027148
0.046521 0.584273 -0.025051
-0.099439 0.416040 -0.035948
-0.059578 0.580895 0.000385
-0.068543 0.411386 -0.040988
0.037963 0.368327 -0.030198
-0.063032 0.489733 -0.041810
-0.136751 0.453846 -0.048153
-0.040629 0.402301 -0.030161
-0.043111 0.528435 -0.040592
-0.065746 0.581643 -0.034406
0.023251 0.457809 -0.025082
-0.027663 0.489471 0.015821
-0.003342 0.384648 -0.034376
-0.034142 0.523918 0.009536
-0.044201 0.420471 0.060615
0.036509 0.454899 0.022273
-0.038011 0.524646 0.050388
0.055680 0.466407 0.068578
-0.013061 0.470233 0.051516
-0.030746 0.487560 0.061632
0.026593 0.406656 -0.031928
0.015689 0.463926 -0.025901
0.045251 0.472878 -0.023264
-0.007384 0.442323 0.032287
-0.077944 0.562452 -0.036426
-0.046635 0.371286 -0.030197
0.002667 0.580302 -0.037159
0.071016 0.371851 -0.019102
0.061486 0.390237 -0.028353
0.014619 0.360922 -0.024238
0.069100 0.603463 -0.024344
-0.150392 0.499925 -0.042193
0.020038 0.405227 -0.024485
0.050739 0.460625 -0.030573
-0.119456 0.460549 -0.038599
0.012852 0.434717 0.012067
-0.115309 0.384339 0.005567
-0.091417 0.432018 -0.035464
-0.026666 0.506669 0.014899
-0.027877 0.415340 -0.001925
-0.009260 0.471416 0.001275
0.084076 0.486741 -0.027873
-0.085139 0.359416 -0.033628
0.084386 0.468424 0.031215
-0.148987 0.495115 -0.050015
-0.130447 0.472475 -0.047877
0.023726 0.447210 -0.008886
-0.111020 0.452930 -0.045709
0.032231 0.441435 -0.022915
0.007539 0.566087 -0.028419
0.061346 0.558515 -0.023211
0.094556 0.435412 -0.017969
-0.051292 0.537087 0.035593
-0.037049 0.524417 0.040492
0.050092 0.506542 -0.031420
0.010930 0.593224 -0.036601
-0.020555 0.513750 -0.038212
-0.093896 0.495509 -0.044822
-0.048542 0.344136 -0.037949
-0.112863 0.510923 -0.046876
-0.041110 0.492821 -0.039793
0.025037 0.606081 -0.035489
-0.035945 0.515294 -0.025856
0.008300 0.432813 0.014865
0.058060 0.508092 -0.022658
0.057367 0.451591 -0.021756
0.016407 0.448299 0.064687
0.101026 0.473340 -0.013005
-0.031549 0.519585 0.002618
-0.108774 0.385731 -0.028446
0.052611 0.634163 -0.033367
0.078495 0.398885 -0.018859
0.101798 0.483598 0.005367
0.091901 0.426221 -0.018062
0.054187 0.389380 -0.029027
-0.063734 0.407118 -0.013662
-0.022851 0.356996 -0.027708
-0.135983 0.449993 -0.039978
-0.159152 0.509508 -0.043184
0.014875 0.447127 0.056777
0.019970 0.579088 -0.035505
0.014738 0.450940 -0.033805
-0.051438 0.553322 0.053009
-0.002530 0.479319 -0.027884
0.061230 0.416564 -0.028828
0.012126 0.443482 0.016941
-0.019792 0.419241 0.001763
-0.038013 0.419359 -0.004751
-0.094437 0.437043 -0.035835
-0.100866 0.514399 -0.045803
0.073456 0.469343 -0.020541
-0.052312 0.567429 -0.011949
0.080368 0.409992 -0.018873
0.061170 0.497497 -0.030220
-0.040632 0.515314 0.068362
-0.047081 0.477297 -0.032054
-0.025846 0.496751 0.058196
-0.064869 0.375815 -0.040033
-0.014122 0.480362 0.009875
0.038816 0.476827 -0.023939
0.038732 0.421479 -0.031036
0.030732 0.452277 0.022383
0.099132 0.397679 -0.024927
-0.083574 0.494679 -0.035797
0.105718 0.494050 -0.025956
-0.022888 0.493223 0.042778
-0.026875 0.424466 -0.004126
-0.009591 0.431303 -0.021259
-0.014377 0.429067 -0.022225
-0.018644 0.397349 -0.036038
-0.035055 0.413487 0.021608
-0.103121 0.385540 -0.043810
-0.056560 0.545187 0.066347
0.011689 0.362580 -0.032580
0.021987 0.479436 -0.025572
0.103713 0.385870 -0.024093
-0.040968 0.347788 -0.029260
-0.120423 0.496340 -0.047340
0.009118 0.368682 -0.032927
-0.014961 0.460219 0.024642
0.042098 0.449363 0.034301
-0.143284 0.454616 -0.045015
0.064467 0.452522 -0.029138
-0.067023 0.367835 -0.032063
-0.036026 0.525057 0.025258
0.076167 0.510643 -0.020992
0.029100 0.453057 0.047735
0.018237 0.407161 -0.024688
-0.020411 0.464419 0.065300
-0.038781 0.421116 0.030314
-0.000709 0.508112 -0.036242
0.043674 0.450164 0.035686
-0.056791 0.561860 -0.032657
0.035018 0.624981 -0.034871
-0.001565 0.426577 -0.014204
0.032691 0.359998 -0.030553
-0.112971 0.472600 -0.046230
-0.117986 0.427301 -0.045928
0.037094 0.440111 -0.031509
-0.111112 0.516688 -0.046809
-0.079615 0.422247 -0.034183
0.080742 0.464073 -0.013592
-0.125836 0.445902 -0.046987
0.078869 0.525397 -0.020990
-0.130171 0.475636 -0.047905
0.034118 0.388443 -0.022869
-0.078148 0.403183 0.030036
-0.086482 0.431713 -0.043030
0.139106 0.446007 -0.021982
-0.024436 0.444170 -0.029350
-0.142951 0.520162 -0.049874
0.005651 0.517202 -0.027760
0.051815 0.417069 -0.021689
-0.176864 0.528458 -0.045180
-0.033684 0.446006 -0.038291
-0.108297 0.389819 0.035974
-0.079661 0.365244 -0.041248
-0.060661 0.412662 0.055337
-0.021874 0.484444 -0.024356
0.000364 0.529626 -0.028472
-0.057791 0.558239 -0.001832
-0.118655 0.470686 -0.038697
0.113712 0.489785 -0.025128
0.076810 0.506855 -0.020867
0.116593 0.435513 -0.023927
-0.069945 0.381039 -0.032564
-0.017857 0.479022 0.060189
-0.013818 0.585996 -0.030776
0.063297 0.465616 -0.002281
-0.055804 0.398233 -0.039561
-0.004760 0.490949 -0.028294
0.035809 0.540994 -0.033358
0.114176 0.485997 0.079642
0.084173 0.471987 -0.027612
0.060452 0.482137 -0.030024
-0.040080 0.517374 0.010877
-0.037976 0.595742 -0.036190
0.111644 0.491533 0.062858
-0.013540 0.351255 -0.026731
0.143805 0.439585 -0.015895
-0.048983 0.543711 -0.026350
-0.006361 0.383079 -0.026598
-0.060665 0.476024 -0.041352
0.031800 0.625946 -0.027154
0.080515 0.474852 0.021021
0.051983 0.523831 -0.023501
-0.046571 0.536016 -0.013280
0.001229 0.538916 -0.036586
-0.003517 0.447718 0.060994
0.091338 0.526833 -0.019838
0.000267 0.386491 -0.034067
0.011008 0.433314 0.002690
-0.041224 0.418256 0.069968
-0.083806 0.421516 -0.042603
-0.155758 0.519331 -0.043032
-0.011580 0.427210 0.072202
-0.055424 0.409944 -0.031689
0.068838 0.597365 -0.031206
-0.096743 0.512423 -0.037343
-0.014323 0.550241 -0.038248
0.060631 0.457522 0.029717
-0.022159 0.481896 -0.007498
-0.095674 0.527917 -0.037508
0.036545 0.444561 -0.003559
-0.016084 0.391853 -0.035702
-0.005728 0.458150 0.031039
0.100804 0.486720 0.064864
0.105788 0.405448 -0.024432
-0.062919 0.578989 0.049151
-0.096490 0.384744 0.008576
-0.054257 0.559636 0.052004
-0.060629 0.585211 -0.039864
0.079689 0.468514 0.068304
0.025982 0.598720 -0.035274
-0.048586 0.536271 0.008659
0.079753 0.477761 0.075197
0.062229 0.385701 -0.020169
0.000303 0.454197 -0.017637
-0.016503 0.522427 -0.029941
-0.035708 0.534645 -0.029446
-0.062430 0.579270 0.042004
0.056455 0.456126 0.038118
-0.037759 0.546579 -0.040398
-0.007790 0.456167 -0.036021
-0.016820 0.470468 -0.008412
-0.061547 0.385346 -0.031845
-0.044076 0.540374 0.036808
-0.021687 0.488104 -0.037879
0.062831 0.465380 -0.002669
0.029982 0.392564 -0.031367
-0.125592 0.526574 -0.040309
-0.054263 0.554538 -0.022917
0.015565 0.438775 0.059057
0.038309 0.456984 0.043329
-0.130106 0.432086 -0.039117
0.096031 0.389658 -0.025083
-0.075567 0.357321 -0.040726
-0.039759 0.419405 0.009240
-0.108624 0.397461 -0.044533
0.030357 0.551661 -0.026019
0.043185 0.615535 -0.025901
0.047049 0.607261 -0.033432
-0.029633 0.599617 -0.034896
-0.002877 0.448642 0.048674
-0.024415 0.427212 0.022947
-0.021702 0.426359 -0.011810
-0.053840 0.535539 -0.041726
0.062264 0.458660 0.036272
0.071327 0.460522 -0.001376
0.033972 0.564926 -0.025904
-0.069973 0.407060 -0.033013
0.006272 0.391657 -0.025552
-0.059091 0.323800 -0.038597
0.150975 0.411993 -0.020279
-0.031356 0.488350 0.064470
-0.050840 0.547700 -0.041651
0.066783 0.386360 -0.027787
-0.032525 0.513378 0.046931
-0.060602 0.580323 0.015267
0.090937 0.426913 -0.018165
0.064347 0.498875 -0.021907
0.092979 0.530760 -0.027787
-0.089210 0.572196 -0.039985
0.053732 0.421914 -0.029627
-0.006922 0.358455 -0.026229
-0.021503 0.481136 -0.011039
-0.056570 0.391546 -0.039519
-0.057119 0.562156 -0.030449
-0.063600 0.407066 -0.032411
0.066546 0.440711 -0.028740
-0.029583 0.413158 -0.025303
-0.096130 0.387550 0.052566
-0.037665 0.411046 0.000755
-0.011730 0.571548 -0.038368
-0.052782 0.507406 -0.041145
0.000846 0.427229 -0.021625
0.120507 0.435259 -0.023553
0.067482 0.445905 -0.028740
0.061721 0.398440 -0.020435
-0.054091 0.460498 -0.032429
-0.049823 0.547246 0.066669
0.039978 0.536178 -0.024845
0.154365 0.513839 0.010107
0.122024 0.463489 0.036608
0.219936 0.373643 -0.004779
0.117027 0.478373 0.070035
0.249929 0.377943 0.088603
0.203177 0.479919 0.024500
0.166886 0.273809 -0.009820
0.198590 0.534947 0.009922
0.137870 0.288083 -0.000353
0.247299 0.527326 0.007089
0.198556 0.518094 0.086435
0.250485 0.400022 -0.003901
0.096393 0.418620 0.012630
0.239311 0.358268 -0.006958
0.162033 0.326025 0.001797
0.039743 0.492948 0.013466
0.253266 0.388313 -0.005024
0.177399 0.312617 0.044185
0.320496 0.350904 -0.003189
0.137454 0.469478 0.007085
0.172714 0.294401 -0.009414
0.245001 0.388807 0.018997
0.083069 0.510908 0.013054
0.178020 0.310674 0.037601
0.336526 0.363554 -0.010867
0.258164 0.421598 -0.002407
0.133505 0.433968 0.085502
0.120275 0.492392 0.017845
0.191974 0.511353 0.047435
0.153478 0.377282 0.027214
0.167367 0.365365 0.100817
0.145417 0.519989 0.011032
0.122424 0.485975 0.045186
0.210675 0.461958 0.091940
0.255549 0.319275 -0.011009
0.224171 0.446075 0.030028
0.193361 0.546472 0.019176
0.225402 0.534590 0.016727
0.155302 0.298310 -0.000263
0.261464 0.574322 0.010458
0.313183 0.410664 0.002231
0.146509 0.302353 -0.007561
0.215396 0.486069 0.013041
0.160267 0.528531 0.019131
0.260589 0.345544 -0.000146
0.302519 0.463748 0.001868
0.182453 0.300503 0.089480
0.275981 0.522724 0.005411
0.229723 0.410275 0.100289
0.263347 0.475778 0.010014
0.192993 0.369096 0.004079
0.255579 0.372616 0.001572
0.094565 0.498676 0.011496
0.114994 0.505971 0.037462
0.256786 0.357156 0.032915
0.103162 0.429781 0.013277
0.083803 0.512290 0.021176
0.231615 0.402373 0.026699
0.121343 0.300013 -0.006632
0.223497 0.555444 0.018589
0.123946 0.458617 0.046631
0.271407 0.494435 0.003205
0.115324 0.506371 0.072454
0.231928 0.487742 0.004405
0.260094 0.324513 0.023392
0.197740 0.497081 0.086929
0.176485 0.338093 0.036778
0.274419 0.311079 0.088238
0.228095 0.509912 0.006466
0.206998 0.346248 -0.006533
0.197935 0.496672 0.090269
0.244403 0.408819 -0.002879
0.182176 0.300135 0.059207
0.187730 0.546490 0.055333
0.228852 0.454877 0.009780
0.196377 0.498242 0.018106
0.218592 0.462980 0.075051
0.085261 0.491099 0.019305
0.267162 0.496440 0.011604
0.138188 0.287385 -0.000426
0.280431 0.422224 -0.003352
0.128242 0.451419 0.005960
0.229982 0.567911 0.016550
0.118402 0.473737 0.046264
0.191784 0.458720 0.003732
0.186783 0.392994 -0.001644
0.240487 0.492364 0.012452
0.147514 0.393629 0.029068
0.183538 0.318787 0.035362
0.167317 0.364668 0.078439
0.191699 0.534762 0.031277
0.097661 0.348270 0.006579
0.200907 0.367430 -0.004455
0.323624 0.365741 -0.002065
0.117847 0.466304 0.007694
0.176747 0.312979 0.006113
0.163736 0.453728 0.004565
0.107740 0.514283 0.105305
0.196520 0.500686 0.094306
0.248702 0.355771 0.027743
0.255290 0.363363 0.090062
0.176874 0.338115 0.065891
0.217307 0.559151 0.019183
0.199513 0.330258 0.000477
0.191536 0.412174 -0.000223
0.291420 0.341032 -0.002726
0.112666 0.254978 -0.002920
0.122734 0.463995 0.102324
0.182510 0.320803 0.014065
0.106582 0.400925 0.010665
0.200996 0.511285 0.082398
0.218732 0.437565 0.027361
0.177141 0.315348 0.098741
0.191410 0.326919 -0.007481
0.052128 0.472912 0.019241
0.191865 0.513417 0.094941
0.311975 0.437779 -0.002395
0.189982 0.517417 0.064294
0.184006 0.296491 0.095544
0.233180 0.399736 0.070647
0.250054 0.375241 0.025100
0.240493 0.380452 0.088867
0.270627 0.488902 0.010806
0.249883 0.376742 0.052925
0.171343 0.298481 -0.009005
0.110313 0.459353 0.007440
0.220716 0.550821 0.010283
0.130890 0.464314 0.084147
0.164455 0.372664 -0.002375
0.203040 0.505276 0.070859
0.280241 0.382499 -0.006729
0.208489 0.482894 0.113543
0.250327 0.352082 0.047837
0.198155 0.517354 0.037128
0.331731 0.362879 -0.010709
0.237492 0.570399 0.019046
0.186812 0.547708 0.020747
0.279967 0.395083 -0.005644
0.266672 0.328919 -0.000696
0.038600 0.470685 0.011621
0.163602 0.351310 0.071973
0.267497 0.329775 0.082893
0.135542 0.450476 0.053439
0.128837 0.468761 0.053013
0.195716 0.286700 0.066386
0.220530 0.434849 0.086303
0.228206 0.504177 0.005973
0.196233 0.286064 0.087211
0.175316 0.443855 0.003204
0.238571 0.406487 0.022477
0.114762 0.486110 0.111782
0.119542 0.309485 -0.005744
0.140211 0.291962 -0.008164
0.267058 0.306417 0.047985
0.201287 0.508332 0.024358
0.188642 0.545106 0.085047
0.154035 0.375135 0.010415
0.337402 0.368340 -0.003234
0.108242 0.500740 0.026675
0.136371 0.426428 0.093093
0.142738 0.431347 0.067246
0.325319 0.337647 -0.012572
0.327525 0.355509 -0.003112
0.287945 0.411145 -0.004633
0.133306 0.432981 0.044350
0.153597 0.415746 0.009820
0.049539 0.436041 0.008178
0.174259 0.387064 0.006450
0.205979 0.416155 -0.000531
0.278022 0.518010 0.012954
0.181784 0.506231 0.008229
0.112974 0.394986 0.009873
0.196598 0.459978 0.011661
0.270755 0.319413 0.043380
0.120565 0.490967 0.042970
0.158991 0.532660 0.019540
0.237479 0.502656 0.013464
0.233345 0.453181 0.001397
0.249352 0.356633 0.098628
0.282270 0.446770 -0.001343
0.230335 0.407096 0.059731
0.211016 0.484708 0.103264
0.160191 0.367131 0.105844
0.210507 0.482875 0.016608
0.164306 0.373326 0.090209
0.319248 0.348084 -0.003373
0.207063 0.445670 0.009972
0.163636 0.350880 0.062883
0.125528 0.477202 0.037118
0.173177 0.388072 0.006584
0.274751 0.325623 -0.003292
0.121841 0.487692 0.048586
0.247119 0.454083 0.008893
0.186021 0.528422 0.069492
0.192277 0.295868 0.060501
0.149700 0.348900 0.004299
0.189836 0.492580 0.014742
0.142647 0.430329 0.033229
0.247326 0.385040 0.088375
0.244468 0.392622 0.082449
0.115752 0.345780 -0.002482
0.189642 0.278747 0.032135
0.176503 0.337839 0.031273
0.110992 0.495824 0.096260
0.143788 0.536586 0.015250
0.087389 0.344169 -0.001347
0.131681 0.438831 0.082338
0.273195 0.313980 0.076390
0.251616 0.372575 0.068054
0.119557 0.470532 0.044908
0.247913 0.467201 0.001938
0.234285 0.542240 0.016980
0.059445 0.498659 0.013070
0.133966 0.454592 0.048475
0.139895 0.344497 0.004363
0.242183 0.494247 0.004500
0.225113 0.422472 0.089861
0.179914 0.306716 0.070121
0.245838 0.363245 0.018502
0.188935 0.521372 0.093785
0.173182 0.429703 0.002094
0.218255 0.439632 0.047955
0.224820 0.520255 0.007494
0.155042 0.383347 0.107457
0.314621 0.376463 -0.008784
0.161301 0.358415 0.094109
0.143190 0.428407 0.021372
0.139892 0.378765 -0.000754
0.088712 0.493277 0.019336
0.201375 0.487301 0.090706
0.261532 0.322980 0.087772
0.131801 0.293332 0.000367
0.291374 0.471073 0.008356
0.214918 0.470679 0.012427
0.211776 0.499591 0.006319
0.194221 0.288795 0.012994
0.230277 0.431595 0.088798
0.035433 0.497040 0.015255
0.198747 0.310073 -0.001209
0.252552 0.322704 -0.002545
0.104778 0.512566 0.090369
0.128775 0.469946 0.080319
0.192591 0.293616 0.022981
0.145183 0.408406 0.110034
0.178927 0.309920 0.083876
0.126136 0.460951 0.006866
0.115878 0.480279 0.036907
0.124869 0.387879 0.008734
0.213396 0.453800 0.072249
0.115169 0.470430 0.008166
0.164623 0.500837 0.008539
0.193349 0.470700 0.004683
0.262601 0.369297 0.000974
0.180249 0.423807 0.009312
0.170261 0.332328 0.050310
0.188196 0.521346 0.038825
0.236244 0.390123 0.037059
0.187691 0.309116 0.080096
0.253450 0.490296 0.003658
0.185944 0.327690 -0.007170
0.184852 0.314292 0.010924
0.168065 0.361472 0.047343
0.137008 0.424247 0.081188
0.236202 0.342627 -0.000114
0.227713 0.345387 -0.007535
0.222556 0.427557 0.038901
0.135242 0.427602 0.041833
0.274221 0.484014 0.010228
0.114105 0.385194 0.008988
0.174574 0.463361 0.004900
0.116828 0.423768 0.012152
0.209586 0.450398 0.002225
0.239308 0.488540 0.012179
0.126019 0.387999 0.000655
0.215872 0.476306 0.004151
0.291130 0.345369 -0.002344
0.198287 0.496544 0.112614
0.104294 0.446471 0.006612
0.072856 0.451346 0.016474
0.193428 0.293977 0.094075
0.172165 0.328054 0.075156
0.180284 0.430061 0.001806
0.169452 0.359696 0.101446
0.166616 0.343405 0.080645
0.232928 0.365802 -0.006030
0.229593 0.409533 0.070804
0.301576 0.328383 -0.012296
0.074070 0.472485 0.010184
0.176832 0.395563 -0.000979
0.163442 0.374721 0.064355
0.110444 0.495811 0.055757
0.237784 0.385027 0.013032
0.169513 0.356511 0.020249
0.175402 0.342590 0.078147
0.292952 0.320722 -0.012562
0.207019 0.495370 0.096593
0.243844 0.392818 0.041971
0.167202 0.364043 0.053191
0.157537 0.391201 0.074054
0.126607 0.467158 0.115873
0.128052 0.449054 0.090875
0.220496 0.432101 0.009897
0.178241 0.335180 0.087303
0.161229 0.379591 0.032842
0.165254 0.368679 0.034843
0.150234 0.279474 -0.001641
0.137943 0.419471 0.021423
0.245685 0.386812 0.015553
0.164064 0.372372 0.046799
0.266707 0.331902 0.082076
0.262022 0.342823 0.031858
0.074903 0.433234 0.014839
0.187612 0.463299 0.004310
0.233606 0.304171 -0.003275
0.185011 0.290551 0.009611
0.131935 0.438157 0.082888
0.194358 0.504658 0.042469
0.218088 0.464902 0.089787
0.142307 0.408030 0.001632
0.216725 0.414229 -0.001177
0.216543 0.466911 0.030372
0.236454 0.322112 -0.001874
0.159340 0.386864 0.089735
0.173331 0.348735 0.091398
0.180767 0.429915 0.009809
0.289322 0.401780 0.002544
0.203084 0.482394 0.084223
0.084468 0.335568 0.006088
0.274910 0.360171 -0.008392
0.147119 0.506795 0.017869
0.256962 0.355215 -0.008010
0.132883 0.436432 0.106057
0.266698 0.306816 0.032286
0.123713 0.439293 0.013166
0.215778 0.337638 0.000376
0.251356 0.372750 0.053685
0.064139 0.507139 0.018974
0.209082 0.464976 0.056151
0.269479 0.301543 0.094621
0.195475 0.504328 0.115515
0.074726 0.394666 0.011560
0.148397 0.415127 0.046486
0.261621 0.527081 0.014463
0.236965 0.410457 0.011336
0.311834 0.358001 -0.010233
0.136926 0.398748 0.009119
0.258137 0.405813 -0.003751
0.170590 0.329996 0.011786
0.230859 0.429807 0.083485
0.217983 0.462509 0.017685
0.203000 0.540474 0.018233
0.274562 0.534274 0.006458
0.255741 0.513317 0.005517
0.106026 0.507361 0.042062
0.283321 0.366813 -0.008203
0.307375 0.445959 -0.002538
0.179497 0.544612 0.025958
0.253889 0.342851 0.061056
0.237016 0.413603 0.099645
0.206748 0.472824 0.095878
0.195922 0.285003 0.035842
0.107565 0.368568 0.007864
0.182377 0.526568 0.009935
0.145772 0.360075 -0.002610
0.120269 0.470327 0.091668
0.243003 0.397224 0.098667
0.276932 0.498884 0.011374
0.290195 0.425869 -0.003479
0.252494 0.487625 0.011510
0.199617 0.491395 0.071806
0.109753 0.442246 0.014044
0.189041 0.521295 0.099492
0.123520 0.503420 0.010602
0.071966 0.443337 0.007794
0.134307 0.261362 -0.002470
0.214117 0.509142 0.015064
0.211484 0.406456 -0.001604
0.082537 0.337275 -0.001433
0.184296 0.533383 0.076264
0.161757 0.286919 -0.009560
0.067724 0.508204 0.021371
0.236899 0.410859 0.017288
0.089549 0.418722 0.004909
0.189966 0.539257 0.024970
0.068580 0.471038 0.018344
0.239239 0.411313 0.005602
0.158161 0.367017 0.094934
0.140380 0.412824 0.021565
0.115733 0.506218 0.098394
0.117187 0.452529 0.014587
0.123181 0.484440 0.059468
0.141217 0.435001 0.053890
0.177827 0.407858 0.000024
0.132554 0.280243 -0.008819
0.144363 0.402803 0.044430
0.229175 0.522428 0.007484
0.191531 0.536754 0.072558
0.054194 0.429608 0.015458
0.263349 0.340437 0.065113
0.297231 0.478249 0.003612
0.184549 0.532393 0.068203
0.130404 0.442490 0.086978
0.216027 0.321900 -0.000976
0.181292 0.541386 0.070998
0.160658 0.357057 0.010432
0.202780 0.482806 0.072960
0.148977 0.413409 0.042879
0.278687 0.403755 -0.004848
0.316738 0.402425 -0.006667
0.211851 0.482805 0.113384
0.202552 0.484298 0.096366
0.183052 0.290922 -0.002137
0.240233 0.381173 0.089202
0.116981 0.270023 -0.008992
0.173846 0.346980 0.082043
0.205315 0.354988 -0.005713
0.174064 0.344139 0.021642
0.173346 0.302442 -0.000720
0.077804 0.399873 0.003829
0.164835 0.304267 -0.008220
0.263137 0.516377 0.005446
0.202099 0.421502 0.008136
0.132479 0.458031 0.031809
0.307666 0.409004 -0.005700
0.126897 0.473979 0.050918
0.098546 0.385047 0.001636
0.169854 0.358246 0.091951
0.337204 0.368726 -0.007356
0.195631 0.287383 0.078464
0.084623 0.383733 0.002148
0.241835 0.373819 0.009009
0.075398 0.442661 0.007583
0.201354 0.486421 0.065498
0.317213 0.351667 -0.011014
0.194422 0.413499 0.007798
0.287700 0.501312 0.011098
0.105349 0.510205 0.068829
0.230104 0.406336 0.022333
0.300746 0.377291 -0.008092
0.119909 0.470542 0.071005
0.242675 0.350004 -0.007813
0.192778 0.302927 -0.009587
0.141985 0.472875 0.015209
0.199925 0.514187 0.081836
0.191942 0.533994 0.028532
0.183422 0.318920 0.030410
0.212012 0.543968 0.010089
0.312313 0.437012 0.001831
0.234325 0.394238 0.006839
0.194966 0.280226 0.027897
0.126882 0.480121 0.016503
0.271766 0.316804 0.047453
0.197832 0.459377 0.011554
0.159604 0.383903 0.029525
0.202082 0.508338 0.082870
0.248386 0.394511 -0.004277
0.235891 0.415339 0.106558
0.187779 0.523153 0.056820
0.145296 0.298882 -0.007802
0.226745 0.441897 0.106577
0.259009 0.386565 0.002607
0.257397 0.357528 0.087783
0.263617 0.316058 0.054639
0.217297 0.444481 0.108034
0.185994 0.529879 0.106706
0.165715 0.484566 0.015141
0.207717 0.491116 0.033405
0.213759 0.294848 -0.011216
0.141253 0.492040 0.008837
0.303221 0.461904 0.003801
0.141233 0.434850 0.051015
0.255388 0.477548 0.002485
0.262081 0.318725 -0.011348
0.256493 0.367302 0.001078
0.103707 0.513373 0.033514
0.141233 0.435623 0.071767
0.215960 0.445316 0.032320
0.076035 0.496533 0.020182
0.110499 0.464904 0.015941
0.273035 0.476576 0.009648
0.300450 0.425491 -0.003972
0.227991 0.437701 0.085216
0.266832 0.390875 -0.005414
0.169282 0.360252 0.103929
0.117886 0.474976 0.041741
0.205006 0.467094 0.011890
0.268850 0.302827 0.082959
0.267486 0.538177 0.015145
0.127252 0.448624 0.020639
0.307132 0.371741 -0.008851
0.121835 0.466836 0.112682
0.245421 0.332906 -0.001356
0.132605 0.417874 0.002906
0.220571 0.456352 0.042104
0.136830 0.434722 0.004152
0.213625 0.475161 0.038046
0.132740 0.492036 0.009219
0.263119 0.372556 0.001229
0.217809 0.439517 0.012089
0.245625 0.491231 0.004088
0.256817 0.356724 0.023663
0.263468 0.366327 0.000682
0.199215 0.493522 0.099464
0.208879 0.490324 0.097376
0.274114 0.430717 -0.002345
0.210745 0.483498 0.050811
0.135427 0.282966 -0.008716
0.083058 0.467409 0.017385
0.235233 0.565518 0.010884
0.168239 0.518671 0.009897
0.116670 0.502717 0.072979
0.268834 0.497086 0.011584
0.131042 0.503374 0.010261
0.237854 0.386727 0.063889
0.117269 0.478958 0.103547
0.135303 0.399852 0.009286
0.193711 0.273325 0.091321
0.108651 0.501136 0.067344
0.254390 0.341688 0.066560
0.226499 0.415755 0.010964
0.161719 0.357578 0.102324
0.163997 0.350202 0.071180
0.113797 0.502867 0.119491
0.191108 0.482751 0.013847
0.225669 0.442477 0.043187
0.190219 0.301892 0.071390
0.256296 0.343061 0.099484
0.113208 0.512989 0.095096
0.315340 0.337301 -0.004117
0.128062 0.469650 0.019980
0.241684 0.376194 0.061791
0.321035 0.331906 -0.004832
0.180053 0.428323 0.001668
0.124121 0.483961 0.115556
0.174624 0.291887 -0.001677
0.212965 0.376794 0.003839
0.214730 0.451535 0.109301
0.135159 0.378306 -0.000580
0.188623 0.522960 0.113622
0.195602 0.465576 0.004145
0.117730 0.364778 0.007085
0.134073 0.455349 0.076695
0.254847 0.362604 0.037145
0.165248 0.323787 -0.006575
0.203645 0.478521 0.021260
0.201091 0.512517 0.007899
0.247603 0.383992 0.080546
0.244363 0.368982 0.064540
0.108744 0.341058 0.005467
0.117326 0.478279 0.008738
0.202785 0.507376 0.108583
0.257802 0.353563 0.010960
0.127590 0.328848 -0.004455
0.191756 0.521573 0.009089
0.276682 0.475083 0.009357
0.057393 0.468576 0.010598
0.117139 0.477923 0.066143
0.305666 0.419371 0.003310
0.283916 0.430214 -0.002828
0.177669 0.299699 -0.001147
0.255697 0.317667 -0.011152
0.301115 0.391593 0.001147
0.151199 0.430426 0.011178
0.220316 0.456822 0.036048
0.155859 0.506100 0.017417
0.263590 0.492802 0.011454
0.225997 0.419983 0.087814
0.149276 0.457981 0.005576
0.148204 0.497511 0.008992
0.170081 0.295572 -0.009196
0.158815 0.365575 0.104178
0.275467 0.307270 0.062720
0.097359 0.506608 0.020084
0.192053 0.512069 0.072531
0.262931 0.342705 -0.001306
0.160399 0.360686 0.088957
0.107197 0.401533 0.002653
0.220379 0.470813 0.011518
0.126301 0.497283 0.017992
0.181297 0.325180 0.042734
0.135811 0.428187 0.099274
0.194770 0.290070 0.087537
0.216233 0.444750 0.037154
0.037740 0.468350 0.011460
0.079196 0.368530 0.009133
0.217071 0.456322 0.110894
0.237731 0.384919 0.006291
0.135563 0.428531 0.090345
0.217399 0.440767 0.015612
0.144496 0.381829 0.007338
0.063446 0.472134 0.010630
0.253489 0.424503 0.006087
0.069909 0.461259 0.009414
0.196464 0.536375 0.010139
0.252618 0.344102 0.001446
0.240104 0.380988 0.074762
0.233324 0.518920 0.015036
0.215486 0.436612 0.000786
0.270188 0.321098 0.047057
0.236870 0.453036 0.009263
0.216432 0.511727 0.015181
0.213956 0.377717 -0.004164
0.173098 0.276139 -0.010444
0.154976 0.373808 0.043751
0.117119 0.297927 0.001417
0.133311 0.457083 0.067372
0.234702 0.419716 0.094202
0.111110 0.494219 0.061797
0.102517 0.326655 0.004519
0.271119 0.311133 -0.002768
0.069384 0.373537 0.008156
0.312983 0.406587 0.001893
0.129540 0.461658 0.115273
0.253316 0.343500 0.036496
0.112533 0.455452 0.007008
0.248359 0.370478 0.102176
0.156441 0.529411 0.019378
0.146706 0.421046 0.081577
0.201274 0.487933 0.100359
0.096651 0.389599 0.010146
0.236355 0.546029 0.017210
0.298880 0.460975 0.007159
0.220360 0.435193 0.083052
0.284905 0.456529 -0.000630
0.204535 0.499256 0.018731
0.130542 0.452722 0.005967
0.180822 0.325347 0.012384
0.223215 0.450066 0.067189
0.252330 0.335825 -0.009454
0.106675 0.508018 0.107310
0.143640 0.428499 0.056870
0.211421 0.424909 0.008008
0.145647 0.421352 0.012051
0.271974 0.371534 0.000745
0.270928 0.301853 0.087914
0.253354 0.344516 0.066545
0.255390 0.414093 -0.002922
0.095720 0.446321 0.015020
0.305181 0.418113 -0.004812
0.234301 0.418248 0.025276
0.077491 0.506877 0.012961
0.270830 0.457407 0.008113
0.237211 0.383861 -0.004683
0.234656 0.407325 0.105930
0.127611 0.449414 0.068210
0.280958 0.387751 0.001724
0.200543 0.512498 0.081794
0.126845 0.451826 0.076812
0.132555 0.516792 0.019373
0.223946 0.446424 0.022863
0.220413 0.460217 0.002576
0.183049 0.296793 0.033465
0.192444 0.535255 0.099228
0.194105 0.425961 0.008874
0.119583 0.469543 0.020173
0.137750 0.533079 0.012491
0.137205 0.424024 0.089706
0.124910 0.478476 0.026026
0.181195 0.458131 0.012194
0.216602 0.443629 0.034058
0.235135 0.418630 0.096735
0.108141 0.267332 -0.002853
0.256680 0.488788 0.003385
0.059842 0.469269 0.018585
0.142028 0.400386 0.000993
0.125717 0.454569 0.067831
0.157215 0.324385 -0.006164
0.318977 0.418558 -0.005316
0.107726 0.272932 -0.008329
0.102837 0.515839 0.035931
0.166243 0.365489 0.021681
0.165510 0.415267 0.009245
0.237257 0.412626 -0.002234
0.259949 0.349408 0.056783
0.189559 0.368207 0.004157
0.244391 0.495804 0.004533
0.209050 0.400152 -0.002032
0.106387 0.355325 0.006789
0.231172 0.548636 0.009628
0.212535 0.479943 0.086648
0.242794 0.373515 0.071229
0.111004 0.450185 0.014664
0.151042 0.384804 0.050663
0.116704 0.443990 0.005844
0.152413 0.403425 0.026657
0.247431 0.361239 0.081508
0.249788 0.352372 0.016078
0.168599 0.371779 0.005401
0.318698 0.340865 -0.003964
0.048072 0.431805 0.010649
0.113917 0.471808 0.008339
0.192097 0.512698 0.092644
0.116828 0.344064 -0.002676
0.142053 0.408159 0.018925
0.296036 0.409468 0.002898
0.274685 0.309628 0.068727
0.104388 0.507208 0.011783
0.208510 0.421664 0.007862
0.033125 0.495476 0.013979
0.288678 0.372589 0.000086
0.230402 0.409687 0.106322
0.170782 0.356416 0.003994
0.185816 0.290680 0.072112
0.103904 0.516279 0.012577
0.210234 0.507739 0.007082
0.152162 0.512344 0.010078
0.162026 0.495742 0.016258
0.138500 0.420490 0.089705
0.145840 0.536406 0.020449
0.248095 0.358226 0.049253
0.276538 0.305198 0.085603
0.270057 0.321453 -0.011474
0.189555 0.280836 0.081914
0.232229 0.403617 0.105212
0.238476 0.356844 0.000995
0.119009 0.474541 0.112456
0.177649 0.335873 0.062525
0.079951 0.400712 0.011841
0.181494 0.326683 0.097614
0.093555 0.445683 0.007026
0.138702 0.420146 0.095294
0.149514 0.413166 0.075778
0.218734 0.445340 0.001384
0.179333 0.376841 0.005351
0.160689 0.357125 0.014557
0.242498 0.491683 0.004267
0.226768 0.441767 0.104743
0.245113 0.390858 0.082359
0.097004 0.362704 -0.000199
0.207380 0.480534 0.113391
0.185771 0.312146 0.020665
0.265296 0.351600 -0.000654
0.227896 0.437623 0.076165
0.099250 0.309110 -0.004866
0.342402 0.354577 -0.006352
0.132859 0.439627 0.113247
0.225727 0.455723 0.001955
0.230785 0.430452 0.095391
0.102217 0.517709 0.040716
0.157323 0.369040 0.087813
0.228007 0.421487 0.107435
0.258975 0.352776 0.075847
0.261293 0.308806 -0.004121
0.210882 0.463749 0.111804
0.267012 0.306541 0.027680
0.162389 0.375959 0.020299
0.229603 0.304184 -0.003094
0.245888 0.387110 0.038529
0.246627 0.360615 0.005696
0.190340 0.278065 0.064974
0.117380 0.436601 0.005184
0.270500 0.550159 0.007994
0.177740 0.406016 -0.000129
0.212344 0.382629 -0.003673
0.185085 0.513046 0.016699
0.269788 0.320943 0.013582
0.312213 0.342469 -0.011573
0.247452 0.384986 0.096220
0.221787 0.517523 0.007398
0.074484 0.502457 0.020756
0.224157 0.535489 0.016859
0.222498 0.450087 0.015069
0.238805 0.432295 0.007409
0.189915 0.495857 0.015018
0.109828 0.349035 -0.001939
0.257116 0.358367 0.089760
0.204496 0.500746 0.055953
0.188822 0.522310 0.110693
0.259985 0.543923 0.015971
0.117483 0.440611 0.005521
0.308871 0.353130 -0.010515
0.188006 0.523598 0.085439
0.252227 0.347466 0.063145
0.316727 0.365347 -0.001789
0.128800 0.530889 0.017488
0.098474 0.496339 0.019159
0.194432 0.350055 0.002392
0.203526 0.481169 0.083735
0.238159 0.407986 0.032504
0.156690 0.392943 0.058697
0.271767 0.326781 -0.003059
0.126530 0.475088 0.053824
0.148023 0.393814 0.071395
0.208830 0.423799 0.008030
0.267790 0.459714 0.000409
0.197225 0.520875 0.063495
0.134353 0.334921 -0.004241
0.329365 0.342740 -0.004282
0.242649 0.384011 0.103585
0.299757 0.353335 -0.010089
0.202065 0.469582 0.012234
0.176426 0.315079 0.039003
0.261721 0.345176 0.073038
0.224838 0.421513 0.043886
0.228642 0.410651 0.031093
0.203828 0.502917 0.065288
0.242674 0.398326 -0.003696
0.162833 0.376076 0.056075
0.190602 0.435131 0.009812
0.173275 0.346561 0.028860
0.067571 0.387735 0.011291
0.225798 0.492222 0.005062
0.145518 0.401698 0.099498
0.231993 0.426051 0.065716
0.218081 0.444758 0.001364
0.228534 0.358969 -0.006415
0.198146 0.361637 0.003212
0.190500 0.514458 0.022739
0.230742 0.525415 0.015705
0.113502 0.486255 0.023201
0.192281 0.273840 0.093847
0.127072 0.452345 0.107460
0.128299 0.429223 0.004066
0.285529 0.383369 -0.006892
0.222809 0.449583 0.024350
0.104811 0.383252 0.001202
0.270930 0.391568 0.002499
0.219472 0.438504 0.106893
0.118761 0.475109 0.109519
0.236025 0.354919 -0.007096
0.239030 0.302318 -0.003676
0.182266 0.536922 0.022422
0.111061 0.493596 0.041446
0.282849 0.489029 0.002232
0.166065 0.368737 0.095947
0.141777 0.378826 0.007204
0.048406 0.430823 0.008826
0.263659 0.396192 0.003219
0.260601 0.348009 0.066984
0.260517 0.329266 -0.010380
0.131307 0.461519 0.039547
0.169112 0.416778 0.009212
0.173313 0.547315 0.015711
0.194393 0.293628 -0.002415
0.224531 0.424294 0.096203
0.192792 0.278498 0.037096
0.234258 0.398054 0.104529
0.130740 0.526561 0.020287
0.184935 0.413606 0.008232
0.271722 0.425422 0.005348
0.239777 0.570915 0.019177
0.164871 0.370617 0.058820
0.122262 0.368558 -0.000833
0.204977 0.362909 -0.005023
0.104669 0.387647 0.009620
0.193514 0.292733 0.067005
0.197458 0.519061 0.031861
0.247180 0.382620 0.012617
0.263536 0.471391 0.001595
0.150643 0.410565 0.088681
0.124820 0.458775 0.115078
0.241440 0.571178 0.019125
0.271674 0.317607 0.062321
0.205914 0.472635 0.029564
0.308443 0.352436 -0.010555
0.136695 0.424654 0.069137
0.167453 0.537783 0.011560
0.073040 0.441391 0.007580
0.196717 0.392155 -0.002161
0.242001 0.399951 0.098476
0.201059 0.510938 0.077740
0.091920 0.507906 0.012401
0.109044 0.375985 0.000393
0.304312 0.438880 -0.003004
0.078132 0.402915 0.004074
0.160255 0.450122 0.004414
0.312794 0.389053 0.000407
0.171196 0.321439 -0.007042
0.112894 0.513450 0.084449
0.295140 0.321537 -0.004554
0.248063 0.573729 0.019046
0.128163 0.446639 0.034105
0.298492 0.395858 -0.006409
0.109480 0.499160 0.075014
0.130777 0.442175 0.105950
0.226326 0.483716 0.004313
0.118779 0.475102 0.110655
0.319378 0.417722 0.001671
0.252168 0.423588 0.006068
0.104541 0.512147 0.061690
0.153812 0.376188 0.022324
0.072613 0.497306 0.020401
0.171739 0.499393 0.016134
0.082724 0.362333 0.008447
0.169812 0.284111 -0.002123
0.188662 0.444563 0.010703
0.191707 0.295236 0.001663
0.148478 0.417127 0.106224
0.154521 0.302042 0.000090
0.229893 0.456243 0.009850
0.190698 0.373239 -0.003502
0.273231 0.442307 -0.001318
0.262304 0.313047 -0.011842
0.167488 0.361888 0.016195
0.268716 0.324989 0.043661
0.217891 0.462826 0.019467
0.335706 0.336345 -0.013148
0.163748 0.349010 0.020877
0.265373 0.310853 0.043612
0.178879 0.359023 0.003853
0.194004 0.506661 0.070267
0.281655 0.486532 0.010109
0.121476 0.361180 -0.001426
0.127708 0.296897 0.000854
0.058807 0.429788 0.007230
0.205682 0.497626 0.059085
0.213325 0.316249 -0.009373
0.245282 0.388936 0.043107
0.266881 0.330566 0.058947
0.180625 0.303190 0.027521
0.241626 0.541408 0.008543
0.075408 0.416099 0.005319
0.128363 0.486325 0.008928
0.234709 0.386839 0.003720
0.168478 0.361638 0.082177
0.213184 0.348122 0.001386
0.108492 0.499782 0.019214
0.167455 0.349096 0.103982
0.114457 0.476622 0.008725
0.160105 0.409548 0.009000
0.242413 0.303940 -0.011726
0.090174 0.395636 0.010950
0.180191 0.480879 0.006140
0.198690 0.318507 -0.000487
0.137161 0.314130 -0.006138
0.282088 0.383139 -0.006757
0.194960 0.555006 0.017767
0.215457 0.470505 0.047348
0.274393 0.317933 -0.011968
0.241432 0.436561 0.007655
0.144272 0.426819 0.058135
0.183491 0.419663 0.008813
0.238300 0.409193 0.075350
0.242255 0.375081 0.073803
0.182580 0.395584 0.006802
0.194486 0.526813 0.022124
0.232213 0.425065 0.055354
0.059843 0.493977 0.012653
0.154430 0.426638 0.010711
0.276889 0.533916 0.007363
0.181882 0.549692 0.023091
0.087247 0.469337 0.017361
0.159942 0.359975 0.036336
0.193344 0.530336 0.033044
0.192623 0.342552 -0.006204
0.272729 0.303224 0.080882
0.208747 0.487976 0.024568
0.218949 0.460125 0.002634
0.066656 0.392747 0.011759
0.139783 0.414958 0.035139
0.120825 0.472892 0.008122
0.257536 0.525383 0.006464
0.153171 0.401980 0.043443
0.176681 0.421414 0.001231
0.185705 0.289549 0.033582
0.237095 0.322064 -0.001906
0.230865 0.395728 0.004650
0.166408 0.343358 0.064093
0.293405 0.455354 -0.001111
0.141956 0.433379 0.064512
0.186588 0.310720 -0.000608
0.093447 0.441723 0.014731
0.143145 0.429462 0.011457
0.194837 0.504673 0.077956
0.184839 0.515709 0.016937
0.132994 0.495662 0.017553
0.120835 0.441700 0.013501
0.205811 0.475267 0.092744
0.188577 0.398510 -0.001254
0.255077 0.337559 0.005971
0.237790 0.365618 0.001773
0.307776 0.361647 -0.009740
0.153122 0.433220 0.011330
0.240085 0.564312 0.018601
0.036839 0.462733 0.017808
0.208801 0.465696 0.054875
0.206994 0.470457 0.050291
0.279123 0.499422 0.003284
0.190453 0.535004 0.118792
0.081089 0.424464 0.005777
0.044802 0.485044 0.012566
0.082836 0.382145 0.002093
0.183233 0.515322 0.016976
0.207150 0.375559 0.003994
0.211016 0.483858 0.080371
0.227878 0.411813 0.006257
0.141971 0.453508 0.013559
0.099641 0.467257 0.008592
0.062678 0.392486 0.011915
0.099034 0.501217 0.011512
0.200964 0.544912 0.010665
0.134452 0.445234 0.113654
0.055586 0.482204 0.019878
0.162621 0.374864 0.007882
0.113216 0.510290 0.023118
0.107672 0.502434 0.030371
0.262971 0.317386 0.042920
0.217895 0.352054 -0.006527
0.263218 0.318506 0.091233
0.272580 0.417525 -0.003401
0.254600 0.339231 0.015904
0.165476 0.367771 0.026704
0.125851 0.477686 0.073842
0.143071 0.264831 -0.007001
0.222625 0.449692 0.013801
0.270946 0.337604 -0.002100
0.169560 0.333392 0.027452
0.243343 0.394157 0.041197
0.188749 0.306839 0.096519
0.180476 0.305003 0.065319
0.207626 0.493317 0.085910
0.096644 0.410514 0.003891
0.111050 0.336025 0.004935
0.220359 0.338573 -0.007786
0.294683 0.350176 -0.002093
0.187569 0.546752 0.072477
0.050281 0.470724 0.019137
0.258358 0.354708 0.082470
0.191037 0.298096 0.029378
0.190733 0.503139 0.015601
0.228986 0.409683 0.030282
0.112082 0.515805 0.088199
0.341273 0.337549 -0.010766
0.107907 0.357703 0.006923
0.144400 0.401622 0.015398
0.181594 0.312278 0.100211
0.261661 0.344122 0.040315
0.224170 0.558701 0.018836
0.096117 0.315791 0.003881
0.166996 0.369527 -0.002756
0.273766 0.499063 0.011531
0.129266 0.397191 0.001293
0.206164 0.495633 0.040875
0.190592 0.540611 0.107346
0.233902 0.398423 0.088364
0.093839 0.414183 0.004329
0.166055 0.365559 0.009748
0.113696 0.286730 -0.007421
0.245150 0.389612 0.051620
0.146634 0.397490 0.068249
0.182868 0.319685 0.010320
0.103828 0.519118 0.043647
0.180579 0.305881 0.096477
0.254866 0.362728 0.041881
0.182433 0.311426 -0.008399
0.224742 0.371926 -0.005141
0.225131 0.420269 0.032011
0.204413 0.515895 0.008038
0.133422 0.431975 0.025768
0.196228 0.524254 0.081155
0.189540 0.519054 0.075915
0.270077 0.322287 0.070892
0.197527 0.543504 0.018736
0.205346 0.554076 0.011249
0.262388 0.491945 0.003398
0.180843 0.491181 0.015026
0.174821 0.386691 -0.001644
0.101582 0.514561 0.020572
0.261197 0.320752 0.003241
0.215519 0.480980 0.004565
0.256613 0.357086 0.018378
0.158218 0.389971 0.090910
0.330140 0.387975 -0.008280
0.057000 0.504776 0.016592
0.058327 0.457034 0.009573
0.154880 0.494192 0.016447
0.316768 0.405623 -0.006396
0.082801 0.473658 0.017929
0.287661 0.368600 -0.000209
0.126914 0.310943 0.002087
0.149363 0.411533 0.020762
0.291456 0.494056 0.004750
0.132482 0.496803 0.009637
0.122920 0.462644 0.079607
0.135937 0.468670 0.007084
0.222233 0.427541 0.014809
0.226686 0.409339 -0.002040
0.193151 0.291801 0.015269
0.130791 0.443389 0.005161
0.128966 0.446594 0.091840
0.249420 0.379089 0.082033
0.116445 0.468549 0.007948
0.204046 0.369575 0.003624
0.214197 0.449795 0.023349
0.259417 0.397923 0.003556
0.112012 0.392778 0.001691
0.130088 0.467569 0.007253
0.167263 0.430413 0.010457
0.175142 0.383943 0.006144
0.208279 0.321212 -0.008724
0.079942 0.497795 0.020114
0.208364 0.488792 0.018409
0.249333 0.494307 0.004184
0.169967 0.334336 0.082729
0.147258 0.359635 0.005323
0.255402 0.359785 0.002054
0.108193 0.502694 0.075585
0.176482 0.314396 0.024748
0.175678 0.317738 0.055599
0.133703 0.433992 0.100682
0.158507 0.437594 0.011462
0.295870 0.422303 -0.004038
0.161070 0.539272 0.020010
0.163134 0.352213 0.061905
0.217730 0.466858 0.003262
0.218967 0.461965 0.075297
0.204502 0.364957 0.003210
0.286973 0.368103 -0.008257
0.215012 0.300703 -0.010773
0.185640 0.310208 0.099853
0.203069 0.503638 0.028945
0.189376 0.466895 0.004537
0.228816 0.454300 0.009732
0.102382 0.500748 0.011322
0.242449 0.396116 0.028225
0.174303 0.321501 0.055893
0.204019 0.293966 -0.010855
0.192295 0.511163 0.065927
0.250639 0.373476 0.020629
0.166117 0.441266 0.011433
0.251174 0.372520 0.034153
0.141480 0.409913 0.024045
0.269654 0.301087 0.095244
0.176280 0.382527 0.005972
0.130192 0.440470 0.017149
0.058885 0.502390 0.021450
0.258303 0.353910 0.056993
0.180395 0.307645 -0.008630
0.116518 0.478862 0.045786
0.330790 0.361558 -0.010780
0.129670 0.442549 0.034747
0.139162 0.442414 0.102359
0.186474 0.527509 0.078165
0.212220 0.478463 0.023726
0.266489 0.332024 0.069361
0.181818 0.541617 0.102370
0.166645 0.366247 0.005017
0.187608 0.323144 0.000405
0.101893 0.409506 0.003570
0.154243 0.375725 0.041484
0.117010 0.493427 0.010043
0.266504 0.519694 0.005577
0.190566 0.514162 0.019649
0.192312 0.535142 0.086504
0.255965 0.359037 0.023315
0.298581 0.474600 0.004563
0.115898 0.506507 0.118246
0.108796 0.410761 0.011404
0.101163 0.397310 0.002563
0.077211 0.504581 0.012778
0.209670 0.295173 -0.011005
0.125686 0.427196 0.012047
0.227105 0.440724 0.101450
0.166517 0.366028 0.056248
0.066879 0.480640 0.019238
0.115855 0.489607 0.118268
0.105706 0.509327 0.071442
0.228321 0.463400 0.010530
0.151751 0.404751 0.013683
0.156010 0.445161 0.004181
0.148347 0.416487 0.079442
0.101554 0.329303 -0.003249
0.167273 0.362342 0.012651
0.228763 0.415480 0.106889
0.261912 0.319321 0.017276
0.105767 0.427994 0.004971
0.156590 0.371434 0.098402
0.199644 0.489823 0.031536
0.176766 0.448111 0.003502
0.183113 0.298561 0.085682
0.270940 0.320509 0.086469
0.098215 0.505417 0.011907
0.087022 0.491934 0.019297
0.220222 0.433754 0.034275
0.122945 0.484089 0.032691
0.131170 0.438000 0.022477
0.262863 0.317099 0.027306
0.257460 0.332940 0.056694
0.152615 0.381497 0.077204
0.265872 0.333436 0.062044
0.275320 0.304505 0.077580
0.181689 0.324627 0.056661
0.238070 0.546042 0.009098
0.274005 0.311988 0.082273
0.273948 0.303906 0.078552
0.197068 0.521386 0.065719
0.116086 0.479855 0.040806
0.278118 0.457032 0.007754
0.251642 0.349570 0.076774
0.182657 0.537852 0.076117
0.221036 0.312769 -0.001978
0.090296 0.408879 0.012073
0.106990 0.440577 0.014026
0.100584 0.327009 -0.003401
0.117918 0.360467 -0.001327
0.244746 0.390563 0.047553
0.136782 0.423265 0.038225
0.278249 0.486899 0.002256
0.176311 0.413818 0.000600
0.218376 0.422994 0.007533
0.163663 0.312579 0.000578
0.230543 0.402416 0.005234
0.186944 0.508375 0.016217
0.046908 0.443812 0.008958
0.029045 0.484068 0.019477
0.224565 0.495417 0.013426
0.149524 0.317150 -0.006436
0.233487 0.423185 0.098324
0.205445 0.380903 -0.003511
0.191161 0.414109 -0.000041
0.156471 0.496086 0.016537
0.231215 0.335198 -0.008561
0.256561 0.334144 0.023061
0.115741 0.506158 0.097357
0.037874 0.459815 0.015351
0.156424 0.401537 0.008483
0.200662 0.488192 0.062367
0.239839 0.383297 0.103650
0.154043 0.356462 0.004749
0.208894 0.467419 0.108039
0.336909 0.348669 -0.012152
0.150728 0.408077 0.028035
0.133275 0.422505 0.003270
0.147776 0.392997 0.031266
0.262611 0.564928 0.009606
0.244223 0.481861 0.011390
0.181658 0.300594 0.033554
0.131021 0.440115 0.068415
0.145322 0.423785 0.053617
0.222562 0.429719 0.097498
0.268296 0.326471 0.052694
0.268026 0.328092 0.076471
0.323561 0.399139 0.000784
0.150838 0.387027 0.095521
0.167592 0.361776 0.020837
0.150291 0.442854 0.004241
0.112057 0.493118 0.101720
0.229359 0.433539 0.073732
0.280467 0.479812 0.001553
0.235368 0.402630 -0.003001
0.174009 0.329282 0.102000
0.116425 0.479814 0.064586
0.150736 0.458229 0.013568
0.231572 0.545809 0.017406
0.330218 0.333183 -0.007500
0.135024 0.450732 0.022317
0.221528 0.489370 0.013047
0.286509 0.358034 -0.009094
0.154931 0.395908 0.009281
0.122225 0.256899 -0.003814
0.147370 0.418968 0.074418
0.160654 0.382039 0.056483
0.217683 0.465834 0.085068
0.266276 0.332074 0.055084
0.150025 0.389614 0.105401
0.107639 0.332024 -0.003290
0.162038 0.356215 0.089017
0.208842 0.488788 0.053409
0.263590 0.340492 0.084290
0.210495 0.485850 0.095741
0.127311 0.473863 0.078186
0.277971 0.502968 0.011675
0.173281 0.346797 0.035643
0.215791 0.309152 -0.010088
0.125650 0.435990 0.004761
0.204230 0.373613 0.003960
0.221581 0.432070 0.088722
0.177116 0.335956 0.025624
0.117350 0.517853 0.012109
0.073272 0.478796 0.010757
0.173059 0.524078 0.010141
0.164578 0.320299 -0.006842
0.189104 0.470033 0.012854
0.213727 0.475475 0.054010
0.259589 0.397280 0.003494
0.284193 0.482115 0.009619
0.107045 0.505789 0.074518
0.110671 0.495115 0.053658
0.083303 0.506762 0.020727
0.211791 0.480825 0.055709
0.148683 0.415041 0.065175
0.220461 0.458035 0.079277
0.294967 0.399437 -0.005946
0.153704 0.377364 0.046008
0.289350 0.459197 0.007435
0.171508 0.352775 0.066269
0.105730 0.515603 0.085087
0.261237 0.345554 0.047699
0.158124 0.365415 0.049168
0.280514 0.338952 -0.002414
0.141306 0.285174 -0.000755
0.259191 0.351373 0.053967
0.048760 0.430029 0.013404
0.162868 0.315606 -0.007165
0.180441 0.311943 -0.008265
0.195990 0.500115 0.040064
0.183189 0.296968 0.048402
0.229986 0.406637 0.021763
0.232913 0.556113 0.010187
0.260697 0.323707 0.046037
0.196138 0.277858 0.055421
0.126720 0.475597 0.081420
0.127800 0.449963 0.096809
0.126184 0.476636 0.070016
0.117476 0.416775 0.011527
0.152456 0.381063 0.053906
0.141754 0.511088 0.018475
0.166880 0.460477 0.013036
0.289075 0.500603 0.006067
0.122540 0.463976 0.087568
0.296398 0.372822 -0.000241
0.129783 0.466446 0.060210
0.206449 0.495675 0.062924
0.083915 0.392862 0.002958
0.281617 0.382436 -0.006796
0.028357 0.485868 0.017303
0.194313 0.528925 0.066245
0.146382 0.335965 -0.004691
0.262546 0.474599 0.001913
0.256418 0.376709 0.001883
0.087298 0.461845 0.016721
0.237603 0.408657 0.009740
0.260607 0.346520 0.027408
0.238242 0.386273 0.080151
0.280449 0.494968 0.002845
0.248507 0.424176 -0.001754
0.110625 0.357445 0.006779
0.129055 0.468153 0.052691
0.204055 0.525122 0.008840
0.198284 0.503583 0.007264
0.161209 0.273928 -0.010642
0.209825 0.462254 0.037482
0.142533 0.475615 0.007380
0.264403 0.364455 -0.007556
0.115265 0.484374 0.102040
0.200088 0.410695 0.007305
0.106013 0.509549 0.099943
0.105135 0.296606 -0.006196
0.192223 0.512326 0.091873
0.272214 0.315301 0.039908
0.120150 0.443947 0.013723
0.195256 0.286946 0.039226
0.158387 0.364812 0.052266
0.206767 0.554136 0.019228
0.134028 0.432696 0.089673
0.132329 0.390427 0.000579
0.203898 0.478226 0.031911
0.228540 0.437499 0.000276
0.252227 0.423217 -0.002003
0.076911 0.461342 0.017144
0.227395 0.414581 0.045229
0.200075 0.512326 0.042835
0.114841 0.485349 0.097127
0.109837 0.366467 0.007583
0.155636 0.397107 0.093274
0.316696 0.338463 -0.012115
0.177417 0.503746 0.008213
0.306104 0.451371 0.006017
0.220695 0.315709 -0.009750
0.151897 0.404416 0.015378
0.122024 0.374227 0.007698
0.207707 0.368617 0.003378
0.232375 0.438692 0.000206
0.148632 0.290677 -0.008651
0.226220 0.447547 0.001236
0.259464 0.328188 0.075999
0.236245 0.501650 0.005397
0.117811 0.498039 0.030953
0.238896 0.406959 0.058986
0.142666 0.536337 0.013677
0.184281 0.418756 0.000664
0.124657 0.456165 0.032928
0.117510 0.468700 0.007913
0.229541 0.434049 0.100786
0.153973 0.375847 0.024993
0.185600 0.313277 0.038503
0.211298 0.484019 0.105399
0.286848 0.375949 -0.007583
0.059241 0.454545 0.009320
0.196444 0.522906 0.060816
0.104371 0.336247 0.005253
0.233097 0.397784 0.012053
0.212655 0.366534 0.002979
0.234968 0.416991 -0.001760
0.115571 0.483645 0.104902
0.168647 0.360570 0.065882
0.186419 0.287594 0.033423
0.190089 0.517948 0.086438
0.323702 0.405827 -0.000803
0.182512 0.321975 0.045780
0.283489 0.505807 0.011670
0.186173 0.288264 0.033368
0.273073 0.313793 0.062396
0.240563 0.401441 0.033010
0.190060 0.301613 0.052189
0.101858 0.512026 0.020344
0.208030 0.467085 0.035594
0.075122 0.421301 0.013812
0.121553 0.467131 0.099917
0.243770 0.329706 -0.001555
0.130873 0.438591 0.016653
0.178163 0.310907 0.054310
0.134768 0.453482 0.077526
0.327886 0.375207 -0.009486
0.183063 0.320558 0.048075
0.270678 0.304628 0.059687
0.129340 0.466406 0.026583
0.132259 0.460592 0.084542
0.286805 0.373817 -0.007763
0.173294 0.348618 0.085539
0.219117 0.394501 -0.002965
0.144081 0.421862 0.111230
0.210347 0.523829 0.016485
0.094977 0.481595 0.018059
0.169101 0.333874 0.006707
0.131584 0.437135 0.029643
0.188282 0.282644 0.037055
0.203425 0.481326 0.080581
0.194556 0.503646 0.029725
0.188881 0.303752 0.023208
0.203391 0.481482 0.082223
0.242542 0.372937 0.037204
0.098693 0.467113 0.008622
0.192084 0.510688 0.037634
0.203634 0.481790 0.108385
0.306241 0.380156 -0.000057
0.332272 0.353450 -0.003500
0.229020 0.388611 -0.003911
0.241428 0.502273 0.005217
0.147853 0.490301 0.008393
0.260174 0.325480 0.055317
0.136159 0.418080 0.002764
0.276479 0.482962 0.010037
0.107895 0.503674 0.080101
0.148420 0.393844 0.101334
0.115332 0.507027 0.090719
0.142851 0.431509 0.079924
0.058798 0.441149 0.016235
0.226687 0.441779 0.099178
0.268867 0.365170 -0.007695
0.219394 0.461581 0.096281
0.128312 0.519579 0.019801
0.050777 0.424368 0.009250
0.139983 0.413575 0.012606
0.168099 0.361737 0.056978
0.136946 0.424263 0.077059
0.115554 0.484021 0.113760
0.094099 0.452007 0.015578
0.202850 0.302163 -0.010104
0.220623 0.434573 0.085672
0.293438 0.369835 -0.008399
0.192224 0.533065 0.024236
0.183486 0.537041 0.115166
0.196368 0.406301 0.007097
0.155116 0.396960 0.051180
0.245405 0.365962 0.059820
0.233834 0.411471 -0.002179
0.325993 0.332129 -0.005035
0.143555 0.430375 0.101083
0.164883 0.346987 0.049748
0.152898 0.404102 0.080411
0.148065 0.273289 -0.002070
0.257669 0.495874 0.011981
0.149302 0.501893 0.017353
0.270218 0.320734 0.039488
0.182689 0.322380 0.000560
0.297180 0.347492 -0.002434
0.150590 0.507116 0.017740
0.104738 0.522518 0.013442
0.204029 0.501265 0.035638
0.250524 0.354995 -0.007740
0.190011 0.542037 0.103073
0.191424 0.550301 0.011552
0.123135 0.484203 0.008982
0.178807 0.330807 0.011294
0.092775 0.444421 0.006954
0.228296 0.412121 0.045168
0.126225 0.295168 0.000773
0.147402 0.395228 0.063781
0.122902 0.484696 0.045890
0.267824 0.326850 0.028201
0.097716 0.358354 -0.000602
0.162748 0.540063 0.020002
0.257783 0.354708 0.040267
0.074889 0.481545 0.010919
0.150811 0.315850 0.001433
0.206733 0.470454 0.031015
0.145316 0.423015 0.032443
0.199407 0.528723 0.009355
0.159649 0.383108 0.011466
0.229622 0.430396 0.008496
0.158878 0.385409 0.016730
0.149966 0.409714 0.016107
0.162057 0.356159 0.088951
0.178903 0.310547 0.098965
0.319292 0.345239 -0.011654
0.123381 0.460030 0.043154
0.259328 0.349550 0.015026
0.124651 0.480484 0.060975
0.119013 0.472637 0.061573
0.173879 0.345062 0.032852
0.060639 0.473075 0.018873
0.109433 0.511689 0.120438
0.177630 0.314627 -0.007911
0.171010 0.354181 0.067481
0.148824 0.414055 0.049017
0.126202 0.348396 0.005310
0.191234 0.535988 0.030135
0.334282 0.376625 -0.009498
0.082178 0.481913 0.010623
0.258781 0.533820 0.007127
0.161066 0.333484 -0.005561
0.157615 0.368908 0.105750
0.266290 0.340296 -0.009699
0.171803 0.326997 0.020166
0.330165 0.333650 -0.012298
0.138640 0.420548 0.101505
0.192070 0.511571 0.060379
0.236062 0.340347 -0.008339
0.135466 0.427418 0.053323
0.031122 0.478337 0.017814
0.089765 0.477379 0.009897
0.204503 0.337694 -0.007150
0.156428 0.351478 0.004217
0.243791 0.371606 0.093046
0.172256 0.502716 0.016394
0.100523 0.377797 0.000929
0.104345 0.304289 0.002531
0.187668 0.496257 0.015152
0.238340 0.378349 0.002834
0.264853 0.335884 0.053073
0.088688 0.423632 0.013402
0.093456 0.464384 0.016661
0.122810 0.484305 0.028561
0.124686 0.431617 0.012469
0.224414 0.447513 0.086492
0.226724 0.440284 0.061714
0.165898 0.511077 0.009354
0.030704 0.479455 0.012722
0.197645 0.280178 0.037994
0.172938 0.326793 0.097960
0.161549 0.414687 0.009373
0.283356 0.446299 0.006605
0.230277 0.366047 0.002147
0.270633 0.347683 -0.009264
0.119335 0.329796 -0.004004
0.272952 0.327556 -0.003046
0.110886 0.373624 0.008146
0.192441 0.293624 0.012173
0.114532 0.373385 0.007962
0.090450 0.389792 0.002403
0.158690 0.418320 0.009811
0.178152 0.430428 0.009970
0.100902 0.361300 0.007544
0.176834 0.337676 0.051164
0.094756 0.326001 -0.003226
0.265497 0.310520 0.043765
0.195161 0.532692 0.017921
0.179943 0.304032 0.000132
0.173161 0.323392 0.022862
0.106261 0.505944 0.021187
0.261459 0.323024 0.083542
0.139610 0.415821 0.045626
0.154643 0.399955 0.097028
0.191505 0.536579 0.065940
0.112345 0.491191 0.071052
0.130512 0.259929 -0.003864
0.243207 0.396820 0.102791
0.088427 0.468555 0.017242
0.182171 0.323422 0.059596
0.137722 0.402058 0.009366
0.231435 0.402775 0.024287
0.215822 0.413488 0.006837
0.254133 0.366943 0.101380
0.239179 0.403422 0.105395
0.233012 0.319055 -0.001980
0.329429 0.348672 -0.003780
0.076296 0.402475 0.012155
0.206759 0.502926 0.014865
0.145475 0.337497 0.003517
0.220791 0.457488 0.088808
0.255479 0.338410 0.058402
0.216265 0.551942 0.018615
0.248641 0.509387 0.013537
0.070335 0.382854 0.002714
0.210059 0.486546 0.082403
0.132521 0.434224 0.020148
0.268447 0.392865 0.002720
0.139987 0.438555 0.059176
0.295964 0.357308 -0.009580
0.140817 0.412673 0.049584
0.236171 0.388905 0.003830
0.265520 0.334236 0.057751
0.202206 0.535095 0.017810
0.043399 0.471363 0.011463
0.186290 0.436737 0.002106
0.112467 0.512254 0.020971
0.196004 0.530581 0.017703
0.139655 0.439340 0.004419
0.126337 0.476500 0.077567
0.118889 0.474997 0.115892
0.178350 0.311994 0.097282
0.237154 0.340081 -0.008411
0.228368 0.436590 0.082987
0.213874 0.476673 0.096946
0.232268 0.407850 -0.002417
0.270299 0.328352 -0.010897
0.110892 0.512081 0.120406
0.189324 0.478588 0.013573
0.072558 0.364906 0.009034
0.197240 0.282309 0.060129
0.212480 0.454517 0.024277
0.283504 0.475330 0.009072
0.308667 0.350150 -0.010760
0.181264 0.300671 0.006674
0.269864 0.312092 0.096237
0.214858 0.387611 -0.003361
0.096782 0.502166 0.011694
0.185747 0.529019 0.065402
0.190505 0.539140 0.061394
0.183589 0.319769 0.065446
0.315607 0.415459 -0.005506
0.345177 0.338455 -0.005660
0.259406 0.393547 -0.004853
0.096430 0.515855 0.020913
0.255942 0.335963 0.026566
0.218279 0.438636 0.022965
0.249813 0.377330 0.063614
0.232178 0.363326 -0.006207
0.126416 0.450695 0.014945
0.138387 0.283450 -0.008808
0.272451 0.316556 0.091067
0.124769 0.289624 -0.007671
0.217607 0.440883 0.034010
0.109876 0.496998 0.045987
0.166093 0.345589 0.100953
0.252071 0.349250 0.099715
0.194776 0.275517 0.073576
0.255967 0.350039 0.100093
0.185978 0.311650 0.022500
0.211316 0.481295 0.033479
0.159210 0.362856 0.060066
0.138314 0.444261 0.089811
0.176707 0.541885 0.011495
0.226589 0.419060 0.106455
0.230063 0.505467 0.014036
0.131650 0.364772 0.006461
0.265708 0.518803 0.005537
0.144633 0.390369 0.000023
0.149953 0.524712 0.019268
0.115977 0.506307 0.118685
0.267474 0.306603 0.083505
0.168730 0.360522 0.070626
0.179537 0.307677 0.068362
0.286504 0.507635 0.006404
0.252992 0.407455 -0.003380
0.277652 0.477817 0.009546
0.184233 0.292438 0.003267
0.183412 0.536620 0.098424
0.145612 0.398066 0.008710
0.130295 0.326369 -0.004788
0.111762 0.350494 -0.001901
0.337524 0.338877 -0.004977
0.114570 0.293170 -0.006911
0.175136 0.546296 0.019978
0.195223 0.397664 0.006413
0.130143 0.531433 0.016959
0.181317 0.313241 0.100305
0.209196 0.528341 0.016921
0.295426 0.400082 0.002126
0.157612 0.359425 -0.003196
0.168792 0.335186 0.019367
0.211481 0.459943 0.096850
0.226563 0.418277 0.083502
0.093462 0.417266 0.012646
0.240808 0.379624 0.089719
0.167137 0.364187 0.052302
0.081245 0.390726 0.010932
0.211428 0.541951 0.009944
0.131576 0.461413 0.056493
0.235343 0.391705 0.013461
0.211921 0.345694 -0.006801
0.160393 0.359652 0.060697
0.084003 0.500133 0.012094
0.123348 0.484049 0.061183
0.160855 0.359149 0.081138
0.139276 0.418180 0.084556
0.227597 0.414556 0.059378
0.146596 0.422913 0.010745
0.111120 0.495297 0.091525
0.067019 0.508507 0.015855
0.250124 0.351716 0.023115
0.067227 0.433925 0.007205
0.150560 0.409530 0.054763
0.063337 0.469487 0.018447
0.193538 0.509003 0.099024
0.126921 0.357599 -0.001975
0.242796 0.373599 0.073619
0.172864 0.403076 -0.000160
0.289422 0.385515 -0.006883
0.153502 0.400136 0.018121
0.300701 0.464700 -0.000642
0.188896 0.305097 -0.001191
0.264486 0.514694 0.005242
0.047571 0.462795 0.018583
0.246159 0.497211 0.004574
0.245595 0.364672 0.039046
0.145280 0.480550 0.015715
0.304309 0.339218 -0.011496
0.092749 0.322718 -0.003415
0.176420 0.531412 0.018652
0.319107 0.356805 -0.010661
0.234009 0.397892 0.081883
0.283375 0.512439 0.004203
0.187034 0.525036 0.052764
0.337772 0.363756 -0.002868
0.114780 0.259794 -0.001728
0.168584 0.358686 0.010561
0.201088 0.500788 0.006900
0.174054 0.320808 0.018963
0.262755 0.318818 0.065576
0.146443 0.434594 0.011747
0.149823 0.412574 0.082550
0.100234 0.370987 0.008399
0.182651 0.290846 -0.010162
0.259513 0.325899 0.018059
0.200010 0.303479 -0.001827
0.139745 0.439788 0.074569
0.186335 0.346059 0.002414
0.110252 0.343176 -0.002457
0.186418 0.394218 0.006514
0.160699 0.380334 0.013901
0.204493 0.433409 0.001006
0.169095 0.545920 0.014291
0.281544 0.480813 0.001590
0.190827 0.442422 0.002387
0.234424 0.397243 0.094944
0.298543 0.352111 -0.002102
0.212687 0.480300 0.012671
0.129154 0.259466 -0.004191
0.242957 0.397534 0.103678
0.286405 0.338451 -0.002721
0.055226 0.503731 0.020511
0.191699 0.512529 0.058895
0.186179 0.290377 0.090672
0.314862 0.391668 -0.007500
0.252408 0.347666 0.081814
0.270432 0.510211 0.004593
0.327729 0.345044 -0.012049
0.211129 0.317922 -0.009132
0.265878 0.331641 0.014260
0.303967 0.330061 -0.012261
0.221712 0.452509 0.022536
0.154987 0.397155 0.008174
0.122799 0.462493 0.066679
0.095567 0.428734 0.005492
0.187819 0.526192 0.009659
0.317833 0.418986 0.002732
0.275538 0.404660 0.003408
0.170439 0.331620 0.044387
0.268915 0.547171 0.007811
0.160463 0.352896 0.004157
0.205398 0.498557 0.063256
0.085452 0.494582 0.019593
0.120939 0.473899 0.008202
0.272569 0.455585 -0.000157
0.091118 0.488020 0.010743
0.173575 0.345307 0.017188
0.116067 0.384565 0.008846
0.286038 0.453186 0.007072
0.233598 0.437067 0.008049
0.263187 0.470616 0.009581
0.210806 0.477047 0.004441
0.215295 0.316346 -0.001416
0.110750 0.304573 -0.005769
0.241626 0.572578 0.012445
0.226444 0.442533 0.008836
0.250664 0.467749 0.001862
0.163168 0.299286 -0.000532
0.119666 0.495765 0.105988
0.088094 0.336347 0.005992
0.117916 0.497714 0.029922
0.034217 0.469889 0.017782
0.237659 0.385994 0.029882
0.306847 0.451972 0.002898
0.208971 0.466213 0.081238
0.078182 0.476490 0.010341
0.248084 0.380709 0.027572
0.162790 0.512759 0.017674
0.210283 0.437180 0.009105
0.180479 0.542964 0.053722
0.235721 0.311194 -0.010808
0.227947 0.415149 0.100991
0.232205 0.400294 0.014109
0.083117 0.398840 0.011540
0.296369 0.353388 -0.001895
0.165667 0.278967 -0.010413
0.277671 0.505623 0.003878
0.200606 0.390917 -0.002441
0.213860 0.439395 0.001096
0.243458 0.452994 0.008964
0.109758 0.294755 0.001476
0.151624 0.444454 0.004318
0.180238 0.487266 0.014720
0.168193 0.336885 0.021021
0.230253 0.406971 0.050372
0.188574 0.545128 0.080673
0.181559 0.300613 0.026783
0.181931 0.539107 0.056620
0.211578 0.483292 0.106460
0.163902 0.374837 0.101181
0.226247 0.439898 0.016290
0.318856 0.361613 -0.002203
0.240414 0.443250 0.008271
0.236968 0.405667 -0.002814
0.170895 0.530761 0.010808
0.190964 0.382598 -0.002717
0.235380 0.392559 0.039141
0.157902 0.326122 0.001990
0.204264 0.503581 0.115179
0.151752 0.399406 0.108973
0.234304 0.395149 0.029771
0.219563 0.529931 0.016592
0.197292 0.303489 -0.001704
0.232999 0.398500 0.024153
0.149895 0.310096 -0.007053
0.076893 0.512304 0.013956
0.156186 0.297509 -0.008408
0.263324 0.463614 0.000942
0.187579 0.546662 0.048892
0.184109 0.543410 0.092939
0.246727 0.373040 0.102468
0.289566 0.444029 -0.001904
0.152522 0.381670 0.075027
0.162692 0.418026 0.001569
0.139829 0.439503 0.073089
0.226950 0.558165 0.018666
0.195626 0.281382 0.018880
0.110296 0.497978 0.103129
0.262670 0.515555 0.005397
0.222689 0.557709 0.010781
0.172940 0.349543 0.084447
0.179091 0.485885 0.014653
0.180286 0.305310 0.059690
0.091782 0.358798 0.007739
0.219272 0.496679 0.013771
0.211222 0.483946 0.005010
0.237720 0.386438 0.046265
0.199103 0.464237 0.011911
0.290958 0.350686 -0.009920
0.215520 0.344570 -0.007058
0.167334 0.340928 0.066749
0.327585 0.338903 -0.004529
0.206627 0.473630 0.108659
0.207374 0.491502 0.018618
0.219420 0.458470 0.014564
0.328241 0.353648 -0.003302
0.263288 0.399796 -0.004495
0.161735 0.356787 0.082221
0.180262 0.542450 0.023988
0.210489 0.460260 0.032619
0.140353 0.349286 -0.003286
0.278745 0.379489 0.001119
0.186264 0.527479 0.061945
0.177582 0.336500 0.074440
0.198768 0.484532 0.013656
0.131087 0.440611 0.086630
0.193402 0.532054 0.083495
0.125044 0.286997 -0.007907
0.270272 0.374460 -0.006967
0.243209 0.395033 0.054903
0.229455 0.434358 0.102770
0.190060 0.301466 0.048280
0.185771 0.527879 0.036571
0.209431 0.528655 0.008900
0.141327 0.434446 0.047089
0.148641 0.414091 0.036590
0.181593 0.503356 0.007993
0.267619 0.404342 -0.004301
0.264877 0.335546 0.045740
0.229293 0.433585 0.070132
0.259965 0.383005 -0.005776
0.331575 0.333548 -0.006220
0.139228 0.417498 0.062689
0.251548 0.566008 0.018231
0.193459 0.273167 0.091972
0.108118 0.325953 -0.003829
0.294304 0.473249 0.000373
0.266754 0.368560 0.000725
0.104018 0.521483 0.021051
0.248100 0.472986 0.002423
0.185538 0.528579 0.038253
0.109700 0.517210 0.083531
0.139013 0.387609 0.000039
0.093644 0.335116 0.005638
0.079426 0.446894 0.015800
0.109238 0.510775 0.120369
0.208260 0.374186 -0.004209
0.104725 0.477617 0.017283
0.112025 0.514383 0.045745
0.113759 0.255589 -0.002040
0.119676 0.369116 -0.000669
0.119638 0.471556 0.078354
0.243601 0.370994 0.062645
0.177061 0.281832 -0.002643
0.171005 0.275335 -0.010047
0.152459 0.484448 0.007688
0.265638 0.507937 0.012652
0.133708 0.433508 0.088004
0.256016 0.336765 0.053532
0.148670 0.292813 -0.000434
0.234412 0.418383 0.037050
0.217010 0.468345 0.103236
0.105164 0.289210 -0.006827
0.259988 0.350779 0.096514
0.187092 0.467235 0.004668
0.221817 0.517458 0.015428
0.241090 0.457331 0.001403
0.303916 0.430760 0.004359
0.295776 0.441495 0.005639
0.255071 0.386141 -0.005290
0.207895 0.291805 -0.003175
0.262577 0.319513 0.071240
0.128659 0.469358 0.055984
0.140038 0.374668 -0.001109
0.080315 0.466527 0.009396
0.240540 0.431949 -0.000735
0.117114 0.500859 0.055619
0.159749 0.480487 0.007024
0.266288 0.308459 0.046343
0.090093 0.473333 0.017574
0.133593 0.367741 -0.001410
0.200073 0.514127 0.091091
0.158486 0.306185 -0.007772
0.062700 0.454649 0.017211
0.082962 0.347611 -0.000855
0.154511 0.376628 0.085516
0.119072 0.293980 0.000993
0.133208 0.432790 0.032002
0.273034 0.310710 0.008275
0.121904 0.465270 0.075641
0.266895 0.498542 0.003758
0.237460 0.409106 0.011352
0.232550 0.320101 -0.001870
0.123062 0.483421 0.023314
0.193323 0.330420 -0.007269
0.272481 0.467498 0.000862
0.177016 0.338955 -0.005810
0.155700 0.310454 -0.007283
0.148764 0.389734 0.016032
0.156682 0.293030 -0.008812
0.201819 0.479352 0.013077
0.232445 0.425453 0.082821
0.114819 0.507256 0.059208
0.202873 0.533255 0.009586
0.101419 0.376497 0.000778
0.257519 0.458975 0.000807
0.185571 0.313127 0.032375
0.201115 0.511039 0.084546
0.214040 0.452285 0.078777
0.192190 0.513313 0.115976
0.250441 0.406029 0.004650
0.211770 0.456946 0.037482
0.270974 0.324834 -0.011227
0.217938 0.465537 0.095848
0.163784 0.374517 0.083906
0.158071 0.506104 0.017319
0.150350 0.351129 0.004460
0.248271 0.358729 0.075646
0.275621 0.495608 0.011153
0.144356 0.467963 0.014684
0.165544 0.515354 0.009735
0.297098 0.476500 0.000525
0.215120 0.424537 0.007810
0.137878 0.445710 0.096774
0.147625 0.459872 0.005811
0.253826 0.365866 0.049891
0.314544 0.346536 -0.003294
0.206854 0.498207 0.006421
0.047885 0.432289 0.009985
0.168116 0.509961 0.017197
0.075866 0.380214 0.002241
0.222993 0.449027 0.022928
0.204862 0.476827 0.065058
0.308865 0.394650 -0.006977
0.305087 0.413229 -0.005224
0.109150 0.470276 0.016459
0.252276 0.348382 0.091414
0.151983 0.462931 0.005876
0.234563 0.412307 0.106359
0.206040 0.473671 0.066656
0.231685 0.403496 0.062007
0.192535 0.532057 0.019923
0.226577 0.536270 0.016817
0.128673 0.470090 0.076714
0.273257 0.362119 -0.000115
0.236988 0.311855 -0.002772
0.224002 0.422514 0.009455
0.277526 0.334374 -0.002671
0.130896 0.464450 0.088179
0.290472 0.465726 -0.000096
0.291293 0.494521 0.005363
0.187683 0.309803 0.097996
0.157019 0.304299 0.000170
0.127426 0.382228 0.008138
0.118492 0.496337 0.035210
0.270100 0.323051 0.093114
0.108827 0.481838 0.009422
0.124702 0.426104 0.011998
0.050913 0.498923 0.013475
0.196410 0.499381 0.051176
0.142966 0.363519 -0.002190
0.122950 0.489276 0.017460
0.084727 0.385965 0.002334
0.279244 0.521687 0.013213
0.138423 0.443435 0.075591
0.202048 0.482908 0.021984
0.111173 0.303844 -0.005850
0.212780 0.455434 0.070993
0.049266 0.465184 0.018711
0.191912 0.296322 0.045896
0.180141 0.329375 0.070696
0.211799 0.413996 0.007061
0.191398 0.384128 -0.002606
0.070814 0.486954 0.019600
0.125514 0.465683 0.007297
0.110303 0.318747 -0.004541
0.041195 0.463707 0.010910
0.152905 0.381254 0.091985
0.221831 0.452735 0.037368
0.230438 0.430438 0.069502
0.161210 0.357277 0.056857
0.306354 0.383226 0.000199
0.271430 0.318737 0.074712
0.229494 0.407970 0.021509
0.121654 0.335431 -0.003628
0.122613 0.463863 0.089884
0.234156 0.397801 0.090254
0.111685 0.257513 -0.006765
0.330772 0.350518 -0.011719
0.143694 0.406506 0.094917
0.192548 0.374175 -0.003506
0.139956 0.280342 -0.009143
0.057120 0.479882 0.011574
0.130457 0.292919 -0.007645
0.207992 0.491179 0.055341
0.200399 0.514120 0.116566
0.195890 0.526088 0.105686
0.277380 0.378175 -0.006969
0.240049 0.495738 0.004722
0.214660 0.510827 0.007147
0.158552 0.386680 0.026998
0.097097 0.321948 0.004361
0.160189 0.379039 -0.001640
0.274044 0.311465 0.071036
0.246320 0.441540 0.007860
0.256161 0.520389 0.014137
0.214650 0.447546 0.009792
0.109509 0.523732 0.012961
0.158937 0.313633 0.000880
0.166712 0.545115 0.013646
0.143302 0.529801 0.020000
0.267401 0.509703 0.004686
0.257170 0.578295 0.012008
0.254365 0.439852 -0.000681
0.255384 0.417516 -0.002630
0.148649 0.497242 0.016986
0.177360 0.311452 0.010074
0.270059 0.319850 0.004055
0.222848 0.449966 0.037507
0.207954 0.489827 0.016141
0.188020 0.307807 0.069035
0.209283 0.438901 0.009296
0.231336 0.447468 0.001000
0.114459 0.507042 0.119817
0.100838 0.355072 0.007016
0.269886 0.547379 0.015822
0.226325 0.297323 -0.011569
0.113581 0.349549 0.005974
0.287336 0.452575 0.006961
0.327297 0.335063 -0.004844
0.334875 0.357635 -0.003260
0.254111 0.365296 0.055473
0.280223 0.326606 -0.011490
0.255979 0.358828 0.018672
0.112205 0.380148 0.008643
0.183379 0.353234 -0.004879
0.253155 0.422335 0.005917
0.186541 0.527816 0.091399
0.257404 0.355695 0.039069
0.259292 0.350011 0.024733
0.215783 0.469627 0.047625
0.140112 0.413593 0.022553
0.220839 0.344543 0.000738
0.173272 0.467761 0.013370
0.183598 0.295874 0.049036
0.115280 0.358901 -0.001342
0.134514 0.469660 0.007233
0.069795 0.383287 0.002775
0.197260 0.451082 0.002836
0.201339 0.418312 0.007898
0.263542 0.308623 -0.005278
0.208019 0.490592 0.114220
0.147523 0.419624 0.103255
0.233087 0.399671 0.062064
0.191414 0.297216 0.033405
0.216121 0.437508 0.000834
0.047797 0.432516 0.009624
0.141322 0.436209 0.094092
0.186030 0.453923 0.003582
0.251264 0.526985 0.006882
0.267725 0.329305 0.086943
0.220309 0.452400 0.001915
0.146746 0.383626 0.007390
0.067762 0.395082 0.011908
0.198810 0.515574 0.037290
0.209280 0.432894 0.000747
0.176554 0.463067 0.004786
0.134660 0.429038 0.037662
0.215139 0.432434 0.008482
0.278888 0.528663 0.012891
0.190865 0.539171 0.088650
0.047665 0.433024 0.013575
0.181381 0.303703 0.096821
0.171006 0.274892 -0.005680
0.243592 0.394927 0.080153
0.149694 0.388621 0.054395
0.270523 0.545851 0.015663
0.260503 0.347043 0.033870
0.128798 0.471164 0.114709
0.225087 0.420966 0.047497
0.213099 0.506729 0.014904
0.113533 0.316167 0.003132
0.218380 0.525386 0.016257
0.160928 0.379659 -0.001621
0.240171 0.381534 0.094387
0.184703 0.457124 0.011951
0.196123 0.281327 0.021215
0.110249 0.370246 0.007887
0.271557 0.531940 0.006394
0.053736 0.431098 0.015606
0.159681 0.338607 0.002974
0.098430 0.506863 0.020058
0.257099 0.438208 -0.000944
0.130536 0.464964 0.075617
0.187200 0.310464 0.080340
0.213077 0.469968 0.112236
0.159203 0.362882 0.060247
0.308530 0.370200 -0.001008
0.255515 0.337880 0.046720
0.266197 0.324530 -0.011038
0.192664 0.402439 -0.001103
0.165878 0.368594 0.078362
0.305426 0.429953 0.004223
0.191224 0.458454 0.003735
0.230121 0.327486 -0.001132
0.234497 0.395426 0.051402
0.216831 0.474425 0.011985
0.328288 0.380125 -0.009085
0.129312 0.476820 0.016113
0.203190 0.503044 0.021867
0.243202 0.370554 0.021597
0.068642 0.377787 0.002358
0.156069 0.371395 0.059117
0.260506 0.474603 0.002004
0.213315 0.371178 -0.004692
0.235099 0.456536 0.001604
0.210419 0.419808 0.007618
0.167906 0.466588 0.013510
0.229950 0.529036 0.016050
0.165833 0.369397 0.096681
0.122721 0.338983 -0.003373
0.193731 0.284112 0.097267
0.259708 0.326680 0.053376
0.052293 0.456423 0.017829
0.138718 0.528679 0.020110
0.130380 0.315362 0.002308
0.206349 0.502717 0.006828
0.181893 0.540816 0.099752
0.158004 0.366854 0.079011
0.222624 0.427715 0.048151
0.229177 0.562938 0.010936
0.145036 0.423834 0.033929
0.241558 0.400541 0.081784
0.107109 0.506318 0.093482
0.165567 0.368739 0.059409
0.153028 0.401580 0.022114
0.184200 0.294276 0.050221
0.131389 0.286865 -0.000166
0.201425 0.367083 -0.004508
0.150557 0.293667 -0.008483
0.193842 0.531995 0.114210
0.158334 0.499858 0.008738
0.318462 0.370484 -0.009466
0.240138 0.403542 0.058321
0.193575 0.385562 0.005456
0.108575 0.414427 0.003689
0.165207 0.293546 -0.009150
0.166026 0.343497 0.039792
0.329773 0.376293 -0.009478
0.245624 0.387187 0.021155
0.161754 0.279528 -0.002153
0.177409 0.335553 0.036324
0.183044 0.298369 0.075458
0.184647 0.533153 0.095849
0.263467 0.443817 0.007285
0.166952 0.456783 0.012718
0.104871 0.389238 0.009746
0.186777 0.548009 0.057253
0.087971 0.417848 0.012942
0.272531 0.315031 0.055934
0.239053 0.406221 0.050684
0.129670 0.465530 0.027264
0.179425 0.535988 0.018907
0.173577 0.393221 0.007005
0.304678 0.387913 -0.007363
0.179989 0.327962 0.021555
0.064917 0.466672 0.010099
0.097649 0.420924 0.012770
0.168230 0.362466 0.086224
0.083059 0.389590 0.002717
0.185255 0.442182 0.002616
0.171545 0.369980 -0.002921
0.122159 0.464943 0.085574
0.166681 0.364664 0.031632
0.195152 0.341957 0.001669
0.118046 0.497194 0.025468
0.107221 0.505005 0.066354
0.191615 0.554345 0.012262
0.222121 0.515343 0.015234
0.177372 0.511114 0.008843
0.336354 0.339072 -0.004908
0.165499 0.512237 0.017508
0.198382 0.492692 0.016017
0.236351 0.518412 0.014857
0.185823 0.529377 0.080620
0.301989 0.322632 -0.005063
0.179867 0.305990 0.047205
0.110954 0.396041 0.002016
0.195416 0.412813 0.007695
0.207198 0.353132 0.002081
0.115873 0.525850 0.020654
0.164886 0.353858 0.104503
0.144539 0.474890 0.015266
0.194197 0.385598 -0.002606
0.236353 0.389602 0.031094
0.127321 0.472353 0.038348
0.235589 0.355768 -0.007004
0.174321 0.344812 0.058592
0.121042 0.432855 0.004701
0.168898 0.436440 0.002860
0.301783 0.415251 0.003133
0.179338 0.485850 0.006602
0.318972 0.379691 -0.000668
0.146582 0.460508 0.005912
0.192331 0.548969 0.019435
0.240160 0.404724 0.091693
0.154976 0.326797 -0.005858
0.126614 0.476782 0.105524
0.048686 0.463303 0.010540
0.254780 0.370704 -0.006592
0.185906 0.456175 0.003779
0.068993 0.417122 0.005694
0.268062 0.558079 0.009237
0.157525 0.366331 0.029782
0.151355 0.448482 0.004673
0.264478 0.379177 -0.006305
0.162756 0.377718 0.094548
0.195748 0.286581 0.065557
0.257822 0.329932 0.002401
0.193157 0.452783 0.011202
0.140386 0.312106 -0.006456
0.205133 0.476824 0.084861
0.120554 0.492460 0.082301
0.206538 0.495301 0.059396
0.116384 0.342643 0.005260
0.122586 0.429717 0.004364
0.077395 0.468801 0.009721
0.221352 0.559457 0.010990
0.181929 0.278655 -0.003483
0.258347 0.330394 0.053295
0.309527 0.371929 -0.000905
0.326536 0.336845 -0.004658
0.209865 0.464897 0.111501
0.196836 0.318357 -0.008454
0.192990 0.495459 0.006809
0.249592 0.382584 0.002690
0.179716 0.319342 -0.007603
0.327534 0.394229 -0.007850
0.289811 0.455126 0.007068
0.042321 0.469967 0.011393
0.283087 0.396178 -0.005691
0.230241 0.516240 0.014946
0.184771 0.316866 0.074200
0.245251 0.447768 0.000402
0.202774 0.530045 0.017354
0.113366 0.488285 0.067870
0.173845 0.323021 0.063152
0.220038 0.446616 0.109934
0.189683 0.288615 -0.010668
0.081702 0.460299 0.008803
0.308013 0.405176 0.001995
0.146258 0.269016 -0.002353
0.159882 0.383205 0.031146
0.107055 0.337943 -0.002759
0.052251 0.464063 0.018481
0.142268 0.430783 0.017636
0.268110 0.325918 0.024198
0.196810 0.429150 0.000988
0.197584 0.480185 0.013338
0.215398 0.442696 0.001308
0.069727 0.375015 0.002073
0.276727 0.444191 -0.001314
0.146457 0.398229 0.075183
0.156954 0.393726 0.099101
0.138870 0.370406 -0.001420
0.181885 0.354390 -0.004713
0.211671 0.456992 0.031508
0.244812 0.368911 0.095559
0.236988 0.328143 -0.009421
0.188438 0.307450 0.090127
0.119578 0.472656 0.103550
0.147875 0.354581 0.004865
0.210737 0.459008 0.017103
0.198086 0.516832 0.017995
0.148542 0.392264 0.067759
0.147291 0.537551 0.018340
0.258588 0.441740 -0.000710
0.131860 0.288094 -0.000082
0.193259 0.291819 0.023711
0.223088 0.354434 0.001480
0.117408 0.476937 0.059342
0.202416 0.483691 0.070053
0.146293 0.399745 0.103905
0.207514 0.470475 0.088876
0.124214 0.483610 0.112992
0.261761 0.407790 -0.003745
0.291011 0.462005 -0.000437
0.096390 0.429078 0.013521
0.152783 0.303503 -0.007744
0.105691 0.507617 0.024285
0.044281 0.442212 0.012250
0.161643 0.380170 0.078816
0.255354 0.362337 0.067132
0.273829 0.352865 -0.008966
0.160693 0.299286 -0.008458
0.144472 0.427612 0.094118
0.275496 0.368350 0.000316
0.110686 0.476084 0.008848
0.180519 0.303553 0.029549
0.139907 0.414139 0.022238
0.169768 0.315981 -0.007443
0.309560 0.337079 -0.011913
0.129123 0.273308 -0.009256
0.198572 0.517586 0.073973
0.178497 0.350862 -0.004862
0.182951 0.543032 0.092508
0.205299 0.317089 -0.000905
0.202856 0.410586 -0.000865
0.198508 0.279809 0.086017
0.065704 0.507991 0.016217
0.100854 0.469181 0.008701
0.217036 0.445395 0.109964
0.232327 0.401799 0.063479
0.126739 0.279893 -0.008588
0.224624 0.422243 0.047867
0.176595 0.278136 -0.010974
0.180854 0.327752 0.079401
0.273686 0.364929 -0.007932
0.122597 0.487656 0.103069
0.204604 0.448660 0.010337
0.126735 0.332465 -0.004109
0.187419 0.285769 -0.010809
0.156383 0.512540 0.009906
0.179895 0.328826 0.037896
0.120414 0.469530 0.080851
0.179171 0.372288 0.004970
0.223822 0.339829 -0.007835
0.222761 0.451926 0.083874
0.104284 0.408528 0.003379
0.117785 0.474558 0.023096
0.167588 0.359083 -0.003673
0.262966 0.543630 0.015813
0.196517 0.284992 0.079251
0.232423 0.307784 -0.010951
0.249238 0.347989 -0.008279
0.266922 0.329121 0.023081
0.240586 0.403403 0.087442
0.233710 0.398105 0.065712
0.199525 0.496178 0.006577
0.088968 0.329224 -0.002691
0.268201 0.325274 0.013549
0.051496 0.437001 0.016209
0.193988 0.528136 0.021195
0.240576 0.339106 -0.000611
0.219264 0.485701 0.012836
0.279433 0.415954 -0.003842
0.232697 0.534503 0.016392
0.168930 0.498378 0.016173
0.128039 0.470538 0.042181
0.148179 0.321504 -0.006004
0.256799 0.487469 0.011304
0.177034 0.319421 -0.007476
0.170147 0.336386 -0.005721
0.244725 0.302388 -0.011507
0.259162 0.383871 0.002371
0.326245 0.364224 -0.002312
0.174300 0.344342 0.044373
0.173018 0.324027 0.029467
0.281463 0.421832 -0.003432
0.165424 0.390220 0.007115
0.238069 0.409232 0.059444
0.131774 0.461758 0.080270
0.102941 0.466657 0.016429
0.153584 0.403080 0.103294
0.172446 0.379619 -0.002141
0.263510 0.541248 0.007548
0.154347 0.374962 0.028658
0.245097 0.511043 0.013837
0.156306 0.325757 0.002031
0.167142 0.520743 0.018159
0.188653 0.283164 0.078245
0.167025 0.544756 0.018304
0.153819 0.402641 0.108736
0.102106 0.517685 0.031927
0.092032 0.511323 0.012688
0.189280 0.305479 0.098936
0.185320 0.314472 0.050106
0.051472 0.422614 0.013079
0.128008 0.320370 0.002841
0.264601 0.314296 0.079519
0.157529 0.441724 0.011857
0.284680 0.316332 -0.005231
0.182323 0.292233 -0.001992
0.071407 0.486794 0.011522
0.138882 0.500600 0.009673
0.168188 0.336590 0.012748
0.166878 0.365086 0.057454
0.076455 0.420670 0.013699
0.218402 0.323845 -0.000917
0.135288 0.430083 0.111873
0.283877 0.439022 0.005962
0.162957 0.429968 0.002575
0.119685 0.295673 0.001110
0.128750 0.446027 0.060746
0.156573 0.487900 0.015835
0.156198 0.497921 0.008668
0.132221 0.458672 0.030107
0.257966 0.375145 -0.006356
0.109899 0.403691 0.010752
0.126501 0.300462 0.001212
0.171492 0.327761 0.017882
0.265794 0.313287 -0.011978
0.197499 0.458974 0.003498
0.195542 0.477044 0.013162
0.240234 0.344715 -0.000117
0.269276 0.324989 0.084802
0.096142 0.388523 0.010077
0.209289 0.488342 0.074204
0.186472 0.339691 -0.006172
0.182855 0.545989 0.011569
0.132848 0.458895 0.082120
0.173244 0.345892 0.008578
0.227533 0.393197 -0.003454
0.259273 0.349974 0.022387
0.188453 0.282750 0.052479
0.287329 0.318101 -0.012534
0.135820 0.278589 -0.009107
0.257386 0.349428 -0.008522
0.169383 0.360003 0.104604
0.279153 0.340287 -0.010277
0.112174 0.408972 0.011100
0.144073 0.270155 -0.002158
0.259579 0.578537 0.018283
0.206433 0.497047 0.098629
0.290164 0.464441 0.007846
0.174091 0.321039 0.027893
0.176415 0.300176 -0.001051
0.098417 0.484206 0.018128
0.192365 0.523751 0.117747
0.112813 0.514788 0.114514
0.133782 0.423854 0.011399
0.315483 0.377233 -0.000721
0.231529 0.428434 0.095710
0.153650 0.447145 0.012493
0.205500 0.475447 0.074759
0.133550 0.457217 0.088495
0.175586 0.525709 0.010167
0.214606 0.473991 0.078582
0.197679 0.491653 0.014311
0.135728 0.407992 0.009961
0.233230 0.420547 0.008547
0.283306 0.481830 0.001598
0.207279 0.493461 0.064300
0.146045 0.421751 0.051996
0.202196 0.509219 0.114921
0.184495 0.318048 0.085710
0.109543 0.367581 0.007691
0.149861 0.351630 0.004524
0.179649 0.308456 0.097470
