ply
format ascii 1.0
element vertex 5000
property float x
property float y
property float z
end_header
-0.569570 0.028107 -0.092284
-0.488571 -0.070493 -0.085389
-0.423877 -0.045948 -0.093528
-0.428663 0.147658 -0.087911
-0.481385 0.139370 -0.092841
-0.541903 0.202458 -0.092046
-0.507583 -0.068657 -0.093193
-0.535314 -0.029450 -0.092798
-0.543719 -0.063246 -0.092814
-0.557421 0.173990 -0.091975
-0.360703 0.060125 -0.094289
-0.658052 0.075010 -0.087330
-0.544566 0.107982 -0.092299
-0.384839 -0.001297 -0.089435
-0.364936 0.022824 -0.094357
-0.627152 0.017636 -0.083735
-0.613329 0.101084 -0.091628
-0.559907 0.013390 -0.092425
-0.647410 0.057151 -0.083415
-0.573854 0.131407 -0.083935
-0.459237 0.174336 -0.090593
-0.358220 0.038085 -0.086379
-0.565064 -0.039669 -0.092530
-0.605320 -0.004498 -0.092021
-0.497013 0.012399 -0.093060
-0.515322 0.147280 -0.084476
-0.603137 0.111815 -0.091699
-0.656395 0.058390 -0.091321
-0.510509 0.042406 -0.092835
-0.387265 0.035439 -0.094095
-0.518593 0.012062 -0.092844
-0.504142 0.186293 -0.084473
-0.530556 0.013469 -0.084719
-0.586757 -0.020864 -0.092256
-0.554410 0.186997 -0.083966
-0.445540 0.069854 -0.085407
-0.442514 0.063795 -0.085455
-0.532069 0.078125 -0.092513
-0.458085 0.059010 -0.093313
-0.516570 0.140308 -0.084484
-0.574257 -0.023777 -0.092390
-0.612540 0.101892 -0.083633
-0.551263 -0.063113 -0.092738
-0.418670 0.083552 -0.085637
-0.544878 0.134716 -0.084216
-0.520541 0.200457 -0.092267
-0.611029 0.002922 -0.083941
-0.458944 -0.021682 -0.093543
-0.480590 -0.057368 -0.085431
-0.483863 0.185629 -0.092680
-0.543619 0.064908 -0.092436
-0.517584 -0.045468 -0.085024
-0.542779 0.095648 -0.092353
-0.534691 -0.090350 -0.092666
-0.418311 0.134158 -0.085491
-0.410633 0.043289 -0.085837
-0.503294 0.204148 -0.084429
-0.458381 0.124179 -0.093118
-0.541010 0.027016 -0.084574
-0.566589 -0.062472 -0.087663
-0.425034 0.114880 -0.085480
-0.588068 0.002397 -0.084173
-0.509508 -0.066959 -0.085168
-0.624920 0.006698 -0.091791
-0.501799 0.118462 -0.084698
-0.546084 -0.039102 -0.092719
-0.577024 -0.043090 -0.084419
-0.509015 0.165241 -0.092487
-0.643245 0.080247 -0.083388
-0.578902 0.045227 -0.084139
-0.521510 0.030385 -0.092760
-0.527510 0.218569 -0.092143
-0.444766 0.130851 -0.085234
-0.485963 0.097863 -0.092918
-0.423621 0.098674 -0.085542
-0.565156 0.166649 -0.083918
-0.608290 -0.004812 -0.091992
-0.497993 0.084627 -0.092836
-0.634608 0.068377 -0.091511
-0.519634 0.152103 -0.084419
-0.506533 -0.062423 -0.093185
-0.514330 0.196702 -0.084340
-0.555167 0.107019 -0.084195
-0.572156 0.164707 -0.091854
-0.487177 0.066162 -0.084999
-0.455184 -0.047751 -0.093658
-0.513359 0.036263 -0.092825
-0.498957 0.069952 -0.092870
-0.529833 0.008347 -0.084741
-0.543265 0.021245 -0.092569
-0.503313 0.100122 -0.092737
-0.525213 0.213796 -0.092181
-0.457499 0.172844 -0.086332
-0.565125 0.173232 -0.091899
-0.507328 0.052741 -0.092837
-0.618311 0.069649 -0.091671
-0.420651 -0.009587 -0.085892
-0.447258 0.158187 -0.093129
-0.602055 0.105367 -0.091729
-0.539872 0.144378 -0.092239
-0.576948 0.094979 -0.084011
-0.615145 0.011463 -0.083874
-0.673743 0.054092 -0.091160
-0.469023 0.121969 -0.093017
-0.390946 0.034681 -0.086060
-0.392343 0.024090 -0.094078
-0.451645 0.117858 -0.085204
-0.522036 0.059829 -0.092668
-0.448013 -0.073631 -0.090760
-0.532538 -0.047160 -0.092879
-0.430852 -0.031822 -0.093856
-0.422178 0.141971 -0.092264
-0.493166 -0.039615 -0.093252
-0.522169 0.229315 -0.084510
-0.535792 0.023397 -0.092637
-0.568957 0.140811 -0.083956
-0.422118 0.099691 -0.093555
-0.367630 0.024159 -0.086326
-0.496240 0.081032 -0.092865
-0.540795 0.026294 -0.084578
-0.510223 0.101614 -0.084663
-0.455882 0.123429 -0.085145
-0.570645 0.066699 -0.092159
-0.512990 -0.000290 -0.092937
-0.508960 -0.107060 -0.085293
-0.594151 -0.032860 -0.084217
-0.391899 0.102754 -0.093850
-0.417383 0.031244 -0.085804
-0.612617 -0.008116 -0.083958
-0.385072 0.049768 -0.086074
-0.589286 0.024758 -0.092095
-0.585136 0.015847 -0.092164
-0.368072 0.072185 -0.094179
-0.510383 -0.086766 -0.093219
-0.577452 -0.031573 -0.084381
-0.414818 0.072442 -0.085708
-0.615389 0.071406 -0.091695
-0.388068 -0.004639 -0.094206
-0.577841 0.061452 -0.092102
-0.575009 0.069483 -0.084106
-0.623666 -0.012314 -0.091859
-0.408710 0.046446 -0.093847
-0.513310 0.158719 -0.092463
-0.524978 -0.011214 -0.084848
-0.367774 0.071628 -0.086184
-0.389275 0.102984 -0.093875
-0.411828 -0.032159 -0.092774
-0.515265 0.130470 -0.092527
-0.455580 0.152210 -0.085063
-0.495502 0.202092 -0.092514
-0.563176 0.183691 -0.088725
-0.540220 0.200181 -0.084070
-0.575485 -0.053141 -0.084464
-0.441105 -0.058384 -0.093831
-0.464717 0.001144 -0.085417
-0.477044 0.026715 -0.093218
-0.378898 0.074121 -0.094065
-0.542970 -0.045517 -0.084769
-0.517223 0.078750 -0.092660
-0.612052 -0.022792 -0.089823
-0.613440 0.100989 -0.083627
-0.552349 0.062441 -0.084355
-0.404921 0.070076 -0.085815
-0.464968 0.134271 -0.093022
-0.467203 0.085817 -0.093142
-0.574463 0.076552 -0.084091
-0.584530 -0.026422 -0.084294
-0.503070 0.108881 -0.092714
-0.545737 0.087701 -0.092347
-0.602614 0.115317 -0.083693
-0.590400 0.079532 -0.083922
-0.582544 0.115346 -0.091895
-0.542681 0.170109 -0.084134
-0.375111 0.055449 -0.086158
-0.494505 0.177070 -0.092598
-0.453131 0.106671 -0.093222
-0.431217 -0.051080 -0.093909
-0.534181 0.061735 -0.092540
-0.485034 0.085818 -0.092963
-0.540871 -0.026319 -0.092733
-0.587650 0.085542 -0.091932
-0.492098 -0.028218 -0.085229
-0.509642 0.010465 -0.084938
-0.482569 -0.031823 -0.093336
-0.410374 0.033883 -0.093867
-0.483364 -0.067264 -0.085432
-0.544632 0.078354 -0.084386
-0.549873 0.143495 -0.092141
-0.501447 0.038471 -0.092938
-0.503791 -0.003759 -0.093039
-0.484514 -0.057972 -0.085393
-0.530943 0.069812 -0.084548
-0.426404 0.102221 -0.085504
-0.423575 -0.045583 -0.085969
-0.510006 0.122017 -0.092605
-0.542931 0.002050 -0.092629
-0.621731 0.116589 -0.085968
-0.589757 0.061189 -0.091983
-0.450264 0.055422 -0.093403
-0.471975 0.038782 -0.093234
-0.417099 0.068854 -0.085696
-0.452371 -0.052122 -0.085699
-0.578976 0.032563 -0.092176
-0.568302 0.006202 -0.084361
-0.468357 0.008075 -0.093361
-0.543642 0.017993 -0.092574
-0.337845 0.063817 -0.094508
-0.402046 0.023504 -0.085981
-0.426562 0.107265 -0.085487
-0.487562 0.033566 -0.093092
-0.411852 0.005320 -0.085937
-0.526433 0.076451 -0.084574
-0.593154 0.022453 -0.084063
-0.515450 -0.028358 -0.092995
-0.497993 0.020237 -0.085026
-0.576451 0.133110 -0.083904
-0.432499 0.126461 -0.093371
-0.591773 0.065290 -0.083950
-0.495990 0.055547 -0.092943
-0.596904 0.111544 -0.091762
-0.530668 0.065799 -0.092564
-0.422940 0.055325 -0.085677
-0.578874 -0.040264 -0.084392
-0.463429 0.050975 -0.085283
-0.359091 0.067554 -0.094283
-0.518584 0.031123 -0.092788
-0.596365 0.101193 -0.083798
-0.640490 0.019574 -0.083596
-0.481243 -0.111040 -0.093583
-0.502891 0.060612 -0.084858
-0.601517 0.028541 -0.091961
-0.521093 0.107229 -0.084537
-0.433991 0.128755 -0.085349
-0.517407 0.164945 -0.092404
-0.584172 0.044105 -0.084089
-0.499548 -0.069080 -0.093275
-0.544869 -0.018257 -0.084669
-0.531240 0.152269 -0.092302
-0.515408 0.222394 -0.084253
-0.519470 0.052263 -0.092716
-0.596750 0.029970 -0.084005
-0.486824 0.063540 -0.093011
-0.521861 0.181445 -0.092310
-0.559136 0.159764 -0.083999
-0.500201 0.141810 -0.092645
-0.535678 -0.033702 -0.092807
-0.488653 -0.085488 -0.093433
-0.514455 0.097093 -0.092634
-0.512058 0.020332 -0.084885
-0.461681 0.120921 -0.093094
-0.572002 0.158687 -0.083873
-0.624784 0.095905 -0.083528
-0.498900 0.067139 -0.092879
-0.505259 0.188195 -0.092457
-0.481223 0.069538 -0.085049
-0.492315 0.154866 -0.084685
-0.590962 0.085053 -0.091900
-0.367098 0.027044 -0.086322
-0.559981 0.025786 -0.092387
-0.553882 0.115820 -0.092182
-0.540849 0.079959 -0.092419
-0.623080 0.046390 -0.083691
-0.413381 0.098859 -0.093645
-0.441967 -0.002648 -0.085657
-0.552357 0.063858 -0.084351
-0.472522 0.068687 -0.085139
-0.448616 0.022885 -0.093515
-0.563131 -0.013097 -0.084470
-0.524097 0.178841 -0.084295
-0.675977 0.054422 -0.083206
-0.541080 -0.019338 -0.092711
-0.513434 0.154725 -0.092474
-0.527747 0.019329 -0.084730
-0.483739 -0.030637 -0.093321
-0.494473 0.137235 -0.092716
-0.378990 0.086080 -0.094029
-0.369818 0.063215 -0.094188
-0.354920 0.071247 -0.086314
-0.660076 0.065563 -0.091263
-0.535296 0.109988 -0.092386
-0.554228 0.169364 -0.084020
-0.533949 -0.002344 -0.092732
-0.389978 0.066397 -0.093976
-0.493421 0.102941 -0.084828
-0.521953 0.126250 -0.092472
-0.440192 0.038976 -0.093553
-0.572850 -0.055889 -0.084499
-0.461290 0.125796 -0.093084
-0.562733 -0.005039 -0.092451
-0.584698 0.029137 -0.084128
-0.574012 0.080216 -0.084085
-0.521923 0.015706 -0.084799
-0.530043 0.220612 -0.084112
-0.485964 0.117961 -0.084858
-0.478660 0.102779 -0.084977
-0.612127 0.046053 -0.091803
-0.505136 -0.002864 -0.085023
-0.559870 0.120735 -0.092107
-0.554988 0.001941 -0.092508
-0.468302 0.173229 -0.092873
-0.472542 0.075006 -0.093121
-0.446667 -0.069861 -0.093809
-0.446961 -0.072454 -0.088748
-0.518352 0.043943 -0.092752
-0.610012 -0.021021 -0.092022
-0.354111 0.065388 -0.094340
-0.402871 -0.009990 -0.094073
-0.631989 0.072160 -0.091526
-0.478294 0.055830 -0.093120
-0.544245 0.164571 -0.084134
-0.437162 0.033317 -0.085599
-0.506167 0.055396 -0.084840
-0.523929 -0.017138 -0.092877
-0.359064 0.075793 -0.086259
-0.464523 -0.007535 -0.093445
-0.512592 -0.030527 -0.085030
-0.618326 0.027296 -0.091796
-0.389737 0.015379 -0.086129
-0.632591 0.028473 -0.083649
-0.580191 0.084635 -0.092010
-0.412461 -0.000764 -0.093949
-0.453067 0.127587 -0.085161
-0.534610 0.096932 -0.092432
-0.495640 -0.121924 -0.085470
-0.575217 -0.023826 -0.092381
-0.612704 0.124387 -0.083565
-0.604529 0.046115 -0.083879
-0.468792 -0.035298 -0.093485
-0.600907 0.066206 -0.083856
-0.427091 0.074745 -0.085578
-0.571393 0.054529 -0.092187
-0.469654 0.016949 -0.085321
-0.575814 0.142845 -0.083881
-0.425082 0.144508 -0.091849
-0.556377 0.020090 -0.084440
-0.609435 0.123279 -0.091602
-0.524861 0.118274 -0.092467
-0.564459 -0.060182 -0.092596
-0.412198 0.025869 -0.085872
-0.413281 -0.029473 -0.094026
-0.542498 0.207388 -0.089738
-0.506922 -0.008516 -0.093022
-0.389719 -0.000416 -0.094177
-0.449963 0.039759 -0.093452
-0.600560 0.040204 -0.091936
-0.504840 -0.000983 -0.085020
-0.536736 -0.020540 -0.084757
-0.461339 -0.086290 -0.093710
-0.383013 0.071126 -0.086032
-0.475099 0.167388 -0.092822
-0.497566 0.079091 -0.092857
-0.422101 0.027735 -0.085767
-0.532217 0.036365 -0.092635
-0.435041 -0.001076 -0.093723
-0.420514 0.014205 -0.085823
-0.663237 0.053913 -0.083265
-0.599709 0.020075 -0.092005
-0.542117 0.122722 -0.092280
-0.636748 0.050161 -0.083543
-0.610388 0.017000 -0.083906
-0.446827 0.086618 -0.093345
-0.581816 -0.013986 -0.092285
-0.354962 0.064282 -0.086334
-0.509575 -0.075404 -0.085193
-0.476217 -0.034269 -0.085406
-0.455450 0.171053 -0.086503
-0.476613 0.050075 -0.093154
-0.485701 -0.100108 -0.085506
-0.442512 0.086582 -0.093388
-0.488115 0.032579 -0.085089
-0.455945 0.119714 -0.085155
-0.502675 0.140909 -0.084622
-0.617007 0.007048 -0.083869
-0.402707 -0.020272 -0.094105
-0.467877 -0.005515 -0.093406
-0.604014 0.032403 -0.091925
-0.511105 0.029368 -0.084868
-0.480699 0.091506 -0.084989
-0.608204 0.114050 -0.083641
-0.414771 0.060537 -0.085744
-0.449397 -0.075236 -0.089361
-0.406058 0.033610 -0.085911
-0.635706 0.097762 -0.091413
-0.578997 0.013658 -0.084231
-0.484319 0.079372 -0.092989
-0.628824 0.059317 -0.091596
-0.428636 0.108307 -0.085463
-0.597189 0.142682 -0.083667
-0.554025 0.140873 -0.092107
-0.487074 -0.049812 -0.093344
-0.512649 0.170890 -0.092434
-0.435155 0.038235 -0.093605
-0.465827 -0.024183 -0.093482
-0.463701 0.089496 -0.093167
-0.490330 0.170355 -0.092660
-0.545843 0.019727 -0.084547
-0.660055 0.039018 -0.091342
-0.421918 0.013428 -0.085811
-0.581318 0.076743 -0.084021
-0.470038 0.091682 -0.085096
-0.429454 -0.006501 -0.085795
-0.501689 0.079492 -0.092814
-0.420611 0.041777 -0.085741
-0.590734 0.152066 -0.084370
-0.516941 0.138163 -0.084487
-0.390421 0.091439 -0.093898
-0.430812 -0.000114 -0.085762
-0.454320 0.072392 -0.093312
-0.519676 -0.092385 -0.085141
-0.507907 -0.051704 -0.093140
-0.573956 0.125217 -0.091953
-0.499619 -0.011507 -0.093104
-0.508047 0.178289 -0.092458
-0.605372 0.025229 -0.091932
-0.460673 0.138383 -0.093053
-0.601557 0.055891 -0.091880
-0.573692 0.105215 -0.092014
-0.538958 0.154096 -0.092219
-0.547626 0.031191 -0.092495
-0.637826 0.079633 -0.083445
-0.561165 0.157773 -0.083984
-0.455549 0.002240 -0.085506
-0.466108 0.069045 -0.093203
-0.462304 -0.014852 -0.085489
-0.533294 -0.048640 -0.092876
-0.519427 0.012930 -0.092833
-0.599742 0.039013 -0.091948
-0.596769 -0.017224 -0.092144
-0.521459 0.025592 -0.084775
-0.607459 0.018937 -0.091930
-0.489035 0.059646 -0.085000
-0.393994 0.017650 -0.094080
-0.413403 0.017121 -0.093887
-0.613380 -0.008881 -0.091953
-0.647504 0.041270 -0.091461
-0.444356 0.153802 -0.085171
-0.589125 0.102702 -0.083866
-0.341901 0.050782 -0.086505
-0.509225 -0.109380 -0.085297
-0.469376 0.008775 -0.093348
-0.458175 -0.083502 -0.093734
-0.472301 0.017010 -0.085294
-0.457440 0.121657 -0.093135
-0.504851 -0.067794 -0.093218
-0.534995 0.003752 -0.092703
-0.541884 0.115210 -0.092305
-0.398768 0.114052 -0.085747
-0.503739 0.202952 -0.084428
-0.548818 0.049701 -0.084428
-0.363538 0.037628 -0.086327
-0.511078 -0.030486 -0.093045
-0.426760 0.100886 -0.093505
-0.534855 -0.023498 -0.092785
-0.594479 0.054168 -0.083956
-0.453792 0.025238 -0.093456
-0.593884 0.033887 -0.092022
-0.507681 0.173678 -0.092476
-0.431054 0.069797 -0.085553
-0.590022 0.019861 -0.084102
-0.513492 0.057847 -0.092760
-0.480866 0.135160 -0.092859
-0.580819 -0.050033 -0.085228
-0.592276 -0.012187 -0.084174
-0.514724 -0.073587 -0.093136
-0.494895 0.067439 -0.092918
-0.372595 0.015978 -0.094300
-0.412573 0.021954 -0.085880
-0.361293 0.053366 -0.086303
-0.366961 0.070850 -0.086194
-0.575133 0.084408 -0.092061
-0.581201 0.012361 -0.084213
-0.609168 0.016648 -0.083919
-0.547038 -0.029835 -0.092682
-0.411140 0.038243 -0.085846
-0.547521 -0.034720 -0.084691
-0.498298 0.109665 -0.092759
-0.496479 0.178238 -0.092575
-0.550764 0.076546 -0.084329
-0.519917 -0.000378 -0.084867
-0.600530 -0.023135 -0.084124
-0.400484 0.086128 -0.085812
-0.468470 -0.014878 -0.093427
-0.462292 0.120091 -0.085090
-0.539702 0.075838 -0.084443
-0.562495 -0.017061 -0.092489
-0.543059 -0.071648 -0.092845
-0.657077 0.039237 -0.091371
-0.427363 0.078400 -0.085565
-0.534478 -0.079558 -0.092955
-0.573617 -0.039944 -0.092444
-0.554962 0.168181 -0.084016
-0.522884 0.211489 -0.084211
-0.454366 -0.031128 -0.093617
-0.462490 -0.008578 -0.093469
-0.540680 -0.069275 -0.092862
-0.356123 0.083032 -0.086267
-0.543537 -0.009316 -0.092656
-0.597624 0.134615 -0.091687
-0.388899 0.095446 -0.085901
-0.553957 0.077321 -0.092295
-0.629493 0.043663 -0.083635
-0.390689 0.071875 -0.093953
-0.572851 0.105090 -0.092023
-0.582418 -0.017754 -0.084290
-0.637861 0.098179 -0.090355
-0.486787 0.191769 -0.084632
-0.607143 0.005311 -0.083973
-0.567223 0.160029 -0.091917
-0.502675 0.183109 -0.092498
-0.459206 0.059656 -0.093300
-0.481501 0.002868 -0.093244
-0.394374 0.112035 -0.085797
-0.421658 0.100749 -0.093556
-0.541047 -0.046550 -0.092791
-0.537266 0.030527 -0.084601
-0.530123 0.134701 -0.092365
-0.439779 0.138899 -0.085261
-0.473615 0.129140 -0.092950
-0.649526 0.081755 -0.083321
-0.467263 0.008505 -0.085370
-0.459615 0.136329 -0.085069
-0.451835 0.054393 -0.093390
-0.554597 -0.019434 -0.084575
-0.570580 0.175191 -0.087348
-0.487274 0.194219 -0.084620
-0.605684 0.007461 -0.091982
-0.529395 -0.029738 -0.092859
-0.458010 0.099181 -0.085195
-0.514101 0.011842 -0.092890
-0.526123 0.224872 -0.084138
-0.517282 0.061882 -0.092710
-0.515882 0.181014 -0.092371
-0.530857 0.158296 -0.092288
-0.598225 0.030468 -0.083988
-0.680171 0.041464 -0.083132
-0.483215 -0.009818 -0.085264
-0.643728 0.051458 -0.083469
-0.432827 0.074763 -0.085520
-0.476714 -0.091898 -0.085572
-0.480693 0.098429 -0.092969
-0.540021 0.135963 -0.092262
-0.564461 0.173408 -0.083905
-0.637838 0.078401 -0.083448
-0.371440 0.026276 -0.094281
-0.566046 0.029659 -0.092315
-0.392686 0.002956 -0.086136
-0.565460 -0.003909 -0.084419
-0.497393 0.018536 -0.093038
-0.397417 0.050213 -0.093949
-0.436808 0.063542 -0.093514
-0.455166 0.079377 -0.085282
-0.370617 0.082073 -0.086124
-0.483524 0.141814 -0.084812
-0.595421 -0.029446 -0.084194
-0.616660 0.017296 -0.091842
-0.511293 -0.042110 -0.085077
-0.491608 0.053187 -0.092994
-0.557784 0.041949 -0.084361
-0.485011 -0.088566 -0.093479
-0.463045 -0.056531 -0.093605
-0.383893 0.032882 -0.094137
-0.481229 0.163625 -0.092771
-0.597838 -0.030169 -0.084171
-0.414549 -0.005482 -0.085941
-0.482274 0.038474 -0.085130
-0.563444 -0.000087 -0.084428
-0.624661 0.031204 -0.091721
-0.582510 0.032684 -0.084140
-0.584900 0.070793 -0.092003
-0.360603 0.088239 -0.087523
-0.469327 0.077332 -0.085146
-0.403519 0.089162 -0.085772
-0.565362 -0.048232 -0.084551
-0.470891 0.101490 -0.085059
-0.548252 -0.000162 -0.084581
-0.409417 0.002660 -0.085969
-0.562928 0.096082 -0.092150
-0.484558 0.094690 -0.084941
-0.542109 0.066624 -0.084446
-0.608990 0.009900 -0.091941
-0.539541 -0.010371 -0.092700
-0.475357 0.030208 -0.093225
-0.648822 0.025839 -0.083493
-0.419926 0.015875 -0.093825
-0.515043 0.015065 -0.092871
-0.583297 0.056540 -0.092062
-0.403582 -0.006836 -0.094056
-0.588472 -0.039298 -0.084293
-0.492425 -0.056543 -0.085309
-0.527604 0.119973 -0.084434
-0.401463 0.118227 -0.093708
-0.645381 0.087541 -0.083345
-0.556269 0.097927 -0.092211
-0.483540 0.123565 -0.084866
-0.521365 0.041240 -0.092730
-0.416870 0.132935 -0.085509
-0.499586 0.026899 -0.092991
-0.629102 0.104759 -0.083458
-0.502976 0.166534 -0.092544
-0.547181 -0.070293 -0.084799
-0.684423 0.044812 -0.087559
-0.621021 0.018595 -0.091795
-0.447990 -0.023011 -0.093657
-0.523832 -0.004230 -0.092839
-0.426906 0.051146 -0.093650
-0.397986 0.044381 -0.093961
-0.353013 0.038400 -0.086430
-0.426511 -0.008952 -0.093832
-0.686141 0.042784 -0.083395
-0.497756 0.024468 -0.085016
-0.512054 0.186807 -0.084392
-0.373051 0.091598 -0.086072
-0.512016 -0.052459 -0.085100
-0.631988 0.082494 -0.083495
-0.578643 0.019364 -0.092218
-0.593740 0.059616 -0.083947
-0.506382 -0.049795 -0.093150
-0.567531 -0.061192 -0.084568
-0.512021 -0.061815 -0.085128
-0.513037 0.040877 -0.092814
-0.429505 -0.046761 -0.093914
-0.528547 0.132387 -0.084387
-0.487501 -0.066863 -0.085389
-0.622809 -0.004081 -0.091844
-0.619379 0.041932 -0.091742
-0.467095 -0.014395 -0.085439
-0.532261 0.024902 -0.092668
-0.561098 0.067863 -0.084251
-0.587010 0.119395 -0.091839
-0.521235 -0.053655 -0.093012
-0.494553 0.040243 -0.085002
-0.431335 0.069682 -0.093551
-0.476501 0.189403 -0.091434
-0.525058 -0.009278 -0.084841
-0.395107 0.042888 -0.085994
-0.501245 -0.107394 -0.093372
-0.381397 0.078952 -0.086025
-0.559165 0.107209 -0.084154
-0.512314 0.008383 -0.084917
-0.491175 -0.007413 -0.093177
-0.480889 -0.018270 -0.085312
-0.615871 0.009311 -0.083873
-0.388218 0.064553 -0.093999
-0.554134 0.102271 -0.084219
-0.513089 0.089768 -0.092669
-0.421401 -0.033862 -0.093957
-0.397418 0.118089 -0.093749
-0.595570 0.009635 -0.084077
-0.496924 0.188223 -0.084540
-0.502140 0.135531 -0.084644
-0.405962 0.117613 -0.085664
-0.452800 0.058624 -0.085367
-0.480262 0.134338 -0.092868
-0.517886 -0.024821 -0.084960
-0.589171 0.056739 -0.092002
-0.640871 0.089625 -0.091385
-0.403513 0.008276 -0.086012
-0.608063 0.132302 -0.090086
-0.423491 0.047722 -0.085694
-0.461388 0.118380 -0.085104
-0.568520 0.158576 -0.091909
-0.404957 0.022651 -0.085955
-0.619528 0.093579 -0.091588
-0.377206 0.092847 -0.086026
-0.647773 0.042059 -0.083456
-0.586626 0.096185 -0.083911
-0.402762 0.089558 -0.085779
-0.525639 -0.024076 -0.084879
-0.514414 -0.036998 -0.085030
-0.535319 0.123427 -0.084346
-0.517362 0.087601 -0.092633
-0.530630 0.204389 -0.084154
-0.596129 0.098587 -0.091808
-0.396303 -0.014441 -0.088480
-0.415749 0.050849 -0.085763
-0.448442 0.164913 -0.090241
-0.519867 -0.016166 -0.092915
-0.509556 -0.097531 -0.085258
-0.572619 0.043706 -0.092207
-0.525374 0.225048 -0.092146
-0.634028 0.100147 -0.083422
-0.577736 0.007411 -0.084262
-0.522544 -0.034899 -0.092943
-0.481368 0.168454 -0.084755
-0.517881 0.026902 -0.084807
-0.546978 0.001196 -0.084590
-0.554249 -0.057268 -0.092690
-0.571784 0.074090 -0.092126
-0.550610 0.059095 -0.092383
-0.607985 0.076350 -0.083754
-0.604220 -0.024031 -0.084089
-0.512706 -0.023904 -0.085009
-0.559879 0.149913 -0.084021
-0.501413 0.193978 -0.092479
-0.457518 0.001193 -0.093490
-0.422630 -0.030946 -0.085935
-0.403637 0.044474 -0.093904
-0.541880 0.194662 -0.084069
-0.575969 0.108038 -0.091983
-0.579883 0.158829 -0.083793
-0.500912 0.056243 -0.092891
-0.550414 0.198303 -0.088468
-0.420752 0.002397 -0.093856
-0.544839 0.084434 -0.084365
-0.419291 0.129596 -0.085494
-0.578346 -0.030840 -0.084369
-0.584259 0.127346 -0.091843
-0.499091 -0.084166 -0.085324
-0.537001 0.019748 -0.092636
-0.414662 0.025087 -0.093850
-0.568016 0.109131 -0.092060
-0.428809 0.140353 -0.085367
-0.564958 0.113677 -0.092077
-0.573913 0.113712 -0.083987
-0.485318 0.097553 -0.092926
-0.439143 -0.005136 -0.093694
-0.466531 0.078551 -0.093171
-0.532399 0.218394 -0.092095
-0.387176 0.079922 -0.093965
-0.499212 0.041006 -0.084953
-0.374278 0.031657 -0.086236
-0.558977 -0.006224 -0.092492
-0.560568 -0.041309 -0.084579
-0.651669 0.057405 -0.083371
-0.551809 -0.059337 -0.084721
-0.439563 -0.016034 -0.093722
-0.501302 0.071606 -0.092842
-0.562262 0.008980 -0.084413
-0.522183 0.110816 -0.084515
-0.524865 0.121694 -0.084456
-0.465454 0.068727 -0.093211
-0.530152 0.082802 -0.084518
-0.561320 -0.023546 -0.092520
-0.535251 0.021835 -0.092647
-0.549294 0.079637 -0.092335
-0.567100 0.125733 -0.084020
-0.568521 0.082873 -0.092132
-0.499747 0.054253 -0.084908
-0.415337 0.056406 -0.085750
-0.537112 0.081368 -0.092453
-0.498869 -0.039492 -0.085194
-0.389659 0.012718 -0.094138
-0.571730 -0.028800 -0.092430
-0.446879 0.038941 -0.085485
-0.381834 0.002113 -0.087265
-0.399329 0.081502 -0.093838
-0.529886 0.209525 -0.092146
-0.563817 0.010809 -0.084392
-0.458050 0.129834 -0.093104
-0.567216 -0.017086 -0.084441
-0.575159 0.001953 -0.084305
-0.508678 0.064987 -0.092787
-0.587448 -0.016915 -0.092237
-0.528812 0.213981 -0.092144
-0.410978 -0.019519 -0.086019
-0.580747 -0.012254 -0.092291
-0.440252 0.132517 -0.085275
-0.588226 0.102543 -0.083876
-0.575147 0.010994 -0.092278
-0.483122 0.142307 -0.092815
-0.467969 0.141692 -0.084969
-0.658515 0.031741 -0.083378
-0.502570 0.083944 -0.092792
-0.538575 0.115615 -0.092337
-0.432134 0.029786 -0.085660
-0.506462 0.079181 -0.092767
-0.507147 -0.089171 -0.085258
-0.485670 0.144136 -0.092784
-0.514195 0.205086 -0.092317
-0.501323 0.043789 -0.084923
-0.366468 0.086337 -0.086153
-0.526245 -0.003812 -0.092814
-0.583773 0.147131 -0.083789
-0.565079 -0.054259 -0.092573
-0.497928 -0.118603 -0.093438
-0.484486 -0.004980 -0.085237
-0.366096 0.025668 -0.094337
-0.631079 0.105958 -0.091159
-0.556436 0.046614 -0.084361
-0.576652 -0.008635 -0.084321
-0.530508 0.175404 -0.084241
-0.562731 0.184187 -0.087832
-0.547732 0.179983 -0.092054
-0.539801 -0.012565 -0.084703
-0.604440 -0.028341 -0.084100
-0.425705 0.078741 -0.085580
-0.384413 0.058742 -0.094055
-0.565102 0.085087 -0.084160
-0.472048 0.067794 -0.085147
-0.500075 0.127073 -0.084689
-0.504484 0.076178 -0.092796
-0.379387 0.060484 -0.086100
-0.533924 0.005906 -0.084707
-0.428380 -0.020905 -0.093848
-0.416538 -0.009998 -0.093935
-0.538664 0.058536 -0.084504
-0.504658 -0.106567 -0.085334
-0.423819 0.111966 -0.085501
-0.573821 0.150978 -0.083877
-0.567995 0.110897 -0.092055
-0.423071 0.089981 -0.093574
-0.498175 -0.057676 -0.093255
-0.393110 0.029031 -0.086055
-0.522015 0.008030 -0.092821
-0.566372 -0.056763 -0.092567
-0.394628 0.017216 -0.086075
-0.484040 0.103419 -0.084921
-0.542609 0.114434 -0.084299
-0.471748 0.018359 -0.093296
-0.548927 -0.074700 -0.092795
-0.635436 0.016592 -0.083655
-0.514268 0.066211 -0.084727
-0.551259 0.097270 -0.092263
-0.465316 0.179657 -0.088239
-0.509853 0.143411 -0.084543
-0.630316 0.104892 -0.083446
-0.556776 0.151622 -0.084047
-0.435354 0.145352 -0.093287
-0.444691 0.160931 -0.085146
-0.606700 0.092246 -0.091721
-0.541072 -0.055564 -0.092818
-0.505772 0.108030 -0.084689
-0.441833 -0.032027 -0.085746
-0.421622 0.103930 -0.093547
-0.601714 -0.004864 -0.092058
-0.467827 -0.031731 -0.085483
-0.603765 0.022497 -0.083956
-0.459202 -0.077118 -0.085704
-0.422095 0.116114 -0.093506
-0.453233 0.117287 -0.085189
-0.580267 0.067542 -0.092060
-0.568224 0.100569 -0.092083
-0.470447 -0.054325 -0.085524
-0.395433 -0.013478 -0.086189
-0.587858 0.017378 -0.084131
-0.499129 0.116029 -0.092732
-0.460345 0.175319 -0.087835
-0.459520 -0.039205 -0.093589
-0.503327 -0.071872 -0.085245
-0.398215 0.114220 -0.093752
-0.612423 0.119809 -0.083581
-0.384822 0.048736 -0.094080
-0.375923 0.015350 -0.086268
-0.602465 0.070353 -0.083828
-0.498703 -0.121756 -0.090250
-0.533030 0.213668 -0.092102
-0.519698 0.208459 -0.092252
-0.442208 -0.037957 -0.093760
-0.646156 0.046546 -0.083459
-0.593902 0.112055 -0.091791
-0.662109 0.070346 -0.086061
-0.604757 -0.023269 -0.092082
-0.489124 0.139104 -0.092764
-0.539530 0.164633 -0.084182
-0.341178 0.068201 -0.094462
-0.594056 0.148274 -0.085237
-0.395698 0.051631 -0.093962
-0.573528 0.128919 -0.083945
-0.581084 -0.039021 -0.092367
-0.511751 -0.004771 -0.084962
-0.678151 0.040327 -0.083155
-0.464360 -0.063699 -0.093613
-0.399074 0.082320 -0.085837
-0.602122 0.024642 -0.083966
-0.560176 0.083518 -0.092214
-0.521461 0.056396 -0.092684
-0.420390 0.007698 -0.093844
-0.464105 -0.053571 -0.093586
-0.474486 0.153120 -0.084870
-0.519389 0.184357 -0.092326
-0.650122 0.055833 -0.091392
-0.508478 -0.065835 -0.093176
-0.419797 0.008602 -0.085847
-0.398894 0.121647 -0.091466
-0.607268 0.004545 -0.091974
-0.632546 0.056210 -0.083567
-0.667578 0.045193 -0.091248
-0.610152 0.125331 -0.091588
-0.411553 0.018844 -0.093900
-0.450827 0.133362 -0.085166
-0.441386 0.026037 -0.093579
-0.645427 0.015799 -0.091557
-0.586841 0.036160 -0.092086
-0.583048 0.139571 -0.091819
-0.604977 0.001087 -0.092008
-0.355572 0.083362 -0.086272
-0.451900 0.063827 -0.085361
-0.407317 0.085247 -0.093746
-0.557463 0.080746 -0.084249
-0.424218 0.069536 -0.093623
-0.483330 0.053426 -0.085076
-0.492711 -0.079394 -0.085374
-0.447859 0.082890 -0.085345
-0.610562 -0.015317 -0.084000
-0.503160 0.158131 -0.084567
-0.602974 0.115121 -0.091691
-0.569636 -0.014212 -0.084408
-0.525556 0.085174 -0.084557
-0.550261 -0.016294 -0.092609
-0.506453 0.204822 -0.092396
-0.481405 0.129698 -0.092870
-0.605718 0.045229 -0.091870
-0.506903 0.061788 -0.092814
-0.593582 0.122688 -0.083762
-0.483359 -0.110187 -0.093560
-0.629062 0.013998 -0.091727
-0.410906 -0.019620 -0.094020
-0.537238 -0.074706 -0.084913
-0.470551 0.098390 -0.085071
-0.625514 0.036267 -0.083697
-0.491820 0.091998 -0.092877
-0.524710 -0.007468 -0.092840
-0.574949 0.157010 -0.091849
-0.507905 0.179443 -0.084456
-0.399962 0.114269 -0.085734
-0.435769 0.034367 -0.093611
-0.479911 0.053504 -0.085110
-0.576604 0.081409 -0.084055
-0.391322 0.033138 -0.094061
-0.387445 0.111656 -0.090739
-0.452639 0.078466 -0.085310
-0.654100 0.079549 -0.088196
-0.541059 0.085734 -0.084400
-0.641370 0.006162 -0.091627
-0.486905 -0.113797 -0.085534
-0.412308 -0.029255 -0.086034
-0.409760 0.065326 -0.093781
-0.480886 0.180874 -0.092724
-0.529824 0.188595 -0.084208
-0.503134 0.176371 -0.092513
-0.566676 0.008816 -0.084370
-0.549704 0.010969 -0.092534
-0.650337 0.025480 -0.091479
-0.435789 0.090759 -0.085443
-0.467591 -0.000986 -0.093395
-0.596103 0.146008 -0.090593
-0.575098 0.044283 -0.084180
-0.400675 0.004561 -0.086051
-0.572907 -0.054718 -0.092495
-0.568733 0.007104 -0.092354
-0.477238 -0.057225 -0.093465
-0.539661 0.052581 -0.092512
-0.534311 -0.054745 -0.084883
-0.436688 -0.051819 -0.085856
-0.459002 0.102725 -0.093175
-0.435434 0.077490 -0.085486
-0.622245 0.027442 -0.091756
-0.535549 0.127208 -0.084332
-0.469674 -0.058082 -0.093543
-0.575530 0.028739 -0.084222
-0.499887 0.172802 -0.092557
-0.500878 0.048049 -0.084915
-0.491992 0.007791 -0.093124
-0.550208 0.137965 -0.084153
-0.458507 0.066414 -0.085287
-0.408346 0.009998 -0.093958
-0.538116 0.211953 -0.084056
-0.517506 -0.105344 -0.090963
-0.338553 0.063990 -0.094501
-0.417919 0.127262 -0.085515
-0.568800 0.014650 -0.092331
-0.482719 0.032908 -0.093143
-0.499026 0.097797 -0.092787
-0.532439 -0.056031 -0.092906
-0.473790 -0.091763 -0.085601
-0.573019 -0.046161 -0.092469
-0.556639 -0.058658 -0.084670
-0.377966 0.074474 -0.094073
-0.472021 -0.068898 -0.093552
-0.625094 0.068046 -0.091607
-0.574366 -0.021295 -0.092382
-0.621145 -0.007346 -0.083870
-0.499956 0.012233 -0.093031
-0.542335 0.093557 -0.092364
-0.440782 0.023471 -0.093592
-0.659141 0.061461 -0.083284
-0.413880 0.026692 -0.093853
-0.529064 0.198803 -0.092186
-0.477191 -0.099861 -0.093591
-0.586956 0.052397 -0.084037
-0.591881 0.123438 -0.091778
-0.379063 0.066703 -0.094085
-0.541618 0.203229 -0.092047
-0.391988 0.053596 -0.085994
-0.602777 0.023074 -0.083964
-0.595305 0.072215 -0.091895
-0.378190 0.025174 -0.086216
-0.498321 -0.070252 -0.085291
-0.459374 -0.073065 -0.093691
-0.388819 0.083596 -0.093937
-0.484536 -0.060799 -0.093402
-0.594669 0.063533 -0.083926
-0.416336 0.025206 -0.093833
-0.494887 0.205486 -0.086224
-0.545823 0.006006 -0.092588
-0.344494 0.063822 -0.094441
-0.434751 0.003277 -0.085712
-0.602742 0.109011 -0.083711
-0.559819 0.005832 -0.084447
-0.534364 0.209969 -0.084100
-0.536515 0.214208 -0.087536
-0.543828 0.191086 -0.092061
-0.362682 0.068037 -0.086246
-0.639020 0.051241 -0.083517
-0.346929 0.045261 -0.094472
-0.489814 0.176512 -0.092647
-0.436147 -0.009612 -0.085736
-0.542325 -0.058610 -0.084814
-0.552796 -0.074500 -0.085229
-0.551573 -0.054103 -0.084707
-0.656819 0.021378 -0.083426
-0.439362 -0.063698 -0.092417
-0.368983 0.052990 -0.094227
-0.591682 0.005002 -0.084129
-0.418805 -0.012402 -0.085919
-0.510788 0.196314 -0.092377
-0.616592 0.031803 -0.083800
-0.539553 0.036636 -0.084560
-0.402059 0.113751 -0.093715
-0.553412 0.032681 -0.092433
-0.405049 -0.005176 -0.094036
-0.447250 -0.017387 -0.093648
-0.507021 0.015873 -0.084948
-0.435540 0.127137 -0.093339
-0.484159 0.178919 -0.084696
-0.499546 0.156929 -0.084607
-0.544320 0.047943 -0.084479
-0.516474 -0.063301 -0.085088
-0.624930 0.097857 -0.083520
-0.426442 0.031367 -0.093713
-0.609150 0.122915 -0.083605
-0.601994 0.043730 -0.091912
-0.621271 0.066981 -0.091649
-0.584113 0.155033 -0.083762
-0.449507 0.113751 -0.085237
-0.363941 0.046791 -0.086296
-0.483281 0.192022 -0.084666
-0.471320 0.053898 -0.093195
-0.517884 0.216847 -0.092245
-0.660709 0.048817 -0.083306
-0.379220 0.005208 -0.094231
-0.381547 0.057388 -0.086087
-0.453311 -0.060185 -0.085713
-0.487280 0.156742 -0.084730
-0.406146 0.040108 -0.093892
-0.607474 0.027840 -0.091904
-0.602838 0.003162 -0.092023
-0.485562 0.140322 -0.084796
-0.442030 -0.018904 -0.085705
-0.389453 0.060805 -0.085998
-0.453085 0.115433 -0.085196
-0.560629 0.120004 -0.084102
-0.555347 -0.061648 -0.084692
-0.543472 0.056804 -0.092461
-0.477458 0.070461 -0.085084
-0.552839 0.115068 -0.092195
-0.554646 -0.036591 -0.084625
-0.522724 0.097332 -0.092550
-0.602217 0.027119 -0.083958
-0.416368 0.094664 -0.093627
-0.455171 0.170793 -0.089458
-0.554923 0.014304 -0.084471
-0.557833 0.074825 -0.092264
-0.557237 0.177297 -0.083966
-0.491449 0.139028 -0.092741
-0.461340 0.134041 -0.093059
-0.374012 0.073154 -0.094117
-0.387731 0.097727 -0.085906
-0.550899 0.096274 -0.092270
-0.662134 0.067739 -0.083235
-0.587245 0.016681 -0.084139
-0.643170 0.081325 -0.091386
-0.570613 0.123731 -0.091991
-0.498833 -0.076309 -0.085303
-0.448556 0.099983 -0.093288
-0.440150 0.138386 -0.085259
-0.482506 0.040408 -0.093123
-0.514934 -0.079347 -0.085150
-0.532067 -0.082613 -0.084988
-0.461771 0.142800 -0.093029
-0.430675 0.025840 -0.093687
-0.559141 -0.061522 -0.084653
-0.479714 0.077088 -0.085042
-0.559998 0.158866 -0.091993
-0.475598 0.149687 -0.084869
-0.519390 0.088135 -0.084610
-0.472761 0.147722 -0.084903
-0.655791 0.077308 -0.091271
-0.468680 0.106247 -0.085067
-0.386071 0.089399 -0.093948
-0.637096 0.091384 -0.083417
-0.491693 -0.091704 -0.093421
-0.619680 0.042880 -0.083736
-0.517728 0.124018 -0.092521
-0.513881 0.222054 -0.088814
-0.492778 0.044925 -0.085006
-0.393829 0.033192 -0.086035
-0.473438 0.163584 -0.092850
-0.522478 0.110537 -0.084513
-0.446655 0.079388 -0.085368
-0.635477 0.012716 -0.083666
-0.381474 0.027123 -0.094178
-0.610881 -0.015737 -0.083998
-0.644739 0.040477 -0.083491
-0.551737 0.121012 -0.092188
-0.494942 -0.056472 -0.085284
-0.612099 0.025283 -0.083864
-0.598688 -0.015046 -0.092119
-0.630969 0.039883 -0.083631
-0.657548 0.016955 -0.085408
-0.602894 0.078231 -0.091801
-0.492695 0.172238 -0.084630
-0.489981 0.152281 -0.092717
-0.548633 -0.006264 -0.092596
-0.579548 0.004589 -0.084253
-0.536734 -0.081059 -0.084936
-0.610718 0.018426 -0.083898
-0.396745 0.118083 -0.085755
-0.508455 0.096478 -0.084696
-0.582874 0.147694 -0.091796
-0.527697 0.111931 -0.084457
-0.611024 0.010479 -0.091919
-0.471499 0.095343 -0.085071
-0.621273 -0.004900 -0.091862
-0.526146 0.028618 -0.092719
-0.569115 -0.017572 -0.092423
-0.346654 0.062645 -0.094423
-0.583933 0.147735 -0.083785
-0.385812 0.021658 -0.086150
-0.543014 0.138218 -0.092225
-0.465329 0.094620 -0.085135
-0.507736 -0.064553 -0.093180
-0.500773 0.127523 -0.092682
-0.556679 0.018980 -0.092440
-0.470639 0.092063 -0.093089
-0.586112 0.157404 -0.087483
-0.519386 -0.012239 -0.092908
-0.528858 -0.053540 -0.084934
-0.367461 0.094187 -0.094121
-0.564561 0.162553 -0.091937
-0.361477 0.025438 -0.087983
-0.481202 -0.049238 -0.085401
-0.590898 0.133996 -0.091756
-0.483299 -0.029420 -0.093321
-0.447366 0.064218 -0.093406
-0.395928 0.036318 -0.094005
-0.405368 -0.015273 -0.094063
-0.534696 -0.027280 -0.092798
-0.621741 0.116620 -0.088970
-0.502178 0.179057 -0.092515
-0.440005 0.059097 -0.085494
-0.544181 0.019634 -0.084564
-0.552106 0.009436 -0.092515
-0.495077 0.197941 -0.084530
-0.453864 -0.066444 -0.093727
-0.490194 0.201362 -0.090814
-0.471071 0.006568 -0.085337
-0.405288 0.030169 -0.093930
-0.424915 -0.032042 -0.093916
-0.568429 -0.028608 -0.084463
-0.479642 -0.096133 -0.093555
-0.555309 0.137099 -0.092105
-0.552971 -0.059913 -0.084711
-0.467474 0.166787 -0.084900
-0.534015 0.062433 -0.092540
-0.469574 -0.006760 -0.093392
-0.517201 0.009791 -0.084864
-0.593566 0.082140 -0.091883
-0.476916 0.094584 -0.085018
-0.376717 0.072020 -0.094093
-0.492570 0.102226 -0.084838
-0.628886 0.090882 -0.091502
-0.483823 0.106484 -0.092914
-0.539141 0.194454 -0.092098
-0.508788 0.189683 -0.092417
-0.470471 0.160537 -0.084888
-0.573220 0.079035 -0.092097
-0.502929 -0.063679 -0.085225
-0.575625 -0.007468 -0.084328
-0.489387 -0.011464 -0.093207
-0.528749 -0.031205 -0.092870
-0.547639 -0.079012 -0.086908
-0.401979 0.034314 -0.085950
-0.508410 0.123999 -0.084615
-0.418433 0.130893 -0.093500
-0.598631 0.143042 -0.085739
-0.445326 0.095602 -0.093333
-0.527171 0.074630 -0.084572
-0.515312 0.007673 -0.092890
-0.436612 0.110968 -0.093376
-0.474042 0.012693 -0.085289
-0.410200 0.034604 -0.093867
-0.544854 0.048610 -0.084471
-0.497939 -0.005873 -0.093105
-0.566722 0.058131 -0.092224
-0.566769 0.014808 -0.084351
-0.520863 0.212726 -0.092228
-0.398712 -0.017137 -0.086135
-0.545651 0.152918 -0.084155
-0.587524 -0.003796 -0.084197
-0.529073 0.122986 -0.084410
-0.422463 0.117433 -0.085498
-0.518656 -0.061626 -0.093061
-0.519252 0.120714 -0.084515
-0.390261 0.106645 -0.085854
-0.535812 -0.039658 -0.092824
-0.568115 0.085192 -0.092130
-0.564720 0.024156 -0.084344
-0.645021 0.006011 -0.086700
-0.501601 -0.065974 -0.085245
-0.461851 -0.081717 -0.093692
-0.529454 0.095351 -0.092488
-0.521419 -0.019508 -0.092909
-0.405856 0.016594 -0.093964
-0.344706 0.044695 -0.091415
-0.561757 0.169410 -0.083944
-0.636032 0.081030 -0.083459
-0.424965 0.056929 -0.085652
-0.411542 0.100136 -0.093660
-0.423430 -0.031583 -0.085929
-0.483345 0.025364 -0.085158
-0.605731 0.120808 -0.083646
-0.483089 0.016359 -0.093188
-0.369181 0.028765 -0.086296
-0.639299 0.011290 -0.091632
-0.463267 0.032619 -0.093339
-0.446902 0.077056 -0.085372
-0.620270 0.090554 -0.091589
-0.381923 0.089164 -0.085990
-0.472623 0.008788 -0.093316
-0.486910 -0.093311 -0.093474
-0.561822 0.046456 -0.084307
-0.380535 0.091667 -0.085996
-0.461293 0.029646 -0.093368
-0.599884 0.080773 -0.091823
-0.522730 0.151796 -0.092389
-0.591794 0.052699 -0.083987
-0.622256 -0.002499 -0.083844
-0.347798 0.057979 -0.086425
-0.493380 -0.125600 -0.089976
-0.531318 0.044609 -0.092620
-0.514627 0.106761 -0.084603
-0.632561 -0.004704 -0.091747
-0.397224 0.057585 -0.093930
-0.435241 0.056898 -0.085549
-0.465699 0.091543 -0.085140
-0.488926 -0.120521 -0.088430
-0.534080 0.098174 -0.092433
-0.435179 0.016676 -0.085668
-0.365748 0.092728 -0.088041
-0.543803 -0.001795 -0.084631
-0.573096 0.031267 -0.084239
-0.564508 0.105717 -0.092105
-0.443385 0.024096 -0.085564
-0.652678 0.054671 -0.083369
-0.551172 0.197447 -0.089276
-0.555713 0.112843 -0.092173
-0.534226 0.136713 -0.084318
-0.520604 0.158068 -0.092392
-0.406773 0.114282 -0.093666
-0.391813 0.021295 -0.094091
-0.581298 -0.021267 -0.084311
-0.529130 0.109307 -0.084450
-0.562034 0.056786 -0.092275
-0.509277 -0.071998 -0.093186
-0.488980 0.072893 -0.092962
-0.544352 0.019441 -0.092563
-0.543207 0.010823 -0.092600
-0.532073 0.207857 -0.084129
-0.441033 0.034170 -0.085558
-0.480242 -0.101977 -0.093567
-0.555986 0.191870 -0.084897
-0.437895 0.070054 -0.093484
-0.647488 0.087092 -0.086162
-0.472052 0.043222 -0.093220
-0.626666 0.016498 -0.091744
-0.369881 0.035245 -0.086270
-0.514644 -0.012700 -0.092957
-0.390742 0.007890 -0.094142
-0.447301 0.039724 -0.093479
-0.522546 0.021601 -0.092776
-0.449808 -0.059846 -0.093748
-0.368407 0.026179 -0.086312
-0.416346 0.112625 -0.093575
-0.511460 0.076694 -0.084724
-0.433308 -0.020776 -0.093798
-0.430534 0.052616 -0.085609
-0.482253 0.186529 -0.092693
-0.482926 0.037299 -0.093128
-0.583578 0.081110 -0.083986
-0.564790 -0.049996 -0.092563
-0.404551 0.126577 -0.092970
-0.544195 0.018129 -0.084568
-0.400924 0.068438 -0.093860
-0.526511 -0.035210 -0.084904
-0.481923 0.026463 -0.085170
-0.391504 0.048625 -0.094014
-0.566298 0.097759 -0.092111
-0.459915 0.087309 -0.093211
-0.416170 0.125974 -0.093537
-0.379081 0.042626 -0.094156
-0.565522 0.054729 -0.084245
-0.363785 0.033535 -0.094337
-0.480245 0.059015 -0.093091
-0.396137 0.017288 -0.086059
-0.378411 0.048909 -0.086144
-0.589182 0.151109 -0.083722
-0.404222 0.076569 -0.085803
-0.580209 0.164136 -0.085428
-0.455268 0.126835 -0.085141
-0.445896 0.145993 -0.085178
-0.531713 0.185944 -0.092198
-0.626521 0.068235 -0.083592
-0.377594 0.021379 -0.094234
-0.580651 0.029366 -0.092169
-0.531356 0.086409 -0.084495
-0.490997 0.069692 -0.084950
-0.632922 0.086037 -0.083475
-0.491902 0.048628 -0.085004
-0.618804 0.043558 -0.083743
-0.562306 -0.066240 -0.092519
-0.521544 -0.060845 -0.085029
-0.483824 0.045360 -0.085095
-0.448220 -0.062051 -0.085770
-0.608768 0.033502 -0.083873
-0.590618 0.120069 -0.083800
-0.557337 -0.068652 -0.084693
-0.638402 0.097486 -0.085271
-0.381109 0.002960 -0.088450
-0.529694 0.156438 -0.092305
-0.417214 -0.013859 -0.085939
-0.453229 -0.079645 -0.087991
-0.489074 0.039536 -0.093059
-0.568584 0.022991 -0.092309
-0.381253 0.062060 -0.086076
-0.607544 -0.025433 -0.092060
-0.491358 0.174206 -0.092638
-0.566364 0.150195 -0.083955
-0.472802 0.110326 -0.085013
-0.534957 0.089086 -0.084451
-0.474473 -0.014959 -0.085367
-0.510581 -0.056931 -0.085128
-0.616777 0.088856 -0.083629
-0.395418 0.007516 -0.094096
-0.338456 0.068907 -0.086816
-0.520251 0.014144 -0.084821
-0.539701 0.108507 -0.092346
-0.510534 0.062821 -0.084774
-0.526243 -0.031011 -0.092894
-0.650650 0.010927 -0.086439
-0.503869 -0.012906 -0.093066
-0.389596 0.113522 -0.092682
-0.534643 -0.061430 -0.084899
-0.408650 0.098699 -0.085693
-0.523982 0.207025 -0.084213
-0.491392 -0.100593 -0.085450
-0.471168 0.119074 -0.085004
-0.471340 0.069343 -0.093150
-0.529230 0.045426 -0.092638
-0.492209 0.068875 -0.084941
-0.631883 0.095211 -0.083458
-0.641650 0.073674 -0.091424
-0.512064 -0.038715 -0.085059
-0.532595 -0.013956 -0.084780
-0.563380 0.075148 -0.092207
-0.529708 0.084491 -0.092518
-0.531836 0.208152 -0.092131
-0.567456 0.097291 -0.084100
-0.426411 -0.048936 -0.087615
-0.463505 0.006386 -0.093415
-0.366934 0.067202 -0.094206
-0.417397 0.095868 -0.093613
-0.420265 -0.041911 -0.086634
-0.480162 0.074348 -0.093046
-0.446601 0.079760 -0.085367
-0.384844 0.053471 -0.094066
-0.495513 0.205584 -0.092504
-0.504968 -0.083796 -0.085264
-0.421124 0.097830 -0.093570
-0.425725 -0.048086 -0.092058
-0.641012 0.012789 -0.083610
-0.509505 0.140784 -0.084554
-0.614138 0.033577 -0.091820
-0.468827 0.054974 -0.093217
-0.510028 0.120880 -0.092608
-0.526805 0.124328 -0.092429
-0.453763 0.074757 -0.085310
-0.580972 0.068782 -0.084048
-0.429424 0.037406 -0.093665
-0.535779 -0.083751 -0.092954
-0.531593 0.165353 -0.092260
-0.513326 -0.094552 -0.093212
-0.538010 0.133812 -0.092289
-0.412271 0.102565 -0.085645
-0.546580 0.180264 -0.092065
-0.535331 0.202152 -0.092113
-0.363823 0.052385 -0.086280
-0.559801 0.012394 -0.092429
-0.512688 0.072327 -0.092725
-0.507122 0.190280 -0.092432
-0.506984 0.177063 -0.092473
-0.375196 0.055472 -0.086157
-0.536784 0.147231 -0.084261
-0.560891 0.090038 -0.084188
-0.574574 0.113640 -0.091981
-0.555184 0.020058 -0.084452
-0.600584 -0.013960 -0.092096
-0.497258 -0.015214 -0.093139
-0.659818 0.020069 -0.083400
-0.436116 0.127385 -0.093332
-0.491901 0.082368 -0.084904
-0.372150 0.067766 -0.094152
-0.565951 0.096026 -0.092119
-0.670034 0.060902 -0.091177
-0.428095 0.053198 -0.085632
-0.493669 0.192162 -0.092562
-0.461453 0.163213 -0.092971
-0.525392 0.185637 -0.092262
-0.394146 0.048617 -0.093987
-0.498377 0.199031 -0.084494
-0.404749 -0.014856 -0.094068
-0.496376 -0.118310 -0.085452
-0.588303 0.079791 -0.091943
-0.380649 0.005157 -0.094251
-0.585504 0.117619 -0.083858
-0.556079 0.136868 -0.092098
-0.387388 0.048738 -0.094055
-0.599140 0.094487 -0.083790
-0.596208 0.145451 -0.091669
-0.400055 0.104837 -0.085761
-0.486103 0.194852 -0.084630
-0.419978 0.140046 -0.093005
-0.467446 0.006771 -0.093374
-0.457358 -0.054945 -0.085657
-0.608987 -0.025451 -0.087051
-0.398853 0.006090 -0.094065
-0.409821 0.079375 -0.093738
-0.489910 0.045821 -0.085032
-0.492560 0.039770 -0.093024
-0.522568 -0.086140 -0.085094
-0.395620 0.072143 -0.093903
-0.542079 0.207850 -0.088496
-0.584575 0.030266 -0.084126
-0.430998 0.106040 -0.093447
-0.490178 -0.017553 -0.093217
-0.394951 0.057153 -0.085953
-0.613425 0.126078 -0.084350
-0.436358 0.113629 -0.085370
-0.624199 0.087898 -0.083557
-0.613752 0.030055 -0.091834
-0.449066 -0.052663 -0.093734
-0.498503 -0.029681 -0.085169
-0.507751 0.143560 -0.084564
-0.599214 -0.034011 -0.091656
-0.481384 0.109773 -0.092929
-0.557299 0.176262 -0.083969
-0.372707 0.030228 -0.094257
-0.366447 0.035553 -0.086304
-0.596252 -0.018833 -0.084154
-0.558351 -0.048977 -0.084624
-0.442007 0.159312 -0.087283
-0.428836 0.018222 -0.093728
-0.515511 0.150658 -0.092465
-0.511153 0.019648 -0.084896
-0.566845 -0.010658 -0.084425
-0.561117 0.139218 -0.092040
-0.493483 0.043146 -0.093004
-0.600163 0.084926 -0.091808
-0.385195 0.073697 -0.086002
-0.506900 0.214193 -0.084363
-0.457396 -0.030569 -0.085585
-0.434687 0.118415 -0.093373
-0.562522 -0.040369 -0.084557
-0.399255 0.061440 -0.085897
-0.457258 -0.052185 -0.093651
-0.519895 0.075606 -0.092643
-0.417419 0.101661 -0.093596
-0.557158 -0.057430 -0.084661
-0.672843 0.046094 -0.091192
-0.549432 0.178307 -0.092042
-0.638938 0.094858 -0.083389
-0.528967 -0.076698 -0.093002
-0.372840 0.098060 -0.086055
-0.581890 -0.049138 -0.091978
-0.607505 0.071467 -0.083774
-0.425603 0.090855 -0.093546
-0.600003 0.000851 -0.092058
-0.549550 0.005254 -0.084552
-0.540031 -0.065726 -0.092858
-0.486563 -0.091119 -0.093471
-0.523280 0.143040 -0.092409
-0.397279 0.028328 -0.094016
-0.347077 0.055213 -0.086440
-0.627757 0.100979 -0.091483
-0.623931 0.106781 -0.083504
-0.438209 -0.024538 -0.093760
-0.560612 -0.008323 -0.092482
-0.597910 0.126752 -0.091707
-0.648408 0.066491 -0.091378
-0.548960 0.194216 -0.083999
-0.610122 -0.024456 -0.086257
-0.487791 0.038051 -0.093077
-0.529957 0.221722 -0.087782
-0.668160 0.026226 -0.084345
-0.348711 0.077826 -0.092777
-0.456259 0.022091 -0.093441
-0.486889 0.185837 -0.092649
-0.366980 0.030766 -0.086313
-0.577312 0.110526 -0.083962
-0.449655 0.094747 -0.085292
-0.598489 0.111796 -0.091746
-0.545364 -0.010429 -0.092641
-0.518359 0.085111 -0.084630
-0.578848 0.128506 -0.091894
-0.562085 -0.025703 -0.092518
-0.419579 0.033368 -0.093776
-0.513213 -0.003742 -0.092945
-0.514716 -0.107016 -0.093235
-0.577788 0.162697 -0.083803
-0.523309 0.129735 -0.092448
-0.550513 0.037266 -0.092448
-0.530672 0.147388 -0.084322
-0.481605 0.027373 -0.085170
-0.529015 0.032379 -0.084679
-0.558979 0.100771 -0.092175
-0.512257 0.177087 -0.092420
-0.677397 0.052877 -0.088837
-0.567413 -0.055493 -0.084552
-0.491410 0.052751 -0.092997
-0.563201 -0.039185 -0.084546
-0.347850 0.047401 -0.094456
-0.534204 -0.080791 -0.084961
-0.569226 0.088180 -0.084109
-0.493928 0.179697 -0.084596
-0.592239 0.011871 -0.084103
-0.524952 0.061896 -0.092633
-0.505936 0.092561 -0.084733
-0.584524 0.131213 -0.091829
-0.494758 -0.059161 -0.085294
-0.517951 0.165486 -0.092397
-0.433136 -0.040244 -0.085857
-0.588943 0.051288 -0.084020
-0.616381 0.095119 -0.091615
-0.620188 -0.015655 -0.084015
-0.465466 0.169148 -0.092913
-0.522352 -0.100867 -0.085140
-0.491936 0.080978 -0.084908
-0.377620 0.071345 -0.094086
-0.528737 0.035059 -0.084673
-0.525654 0.150872 -0.084362
-0.526685 0.128916 -0.084416
-0.449272 0.043518 -0.093448
-0.594577 0.062430 -0.083930
-0.619293 0.042087 -0.083742
-0.519162 0.070717 -0.092665
-0.542512 0.207341 -0.087662
-0.460347 0.095663 -0.093182
-0.392143 0.053059 -0.085994
-0.467112 -0.028934 -0.085482
-0.402750 0.017905 -0.093991
-0.451603 0.020094 -0.093494
-0.494286 0.168010 -0.084627
-0.508997 0.217789 -0.089013
-0.513863 -0.095728 -0.085210
-0.561020 -0.056623 -0.084620
-0.412854 0.058140 -0.093771
-0.507972 0.076485 -0.084760
-0.514330 0.102905 -0.092618
-0.490867 0.108487 -0.092837
-0.494375 0.067780 -0.084922
-0.539175 0.169193 -0.092172
-0.463822 -0.004271 -0.093443
-0.477277 -0.022751 -0.093362
-0.476453 0.078586 -0.085070
-0.511345 0.111763 -0.084621
-0.404227 0.104698 -0.085719
-0.502688 -0.115650 -0.085381
-0.626569 0.045735 -0.083658
-0.383471 0.094555 -0.085958
-0.441635 -0.060102 -0.085831
-0.497551 -0.016490 -0.085139
-0.607557 0.053433 -0.091827
-0.506105 -0.055302 -0.093169
-0.578901 0.088101 -0.084012
-0.520092 0.080748 -0.092626
-0.416575 0.134907 -0.085506
-0.445209 0.056376 -0.093451
-0.518343 -0.089028 -0.085145
-0.633841 0.040255 -0.083601
-0.547457 0.000768 -0.084587
-0.428474 0.080274 -0.093548
-0.618550 -0.003007 -0.091883
-0.548132 0.068959 -0.084378
-0.545894 0.063067 -0.092418
-0.451798 0.126964 -0.093176
-0.475752 0.112964 -0.084976
-0.614420 0.038235 -0.091803
-0.502912 0.052679 -0.092881
-0.442597 -0.016787 -0.093693
-0.510952 -0.045001 -0.085089
-0.587763 0.023575 -0.092114
-0.408650 0.110284 -0.093659
-0.529938 -0.068157 -0.092967
-0.530765 0.095258 -0.084475
-0.508269 -0.054502 -0.093144
-0.642660 0.053908 -0.083472
-0.451977 -0.070366 -0.093757
-0.632431 0.104308 -0.084185
-0.425954 -0.014448 -0.093854
-0.501585 0.063074 -0.092864
-0.462131 0.079179 -0.093213
-0.540427 0.181933 -0.092122
-0.478830 0.149473 -0.084837
-0.621241 0.030889 -0.091756
-0.517672 0.213926 -0.084256
-0.515472 0.051037 -0.084760
-0.348382 0.040444 -0.088552
-0.473021 0.161535 -0.084860
-0.486313 0.078773 -0.092971
-0.451479 0.082522 -0.085310
-0.544780 -0.048064 -0.084758
-0.345039 0.044332 -0.092670
-0.522870 0.169068 -0.084336
-0.446714 -0.002139 -0.085608
-0.419917 -0.005055 -0.093887
-0.462232 0.139615 -0.085033
-0.549196 0.193383 -0.083999
-0.393084 0.042721 -0.086015
-0.609660 0.127921 -0.083585
-0.606915 0.007358 -0.091970
-0.488349 0.025419 -0.093108
-0.544360 -0.071671 -0.084832
-0.426976 0.066371 -0.093604
-0.581410 0.010435 -0.092217
-0.475229 -0.080364 -0.085553
-0.552895 -0.057883 -0.084705
-0.387987 0.054533 -0.086031
-0.573752 0.078728 -0.084092
-0.654787 0.016476 -0.083461
-0.415270 -0.036067 -0.086025
-0.486426 -0.004981 -0.093218
-0.511073 -0.016799 -0.085004
-0.483654 -0.076280 -0.085456
-0.542101 0.171191 -0.092137
-0.454959 0.049713 -0.085372
-0.559740 0.043308 -0.084337
-0.616165 0.076145 -0.091673
-0.443824 0.063897 -0.093442
-0.408248 0.083282 -0.085742
-0.608303 0.057524 -0.091807
-0.414532 0.114784 -0.085586
-0.361785 0.034009 -0.094356
-0.442288 -0.023759 -0.085717
-0.401224 0.104165 -0.085751
-0.472748 -0.017251 -0.085391
-0.488675 -0.099296 -0.093474
-0.520149 -0.004468 -0.084877
-0.459924 0.142529 -0.093048
-0.416462 0.074458 -0.093686
-0.561724 0.182325 -0.091907
-0.546847 0.196598 -0.092014
-0.614411 0.105483 -0.083604
-0.536635 -0.088620 -0.087000
-0.427960 0.075066 -0.093569
-0.499250 -0.095545 -0.093357
-0.465534 -0.093694 -0.090902
-0.493405 0.100411 -0.092836
-0.506311 0.101249 -0.084703
-0.603932 0.090105 -0.091755
-0.590211 0.131779 -0.091770
-0.509812 -0.011106 -0.093001
-0.521630 0.205567 -0.092241
-0.350057 0.071966 -0.086361
-0.621700 0.014910 -0.083798
-0.520786 -0.076055 -0.093082
-0.544694 -0.051837 -0.092770
-0.417297 0.137719 -0.090547
-0.512967 0.103336 -0.084630
-0.526146 0.226078 -0.087109
-0.461596 0.145763 -0.085021
-0.553782 0.118786 -0.084174
-0.478676 0.066265 -0.085084
-0.439804 0.097308 -0.085384
-0.364042 0.091209 -0.093110
-0.590374 0.104921 -0.091847
-0.519305 0.025958 -0.084795
-0.517764 -0.056850 -0.085056
-0.556494 0.024239 -0.092427
-0.383199 0.044638 -0.094109
-0.441126 0.130435 -0.085272
-0.498889 0.205201 -0.092471
-0.477049 -0.008573 -0.085322
-0.541208 -0.075562 -0.084875
-0.436763 0.059679 -0.093526
-0.536060 0.179860 -0.084172
-0.563115 0.011311 -0.092398
-0.512733 0.179527 -0.092408
-0.575295 0.105138 -0.083998
-0.513472 0.150758 -0.092485
-0.429882 -0.002530 -0.085779
-0.571601 0.147740 -0.083909
-0.616473 0.022243 -0.083829
-0.536896 0.032525 -0.084599
-0.495264 -0.116642 -0.093459
-0.460053 -0.008287 -0.093493
-0.457560 0.161664 -0.085015
-0.591723 0.151034 -0.091313
-0.366835 0.076766 -0.086178
-0.555152 -0.057032 -0.084680
-0.654678 0.057571 -0.091341
-0.448865 -0.036158 -0.093688
-0.480500 0.157523 -0.092797
-0.574535 -0.052334 -0.092472
-0.419196 -0.011741 -0.085913
-0.430771 0.086990 -0.085505
-0.576102 0.066732 -0.092104
-0.465140 -0.062738 -0.093602
-0.626043 0.001078 -0.083795
-0.588483 0.002786 -0.092169
-0.391732 0.096266 -0.093870
-0.626820 0.030535 -0.091701
-0.443145 0.025659 -0.093562
-0.671845 0.058374 -0.091166
-0.574685 0.058995 -0.084141
-0.616253 0.060556 -0.083718
-0.442378 0.090879 -0.093377
-0.545232 0.018863 -0.084555
-0.543846 0.185857 -0.092076
-0.514224 -0.034481 -0.085025
-0.489054 0.143331 -0.084752
-0.542090 0.062450 -0.092459
-0.386289 0.049885 -0.086062
-0.445486 0.089795 -0.085349
-0.583376 0.046950 -0.092089
-0.499804 0.065501 -0.084874
-0.415538 0.102169 -0.093614
-0.438047 -0.056043 -0.085855
-0.540049 -0.013263 -0.092703
-0.471276 0.087502 -0.085096
-0.596178 0.040114 -0.083980
-0.503985 -0.037627 -0.085137
-0.561635 0.167715 -0.091951
-0.553656 0.057887 -0.084355
-0.615521 0.123339 -0.083540
-0.400078 0.058224 -0.093899
-0.516122 0.136876 -0.092500
-0.614416 -0.007429 -0.091938
-0.478705 -0.019798 -0.085339
-0.576009 0.019515 -0.084244
-0.628244 0.058539 -0.091604
-0.529091 0.203517 -0.084172
-0.529634 0.120993 -0.092411
-0.576635 0.102661 -0.083992
-0.495731 0.173417 -0.092597
-0.507049 -0.072517 -0.093210
-0.476585 -0.033719 -0.085401
-0.585022 0.047751 -0.092070
-0.397039 0.058206 -0.093930
-0.529178 -0.072074 -0.084986
-0.589712 0.134976 -0.083765
-0.541470 0.171690 -0.084141
-0.505494 0.213229 -0.084380
-0.564230 0.128152 -0.092042
-0.547498 0.002744 -0.092581
-0.609367 -0.021577 -0.092031
-0.487531 0.114458 -0.092853
-0.497424 0.085031 -0.084840
-0.516827 -0.092257 -0.093170
-0.531647 -0.074075 -0.084967
-0.602747 0.119713 -0.091679
-0.437375 0.139290 -0.085284
-0.446142 0.064099 -0.085418
-0.342999 0.072830 -0.094312
-0.666765 0.027592 -0.083308
-0.503095 0.077918 -0.092805
-0.564221 -0.062371 -0.092605
-0.658855 0.074068 -0.085781
-0.336503 0.055956 -0.094545
-0.606199 -0.004902 -0.092013
-0.578878 0.125124 -0.091903
-0.531397 0.147470 -0.092315
-0.408568 0.126151 -0.085612
-0.490850 -0.003310 -0.085168
-0.374507 0.068764 -0.086124
-0.610040 0.109483 -0.083636
-0.525295 0.214358 -0.084178
-0.498318 0.050852 -0.084933
-0.408298 0.094644 -0.085708
-0.383584 0.044123 -0.086106
-0.644122 0.030972 -0.091526
-0.409841 0.028768 -0.085887
-0.501842 -0.089512 -0.093313
-0.394152 0.047860 -0.085989
-0.434651 0.129811 -0.093340
-0.516517 0.016985 -0.084850
-0.518597 -0.071221 -0.085090
-0.574370 0.063800 -0.092130
-0.420526 -0.013233 -0.085904
-0.533371 0.046963 -0.084592
-0.487807 -0.028049 -0.093272
-0.478515 -0.104457 -0.085591
-0.546200 -0.013461 -0.092642
-0.349310 0.078381 -0.087121
-0.474919 0.173799 -0.084804
-0.477538 0.139022 -0.084881
-0.469958 -0.077580 -0.085597
-0.620037 0.040713 -0.083739
-0.441234 -0.037462 -0.093768
-0.572312 0.173183 -0.085674
-0.566331 -0.061925 -0.092583
-0.523225 0.083833 -0.084585
-0.529167 -0.078986 -0.085006
-0.601536 0.105486 -0.091734
-0.424410 0.143929 -0.090686
-0.411009 0.025307 -0.093886
-0.515263 0.223261 -0.088802
-0.630903 0.080913 -0.083511
-0.539426 0.121909 -0.084309
-0.525436 -0.096388 -0.085095
-0.421954 0.089187 -0.093587
-0.475638 -0.034870 -0.093415
-0.460024 -0.041541 -0.085591
-0.611812 0.066908 -0.091744
-0.533304 -0.058082 -0.084903
-0.518815 0.171636 -0.084369
-0.397812 -0.016179 -0.087817
-0.503909 0.148184 -0.084588
-0.417210 0.066996 -0.085700
-0.636363 0.067277 -0.091496
-0.642215 0.034027 -0.091536
-0.408562 0.088144 -0.085725
-0.599376 -0.033071 -0.084165
-0.547722 -0.078954 -0.089244
-0.477185 0.113467 -0.084960
-0.415982 -0.036082 -0.086017
-0.438927 -0.047261 -0.085820
-0.530332 -0.065511 -0.092955
-0.482166 0.018781 -0.085190
-0.654139 0.052279 -0.083362
-0.554938 0.193057 -0.083979
-0.462043 0.074595 -0.093228
-0.446504 0.141433 -0.093186
-0.481058 -0.044975 -0.085389
-0.379151 0.028437 -0.094197
-0.444315 0.080078 -0.085389
-0.376193 0.061764 -0.094129
-0.547537 0.007654 -0.084565
-0.624284 0.002699 -0.083808
-0.415137 0.111971 -0.093589
-0.546537 -0.019174 -0.084655
-0.491298 0.131530 -0.084765
-0.493525 -0.000542 -0.085133
-0.568270 0.137541 -0.083973
-0.527014 0.077537 -0.084565
-0.465797 0.041717 -0.093287
-0.453121 0.069326 -0.085332
-0.512786 0.189111 -0.092379
-0.509224 0.156764 -0.092510
-0.528412 -0.016858 -0.092831
-0.539196 0.153316 -0.084219
-0.633729 0.092685 -0.083447
-0.609421 0.095389 -0.083684
-0.484227 -0.085566 -0.085478
-0.559277 -0.043926 -0.084600
-0.564796 0.039900 -0.084297
-0.538349 0.196122 -0.084100
-0.603080 0.069029 -0.083825
-0.654718 0.077373 -0.091282
-0.517078 -0.085534 -0.093148
-0.360936 0.071924 -0.094252
-0.546201 0.012134 -0.084566
-0.482386 -0.113059 -0.086502
-0.509211 0.071393 -0.092763
-0.570428 0.074103 -0.084139
-0.589456 0.002207 -0.092160
-0.596410 -0.017302 -0.084148
-0.554142 0.193187 -0.083950
-0.440315 0.033851 -0.085566
-0.461645 0.068690 -0.093249
-0.568490 0.036944 -0.092269
-0.405832 0.043854 -0.085883
-0.554952 0.076066 -0.092289
-0.459356 0.070479 -0.085266
-0.461726 -0.044085 -0.093582
-0.501299 -0.024123 -0.085124
-0.398338 0.103398 -0.085782
-0.635175 0.078788 -0.083474
-0.369524 0.074909 -0.086156
-0.647823 0.052053 -0.091426
-0.536713 0.110342 -0.084371
-0.563757 0.128610 -0.084045
-0.394578 0.009507 -0.086098
-0.555926 0.053066 -0.084347
-0.404197 0.092456 -0.085756
-0.533398 -0.074601 -0.084951
-0.362741 0.023988 -0.087796
-0.416251 -0.014865 -0.085952
-0.503793 -0.112651 -0.093361
-0.426254 -0.000911 -0.085810
-0.620304 0.064321 -0.083666
-0.463701 -0.028168 -0.085514
-0.482463 -0.086209 -0.085497
-0.476698 0.018234 -0.085246
-0.534633 -0.087080 -0.084975
-0.509243 0.150432 -0.092529
-0.596426 0.001199 -0.084093
-0.507204 0.091689 -0.092723
-0.488324 0.042772 -0.093057
-0.529542 0.215796 -0.092131
-0.634401 0.030505 -0.091625
-0.543574 -0.026328 -0.084706
-0.420737 0.099223 -0.093570
-0.581579 0.069938 -0.092039
-0.495431 0.071731 -0.084900
-0.535807 0.161239 -0.084229
-0.374658 0.010391 -0.091408
-0.470935 0.020078 -0.085299
-0.560423 -0.057510 -0.092629
-0.423007 -0.023891 -0.085911
-0.573808 0.171184 -0.091818
-0.504408 0.213775 -0.090321
-0.503064 0.167568 -0.092540
-0.524065 0.168157 -0.084327
-0.594579 0.136280 -0.083712
-0.597072 -0.029604 -0.092178
-0.615844 0.002892 -0.083893
-0.634359 0.024832 -0.083642
-0.553735 -0.073702 -0.089114
-0.363758 0.074643 -0.094216
-0.366151 0.081177 -0.094172
-0.652014 0.025404 -0.083462
-0.531572 0.088909 -0.092486
-0.604332 0.013288 -0.091978
-0.498418 -0.074527 -0.093303
-0.620039 0.065920 -0.083664
-0.628814 -0.008158 -0.089917
-0.397437 0.015375 -0.094052
-0.472696 0.103174 -0.093036
-0.648423 0.039187 -0.091458
-0.482083 -0.077407 -0.085475
-0.606959 0.024800 -0.091918
-0.586464 -0.004883 -0.084211
-0.436110 0.034039 -0.093608
-0.572561 0.047968 -0.092195
-0.500114 0.155893 -0.084604
-0.536313 0.214407 -0.085258
-0.453957 0.041773 -0.085405
-0.446300 -0.000077 -0.093607
-0.434191 0.003460 -0.093718
-0.599209 0.010909 -0.092037
-0.410812 0.008024 -0.085939
-0.404727 0.055865 -0.093859
-0.518413 0.027751 -0.084799
-0.576817 0.005177 -0.092279
-0.476003 0.049327 -0.093162
-0.532678 0.133307 -0.084343
-0.500039 -0.016309 -0.085114
-0.529076 -0.065849 -0.092969
-0.580680 -0.012258 -0.084291
-0.439031 -0.048267 -0.085822
-0.577065 0.027903 -0.092209
-0.577440 -0.003599 -0.092298
-0.588997 0.004527 -0.084158
-0.505559 -0.002005 -0.085016
-0.442975 -0.030845 -0.085731
-0.485243 0.097076 -0.092928
-0.628755 0.108610 -0.090527
-0.591482 0.139710 -0.083733
-0.442839 0.017661 -0.085589
-0.475114 0.159574 -0.084844
-0.543152 0.200688 -0.092039
-0.457277 -0.058027 -0.093668
-0.645475 0.063312 -0.083416
-0.470287 -0.097753 -0.085654
-0.531655 -0.079387 -0.092983
-0.496973 0.018118 -0.093043
-0.483556 -0.034968 -0.093335
-0.529314 -0.095007 -0.086227
-0.576627 0.035244 -0.084191
-0.504110 0.157188 -0.084560
-0.504768 0.158981 -0.084548
-0.612547 0.041039 -0.091813
-0.426880 -0.000250 -0.093802
-0.351766 0.060155 -0.094379
-0.544267 0.038633 -0.092507
-0.553439 0.126919 -0.084153
-0.618674 0.002736 -0.083865
-0.533213 0.128780 -0.084351
-0.535769 -0.059279 -0.084882
-0.440828 -0.053156 -0.093819
-0.566479 0.050683 -0.092248
-0.536879 -0.088432 -0.091414
-0.481375 0.054228 -0.093093
-0.586219 -0.040710 -0.084319
-0.629015 0.078743 -0.083536
-0.338039 0.052288 -0.088494
-0.358516 0.083700 -0.094242
-0.557774 0.037578 -0.092374
-0.592582 0.012030 -0.084100
-0.526761 0.099089 -0.084504
-0.540630 0.160932 -0.092182
-0.363653 0.054185 -0.086277
-0.535581 0.203092 -0.092108
-0.412236 0.025469 -0.085873
-0.588245 0.012918 -0.084141
-0.469420 0.032657 -0.093277
-0.576246 0.151957 -0.091850
-0.538584 0.175198 -0.084160
-0.485151 0.073253 -0.084999
-0.600779 0.023929 -0.083982
-0.657033 0.046583 -0.083349
-0.522275 -0.065945 -0.085037
-0.452752 0.121497 -0.085182
-0.627853 0.074260 -0.083561
-0.480443 -0.002263 -0.085269
-0.450806 -0.024141 -0.093632
-0.552766 0.150593 -0.092091
-0.517316 0.064572 -0.092701
-0.509658 -0.010343 -0.084999
-0.430213 0.120884 -0.093411
-0.476997 0.137592 -0.084890
-0.532301 0.135755 -0.092340
-0.454956 -0.027268 -0.085600
-0.649729 0.084054 -0.091312
-0.541585 -0.000628 -0.084650
-0.485610 -0.028839 -0.093296
-0.556478 0.045954 -0.092363
-0.380252 0.036222 -0.094163
-0.428096 -0.048101 -0.085931
-0.368164 0.040306 -0.094273
-0.575432 0.145462 -0.083877
-0.505527 -0.115775 -0.086181
-0.580715 0.035087 -0.084151
-0.471600 -0.070517 -0.085560
-0.522243 0.166122 -0.092352
-0.520390 0.104859 -0.084551
-0.397259 0.018034 -0.086046
-0.516307 -0.014763 -0.092946
-0.553394 0.174232 -0.084014
-0.433566 0.056541 -0.085567
-0.434756 0.015542 -0.085676
-0.498564 0.173042 -0.084569
-0.630441 0.023579 -0.083685
-0.544032 -0.071291 -0.092835
-0.454172 0.094140 -0.085248
-0.416599 -0.037636 -0.091876
-0.541523 -0.042089 -0.084773
-0.551053 0.192166 -0.083984
-0.571158 -0.033159 -0.084449
-0.383911 0.093268 -0.093958
-0.615285 -0.019966 -0.089310
-0.527052 0.016879 -0.092745
-0.455109 0.101946 -0.093216
-0.619974 0.113057 -0.091526
-0.497296 0.164860 -0.084606
-0.555777 0.179859 -0.083973
-0.394183 -0.011996 -0.089676
-0.604588 0.080573 -0.083776
-0.509594 -0.086730 -0.093226
-0.470376 0.098066 -0.085074
-0.393135 0.029625 -0.086053
-0.519291 0.109795 -0.084547
-0.444023 -0.049776 -0.085776
-0.624984 0.022934 -0.091742
-0.485209 0.057778 -0.085044
-0.551184 0.182394 -0.092012
-0.507044 -0.017972 -0.085048
-0.650557 0.031231 -0.091460
-0.413313 0.048353 -0.085795
-0.450517 0.122460 -0.085201
-0.401870 -0.008527 -0.094078
-0.391865 0.108079 -0.085834
-0.385094 0.089467 -0.085957
-0.635293 0.072208 -0.091493
-0.510186 0.213605 -0.092332
-0.610453 0.063833 -0.083767
-0.425136 -0.020002 -0.085878
-0.557746 0.062014 -0.084302
-0.517311 -0.049117 -0.085037
-0.501989 -0.070019 -0.093254
-0.495372 -0.083751 -0.093361
-0.531721 0.167166 -0.084253
-0.351665 0.080442 -0.086329
-0.652761 0.068783 -0.091327
-0.569465 0.176521 -0.091022
-0.503114 0.067141 -0.084836
-0.622124 0.058321 -0.083666
-0.672453 0.037186 -0.083222
-0.589136 0.064101 -0.091981
-0.478274 0.115463 -0.084943
-0.637072 0.024289 -0.091616
-0.572258 -0.003171 -0.084349
-0.591463 -0.040764 -0.089159
-0.591793 0.073070 -0.091927
-0.435395 -0.016245 -0.085764
-0.483813 -0.081775 -0.085471
-0.505202 0.037400 -0.092904
-0.450241 -0.001881 -0.085572
-0.516520 0.136885 -0.092496
-0.625826 0.026351 -0.083723
-0.334201 0.056657 -0.086670
-0.506882 0.176556 -0.084475
-0.547092 0.139383 -0.092181
-0.500356 -0.054534 -0.085224
-0.588887 0.154181 -0.084374
-0.518155 0.090154 -0.084617
-0.405988 0.065764 -0.085817
-0.516488 0.130477 -0.084514
-0.451044 0.018471 -0.085504
-0.555356 0.010929 -0.092478
-0.565837 0.176498 -0.091883
-0.663757 0.061397 -0.083238
-0.483693 0.057148 -0.093061
-0.472959 0.023154 -0.093270
-0.408133 0.047144 -0.085850
-0.443137 0.109388 -0.093315
-0.515625 0.102016 -0.084607
-0.590872 0.032029 -0.092058
-0.478650 0.026880 -0.085201
-0.511905 0.111982 -0.084615
-0.414290 -0.012593 -0.085965
-0.419773 0.027061 -0.093793
-0.496247 0.191885 -0.084536
-0.636256 0.063746 -0.091508
-0.349452 0.043890 -0.086450
-0.638002 0.015345 -0.091634
-0.421105 0.031355 -0.085767
-0.479239 0.105153 -0.084964
-0.450855 0.112629 -0.093228
-0.541604 0.177622 -0.084122
-0.500333 -0.014436 -0.085105
-0.437500 -0.060631 -0.093874
-0.603561 0.090129 -0.083758
-0.393068 0.003184 -0.086132
-0.389265 0.087492 -0.085921
-0.514395 0.161655 -0.084443
-0.578689 -0.007623 -0.092298
-0.523235 0.106164 -0.084518
-0.392569 0.004239 -0.094134
-0.510363 -0.005854 -0.092980
-0.482370 0.112280 -0.092912
-0.461241 -0.027902 -0.093539
-0.560520 0.128715 -0.084077
-0.379865 0.029113 -0.094188
-0.498350 0.177575 -0.092558
-0.359502 0.087254 -0.091659
-0.448845 -0.074638 -0.086962
-0.491284 0.076649 -0.092927
-0.602871 0.038615 -0.091918
-0.591084 -0.041089 -0.088158
-0.448846 0.016145 -0.093533
-0.448935 0.007301 -0.085558
-0.495544 0.031954 -0.085016
-0.438868 0.119745 -0.085327
-0.520075 -0.065526 -0.093058
-0.532714 0.150581 -0.092292
-0.455807 0.124002 -0.093144
-0.558572 0.163296 -0.083994
-0.500174 0.083909 -0.092817
-0.486706 -0.073108 -0.085416
-0.463468 0.012274 -0.093397
-0.386104 0.038844 -0.086096
-0.512255 -0.076801 -0.093170
-0.611691 0.065030 -0.083751
-0.397457 -0.015792 -0.086456
-0.543825 -0.082355 -0.089010
-0.496216 0.204602 -0.084499
-0.469676 -0.076127 -0.085596
-0.512044 0.042386 -0.092820
-0.485303 0.176498 -0.084692
-0.481189 -0.109287 -0.093579
-0.543458 -0.025161 -0.092704
-0.607714 -0.026546 -0.084244
-0.641077 0.058620 -0.083474
-0.604073 -0.010754 -0.092052
-0.625034 0.108654 -0.091488
-0.555504 0.049722 -0.092361
-0.536287 0.156160 -0.084239
-0.510140 -0.047360 -0.093105
-0.387241 0.109118 -0.093878
-0.503004 -0.117989 -0.088041
-0.545998 0.075577 -0.092380
-0.591498 0.061676 -0.083964
-0.394367 0.103688 -0.093822
-0.456766 -0.033102 -0.085599
-0.363592 0.082210 -0.094195
-0.554934 0.081689 -0.092273
-0.421589 0.009616 -0.093826
-0.503304 -0.037446 -0.085144
-0.668112 0.050058 -0.083228
-0.465012 0.006966 -0.093398
-0.522678 0.186768 -0.084286
-0.542258 0.146568 -0.092208
-0.409098 0.031372 -0.093888
-0.359347 0.056331 -0.086314
-0.578788 0.063425 -0.092087
-0.440208 0.141778 -0.085248
-0.436011 -0.019688 -0.085768
-0.481041 -0.080488 -0.093495
-0.615354 0.052634 -0.091751
-0.589530 -0.022631 -0.084233
-0.582227 0.126805 -0.083864
-0.498111 0.108987 -0.092763
-0.558145 0.124331 -0.084114
-0.595136 0.059461 -0.083934
-0.611166 0.011787 -0.091914
-0.545880 -0.060442 -0.092784
-0.459894 0.021841 -0.093405
-0.375257 0.009714 -0.092041
-0.481476 0.140639 -0.092837
-0.535684 0.059129 -0.084532
-0.570854 0.008287 -0.092330
-0.576043 0.006900 -0.092281
-0.523662 0.028644 -0.084743
-0.464612 0.108411 -0.093102
-0.443458 0.081160 -0.093395
-0.520486 0.048544 -0.092717
-0.421712 -0.003844 -0.085865
-0.626765 0.042252 -0.083666
-0.470944 -0.035531 -0.085463
-0.529735 0.026130 -0.092690
-0.382678 0.013430 -0.086206
-0.656856 0.045268 -0.083355
-0.535388 -0.089100 -0.092974
-0.470034 0.018234 -0.093314
-0.466875 0.085941 -0.085145
-0.384704 0.028592 -0.086141
-0.511688 0.096835 -0.084662
-0.644907 0.024627 -0.083536
-0.446556 -0.036916 -0.093713
-0.518282 0.063817 -0.084693
-0.601828 0.125539 -0.083671
-0.609052 0.106012 -0.083656
-0.498730 0.164147 -0.084593
-0.518269 0.141391 -0.084464
-0.517140 0.200119 -0.084302
-0.641898 0.006592 -0.091620
-0.615203 0.104156 -0.083600
-0.541084 0.208962 -0.086613
-0.415413 0.085679 -0.085663
-0.471689 -0.050834 -0.085501
-0.597618 0.039608 -0.091968
-0.467684 0.105179 -0.093080
-0.495230 -0.104679 -0.093424
-0.597590 -0.000313 -0.084086
-0.460378 0.112971 -0.085130
-0.439682 0.075403 -0.085450
-0.565814 0.101751 -0.084103
-0.398750 0.087304 -0.085826
-0.477526 -0.033513 -0.093392
-0.436948 -0.036537 -0.085808
-0.531471 -0.093138 -0.088788
-0.498844 -0.114599 -0.093417
-0.624425 0.010433 -0.083784
-0.524381 0.086228 -0.084566
-0.376623 0.066741 -0.094110
-0.484728 -0.040311 -0.085339
-0.648914 0.047888 -0.091428
-0.492766 0.166399 -0.084647
-0.379452 0.031856 -0.086184
-0.653974 0.058059 -0.091347
-0.488827 -0.015193 -0.093224
-0.493675 -0.053196 -0.085287
-0.492255 0.001733 -0.093139
-0.485317 0.184827 -0.084667
-0.443031 0.018899 -0.093583
-0.538517 0.082476 -0.084435
-0.521095 0.008019 -0.084830
-0.513102 0.193331 -0.092363
-0.492691 -0.049190 -0.093285
-0.593268 -0.021271 -0.084191
-0.542872 0.143943 -0.084209
-0.577596 0.167207 -0.090887
-0.573136 0.055212 -0.092168
-0.513793 -0.020107 -0.084987
-0.387927 0.111975 -0.085862
-0.483129 0.070772 -0.093027
-0.435156 -0.045619 -0.085853
-0.565652 0.040971 -0.092285
-0.601052 -0.032391 -0.089172
-0.454504 -0.027385 -0.093605
-0.465824 0.098288 -0.093119
-0.642987 0.029176 -0.091542
-0.466621 0.160383 -0.092928
-0.599052 0.029394 -0.091984
-0.418348 0.117198 -0.085540
-0.371415 0.071460 -0.086148
-0.476317 -0.085729 -0.093558
-0.575598 -0.036249 -0.092414
-0.508411 0.090735 -0.084713
-0.627703 0.087937 -0.091522
-0.475458 -0.076390 -0.093539
-0.518684 -0.087103 -0.093136
-0.441961 0.022503 -0.085583
-0.565945 0.135105 -0.092004
-0.547461 0.035435 -0.084484
-0.497105 0.143689 -0.084670
-0.571095 0.086975 -0.084094
-0.537188 0.157673 -0.084226
-0.462658 0.082756 -0.085197
-0.339129 0.056201 -0.094518
-0.448910 0.073505 -0.093363
-0.473577 -0.083117 -0.085577
-0.485282 -0.116342 -0.088774
-0.629499 0.088409 -0.083502
-0.527598 0.109165 -0.092466
-0.426674 0.055507 -0.093640
-0.627333 0.003649 -0.091775
-0.559232 0.100937 -0.084172
-0.625675 0.068625 -0.091600
-0.598355 -0.017330 -0.084128
-0.545061 -0.075535 -0.092837
-0.481201 0.160976 -0.092779
-0.578517 0.126367 -0.083903
-0.484079 0.149011 -0.084785
-0.382282 0.063637 -0.086061
-0.501107 0.085028 -0.084803
-0.528606 -0.092007 -0.093051
-0.677814 0.052331 -0.084075
-0.483844 -0.114698 -0.088613
-0.447435 0.102952 -0.085290
-0.540702 -0.053282 -0.084814
-0.494361 -0.080029 -0.085359
-0.572731 0.097984 -0.084045
-0.560632 -0.012444 -0.092494
-0.474111 -0.021650 -0.093391
-0.610568 0.038652 -0.083840
-0.492275 0.106176 -0.092830
-0.514023 0.169717 -0.092424
-0.524153 -0.025398 -0.092899
-0.445985 -0.032477 -0.085705
-0.528987 0.073283 -0.084558
-0.624601 0.026371 -0.083735
-0.614786 0.116749 -0.091567
-0.420386 0.023830 -0.085796
-0.461243 0.162641 -0.092975
-0.501250 0.138180 -0.084645
-0.502589 0.102687 -0.084736
-0.473429 0.017830 -0.085280
-0.394084 0.055380 -0.093968
-0.558849 0.100954 -0.084176
-0.540101 0.031273 -0.084570
-0.500998 -0.063783 -0.085245
-0.472521 0.169804 -0.084840
-0.532067 -0.091964 -0.085016
-0.488022 0.030596 -0.085096
-0.576519 0.098989 -0.092004
-0.553450 0.009070 -0.092502
-0.349606 0.053508 -0.094420
-0.457612 0.073524 -0.093275
-0.399971 0.053579 -0.085913
-0.434103 0.080011 -0.093492
-0.589857 0.046514 -0.084025
-0.642845 0.027602 -0.091549
-0.433648 -0.025478 -0.085809
-0.480744 0.116835 -0.092915
-0.527814 0.130265 -0.092402
-0.558876 0.085102 -0.084222
-0.541068 0.154100 -0.084197
-0.478912 0.141940 -0.084858
-0.521518 0.074529 -0.092630
-0.473132 0.112476 -0.093004
-0.393291 0.108589 -0.093818
-0.606926 0.044684 -0.091859
-0.443581 0.160683 -0.087854
-0.349378 0.068266 -0.086379
-0.504125 0.060071 -0.092847
-0.519162 -0.092009 -0.085145
-0.671591 0.048354 -0.083198
-0.617635 0.057169 -0.091715
-0.467799 -0.081179 -0.085630
-0.644933 0.052703 -0.091453
-0.502252 -0.107568 -0.085361
-0.587146 0.053069 -0.084033
-0.498599 0.031105 -0.084988
-0.417271 0.119393 -0.093545
-0.405463 0.102217 -0.093715
-0.558276 -0.009193 -0.092508
-0.434154 0.059307 -0.093553
-0.538590 0.153202 -0.084225
-0.553311 0.175298 -0.092012
-0.414834 0.085187 -0.093671
-0.524024 0.037550 -0.092714
-0.546119 0.021070 -0.084540
-0.453232 0.148333 -0.093098
-0.584423 0.116633 -0.091873
-0.489214 0.088138 -0.084914
-0.480263 0.169210 -0.084764
-0.412403 0.046886 -0.085808
-0.398440 0.064764 -0.085896
-0.612363 0.065215 -0.083743
-0.561782 0.051654 -0.084292
-0.542352 0.194092 -0.092067
-0.453304 0.080811 -0.093297
-0.425344 0.130655 -0.085430
-0.485317 0.028533 -0.085129
-0.568315 0.107966 -0.092060
-0.531054 0.012184 -0.084718
-0.602055 -0.008622 -0.092066
-0.465330 0.116297 -0.085071
-0.482840 0.193767 -0.084666
-0.443538 -0.023294 -0.085703
-0.461671 -0.067945 -0.093653
-0.491593 0.184929 -0.092604
-0.473790 0.047622 -0.085189
-0.461854 0.094972 -0.093169
-0.425572 0.086922 -0.085557
-0.499097 0.047101 -0.092936
-0.521878 0.070908 -0.084636
-0.644945 0.019247 -0.083552
-0.660765 0.025735 -0.083373
-0.333756 0.057232 -0.091132
-0.494234 -0.125658 -0.090268
-0.407808 0.100493 -0.085696
-0.662178 0.046848 -0.083297
-0.572310 -0.011298 -0.092373
-0.588617 0.145925 -0.083743
-0.558482 0.071968 -0.084265
-0.593462 -0.023741 -0.084196
-0.532972 -0.075418 -0.092958
-0.676401 0.046390 -0.083155
-0.478152 0.026714 -0.093207
-0.521276 0.034916 -0.092749
-0.472911 -0.071456 -0.093550
-0.534220 0.216810 -0.085670
-0.517806 0.184630 -0.092341
-0.540433 -0.043380 -0.092788
-0.400894 0.010354 -0.094032
-0.589475 0.084122 -0.091918
-0.624976 0.004174 -0.083797
-0.476270 -0.036743 -0.093414
-0.467287 0.093974 -0.093117
-0.404462 0.081574 -0.093786
-0.468183 0.092388 -0.093113
-0.515530 0.078284 -0.084678
-0.538963 -0.053673 -0.084833
-0.484336 -0.072668 -0.093439
-0.568621 0.132146 -0.091986
-0.403884 -0.003385 -0.086042
-0.468691 0.166366 -0.084889
-0.541368 -0.076551 -0.084876
-0.411910 -0.018332 -0.086006
-0.417743 0.108251 -0.093573
-0.543087 0.026576 -0.092555
-0.503301 -0.103273 -0.093339
-0.446217 0.137443 -0.093201
-0.642513 0.026093 -0.083556
-0.588655 0.009306 -0.092148
-0.597526 0.125396 -0.091715
-0.597374 0.109357 -0.091764
-0.447541 -0.016333 -0.093642
-0.559510 0.138662 -0.092058
-0.505399 0.204485 -0.084407
-0.543311 0.061121 -0.084450
-0.533519 0.217697 -0.091481
-0.410720 0.005521 -0.093948
-0.519170 0.222502 -0.092216
-0.583274 0.158386 -0.083760
-0.571741 0.151501 -0.091897
-0.505621 0.106853 -0.092694
-0.454767 0.134869 -0.093122
-0.416132 0.069532 -0.085704
-0.557157 0.162718 -0.092011
-0.458915 -0.015614 -0.093526
-0.606960 0.115665 -0.091649
-0.418846 0.011411 -0.085848
-0.521582 0.095327 -0.092568
-0.562188 0.052828 -0.084285
-0.575368 0.001607 -0.084303
-0.336889 0.053581 -0.086813
-0.505719 0.064321 -0.092819
-0.471454 -0.100443 -0.093143
-0.469216 0.082943 -0.093131
-0.345591 0.066592 -0.086422
-0.468139 0.130379 -0.093001
-0.534522 0.053090 -0.084562
-0.450972 0.038544 -0.093445
-0.511470 0.080621 -0.084712
-0.580668 0.093498 -0.083978
-0.550274 0.002488 -0.092554
-0.459422 0.075863 -0.093250
-0.482622 -0.051298 -0.085392
-0.498830 0.007589 -0.085055
-0.491808 -0.112383 -0.085481
-0.475593 -0.060323 -0.085490
-0.559902 -0.066605 -0.084661
-0.538717 0.123604 -0.092312
-0.494280 0.104902 -0.092814
-0.647006 0.033443 -0.091489
-0.574543 0.075247 -0.092094
-0.656247 0.018392 -0.083441
-0.476110 -0.011866 -0.085341
-0.507108 0.110707 -0.084667
-0.460150 0.123121 -0.093103
-0.370979 0.097275 -0.091567
-0.550264 0.190503 -0.091998
-0.480734 0.129736 -0.084876
-0.580301 0.009508 -0.092231
-0.409576 0.073272 -0.085759
-0.669923 0.040749 -0.083237
-0.558238 0.061757 -0.051363
-0.474090 -0.009085 -0.062577
-0.542600 0.048760 -0.003208
-0.496281 0.020032 -0.065861
-0.500357 0.023581 -0.030008
-0.504833 0.027305 -0.042828
-0.490092 0.008313 0.016049
-0.451451 -0.027970 -0.013451
-0.470214 -0.012214 -0.022915
-0.420204 -0.044292 -0.077301
-0.564242 0.077245 -0.057137
-0.579073 0.079351 -0.032585
-0.419307 -0.047444 -0.031440
-0.599207 0.096365 -0.010827
-0.437314 -0.029652 -0.085750
-0.462046 -0.008709 -0.046006
-0.576537 0.087571 -0.063159
-0.567450 0.069716 0.010433
-0.454541 -0.015035 -0.049396
-0.535185 0.053048 0.018173
-0.486556 0.001368 -0.073518
-0.484654 0.000025 0.003632
-0.589755 0.088286 -0.048629
-0.563856 0.066630 -0.008019
-0.536638 0.054120 -0.026726
-0.569116 0.070834 -0.074187
-0.535632 0.053144 -0.065642
-0.551260 0.056047 -0.003178
-0.508471 0.019965 -0.026577
-0.440899 -0.026518 -0.050791
-0.558447 0.072381 -0.053419
-0.545866 0.051551 0.009458
-0.581210 0.091501 -0.063618
-0.573676 0.085110 0.022752
-0.595473 0.103768 0.015865
-0.608991 0.104593 -0.012503
-0.601758 0.098359 -0.056817
-0.611654 0.106837 -0.011395
-0.571476 0.072837 -0.069349
-0.491369 0.005483 -0.054107
-0.529253 0.047763 -0.069626
-0.510790 0.032353 -0.032164
-0.418302 -0.048375 0.010628
-0.531890 0.039630 -0.038784
-0.583526 0.093563 -0.029701
-0.493598 0.017854 -0.042038
-0.579386 0.090005 -0.052142
-0.536430 0.053896 -0.041235
-0.591123 0.099960 -0.028272
-0.605991 0.102037 -0.021983
-0.542915 0.059481 -0.003122
-0.441721 -0.036178 -0.019536
-0.584815 0.084091 -0.060124
-0.548631 0.064304 0.000892
-0.442382 -0.035696 -0.041852
-0.499669 0.023010 -0.027669
-0.423332 -0.041383 -0.075505
-0.464314 -0.014924 0.013999
-0.566798 0.069183 0.015147
-0.566244 0.068661 -0.001450
-0.550443 0.065864 0.011515
-0.509989 0.021124 -0.061796
-0.537962 0.044737 -0.039088
-0.608084 0.114208 -0.035702
-0.546361 0.051691 -0.072948
-0.572199 0.084071 -0.018336
-0.493619 0.007513 -0.012872
-0.509477 0.020949 0.014634
-0.472466 -0.010265 -0.006912
-0.445172 -0.033341 -0.039548
-0.542811 0.059301 -0.030722
-0.451562 -0.017439 -0.018934
-0.515641 0.036524 -0.005495
-0.462166 -0.008649 -0.058559
-0.421115 -0.047573 -0.053398
-0.569761 0.082053 -0.008160
-0.610959 0.109625 0.013593
-0.430367 -0.045787 -0.036456
-0.596264 0.093959 0.009997
-0.606579 0.102378 -0.067762
-0.555225 0.069699 -0.045159
-0.530082 0.038152 -0.025499
-0.540920 0.057877 0.019207
-0.601702 0.104495 0.024769
-0.604799 0.107590 -0.074147
-0.602022 0.109159 -0.019873
-0.608526 0.114613 -0.025488
-0.504545 0.026988 -0.064975
-0.429478 -0.046480 -0.019818
-0.539459 0.045901 -0.067836
-0.445725 -0.022422 -0.040334
-0.450850 -0.017935 0.012159
-0.552212 0.056791 -0.020357
-0.580769 0.091416 0.022135
-0.425795 -0.049706 -0.057709
-0.475133 -0.008210 -0.063134
-0.611792 0.113072 -0.034654
-0.477192 0.004162 -0.008143
-0.552802 0.057240 -0.034396
-0.481283 0.007433 -0.059640
-0.543907 0.059355 0.020423
-0.510085 0.031740 -0.038023
-0.607266 0.113531 -0.032148
-0.594011 0.102477 -0.002430
-0.556739 0.070878 -0.073388
-0.569648 0.071550 0.005976
-0.529175 0.047745 -0.055178
-0.473880 -0.009268 -0.064357
-0.446276 -0.021851 -0.008017
-0.450598 -0.028611 0.009552
-0.468046 -0.003617 -0.033318
-0.542527 0.048732 0.006718
-0.491208 0.005291 -0.070905
-0.535736 0.053452 0.000437
-0.578022 0.089090 0.017415
-0.485691 0.011066 -0.082093
-0.546323 0.051883 -0.006222
-0.522562 0.031929 0.005559
-0.600307 0.107551 -0.069188
-0.550703 0.055643 0.016212
-0.517924 0.038506 0.012848
-0.589331 0.098395 -0.045645
-0.504585 0.016667 -0.035018
-0.561433 0.064510 -0.032212
-0.428484 -0.047435 -0.055221
-0.540703 0.055363 0.020128
-0.446543 -0.021761 -0.048222
-0.418066 -0.045638 -0.023059
-0.440658 -0.026559 -0.002157
-0.495277 0.008753 -0.059399
-0.518483 0.028365 -0.033615
-0.506198 0.018052 -0.026751
-0.459515 -0.010661 0.007040
-0.612054 0.115288 -0.062137
-0.453058 -0.016291 -0.051851
-0.498058 0.021673 -0.022084
-0.584398 0.092883 -0.075637
-0.493508 0.007338 -0.037506
-0.583755 0.093704 -0.045181
-0.606178 0.102346 0.023427
-0.454297 -0.018679 0.013392
-0.451504 -0.028043 -0.048795
-0.478135 -0.005509 -0.011073
-0.497821 0.021353 -0.058128
-0.557634 0.061366 -0.016509
-0.440830 -0.036892 -0.009059
-0.529322 0.048118 0.019313
-0.543599 0.049357 -0.076046
-0.441457 -0.025906 -0.008006
-0.447388 -0.021062 -0.051986
-0.419718 -0.047348 -0.037784
-0.595737 0.103766 -0.051201
-0.540157 0.057071 -0.029618
-0.527818 0.036316 -0.004958
-0.454711 -0.014755 -0.008520
-0.449220 -0.019613 -0.079628
-0.521175 0.041167 -0.009543
-0.454430 -0.025659 -0.072162
-0.505817 0.017787 -0.009938
-0.525478 0.044674 -0.043435
-0.548043 0.063722 -0.025163
-0.604459 0.111211 -0.019621
-0.418818 -0.047362 -0.026022
-0.460478 -0.020359 -0.008921
-0.577179 0.077793 -0.022046
-0.506170 0.018095 -0.006495
-0.497675 0.021470 0.013540
-0.445812 -0.032657 0.003949
-0.451912 -0.017149 -0.020172
-0.586919 0.086136 0.022001
-0.471204 -0.003328 0.014741
-0.613539 0.108411 -0.015253
-0.598900 0.106580 -0.005659
-0.512630 0.033971 -0.011450
-0.487924 0.013181 -0.011454
-0.451542 -0.027915 -0.019983
-0.469506 -0.002463 -0.055462
-0.583559 0.092684 -0.075684
-0.572910 0.084662 -0.020371
-0.510608 0.032045 -0.078200
-0.552137 0.056837 0.012289
-0.610140 0.115870 -0.055832
-0.441018 -0.036888 -0.055308
-0.570310 0.072079 -0.002407
-0.482880 -0.001496 -0.004953
-0.424383 -0.040525 -0.083531
-0.467955 -0.003617 -0.010311
-0.450971 -0.018038 -0.049314
-0.556369 0.060374 0.004991
-0.509508 0.020723 -0.060674
-0.456891 -0.013045 -0.045614
-0.539275 0.045764 -0.062402
-0.429250 -0.046760 -0.046057
-0.475903 -0.007632 -0.084183
-0.473801 0.001152 -0.055112
-0.497918 0.021480 -0.044589
-0.501881 0.014404 -0.031351
-0.606576 0.113042 -0.004771
-0.497523 0.017948 0.016747
-0.498578 0.022093 -0.027599
-0.454219 -0.015108 0.009816
-0.567406 0.069638 -0.001883
-0.537019 0.054560 0.008963
-0.519774 0.029492 -0.021481
-0.603111 0.110163 0.006034
-0.422944 -0.049316 -0.058074
-0.556425 0.060268 -0.040555
-0.471894 -0.010854 -0.039019
-0.606822 0.102670 -0.041824
-0.563797 0.076841 -0.066162
-0.553964 0.068625 -0.048692
-0.533864 0.041484 0.019087
-0.491625 0.005786 -0.027841
-0.476002 -0.007511 -0.073011
-0.441823 -0.036275 -0.074322
-0.508124 0.023616 -0.081724
-0.457422 -0.022893 0.002183
-0.439177 -0.038304 -0.015298
-0.559567 0.073353 -0.044839
-0.521753 0.031096 -0.039851
-0.484505 0.010350 0.002072
-0.549904 0.054984 0.020175
-0.510863 0.032492 -0.008953
-0.454201 -0.015686 -0.085678
-0.584488 0.083850 -0.049834
-0.525496 0.034182 -0.058963
-0.518184 0.038481 -0.059817
-0.512188 0.033488 -0.044323
-0.512566 0.023268 -0.069356
-0.439236 -0.027818 -0.021010
-0.434792 -0.042027 -0.025207
-0.603096 0.110059 -0.021186
-0.452782 -0.026840 -0.010674
-0.489254 0.003615 -0.080398
-0.574725 0.086314 0.017045
-0.554459 0.058766 0.004989
-0.428089 -0.047795 -0.063531
-0.572888 0.074195 -0.018477
-0.603113 0.099528 -0.048093
-0.552076 0.066981 -0.065291
-0.443771 -0.024164 -0.069340
-0.552645 0.057028 -0.058130
-0.482230 -0.002026 0.000048
-0.510512 0.032242 0.004819
-0.603015 0.103703 -0.074372
-0.602659 0.099187 -0.035669
-0.418031 -0.045669 -0.023633
-0.510148 0.021415 -0.014685
-0.452405 -0.018868 -0.085877
-0.515712 0.026058 -0.026348
-0.603584 0.107770 -0.074198
-0.511206 0.032856 0.013652
-0.538238 0.055348 -0.062132
-0.436778 -0.029953 -0.041027
-0.438214 -0.039279 -0.064752
-0.466720 -0.004736 -0.034269
-0.554628 0.058675 -0.064518
-0.467665 -0.004011 -0.054967
-0.582017 0.081891 -0.014191
-0.461946 -0.019097 -0.001077
-0.494365 0.007921 -0.078651
-0.539796 0.046347 -0.019188
-0.424402 -0.040389 -0.047728
-0.601455 0.098281 -0.003713
-0.455259 -0.014424 -0.047377
-0.605134 0.111628 -0.064735
-0.510787 0.032301 -0.046692
-0.477534 0.000605 0.015181
-0.602717 0.109705 -0.031441
-0.436042 -0.041046 -0.046593
-0.512295 0.023190 -0.024347
-0.470282 -0.001891 -0.079678
-0.597783 0.105447 -0.063498
-0.443944 -0.023866 -0.023893
-0.498971 0.022257 -0.077380
-0.477624 0.004510 -0.012901
-0.563190 0.076321 -0.068819
-0.588082 0.093072 -0.075457
-0.566619 0.068755 -0.067759
-0.440915 -0.036795 -0.001381
-0.604872 0.111437 -0.055934
-0.546368 0.062275 -0.036342
-0.524057 0.032914 -0.075994
-0.514814 0.035772 -0.022206
-0.489093 0.013965 -0.071253
-0.437581 -0.039646 -0.015254
-0.489297 0.003775 -0.043536
-0.489555 0.014327 -0.079233
-0.565112 0.078205 0.011017
-0.545768 0.058024 0.020462
-0.610245 0.111648 0.000824
-0.499695 0.012573 -0.028851
-0.510137 0.031723 -0.056025
-0.606046 0.102056 -0.029882
-0.605842 0.101988 0.000974
-0.452538 -0.016515 0.011824
-0.511700 0.022585 -0.055484
-0.584177 0.094032 -0.053249
-0.489599 0.014641 0.003591
-0.490007 0.004307 -0.062811
-0.423313 -0.051662 -0.018030
-0.533620 0.041201 -0.004064
-0.533998 0.041379 -0.046178
-0.613139 0.108098 -0.007917
-0.473658 -0.009385 -0.043785
-0.450571 -0.028841 -0.052544
-0.539318 0.056403 -0.018410
-0.450361 -0.028899 -0.017070
-0.467985 -0.003775 -0.065275
-0.459214 -0.021524 -0.039290
-0.613996 0.108743 -0.030767
-0.430358 -0.045955 -0.084423
-0.475950 0.003190 0.013747
-0.468951 -0.002963 -0.065271
-0.525276 0.034183 -0.003495
-0.524541 0.044028 -0.000727
-0.439476 -0.027795 -0.074582
-0.508580 0.020082 -0.019090
-0.537859 0.055302 0.019459
-0.441347 -0.025941 0.009219
-0.543707 0.060013 -0.043279
-0.538146 0.055396 -0.024636
-0.435637 -0.030972 -0.058483
-0.475032 0.002418 0.013636
-0.429642 -0.046318 -0.012508
-0.464310 -0.017222 -0.034869
-0.576483 0.087562 -0.052282
-0.530402 0.048916 -0.013674
-0.564268 0.077431 -0.008240
-0.459005 -0.011285 -0.051536
-0.518132 0.038466 -0.051433
-0.483311 -0.001156 -0.011767
-0.560511 0.074072 -0.067117
-0.608313 0.114482 -0.011151
-0.587439 0.097009 0.016192
-0.604919 0.101261 0.015816
-0.570341 0.082642 0.021852
-0.431834 -0.044405 0.007838
-0.557177 0.066769 0.021314
-0.520234 0.040361 -0.013721
-0.437263 -0.029406 0.000570
-0.526899 0.035438 -0.036530
-0.602512 0.109494 -0.043018
-0.550036 0.054797 -0.069034
-0.526204 0.045402 -0.008237
-0.571357 0.073299 -0.076958
-0.482212 0.008358 -0.016847
-0.595005 0.092783 -0.024818
-0.466826 -0.015212 -0.066785
-0.429289 -0.036335 -0.065009
-0.428921 -0.036654 -0.067959
-0.503914 0.016190 -0.008971
-0.541544 0.047937 0.016324
-0.590547 0.099468 -0.030474
-0.500241 0.013092 -0.010866
-0.568024 0.080583 -0.010958
-0.505952 0.028140 -0.074710
-0.431155 -0.045098 -0.028531
-0.517233 0.027236 -0.057030
-0.603420 0.110398 -0.001246
-0.420749 -0.051461 -0.006396
-0.501268 0.024480 0.009501
-0.522285 0.031737 0.017899
-0.514853 0.025217 -0.061739
-0.603876 0.100274 -0.016712
-0.533659 0.051650 -0.015645
-0.506287 0.028420 -0.075164
-0.583455 0.093398 -0.061353
-0.561263 0.064532 0.017137
-0.536022 0.043121 -0.034314
-0.427289 -0.038047 -0.073681
-0.444220 -0.034062 -0.015791
-0.547436 0.063136 -0.047692
-0.495284 0.008908 -0.014667
-0.431836 -0.044545 -0.034329
-0.543289 0.059734 -0.021440
-0.455918 -0.024143 0.006734
-0.455333 -0.024778 -0.035650
-0.454016 -0.015566 -0.076300
-0.496075 0.019896 -0.054326
-0.543383 0.056595 0.020298
-0.494336 0.008063 -0.029069
-0.471386 -0.011369 -0.065410
-0.507019 0.018619 -0.063766
-0.543233 0.059503 -0.076422
-0.565536 0.078317 -0.062220
-0.540707 0.057401 -0.069632
-0.456816 -0.023574 -0.048900
-0.612217 0.111473 -0.022760
-0.554850 0.058912 -0.049995
-0.445694 -0.033000 -0.069098
-0.505637 0.017481 -0.056011
-0.607789 0.103495 -0.038136
-0.544147 0.060367 -0.048131
-0.508313 0.025131 0.017513
-0.595163 0.093007 0.002389
-0.472333 0.000053 -0.014441
-0.469082 -0.002825 -0.057021
-0.498356 0.011333 -0.062640
-0.596517 0.104411 -0.054628
-0.586204 0.095894 -0.006716
-0.473345 0.000679 -0.081821
-0.481718 -0.002487 -0.008981
-0.575749 0.079177 -0.076539
-0.555854 0.059839 -0.025211
-0.545057 0.050581 -0.076668
-0.518192 0.038682 -0.001952
-0.603111 0.099746 0.017679
-0.437792 -0.039407 0.003394
-0.580748 0.091357 0.009631
-0.423889 -0.040732 -0.021237
-0.547375 0.052589 -0.059851
-0.495957 0.019882 -0.029122
-0.445006 -0.033593 -0.073392
-0.490017 0.014754 -0.067858
-0.520683 0.030103 -0.067849
-0.483164 0.009100 -0.034362
-0.430411 -0.045634 -0.001597
-0.539735 0.046262 -0.029192
-0.541690 0.058461 0.000137
-0.584931 0.094671 -0.051752
-0.563304 0.066023 -0.050415
-0.554174 0.058279 -0.068785
-0.423489 -0.041177 -0.053593
-0.587801 0.086702 -0.030550
-0.501974 0.025041 -0.000298
-0.582684 0.092752 -0.060536
-0.608671 0.104170 -0.058494
-0.546920 0.052297 -0.032471
-0.484681 0.010275 -0.064836
-0.504410 0.016627 -0.002898
-0.448378 -0.020230 -0.052081
-0.597818 0.095161 -0.021369
-0.511143 0.032722 -0.010459
-0.465808 -0.015939 -0.028348
-0.435991 -0.030675 -0.058854
-0.561571 0.074994 -0.058256
-0.472805 -0.006313 0.014709
-0.465407 -0.005970 -0.072822
-0.571425 0.072789 -0.070700
-0.531714 0.039463 -0.044295
-0.574206 0.075427 0.018281
-0.589638 0.098720 -0.025600
-0.568725 0.070978 0.022008
-0.611815 0.111925 -0.022480
-0.484155 -0.000608 -0.060214
-0.565584 0.068152 0.012401
-0.456636 -0.013346 -0.071570
-0.518895 0.039057 -0.066532
-0.460356 -0.010045 -0.020517
-0.476465 -0.006979 -0.030203
-0.493126 0.007010 -0.039344
-0.488705 0.003189 -0.069694
-0.609932 0.115656 -0.067222
-0.453724 -0.019833 -0.085850
-0.478715 -0.004315 -0.084115
-0.504093 0.026601 -0.067027
-0.614121 0.108796 -0.046350
-0.428326 -0.047675 -0.087305
-0.542247 0.058834 -0.028666
-0.466217 -0.015594 -0.027939
-0.598912 0.106508 -0.030207
-0.458307 -0.011886 -0.055339
-0.582913 0.093128 -0.005645
-0.563557 0.076707 -0.045787
-0.491238 0.005417 -0.040825
-0.492681 0.006631 -0.040748
-0.484614 0.010375 -0.017985
-0.567050 0.079833 0.010156
-0.516350 0.037113 -0.007788
-0.574009 0.085028 0.022765
-0.557582 0.071884 0.015420
-0.497150 0.010268 -0.077651
-0.517626 0.027742 -0.004237
-0.595910 0.103840 -0.072655
-0.429222 -0.046709 -0.023715
-0.557716 0.071688 -0.076737
-0.609620 0.115504 -0.034249
-0.428528 -0.036959 -0.060053
-0.573504 0.085157 -0.021673
-0.527473 0.035881 -0.048190
-0.457331 -0.012592 -0.021085
-0.462953 -0.007860 -0.020645
-0.531346 0.039140 -0.048451
-0.572914 0.084763 0.008936
-0.503377 0.026149 -0.022111
-0.514779 0.025204 -0.047237
-0.589917 0.089552 0.023675
-0.455356 -0.014402 -0.065481
-0.430598 -0.045490 -0.005672
-0.576947 0.077441 -0.069063
-0.570068 0.071720 -0.048958
-0.452228 -0.027510 -0.071410
-0.497917 0.021332 0.016888
-0.522100 0.041795 -0.054495
-0.463491 -0.007451 -0.033510
-0.425043 -0.039745 -0.016320
-0.492646 0.006605 -0.039652
-0.473781 -0.009241 -0.031546
-0.423538 -0.040972 -0.004461
-0.476998 0.003999 -0.008030
-0.470300 -0.001764 -0.046163
-0.431116 -0.034834 -0.075933
-0.478351 -0.005252 0.011555
-0.469142 -0.002863 -0.083365
-0.614151 0.108860 -0.034588
-0.572145 0.084155 0.020423
-0.513381 0.034684 0.013229
-0.569100 0.081320 -0.060876
-0.476966 0.003930 -0.020867
-0.450501 -0.018426 -0.046984
-0.491148 0.005341 -0.040723
-0.585309 0.084528 -0.053883
-0.426258 -0.038669 -0.000502
-0.527633 0.036095 -0.024716
-0.424932 -0.050222 0.004896
-0.417389 -0.046184 -0.016221
-0.584238 0.084537 0.023227
-0.547431 0.063127 -0.049083
-0.482076 0.001514 0.015427
-0.560681 0.071848 -0.077512
-0.420687 -0.043415 -0.017745
-0.557901 0.071993 -0.032063
-0.478247 -0.005420 -0.012721
-0.553796 0.058178 -0.004074
-0.461429 -0.009347 -0.081613
-0.454141 -0.025895 -0.069845
-0.529358 0.047920 -0.048943
-0.488834 0.003294 -0.070770
-0.614075 0.108812 -0.029941
-0.553414 0.057716 -0.045984
-0.430967 -0.045337 -0.052496
-0.550212 0.055167 -0.002798
-0.443159 -0.024723 -0.082709
-0.573642 0.074744 -0.044089
-0.572939 0.084822 0.020081
-0.446631 -0.032065 -0.025400
-0.608800 0.114728 -0.060365
-0.492860 0.017393 0.005805
-0.536554 0.043727 0.012917
-0.496461 0.020415 0.003326
-0.610110 0.115842 -0.056562
-0.597569 0.105378 -0.029980
-0.525868 0.034622 -0.020881
-0.602970 0.109942 -0.024245
-0.541652 0.047763 -0.062899
-0.570317 0.082596 0.014064
-0.489205 0.008085 0.016000
-0.563292 0.066078 -0.031005
-0.453230 -0.026464 -0.010905
-0.532585 0.040142 -0.060364
-0.599938 0.096797 -0.065889
-0.421104 -0.049270 -0.034790
-0.464625 -0.016904 -0.018989
-0.466803 -0.004506 0.013735
-0.477062 0.004013 -0.020190
-0.450972 -0.017921 -0.014415
-0.550016 0.064217 0.020885
-0.505205 0.027490 -0.081156
-0.422778 -0.041569 0.008037
-0.521767 0.041657 -0.011645
-0.427896 -0.047947 -0.060481
-0.604898 0.101132 -0.017398
-0.533428 0.051420 -0.026418
-0.546867 0.052176 -0.055298
-0.468896 -0.013206 0.012169
-0.500042 0.012742 -0.065527
-0.612469 0.115720 -0.072200
-0.459553 -0.021143 -0.010482
-0.423941 -0.040883 -0.079385
-0.450969 -0.027802 0.012906
-0.484310 0.010139 -0.011990
-0.420352 -0.047357 -0.045887
-0.542916 0.048915 -0.036366
-0.518659 0.028530 -0.028739
-0.485650 0.000903 0.015322
-0.539257 0.045980 0.006653
-0.458778 -0.021788 -0.008435
-0.610611 0.106078 0.023854
-0.608079 0.103760 -0.032009
-0.427340 -0.037819 -0.018604
-0.609354 0.115186 -0.062539
-0.480981 0.004074 0.015468
-0.463820 -0.017790 -0.081546
-0.603768 0.110512 -0.054603
-0.597419 0.105248 -0.031208
-0.467642 -0.014552 -0.074897
-0.506763 0.029071 -0.000110
-0.593366 0.102018 0.022816
-0.555947 0.070356 -0.029980
-0.423754 -0.040794 -0.005771
-0.596738 0.104726 -0.015884
-0.441143 -0.036848 -0.074614
-0.453665 -0.015713 -0.031835
-0.542296 0.048420 -0.028546
-0.440327 -0.027036 -0.061549
-0.442594 -0.035524 -0.043819
-0.463686 -0.017873 -0.072624
-0.529403 0.037503 -0.048700
-0.537533 0.044426 -0.024443
-0.460905 -0.020037 -0.019986
-0.463804 -0.007059 0.005003
-0.576279 0.077160 0.015314
-0.581020 0.081065 -0.009858
-0.454985 -0.015365 0.013545
-0.438137 -0.039250 -0.036542
-0.607259 0.113486 -0.043696
-0.456545 -0.023622 0.005176
-0.452935 -0.026823 -0.044062
-0.498353 0.011339 -0.060055
-0.464147 -0.017343 -0.030130
-0.517823 0.038365 -0.003757
-0.548456 0.053712 0.004060
-0.515068 0.025460 -0.043211
-0.532148 0.039813 -0.048945
-0.467301 -0.014769 -0.053901
-0.483320 0.009300 -0.013718
-0.575157 0.086476 -0.043116
-0.438683 -0.038789 -0.036146
-0.576754 0.088004 0.011782
-0.610041 0.105525 0.002137
-0.602709 0.109833 0.008835
-0.527269 0.046301 -0.007466
-0.554559 0.058589 -0.073167
-0.567484 0.079930 -0.070171
-0.581189 0.081162 -0.023550
-0.519632 0.029488 0.012936
-0.467360 -0.014699 -0.048130
-0.484512 0.008111 0.015780
-0.457390 -0.012696 -0.066753
-0.510662 0.031742 0.017863
-0.613372 0.108195 -0.037622
-0.460938 -0.020063 -0.036265
-0.500784 0.013491 -0.028380
-0.568536 0.070351 -0.072915
-0.509660 0.021065 0.003340
-0.531632 0.039377 -0.049603
-0.451401 -0.028107 -0.042030
-0.488715 0.013682 -0.060726
-0.582051 0.081881 -0.025544
-0.509711 0.031522 -0.009005
-0.458731 -0.016939 -0.085510
-0.513243 0.023978 -0.027185
-0.433216 -0.043408 -0.041790
-0.478169 0.004950 -0.018390
-0.609463 0.115328 -0.047555
-0.559453 0.062972 0.006061
-0.592862 0.101487 -0.009345
-0.459737 -0.014571 0.013796
-0.604383 0.100639 -0.035143
-0.595127 0.103492 0.020143
-0.609890 0.115702 -0.043134
-0.579387 0.090121 -0.017428
-0.613117 0.111951 -0.039585
-0.511006 0.032510 -0.039532
-0.423722 -0.040866 -0.019170
-0.455854 -0.013788 -0.006990
-0.593095 0.101753 0.011402
-0.460093 -0.010369 -0.051066
-0.579958 0.090537 -0.036749
-0.518869 0.039011 -0.074068
-0.546942 0.052521 -0.078856
-0.526676 0.035302 -0.020947
-0.423227 -0.051233 -0.040883
-0.586322 0.085452 -0.032379
-0.598952 0.106441 -0.060167
-0.581420 0.091741 -0.044864
-0.544753 0.050539 -0.013024
-0.445635 -0.033033 -0.064248
-0.540381 0.046964 0.018092
-0.467858 -0.014196 -0.022646
-0.436647 -0.030124 -0.058911
-0.589190 0.087961 -0.003545
-0.503351 0.026075 -0.037585
-0.547117 0.052322 -0.074551
-0.596087 0.104190 -0.012526
-0.439182 -0.038409 -0.047994
-0.572405 0.084200 -0.031397
-0.579187 0.089843 -0.050626
-0.555514 0.063900 -0.078042
-0.513728 0.034685 -0.073770
-0.613562 0.112537 -0.051704
-0.497861 0.011123 -0.001115
-0.486175 0.001039 -0.075873
-0.427958 -0.047819 -0.038032
-0.488058 0.013238 -0.028368
-0.446363 -0.032455 -0.074333
-0.502990 0.015186 -0.076649
-0.454995 -0.024957 -0.004269
-0.532966 0.051152 0.009778
-0.423586 -0.041078 -0.048522
-0.567892 0.080513 0.001672
-0.599604 0.096584 -0.045394
-0.483059 0.009088 -0.011662
-0.511984 0.022864 -0.043516
-0.582450 0.082052 -0.074480
-0.592738 0.090766 -0.057594
-0.574008 0.085658 0.001096
-0.504119 0.026575 -0.081241
-0.606483 0.113056 0.022973
-0.555288 0.069731 -0.051182
-0.603057 0.109874 -0.066653
-0.510451 0.032203 0.008488
-0.532639 0.050895 0.015192
-0.420646 -0.044842 -0.077040
-0.441132 -0.026288 -0.040390
-0.465364 -0.006040 -0.082934
-0.564042 0.066628 -0.055088
-0.571112 0.072626 -0.040528
-0.598966 0.096172 -0.007901
-0.505952 0.021430 0.017269
-0.503404 0.026132 -0.033816
-0.423955 -0.040689 -0.024942
-0.509992 0.031726 -0.018857
-0.546855 0.062828 0.006335
-0.523502 0.043083 -0.022009
-0.610239 0.115943 -0.058959
-0.513652 0.027868 0.017863
-0.550043 0.065265 -0.066740
-0.445759 -0.022426 -0.049748
-0.476401 -0.006913 0.005516
-0.612694 0.113812 -0.054353
-0.595835 0.096617 0.024209
-0.600477 0.097447 -0.007154
-0.470010 -0.012572 -0.078746
-0.488783 0.004010 -0.083341
-0.469599 -0.002152 0.013962
-0.421326 -0.042922 -0.031233
-0.444565 -0.034000 -0.084080
-0.517769 0.038074 -0.077350
-0.484296 -0.000541 -0.075569
-0.429485 -0.046556 -0.044280
-0.533347 0.051504 0.018845
-0.518023 0.027899 -0.057505
-0.563218 0.066077 -0.012627
-0.538908 0.045451 -0.063711
-0.433860 -0.032283 -0.003652
-0.506358 0.018311 0.010499
-0.589090 0.087747 -0.042557
-0.465905 -0.005442 -0.040266
-0.467891 -0.003831 -0.058068
-0.504739 0.016936 0.006610
-0.567452 0.069589 -0.027851
-0.487774 0.013007 -0.026089
-0.554562 0.058730 -0.031770
-0.432080 -0.033774 -0.001526
-0.521008 0.030510 -0.027643
-0.492390 0.006255 -0.080068
-0.486299 0.011753 -0.029894
-0.499797 0.012599 -0.046721
-0.445343 -0.033342 -0.082910
-0.470380 -0.001809 -0.079622
-0.540151 0.057077 -0.026626
-0.540751 0.047063 -0.045484
-0.484841 -0.000107 -0.083053
-0.585897 0.085091 -0.033160
-0.582597 0.092949 0.020534
-0.499128 0.022644 -0.001078
-0.518904 0.039140 -0.044134
-0.519679 0.039750 -0.056640
-0.556986 0.069709 -0.077763
-0.570388 0.082569 -0.011624
-0.508088 0.029974 -0.063413
-0.513958 0.026417 0.017825
-0.525693 0.044833 -0.049920
-0.426253 -0.049393 -0.079416
-0.461838 -0.019333 -0.044219
-0.612258 0.115524 -0.067338
-0.524783 0.044031 -0.060737
-0.612407 0.115239 -0.066165
-0.552419 0.056813 -0.065624
-0.438621 -0.028427 -0.048368
-0.494889 0.018874 -0.061643
-0.494169 0.018320 -0.046192
-0.552038 0.067026 -0.042197
-0.467035 -0.014888 -0.022789
-0.420579 -0.043495 -0.014598
-0.500336 0.013079 -0.038565
-0.577487 0.078148 0.006708
-0.466017 -0.015738 -0.020731
-0.501630 0.024595 -0.047171
-0.615708 0.110100 -0.055585
-0.437068 -0.029547 0.007623
-0.576212 0.077061 0.002400
-0.463607 -0.017897 -0.059907
-0.429733 -0.035845 -0.030013
-0.419291 -0.049786 -0.005760
-0.607000 0.113416 0.000439
-0.468470 -0.013622 -0.005289
-0.507348 0.029294 -0.080670
-0.493064 0.006931 -0.047263
-0.570606 0.082623 -0.050259
-0.539803 0.046473 0.016617
-0.449826 -0.029415 -0.036601
-0.488839 0.003530 -0.001552
-0.439681 -0.027416 -0.012730
-0.584139 0.083701 -0.006550
-0.607654 0.103373 -0.040863
-0.609763 0.105194 -0.026946
-0.576330 0.087644 0.010664
-0.514119 0.024814 0.002349
-0.480683 0.007057 -0.020996
-0.551293 0.055867 -0.065177
-0.543080 0.059638 0.002285
-0.428188 -0.037098 -0.016100
-0.489303 0.003849 -0.022796
-0.466838 -0.004520 0.000600
-0.610512 0.109412 0.021681
-0.561274 0.074835 -0.031224
-0.576593 0.087902 0.022034
-0.463909 -0.017555 -0.033735
-0.456406 -0.013562 -0.078341
-0.428938 -0.036658 -0.073440
-0.566968 0.070201 0.021898
-0.579085 0.089798 -0.038392
-0.439971 -0.037571 0.003861
-0.442070 -0.025510 -0.043831
-0.581536 0.081523 -0.003021
-0.508652 0.020139 -0.019888
-0.496794 0.010200 -0.008401
-0.600471 0.105297 0.024740
-0.428443 -0.047339 -0.016280
-0.581575 0.091770 -0.075021
-0.447948 -0.020587 -0.050747
-0.549423 0.064930 -0.011283
-0.566336 0.079227 0.008536
-0.579910 0.090453 -0.049873
-0.498377 0.022037 0.006407
-0.600429 0.107847 -0.011535
-0.491042 0.005205 -0.054876
-0.506027 0.028282 -0.050942
-0.536292 0.053714 -0.061385
-0.439523 -0.038230 -0.080228
-0.420757 -0.043329 -0.009642
-0.503361 0.015596 -0.047216
-0.523360 0.042807 -0.068760
-0.424781 -0.050445 -0.069527
-0.539938 0.046552 0.006266
-0.586188 0.095831 -0.021549
-0.587138 0.096666 -0.010641
-0.433094 -0.033053 -0.041075
-0.513170 0.034491 0.008444
-0.473979 -0.009146 -0.052745
-0.524630 0.033452 -0.059398
-0.559978 0.063193 -0.060057
-0.522795 0.042566 0.001458
-0.494035 0.007923 0.005047
-0.535196 0.053038 0.012390
-0.429337 -0.036065 0.003383
-0.433418 -0.032753 -0.032785
-0.588534 0.097791 -0.025384
-0.511710 0.032994 -0.071917
-0.475299 0.002335 -0.078147
-0.435566 -0.041411 -0.035712
-0.524717 0.033742 0.005599
-0.470382 -0.001726 -0.055518
-0.501703 0.024648 -0.049829
-0.552227 0.058931 0.020798
-0.501620 0.024606 -0.041277
-0.605938 0.102035 -0.009122
-0.592458 0.094463 -0.075202
-0.447760 -0.031121 -0.027033
-0.584584 0.084107 0.002949
-0.494561 0.008091 -0.077120
-0.598775 0.095790 -0.074394
-0.605827 0.102051 0.023474
-0.422937 -0.048466 -0.067226
-0.454599 -0.014897 -0.022836
-0.582636 0.082267 -0.057210
-0.611218 0.115097 -0.049260
-0.527283 0.046378 0.011931
-0.509539 0.020995 0.012752
-0.432645 -0.043884 -0.040490
-0.505592 0.028126 0.011934
-0.453225 -0.026424 0.002556
-0.498814 0.022261 -0.036625
-0.438080 -0.028869 -0.044388
-0.541821 0.047943 -0.051559
-0.556659 0.060587 -0.004022
-0.440158 -0.037398 0.008820
-0.457482 -0.012639 -0.073068
-0.438070 -0.039280 -0.028680
-0.508588 0.030371 -0.070710
-0.529616 0.037629 -0.064695
-0.479633 -0.003169 0.015143
-0.593541 0.102016 -0.022065
-0.513556 0.024074 -0.077221
-0.563124 0.066073 0.009829
-0.508640 0.030504 -0.044175
-0.588227 0.097397 -0.066031
-0.556148 0.059980 -0.057177
-0.457194 -0.012614 0.006983
-0.477143 -0.006399 -0.027483
-0.472160 -0.000217 -0.051651
-0.421852 -0.049634 -0.040506
-0.600381 0.097430 0.012141
-0.522927 0.031953 -0.079199
-0.531628 0.039286 -0.075507
-0.515724 0.026134 -0.006608
-0.480209 -0.003938 -0.063001
-0.606349 0.102250 -0.048223
-0.540981 0.055473 -0.079029
-0.607659 0.113927 -0.012514
-0.606680 0.102592 -0.029274
-0.609621 0.111489 0.010607
-0.505901 0.028219 -0.038143
-0.567809 0.070053 0.020874
-0.442030 -0.025526 -0.038625
-0.485851 0.011277 -0.059490
-0.499377 0.012228 -0.051842
-0.539540 0.056556 -0.028554
-0.544147 0.060452 -0.022473
-0.518249 0.028296 0.004403
-0.422085 -0.042352 -0.051521
-0.477839 0.004643 -0.027395
-0.476766 0.003846 0.004570
-0.492751 0.006560 -0.079823
-0.491951 0.006165 0.003779
-0.602876 0.106428 -0.074280
-0.452605 -0.016667 -0.050373
-0.506141 0.028405 -0.042856
-0.577547 0.088488 -0.042976
-0.548899 0.064310 -0.064743
-0.603393 0.110447 0.020283
-0.602105 0.098637 -0.060940
-0.448235 -0.020460 -0.084921
-0.519596 0.039699 -0.051028
-0.481363 -0.002792 -0.010560
-0.591531 0.089738 -0.061091
-0.468198 -0.014114 -0.084001
-0.581967 0.092237 -0.033953
-0.560345 0.063500 -0.060598
-0.502844 0.015357 0.011389
-0.461922 -0.019211 -0.028724
-0.545242 0.061280 -0.050646
-0.471559 -0.000566 -0.004730
-0.575242 0.077033 -0.076640
-0.553645 0.057909 -0.046445
-0.548387 0.063843 -0.075589
-0.528489 0.047356 0.001033
-0.520705 0.030129 -0.065305
-0.566345 0.079228 0.006594
-0.452337 -0.016698 0.007776
-0.419806 -0.046367 -0.049598
-0.607361 0.113520 -0.059327
-0.516053 0.026372 -0.018318
-0.439555 -0.038149 -0.064082
-0.538525 0.045356 0.004242
-0.601603 0.098302 -0.034868
-0.479553 0.006206 0.008803
-0.429773 -0.046277 -0.033433
-0.424159 -0.050031 -0.066001
-0.434471 -0.031927 -0.050743
-0.539931 0.046468 -0.017069
-0.437438 -0.039767 -0.015287
-0.497016 0.010469 0.015975
-0.536198 0.043182 -0.060369
-0.449759 -0.019015 -0.036203
-0.439200 -0.038458 -0.067190
-0.574106 0.075056 -0.067361
-0.479946 -0.004154 -0.061555
-0.428883 -0.040444 -0.087762
-0.446279 -0.022084 -0.078604
-0.612210 0.107280 -0.018886
-0.563857 0.077117 0.001139
-0.535105 0.042385 -0.023784
-0.470148 -0.001782 -0.013320
-0.478211 0.005063 0.004667
-0.527348 0.044257 -0.080075
-0.607837 0.114118 -0.000270
-0.576106 0.077039 0.022536
-0.476834 -0.006777 -0.062611
-0.480798 0.007093 -0.039091
-0.436181 -0.030433 -0.034121
-0.426069 -0.049505 -0.066533
-0.492170 0.006244 -0.028027
-0.492328 0.006304 -0.049653
-0.485533 0.011063 -0.043529
-0.440039 -0.037682 -0.046337
-0.522134 0.031307 -0.072699
-0.507254 0.018796 -0.069934
-0.546591 0.052168 0.011545
-0.552414 0.067460 -0.007268
-0.429855 -0.046078 0.005640
-0.559754 0.073554 -0.031500
-0.607962 0.113991 -0.069693
-0.457912 -0.022687 -0.059347
-0.614077 0.109749 -0.028041
-0.514046 0.024647 -0.028949
-0.596238 0.104277 -0.024492
-0.487351 0.012595 -0.042875
-0.435241 -0.031308 -0.059495
-0.543616 0.049575 -0.015420
-0.603484 0.110382 -0.022140
-0.545957 0.051442 -0.046053
-0.471471 -0.000647 -0.006867
-0.570523 0.082778 0.016962
-0.430321 -0.035407 -0.047098
-0.509407 0.020774 -0.020113
-0.527240 0.035601 -0.073333
-0.424326 -0.040556 -0.078600
-0.496129 0.015510 0.016593
-0.453429 -0.015972 -0.049791
-0.481528 -0.002794 -0.053137
-0.521647 0.030997 -0.043080
-0.425259 -0.039664 -0.046375
-0.532114 0.050213 -0.056948
-0.504520 0.016626 -0.030756
-0.450006 -0.021586 -0.086088
-0.459657 -0.010564 0.000152
-0.530649 0.038749 0.010311
-0.549940 0.054835 -0.033322
-0.555098 0.059132 -0.046445
-0.441947 -0.025516 -0.014731
-0.575044 0.075860 -0.062825
-0.513996 0.035007 -0.045013
-0.590644 0.099402 -0.074517
-0.557234 0.071415 -0.037293
-0.481520 -0.002789 -0.049499
-0.615950 0.110249 -0.072192
-0.592888 0.101508 -0.009834
-0.602879 0.109840 -0.031996
-0.613419 0.112361 -0.047936
-0.476728 0.003826 0.008058
-0.502327 0.025122 -0.064757
-0.546301 0.062394 0.016168
-0.470503 -0.012037 -0.042651
-0.480552 0.007018 0.000247
-0.470195 -0.012237 -0.025191
-0.504489 0.027083 -0.022492
-0.474258 0.001603 -0.035386
-0.419601 -0.044269 -0.000024
-0.597134 0.094722 0.019117
-0.564960 0.067388 -0.058961
-0.458509 -0.022091 -0.031379
-0.434038 -0.042553 0.007093
-0.592495 0.090711 -0.012981
-0.541609 0.058289 -0.030753
-0.518099 0.028068 -0.025913
-0.613920 0.108717 -0.019295
-0.564526 0.067209 -0.003487
-0.477806 -0.005843 -0.028067
-0.559055 0.062363 -0.075643
-0.614508 0.109174 -0.030705
-0.502423 0.015005 0.011980
-0.457668 -0.022717 -0.007125
-0.611009 0.106271 -0.018396
-0.542682 0.059251 -0.013163
-0.576967 0.088001 -0.042756
-0.523792 0.032736 -0.062477
-0.421411 -0.046608 -0.067713
-0.439409 -0.027846 -0.072770
-0.546926 0.052338 -0.021888
-0.483149 -0.001263 -0.002757
-0.605069 0.101403 0.020603
-0.551967 0.067093 -0.004443
-0.580690 0.091243 -0.009703
-0.523204 0.032233 -0.065163
-0.573250 0.084893 -0.036683
-0.532398 0.039991 -0.058505
-0.470203 -0.012113 0.009868
-0.563088 0.076443 -0.006490
-0.578858 0.089484 -0.075053
-0.566306 0.068562 -0.046530
-0.426092 -0.038863 -0.016686
-0.562864 0.065725 -0.028715
-0.607073 0.113488 0.003508
-0.558161 0.072346 0.008042
-0.472955 -0.009958 -0.037954
-0.508153 0.019599 -0.056004
-0.447005 -0.031635 0.009400
-0.503367 0.026079 -0.040302
-0.420343 -0.043864 -0.065540
-0.611032 0.111735 -0.010298
-0.425919 -0.049564 -0.046606
-0.428089 -0.037395 -0.080126
-0.483764 0.009766 0.013943
-0.509385 0.025195 0.017566
-0.530847 0.049342 0.001758
-0.440259 -0.037440 -0.029075
-0.418881 -0.048110 -0.018696
-0.464835 -0.006371 -0.048746
-0.487526 0.012659 -0.067721
-0.517843 0.038231 -0.048765
-0.571874 0.073233 -0.050848
-0.443298 -0.024586 -0.076458
-0.446241 -0.032480 -0.051079
-0.435450 -0.041425 -0.010777
-0.545407 0.061639 0.015205
-0.580021 0.090502 -0.063158
-0.432114 -0.044279 -0.024737
-0.518610 0.039079 0.011743
-0.525864 0.034435 -0.075929
-0.424197 -0.050952 -0.028294
-0.512220 0.023186 -0.006682
-0.598927 0.106591 -0.009245
-0.569650 0.071588 0.016729
-0.454351 -0.015210 -0.053885
-0.561456 0.064641 0.001212
-0.492205 0.016769 -0.015878
-0.417676 -0.045945 -0.016763
-0.534770 0.042186 0.001145
-0.580045 0.084586 -0.076142
-0.537935 0.055117 -0.054871
-0.593792 0.102064 -0.070688
-0.465568 -0.005870 -0.083227
-0.529122 0.037226 -0.061054
-0.583302 0.093353 -0.036340
-0.528229 0.036697 0.005530
-0.607918 0.112409 0.022607
-0.565725 0.078462 -0.066449
-0.505231 0.027732 -0.015130
-0.495069 0.019091 -0.042181
-0.498055 0.011013 -0.082563
-0.555103 0.059060 -0.069326
-0.468348 -0.013841 -0.040069
-0.507259 0.029259 -0.068590
-0.580940 0.091300 -0.056070
-0.613266 0.108123 -0.032373
-0.500824 0.023861 -0.063914
-0.545020 0.061177 -0.025632
-0.494758 0.016002 -0.082627
-0.506831 0.029038 -0.027430
-0.565309 0.067868 -0.003193
-0.552970 0.067965 0.004009
-0.575379 0.086750 -0.017088
-0.481119 0.007455 -0.011642
-0.570620 0.076061 -0.076893
-0.498612 0.011506 -0.075316
-0.575028 0.084159 0.022781
-0.610122 0.115810 -0.069243
-0.488619 0.003194 -0.046422
-0.426979 -0.038105 -0.013282
-0.431659 -0.034411 -0.086233
-0.418419 -0.045245 0.005719
-0.548967 0.064370 -0.063847
-0.561925 0.075440 -0.013965
-0.462477 -0.008429 -0.070863
-0.428021 -0.037189 -0.001262
-0.497980 0.011275 0.014457
-0.544383 0.060598 -0.038180
-0.485511 0.000686 -0.014266
-0.527082 0.045908 -0.078092
-0.599522 0.107168 0.013588
-0.440273 -0.037602 -0.081416
-0.472285 0.000088 0.007975
-0.540600 0.046932 -0.046650
-0.577064 0.083969 0.022870
-0.594735 0.103148 0.015950
-0.462977 -0.018199 0.008162
-0.419853 -0.049354 -0.017721
-0.508741 0.030614 -0.036513
-0.592404 0.101142 0.002761
-0.435775 -0.041112 0.000894
-0.438885 -0.028298 -0.076092
-0.600960 0.097630 -0.073954
-0.566063 0.078935 -0.009860
-0.431198 -0.044946 0.006085
-0.491235 0.005280 -0.080968
-0.570824 0.082937 -0.011088
-0.488728 0.013661 -0.070294
-0.418714 -0.048568 -0.011555
-0.422120 -0.042353 -0.060856
-0.514759 0.035726 -0.021991
-0.446056 -0.022951 -0.086323
-0.548813 0.064377 -0.022826
-0.528840 0.047634 -0.004218
-0.487752 0.013012 -0.019012
-0.458771 -0.021760 0.001646
-0.585824 0.085192 0.015143
-0.505408 0.027758 -0.051947
-0.591216 0.089732 0.016090
-0.418900 -0.046215 -0.039538
-0.576985 0.087927 -0.069242
-0.470198 -0.012148 0.000735
-0.492144 0.009662 0.016195
-0.485750 0.000751 -0.055219
-0.581119 0.081028 -0.046140
-0.525118 0.044531 0.004493
-0.507600 0.029723 -0.015799
-0.580367 0.090930 -0.022303
-0.517157 0.037712 -0.031672
-0.426660 -0.048869 -0.025015
-0.447225 -0.031492 -0.003363
-0.586605 0.096188 -0.019597
-0.560970 0.074602 -0.024137
-0.492772 0.006792 -0.015407
-0.496834 0.020530 -0.055987
-0.532269 0.050544 0.003115
-0.464793 -0.016753 -0.016363
-0.469089 -0.002775 -0.043863
-0.548287 0.053312 -0.072864
-0.452448 -0.027126 -0.012014
-0.469561 -0.012937 -0.074818
-0.607787 0.103684 0.018687
-0.593078 0.091139 -0.031576
-0.428115 -0.037319 -0.063842
-0.515053 0.025366 -0.067421
-0.430694 -0.035227 -0.087250
-0.497502 0.010842 0.005636
-0.466865 -0.015062 -0.031917
-0.607145 0.102934 -0.043730
-0.469172 -0.013106 -0.027717
-0.552153 0.056696 -0.033775
-0.560505 0.065199 -0.077760
-0.571270 0.083195 -0.046362
-0.445180 -0.033415 -0.063772
-0.438132 -0.028734 -0.017009
-0.471520 -0.000628 -0.013480
-0.496695 0.020448 -0.045547
-0.427403 -0.037728 -0.006948
-0.569459 0.081700 -0.037692
-0.558851 0.062350 -0.028555
-0.490595 0.004828 -0.055142
-0.525453 0.034128 -0.063986
-0.591577 0.089758 -0.066875
-0.576931 0.077522 -0.040429
-0.590557 0.099342 -0.070691
-0.486378 0.011922 0.001000
-0.581681 0.092016 -0.028150
-0.425669 -0.039346 -0.054682
-0.593067 0.091155 -0.024221
-0.461498 -0.019478 -0.002017
-0.524216 0.043581 -0.052730
-0.437883 -0.039580 -0.071356
-0.491304 0.005635 0.007858
-0.504941 0.027592 0.015957
-0.493966 0.007625 -0.066945
-0.526759 0.035405 -0.011044
-0.504671 0.026391 -0.081786
-0.587781 0.097072 -0.051189
-0.428557 -0.036964 -0.068914
-0.591952 0.096712 -0.075144
-0.525693 0.041134 -0.080266
-0.609132 0.113517 -0.005130
-0.595832 0.103968 -0.014742
-0.578509 0.078841 -0.043347
-0.555847 0.070122 -0.074795
-0.567835 0.079886 -0.076885
-0.593530 0.102125 0.013174
-0.460463 -0.010161 -0.082130
-0.587450 0.086267 -0.072271
-0.554764 0.058810 -0.058525
-0.530637 0.049120 -0.012054
-0.418520 -0.047155 -0.024412
-0.456329 -0.013533 -0.050221
-0.445799 -0.022276 -0.015136
-0.506362 0.018242 -0.011075
-0.440030 -0.031668 0.012253
-0.567846 0.072722 -0.077144
-0.562564 0.075856 -0.050402
-0.464282 -0.017353 -0.067096
-0.545392 0.051034 -0.025810
-0.434520 -0.042373 -0.060412
-0.488484 0.013699 0.002186
-0.445648 -0.032893 -0.025317
-0.585271 0.084463 -0.063694
-0.464162 -0.006987 -0.063700
-0.565367 0.078420 0.011077
-0.450817 -0.028729 -0.081003
-0.478489 0.003535 -0.083842
-0.442329 -0.035698 -0.029154
-0.486531 0.004599 0.015748
-0.473771 0.001298 -0.004075
-0.513419 0.034592 -0.023915
-0.574547 0.075464 -0.056070
-0.538007 0.049781 -0.079375
-0.422864 -0.050759 -0.041345
-0.424066 -0.051002 -0.010197
-0.423465 -0.051566 -0.027701
-0.609900 0.114522 -0.025979
-0.541559 0.047925 0.009018
-0.509791 0.021157 -0.001972
-0.536886 0.043816 -0.043856
-0.459064 -0.011217 -0.045655
-0.504265 0.026947 -0.006742
-0.430500 -0.035116 -0.005164
-0.602978 0.099390 -0.055199
-0.537875 0.055085 -0.049346
-0.590157 0.088584 -0.060561
-0.463344 -0.007551 -0.026629
-0.517520 0.037918 -0.061477
-0.526259 0.034787 -0.070077
-0.523858 0.036007 -0.080537
-0.577380 0.078067 0.009388
-0.553271 0.057817 0.020282
-0.465202 -0.016464 -0.032769
-0.508452 0.019879 -0.047545
-0.492474 0.016790 -0.077181
-0.465058 -0.016513 -0.011328
-0.593539 0.091456 -0.052796
-0.538337 0.055120 -0.079166
-0.613716 0.108475 -0.040330
-0.607370 0.103236 -0.010353
-0.610273 0.111455 0.002558
-0.495168 0.019200 -0.034432
-0.477934 0.004807 -0.002088
-0.580301 0.080245 -0.074581
-0.455535 -0.014077 -0.013068
-0.532496 0.040303 0.010133
-0.612111 0.107102 -0.047094
-0.466984 -0.014968 -0.033809
-0.503243 0.025876 -0.069931
-0.476564 -0.005496 0.014915
-0.612419 0.114326 -0.056393
-0.506872 0.028927 -0.070728
-0.426984 -0.038993 0.011375
-0.482534 0.008725 0.012064
-0.526637 0.045804 0.002805
-0.611728 0.114762 -0.052206
-0.434388 -0.031972 -0.043465
-0.596135 0.104094 -0.053362
-0.449793 -0.029469 -0.044368
-0.516481 0.026544 -0.074759
-0.528022 0.046837 -0.036638
-0.558482 0.062003 -0.039274
-0.552847 0.057305 -0.026218
-0.600912 0.108150 -0.042298
-0.464792 -0.006420 -0.052417
-0.530392 0.038508 0.002791
-0.524461 0.043930 -0.009942
-0.528181 0.046852 -0.072337
-0.440730 -0.037149 -0.060588
-0.613500 0.109739 -0.020479
-0.606804 0.102745 -0.014825
-0.470007 -0.001833 0.006962
-0.513557 0.024212 -0.036361
-0.606360 0.112639 -0.070911
-0.454138 -0.015281 -0.021535
-0.569540 0.071315 -0.037316
-0.590867 0.099612 -0.067979
-0.439141 -0.027965 -0.040916
-0.435768 -0.030885 -0.065470
-0.499054 0.012159 0.008870
-0.589591 0.098758 -0.002286
-0.479776 0.006374 0.003012
-0.469409 -0.012141 -0.084835
-0.495637 0.019502 -0.062049
-0.563259 0.069033 0.021681
-0.596095 0.093761 -0.006733
-0.484974 0.010496 -0.072186
-0.474881 0.002101 -0.043168
-0.596847 0.104938 0.019896
-0.429414 -0.036260 -0.074192
-0.429546 -0.035936 -0.010489
-0.465008 -0.006048 0.004393
-0.471311 -0.000763 -0.001153
-0.524909 0.044146 -0.058087
-0.530229 0.048595 -0.066260
-0.594539 0.102731 -0.059380
-0.509247 0.029455 0.017714
-0.533752 0.051845 0.019156
-0.493791 0.017959 -0.059087
-0.530481 0.048924 -0.031510
-0.522825 0.031949 -0.054642
-0.504508 0.027008 -0.049787
-0.485530 0.000513 -0.070969
-0.455278 -0.014284 -0.010348
-0.485097 0.010885 0.012990
-0.597048 0.094347 -0.071189
-0.534249 0.052071 -0.038470
-0.547056 0.052266 -0.075841
-0.574897 0.076005 0.017349
-0.509336 0.020821 0.011818
-0.497602 0.021308 -0.016467
-0.588558 0.087421 -0.006067
-0.431082 -0.045116 -0.015526
-0.486706 0.001528 -0.063308
-0.529983 0.048391 -0.065445
-0.531829 0.050134 -0.008904
-0.505452 0.027911 -0.017161
-0.437303 -0.040037 -0.062014
-0.602952 0.109775 -0.069675
-0.545994 0.061940 -0.042336
-0.555092 0.059278 -0.001149
-0.466696 -0.015057 0.012199
-0.516890 0.026869 -0.080284
-0.438224 -0.036995 -0.087199
-0.510806 0.032494 0.005999
-0.572732 0.084450 -0.038927
-0.612946 0.112978 -0.048536
-0.497111 0.020777 -0.051737
-0.504852 0.027253 -0.063136
-0.518990 0.039266 -0.027981
-0.530292 0.048850 -0.005906
-0.446662 -0.021655 -0.046446
-0.527267 0.046136 -0.056362
-0.507602 0.029594 -0.054873
-0.470245 -0.012360 -0.074434
-0.421056 -0.043147 -0.030434
-0.453057 -0.026550 0.006930
-0.464025 -0.006923 -0.009937
-0.590415 0.099276 -0.054897
-0.569051 0.071089 0.018098
-0.513235 0.025731 0.017766
-0.598668 0.106344 -0.017957
-0.473697 0.001131 -0.035324
-0.509428 0.020730 -0.038684
-0.444028 -0.023789 -0.021856
-0.440240 -0.037600 -0.072305
-0.466933 -0.014875 0.006880
-0.430835 -0.034869 -0.015564
-0.471312 -0.011323 -0.032857
-0.462735 -0.018581 -0.045237
-0.471903 -0.010774 -0.017533
-0.439321 -0.038160 -0.008360
-0.505409 0.017436 -0.012409
-0.422228 -0.049168 -0.050428
-0.534202 0.041546 -0.047536
-0.425032 -0.039919 -0.065633
-0.447171 -0.031786 -0.077700
-0.551068 0.066334 -0.005287
-0.466725 -0.015246 -0.051649
-0.434717 -0.031817 -0.079760
-0.474912 0.002167 -0.031222
-0.572180 0.084124 0.002362
-0.539858 0.056849 -0.020930
-0.534239 0.041718 -0.005411
-0.421867 -0.042649 -0.085551
-0.474450 0.001669 -0.063697
-0.567603 0.069693 -0.034790
-0.556653 0.060537 -0.017486
-0.597000 0.104845 -0.046388
-0.588011 0.092762 -0.075472
-0.491485 0.005497 -0.078839
-0.577712 0.088541 -0.068679
-0.481077 -0.003270 -0.081759
-0.562723 0.065767 0.019184
-0.577089 0.077733 -0.017494
-0.571011 0.072540 -0.040828
-0.584811 0.094768 0.007119
-0.527345 0.035870 -0.019278
-0.523597 0.032706 -0.022485
-0.608591 0.104051 -0.073848
-0.506080 0.028236 -0.077955
-0.436982 -0.029836 -0.057110
-0.442644 -0.024963 -0.024907
-0.512198 0.033698 0.015972
-0.556718 0.068478 0.021354
-0.422144 -0.042130 -0.000098
-0.451756 -0.027856 -0.056193
-0.614133 0.108819 -0.042462
-0.432426 -0.039473 0.011613
-0.432787 -0.033345 -0.051063
-0.553044 0.067911 -0.030820
-0.553301 0.057751 -0.007381
-0.443931 -0.034446 -0.057861
-0.593571 0.102137 0.006523
-0.519802 0.040035 -0.002544
-0.446079 -0.022279 -0.086267
-0.528120 0.036489 -0.029193
-0.522950 0.042681 -0.003178
-0.545627 0.051256 -0.018253
-0.429042 -0.036347 -0.006618
-0.589989 0.094112 0.023843
-0.467546 -0.014523 -0.042318
-0.556774 0.060620 -0.022991
-0.459582 -0.010776 -0.044469
-0.476643 -0.006789 -0.018336
-0.504498 0.023858 0.017288
-0.524008 0.033034 -0.027962
-0.436173 -0.030285 0.012070
-0.520905 0.040739 -0.069401
-0.533833 0.043438 0.019374
-0.510656 0.032086 -0.078109
-0.570913 0.072412 -0.054500
-0.599089 0.106666 -0.027297
-0.546335 0.051743 -0.051003
-0.600006 0.097092 0.005207
-0.531019 0.039005 -0.006592
-0.475468 -0.007835 -0.035421
-0.539774 0.056630 -0.065222
-0.454288 -0.016313 0.013477
-0.539075 0.056036 -0.066842
-0.564591 0.077786 0.016675
-0.599645 0.096653 -0.035055
-0.570746 0.082959 0.014836
-0.582457 0.082218 -0.027081
-0.426222 -0.049423 -0.080654
-0.526397 0.035049 -0.026419
-0.426110 -0.038923 -0.039101
-0.439971 -0.027202 -0.021828
-0.457832 -0.022735 -0.053580
-0.517292 0.037766 -0.049386
-0.586322 0.095901 -0.034284
-0.511719 0.022561 -0.067391
-0.597324 0.105035 -0.071039
-0.609419 0.111132 0.017111
-0.517328 0.027419 -0.025880
-0.439092 -0.038415 -0.027161
-0.522590 0.035810 -0.080604
-0.575410 0.086619 -0.064335
-0.465631 -0.005534 0.001104
-0.569301 0.081724 0.009135
-0.569525 0.081955 0.022058
-0.462944 -0.018388 -0.040147
-0.555931 0.070464 0.006285
-0.429072 -0.046780 -0.007401
-0.577378 0.088419 -0.021269
-0.474422 -0.001782 0.014949
-0.597260 0.094743 -0.006214
-0.450712 -0.018212 -0.036071
-0.584565 0.094513 -0.006939
-0.482717 0.008738 -0.030023
-0.430788 -0.042399 -0.087743
-0.449959 -0.018733 -0.002262
-0.434748 -0.031720 -0.058631
-0.580065 0.090795 0.013380
-0.458796 -0.021945 -0.059743
-0.526676 0.035415 0.012882
-0.519324 0.039665 0.007139
-0.420872 -0.043469 -0.080605
-0.595869 0.093423 -0.050794
-0.583905 0.083414 -0.033624
-0.510434 0.032094 -0.019915
-0.568799 0.070714 -0.030353
-0.492957 0.006768 -0.069174
-0.492598 0.006730 0.009650
-0.438188 -0.031470 0.012173
-0.596154 0.093909 0.022791
-0.565162 0.077983 -0.068208
-0.591488 0.100284 -0.023225
-0.533937 0.051829 -0.032200
-0.536477 0.053997 -0.023004
-0.424079 -0.040774 -0.081313
-0.433619 -0.042545 0.011558
-0.512584 0.033820 -0.044696
-0.562222 0.075561 -0.052743
-0.480751 0.006910 -0.081900
-0.584253 0.094096 -0.053595
-0.550060 0.065457 -0.013828
-0.426026 -0.038957 -0.028076
-0.577498 0.078180 0.013389
-0.605506 0.111992 -0.049527
-0.587096 0.086106 -0.031491
-0.535395 0.053028 -0.040509
-0.423739 -0.051283 -0.012092
-0.523974 0.043378 -0.052377
-0.532603 0.040262 -0.029188
-0.532928 0.051027 -0.018148
-0.563227 0.076549 -0.010223
-0.518749 0.028513 -0.056386
-0.529913 0.048589 0.011396
-0.487131 0.012339 -0.063791
-0.600313 0.097155 -0.052983
-0.440988 -0.026449 -0.052404
-0.447885 -0.020508 -0.011215
-0.484786 -0.000082 -0.061666
-0.592169 0.101000 0.019581
-0.486526 0.011782 -0.078213
-0.562986 0.076196 -0.055002
-0.596559 0.104396 -0.069594
-0.516227 0.026451 -0.038553
-0.493576 0.007299 -0.066065
-0.590408 0.088873 -0.037398
-0.479761 -0.004264 -0.047959
-0.514639 0.025069 -0.052058
-0.425603 -0.039280 -0.018232
-0.437728 -0.029138 -0.036128
-0.490183 0.015154 0.009767
-0.597664 0.105621 0.018680
-0.545821 0.051438 -0.012920
-0.524246 0.043780 -0.000769
-0.600774 0.107929 -0.073808
-0.514628 0.025230 -0.001302
-0.445728 -0.032714 0.007753
-0.563473 0.066116 -0.065166
-0.498248 0.011452 0.000096
-0.426408 -0.038829 -0.085993
-0.511925 0.033282 -0.039814
-0.526506 0.034997 -0.069364
-0.560448 0.063806 0.005095
-0.511454 0.022618 0.016433
-0.490520 0.015408 0.001234
-0.572565 0.084217 -0.066571
-0.515084 0.032719 -0.081068
-0.426984 -0.038217 -0.047868
-0.510902 0.032302 -0.075411
-0.546469 0.062293 -0.056208
-0.477783 -0.006019 -0.074999
-0.494560 0.018655 -0.044542
-0.552071 0.056494 -0.073635
-0.485022 0.010688 -0.026956
-0.440017 -0.037785 -0.071593
-0.585950 0.095494 -0.062177
-0.503303 0.026113 -0.014166
-0.455634 -0.014042 -0.027605
-0.594363 0.092297 -0.008893
-0.445997 -0.022056 0.000813
-0.589777 0.098781 -0.042402
-0.580206 0.090622 -0.073988
-0.454294 -0.015354 -0.082812
-0.513902 0.034876 -0.060690
-0.517903 0.028016 0.007983
-0.556062 0.070296 -0.077068
-0.558627 0.072506 -0.061628
-0.480337 -0.003606 0.003989
-0.595633 0.103697 -0.045833
-0.520571 0.040609 -0.024122
-0.583382 0.083103 0.005012
-0.471792 -0.000346 0.002282
-0.565507 0.078358 -0.042745
-0.456168 -0.024127 -0.051310
-0.601297 0.098107 -0.015826
-0.534916 0.042330 0.007338
-0.597481 0.094918 -0.009387
-0.525977 0.034632 -0.045328
-0.490345 0.004850 0.014431
-0.521279 0.041254 -0.009569
-0.472982 0.000450 -0.058944
-0.439595 -0.027530 -0.025454
-0.496640 0.010091 -0.002305
-0.612450 0.113729 -0.050302
-0.419022 -0.049923 -0.000797
-0.555720 0.070035 -0.069004
-0.467568 -0.014379 -0.004438
-0.455821 -0.024526 -0.083214
-0.576835 0.087803 -0.068840
-0.524997 0.034013 0.016113
-0.597721 0.105668 0.018267
-0.528508 0.036698 -0.064617
-0.581394 0.081439 0.007684
-0.529332 0.037556 -0.015000
-0.557158 0.071325 -0.044948
-0.421702 -0.044497 -0.088246
-0.500916 0.024036 -0.034573
-0.543772 0.060115 -0.029142
-0.611500 0.115153 -0.053516
-0.596021 0.104096 -0.024102
-0.592149 0.090291 -0.051624
-0.506114 0.018077 0.002022
-0.467897 -0.014235 -0.044313
-0.514428 0.024888 -0.053012
-0.535631 0.053309 -0.016098
-0.545189 0.050710 -0.071498
-0.458656 -0.022022 -0.047715
-0.514927 0.035738 -0.060718
-0.521100 0.030451 -0.068320
-0.424030 -0.040542 0.000283
-0.497619 0.010893 -0.008802
-0.489223 0.014114 -0.059498
-0.423296 -0.041430 -0.080600
-0.556132 0.059910 -0.073831
-0.539679 0.046178 -0.040511
-0.508853 0.030762 -0.020413
-0.484370 0.009953 -0.082702
-0.568820 0.081041 -0.073792
-0.436025 -0.030523 -0.022203
-0.477511 0.004431 -0.008101
-0.479854 0.006354 -0.022455
-0.515976 0.030388 0.018063
-0.487094 0.012350 -0.051367
-0.581039 0.091406 -0.049142
-0.450380 -0.029024 -0.059310
-0.435648 -0.041226 -0.001190
-0.560135 0.073995 0.004221
-0.431228 -0.044904 0.011113
-0.599495 0.106983 -0.034994
-0.612011 0.106987 -0.056383
-0.611652 0.107893 0.023474
-0.544400 0.050220 -0.019504
-0.505784 0.024547 -0.081800
-0.426733 -0.048800 -0.022990
-0.458427 -0.022195 -0.041842
-0.550384 0.065568 -0.062152
-0.560331 0.074184 0.011445
-0.538734 0.045569 0.015296
-0.508019 0.030068 -0.018248
-0.579625 0.090165 -0.064296
-0.556883 0.060531 -0.077205
-0.452144 -0.017003 -0.034837
-0.520676 0.040792 0.003941
-0.532524 0.050810 0.018544
-0.601166 0.103110 0.024694
-0.532970 0.050885 -0.071092
-0.560710 0.063774 -0.070352
-0.520234 0.029811 -0.041932
-0.430618 -0.042962 -0.087772
-0.476727 -0.006738 -0.024251
-0.510787 0.032194 -0.078827
-0.563518 0.076790 -0.011262
-0.515941 0.026073 -0.079487
-0.526810 0.045771 -0.050466
-0.450462 -0.029021 -0.079022
-0.537541 0.054737 -0.069570
-0.521849 0.031321 0.003190
-0.436088 -0.040907 -0.016735
-0.482320 -0.001925 0.007583
-0.450648 -0.028733 -0.039476
-0.495106 0.019180 -0.024911
-0.527132 0.046187 -0.007259
-0.511567 0.033007 -0.031945
-0.428460 -0.047405 -0.040368
-0.555721 0.070161 -0.031505
-0.418645 -0.045192 -0.035186
-0.442902 -0.035254 -0.040395
-0.443581 -0.034599 -0.015380
-0.597046 0.097904 -0.074862
-0.487723 0.002321 -0.082111
-0.440655 -0.026833 -0.083343
-0.438490 -0.029202 0.012269
-0.517624 0.027810 0.016529
-0.517690 0.038017 -0.074430
-0.444633 -0.023478 -0.081016
-0.503127 0.015505 -0.015322
-0.607347 0.113712 0.001704
-0.467379 -0.004107 -0.011878
-0.446160 -0.022187 -0.079424
-0.587168 0.086026 -0.073535
-0.495701 0.009082 -0.067665
-0.469248 -0.013148 -0.059100
-0.586207 0.095749 -0.050561
-0.488040 0.002816 -0.014057
-0.535296 0.053011 -0.020815
-0.563275 0.066126 -0.012373
-0.490165 0.015139 0.009997
-0.605122 0.111867 0.009749
-0.597900 0.095224 -0.023341
-0.510061 0.031863 0.004751
-0.445619 -0.022470 -0.027807
-0.453701 -0.026273 -0.071894
-0.573395 0.085160 0.006507
-0.467823 -0.014367 -0.065105
-0.550726 0.055525 -0.024818
-0.497609 0.021348 -0.006368
-0.420019 -0.048688 -0.027118
-0.524375 0.042330 0.018890
-0.568722 0.081224 0.005383
-0.527977 0.046947 0.007358
-0.505388 0.027909 -0.001654
-0.564531 0.067153 -0.021244
-0.527456 0.035804 -0.067224
-0.514612 0.025228 0.002188
-0.581243 0.091546 -0.058727
-0.508959 0.030739 -0.054112
-0.477350 0.004056 -0.079624
-0.546233 0.051721 -0.031980
-0.530975 0.039002 0.003654
-0.575001 0.075972 -0.018466
-0.532864 0.040379 -0.059670
-0.570600 0.082589 -0.058978
-0.509975 0.021249 -0.020966
-0.520691 0.040741 -0.014880
-0.594401 0.102768 -0.013480
-0.491441 0.005719 -0.001568
-0.592918 0.101385 -0.053923
-0.492557 0.016966 -0.045499
-0.494369 0.018525 -0.035154
-0.541747 0.048103 0.015016
-0.488390 0.013528 -0.025066
-0.526932 0.035489 -0.029290
-0.513090 0.023929 -0.003413
-0.562541 0.076076 0.021215
-0.438306 -0.039060 -0.022334
-0.430189 -0.045621 -0.087888
-0.476294 0.003288 -0.043712
-0.611514 0.115321 -0.055523
-0.509311 0.020764 0.000936
-0.449369 -0.019377 -0.046690
-0.513987 0.024559 -0.040679
-0.589713 0.088370 -0.012910
-0.520446 0.040366 -0.065392
-0.459618 -0.021093 -0.012054
-0.524096 0.043525 -0.039297
-0.493433 0.007396 -0.001231
-0.526979 0.035558 -0.020606
-0.548413 0.053694 0.009603
-0.511010 0.022168 -0.006780
-0.591461 0.100141 -0.059141
-0.570380 0.072142 -0.000965
-0.433084 -0.033167 -0.072645
-0.515423 0.025864 -0.011741
-0.536332 0.043322 -0.052265
-0.598475 0.095780 -0.001595
-0.476074 -0.005607 0.014888
-0.454978 -0.014465 0.010945
-0.603753 0.100234 0.002077
-0.555355 0.059263 -0.071778
-0.493370 0.017542 -0.077673
-0.438606 -0.038906 -0.051597
-0.596835 0.104648 -0.063724
-0.494155 0.007936 -0.021291
-0.579712 0.080059 0.018230
-0.423161 -0.048212 -0.072871
-0.451112 -0.018037 -0.084377
-0.610943 0.111196 -0.003278
-0.514292 0.033545 -0.081075
-0.550016 0.065259 -0.061931
-0.582872 0.093105 -0.002067
-0.601938 0.098641 -0.017684
-0.548301 0.053375 -0.057645
-0.491427 0.016023 -0.043257
-0.519557 0.029306 -0.022827
-0.610519 0.109247 0.023384
-0.429279 -0.036391 -0.079320
-0.468639 -0.003255 -0.073975
-0.535171 0.052972 -0.000769
-0.589226 0.098371 -0.026188
-0.580209 0.090776 -0.028656
-0.530881 0.038950 0.011939
-0.440757 -0.026563 -0.028415
-0.595652 0.093328 -0.024659
-0.515807 0.036738 0.016826
-0.609591 0.114057 -0.016919
-0.548575 0.063995 -0.077314
-0.473166 0.000839 0.011047
-0.434011 -0.032225 -0.024302
-0.584319 0.094185 -0.043498
-0.449433 -0.019177 -0.002894
-0.518133 0.038454 -0.055482
-0.609773 0.113032 -0.008128
-0.594482 0.092328 -0.029328
-0.452108 -0.027579 -0.061811
-0.507077 0.029293 -0.013038
-0.536778 0.054132 -0.058573
-0.451427 -0.027986 -0.012249
-0.475887 -0.003999 -0.084237
-0.562886 0.065728 -0.033612
-0.488868 0.009059 0.016019
-0.541021 0.057936 0.011663
-0.604942 0.101197 -0.009114
-0.459339 -0.021534 -0.073755
-0.476551 0.003488 -0.048500
-0.565226 0.067788 -0.006175
-0.545341 0.061343 -0.056630
-0.466363 -0.004885 0.011091
-0.498328 0.011553 0.009957
-0.589787 0.088527 0.015442
-0.613929 0.110923 -0.038894
-0.461841 -0.019303 -0.036137
-0.437943 -0.035404 -0.087154
-0.569217 0.081444 -0.053259
-0.523162 0.042640 -0.068930
-0.567333 0.069634 0.015675
-0.602504 0.099122 -0.016321
-0.455250 -0.015992 -0.085639
-0.592917 0.101424 -0.042147
-0.503761 0.026382 -0.048860
-0.436945 -0.039522 0.011824
-0.592141 0.100939 0.008071
-0.435701 -0.041431 -0.075806
-0.586331 0.095873 -0.044868
-0.520017 0.040267 0.013054
-0.569026 0.081453 -0.002633
-0.549354 0.064840 -0.020728
-0.603381 0.099677 -0.070885
-0.430284 -0.035408 -0.038076
-0.533991 0.041578 0.015267
-0.472538 -0.010140 0.012634
-0.534483 0.052418 0.006612
-0.538090 0.055258 -0.051821
-0.469245 -0.002599 -0.030614
-0.577105 0.077854 0.014929
-0.515565 0.025931 -0.027304
-0.487881 0.002733 0.001330
-0.577104 0.077838 0.010497
-0.596705 0.094167 -0.038564
-0.461290 -0.013614 0.013904
-0.610243 0.107301 0.025272
-0.575370 0.076220 -0.037322
-0.483206 0.009197 -0.015797
-0.518274 0.032125 0.018234
-0.556939 0.060823 -0.003959
-0.421345 -0.043064 -0.078601
-0.566660 0.079336 -0.040457
-0.557330 0.061063 -0.030414
-0.582750 0.082349 -0.061526
-0.561719 0.075113 -0.059820
-0.460626 -0.020487 -0.084468
-0.591395 0.100098 -0.055391
-0.460781 -0.020070 0.001163
-0.498380 0.021924 -0.028247
-0.553899 0.058085 -0.057656
-0.514157 0.035096 -0.059105
-0.562096 0.075633 0.000755
-0.507462 0.029634 -0.007788
-0.492308 0.006235 -0.065398
-0.587556 0.088460 0.023525
-0.550526 0.055193 -0.073749
-0.541643 0.047975 0.002686
-0.434831 -0.042142 -0.069652
-0.435067 -0.041932 -0.066076
-0.478412 0.005058 -0.047282
-0.485911 0.006602 -0.083383
-0.431691 -0.034110 -0.004094
-0.555700 0.059723 -0.021241
-0.472658 0.000356 -0.005611
-0.465694 -0.016027 -0.025788
-0.533785 0.041270 -0.024997
-0.485588 0.011094 -0.048000
-0.505472 0.027999 0.004180
-0.447055 -0.021224 -0.016409
-0.525589 0.034324 -0.039848
-0.592158 0.090534 0.019036
-0.442304 -0.025154 0.003562
-0.609220 0.114408 -0.015953
-0.588156 0.086954 -0.044677
-0.530694 0.038520 -0.069449
-0.612015 0.106941 -0.071299
-0.495289 0.019260 -0.046840
-0.607156 0.113550 0.001378
-0.527698 0.036168 -0.019187
-0.542027 0.048250 -0.011662
-0.527371 0.046235 -0.052994
-0.603001 0.109823 -0.067880
-0.503741 0.016061 -0.003874
-0.525485 0.044665 -0.047855
-0.507904 0.029886 -0.043592
-0.424673 -0.039978 0.006893
-0.497709 0.021340 -0.033944
-0.585954 0.092099 -0.075593
-0.603766 0.100318 0.023966
-0.568694 0.070473 -0.075910
-0.518172 0.029784 0.018145
-0.516244 0.026502 -0.027584
-0.520632 0.030257 -0.080897
-0.515507 0.036209 -0.065715
-0.516449 0.026530 -0.070639
-0.435366 -0.031169 -0.049197
-0.479711 0.006139 -0.050851
-0.556774 0.071167 0.004272
-0.475015 -0.008153 -0.016448
-0.424335 -0.047341 -0.088225
-0.548857 0.053891 -0.043393
-0.442386 -0.035825 -0.081542
-0.504187 0.016312 -0.041041
-0.578426 0.089394 0.006709
-0.585876 0.095569 -0.021360
-0.519591 0.029250 -0.048073
-0.526312 0.045371 -0.045055
-0.466992 -0.004433 -0.011783
-0.614892 0.109413 -0.055774
-0.464779 -0.016756 -0.013473
-0.582468 0.082079 -0.071172
-0.524561 0.034195 -0.080570
-0.536434 0.043508 -0.022429
-0.600772 0.108131 -0.012876
-0.572379 0.073572 -0.076480
-0.579181 0.089778 -0.068474
-0.547398 0.058061 -0.078634
-0.587557 0.096945 -0.032756
-0.589838 0.088492 -0.007953
-0.549108 0.064526 -0.052723
-0.600528 0.097454 -0.017802
-0.556469 0.070800 -0.028687
-0.531781 0.049961 -0.048391
-0.461268 -0.019699 -0.010367
-0.541431 0.047765 -0.006625
-0.421874 -0.042585 -0.068378
-0.547968 0.053070 -0.064916
-0.609085 0.112950 -0.073752
-0.522143 0.031573 0.004567
-0.559961 0.063316 -0.018718
-0.569523 0.071446 0.006273
-0.496369 0.020302 -0.007024
-0.511667 0.024712 0.017656
-0.440419 -0.037454 -0.073690
-0.607893 0.103665 -0.013674
-0.600233 0.097086 -0.053537
-0.561533 0.075006 -0.045079
-0.557452 0.061133 -0.040161
-0.467004 -0.014909 -0.021180
-0.442222 -0.030373 0.012402
-0.446708 -0.032145 -0.068411
-0.459146 -0.011114 -0.035511
-0.506579 0.018436 -0.007855
-0.569991 0.082157 -0.034693
-0.459192 -0.021592 -0.054020
-0.536385 0.053842 -0.046174
-0.576890 0.088042 -0.010994
-0.512159 0.022999 -0.047014
-0.537069 0.054370 -0.060654
-0.543485 0.059943 -0.008213
-0.538671 0.055703 -0.064938
-0.533091 0.050687 -0.079573
-0.455221 -0.014502 -0.061193
-0.432340 -0.034565 0.011787
-0.570692 0.072258 -0.044883
-0.457700 -0.012308 -0.028979
-0.560546 0.066585 -0.077708
-0.476656 -0.006973 -0.076511
-0.540703 0.047077 -0.029243
-0.507350 0.023337 -0.081771
-0.484739 0.000042 -0.012771
-0.594844 0.103161 -0.007598
-0.507291 0.029309 -0.061660
-0.528914 0.037014 -0.072012
-0.562485 0.075826 -0.039548
-0.593534 0.091450 -0.053357
-0.458155 -0.019853 -0.085643
-0.423046 -0.050116 -0.050691
-0.441025 -0.036741 -0.012914
-0.554409 0.058709 0.000492
-0.582753 0.082436 -0.036112
-0.452484 -0.027131 -0.022638
-0.595705 0.093422 -0.009989
-0.556831 0.071210 0.002670
-0.557544 0.061153 -0.057666
-0.439527 -0.027649 -0.043700
-0.588484 0.097909 0.022187
-0.550708 0.055379 -0.063812
-0.521866 0.041769 -0.003111
-0.480476 0.006938 -0.004709
-0.497693 0.021274 -0.049611
-0.606716 0.102635 -0.025513
-0.539670 0.056564 -0.058791
-0.419714 -0.044371 -0.058950
-0.425666 -0.049600 0.006288
-0.591873 0.090287 0.016903
-0.605472 0.101691 0.005364
-0.592132 0.090500 0.015266
-0.612964 0.107915 -0.018640
-0.509113 0.020497 -0.028919
-0.593795 0.102371 0.020154
-0.461175 -0.009428 -0.042183
-0.593431 0.091401 -0.042039
-0.609716 0.112104 0.002688
-0.611545 0.111404 -0.013330
-0.587320 0.086363 -0.010912
-0.428258 -0.047675 -0.070131
-0.565161 0.078168 -0.012705
-0.492098 0.016746 0.004075
-0.438966 -0.027958 0.004998
-0.569069 0.081367 -0.039183
-0.443261 -0.034901 -0.025301
-0.578054 0.078449 -0.045955
-0.453567 -0.015678 0.003220
-0.425143 -0.050107 -0.013499
-0.531371 0.039301 -0.006445
-0.601696 0.098506 0.003078
-0.535128 0.042301 -0.054583
-0.567579 0.069620 -0.050514
-0.466286 -0.015695 -0.075446
-0.580050 0.080341 0.017461
-0.443291 -0.024444 -0.032195
-0.486942 0.012396 0.000574
-0.435900 -0.030583 -0.008476
-0.479959 0.006389 -0.038589
-0.513945 0.034910 -0.061308
-0.547699 0.063393 -0.037144
-0.507030 0.018777 -0.019366
-0.561272 0.064232 -0.074696
-0.544786 0.050416 -0.058257
-0.423817 -0.051244 -0.020103
-0.509486 0.031418 0.016441
-0.457169 -0.012736 -0.023319
-0.579251 0.079473 -0.041105
-0.608114 0.114293 -0.017605
-0.597969 0.095424 0.019235
-0.569725 0.071613 0.005456
-0.506945 0.026064 0.017483
-0.517033 0.037736 0.006825
-0.555709 0.062131 0.021077
-0.428793 -0.047181 -0.057080
-0.553189 0.057654 -0.008123
-0.535411 0.042538 -0.055006
-0.522151 0.041936 -0.025045
-0.580528 0.090951 -0.056737
-0.489341 0.014266 -0.043512
-0.424980 -0.050355 -0.046940
-0.477842 0.004515 -0.066144
-0.613367 0.108124 -0.057702
-0.589074 0.098137 -0.058177
-0.523277 0.032306 -0.061615
-0.440672 -0.037114 -0.035775
-0.454628 -0.014987 -0.057183
-0.425195 -0.050205 -0.055953
-0.523762 0.032669 -0.074928
-0.457854 -0.012187 -0.031587
-0.435519 -0.031021 -0.043560
-0.534383 0.041831 -0.007541
-0.483093 -0.001485 -0.055287
-0.439931 -0.037731 -0.033672
-0.525945 0.044989 -0.066584
-0.488935 0.013821 -0.074637
-0.590237 0.088827 -0.008039
-0.528386 0.047161 -0.031334
-0.580561 0.090915 -0.075528
-0.584077 0.083708 0.011106
-0.481742 0.006440 0.015590
-0.442503 -0.025001 -0.000788
-0.593303 0.101734 -0.046384
-0.497596 0.010749 -0.045991
-0.543181 0.059461 -0.076210
-0.505940 0.017796 -0.038353
-0.429783 -0.035793 -0.027151
-0.466051 -0.005240 -0.016529
-0.479998 -0.004148 -0.072691
-0.506110 0.028289 -0.069567
-0.472329 -0.000046 -0.042785
-0.465055 -0.005986 0.010768
-0.480971 -0.003123 -0.011085
-0.464492 -0.006568 -0.021287
-0.610239 0.105766 0.024511
-0.589903 0.088651 0.023076
-0.574967 0.086365 -0.028782
-0.481183 -0.002874 0.009872
-0.593304 0.101911 0.006433
-0.516861 0.037388 -0.054023
-0.458006 -0.022646 -0.070553
-0.512563 0.023382 -0.034274
-0.452659 -0.023263 0.013150
-0.422068 -0.042357 -0.048952
-0.498456 0.021900 -0.054521
-0.435265 -0.031088 0.000312
-0.477617 -0.006072 -0.048931
-0.424841 -0.050406 -0.027124
-0.496687 0.020586 -0.002192
-0.575290 0.076189 -0.026560
-0.480952 0.007166 -0.056166
-0.432727 -0.033494 -0.080433
-0.428221 -0.047482 -0.003079
-0.530453 0.039078 0.019057
-0.569904 0.071534 -0.063014
-0.520574 0.040728 0.010549
-0.540793 0.057497 -0.062541
-0.448815 -0.019804 -0.034979
-0.487957 0.013295 0.013984
-0.541302 0.057936 -0.059320
-0.438011 -0.039408 -0.052130
-0.534690 0.052580 0.002884
-0.544309 0.060438 -0.067790
-0.442956 -0.024812 -0.058088
-0.590096 0.088683 -0.015802
-0.450210 -0.029245 -0.082524
-0.557310 0.061141 -0.002133
-0.446591 -0.021646 -0.026129
-0.564814 0.067230 -0.069417
-0.597415 0.105311 -0.011567
-0.456633 -0.023605 -0.012042
-0.435473 -0.041343 0.007848
-0.530198 0.048540 -0.074923
-0.510345 0.027889 -0.081465
-0.437970 -0.028945 -0.039512
-0.449016 -0.019618 -0.029681
-0.492002 0.005956 -0.071653
-0.591138 0.100032 -0.010650
-0.464047 -0.007019 -0.044408
-0.430403 -0.045817 -0.054384
-0.564186 0.066955 0.006038
-0.451648 -0.017503 -0.059371
-0.514358 0.035506 0.013186
-0.477991 0.004708 -0.046238
-0.508958 0.030818 -0.030074
-0.599265 0.096518 0.020008
-0.533438 0.041003 -0.017333
-0.544233 0.060368 -0.069261
-0.505306 0.017135 -0.076348
-0.567829 0.069894 -0.031605
-0.583253 0.082967 -0.003289
-0.548677 0.064155 -0.055418
-0.488593 0.003130 -0.058955
-0.547580 0.063170 -0.073683
-0.434696 -0.035457 0.011865
-0.435162 -0.041863 -0.069453
-0.494624 0.016656 0.016564
-0.469408 -0.002363 -0.000951
-0.518349 0.028227 -0.041438
-0.497855 0.011003 -0.035268
-0.583106 0.082833 -0.006224
-0.593526 0.091701 0.023608
-0.538263 0.055501 -0.022657
-0.537801 0.055155 -0.009870
-0.434958 -0.031423 -0.022862
-0.526807 0.045731 -0.061606
-0.495288 0.019194 -0.066495
-0.525396 0.044669 -0.024299
-0.507166 0.029209 -0.060348
-0.590074 0.099016 -0.046606
-0.521135 0.030458 -0.075447
-0.542847 0.059493 0.017740
-0.467781 -0.014295 -0.033084
-0.584216 0.083832 0.013103
-0.442155 -0.035811 -0.019094
-0.588863 0.087568 -0.038624
-0.590528 0.088941 -0.047403
-0.446644 -0.021478 0.010741
-0.571398 0.072951 -0.015529
-0.565244 0.067674 -0.045027
-0.458954 -0.021845 -0.069596
-0.497765 0.010946 -0.029618
-0.464433 -0.016970 0.009523
-0.534591 0.042946 -0.079782
-0.449280 -0.029832 -0.024059
-0.477459 0.004260 -0.046370
-0.566592 0.079487 0.021855
-0.456413 -0.020902 -0.085762
-0.533935 0.051757 -0.053402
-0.573427 0.074770 0.018012
-0.424315 -0.040330 -0.007965
-0.508813 0.020353 0.003218
-0.518058 0.038376 -0.059570
-0.430747 -0.045344 0.000615
-0.477963 -0.001866 0.015112
-0.609933 0.105470 0.012918
-0.525464 0.034403 0.015152
-0.595660 0.101766 0.024387
-0.568992 0.081424 -0.002955
-0.463431 -0.007389 0.000071
-0.565886 0.068305 -0.017567
-0.469588 -0.012782 -0.035489
-0.601719 0.098572 0.016709
-0.484615 0.010293 -0.042624
-0.455893 -0.024250 -0.018542
-0.485477 0.000526 -0.053658
-0.555192 0.069759 -0.018751
-0.580131 0.090864 0.017466
-0.507219 0.026305 0.017504
-0.590501 0.099295 -0.070852
-0.465868 -0.005584 -0.073369
-0.423131 -0.047324 -0.082145
-0.574656 0.075780 0.010797
-0.516609 0.026768 -0.039833
-0.442273 -0.025456 -0.078812
-0.569928 0.071533 -0.069770
-0.560152 0.063490 -0.014861
-0.562648 0.065470 -0.050826
-0.432968 -0.043589 -0.033461
-0.475962 0.000470 -0.084071
-0.452531 -0.027190 -0.051960
-0.541432 0.058181 -0.018689
-0.454084 -0.015271 -0.004962
-0.526766 0.035342 -0.031351
-0.482716 0.008786 -0.015545
-0.546960 0.052385 -0.016449
-0.542237 0.058895 -0.007688
-0.508152 0.030204 -0.010959
-0.608114 0.103978 0.024179
-0.603140 0.101292 -0.074453
-0.492328 0.006345 -0.037431
-0.573822 0.074990 -0.015726
-0.532522 0.050534 -0.063531
-0.568757 0.070746 -0.010175
-0.479360 -0.004571 -0.038629
-0.561485 0.075047 -0.020624
-0.516999 0.027258 0.008410
-0.496782 0.020465 -0.062265
-0.486708 0.001767 0.007619
-0.552997 0.057414 -0.031469
-0.593030 0.092415 -0.075249
-0.541167 0.050370 -0.079205
-0.430246 -0.045863 -0.028666
-0.567018 0.069339 0.006510
-0.494266 0.018542 -0.004284
-0.554769 0.069486 0.006078
-0.486383 0.011975 0.015375
-0.512212 0.023053 -0.044326
-0.528966 0.047760 0.001715
-0.490660 0.015291 -0.069331
-0.565262 0.067864 0.007224
-0.446766 -0.021536 -0.037009
-0.550412 0.055180 -0.048899
-0.508726 0.020210 -0.017511
-0.537303 0.054682 -0.025936
-0.509355 0.031120 -0.039469
-0.464862 -0.016751 -0.032993
-0.524979 0.044131 -0.080093
-0.558056 0.072090 -0.042174
-0.595498 0.103558 -0.053250
-0.527849 0.036136 -0.066642
-0.536148 0.053846 0.014489
-0.541257 0.057997 -0.029811
-0.427996 -0.037425 -0.065543
-0.432941 -0.033215 -0.050995
-0.454231 -0.025821 -0.070278
-0.439457 -0.027684 -0.036483
-0.606729 0.113140 -0.013739
-0.498060 0.018745 0.016801
-0.463925 -0.014998 -0.085196
-0.453439 -0.015953 -0.046645
-0.552523 0.057086 -0.010243
-0.580396 0.090965 -0.019201
-0.569067 0.070859 -0.054619
-0.598856 0.095901 -0.061340
-0.518274 0.038772 0.004487
-0.464294 -0.006777 -0.034172
-0.602411 0.099128 0.008997
-0.456762 -0.013160 -0.047697
-0.498096 0.021767 -0.003576
-0.603500 0.099794 -0.065743
-0.515317 0.025721 -0.027754
-0.531317 0.049638 -0.028218
-0.500385 0.016543 -0.082343
-0.471304 -0.000951 -0.055778
-0.450168 -0.028996 0.002750
-0.597813 0.105735 0.015162
-0.546075 0.061956 -0.058174
-0.607482 0.103127 -0.071117
-0.604759 0.111613 0.025142
-0.474158 0.001596 -0.012181
-0.540322 0.046872 0.005384
-0.457675 -0.012358 -0.037329
-0.519059 0.028825 -0.041076
-0.579827 0.079924 -0.051099
-0.427987 -0.037265 -0.015526
-0.506370 0.018169 -0.034914
-0.579656 0.079994 0.012710
-0.446684 -0.031953 -0.005207
-0.565743 0.078754 0.016165
-0.582044 0.081852 -0.032157
-0.589352 0.098567 0.000801
-0.427895 -0.039304 0.011407
-0.522795 0.031947 -0.047655
-0.437537 -0.039783 -0.045052
-0.552202 0.067175 -0.039048
-0.566327 0.068617 -0.035480
-0.471598 -0.011071 -0.029434
-0.465748 -0.005578 -0.041460
-0.613449 0.114239 -0.073501
-0.566421 0.079228 -0.012593
-0.469981 -0.001959 -0.024060
-0.554614 0.058685 -0.058200
-0.523263 0.032360 -0.041720
-0.449653 -0.029466 -0.008338
-0.514305 0.035273 -0.043140
-0.445140 -0.022769 0.003368
-0.589110 0.098201 -0.047823
-0.589512 0.091686 -0.075440
-0.546867 0.052232 -0.038624
-0.469607 -0.012778 -0.038782
-0.478081 -0.005723 -0.061482
-0.447099 -0.031685 -0.029409
-0.509417 0.020593 -0.076901
-0.540129 0.057002 -0.043338
-0.522305 0.031681 -0.003944
-0.583526 0.083256 0.014521
-0.576551 0.077371 0.009708
-0.593868 0.091873 -0.010806
-0.512200 0.033486 -0.047827
-0.423129 -0.041368 -0.020166
-0.564389 0.066887 -0.064930
-0.550370 0.055244 -0.019305
-0.570945 0.072859 -0.076993
-0.610962 0.106114 -0.053388
-0.440923 -0.026350 -0.006634
-0.571263 0.072840 -0.014560
-0.555294 0.059388 -0.018997
-0.453906 -0.025971 -0.033374
-0.563045 0.076313 -0.034790
-0.521900 0.041546 -0.078643
-0.533720 0.041120 -0.053743
-0.521740 0.041693 0.005610
-0.502974 0.025613 -0.080950
-0.569688 0.079062 -0.076828
-0.469711 -0.012606 -0.013578
-0.453377 -0.015970 -0.036171
-0.456541 -0.023617 0.007552
-0.440579 -0.037133 -0.017853
-0.529505 0.048264 0.016802
-0.559333 0.073184 -0.036311
-0.581997 0.081951 0.008824
-0.590276 0.099398 0.016711
-0.585248 0.095013 -0.029395
-0.528685 0.036969 -0.027997
-0.444456 -0.023493 -0.041043
-0.426701 -0.038416 -0.035967
-0.555790 0.059735 -0.040354
-0.459752 -0.010644 -0.047708
-0.448704 -0.030361 -0.037342
-0.595996 0.104176 0.006390
-0.427485 -0.037782 -0.043707
-0.554845 0.067293 -0.077950
-0.434132 -0.032215 -0.051391
-0.508138 0.030159 -0.020814
-0.560737 0.063888 -0.043066
-0.448795 -0.019767 -0.018761
-0.457704 -0.022948 -0.084980
-0.442840 -0.035144 0.007850
-0.439955 -0.027365 -0.066487
-0.463656 -0.009250 0.014173
-0.488297 0.013382 -0.045449
-0.608321 0.104149 0.023388
-0.488026 0.013335 0.008866
-0.495788 0.009135 -0.074016
-0.432053 -0.033802 -0.003221
-0.548184 0.053381 -0.026625
-0.476968 -0.006627 -0.051502
-0.555867 0.064933 0.021186
-0.518105 0.028164 0.001086
-0.518761 0.028687 -0.007339
-0.499876 0.012554 -0.079781
-0.473842 -0.003819 -0.084326
-0.475743 -0.007732 -0.073931
-0.551277 0.066550 0.006804
-0.490075 0.014839 -0.056970
-0.506374 0.019582 0.017222
-0.483993 -0.000654 -0.033340
-0.484921 -0.000011 -0.074453
-0.432451 -0.035977 0.011741
-0.596645 0.094069 -0.052978
-0.594639 0.102776 -0.071013
-0.521964 0.031191 -0.064757
-0.549294 0.054216 -0.055885
-0.446527 -0.032175 -0.032102
-0.490757 0.015350 -0.075924
-0.457694 -0.022630 0.012369
-0.551310 0.066554 -0.000272
-0.534209 0.052004 -0.048579
-0.548925 0.054072 -0.006023
-0.449297 -0.019362 -0.023909
-0.479894 0.006424 -0.011792
-0.576292 0.077319 0.022593
-0.474445 -0.008634 -0.017067
-0.544301 0.056293 -0.078843
-0.514755 0.025294 -0.013997
-0.540612 0.057595 0.012509
-0.452549 -0.016817 -0.080951
-0.558963 0.071769 -0.077595
-0.570994 0.072604 -0.017518
-0.554895 0.069486 -0.025732
-0.513461 0.024114 -0.041196
-0.509154 0.020450 -0.053364
-0.425538 -0.049981 -0.075599
-0.524998 0.044148 -0.079783
-0.423549 -0.051532 -0.038766
-0.586258 0.085257 -0.074541
-0.465639 -0.016093 -0.031693
-0.534016 0.052009 0.001650
-0.559743 0.073554 -0.028931
-0.441373 -0.036593 -0.056166
-0.492861 0.006840 -0.023656
-0.570491 0.082648 -0.013938
-0.589190 0.087936 -0.011189
-0.522579 0.042152 -0.068165
-0.434568 -0.042127 0.001248
-0.474578 -0.008683 -0.065358
-0.450563 -0.018471 -0.075994
-0.528126 0.046803 -0.073187
-0.598552 0.106325 0.005774
-0.530557 0.048918 -0.052162
-0.472632 0.000111 -0.072180
-0.575959 0.087349 0.016156
-0.472536 -0.010242 -0.017346
-0.558443 0.062156 0.016102
-0.489019 0.014126 -0.004606
-0.593336 0.101669 -0.074216
-0.526961 0.040570 0.018947
-0.603837 0.110712 -0.012182
-0.463879 -0.007238 -0.067596
-0.546242 0.062162 -0.038636
-0.517459 0.038034 -0.011084
-0.606267 0.102265 -0.023155
-0.430014 -0.046179 -0.064725
-0.545354 0.061553 0.002682
-0.605869 0.112441 -0.006448
-0.509343 0.031271 0.008335
-0.483826 -0.000796 -0.033794
-0.544131 0.049955 -0.031086
-0.464313 -0.017263 -0.048161
-0.554709 0.058965 0.001672
-0.532596 0.050595 -0.063883
-0.484781 0.000061 -0.017553
-0.484884 0.000041 -0.049717
-0.477985 -0.005796 -0.059101
-0.432212 -0.033657 0.000504
-0.475628 -0.007640 -0.017740
-0.423321 -0.041224 -0.025395
-0.603544 0.104580 0.024859
-0.578558 0.089037 0.023123
-0.611587 0.106596 -0.066466
-0.588847 0.098086 -0.015946
-0.477484 0.004174 -0.078257
-0.479455 -0.004371 -0.002867
-0.545094 0.050875 0.001716
-0.503375 0.026160 -0.018327
-0.545998 0.061964 -0.036334
-0.571368 0.083435 0.000978
-0.605010 0.105133 0.024947
-0.428080 -0.047750 -0.047875
-0.444310 -0.023579 -0.030145
-0.604813 0.101173 0.016189
-0.432674 -0.044011 -0.085639
-0.487534 0.002472 0.010556
-0.585905 0.085078 -0.039332
-0.505477 0.017380 -0.046096
-0.555237 0.069764 -0.028652
-0.513700 0.034788 -0.036171
-0.458177 -0.011939 -0.038572
-0.497014 0.014578 -0.082573
-0.536362 0.043267 -0.076219
-0.474756 0.001941 -0.059330
-0.532274 0.039931 -0.045130
-0.544791 0.061052 -0.005460
-0.447362 -0.031554 -0.056173
-0.455612 -0.013951 0.005348
-0.578058 0.078635 0.008693
-0.424799 -0.050502 -0.045104
-0.527039 0.035500 -0.053094
-0.602331 0.109351 -0.040408
-0.444404 -0.023660 -0.077752
-0.551535 0.066588 -0.046725
-0.590695 0.089057 -0.054525
-0.558860 0.062290 -0.048472
-0.599731 0.107206 -0.027548
-0.471790 -0.011063 -0.075580
-0.528156 0.036436 -0.054175
-0.486102 0.011621 -0.019464
-0.474962 -0.008106 0.010805
-0.555901 0.070398 -0.006035
-0.525379 0.039876 -0.080326
