ply
format ascii 1.0
element vertex 5000
property float x
property float y
property float z
end_header
-0.555841 0.165721 -0.045562
-0.466518 0.130823 -0.046451
-0.387737 0.132639 -0.046314
-0.487500 0.164484 -0.045523
-0.586881 0.165930 -0.037586
-0.390955 0.088876 -0.039550
-0.490523 -0.004101 -0.050287
-0.615905 0.033010 -0.049374
-0.527898 0.138505 -0.046300
-0.437448 0.069579 -0.048149
-0.454649 0.137968 -0.038233
-0.581561 0.192194 -0.044842
-0.553385 -0.022395 -0.042868
-0.418055 0.058518 -0.040437
-0.553731 0.014918 -0.041815
-0.607686 0.059813 -0.048609
-0.629334 0.055909 -0.040739
-0.483201 0.184661 -0.036945
-0.447131 -0.006228 -0.050300
-0.412501 0.062826 -0.048313
-0.593821 -0.025169 -0.042990
-0.614281 0.146697 -0.046162
-0.459099 0.052866 -0.048644
-0.623162 0.150592 -0.038058
-0.398224 -0.002884 -0.042150
-0.453057 0.104828 -0.039167
-0.590089 0.198349 -0.036674
-0.614469 -0.004161 -0.042419
-0.623546 -0.002298 -0.050380
-0.569311 -0.032843 -0.043181
-0.599614 0.113949 -0.039068
-0.619377 0.120066 -0.038916
-0.452471 0.188381 -0.036807
-0.621141 0.117455 -0.038992
-0.477330 0.021706 -0.049544
-0.430774 0.058352 -0.040455
-0.448498 -0.031733 -0.043019
-0.623070 0.064332 -0.040494
-0.629862 0.096449 -0.039595
-0.523016 0.079258 -0.047968
-0.552510 0.210700 -0.039705
-0.598012 0.073103 -0.040220
-0.446447 -0.046680 -0.051442
-0.553241 0.157868 -0.037777
-0.554844 0.199346 -0.036608
-0.496263 0.006035 -0.042004
-0.641623 0.110836 -0.039201
-0.591975 0.120678 -0.046873
-0.528683 0.121460 -0.038779
-0.480839 0.106843 -0.039140
-0.589883 0.083832 -0.047911
-0.616205 0.113736 -0.047095
-0.535549 0.208730 -0.039580
-0.610253 0.030531 -0.041435
-0.447945 0.165304 -0.037454
-0.630043 -0.001852 -0.050374
-0.489583 0.078547 -0.039949
-0.623692 0.023546 -0.041647
-0.574994 -0.018473 -0.050784
-0.607666 0.062931 -0.048521
-0.433764 0.076553 -0.039945
-0.548535 0.134164 -0.038442
-0.551659 0.015307 -0.049805
-0.392272 0.131785 -0.046343
-0.547965 0.197449 -0.036654
-0.649866 0.014436 -0.049936
-0.412476 -0.035601 -0.051092
-0.620175 0.053813 -0.040788
-0.399314 0.149471 -0.037848
-0.377729 0.169970 -0.042204
-0.632940 0.191522 -0.039793
-0.628799 0.171059 -0.037486
-0.382871 0.125662 -0.045897
-0.504513 0.184145 -0.036983
-0.491520 0.075642 -0.040033
-0.548320 0.177487 -0.037218
-0.628299 0.188255 -0.045003
-0.518812 0.066716 -0.040314
-0.510846 -0.031062 -0.051070
-0.590668 0.089261 -0.047759
-0.623936 0.014554 -0.049904
-0.551327 0.109007 -0.047158
-0.558342 -0.013815 -0.042631
-0.389146 0.071491 -0.045018
-0.604194 0.084560 -0.039903
-0.548811 0.159626 -0.045726
-0.492403 0.122577 -0.038708
-0.521528 0.017271 -0.049717
-0.507168 0.062713 -0.048418
-0.423176 0.042364 -0.040899
-0.558932 0.200067 -0.044595
-0.645412 0.029364 -0.041506
-0.598967 0.133625 -0.046515
-0.429448 0.161793 -0.037533
-0.540333 0.032745 -0.041297
-0.562705 0.018132 -0.049737
-0.609953 0.183811 -0.037106
-0.548605 -0.014552 -0.042642
-0.428727 0.196382 -0.040851
-0.544566 0.155266 -0.037841
-0.481422 0.080525 -0.039884
-0.403430 0.165968 -0.045390
-0.424123 0.064824 -0.048269
-0.501367 0.065240 -0.048340
-0.563652 0.144041 -0.046182
-0.630525 0.042347 -0.049127
-0.595193 0.000220 -0.050278
-0.452388 0.165202 -0.045464
-0.588916 0.071806 -0.040246
-0.392943 0.038732 -0.045910
-0.647177 0.015139 -0.041910
-0.546746 0.074042 -0.048141
-0.574429 0.118455 -0.038913
-0.537441 0.125810 -0.046669
-0.481916 -0.025280 -0.050876
-0.627507 0.215400 -0.036233
-0.607835 -0.005978 -0.042464
-0.596251 -0.030214 -0.043136
-0.394808 0.142869 -0.046033
-0.513234 0.032276 -0.041281
-0.548125 0.160825 -0.045691
-0.626488 0.164951 -0.045660
-0.501164 0.172998 -0.037294
-0.628275 0.029412 -0.041486
-0.510295 0.088258 -0.039697
-0.528840 0.195229 -0.044699
-0.424688 0.163752 -0.037472
-0.552018 0.197497 -0.036657
-0.597932 0.213480 -0.036255
-0.614648 -0.020774 -0.050892
-0.505887 0.205381 -0.042756
-0.620999 -0.019720 -0.042866
-0.639541 -0.004984 -0.050473
-0.649283 0.025955 -0.049610
-0.427230 0.044515 -0.040842
-0.448308 0.146373 -0.045992
-0.443049 0.143188 -0.046076
-0.524427 0.054141 -0.048679
-0.402152 -0.012432 -0.050427
-0.513537 0.126796 -0.046615
-0.542243 0.079728 -0.039972
-0.397601 0.137495 -0.038184
-0.652495 0.022840 -0.044637
-0.590288 0.046463 -0.048967
-0.479480 -0.030870 -0.043028
-0.640078 0.050194 -0.040912
-0.572777 0.006588 -0.042071
-0.477700 0.038171 -0.049079
-0.461120 0.027258 -0.049370
-0.542274 0.161190 -0.037672
-0.452950 0.056505 -0.048535
-0.467984 -0.049604 -0.048978
-0.620691 -0.000654 -0.042327
-0.539806 0.183447 -0.045044
-0.584313 0.078526 -0.040052
-0.411879 -0.039163 -0.051192
-0.524280 0.064696 -0.048381
-0.578892 -0.036721 -0.049843
-0.476594 0.133123 -0.046397
-0.457158 0.129903 -0.038463
-0.642995 0.039030 -0.041231
-0.647901 0.062521 -0.046287
-0.534011 0.065399 -0.040368
-0.575765 0.211685 -0.036282
-0.492244 0.201342 -0.044487
-0.623936 0.107153 -0.039286
-0.458107 0.060347 -0.048432
-0.468302 0.018008 -0.049639
-0.652603 -0.015561 -0.050786
-0.531991 0.177253 -0.045210
-0.631341 0.086888 -0.039866
-0.495069 0.110189 -0.047064
-0.427999 0.134125 -0.038313
-0.435852 0.074167 -0.040014
-0.594625 0.215514 -0.037303
-0.580357 -0.017560 -0.042761
-0.419703 0.059228 -0.048422
-0.573676 0.124256 -0.046752
-0.549416 0.033536 -0.049288
-0.585121 0.129429 -0.038615
-0.441433 0.142474 -0.046094
-0.590734 0.087935 -0.047796
-0.410312 0.157598 -0.037630
-0.484937 -0.015560 -0.050605
-0.543210 -0.031745 -0.043122
-0.640930 0.077769 -0.048137
-0.494492 0.202476 -0.036454
-0.386323 0.187191 -0.036769
-0.555034 0.053664 -0.048725
-0.456848 -0.031240 -0.051017
-0.502509 0.204209 -0.036414
-0.382672 0.135981 -0.046214
-0.633268 0.083542 -0.039963
-0.619854 0.184115 -0.037108
-0.597211 0.210101 -0.036350
-0.549950 0.001116 -0.050204
-0.628886 0.110925 -0.039185
-0.410495 0.171633 -0.037234
-0.394172 0.160508 -0.045534
-0.482510 0.161677 -0.037593
-0.495127 -0.036642 -0.043208
-0.637082 0.085508 -0.047915
-0.562513 0.127532 -0.038644
-0.577561 0.088530 -0.047765
-0.618412 0.083139 -0.047961
-0.424092 -0.019866 -0.050660
-0.489572 0.137773 -0.046279
-0.509134 0.139871 -0.038238
-0.430213 -0.048429 -0.043471
-0.512328 0.134898 -0.038382
-0.525161 0.015508 -0.049771
-0.422014 0.120996 -0.046680
-0.493457 0.013579 -0.049791
-0.478810 0.029450 -0.049327
-0.572536 0.146655 -0.046118
-0.527520 0.187026 -0.044929
-0.472632 0.192731 -0.044709
-0.473423 0.166929 -0.045438
-0.516879 -0.013289 -0.042572
-0.619461 0.087933 -0.047827
-0.543733 0.110816 -0.047099
-0.522622 0.098871 -0.039410
-0.512433 0.097795 -0.047433
-0.417837 0.155702 -0.045695
-0.522107 0.103298 -0.047288
-0.409260 0.075285 -0.039954
-0.529792 0.165757 -0.037529
-0.500080 -0.038553 -0.051270
-0.451070 0.115123 -0.038874
-0.616443 0.158598 -0.037825
-0.448748 -0.033446 -0.051071
-0.531987 0.030259 -0.049361
-0.531945 0.021301 -0.049614
-0.576965 0.036773 -0.041223
-0.527621 0.007667 -0.049995
-0.548489 0.126703 -0.038652
-0.503058 0.088634 -0.047682
-0.618468 0.002205 -0.050247
-0.657714 -0.022136 -0.047706
-0.605213 0.014708 -0.041877
-0.441448 -0.052633 -0.050627
-0.583477 0.182375 -0.037118
-0.653412 -0.028197 -0.045768
-0.605084 -0.033653 -0.050960
-0.619192 0.215366 -0.044228
-0.430864 0.170533 -0.045291
-0.416985 0.006373 -0.049912
-0.508059 0.162377 -0.037601
-0.396321 0.009578 -0.045649
-0.625547 0.024596 -0.041619
-0.437463 0.134895 -0.038301
-0.643835 0.010714 -0.042031
-0.478081 0.062481 -0.040390
-0.428280 0.119402 -0.038729
-0.508589 0.162364 -0.037602
-0.466228 0.030150 -0.041290
-0.641179 0.050836 -0.048898
-0.427322 0.156713 -0.037674
-0.555304 -0.037526 -0.043298
-0.459500 0.131288 -0.046430
-0.413331 0.108439 -0.047025
-0.412043 0.134515 -0.038284
-0.650080 0.021348 -0.041738
-0.587140 0.178459 -0.045236
-0.435346 0.104958 -0.047147
-0.536409 0.181713 -0.037086
-0.619126 0.199792 -0.036665
-0.395633 0.061453 -0.040330
-0.449192 0.101742 -0.039250
-0.418626 0.113344 -0.038889
-0.487890 0.158094 -0.045704
-0.584374 0.038009 -0.049199
-0.482248 0.054339 -0.048628
-0.623916 0.216036 -0.036211
-0.604803 0.141413 -0.046301
-0.637197 0.022023 -0.041705
-0.421190 -0.033606 -0.051045
-0.431749 0.010010 -0.049825
-0.643924 0.096814 -0.044537
-0.509663 -0.016772 -0.042662
-0.436832 0.027332 -0.049341
-0.636208 0.150567 -0.038073
-0.517300 0.199504 -0.036563
-0.613379 0.007669 -0.050087
-0.424887 0.008051 -0.049873
-0.538283 0.074867 -0.040105
-0.564558 0.137847 -0.038355
-0.402834 -0.018774 -0.050607
-0.503423 0.089388 -0.039657
-0.579248 0.076657 -0.040099
-0.500951 0.107851 -0.047137
-0.437965 -0.011083 -0.050427
-0.469557 0.156017 -0.045742
-0.378041 0.171888 -0.045195
-0.503483 -0.001623 -0.042228
-0.415716 -0.014562 -0.042498
-0.621650 -0.005135 -0.050458
-0.636634 0.000902 -0.042300
-0.653386 -0.013359 -0.042721
-0.601107 0.076688 -0.040122
-0.466396 0.070421 -0.040153
-0.442504 0.026334 -0.041372
-0.569033 0.070212 -0.040270
-0.493726 0.118547 -0.046827
-0.431802 0.016456 -0.049643
-0.490216 0.013754 -0.041779
-0.477512 -0.016492 -0.050623
-0.507986 0.044572 -0.040928
-0.484719 0.135953 -0.046325
-0.653897 0.010820 -0.048700
-0.629000 0.093207 -0.039685
-0.616210 0.179309 -0.037240
-0.431693 -0.028115 -0.042898
-0.418487 0.071538 -0.040070
-0.519132 0.110722 -0.047075
-0.464484 0.014879 -0.049723
-0.395786 0.030030 -0.041218
-0.603853 0.160258 -0.037765
-0.603413 0.014174 -0.049893
-0.395621 0.112151 -0.038898
-0.482251 0.098724 -0.039371
-0.571901 0.156247 -0.037843
-0.560510 -0.014333 -0.042648
-0.509060 0.062547 -0.040422
-0.519443 0.180196 -0.037110
-0.511419 -0.029066 -0.043011
-0.404200 -0.007757 -0.042294
-0.439219 0.002623 -0.042039
-0.444895 0.147348 -0.045961
-0.566390 -0.025581 -0.050976
-0.432565 -0.034610 -0.043083
-0.503037 -0.024034 -0.050863
-0.394813 0.073862 -0.039979
-0.540088 0.106490 -0.039214
-0.530389 0.025557 -0.049493
-0.432710 -0.001822 -0.042157
-0.519271 0.112396 -0.039025
-0.394824 0.106487 -0.047060
-0.606102 -0.015591 -0.042733
-0.472569 0.186907 -0.036870
-0.400151 0.023668 -0.049405
-0.507723 0.002127 -0.042127
-0.617654 0.005563 -0.042148
-0.486276 0.008467 -0.049928
-0.421650 0.026235 -0.049356
-0.523017 0.124898 -0.046679
-0.535511 -0.020143 -0.042786
-0.488206 0.113038 -0.038973
-0.603827 0.123553 -0.046804
-0.403985 -0.004468 -0.050204
-0.478528 0.140075 -0.038199
-0.514648 0.068106 -0.048274
-0.486954 0.018845 -0.041632
-0.403093 -0.048890 -0.044226
-0.436658 0.149082 -0.037899
-0.424268 0.153917 -0.037750
-0.454901 0.113236 -0.038932
-0.472152 0.191752 -0.036733
-0.482107 0.021238 -0.041559
-0.460283 0.018259 -0.041620
-0.598638 0.021850 -0.041668
-0.502302 0.134641 -0.046381
-0.435921 0.106567 -0.047103
-0.604744 0.203252 -0.036551
-0.546191 0.130758 -0.046539
-0.411687 0.096958 -0.039345
-0.397218 0.130229 -0.046392
-0.510911 0.099242 -0.047390
-0.565981 -0.024680 -0.042947
-0.482840 0.002602 -0.050089
-0.549533 0.043092 -0.049018
-0.397638 0.155997 -0.037662
-0.437343 0.024305 -0.041424
-0.527946 0.113957 -0.038990
-0.598737 0.107436 -0.047254
-0.414816 0.124318 -0.038575
-0.476522 0.201933 -0.041216
-0.414987 -0.032600 -0.043007
-0.378278 0.165223 -0.042028
-0.453411 0.129144 -0.038481
-0.388798 0.098547 -0.039275
-0.506137 0.088011 -0.047702
-0.405511 0.193691 -0.040866
-0.389340 0.106164 -0.039060
-0.560735 -0.011947 -0.042581
-0.597123 0.173077 -0.045398
-0.495429 0.024696 -0.041476
-0.552468 0.178524 -0.045196
-0.515849 0.100292 -0.047366
-0.479253 0.018982 -0.041620
-0.517409 -0.014249 -0.050603
-0.495590 0.081605 -0.039869
-0.501736 -0.027861 -0.050970
-0.594335 0.215665 -0.043814
-0.507488 0.075092 -0.048069
-0.550404 0.054398 -0.048700
-0.555076 0.092972 -0.047615
-0.621536 0.028120 -0.041515
-0.481674 0.201603 -0.036465
-0.626034 0.081636 -0.040009
-0.617397 0.144146 -0.046237
-0.504007 0.036275 -0.049161
-0.613692 0.136921 -0.038434
-0.537536 0.094211 -0.047561
-0.627659 0.132333 -0.038579
-0.586556 0.003072 -0.050188
-0.444213 0.046651 -0.048804
-0.565969 -0.028778 -0.043062
-0.545018 0.205205 -0.036432
-0.513210 0.038915 -0.041094
-0.635959 0.024086 -0.049648
-0.447015 -0.005854 -0.042286
-0.469720 0.060627 -0.040433
-0.571182 0.095166 -0.039568
-0.539969 -0.004937 -0.050364
-0.393959 0.120944 -0.046651
-0.465893 0.117736 -0.038816
-0.481347 0.169490 -0.045375
-0.557738 0.171623 -0.037394
-0.566104 0.028321 -0.041450
-0.442301 0.070568 -0.040123
-0.483114 0.006093 -0.041988
-0.405531 -0.015179 -0.050508
-0.639565 0.114261 -0.039102
-0.532573 0.015453 -0.049780
-0.408356 0.025383 -0.041362
-0.446909 0.138715 -0.038203
-0.604503 0.114271 -0.039064
-0.525965 -0.042809 -0.043415
-0.422576 0.018210 -0.049583
-0.506535 0.050177 -0.048771
-0.527043 0.137791 -0.046319
-0.481690 0.052727 -0.040669
-0.427983 0.196181 -0.036809
-0.495057 0.137812 -0.046284
-0.416991 0.138952 -0.038164
-0.456097 0.132887 -0.038378
-0.533599 0.180452 -0.037118
-0.522180 0.052843 -0.040710
-0.452147 0.080600 -0.047853
-0.479359 0.144215 -0.046086
-0.626181 0.206909 -0.044474
-0.401267 0.141912 -0.046067
-0.560842 0.124293 -0.038734
-0.546312 0.205969 -0.044415
-0.635816 0.074770 -0.040213
-0.565163 0.115938 -0.038974
-0.418030 0.137876 -0.038196
-0.503461 0.149398 -0.045966
-0.564901 0.024056 -0.049572
-0.528867 0.134528 -0.038410
-0.443176 -0.039520 -0.051236
-0.629045 0.201337 -0.036632
-0.447658 0.146219 -0.037992
-0.528950 0.143659 -0.038152
-0.419757 0.190548 -0.044713
-0.600093 0.071702 -0.048265
-0.508010 0.190694 -0.044805
-0.504432 0.039493 -0.049071
-0.489691 0.048245 -0.040805
-0.491003 0.096443 -0.039445
-0.526614 0.061011 -0.048487
-0.429341 0.118879 -0.046748
-0.524591 0.029611 -0.041369
-0.539730 0.079422 -0.047981
-0.588730 -0.019506 -0.042825
-0.578621 0.065011 -0.048430
-0.472016 0.028771 -0.049339
-0.496253 0.025403 -0.049460
-0.515674 -0.006145 -0.042369
-0.593582 -0.010234 -0.042568
-0.519849 0.198807 -0.044588
-0.501801 -0.007760 -0.050403
-0.569424 0.026664 -0.041500
-0.626829 0.057161 -0.048704
-0.460890 0.008090 -0.049911
-0.632611 0.194424 -0.043335
-0.527153 0.016604 -0.041739
-0.448492 0.140030 -0.038168
-0.563724 -0.038497 -0.049239
-0.492632 -0.035764 -0.043180
-0.400484 0.003184 -0.049984
-0.622839 0.204001 -0.044553
-0.518609 0.029427 -0.049370
-0.551016 0.108179 -0.039178
-0.470234 0.103150 -0.039233
-0.416473 0.129249 -0.046441
-0.463141 -0.045428 -0.051425
-0.437104 0.075319 -0.039983
-0.454247 0.077768 -0.039932
-0.648310 0.040982 -0.049184
-0.545507 0.031055 -0.041350
-0.407987 0.191051 -0.044686
-0.441703 0.179118 -0.045060
-0.576617 0.145906 -0.046144
-0.462636 0.185635 -0.044898
-0.427965 0.090312 -0.047553
-0.454577 0.091596 -0.039542
-0.485954 0.126385 -0.046597
-0.530912 0.001712 -0.042163
-0.651586 0.026948 -0.041581
-0.640593 0.042521 -0.049133
-0.618633 0.076674 -0.040141
-0.526685 0.008864 -0.049960
-0.586084 0.132140 -0.046543
-0.627454 0.125875 -0.046764
-0.615749 0.209010 -0.044404
-0.627662 0.168515 -0.037557
-0.419602 0.175806 -0.045129
-0.510533 0.120927 -0.038774
-0.547771 -0.025032 -0.050940
-0.459971 0.164884 -0.045482
-0.563711 0.070966 -0.040243
-0.531257 0.189686 -0.044858
-0.489979 0.004467 -0.042041
-0.514633 0.039277 -0.041085
-0.422323 0.061072 -0.048373
-0.609073 0.190286 -0.044925
-0.595012 0.070978 -0.040276
-0.608433 0.217092 -0.036469
-0.633583 0.074673 -0.040214
-0.603427 -0.030389 -0.051151
-0.498416 0.091389 -0.047599
-0.439633 0.114743 -0.038872
-0.494877 0.049964 -0.048765
-0.616367 0.070755 -0.040306
-0.531648 0.138546 -0.038300
-0.634219 0.175258 -0.037374
-0.635120 0.008007 -0.042098
-0.592861 0.065228 -0.040436
-0.598754 0.125625 -0.046740
-0.520419 0.089283 -0.039679
-0.432875 0.059310 -0.040431
-0.418171 0.107506 -0.047057
-0.486821 -0.004838 -0.050304
-0.542385 0.047283 -0.048892
-0.577390 0.028959 -0.049447
-0.387382 0.162445 -0.037469
-0.431432 0.158348 -0.045635
-0.544116 0.142100 -0.046216
-0.566363 0.050673 -0.040819
-0.531082 0.111915 -0.047054
-0.417100 0.177985 -0.037062
-0.546952 0.120687 -0.046824
-0.615541 0.081175 -0.048014
-0.455923 0.099305 -0.047329
-0.546845 -0.016427 -0.042693
-0.593788 0.009063 -0.050027
-0.448905 0.069527 -0.048163
-0.561926 0.092499 -0.039633
-0.641331 0.112064 -0.047169
-0.500892 0.143622 -0.038123
-0.525361 0.029416 -0.041375
-0.626412 0.042609 -0.041112
-0.522920 0.008825 -0.041954
-0.594180 0.054756 -0.040734
-0.634120 0.086501 -0.039880
-0.409560 0.121678 -0.038644
-0.648103 -0.021682 -0.050954
-0.645702 -0.029156 -0.043480
-0.563136 0.024698 -0.049552
-0.635887 0.013910 -0.049935
-0.435080 0.135135 -0.038292
-0.519889 0.116640 -0.046909
-0.572520 0.192150 -0.036830
-0.459971 -0.026078 -0.042871
-0.649158 -0.028647 -0.047296
-0.548754 0.000001 -0.042231
-0.393664 0.069946 -0.048091
-0.507650 0.123964 -0.046689
-0.389621 0.067365 -0.043976
-0.391997 0.103175 -0.047151
-0.435227 -0.021210 -0.050710
-0.420946 0.178424 -0.045057
-0.550147 0.210430 -0.039830
-0.585451 0.022684 -0.041630
-0.484108 0.116820 -0.038862
-0.621632 0.093796 -0.039661
-0.648250 0.024554 -0.049648
-0.580774 0.109366 -0.039177
-0.650329 -0.026032 -0.051079
-0.495436 0.132070 -0.038443
-0.442345 0.158107 -0.045654
-0.515530 0.074194 -0.040100
-0.516054 -0.009129 -0.042453
-0.423846 0.175253 -0.037146
-0.556828 0.060062 -0.048547
-0.489521 0.006768 -0.049979
-0.511805 -0.041504 -0.051366
-0.406530 0.159604 -0.045573
-0.521860 0.150620 -0.037948
-0.532664 0.012090 -0.041872
-0.590632 0.055359 -0.040713
-0.415690 -0.027710 -0.050873
-0.595945 0.102231 -0.047398
-0.567598 0.047294 -0.048919
-0.512537 0.020480 -0.049617
-0.564668 -0.022282 -0.050881
-0.404703 0.157565 -0.045629
-0.612077 0.141740 -0.038296
-0.471874 0.064376 -0.040330
-0.552794 0.066937 -0.048348
-0.647362 -0.023316 -0.050999
-0.587324 0.077919 -0.040072
-0.622335 0.011269 -0.041992
-0.641965 0.090019 -0.047793
-0.514919 0.150451 -0.037945
-0.636663 0.029442 -0.041494
-0.485521 0.035183 -0.049172
-0.538328 0.170904 -0.037393
-0.410866 0.179030 -0.045029
-0.486780 0.184809 -0.036945
-0.388229 0.079319 -0.040772
-0.397620 -0.001588 -0.048073
-0.397014 0.128247 -0.046448
-0.484415 0.195656 -0.044639
-0.433197 0.011273 -0.041788
-0.473050 0.168803 -0.037382
-0.451160 0.106901 -0.047110
-0.594713 0.125359 -0.046743
-0.431750 0.134427 -0.038308
-0.419548 0.008318 -0.049860
-0.406596 0.095251 -0.047390
-0.405129 0.022568 -0.049442
-0.504293 0.142360 -0.046166
-0.492337 -0.007887 -0.050396
-0.562579 -0.037383 -0.043302
-0.506659 -0.040056 -0.043317
-0.498691 0.030194 -0.041324
-0.520896 0.069267 -0.040245
-0.653118 -0.017524 -0.050842
-0.475433 0.004393 -0.050031
-0.527763 0.103969 -0.047275
-0.494796 0.002973 -0.050092
-0.634561 0.022222 -0.049699
-0.610925 0.162722 -0.045706
-0.644862 -0.003363 -0.042430
-0.471774 0.065859 -0.040288
-0.425157 -0.034225 -0.043064
-0.589075 -0.028318 -0.051077
-0.505277 0.169085 -0.045412
-0.582987 0.193624 -0.036800
-0.475489 0.002947 -0.050072
-0.603257 0.021886 -0.041672
-0.534316 0.117026 -0.046914
-0.532591 0.123046 -0.038738
-0.567764 0.012614 -0.049898
-0.523326 0.159385 -0.037702
-0.444664 0.070893 -0.040116
-0.641668 0.116272 -0.043840
-0.402378 -0.021909 -0.050695
-0.484592 0.085381 -0.047753
-0.430836 0.132747 -0.046358
-0.578936 -0.027011 -0.051030
-0.496725 -0.043354 -0.051402
-0.595753 0.040369 -0.049145
-0.401835 -0.021908 -0.050694
-0.554200 0.118283 -0.038896
-0.453251 0.009607 -0.041856
-0.467304 0.133560 -0.046374
-0.448378 0.122686 -0.038658
-0.473659 -0.049095 -0.043712
-0.424251 0.187657 -0.044800
-0.400491 -0.026362 -0.048429
-0.486002 0.115471 -0.046905
-0.460977 0.126573 -0.038561
-0.435557 0.168624 -0.037346
-0.623942 0.194661 -0.044818
-0.411772 0.183218 -0.036909
-0.450325 0.081683 -0.039818
-0.623043 0.142061 -0.046302
-0.438341 -0.047881 -0.051467
-0.416974 0.111748 -0.046936
-0.403314 -0.050753 -0.046902
-0.552346 0.057644 -0.048610
-0.534656 0.039195 -0.041109
-0.479676 0.075730 -0.040018
-0.437202 0.165503 -0.037436
-0.630094 0.152296 -0.046021
-0.481498 0.172009 -0.045304
-0.400285 0.035848 -0.049061
-0.486134 0.157289 -0.037721
-0.574036 0.056473 -0.040663
-0.441437 0.088025 -0.039629
-0.395083 0.088246 -0.039573
-0.471455 0.104717 -0.039190
-0.526886 0.134419 -0.038411
-0.476889 0.184908 -0.036931
-0.591748 0.146319 -0.046148
-0.535180 0.028928 -0.041399
-0.529340 0.008279 -0.041976
-0.403599 0.090504 -0.047521
-0.405345 0.113630 -0.038867
-0.407672 0.064075 -0.048272
-0.506661 0.083282 -0.039833
-0.545450 0.085553 -0.039811
-0.563525 0.042354 -0.041051
-0.571091 -0.033131 -0.051194
-0.407858 0.078518 -0.047864
-0.532831 -0.019001 -0.050754
-0.505239 0.167333 -0.045461
-0.581661 0.189325 -0.044923
-0.465198 0.049786 -0.040735
-0.639867 0.100014 -0.039505
-0.510593 0.087070 -0.039731
-0.559247 0.048386 -0.040876
-0.521397 0.115120 -0.046953
-0.576059 0.165551 -0.037585
-0.418512 -0.047436 -0.043430
-0.478064 -0.033099 -0.043089
-0.479648 -0.040493 -0.051303
-0.570313 0.016165 -0.041798
-0.409304 0.170261 -0.037272
-0.458239 0.149365 -0.045918
-0.630197 0.085507 -0.047907
-0.491918 -0.004733 -0.042303
-0.397332 0.192690 -0.039009
-0.408980 0.067490 -0.048177
-0.462566 0.155903 -0.045738
-0.432452 0.147421 -0.045945
-0.557561 0.049974 -0.048832
-0.534729 0.078825 -0.039990
-0.624588 0.189495 -0.036961
-0.626135 0.053057 -0.040816
-0.465653 0.090855 -0.039575
-0.483881 0.192809 -0.036716
-0.484099 0.035928 -0.041146
-0.595871 0.198439 -0.044681
-0.432293 0.169758 -0.045314
-0.555856 0.048765 -0.048865
-0.472770 -0.048696 -0.051527
-0.621285 0.182152 -0.037165
-0.453320 0.103480 -0.039205
-0.513842 0.026593 -0.041442
-0.492367 0.200172 -0.036517
-0.480977 -0.031285 -0.043041
-0.431216 0.109849 -0.047005
-0.448310 0.187111 -0.036838
-0.581066 0.113584 -0.047061
-0.628122 0.072137 -0.040279
-0.561766 0.158698 -0.045766
-0.645043 0.004935 -0.050199
-0.416915 0.018206 -0.041574
-0.390281 0.061708 -0.046024
-0.488926 0.203425 -0.043120
-0.514167 0.164816 -0.045542
-0.398959 -0.013108 -0.049961
-0.596042 0.003709 -0.050181
-0.636393 0.089666 -0.039793
-0.456180 0.024568 -0.041437
-0.505796 -0.004477 -0.050314
-0.408476 0.107908 -0.039032
-0.576760 0.010795 -0.041956
-0.623290 0.056762 -0.040708
-0.440561 -0.001234 -0.050152
-0.482368 -0.032388 -0.051077
-0.637294 -0.022915 -0.042974
-0.385562 0.181772 -0.036921
-0.481112 0.088791 -0.047653
-0.637290 0.133312 -0.038562
-0.560902 0.180024 -0.045163
-0.476685 0.058943 -0.040488
-0.400502 0.113991 -0.038851
-0.419298 0.059865 -0.048404
-0.550396 -0.040122 -0.046406
-0.565276 0.125059 -0.038717
-0.621869 0.150708 -0.046057
-0.592140 0.201482 -0.044591
-0.639870 0.131836 -0.046371
-0.588854 0.116464 -0.046988
-0.571775 0.026709 -0.049505
-0.584953 0.058291 -0.048627
-0.556267 0.099556 -0.039427
-0.619077 0.032641 -0.041385
-0.527296 0.043452 -0.040981
-0.604777 0.064336 -0.048478
-0.428015 0.190028 -0.044737
-0.458167 0.199680 -0.036798
-0.470302 0.078397 -0.047935
-0.527125 0.064177 -0.040395
-0.424216 0.195920 -0.043007
-0.478418 0.026925 -0.049398
-0.411857 0.157864 -0.045628
-0.419199 0.169680 -0.045302
-0.494800 0.185660 -0.036929
-0.392495 0.105477 -0.047086
-0.554516 0.115331 -0.038980
-0.640749 0.124169 -0.042005
-0.404133 -0.021906 -0.042693
-0.423585 0.030847 -0.049228
-0.620592 0.105483 -0.047333
-0.490887 -0.028897 -0.042985
-0.515007 -0.044247 -0.045641
-0.601241 0.057217 -0.048675
-0.564771 0.073325 -0.048181
-0.606700 0.080835 -0.048014
-0.403603 0.012831 -0.041712
-0.640636 0.125081 -0.038816
-0.461400 0.028688 -0.049330
-0.388479 0.082937 -0.039715
-0.633383 0.187704 -0.040125
-0.462225 0.132503 -0.038395
-0.546407 0.064529 -0.040406
-0.555083 -0.039582 -0.046285
-0.425166 0.049029 -0.048716
-0.592404 0.142661 -0.046252
-0.452227 0.002072 -0.042068
-0.457226 0.044012 -0.040889
-0.517515 0.001710 -0.050152
-0.455976 0.065733 -0.048277
-0.649823 -0.018892 -0.050877
-0.624357 0.217922 -0.044161
-0.504909 -0.030068 -0.051036
-0.646890 0.049833 -0.040930
-0.505972 -0.001529 -0.042228
-0.456257 0.145977 -0.038008
-0.411796 0.120095 -0.038691
-0.635550 0.086928 -0.047873
-0.401622 0.153872 -0.045730
-0.440799 0.132742 -0.038365
-0.396052 0.025488 -0.041346
-0.625515 0.057142 -0.040700
-0.411444 0.092485 -0.039471
-0.486036 -0.023725 -0.042833
-0.631524 0.073999 -0.048234
-0.505468 0.175665 -0.045226
-0.645845 0.070224 -0.040353
-0.616057 0.063042 -0.048526
-0.466683 0.157022 -0.037708
-0.500644 0.019426 -0.041630
-0.615459 0.039637 -0.041184
-0.580294 -0.036670 -0.045902
-0.568512 0.065128 -0.040413
-0.390813 0.192075 -0.043978
-0.569744 0.147112 -0.038099
-0.615432 0.154037 -0.045956
-0.624530 0.201151 -0.044635
-0.521933 -0.027400 -0.050979
-0.588476 0.116626 -0.046983
-0.456272 0.012571 -0.041776
-0.544642 0.167960 -0.045486
-0.502167 0.137379 -0.046304
-0.539326 0.161083 -0.037671
-0.423356 0.155591 -0.037701
-0.632324 -0.027605 -0.043101
-0.412301 0.163737 -0.045462
-0.479526 -0.019129 -0.050700
-0.553028 0.133515 -0.038465
-0.599251 0.077526 -0.048099
-0.619330 0.064180 -0.048498
-0.393727 0.031979 -0.046240
-0.603520 0.095335 -0.039598
-0.545010 0.150176 -0.045989
-0.489726 0.142455 -0.046147
-0.606918 0.023892 -0.049622
-0.419619 -0.006484 -0.042275
-0.540602 0.129631 -0.038561
-0.619607 0.070905 -0.048308
-0.613516 0.116614 -0.039008
-0.638725 0.135095 -0.046516
-0.386192 0.191527 -0.043522
-0.537581 0.178298 -0.037183
-0.480561 -0.012387 -0.042507
-0.570812 0.085061 -0.039853
-0.586238 0.118991 -0.038911
-0.457189 0.051491 -0.048681
-0.541395 -0.041099 -0.048754
-0.559187 0.004471 -0.050119
-0.429164 0.173694 -0.037196
-0.536575 0.106936 -0.047201
-0.539825 -0.025127 -0.042931
-0.415102 0.171605 -0.037240
-0.402276 0.058827 -0.048414
-0.617162 0.152726 -0.037992
-0.432351 -0.027949 -0.042894
-0.640774 0.047318 -0.048997
-0.490303 0.203467 -0.038952
-0.506110 0.109297 -0.047101
-0.469644 0.128108 -0.038527
-0.509021 0.038893 -0.049093
-0.606759 -0.026357 -0.051041
-0.406617 -0.001682 -0.042125
-0.380160 0.148971 -0.041428
-0.502313 0.150285 -0.037936
-0.427092 0.086361 -0.039660
-0.648376 0.058383 -0.044240
-0.453912 0.138368 -0.046224
-0.462360 0.092311 -0.047534
-0.519248 0.032680 -0.041276
-0.601844 0.162212 -0.037707
-0.615710 0.179592 -0.037231
-0.514946 0.037246 -0.041143
-0.397660 -0.001996 -0.044545
-0.459725 -0.002984 -0.042219
-0.394582 0.024522 -0.042358
-0.595456 0.063687 -0.048486
-0.389475 0.081392 -0.047763
-0.502179 0.060450 -0.040473
-0.418286 0.069133 -0.040137
-0.571107 0.118817 -0.038900
-0.443092 0.002900 -0.050038
-0.625475 0.041947 -0.049132
-0.580880 0.018086 -0.049758
-0.619314 0.062801 -0.048537
-0.500572 0.173759 -0.045275
-0.393707 0.034558 -0.049091
-0.425072 -0.054548 -0.050066
-0.527098 0.054617 -0.048668
-0.486736 0.188003 -0.036854
-0.414569 -0.012398 -0.050439
-0.561684 0.208563 -0.044358
-0.412447 -0.033520 -0.051033
-0.484335 0.039435 -0.041048
-0.630656 0.200327 -0.044665
-0.627434 0.154396 -0.037956
-0.614071 0.087304 -0.047839
-0.399549 -0.018215 -0.049386
-0.657878 -0.023577 -0.046588
-0.434157 0.100512 -0.039268
-0.490476 0.020326 -0.041594
-0.609545 0.058100 -0.048659
-0.591742 -0.030037 -0.051129
-0.626683 0.174403 -0.037390
-0.476095 -0.015168 -0.042581
-0.429699 0.157946 -0.037642
-0.530235 0.162169 -0.037631
-0.616663 0.164030 -0.045675
-0.495713 0.056367 -0.048585
-0.527781 -0.014466 -0.042617
-0.527783 0.095889 -0.039500
-0.481604 -0.023301 -0.042816
-0.451239 0.069077 -0.048178
-0.426892 -0.014338 -0.050507
-0.540224 0.110252 -0.039108
-0.524895 0.132576 -0.046464
-0.566856 -0.020259 -0.042823
-0.466443 0.060066 -0.048449
-0.477033 0.095967 -0.047446
-0.637440 0.032177 -0.041418
-0.520972 0.182211 -0.045058
-0.588912 0.105386 -0.047301
-0.559878 0.140828 -0.046269
-0.639841 0.131990 -0.041451
-0.394087 0.154587 -0.045701
-0.546067 0.103320 -0.047313
-0.519988 0.068875 -0.048258
-0.603651 0.121709 -0.038853
-0.515758 0.167149 -0.037475
-0.409953 0.123907 -0.046585
-0.437392 0.197479 -0.044121
-0.439847 -0.052844 -0.049735
-0.485546 0.147970 -0.045987
-0.424544 0.076072 -0.039948
-0.395290 0.121944 -0.046624
-0.588796 0.006209 -0.042099
-0.398540 0.080592 -0.039793
-0.606163 0.026943 -0.041532
-0.656289 -0.009921 -0.043377
-0.582359 0.092453 -0.039656
-0.631614 0.007253 -0.042116
-0.417844 0.143163 -0.046049
-0.509703 -0.025468 -0.050911
-0.438774 0.173520 -0.045215
-0.477561 -0.043593 -0.043385
-0.430739 -0.026546 -0.042853
-0.611083 0.154427 -0.037937
-0.617104 0.002274 -0.042241
-0.513257 0.018313 -0.049679
-0.544196 -0.027532 -0.043004
-0.528595 0.010743 -0.049909
-0.611228 0.132996 -0.038542
-0.393060 0.112014 -0.046902
-0.575698 0.168721 -0.037495
-0.525222 0.120966 -0.046792
-0.476681 0.008835 -0.049907
-0.468054 0.008929 -0.041892
-0.448476 -0.051844 -0.049716
-0.456368 0.186684 -0.036859
-0.525979 0.052557 -0.040722
-0.630631 0.211528 -0.043985
-0.594093 0.167339 -0.045557
-0.596748 -0.034643 -0.050132
-0.565117 0.139737 -0.038302
-0.575469 -0.034075 -0.043222
-0.482200 -0.009385 -0.050427
-0.435996 -0.038692 -0.051205
-0.423947 -0.021084 -0.042692
-0.469496 -0.025099 -0.042854
-0.423444 0.060624 -0.040383
-0.605213 0.011206 -0.041975
-0.520817 0.043990 -0.040958
-0.399678 0.177508 -0.045060
-0.507668 0.027580 -0.049411
-0.392317 0.103677 -0.039134
-0.610814 0.153176 -0.045975
-0.407221 0.011171 -0.049766
-0.587030 0.111007 -0.039137
-0.534088 0.037831 -0.049150
-0.465636 0.200655 -0.040637
-0.485283 0.037589 -0.041101
-0.582128 0.135779 -0.038432
-0.572008 0.198126 -0.036661
-0.417110 0.142581 -0.038062
-0.515505 0.047664 -0.048852
-0.439863 0.054915 -0.040562
-0.460585 0.188932 -0.036800
-0.558518 -0.034015 -0.051205
-0.649061 0.009864 -0.042061
-0.546678 0.063037 -0.048452
-0.472551 0.030092 -0.049302
-0.544035 0.064697 -0.048402
-0.548484 0.045179 -0.040955
-0.407394 0.190445 -0.036700
-0.574150 -0.024219 -0.042942
-0.501634 0.030637 -0.049318
-0.573651 0.095090 -0.047576
-0.429591 0.010099 -0.049820
-0.457503 0.157002 -0.037698
-0.633875 0.093346 -0.039687
-0.491443 0.093476 -0.039529
-0.432401 -0.040698 -0.051258
-0.604938 0.121711 -0.046858
-0.562815 0.129546 -0.038588
-0.493439 0.159201 -0.045678
-0.588597 0.018440 -0.041753
-0.430987 0.035603 -0.041098
-0.435866 -0.039719 -0.051234
-0.614793 0.091482 -0.047722
-0.534430 0.100870 -0.039367
-0.426135 -0.013251 -0.042473
-0.633881 0.100961 -0.047475
-0.562698 -0.035786 -0.043257
-0.603521 0.189787 -0.036930
-0.526381 0.101348 -0.047348
-0.407657 0.079254 -0.039840
-0.408426 0.172802 -0.045202
-0.555971 0.120478 -0.046839
-0.580134 0.116101 -0.038986
-0.587684 0.076939 -0.048103
-0.610149 0.132012 -0.038569
-0.403347 0.165574 -0.037398
-0.502753 0.141412 -0.046191
-0.632857 0.116128 -0.047045
-0.631899 0.157779 -0.037865
-0.605466 0.187211 -0.045008
-0.608492 -0.003839 -0.042404
-0.573403 0.165484 -0.045587
-0.636438 0.161309 -0.038595
-0.591859 0.210932 -0.044324
-0.604673 0.000647 -0.050276
-0.387243 0.115362 -0.046802
-0.624655 0.219048 -0.039139
-0.553625 0.134758 -0.038430
-0.447828 0.141608 -0.046126
-0.570726 -0.033488 -0.043200
-0.539672 0.079650 -0.039972
-0.607871 0.056555 -0.048701
-0.489011 0.127171 -0.046578
-0.511747 0.198380 -0.036588
-0.544767 -0.006686 -0.042415
-0.532511 0.112052 -0.047052
-0.433122 0.060021 -0.048414
-0.618239 -0.018272 -0.050825
-0.436549 -0.040000 -0.051243
-0.435766 0.098928 -0.039315
-0.594805 0.061573 -0.040542
-0.469829 -0.007583 -0.042360
-0.627561 0.007007 -0.050121
-0.563372 0.201270 -0.036563
-0.624557 -0.013140 -0.050687
-0.425359 0.000256 -0.042090
-0.408538 -0.010266 -0.042369
-0.561516 0.036193 -0.049226
-0.465397 0.188372 -0.036821
-0.472934 0.074447 -0.048050
-0.563029 -0.001407 -0.042286
-0.428309 0.166807 -0.045393
-0.535106 0.147640 -0.038047
-0.504073 -0.023309 -0.050844
-0.556185 0.044911 -0.040971
-0.622696 0.146717 -0.046171
-0.625091 0.037394 -0.049261
-0.384820 0.125012 -0.038523
-0.423308 -0.052526 -0.043579
-0.480353 0.051467 -0.048707
-0.472794 -0.049135 -0.045825
-0.585617 0.212434 -0.044274
-0.424859 0.194946 -0.036591
-0.549347 0.079488 -0.047990
-0.611507 0.142586 -0.046275
-0.615406 0.182434 -0.037151
-0.532304 0.121424 -0.046787
-0.459240 -0.023420 -0.042796
-0.610721 0.148508 -0.038104
-0.594010 0.095542 -0.047585
-0.572139 0.186881 -0.044982
-0.610086 0.184250 -0.045097
-0.593218 -0.035034 -0.050768
-0.423794 0.001943 -0.042041
-0.540357 0.027041 -0.041458
-0.443909 0.166156 -0.037425
-0.476579 0.047367 -0.040815
-0.421054 0.006339 -0.041914
-0.623332 0.147905 -0.038134
-0.475010 0.085095 -0.047751
-0.583599 0.142003 -0.046261
-0.437704 0.197396 -0.039923
-0.394737 0.045804 -0.040771
-0.483200 0.086540 -0.047719
-0.571794 0.204622 -0.044480
-0.450835 -0.016324 -0.042586
-0.504269 0.018435 -0.049665
-0.522684 0.164824 -0.045551
-0.424724 0.105908 -0.039106
-0.383424 0.152207 -0.045757
-0.469449 0.021269 -0.041545
-0.578006 0.085907 -0.047840
-0.452406 0.109471 -0.039035
-0.464143 -0.031542 -0.051034
-0.475012 -0.048883 -0.045643
-0.578706 -0.034214 -0.043230
-0.614022 0.193408 -0.044842
-0.419442 0.036017 -0.049077
-0.639847 0.032053 -0.041424
-0.409224 -0.052352 -0.043559
-0.419683 0.054406 -0.048558
-0.522313 0.042147 -0.041012
-0.612479 0.033593 -0.049354
-0.525209 0.127619 -0.038601
-0.479115 0.171816 -0.045306
-0.449425 0.065990 -0.040260
-0.517954 0.079461 -0.047957
-0.420870 0.019093 -0.049557
-0.595396 0.076806 -0.040112
-0.441132 0.128025 -0.046502
-0.447496 0.083296 -0.047772
-0.389950 0.191934 -0.042517
-0.378508 0.163230 -0.041710
-0.420859 0.084595 -0.039704
-0.640446 0.126772 -0.041637
-0.404663 0.097272 -0.039328
-0.619346 0.100231 -0.039477
-0.422892 0.051285 -0.048650
-0.581771 0.181715 -0.045138
-0.377526 0.171755 -0.044335
-0.592896 0.031723 -0.049386
-0.525870 0.043388 -0.040981
-0.411755 0.079050 -0.039850
-0.524030 0.067072 -0.048313
-0.449099 0.106188 -0.039124
-0.626629 -0.030218 -0.051172
-0.547891 0.022086 -0.041606
-0.579082 0.168559 -0.037503
-0.589560 0.095631 -0.047577
-0.631287 0.027112 -0.049558
-0.613714 0.109168 -0.047221
-0.402575 -0.028233 -0.042870
-0.521421 0.159621 -0.045697
-0.400136 0.014615 -0.041658
-0.438341 0.196478 -0.044566
-0.568612 0.212511 -0.037720
-0.418123 0.178621 -0.037045
-0.428062 0.026795 -0.049347
-0.396569 0.165886 -0.037382
-0.436000 0.097649 -0.047355
-0.544499 0.027378 -0.041453
-0.579293 0.192537 -0.036826
-0.458596 0.179318 -0.045072
-0.501081 0.123331 -0.038696
-0.422349 0.148458 -0.045905
-0.586345 0.065241 -0.048432
-0.580339 -0.023780 -0.042937
-0.438446 0.023381 -0.041451
-0.503721 0.172839 -0.037301
-0.563177 0.101815 -0.039371
-0.523148 0.150625 -0.045953
-0.630667 0.146142 -0.038192
-0.588306 0.093890 -0.047625
-0.487529 -0.036595 -0.051201
-0.562115 -0.012200 -0.050593
-0.500909 0.204793 -0.042342
-0.567606 0.179125 -0.045196
-0.556799 0.145640 -0.038127
-0.616914 0.165803 -0.037622
-0.584694 0.153087 -0.037946
-0.402959 0.060543 -0.048367
-0.582046 -0.011886 -0.050606
-0.526664 0.028237 -0.041410
-0.505647 0.102952 -0.047280
-0.469357 0.110045 -0.047040
-0.607112 0.169632 -0.045507
-0.577819 0.003753 -0.042156
-0.477449 0.179791 -0.037076
-0.615217 0.156012 -0.037897
-0.377370 0.183161 -0.036873
-0.617508 0.029268 -0.041479
-0.559497 0.096084 -0.047532
-0.481472 -0.042808 -0.051370
-0.621154 0.117704 -0.046988
-0.536830 0.126592 -0.038643
-0.538899 -0.011678 -0.050553
-0.489311 0.086202 -0.047735
-0.491705 0.079623 -0.039921
-0.567351 0.104333 -0.039304
-0.638222 -0.007622 -0.050546
-0.645441 0.083667 -0.041970
-0.604046 0.007821 -0.042070
-0.488883 0.190178 -0.044798
-0.654347 0.006952 -0.049516
-0.543551 0.030361 -0.049371
-0.588123 -0.016239 -0.050735
-0.538695 0.049143 -0.048835
-0.530165 0.116589 -0.046921
-0.488078 0.038180 -0.049090
-0.476178 -0.002368 -0.050223
-0.638708 0.106968 -0.047310
-0.429514 -0.017520 -0.042597
-0.501059 0.201246 -0.044499
-0.565916 0.099910 -0.039428
-0.596689 -0.012258 -0.042629
-0.596458 0.206034 -0.044467
-0.401923 0.080419 -0.047804
-0.381159 0.157427 -0.037604
-0.442675 0.103568 -0.039191
-0.527298 0.182645 -0.045053
-0.650392 0.035091 -0.041350
-0.377762 0.169618 -0.038716
-0.475977 0.142547 -0.046130
-0.435626 0.162515 -0.037519
-0.462552 -0.008000 -0.042364
-0.587445 0.084512 -0.047889
-0.434473 0.065123 -0.048271
-0.460024 0.001165 -0.050105
-0.550219 0.161281 -0.045681
-0.614203 0.100760 -0.047459
-0.631822 0.201221 -0.042550
-0.581088 0.141792 -0.038261
-0.560750 0.003473 -0.050149
-0.469505 0.174834 -0.045211
-0.556293 0.145687 -0.046128
-0.474723 0.187620 -0.036852
-0.489729 -0.045589 -0.051458
-0.434676 0.094619 -0.047439
-0.517120 0.029680 -0.041359
-0.431201 0.163397 -0.037489
-0.499392 0.142433 -0.038155
-0.565979 0.046442 -0.048941
-0.494622 -0.030814 -0.043043
-0.556833 0.099445 -0.039431
-0.548711 0.210165 -0.036361
-0.569426 0.189293 -0.044911
-0.575486 0.002506 -0.042189
-0.470685 -0.047249 -0.043481
-0.634827 0.081584 -0.040020
-0.600158 0.054077 -0.040759
-0.493762 -0.026383 -0.050920
-0.643612 0.019445 -0.049788
-0.625138 0.048099 -0.040955
-0.639059 0.138090 -0.038429
-0.605731 -0.013751 -0.050684
-0.489807 0.179733 -0.037091
-0.467665 0.195881 -0.044614
-0.390279 0.061671 -0.043105
-0.602285 0.012079 -0.041948
-0.447559 0.133957 -0.046342
-0.534703 0.183702 -0.045031
-0.400602 -0.027301 -0.049316
-0.397288 0.192383 -0.044637
-0.462851 0.074453 -0.040035
-0.620188 0.106698 -0.039295
-0.601075 0.212805 -0.044281
-0.627672 0.000273 -0.042309
-0.412623 0.193117 -0.036630
-0.598864 0.214915 -0.036216
-0.615515 0.009260 -0.050045
-0.520295 0.195480 -0.044683
-0.414450 0.005600 -0.049931
-0.496377 0.093920 -0.047525
-0.609223 0.082000 -0.039980
-0.398730 0.149471 -0.037847
-0.518446 -0.034840 -0.051185
-0.463860 0.099463 -0.047333
-0.620276 -0.031909 -0.050343
-0.635077 -0.007641 -0.042540
-0.412402 0.031149 -0.041204
-0.578809 0.142345 -0.038243
-0.487822 -0.012248 -0.050514
-0.558961 0.003642 -0.042139
-0.629322 0.088307 -0.047827
-0.438678 0.073417 -0.048042
-0.406238 0.129442 -0.046424
-0.400036 -0.022420 -0.049212
-0.645639 0.027210 -0.041567
-0.499492 -0.027429 -0.050956
-0.477250 0.030373 -0.041296
-0.406560 0.006171 -0.049906
-0.480459 0.153525 -0.045825
-0.523343 0.088746 -0.039697
-0.593576 0.007337 -0.042072
-0.413794 -0.020961 -0.050680
-0.588803 -0.024085 -0.042954
-0.532018 0.056033 -0.048634
-0.392616 0.143595 -0.046010
-0.426287 -0.013870 -0.042490
-0.612114 0.161899 -0.045730
-0.409769 0.076567 -0.047922
-0.580765 0.061818 -0.040520
-0.507048 0.205410 -0.039010
-0.457870 0.118822 -0.046780
-0.647829 0.063053 -0.041685
-0.434343 0.033361 -0.041165
-0.385355 0.160265 -0.045531
-0.516931 0.061585 -0.048460
-0.392188 0.168477 -0.045307
-0.547622 -0.028940 -0.043047
-0.539316 0.124375 -0.046711
-0.593939 0.061428 -0.040545
-0.533355 0.028696 -0.041404
-0.558912 -0.020280 -0.050818
-0.555137 0.186045 -0.044987
-0.501950 0.161692 -0.037614
-0.519668 0.125509 -0.046658
-0.517518 0.073806 -0.048116
-0.475464 0.062805 -0.048381
-0.575726 0.063965 -0.048457
-0.641654 0.046021 -0.049035
-0.640535 0.114807 -0.039088
-0.388425 0.191781 -0.043380
-0.436635 0.085214 -0.039703
-0.471013 0.192923 -0.036698
-0.635743 0.128677 -0.038691
-0.568446 -0.008474 -0.050495
-0.548439 0.105226 -0.039259
-0.417789 0.039784 -0.048969
-0.653208 0.007914 -0.050124
-0.497838 0.150622 -0.045925
-0.641668 0.025399 -0.041614
-0.575221 0.193861 -0.044788
-0.379104 0.158042 -0.038917
-0.425808 0.007453 -0.041888
-0.532578 0.060696 -0.040499
-0.461369 0.170805 -0.037313
-0.539212 -0.019895 -0.050786
-0.459671 -0.022950 -0.042783
-0.465447 0.060377 -0.040436
-0.467827 -0.028093 -0.050940
-0.491804 -0.042882 -0.043380
-0.407734 0.144630 -0.037994
-0.559337 0.016681 -0.041771
-0.618308 0.057543 -0.048684
-0.403480 0.187158 -0.044791
-0.585084 0.055713 -0.040697
-0.631902 0.200452 -0.038639
-0.479469 0.027532 -0.041379
-0.634594 0.173501 -0.037424
-0.467562 0.098747 -0.047358
-0.407725 0.114864 -0.046838
-0.558335 0.103216 -0.047329
-0.642493 0.012686 -0.041974
-0.476895 0.057923 -0.040517
-0.402032 0.183118 -0.036901
-0.412074 0.043604 -0.040852
-0.589256 0.064704 -0.048451
-0.617835 0.036923 -0.041263
-0.426212 0.196116 -0.041756
-0.444928 0.115000 -0.038871
-0.403589 0.097864 -0.047313
-0.592703 0.115734 -0.047013
-0.414901 -0.042592 -0.051292
-0.642756 0.042455 -0.049137
-0.397451 -0.000147 -0.047211
-0.447164 0.169814 -0.037325
-0.629446 0.051403 -0.048870
-0.403013 0.006418 -0.041892
-0.460808 0.086210 -0.047704
-0.423033 0.095555 -0.039396
-0.589123 0.134641 -0.046475
-0.543498 0.085031 -0.039824
-0.500884 0.152828 -0.045866
-0.388635 0.191638 -0.037467
-0.457874 0.112863 -0.046948
-0.439297 0.012482 -0.041760
-0.544524 0.006557 -0.042041
-0.581264 -0.025812 -0.042995
-0.608774 -0.019461 -0.042845
-0.417441 0.040007 -0.048962
-0.465705 0.005965 -0.049976
-0.470318 0.046339 -0.040837
-0.438199 0.142005 -0.038101
-0.388029 0.119168 -0.038692
-0.460664 0.059039 -0.048472
-0.431143 0.128081 -0.038487
-0.400229 0.091628 -0.047486
-0.649532 0.046057 -0.049042
-0.577169 0.161677 -0.045699
-0.634362 0.136724 -0.046465
-0.388647 0.075764 -0.043639
-0.523472 0.202274 -0.044494
-0.421549 0.093016 -0.039467
-0.585939 0.036281 -0.049250
-0.475215 0.199419 -0.044523
-0.434947 0.082225 -0.047789
-0.575485 0.005622 -0.050104
-0.511991 0.082062 -0.047877
-0.502390 0.023106 -0.049531
-0.600814 0.170193 -0.037481
-0.474899 -0.044394 -0.051408
-0.526017 0.099709 -0.039390
-0.460429 -0.046747 -0.051459
-0.559316 0.181104 -0.045131
-0.529382 -0.028902 -0.043026
-0.456943 0.070785 -0.040133
-0.622525 -0.027132 -0.051080
-0.474213 -0.040758 -0.043301
-0.563260 0.075517 -0.040114
-0.447363 0.144525 -0.038040
-0.511397 0.081279 -0.039895
-0.585910 0.142293 -0.046256
-0.500584 -0.045942 -0.044810
-0.637711 0.144793 -0.038238
-0.603272 0.049184 -0.040901
-0.453237 0.065781 -0.040270
-0.607984 0.167626 -0.037561
-0.530565 0.141506 -0.046218
-0.634885 0.061084 -0.040599
-0.511573 -0.004327 -0.050316
-0.618380 0.043462 -0.041079
-0.483543 0.045161 -0.048888
-0.599062 0.153275 -0.045960
-0.435745 0.102370 -0.047221
-0.510031 0.182555 -0.037033
-0.525928 -0.011141 -0.050524
-0.517863 0.023746 -0.041527
-0.622342 -0.009832 -0.050591
-0.615044 -0.031927 -0.043204
-0.621013 0.088315 -0.039815
-0.498298 0.039288 -0.049070
-0.465527 0.154206 -0.037786
-0.631264 0.051458 -0.040867
-0.382715 0.155901 -0.045652
-0.578436 0.078031 -0.048063
-0.433710 0.055063 -0.048555
-0.376762 0.178212 -0.037042
-0.529798 -0.014059 -0.042608
-0.513545 -0.014931 -0.042615
-0.585473 0.029389 -0.049444
-0.506736 0.136809 -0.046325
-0.563279 0.044838 -0.048984
-0.489264 0.167148 -0.045449
-0.576366 0.139362 -0.046328
-0.377078 0.182421 -0.036894
-0.432477 0.050011 -0.048696
-0.624562 0.075659 -0.048179
-0.448276 0.094085 -0.047468
-0.532982 0.066587 -0.048337
-0.408352 0.092602 -0.047467
-0.531345 0.163107 -0.045609
-0.577856 0.079962 -0.040004
-0.420859 -0.026706 -0.042847
-0.473682 0.101804 -0.047278
-0.405715 0.062548 -0.048313
-0.456128 0.170909 -0.045307
-0.486991 0.082481 -0.047838
-0.568378 0.010403 -0.049962
-0.522128 0.172712 -0.045328
-0.395782 0.047561 -0.048726
-0.627298 0.113254 -0.047121
-0.623705 0.218033 -0.044158
-0.621335 0.042730 -0.041103
-0.545363 0.143151 -0.038184
-0.576206 0.021551 -0.049655
-0.510654 0.050406 -0.040766
-0.394510 0.025135 -0.041930
-0.599950 -0.000774 -0.042308
-0.556299 -0.036191 -0.043261
-0.435103 0.009423 -0.041842
-0.526354 -0.042046 -0.043394
-0.464482 0.076847 -0.039970
-0.423222 0.082628 -0.047765
-0.539361 0.087719 -0.047747
-0.537222 -0.005131 -0.042363
-0.544581 0.199350 -0.044600
-0.586899 0.062968 -0.048497
-0.529677 -0.017809 -0.042713
-0.555241 0.165917 -0.037552
-0.392343 0.091399 -0.047484
-0.496660 0.204337 -0.043635
-0.495367 0.127818 -0.046567
-0.641056 0.121470 -0.039618
-0.607240 -0.020107 -0.042862
-0.476358 0.191295 -0.044753
-0.532334 0.121277 -0.038788
-0.439520 0.082544 -0.039782
-0.625459 0.182204 -0.037168
-0.394654 0.023928 -0.043741
-0.567195 0.184800 -0.045035
-0.382345 0.187421 -0.036758
-0.539642 0.090311 -0.047674
-0.579230 0.196827 -0.036705
-0.420535 0.052233 -0.040617
-0.425197 0.154522 -0.045737
-0.579931 0.140998 -0.038283
-0.457895 0.078362 -0.039920
-0.391360 0.052354 -0.043821
-0.506508 -0.011155 -0.050504
-0.620163 0.179636 -0.037235
-0.520288 0.203415 -0.044459
-0.572312 0.061149 -0.040529
-0.464448 0.165003 -0.037480
-0.630868 0.162206 -0.045742
-0.424231 -0.020214 -0.042667
-0.572690 0.123162 -0.038778
-0.612167 0.217556 -0.037590
-0.507475 0.011147 -0.049875
-0.454167 0.079544 -0.047885
-0.577655 -0.036917 -0.047993
-0.440988 0.130150 -0.046442
-0.568979 0.027453 -0.049481
-0.598469 0.138380 -0.038377
-0.620925 0.142520 -0.046287
-0.626686 0.110207 -0.039203
-0.640837 0.007444 -0.042120
-0.585648 0.141588 -0.046275
-0.478444 0.178353 -0.037118
-0.422837 -0.042848 -0.043305
-0.466939 0.030295 -0.049290
-0.490822 0.203479 -0.037276
-0.504336 0.109506 -0.047093
-0.651485 0.031643 -0.048801
-0.536431 0.143350 -0.038169
-0.431683 0.076132 -0.047958
-0.504979 0.048939 -0.048805
-0.570769 0.185303 -0.045025
-0.627674 -0.001404 -0.050359
-0.526754 0.156806 -0.045782
-0.590144 0.204316 -0.044509
-0.610759 0.117848 -0.038970
-0.470342 -0.049418 -0.045883
-0.458020 0.074634 -0.048028
-0.626878 -0.008379 -0.042552
-0.641317 0.027083 -0.041566
-0.625039 0.064636 -0.040488
-0.443709 0.053167 -0.040616
-0.458402 0.178198 -0.045104
-0.389357 0.112407 -0.046887
-0.443950 0.024210 -0.041434
-0.533339 0.183094 -0.045047
-0.576445 0.181715 -0.037129
-0.618396 0.149762 -0.046080
-0.536574 0.068843 -0.040274
-0.402134 0.090353 -0.047524
-0.494398 0.074372 -0.040072
-0.519088 -0.011599 -0.050530
-0.643937 0.064670 -0.040507
-0.486173 0.158212 -0.037695
-0.588653 0.038655 -0.041182
-0.393430 0.034484 -0.043367
-0.491625 0.122883 -0.038699
-0.474804 0.089594 -0.039621
-0.438745 0.044957 -0.048846
-0.612350 0.011663 -0.049973
-0.476514 0.093846 -0.047506
-0.385904 0.145445 -0.037947
-0.505657 -0.033754 -0.051141
-0.524142 0.025561 -0.041482
-0.611134 0.131162 -0.046597
-0.605824 -0.033776 -0.043587
-0.468414 0.163491 -0.037527
-0.540524 0.030221 -0.041369
-0.567577 0.113586 -0.047047
-0.535789 0.006543 -0.050035
-0.507910 0.129701 -0.046527
-0.568808 0.023630 -0.049588
-0.591139 0.186437 -0.037011
-0.495017 0.199797 -0.044533
-0.634387 0.046268 -0.041017
-0.510141 -0.038229 -0.051272
-0.462038 0.002833 -0.050060
-0.433589 -0.006959 -0.042303
-0.621000 0.062054 -0.048560
-0.546329 0.161374 -0.037671
-0.577413 0.112880 -0.039074
-0.606439 -0.000795 -0.042316
-0.463048 0.158654 -0.045661
-0.491759 0.030964 -0.049298
-0.586291 0.100542 -0.039432
-0.430987 0.058433 -0.040453
-0.615944 0.045560 -0.041017
-0.505913 0.002073 -0.050129
-0.381714 0.171975 -0.045197
-0.576776 0.082586 -0.047932
-0.620670 0.183492 -0.045130
-0.592755 0.064699 -0.048454
-0.514230 0.070327 -0.040207
-0.455410 -0.040460 -0.043273
-0.497707 0.027652 -0.049398
-0.612517 0.028698 -0.041489
-0.558212 0.007878 -0.042019
-0.475925 0.043419 -0.040926
-0.449443 -0.037135 -0.051176
-0.407403 0.175567 -0.045123
-0.494013 0.165950 -0.037485
-0.568605 0.209362 -0.036340
-0.395323 0.018176 -0.044864
-0.484997 0.141604 -0.038163
-0.472415 0.085847 -0.039724
-0.531353 0.070287 -0.040227
-0.524649 -0.038743 -0.043299
-0.485184 0.128348 -0.038537
-0.548178 0.181606 -0.037101
-0.538579 0.117699 -0.038896
-0.633665 0.148430 -0.038131
-0.585537 0.139840 -0.038321
-0.532563 0.009089 -0.041957
-0.624417 0.048187 -0.048955
-0.640625 0.018048 -0.049824
-0.628827 0.178578 -0.037274
-0.483578 0.064381 -0.048345
-0.550351 0.027685 -0.041451
-0.507274 -0.036311 -0.051215
-0.450980 0.152756 -0.037811
-0.464431 0.067138 -0.040244
-0.509193 0.164123 -0.037553
-0.431871 0.005102 -0.041961
-0.541263 -0.023786 -0.042895
-0.409459 0.009507 -0.041812
-0.637264 0.010954 -0.050020
-0.632605 0.151730 -0.038036
-0.566089 0.207962 -0.044380
-0.411038 0.006270 -0.049908
-0.488732 0.090907 -0.047602
-0.609651 0.014983 -0.041874
-0.414821 0.142623 -0.038058
-0.590947 0.122544 -0.038816
-0.465058 0.089668 -0.039608
-0.600270 0.010154 -0.042000
-0.619587 0.207685 -0.044445
-0.495244 0.182896 -0.045011
-0.549574 0.161785 -0.037663
-0.469925 0.168644 -0.045386
-0.620148 -0.016405 -0.050775
-0.435547 0.026620 -0.049360
-0.428168 -0.054152 -0.051341
-0.646387 0.031310 -0.049455
-0.458553 0.161947 -0.037560
-0.582570 0.212728 -0.036260
-0.381585 0.174662 -0.037117
-0.571997 0.032994 -0.049327
-0.514689 0.048294 -0.040830
-0.578045 0.035051 -0.041273
-0.484047 0.142193 -0.038145
-0.552953 -0.007819 -0.042456
-0.503815 0.142182 -0.046170
-0.490056 0.079434 -0.039924
-0.466340 0.117529 -0.038823
-0.530531 0.200665 -0.036544
-0.622540 0.135646 -0.046483
-0.606762 0.068455 -0.040360
-0.620818 0.158964 -0.037819
-0.409925 0.011441 -0.041758
-0.644581 0.091202 -0.047649
-0.567398 0.208448 -0.036364
-0.560739 0.154847 -0.037871
-0.467500 0.084944 -0.047747
-0.397620 0.116447 -0.046782
-0.473903 0.121111 -0.046733
-0.466420 -0.020889 -0.050735
-0.639982 -0.001283 -0.050369
-0.466037 0.025462 -0.049426
-0.517484 -0.039946 -0.051329
-0.484338 0.144614 -0.038077
-0.514328 0.188090 -0.036882
-0.446471 0.142508 -0.046099
-0.505640 0.166004 -0.037496
-0.639818 0.107522 -0.047296
-0.494526 0.050401 -0.048752
-0.573194 -0.025030 -0.042964
-0.498160 0.076182 -0.048028
-0.621314 0.098456 -0.047532
-0.494277 -0.046536 -0.049673
-0.614053 0.022718 -0.049663
-0.516003 0.051961 -0.048731
-0.517959 0.035277 -0.041201
-0.536368 0.171928 -0.037362
-0.568205 0.125862 -0.046701
-0.601098 0.131327 -0.046582
-0.408075 0.021747 -0.049468
-0.439993 -0.044014 -0.043356
-0.409736 0.104891 -0.047122
-0.497505 0.108489 -0.047115
-0.621990 0.202143 -0.036601
-0.605551 0.161817 -0.037722
-0.649029 0.006430 -0.050161
-0.505753 0.183466 -0.037003
-0.531117 0.145623 -0.046102
-0.610706 0.052694 -0.040810
-0.578657 -0.032978 -0.043195
-0.654235 -0.028037 -0.048065
-0.454089 0.146632 -0.037987
-0.650190 -0.024084 -0.043021
-0.588568 0.055584 -0.048707
-0.570873 -0.001410 -0.050298
-0.531718 0.034240 -0.049249
-0.638611 0.105089 -0.047363
-0.513831 0.159458 -0.037690
-0.551943 -0.027494 -0.043011
-0.577709 0.116932 -0.046963
-0.403773 0.090239 -0.039526
-0.506763 0.146918 -0.038036
-0.583522 0.075516 -0.040136
-0.411234 0.153580 -0.037745
-0.467453 0.148758 -0.045945
-0.480902 0.066176 -0.040289
-0.473539 0.007198 -0.041946
-0.472127 0.146664 -0.038006
-0.478502 0.168563 -0.045398
-0.490983 0.133060 -0.046414
-0.449983 0.162230 -0.037543
-0.461040 0.151674 -0.037853
-0.482290 0.114690 -0.046923
-0.433750 0.078833 -0.047883
-0.412541 -0.021820 -0.050703
-0.418360 -0.014524 -0.042500
-0.416609 0.066254 -0.048220
-0.530958 -0.021725 -0.050828
-0.628336 0.008225 -0.050088
-0.533179 0.125652 -0.046669
-0.497646 0.044152 -0.048932
-0.484251 0.031639 -0.041268
-0.435181 -0.053383 -0.043616
-0.435122 -0.047411 -0.043447
-0.393101 0.037380 -0.046152
-0.619714 0.090845 -0.039742
-0.574245 -0.027125 -0.051028
-0.619716 0.000061 -0.050309
-0.514968 -0.026342 -0.042938
-0.584264 0.131123 -0.046569
-0.405074 0.159996 -0.037557
-0.474960 0.178764 -0.045106
-0.416638 0.136429 -0.038235
-0.633063 0.184133 -0.045125
-0.512358 0.112567 -0.039013
-0.403979 0.096154 -0.047362
-0.522302 0.120606 -0.046799
-0.560298 0.132953 -0.046492
-0.569377 0.111910 -0.047096
-0.563493 0.042472 -0.049051
-0.656428 -0.011029 -0.048247
-0.631002 0.048070 -0.040962
-0.516799 0.082112 -0.039877
-0.608413 0.070200 -0.048316
-0.557361 0.112331 -0.047071
-0.576007 0.135134 -0.038444
-0.510160 0.064019 -0.048384
-0.453888 -0.033935 -0.051090
-0.619516 0.075894 -0.048167
-0.412323 0.142639 -0.038055
-0.449407 0.049169 -0.040735
-0.491640 0.183712 -0.036981
-0.442290 0.136934 -0.046252
-0.502649 0.159247 -0.037684
-0.405079 0.095029 -0.047395
-0.544688 0.195597 -0.036703
-0.613532 0.140197 -0.046345
-0.487635 0.195657 -0.044642
-0.560400 0.000983 -0.050219
-0.535281 0.019035 -0.049682
-0.495400 0.051616 -0.040716
-0.511563 0.040379 -0.049054
-0.499473 -0.030705 -0.043045
-0.625088 0.219111 -0.039579
-0.466891 0.042548 -0.048944
-0.595034 0.160858 -0.037738
-0.631982 0.032882 -0.041392
-0.407626 -0.022238 -0.050710
-0.427672 0.060600 -0.048392
-0.460732 0.116300 -0.046854
-0.517594 -0.014327 -0.050605
-0.415769 0.119497 -0.038712
-0.527784 0.190922 -0.044820
-0.396901 0.122630 -0.038604
-0.593931 0.165201 -0.045617
-0.462111 -0.042554 -0.043339
-0.600125 -0.003179 -0.042376
-0.593507 0.046261 -0.040973
-0.640953 0.082453 -0.040002
-0.417562 0.192804 -0.044647
-0.492319 0.150216 -0.037928
-0.391601 0.070781 -0.040062
-0.470150 0.137662 -0.046261
-0.507563 0.087700 -0.047713
-0.602517 -0.032991 -0.043221
-0.461201 0.160940 -0.045594
-0.593047 0.022273 -0.041650
-0.564559 0.047556 -0.048908
-0.626132 0.110645 -0.039190
-0.409567 0.160261 -0.037554
-0.523496 0.147872 -0.046031
-0.506495 0.161738 -0.037618
-0.443545 -0.005454 -0.042271
-0.568687 0.028837 -0.041438
-0.484209 0.154675 -0.045796
-0.419451 0.123708 -0.038597
-0.446061 0.185400 -0.044887
-0.506237 -0.019452 -0.042734
-0.594827 0.099193 -0.047483
-0.398903 0.186180 -0.044814
-0.526794 0.168120 -0.045462
-0.617265 0.110058 -0.039197
-0.614639 0.106601 -0.039292
-0.647804 0.030159 -0.041486
-0.392373 0.114241 -0.046839
-0.468975 0.020790 -0.049561
-0.447761 0.004351 -0.050002
-0.420283 0.131079 -0.046393
-0.546411 0.161421 -0.045673
-0.511479 0.079330 -0.047953
-0.466335 -0.031068 -0.043019
-0.564153 0.163715 -0.037624
-0.521269 0.176531 -0.045219
-0.401188 -0.032463 -0.043596
-0.447610 0.126681 -0.038544
-0.564720 0.168215 -0.045501
-0.539896 0.044562 -0.048966
-0.454384 0.046386 -0.040819
-0.390007 0.188347 -0.036740
-0.588104 0.208052 -0.036398
-0.586827 0.202788 -0.044548
-0.450932 0.064713 -0.040298
-0.442154 0.180465 -0.045022
-0.533816 0.092531 -0.047605
-0.585100 0.143627 -0.046217
-0.591575 0.146420 -0.046145
-0.420724 -0.024452 -0.042783
-0.503155 0.105423 -0.039204
-0.473146 0.123985 -0.038648
-0.398134 0.182992 -0.036900
-0.630841 0.096298 -0.047603
-0.418153 -0.005498 -0.042245
-0.451883 0.132184 -0.038393
-0.473493 0.104514 -0.039198
-0.592744 0.151323 -0.038005
-0.479862 -0.048307 -0.046156
-0.640340 0.009984 -0.050051
-0.376296 0.182331 -0.042052
-0.429288 0.010003 -0.049823
-0.576359 0.177039 -0.045264
-0.456773 0.134514 -0.038333
-0.483092 0.047240 -0.048829
-0.486745 0.176738 -0.037173
-0.492060 0.118225 -0.046834
-0.520349 0.129545 -0.038542
-0.478376 -0.016268 -0.050618
-0.448069 0.173078 -0.045237
-0.399390 0.108360 -0.047012
-0.465424 0.134756 -0.046338
-0.645562 -0.003145 -0.050428
-0.414564 0.063197 -0.048304
-0.458046 -0.044520 -0.043390
-0.607087 0.068877 -0.040349
-0.482607 -0.047881 -0.049927
-0.438758 0.147459 -0.045951
-0.648106 0.036190 -0.049319
-0.527063 0.121959 -0.046766
-0.581388 0.168503 -0.037507
-0.438422 -0.037181 -0.051165
-0.523614 0.090663 -0.039643
-0.498512 0.122683 -0.046715
-0.498683 0.190085 -0.036808
-0.527183 0.132697 -0.038460
-0.514512 0.080773 -0.047916
-0.410933 0.028604 -0.041274
-0.657133 -0.017140 -0.046945
-0.417210 0.142624 -0.038061
-0.529645 0.179010 -0.037155
-0.481273 -0.032397 -0.051076
-0.553496 0.089364 -0.047715
-0.495942 0.187869 -0.044871
-0.633188 0.044237 -0.041073
-0.413286 0.022110 -0.041460
-0.550054 -0.001837 -0.042284
-0.433381 0.088225 -0.039615
-0.585543 0.179159 -0.045214
-0.571862 0.068505 -0.048324
-0.431656 0.141432 -0.038110
-0.540300 0.139102 -0.046297
-0.453540 0.184540 -0.036916
-0.578044 0.132113 -0.046535
-0.654117 0.006664 -0.050160
-0.423543 0.173725 -0.037189
-0.508098 -0.018938 -0.042722
-0.625252 0.042044 -0.049129
-0.434114 0.022484 -0.049475
-0.462920 0.068486 -0.040204
-0.474808 0.191000 -0.044760
-0.515548 -0.025016 -0.042902
-0.564742 0.030666 -0.041382
-0.459851 -0.007268 -0.042340
-0.468751 0.010391 -0.041851
-0.544726 0.170137 -0.037422
-0.438925 0.098456 -0.039332
-0.444880 0.041395 -0.040950
-0.600302 0.017557 -0.041791
-0.560757 0.110191 -0.047135
-0.461166 0.160381 -0.037607
-0.541333 -0.038946 -0.043323
-0.594845 0.059423 -0.040603
-0.417719 0.067140 -0.040193
-0.501792 0.083426 -0.039824
-0.439992 0.112024 -0.046953
-0.605182 0.029722 -0.049456
-0.502924 0.159644 -0.037673
-0.491071 0.049283 -0.048780
-0.619167 0.009439 -0.050044
-0.493518 0.028813 -0.041358
-0.543140 0.045804 -0.048935
-0.527813 0.090427 -0.039654
-0.502702 -0.031709 -0.051080
-0.461810 0.183309 -0.036960
-0.640651 -0.007545 -0.050547
-0.555263 0.204224 -0.036470
-0.569528 0.061507 -0.040516
-0.626614 0.114264 -0.039088
-0.469339 0.132985 -0.038389
-0.604095 0.027257 -0.049524
-0.566069 0.135142 -0.038433
-0.581158 0.122781 -0.046802
-0.449489 0.031074 -0.049249
-0.550134 0.169800 -0.045440
-0.460703 0.053112 -0.040636
-0.421394 0.128649 -0.046463
-0.410793 0.170810 -0.037258
-0.457706 0.159681 -0.045626
-0.629820 0.140649 -0.046350
-0.478678 0.057967 -0.048521
-0.637210 0.154631 -0.038115
-0.628481 0.033300 -0.049380
-0.491761 0.048508 -0.048803
-0.568589 0.009528 -0.041983
-0.624445 0.107949 -0.047267
-0.454811 0.105251 -0.039157
-0.512188 0.175142 -0.045248
-0.495755 0.077951 -0.047975
-0.597771 -0.026219 -0.043024
-0.542499 0.130683 -0.038533
-0.468006 0.087441 -0.039674
-0.495742 0.091740 -0.047586
-0.496764 0.044950 -0.040905
-0.482379 0.004304 -0.042038
-0.641739 -0.026684 -0.051088
-0.515887 -0.032219 -0.051109
-0.630958 0.079090 -0.048089
-0.415511 0.169974 -0.045290
-0.402272 0.176657 -0.045087
-0.414917 0.193424 -0.036624
-0.477212 0.008991 -0.049903
-0.560553 0.026316 -0.049504
-0.561119 -0.038923 -0.044870
-0.497243 0.120518 -0.046775
-0.539021 0.160234 -0.037695
-0.497824 -0.026177 -0.042915
-0.382950 0.189473 -0.044704
-0.567892 -0.038168 -0.043783
-0.377435 0.185385 -0.044813
-0.550106 0.165936 -0.037546
-0.588716 0.099166 -0.047477
-0.560030 -0.001903 -0.042297
-0.492679 0.189097 -0.036830
-0.577949 0.139064 -0.038335
-0.564294 0.040438 -0.049109
-0.448742 0.173938 -0.045214
-0.466697 -0.045313 -0.043422
-0.493167 0.032660 -0.049252
-0.521964 -0.016035 -0.042655
-0.450186 0.094339 -0.047463
-0.535288 0.034308 -0.041247
-0.487832 0.104769 -0.047209
-0.404247 0.068583 -0.040138
-0.465437 -0.050020 -0.044694
-0.640800 0.055101 -0.040774
-0.402876 -0.031198 -0.050958
-0.379584 0.156553 -0.045630
-0.394517 0.037735 -0.040999
-0.605956 0.196550 -0.044745
-0.471939 0.145826 -0.046033
-0.551125 0.206011 -0.044419
-0.579686 0.184368 -0.037058
-0.561209 0.182234 -0.037098
-0.418807 0.100327 -0.047260
-0.478137 0.080554 -0.047883
-0.397799 0.120920 -0.046656
-0.496025 0.059460 -0.040495
-0.433533 0.160685 -0.045572
-0.441366 0.040633 -0.040967
-0.511424 0.143087 -0.046153
-0.615908 0.006508 -0.042120
-0.408152 0.027203 -0.041311
-0.576886 0.082796 -0.039923
-0.458488 0.106295 -0.039131
-0.636224 -0.011832 -0.042660
-0.409977 0.139900 -0.046133
-0.418297 -0.011621 -0.050421
-0.563823 0.104251 -0.047306
-0.401000 0.014723 -0.049659
-0.604672 0.209736 -0.044371
-0.500183 0.131386 -0.046471
-0.493963 0.071391 -0.040156
-0.400731 -0.028441 -0.047837
-0.413431 0.157597 -0.037634
-0.508080 0.162838 -0.037588
-0.418542 0.161842 -0.037520
-0.425145 0.077678 -0.039904
-0.560378 0.139518 -0.038303
-0.586832 0.136682 -0.038412
-0.627159 0.074949 -0.048202
-0.429583 0.043976 -0.048863
-0.635939 0.127534 -0.038723
-0.596931 0.020777 -0.041696
-0.614251 0.132177 -0.038569
-0.519617 0.109409 -0.039110
-0.528504 0.159535 -0.037704
-0.561103 0.034398 -0.041273
-0.594940 0.187527 -0.044988
-0.582688 0.141120 -0.046285
-0.390203 0.172030 -0.045204
-0.592746 0.000031 -0.042278
-0.449901 -0.020781 -0.050714
-0.591049 0.140285 -0.046318
-0.536590 0.067471 -0.040312
-0.619336 0.078101 -0.048105
-0.590645 0.206127 -0.036455
-0.633585 0.013666 -0.041937
-0.553532 0.008446 -0.050001
-0.453091 0.155263 -0.037743
-0.588074 0.076763 -0.040106
-0.484410 0.032868 -0.049236
-0.392315 0.121380 -0.046637
-0.532715 0.195159 -0.036702
-0.382789 0.126364 -0.045674
-0.502120 0.188383 -0.044863
-0.421567 0.191947 -0.036673
-0.497800 0.142686 -0.046149
-0.525693 0.053850 -0.048688
-0.548539 0.040674 -0.049085
-0.620574 0.064391 -0.048493
-0.638642 -0.026549 -0.051081
-0.606346 0.042695 -0.049091
-0.641064 0.083245 -0.039980
-0.389082 0.141330 -0.038067
-0.581393 0.211718 -0.044290
-0.438794 -0.052307 -0.051593
-0.627266 0.016431 -0.049855
-0.620141 0.149718 -0.038080
-0.547858 0.041487 -0.049062
-0.630770 0.210297 -0.042315
-0.582586 0.038813 -0.041171
-0.401862 0.064543 -0.048253
-0.417368 0.012088 -0.041748
-0.554074 0.068710 -0.048299
-0.557577 0.171899 -0.045389
-0.480243 0.012673 -0.041799
-0.530557 0.201977 -0.036507
-0.639637 0.133807 -0.044587
-0.635836 0.149431 -0.038105
-0.608518 0.012923 -0.049934
-0.615752 0.089620 -0.039772
-0.514609 -0.029107 -0.043016
-0.592161 0.009938 -0.041997
-0.450385 0.050908 -0.048690
-0.610277 0.010915 -0.041989
-0.432979 0.069802 -0.048138
-0.480248 0.076593 -0.039994
-0.464331 -0.005512 -0.050299
-0.491319 0.187208 -0.044885
-0.448623 0.171060 -0.045295
-0.446298 0.020103 -0.049556
-0.635152 0.135187 -0.046510
-0.394380 0.143730 -0.046008
-0.401318 -0.024299 -0.050761
-0.583288 0.115538 -0.039005
-0.537560 0.101669 -0.039348
-0.509883 0.086097 -0.039757
-0.607497 0.045920 -0.040998
-0.575129 0.210312 -0.044323
-0.597358 0.072841 -0.040226
-0.597748 0.177357 -0.037275
-0.423938 0.177988 -0.037069
-0.532074 0.078495 -0.047999
-0.552203 -0.037722 -0.043300
-0.520138 0.018525 -0.049680
-0.568352 -0.008645 -0.042496
-0.419200 0.049327 -0.048701
-0.564361 0.127834 -0.038638
-0.576258 0.060370 -0.040556
-0.609953 -0.021795 -0.042913
-0.605013 0.008030 -0.042065
-0.438077 0.197508 -0.042336
-0.538576 0.164200 -0.037583
-0.500269 0.004557 -0.050053
-0.487514 0.162781 -0.037568
-0.558563 0.163346 -0.045632
-0.412650 -0.037930 -0.051158
-0.645770 0.017256 -0.049852
-0.408674 0.006123 -0.041907
-0.635597 0.090637 -0.039765
-0.436197 -0.025652 -0.042834
-0.420695 0.139501 -0.038153
-0.473891 0.063119 -0.040367
-0.502227 0.087819 -0.047704
-0.559505 0.085987 -0.047817
-0.557973 0.060732 -0.048529
-0.526834 0.046378 -0.048901
-0.391310 0.176772 -0.037068
-0.411266 0.131652 -0.038364
-0.438425 0.058927 -0.040448
-0.516582 0.159320 -0.045700
-0.407591 0.188701 -0.036749
-0.559608 0.166466 -0.045545
-0.590795 0.215186 -0.041373
-0.473861 -0.002937 -0.050236
-0.511101 0.173083 -0.037302
-0.526708 0.091148 -0.047636
-0.486271 0.139899 -0.038212
-0.423138 0.177919 -0.037070
-0.566803 0.160697 -0.037712
-0.420356 0.099700 -0.039276
-0.423738 0.195690 -0.036831
-0.423274 0.056895 -0.040489
-0.631593 0.123351 -0.046840
-0.494839 0.153937 -0.045828
-0.523933 0.055070 -0.048652
-0.413682 0.048375 -0.048722
-0.621896 0.003011 -0.050228
-0.644546 0.044345 -0.041082
-0.524310 0.173494 -0.045308
-0.527827 0.056580 -0.048614
-0.493120 0.149822 -0.045943
-0.393509 0.131247 -0.046360
-0.596167 0.215662 -0.036220
-0.537416 0.158570 -0.045744
-0.543384 0.144494 -0.046148
-0.409450 0.008101 -0.049855
-0.642050 0.080415 -0.040061
-0.610383 0.006627 -0.050114
-0.591323 0.100634 -0.047438
-0.413799 0.124040 -0.038582
-0.468306 0.174193 -0.045228
-0.454952 0.170119 -0.037325
-0.493974 0.055943 -0.040592
-0.420337 0.189044 -0.036753
-0.454966 0.176267 -0.037151
-0.495276 0.146678 -0.038031
-0.429305 0.145718 -0.045990
-0.515843 0.000548 -0.042180
-0.531080 0.076402 -0.040054
-0.500089 -0.045818 -0.051210
-0.401558 0.108076 -0.039020
-0.445230 0.162573 -0.045531
-0.478672 -0.048048 -0.051515
-0.401010 0.180726 -0.044970
-0.408949 -0.056547 -0.045474
-0.603372 -0.033949 -0.047510
-0.507076 -0.044642 -0.051450
-0.574359 0.119436 -0.046889
-0.445200 0.026202 -0.049382
-0.655523 -0.003232 -0.047684
-0.504106 0.069958 -0.048210
-0.617213 0.063287 -0.048521
-0.603093 0.153827 -0.045949
-0.479754 -0.013087 -0.042526
-0.436254 0.157478 -0.037662
-0.558429 0.064610 -0.048420
-0.544698 0.088366 -0.039731
-0.635959 0.165559 -0.045084
-0.441195 -0.043855 -0.051356
-0.549116 0.162872 -0.037632
-0.635114 0.117065 -0.039018
-0.555702 0.014419 -0.049834
-0.585319 -0.007231 -0.050478
-0.520890 0.033804 -0.041246
-0.434041 0.056087 -0.048526
-0.632117 0.106156 -0.039323
-0.602670 0.004727 -0.050159
-0.605174 0.154568 -0.045930
-0.442276 0.087323 -0.039650
-0.503780 0.204975 -0.037035
-0.563934 0.150760 -0.037990
-0.393699 0.114597 -0.038827
-0.467122 0.088932 -0.047634
-0.608667 0.197603 -0.044718
-0.590346 0.049349 -0.048885
-0.642555 0.018416 -0.049815
-0.526928 0.158585 -0.045732
-0.596762 -0.010525 -0.050583
-0.405819 0.037383 -0.041021
-0.603308 0.168406 -0.037534
-0.525329 -0.010364 -0.042498
-0.480049 0.093423 -0.039518
-0.502052 -0.026824 -0.042938
-0.553463 0.132478 -0.046498
-0.501402 0.203873 -0.044425
-0.385894 0.122857 -0.046588
-0.416869 0.134765 -0.046286
-0.454700 -0.002954 -0.050216
-0.530024 0.092493 -0.047602
-0.530309 0.139383 -0.038275
-0.506107 -0.009254 -0.050449
-0.419652 -0.022778 -0.050738
-0.421206 0.065604 -0.048244
-0.475861 0.150953 -0.045892
-0.456774 -0.011926 -0.050472
-0.507097 0.197193 -0.044620
-0.567968 0.039125 -0.041147
-0.399478 -0.004248 -0.042190
-0.582229 0.211493 -0.044297
-0.452774 0.105325 -0.047156
-0.452952 0.189748 -0.036769
-0.476895 0.167985 -0.037409
-0.440398 0.101297 -0.047256
-0.555384 0.185615 -0.044999
-0.457635 0.032424 -0.041217
-0.581704 0.111687 -0.039112
-0.533988 -0.038702 -0.051311
-0.584120 0.073396 -0.048200
-0.562845 0.151955 -0.037955
-0.505291 0.205198 -0.038725
-0.545216 0.208677 -0.044337
-0.419257 -0.024700 -0.042789
-0.609629 0.134635 -0.046498
-0.436538 0.000970 -0.042082
-0.466321 0.000124 -0.050142
-0.572978 0.140558 -0.046291
-0.469402 0.083910 -0.039775
-0.634960 0.109330 -0.047240
-0.483323 0.046319 -0.048855
-0.518352 0.154583 -0.037832
-0.641143 0.024099 -0.049653
-0.543853 0.065537 -0.048378
-0.421200 0.145177 -0.037993
-0.584758 0.072142 -0.048236
-0.483363 -0.014617 -0.050576
-0.588894 0.066334 -0.040401
-0.561981 0.029083 -0.041424
-0.438467 0.029550 -0.041277
-0.465294 0.068422 -0.040208
-0.514860 0.163115 -0.045591
-0.499720 0.130816 -0.046487
-0.548355 0.096672 -0.047504
-0.489865 0.124763 -0.046647
-0.376943 0.180545 -0.044950
-0.461181 0.031091 -0.041258
-0.466331 0.079658 -0.047895
-0.608823 0.005743 -0.050137
-0.628434 0.102263 -0.039429
-0.587769 0.030956 -0.049402
-0.498505 -0.005259 -0.042325
-0.592136 0.187646 -0.036978
-0.543097 0.128007 -0.046613
-0.481641 0.024131 -0.049480
-0.423597 -0.007346 -0.050306
-0.525605 0.015608 -0.049768
-0.603487 0.166199 -0.037596
-0.440731 0.146368 -0.037981
-0.420133 0.127068 -0.046506
-0.480235 0.046695 -0.040838
-0.442023 0.097187 -0.039371
-0.406846 0.061770 -0.040333
-0.476472 0.034383 -0.049185
-0.515421 -0.027312 -0.050969
-0.643080 0.018602 -0.041808
-0.435821 0.152210 -0.045813
-0.632903 0.016023 -0.041869
-0.446925 0.055885 -0.040543
-0.622436 0.014085 -0.041913
-0.483674 0.172326 -0.037294
-0.400932 -0.019339 -0.042617
-0.578984 -0.004389 -0.042388
-0.577507 0.172784 -0.045385
-0.507479 0.023175 -0.049535
-0.473542 0.179071 -0.045096
-0.525953 0.112970 -0.047019
-0.493688 0.112374 -0.038998
-0.558650 0.071851 -0.048216
-0.630872 0.111325 -0.047179
-0.575566 0.031819 -0.049364
-0.608514 0.012727 -0.049939
-0.585808 0.019653 -0.041716
-0.528496 0.088326 -0.039715
-0.560787 0.209153 -0.044340
-0.586918 0.097483 -0.039519
-0.631464 0.138749 -0.046405
-0.474157 0.119419 -0.046781
-0.489473 -0.029716 -0.043006
-0.504810 0.067580 -0.040275
-0.588746 0.177235 -0.037269
-0.607897 0.083516 -0.039936
-0.417316 0.109091 -0.039008
-0.597709 0.071787 -0.040256
-0.407983 0.103004 -0.047173
-0.518702 0.013873 -0.041807
-0.586797 0.060449 -0.040565
-0.573790 0.171123 -0.037425
-0.646385 0.061078 -0.048615
-0.640775 0.048529 -0.048963
-0.462034 -0.030247 -0.042991
-0.463826 0.156494 -0.045723
-0.444484 -0.029496 -0.050954
-0.468006 0.180211 -0.045057
-0.593963 0.120070 -0.046892
-0.637111 -0.024378 -0.043015
-0.595001 0.093756 -0.039633
-0.506698 0.026778 -0.049432
-0.604329 0.081283 -0.039995
-0.426241 0.044929 -0.040830
-0.407398 0.020612 -0.049499
-0.577191 0.127130 -0.038671
-0.408575 0.118976 -0.046723
-0.449320 -0.031371 -0.051013
-0.630125 -0.007838 -0.042540
-0.590399 0.196323 -0.044735
-0.562990 0.184196 -0.045047
-0.453284 0.123689 -0.046638
-0.486456 0.023929 -0.049491
-0.408178 0.069824 -0.040107
-0.534410 0.062712 -0.048448
-0.521079 0.101924 -0.039323
-0.464498 0.101721 -0.047270
-0.468175 0.127249 -0.046553
-0.463723 0.052899 -0.048648
-0.533560 0.102056 -0.047335
-0.650659 -0.001079 -0.050375
-0.407157 0.061933 -0.048332
-0.583899 0.080971 -0.047985
-0.542529 0.061089 -0.040499
-0.383035 0.124118 -0.039442
-0.486957 0.182572 -0.037008
-0.416081 -0.052032 -0.051560
-0.561971 0.056466 -0.048654
-0.589135 -0.034159 -0.043239
-0.432189 -0.043493 -0.051336
-0.451904 -0.041635 -0.043302
-0.650730 0.038048 -0.042983
-0.430348 0.157561 -0.037653
-0.456127 -0.050256 -0.043550
-0.526314 0.172512 -0.037335
-0.483400 0.146949 -0.046013
-0.583377 0.150215 -0.038026
-0.626538 0.032946 -0.049388
-0.464034 0.010999 -0.041829
-0.442724 0.109140 -0.039034
-0.549957 0.147138 -0.046080
-0.434591 0.067248 -0.040208
-0.414822 -0.006829 -0.042279
-0.608773 -0.002056 -0.050357
-0.396012 0.020017 -0.049504
-0.615816 0.115472 -0.039042
-0.475166 0.195552 -0.036629
-0.510789 0.003396 -0.042094
-0.393047 0.128016 -0.038447
-0.633691 0.040276 -0.041185
-0.426978 0.125642 -0.038551
-0.527508 0.146629 -0.046070
-0.572013 0.212980 -0.040365
-0.556204 0.046070 -0.048941
-0.618983 0.156084 -0.045902
-0.579563 0.069762 -0.040294
-0.603437 0.005871 -0.050127
-0.603633 0.048218 -0.048932
-0.550616 0.002484 -0.050166
-0.621726 0.062718 -0.040539
-0.619757 0.041026 -0.049152
-0.483800 0.011277 -0.041842
-0.409486 0.136297 -0.038231
-0.620679 0.044307 -0.049061
-0.508408 0.038394 -0.049106
-0.554999 -0.011961 -0.050579
-0.514297 0.015816 -0.041747
-0.570942 0.191392 -0.036850
-0.521010 0.206981 -0.037354
-0.482053 0.132971 -0.046407
-0.633693 0.185064 -0.042161
-0.540844 -0.008380 -0.050462
-0.580938 0.147332 -0.038105
-0.396457 0.097484 -0.047316
-0.588963 0.018311 -0.041757
-0.471119 0.103401 -0.039227
-0.547598 0.050251 -0.040811
-0.569706 0.212769 -0.042353
-0.454989 0.067651 -0.048222
-0.523741 0.129040 -0.046563
-0.492702 0.117488 -0.038852
-0.435567 -0.003428 -0.050209
-0.457748 0.198927 -0.044518
-0.594429 0.116886 -0.046982
-0.433273 -0.012162 -0.050453
-0.421504 0.180369 -0.036999
-0.468909 0.058155 -0.040502
-0.401529 -0.033813 -0.043027
-0.626044 0.047335 -0.040978
-0.574639 0.147732 -0.046090
-0.411935 0.002971 -0.041999
-0.568377 0.205175 -0.044461
-0.440343 0.111898 -0.046957
-0.588603 0.193727 -0.036803
-0.634771 -0.013560 -0.050710
-0.494616 -0.034751 -0.051157
-0.617822 0.025401 -0.049591
-0.523172 0.108401 -0.039142
-0.480252 0.110279 -0.039042
-0.631294 0.083655 -0.039958
-0.455474 0.044640 -0.048873
-0.628909 0.053473 -0.040807
-0.467790 0.069121 -0.040191
-0.491808 0.013511 -0.049791
-0.536627 0.013398 -0.049843
-0.434351 0.133336 -0.038342
-0.434275 -0.045704 -0.043398
-0.419353 -0.055279 -0.047668
-0.492803 0.053969 -0.040646
-0.486100 0.192128 -0.036737
-0.569141 0.024843 -0.049555
-0.503998 0.040248 -0.041046
-0.606663 0.150171 -0.038052
-0.632030 0.109828 -0.039219
-0.434324 0.136124 -0.046266
-0.639605 0.134031 -0.041455
-0.455157 -0.049810 -0.051540
-0.531134 0.184065 -0.045017
-0.519750 0.143384 -0.038150
-0.545234 0.201128 -0.044550
-0.440514 -0.028396 -0.042916
-0.474136 0.015649 -0.041708
-0.473841 0.004452 -0.042024
-0.405405 0.018283 -0.049563
-0.475747 0.113504 -0.038946
-0.438228 0.085492 -0.047700
-0.460094 -0.050284 -0.043555
-0.505729 0.082015 -0.047871
-0.435153 -0.051589 -0.051568
-0.470792 0.127529 -0.046548
-0.575471 0.168811 -0.045496
-0.385869 0.149456 -0.037834
-0.613931 0.105444 -0.039323
-0.422459 0.158354 -0.045625
-0.616815 0.003355 -0.050213
-0.559177 0.048585 -0.040870
-0.445137 0.152053 -0.037825
-0.604044 0.063853 -0.040487
-0.395308 0.124196 -0.038558
-0.409144 0.039590 -0.040962
-0.509270 0.185404 -0.036952
-0.595547 0.008988 -0.042028
-0.411862 0.026409 -0.049340
-0.623785 0.201067 -0.044637
-0.626193 0.209368 -0.036402
-0.392757 0.078009 -0.047862
-0.505395 0.088872 -0.039674
-0.452906 0.199130 -0.038893
-0.554785 0.200420 -0.044580
-0.378602 0.176253 -0.037069
-0.563920 0.146347 -0.046117
-0.625585 0.141654 -0.038313
-0.474503 -0.000120 -0.042154
-0.503412 0.187524 -0.036886
-0.455099 0.078596 -0.047913
-0.416905 0.053080 -0.040589
-0.419481 -0.029063 -0.050915
-0.629656 0.132194 -0.038585
-0.391282 0.075809 -0.047923
-0.469815 0.096966 -0.039407
-0.575346 0.056340 -0.048672
-0.423777 0.073203 -0.048032
-0.423459 0.128030 -0.046483
-0.606227 0.005546 -0.050140
-0.569704 0.054899 -0.040703
-0.551489 0.039584 -0.041116
-0.554764 0.071314 -0.048227
-0.399349 -0.016592 -0.043781
-0.642842 -0.018732 -0.042862
-0.555063 0.152458 -0.037932
-0.583065 0.118445 -0.046926
-0.469022 -0.008673 -0.042390
-0.525958 0.090365 -0.047657
-0.578417 0.144616 -0.038179
-0.574454 -0.013563 -0.050645
-0.619015 -0.027011 -0.043070
-0.602543 -0.034024 -0.048264
-0.582653 0.092579 -0.047656
-0.420826 -0.042612 -0.051299
-0.513966 0.112724 -0.047013
-0.501918 0.130600 -0.038492
-0.473078 0.118046 -0.038815
-0.542022 -0.017039 -0.042705
-0.535406 0.043454 -0.048993
-0.530477 0.006678 -0.050026
-0.592690 -0.035189 -0.047444
-0.584505 0.185783 -0.045026
-0.414662 0.042191 -0.040894
-0.499374 0.012048 -0.041837
-0.420043 0.083699 -0.039728
-0.589028 0.149264 0.049433
-0.589647 0.163443 -0.003053
-0.537683 0.104102 0.046298
-0.477375 0.035844 0.059776
-0.453681 0.011065 0.025366
-0.579407 0.151907 0.001162
-0.588645 0.157999 -0.033578
-0.602232 0.172337 0.060889
-0.566883 0.138274 -0.010248
-0.490350 0.051960 0.024670
-0.495913 0.058651 0.007591
-0.560575 0.129434 0.052735
-0.530910 0.086030 0.062198
-0.589441 0.149298 0.064282
-0.507533 0.072319 -0.017288
-0.579056 0.151457 0.003204
-0.528527 0.083000 0.008396
-0.583724 0.144696 0.002614
-0.434955 -0.010200 0.038960
-0.589391 0.163059 0.000391
-0.502640 0.067416 -0.036513
-0.566724 0.126759 -0.032687
-0.503862 0.054546 0.041887
-0.473510 0.032725 0.040784
-0.538171 0.106342 -0.012804
-0.600080 0.163593 -0.020554
-0.575824 0.148167 -0.007690
-0.598436 0.162053 -0.030752
-0.511739 0.076866 -0.012395
-0.523699 0.076382 0.051481
-0.499979 0.049735 0.058662
-0.467573 0.026649 0.021945
-0.488799 0.039681 -0.025247
-0.488566 0.050131 0.019078
-0.547056 0.104024 -0.004438
-0.473897 0.032868 0.050821
-0.500272 0.063736 -0.000274
-0.583465 0.156821 -0.012456
-0.546471 0.103392 -0.005147
-0.511782 0.063508 0.037185
-0.459639 0.006473 -0.000744
-0.440051 -0.003972 0.019896
-0.480721 0.029265 0.023947
-0.582624 0.143593 -0.001693
-0.521467 0.073786 0.055217
-0.471717 0.018939 0.033994
-0.489937 0.052383 -0.006089
-0.559800 0.119000 -0.031263
-0.543016 0.098223 0.040755
-0.559432 0.116096 0.055598
-0.502713 0.053124 0.046752
-0.543692 0.099255 0.031052
-0.604948 0.168346 0.002892
-0.460066 0.006055 0.030390
-0.518553 0.083392 0.024893
-0.486788 0.047929 0.026784
-0.574537 0.134236 0.010229
-0.589779 0.152002 -0.016786
-0.588460 0.161168 0.030104
-0.566348 0.126125 -0.025228
-0.513185 0.066450 -0.010815
-0.548214 0.117798 -0.021888
-0.526542 0.091844 0.040670
-0.493546 0.056852 -0.021657
-0.604006 0.165814 0.054497
-0.565206 0.122640 0.051823
-0.583703 0.144490 0.008979
-0.512848 0.064452 0.045721
-0.552028 0.118163 -0.035448
-0.495654 0.046400 0.006895
-0.528850 0.096248 -0.023112
-0.586028 0.148027 -0.023965
-0.500141 0.050397 0.041891
-0.540101 0.107191 0.032599
-0.478633 0.026551 0.037405
-0.466314 0.026208 -0.011610
-0.560287 0.118373 0.009478
-0.465367 0.025495 -0.023535
-0.446820 0.004122 0.000779
-0.597421 0.172741 -0.025071
-0.584998 0.158033 0.004855
-0.450675 0.008837 -0.013780
-0.540348 0.109292 -0.031016
-0.531099 0.096662 0.049791
-0.488636 0.047945 0.060345
-0.486331 0.047476 0.024805
-0.519941 0.074026 -0.012373
-0.511375 0.064536 -0.014389
-0.454378 0.000308 0.009734
-0.529603 0.095201 0.042586
-0.468097 0.014301 0.055004
-0.436327 -0.006454 -0.038248
-0.522977 0.076646 0.014247
-0.567915 0.133657 -0.034706
-0.467240 0.013989 0.032585
-0.541229 0.109808 -0.014785
-0.605129 0.168111 0.018093
-0.473996 0.021617 0.029229
-0.573418 0.131706 0.054902
-0.507491 0.058757 0.036092
-0.528994 0.084473 -0.024720
-0.527352 0.082241 -0.010766
-0.575016 0.147788 -0.025843
-0.577529 0.148233 0.056218
-0.516448 0.068383 0.048565
-0.447818 -0.006419 -0.010682
-0.435182 -0.007919 -0.031643
-0.465365 0.011666 0.040718
-0.461854 0.020113 0.027517
-0.471663 0.020235 -0.013228
-0.468542 0.014705 0.058191
-0.508391 0.073660 -0.030731
-0.494173 0.057685 -0.026298
-0.527703 0.082067 0.008921
-0.435795 -0.012397 0.017776
-0.503369 0.055409 -0.007335
-0.440719 -0.001689 -0.033679
-0.545669 0.101750 0.020918
-0.445232 0.000865 0.052569
-0.532754 0.099266 0.023349
-0.489682 0.041018 -0.037512
-0.438594 -0.006661 0.056998
-0.560687 0.121609 0.063841
-0.580868 0.141135 0.015752
-0.448187 -0.007059 0.025960
-0.465595 0.012213 0.030581
-0.452635 0.009984 0.022421
-0.494211 0.055514 0.050766
-0.601554 0.175112 0.014540
-0.460098 0.006129 0.029061
-0.575795 0.147651 0.009169
-0.488559 0.050631 0.001390
-0.540253 0.109048 -0.026196
-0.500100 0.062398 0.039657
-0.546846 0.102739 0.032178
-0.453000 -0.001968 0.035501
-0.450397 0.009107 -0.033952
-0.516525 0.082670 -0.028715
-0.570059 0.141971 -0.015707
-0.588656 0.150519 -0.008758
-0.540777 0.108535 0.012012
-0.525903 0.093223 -0.036647
-0.558088 0.115121 0.037366
-0.552937 0.115647 -0.035537
-0.441507 -0.013037 -0.025171
-0.575789 0.147016 0.031057
-0.576512 0.136935 -0.007109
-0.587275 0.160142 0.019831
-0.594882 0.167385 0.062887
-0.589817 0.163323 0.007713
-0.589719 0.150600 0.029727
-0.474890 0.034424 0.035196
-0.444103 0.000875 0.008394
-0.546414 0.115606 -0.015458
-0.553252 0.110937 -0.004680
-0.502333 0.067023 -0.034738
-0.584737 0.146502 -0.020977
-0.521453 0.086315 0.035641
-0.582368 0.141404 0.064598
-0.445370 0.001819 -0.040905
-0.556576 0.127145 -0.022793
-0.488862 0.039195 -0.005856
-0.461024 0.020381 -0.014012
-0.590609 0.152336 0.003812
-0.537243 0.104103 0.029165
-0.449513 0.006471 0.023560
-0.564901 0.122083 0.059374
-0.570108 0.130259 -0.023205
-0.599569 0.172756 0.057807
-0.565375 0.134186 -0.034708
-0.487994 0.050698 -0.022849
-0.551668 0.108706 0.011531
-0.495078 0.044840 0.038875
-0.503710 0.055642 -0.002216
-0.538473 0.093074 0.043692
-0.519585 0.084462 0.027695
-0.438447 -0.005845 0.022880
-0.582455 0.143272 0.002903
-0.434615 -0.008637 -0.039994
-0.507243 0.072387 -0.030922
-0.606292 0.170393 -0.016218
-0.599857 0.162823 -0.002380
-0.491084 0.040895 0.021225
-0.455506 0.012187 0.057137
-0.557997 0.127590 0.016871
-0.522483 0.076228 0.009660
-0.482118 0.031789 -0.009726
-0.483299 0.043558 0.043549
-0.503138 0.057942 -0.038216
-0.498631 0.050431 -0.017945
-0.577918 0.138572 -0.009544
-0.592312 0.165796 0.018482
-0.486880 0.047756 0.036368
-0.507876 0.060770 -0.019071
-0.528646 0.095801 -0.015466
-0.594268 0.154918 0.055916
-0.529773 0.085481 -0.029595
-0.434415 -0.010723 0.036240
-0.523733 0.088314 0.054566
-0.533874 0.101696 -0.017810
-0.505583 0.070006 -0.012428
-0.501275 0.064942 -0.003328
-0.522254 0.075170 0.037628
-0.547203 0.104157 -0.003395
-0.451317 0.009083 0.002591
-0.569014 0.140946 -0.020552
-0.469499 0.015913 0.053295
-0.502414 0.052461 0.058274
-0.558388 0.129444 -0.032499
-0.556439 0.114903 -0.019080
-0.457884 0.015226 0.043608
-0.550175 0.119338 0.000578
-0.600608 0.175423 0.005254
-0.496628 0.048184 -0.017416
-0.587002 0.147486 0.032663
-0.577475 0.138081 -0.009632
-0.440439 -0.003190 0.007719
-0.580679 0.141790 -0.014433
-0.597035 0.170646 0.032910
-0.457723 0.016162 0.004762
-0.541288 0.109152 0.010347
-0.606475 0.168569 0.054418
-0.531192 0.096684 0.052602
-0.534125 0.088915 0.019751
-0.601627 0.163438 0.044906
-0.542982 0.110143 0.041599
-0.497853 0.049389 -0.011852
-0.507059 0.059586 -0.009578
-0.538254 0.097647 0.062713
-0.570041 0.141292 0.007253
-0.466245 0.013879 -0.002225
-0.556933 0.114792 0.003949
-0.558281 0.117244 -0.029089
-0.590521 0.153119 -0.026881
-0.557742 0.115257 0.019208
-0.457524 0.015629 0.015605
-0.458897 0.018090 -0.016835
-0.475310 0.035048 0.029747
-0.460285 0.008037 -0.030147
-0.500149 0.062227 0.047513
-0.539380 0.096361 -0.035568
-0.524419 0.088125 0.062221
-0.444570 -0.011786 0.050196
-0.487241 0.038238 -0.035474
-0.454687 0.000043 0.030967
-0.483791 0.046242 -0.030857
-0.469689 0.028176 0.050898
-0.605054 0.172991 -0.007331
-0.497235 0.046925 0.049991
-0.498705 0.062173 -0.006665
-0.451690 -0.001895 -0.017925
-0.558460 0.127207 0.048184
-0.461298 0.020323 -0.001366
-0.460025 0.019093 -0.007973
-0.544720 0.112005 0.044255
-0.498094 0.061873 -0.019977
-0.482707 0.032099 0.002312
-0.493930 0.056031 0.021839
-0.509959 0.064646 -0.037895
-0.507536 0.060795 -0.033143
-0.527893 0.083118 -0.020305
-0.550688 0.108852 -0.031588
-0.466129 0.013041 0.022482
-0.585975 0.152367 0.065258
-0.441550 -0.002489 0.026453
-0.518163 0.082861 0.028222
-0.582633 0.144129 -0.019996
-0.578689 0.138726 0.015047
-0.591189 0.152242 0.029587
-0.485959 0.047070 0.024525
-0.510060 0.061441 0.042333
-0.478933 0.027656 0.010556
-0.523880 0.079252 -0.037206
-0.445078 -0.004005 0.057945
-0.543596 0.111407 0.021399
-0.545876 0.113093 0.051211
-0.547670 0.103914 0.023230
-0.560832 0.132036 -0.027905
-0.552399 0.109736 0.004052
-0.510322 0.062008 0.032788
-0.465132 0.023657 0.031336
-0.482060 0.032331 -0.030867
-0.484564 0.034430 -0.006749
-0.447006 0.003705 0.022564
-0.557767 0.126930 0.030940
-0.494147 0.057332 -0.015047
-0.438591 -0.015719 0.035120
-0.526002 0.091747 0.023099
-0.498096 0.059610 0.058949
-0.443910 -0.011429 0.012141
-0.446792 -0.007978 0.003817
-0.524041 0.076674 0.054597
-0.596457 0.171360 -0.014394
-0.434993 -0.008461 -0.020126
-0.604104 0.167450 0.001339
-0.557067 0.114941 0.003978
-0.521263 0.075298 -0.005338
-0.556995 0.125253 0.059378
-0.577452 0.148372 0.048398
-0.477114 0.025515 0.014509
-0.525198 0.089835 0.058454
-0.533489 0.087511 0.043984
-0.436679 -0.006143 -0.035409
-0.501715 0.063619 0.059836
-0.448870 0.005215 0.042305
-0.598879 0.160383 0.044607
-0.581723 0.155287 -0.026620
-0.579581 0.150433 0.059281
-0.566397 0.138336 -0.031281
-0.443071 -0.010996 0.057656
-0.436504 -0.007088 -0.009260
-0.494159 0.044455 0.016601
-0.435470 -0.007376 -0.039409
-0.440329 -0.002641 -0.015681
-0.568351 0.137500 -0.034553
-0.600147 0.162697 0.013261
-0.487753 0.049973 -0.006940
-0.466226 0.024146 0.056809
-0.449295 0.007890 -0.034355
-0.536537 0.104899 -0.025980
-0.569526 0.134113 0.064404
-0.566166 0.135506 0.058339
-0.437282 -0.005784 -0.024509
-0.543715 0.113107 -0.033191
-0.567292 0.136778 0.057776
-0.442892 -0.000905 0.023379
-0.553920 0.121913 0.056337
-0.506326 0.059355 -0.029973
-0.569488 0.128369 0.018512
-0.489895 0.050880 0.044626
-0.486613 0.035266 0.043674
-0.585302 0.145287 0.043256
-0.570830 0.142000 0.013228
-0.483357 0.045511 -0.022208
-0.593467 0.155248 0.013345
-0.513137 0.078701 -0.022029
-0.439341 -0.015158 0.008714
-0.505911 0.057599 0.015077
-0.449671 -0.003553 -0.038555
-0.494455 0.045752 -0.017091
-0.457545 0.002860 0.043798
-0.601755 0.163038 0.063823
-0.581715 0.154756 -0.008471
-0.517946 0.083636 -0.007196
-0.521044 0.074602 0.010392
-0.465098 0.016267 0.058909
-0.586909 0.160437 -0.004694
-0.494634 0.049615 0.060464
-0.467569 0.016391 -0.038300
-0.528125 0.092638 -0.036650
-0.589960 0.164570 -0.030159
-0.590494 0.151965 0.012230
-0.578685 0.151423 -0.010012
-0.468662 0.028182 0.010805
-0.561947 0.132428 0.001743
-0.605724 0.169071 0.063651
-0.456125 0.001963 0.019891
-0.535606 0.101446 0.058144
-0.481925 0.043520 -0.008479
-0.465510 0.025660 -0.023752
-0.562221 0.132200 -0.034813
-0.511023 0.076366 -0.022765
-0.606360 0.172910 -0.030717
-0.439113 -0.012663 -0.040289
-0.513169 0.064748 0.047850
-0.520509 0.072617 0.058763
-0.586680 0.160220 -0.005996
-0.602343 0.163936 0.055330
-0.599602 0.161605 0.030100
-0.586622 0.147519 0.016783
-0.548482 0.104591 0.031166
-0.598243 0.164204 0.065826
-0.585501 0.159514 -0.027171
-0.488235 0.037202 0.039222
-0.447916 -0.008249 0.056896
-0.473910 0.023421 -0.036959
-0.501345 0.051430 0.052668
-0.530726 0.097676 -0.000009
-0.583421 0.143750 0.023783
-0.454351 0.011488 0.036633
-0.501369 0.052493 0.060635
-0.602998 0.175234 -0.032783
-0.459924 0.017937 0.028407
-0.560587 0.130534 0.014896
-0.555342 0.126013 -0.031280
-0.546006 0.114157 0.019204
-0.451496 0.010082 -0.025278
-0.559284 0.129383 0.004393
-0.567377 0.139138 -0.021165
-0.575627 0.146767 0.033419
-0.476369 0.036797 0.009980
-0.502871 0.055572 -0.032376
-0.463404 0.023156 -0.018254
-0.536666 0.092824 -0.017724
-0.498453 0.060102 0.055681
-0.539816 0.095925 -0.003467
-0.517496 0.069327 0.056396
-0.580270 0.152704 0.006920
-0.489349 0.051333 0.007654
-0.567064 0.133889 -0.034704
-0.575526 0.142515 0.064783
-0.446205 -0.008878 0.012375
-0.490273 0.053092 -0.017741
-0.487784 0.038833 -0.035094
-0.489778 0.051837 0.006762
-0.541339 0.097122 0.014005
-0.460869 0.020749 -0.032891
-0.489845 0.045291 -0.038825
-0.565424 0.128622 0.064155
-0.532159 0.085676 0.056228
-0.599878 0.163262 -0.016894
-0.468543 0.029335 -0.033957
-0.468772 0.015880 0.026204
-0.574264 0.133203 0.035601
-0.550746 0.119459 0.018541
-0.452982 0.011295 -0.009781
-0.570274 0.130193 -0.014455
-0.541189 0.095717 0.057095
-0.481227 0.030542 -0.000898
-0.532251 0.085698 0.059054
-0.509799 0.071095 -0.037647
-0.487810 0.048606 0.042846
-0.593461 0.166430 0.040993
-0.562941 0.133039 0.019047
-0.561675 0.133131 -0.033322
-0.456155 0.013920 0.021981
-0.447701 -0.006233 -0.021664
-0.568118 0.127772 -0.013871
-0.569807 0.128463 0.027667
-0.445732 0.003668 -0.025615
-0.523466 0.078064 -0.016139
-0.505643 0.069000 0.024894
-0.452394 0.009444 0.031863
-0.457248 0.009671 0.058583
-0.450898 -0.004261 0.033749
-0.477798 0.039124 -0.015612
-0.486435 0.048929 -0.021750
-0.442752 -0.012292 -0.002818
-0.556279 0.126926 -0.026682
-0.591662 0.153590 0.000993
-0.526624 0.092072 0.035906
-0.466324 0.012366 0.053560
-0.512246 0.063515 0.054996
-0.558867 0.115565 0.063591
-0.502565 0.052590 0.059624
-0.540392 0.097083 0.062710
-0.526264 0.093213 -0.017819
-0.490997 0.051755 0.056924
-0.470171 0.018821 -0.021903
-0.472866 0.020120 0.037494
-0.511495 0.063776 0.016725
-0.457178 0.014166 0.053117
-0.570333 0.129733 0.003832
-0.439613 -0.016017 0.021860
-0.605693 0.170922 0.024644
-0.584313 0.146332 -0.031542
-0.468668 0.017599 -0.037676
-0.590272 0.151695 0.013065
-0.441213 -0.013451 -0.022187
-0.545008 0.113186 0.014303
-0.503285 0.066531 0.019326
-0.505887 0.059098 -0.038059
-0.462002 0.020012 0.036811
-0.513879 0.067336 -0.014690
-0.492038 0.054647 -0.003386
-0.579172 0.139179 0.018034
-0.491312 0.052331 0.049071
-0.460375 0.007952 -0.023687
-0.604483 0.166810 0.038322
-0.599899 0.175509 -0.025282
-0.469681 0.018510 -0.030114
-0.479753 0.027739 0.039517
-0.495691 0.051871 -0.038518
-0.536358 0.104571 -0.021518
-0.564211 0.135181 -0.006239
-0.559262 0.116000 0.052321
-0.571298 0.142956 -0.001872
-0.493782 0.045052 -0.018856
-0.531686 0.087533 -0.026797
-0.572062 0.142299 0.050625
-0.496950 0.049016 -0.033891
-0.568919 0.127479 0.027437
-0.583709 0.156993 -0.008942
-0.555080 0.117281 0.063624
-0.555718 0.124562 0.033876
-0.480715 0.029452 0.017203
-0.558859 0.116114 0.032713
-0.580064 0.140277 0.014409
-0.492936 0.044392 -0.028656
-0.511731 0.074760 0.060659
-0.455563 0.013085 0.028055
-0.506198 0.064186 -0.037947
-0.563158 0.120019 0.063619
-0.547387 0.116455 -0.007230
-0.557024 0.114947 0.002133
-0.471069 0.031104 0.002504
-0.539132 0.100610 -0.036242
-0.544614 0.099889 0.044769
-0.534820 0.090478 -0.007707
-0.560673 0.124663 0.063959
-0.497904 0.061134 -0.001601
-0.544472 0.100767 0.008658
-0.548439 0.106164 -0.025277
-0.589622 0.163094 0.008133
-0.527521 0.082013 0.003733
-0.516459 0.068193 0.055611
-0.585519 0.159080 -0.011365
-0.467811 0.016573 -0.035244
-0.476196 0.037469 -0.020148
-0.598987 0.160445 0.046627
-0.556711 0.113925 0.025568
-0.497813 0.059863 0.039139
-0.565873 0.124937 -0.002273
-0.594609 0.169631 -0.025917
-0.436142 -0.009265 0.052495
-0.582426 0.144165 -0.029305
-0.471127 0.029852 0.048379
-0.572224 0.144338 -0.014091
-0.556020 0.112424 0.051027
-0.486411 0.049055 -0.027103
-0.482386 0.044744 -0.033187
-0.587391 0.147641 0.042416
-0.546081 0.101510 0.045232
-0.577810 0.138528 -0.012225
-0.489846 0.040681 -0.019390
-0.484716 0.045406 0.034207
-0.554662 0.123944 0.014421
-0.568970 0.126929 0.048579
-0.557131 0.122699 -0.035226
-0.561441 0.132896 -0.034202
-0.490545 0.042726 -0.038918
-0.510067 0.063334 -0.023315
-0.454560 0.001344 -0.019273
-0.542615 0.110891 0.001317
-0.517640 0.082192 0.031222
-0.483852 0.037028 -0.039198
-0.562596 0.120560 0.022929
-0.573785 0.133686 0.000168
-0.593576 0.168313 -0.020119
-0.600146 0.175833 -0.026984
-0.591862 0.152852 0.034478
-0.584435 0.155755 0.062372
-0.532889 0.088914 -0.028193
-0.539142 0.107251 -0.006765
-0.530143 0.095500 0.053125
-0.543784 0.111970 0.009110
-0.543884 0.098621 0.060573
-0.470009 0.017238 0.026955
-0.455000 -0.000219 0.052258
-0.523204 0.088233 0.036821
-0.484761 0.046916 -0.016658
-0.503080 0.054722 0.005361
-0.573239 0.132978 0.003644
-0.554257 0.124230 -0.011317
-0.499405 0.051394 -0.021425
-0.470621 0.027720 0.059401
-0.449496 -0.005578 0.025212
-0.486210 0.047548 0.017588
-0.495031 0.058339 -0.015801
-0.541052 0.107800 0.048254
-0.576154 0.134965 0.047627
-0.497599 0.060097 0.022689
-0.523139 0.076188 0.036487
-0.456533 0.015339 -0.012790
-0.436304 -0.013541 0.032466
-0.469795 0.029941 -0.006462
-0.554834 0.123746 0.027949
-0.490630 0.053723 -0.025855
-0.444519 0.000383 0.041707
-0.549889 0.116294 0.063539
-0.490120 0.051101 0.045665
-0.560069 0.117301 0.038360
-0.568593 0.127000 0.031505
-0.604758 0.170037 0.061550
-0.536529 0.092083 0.002751
-0.574451 0.146381 0.001241
-0.559172 0.117345 0.001988
-0.510522 0.073882 0.044311
-0.547920 0.117564 -0.025174
-0.586758 0.147518 0.022084
-0.547828 0.105466 -0.024723
-0.586386 0.159788 -0.002358
-0.445952 -0.010405 0.055745
-0.498641 0.060495 0.049314
-0.498743 0.062855 -0.028972
-0.522945 0.077721 -0.024427
-0.586910 0.146850 0.051278
-0.533726 0.101294 -0.009550
-0.516599 0.070527 -0.020226
-0.502724 0.065140 0.046050
-0.516434 0.068995 0.026705
-0.586419 0.146820 0.033247
-0.579223 0.137946 0.062963
-0.454985 0.013375 -0.004457
-0.462184 0.008177 0.038708
-0.445958 0.003311 -0.004434
-0.584723 0.158166 -0.010426
-0.519321 0.084969 -0.000253
-0.503865 0.067220 0.017888
-0.575830 0.134799 0.040826
-0.593797 0.154523 0.051395
-0.442265 0.000149 -0.037641
-0.598389 0.172400 0.024379
-0.571449 0.143630 -0.019526
-0.466238 0.021184 0.059109
-0.487305 0.042871 0.060137
-0.584578 0.157749 -0.001531
-0.543474 0.099879 0.000851
-0.506745 0.059429 -0.016290
-0.454781 0.012687 0.011565
-0.474772 0.021889 0.049889
-0.561924 0.120505 -0.001246
-0.595024 0.169437 -0.003058
-0.476955 0.025008 0.025987
-0.519710 0.072856 0.019421
-0.514596 0.066320 0.048502
-0.522716 0.089565 -0.028499
-0.576506 0.136264 0.016019
-0.506516 0.071346 -0.022895
-0.578574 0.137503 0.053183
-0.501059 0.051080 0.053738
-0.454120 0.000397 -0.003368
-0.537175 0.104104 0.026478
-0.534690 0.100840 0.043689
-0.520103 0.073755 0.003339
-0.550300 0.118875 0.021577
-0.502547 0.066459 -0.006794
-0.510092 0.075601 -0.032251
-0.493246 0.042687 0.042718
-0.604813 0.167994 0.009929
-0.595928 0.157876 0.017358
-0.474296 0.033641 0.039408
-0.502285 0.054043 -0.001857
-0.554892 0.112030 0.020924
-0.570529 0.141462 0.020307
-0.549565 0.105799 0.031130
-0.496393 0.059188 0.007513
-0.531584 0.087622 -0.033854
-0.534889 0.100975 0.046719
-0.580321 0.140838 0.004814
-0.598243 0.160640 0.010979
-0.578749 0.149923 0.044702
-0.501272 0.064599 0.008495
-0.456045 0.012965 0.050973
-0.569112 0.128980 -0.017367
-0.543467 0.111950 -0.002534
-0.480762 0.042027 -0.001627
-0.461220 0.020430 -0.008140
-0.516788 0.081595 0.018944
-0.539385 0.094363 0.034239
-0.515672 0.079530 0.047532
-0.556920 0.125309 0.054534
-0.480938 0.041851 0.011346
-0.498399 0.050617 -0.033409
-0.569318 0.139528 0.040644
-0.535052 0.102333 0.005739
-0.522792 0.076624 0.007812
-0.538246 0.093384 0.024111
-0.593179 0.153889 0.049492
-0.489823 0.039150 0.033031
-0.554639 0.123234 0.038224
-0.533192 0.100141 0.009898
-0.545342 0.104848 -0.036023
-0.565245 0.134458 0.059078
-0.469439 0.016528 0.029567
-0.593529 0.162091 0.065702
-0.554296 0.122849 0.038326
-0.507229 0.071963 -0.016718
-0.566633 0.137340 0.012587
-0.474176 0.033122 0.052842
-0.484636 0.042193 0.060087
-0.592855 0.167205 -0.009532
-0.542179 0.096904 0.054173
-0.559230 0.117139 0.011424
-0.477673 0.038759 -0.007735
-0.501333 0.065441 -0.018478
-0.533898 0.087958 0.044281
-0.571501 0.131794 -0.022604
-0.544238 0.099828 0.032276
-0.456789 0.001867 0.049047
-0.439594 -0.004888 0.034083
-0.600315 0.174835 0.014356
-0.587510 0.148683 0.010720
-0.607349 0.171937 -0.028886
-0.533654 0.089316 -0.012506
-0.500387 0.052017 -0.004985
-0.446908 0.004405 -0.005653
-0.501173 0.064019 0.024869
-0.560095 0.118100 0.011516
-0.532315 0.100401 -0.033212
-0.549115 0.116354 0.063394
-0.467999 0.014787 0.058877
-0.533693 0.101860 -0.030550
-0.588995 0.162813 -0.006439
-0.580017 0.152434 0.006468
-0.495050 0.046796 -0.030337
-0.596022 0.168738 0.060020
-0.465604 0.025635 -0.019216
-0.465904 0.024205 0.042247
-0.485107 0.046634 0.006613
-0.587055 0.158864 0.055783
-0.547567 0.115957 0.017132
-0.512333 0.075647 0.053150
-0.480301 0.034237 -0.039338
-0.595575 0.157592 0.013532
-0.571301 0.131156 -0.008147
-0.479349 0.040529 -0.004306
-0.474594 0.034237 0.030211
-0.493339 0.044815 -0.027776
-0.482429 0.043084 0.026258
-0.562009 0.120301 0.009191
-0.488615 0.039788 -0.036072
-0.588173 0.149786 -0.001969
-0.603320 0.165950 0.023146
-0.595160 0.169012 0.017019
-0.592856 0.166382 0.019165
-0.441196 -0.003122 0.034752
-0.472913 0.021920 -0.023383
-0.490594 0.039877 0.037640
-0.483929 0.046104 -0.020693
-0.579524 0.152683 -0.021336
-0.602721 0.165669 0.009674
-0.441743 -0.015007 0.052573
-0.455885 0.015195 -0.032912
-0.475977 0.023659 0.035010
-0.443542 -0.012054 0.019614
-0.453183 -0.000443 -0.010491
-0.479193 0.041095 -0.030079
-0.575909 0.136774 -0.024909
-0.551987 0.107695 0.059144
-0.586724 0.148466 -0.012231
-0.458891 0.005299 0.011084
-0.492004 0.053603 0.031652
-0.464807 0.012315 -0.003583
-0.523824 0.077975 0.000824
-0.551932 0.120387 0.032291
-0.606268 0.173056 -0.032057
-0.586034 0.159363 -0.001241
-0.573088 0.143111 0.062210
-0.599105 0.173623 0.009565
-0.520023 0.074303 -0.018847
-0.519851 0.084769 0.027314
-0.442746 -0.013679 0.045271
-0.557449 0.113867 0.056257
-0.454030 -0.001370 0.054643
-0.576059 0.147177 0.035913
-0.556863 0.127195 -0.013401
-0.594050 0.154410 0.065157
-0.583161 0.154505 0.056403
-0.552904 0.120734 0.057932
-0.584056 0.143553 0.055284
-0.510712 0.072325 -0.037592
-0.511381 0.064463 -0.011638
-0.509086 0.062521 -0.033099
-0.560380 0.131663 -0.032454
-0.508380 0.060909 -0.004347
-0.543184 0.099277 0.010568
-0.597824 0.160747 -0.009022
-0.456702 0.012196 -0.040402
-0.480266 0.041282 0.005077
-0.493870 0.057427 -0.029086
-0.462055 0.021764 -0.022180
-0.587644 0.147673 0.051080
-0.536878 0.104396 0.004795
-0.531694 0.097205 0.053957
-0.558587 0.128396 0.011712
-0.529722 0.084762 0.062138
-0.603407 0.167444 -0.025539
-0.542251 0.110744 -0.007732
-0.539691 0.107115 0.019286
-0.515218 0.079596 0.027577
-0.536620 0.092417 -0.005356
-0.487721 0.038007 -0.008769
-0.558610 0.115408 0.063583
-0.527978 0.081526 0.038451
-0.561352 0.119817 0.000520
-0.574570 0.132769 0.062624
-0.584643 0.156287 0.051894
-0.579804 0.139824 0.020077
-0.575905 0.146543 0.052033
-0.590952 0.153152 -0.011291
-0.516770 0.082422 -0.010558
-0.527455 0.092893 0.039603
-0.498742 0.050558 -0.018026
-0.606160 0.169867 -0.003037
-0.475381 0.034823 0.040378
-0.490754 0.052337 0.027248
-0.587178 0.148717 -0.003387
-0.597402 0.160528 -0.017764
-0.546150 0.115331 -0.016103
-0.577151 0.148903 0.018229
-0.466206 0.014401 -0.021915
-0.558785 0.117633 -0.023063
-0.588189 0.160922 0.028147
-0.458163 0.004224 0.020269
-0.464741 0.012894 -0.026275
-0.525280 0.078256 0.047595
-0.467169 0.014303 0.018912
-0.522020 0.076862 -0.030422
-0.535412 0.091836 -0.032040
-0.566198 0.129077 0.064180
-0.460588 0.007469 0.001403
-0.598921 0.160807 0.031467
-0.483565 0.043037 0.060110
-0.440076 -0.002931 -0.015388
-0.477769 0.037275 0.047704
-0.459481 0.006857 -0.020252
-0.604802 0.168750 -0.016848
-0.600328 0.175299 -0.001318
-0.577478 0.148425 0.047546
-0.504425 0.057145 -0.026840
-0.574248 0.144451 0.060564
-0.594172 0.167406 0.034601
-0.598856 0.173427 0.006736
-0.445251 -0.009700 0.003948
-0.537191 0.105657 -0.026997
-0.437178 -0.011585 -0.026169
-0.495558 0.046110 0.013295
-0.465561 0.024917 0.004144
-0.504967 0.065573 0.061174
-0.533741 0.089632 -0.020131
-0.470246 0.021103 0.059142
-0.448109 0.006734 -0.040126
-0.594021 0.163568 0.065764
-0.493160 0.055859 -0.002029
-0.464278 0.011218 0.058706
-0.554617 0.112769 -0.015464
-0.476089 0.023786 0.034944
-0.552675 0.120910 0.042923
-0.528798 0.095739 -0.007403
-0.531630 0.098852 -0.005886
-0.500332 0.052899 -0.037835
-0.538059 0.105063 0.027391
-0.602940 0.166503 -0.010868
-0.526375 0.079179 0.057946
-0.499332 0.050611 0.003026
-0.458505 0.006211 -0.035619
-0.487681 0.037870 -0.005559
-0.525664 0.090757 0.044438
-0.530050 0.091865 -0.036662
-0.515754 0.069980 -0.033990
-0.466971 0.025135 0.051269
-0.525206 0.092477 -0.033247
-0.501298 0.051626 0.044013
-0.565123 0.134601 0.049360
-0.563391 0.121996 0.003774
-0.494240 0.056587 0.014542
-0.488898 0.046510 0.060292
-0.467943 0.014108 0.055749
-0.506886 0.058249 0.030283
-0.491704 0.042603 -0.014209
-0.506498 0.069247 0.049485
-0.558153 0.116717 -0.015695
-0.509031 0.061415 0.003270
-0.490493 0.053620 -0.027631
-0.464708 0.010812 0.044952
-0.535809 0.103566 -0.007820
-0.544963 0.101274 0.010078
-0.569227 0.141149 -0.019341
-0.524482 0.079712 -0.034112
-0.535552 0.090922 0.005278
-0.560154 0.129388 0.038009
-0.457114 0.002920 0.024986
-0.451795 0.009936 -0.008556
-0.484000 0.046194 -0.021068
-0.549633 0.119015 -0.009183
-0.519780 0.072393 0.038285
-0.460198 0.008074 -0.034779
-0.506792 0.057666 0.046927
-0.593618 0.166350 0.049872
-0.450220 0.007068 0.030184
-0.486415 0.047016 0.044081
-0.479898 0.040003 0.035322
-0.543294 0.109975 0.059543
-0.539221 0.105470 0.058354
-0.512986 0.064582 0.046524
-0.549349 0.106962 -0.017771
-0.517010 0.083265 -0.030592
-0.441336 -0.002761 0.027592
-0.450845 -0.004436 0.037821
-0.442261 0.000148 -0.037814
-0.435392 -0.012480 0.027288
-0.454590 0.001971 -0.039953
-0.528677 0.093992 0.048724
-0.541095 0.108401 0.029016
-0.494990 0.045022 0.029124
-0.570266 0.128382 0.048292
-0.496697 0.060647 -0.031493
-0.548595 0.118531 -0.032616
-0.496293 0.059256 0.001289
-0.540496 0.106456 -0.036004
-0.592876 0.154184 0.027448
-0.487841 0.037735 0.005352
-0.503486 0.053618 0.059560
-0.457228 0.002117 0.057351
-0.553519 0.122722 0.012565
-0.457669 0.003855 0.013972
-0.604894 0.170299 0.053324
-0.440586 -0.002578 -0.007884
-0.509248 0.074390 -0.022845
-0.479580 0.041684 -0.035554
-0.500636 0.052340 -0.006564
-0.494219 0.045922 -0.032160
-0.441239 -0.001102 -0.033954
-0.505900 0.058650 -0.021974
-0.525860 0.093249 -0.034752
-0.452000 0.009701 0.007610
-0.525865 0.092734 -0.016648
-0.535015 0.089075 0.048755
-0.587026 0.148690 -0.008355
-0.539263 0.094622 0.020460
-0.526132 0.093509 -0.036634
-0.559966 0.118797 -0.017754
-0.483436 0.045579 -0.021542
-0.588564 0.149998 0.005857
-0.490085 0.053024 -0.022654
-0.450011 -0.005163 0.030738
-0.465856 0.013391 -0.000339
-0.597795 0.171514 0.032174
-0.552991 0.111091 -0.020174
-0.577611 0.137265 0.024091
-0.545641 0.102257 0.002164
-0.514418 0.077821 0.058366
-0.576481 0.137207 -0.017781
-0.500223 0.050092 0.055696
-0.577411 0.150240 -0.018277
-0.603669 0.167153 -0.005191
-0.535316 0.090512 0.010395
-0.546964 0.114227 0.053957
-0.533677 0.089740 -0.026378
-0.460770 0.019955 -0.009059
-0.530061 0.095138 0.062538
-0.534974 0.090880 -0.015712
-0.531266 0.096556 0.059935
-0.592456 0.166267 0.007638
-0.525119 0.079834 -0.013634
-0.493018 0.044113 -0.015801
-0.577106 0.149732 -0.034001
-0.581041 0.140340 0.050144
-0.601542 0.177214 -0.030194
-0.482014 0.042411 0.033601
-0.500870 0.052610 -0.006887
-0.530459 0.097720 -0.011928
-0.528882 0.094309 0.045682
-0.603764 0.167464 -0.012387
-0.532018 0.098603 0.017863
-0.601972 0.173095 0.049666
-0.565745 0.137020 -0.010746
-0.476987 0.034348 0.059715
-0.494852 0.056815 0.030372
-0.567258 0.135603 -0.034636
-0.532749 0.088542 -0.020675
-0.602997 0.173328 0.024980
-0.470728 0.019952 -0.039695
-0.460975 0.019172 0.026155
-0.572511 0.143609 0.022443
-0.537101 0.103530 0.043575
-0.473902 0.022608 -0.008946
-0.452089 0.008387 0.056821
-0.601779 0.175287 0.006484
-0.531850 0.097217 0.059609
-0.557566 0.127871 -0.009647
-0.555730 0.125958 -0.014290
-0.571700 0.130633 0.025575
-0.510082 0.061932 0.026073
-0.437880 -0.013357 -0.001751
-0.490055 0.052818 -0.016703
-0.586713 0.160945 -0.029947
-0.549918 0.119485 -0.014477
-0.548245 0.105078 0.004997
-0.480899 0.030661 -0.017760
-0.451138 -0.001922 -0.038409
-0.567473 0.139392 -0.026264
-0.502851 0.066040 0.019610
-0.483861 0.045649 -0.007457
-0.530320 0.084726 0.017906
-0.461234 0.006642 0.055341
-0.584047 0.156386 0.025312
-0.441415 -0.001136 -0.025916
-0.534659 0.100939 0.039024
-0.552465 0.109376 0.019159
-0.513431 0.078262 0.004687
-0.502961 0.054842 -0.003448
-0.466395 0.025586 0.013194
-0.517902 0.071469 -0.002451
-0.598771 0.160068 0.051397
-0.442593 -0.001610 0.036348
-0.583990 0.151775 0.065217
-0.604190 0.167708 -0.004332
-0.466319 0.025834 0.001612
-0.510478 0.063749 -0.021833
-0.582012 0.141932 0.032380
-0.539632 0.096032 -0.014293
-0.450984 0.008642 0.005040
-0.434798 -0.010732 0.051415
-0.576370 0.149470 -0.031866
-0.494484 0.057904 -0.021857
-0.496899 0.048299 -0.010892
-0.504260 0.055866 0.011316
-0.548361 0.118120 -0.027418
-0.555346 0.113233 -0.003363
-0.555008 0.112056 0.024531
-0.457266 0.014933 0.029845
-0.438307 -0.006647 0.045395
-0.538259 0.106268 -0.006797
-0.545871 0.101858 0.024977
-0.570524 0.140337 0.059300
-0.463184 0.022797 -0.014322
-0.604040 0.167061 0.012413
-0.559873 0.130569 -0.014051
-0.482187 0.042450 0.038972
-0.535897 0.089929 0.053226
-0.458059 0.005170 -0.016697
-0.482956 0.044772 -0.012041
-0.518618 0.073018 -0.028640
-0.454554 0.000778 0.000195
-0.434408 -0.009535 -0.016784
-0.554827 0.110956 0.055817
-0.577033 0.135703 0.056025
-0.509414 0.072199 0.059906
-0.596098 0.169584 0.033535
-0.527090 0.080934 0.024600
-0.523382 0.088185 0.045419
-0.568159 0.139367 0.001246
-0.599044 0.173154 0.023555
-0.577689 0.149666 0.012532
-0.480309 0.027916 0.054914
-0.466963 0.015109 -0.017189
-0.549419 0.117829 0.023821
-0.463830 0.011996 -0.030393
-0.438171 -0.005235 -0.009102
-0.505905 0.070122 -0.003987
-0.439161 -0.016893 0.049289
-0.536515 0.091882 0.009220
-0.600554 0.164378 -0.029499
-0.556186 0.113060 0.035308
-0.450658 0.008606 -0.006372
-0.445714 -0.005435 -0.041183
-0.446970 -0.009047 0.057767
-0.504932 0.067283 0.057090
-0.486974 0.037410 -0.016966
-0.501676 0.063968 0.046162
-0.541330 0.096335 0.041039
-0.478609 0.038220 0.047349
-0.567136 0.125297 0.034234
-0.474187 0.022261 0.014215
-0.477078 0.036418 -0.039282
-0.584333 0.146220 -0.026857
-0.516647 0.081425 0.019394
-0.444403 -0.012078 0.053887
-0.561940 0.119399 0.037895
-0.478274 0.025905 0.045972
-0.568418 0.138343 0.046961
-0.590650 0.162633 0.064083
-0.600156 0.173609 0.050904
-0.524151 0.091119 -0.026939
-0.590335 0.163760 0.012580
-0.557598 0.126515 0.038834
-0.454278 0.001264 -0.027461
-0.548537 0.105102 0.015497
-0.566193 0.124376 0.029681
-0.483638 0.032664 0.018823
-0.451956 0.010823 -0.033161
-0.499139 0.061425 0.036212
-0.592596 0.155010 -0.012162
-0.550048 0.105501 0.060277
-0.575928 0.134806 0.044357
-0.510078 0.075480 -0.028573
-0.516691 0.069347 0.024441
-0.605801 0.169047 0.011606
-0.502288 0.054130 -0.004783
-0.601473 0.162923 0.065805
-0.575726 0.139055 0.064651
-0.522917 0.079406 0.061870
-0.562294 0.133139 -0.009543
-0.505583 0.058339 -0.023411
-0.564002 0.121449 0.046566
-0.544660 0.100426 0.027853
-0.486465 0.047324 0.035305
-0.490797 0.053918 -0.026153
-0.475538 0.031791 -0.039475
-0.587687 0.147360 0.063680
-0.456109 0.013147 0.047087
-0.574840 0.145901 0.033024
-0.492444 0.055368 -0.012720
-0.600194 0.162003 0.065758
-0.586989 0.148848 -0.015233
-0.549518 0.107203 -0.019588
-0.579294 0.148023 0.065030
-0.594851 0.156016 0.040298
-0.535267 0.101414 0.046098
-0.598800 0.172344 0.042290
-0.438211 -0.005840 0.013505
-0.462037 0.020619 0.017019
-0.544828 0.100769 0.022408
-0.599751 0.161602 0.036041
-0.521529 0.074863 0.020147
-0.456160 0.001289 0.044739
-0.590181 0.162458 0.051961
-0.443910 -0.012486 0.048897
-0.599514 0.173810 0.018959
-0.489262 0.040131 -0.022906
-0.509989 0.062385 0.006718
-0.512836 0.075563 0.061631
-0.477655 0.039408 -0.031031
-0.585479 0.147379 -0.022724
-0.582588 0.151304 -0.033892
-0.506440 0.057551 0.037254
-0.510237 0.074214 0.021655
-0.531254 0.098694 -0.014978
-0.529945 0.097784 -0.034115
-0.552410 0.121818 0.000981
-0.580919 0.140232 0.049159
-0.598808 0.161398 0.006503
-0.602879 0.174798 -0.004190
-0.577743 0.140324 -0.034360
-0.457095 0.003696 -0.002770
-0.582330 0.142264 0.033162
-0.477340 0.025198 0.034346
-0.506255 0.058887 -0.016460
-0.486936 0.049129 -0.009277
-0.503590 0.055709 -0.009216
-0.462055 0.008058 0.037848
-0.557926 0.126440 -0.035075
-0.516530 0.081201 0.022651
-0.517263 0.082714 -0.001598
-0.568333 0.127920 -0.010683
-0.567228 0.126325 0.001983
-0.451044 -0.002582 -0.019064
-0.519762 0.086439 -0.034291
-0.579550 0.151762 0.011777
-0.443807 -0.000684 0.051183
-0.571076 0.129556 0.038857
-0.491468 0.052363 0.054042
-0.587790 0.160169 0.038855
-0.514059 0.066162 0.033148
-0.532653 0.095864 0.062594
-0.435936 -0.011801 0.002301
-0.446416 -0.009601 0.045708
-0.594493 0.166907 0.064426
-0.601864 0.169752 -0.033005
-0.509044 0.059817 0.059456
-0.501141 0.052037 0.023600
-0.514210 0.067942 -0.022966
-0.566961 0.126867 -0.027259
-0.467149 0.027332 -0.018325
-0.534797 0.101903 0.010789
-0.489481 0.039984 -0.009310
-0.538909 0.107515 -0.024972
-0.509287 0.072765 0.035274
-0.515935 0.069636 -0.014999
-0.445021 -0.009283 -0.019480
-0.522662 0.088925 -0.008336
-0.475655 0.036416 -0.004479
-0.531512 0.098653 -0.003529
-0.552878 0.110206 0.006255
-0.442034 -0.000734 -0.015872
-0.596050 0.170778 -0.009923
-0.479905 0.027992 0.036583
-0.468843 0.028936 -0.008402
-0.575012 0.146839 0.007068
-0.520986 0.073422 0.049215
-0.519020 0.073326 -0.023727
-0.578406 0.151277 -0.015766
-0.542977 0.098393 0.033336
-0.571850 0.132246 -0.024803
-0.542866 0.110596 0.021312
-0.504614 0.056185 0.013948
-0.539019 0.107485 -0.019692
-0.526552 0.093191 -0.005893
-0.582070 0.142266 0.023011
-0.579215 0.150310 0.049348
-0.598532 0.161196 0.002826
-0.553739 0.121665 0.057944
-0.594889 0.157293 -0.002673
-0.590206 0.164120 -0.004934
-0.487452 0.036924 0.018497
-0.517116 0.069543 0.034089
-0.493009 0.056175 -0.018886
-0.536984 0.091102 0.054578
-0.452451 -0.003126 0.054536
-0.481703 0.029828 0.042466
-0.584495 0.145271 0.012478
-0.527181 0.093413 0.010832
-0.501893 0.064791 0.025911
-0.494254 0.046016 -0.034093
-0.459478 0.007375 -0.038425
-0.579893 0.138677 0.063497
-0.438447 -0.015730 0.038115
-0.570447 0.130328 -0.012441
-0.527509 0.082946 -0.029188
-0.582625 0.155990 -0.016109
-0.505513 0.057574 0.000498
-0.571734 0.143260 0.004441
-0.516674 0.081891 0.004204
-0.556331 0.125084 0.039466
-0.604354 0.167671 0.003329
-0.491060 0.053814 -0.012361
-0.472399 0.026762 -0.039698
-0.504646 0.067176 0.049726
-0.525876 0.079332 0.033260
-0.439903 -0.012626 0.057565
-0.591794 0.163894 0.064627
-0.585755 0.158979 0.001331
-0.533113 0.086889 0.051016
-0.465216 0.017023 0.058939
-0.605888 0.169784 0.045237
-0.574719 0.134984 -0.008768
-0.490294 0.041054 -0.015013
-0.536351 0.091690 0.009519
-0.489814 0.050895 0.040936
-0.475945 0.037096 -0.016900
-0.550506 0.118199 0.053133
-0.531159 0.089244 -0.036754
-0.464676 0.010419 0.057373
-0.574901 0.134850 0.002973
-0.435148 -0.009986 -0.021377
-0.531370 0.098456 -0.002181
-0.483948 0.046384 -0.029695
-0.541440 0.109409 0.007297
-0.490225 0.051508 0.035561
-0.440427 -0.002363 -0.021561
-0.498834 0.048449 0.058994
-0.474715 0.034635 0.021044
-0.480862 0.028422 0.058771
-0.578082 0.138646 -0.005742
-0.510657 0.064394 -0.037330
-0.469695 0.017528 0.004643
-0.556003 0.125745 0.003716
-0.477289 0.025347 0.027149
-0.469292 0.016397 0.028419
-0.499924 0.050685 0.023439
-0.535479 0.090676 0.011013
-0.512314 0.063744 0.049625
-0.453401 -0.001565 0.058114
-0.446889 -0.007472 -0.010046
-0.501423 0.054130 -0.038374
-0.492652 0.043923 -0.023373
-0.457679 0.005112 -0.029428
-0.578623 0.145858 0.064940
-0.475796 0.036965 -0.018117
-0.544957 0.113524 0.000525
-0.485772 0.048321 -0.026325
-0.506056 0.068587 0.055337
-0.458500 0.015769 0.048618
-0.594728 0.168900 0.004135
-0.441261 -0.001005 -0.036446
-0.601089 0.177025 -0.031899
-0.600911 0.164323 -0.013726
-0.434946 -0.009362 -0.030840
-0.496075 0.048095 -0.035801
-0.553708 0.111407 -0.003330
-0.466988 0.013326 0.045907
-0.599416 0.161725 0.018740
-0.531686 0.097699 0.036439
-0.587600 0.147827 0.044025
-0.577399 0.138435 -0.024931
-0.481037 0.042701 -0.014412
-0.537803 0.105968 -0.014073
-0.530217 0.083519 0.055963
-0.592669 0.166293 0.015020
-0.472414 0.032710 -0.001241
-0.579832 0.150876 0.053593
-0.492015 0.041493 0.036527
-0.458865 0.016552 0.035534
-0.517113 0.069501 0.035425
-0.598306 0.159423 0.055787
-0.568214 0.133048 -0.034727
-0.525345 0.078734 0.033482
-0.499092 0.048921 0.052598
-0.563959 0.134386 0.011678
-0.497611 0.059852 0.031711
-0.605566 0.169222 0.063464
-0.565488 0.135538 0.030895
-0.596180 0.158020 0.022116
-0.571621 0.131610 -0.011540
-0.450681 -0.003057 -0.016584
-0.558706 0.128188 0.023579
-0.447985 -0.005714 -0.028743
-0.451101 0.009141 -0.007802
-0.595757 0.170548 -0.013300
-0.597163 0.158150 0.055781
-0.438912 -0.005415 0.025917
-0.468626 0.016467 0.058948
-0.587500 0.159239 0.059999
-0.490353 0.052880 -0.007289
-0.541971 0.109071 0.039683
-0.584043 0.145022 0.003640
-0.578228 0.150291 0.011689
-0.503313 0.068000 -0.030706
-0.463310 0.010257 0.010013
-0.586811 0.147656 0.019359
-0.521821 0.076199 -0.015079
-0.484427 0.044818 0.043461
-0.470754 0.019570 -0.025390
-0.449223 0.006763 0.002112
-0.538360 0.092653 0.053984
-0.566400 0.124462 0.034716
-0.517706 0.082165 0.034710
-0.559946 0.128739 0.052524
-0.588737 0.149077 0.044657
-0.455518 0.000676 0.041188
-0.590843 0.151649 0.036799
-0.493541 0.045334 -0.038044
-0.530526 0.085629 -0.005536
-0.557623 0.126798 0.029925
-0.602470 0.173881 0.023290
-0.557533 0.115700 -0.004334
-0.590881 0.153325 -0.020116
-0.596262 0.170098 0.021987
-0.533556 0.089801 -0.033179
-0.450706 -0.002630 -0.030478
-0.589830 0.151375 0.007029
-0.454597 0.012604 0.007322
-0.455047 0.012877 0.015295
-0.595227 0.169320 0.008858
-0.446099 0.002428 0.031806
-0.464539 0.020576 0.059070
-0.542926 0.097559 0.060379
-0.578434 0.150291 0.019682
-0.515703 0.080969 -0.001408
-0.588214 0.162027 -0.009390
-0.440406 -0.015609 0.021637
-0.496145 0.050837 0.060525
-0.459995 0.006024 0.028726
-0.605815 0.169970 -0.020016
-0.455877 0.002955 -0.024271
-0.470997 0.031380 -0.009912
-0.461183 0.021267 -0.038742
-0.511305 0.074312 0.059715
-0.573959 0.139171 0.064640
-0.481560 0.030901 -0.000496
-0.467984 0.027359 0.013159
-0.482980 0.035932 0.059830
-0.552351 0.109713 0.002965
-0.548296 0.117627 -0.012763
-0.518475 0.070744 0.045038
-0.487157 0.037584 -0.015931
-0.576274 0.136369 0.003386
-0.505444 0.058121 -0.021255
-0.476402 0.037451 -0.011525
-0.468484 0.016248 0.002224
-0.495005 0.046911 -0.036109
-0.549107 0.107410 -0.035890
-0.601046 0.162291 0.062293
-0.461821 0.008871 0.000429
-0.519452 0.073369 -0.008472
-0.454616 0.001048 -0.006797
-0.531469 0.096716 0.062299
-0.457355 0.016720 -0.028948
-0.603601 0.166687 0.008378
-0.498310 0.054460 -0.038394
-0.505880 0.068982 0.034754
-0.509015 0.072579 0.031181
-0.544884 0.100132 0.046788
-0.602521 0.164471 0.043646
-0.445785 0.002085 0.031551
-0.440675 -0.001681 -0.035659
-0.536192 0.094129 0.062558
-0.471397 0.032152 -0.021261
-0.547157 0.116739 -0.026064
-0.522832 0.075983 0.031713
-0.572171 0.144058 -0.006388
-0.487896 0.037401 0.019118
-0.488657 0.039519 -0.025101
-0.499559 0.063342 -0.014235
-0.490783 0.040093 0.037458
-0.487395 0.037951 -0.019464
-0.561508 0.118586 0.049463
-0.511507 0.070799 0.061435
-0.508766 0.059866 0.046937
-0.587668 0.147578 0.055355
-0.533852 0.099716 0.050283
-0.531649 0.098814 -0.003814
-0.441326 -0.000815 -0.040571
-0.554837 0.122792 0.061320
-0.594456 0.167413 0.045365
-0.444832 0.002698 -0.026773
-0.599863 0.174538 0.007136
-0.586711 0.147585 0.017914
-0.569005 0.128108 0.008875
-0.525823 0.080702 -0.016508
-0.586023 0.146543 0.027545
-0.497055 0.058425 0.059798
-0.585101 0.156456 0.063824
-0.478309 0.026414 0.029607
-0.478790 0.027940 -0.004905
-0.498827 0.063142 -0.035708
-0.436197 -0.014553 0.056162
-0.443603 0.001619 -0.036910
-0.574996 0.135875 -0.029019
-0.547644 0.103902 0.022639
-0.455390 0.002363 -0.022527
-0.512271 0.063901 0.042520
-0.507323 0.060076 -0.016390
-0.577473 0.136583 0.042487
-0.597418 0.171769 0.008640
-0.538884 0.094420 0.012792
-0.551314 0.109616 -0.033887
-0.549435 0.104769 0.061966
-0.520332 0.073906 0.006990
-0.482475 0.044028 -0.004814
-0.573193 0.136339 0.064523
-0.495743 0.047163 -0.016227
-0.457835 0.007685 0.058512
-0.444664 -0.010586 0.011994
-0.449418 0.007603 -0.019592
-0.474005 0.034685 -0.008241
-0.529576 0.096295 0.003439
-0.538110 0.094099 -0.006080
-0.514025 0.067133 -0.001983
-0.520891 0.075286 -0.019367
-0.469526 0.017822 -0.012178
-0.550870 0.119150 0.034118
-0.501907 0.052753 0.028406
-0.550718 0.119916 0.001574
-0.550717 0.106394 0.055174
-0.462603 0.009272 0.016849
-0.437769 -0.014559 0.026089
-0.537328 0.091426 0.062464
-0.513701 0.066031 0.023838
-0.488478 0.049105 0.051431
-0.520747 0.085362 0.041448
-0.483928 0.044764 0.025974
-0.445109 -0.009224 -0.018114
-0.597075 0.159861 0.065647
-0.510930 0.071873 -0.037607
-0.549802 0.107003 -0.001598
-0.589636 0.151784 -0.014745
-0.557118 0.114200 0.031776
-0.559758 0.130127 -0.003120
-0.440588 -0.004123 0.046019
-0.495762 0.057987 0.024867
-0.594286 0.166686 0.064093
-0.553567 0.123717 -0.020191
-0.580025 0.151336 0.045054
-0.555010 0.111891 0.030360
-0.444953 -0.009759 -0.005579
-0.468546 0.028199 0.005730
-0.504222 0.056684 -0.018603
-0.443883 0.001735 -0.030079
-0.583986 0.157171 -0.004392
-0.606182 0.168282 0.053026
-0.454138 0.012071 0.008047
-0.505593 0.070207 -0.019075
-0.527456 0.095069 -0.036200
-0.470882 0.019726 -0.025803
-0.544656 0.101436 -0.007488
-0.471245 0.017700 0.058838
-0.500157 0.051711 -0.003222
-0.446668 0.002852 0.039116
-0.440459 -0.003405 0.015992
-0.518638 0.084591 -0.013602
-0.557263 0.125501 0.061166
-0.600851 0.163459 0.014023
-0.573344 0.133649 -0.015630
-0.565539 0.137074 -0.020602
-0.460953 0.008002 -0.002998
-0.460870 0.008667 -0.029352
-0.556266 0.113906 0.008938
-0.445920 0.003049 0.003222
-0.447199 -0.008876 0.050885
-0.479650 0.027094 0.057962
-0.603644 0.166881 0.003278
-0.511861 0.077239 -0.020621
-0.533790 0.101540 -0.015665
-0.532018 0.098620 0.017245
-0.474532 0.022534 0.018092
-0.512489 0.065921 -0.019395
-0.538116 0.094735 -0.028038
-0.522783 0.076057 0.027227
-0.596884 0.171734 -0.010851
-0.436950 -0.007977 0.038996
-0.572653 0.144143 0.009359
-0.546794 0.114849 0.025693
-0.572049 0.140499 -0.034404
-0.525979 0.092970 -0.020395
-0.468186 0.027252 0.024722
-0.559142 0.127884 0.051107
-0.508417 0.072830 -0.000772
-0.438551 -0.005618 0.018994
-0.601900 0.164953 0.002729
-0.514965 0.067405 0.025022
-0.485239 0.035159 -0.005934
-0.437646 -0.005141 -0.032765
-0.502369 0.053025 0.036852
-0.548562 0.118374 -0.028444
-0.572991 0.140342 0.064676
-0.595126 0.169234 0.007970
-0.441955 -0.000986 -0.010202
-0.516421 0.080996 0.025554
-0.490804 0.053634 -0.016014
-0.548477 0.115660 0.062811
-0.437588 -0.011011 0.057607
-0.445801 -0.009535 0.019538
-0.499053 0.060103 0.060909
-0.508129 0.072209 0.009649
-0.603979 0.173145 0.010025
-0.473414 0.034690 -0.031348
-0.557412 0.127381 0.001473
-0.537589 0.092708 0.022118
-0.464804 0.013362 -0.040134
-0.441454 -0.001527 -0.010769
-0.529404 0.083996 0.007757
-0.434431 -0.009686 -0.013996
-0.590286 0.162400 0.058078
-0.493764 0.043103 0.048339
-0.452190 -0.001714 -0.004802
-0.571378 0.142443 0.019084
-0.506070 0.068831 0.047377
-0.527052 0.092385 0.041620
-0.592460 0.167078 -0.020435
-0.476373 0.025142 -0.001254
-0.476170 0.024574 0.010616
-0.500036 0.062625 0.029278
-0.493822 0.044968 -0.014349
-0.522524 0.075289 0.043941
-0.524158 0.089872 0.016809
-0.481314 0.042541 0.001892
-0.578567 0.137808 0.042271
-0.603019 0.171902 0.055072
-0.536698 0.103834 0.017364
-0.516180 0.067865 0.056224
-0.567347 0.138596 -0.003444
-0.538011 0.094850 0.062603
-0.589403 0.151712 -0.021269
-0.458572 0.007506 0.058511
-0.567136 0.126665 -0.013412
-0.579365 0.138517 0.048576
-0.543542 0.112925 -0.033574
-0.604273 0.167488 0.006550
-0.527088 0.093359 0.009081
-0.542681 0.111706 -0.024511
-0.573123 0.143244 0.058905
-0.518689 0.079141 0.061822
-0.595073 0.169062 0.011867
-0.568775 0.140393 -0.010616
-0.440210 -0.004417 0.041556
-0.597511 0.171203 0.032010
-0.534750 0.100513 0.057398
-0.444364 0.000560 0.029498
-0.445461 -0.010573 0.042508
-0.470885 0.031651 -0.023719
-0.573157 0.145901 -0.032304
-0.467173 0.013535 0.045805
-0.479374 0.028817 -0.012744
-0.568720 0.127597 0.015610
-0.454717 0.011484 0.050993
-0.522443 0.076365 0.003331
-0.451484 -0.003545 0.031596
-0.584308 0.158366 -0.033522
-0.539315 0.094598 0.023324
-0.546691 0.102495 0.034647
-0.434930 -0.012891 0.044952
-0.599566 0.170185 0.066069
-0.509649 0.074779 -0.020839
-0.524588 0.079120 -0.009385
-0.505799 0.069714 0.006128
-0.491374 0.041053 0.026963
-0.562145 0.133152 -0.015818
-0.435686 -0.010940 -0.011291
-0.514016 0.080036 -0.034396
-0.560405 0.118424 0.012277
-0.502391 0.053045 0.037018
-0.487571 0.036948 0.022293
-0.468264 0.016207 -0.004926
-0.463756 0.009836 0.041996
-0.545143 0.114099 -0.012303
-0.507340 0.059020 0.021063
-0.536559 0.091181 0.035342
-0.586795 0.146587 0.055964
-0.502201 0.054561 -0.023154
-0.576457 0.149544 -0.031079
-0.477657 0.038542 -0.000783
-0.472756 0.031960 0.038196
-0.584482 0.158303 -0.024556
-0.547509 0.104111 0.010084
-0.541444 0.109122 0.017484
-0.580968 0.140633 0.037093
-0.547967 0.115963 0.032425
-0.577741 0.150510 -0.014865
-0.587588 0.160785 0.009603
-0.588089 0.148666 0.033790
-0.482625 0.032354 -0.009746
-0.587372 0.161122 -0.010526
-0.518540 0.071166 0.032865
-0.515838 0.067734 0.047496
-0.517816 0.084078 -0.027631
-0.515199 0.068621 -0.008212
-0.525231 0.090290 0.043890
-0.581598 0.140701 0.059187
-0.469998 0.018516 -0.018017
-0.466077 0.013480 0.005164
-0.494138 0.055249 0.057153
-0.531926 0.088043 0.062285
-0.551357 0.108965 0.063268
-0.488363 0.037213 0.043810
-0.461899 0.019992 0.033503
-0.519599 0.085044 0.007928
-0.510288 0.063567 -0.022841
-0.585423 0.158306 0.011869
-0.584172 0.157090 0.005627
-0.524715 0.079109 -0.004036
-0.463013 0.009134 0.037555
-0.505747 0.068707 0.039158
-0.548249 0.117916 -0.024658
-0.601000 0.162204 0.063545
-0.441499 -0.001610 -0.006121
-0.593203 0.153578 0.061237
-0.467622 0.026888 0.015502
-0.503376 0.054641 0.019677
-0.444528 -0.007495 0.057805
-0.452515 0.009375 0.038920
-0.499900 0.052019 -0.023972
-0.448325 0.004526 0.045143
-0.555054 0.122985 0.062999
-0.599878 0.175013 -0.008810
-0.526810 0.080770 0.019428
-0.585497 0.147047 -0.010469
-0.438160 -0.012505 -0.025366
-0.552323 0.120102 0.057396
-0.528117 0.095336 -0.019811
-0.590737 0.157761 0.065509
-0.534047 0.089071 0.011280
-0.605888 0.172938 -0.022219
-0.501049 0.064934 -0.011838
-0.584165 0.143914 0.046935
-0.595645 0.157447 0.021311
-0.546270 0.101405 0.056289
-0.555701 0.124627 0.030953
-0.599112 0.160501 0.049551
-0.550420 0.118768 0.029960
-0.525688 0.092962 -0.031419
-0.439452 -0.014815 -0.000765
-0.457801 0.003979 0.014742
-0.571238 0.131809 -0.033356
-0.521700 0.075889 -0.008979
-0.458175 0.015773 0.035838
-0.564190 0.134974 0.000134
-0.550096 0.119241 0.000896
-0.480544 0.028587 0.040707
-0.486751 0.047006 0.057468
-0.516846 0.069960 0.009106
-0.472681 0.031304 0.058126
-0.530147 0.097882 -0.029667
-0.587434 0.148999 -0.003253
-0.547142 0.110733 -0.035779
-0.504039 0.068604 -0.023582
-0.537222 0.104532 0.013409
-0.443993 -0.011561 0.019921
-0.459295 0.016597 0.050631
-0.470650 0.019611 -0.030806
-0.597653 0.158628 0.058147
-0.595286 0.156781 0.030565
-0.577418 0.150178 -0.015855
-0.551142 0.120221 0.007392
-0.488028 0.050433 -0.012327
-0.502095 0.066661 -0.031386
-0.534562 0.088477 0.051987
-0.513995 0.077307 0.059838
-0.479897 0.028818 0.007513
-0.566526 0.125384 0.007482
-0.542456 0.097818 0.033113
-0.504152 0.066581 0.051289
-0.487909 0.048295 0.057522
-0.591186 0.163326 0.060760
-0.535989 0.090913 0.022556
-0.526203 0.091354 0.044592
-0.435299 -0.009958 0.043902
-0.549797 0.107720 -0.026734
-0.566985 0.137619 0.016518
-0.475305 0.035231 0.023175
-0.564740 0.121983 0.056618
-0.597189 0.159147 0.022037
-0.477412 0.037748 0.017350
-0.448763 -0.005050 -0.021650
-0.585721 0.158302 0.023556
-0.463855 0.020077 -0.040033
-0.475621 0.022863 0.048923
-0.471227 0.018805 0.019638
-0.554091 0.122601 0.039004
-0.522474 0.088178 0.010413
-0.580107 0.140645 0.003272
-0.437053 -0.012194 -0.010740
-0.473422 0.020386 0.049798
-0.474113 0.035128 -0.019457
-0.436052 -0.012830 0.022113
-0.597332 0.160290 -0.012191
-0.533291 0.100127 0.014222
-0.587778 0.148394 0.031173
-0.603203 0.171587 0.058261
-0.471453 0.031092 0.017843
-0.534400 0.088224 0.054475
-0.533591 0.101699 -0.028910
-0.568035 0.126007 0.044426
-0.606414 0.170463 -0.013962
-0.550262 0.118000 0.050574
-0.440920 -0.004077 0.057309
-0.545144 0.100032 0.060371
-0.562973 0.134563 -0.032816
-0.446881 -0.007666 -0.003606
-0.570908 0.129477 0.035065
-0.590135 0.162181 0.059861
-0.536628 0.103677 0.020123
-0.569001 0.128052 0.010677
-0.469098 0.015996 0.034826
-0.459372 0.016933 0.041932
-0.457105 0.002626 0.034857
-0.464371 0.022604 0.038466
-0.437081 -0.012699 -0.000468
-0.511789 0.065571 -0.034356
-0.567246 0.126358 0.001528
-0.473128 0.034396 -0.032226
-0.452024 0.010884 -0.032686
-0.535763 0.099715 -0.036307
-0.467387 0.026453 0.021510
-0.456938 0.016492 -0.037212
-0.485224 0.047152 -0.006909
-0.491050 0.039884 0.055133
-0.468539 0.016798 -0.014796
-0.549219 0.117328 0.033490
-0.588347 0.161988 -0.002841
-0.527834 0.094226 0.007847
-0.502616 0.054256 0.003546
-0.546040 0.102884 -0.004196
-0.534300 0.089742 -0.002236
-0.569672 0.129333 -0.007905
-0.475769 0.037139 -0.025240
-0.562158 0.131984 0.025379
-0.532447 0.088188 -0.020101
-0.602885 0.173428 0.024993
-0.594944 0.170098 -0.029174
-0.519582 0.072653 0.021511
-0.572521 0.142488 0.061867
-0.553778 0.123796 -0.014780
-0.520227 0.085949 0.000797
-0.541137 0.097773 -0.016552
-0.556156 0.124718 0.045429
-0.459601 0.007259 -0.029609
-0.476272 0.030585 0.059563
-0.495801 0.045405 0.047242
-0.517374 0.069911 0.031297
-0.452111 0.008756 0.044797
-0.464059 0.024383 -0.035601
-0.487878 0.050077 -0.005746
-0.578678 0.139545 -0.013917
-0.582806 0.155822 -0.003256
-0.519952 0.072344 0.046635
-0.575398 0.146492 0.034114
-0.549292 0.106556 -0.005827
-0.526719 0.081409 -0.006323
-0.541742 0.110401 -0.015532
-0.598776 0.162440 -0.031043
-0.531829 0.096960 0.062629
-0.604306 0.167987 -0.009522
-0.559699 0.117261 0.025387
-0.449411 -0.004717 -0.008086
-0.546654 0.103548 -0.003480
-0.531551 0.086946 -0.011611
-0.458501 0.018301 -0.039546
-0.511709 0.074896 -0.037483
-0.482731 0.030586 0.055959
-0.550720 0.119129 0.029058
-0.595230 0.156840 0.026312
-0.450237 -0.004105 0.002669
-0.476306 0.024400 0.021946
-0.485652 0.036436 -0.034392
-0.473717 0.022027 0.004106
-0.483958 0.045435 0.003756
-0.437850 -0.011637 -0.037972
-0.583057 0.144915 -0.030944
-0.485799 0.033997 0.056267
-0.524166 0.089411 0.033172
-0.530471 0.085731 -0.011207
-0.534612 0.100702 0.045462
-0.474438 0.034070 0.029985
-0.477488 0.026514 -0.005779
-0.449996 -0.003296 -0.034856
-0.478629 0.026918 0.024470
-0.536446 0.104920 -0.030235
-0.461999 0.007464 0.056386
-0.553002 0.110221 0.010580
-0.436278 -0.010552 -0.030979
-0.601280 0.176110 -0.001536
-0.461309 0.008369 -0.001943
-0.522753 0.087883 0.031532
-0.579826 0.153326 -0.031977
-0.442131 -0.001460 0.013147
-0.533122 0.087352 0.035234
-0.448491 0.005232 0.026985
-0.458124 0.005314 -0.019189
-0.535877 0.104137 -0.025046
-0.498743 0.049591 0.015666
-0.442292 -0.000849 -0.001867
-0.513221 0.077122 0.036258
-0.552910 0.113047 -0.035638
-0.454509 0.000693 0.001400
-0.442677 -0.012858 0.014000
-0.520982 0.087464 -0.022639
-0.513744 0.078946 -0.006966
-0.472312 0.019041 0.053557
-0.508685 0.071622 0.051727
-0.536076 0.090775 0.030724
-0.530041 0.085610 -0.023685
-0.564868 0.124305 -0.019273
-0.492551 0.043754 -0.021418
-0.511977 0.077720 -0.032902
-0.439744 -0.014169 -0.020215
-0.451995 0.010203 -0.010058
-0.526727 0.079838 0.048686
-0.440225 -0.013962 -0.033879
-0.462557 0.010219 -0.017923
-0.518039 0.082852 0.023738
-0.570573 0.141100 0.034604
-0.446656 0.003208 0.026260
-0.510058 0.073423 0.042250
-0.447385 -0.007104 -0.003609
-0.541049 0.096667 0.018550
-0.554682 0.111970 0.014864
-0.504973 0.055270 0.059802
-0.533669 0.088562 0.014329
-0.549561 0.118526 0.005067
-0.554702 0.111635 0.027343
-0.578647 0.139094 0.000623
-0.454154 0.001080 -0.025861
-0.434702 -0.009819 0.015883
-0.540956 0.108080 0.034818
-0.547401 0.115778 0.016918
-0.498564 0.048808 0.035991
-0.567603 0.127533 -0.025559
-0.600219 0.174515 0.021785
-0.486497 0.049381 -0.035102
-0.594874 0.168721 0.016031
-0.544838 0.112864 0.018890
-0.540776 0.107597 0.044643
-0.536678 0.093251 -0.032140
-0.440260 -0.014758 -0.013669
-0.441284 -0.014566 0.019393
-0.479973 0.027641 0.051453
-0.533066 0.100990 -0.024625
-0.558217 0.114729 0.055999
-0.506309 0.058563 -0.003051
-0.563795 0.133023 0.052754
-0.525233 0.090222 0.046316
-0.605450 0.170401 0.040478
-0.553510 0.122284 0.027493
-0.447978 0.003890 0.053844
-0.497434 0.048857 -0.009552
-0.477745 0.027321 -0.023897
-0.503751 0.055353 0.009417
-0.489023 0.050179 0.035176
-0.595947 0.158871 -0.016545
-0.529734 0.083875 0.024831
-0.571026 0.133213 -0.034695
-0.522851 0.081082 0.061934
-0.573476 0.145724 -0.013724
-0.604363 0.167471 0.010683
-0.513565 0.078858 -0.010843
-0.594417 0.167222 0.050517
-0.436429 -0.007163 -0.009574
-0.501699 0.064297 0.035603
-0.436664 -0.013645 0.027786
-0.438678 -0.005168 0.008259
-0.437117 -0.012311 -0.009454
-0.546676 0.103491 -0.000609
-0.551022 0.118728 0.054752
-0.533764 0.088973 0.003709
-0.570599 0.140411 0.059605
-0.595796 0.170118 0.003180
-0.500088 0.062056 0.051076
-0.486010 0.035255 0.020652
-0.460053 0.017385 0.052605
-0.547434 0.115343 0.033328
-0.605747 0.170359 -0.032947
-0.447107 0.002833 0.056806
-0.561260 0.118567 0.040487
-0.445294 -0.009623 0.002957
-0.473576 0.033023 0.032979
-0.556115 0.114857 -0.030040
-0.606207 0.169599 0.008099
-0.519205 0.072777 0.002557
-0.550553 0.118659 0.038941
-0.574590 0.134718 -0.004515
-0.447269 -0.008707 0.047723
-0.585284 0.157876 0.021441
-0.577709 0.150551 -0.017497
-0.597513 0.158404 0.060522
-0.458380 0.006156 -0.038579
-0.497304 0.046972 0.060385
-0.490212 0.039717 0.028360
-0.515642 0.069125 -0.008567
-0.472236 0.032027 0.015642
-0.441204 -0.013839 -0.008989
-0.509564 0.062231 -0.004445
-0.479335 0.039673 0.024965
-0.506873 0.070746 0.011842
-0.548020 0.116566 0.013475
-0.450568 0.006845 0.051446
-0.586374 0.147658 0.002332
-0.487192 0.049990 -0.029311
-0.464112 0.010306 0.058669
-0.544527 0.113651 -0.020600
-0.485521 0.046965 0.011183
-0.536183 0.102396 0.047453
-0.571072 0.131255 -0.020458
-0.588226 0.160604 0.040662
-0.520486 0.072512 0.061506
-0.575687 0.135030 0.027214
-0.449672 -0.006167 0.052549
-0.569602 0.128755 0.009551
-0.551881 0.120171 0.037818
-0.564138 0.123904 -0.033627
-0.473149 0.032911 0.020328
-0.538568 0.095392 -0.033341
-0.472532 0.032836 -0.001030
-0.507148 0.058338 0.037350
-0.469985 0.029725 0.008433
-0.586031 0.158531 0.027614
-0.488653 0.050317 0.015997
-0.447601 0.004381 0.022091
-0.495113 0.044980 0.035365
-0.478047 0.039075 -0.004216
-0.492250 0.046369 0.060317
-0.597179 0.171921 -0.005929
-0.468739 0.014930 0.058021
-0.465591 0.013151 -0.002261
-0.518114 0.083174 -0.037105
-0.529425 0.096174 0.001776
-0.598712 0.161333 0.005031
-0.551085 0.120432 -0.002162
-0.558461 0.124920 0.063949
-0.450220 0.007812 0.004297
-0.571625 0.143168 0.003394
-0.564403 0.121537 0.059073
-0.466977 0.025332 0.044628
-0.445460 -0.009859 0.017590
-0.511327 0.063496 0.019949
-0.478196 0.025508 0.056765
-0.445253 0.002660 -0.009105
-0.466056 0.024293 0.045071
-0.591923 0.153127 0.027283
-0.517553 0.070481 0.018391
-0.480902 0.028566 0.055316
-0.537682 0.093291 0.005418
-0.482908 0.045397 -0.035687
-0.534569 0.088807 0.040751
-0.578573 0.149431 0.055025
-0.555538 0.112794 0.019400
-0.530321 0.095770 0.050658
-0.499393 0.063030 -0.009838
-0.558460 0.114973 0.056936
-0.436803 -0.012785 0.006702
-0.512523 0.066101 -0.024363
-0.526729 0.092507 0.024836
-0.594830 0.168213 0.032019
-0.510695 0.076194 -0.029510
-0.551983 0.110013 -0.021761
-0.560009 0.117566 0.026806
-0.442596 0.000404 -0.033691
-0.497931 0.048680 0.015903
-0.555113 0.123451 0.049103
-0.470399 0.030834 -0.014131
-0.553151 0.121286 0.048310
-0.443358 -0.000635 0.032097
-0.540649 0.108478 0.009006
-0.481340 0.029022 0.056428
-0.540626 0.095959 0.026794
-0.452190 -0.000865 -0.034368
-0.516058 0.080924 0.013981
-0.555251 0.113086 -0.001879
-0.553786 0.110012 0.048291
-0.527318 0.094262 -0.013423
-0.493350 0.055767 0.008551
-0.461091 0.020185 -0.004601
-0.435018 -0.008570 -0.015346
-0.549197 0.118558 -0.010207
-0.539142 0.093988 0.037869
-0.571629 0.143521 -0.008738
-0.459120 0.004570 0.045381
-0.437819 -0.015976 0.055446
-0.532276 0.087037 0.013386
-0.511500 0.074608 0.056996
-0.470399 0.017032 0.049267
-0.456083 0.015137 -0.023213
-0.600076 0.175579 -0.020860
-0.443185 -0.012131 0.008446
-0.441887 -0.001277 -0.002664
-0.539165 0.106556 0.018354
-0.515227 0.079370 0.035801
-0.493723 0.043774 0.023404
-0.586447 0.148520 -0.024895
-0.502034 0.066368 -0.023507
-0.484423 0.034660 -0.020257
-0.473965 0.035084 -0.023719
-0.444992 0.000530 -0.040958
-0.452118 0.010787 -0.025641
-0.573497 0.133013 0.012465
-0.577206 0.148480 0.035071
-0.568406 0.138951 0.025311
-0.526838 0.092700 0.022328
-0.542218 0.109953 0.018573
-0.513275 0.066655 -0.014445
-0.478054 0.026324 0.022845
-0.575545 0.134758 0.031189
-0.575890 0.135683 0.012342
-0.545157 0.113586 0.006134
-0.590377 0.164423 -0.008832
-0.497265 0.048646 -0.008775
-0.492366 0.041608 0.046154
-0.562112 0.125800 0.064016
-0.464409 0.024240 -0.017041
-0.517676 0.082550 0.020137
-0.562994 0.133759 -0.003964
-0.451959 0.010165 -0.010152
-0.602685 0.174718 0.001253
-0.471489 0.020472 -0.028243
-0.569459 0.127416 0.050601
-0.543739 0.111071 -0.035796
-0.565394 0.123851 0.016952
-0.523306 0.078029 -0.021142
-0.562187 0.131308 0.050080
-0.454326 -0.000820 0.047013
-0.564382 0.125808 0.064037
-0.602931 0.173165 0.029739
-0.513271 0.078724 -0.017591
-0.543953 0.111233 0.041317
-0.536618 0.091069 0.041517
-0.443316 -0.000624 -0.041018
-0.521915 0.087503 0.012244
-0.598748 0.161391 0.004404
-0.455986 0.004083 0.058356
-0.477401 0.036446 0.059800
-0.598562 0.161705 -0.013752
-0.576246 0.135803 0.022016
-0.553552 0.110505 0.022030
-0.494333 0.057942 -0.029070
-0.550338 0.106640 0.031864
-0.536621 0.090835 0.049787
-0.500135 0.062228 0.046959
-0.439263 -0.004741 0.016079
-0.435026 -0.009856 -0.021806
-0.502272 0.064363 0.055559
-0.509007 0.072791 0.023508
-0.568904 0.139324 0.031638
-0.453962 0.011127 0.034100
-0.580432 0.140019 0.037667
-0.441650 -0.002753 0.039516
-0.452494 0.009498 0.033861
-0.571044 0.142730 -0.003908
-0.504756 0.068186 0.018818
-0.501986 0.065279 0.012534
-0.587571 0.148664 0.013755
-0.518775 0.085021 -0.023231
-0.523399 0.089130 0.013142
-0.438331 -0.013817 -0.000570
-0.474581 0.024182 -0.037400
-0.469309 0.028701 0.017820
-0.483811 0.043897 0.051617
-0.523060 0.087795 0.046505
-0.535047 0.091330 -0.028545
-0.577665 0.150354 -0.012348
-0.471631 0.023673 -0.039824
-0.521887 0.074581 0.043867
-0.519285 0.073925 -0.034307
-0.565165 0.135645 0.014616
-0.598619 0.169460 0.066033
-0.490884 0.042160 -0.030611
-0.471658 0.031634 0.006893
-0.455993 0.000783 0.055914
-0.584538 0.156441 0.042497
-0.533745 0.088196 0.030029
-0.572261 0.142253 0.059963
-0.515771 0.068326 0.024264
-0.541806 0.109132 0.031161
-0.480541 0.028693 0.036883
-0.591903 0.153649 0.008300
-0.562355 0.120928 0.000764
-0.472356 0.020762 0.059148
-0.463852 0.023900 -0.026770
-0.599913 0.174875 -0.002647
-0.468333 0.028813 -0.023932
-0.552417 0.120478 0.047919
-0.591036 0.163541 -0.033342
-0.598107 0.171876 0.031665
-0.597506 0.160790 -0.022877
-0.594617 0.156669 0.008476
-0.530120 0.096119 0.030709
-0.469836 0.018506 -0.023917
-0.537823 0.104204 0.048170
-0.545894 0.114735 -0.005277
-0.441111 -0.003715 0.052116
-0.471059 0.018517 0.023143
-0.588214 0.160157 0.055767
-0.571026 0.133731 0.064403
-0.545629 0.113351 0.032626
-0.457797 0.003464 0.032555
-0.552716 0.110162 0.001514
-0.518189 0.083507 0.006733
-0.556427 0.126358 -0.001149
-0.491227 0.041811 -0.005157
-0.512327 0.077037 0.004482
-0.463337 0.009675 0.031308
-0.500543 0.051030 0.035447
-0.591891 0.164391 0.051069
-0.529597 0.095476 0.032769
-0.555333 0.113289 -0.005782
-0.514559 0.067173 0.017369
-0.525732 0.079551 0.020034
-0.477642 0.025106 0.049279
-0.571472 0.142874 0.007708
-0.583799 0.156862 -0.000867
-0.490121 0.038918 0.052695
-0.458264 0.016137 0.026630
-0.569827 0.134517 -0.034655
-0.466827 0.025804 -0.039785
-0.460476 0.006900 0.016893
-0.519106 0.083257 0.051068
-0.474880 0.036206 -0.027229
-0.453723 0.000066 -0.007270
-0.574789 0.147329 -0.018666
-0.577331 0.148096 0.053295
-0.545792 0.115081 -0.021267
-0.583161 0.156758 -0.022036
-0.599186 0.173898 0.003147
-0.534173 0.100954 0.019653
-0.445603 -0.009031 -0.005668
-0.485554 0.046293 0.035860
-0.533597 0.089643 -0.026102
-0.456058 0.015422 -0.034120
-0.435725 -0.012010 0.010853
-0.582148 0.148424 0.065071
-0.554153 0.123231 0.019456
-0.547098 0.103188 0.026321
-0.487084 0.037040 0.000173
-0.600995 0.164027 -0.000159
-0.512761 0.065378 0.010090
-0.541656 0.110488 -0.021876
-0.581242 0.154669 -0.023769
-0.503420 0.068244 -0.035043
-0.467777 0.027191 0.010958
-0.524976 0.079443 -0.005580
-0.590824 0.153379 -0.024175
-0.452568 -0.002430 0.034817
-0.568234 0.139470 0.000572
-0.480940 0.030035 0.005651
-0.593756 0.163992 -0.033301
-0.474098 0.026217 0.059374
-0.499487 0.051437 -0.019718
-0.500183 0.052148 -0.017447
-0.489199 0.051011 0.013039
-0.514638 0.078819 0.032148
-0.579946 0.139355 0.041944
-0.454489 -0.000002 0.024831
-0.525586 0.078329 0.056909
-0.599606 0.174166 0.010119
-0.464512 0.022192 0.058316
-0.488330 0.038568 -0.004672
-0.455627 0.002759 -0.027140
-0.489174 0.051677 -0.011118
-0.481304 0.041566 0.035496
-0.510446 0.063228 -0.004915
-0.446294 -0.009333 0.031670
-0.556651 0.115944 0.063586
-0.449375 -0.006175 0.041296
-0.556403 0.123046 0.063859
-0.495824 0.046223 0.019649
-0.501413 0.052405 0.021346
-0.560711 0.119635 -0.018028
-0.606661 0.169644 0.024198
-0.440807 -0.014832 0.010155
-0.443120 -0.000954 0.033924
-0.474074 0.021646 0.031248
-0.461508 0.020119 0.013902
-0.588607 0.151613 0.065252
-0.583838 0.155433 0.050396
-0.529514 0.084624 -0.009789
-0.437234 -0.015484 0.056162
-0.491136 0.053486 0.002045
-0.509421 0.072947 0.034122
-0.600211 0.175887 -0.026330
-0.510898 0.073924 0.057441
-0.567281 0.139384 -0.033444
-0.548333 0.116445 0.029847
-0.453891 -0.000879 0.032178
-0.582305 0.142204 0.034304
-0.479260 0.028298 0.000912
-0.492247 0.043725 -0.032180
-0.489968 0.040838 -0.020140
-0.592215 0.166014 0.007099
-0.556008 0.113485 0.013597
-0.570939 0.129784 0.025598
-0.550069 0.119925 -0.023973
-0.450834 -0.002505 0.058054
-0.508578 0.061873 -0.030259
-0.445506 -0.010767 0.051008
-0.479030 0.027369 0.024296
-0.603129 0.174058 0.006847
-0.475776 0.036398 0.000840
-0.487620 0.036292 0.047032
-0.569296 0.128521 0.005783
-0.456320 0.015392 -0.022910
-0.474188 0.034982 -0.011475
-0.551765 0.122091 -0.033545
-0.453355 0.011098 0.011538
-0.572006 0.137893 -0.034505
-0.585627 0.157457 0.049378
-0.477085 0.036249 0.056860
-0.549719 0.118223 0.021713
-0.516027 0.069776 -0.016316
-0.571061 0.140957 0.058529
-0.598128 0.173231 -0.014711
-0.467128 0.013342 0.050774
-0.470615 0.029547 0.039088
-0.486994 0.048188 0.025756
-0.503300 0.054042 0.037593
-0.585441 0.158330 0.011739
-0.557180 0.127767 -0.021000
-0.508911 0.062450 -0.037399
-0.449294 -0.005074 -0.000199
-0.479817 0.039500 0.049698
-0.460769 0.006731 0.034171
-0.442566 -0.000825 0.007967
-0.581281 0.153187 0.029376
-0.496873 0.058750 0.041399
-0.552514 0.122267 -0.010611
-0.532693 0.099346 0.018187
-0.506605 0.071270 -0.016811
-0.604633 0.168508 -0.014948
-0.568495 0.126966 0.028824
-0.478555 0.040137 -0.021486
-0.523053 0.076472 0.023279
-0.522751 0.089283 -0.017329
-0.444742 0.001948 -0.004171
-0.480918 0.029859 0.010887
-0.456834 0.001870 0.050673
-0.559882 0.128994 0.041192
-0.501757 0.053939 -0.018735
-0.484487 0.045537 0.020764
-0.534094 0.088046 0.048809
-0.547813 0.104716 0.000824
-0.595581 0.168593 0.047955
-0.568570 0.128693 -0.028378
-0.557229 0.127148 0.002447
-0.601373 0.163800 0.022447
-0.481870 0.031591 -0.012446
-0.574836 0.147391 -0.019018
-0.443410 0.001393 -0.036550
-0.527087 0.080193 0.061938
-0.558983 0.129571 -0.013826
-0.478503 0.038214 0.043461
-0.438406 -0.005571 0.011734
-0.544619 0.111762 0.048779
-0.462206 0.009166 0.005135
-0.497916 0.060517 0.020354
-0.477989 0.037892 0.034737
-0.488452 0.049565 0.034368
-0.490149 0.040745 -0.009874
-0.547394 0.115010 0.043392
-0.487563 0.037230 0.012164
-0.584818 0.156497 0.051373
-0.468997 0.015197 0.058717
-0.540569 0.095094 0.054740
-0.550620 0.108349 -0.016721
-0.538256 0.092870 0.042383
-0.560906 0.125735 0.064003
-0.450566 0.009099 -0.027107
-0.493741 0.044297 0.005872
-0.497976 0.048436 0.026146
-0.495147 0.046946 -0.031805
-0.480374 0.030071 -0.017602
-0.461884 0.007963 0.034504
-0.502998 0.053247 0.053578
-0.600691 0.162925 0.026426
-0.441497 -0.001532 -0.008969
-0.552242 0.108866 0.028267
-0.533616 0.099813 0.037732
-0.523564 0.089652 0.001398
-0.467010 0.025733 0.031967
-0.588324 0.149995 -0.003368
-0.469563 0.016685 0.028908
-0.514542 0.079701 -0.002286
-0.512298 0.069922 0.061408
-0.503757 0.067667 -0.001884
-0.600474 0.175455 -0.001074
-0.509820 0.063300 -0.031728
-0.554800 0.111452 0.037498
-0.517351 0.069483 0.045333
-0.572916 0.144664 0.001420
-0.555433 0.125409 -0.006684
-0.467306 0.014579 0.014635
-0.576839 0.150024 -0.032975
-0.482232 0.031295 0.011903
-0.486141 0.034738 0.043757
-0.557423 0.115387 0.002256
-0.522272 0.087746 0.017606
-0.447311 -0.007994 0.024500
-0.473616 0.034353 -0.011781
-0.587743 0.153263 0.065309
-0.484070 0.034717 -0.035914
-0.511447 0.075197 0.034440
-0.587791 0.161156 0.004556
-0.577469 0.137557 0.008414
-0.577925 0.149939 0.012153
-0.512847 0.064428 0.046485
-0.588767 0.161849 0.018270
-0.597196 0.172662 -0.031085
-0.606083 0.169051 0.057181
-0.457997 0.016125 0.016663
-0.478207 0.039783 -0.022672
-0.526442 0.091937 0.033527
-0.444823 0.000615 0.045420
-0.473512 0.021530 0.013453
-0.576985 0.138126 -0.030234
-0.444118 -0.000164 0.045145
-0.509183 0.061207 0.016445
-0.434121 -0.010613 0.020968
-0.464814 0.011076 0.039855
-0.604760 0.169047 -0.028827
-0.440461 -0.016094 0.040694
-0.488747 0.051523 -0.022388
-0.594426 0.169097 -0.014447
-0.490696 0.051805 0.043508
-0.490704 0.052836 0.007920
-0.559447 0.116513 0.041626
-0.590938 0.151342 0.051226
-0.454155 0.012352 -0.001064
-0.447381 -0.007193 -0.000679
-0.579373 0.139073 0.029518
-0.472374 0.033233 -0.020968
-0.532016 0.085708 0.049574
-0.454295 0.012608 -0.004576
-0.588370 0.149914 0.001264
-0.438886 -0.015346 0.021461
-0.578555 0.151526 -0.018660
-0.442055 -0.012696 -0.015780
-0.527822 0.093471 0.033703
-0.441639 -0.003572 0.057931
-0.510486 0.063340 -0.007265
-0.500984 0.064902 -0.013227
-0.563804 0.135415 -0.030183
-0.516742 0.070356 -0.008724
-0.516233 0.076994 -0.037361
-0.460204 0.018131 0.032501
-0.454871 0.013871 -0.026185
-0.533094 0.087091 0.043233
-0.492312 0.054193 0.023047
-0.557057 0.126169 0.029883
-0.488287 0.044867 0.060223
-0.558276 0.126574 0.063095
-0.508159 0.071209 0.045653
-0.501676 0.053809 -0.017343
-0.528562 0.084244 -0.033564
-0.441815 -0.001418 -0.000533
-0.535933 0.103985 -0.017576
-0.585513 0.146828 -0.002221
-0.525793 0.091178 0.034781
-0.586499 0.153565 -0.033769
-0.481256 0.041712 0.028506
-0.511593 0.077287 -0.032733
-0.474443 0.034587 0.012151
-0.580273 0.151988 0.031962
-0.530285 0.083971 0.042862
-0.492294 0.054414 0.014680
-0.584897 0.158614 -0.019284
-0.606311 0.170801 -0.029714
-0.524539 0.091109 -0.011503
-0.575473 0.140611 0.064709
-0.559093 0.118022 -0.024656
-0.493727 0.053715 0.060614
-0.452596 0.011306 -0.025166
-0.501638 0.063682 0.054680
-0.497876 0.051184 0.060553
-0.541437 0.097567 0.002302
-0.463420 0.010102 0.019672
-0.561632 0.120476 -0.011547
-0.475845 0.036231 0.009322
-0.580187 0.151533 0.044481
-0.448255 0.006331 -0.020417
-0.446067 0.003719 -0.014395
-0.478974 0.039964 0.000823
-0.551168 0.119118 0.046813
-0.497070 0.048558 -0.013261
-0.452337 0.008880 0.049265
-0.465521 0.012351 0.022910
-0.495120 0.044556 0.050399
-0.528386 0.081900 0.041236
-0.493826 0.057167 -0.021746
-0.480633 0.041487 0.012178
-0.588467 0.148304 0.061077
-0.535938 0.091073 0.014990
-0.499697 0.051593 -0.016984
-0.590798 0.155679 -0.033649
-0.520066 0.085996 -0.007063
-0.553544 0.111919 -0.027538
-0.579568 0.151967 0.005307
-0.575696 0.134896 0.032226
-0.467082 0.015885 -0.039596
-0.553047 0.122190 0.012778
-0.454985 0.012330 0.031922
-0.520775 0.087280 -0.024280
-0.594187 0.155960 0.016488
-0.552943 0.121656 0.027345
-0.565475 0.136061 0.012171
-0.442226 -0.002988 0.057959
-0.489235 0.038850 0.020655
-0.545078 0.113908 -0.008168
-0.473872 0.023144 -0.028801
-0.449223 -0.005936 0.027062
-0.554336 0.122673 0.046001
-0.568780 0.127956 0.005470
-0.563349 0.133108 0.032497
-0.589658 0.151896 -0.017779
-0.448995 -0.005506 0.003233
-0.566366 0.128690 0.064166
-0.453160 -0.001591 0.028573
-0.563962 0.133968 0.026303
-0.497044 0.059016 0.038767
-0.573077 0.143421 0.050993
-0.587955 0.161856 -0.013449
-0.599625 0.163246 -0.026132
-0.516942 0.081655 0.022821
-0.580227 0.148188 -0.034033
-0.590996 0.152649 0.007892
-0.527582 0.093726 0.015511
-0.602550 0.164290 0.051076
-0.570342 0.128105 0.060915
-0.527354 0.087976 0.062241
-0.526300 0.092490 0.008777
-0.450584 0.009084 -0.025905
-0.598702 0.171662 0.062230
-0.514430 0.078928 0.020302
-0.549183 0.105125 0.039791
-0.535444 0.090629 0.011249
-0.483530 0.045931 -0.030132
-0.542512 0.097157 0.058322
-0.522976 0.075380 0.058306
-0.468779 0.017278 -0.022211
-0.445388 0.000897 0.057506
-0.585205 0.146229 0.006723
-0.468041 0.027577 0.007776
-0.463986 0.021702 0.054965
-0.576826 0.135987 0.038099
-0.528376 0.081776 0.045173
-0.551936 0.120061 0.043787
-0.588617 0.149191 0.036012
-0.440403 -0.002824 -0.006395
-0.454727 0.012464 0.017244
-0.572368 0.138416 0.064596
-0.578201 0.149720 0.030530
-0.492312 0.050236 -0.038611
-0.579592 0.152104 0.001476
-0.582836 0.144222 -0.015404
-0.553167 0.123157 -0.016247
-0.486186 0.046573 0.050635
-0.557723 0.115808 -0.000735
-0.532071 0.097790 0.048254
-0.477165 0.026781 -0.027619
-0.539001 0.106790 0.003805
-0.544332 0.112289 0.019257
-0.512588 0.078154 -0.024305
-0.605226 0.168692 0.001643
-0.441607 -0.014373 0.025255
-0.484245 0.033986 -0.003680
-0.539072 0.105929 0.036543
-0.603371 0.165489 0.041183
-0.512987 0.066647 -0.025341
-0.477274 0.035453 0.059760
-0.511618 0.072031 0.061483
-0.471112 0.032083 -0.029940
-0.585644 0.147610 -0.024371
-0.442632 -0.012519 0.000429
-0.451031 -0.004682 0.053589
-0.523680 0.088700 0.039050
-0.526852 0.081084 0.010134
-0.599574 0.162105 0.011601
-0.491893 0.054880 -0.017155
-0.547385 0.105156 -0.031118
-0.444400 -0.009674 -0.030008
-0.607213 0.171593 -0.022287
-0.528025 0.082808 -0.004385
-0.437923 -0.012124 -0.028963
-0.455784 0.012921 0.042372
-0.461984 0.007849 0.042388
-0.495628 0.059594 -0.036319
-0.595900 0.168460 0.064995
-0.582797 0.154983 0.025662
-0.493089 0.056356 -0.022123
-0.464906 0.023728 0.020105
-0.489055 0.051880 -0.022834
-0.541471 0.097235 0.015177
-0.547199 0.103887 0.005893
-0.566760 0.124270 0.055409
-0.598938 0.161288 0.015398
-0.466880 0.025767 0.025765
-0.457643 0.002688 0.053589
-0.475950 0.035839 0.027089
-0.490990 0.041762 -0.012653
-0.532660 0.086400 0.050479
-0.454011 0.011266 0.031171
-0.590008 0.162279 0.051509
