ply
format ascii 1.0
element vertex 5000
property float x
property float y
property float z
end_header
-0.617977 0.131333 -0.031717
-0.591334 0.006867 -0.020377
-0.522391 -0.001135 -0.026458
-0.438138 0.173313 -0.023842
-0.488653 0.189901 -0.030611
-0.513561 0.273668 -0.032988
-0.607180 0.016956 -0.028909
-0.613880 0.064496 -0.030118
-0.636824 0.038297 -0.029954
-0.540388 0.255460 -0.033079
-0.417662 0.064248 -0.026411
-0.675256 0.213624 -0.030743
-0.559182 0.190901 -0.031964
-0.467364 0.020830 -0.021565
-0.438503 0.033025 -0.026093
-0.674165 0.148606 -0.025166
-0.623462 0.216226 -0.033753
-0.616126 0.113830 -0.031283
-0.674082 0.193001 -0.026175
-0.574702 0.225363 -0.025038
-0.453020 0.210924 -0.028048
-0.425757 0.043758 -0.018094
-0.645003 0.069021 -0.030808
-0.664682 0.118703 -0.032310
-0.560674 0.084177 -0.029562
-0.515408 0.212697 -0.023631
-0.609489 0.221103 -0.033600
-0.681289 0.197973 -0.034428
-0.558933 0.117026 -0.030277
-0.452575 0.054454 -0.026847
-0.580011 0.093750 -0.030145
-0.487609 0.242264 -0.023780
-0.590212 0.100713 -0.022492
-0.655674 0.095661 -0.031615
-0.531968 0.265885 -0.025154
-0.488829 0.111946 -0.020836
-0.488914 0.105175 -0.020683
-0.561743 0.158642 -0.031278
-0.504733 0.107805 -0.029045
-0.519710 0.207070 -0.023584
-0.645898 0.087355 -0.031242
-0.622602 0.216823 -0.025747
-0.643468 0.041867 -0.030160
-0.458674 0.111831 -0.020264
-0.547431 0.215049 -0.024289
-0.495489 0.262118 -0.032384
-0.666571 0.128150 -0.024557
-0.542440 0.036465 -0.028132
-0.578230 0.014883 -0.020312
-0.469676 0.232157 -0.031215
-0.578062 0.152176 -0.031438
-0.605665 0.042386 -0.021456
-0.563241 0.179119 -0.031772
-0.641216 0.010082 -0.029075
-0.435186 0.156654 -0.020842
-0.469964 0.072362 -0.019579
-0.478681 0.257749 -0.023964
-0.475160 0.165874 -0.029809
-0.593302 0.117538 -0.022934
-0.656927 0.049595 -0.025670
-0.449988 0.142592 -0.020801
-0.646402 0.117180 -0.023927
-0.608326 0.019587 -0.020987
-0.676978 0.137621 -0.032973
-0.516582 0.180894 -0.022929
-0.627871 0.060843 -0.030298
-0.657410 0.071691 -0.023099
-0.501368 0.225539 -0.031662
-0.659805 0.211627 -0.026330
-0.618645 0.151061 -0.024175
-0.574216 0.111372 -0.030437
-0.493392 0.281407 -0.032784
-0.460214 0.165816 -0.021523
-0.511725 0.155097 -0.030254
-0.456151 0.127538 -0.020575
-0.550836 0.252713 -0.025210
-0.667465 0.119782 -0.032387
-0.528478 0.148834 -0.030427
-0.657350 0.196884 -0.033952
-0.517032 0.218957 -0.023804
-0.603393 0.022018 -0.028953
-0.491900 0.256178 -0.024178
-0.569258 0.195135 -0.024247
-0.557736 0.253949 -0.033372
-0.527530 0.127711 -0.021925
-0.551033 0.011570 -0.027727
-0.564279 0.112869 -0.030283
-0.536054 0.136229 -0.030283
-0.591915 0.095829 -0.022413
-0.597737 0.113199 -0.030922
-0.526113 0.165042 -0.030751
-0.493535 0.276113 -0.032666
-0.452272 0.208931 -0.023705
-0.547583 0.258311 -0.033280
-0.551373 0.124759 -0.030311
-0.642283 0.190560 -0.033524
-0.503076 0.029939 -0.019237
-0.449703 0.191017 -0.029902
-0.611480 0.214876 -0.033496
-0.538347 0.221109 -0.032259
-0.594130 0.194395 -0.024699
-0.666319 0.137626 -0.024768
-0.698677 0.202088 -0.034850
-0.485631 0.168777 -0.030073
-0.456406 0.055703 -0.018944
-0.462285 0.046687 -0.026853
-0.472278 0.157413 -0.021559
-0.561202 0.137788 -0.030793
-0.556588 -0.014625 -0.024188
-0.619520 0.047482 -0.029837
-0.522112 0.014600 -0.027251
-0.434865 0.165163 -0.027868
-0.581069 0.036179 -0.028854
-0.483926 0.288746 -0.025114
-0.590109 0.111694 -0.030744
-0.566044 0.231483 -0.025014
-0.454138 0.127516 -0.028540
-0.440497 0.035684 -0.018188
-0.528565 0.144836 -0.030338
-0.593441 0.116798 -0.022919
-0.531783 0.169770 -0.022963
-0.473493 0.164304 -0.021739
-0.601264 0.166132 -0.032194
-0.580686 0.080206 -0.029849
-0.626198 -0.016313 -0.020506
-0.667950 0.088620 -0.023683
-0.425875 0.116414 -0.027754
-0.481478 0.064742 -0.019622
-0.673035 0.119064 -0.024472
-0.444277 0.066428 -0.018959
-0.637036 0.137375 -0.032214
-0.637427 0.127555 -0.031997
-0.418691 0.078339 -0.026751
-0.617961 0.002139 -0.028775
-0.652518 0.082125 -0.023244
-0.460336 0.100192 -0.020031
-0.638881 0.190785 -0.033464
-0.471638 0.019193 -0.026403
-0.610063 0.164760 -0.032328
-0.604080 0.170843 -0.024351
-0.684568 0.120147 -0.032718
-0.466597 0.074048 -0.027557
-0.508171 0.221706 -0.031703
-0.596555 0.076219 -0.022054
-0.418893 0.077948 -0.018743
-0.423437 0.115419 -0.027685
-0.505391 0.005636 -0.025457
-0.522842 0.197488 -0.031429
-0.460048 0.189750 -0.022065
-0.472485 0.252116 -0.031723
-0.541146 0.266812 -0.030188
-0.513319 0.271115 -0.024922
-0.660644 0.062052 -0.022940
-0.543387 -0.004322 -0.027221
-0.537332 0.059638 -0.020560
-0.536371 0.087769 -0.029186
-0.427428 0.085012 -0.027068
-0.628253 0.053955 -0.022145
-0.548262 0.152406 -0.030882
-0.679099 0.105585 -0.030098
-0.623815 0.216431 -0.025761
-0.587162 0.154217 -0.023653
-0.452622 0.093562 -0.019734
-0.476394 0.177858 -0.030106
-0.500565 0.135807 -0.029604
-0.600358 0.176877 -0.024418
-0.656452 0.089942 -0.023496
-0.521886 0.172717 -0.030846
-0.569509 0.173407 -0.031760
-0.607633 0.224216 -0.025633
-0.613160 0.186817 -0.024886
-0.589568 0.214821 -0.033082
-0.529275 0.245508 -0.024640
-0.432822 0.066921 -0.018754
-0.483053 0.229417 -0.031405
-0.478509 0.147908 -0.029464
-0.531254 -0.002353 -0.027037
-0.571125 0.145039 -0.031145
-0.516414 0.143964 -0.030089
-0.617385 0.069821 -0.030305
-0.607752 0.190661 -0.032875
-0.575113 0.046061 -0.020963
-0.572998 0.088475 -0.021889
-0.568082 0.038258 -0.028656
-0.473828 0.063642 -0.027457
-0.585226 0.007356 -0.020273
-0.573017 0.164833 -0.023628
-0.547640 0.224898 -0.032520
-0.552680 0.109383 -0.029985
-0.574097 0.072914 -0.029559
-0.581994 0.016142 -0.020412
-0.564760 0.150977 -0.023157
-0.457001 0.131965 -0.020691
-0.522156 -0.000722 -0.018899
-0.522038 0.187568 -0.031187
-0.606228 0.095983 -0.030690
-0.623978 0.234018 -0.028636
-0.620775 0.169977 -0.032649
-0.499424 0.101037 -0.028791
-0.526341 0.096176 -0.029188
-0.464006 0.098045 -0.020051
-0.550746 0.006638 -0.019606
-0.624298 0.139597 -0.032024
-0.627090 0.111520 -0.023434
-0.537184 0.067224 -0.028733
-0.599561 0.110481 -0.030895
-0.395655 0.057073 -0.025833
-0.471389 0.050845 -0.019116
-0.454832 0.136521 -0.020754
-0.542584 0.098670 -0.029551
-0.488431 0.039167 -0.019171
-0.557712 0.154816 -0.023111
-0.641740 0.137335 -0.024298
-0.595723 0.056379 -0.029590
-0.558169 0.091833 -0.021686
-0.576232 0.228065 -0.025128
-0.451109 0.156061 -0.029132
-0.620900 0.174785 -0.024758
-0.540011 0.122066 -0.030035
-0.604073 0.218010 -0.033428
-0.566142 0.147044 -0.031097
-0.475393 0.088691 -0.020053
-0.657761 0.075049 -0.023182
-0.513374 0.103346 -0.021103
-0.412828 0.070114 -0.026453
-0.571276 0.110690 -0.030366
-0.608545 0.208802 -0.025299
-0.685134 0.156431 -0.025551
-0.603172 -0.032770 -0.027701
-0.544038 0.129966 -0.022287
-0.646175 0.146334 -0.032590
-0.538874 0.179733 -0.023323
-0.451597 0.159024 -0.021206
-0.508962 0.229115 -0.031887
-0.623844 0.152475 -0.024305
-0.600232 0.012905 -0.028685
-0.617459 0.079057 -0.022513
-0.527061 0.224174 -0.032116
-0.481094 0.279510 -0.024505
-0.562385 0.129889 -0.030635
-0.641495 0.145663 -0.024483
-0.528204 0.124979 -0.029879
-0.505366 0.245820 -0.032199
-0.548637 0.243839 -0.024967
-0.504260 0.200677 -0.031151
-0.616150 0.060883 -0.030078
-0.598060 -0.006666 -0.028199
-0.537402 0.167447 -0.031019
-0.570627 0.098352 -0.022069
-0.479585 0.164486 -0.029861
-0.560567 0.248767 -0.025304
-0.636227 0.217101 -0.026010
-0.537291 0.133702 -0.030249
-0.487520 0.244226 -0.031826
-0.520691 0.127989 -0.021802
-0.491484 0.208916 -0.023094
-0.610921 0.191742 -0.032959
-0.438704 0.038005 -0.018207
-0.610516 0.124883 -0.031429
-0.563874 0.202131 -0.032308
-0.568708 0.164289 -0.031538
-0.657382 0.172304 -0.025389
-0.446753 0.122779 -0.028292
-0.518847 0.045860 -0.019897
-0.586520 0.155480 -0.023670
-0.513347 0.123252 -0.021556
-0.512856 0.071359 -0.028368
-0.631330 0.091998 -0.023069
-0.508759 0.244769 -0.024236
-0.700721 0.203641 -0.026991
-0.614375 0.076123 -0.030392
-0.510109 0.218212 -0.031660
-0.585033 0.104637 -0.022484
-0.568580 0.039847 -0.028702
-0.501263 0.193990 -0.030942
-0.422034 0.095686 -0.027209
-0.424350 0.071164 -0.026695
-0.407642 0.071729 -0.018389
-0.681276 0.206033 -0.034611
-0.550025 0.188444 -0.031735
-0.539880 0.250127 -0.024945
-0.600256 0.087967 -0.030395
-0.440813 0.083215 -0.027280
-0.516240 0.163263 -0.022521
-0.530718 0.196796 -0.031561
-0.498001 0.081810 -0.028326
-0.659560 0.058404 -0.022837
-0.477005 0.168642 -0.029907
-0.627075 0.098739 -0.031146
-0.631164 0.139409 -0.024146
-0.598280 0.179928 -0.024448
-0.581514 0.098752 -0.022284
-0.494919 0.284622 -0.024882
-0.502735 0.173203 -0.022493
-0.503194 0.156366 -0.022118
-0.647589 0.166754 -0.033082
-0.575095 0.074565 -0.021612
-0.566947 0.209238 -0.032528
-0.616995 0.101402 -0.031017
-0.461521 0.214015 -0.030648
-0.510260 0.128638 -0.029624
-0.553586 -0.011980 -0.027239
-0.555168 -0.014000 -0.022155
-0.565201 0.121981 -0.030508
-0.676418 0.106160 -0.032246
-0.409393 0.065910 -0.026293
-0.487246 0.021208 -0.026744
-0.653290 0.199049 -0.033924
-0.524152 0.114223 -0.029557
-0.533200 0.241300 -0.024618
-0.498110 0.075633 -0.020184
-0.549338 0.126827 -0.022316
-0.598123 0.070233 -0.029951
-0.409244 0.077666 -0.018554
-0.540922 0.051594 -0.028448
-0.594387 0.053384 -0.021493
-0.661687 0.152916 -0.033032
-0.464167 0.037991 -0.018687
-0.674038 0.160728 -0.025440
-0.601537 0.186443 -0.032661
-0.491546 0.033796 -0.027111
-0.469087 0.166712 -0.021710
-0.555392 0.176523 -0.031565
-0.621164 -0.035620 -0.019972
-0.646774 0.087749 -0.031267
-0.612449 0.236895 -0.026012
-0.641018 0.163573 -0.024882
-0.557427 0.028866 -0.028242
-0.628600 0.179778 -0.025016
-0.470190 0.107854 -0.020391
-0.607501 0.155656 -0.032073
-0.534485 0.075946 -0.020877
-0.571208 0.236427 -0.025224
-0.436294 0.168759 -0.027598
-0.610133 0.118411 -0.023271
-0.609839 0.234174 -0.033905
-0.536955 0.191036 -0.031548
-0.653856 0.050509 -0.030553
-0.479330 0.057592 -0.019419
-0.505419 0.008650 -0.026800
-0.511893 0.278392 -0.030775
-0.579058 0.070118 -0.029589
-0.471172 0.023703 -0.026497
-0.506327 0.086976 -0.028601
-0.639985 0.156264 -0.032699
-0.573971 0.076102 -0.021626
-0.611275 0.073307 -0.022266
-0.574148 -0.019873 -0.027447
-0.432668 0.084473 -0.019151
-0.470237 0.211933 -0.030765
-0.530633 0.143717 -0.030351
-0.487278 0.063781 -0.019710
-0.580994 0.121587 -0.030797
-0.511760 0.043848 -0.027721
-0.492062 0.051027 -0.019510
-0.689632 0.197363 -0.026568
-0.648444 0.137981 -0.032443
-0.550257 0.202884 -0.032068
-0.667804 0.181910 -0.025804
-0.659555 0.140371 -0.024703
-0.482087 0.127197 -0.029059
-0.648134 0.099516 -0.031561
-0.410868 0.065556 -0.018309
-0.612252 0.012109 -0.020891
-0.563768 0.033417 -0.020461
-0.451266 0.206397 -0.023773
-0.525293 0.108338 -0.029445
-0.602341 -0.020773 -0.019955
-0.478267 0.125192 -0.028942
-0.543738 0.098286 -0.021560
-0.475250 0.161030 -0.021697
-0.507083 0.201249 -0.023213
-0.669995 0.134553 -0.024768
-0.491807 0.011992 -0.026620
-0.542978 0.054924 -0.028562
-0.646626 0.150909 -0.032703
-0.565643 0.105949 -0.022148
-0.510167 0.147278 -0.022043
-0.613181 0.225647 -0.025770
-0.465745 0.089588 -0.019891
-0.558591 -0.015377 -0.022818
-0.470329 0.061665 -0.019342
-0.644874 0.223509 -0.034323
-0.633183 0.123041 -0.023811
-0.518729 0.137907 -0.029994
-0.656357 0.186185 -0.033689
-0.456198 0.138396 -0.020823
-0.590282 0.246061 -0.025803
-0.552532 0.224467 -0.032603
-0.580322 0.024327 -0.028570
-0.502011 0.232223 -0.031827
-0.493862 0.078847 -0.028181
-0.549703 0.037390 -0.028290
-0.495768 0.137475 -0.029551
-0.482417 0.221538 -0.031214
-0.600935 0.113269 -0.022980
-0.693412 0.182426 -0.034303
-0.493665 0.050979 -0.019539
-0.606364 0.180183 -0.024606
-0.500611 0.142557 -0.021755
-0.509488 0.036710 -0.019512
-0.534114 0.145960 -0.030468
-0.479525 0.075582 -0.019832
-0.580231 0.251430 -0.026402
-0.521021 0.205333 -0.023569
-0.429742 0.105680 -0.027582
-0.507772 0.043009 -0.019624
-0.495260 0.117978 -0.029098
-0.629004 0.001635 -0.020968
-0.599707 0.032175 -0.029114
-0.577416 0.219668 -0.032963
-0.573936 0.064117 -0.029356
-0.494532 0.236695 -0.031787
-0.651118 0.145152 -0.032656
-0.470694 0.179549 -0.030037
-0.633689 0.170665 -0.032908
-0.586338 0.201765 -0.032724
-0.533085 0.229329 -0.032347
-0.597060 0.124036 -0.031156
-0.655269 0.208603 -0.026176
-0.551352 0.242997 -0.024999
-0.528682 0.056418 -0.020323
-0.507270 0.120396 -0.029380
-0.542511 0.044313 -0.020308
-0.620870 0.046513 -0.029840
-0.580356 0.094903 -0.030178
-0.639803 0.154830 -0.032663
-0.662908 0.103478 -0.031930
-0.576575 0.107328 -0.022386
-0.655854 0.140514 -0.032640
-0.532164 0.122769 -0.021900
-0.466701 0.041718 -0.026823
-0.484194 0.050127 -0.027344
-0.673853 0.118493 -0.032478
-0.681224 0.178686 -0.033988
-0.449343 0.186031 -0.021778
-0.601418 0.206831 -0.025120
-0.405439 0.047581 -0.017798
-0.627495 -0.018254 -0.020487
-0.537769 0.068312 -0.028769
-0.570060 -0.018843 -0.027394
-0.536810 0.077211 -0.020950
-0.475478 0.163201 -0.029755
-0.604357 0.016473 -0.028845
-0.598395 0.093866 -0.030494
-0.553489 0.196099 -0.031975
-0.427019 0.129839 -0.020077
-0.479623 0.256890 -0.023962
-0.589856 0.141276 -0.023409
-0.430694 0.045785 -0.018233
-0.592811 0.052488 -0.029447
-0.457717 0.130701 -0.028680
-0.610746 0.069577 -0.030174
-0.628398 0.166136 -0.024702
-0.516379 0.075819 -0.028536
-0.636943 0.147594 -0.032445
-0.496318 0.232429 -0.031724
-0.475979 0.105268 -0.020441
-0.640142 0.133599 -0.024183
-0.554515 0.132118 -0.030538
-0.490118 0.185920 -0.030548
-0.663941 0.067230 -0.023948
-0.656819 0.106140 -0.023872
-0.615785 0.015840 -0.029046
-0.533593 0.132137 -0.030143
-0.448445 0.030442 -0.026222
-0.481456 0.054283 -0.019384
-0.421493 0.058749 -0.018355
-0.418527 0.076884 -0.018712
-0.597146 0.183928 -0.032521
-0.635736 0.122896 -0.023856
-0.658632 0.139501 -0.024666
-0.624477 0.069517 -0.030432
-0.472724 0.068107 -0.019534
-0.627354 0.065636 -0.022394
-0.517285 0.171231 -0.030726
-0.484273 0.231359 -0.031472
-0.579295 0.166031 -0.023774
-0.587095 0.083537 -0.022042
-0.669169 0.100183 -0.023969
-0.441329 0.105802 -0.019800
-0.547792 0.046872 -0.028470
-0.480719 0.164268 -0.021874
-0.569787 0.160340 -0.023465
-0.632368 0.087944 -0.031000
-0.640083 0.030526 -0.029838
-0.690664 0.181259 -0.034224
-0.468760 0.111227 -0.020441
-0.636077 0.019569 -0.029513
-0.652731 0.072689 -0.031037
-0.541074 0.249412 -0.024951
-0.492732 0.273237 -0.024582
-0.542695 0.025974 -0.027898
-0.539593 0.049736 -0.028380
-0.636882 0.031548 -0.029801
-0.403315 0.082756 -0.018558
-0.611971 0.086156 -0.030575
-0.594150 0.238848 -0.033715
-0.426765 0.108785 -0.019593
-0.581567 0.167941 -0.031863
-0.664330 0.172814 -0.025532
-0.438937 0.088410 -0.027362
-0.585648 0.201269 -0.032699
-0.650605 0.096682 -0.023540
-0.646625 0.224896 -0.033352
-0.469676 0.239194 -0.023372
-0.662023 0.128497 -0.024479
-0.555493 0.247533 -0.033184
-0.487551 0.238523 -0.031697
-0.505434 0.108892 -0.029083
-0.551251 0.068608 -0.029030
-0.424037 0.126037 -0.019935
-0.453245 0.128245 -0.028539
-0.626804 0.051917 -0.030075
-0.588367 0.118946 -0.022873
-0.534111 0.208046 -0.031881
-0.452097 0.170689 -0.021481
-0.486430 0.177252 -0.030281
-0.664697 0.215841 -0.026518
-0.536226 0.067346 -0.020714
-0.470905 0.177479 -0.021990
-0.501291 0.100841 -0.028822
-0.626645 0.082461 -0.022764
-0.551654 0.262683 -0.028964
-0.468986 0.241594 -0.023413
-0.659530 0.129500 -0.032459
-0.608751 0.061532 -0.029953
-0.486486 0.143721 -0.021515
-0.576119 0.091499 -0.030020
-0.489484 0.286615 -0.024825
-0.556037 0.137438 -0.030687
-0.500249 0.242702 -0.032032
-0.523961 0.229357 -0.032175
-0.642578 0.146780 -0.024529
-0.710383 0.194042 -0.026884
-0.558793 0.058354 -0.020935
-0.673415 0.186255 -0.026009
-0.475281 0.110494 -0.020547
-0.590594 -0.017586 -0.019806
-0.506781 0.153190 -0.030117
-0.542332 0.213696 -0.032165
-0.547123 0.258404 -0.025270
-0.655844 0.207513 -0.026162
-0.442703 0.039069 -0.026310
-0.614134 0.131100 -0.031639
-0.472476 0.028296 -0.018623
-0.629193 0.101232 -0.023239
-0.558203 0.089807 -0.029644
-0.454834 0.072231 -0.027294
-0.483745 0.102100 -0.028519
-0.493025 0.124815 -0.021208
-0.416637 0.088534 -0.018941
-0.489646 0.193292 -0.022703
-0.667516 0.092236 -0.023757
-0.664783 0.143264 -0.032871
-0.598536 0.042493 -0.021324
-0.537197 0.117964 -0.029889
-0.601375 0.138487 -0.023563
-0.596232 -0.011068 -0.028064
-0.562040 0.007362 -0.027839
-0.450748 0.050638 -0.026725
-0.477409 0.211391 -0.030888
-0.669996 0.092699 -0.023815
-0.495773 0.030798 -0.019119
-0.535847 0.100854 -0.021470
-0.625652 0.103707 -0.023229
-0.665528 0.159289 -0.033250
-0.627596 0.141561 -0.024127
-0.612060 0.176292 -0.032629
-0.404879 0.089395 -0.020056
-0.506549 0.129474 -0.021569
-0.442638 0.109887 -0.019918
-0.649399 0.061785 -0.022722
-0.496879 0.151667 -0.021892
-0.612182 0.096690 -0.022815
-0.487484 0.035687 -0.019074
-0.580952 0.188722 -0.032325
-0.512141 0.151873 -0.022185
-0.576145 0.153251 -0.023423
-0.661352 0.133181 -0.032577
-0.608902 0.083391 -0.030454
-0.533273 0.090102 -0.029180
-0.689672 0.165811 -0.025850
-0.490563 0.052003 -0.027507
-0.575481 0.094795 -0.030083
-0.617161 0.162889 -0.032420
-0.486433 0.024337 -0.026799
-0.665851 0.080300 -0.023454
-0.588372 0.021031 -0.020643
-0.538827 0.194041 -0.023648
-0.427292 0.134544 -0.028193
-0.658364 0.219088 -0.026473
-0.574189 0.187316 -0.032165
-0.498016 0.177077 -0.022492
-0.569117 0.120956 -0.030559
-0.434464 0.154907 -0.020789
-0.556323 0.098244 -0.029800
-0.636011 0.226947 -0.026230
-0.495407 0.223926 -0.031513
-0.643338 0.033857 -0.021972
-0.712511 0.198830 -0.031514
-0.668065 0.146414 -0.033005
-0.533311 0.030273 -0.027819
-0.592127 0.081664 -0.030098
-0.480619 0.086551 -0.028106
-0.458010 0.067307 -0.027242
-0.420985 0.041656 -0.017956
-0.507782 0.032945 -0.027398
-0.715076 0.197937 -0.027389
-0.556021 0.095486 -0.021728
-0.494406 0.246340 -0.024001
-0.414441 0.098114 -0.019118
-0.603916 0.033624 -0.021223
-0.648770 0.208475 -0.026050
-0.630045 0.127711 -0.031862
-0.625247 0.170640 -0.024745
-0.597477 0.033175 -0.029095
-0.657260 0.051256 -0.022631
-0.608204 0.025309 -0.021115
-0.561879 0.116824 -0.030328
-0.527755 0.000703 -0.027041
-0.533981 0.205508 -0.023818
-0.588720 0.009604 -0.020390
-0.680037 0.127074 -0.032790
-0.655922 0.166409 -0.033231
-0.546560 0.046912 -0.020444
-0.586282 0.111417 -0.030665
-0.592457 0.163039 -0.023954
-0.591684 0.220464 -0.033250
-0.612447 0.036538 -0.029454
-0.545952 0.108044 -0.021824
-0.476070 0.105055 -0.028442
-0.461439 0.232184 -0.029751
-0.595739 0.077976 -0.022079
-0.456347 0.064902 -0.019152
-0.619282 -0.020379 -0.028287
-0.427648 0.090691 -0.019198
-0.572724 0.197132 -0.024358
-0.576326 0.087846 -0.021937
-0.564556 0.063894 -0.029174
-0.560596 0.049777 -0.020774
-0.667949 0.136045 -0.024763
-0.440092 0.080771 -0.027210
-0.570514 0.190441 -0.024164
-0.539542 0.160310 -0.030897
-0.514646 0.008463 -0.026970
-0.423759 0.132571 -0.028082
-0.649756 0.127046 -0.024215
-0.480309 0.240678 -0.023606
-0.509070 0.196222 -0.023136
-0.431784 0.136296 -0.020314
-0.500423 0.105284 -0.020903
-0.489958 0.184914 -0.030522
-0.596481 0.060878 -0.021704
-0.622291 0.165753 -0.032582
-0.653190 0.218638 -0.034369
-0.479665 0.037979 -0.018979
-0.604528 0.241613 -0.032470
-0.479363 0.082184 -0.019980
-0.480699 0.162333 -0.021830
-0.557311 0.246835 -0.033202
-0.474367 0.051418 -0.019185
-0.632408 0.212389 -0.033834
-0.417562 0.101126 -0.019245
-0.681313 0.179751 -0.026010
-0.602180 0.199895 -0.024976
-0.441784 0.109893 -0.019902
-0.603031 0.065087 -0.021923
-0.598969 0.048465 -0.021468
-0.544103 0.200640 -0.023898
-0.544333 0.160338 -0.030988
-0.502868 0.270468 -0.024710
-0.609317 0.206137 -0.033256
-0.483595 0.014417 -0.020846
-0.471050 0.081423 -0.019806
-0.447751 0.197624 -0.027158
-0.594067 0.069238 -0.029852
-0.622365 -0.007569 -0.020633
-0.613546 0.146595 -0.031981
-0.488526 0.286189 -0.032801
-0.642501 0.225102 -0.026311
-0.634922 0.116911 -0.023704
-0.605023 0.053810 -0.029707
-0.475533 0.215988 -0.022954
-0.572796 0.106856 -0.022304
-0.610428 0.097315 -0.022796
-0.643447 0.048429 -0.030309
-0.598892 0.173223 -0.032310
-0.586937 0.150207 -0.031561
-0.630248 0.192033 -0.025327
-0.672859 0.101075 -0.024059
-0.591456 0.059323 -0.021573
-0.553808 0.235421 -0.024873
-0.481454 0.247608 -0.031789
-0.530700 0.056148 -0.028359
-0.514614 0.011857 -0.019043
-0.462991 0.069975 -0.027396
-0.517321 0.266968 -0.024903
-0.587070 0.205317 -0.032818
-0.567506 0.252498 -0.025520
-0.544068 0.124937 -0.030177
-0.523121 0.273974 -0.029669
-0.497468 0.040399 -0.027373
-0.570418 0.170332 -0.023704
-0.438145 0.153046 -0.020816
-0.652977 0.083186 -0.023277
-0.585599 0.226273 -0.033268
-0.606944 -0.000476 -0.020504
-0.592855 0.109003 -0.030734
-0.481667 0.057784 -0.027471
-0.579500 0.202650 -0.032615
-0.441680 0.166963 -0.021199
-0.574701 0.205293 -0.032584
-0.582857 0.209660 -0.024834
-0.511294 0.154526 -0.030233
-0.517264 0.042116 -0.027786
-0.503294 0.129040 -0.029501
-0.497817 0.283487 -0.032915
-0.432130 0.093957 -0.027360
-0.549744 0.110854 -0.021960
-0.442974 0.045390 -0.018456
-0.624279 0.095968 -0.031030
-0.641968 0.065747 -0.022672
-0.677750 0.195176 -0.026294
-0.642436 0.045713 -0.022225
-0.522627 0.032620 -0.027671
-0.537380 0.138772 -0.030366
-0.620450 0.111227 -0.023302
-0.538201 0.183421 -0.023394
-0.535604 0.194318 -0.023594
-0.506834 0.119814 -0.029358
-0.558110 0.162163 -0.023286
-0.634292 0.081641 -0.030893
-0.590344 0.110058 -0.030711
-0.576362 0.167867 -0.031764
-0.571297 0.217229 -0.024788
-0.591971 0.179538 -0.032324
-0.544155 0.122874 -0.022128
-0.468139 0.086174 -0.019859
-0.564741 0.163831 -0.031452
-0.586294 0.039137 -0.021016
-0.465105 0.035351 -0.026648
-0.645951 0.081733 -0.031115
-0.504172 0.085077 -0.020513
-0.463190 0.022552 -0.019335
-0.442209 0.100920 -0.027709
-0.499644 0.274454 -0.032743
-0.620994 0.113564 -0.023365
-0.472276 0.170749 -0.029866
-0.636787 0.090321 -0.023134
-0.635131 0.110880 -0.023571
-0.546967 0.136263 -0.030490
-0.654481 0.099489 -0.031680
-0.496650 0.277924 -0.032766
-0.499026 0.016685 -0.018859
-0.646391 0.100567 -0.031552
-0.455440 0.165232 -0.021419
-0.600692 0.206278 -0.025093
-0.630769 0.118671 -0.031670
-0.488851 0.193306 -0.030692
-0.475876 0.186068 -0.022279
-0.695586 0.175492 -0.026182
-0.532858 0.150320 -0.030544
-0.550363 0.194946 -0.031890
-0.495257 0.070194 -0.020006
-0.538500 0.147867 -0.030594
-0.616396 -0.001239 -0.020665
-0.490279 0.196098 -0.030783
-0.487729 0.263329 -0.032265
-0.550346 0.114293 -0.022050
-0.410998 0.090426 -0.018878
-0.594080 0.083138 -0.030169
-0.576320 0.243879 -0.025490
-0.651695 0.056058 -0.030639
-0.621466 -0.031861 -0.028067
-0.557709 0.063237 -0.021026
-0.438231 0.036084 -0.026158
-0.637015 0.228686 -0.034016
-0.598041 0.142017 -0.023580
-0.641306 0.102150 -0.023489
-0.516030 0.244646 -0.024370
-0.540547 0.267077 -0.029286
-0.529032 0.256356 -0.032886
-0.610349 0.081799 -0.022441
-0.675027 0.097344 -0.024015
-0.467130 0.110772 -0.020400
-0.439371 0.073864 -0.027039
-0.588130 0.180182 -0.024262
-0.513335 0.122241 -0.021532
-0.511107 0.187760 -0.022982
-0.538116 0.144293 -0.030505
-0.434317 0.073353 -0.018929
-0.596668 0.095530 -0.022496
-0.514917 0.023174 -0.027310
-0.499397 0.027453 -0.027115
-0.576786 0.144485 -0.023236
-0.622148 -0.017842 -0.020395
-0.450242 0.139446 -0.020734
-0.565713 0.242746 -0.025264
-0.578673 0.204210 -0.032635
-0.459431 0.119319 -0.028453
-0.593791 0.022414 -0.028781
-0.460915 0.051670 -0.018937
-0.584899 0.091731 -0.030191
-0.653990 0.054424 -0.030645
-0.467674 0.041862 -0.018841
-0.507683 0.159396 -0.022272
-0.554701 0.195981 -0.023992
-0.535489 0.077918 -0.028945
-0.646696 0.030497 -0.029962
-0.682007 0.151467 -0.025379
-0.551587 0.140148 -0.022662
-0.570036 0.184441 -0.032022
-0.456047 0.218503 -0.026001
-0.512318 0.206756 -0.023438
-0.637029 0.227622 -0.026265
-0.550267 0.235521 -0.024808
-0.444998 0.174161 -0.029429
-0.446376 0.192522 -0.021870
-0.621616 0.205337 -0.033470
-0.630953 0.043915 -0.029971
-0.524889 0.173436 -0.022916
-0.532178 0.019681 -0.019553
-0.451757 0.131057 -0.028575
-0.661645 0.116728 -0.032208
-0.555148 0.031835 -0.020263
-0.651152 0.142229 -0.024587
-0.568261 -0.012458 -0.019502
-0.446599 0.142104 -0.028730
-0.473950 0.157632 -0.021595
-0.609431 0.171283 -0.032465
-0.583606 0.195134 -0.032521
-0.567822 0.012949 -0.020072
-0.482442 0.014943 -0.018539
-0.639357 0.130401 -0.024095
-0.515111 0.177268 -0.030822
-0.453627 0.212387 -0.025349
-0.550975 0.021152 -0.027944
-0.605081 0.012391 -0.020762
-0.426239 0.129497 -0.028058
-0.614295 0.232697 -0.025952
-0.444315 0.065157 -0.026934
-0.451902 0.031646 -0.018311
-0.628086 0.184176 -0.025107
-0.623682 -0.034214 -0.024864
-0.500542 0.279575 -0.032877
-0.491076 0.268846 -0.032454
-0.535016 0.014341 -0.027488
-0.677821 0.183000 -0.026018
-0.601171 0.217091 -0.033352
-0.681031 0.211370 -0.029558
-0.672775 0.101758 -0.032077
-0.495653 0.193205 -0.030818
-0.528981 0.239198 -0.024490
-0.396610 0.062494 -0.025974
-0.584896 0.249552 -0.027337
-0.452658 0.072705 -0.027264
-0.575552 0.223003 -0.025000
-0.658945 0.076925 -0.031251
-0.581848 0.075895 -0.021769
-0.709109 0.192108 -0.026816
-0.566491 0.001591 -0.027792
-0.441819 0.101771 -0.019718
-0.648710 0.143384 -0.024567
-0.584258 0.176294 -0.032104
-0.562263 0.134473 -0.030737
-0.494719 0.044946 -0.027425
-0.561627 0.010478 -0.027902
-0.476436 0.199208 -0.022589
-0.501836 0.247279 -0.032166
-0.676883 0.192830 -0.034228
-0.606684 0.019875 -0.028966
-0.493990 0.045719 -0.019425
-0.423503 0.136477 -0.025908
-0.662273 0.127632 -0.032468
-0.661300 0.185365 -0.025760
-0.697271 0.191357 -0.034579
-0.609538 0.236327 -0.033948
-0.481762 0.050812 -0.027314
-0.464452 0.170821 -0.021717
-0.504986 0.070853 -0.028208
-0.691039 0.155093 -0.033636
-0.629641 0.146393 -0.032279
-0.578926 0.236587 -0.033377
-0.661820 0.123510 -0.032365
-0.402675 0.082797 -0.018547
-0.497241 0.109497 -0.020939
-0.447595 0.107904 -0.027970
-0.583327 0.172829 -0.024004
-0.469810 0.101669 -0.028247
-0.529941 0.114629 -0.021672
-0.599088 0.000848 -0.020386
-0.484922 0.124595 -0.021050
-0.674506 0.111722 -0.024333
-0.499629 0.216780 -0.023426
-0.607830 0.223967 -0.033634
-0.637622 0.093983 -0.023233
-0.552939 0.162169 -0.023189
-0.621142 0.083029 -0.030676
-0.480969 0.259553 -0.032052
-0.493098 0.181312 -0.030499
-0.642269 0.163090 -0.032898
-0.546854 0.132607 -0.030404
-0.596230 0.226637 -0.025473
-0.604662 -0.031044 -0.027768
-0.677317 0.146006 -0.033170
-0.498797 0.016323 -0.026850
-0.636521 0.025385 -0.021651
-0.497996 0.148755 -0.021847
-0.664180 0.164419 -0.025338
-0.519616 0.152562 -0.030345
-0.594390 0.079186 -0.030084
-0.563742 0.248384 -0.033359
-0.494090 0.237897 -0.023803
-0.427981 0.130579 -0.020112
-0.496179 0.075690 -0.028152
-0.526866 0.113135 -0.021580
-0.600038 0.182174 -0.024532
-0.457234 0.054264 -0.026930
-0.417923 0.122384 -0.024609
-0.491196 0.122849 -0.021129
-0.669643 0.215825 -0.031528
-0.566462 0.169759 -0.023616
-0.691845 0.144671 -0.033413
-0.609678 -0.032391 -0.019829
-0.504665 0.008639 -0.018782
-0.458886 0.091312 -0.027805
-0.469207 0.226569 -0.031079
-0.509384 0.256059 -0.024505
-0.491044 0.232743 -0.031631
-0.624448 0.113100 -0.023420
-0.608165 0.107010 -0.030978
-0.690971 0.165946 -0.033881
-0.470591 0.126069 -0.020813
-0.540651 0.058819 -0.028607
-0.587611 0.248313 -0.032731
-0.615696 0.148481 -0.024061
-0.478843 0.033378 -0.018859
-0.658863 0.059231 -0.030846
-0.626849 0.112279 -0.031450
-0.574974 0.013237 -0.028217
-0.580187 0.139408 -0.031188
-0.624781 0.041791 -0.021803
-0.536667 -0.000267 -0.019183
-0.485534 0.147086 -0.029577
-0.476350 0.114110 -0.020650
-0.665103 0.154839 -0.033141
-0.542576 0.204107 -0.023948
-0.568643 0.009015 -0.028001
-0.623197 0.134861 -0.023892
-0.489792 0.228085 -0.031502
-0.548000 0.117877 -0.022087
-0.558322 0.077783 -0.029372
-0.550682 0.220376 -0.024471
-0.501930 0.114819 -0.021148
-0.482961 0.041481 -0.027124
-0.506059 0.280617 -0.025001
-0.632856 -0.011051 -0.026516
-0.396205 0.057550 -0.025854
-0.437994 0.150344 -0.020751
-0.623454 0.119018 -0.031540
-0.538579 0.095870 -0.029412
-0.523366 0.161014 -0.030608
-0.623494 0.039551 -0.029731
-0.587933 -0.018804 -0.019728
-0.655046 0.066889 -0.030948
-0.646419 0.048526 -0.022364
-0.426438 0.084901 -0.027047
-0.575680 0.000474 -0.027939
-0.649045 0.192238 -0.033689
-0.644858 0.089611 -0.031274
-0.680264 0.123650 -0.024713
-0.563367 0.085376 -0.029640
-0.563803 0.177057 -0.031736
-0.505624 0.068297 -0.028162
-0.682535 0.202199 -0.026544
-0.480237 0.058853 -0.027468
-0.503822 0.264546 -0.032597
-0.594452 -0.024686 -0.027721
-0.622522 0.161119 -0.024477
-0.594163 0.226286 -0.033429
-0.430971 0.078494 -0.026986
-0.512954 0.274224 -0.032989
-0.448671 0.072995 -0.019192
-0.650010 0.142290 -0.024567
-0.620658 0.182316 -0.032928
-0.449419 0.041416 -0.018487
-0.599889 0.011541 -0.020644
-0.566348 -0.009016 -0.027547
-0.431908 0.097974 -0.027448
-0.583097 0.013399 -0.028374
-0.624279 0.174548 -0.024816
-0.483100 0.058656 -0.027518
-0.470550 0.255042 -0.025464
-0.606988 0.100823 -0.030815
-0.401562 0.060119 -0.026013
-0.509720 0.047826 -0.019770
-0.610634 0.218669 -0.025563
-0.619720 0.107310 -0.023199
-0.503632 0.277136 -0.024876
-0.503512 0.281785 -0.028452
-0.520478 0.264440 -0.032908
-0.416011 0.072426 -0.018563
-0.669329 0.183909 -0.025879
-0.412224 0.044732 -0.025864
-0.479140 0.226775 -0.031271
-0.516862 0.037006 -0.019658
-0.633674 0.042021 -0.021976
-0.650243 0.032671 -0.022549
-0.639830 0.050258 -0.022279
-0.698823 0.165504 -0.026016
-0.544308 -0.009801 -0.025666
-0.428289 0.061693 -0.026553
-0.648422 0.121149 -0.024055
-0.502724 0.026592 -0.019155
-0.488717 0.253973 -0.032071
-0.658293 0.156369 -0.025044
-0.587602 0.125423 -0.023006
-0.429871 0.130838 -0.028158
-0.601520 0.128007 -0.031330
-0.486977 0.026483 -0.026859
-0.530079 0.034933 -0.027864
-0.568192 0.092084 -0.021880
-0.453502 0.158054 -0.029223
-0.473223 0.226567 -0.023151
-0.496967 0.214058 -0.023314
-0.586663 0.137656 -0.023266
-0.612843 0.026025 -0.021219
-0.635463 0.218904 -0.026037
-0.489262 0.068755 -0.027864
-0.609964 0.233961 -0.025899
-0.639645 0.160055 -0.032779
-0.646135 0.189542 -0.033573
-0.573005 0.251059 -0.025591
-0.472258 0.152783 -0.021453
-0.426857 0.054116 -0.018350
-0.466443 0.237814 -0.023279
-0.518838 0.109315 -0.029345
-0.485624 0.275473 -0.032502
-0.689718 0.191676 -0.026440
-0.459265 0.023899 -0.026243
-0.437654 0.071590 -0.018952
-0.555273 -0.000100 -0.019538
-0.486150 0.208281 -0.022979
-0.467220 0.067241 -0.027414
-0.651791 0.148435 -0.032744
-0.658969 0.124376 -0.032331
-0.492141 0.192897 -0.022741
-0.526346 0.031438 -0.019710
-0.443118 0.078244 -0.019206
-0.474668 0.155915 -0.021570
-0.568168 0.209176 -0.024546
-0.646640 0.045277 -0.022294
-0.581641 0.144905 -0.031340
-0.516922 0.127086 -0.021710
-0.563292 0.200985 -0.032271
-0.634544 0.067231 -0.022566
-0.544644 0.171441 -0.031247
-0.647660 0.145629 -0.024598
-0.451328 0.120416 -0.028325
-0.451059 0.205949 -0.026712
-0.611489 0.112602 -0.023164
-0.586156 0.167495 -0.031940
-0.538922 0.258556 -0.025119
-0.497754 0.194200 -0.030881
-0.473275 0.175994 -0.030004
-0.423527 0.081918 -0.026924
-0.424683 0.110278 -0.019588
-0.570172 0.183390 -0.032000
-0.682321 0.209149 -0.026698
-0.639131 0.129501 -0.024070
-0.659033 0.212312 -0.034335
-0.575125 0.216817 -0.032855
-0.603118 0.006391 -0.020588
-0.477504 0.139870 -0.029262
-0.452662 0.170403 -0.021485
-0.534956 0.102440 -0.029493
-0.618821 0.011056 -0.020990
-0.635545 0.015990 -0.021418
-0.469648 0.183978 -0.030118
-0.495556 0.065779 -0.027915
-0.649954 0.047124 -0.022399
-0.515893 0.134010 -0.021849
-0.549603 0.243195 -0.032974
-0.478996 0.196665 -0.022579
-0.546102 0.161980 -0.023055
-0.477374 0.193620 -0.022479
-0.672090 0.214514 -0.034631
-0.492736 0.154884 -0.021887
-0.426809 0.101876 -0.027440
-0.649240 0.218715 -0.026292
-0.603608 -0.010801 -0.028209
-0.655966 0.167629 -0.025256
-0.527985 0.192879 -0.031421
-0.479773 0.278374 -0.029001
-0.542231 0.111394 -0.021830
-0.459649 0.055698 -0.019005
-0.470503 0.207791 -0.030676
-0.538591 0.183308 -0.023399
-0.485455 0.120932 -0.020977
-0.683818 0.148041 -0.025335
-0.451234 0.044412 -0.026593
-0.674982 0.111496 -0.024337
-0.679341 0.176956 -0.025909
-0.559591 0.205764 -0.032310
-0.590578 0.022245 -0.020713
-0.657285 0.148518 -0.024846
-0.663616 0.106292 -0.032007
-0.667373 0.170129 -0.025528
-0.701443 0.161846 -0.027960
-0.624649 0.191136 -0.033204
-0.483868 0.224533 -0.023306
-0.490381 0.205311 -0.030994
-0.615102 0.091201 -0.030749
-0.637826 0.115231 -0.023721
-0.638981 0.019507 -0.021563
-0.659197 0.141791 -0.024729
-0.423375 0.132498 -0.020069
-0.532563 0.164395 -0.022855
-0.575052 0.243728 -0.033466
-0.542592 0.186934 -0.023557
-0.662895 0.134626 -0.032639
-0.500234 0.146480 -0.021837
-0.679046 0.125643 -0.032739
-0.579145 0.111923 -0.030542
-0.638486 0.090518 -0.031174
-0.404022 0.060060 -0.026058
-0.576186 0.244489 -0.025501
-0.457804 0.041778 -0.018653
-0.543959 0.217070 -0.032273
-0.495080 0.143014 -0.021661
-0.605437 0.020675 -0.028961
-0.511309 0.188238 -0.031000
-0.610697 0.117323 -0.031260
-0.500759 0.142930 -0.029770
-0.573597 0.253969 -0.029418
-0.591842 0.072510 -0.029884
-0.619382 0.040368 -0.021668
-0.408075 0.097619 -0.026990
-0.551971 0.248560 -0.033141
-0.434400 0.033958 -0.019634
-0.575052 0.022391 -0.020423
-0.588455 0.235221 -0.033525
-0.567631 0.040728 -0.028704
-0.492821 0.107531 -0.028814
-0.459873 0.059198 -0.027092
-0.491884 0.017654 -0.026750
-0.612337 0.066143 -0.030126
-0.623893 0.233961 -0.031636
-0.488965 0.234693 -0.031637
-0.488834 0.099851 -0.020561
-0.599500 0.112427 -0.022934
-0.611002 0.106746 -0.031025
-0.474218 0.248472 -0.023669
-0.558418 -0.005651 -0.027474
-0.468147 0.249093 -0.029816
-0.540497 0.067365 -0.020795
-0.471008 0.058014 -0.027275
-0.516935 0.011688 -0.027087
-0.643141 0.080633 -0.023033
-0.594924 -0.020250 -0.027830
-0.555401 0.221699 -0.032594
-0.643732 0.045732 -0.022250
-0.463946 0.208150 -0.022557
-0.570658 0.145583 -0.031149
-0.545057 0.054593 -0.028594
-0.580025 0.091333 -0.022087
-0.614568 0.190344 -0.032996
-0.505396 0.148284 -0.021976
-0.426450 0.082147 -0.026984
-0.515811 0.162238 -0.022490
-0.641961 0.214273 -0.034057
-0.505876 0.161782 -0.030296
-0.514771 0.265290 -0.032820
-0.489975 0.247163 -0.031940
-0.469471 0.203965 -0.022566
-0.597905 0.178276 -0.032407
-0.600976 0.019493 -0.020846
-0.639858 0.102718 -0.023474
-0.564821 0.059475 -0.029078
-0.608848 0.059933 -0.029919
-0.647682 0.026252 -0.023969
-0.466380 0.060424 -0.019239
-0.519923 0.188839 -0.023173
-0.436577 0.153567 -0.028801
-0.591344 0.246978 -0.027932
-0.476639 0.134497 -0.029123
-0.559202 0.153534 -0.023110
-0.579104 0.088347 -0.030005
-0.461858 0.144170 -0.029064
-0.540333 0.074170 -0.020947
-0.473343 0.064203 -0.027460
-0.586832 0.138492 -0.023289
-0.569864 0.068357 -0.029375
-0.601700 0.156721 -0.031988
-0.621788 0.118469 -0.023492
-0.490158 0.273172 -0.032535
-0.487032 0.013191 -0.018553
-0.539785 0.231584 -0.024521
-0.648754 0.111425 -0.023840
-0.538753 0.197391 -0.023723
-0.446533 0.143685 -0.020761
-0.613804 0.028272 -0.029291
-0.531064 0.190879 -0.023430
-0.422849 0.119363 -0.019760
-0.618996 0.055649 -0.030013
-0.590549 0.181414 -0.032340
-0.615686 0.125842 -0.023545
-0.695289 0.146353 -0.028625
-0.600846 0.016845 -0.020783
-0.572510 -0.015574 -0.027514
-0.551532 0.172759 -0.031407
-0.596977 0.066978 -0.029855
-0.477728 0.046205 -0.027133
-0.410589 0.043305 -0.022719
-0.546550 0.253613 -0.025150
-0.653035 0.209024 -0.026143
-0.476458 0.091044 -0.020127
-0.444534 0.123073 -0.028257
-0.515617 0.011657 -0.019058
-0.542802 0.089690 -0.021347
-0.607890 0.230523 -0.025781
-0.546485 0.081328 -0.029230
-0.439767 0.040487 -0.018284
-0.687656 0.148281 -0.033417
-0.521421 0.086715 -0.028880
-0.486743 0.118971 -0.020956
-0.634453 0.210040 -0.033819
-0.423441 0.100009 -0.019331
-0.540649 0.069809 -0.028857
-0.600092 -0.014417 -0.028061
-0.602901 0.144340 -0.023725
-0.421061 0.101600 -0.019322
-0.521029 0.083169 -0.028791
-0.620810 0.192019 -0.033152
-0.519714 0.219861 -0.031879
-0.626684 0.163601 -0.024612
-0.679032 0.128467 -0.024799
-0.407386 0.056676 -0.018041
-0.620719 -0.040055 -0.024336
-0.576421 0.128504 -0.030868
-0.533341 0.176359 -0.023142
-0.688989 0.130981 -0.033048
-0.451288 0.078696 -0.027374
-0.485606 0.095717 -0.020406
-0.496818 0.140448 -0.021635
-0.614477 -0.037531 -0.022699
-0.554352 0.177385 -0.031565
-0.503966 0.059933 -0.019937
-0.407381 0.095721 -0.020831
-0.608976 0.093203 -0.022675
-0.619876 0.135995 -0.023855
-0.577945 0.198011 -0.032480
-0.507863 0.070282 -0.020246
-0.679899 0.193206 -0.026290
-0.524165 0.273535 -0.030492
-0.566865 0.200321 -0.032323
-0.537049 0.211952 -0.024022
-0.514953 0.224464 -0.031894
-0.433818 0.133466 -0.028292
-0.463093 0.043960 -0.026806
-0.651219 0.093046 -0.023468
-0.545066 0.185258 -0.023566
-0.598148 0.153381 -0.031845
-0.610215 0.014761 -0.028916
-0.525839 0.134280 -0.030046
-0.599529 0.112093 -0.030931
-0.602457 0.103908 -0.030799
-0.502563 0.274211 -0.024789
-0.501160 0.078162 -0.020299
-0.598132 -0.025172 -0.027779
-0.531112 0.270910 -0.026214
-0.481731 0.108386 -0.028624
-0.660367 0.219569 -0.029360
-0.524376 0.100159 -0.029241
-0.674043 0.147132 -0.033134
-0.437422 0.046568 -0.018378
-0.587838 0.069930 -0.029750
-0.468278 0.031554 -0.026621
-0.503977 0.085727 -0.028528
-0.579157 0.104037 -0.030363
-0.551792 -0.001641 -0.027441
-0.440263 0.037835 -0.018232
-0.443086 0.136373 -0.028533
-0.544291 0.148182 -0.022707
-0.519238 0.025543 -0.027446
-0.483383 0.089757 -0.020228
-0.467833 0.232221 -0.031182
-0.536754 0.099868 -0.029468
-0.606374 0.185099 -0.024718
-0.649487 0.059716 -0.030680
-0.426232 0.143401 -0.027693
-0.600202 0.111094 -0.022917
-0.449608 0.090037 -0.027601
-0.608903 0.055588 -0.021817
-0.541034 0.090017 -0.021321
-0.450305 0.068114 -0.027115
-0.583180 0.191755 -0.032436
-0.493403 0.133799 -0.029423
-0.436818 0.148159 -0.028683
-0.442010 0.057098 -0.026708
-0.602402 0.153387 -0.023921
-0.432575 0.042020 -0.026186
-0.524428 0.117947 -0.029647
-0.468982 0.042617 -0.018883
-0.438749 0.062617 -0.018768
-0.579307 0.249889 -0.025683
-0.449028 0.099014 -0.019791
-0.565323 0.257315 -0.027243
-0.471388 0.167050 -0.021762
-0.454286 0.179794 -0.021729
-0.512064 0.254327 -0.032519
-0.650438 0.193298 -0.025736
-0.450416 0.037531 -0.026421
-0.627250 0.137522 -0.032032
-0.557529 0.165920 -0.023360
-0.529308 0.132597 -0.022070
-0.647978 0.212052 -0.026117
-0.539757 0.114285 -0.021850
-0.654878 0.167831 -0.025240
-0.654718 0.044142 -0.030307
-0.616225 0.030527 -0.021385
-0.534073 0.107685 -0.021592
-0.551601 -0.004088 -0.019378
-0.650560 0.154301 -0.024851
-0.594794 0.222953 -0.025362
-0.651615 0.039961 -0.022267
-0.647558 0.224680 -0.028282
-0.462126 0.022939 -0.020503
-0.523778 0.227173 -0.032122
-0.501977 0.024570 -0.019094
-0.564050 -0.017503 -0.021527
-0.541194 0.104669 -0.029661
-0.619443 0.126334 -0.031630
-0.435254 0.075608 -0.018998
-0.676243 0.101110 -0.032127
-0.481568 0.225431 -0.031286
-0.559443 0.238638 -0.025052
-0.494532 0.160395 -0.022047
-0.559504 0.169947 -0.023489
-0.553377 0.049786 -0.020638
-0.604688 0.028992 -0.021132
-0.632337 0.207172 -0.025711
-0.472605 0.033361 -0.026744
-0.394070 0.062108 -0.018244
-0.580744 0.096599 -0.022220
-0.554618 0.189141 -0.031838
-0.549820 0.135425 -0.022521
-0.606531 0.058959 -0.029853
-0.698047 0.153304 -0.028645
-0.578355 0.064819 -0.029455
-0.418929 0.124968 -0.026658
-0.628136 0.036000 -0.021734
-0.442832 0.120712 -0.020168
-0.495752 0.269770 -0.024560
-0.607622 -0.018600 -0.020104
-0.489074 0.167425 -0.022104
-0.511784 0.123054 -0.029525
-0.574191 0.128275 -0.030821
-0.530760 0.132425 -0.022093
-0.642855 0.219732 -0.026195
-0.661185 0.204815 -0.034205
-0.597667 0.045864 -0.021384
-0.604580 0.077266 -0.022229
-0.590938 0.170319 -0.032094
-0.556730 0.163221 -0.031287
-0.502006 0.274125 -0.032780
-0.584635 0.192108 -0.024468
-0.526167 -0.002455 -0.020600
-0.533644 0.063504 -0.028582
-0.419961 0.073389 -0.026663
-0.451692 0.121957 -0.028367
-0.517516 0.001009 -0.019494
-0.517335 0.131539 -0.029823
-0.485237 0.121237 -0.020980
-0.442167 0.069376 -0.026990
-0.470896 0.255226 -0.031763
-0.611999 0.002542 -0.020668
-0.454106 0.125406 -0.028491
-0.525051 -0.002146 -0.025027
-0.688705 0.150638 -0.025487
-0.513211 0.204262 -0.023398
-0.655088 0.156584 -0.032991
-0.516129 0.109131 -0.029290
-0.522577 0.186567 -0.031175
-0.535911 0.197307 -0.031671
-0.493894 0.120066 -0.021116
-0.609701 0.172948 -0.024505
-0.489148 0.075488 -0.028015
-0.639154 0.016436 -0.029500
-0.521385 0.235967 -0.032277
-0.624140 -0.003436 -0.028764
-0.541530 0.210864 -0.032086
-0.444281 0.125805 -0.020311
-0.527879 0.256079 -0.032858
-0.507860 0.270390 -0.032806
-0.424191 0.059034 -0.018412
-0.616488 0.112895 -0.031269
-0.547171 0.144622 -0.030684
-0.488221 0.246932 -0.031901
-0.494149 0.235119 -0.031744
-0.432887 0.066981 -0.018757
-0.534507 0.222472 -0.024214
-0.582120 0.182657 -0.024205
-0.583265 0.209659 -0.032845
-0.609087 0.117837 -0.023238
-0.664804 0.108124 -0.032071
-0.573535 0.059742 -0.029248
-0.702087 0.165712 -0.026082
-0.453901 0.158538 -0.029241
-0.524308 0.144279 -0.022241
-0.424339 0.076277 -0.026811
-0.583665 0.190055 -0.032406
-0.692262 0.206445 -0.034828
-0.480948 0.089159 -0.020168
-0.475401 0.242451 -0.031557
-0.460019 0.201979 -0.030346
-0.506586 0.251163 -0.032344
-0.452658 0.069316 -0.027187
-0.476652 0.250951 -0.023771
-0.491142 0.017741 -0.026738
-0.620163 -0.032071 -0.020034
-0.610966 0.185849 -0.032826
-0.460558 0.024507 -0.026315
-0.591370 0.218436 -0.025194
-0.556191 0.221846 -0.032612
-0.446596 0.066332 -0.027004
-0.614081 0.204110 -0.025297
-0.587931 0.247834 -0.033802
-0.432382 0.122237 -0.020006
-0.467656 0.241621 -0.023389
-0.433772 0.162424 -0.028499
-0.536971 0.065649 -0.028693
-0.556471 0.006410 -0.019709
-0.677667 0.101903 -0.027176
-0.476311 0.033664 -0.026821
-0.452509 0.103830 -0.027970
-0.539271 0.110879 -0.021763
-0.544186 0.106472 -0.029759
-0.628716 0.008510 -0.021119
-0.443197 0.090904 -0.027500
-0.511342 0.278648 -0.029525
-0.630538 0.140357 -0.024155
-0.459125 0.137222 -0.028855
-0.568313 0.054424 -0.029029
-0.449677 0.077513 -0.019313
-0.612295 0.238704 -0.026848
-0.460626 0.146660 -0.021094
-0.639373 0.209716 -0.025901
-0.656357 0.153276 -0.032940
-0.547844 0.004405 -0.027504
-0.581476 0.047691 -0.021120
-0.510381 0.205927 -0.023382
-0.672780 0.089688 -0.031288
-0.502202 0.163590 -0.030267
-0.539451 0.257664 -0.025108
-0.442021 0.043162 -0.026390
-0.434230 0.045271 -0.018288
-0.663396 0.102051 -0.023903
-0.643508 0.057916 -0.022523
-0.444676 0.189791 -0.023881
-0.497409 0.058165 -0.027777
-0.513818 0.215547 -0.031669
-0.570136 0.097330 -0.022037
-0.633514 0.095866 -0.023199
-0.559593 0.226240 -0.032776
-0.543460 0.109896 -0.029823
-0.619157 0.195838 -0.033208
-0.433431 0.087756 -0.019240
-0.477287 0.268328 -0.024179
-0.545344 0.028097 -0.019993
-0.456737 0.149910 -0.029098
-0.643275 0.067476 -0.022736
-0.451540 0.083293 -0.019480
-0.554907 0.008578 -0.027732
-0.552076 0.150834 -0.030918
-0.449059 0.127117 -0.028435
-0.646317 0.049855 -0.022393
-0.701539 0.194566 -0.034732
-0.531311 0.255643 -0.032912
-0.649287 0.222646 -0.026383
-0.629870 0.019590 -0.029397
-0.411294 0.103763 -0.019187
-0.664304 0.068313 -0.030745
-0.632056 0.187473 -0.025257
-0.461281 0.121255 -0.028532
-0.657507 0.121025 -0.032227
-0.610856 0.102099 -0.022913
-0.634681 0.034405 -0.029825
-0.598780 -0.012627 -0.028077
-0.524212 0.212329 -0.031792
-0.464731 0.052713 -0.027036
-0.408011 0.053887 -0.017990
-0.636335 0.222732 -0.034144
-0.630489 0.226379 -0.026113
-0.525316 0.024441 -0.027535
-0.626694 0.094851 -0.031050
-0.598005 0.231989 -0.033632
-0.670481 0.201520 -0.034305
-0.523819 0.269810 -0.025090
-0.678240 0.103330 -0.026439
-0.540733 0.102762 -0.029609
-0.494237 0.285459 -0.028563
-0.706656 0.174970 -0.027427
-0.398941 0.074544 -0.024712
-0.520013 0.074150 -0.028567
-0.472271 0.233726 -0.031300
-0.436895 0.041259 -0.018247
-0.587337 0.208382 -0.024890
-0.481089 0.135957 -0.021237
-0.605367 0.218959 -0.033474
-0.614104 0.086002 -0.030611
-0.546570 0.158821 -0.022992
-0.580258 0.224828 -0.033134
-0.635960 0.080074 -0.030889
-0.482246 0.067395 -0.027701
-0.582465 0.077239 -0.029815
-0.631083 -0.013881 -0.028657
-0.563873 0.254979 -0.025508
-0.530329 0.200514 -0.031639
-0.596844 0.130757 -0.031305
-0.529002 0.219816 -0.024050
-0.540335 0.090680 -0.021323
-0.580184 0.116818 -0.022670
-0.575295 0.191084 -0.032272
-0.498826 0.237553 -0.031888
-0.702542 0.202748 -0.032647
-0.654546 0.056269 -0.022694
-0.537220 0.117485 -0.029878
-0.643336 0.068839 -0.022769
-0.412063 0.047057 -0.025914
-0.636610 0.018588 -0.021498
-0.590380 0.184819 -0.024410
-0.481550 0.231728 -0.023426
-0.645772 0.127509 -0.024150
-0.562848 0.140959 -0.030896
-0.532117 0.159760 -0.022741
-0.584064 0.229832 -0.033320
-0.591645 0.019771 -0.020676
-0.509198 0.229845 -0.031908
-0.528209 0.008398 -0.019221
-0.624795 0.161042 -0.024518
-0.628906 0.212319 -0.033767
-0.683214 0.115823 -0.024702
-0.460869 0.209091 -0.030524
-0.635267 -0.004681 -0.020942
-0.524976 0.143059 -0.022226
-0.427562 0.081961 -0.027001
-0.578710 0.119074 -0.022693
-0.522947 0.220617 -0.023954
-0.533916 0.201570 -0.023727
-0.503992 0.090002 -0.028626
-0.624703 0.173525 -0.024801
-0.655986 0.166748 -0.025236
-0.553663 0.146153 -0.030841
-0.511982 0.278420 -0.028701
-0.489963 0.141423 -0.029532
-0.449055 0.072589 -0.019190
-0.553232 0.033995 -0.020276
-0.474367 0.045950 -0.027064
-0.516788 0.070245 -0.028417
-0.487218 0.221503 -0.023300
-0.477381 0.272344 -0.028956
-0.625368 -0.003997 -0.020771
-0.649381 0.052340 -0.022507
-0.464927 0.086340 -0.027806
-0.541287 0.146401 -0.022610
-0.534631 0.172556 -0.031083
-0.511220 0.166785 -0.030510
-0.533186 0.132442 -0.022139
-0.526366 0.242849 -0.032528
-0.538805 0.054175 -0.028467
-0.559225 0.043901 -0.028618
-0.512309 0.133850 -0.021777
-0.528133 0.179305 -0.023111
-0.436154 0.124022 -0.020117
-0.624556 -0.026818 -0.020236
-0.660783 0.173318 -0.025476
-0.422349 0.105510 -0.019435
-0.544856 -0.005368 -0.019222
-0.574591 0.058982 -0.021247
-0.640147 0.171224 -0.033043
-0.599752 0.028152 -0.029024
-0.599015 0.189174 -0.024672
-0.549897 0.155495 -0.030983
-0.433299 0.156525 -0.020804
-0.494494 0.099573 -0.028664
-0.626283 0.004010 -0.020971
-0.669755 0.171773 -0.025610
-0.611050 0.097154 -0.022804
-0.468678 0.113162 -0.028487
-0.675759 0.126080 -0.032687
-0.580429 0.158082 -0.023614
-0.580926 0.151580 -0.031479
-0.468033 0.165338 -0.029663
-0.495946 0.164090 -0.022157
-0.653206 0.160854 -0.033053
-0.547477 0.122684 -0.030190
-0.525669 0.033339 -0.027744
-0.599556 0.039767 -0.021281
-0.636223 0.135627 -0.032159
-0.437317 0.130771 -0.028296
-0.626822 0.027627 -0.029522
-0.552952 0.173516 -0.023447
-0.601310 0.029853 -0.029092
-0.671343 0.187945 -0.026009
-0.558536 -0.010000 -0.027378
-0.639157 0.228047 -0.027074
-0.509804 0.027804 -0.027319
-0.541538 0.131317 -0.030275
-0.499096 0.127585 -0.029389
-0.521647 0.254747 -0.032710
-0.481967 0.197953 -0.022665
-0.662632 0.157443 -0.033153
-0.486984 0.273019 -0.024468
-0.559604 0.127209 -0.022518
-0.415878 0.041292 -0.019933
-0.471281 0.206019 -0.022647
-0.520776 0.138286 -0.030042
-0.488308 0.125924 -0.021144
-0.631027 0.052519 -0.022165
-0.411018 0.043097 -0.023980
-0.512142 0.235519 -0.024089
-0.522833 0.048483 -0.020032
-0.500138 0.033393 -0.027264
-0.471728 0.181597 -0.022099
-0.524409 0.269178 -0.025087
-0.454625 0.063828 -0.019095
-0.608125 0.238644 -0.025971
-0.660672 0.129972 -0.032491
-0.547013 0.091788 -0.029478
-0.641462 0.031341 -0.021879
-0.473711 0.100117 -0.028285
-0.636592 0.121040 -0.031833
-0.583994 -0.008012 -0.019899
-0.642736 0.047502 -0.022271
-0.444686 0.071997 -0.019094
-0.598730 0.178486 -0.024424
-0.699261 0.160217 -0.025904
-0.510416 0.003938 -0.018784
-0.559222 0.063884 -0.029073
-0.586752 0.064893 -0.021611
-0.589612 -0.000527 -0.020176
-0.528052 0.245964 -0.032631
-0.506422 0.098350 -0.020858
-0.602491 0.140589 -0.023632
-0.637401 0.195353 -0.033541
-0.489819 0.105625 -0.028714
-0.449533 0.106823 -0.019978
-0.638938 0.175202 -0.033111
-0.440696 0.137702 -0.020514
-0.430581 0.041526 -0.026137
-0.528798 0.027239 -0.019661
-0.433729 0.122175 -0.020030
-0.552893 0.046959 -0.020565
-0.604401 -0.018930 -0.028039
-0.589173 0.080007 -0.022001
-0.468129 0.182892 -0.030064
-0.460662 0.102497 -0.028093
-0.540396 0.264839 -0.033293
-0.520639 0.270722 -0.033054
-0.622621 0.220870 -0.025839
-0.642301 0.012679 -0.023512
-0.470605 0.108297 -0.028413
-0.612084 -0.010758 -0.028370
-0.581341 -0.024453 -0.024690
-0.517173 0.160767 -0.030486
-0.528473 0.167655 -0.022852
-0.620136 0.202166 -0.033370
-0.588860 0.232937 -0.033481
-0.582813 0.069137 -0.029637
-0.494118 0.267159 -0.032473
-0.402989 0.070144 -0.018265
-0.670567 0.143689 -0.024986
-0.622303 0.016420 -0.029182
-0.632467 0.048885 -0.030113
-0.432520 0.159204 -0.025909
-0.533434 0.172555 -0.023057
-0.488874 0.287608 -0.027812
-0.468347 0.186771 -0.022153
-0.562640 0.204961 -0.024346
-0.519926 0.123913 -0.021695
-0.471161 0.133728 -0.020999
-0.406427 0.093439 -0.025810
-0.601301 0.209135 -0.033174
-0.574493 0.106669 -0.022331
-0.611036 0.032350 -0.021328
-0.608125 0.121913 -0.031316
-0.444749 0.060771 -0.026843
-0.457170 0.163781 -0.021419
-0.474071 0.256430 -0.031851
-0.552743 0.056641 -0.020782
-0.640441 0.026440 -0.021749
-0.485474 0.098645 -0.028473
-0.518925 0.251147 -0.024573
-0.619930 0.113449 -0.031346
-0.498131 0.239940 -0.031929
-0.588010 0.202670 -0.024772
-0.511960 0.214703 -0.031615
-0.508051 0.040436 -0.019570
-0.565222 0.238851 -0.025166
-0.662565 0.147816 -0.024929
-0.587123 0.120554 -0.022886
-0.618199 -0.031336 -0.028017
-0.537293 0.048880 -0.028318
-0.457480 0.199061 -0.022228
-0.581398 0.250757 -0.033361
-0.415706 0.082086 -0.018777
-0.644352 0.049292 -0.022343
-0.680138 0.196459 -0.034372
-0.540109 0.018986 -0.027690
-0.479555 0.205634 -0.030798
-0.659219 0.062095 -0.030918
-0.502769 0.027359 -0.019173
-0.467856 0.120423 -0.020633
-0.606099 0.168658 -0.032342
-0.566744 0.002802 -0.027824
-0.680761 0.133379 -0.024944
-0.646381 0.117475 -0.031937
-0.428697 0.110570 -0.027674
-0.667753 0.159681 -0.033301
-0.506723 0.071323 -0.028252
-0.695029 0.205026 -0.034848
-0.608594 0.161372 -0.024220
-0.644828 0.181775 -0.025368
-0.476180 0.128950 -0.028988
-0.600788 0.112222 -0.022954
-0.522889 0.259800 -0.032848
-0.597647 0.050616 -0.021492
-0.493867 0.197170 -0.022871
-0.577827 0.149292 -0.031368
-0.445305 0.067089 -0.018994
-0.479651 0.129648 -0.021066
-0.621622 0.154400 -0.032311
-0.539055 0.132899 -0.022260
-0.447155 0.126708 -0.028389
-0.539808 -0.003400 -0.019171
-0.610678 0.081052 -0.030434
-0.503625 0.139407 -0.021740
-0.636342 0.154419 -0.024585
-0.589987 0.043135 -0.021177
-0.547007 0.251811 -0.033121
-0.590409 0.150767 -0.023636
-0.615433 0.237252 -0.026077
-0.453532 0.080570 -0.027459
-0.520670 0.203575 -0.031526
-0.674109 0.120258 -0.032523
-0.559354 0.047420 -0.020697
-0.627846 0.126880 -0.023798
-0.656198 0.185227 -0.033665
-0.501899 0.268989 -0.024658
-0.539953 0.195636 -0.031709
-0.590336 0.201081 -0.024780
-0.485816 0.226731 -0.031396
-0.608473 0.013281 -0.028849
-0.563843 0.034074 -0.020478
-0.622718 0.155865 -0.032365
-0.450839 0.079163 -0.027376
-0.628151 0.024038 -0.021462
-0.587164 0.235790 -0.025510
-0.527475 0.246359 -0.024625
-0.476479 0.266828 -0.024129
-0.567427 0.217827 -0.032733
-0.609970 0.098689 -0.030822
-0.676099 0.105372 -0.032222
-0.505520 0.170567 -0.030489
-0.527998 0.149173 -0.022422
-0.626202 0.000205 -0.028886
-0.631262 0.023388 -0.021506
-0.605527 0.227945 -0.033681
-0.449781 0.169937 -0.021420
-0.491999 0.107105 -0.020785
-0.396112 0.067446 -0.025960
-0.704818 0.175578 -0.026358
-0.536085 0.145204 -0.030488
-0.654646 0.048454 -0.030521
-0.676442 0.213200 -0.029212
-0.398061 0.049470 -0.025705
-0.665648 0.118745 -0.032329
-0.581833 0.221836 -0.033096
-0.529398 0.219980 -0.032064
-0.430191 0.145078 -0.020484
-0.562600 0.067633 -0.021218
-0.426189 0.078481 -0.018892
-0.616904 0.222427 -0.025767
-0.493562 0.276890 -0.024681
-0.544442 0.119198 -0.022050
-0.444376 0.116946 -0.020111
-0.445538 0.060729 -0.018853
-0.682932 0.167984 -0.033776
-0.475908 0.059090 -0.019389
-0.611626 -0.004209 -0.028511
-0.453221 0.068886 -0.019184
-0.451488 0.160024 -0.029230
-0.576124 0.097416 -0.022151
-0.618356 0.019956 -0.021184
-0.605902 0.165259 -0.032261
-0.504635 0.026641 -0.019192
-0.577379 0.131775 -0.022957
-0.571010 0.044008 -0.028843
-0.597945 -0.027926 -0.019709
-0.616235 0.083689 -0.030599
-0.399368 0.075481 -0.019090
-0.467354 0.217790 -0.022841
-0.485604 0.188072 -0.022508
-0.578033 -0.007948 -0.019789
-0.657276 0.165866 -0.025241
-0.533923 0.014335 -0.027467
-0.554157 0.261740 -0.027326
-0.656317 0.049816 -0.030584
-0.551481 0.159911 -0.023110
-0.631306 0.017887 -0.021382
-0.610964 0.214744 -0.033483
-0.435994 0.167971 -0.026403
-0.478319 0.056308 -0.027374
-0.480448 0.280078 -0.029058
-0.648530 0.206573 -0.026002
-0.548448 0.201170 -0.023992
-0.635957 0.000712 -0.021078
-0.458801 0.118103 -0.028413
-0.563317 0.032378 -0.028433
-0.552704 0.019544 -0.019937
-0.637761 0.185150 -0.033315
-0.625413 0.038363 -0.021737
-0.507362 0.235947 -0.024009
-0.485749 0.013582 -0.020214
-0.504849 0.208279 -0.023331
-0.464955 0.096445 -0.020033
-0.659415 0.196709 -0.033987
-0.679839 0.169829 -0.033760
-0.447586 0.111289 -0.020043
-0.672692 0.090822 -0.023823
-0.647667 0.026272 -0.026307
-0.496990 0.165193 -0.022202
-0.511057 0.004250 -0.018803
-0.536570 0.004808 -0.019297
-0.625961 0.030160 -0.029564
-0.544768 0.083298 -0.021239
-0.682292 0.191748 -0.026302
-0.529663 0.271513 -0.025275
-0.501116 0.123470 -0.029333
-0.456703 0.175778 -0.029687
-0.572972 0.026115 -0.020469
-0.448568 0.044517 -0.026545
-0.483059 0.120474 -0.020921
-0.430681 0.072791 -0.026851
-0.607968 0.103312 -0.022886
-0.678455 0.134015 -0.024915
-0.442310 0.135238 -0.028492
-0.619363 0.079005 -0.022548
-0.501265 0.187707 -0.022795
-0.563711 0.071318 -0.021323
-0.566930 0.228262 -0.024957
-0.557732 0.156047 -0.023140
-0.519505 0.095960 -0.029054
-0.495809 0.114944 -0.021036
-0.493791 0.248484 -0.032042
-0.505434 0.218099 -0.031569
-0.601979 0.072532 -0.030076
-0.533866 0.228985 -0.024350
-0.645652 0.218331 -0.026216
-0.622807 0.209615 -0.025587
-0.594373 -0.008520 -0.020084
-0.642019 0.062829 -0.022607
-0.608546 0.139873 -0.023730
-0.513515 0.266650 -0.024824
-0.629239 0.183281 -0.025108
-0.671107 0.214081 -0.034603
-0.623348 0.006297 -0.028971
-0.412468 0.074843 -0.026554
-0.604729 0.106683 -0.022902
-0.605299 -0.033830 -0.020638
-0.544508 0.142201 -0.030578
-0.597893 0.172854 -0.024280
-0.647511 0.117406 -0.031957
-0.662835 0.103484 -0.023925
-0.528896 0.271266 -0.025219
-0.500668 0.077550 -0.020276
-0.503465 0.118039 -0.029254
-0.612971 0.138695 -0.031790
-0.465437 0.070668 -0.019455
-0.583026 0.167280 -0.031876
-0.500823 0.118822 -0.021219
-0.555170 0.017822 -0.027948
-0.581417 0.053911 -0.021261
-0.431515 0.120172 -0.019942
-0.653300 0.206638 -0.026094
-0.418946 0.081665 -0.018828
-0.676571 0.188418 -0.034121
-0.551333 0.189646 -0.023784
-0.567008 0.218258 -0.024731
-0.471159 0.034986 -0.018750
-0.594634 0.147519 -0.023641
-0.441732 0.113125 -0.019974
-0.633060 0.023722 -0.021547
-0.436193 0.033252 -0.019473
-0.501582 0.023235 -0.019057
-0.623953 -0.023887 -0.028295
-0.504085 0.040215 -0.019490
-0.646705 0.186974 -0.025522
-0.549850 0.033115 -0.020192
-0.593099 -0.009899 -0.020028
-0.540158 0.080311 -0.021084
-0.639870 0.013193 -0.021436
-0.508350 0.212478 -0.031497
-0.654380 0.119939 -0.024140
-0.533432 0.159325 -0.030759
-0.539046 0.107203 -0.029678
-0.496467 0.279871 -0.032807
-0.674506 0.163122 -0.033507
-0.620004 0.071289 -0.022384
-0.453124 0.126468 -0.028497
-0.609499 0.174013 -0.032528
-0.532317 0.136437 -0.022214
-0.527225 0.234478 -0.024350
-0.452913 0.026506 -0.023328
-0.534191 0.079314 -0.020948
-0.649045 0.051038 -0.030474
-0.511719 0.018302 -0.019135
-0.556239 0.260463 -0.033492
-0.475106 0.266639 -0.030033
-0.495012 0.224885 -0.031527
-0.513621 0.235256 -0.024111
-0.590894 0.239176 -0.025658
-0.668845 0.092611 -0.031794
-0.670865 0.130326 -0.024688
-0.677277 0.158300 -0.025446
-0.650610 0.033693 -0.026477
-0.413731 0.078551 -0.026663
-0.412867 0.085455 -0.026803
-0.692708 0.166885 -0.025932
-0.556365 0.168001 -0.031389
-0.655661 0.134062 -0.032489
-0.601721 0.007545 -0.028592
-0.645737 0.188275 -0.025533
-0.687291 0.126254 -0.031029
-0.470802 0.041270 -0.026890
-0.497501 0.153749 -0.029955
-0.682995 0.177255 -0.033988
-0.588731 -0.002248 -0.020120
-0.652726 0.145497 -0.032694
-0.648309 0.109974 -0.023799
-0.496632 0.075553 -0.028158
-0.611543 0.150358 -0.032028
-0.497946 0.213397 -0.023318
-0.503302 0.281938 -0.026171
-0.509167 0.090833 -0.020739
-0.521310 0.049887 -0.028039
-0.508927 0.047492 -0.027751
-0.652197 0.129604 -0.032323
-0.486268 0.041094 -0.019174
-0.458745 0.080599 -0.027558
-0.572879 0.107854 -0.022328
-0.634917 0.114264 -0.031647
-0.525093 0.107394 -0.029420
-0.537232 0.208216 -0.023941
-0.576720 0.060281 -0.021317
-0.624999 0.029285 -0.029526
-0.646544 0.100773 -0.023556
-0.537122 0.003963 -0.019288
-0.624733 0.134580 -0.031918
-0.639488 0.106748 -0.031563
-0.646253 0.119499 -0.023977
-0.575077 0.075522 -0.021633
-0.532653 0.021254 -0.019597
-0.511445 0.154068 -0.030225
-0.633752 0.230001 -0.033336
-0.586570 0.240809 -0.025613
-0.510323 0.064312 -0.020157
-0.474040 0.205233 -0.022681
-0.515482 0.272667 -0.033001
-0.557598 0.003393 -0.027665
-0.669540 0.197593 -0.026194
-0.587562 -0.025730 -0.019563
-0.633490 0.018430 -0.029439
-0.558022 0.089243 -0.029627
-0.570399 0.035914 -0.028647
-0.638741 0.003677 -0.022374
-0.621194 0.141146 -0.023997
-0.500905 0.216376 -0.023441
-0.500670 0.218271 -0.023480
-0.650257 0.162489 -0.033035
-0.504127 0.040849 -0.027509
-0.409705 0.060186 -0.026169
-0.590667 0.129115 -0.031151
-0.558611 0.212034 -0.024431
-0.673451 0.131482 -0.024763
-0.539780 0.204436 -0.023903
-0.628152 0.038427 -0.021790
-0.540747 0.000198 -0.027274
-0.604894 0.149988 -0.031895
-0.642316 0.012825 -0.027933
-0.527624 0.114208 -0.029623
-0.664494 0.078013 -0.023376
-0.647845 0.203781 -0.025926
-0.401265 0.047094 -0.019662
-0.404925 0.084204 -0.026625
-0.603156 0.134356 -0.031506
-0.646004 0.127808 -0.024161
-0.547639 0.175090 -0.023383
-0.531441 0.236171 -0.032471
-0.423216 0.060557 -0.018428
-0.507652 0.271340 -0.032824
-0.479547 0.057254 -0.019416
-0.641742 0.126613 -0.024054
-0.526873 0.089563 -0.029047
-0.567208 0.244486 -0.033335
-0.523303 0.248158 -0.024587
-0.522482 0.133088 -0.021952
-0.647842 0.142136 -0.024522
-0.687473 0.188009 -0.026314
-0.619210 0.026328 -0.021346
-0.471596 0.161154 -0.021631
-0.648865 0.199264 -0.025842
-0.552871 0.063803 -0.020948
-0.536333 0.030556 -0.027882
-0.546963 0.232532 -0.032681
-0.554835 0.139845 -0.030720
-0.582538 0.069984 -0.021648
-0.451630 0.150058 -0.029006
-0.485777 0.186553 -0.022477
-0.535565 0.209980 -0.031953
-0.541664 0.029915 -0.019965
-0.663613 0.217738 -0.034545
-0.606469 0.093227 -0.022628
-0.569420 0.042302 -0.028774
-0.598169 0.141209 -0.031568
-0.445983 0.051941 -0.026665
-0.527327 -0.000893 -0.018993
-0.433368 0.050042 -0.026384
-0.569670 0.238579 -0.025244
-0.627115 -0.025655 -0.021140
-0.624899 0.142876 -0.024106
-0.576259 -0.000918 -0.019915
-0.512721 0.232374 -0.032032
-0.539334 0.177305 -0.023277
-0.469638 0.043793 -0.018922
-0.590260 0.068857 -0.029771
-0.536909 0.254074 -0.024979
-0.484281 0.094633 -0.020356
-0.504109 0.058731 -0.019912
-0.488717 0.227932 -0.023475
-0.674368 0.155394 -0.025325
-0.640785 0.031289 -0.029869
-0.485383 0.137483 -0.021352
-0.512161 0.002975 -0.024657
-0.625396 0.056341 -0.022146
-0.526618 0.268945 -0.025123
-0.647650 0.077836 -0.023055
-0.423117 0.104327 -0.027427
-0.680691 0.109590 -0.029747
-0.585325 0.101902 -0.030431
-0.482430 0.144612 -0.029462
-0.623887 0.229909 -0.034072
-0.491336 0.220080 -0.023345
-0.536452 0.260166 -0.025109
-0.480560 0.015585 -0.021997
-0.625294 0.194233 -0.025283
-0.617242 0.001810 -0.028754
-0.497989 0.148387 -0.021838
-0.460665 0.052210 -0.018945
-0.536098 0.181191 -0.023304
-0.542251 0.004904 -0.019406
-0.669601 0.152084 -0.033163
-0.529619 0.119357 -0.021774
-0.530997 0.260079 -0.033007
-0.583707 0.062007 -0.021488
-0.688533 0.171159 -0.033954
-0.470027 0.078089 -0.019710
-0.469168 0.160988 -0.021582
-0.485686 0.022050 -0.026733
-0.423618 0.121372 -0.019821
-0.426121 0.101729 -0.019421
-0.656206 0.200603 -0.034015
-0.480265 0.269069 -0.032255
-0.638172 0.182035 -0.025248
-0.511831 0.022732 -0.019238
-0.592154 0.156306 -0.023795
-0.607093 0.039017 -0.021406
-0.602832 0.013187 -0.028741
-0.603237 -0.002048 -0.028402
-0.520880 0.237877 -0.024308
-0.400538 0.078414 -0.018416
-0.673300 0.205549 -0.034450
-0.549957 0.263245 -0.032613
-0.541246 0.135872 -0.022369
-0.651069 0.182474 -0.025502
-0.705481 0.186709 -0.026624
-0.618889 0.172281 -0.032666
-0.497043 0.167465 -0.022255
-0.679726 0.158819 -0.033507
-0.634898 0.104997 -0.023433
-0.669050 0.080217 -0.028406
-0.617145 0.181470 -0.032842
-0.519231 0.030766 -0.019561
-0.592269 -0.005340 -0.020116
-0.556508 0.110148 -0.030075
-0.525850 0.050326 -0.020131
-0.521020 0.203765 -0.031537
-0.668997 0.155747 -0.025231
-0.395903 0.049278 -0.017760
-0.494502 0.234862 -0.023741
-0.547051 0.219971 -0.032397
-0.594502 0.026445 -0.020882
-0.577621 0.252466 -0.026368
-0.544080 0.163210 -0.023045
-0.455545 0.090216 -0.019713
-0.524137 0.198293 -0.023468
-0.517246 0.068785 -0.020389
-0.613207 0.109560 -0.031131
-0.546721 0.261540 -0.033337
-0.686668 0.204253 -0.026669
-0.528348 0.117864 -0.029719
-0.534370 0.082734 -0.029033
-0.465976 0.074645 -0.019556
-0.468382 0.145751 -0.029223
-0.536401 0.172598 -0.023114
-0.635116 0.144564 -0.032341
-0.537934 0.088889 -0.021237
-0.528531 0.179755 -0.023129
-0.498799 0.024357 -0.019030
-0.485306 0.061877 -0.027633
-0.478031 0.243624 -0.023630
-0.660936 0.193521 -0.033943
-0.415306 0.044908 -0.017923
-0.684647 0.151293 -0.033429
-0.484736 0.066543 -0.019725
-0.502621 0.158742 -0.022161
-0.473758 0.152163 -0.029471
-0.524877 0.251693 -0.024698
-0.576124 0.062080 -0.021347
-0.541211 -0.007969 -0.027097
-0.620006 0.202258 -0.025366
-0.472711 0.028674 -0.018636
-0.430733 0.101882 -0.019511
-0.508003 0.225052 -0.023773
-0.642441 0.103742 -0.031550
-0.541266 0.179767 -0.023369
-0.471574 0.029144 -0.026629
-0.580898 0.074058 -0.029713
-0.501931 0.166270 -0.030323
-0.547329 0.031986 -0.028122
-0.564083 0.216870 -0.024644
-0.448894 0.045444 -0.026572
-0.486241 0.231625 -0.031515
-0.404243 0.087892 -0.024133
-0.557889 -0.015026 -0.020408
-0.526167 0.138672 -0.030152
-0.642767 0.155908 -0.032744
-0.668889 0.079785 -0.027387
-0.516146 0.065472 -0.028296
-0.520485 0.057891 -0.020202
-0.550627 0.101129 -0.021755
-0.460057 0.153245 -0.021234
-0.616851 0.025455 -0.029285
-0.529144 0.223349 -0.032136
-0.472952 0.164538 -0.029737
-0.546519 0.246720 -0.024993
-0.530745 0.149193 -0.030478
-0.590873 0.003689 -0.020296
-0.530915 0.068721 -0.028649
-0.450196 0.057189 -0.018860
-0.615062 0.011854 -0.028941
-0.638724 0.183665 -0.025296
-0.485293 0.013804 -0.018847
-0.645768 0.021474 -0.025879
-0.472181 0.254915 -0.023777
-0.577118 -0.006785 -0.019798
-0.560307 0.117710 -0.030319
-0.475348 0.224939 -0.023154
-0.602322 -0.031237 -0.027720
-0.619155 0.072035 -0.030389
-0.677111 0.100432 -0.024308
-0.667779 0.191410 -0.026020
-0.666437 0.112571 -0.032203
-0.630401 0.228310 -0.034159
-0.595578 0.144113 -0.031585
-0.529977 0.230182 -0.024304
-0.599703 0.037059 -0.029225
-0.418821 0.119941 -0.027701
-0.625837 -0.028832 -0.022872
-0.575292 0.162749 -0.031627
-0.622311 0.171446 -0.024708
-0.427641 0.118373 -0.027832
-0.545944 0.025556 -0.019946
-0.410119 0.085202 -0.026746
-0.580436 0.172270 -0.031941
-0.494907 0.047199 -0.027480
-0.589299 0.042984 -0.021161
-0.695730 0.196166 -0.026656
-0.534717 0.064708 -0.028629
-0.503868 0.251166 -0.024289
-0.539465 0.224147 -0.032349
-0.473843 0.060826 -0.027393
-0.418406 0.060494 -0.018336
-0.610001 0.166946 -0.032377
-0.451160 0.173444 -0.021526
-0.521354 0.027986 -0.019538
-0.589005 -0.005703 -0.028050
-0.647444 0.174081 -0.033246
-0.659160 0.095600 -0.023676
-0.584252 0.225102 -0.025212
-0.517429 0.170543 -0.030713
-0.563978 0.211887 -0.024529
-0.626559 0.171141 -0.024781
-0.662422 0.135854 -0.032658
-0.637461 0.041778 -0.030045
-0.523358 0.075591 -0.028663
-0.453739 0.026159 -0.023973
-0.488152 0.191071 -0.030628
-0.573865 0.143649 -0.023162
-0.628193 0.114301 -0.031521
-0.633440 0.115442 -0.031646
-0.577137 0.111049 -0.022481
-0.487917 0.154707 -0.029796
-0.481590 0.120804 -0.028905
-0.564992 0.127047 -0.030620
-0.501391 0.035530 -0.019333
-0.662552 0.170312 -0.025441
-0.559658 0.029883 -0.020303
-0.583474 0.111353 -0.030611
-0.458785 0.033030 -0.018472
-0.687918 0.186759 -0.026294
-0.641255 0.011503 -0.029427
-0.534023 0.077022 -0.028897
-0.500428 0.136006 -0.021602
-0.453644 0.047435 -0.018703
-0.535273 0.166191 -0.022947
-0.686746 0.162944 -0.025730
-0.538403 0.017255 -0.027618
-0.556251 0.139856 -0.022743
-0.602254 0.232943 -0.025730
-0.617616 0.218890 -0.025700
-0.492937 0.220101 -0.023376
-0.520723 0.208810 -0.023643
-0.492832 0.260501 -0.024294
-0.692118 0.145295 -0.033433
-0.623932 0.220053 -0.025845
-0.509998 0.279239 -0.027623
-0.454804 0.112232 -0.020201
-0.567327 0.016620 -0.020146
-0.637642 0.154388 -0.032612
-0.492128 0.153239 -0.029842
-0.612692 -0.020717 -0.028155
-0.656107 0.119126 -0.024154
-0.482278 0.157063 -0.021740
-0.481081 0.114199 -0.020741
-0.581134 0.195322 -0.024475
-0.439249 0.106054 -0.019767
-0.564373 0.034449 -0.028500
-0.529902 0.013437 -0.019368
-0.639735 0.006248 -0.025040
-0.620446 -0.027882 -0.028138
-0.675039 0.140956 -0.025008
-0.551412 0.162569 -0.023169
-0.428784 0.077411 -0.026921
-0.574099 0.031940 -0.020623
-0.679447 0.185215 -0.034103
-0.486605 0.219376 -0.023240
-0.447482 0.047934 -0.018599
-0.679288 0.196571 -0.034358
-0.566031 0.055904 -0.029019
-0.587951 0.024578 -0.020716
-0.561329 0.072519 -0.029309
-0.471547 0.232349 -0.023251
-0.509716 0.065260 -0.028170
-0.565694 0.165699 -0.023509
-0.584298 0.091539 -0.022172
-0.492139 0.252379 -0.032099
-0.585031 0.027449 -0.028730
-0.661860 0.098518 -0.023794
-0.541424 0.222335 -0.024341
-0.561451 0.258687 -0.032645
-0.608737 0.157060 -0.032128
-0.590684 0.063197 -0.021647
-0.418334 0.123034 -0.019759
-0.521609 0.129717 -0.029862
-0.532466 0.004544 -0.019214
-0.608606 0.140976 -0.031759
-0.673738 0.092043 -0.028898
-0.541104 0.029364 -0.027945
-0.493629 0.146262 -0.029711
-0.682746 0.165869 -0.033725
-0.465909 0.201827 -0.030454
-0.643594 0.145964 -0.032533
-0.442983 0.141594 -0.020646
-0.422206 0.079464 -0.018840
-0.587205 -0.012523 -0.027861
-0.652800 0.076881 -0.031134
-0.535153 0.159270 -0.022787
-0.642258 0.211113 -0.033991
-0.582166 -0.004614 -0.027946
-0.625493 0.005637 -0.028996
-0.507326 0.068215 -0.020189
-0.565768 0.224792 -0.032860
-0.595181 0.127973 -0.023207
-0.500859 0.201172 -0.023094
-0.592592 0.184602 -0.024447
-0.530086 0.231939 -0.024346
-0.498137 0.131246 -0.021451
-0.400283 0.050890 -0.025779
-0.489941 0.116492 -0.028964
-0.583785 -0.011215 -0.019823
-0.609316 -0.035493 -0.022969
-0.643850 0.212595 -0.026051
-0.543559 0.184190 -0.031516
-0.478416 0.090322 -0.028151
-0.680519 0.136014 -0.033003
-0.575655 0.191587 -0.024287
-0.649297 0.193018 -0.033712
-0.664578 0.104349 -0.023978
-0.643643 0.027986 -0.029848
-0.478597 0.209024 -0.030857
-0.581154 0.223016 -0.025106
-0.486844 0.199944 -0.022802
-0.435447 0.077481 -0.019044
-0.531274 0.150855 -0.022522
-0.636557 0.005816 -0.029209
-0.703288 0.202596 -0.027897
-0.607290 -0.034684 -0.022778
-0.475360 0.142235 -0.021271
-0.629791 0.046015 -0.021993
-0.600845 0.001038 -0.020423
-0.589006 0.195138 -0.024619
-0.628598 0.091196 -0.031003
-0.555907 0.043432 -0.028545
-0.649802 0.159702 -0.024959
-0.513530 0.165374 -0.030522
-0.503769 0.231809 -0.031850
-0.602104 0.062992 -0.029861
-0.536075 0.021180 -0.019660
-0.561433 0.153168 -0.023144
-0.667899 0.155204 -0.025198
-0.617585 0.230817 -0.033974
-0.487542 0.059525 -0.019618
-0.460094 0.201373 -0.030334
-0.507066 0.198170 -0.023143
-0.524505 0.167231 -0.022768
-0.537437 0.078456 -0.020990
-0.449506 0.075299 -0.027263
-0.575308 0.191427 -0.024277
-0.590545 0.120907 -0.022958
-0.599307 0.018517 -0.020792
-0.467051 0.213141 -0.022729
-0.639826 0.007678 -0.021310
-0.544564 0.096481 -0.021535
-0.591702 0.197524 -0.032728
-0.612364 0.107036 -0.031058
-0.410828 0.053289 -0.026033
-0.497668 0.120490 -0.029201
-0.455775 0.076632 -0.019408
-0.473802 0.115503 -0.028637
-0.627794 0.157217 -0.024488
-0.683341 0.164404 -0.033702
-0.521905 0.021759 -0.019406
-0.498399 0.169575 -0.030332
-0.534090 0.203046 -0.031767
-0.582589 0.177347 -0.024093
-0.535170 0.230538 -0.024410
-0.485489 0.191294 -0.022579
-0.554011 0.150619 -0.030949
-0.493629 0.162217 -0.030074
-0.424440 0.122238 -0.027859
-0.643592 0.163159 -0.032924
-0.445432 0.191712 -0.024530
-0.404080 0.066544 -0.018204
-0.545171 0.129809 -0.030309
-0.628376 0.001734 -0.020958
-0.699603 0.196243 -0.026731
-0.647395 0.179156 -0.033360
-0.577762 -0.012136 -0.019688
-0.673705 0.187674 -0.034050
-0.620468 -0.019833 -0.020318
-0.622383 0.161803 -0.024490
-0.553732 0.101772 -0.021828
-0.440809 0.142812 -0.028636
-0.438177 0.122142 -0.028116
-0.625016 0.093008 -0.030977
-0.483326 0.097121 -0.028398
-0.533379 0.228606 -0.024332
-0.536136 0.254743 -0.032983
-0.454303 0.111289 -0.028173
-0.573169 0.118892 -0.030588
-0.600566 0.114589 -0.023003
-0.459524 0.184990 -0.029950
-0.590649 0.216824 -0.033148
-0.519278 0.148179 -0.022235
-0.474205 0.216154 -0.022933
-0.469890 0.076369 -0.019669
-0.449293 0.085875 -0.019497
-0.639237 0.184137 -0.025316
-0.600485 0.148943 -0.023784
-0.517790 0.266437 -0.032903
-0.490502 0.124998 -0.029168
-0.443041 0.156757 -0.020993
-0.543104 0.093409 -0.021437
-0.580299 0.201751 -0.032609
-0.591243 0.099798 -0.022491
-0.663668 0.113543 -0.032173
-0.485157 0.162286 -0.021913
-0.465253 0.239164 -0.023288
-0.529695 0.028224 -0.019700
-0.566045 -0.003414 -0.027669
-0.476867 0.235071 -0.031417
-0.524118 0.105106 -0.021346
-0.491619 0.141498 -0.029565
-0.463266 0.117984 -0.020491
-0.546639 0.115979 -0.030022
-0.556201 0.147805 -0.022923
-0.689243 0.158178 -0.025668
-0.700335 0.171183 -0.026174
-0.395125 0.049451 -0.022211
-0.621497 -0.039725 -0.024659
-0.441262 0.121922 -0.020166
-0.691925 0.190598 -0.026457
-0.638453 0.097557 -0.031334
-0.581178 0.245023 -0.025608
-0.588251 0.165492 -0.023930
-0.663163 0.096411 -0.023770
-0.632844 0.022561 -0.029520
-0.704777 0.196697 -0.026838
-0.537356 0.088275 -0.029216
-0.571932 0.115294 -0.030483
-0.577643 -0.001392 -0.027934
-0.500331 0.283104 -0.026540
-0.500304 0.246796 -0.032126
-0.624807 0.054455 -0.030095
-0.476174 0.038388 -0.026926
-0.610025 0.190234 -0.032908
-0.678395 0.135643 -0.024951
-0.564736 0.031002 -0.028428
-0.496904 0.143096 -0.029701
-0.446738 0.103333 -0.027849
-0.498427 0.142096 -0.029707
-0.547182 0.151457 -0.022836
-0.628425 0.044872 -0.021942
-0.588354 0.002756 -0.028230
-0.569501 0.223386 -0.032898
-0.485333 0.027783 -0.018854
-0.465221 0.208333 -0.022585
-0.641037 0.025634 -0.021741
-0.499310 0.018166 -0.018898
-0.446330 0.133123 -0.028520
-0.595138 0.117857 -0.030979
-0.619223 -0.015775 -0.028391
-0.458275 0.172100 -0.029633
-0.683948 0.163151 -0.025682
-0.643549 0.123351 -0.032017
-0.598284 0.230609 -0.033606
-0.605493 0.216281 -0.033415
-0.529855 0.036003 -0.027884
-0.558420 0.225011 -0.032726
-0.480398 0.259012 -0.024025
-0.579733 0.148909 -0.023392
-0.499148 0.283398 -0.032332
-0.487120 0.038587 -0.027137
-0.484178 0.281088 -0.032603
-0.570724 0.253656 -0.025607
-0.563413 0.242020 -0.033208
-0.525083 0.172081 -0.030892
-0.467052 0.173723 -0.029835
-0.462837 0.098206 -0.020033
-0.545315 0.245320 -0.032941
-0.539636 0.041846 -0.028202
-0.611125 0.226274 -0.033749
-0.491858 0.047780 -0.019432
-0.544546 0.169136 -0.031192
-0.600309 0.150172 -0.023809
-0.635475 0.110668 -0.023573
-0.399696 0.047768 -0.017959
-0.544642 0.134317 -0.030401
-0.589633 -0.027812 -0.027051
-0.503669 0.134172 -0.029625
-0.401481 0.063323 -0.018081
-0.480995 0.175849 -0.030147
-0.575598 0.137749 -0.023060
-0.507780 0.086357 -0.028614
-0.542503 0.151678 -0.022753
-0.598115 0.194781 -0.024783
-0.612555 0.099732 -0.030895
-0.498206 0.123398 -0.029277
-0.577257 0.021209 -0.020438
-0.564704 0.080972 -0.021562
-0.613390 -0.028891 -0.019979
-0.575142 0.009971 -0.020142
-0.652957 0.042954 -0.022361
-0.546831 0.202113 -0.031986
-0.515895 0.165159 -0.030561
-0.684365 0.171501 -0.033883
-0.600815 0.175514 -0.032399
-0.699681 0.162588 -0.025966
-0.553416 0.053284 -0.020718
-0.524851 0.176427 -0.022983
-0.477216 0.165742 -0.029845
-0.409855 0.102048 -0.024614
-0.526466 0.266867 -0.033077
-0.492696 0.181278 -0.022487
-0.636031 0.119708 -0.031792
-0.455297 0.098532 -0.019898
-0.701602 0.188719 -0.026597
-0.551935 0.167109 0.049495
-0.601304 0.068357 0.055496
-0.554012 0.148013 0.000882
-0.593356 0.104041 0.059316
-0.585976 0.108300 0.024074
-0.585245 0.113752 0.037034
-0.582580 0.089354 -0.021636
-0.607220 0.041017 0.005497
-0.597902 0.063213 0.016002
-0.638066 0.014531 0.066049
-0.553531 0.183800 0.054799
-0.537450 0.191323 0.032171
-0.631073 0.010468 0.020789
-0.522943 0.214668 0.011853
-0.629652 0.035018 0.075429
-0.609992 0.063502 0.037587
-0.547399 0.198343 0.061505
-0.537973 0.177023 -0.011116
-0.614733 0.054729 0.040488
-0.559391 0.148528 -0.021509
-0.595771 0.083175 0.067082
-0.585951 0.079795 -0.009401
-0.533651 0.204118 0.048700
-0.542621 0.173071 0.006932
-0.564910 0.150901 0.023023
-0.548982 0.180235 0.072747
-0.570979 0.150296 0.061484
-0.549090 0.158192 0.001376
-0.576694 0.108240 0.021945
-0.622677 0.038714 0.041042
-0.556296 0.176933 0.050768
-0.550367 0.151665 -0.011458
-0.544811 0.203843 0.062242
-0.536749 0.193395 -0.023683
-0.525481 0.219432 -0.015571
-0.517623 0.226195 0.014106
-0.527991 0.218350 0.057532
-0.515955 0.229309 0.013170
-0.546958 0.182938 0.068102
-0.590295 0.088545 0.048159
-0.575164 0.142855 0.065040
-0.580356 0.120597 0.026839
-0.625610 0.008457 -0.020897
-0.565120 0.135951 0.035448
-0.538704 0.206062 0.028810
-0.591514 0.100533 0.035572
-0.544225 0.201529 0.050772
-0.567078 0.150871 0.037372
-0.534188 0.214972 0.027855
-0.520666 0.222809 0.023308
-0.558010 0.157929 0.000039
-0.613605 0.029669 0.010930
-0.538080 0.198481 0.059778
-0.554197 0.164589 -0.003588
-0.616382 0.030777 0.033060
-0.586036 0.107457 0.021717
-0.636145 0.018429 0.064441
-0.596891 0.057676 -0.021054
-0.537677 0.176186 -0.015821
-0.540337 0.175781 0.000574
-0.551667 0.166562 -0.013993
-0.580808 0.110546 0.056899
-0.561715 0.143092 0.036117
-0.525605 0.235021 0.036238
-0.561729 0.153468 0.070142
-0.543530 0.192580 0.016873
-0.583192 0.090577 0.007479
-0.570300 0.108812 -0.018787
-0.594362 0.065624 0.000298
-0.614473 0.034022 0.030949
-0.561969 0.158216 0.027353
-0.612121 0.050777 0.010154
-0.573834 0.125904 0.000735
-0.611697 0.063829 0.050020
-0.632517 0.011479 0.042750
-0.543477 0.189563 0.006653
-0.514136 0.231125 -0.011851
-0.622443 0.016573 0.026990
-0.521672 0.210901 -0.008938
-0.526800 0.224179 0.068658
-0.556958 0.173024 0.042396
-0.564270 0.133628 0.022187
-0.555989 0.155253 -0.022185
-0.518865 0.222472 -0.023669
-0.531411 0.228327 0.074371
-0.526812 0.227659 0.020202
-0.523911 0.235389 0.026154
-0.588538 0.113742 0.058939
-0.620597 0.015281 0.010468
-0.564926 0.145279 0.064664
-0.618459 0.044232 0.030984
-0.608132 0.049478 -0.020667
-0.550976 0.159566 0.018439
-0.532946 0.202053 -0.022668
-0.628042 0.011514 0.047751
-0.600791 0.069592 0.056111
-0.521645 0.235475 0.035741
-0.596042 0.080744 0.001026
-0.552624 0.160468 0.032371
-0.600994 0.086318 0.052249
-0.553703 0.157797 -0.023130
-0.581584 0.119854 0.032597
-0.525568 0.234006 0.032671
-0.528896 0.217984 0.002450
-0.560087 0.175222 0.070431
-0.537354 0.179672 -0.006571
-0.573167 0.142550 0.050735
-0.601675 0.068137 0.057246
-0.613580 0.044401 -0.000972
-0.604454 0.039673 -0.017325
-0.604792 0.070367 0.025391
-0.552651 0.147780 -0.008949
-0.592760 0.088604 0.064777
-0.561584 0.149438 -0.003919
-0.535172 0.198895 -0.018162
-0.601663 0.091832 0.074741
-0.552323 0.152434 0.004090
-0.564152 0.124328 -0.009011
-0.534753 0.226375 0.068913
-0.546666 0.157250 -0.017851
-0.569946 0.128315 -0.017284
-0.537659 0.213123 0.044943
-0.580093 0.103797 0.030065
-0.547414 0.170582 0.030732
-0.626164 0.014638 0.045451
-0.555046 0.152853 -0.022936
-0.619109 0.045311 0.038842
-0.631725 0.011462 0.012207
-0.615943 0.037709 -0.007113
-0.588824 0.093216 0.053635
-0.572003 0.120113 0.029518
-0.578009 0.105571 0.021980
-0.603935 0.059740 -0.015075
-0.526216 0.238097 0.062806
-0.615922 0.053022 0.042828
-0.586162 0.105480 0.016091
-0.544193 0.206618 0.074427
-0.586735 0.090812 0.031857
-0.540761 0.206561 0.044147
-0.514145 0.222355 -0.021631
-0.604538 0.050180 -0.021408
-0.612183 0.041603 0.040486
-0.591731 0.072350 0.004760
-0.591389 0.105736 0.051755
-0.547353 0.165883 0.014958
-0.612631 0.028466 0.000506
-0.562560 0.141618 -0.022992
-0.563735 0.150267 0.073042
-0.616315 0.038736 -0.001276
-0.619161 0.046360 0.042618
-0.631645 0.010836 0.027109
-0.534807 0.220735 0.050831
-0.563320 0.155080 0.026099
-0.562653 0.130662 0.001718
-0.608862 0.054323 0.000037
-0.622026 0.048923 0.070091
-0.571263 0.132469 0.005077
-0.613823 0.045390 0.063793
-0.575851 0.104873 0.005314
-0.573607 0.138030 0.038887
-0.558212 0.164285 0.022167
-0.525392 0.230521 0.020100
-0.630776 0.010247 0.015360
-0.601454 0.051561 0.001560
-0.537037 0.188940 0.021624
-0.575164 0.105237 0.001927
-0.581347 0.104502 -0.019196
-0.607964 0.034130 -0.012069
-0.612097 0.051206 0.011401
-0.525283 0.199737 -0.021387
-0.595196 0.071058 -0.021802
-0.515429 0.231583 0.017104
-0.526577 0.223779 0.005943
-0.576384 0.122453 0.006447
-0.590415 0.093410 0.004954
-0.608091 0.041220 0.011968
-0.607092 0.072411 0.047400
-0.544880 0.206095 0.074384
-0.543414 0.193445 0.018931
-0.586964 0.121065 0.072398
-0.546406 0.158994 -0.013880
-0.527282 0.237736 0.056289
-0.619058 0.029373 0.046297
-0.538163 0.180575 0.001767
-0.588171 0.077837 -0.001011
-0.636681 0.019785 0.072449
-0.601594 0.069918 0.002612
-0.616749 0.050532 0.040191
-0.545034 0.164078 -0.006400
-0.580923 0.109964 0.055759
-0.612864 0.057436 0.036887
-0.564263 0.144982 0.059274
-0.624434 0.015402 0.036427
-0.603327 0.070810 0.076994
-0.604603 0.077456 0.047313
-0.589421 0.105649 0.038358
-0.581111 0.100564 0.026272
-0.522092 0.232789 0.005530
-0.579616 0.101166 -0.022127
-0.586646 0.106174 0.021581
-0.606550 0.053473 -0.018143
-0.539738 0.177154 0.001073
-0.559651 0.150819 -0.012281
-0.569556 0.121451 0.017586
-0.522533 0.228556 -0.005376
-0.630830 0.010715 0.047732
-0.551437 0.164819 0.038687
-0.599223 0.065427 0.032045
-0.522997 0.224080 0.042998
-0.555058 0.183411 0.063705
-0.558174 0.171594 0.045817
-0.555823 0.137413 -0.021717
-0.586439 0.088456 0.022176
-0.601693 0.070760 0.065941
-0.621288 0.030601 0.065167
-0.586336 0.112419 0.076206
-0.601620 0.047804 -0.009617
-0.614451 0.026616 0.006580
-0.554448 0.178123 0.042342
-0.571027 0.124050 0.035889
-0.590446 0.089190 -0.008642
-0.546560 0.156252 -0.021823
-0.577035 0.120338 0.003868
-0.619955 0.054646 0.076399
-0.536812 0.197945 0.049573
-0.571602 0.128733 0.055035
-0.580064 0.129698 0.054660
-0.581280 0.122420 0.038960
-0.580412 0.113688 0.064538
-0.619414 0.036318 0.011463
-0.618341 0.021608 0.016124
-0.526387 0.228942 0.021567
-0.606071 0.042541 0.002828
-0.595211 0.086448 0.074056
-0.537097 0.195025 -0.017996
-0.546119 0.161832 -0.006514
-0.627562 0.014296 0.053653
-0.538969 0.183844 0.017831
-0.525989 0.219813 0.048979
-0.561591 0.169620 0.062132
-0.623667 0.042365 0.059577
-0.556067 0.160635 0.055855
-0.587834 0.076998 -0.006000
-0.575289 0.119721 -0.009785
-0.531499 0.224056 0.074662
-0.524492 0.219095 0.036653
-0.631826 0.011429 0.012774
-0.574062 0.110035 0.010276
-0.620333 0.051012 0.076612
-0.572550 0.116749 0.022157
-0.532589 0.227999 0.074258
-0.573647 0.120406 -0.018487
-0.569003 0.153307 0.058167
-0.623638 0.033725 0.031128
-0.621984 0.026217 0.055475
-0.605679 0.068823 0.026253
-0.555844 0.163060 0.062299
-0.608067 0.070240 0.046798
-0.533179 0.194512 0.014142
-0.599512 0.053171 -0.006116
-0.592062 0.092429 0.072636
-0.557862 0.144954 0.016529
-0.631612 0.019276 0.037011
-0.520661 0.217206 0.004948
-0.614040 0.055544 0.038533
-0.531382 0.231983 0.064798
-0.582411 0.120808 0.041220
-0.590980 0.077219 -0.021750
-0.528051 0.228648 0.031695
-0.620652 0.023395 0.037368
-0.574207 0.112702 0.019969
-0.610072 0.073683 0.071418
-0.535382 0.223324 0.063128
-0.617148 0.041894 0.014601
-0.593456 0.107374 0.070881
-0.596469 0.081324 0.005762
-0.555778 0.182737 0.066299
-0.540909 0.208287 0.074688
-0.549492 0.177205 0.066233
-0.611498 0.028453 -0.007089
-0.530288 0.231545 0.056070
-0.560743 0.162481 0.033132
-0.574825 0.127294 0.071806
-0.576664 0.125179 0.017226
-0.598200 0.095670 0.064217
-0.615351 0.024739 0.006440
-0.589978 0.085952 0.037570
-0.599065 0.096332 0.072144
-0.543408 0.183813 -0.012611
-0.551480 0.157340 -0.022841
-0.517415 0.232910 0.000547
-0.581999 0.097957 0.023664
-0.584098 0.120182 0.050419
-0.521751 0.222991 0.031130
-0.517508 0.222293 0.000575
-0.607221 0.051468 -0.020233
-0.578945 0.112464 0.050755
-0.541661 0.207177 0.052158
-0.587338 0.095156 -0.009837
-0.592299 0.087072 0.056693
-0.623846 0.008008 0.008324
-0.559232 0.137469 0.001184
-0.564967 0.138539 0.042894
-0.514620 0.231003 0.009818
-0.598894 0.067572 0.036869
-0.613243 0.040562 0.044140
-0.562213 0.153928 0.014954
-0.608350 0.039789 0.009013
-0.609342 0.070769 0.057021
-0.606462 0.050526 0.031544
-0.517362 0.232349 0.032488
-0.629225 0.017274 0.074471
-0.593655 0.078960 -0.020718
-0.608793 0.071904 0.057076
-0.563890 0.127653 0.000115
-0.568106 0.136295 -0.003446
-0.626846 0.037394 0.064506
-0.575574 0.108257 0.014541
-0.557691 0.151652 -0.022619
-0.613944 0.038351 -0.018333
-0.563234 0.159456 0.039837
-0.563758 0.152642 0.021046
-0.626752 0.032642 0.048337
-0.594192 0.077883 -0.020663
-0.619472 0.015365 0.003242
-0.602944 0.056450 0.027477
-0.545893 0.198118 0.050735
-0.566607 0.143376 0.009725
-0.546607 0.183107 0.006399
-0.612500 0.060010 0.042877
-0.578909 0.129512 0.046359
-0.588889 0.078444 0.005761
-0.557059 0.179563 0.064452
-0.522007 0.234926 0.011950
-0.529997 0.209983 -0.016381
-0.515935 0.220989 -0.014174
-0.538907 0.189800 -0.023020
-0.615352 0.017642 -0.016766
-0.544538 0.169955 -0.022929
-0.572388 0.131424 0.009155
-0.617485 0.033678 -0.010018
-0.567635 0.130050 0.032914
-0.529803 0.228579 0.043142
-0.559089 0.157730 0.066491
-0.568223 0.138361 0.004089
-0.548337 0.183448 0.075583
-0.594421 0.086776 0.009946
-0.527306 0.209936 0.025448
-0.606024 0.059881 0.059222
-0.631279 0.025277 0.054412
-0.631904 0.024889 0.057310
-0.576794 0.102623 0.004242
-0.551852 0.146482 -0.018517
-0.534826 0.214328 0.030000
-0.579148 0.098332 0.005894
-0.544858 0.187563 0.009317
-0.589114 0.115540 0.068661
-0.620876 0.017382 0.019194
-0.576021 0.118992 0.052620
-0.523386 0.229027 0.001848
-0.624587 0.006940 -0.003520
-0.579877 0.108785 -0.014980
-0.562566 0.123819 -0.021243
-0.578038 0.116263 0.057138
-0.521123 0.220244 0.017961
-0.565036 0.147234 0.011874
-0.588988 0.115941 0.069131
-0.543216 0.206449 0.060136
-0.540539 0.169650 -0.018127
-0.562142 0.140742 0.031273
-0.633639 0.023055 0.062875
-0.611657 0.032551 0.007374
-0.561740 0.163905 0.044431
-0.582500 0.092562 0.009357
-0.621308 0.018268 0.024974
-0.560386 0.158641 0.018194
-0.601831 0.045969 -0.014213
-0.608152 0.045909 0.027706
-0.618832 0.054512 0.067088
-0.591844 0.103627 0.047886
-0.553090 0.155066 -0.022866
-0.585073 0.091661 0.023555
-0.603240 0.065222 0.058137
-0.582773 0.107084 0.058669
-0.568186 0.159390 0.072615
-0.553514 0.185397 0.059909
-0.568660 0.156320 0.065741
-0.609181 0.047850 0.040911
-0.518923 0.233975 0.024142
-0.553665 0.163107 0.047936
-0.618351 0.035074 0.060230
-0.582462 0.105344 0.050909
-0.521927 0.225162 0.039406
-0.563669 0.160046 0.044667
-0.572619 0.112105 -0.022090
-0.523372 0.209719 -0.001473
-0.599691 0.075126 0.006966
-0.607553 0.071936 0.048917
-0.587533 0.096884 0.057029
-0.534848 0.221704 0.054271
-0.533935 0.208870 0.006219
-0.608636 0.077315 0.073724
-0.589400 0.076531 0.002906
-0.546658 0.190597 0.075272
-0.549594 0.163919 0.023464
-0.562995 0.151990 0.073745
-0.571884 0.128850 -0.002618
-0.516698 0.218835 -0.016127
-0.612597 0.024710 -0.012005
-0.534724 0.202214 -0.010292
-0.628161 0.018281 0.010757
-0.559303 0.154466 0.057239
-0.588350 0.103115 0.022930
-0.619348 0.034330 0.064440
-0.597195 0.096707 0.060913
-0.575590 0.123208 0.063539
-0.596355 0.088154 0.027341
-0.617493 0.016108 -0.007512
-0.559310 0.145030 0.026428
-0.558246 0.156441 -0.003261
-0.541021 0.208041 0.050722
-0.548924 0.173050 0.048865
-0.556704 0.162590 0.066495
-0.632960 0.018289 0.042761
-0.532206 0.201553 0.030685
-0.580860 0.109761 -0.005238
-0.543538 0.205531 0.059281
-0.524303 0.226501 0.059611
-0.555693 0.153525 0.030110
-0.599798 0.090389 0.057598
-0.575655 0.103115 -0.001741
-0.618612 0.047525 0.042773
-0.525221 0.213192 0.022204
-0.577089 0.120690 0.005376
-0.601172 0.058115 0.021113
-0.626603 0.033065 0.048726
-0.555205 0.180677 0.055744
-0.592555 0.068985 -0.021351
-0.611872 0.067850 0.064336
-0.547178 0.182898 0.069435
-0.565998 0.135826 0.040892
-0.533027 0.184848 -0.018474
-0.534653 0.213187 0.025121
-0.535674 0.178487 -0.022507
-0.519428 0.234219 0.023782
-0.595255 0.080154 0.053768
-0.538754 0.174800 -0.013177
-0.616676 0.057521 0.062564
-0.580609 0.130634 0.061351
-0.607351 0.061137 0.012255
-0.595382 0.070669 0.023594
-0.587212 0.090390 0.033652
-0.594010 0.085644 0.063427
-0.529009 0.237660 0.067550
-0.618749 0.050667 0.076819
-0.602101 0.074982 0.077026
-0.589085 0.113240 0.060944
-0.519492 0.232727 0.047920
-0.630786 0.014928 0.077200
-0.561998 0.157524 0.025284
-0.600882 0.058589 0.020733
-0.530037 0.224158 0.030242
-0.613434 0.059245 0.046599
-0.535653 0.204985 0.004960
-0.552316 0.182827 0.043523
-0.588493 0.088194 0.035004
-0.587663 0.089889 0.035016
-0.593217 0.089616 0.011218
-0.542429 0.186104 -0.011642
-0.573755 0.126771 0.003048
-0.536413 0.193456 -0.023649
-0.547062 0.174896 -0.017427
-0.590339 0.095689 0.071815
-0.568339 0.118670 0.000386
-0.537740 0.221257 0.072078
-0.621293 0.015038 0.014309
-0.560006 0.176420 0.073805
-0.524528 0.236804 0.034893
-0.631011 0.024309 0.049460
-0.543261 0.194162 0.020256
-0.568957 0.130897 0.044491
-0.609149 0.057590 0.012633
-0.605894 0.064192 0.012538
-0.566794 0.135455 0.044983
-0.539271 0.193015 -0.010079
-0.583145 0.111734 0.016439
-0.576031 0.115962 0.042778
-0.523699 0.204048 -0.022928
-0.616542 0.055927 0.056459
-0.617962 0.016389 -0.003467
-0.543811 0.189365 0.068151
-0.544877 0.180981 0.047832
-0.614967 0.042789 0.062915
-0.580595 0.104415 -0.022469
-0.577088 0.134223 0.049629
-0.607406 0.065015 0.025305
-0.626811 0.019564 0.005959
-0.587528 0.089831 0.033929
-0.597096 0.067535 0.024762
-0.625990 0.017619 -0.005870
-0.596136 0.080515 0.000902
-0.605327 0.073207 0.038243
-0.631784 0.027587 0.065337
-0.588411 0.072267 -0.017626
-0.611241 0.072397 0.074997
-0.517813 0.232588 0.036279
-0.538085 0.191941 -0.021496
-0.572472 0.122969 -0.017937
-0.551300 0.189567 0.058794
-0.597968 0.080668 0.013607
-0.616686 0.049945 0.037856
-0.588530 0.088086 0.034898
-0.536918 0.198970 0.053631
-0.623886 0.020758 -0.009624
-0.565549 0.130738 0.021264
-0.619687 0.009572 -0.014272
-0.631143 0.010565 0.005397
-0.526893 0.197164 -0.022811
-0.561939 0.163919 0.045808
-0.587198 0.079893 -0.021502
-0.557497 0.177787 0.074924
-0.629486 0.014464 0.007106
-0.553589 0.175975 0.029594
-0.591900 0.072505 0.006398
-0.547776 0.161187 0.002417
-0.615373 0.063304 0.072796
-0.613660 0.045015 0.061482
-0.572182 0.142673 0.044574
-0.594089 0.085811 0.064500
-0.517200 0.232430 0.031675
-0.553914 0.161359 0.043879
-0.624369 0.017516 0.042904
-0.549631 0.156955 0.000936
-0.625903 0.041844 0.072773
-0.542159 0.185110 0.043229
-0.537682 0.192880 -0.021109
-0.611645 0.035528 0.017032
-0.528683 0.236228 0.060694
-0.585174 0.098956 -0.011831
-0.555167 0.140666 -0.015447
-0.583479 0.103227 -0.009159
-0.527402 0.237712 0.057009
-0.530768 0.222575 0.029937
-0.566010 0.128606 0.017361
-0.526891 0.228839 0.024587
-0.562983 0.147784 0.059910
-0.540021 0.189887 -0.015312
-0.583298 0.088786 -0.021679
-0.546188 0.172749 0.029651
-0.605850 0.043071 0.003085
-0.567774 0.137087 0.056850
-0.530307 0.216345 0.066402
-0.629194 0.009591 0.024460
-0.600521 0.056585 0.011777
-0.598850 0.068208 -0.021260
-0.597817 0.080771 0.012943
-0.611817 0.050016 0.005645
-0.550057 0.164716 -0.023197
-0.590449 0.114758 0.074997
-0.624656 0.016540 -0.018288
-0.571224 0.133195 0.007193
-0.627240 0.014025 0.050622
-0.520639 0.221456 0.018703
-0.566689 0.147123 0.022524
-0.558948 0.153801 0.052702
-0.593694 0.061144 -0.018807
-0.586984 0.098909 0.059989
-0.527449 0.238840 0.072784
-0.602199 0.050497 0.003048
-0.636347 0.019203 0.068318
-0.603964 0.040503 -0.020659
-0.592543 0.089169 0.005266
-0.632223 0.011231 0.035208
-0.558517 0.148876 0.033723
-0.571214 0.120248 0.024703
-0.583734 0.080793 -0.020912
-0.554517 0.143937 -0.009082
-0.602350 0.049556 0.000976
-0.511567 0.227561 -0.021785
-0.520897 0.225412 0.033358
-0.625829 0.022298 0.008360
-0.528676 0.236911 0.062880
-0.589209 0.081785 -0.021867
-0.609816 0.056567 0.073650
-0.530727 0.230227 0.054686
-0.531027 0.222417 0.031143
-0.606707 0.060960 0.067300
-0.578115 0.115387 -0.005133
-0.525696 0.216851 -0.022579
-0.554404 0.173647 0.027415
-0.626053 0.017892 -0.004561
-0.529249 0.221389 0.015933
-0.621714 0.029807 0.065415
-0.612749 0.053440 0.023052
-0.557764 0.148031 0.025944
-0.624522 0.038201 0.051656
-0.616540 0.031055 0.035020
-0.608632 0.056277 0.064812
-0.567933 0.133174 0.045112
-0.559889 0.142372 0.021594
-0.602774 0.052227 0.012538
-0.601787 0.064812 -0.012798
-0.532270 0.187328 -0.015412
-0.533134 0.193275 0.009792
-0.605222 0.053484 -0.021720
-0.618043 0.025708 0.027547
-0.527204 0.234169 0.044102
-0.601696 0.046728 -0.012633
-0.610702 0.043215 0.035887
-0.587170 0.096842 0.054470
-0.602367 0.056189 0.022776
-0.572349 0.128442 -0.000853
-0.549659 0.154789 -0.005958
-0.575298 0.116241 0.038810
-0.566409 0.136405 0.045521
-0.603934 0.060248 0.046497
-0.593349 0.088031 0.006915
-0.545351 0.196423 0.041581
-0.617677 0.026344 0.027188
-0.536688 0.197487 -0.012664
-0.514959 0.227212 -0.000322
-0.522366 0.228042 -0.008173
-0.567509 0.139602 0.003390
-0.557105 0.163108 0.070856
-0.553531 0.187805 0.067898
-0.534972 0.193676 0.023355
-0.564774 0.120774 -0.016491
-0.603085 0.060233 0.040788
-0.587587 0.086904 -0.022041
-0.615568 0.058336 0.057842
-0.573092 0.119092 -0.022638
-0.518684 0.231718 0.039235
-0.605056 0.052507 0.028655
-0.581314 0.099231 0.023264
-0.549131 0.179535 0.071453
-0.571792 0.109194 -0.007597
-0.566795 0.135808 0.046142
-0.611286 0.041382 0.033782
-0.596927 0.095070 0.053774
-0.534764 0.194720 0.025381
-0.577697 0.118985 0.003850
-0.615329 0.055343 0.076884
-0.574070 0.113859 0.022836
-0.621579 0.020001 0.032443
-0.596935 0.082045 0.011228
-0.526497 0.236817 0.048054
-0.543132 0.167687 -0.007272
-0.530526 0.216736 0.009226
-0.601203 0.056139 -0.021443
-0.523439 0.221114 0.036236
-0.525073 0.218962 -0.019827
-0.525630 0.237254 0.043705
-0.539320 0.201015 0.016410
-0.520700 0.235079 0.040867
-0.581275 0.120960 0.034146
-0.627964 0.018053 0.008700
-0.607996 0.055645 -0.001408
-0.527462 0.216703 -0.011297
-0.611816 0.061281 0.042478
-0.541726 0.201973 0.035570
-0.581688 0.130715 0.068808
-0.562378 0.154567 0.075999
-0.565560 0.129557 0.017476
-0.627354 0.008773 0.030897
-0.533305 0.199841 0.032406
-0.534248 0.224648 0.059902
-0.542042 0.203812 0.043691
-0.554176 0.150690 0.010729
-0.617699 0.034933 0.055426
-0.552263 0.145088 -0.020337
-0.599202 0.060440 0.015593
-0.626239 0.033836 0.048822
-0.527602 0.202786 0.004038
-0.585346 0.111932 0.031755
-0.561526 0.154381 0.071775
-0.529144 0.220574 0.012570
-0.619067 0.027106 0.038945
-0.545258 0.193015 0.029815
-0.544123 0.201273 0.049259
-0.559064 0.168435 0.075403
-0.584566 0.124667 0.068202
-0.522261 0.236012 0.052872
-0.579122 0.095391 -0.003902
-0.596320 0.082761 0.069391
-0.624033 0.013765 0.028404
-0.592729 0.093818 0.021705
-0.618711 0.035938 0.065453
-0.586881 0.102539 0.071177
-0.603910 0.045046 -0.003378
-0.561837 0.146043 -0.013333
-0.632188 0.018329 0.037747
-0.543149 0.187220 -0.003193
-0.527601 0.215648 0.046094
-0.593207 0.087694 0.004865
-0.577092 0.112621 0.038925
-0.541452 0.195914 0.073846
-0.533223 0.207758 0.057754
-0.539757 0.194418 -0.002252
-0.591078 0.113482 0.075015
-0.518225 0.232268 -0.021940
-0.557774 0.173187 0.048362
-0.532833 0.229570 0.066571
-0.574805 0.119595 -0.013421
-0.561258 0.145578 -0.018713
-0.637408 0.014205 0.065887
-0.621075 0.038833 0.030761
-0.613325 0.067950 0.074342
-0.549165 0.173987 0.053535
-0.543093 0.182083 0.039550
-0.522666 0.214342 0.008943
-0.573308 0.107769 -0.021864
-0.584784 0.111938 0.028027
-0.628647 0.018413 0.014429
-0.578929 0.119461 0.013619
-0.554436 0.162421 -0.009084
-0.571702 0.135390 0.017558
-0.527667 0.237899 0.059390
-0.568834 0.116772 -0.021983
-0.562951 0.167251 0.063444
-0.619770 0.044411 0.040304
-0.590372 0.070065 -0.011766
-0.523935 0.236870 0.055293
-0.521098 0.212900 -0.023252
-0.521702 0.216107 0.008295
-0.605906 0.063802 0.071255
-0.596215 0.086670 0.076881
-0.597230 0.071492 -0.021315
-0.631029 0.015415 0.020497
-0.621109 0.033969 0.074992
-0.582777 0.129470 0.071990
-0.597344 0.080548 0.068975
-0.624049 0.015652 0.034681
-0.560340 0.146357 -0.022285
-0.575639 0.119927 0.053138
-0.543634 0.172389 0.011455
-0.564656 0.144569 0.060547
-0.620014 0.029741 -0.006046
-0.572656 0.105206 -0.014883
-0.533171 0.203246 0.042649
-0.606990 0.067954 0.032140
-0.608377 0.070551 0.049881
-0.574125 0.103361 -0.011132
-0.543380 0.177593 0.026780
-0.592568 0.093451 0.019432
-0.551254 0.162498 0.029878
-0.620724 0.027617 -0.008258
-0.569725 0.122994 0.023760
-0.593383 0.090129 0.073919
-0.593943 0.091773 0.023109
-0.584466 0.098343 0.041359
-0.620502 0.034866 0.073881
-0.610009 0.073797 0.071368
-0.562900 0.155029 0.023138
-0.561034 0.146466 0.042617
-0.598092 0.081300 0.076416
-0.533656 0.199353 0.033153
-0.532134 0.204226 -0.020973
-0.582587 0.106426 -0.004638
-0.577439 0.130312 0.039180
-0.578766 0.131409 0.051606
-0.560020 0.174333 0.074877
-0.543610 0.190351 0.010120
-0.586305 0.117883 0.057608
-0.567981 0.115572 -0.021800
-0.574402 0.138379 0.045319
-0.630848 0.012374 0.069265
-0.605668 0.053683 0.036582
-0.526867 0.238488 0.067961
-0.576447 0.137469 0.055971
-0.526452 0.238268 0.066840
-0.557254 0.160480 0.063259
-0.623628 0.036000 0.038505
-0.593551 0.102342 0.055056
-0.591777 0.101266 0.039718
-0.558350 0.169233 0.039271
-0.599689 0.059475 0.015684
-0.629103 0.014290 0.003985
-0.583008 0.098854 0.033319
-0.532799 0.188876 -0.006820
-0.599977 0.058247 0.013586
-0.587678 0.110052 0.041139
-0.519896 0.234730 0.057158
-0.616600 0.033344 -0.017012
-0.534132 0.187442 -0.002633
-0.606880 0.055995 0.052218
-0.626082 0.025280 0.019798
-0.626488 0.007864 -0.004453
-0.521115 0.233210 0.000398
-0.596402 0.060902 -0.001551
-0.589164 0.117270 0.074645
-0.588366 0.090435 0.041488
-0.548945 0.191180 0.048376
-0.552799 0.144431 -0.018913
-0.611413 0.039450 0.028313
-0.584307 0.084791 -0.004016
-0.617991 0.036718 0.003293
-0.530895 0.196893 0.006707
-0.522389 0.225044 0.042097
-0.519225 0.227317 0.028449
-0.537087 0.197006 -0.011583
-0.569400 0.114450 -0.006345
-0.595875 0.085040 0.013960
-0.557830 0.159150 0.062748
-0.557152 0.158044 -0.005303
-0.624994 0.023258 0.005932
-0.587045 0.085651 0.017040
-0.600686 0.068444 -0.008256
-0.513303 0.230604 -0.019894
-0.551555 0.179928 0.028969
-0.535331 0.197146 -0.022822
-0.603011 0.055962 0.026330
-0.617763 0.057351 0.069253
-0.632669 0.024990 0.062737
-0.536969 0.177065 -0.022557
-0.542453 0.200972 0.037144
-0.611293 0.027266 -0.012336
-0.621029 0.039987 0.034224
-0.531874 0.193781 0.003056
-0.575646 0.108353 0.015335
-0.580757 0.094244 0.003246
-0.520305 0.222704 -0.023852
-0.620685 0.014012 0.006902
-0.546214 0.204441 0.073552
-0.618668 0.047000 0.041426
-0.555467 0.165701 0.008512
-0.543063 0.185288 -0.010082
-0.543607 0.202111 0.048558
-0.581956 0.105433 -0.012093
-0.526538 0.225663 0.011852
-0.590590 0.088171 0.048901
-0.585714 0.115276 0.045139
-0.570002 0.151008 0.057309
-0.623428 0.027986 0.070874
-0.628301 0.014427 -0.000911
-0.582512 0.102539 0.042065
-0.578388 0.135915 0.063826
-0.630349 0.010637 0.059377
-0.554185 0.144743 -0.008658
-0.536040 0.209072 0.020902
-0.533959 0.210027 0.010162
-0.625737 0.029395 0.030951
-0.573267 0.122792 -0.013213
-0.599979 0.068081 0.045758
-0.572155 0.127722 0.055412
-0.552175 0.169284 0.058207
-0.568789 0.134210 -0.005714
-0.580424 0.090801 -0.010233
-0.560202 0.148626 -0.015784
-0.621589 0.024320 -0.013284
-0.624381 0.029653 0.022765
-0.535250 0.211885 0.024840
-0.585450 0.122268 0.066245
-0.607007 0.079557 0.070205
-0.619386 0.022673 0.026569
-0.562923 0.126861 -0.008921
-0.606602 0.073442 0.047508
-0.588012 0.110177 0.043775
-0.545951 0.160792 -0.022446
-0.586851 0.109952 0.035304
-0.518879 0.222556 0.010574
-0.537469 0.211335 0.074870
-0.611235 0.036879 0.018717
-0.529300 0.197275 -0.002669
-0.591734 0.092637 0.071133
-0.532169 0.215103 0.074750
-0.514337 0.221943 -0.021699
-0.632483 0.011653 0.056725
-0.610948 0.054404 0.014201
-0.538906 0.195876 0.056762
-0.525059 0.237351 0.049974
-0.564760 0.139331 -0.015809
-0.570531 0.108913 -0.016921
-0.621719 0.019311 0.031122
-0.577078 0.113832 -0.017127
-0.603951 0.042865 -0.010241
-0.587787 0.106585 0.030529
-0.623373 0.035305 0.034533
-0.561285 0.147814 0.048695
-0.546143 0.164552 0.002539
-0.610486 0.027411 -0.017233
-0.616407 0.058539 0.064098
-0.616970 0.025513 0.019760
-0.587052 0.118580 0.064861
-0.570072 0.133661 0.060958
-0.587573 0.074627 -0.021173
-0.531937 0.217723 0.021858
-0.580961 0.114969 0.072384
-0.540515 0.171946 -0.010780
-0.583274 0.118248 0.038598
-0.541167 0.212127 0.065056
-0.553943 0.164739 0.055124
-0.605261 0.057012 -0.015159
-0.594612 0.071427 0.020944
-0.605046 0.075475 0.043788
-0.629186 0.009666 0.030236
-0.519031 0.215708 -0.010811
-0.575919 0.126014 0.074910
-0.570457 0.136187 0.071783
-0.569754 0.116470 0.002618
-0.597890 0.075557 0.056287
-0.524170 0.223619 0.049303
-0.568981 0.154839 0.075217
-0.522571 0.234177 0.013259
-0.521305 0.223727 0.030566
-0.516521 0.232336 -0.009199
-0.583977 0.114938 0.032461
-0.536294 0.177290 -0.021429
-0.620316 0.039864 0.029068
-0.598379 0.091685 0.052378
-0.585428 0.097924 0.046403
-0.563520 0.154339 0.025008
-0.560045 0.159664 0.019268
-0.566765 0.119275 -0.008128
-0.633464 0.016608 0.040624
-0.598394 0.081791 0.020122
-0.594488 0.080056 -0.011584
-0.593144 0.090551 0.073699
-0.581787 0.088370 -0.009104
-0.532704 0.226486 0.074352
-0.615970 0.052469 0.041338
-0.584507 0.115290 0.037141
-0.543974 0.199231 0.041587
-0.563318 0.165878 0.061398
-0.520360 0.228676 -0.019464
-0.528377 0.218819 0.061634
-0.623333 0.047844 0.075271
-0.578020 0.131228 0.046046
-0.589825 0.076136 0.004448
-0.534403 0.206390 0.061143
-0.607677 0.061750 0.076346
-0.540190 0.204293 0.032924
-0.552043 0.169724 0.058765
-0.574526 0.101062 -0.015977
-0.603432 0.053552 0.021249
-0.563403 0.161370 0.047223
-0.598758 0.074073 -0.002694
-0.546271 0.188434 0.075469
-0.553848 0.161638 0.044350
-0.565141 0.165437 0.072103
-0.565615 0.140910 -0.004948
-0.575219 0.123195 0.061022
-0.543332 0.185328 -0.008159
-0.607907 0.051291 -0.016238
-0.633644 0.011980 0.038739
-0.529354 0.234520 0.059579
-0.571222 0.117030 0.014230
-0.621128 0.027784 0.054894
-0.555273 0.143112 -0.006740
-0.524978 0.217842 0.035797
-0.592307 0.083269 -0.015605
-0.622353 0.015830 0.023962
-0.630575 0.010699 0.055780
-0.626320 0.031157 0.040605
-0.557486 0.145081 0.014440
-0.615437 0.024571 0.006465
-0.577187 0.094144 -0.020870
-0.565723 0.141334 0.057075
-0.615585 0.048913 0.027139
-0.621769 0.027412 0.057949
-0.545184 0.186000 0.066294
-0.597835 0.075226 0.054840
-0.633245 0.021766 0.077184
-0.623551 0.045451 0.068900
-0.516697 0.230073 0.020619
-0.545516 0.182485 -0.002910
-0.561175 0.139507 0.020794
-0.600773 0.072541 0.005724
-0.593653 0.081753 -0.011592
-0.576974 0.139066 0.075407
-0.520740 0.234205 0.001150
-0.531348 0.187018 -0.022572
-0.599751 0.071583 0.055696
-0.598366 0.085443 0.031879
-0.623001 0.032921 0.024255
-0.629133 0.011966 0.056502
-0.586156 0.089099 0.022393
-0.589122 0.089605 0.043809
-0.596305 0.091075 0.036559
-0.618346 0.028090 0.037357
-0.575452 0.124984 0.068428
-0.583511 0.107452 0.064789
-0.549661 0.152486 -0.013481
-0.553202 0.169157 0.004718
-0.616787 0.015347 -0.014709
-0.552457 0.178144 0.029150
-0.530477 0.235381 0.069877
-0.610035 0.049292 0.051318
-0.517303 0.233252 0.029725
-0.573864 0.114828 0.024631
-0.530749 0.220929 0.024424
-0.595180 0.093202 0.036022
-0.627120 0.032192 0.049315
-0.555160 0.149389 0.013031
-0.526301 0.229412 0.022535
-0.558158 0.152595 0.043495
-0.599110 0.074001 -0.000583
-0.539495 0.190085 -0.018169
-0.628162 0.026224 0.036745
-0.575249 0.109245 0.015604
-0.572641 0.130997 0.069364
-0.636017 0.019645 0.067565
-0.579922 0.098375 -0.021965
-0.615420 0.053429 0.040812
-0.595746 0.076962 0.046603
-0.571543 0.123974 0.039079
-0.630935 0.020263 0.035723
-0.571748 0.146031 0.052665
-0.579528 0.103658 0.025842
-0.621446 0.047557 0.076727
-0.604827 0.060009 -0.008248
-0.558888 0.133763 -0.013226
-0.554098 0.157087 0.031135
-0.553023 0.163346 0.044438
-0.616987 0.039412 0.005411
-0.544011 0.187035 0.061860
-0.580351 0.124555 0.039753
-0.540993 0.215094 0.073603
-0.554706 0.175269 0.034731
-0.595237 0.076899 0.043001
-0.522104 0.235260 0.073611
-0.530580 0.216774 0.009712
-0.528038 0.228847 0.032254
-0.521782 0.235725 0.049139
-0.594017 0.079959 -0.015039
-0.589767 0.111131 0.058590
-0.553362 0.161624 -0.018850
-0.600526 0.063846 0.035555
-0.592948 0.084570 -0.007076
-0.598234 0.063225 0.018253
-0.582568 0.113046 0.016884
-0.601557 0.077700 0.027815
-0.627599 0.012926 -0.010501
-0.519889 0.211788 -0.017913
-0.549191 0.175124 0.057425
-0.605745 0.049580 0.023670
-0.614206 0.020242 -0.015895
-0.527058 0.206811 0.013579
-0.562656 0.156804 0.027311
-0.571133 0.119548 0.021871
-0.515784 0.232089 0.021127
-0.541600 0.173792 0.002486
-0.594319 0.072214 0.021561
-0.554901 0.168430 0.073579
-0.517062 0.232951 0.032458
-0.574681 0.100559 -0.016588
-0.602795 0.048232 -0.000389
-0.517310 0.228655 0.020061
-0.559561 0.157805 0.009964
-0.544272 0.198547 0.041335
-0.573066 0.126782 0.058410
-0.634678 0.012737 0.056882
-0.626628 0.037288 0.062708
-0.554194 0.153376 0.019634
-0.587709 0.078120 -0.003168
-0.515173 0.221094 -0.018902
-0.553056 0.168590 0.001895
-0.537489 0.202432 0.008842
-0.573779 0.126131 0.061033
-0.545526 0.194086 0.035098
-0.567617 0.136840 0.054999
-0.593276 0.062715 -0.016450
-0.547031 0.181693 0.004596
-0.547762 0.201248 0.073419
-0.546670 0.176522 0.045201
-0.626267 0.020802 0.006385
-0.546108 0.172211 0.027358
-0.520640 0.233251 -0.002635
-0.547775 0.175686 -0.010088
-0.598470 0.066659 0.031054
-0.581032 0.108303 0.051054
-0.606516 0.035452 -0.017393
-0.585721 0.111991 0.034445
-0.636434 0.014769 0.054396
-0.518324 0.233509 0.011644
-0.626403 0.011495 0.036768
-0.634096 0.024091 0.069304
-0.589189 0.088143 -0.020438
-0.571667 0.112599 -0.022015
-0.564174 0.143671 -0.005523
-0.615783 0.028091 0.020283
-0.629374 0.009458 0.008173
-0.608795 0.066821 0.040468
-0.598591 0.093776 0.060627
-0.578696 0.129133 0.043700
-0.544119 0.183131 0.049812
-0.624941 0.041915 0.066595
-0.615495 0.035450 0.042427
-0.615929 0.022167 0.001880
-0.554006 0.160587 -0.017952
-0.545421 0.202439 0.061715
-0.619796 0.018453 0.015497
-0.569712 0.129138 -0.016148
-0.573790 0.129418 0.071851
-0.624794 0.009199 0.018538
-0.571754 0.112353 0.002479
-0.527068 0.223864 0.009495
-0.535834 0.179516 -0.017215
-0.615475 0.054573 0.044920
-0.542679 0.170114 -0.002351
-0.588609 0.098508 0.009592
-0.631057 0.010910 0.005951
-0.557843 0.138744 -0.003902
-0.544881 0.197278 0.075006
-0.568149 0.152843 0.050962
-0.538664 0.218739 0.070004
-0.613251 0.068194 0.074644
-0.569838 0.133026 0.057324
-0.539768 0.205899 0.035367
-0.560938 0.130990 -0.008639
-0.516719 0.232268 -0.021353
-0.554004 0.185682 0.064106
-0.581106 0.113809 0.009641
-0.590699 0.102265 0.035802
-0.590519 0.096825 0.076732
-0.556253 0.163691 0.067087
-0.601385 0.061275 0.032868
-0.587508 0.116985 0.062682
-0.543897 0.203414 0.054755
-0.518003 0.231515 0.034033
-0.590501 0.109352 0.057664
-0.559995 0.160738 0.022448
-0.595511 0.100040 0.076019
-0.581935 0.115873 0.021914
-0.541114 0.174708 0.002242
-0.551293 0.169643 -0.006411
-0.541548 0.196299 0.015831
-0.594306 0.085413 0.004728
-0.550101 0.185669 0.075222
-0.589179 0.097373 0.069592
-0.535141 0.193077 -0.023475
-0.529187 0.237913 0.069562
-0.590771 0.085198 0.040386
-0.625282 0.021795 0.003070
-0.632931 0.028378 0.075565
-0.627459 0.011451 -0.016258
-0.563153 0.165944 0.060515
-0.548747 0.180437 0.011924
-0.613259 0.064377 0.062219
-0.622993 0.022841 -0.008765
-0.576854 0.095299 -0.019309
-0.562130 0.160175 0.034831
-0.587993 0.081067 0.008368
-0.577593 0.140429 0.073290
-0.523504 0.224225 -0.013071
-0.623169 0.028885 0.072095
-0.596551 0.074738 -0.015226
-0.561285 0.146305 0.043762
-0.533210 0.193731 -0.023298
-0.525888 0.218563 -0.015700
-0.597621 0.054246 -0.015199
-0.627858 0.008701 0.007420
-0.582134 0.118253 0.031020
-0.529075 0.216018 -0.002785
-0.614095 0.022377 -0.009653
-0.627395 0.036721 0.065964
-0.530866 0.217666 0.074446
-0.545817 0.185240 0.008111
-0.615961 0.016919 -0.015069
-0.594167 0.088785 0.074741
-0.543287 0.190855 0.009615
-0.598272 0.095227 0.063246
-0.628324 0.008845 0.001120
-0.634763 0.016789 0.049867
-0.576665 0.125111 0.017010
-0.624507 0.044707 0.076575
-0.557445 0.165155 0.019901
-0.566158 0.141401 0.000271
-0.591581 0.093320 0.012425
-0.600930 0.049397 -0.009004
-0.526873 0.198552 -0.014664
-0.586207 0.114563 0.046096
-0.523678 0.204876 -0.015275
-0.633089 0.011569 0.028661
-0.548004 0.198960 0.067554
-0.594570 0.062844 -0.007410
-0.581243 0.091420 -0.021627
-0.593643 0.081956 0.048919
-0.538203 0.193929 0.045712
-0.567041 0.136896 -0.008577
-0.579856 0.116604 0.010448
-0.539452 0.202240 0.021295
-0.576671 0.128074 0.026738
-0.622932 0.012046 0.015441
-0.608194 0.035900 -0.004746
-0.535528 0.209532 0.018994
-0.550726 0.179465 0.021935
-0.584031 0.089619 0.009937
-0.591647 0.104544 0.049576
-0.563175 0.145322 -0.006780
-0.600054 0.056744 0.009187
-0.605690 0.071750 0.035892
-0.560623 0.155731 0.070176
-0.606451 0.042168 0.004134
-0.605606 0.063215 0.067339
-0.513901 0.224317 -0.016841
-0.529354 0.207772 0.032021
-0.631781 0.023879 0.053186
-0.578727 0.116583 0.062774
-0.633623 0.027258 0.076514
-0.578372 0.094867 -0.010607
-0.601075 0.059410 0.024710
-0.523084 0.224487 0.044904
-0.599172 0.062060 0.020692
-0.552905 0.159696 0.031717
-0.555027 0.171647 0.075643
-0.548017 0.191903 0.044559
-0.617890 0.034391 0.054928
-0.619476 0.034960 0.007435
-0.600017 0.074156 0.005965
-0.590251 0.104226 0.039232
-0.624147 0.022199 -0.003174
-0.547821 0.189645 0.035867
-0.548364 0.167492 0.026956
-0.590881 0.087649 0.049137
-0.572336 0.128757 0.060004
-0.535194 0.206531 0.066871
-0.539775 0.188921 0.039805
-0.540502 0.214936 0.069810
-0.589534 0.091408 -0.007468
-0.539532 0.203871 0.027163
-0.631875 0.020868 0.043971
-0.528321 0.207650 0.024739
-0.599899 0.052658 -0.005213
-0.575637 0.136684 0.048010
-0.623105 0.025926 0.061992
-0.581578 0.087549 -0.013181
-0.576879 0.113007 -0.021148
-0.590634 0.091788 0.061025
-0.564114 0.129508 0.007678
-0.590582 0.113548 0.075636
-0.539323 0.211383 0.050338
-0.632246 0.024475 0.058234
-0.538820 0.213181 0.074584
-0.577247 0.135543 0.075624
-0.520020 0.234271 0.006163
-0.529602 0.220307 0.014748
-0.539291 0.190820 0.042790
-0.560793 0.174194 0.071769
-0.554153 0.188029 0.074588
-0.526965 0.217188 -0.013024
-0.615995 0.062177 0.073249
-0.538300 0.201759 0.071962
-0.554920 0.163132 0.056374
-0.566244 0.143629 0.008136
-0.630899 0.010286 0.013715
-0.613834 0.056844 0.041413
-0.614857 0.043946 0.006045
-0.575702 0.105531 0.006472
-0.612408 0.032530 -0.021071
-0.551309 0.181495 0.075377
-0.553532 0.181728 0.048030
-0.607512 0.056895 0.059375
-0.555619 0.151630 0.023423
-0.623469 0.021810 0.050955
-0.588170 0.093866 -0.008514
-0.612192 0.034371 0.016890
-0.538326 0.199071 0.063340
-0.611290 0.066252 0.055231
-0.543254 0.184112 -0.012655
-0.617124 0.041273 0.072325
-0.605413 0.082054 0.076145
-0.614618 0.030527 0.020487
-0.584357 0.084519 -0.021500
-0.597410 0.076663 -0.003208
-0.577698 0.123564 0.018834
-0.543338 0.186351 0.055143
-0.569441 0.148436 0.075616
-0.627939 0.009066 0.031275
-0.622311 0.008776 0.000616
-0.625125 0.008330 0.017906
-0.522701 0.235873 0.026816
-0.552876 0.146608 -0.011284
-0.572469 0.109426 -0.002331
-0.563000 0.141898 0.040771
-0.611636 0.059991 0.037060
-0.580470 0.112549 0.001280
-0.622136 0.025813 -0.004752
-0.527070 0.219760 0.056004
-0.567403 0.152690 0.045489
-0.535108 0.204767 0.060535
-0.606517 0.064741 0.018485
-0.580676 0.128943 0.056264
-0.572738 0.129796 0.066082
-0.576893 0.130119 0.076047
-0.532482 0.188711 -0.009480
-0.544633 0.160208 -0.021724
-0.602140 0.057468 0.025452
-0.579667 0.108529 0.042699
-0.597117 0.099733 0.070290
-0.599193 0.056981 0.004220
-0.532091 0.208628 0.053053
-0.571251 0.153443 0.075054
-0.518872 0.232162 0.041937
-0.518240 0.224257 0.011879
-0.517064 0.232714 -0.001151
-0.589548 0.102266 0.028138
-0.594765 0.081527 -0.004922
-0.542686 0.193390 0.073816
-0.609036 0.055360 0.004588
-0.557865 0.135937 -0.012937
-0.520739 0.230375 0.048535
-0.601275 0.059578 0.026589
-0.589978 0.112285 0.063766
-0.589451 0.071257 -0.021152
-0.524680 0.237264 0.057239
-0.588030 0.116562 0.064775
-0.621405 0.020545 -0.021265
-0.590153 0.086725 -0.018653
-0.566416 0.138707 -0.006815
-0.524883 0.237306 0.052978
-0.625339 0.030952 0.033396
-0.534886 0.221236 0.052995
-0.612529 0.039526 0.036000
-0.578953 0.118371 0.070124
-0.571202 0.140920 0.032313
-0.550088 0.167217 0.037544
-0.551444 0.160399 0.024279
-0.530610 0.226687 0.042333
-0.609339 0.066825 0.044100
-0.560097 0.133573 -0.005797
-0.569453 0.136338 0.005672
-0.576156 0.141636 0.067660
-0.619968 0.029113 0.051506
-0.516742 0.232873 0.022171
-0.519193 0.223659 0.016271
-0.597988 0.072075 -0.014361
-0.575188 0.114364 0.031938
-0.531559 0.233515 0.070986
-0.611026 0.053843 0.012885
-0.543532 0.180188 0.036277
-0.539943 0.215260 0.067145
-0.622280 0.036501 0.031161
-0.627664 0.032900 0.055261
-0.577034 0.096644 -0.013713
-0.531386 0.212786 0.002041
-0.592998 0.083618 -0.009860
-0.607491 0.064059 0.077174
-0.593183 0.103226 0.055503
-0.539888 0.174492 -0.022712
-0.524131 0.210950 0.007613
-0.600671 0.090842 0.064891
-0.602303 0.078547 0.035555
-0.524132 0.220986 -0.019478
-0.632505 0.025560 0.063510
-0.623430 0.024771 0.000461
-0.601190 0.066237 -0.012121
-0.598394 0.073728 -0.006250
-0.576001 0.137578 0.053356
-0.574134 0.143953 0.061768
-0.536643 0.219449 0.058855
-0.573477 0.116430 -0.022495
-0.560066 0.146828 -0.022569
-0.593813 0.101013 0.052460
-0.569082 0.143735 0.027386
-0.572508 0.125529 0.050595
-0.586413 0.113473 0.043904
-0.595994 0.081930 0.064497
-0.608797 0.055018 0.001880
-0.588567 0.089724 -0.019414
-0.532697 0.213026 0.071473
-0.567925 0.148267 0.034504
-0.561743 0.154328 0.073048
-0.532767 0.185674 -0.017510
-0.570778 0.108688 -0.016009
-0.585628 0.104861 0.010503
-0.528317 0.202080 0.006496
-0.619080 0.017104 0.006316
-0.594243 0.083199 0.056985
-0.574159 0.143652 0.060947
-0.565122 0.144984 0.005090
-0.581268 0.114099 0.011665
-0.622115 0.025105 0.052710
-0.533320 0.229491 0.069556
-0.561802 0.162130 0.039042
-0.546627 0.162667 -0.000400
-0.594939 0.058557 -0.018970
-0.579501 0.118933 0.075618
-0.626092 0.028708 0.077520
-0.574955 0.120050 -0.010935
-0.546136 0.193511 0.037288
-0.522543 0.236107 0.049628
-0.590890 0.104806 0.045386
-0.588104 0.114076 0.057138
-0.575109 0.130173 0.023196
-0.565572 0.143132 0.002030
-0.618790 0.045424 0.037091
-0.574418 0.140324 0.051791
-0.585375 0.117186 0.049125
-0.605163 0.064014 0.067001
-0.631069 0.015087 0.019689
-0.603428 0.042603 -0.014580
-0.603772 0.065293 0.002003
-0.538351 0.214534 0.054168
-0.535980 0.178791 -0.018606
-0.568369 0.114653 -0.021780
-0.528445 0.223689 0.018102
-0.601867 0.077039 0.027720
-0.577861 0.109545 0.033987
-0.616812 0.041963 0.012591
-0.621901 0.028711 0.063075
-0.595555 0.058915 -0.013691
-0.623415 0.026361 0.005562
-0.598683 0.064652 0.025910
-0.605303 0.054753 0.037644
-0.596182 0.065120 0.010776
-0.613389 0.026682 -0.000278
-0.576431 0.104430 0.007735
-0.630447 0.010422 0.040066
-0.565043 0.138798 0.044251
-0.633784 0.020282 0.054772
-0.618727 0.036939 0.068835
-0.553686 0.167545 0.002676
-0.603943 0.059538 0.044233
-0.630280 0.031876 0.069343
-0.600597 0.078407 0.023733
-0.540616 0.192251 -0.003616
-0.562262 0.154600 0.017481
-0.559071 0.138217 0.002555
-0.638396 0.016857 0.074296
-0.605448 0.078345 0.055851
-0.544275 0.177872 0.033659
-0.548048 0.164745 0.015866
-0.533410 0.222149 0.046144
-0.540851 0.207975 0.074717
-0.593724 0.089047 0.072648
-0.547512 0.199806 0.067040
-0.600047 0.076856 0.074907
-0.539421 0.171336 -0.020064
-0.536444 0.188768 0.017112
-0.543193 0.181969 0.039841
-0.532771 0.207028 -0.007560
-0.564945 0.130318 0.015864
-0.567526 0.125961 0.018811
-0.526517 0.226634 0.074804
-0.589500 0.115739 0.071881
-0.625794 0.034203 0.047060
-0.618029 0.040382 0.015526
-0.572756 0.121538 -0.020723
-0.545632 0.171328 -0.023152
-0.626165 0.015916 -0.010273
-0.613085 0.042010 0.047823
-0.518936 0.232684 0.044072
-0.616254 0.022319 -0.020795
-0.627322 0.029182 0.040820
-0.556171 0.170247 0.028070
-0.548524 0.160654 0.005660
-0.617765 0.032835 0.049001
-0.527881 0.217334 -0.006438
-0.571054 0.130751 -0.001934
-0.624748 0.045329 0.076473
-0.565906 0.131376 0.025725
-0.569356 0.134461 -0.001115
-0.554419 0.151794 0.015957
-0.623169 0.024121 -0.003401
-0.525438 0.208237 -0.023424
-0.602158 0.060365 0.035046
-0.548758 0.164968 0.021323
-0.611174 0.060583 0.035917
-0.593604 0.070703 0.011859
-0.575593 0.109393 -0.022243
-0.568067 0.126525 0.024257
-0.616480 0.032226 -0.021468
-0.579873 0.133039 0.064312
-0.556593 0.139179 -0.022150
-0.586923 0.121120 0.072311
-0.545180 0.182055 0.053369
-0.529526 0.224322 0.027373
-0.558643 0.153112 0.048418
-0.520223 0.215371 -0.003970
-0.561066 0.134450 0.003529
-0.596685 0.069575 0.028699
-0.568568 0.155157 0.061319
-0.605482 0.052336 -0.021669
-0.569193 0.154360 0.062880
-0.542904 0.183117 -0.018244
-0.526117 0.215543 0.035863
-0.539668 0.190380 -0.016050
-0.534751 0.195220 0.026927
-0.631041 0.012356 0.070489
-0.566492 0.129311 0.022875
-0.629423 0.021156 0.028575
-0.619112 0.037193 0.012317
-0.609266 0.049113 0.045605
-0.579097 0.128495 0.044282
-0.537763 0.209418 0.033516
-0.580616 0.112663 0.062542
-0.536708 0.222896 0.070565
-0.515633 0.231811 -0.015634
-0.571566 0.118641 0.021792
-0.616175 0.026691 0.018318
-0.577971 0.129424 0.075972
-0.548205 0.197036 0.062601
-0.601300 0.067018 -0.008828
-0.541295 0.188765 -0.010495
-0.539342 0.188837 -0.023273
-0.604465 0.054923 0.032619
-0.549290 0.173090 -0.008484
-0.619073 0.014620 -0.001849
-0.541003 0.198711 0.020091
-0.592873 0.073776 -0.021725
-0.523397 0.212311 0.007169
-0.615025 0.050031 0.027066
-0.534898 0.206946 0.006342
-0.595996 0.087564 0.023019
-0.630734 0.020756 0.077545
-0.610676 0.048644 -0.006446
-0.627277 0.031600 0.048430
-0.534582 0.201356 -0.014045
-0.609589 0.050337 0.051765
-0.560781 0.129055 -0.016011
-0.569957 0.130046 -0.011548
-0.638262 0.015614 0.069340
-0.530485 0.211338 0.051213
-0.534853 0.197019 0.033492
-0.578828 0.119996 0.014693
-0.542969 0.179213 0.029338
-0.591522 0.090634 0.063170
-0.580590 0.089043 -0.014877
-0.614166 0.031963 -0.021234
-0.519927 0.210581 -0.021608
-0.554572 0.185047 0.065813
-0.533267 0.215326 0.022882
-0.567216 0.147807 0.028278
-0.564475 0.150656 0.019330
-0.636541 0.019394 0.070235
-0.613952 0.020000 -0.020366
-0.581108 0.122891 0.039354
-0.554057 0.181361 0.050326
-0.604441 0.086022 0.074251
-0.541666 0.207272 0.052506
-0.555465 0.166488 0.011069
-0.627914 0.020893 0.017656
-0.531849 0.188790 -0.013432
-0.529022 0.232195 0.049767
-0.532739 0.200739 0.031574
-0.567563 0.149644 0.036591
-0.622765 0.008421 0.002472
-0.575725 0.136394 0.047647
-0.563359 0.136647 0.025992
-0.565804 0.146412 0.014307
-0.547479 0.181913 0.008299
-0.575069 0.120764 0.052074
-0.563343 0.142430 -0.015120
-0.598260 0.093253 0.056712
-0.528270 0.216594 0.053650
-0.622855 0.038842 0.042645
-0.613119 0.046339 0.002291
-0.595102 0.080917 0.055243
-0.526833 0.215492 -0.019449
-0.600641 0.092757 0.070952
-0.553942 0.182293 0.052610
-0.536939 0.221974 0.069088
-0.573982 0.117535 0.034270
-0.590732 0.091316 0.060130
-0.531693 0.204719 0.037621
-0.596019 0.074808 0.041370
-0.576792 0.115868 0.047542
-0.626763 0.020250 0.007887
-0.622406 0.034769 0.026335
-0.586134 0.095751 -0.015915
-0.523840 0.221965 -0.018224
-0.553555 0.151944 0.010690
-0.568279 0.135949 -0.003422
-0.535140 0.226992 0.073514
-0.569627 0.115103 -0.002701
-0.607474 0.033975 -0.015839
-0.550912 0.173468 0.063476
-0.578731 0.095827 -0.005077
-0.635879 0.022202 0.075009
-0.580792 0.122044 0.034481
-0.572498 0.130075 0.065392
-0.542703 0.168871 -0.006256
-0.568924 0.111108 -0.020449
-0.587149 0.096273 -0.007448
-0.550137 0.193724 0.064642
-0.583591 0.123554 0.075737
-0.630166 0.022313 0.037306
-0.586403 0.121369 0.069655
-0.563492 0.162894 0.052802
-0.600962 0.072884 0.068016
-0.591322 0.101701 0.038108
-0.558583 0.160191 0.071168
-0.594253 0.090229 0.020123
-0.621927 0.028438 0.062356
-0.541915 0.209394 0.061103
-0.582065 0.111529 0.008570
-0.611033 0.055692 0.018984
-0.525420 0.208946 0.009645
-0.612491 0.043941 -0.009729
-0.536948 0.213599 0.041761
-0.546846 0.202817 0.072447
-0.619594 0.054935 0.073551
-0.582619 0.124678 0.055265
-0.566456 0.118815 -0.011693
-0.560991 0.174481 0.074032
-0.557354 0.177267 0.058904
-0.588352 0.074715 -0.010016
-0.534107 0.220534 0.045512
-0.573666 0.131975 0.019472
-0.529691 0.195831 -0.004784
-0.597635 0.074243 -0.009620
-0.550779 0.185075 0.040629
-0.609890 0.047124 0.043257
-0.522462 0.217199 0.016929
-0.556885 0.138824 -0.010024
-0.523719 0.212619 0.010323
-0.569402 0.129097 0.041567
-0.581194 0.086325 -0.019745
-0.571208 0.132591 0.005110
-0.605610 0.076549 0.051057
-0.619837 0.036806 0.015883
-0.579983 0.093973 -0.002798
-0.523545 0.236622 0.051259
-0.625968 0.007540 -0.009387
-0.560046 0.173959 0.066029
-0.596794 0.059829 -0.002449
-0.614594 0.047189 0.074818
-0.548032 0.198778 0.067147
-0.561278 0.127034 -0.019311
-0.523865 0.222038 -0.017812
-0.570690 0.132358 0.060813
-0.530443 0.193454 -0.007549
-0.563212 0.132591 0.011750
-0.555831 0.175293 0.042304
-0.638189 0.015150 0.077080
-0.586304 0.109025 0.028626
-0.561200 0.159323 0.025847
-0.525433 0.237593 0.054217
-0.530817 0.220668 0.024025
-0.532714 0.206977 0.051809
-0.573992 0.105045 -0.006507
-0.602241 0.060808 0.037043
-0.577046 0.115634 0.048473
-0.563980 0.149560 0.012442
-0.562190 0.152068 0.068635
-0.607969 0.049994 0.039849
-0.582041 0.125883 0.055355
-0.575420 0.123704 0.064030
-0.625041 0.018126 -0.010537
-0.580346 0.095219 0.003693
-0.596465 0.095649 0.052590
-0.636885 0.018463 0.069482
-0.556305 0.164967 0.071608
-0.560940 0.145133 0.037629
-0.579796 0.118145 0.015090
-0.602499 0.090288 0.075264
-0.553284 0.189429 0.071562
-0.621406 0.032561 0.012449
-0.595855 0.081120 0.001004
-0.596552 0.084086 0.015354
-0.567712 0.120016 -0.022082
-0.596525 0.093026 0.044412
-0.542862 0.203428 0.047903
-0.614307 0.040438 0.050825
-0.614461 0.022258 -0.007598
-0.547194 0.178063 -0.006186
-0.615234 0.016880 -0.020044
-0.530383 0.224914 0.035017
-0.522108 0.230396 0.057724
-0.511406 0.229649 -0.021415
-0.555292 0.150371 0.017121
-0.588838 0.112318 0.075924
-0.622604 0.012102 0.013441
-0.607269 0.049639 0.034022
-0.562108 0.167585 0.058923
-0.546062 0.178186 -0.013325
-0.553592 0.143195 -0.017670
-0.579964 0.117133 0.012897
-0.545807 0.201990 0.062818
-0.556355 0.165900 0.074994
-0.614037 0.051697 0.025932
-0.569641 0.131682 -0.008300
-0.560850 0.145394 -0.022037
-0.518806 0.220990 -0.023558
-0.573261 0.147247 0.066718
-0.553214 0.170297 0.068442
-0.572184 0.122295 0.037857
-0.630667 0.020173 0.077594
-0.594392 0.070889 0.017719
-0.586950 0.121285 0.073029
-0.547460 0.182270 0.009345
-0.579928 0.117805 0.074771
-0.573844 0.139700 0.045927
-0.617045 0.040827 0.070343
-0.570450 0.152598 0.065488
-0.564891 0.123525 -0.006710
-0.616408 0.023007 0.007817
-0.586718 0.076992 -0.013453
-0.611353 0.040458 0.031209
-0.588238 0.102052 0.018710
-0.567557 0.139438 0.003178
-0.579884 0.121506 0.026670
-0.624078 0.014390 0.030748
-0.554748 0.173404 0.028911
-0.633110 0.012322 0.024247
-0.615881 0.031367 0.031649
-0.611962 0.031794 0.006929
-0.534647 0.216339 0.074843
-0.596322 0.084674 0.075659
-0.627415 0.038909 0.073249
-0.614788 0.034155 -0.021461
-0.565407 0.118360 -0.020170
-0.582409 0.129334 0.069096
-0.624827 0.043551 0.071187
-0.578139 0.101791 0.010480
-0.520739 0.233600 -0.000834
-0.602142 0.069264 0.004129
-0.623735 0.045323 0.069704
-0.538639 0.201446 0.073197
-0.589751 0.093838 0.061843
-0.603563 0.062614 0.051761
-0.540128 0.209523 0.049621
-0.586527 0.084037 0.008314
-0.564836 0.149236 0.017091
-0.543566 0.172453 0.011206
-0.586112 0.095727 -0.016144
-0.520866 0.230864 -0.008932
-0.525453 0.213318 0.024162
-0.575555 0.119192 -0.009746
-0.616749 0.043922 0.018577
-0.614199 0.044528 0.063484
-0.539341 0.193617 -0.007646
-0.605220 0.061028 0.057619
-0.552450 0.157885 0.022765
-0.584197 0.104719 0.000506
-0.629314 0.009545 0.016691
-0.564778 0.134326 -0.022753
-0.542153 0.188140 -0.006816
-0.565012 0.140214 -0.011240
-0.579113 0.113794 -0.003689
-0.544106 0.174061 0.020063
-0.571656 0.131160 0.063330
-0.569143 0.115033 -0.006156
-0.544100 0.203810 0.057403
-0.584497 0.118769 0.048454
-0.606051 0.081990 0.071792
-0.556014 0.152710 0.029582
-0.559644 0.134246 -0.006615
-0.537768 0.186327 0.017948
-0.567517 0.137405 0.056181
-0.550180 0.191302 0.057007
-0.575047 0.109925 0.016482
-0.572292 0.131979 0.010331
-0.530236 0.218606 0.013412
-0.582832 0.087850 -0.003842
-0.536792 0.217462 0.053355
-0.592594 0.099361 0.038935
-0.590104 0.101337 0.028804
-0.551922 0.146740 -0.017210
-0.592074 0.094159 0.018456
-0.566594 0.129981 0.025749
-0.570798 0.113326 -0.000704
-0.543427 0.180639 -0.022862
-0.615940 0.025696 0.013493
-0.630006 0.017573 0.077854
-0.601577 0.080217 0.036180
-0.525774 0.237789 0.056193
-0.572330 0.108820 -0.005239
-0.617287 0.048610 0.037496
-0.575554 0.114933 0.036238
-0.528629 0.203539 0.013340
-0.579567 0.132440 0.060316
-0.602385 0.050596 0.004608
-0.573808 0.136343 0.034707
-0.581653 0.090187 -0.004055
-0.565340 0.129908 0.017156
-0.548901 0.154656 -0.011447
-0.572455 0.110931 0.002502
-0.538357 0.215827 0.058433
-0.537919 0.180635 0.000344
-0.630202 0.029851 0.062201
-0.570650 0.116192 0.007681
-0.564502 0.141372 0.049061
-0.522054 0.213671 0.002671
-0.589854 0.070957 -0.021178
-0.605960 0.054349 -0.019215
-0.518538 0.219821 -0.000644
-0.556456 0.164023 0.069529
-0.596678 0.100793 0.070831
-0.619904 0.026482 0.042478
-0.535952 0.222213 0.063294
-0.584077 0.091333 0.015845
-0.529908 0.191322 -0.018091
-0.633187 0.012076 0.062320
-0.621622 0.051218 0.074906
-0.517187 0.232854 0.004726
-0.584640 0.123985 0.075586
-0.562286 0.167149 0.058682
-0.535171 0.204884 0.001416
-0.522360 0.217981 0.018806
-0.558465 0.155522 0.055112
-0.592919 0.097999 0.036647
-0.569869 0.121217 0.018905
-0.512987 0.230426 -0.021566
-0.633306 0.025477 0.068578
-0.610200 0.071666 0.065673
-0.562076 0.148791 -0.002759
-0.534970 0.212711 0.025678
-0.540439 0.202148 0.027574
-0.558527 0.134012 -0.014823
-0.619596 0.038215 0.018884
-0.526915 0.210695 0.025330
-0.570586 0.125768 -0.021350
-0.521503 0.235160 0.017847
-0.565278 0.165683 0.073822
-0.595617 0.075728 -0.018214
-0.622846 0.030224 0.014404
-0.540202 0.207200 0.042515
-0.611064 0.048036 -0.005852
-0.579480 0.129574 0.050366
-0.519674 0.234142 0.009246
-0.528240 0.209388 0.029881
-0.613679 0.042506 0.053406
-0.579762 0.115949 0.007682
-0.569329 0.151538 0.054556
-0.607063 0.040971 0.004305
-0.604805 0.074121 0.076775
-0.546787 0.172310 0.032206
-0.583991 0.089538 -0.021812
-0.556997 0.155484 -0.014711
-0.519444 0.221385 0.010506
-0.611260 0.051183 0.065667
-0.602107 0.080590 0.040935
-0.541582 0.174654 0.005189
-0.564192 0.161575 0.053151
-0.599474 0.067730 -0.018669
-0.577292 0.095775 -0.014834
-0.524581 0.203206 -0.014720
-0.519455 0.234458 0.040360
-0.604525 0.053567 0.028582
-0.626977 0.030046 0.077324
-0.550157 0.189592 0.051262
-0.578525 0.135685 0.063982
-0.537299 0.176807 -0.016312
-0.521846 0.218626 0.017491
-0.618876 0.054793 0.076514
-0.535129 0.217287 0.041698
-0.586707 0.112581 0.042941
-0.612114 0.024110 -0.020443
-0.528475 0.215630 -0.008057
-0.624974 0.023426 0.066265
-0.539254 0.209585 0.043993
-0.568728 0.130772 -0.017361
-0.543113 0.188617 0.001137
-0.556841 0.165760 0.017856
-0.529057 0.220466 0.071556
-0.626909 0.026047 0.027812
-0.556290 0.137619 -0.017928
-0.591560 0.065418 -0.019047
-0.561423 0.147873 -0.010107
-0.567631 0.152979 0.047951
-0.603729 0.071736 0.022787
-0.531855 0.188305 -0.014981
-0.572768 0.116590 0.023094
-0.584444 0.083622 -0.006927
-0.532482 0.188370 -0.010594
-0.528282 0.212138 0.039158
-0.600166 0.057643 -0.021429
-0.512188 0.228503 -0.023324
-0.540222 0.187040 0.036636
-0.593708 0.087928 0.008967
-0.566304 0.122534 -0.022097
-0.545975 0.164880 0.002494
-0.637710 0.016140 0.067385
-0.549800 0.186397 0.038434
-0.549491 0.165732 0.028704
-0.539451 0.196075 0.061041
-0.555342 0.180875 0.057301
-0.612043 0.052855 0.076349
-0.537864 0.215694 0.054716
-0.599857 0.051768 -0.008404
-0.586850 0.105951 0.022210
-0.555288 0.162102 0.055462
-0.582250 0.124954 0.053711
-0.546570 0.180419 -0.002636
-0.578802 0.116323 0.002509
-0.591357 0.089816 0.059393
-0.525420 0.202092 -0.022989
-0.559477 0.158376 0.071188
-0.553722 0.146801 -0.005011
-0.624598 0.022313 0.060121
-0.623959 0.022538 0.056595
-0.600878 0.082760 0.039843
-0.599859 0.087868 0.076376
-0.621309 0.027197 -0.005740
-0.549120 0.163680 0.019525
-0.598258 0.075378 -0.001755
-0.600875 0.057943 0.018572
-0.562096 0.137974 0.021915
-0.596905 0.091206 0.040988
-0.578242 0.113806 -0.009458
-0.614324 0.045441 0.007381
-0.568848 0.128559 0.036118
-0.522726 0.205940 -0.018134
-0.614200 0.039560 -0.012675
-0.521841 0.235313 0.016819
-0.534000 0.202180 0.044691
-0.570132 0.134999 0.065729
-0.524213 0.230622 0.072489
-0.591232 0.102592 0.040427
-0.520894 0.233379 -0.000522
-0.564732 0.130732 0.015795
-0.555531 0.147465 0.009215
-0.573883 0.140397 0.048463
-0.533038 0.229523 0.067782
-0.576173 0.102343 -0.000814
-0.574228 0.138103 0.043263
-0.583610 0.117373 0.037977
-0.623741 0.018785 -0.017041
-0.588036 0.105246 0.027808
-0.542464 0.206535 0.074632
-0.515438 0.219513 -0.022311
-0.549465 0.179765 0.074427
-0.565470 0.120357 -0.021847
-0.572423 0.117392 0.023413
-0.577560 0.123561 0.076433
-0.582418 0.126639 0.060336
-0.578389 0.118272 0.066044
-0.625594 0.032186 0.039129
-0.600645 0.084339 0.043453
-0.549096 0.174111 -0.006441
-0.594262 0.068761 0.009891
-0.634663 0.013625 0.077595
-0.556136 0.155964 0.041038
-0.621988 0.031370 0.072347
-0.581170 0.103419 0.036003
-0.536455 0.199528 -0.007540
-0.536190 0.208702 0.020695
-0.573416 0.121631 0.043897
-0.573363 0.139035 0.040540
-0.602348 0.068808 0.004011
-0.520386 0.233773 0.057296
-0.599654 0.056684 0.006326
-0.540974 0.195886 0.070572
-0.575535 0.128752 0.076301
-0.560229 0.141050 0.019534
-0.526533 0.226087 0.013200
-0.547453 0.184105 0.075215
-0.546649 0.201530 0.066926
-0.564154 0.159808 0.075424
-0.536846 0.210847 0.032078
-0.527857 0.203613 0.008441
-0.561501 0.165946 0.049513
-0.523178 0.216326 0.018838
-0.553925 0.174242 0.026166
-0.570729 0.145512 0.044175
-0.601209 0.052511 0.003038
-0.555158 0.146689 0.004193
-0.635965 0.016611 0.057298
-0.559682 0.155237 0.062289
-0.529623 0.234960 0.074110
-0.564530 0.123850 -0.008055
-0.546344 0.168651 0.017286
-0.537383 0.179521 -0.006872
-0.584994 0.103271 0.001081
-0.569395 0.113086 -0.021787
-0.621995 0.028941 0.064456
-0.518412 0.224921 0.015198
-0.528394 0.216508 0.054193
-0.553365 0.180437 0.042699
-0.550798 0.166020 0.038360
-0.599479 0.059415 0.014090
-0.610922 0.034603 -0.021046
-0.617678 0.036256 0.059612
-0.610156 0.059937 0.027023
-0.575123 0.105739 0.003298
-0.547095 0.190226 0.032931
-0.608555 0.050718 0.046123
-0.567801 0.150891 0.042259
-0.539829 0.197984 0.009890
-0.577487 0.112878 0.042398
-0.569458 0.151911 0.056633
-0.558406 0.158675 0.005113
-0.569154 0.153857 0.060971
-0.574282 0.147267 0.075139
-0.616013 0.055704 0.052207
-0.618274 0.026762 -0.021342
-0.543947 0.181653 0.043836
-0.610054 0.058141 0.020470
-0.555538 0.172929 0.075493
-0.601816 0.071580 0.069445
-0.558767 0.146169 0.026538
-0.586932 0.111850 0.076177
-0.588221 0.080137 0.006840
-0.529153 0.219040 0.007616
-0.586511 0.116920 0.055824
-0.571504 0.132944 0.068158
-0.552043 0.181474 0.037282
-0.532173 0.208630 0.053609
-0.614701 0.052449 0.077161
-0.629364 0.009894 0.040498
-0.613064 0.028753 0.004333
-0.546783 0.161840 -0.002065
-0.535859 0.195702 0.035885
-0.607931 0.042367 0.014653
-0.524813 0.210540 0.010812
-0.549289 0.174203 -0.004851
-0.553219 0.166388 0.055693
-0.622454 0.036996 0.033939
-0.528557 0.211122 -0.022252
-0.557970 0.158442 0.061362
-0.569962 0.133186 -0.001248
-0.593692 0.084555 -0.002174
-0.590259 0.105459 0.043316
-0.520753 0.223714 0.026846
-0.567718 0.154940 0.054947
-0.635860 0.013932 0.047834
-0.619074 0.010413 -0.015606
-0.523190 0.205636 -0.016040
-0.517098 0.221793 -0.003793
-0.523274 0.205965 -0.014404
-0.516234 0.230957 0.020421
-0.576660 0.109029 0.024302
-0.525828 0.217395 -0.019918
-0.609946 0.062422 0.033751
-0.530632 0.208342 0.042399
-0.517810 0.233078 -0.001397
-0.518159 0.233470 0.014732
-0.529705 0.200697 0.011217
-0.628398 0.014593 0.060197
-0.546731 0.184223 0.010873
-0.585851 0.098086 -0.010165
-0.615893 0.035615 -0.014299
-0.548253 0.189209 0.037319
-0.613545 0.031565 0.016730
-0.539918 0.190323 0.045344
-0.607852 0.052805 -0.011654
-0.622166 0.010092 0.003950
-0.560845 0.134862 0.003405
-0.519565 0.217388 -0.001760
-0.565513 0.139991 0.051283
-0.546510 0.178078 0.049222
-0.607554 0.059374 0.067762
-0.529825 0.191730 -0.017309
-0.618691 0.041250 0.022780
-0.589273 0.092077 -0.007012
-0.619537 0.032211 -0.001147
-0.598772 0.084449 0.031331
-0.582682 0.124737 0.055879
-0.560100 0.164058 0.034006
-0.576494 0.106439 0.014720
-0.553508 0.171022 0.072776
-0.560548 0.151399 0.055505
-0.623852 0.008632 0.010407
-0.574229 0.118343 -0.021351
-0.609557 0.057432 0.014835
-0.538553 0.191659 0.040616
-0.523031 0.234788 0.018327
-0.519399 0.212767 -0.017979
-0.537384 0.179770 -0.006051
-0.574235 0.112400 -0.022298
-0.571302 0.127358 -0.011376
-0.544042 0.165126 -0.022531
-0.626250 0.015029 0.047310
-0.548693 0.160533 0.006388
-0.565412 0.140330 0.051718
-0.572899 0.133846 0.020481
-0.544225 0.202940 0.055390
-0.594140 0.095550 0.036773
-0.626983 0.010396 0.037042
-0.603867 0.082369 0.058479
-0.521524 0.232009 0.059111
-0.539576 0.213007 0.057333
-0.573237 0.126164 0.057526
-0.616495 0.028677 0.026941
-0.615783 0.054948 0.048202
-0.628135 0.010782 0.045976
-0.574842 0.126932 0.070732
-0.610335 0.058361 0.023060
-0.624710 0.032283 0.033559
-0.559290 0.138417 0.004672
-0.595162 0.078833 0.048826
-0.616619 0.027775 0.024815
-0.576613 0.138922 0.061829
-0.598767 0.095536 0.067558
-0.527643 0.204083 0.008550
-0.570247 0.141269 0.027084
-0.546862 0.203256 0.073992
-0.528436 0.196558 -0.010774
-0.589451 0.084253 -0.022069
-0.614701 0.039859 -0.008357
-0.535509 0.217803 0.045916
-0.585613 0.095744 0.040503
-0.568185 0.159326 0.072402
-0.579795 0.105439 0.033448
-0.625650 0.025296 0.016968
-0.603553 0.067773 0.008652
-0.599378 0.075453 0.065866
-0.588298 0.115649 0.063580
-0.603698 0.075542 0.035022
-0.600262 0.066198 -0.018429
-0.590122 0.075683 0.004944
-0.605111 0.066010 0.013267
-0.511685 0.227113 -0.022457
-0.523436 0.203229 -0.022269
-0.543434 0.195988 0.027381
-0.587041 0.075622 -0.015788
-0.528046 0.217021 -0.006366
-0.579997 0.128058 0.048845
-0.611565 0.049568 0.062417
-0.575458 0.113164 0.029812
-0.604218 0.045331 -0.021029
-0.633110 0.016551 0.038080
-0.590519 0.106429 0.048222
-0.618656 0.031334 -0.009885
-0.597374 0.072301 0.042203
-0.624262 0.009939 0.017419
-0.584130 0.103574 -0.003683
-0.538747 0.186787 0.025978
-0.600691 0.085877 0.048790
-0.631505 0.029547 0.069889
-0.618946 0.013556 -0.006178
-0.557950 0.133828 -0.021929
-0.546956 0.180996 0.061736
-0.568765 0.131465 -0.014848
-0.567610 0.156316 0.058727
-0.615947 0.047785 0.025870
-0.586802 0.093072 -0.020224
-0.566866 0.156867 0.055570
-0.620316 0.025792 0.042969
-0.561833 0.148172 -0.006405
-0.566355 0.160527 0.064136
-0.622540 0.041240 0.048390
-0.528819 0.204032 0.016226
-0.617683 0.040583 0.073795
-0.545506 0.165289 0.000708
-0.615960 0.045040 0.016975
-0.550751 0.175107 0.067765
-0.528254 0.222121 0.011702
-0.604078 0.047088 0.004415
-0.613284 0.021919 -0.016555
-0.575376 0.144045 0.070341
-0.586002 0.117221 0.075906
-0.622747 0.035104 0.029700
-0.615085 0.047942 0.020638
-0.592415 0.089548 0.065566
-0.531689 0.214729 0.010413
-0.608630 0.065831 0.036127
-0.624955 0.016882 0.044739
-0.540447 0.173251 -0.006963
-0.617785 0.051476 0.050187
-0.571923 0.124118 -0.017834
-0.600970 0.082250 0.038783
-0.581101 0.118412 0.024659
-0.518553 0.214280 -0.018665
-0.561210 0.137452 0.014308
-0.566606 0.160459 0.065588
-0.585523 0.105257 0.071019
-0.543697 0.178091 0.030519
-0.530937 0.195803 0.003425
-0.562126 0.165479 0.052154
-0.592557 0.085352 0.052791
-0.565330 0.164459 0.070167
-0.615772 0.026905 -0.021063
-0.624382 0.022699 0.059943
-0.581747 0.098809 -0.022207
-0.599446 0.071488 -0.006565
-0.573184 0.120072 0.037254
-0.583950 0.095890 0.029904
-0.531436 0.195673 0.006322
-0.521304 0.207480 -0.022576
-0.563412 0.152751 0.019094
-0.561867 0.152018 0.006408
-0.622105 0.031317 0.013036
-0.575420 0.139861 0.056954
-0.594009 0.102883 0.059883
-0.570951 0.137650 0.019939
-0.586396 0.116754 0.054519
-0.537373 0.214011 0.045940
-0.576407 0.123852 0.071087
-0.555101 0.157540 -0.020616
-0.600720 0.060504 0.025920
-0.528075 0.196691 -0.012742
-0.613296 0.030173 0.010519
-0.532744 0.202921 0.038742
-0.533038 0.205009 0.047532
-0.610721 0.044555 -0.019518
-0.539399 0.182048 0.014822
-0.547061 0.175252 0.043649
-0.610892 0.050669 0.061527
-0.583204 0.095700 0.024306
-0.596602 0.055937 -0.016458
-0.569851 0.140812 0.076106
-0.609951 0.038622 0.015865
-0.601291 0.081626 0.038882
-0.541036 0.185393 -0.023251
-0.615874 0.050784 0.077143
-0.570213 0.148119 0.049265
-0.533508 0.183936 -0.018255
-0.626044 0.018584 -0.002355
-0.572290 0.108201 -0.007527
-0.580101 0.129546 0.054408
-0.616990 0.016470 -0.009682
-0.589612 0.075138 -0.021445
-0.513497 0.226926 -0.011000
-0.561149 0.127597 -0.018331
-0.523295 0.217527 -0.023832
-0.543178 0.188582 0.001454
-0.602695 0.064447 -0.007939
-0.542817 0.175599 0.016505
-0.600034 0.062665 0.028410
-0.517626 0.217214 -0.015251
-0.596698 0.089983 0.035607
-0.605417 0.046314 0.010805
-0.593578 0.081611 0.047358
-0.553247 0.172593 0.016253
-0.533968 0.201372 -0.018085
-0.574081 0.112732 -0.022303
-0.540556 0.214873 0.069966
-0.611687 0.068401 0.064904
-0.634893 0.013041 0.071429
-0.533829 0.185488 -0.011039
-0.573946 0.118002 0.035560
-0.625856 0.040744 0.068863
-0.547897 0.181125 0.068425
-0.545690 0.168819 0.013480
-0.549354 0.172286 0.049232
-0.620543 0.019586 0.024184
-0.606505 0.078230 0.076289
-0.612047 0.042858 0.043681
-0.561052 0.156417 0.015358
-0.608715 0.053534 -0.003524
-0.566980 0.129816 0.027779
-0.593951 0.087348 0.008688
-0.553406 0.153335 0.014252
-0.559040 0.157200 0.004518
-0.578858 0.117181 0.005689
-0.512939 0.224621 -0.022258
-0.530432 0.221906 0.074937
-0.587395 0.089424 0.031711
-0.538050 0.184901 0.015164
-0.572447 0.146608 0.059206
-0.540142 0.178864 0.009362
-0.594928 0.074197 0.032111
-0.549938 0.180018 0.018489
-0.566908 0.117746 -0.012171
-0.592564 0.104576 0.055787
-0.584222 0.082150 -0.013223
-0.552100 0.160654 0.029486
-0.536138 0.209698 0.075139
-0.566792 0.150259 0.075793
-0.621411 0.016315 0.019272
-0.538772 0.176573 -0.007258
-0.585801 0.100759 -0.001759
-0.549979 0.171728 -0.008349
-0.587500 0.091201 -0.021696
-0.577077 0.112901 0.039740
-0.565248 0.141461 -0.005595
-0.597038 0.097485 0.062410
-0.539669 0.174498 -0.008072
-0.617398 0.045406 0.027755
-0.556031 0.157873 0.046583
-0.575268 0.108405 0.012987
-0.564420 0.151671 0.022281
-0.582203 0.119017 0.033984
-0.602365 0.057071 0.025653
-0.579070 0.137986 0.075142
-0.554929 0.176307 0.039613
-0.535232 0.220485 0.052845
-0.571350 0.131614 0.062779
-0.559365 0.149714 -0.017803
-0.562722 0.156376 0.026357
-0.632088 0.023765 0.054863
-0.627225 0.029362 0.040762
-0.613670 0.045127 0.061916
-0.621474 0.036807 0.026792
-0.523272 0.233101 0.014416
-0.579441 0.102112 -0.022173
-0.611361 0.059224 0.077069
-0.614970 0.053394 0.037698
-0.549371 0.159781 0.008447
-0.538997 0.202228 0.018227
-0.546245 0.179888 0.053375
-0.530278 0.215005 0.061833
-0.570928 0.128851 -0.008986
-0.607043 0.065969 0.026009
-0.518323 0.218141 -0.007576
-0.613232 0.057316 0.038941
-0.583526 0.105251 -0.002228
-0.528263 0.220530 0.066473
-0.572973 0.116305 0.023525
-0.568142 0.144668 0.024178
-0.590594 0.102820 0.076391
-0.606115 0.074530 0.047821
-0.605660 0.039268 -0.010618
-0.524252 0.222193 -0.014733
-0.563993 0.162461 0.054724
-0.526761 0.225290 0.072033
-0.518898 0.230209 -0.024191
-0.598335 0.077238 0.004839
-0.554092 0.145207 -0.007762
-0.611249 0.058235 0.028733
-0.572730 0.120901 0.036939
-0.539638 0.192484 0.050542
-0.625027 0.023013 0.005353
-0.579065 0.105894 0.030070
-0.530719 0.191338 -0.012630
-0.608762 0.035291 -0.002953
-0.542322 0.184479 -0.017669
-0.535703 0.194809 0.031927
-0.531086 0.212459 -0.001030
-0.620452 0.020632 -0.021161
-0.571538 0.125390 0.043677
-0.619586 0.025129 0.035934
-0.557812 0.169379 0.036164
-0.545097 0.176383 0.034264
-0.598037 0.064937 0.022539
-0.607247 0.067787 0.033311
-0.526153 0.237909 0.074302
-0.546000 0.185702 0.010839
-0.602386 0.072504 0.016345
-0.554959 0.162951 0.056044
-0.570434 0.125852 0.037831
-0.607518 0.038828 0.000326
-0.579911 0.124891 0.037917
-0.612617 0.042897 -0.012311
-0.538093 0.212895 0.047086
-0.539057 0.207603 0.074950
-0.556592 0.153554 0.036197
-0.600488 0.062735 0.031671
-0.598883 0.073033 0.054654
-0.611945 0.036138 0.021029
-0.583267 0.110098 0.071816
-0.565274 0.155250 0.039678
-0.565641 0.124167 0.000380
-0.528266 0.195860 -0.014188
-0.532907 0.187732 -0.009846
-0.525972 0.208392 0.011509
-0.581768 0.122486 0.042429
-0.628441 0.017370 0.009651
-0.550359 0.174541 0.063298
-0.551874 0.157385 0.017286
-0.548538 0.182879 0.075600
-0.522280 0.229118 0.054695
-0.616425 0.038088 -0.002665
-0.539339 0.181875 0.013855
-0.549034 0.163169 0.017279
-0.608640 0.044198 0.025366
-0.551053 0.182062 0.032606
-0.580614 0.134346 0.073521
-0.566194 0.138324 0.050365
-0.568801 0.132909 -0.009888
-0.591687 0.112132 0.074658
-0.552137 0.188029 0.074821
-0.596868 0.062484 0.006729
-0.613525 0.053166 0.027327
-0.601362 0.046688 -0.014985
-0.614016 0.028301 0.009195
-0.562810 0.141871 -0.020495
-0.553376 0.177721 0.033887
-0.529939 0.194147 -0.008641
-0.528313 0.213309 -0.016723
-0.537682 0.208083 0.028611
-0.565416 0.132023 0.024575
-0.619280 0.042750 0.031609
-0.628645 0.021804 0.025508
-0.551769 0.164069 0.038450
-0.611535 0.060831 0.039133
-0.612155 0.038142 0.028978
-0.526523 0.220186 -0.006160
-0.629294 0.022840 0.033217
-0.561015 0.171259 0.074979
-0.626605 0.030768 0.041226
-0.580259 0.117311 0.015444
-0.549343 0.169924 0.041434
-0.613668 0.047521 0.009816
-0.613775 0.049427 0.076679
-0.609100 0.030579 -0.016111
-0.625431 0.037837 0.056522
-0.599735 0.062587 -0.021728
-0.595006 0.094353 0.038627
-0.512933 0.224875 -0.021463
-0.587486 0.093229 -0.015154
-0.590599 0.094034 0.068135
-0.620979 0.027610 -0.006582
-0.554149 0.154925 0.024399
-0.598106 0.071576 0.044708
-0.545006 0.167747 -0.022827
-0.567315 0.119155 -0.004854
-0.568133 0.120051 0.003526
-0.589092 0.098925 0.074089
-0.606741 0.073455 0.076598
-0.601970 0.070469 0.066835
-0.551859 0.167612 -0.009280
-0.595624 0.096613 0.050139
-0.572192 0.106254 -0.021628
-0.591550 0.079566 0.027156
-0.596832 0.081266 0.067908
-0.617614 0.025519 -0.021178
-0.530353 0.212282 0.053422
-0.538229 0.219739 0.070376
-0.574426 0.124667 0.060556
-0.557653 0.156662 0.053430
-0.612651 0.035505 0.023660
-0.597915 0.097696 0.068942
-0.600027 0.047973 -0.019683
-0.552840 0.167756 -0.002274
-0.569376 0.148370 0.044507
-0.550818 0.155489 0.004051
-0.614110 0.048188 0.014942
-0.595023 0.083975 0.004802
-0.531283 0.187348 -0.022626
-0.594673 0.068101 0.010469
-0.566278 0.156937 0.075381
-0.571348 0.115441 0.009873
-0.557110 0.154991 -0.015573
-0.620322 0.052856 0.071602
-0.559032 0.177016 0.074802
-0.539909 0.181603 0.016767
-0.554401 0.172348 0.023146
-0.575926 0.114322 0.036719
-0.580091 0.109440 0.048502
-0.630715 0.011477 0.065444
-0.579016 0.138004 0.074837
-0.626641 0.008593 0.028864
-0.539297 0.200392 0.074137
-0.601740 0.057966 0.024413
-0.562389 0.147398 -0.005224
-0.552100 0.178094 0.026606
-0.618978 0.029803 0.047168
-0.585146 0.089847 0.018108
-0.543878 0.190507 0.012417
-0.528682 0.202899 0.011605
-0.578748 0.134989 0.063190
-0.614730 0.020953 -0.010077
-0.601420 0.068973 0.058279
-0.620750 0.050447 0.066575
-0.576307 0.141584 0.068498
-0.525159 0.223201 -0.005395
-0.571956 0.144129 0.047833
-0.607679 0.076334 0.064138
-0.536522 0.196487 -0.017041
-0.595797 0.065860 0.010630
-0.542286 0.166351 -0.017273
-0.588826 0.094595 -0.001759
-0.539422 0.218255 0.073468
-0.561724 0.133771 -0.022361
-0.524694 0.229679 0.012699
-0.612001 0.065977 0.059069
-0.561138 0.162367 0.035394
-0.573591 0.128123 0.006377
-0.520675 0.223150 0.024484
-0.626637 0.016577 0.054952
-0.555805 0.160711 -0.005558
-0.522730 0.231983 0.007146
-0.575456 0.118295 -0.013337
-0.591709 0.079376 0.027595
-0.557081 0.150226 0.028569
-0.604820 0.056651 0.040634
-0.546446 0.162175 -0.003215
-0.572455 0.146700 0.059558
-0.588872 0.080258 0.011577
-0.593358 0.080856 0.043421
-0.598601 0.072886 0.052292
-0.620363 0.027741 -0.010259
-0.594096 0.069502 0.011207
-0.629071 0.017675 0.014839
-0.517219 0.223297 -0.023538
-0.533852 0.198963 -0.023741
-0.523773 0.230046 0.067679
-0.533739 0.212114 0.015517
-0.605782 0.082128 0.070447
-0.589822 0.073780 -0.003283
-0.551900 0.150871 -0.003842
-0.582612 0.111675 0.012693
-0.560952 0.162046 0.033101
-0.541274 0.191316 -0.002295
-0.516101 0.224398 -0.023486
-0.625355 0.014054 0.038156
-0.617823 0.042418 0.020812
-0.515942 0.220859 -0.014549
-0.628082 0.020014 0.075815
-0.583337 0.083078 -0.016080
-0.534524 0.199455 0.039263
-0.581152 0.105010 0.041085
-0.554620 0.172793 0.026057
-0.579270 0.124077 0.030983
-0.611139 0.058843 0.029994
-0.592891 0.099657 0.076349
-0.567869 0.141762 0.072774
-0.604657 0.078640 0.051547
-0.565798 0.136496 0.041752
-0.557275 0.160170 0.002467
-0.615578 0.036843 0.047538
-0.606390 0.055177 -0.013636
-0.532195 0.189518 -0.008750
-0.626827 0.010155 0.035214
-0.569896 0.130460 0.049318
-0.529537 0.228327 0.040547
-0.624496 0.043233 0.067943
-0.559276 0.168709 0.043722
-0.533950 0.205310 0.054593
-0.551173 0.167797 0.046672
-0.529197 0.225080 0.027661
-0.604447 0.065847 0.068228
-0.569415 0.131789 0.050456
-0.592582 0.091386 0.012772
-0.590441 0.068295 -0.017089
-0.551047 0.173238 0.003709
-0.577036 0.134267 0.075738
